# Blender v2.80 (sub 75) OBJ File: 'KayKit Character Exporter.blend'
# www.blender.org
mtllib character_orcABody.mtl
o character_orcABody_Cube.4069
v 0.000000 0.677212 -0.175000
v 0.000000 0.502049 -0.292575
v 0.000000 0.158725 -0.342387
v 0.000000 0.072487 -0.303109
v 0.023446 0.725561 -0.087500
v 0.045293 0.677212 -0.169037
v 0.064054 0.589901 -0.239054
v 0.078450 0.479888 -0.292781
v 0.315427 0.399983 -0.000000
v 0.088616 0.158725 -0.330721
v 0.078450 0.072487 -0.292781
v 0.064054 -0.000000 -0.239054
v 0.045293 0.725561 -0.078450
v 0.087500 0.677212 -0.151554
v 0.123744 0.589901 -0.214330
v 0.151554 0.479888 -0.262500
v -0.315427 0.399983 -0.000000
v 0.171194 0.158725 -0.296516
v 0.151554 0.072487 -0.262500
v 0.123744 -0.000000 -0.214330
v 0.064054 0.725561 -0.064054
v 0.123744 0.677212 -0.123744
v 0.175000 0.589901 -0.175000
v 0.214330 0.479888 -0.214330
v 0.000000 0.399983 -0.326554
v 0.242104 0.158725 -0.242104
v 0.214330 0.072487 -0.214330
v 0.175000 -0.000000 -0.175000
v 0.078450 0.725561 -0.045293
v 0.151554 0.677212 -0.087500
v 0.214330 0.589901 -0.123744
v 0.262500 0.479888 -0.151554
v -0.084518 0.399983 -0.315427
v 0.296516 0.158725 -0.171194
v 0.262500 0.072487 -0.151554
v 0.214330 -0.000000 -0.123744
v 0.087500 0.725561 -0.023446
v 0.169037 0.677212 -0.045293
v 0.239054 0.589901 -0.064054
v 0.292781 0.479888 -0.078450
v -0.163277 0.399983 -0.282804
v 0.292781 0.072487 -0.078450
v 0.239054 -0.000000 -0.064054
v 0.303109 0.072487 -0.000000
v 0.247487 -0.000000 -0.000000
v 0.087500 0.725561 0.023445
v 0.169037 0.677212 0.045293
v 0.239054 0.589901 0.064054
v 0.292781 0.479888 0.078450
v -0.230909 0.399983 -0.230909
v 0.292781 0.072487 0.078450
v 0.239054 -0.000000 0.064054
v 0.078450 0.725561 0.045293
v 0.151554 0.677212 0.087500
v 0.214330 0.589901 0.123744
v 0.262500 0.479888 0.151554
v -0.282804 0.399983 -0.163277
v 0.296516 0.158725 0.171193
v 0.262500 0.072487 0.151554
v 0.214330 -0.000000 0.123744
v 0.064054 0.725561 0.064054
v 0.123744 0.677212 0.123744
v 0.173220 0.569654 0.175000
v 0.222191 0.476934 0.182303
v -0.315427 0.399983 -0.084519
v 0.242104 0.158725 0.242104
v 0.214330 0.072487 0.214330
v 0.175000 -0.000000 0.175000
v 0.045293 0.725561 0.078450
v 0.082130 0.677212 0.151554
v 0.094490 0.589901 0.214330
v 0.151554 0.479888 0.262500
v -0.315427 0.399983 0.084518
v 0.169249 0.150463 0.293148
v 0.151554 0.072487 0.262500
v 0.123744 -0.000000 0.214330
v 0.023446 0.725561 0.087500
v 0.045293 0.677212 0.169037
v 0.000000 0.501271 0.295528
v -0.282804 0.399983 0.163277
v 0.088616 0.125087 0.330720
v 0.078450 0.072487 0.292781
v 0.064054 -0.000000 0.239054
v 0.000000 0.725561 0.090586
v -0.000000 0.677212 0.175000
v -0.230909 0.399983 0.230909
v 0.000000 0.117907 0.342387
v 0.000000 0.072487 0.303109
v -0.000000 -0.000000 0.247487
v -0.023445 0.725561 0.087500
v -0.045293 0.677212 0.169037
v -0.172069 0.420360 0.282804
v -0.088616 0.125087 0.330720
v -0.078450 0.072487 0.292781
v -0.064054 -0.000000 0.239054
v -0.045293 0.725561 0.078450
v -0.082130 0.677212 0.151554
v -0.094490 0.589901 0.214330
v -0.151554 0.479888 0.262500
v -0.100280 0.399983 0.315427
v -0.169249 0.150463 0.293148
v -0.151554 0.072487 0.262500
v -0.123744 -0.000000 0.214330
v -0.064054 0.725561 0.064054
v -0.123744 0.677212 0.123744
v -0.173220 0.569654 0.175000
v -0.222191 0.476934 0.182303
v -0.000000 0.399983 0.331011
v -0.242104 0.158725 0.242104
v -0.214330 0.072487 0.214330
v -0.175000 -0.000000 0.175000
v -0.078450 0.725561 0.045293
v -0.151554 0.677212 0.087500
v -0.214330 0.589901 0.123744
v -0.262500 0.479888 0.151554
v 0.100280 0.399983 0.315427
v -0.296516 0.158725 0.171194
v -0.262500 0.072487 0.151554
v -0.214330 -0.000000 0.123744
v -0.169037 0.677212 0.045293
v -0.239054 0.589901 0.064054
v -0.292781 0.479888 0.078450
v 0.172069 0.420360 0.282804
v -0.292781 0.072487 0.078450
v -0.239054 -0.000000 0.064054
v -0.342387 0.158726 -0.000000
v -0.303109 0.072487 -0.000000
v -0.247487 -0.000000 -0.000000
v -0.169037 0.677212 -0.045293
v -0.239054 0.589901 -0.064054
v -0.292781 0.479888 -0.078450
v 0.230909 0.399983 0.230909
v -0.292781 0.072487 -0.078450
v -0.239054 -0.000000 -0.064054
v -0.078450 0.725561 -0.045293
v -0.151554 0.677212 -0.087500
v -0.214330 0.589901 -0.123744
v -0.262500 0.479888 -0.151554
v 0.282804 0.399983 0.163277
v -0.296516 0.158725 -0.171194
v -0.262500 0.072487 -0.151554
v -0.214330 -0.000000 -0.123744
v -0.064054 0.725561 -0.064054
v -0.123744 0.677212 -0.123744
v -0.175000 0.589901 -0.175000
v -0.214330 0.479888 -0.214330
v 0.315427 0.399983 0.084518
v -0.242104 0.158725 -0.242104
v -0.214330 0.072487 -0.214330
v -0.175000 -0.000000 -0.175000
v -0.045293 0.725561 -0.078450
v -0.087500 0.677212 -0.151554
v -0.123744 0.589901 -0.214330
v -0.151554 0.479888 -0.262500
v 0.315427 0.399983 -0.084518
v -0.171193 0.158725 -0.296516
v -0.151554 0.072487 -0.262500
v -0.123744 -0.000000 -0.214330
v -0.023445 0.725561 -0.087500
v -0.045293 0.677212 -0.169037
v -0.064054 0.589901 -0.239054
v -0.078450 0.479888 -0.292781
v 0.282804 0.399983 -0.163277
v -0.088616 0.158725 -0.330721
v -0.078450 0.072487 -0.292781
v -0.064054 -0.000000 -0.239054
v 0.000000 0.725561 -0.090586
v 0.000000 0.589901 -0.247487
v 0.230909 0.399983 -0.230909
v 0.000000 -0.000000 -0.247487
v -0.087500 0.725561 0.023445
v -0.087500 0.725561 -0.023446
v 0.328018 0.159936 -0.087892
v 0.328018 0.159936 0.087892
v -0.328018 0.159936 0.087892
v -0.328018 0.159936 -0.087892
v -0.091407 0.725561 -0.000000
v -0.169037 0.677212 -0.000000
v -0.239054 0.589901 -0.000000
v -0.292781 0.479888 -0.000000
v 0.163277 0.399983 -0.282804
v 0.091408 0.725561 -0.000000
v 0.169037 0.677212 -0.000000
v 0.239054 0.589901 -0.000000
v 0.292781 0.479888 -0.000000
v 0.084518 0.399983 -0.315427
v 0.342387 0.158726 -0.000000
v 0.086603 0.133958 0.323208
v 0.000000 0.133958 0.334609
v -0.086603 0.133958 0.323208
v 0.094513 0.290409 -0.352728
v 0.095070 0.169570 -0.354807
v 0.000000 0.169570 -0.367323
v 0.182584 0.290409 -0.316248
v 0.183660 0.169570 -0.318111
v 0.258213 0.290409 -0.258215
v 0.259735 0.169570 -0.259737
v 0.307058 0.290409 -0.182587
v 0.308867 0.169570 -0.183663
v 0.339334 0.290409 -0.094515
v 0.307058 0.290409 0.182582
v 0.308867 0.169570 0.183658
v 0.339334 0.290409 0.094510
v 0.258213 0.290409 0.258211
v 0.259735 0.169570 0.259732
v 0.182584 0.297969 0.316243
v 0.183660 0.161978 0.318107
v 0.094513 0.328691 0.352723
v 0.095070 0.130178 0.354802
v -0.000000 0.337680 0.367890
v 0.000000 0.120905 0.367318
v -0.094513 0.328691 0.352723
v -0.095070 0.130178 0.354802
v -0.182584 0.297969 0.316243
v -0.183660 0.161978 0.318107
v -0.258213 0.290409 0.258211
v -0.259735 0.169570 0.259732
v -0.307058 0.290409 0.182582
v -0.308867 0.169570 0.183658
v -0.339334 0.290409 0.094510
v -0.307058 0.290409 -0.182587
v -0.308867 0.169570 -0.183663
v -0.339334 0.290409 -0.094515
v -0.258213 0.290409 -0.258215
v -0.259735 0.169570 -0.259737
v -0.182584 0.290409 -0.316247
v -0.183660 0.169570 -0.318111
v -0.094513 0.290409 -0.352728
v -0.095070 0.169570 -0.354807
v 0.000000 0.290409 -0.365171
v -0.338559 0.169570 -0.000002
v -0.338545 0.171223 -0.094295
v -0.338545 0.171223 0.094290
v 0.338545 0.171223 0.094290
v 0.338545 0.171223 -0.094295
v -0.339334 0.290409 -0.000002
v 0.339334 0.290409 -0.000002
v 0.338559 0.169570 -0.000002
v 0.086365 0.307584 -0.322314
v 0.166845 0.307584 -0.288979
v 0.235954 0.307584 -0.235949
v 0.288983 0.307584 -0.166840
v 0.322319 0.307584 -0.086360
v 0.322319 0.307584 0.086370
v 0.288983 0.307584 0.166849
v 0.235954 0.307584 0.235958
v 0.166845 0.315937 0.288988
v 0.086365 0.349325 0.322324
v -0.000000 0.357406 0.336390
v -0.086365 0.349325 0.322324
v -0.166845 0.315937 0.288988
v -0.235954 0.307584 0.235958
v -0.288983 0.307584 0.166849
v -0.322319 0.307584 0.086370
v -0.322319 0.307584 -0.086360
v -0.288983 0.307584 -0.166840
v -0.235954 0.307584 -0.235949
v -0.166845 0.307584 -0.288979
v -0.086365 0.307584 -0.322314
v 0.000000 0.307584 -0.333685
v -0.322319 0.307584 0.000005
v 0.322319 0.307584 0.000005
v -0.091104 0.179138 -0.333265
v -0.175999 0.179138 -0.298797
v -0.248900 0.179138 -0.243966
v -0.304839 0.179138 -0.172510
v -0.340003 0.179138 -0.089297
v -0.340003 0.179138 0.089300
v -0.304838 0.179138 0.172513
v -0.248899 0.179138 0.243969
v -0.175999 0.169540 0.298800
v -0.091104 0.131172 0.333268
v 0.000000 0.121887 0.347598
v 0.091104 0.131172 0.333268
v 0.175999 0.169540 0.298800
v 0.248900 0.179138 0.243969
v 0.304838 0.179138 0.172513
v 0.340003 0.179138 0.089300
v 0.340003 0.179138 -0.089297
v 0.304838 0.179138 -0.172510
v 0.248900 0.179138 -0.243966
v 0.175999 0.179138 -0.298797
v 0.091104 0.179138 -0.333265
v 0.000000 0.179138 -0.345021
v 0.340003 0.179138 0.000002
v -0.340003 0.179138 0.000002
v -0.086694 0.181508 -0.317128
v -0.167479 0.181508 -0.284328
v -0.236851 0.181508 -0.232152
v -0.290082 0.181508 -0.164154
v -0.323545 0.181507 -0.084969
v -0.323545 0.181507 0.084982
v -0.290082 0.181507 0.164167
v -0.236851 0.181507 0.232165
v -0.167479 0.173289 0.284341
v -0.086694 0.140438 0.317140
v 0.000000 0.132487 0.330981
v 0.086694 0.140438 0.317140
v 0.167479 0.173289 0.284341
v 0.236851 0.181507 0.232165
v 0.290082 0.181507 0.164167
v 0.323545 0.181507 0.084982
v 0.323545 0.181507 -0.084969
v 0.290082 0.181507 -0.164154
v 0.236851 0.181507 -0.232152
v 0.167479 0.181508 -0.284328
v 0.086694 0.181508 -0.317128
v 0.000000 0.181508 -0.328315
v 0.323545 0.181507 0.000006
v -0.323545 0.181507 0.000006
v -0.087265 0.102759 -0.319221
v -0.096084 0.127393 -0.351494
v -0.163565 0.134904 -0.277674
v -0.180096 0.158806 -0.305749
v -0.238412 0.077061 -0.233685
v -0.262507 0.101695 -0.257314
v -0.283303 0.134904 -0.160309
v -0.311936 0.158806 -0.176522
v -0.325676 0.102759 -0.085533
v -0.358592 0.127393 -0.094188
v -0.325676 0.102759 0.085538
v -0.358592 0.127393 0.094173
v -0.283303 0.134904 0.160340
v -0.311936 0.158805 0.176534
v -0.238412 0.102759 0.233690
v -0.262507 0.127393 0.257298
v -0.163565 0.126878 0.277705
v -0.180096 0.148984 0.305761
v -0.087265 0.061419 0.319226
v -0.096084 0.076805 0.351479
v 0.000000 0.014854 0.323255
v 0.000000 0.028046 0.355695
v 0.087265 0.061419 0.319226
v 0.096084 0.076805 0.351479
v 0.163565 0.126878 0.277705
v 0.180096 0.148984 0.305761
v 0.238412 0.102759 0.233690
v 0.262507 0.127393 0.257298
v 0.283303 0.134904 0.160340
v 0.311936 0.158805 0.176534
v 0.325676 0.102759 0.085538
v 0.358592 0.127393 0.094173
v 0.325676 0.102759 -0.085533
v 0.358592 0.127393 -0.094188
v 0.283303 0.134904 -0.160309
v 0.311936 0.158805 -0.176522
v 0.238412 0.077061 -0.233685
v 0.262507 0.101695 -0.257314
v 0.163565 0.134904 -0.277674
v 0.180096 0.158806 -0.305749
v 0.087265 0.102759 -0.319221
v 0.096084 0.127393 -0.351494
v 0.000000 0.095996 -0.353050
v 0.000000 0.072094 -0.320633
v 0.347919 0.077872 0.000006
v 0.315984 0.053971 0.000016
v -0.347919 0.077872 0.000006
v -0.315984 0.053971 0.000016
v 0.258720 0.269263 -0.258723
v 0.259228 0.190600 -0.259230
v -0.000000 0.299128 0.367700
v -0.000000 0.158013 0.367509
v -0.308264 0.190600 0.183299
v -0.307661 0.269263 0.182941
v -0.183302 0.190600 -0.317490
v -0.182943 0.269263 -0.316869
v -0.094884 0.190600 -0.354114
v -0.094698 0.269263 -0.353421
v 0.000000 0.190600 -0.366606
v 0.000000 0.269263 -0.365888
v -0.338808 0.192752 0.094364
v -0.339071 0.270339 0.094437
v 0.339071 0.270339 -0.094442
v 0.338808 0.192752 -0.094368
v 0.308264 0.190600 -0.183304
v 0.307661 0.269263 -0.182945
v -0.094884 0.164234 0.354109
v -0.094698 0.293460 0.353416
v -0.183302 0.185637 0.317485
v -0.182943 0.274164 0.316864
v -0.259228 0.190600 0.259225
v -0.258720 0.269263 0.258718
v 0.339075 0.269263 -0.000002
v 0.338817 0.190600 -0.000002
v -0.259228 0.190600 -0.259230
v -0.258720 0.269263 -0.258723
v 0.094884 0.164234 0.354109
v 0.094698 0.293460 0.353416
v 0.183302 0.190600 -0.317490
v 0.182943 0.269263 -0.316869
v 0.339071 0.270339 0.094437
v 0.338808 0.192752 0.094364
v -0.308264 0.190600 -0.183304
v -0.307661 0.269263 -0.182945
v 0.183302 0.185637 0.317485
v 0.182943 0.274164 0.316864
v 0.094884 0.190600 -0.354114
v 0.094698 0.269263 -0.353421
v -0.339075 0.269263 -0.000002
v -0.338817 0.190600 -0.000002
v -0.338808 0.192752 -0.094368
v -0.339071 0.270339 -0.094442
v 0.259228 0.190600 0.259225
v 0.258720 0.269263 0.258718
v 0.308264 0.190600 0.183299
v 0.307661 0.269263 0.182940
v 0.250013 0.197823 -0.250014
v 0.249524 0.256358 -0.249524
v -0.000000 0.175961 0.354447
v -0.000000 0.276395 0.354631
v -0.296725 0.256358 0.176440
v -0.297307 0.197823 0.176786
v -0.176440 0.256358 -0.305603
v -0.176786 0.197823 -0.306203
v -0.091332 0.256358 -0.340856
v -0.091511 0.197823 -0.341525
v 0.000000 0.256358 -0.352880
v 0.000000 0.197823 -0.353572
v -0.327018 0.257080 0.091082
v -0.326764 0.199267 0.091011
v 0.326764 0.199267 -0.091012
v 0.327018 0.257080 -0.091083
v 0.296725 0.256358 -0.176440
v 0.297307 0.197823 -0.176786
v -0.091332 0.272592 0.340856
v -0.091511 0.180134 0.341524
v -0.176440 0.259646 0.305603
v -0.176786 0.194493 0.306202
v -0.249524 0.256358 0.249524
v -0.250013 0.197823 0.250013
v 0.297307 0.197823 0.176786
v 0.296725 0.256358 0.176440
v 0.250013 0.197823 0.250013
v 0.249524 0.256358 0.249524
v -0.326764 0.199267 -0.091012
v -0.327018 0.257080 -0.091083
v -0.327023 0.256358 -0.000000
v -0.326773 0.197823 -0.000000
v 0.091511 0.197823 -0.341525
v 0.091332 0.256358 -0.340856
v 0.176786 0.194493 0.306202
v 0.176440 0.259646 0.305603
v -0.297307 0.197823 -0.176786
v -0.296725 0.256358 -0.176440
v 0.327018 0.257080 0.091082
v 0.326764 0.199267 0.091011
v 0.176786 0.197823 -0.306203
v 0.176440 0.256358 -0.305603
v 0.091511 0.180134 0.341524
v 0.091332 0.272592 0.340856
v -0.250013 0.197823 -0.250013
v -0.249524 0.256358 -0.249524
v 0.327023 0.256358 -0.000000
v 0.326773 0.197823 -0.000000
v 0.083538 0.232172 0.397997
v 0.075376 0.248607 0.401222
v 0.031106 0.235968 0.416796
v 0.025073 0.217386 0.419412
v 0.043740 0.249841 0.412805
v 0.026481 0.199260 0.417959
v 0.034055 0.190270 0.415291
v 0.048211 0.184378 0.411352
v 0.070414 0.186564 0.404125
v 0.081183 0.196475 0.400946
v 0.063481 0.255308 0.405904
v 0.085777 0.210268 0.397701
v -0.063470 0.255309 0.405894
v -0.075364 0.248608 0.401211
v -0.083527 0.232174 0.397986
v -0.085766 0.210269 0.397692
v -0.081172 0.196475 0.400938
v -0.070400 0.186565 0.404114
v -0.048203 0.184377 0.411346
v -0.034057 0.190269 0.415288
v -0.043729 0.249837 0.412800
v -0.026487 0.199259 0.417957
v -0.025077 0.217382 0.419410
v -0.031103 0.235963 0.416795
v -0.000008 0.373082 0.330050
v 0.064287 0.360344 0.330050
v 0.100706 0.327371 0.330050
v 0.122046 0.275302 0.330050
v 0.126351 0.232235 0.330050
v 0.122046 0.191785 0.330050
v 0.109423 0.151369 0.330050
v 0.068989 0.352787 0.377060
v 0.108071 0.315482 0.384307
v 0.128476 0.268175 0.375122
v 0.130077 0.226599 0.370663
v 0.125644 0.189752 0.369457
v 0.112649 0.151218 0.368191
v 0.055204 0.344626 0.398837
v 0.086477 0.302999 0.421417
v 0.104802 0.260149 0.418465
v 0.100426 0.188833 0.413327
v 0.093962 0.152710 0.408268
v 0.076718 0.140585 0.394883
v 0.042357 0.341212 0.406817
v 0.066354 0.297564 0.430906
v 0.066760 0.142610 0.436553
v 0.056200 0.140585 0.407616
v 0.035986 0.155653 0.442880
v 0.014488 0.339725 0.416030
v 0.014221 0.291189 0.444294
v 0.015025 0.244319 0.447063
v -0.000019 0.209459 0.443263
v 0.013205 0.186283 0.439357
v 0.018917 0.157431 0.446622
v -0.014504 0.339724 0.416030
v -0.014237 0.291189 0.444294
v -0.015053 0.244319 0.447062
v -0.013243 0.186283 0.439357
v -0.031103 0.148272 0.416770
v -0.042373 0.341213 0.406816
v -0.066370 0.297564 0.430903
v -0.066669 0.142604 0.436548
v -0.056175 0.140585 0.407643
v -0.055220 0.344626 0.398835
v -0.086493 0.302999 0.421414
v -0.104818 0.260149 0.418462
v -0.100436 0.188856 0.413328
v -0.093978 0.152686 0.408282
v -0.076734 0.140585 0.394897
v -0.069005 0.352787 0.377058
v -0.108087 0.315483 0.384304
v -0.128492 0.268176 0.375118
v -0.130093 0.226599 0.370660
v -0.125660 0.189752 0.369454
v -0.112665 0.151218 0.368185
v -0.064303 0.360344 0.330050
v -0.100722 0.327372 0.330050
v -0.122062 0.275303 0.330050
v -0.126367 0.232235 0.330050
v -0.122062 0.191786 0.330050
v -0.109438 0.151369 0.330050
v 0.031032 0.148213 0.418314
v 0.016417 0.151491 0.423286
v -0.019237 0.157433 0.446651
v -0.015994 0.151440 0.421983
v -0.035957 0.155662 0.442868
v -0.016895 0.134549 0.421417
v 0.017365 0.134972 0.422689
v 0.032559 0.132247 0.417145
v -0.039307 0.121988 0.444824
v -0.020897 0.126726 0.448489
v 0.039301 0.122078 0.444814
v -0.032608 0.131826 0.415636
v 0.020559 0.126722 0.448468
v 0.072543 0.118519 0.432770
v 0.053622 0.126395 0.407033
v -0.072507 0.118437 0.432775
v -0.053613 0.126438 0.407034
v -0.095210 0.260147 0.422599
v -0.076509 0.269640 0.432730
v -0.051094 0.263943 0.441377
v -0.035808 0.247217 0.443361
v -0.105194 0.239549 0.415049
v -0.107836 0.214792 0.413435
v -0.070821 0.169541 0.425488
v -0.051611 0.171735 0.434311
v -0.036429 0.177557 0.434384
v 0.036411 0.177568 0.434385
v 0.035810 0.247223 0.443360
v 0.051711 0.171720 0.434305
v 0.051100 0.263948 0.441372
v 0.024506 0.197816 0.438616
v 0.030617 0.186536 0.436547
v 0.023957 0.214648 0.442716
v -0.023967 0.214644 0.442716
v -0.024519 0.197815 0.438618
v -0.030627 0.186536 0.436548
v 0.076502 0.269639 0.432727
v 0.070893 0.169535 0.425487
v 0.095212 0.260148 0.422592
v 0.105183 0.239573 0.415046
v 0.107834 0.214794 0.413422
v 0.042508 0.099608 0.413216
v 0.052328 0.103008 0.406053
v 0.047487 0.090085 0.434743
v 0.067118 0.093169 0.428460
v -0.012559 0.095118 0.421301
v -0.015581 0.085501 0.443339
v 0.015395 0.085515 0.443330
v 0.013058 0.094814 0.422270
v -0.042385 0.099921 0.411982
v -0.047486 0.089943 0.434609
v -0.067103 0.093035 0.428322
v -0.052316 0.102870 0.405926
v -0.000034 0.203040 0.432139
v 0.009638 0.179667 0.430092
v 0.011728 0.163876 0.434867
v -0.009707 0.179667 0.430093
v -0.012003 0.163877 0.434884
v 0.000010 0.140585 0.351508
v 0.058423 0.215726 0.408459
v -0.058416 0.215725 0.408453
v 0.093095 0.746472 0.001069
v 0.196529 0.734904 0.001069
v 0.086938 0.734557 0.080681
v 0.172571 0.673614 0.143886
v 0.223392 0.608688 0.107475
v 0.198246 0.708454 0.104903
v 0.224993 0.662934 0.136863
v 0.317082 0.605909 0.127657
v 0.366441 0.650971 0.030672
v 0.341151 0.642554 0.090817
v 0.290111 0.578426 0.103101
v 0.356635 0.604146 0.029777
v 0.325396 0.592536 0.071563
v 0.398428 0.589020 0.063162
v 0.355043 0.590823 0.101859
v 0.427780 0.589020 0.013547
v 0.383353 0.561331 0.047466
v 0.332314 0.567184 0.092946
v 0.410169 0.561331 0.014005
v 0.253227 0.595255 0.104767
v 0.272456 0.636475 0.128980
v 0.253868 0.674049 0.100290
v 0.249164 0.705887 0.001069
v -0.093095 0.746472 0.001069
v -0.196529 0.734904 0.001069
v -0.086938 0.734557 0.080681
v -0.172571 0.673614 0.143886
v -0.223392 0.608688 0.107475
v -0.198246 0.708454 0.104903
v -0.224993 0.662934 0.136863
v -0.317082 0.605909 0.127657
v -0.366441 0.650971 0.030672
v -0.341151 0.642554 0.090817
v -0.290111 0.578426 0.103101
v -0.356635 0.604146 0.029777
v -0.325396 0.592536 0.071563
v -0.398428 0.589020 0.063162
v -0.355043 0.590823 0.101859
v -0.427780 0.589020 0.013547
v -0.383353 0.561331 0.047466
v -0.332314 0.567184 0.092946
v -0.410169 0.561331 0.014005
v -0.253227 0.595255 0.104767
v -0.272456 0.636475 0.128980
v -0.253868 0.674049 0.100290
v -0.249164 0.705887 0.001069
v 0.040452 0.713960 0.086532
v -0.040452 0.713960 0.086532
v 0.087500 0.677212 0.142233
v -0.087500 0.677212 0.142233
v 0.336340 0.706009 0.114822
v 0.371011 0.673358 0.100411
v 0.346557 0.635840 0.148314
v 0.396389 0.691975 0.038316
v 0.308949 0.664948 0.145162
v 0.361690 0.728720 0.044916
v -0.336340 0.706009 0.114822
v -0.371011 0.673358 0.100411
v -0.346557 0.635840 0.148314
v -0.396389 0.691975 0.038316
v -0.308949 0.664948 0.145162
v -0.361690 0.728720 0.044916
v -0.086938 0.734557 -0.078543
v -0.172571 0.673614 -0.141749
v -0.223392 0.608688 -0.105337
v -0.198246 0.708454 -0.102765
v -0.224993 0.662934 -0.134725
v -0.317082 0.605909 -0.125519
v -0.366441 0.650971 -0.028535
v -0.341151 0.642554 -0.088680
v -0.290111 0.578426 -0.100964
v -0.356635 0.604146 -0.027639
v -0.325396 0.592536 -0.069426
v -0.398428 0.589020 -0.061024
v -0.355043 0.590823 -0.099722
v -0.427780 0.589020 -0.011410
v -0.383353 0.561331 -0.045329
v -0.332314 0.567184 -0.090809
v -0.410169 0.561331 -0.011868
v -0.253227 0.595255 -0.102630
v -0.272456 0.636475 -0.126843
v -0.253868 0.674049 -0.098153
v 0.086938 0.734557 -0.078543
v 0.172571 0.673614 -0.141749
v 0.223392 0.608688 -0.105337
v 0.198246 0.708454 -0.102765
v 0.224993 0.662934 -0.134725
v 0.317082 0.605909 -0.125519
v 0.366441 0.650971 -0.028535
v 0.341151 0.642554 -0.088680
v 0.290111 0.578426 -0.100964
v 0.356635 0.604146 -0.027639
v 0.325396 0.592536 -0.069426
v 0.398428 0.589020 -0.061024
v 0.355043 0.590823 -0.099722
v 0.427780 0.589020 -0.011410
v 0.383353 0.561331 -0.045329
v 0.332314 0.567184 -0.090809
v 0.410169 0.561331 -0.011868
v 0.253227 0.595255 -0.102629
v 0.272456 0.636475 -0.126843
v 0.253868 0.674049 -0.098153
v -0.040452 0.713960 -0.084395
v 0.040452 0.713960 -0.084395
v -0.087500 0.677212 -0.140096
v 0.087500 0.677212 -0.140096
v -0.336340 0.706009 -0.112684
v -0.371011 0.673358 -0.098273
v -0.346557 0.635840 -0.146177
v -0.396389 0.691975 -0.036179
v -0.308949 0.664948 -0.143025
v -0.361690 0.728720 -0.042778
v 0.336340 0.706009 -0.112684
v 0.371011 0.673358 -0.098273
v 0.346557 0.635840 -0.146176
v 0.396389 0.691975 -0.036179
v 0.308949 0.664948 -0.143025
v 0.361690 0.728720 -0.042778
v 0.084082 0.709152 0.159654
v 0.094263 0.621842 0.254127
v -0.084082 0.709152 0.159654
v -0.094263 0.621842 0.254127
v 0.100815 0.709152 0.159654
v 0.116847 0.617921 0.254127
v -0.100815 0.709152 0.159654
v -0.116847 0.617921 0.254127
vt 0.333333 0.416667
vt 0.291667 0.416667
vt 0.291667 0.412750
vt 0.333333 0.833333
vt 0.333333 0.916667
vt 0.291667 0.916667
vt 0.291667 0.833334
vt 0.333333 0.750000
vt 0.291667 0.750000
vt 0.250000 0.833334
vt 0.250000 0.416667
vt 0.250000 0.412750
vt 0.250000 0.916667
vt 0.208333 0.916667
vt 0.208333 0.833334
vt 0.208333 0.750000
vt 0.208333 0.416667
vt 0.208333 0.412750
vt 0.166667 0.412750
vt 0.166667 0.916667
vt 0.166667 0.833333
vt 0.166667 0.750000
vt 0.000000 0.000000
vt 0.000000 0.000000
vt 0.000000 0.000000
vt 0.000000 0.000000
vt 0.000000 0.000000
vt 0.000000 0.000000
vt 0.000000 0.000000
vt 0.000000 0.000000
vt 0.000000 0.000000
vt 0.000000 0.000000
vt 0.000000 0.000000
vt 0.000000 0.000000
vt 0.000000 0.000000
vt 0.000000 0.000000
vt 0.000000 0.000000
vt 0.000000 0.000000
vt 0.000000 0.000000
vt 0.000000 0.000000
vt 0.000000 0.000000
vt 0.000000 0.000000
vt 0.000000 0.000000
vt 0.000000 0.000000
vt 0.000000 0.000000
vt 0.000000 0.000000
vt 0.916667 0.333333
vt 0.541667 0.333333
vt 0.916667 0.250000
vt 0.541667 0.833333
vt 0.916667 0.833333
vt 0.562500 1.000000
vt 0.937500 1.000000
vt 1.000000 0.833333
vt 0.541667 0.750000
vt 0.916667 0.750000
vt 0.541667 0.583333
vt 0.458333 0.583333
vt 0.458333 0.500000
vt 0.541667 0.500000
vt 0.458333 0.333333
vt 0.541667 0.250000
vt 0.458333 0.750000
vt 0.541667 0.416667
vt 0.458333 0.416667
vt 0.083333 0.250000
vt 0.083333 0.333333
vt 0.000000 0.333333
vt 1.000000 0.750000
vt 0.020833 1.000000
vt 0.000000 0.833333
vt 0.083333 0.833333
vt 0.375000 0.583333
vt 0.377434 0.534730
vt 0.378315 0.500000
vt 0.375000 0.250000
vt 0.375000 0.333333
vt 0.000000 0.750000
vt 0.083333 0.750000
vt 0.381367 0.466644
vt 0.375000 0.416667
vt 0.375000 0.750000
vt 0.333333 0.750000
vt 0.338293 0.612087
vt 0.363301 0.583333
vt 0.375000 0.833333
vt 0.354167 1.000000
vt 0.333333 0.833333
vt 0.145833 1.000000
vt 0.125000 0.833333
vt 0.208333 0.833334
vt 0.125000 0.250000
vt 0.125000 0.250000
vt 0.125000 0.333333
vt 0.125000 0.333333
vt 0.372029 0.409555
vt 0.333333 0.373906
vt 0.333333 0.333333
vt 0.326524 0.653954
vt 0.173476 0.656881
vt 0.125000 0.750000
vt 0.208333 0.750000
vt 0.250000 0.750000
vt 0.208333 0.583333
vt 0.250000 0.583333
vt 0.250000 0.833334
vt 0.229167 1.000000
vt 0.291667 0.333333
vt 0.286230 0.394252
vt 0.280365 0.416667
vt 0.250000 0.416667
vt 0.250000 0.333333
vt 0.283927 0.583333
vt 0.299633 0.606287
vt 0.333333 0.611474
vt 0.125000 0.611480
vt 0.158730 0.606289
vt 0.174436 0.583333
vt 0.250000 0.500000
vt 0.208333 0.500000
vt 0.208333 0.416667
vt 0.208333 0.416667
vt 0.208333 0.500000
vt 0.208333 0.333333
vt 0.250000 0.333333
vt 0.208333 0.333333
vt 0.189437 0.500000
vt 0.187703 0.448929
vt 0.177998 0.416667
vt 0.166667 0.389178
vt 0.166667 0.333333
vt 0.180626 0.574836
vt 0.270833 1.000000
vt 0.095986 0.587306
vt 0.083333 0.583333
vt 0.104166 1.000000
vt 0.135296 0.663936
vt 0.080052 0.500000
vt 0.083333 0.542356
vt 0.000000 0.583333
vt 0.000000 0.500000
vt 0.083333 0.416667
vt 0.000000 0.416667
vt 1.000000 0.250000
vt 1.000000 0.333333
vt 0.395834 1.000000
vt 0.458333 0.833333
vt 0.083333 0.431132
vt 1.000000 0.583333
vt 0.916667 0.583333
vt 0.916667 0.500000
vt 1.000000 0.500000
vt 0.479167 1.000000
vt 0.916667 0.416667
vt 1.000000 0.416667
vt 0.250000 0.250000
vt 0.250000 0.250000
vt 0.208333 0.250000
vt 0.208333 0.250000
vt 0.166667 0.250000
vt 0.208333 0.250000
vt 0.166667 0.250000
vt 0.208333 0.333333
vt 0.250000 0.333333
vt 0.291667 0.333333
vt 0.250000 0.250000
vt 0.291667 0.250000
vt 0.291667 0.250000
vt 0.166667 0.333333
vt 0.333333 0.250000
vt 0.333333 0.250000
vt 0.333333 0.333333
vt 0.166667 0.250000
vt 0.125000 0.250000
vt 0.000000 0.000000
vt 0.000000 0.000000
vt 0.000000 0.000000
vt 0.000000 0.000000
vt 0.000000 0.000000
vt 0.000000 0.000000
vt 0.000000 0.000000
vt 0.000000 0.000000
vt 0.125000 0.333333
vt 0.291667 0.333333
vt 0.333333 0.333333
vt 0.000000 0.000000
vt 0.000000 0.000000
vt 0.000000 0.000000
vt 0.000000 0.000000
vt 0.333333 0.250000
vt 0.000000 0.000000
vt 0.000000 0.000000
vt 0.000000 0.000000
vt 0.000000 0.000000
vt 0.208333 0.333333
vt 0.250000 0.333333
vt 0.166667 0.333333
vt 0.625000 0.671100
vt 0.625000 0.625000
vt 0.576524 0.625000
vt 0.583644 0.669167
vt 0.375000 0.092297
vt 0.375000 0.125000
vt 0.423476 0.125000
vt 0.423476 0.088730
vt 0.576524 0.667583
vt 0.423476 0.625000
vt 0.497883 0.668710
vt 0.375000 0.086432
vt 0.375000 0.125000
vt 0.423476 0.125000
vt 0.423476 0.081043
vt 0.393892 0.081238
vt 0.095062 0.583333
vt 0.173476 0.653995
vt 0.173476 0.625000
vt 0.125000 0.625000
vt 0.125000 0.657703
vt 0.576524 0.674428
vt 0.576525 0.625000
vt 0.423476 0.625000
vt 0.423476 0.668971
vt 0.375000 0.657662
vt 0.375000 0.625000
vt 0.326524 0.625000
vt 0.576524 0.125000
vt 0.576524 0.082362
vt 0.326524 0.656909
vt 0.326524 0.625000
vt 0.242068 0.659432
vt 0.826524 0.675394
vt 0.826524 0.625000
vt 0.673476 0.625000
vt 0.692164 0.675703
vt 0.673476 0.675420
vt 0.673476 0.625000
vt 0.625000 0.625000
vt 0.638599 0.678505
vt 0.875000 0.671139
vt 0.875000 0.625000
vt 0.826525 0.625000
vt 0.826524 0.673800
vt 0.625000 0.676411
vt 0.270660 0.448928
vt 0.268925 0.500000
vt 0.267738 0.517561
vt 0.423476 0.661214
vt 0.392785 0.661082
vt 0.673476 0.673760
vt 0.375000 0.625000
vt 0.375000 0.663583
vt 0.393891 0.668777
vt 0.375000 0.542460
vt 0.173476 0.625000
vt 0.576524 0.075586
vt 0.576524 0.125000
vt 0.625000 0.125000
vt 0.625000 0.073603
vt 0.536996 0.074063
vt 0.125000 0.625000
vt 0.875000 0.676397
vt 0.875000 0.625000
vt 0.625000 0.125000
vt 0.621527 0.078190
vt 0.291667 0.250000
vt 0.250000 0.500000
vt 0.250000 0.416667
vt 0.291667 0.250000
vt 0.125000 0.250000
vt 0.208333 0.250000
vt 0.166667 0.250000
vt 0.250000 0.250000
vt 0.333333 0.250000
vt 0.375000 0.250000
vt 0.106794 0.376728
vt 0.291667 0.500000
vt 0.250000 0.508887
vt 0.250000 0.500000
vt 0.250000 0.500000
vt 0.375000 0.333333
vt 0.375000 0.416667
vt 0.333333 0.412750
vt 0.333333 0.333333
vt 0.750000 0.250000
vt 0.750000 0.333333
vt 0.708333 0.333333
vt 0.708333 0.250000
vt 0.750000 0.416667
vt 0.708333 0.416667
vt 0.666667 0.333333
vt 0.666667 0.250000
vt 0.541667 0.377952
vt 0.583333 0.416667
vt 0.583333 0.416667
vt 0.541667 0.377952
vt 0.125000 0.416667
vt 0.166667 0.416667
vt 0.166667 0.416667
vt 0.125000 0.416667
vt 0.666667 0.416667
vt 0.625000 0.333333
vt 0.625000 0.250000
vt 0.583333 0.333333
vt 0.583333 0.250000
vt 0.583333 0.500000
vt 0.541667 0.508887
vt 0.541667 0.500000
vt 0.541667 0.500000
vt 0.625000 0.416667
vt 0.083333 0.416667
vt 0.083333 0.416667
vt 0.541667 0.333333
vt 0.541667 0.250000
vt 0.500000 0.416667
vt 0.500000 0.333333
vt 0.500000 0.250000
vt 0.458333 0.333333
vt 0.458333 0.250000
vt 0.458333 0.377952
vt 0.416667 0.416667
vt 0.416667 0.333333
vt 0.916667 0.500000
vt 0.875000 0.508887
vt 0.875000 0.500000
vt 0.875000 0.500000
vt 0.416667 0.250000
vt 0.083333 0.333333
vt 0.041667 0.377952
vt 0.041667 0.333333
vt 0.958333 0.500000
vt 0.916667 0.508887
vt 0.916667 0.500000
vt 0.375000 0.250000
vt 0.333333 0.250000
vt 0.537223 0.546110
vt 0.541667 0.541667
vt 0.541667 0.541667
vt 0.541667 0.583333
vt 0.291667 0.333333
vt 0.291667 0.250000
vt 0.375000 0.416667
vt 0.333333 0.416667
vt 0.291667 0.416667
vt 0.250000 0.333333
vt 0.250000 0.250000
vt 0.208333 0.333333
vt 0.208333 0.250000
vt 0.791667 0.500000
vt 0.750000 0.508887
vt 0.750000 0.500000
vt 0.750000 0.500000
vt 0.500000 0.416667
vt 0.166667 0.333333
vt 0.166667 0.250000
vt 0.208333 0.508887
vt 0.208333 0.500000
vt 0.208333 0.500000
vt 0.125000 0.333333
vt 0.125000 0.250000
vt 0.083333 0.250000
vt 0.791667 0.508887
vt 0.791667 0.500000
vt 0.833333 0.500000
vt 0.958333 0.377952
vt 1.000000 0.416667
vt 1.000000 0.416667
vt 0.958333 0.377952
vt 0.041667 0.250000
vt 0.000000 0.333333
vt 0.000000 0.250000
vt 0.000000 0.416667
vt 0.958333 0.333333
vt 0.916667 0.416667
vt 0.916667 0.333333
vt 1.000000 0.250000
vt 1.000000 0.333333
vt 0.958333 0.250000
vt 0.916667 0.250000
vt 0.875000 0.333333
vt 0.875000 0.250000
vt 0.791667 0.416667
vt 0.833333 0.416667
vt 0.833333 0.416667
vt 0.791667 0.416667
vt 0.875000 0.416667
vt 0.833333 0.333333
vt 0.833333 0.250000
vt 0.537223 0.504443
vt 0.541667 0.500000
vt 0.541667 0.500000
vt 0.333333 0.500000
vt 0.291667 0.508887
vt 0.291667 0.500000
vt 0.791667 0.333333
vt 0.791667 0.250000
vt 0.250000 0.416667
vt 0.208333 0.416667
vt 0.666667 0.500000
vt 0.625000 0.508887
vt 0.625000 0.500000
vt 0.625000 0.500000
vt 0.125000 0.500000
vt 0.083333 0.508887
vt 0.083333 0.500000
vt 0.083333 0.500000
vt 0.750000 0.416667
vt 0.916667 0.416667
vt 0.583333 0.508887
vt 0.583333 0.500000
vt 0.750000 0.472222
vt 0.708333 0.500000
vt 0.708333 0.472222
vt 0.083333 0.472222
vt 0.041667 0.500000
vt 0.041667 0.484602
vt 0.652778 0.476904
vt 0.958333 0.476904
vt 0.958333 0.453807
vt 0.652778 0.453807
vt 0.652778 0.500000
vt 0.958333 0.500000
vt 0.875000 0.444444
vt 0.833333 0.444444
vt 0.875000 0.416667
vt 0.833333 0.472222
vt 0.791667 0.472222
vt 0.416667 0.444444
vt 0.375000 0.444444
vt 0.416667 0.416667
vt 0.333333 0.444444
vt 0.458333 0.484602
vt 0.458333 0.500000
vt 0.416667 0.500000
vt 0.416667 0.472222
vt 0.958333 0.469205
vt 0.916667 0.444444
vt 0.958333 0.453807
vt 0.625000 0.444444
vt 0.625000 0.416667
vt 0.666667 0.416667
vt 0.666667 0.444445
vt 0.583333 0.444445
vt 0.583333 0.472222
vt 0.541667 0.484602
vt 0.208333 0.472222
vt 0.166667 0.500000
vt 0.166667 0.472222
vt 0.125000 0.472222
vt 0.708333 0.444444
vt 0.708333 0.416667
vt 0.513889 0.476904
vt 0.513889 0.453807
vt 0.541667 0.453807
vt 0.541667 0.476904
vt 0.250000 0.444444
vt 0.291667 0.444444
vt 0.208333 0.444444
vt 0.458333 0.500000
vt 0.458333 0.476904
vt 0.486111 0.476904
vt 0.486111 0.500000
vt 0.458333 0.377952
vt 0.090543 0.546110
vt 0.041667 0.541667
vt 0.041667 0.541667
vt 0.041667 0.583333
vt 0.416667 0.508887
vt 0.416667 0.500000
vt 0.833333 0.508887
vt 0.833333 0.500000
vt 0.375000 0.500000
vt 0.333333 0.508887
vt 0.333333 0.500000
vt 0.375000 0.508887
vt 0.375000 0.500000
vt 0.041667 0.377952
vt 0.041667 0.508887
vt 0.041667 0.500000
vt 0.708333 0.508887
vt 0.708333 0.500000
vt 0.125000 0.508887
vt 0.125000 0.500000
vt 0.000000 0.416667
vt 0.090543 0.504443
vt 0.041667 0.500000
vt 0.041667 0.500000
vt 0.166667 0.508887
vt 0.166667 0.500000
vt 0.666667 0.472222
vt 0.625000 0.472222
vt 0.625000 0.472222
vt 0.666667 0.472222
vt 0.875000 0.444444
vt 0.833333 0.444444
vt 0.291667 0.472222
vt 0.250000 0.472222
vt 0.250000 0.472222
vt 0.291667 0.472222
vt 0.791667 0.444444
vt 0.750000 0.444444
vt 0.625000 0.444444
vt 0.583333 0.444445
vt 0.166667 0.444444
vt 0.125000 0.444444
vt 0.875000 0.472222
vt 0.833333 0.472222
vt 0.875000 0.472222
vt 0.250000 0.444444
vt 0.208333 0.444444
vt 0.083333 0.444444
vt 0.583333 0.472222
vt 0.791667 0.472222
vt 0.208333 0.472222
vt 0.541667 0.469205
vt 0.541667 0.453807
vt 0.458333 0.453807
vt 0.486111 0.453807
vt 0.541667 0.484602
vt 0.791667 0.444444
vt 0.916667 0.472222
vt 0.083333 0.472222
vt 0.125000 0.472222
vt 0.333333 0.472222
vt 0.666667 0.508887
vt 0.666667 0.500000
vt 0.513889 0.500000
vt 0.541667 0.500000
vt 0.541667 0.469205
vt 0.416667 0.444444
vt 0.375000 0.444444
vt 0.958333 0.484602
vt 0.125000 0.444444
vt 0.083333 0.444444
vt 0.458333 0.453807
vt 0.458333 0.469205
vt 0.166667 0.472222
vt 0.375000 0.472222
vt 0.375000 0.472222
vt 0.416667 0.472222
vt 0.750000 0.472222
vt 0.708333 0.472222
vt 0.166667 0.444444
vt 0.041667 0.500000
vt 0.347222 0.500000
vt 0.347222 0.476904
vt 0.041667 0.476904
vt 0.333333 0.444444
vt 0.347222 0.453807
vt 0.041667 0.453807
vt 0.750000 0.444444
vt 0.041667 0.469205
vt 0.041667 0.453807
vt 0.708333 0.444444
vt 0.486111 0.476904
vt 0.486111 0.453807
vt 0.513889 0.453807
vt 0.513889 0.476904
vt 0.486111 0.500000
vt 0.513889 0.500000
vt 0.666667 0.444445
vt 0.291667 0.444444
vt 0.916667 0.472222
vt 0.916667 0.444444
vt 0.333333 0.472222
vt 0.958333 0.484602
vt 0.958333 0.469205
vt 0.458333 0.469205
vt 0.458333 0.484602
vt 0.347222 0.500000
vt 0.652778 0.500000
vt 0.652778 0.476904
vt 0.347222 0.476904
vt 0.652778 0.453807
vt 0.347222 0.453807
vt 0.041667 0.484602
vt 0.041667 0.469205
vt 0.576524 0.125000
vt 0.423476 0.625000
vt 0.826524 0.625000
vt 0.576524 0.625000
vt 0.423476 0.125000
vt 0.625000 0.125000
vt 0.173476 0.625000
vt 0.625000 0.625000
vt 0.326524 0.625000
vt 0.673476 0.625000
vt 0.125000 0.625000
vt 0.375000 0.625000
vt 0.576525 0.625000
vt 0.423476 0.125000
vt 0.173476 0.625000
vt 0.625000 0.625000
vt 0.326524 0.625000
vt 0.673476 0.625000
vt 0.125000 0.625000
vt 0.375000 0.625000
vt 0.625000 0.125000
vt 0.576524 0.125000
vt 0.423476 0.625000
vt 0.826525 0.625000
vt 0.916667 0.666667
vt 0.916666 0.750000
vt 0.916666 0.750000
vt 0.916667 0.666667
vt 0.958333 0.750000
vt 0.958333 0.750000
vt 0.958333 0.750000
vt 0.916667 0.750000
vt 0.916667 0.750000
vt 0.958333 0.750000
vt 0.916667 0.666667
vt 0.916667 0.666667
vt 0.958333 0.750000
vt 0.958333 0.750000
vt 0.958333 0.750000
vt 0.916666 0.750000
vt 0.916667 0.666667
vt 0.916667 0.666667
vt 0.916667 0.750000
vt 0.958333 0.750000
vt 0.958333 0.750000
vt 0.958333 0.750000
vt 0.958333 0.750000
vt 0.958333 0.750000
vt 0.916667 0.666667
vt 0.916667 0.666667
vt 0.958333 0.750000
vt 0.958333 0.750000
vt 0.916667 0.750000
vt 0.916666 0.750000
vt 0.916667 0.666667
vt 0.916666 0.750000
vt 0.916666 0.750000
vt 0.916667 0.666667
vt 0.916667 0.750000
vt 0.916667 0.750000
vt 0.916667 0.666667
vt 0.916667 0.666667
vt 0.916666 0.750000
vt 0.916667 0.666667
vt 0.916667 0.666667
vt 0.916667 0.750000
vt 0.916667 0.666667
vt 0.916667 0.666667
vt 0.916667 0.750000
vt 0.916666 0.750000
vt 0.416667 0.500000
vt 0.458333 0.500000
vt 0.458333 0.500000
vt 0.416667 0.500000
vt 0.541667 0.500000
vt 0.583333 0.500000
vt 0.583333 0.500000
vt 0.541667 0.500000
vt 0.125000 0.500000
vt 0.166667 0.500000
vt 0.166667 0.500000
vt 0.125000 0.500000
vt 0.537223 0.546110
vt 0.537223 0.504443
vt 0.537223 0.504443
vt 0.537223 0.546110
vt 0.250000 0.508887
vt 0.208333 0.508887
vt 0.208333 0.508887
vt 0.250000 0.508887
vt 0.375000 0.500000
vt 0.375000 0.500000
vt 0.541667 0.500000
vt 0.541667 0.541667
vt 0.541667 0.541667
vt 0.541667 0.500000
vt 0.208333 0.500000
vt 0.208333 0.500000
vt 0.166667 0.508887
vt 0.166667 0.508887
vt 0.125000 0.508887
vt 0.083333 0.508887
vt 0.083333 0.508887
vt 0.125000 0.508887
vt 0.833333 0.500000
vt 0.875000 0.500000
vt 0.875000 0.500000
vt 0.833333 0.500000
vt 0.791667 0.500000
vt 0.791667 0.500000
vt 0.625000 0.500000
vt 0.625000 0.500000
vt 0.916667 0.508887
vt 0.875000 0.508887
vt 0.875000 0.508887
vt 0.916667 0.508887
vt 0.083333 0.500000
vt 0.083333 0.500000
vt 0.090543 0.587777
vt 0.090543 0.546110
vt 0.090543 0.546110
vt 0.090543 0.587777
vt 0.291667 0.500000
vt 0.333333 0.500000
vt 0.333333 0.500000
vt 0.291667 0.500000
vt 0.041667 0.508887
vt 0.041667 0.508887
vt 0.625000 0.508887
vt 0.583333 0.508887
vt 0.583333 0.508887
vt 0.625000 0.508887
vt 0.958333 0.508887
vt 0.958333 0.508887
vt 0.666667 0.500000
vt 0.708333 0.500000
vt 0.708333 0.500000
vt 0.666667 0.500000
vt 0.041667 0.500000
vt 0.041667 0.541667
vt 0.041667 0.541667
vt 0.041667 0.500000
vt 0.666667 0.508887
vt 0.666667 0.508887
vt 0.791667 0.508887
vt 0.750000 0.508887
vt 0.750000 0.508887
vt 0.791667 0.508887
vt 0.041667 0.583333
vt 0.291667 0.508887
vt 0.250000 0.500000
vt 0.916667 0.500000
vt 0.750000 0.500000
vt 0.537223 0.587777
vt 0.541667 0.583333
vt 0.090543 0.504443
vt 0.708333 0.508887
vt 0.833333 0.508887
vt 0.958333 0.500000
vt 0.041667 0.500000
vt 0.333333 0.508887
vt 0.375000 0.508887
vt 0.416667 0.508887
vt 0.458333 0.508887
vt 0.541667 0.508887
vt 0.250000 0.500000
vt 0.708333 0.508887
vt 0.333333 0.508887
vt 0.291667 0.508887
vt 0.916667 0.500000
vt 0.958333 0.500000
vt 0.041667 0.583333
vt 0.375000 0.508887
vt 0.750000 0.500000
vt 0.090543 0.504443
vt 0.041667 0.500000
vt 0.537223 0.587777
vt 0.416667 0.508887
vt 0.833333 0.508887
vt 0.541667 0.583333
vt 0.458333 0.508887
vt 0.541667 0.508887
vt 0.916667 0.750000
vt 0.875000 0.750000
vt 0.916667 0.666667
vt 0.958333 0.750000
vt 0.958333 0.833333
vt 0.916667 0.833333
vt 0.875000 0.833333
vt 0.916667 0.666667
vt 0.916667 0.666667
vt 0.916667 0.750000
vt 0.916667 0.750000
vt 0.958333 0.750000
vt 0.958333 0.750000
vt 0.916667 0.666667
vt 0.916667 0.750000
vt 0.958333 0.750000
vt 0.916667 0.666667
vt 0.916667 0.666667
vt 0.916667 0.750000
vt 0.916667 0.666667
vt 0.875000 0.750000
vt 0.958333 0.750000
vt 0.916667 0.833333
vt 0.958333 0.833333
vt 0.875000 0.833333
vt 0.916667 0.666667
vt 0.916667 0.750000
vt 0.916667 0.750000
vt 0.916667 0.666667
vt 0.958333 0.750000
vt 0.958333 0.750000
vt 0.958333 0.750000
vt 0.958333 0.750000
vt 0.916667 0.666667
vt 0.916667 0.750000
vt 0.958333 0.750000
vt 0.958333 0.750000
vt 0.916667 0.666667
vt 0.916667 0.666667
vt 0.875000 0.750000
vt 0.875000 0.833333
vt 0.875000 0.833333
vt 0.875000 0.750000
vt 0.958333 0.750000
vt 0.958333 0.750000
vt 0.958333 0.750000
vt 0.000000 0.000000
vt 0.000000 0.000000
vt 0.000000 0.000000
vt 0.000000 0.000000
vt 0.000000 0.000000
vt 0.000000 0.000000
vt 0.000000 0.000000
vt 0.000000 0.000000
vt 0.916667 0.750000
vt 0.875000 0.750000
vt 0.916667 0.666667
vt 0.916667 0.833333
vt 0.875000 0.833333
vt 0.916667 0.666667
vt 0.916667 0.666667
vt 0.916667 0.750000
vt 0.916667 0.750000
vt 0.916667 0.666667
vt 0.916667 0.750000
vt 0.916667 0.666667
vt 0.916667 0.666667
vt 0.916667 0.750000
vt 0.916667 0.666667
vt 0.875000 0.750000
vt 0.916667 0.833333
vt 0.875000 0.833333
vt 0.916667 0.666667
vt 0.916667 0.750000
vt 0.916667 0.750000
vt 0.916667 0.666667
vt 0.916667 0.666667
vt 0.916667 0.750000
vt 0.916667 0.666667
vt 0.916667 0.666667
vt 0.875000 0.750000
vt 0.875000 0.833333
vt 0.875000 0.833333
vt 0.875000 0.750000
vt 0.000000 0.000000
vt 0.000000 0.000000
vt 0.000000 0.000000
vt 0.000000 0.000000
vt 0.000000 0.000000
vt 0.000000 0.000000
vt 0.000000 0.000000
vt 0.000000 0.000000
vt 0.750000 0.750000
vt 0.750000 0.833333
vt 0.708333 0.833333
vt 0.708333 0.750000
vt 0.708333 0.666667
vt 0.750000 0.916667
vt 0.708333 0.916667
vt 0.791667 0.666667
vt 0.750000 0.666667
vt 0.750000 0.583333
vt 0.791667 0.583333
vt 0.666667 0.583333
vt 0.666667 0.666667
vt 0.625000 0.666667
vt 0.625000 0.583333
vt 0.666667 0.916667
vt 0.666667 0.833333
vt 0.666667 0.750000
vt 0.625000 0.750000
vt 0.625000 0.916667
vt 0.625000 0.833333
vt 0.958333 0.666667
vt 0.958333 0.625000
vt 0.500000 0.583333
vt 0.500000 0.625000
vt 0.583334 0.916667
vt 0.583333 0.833333
vt 0.583333 0.583333
vt 0.583333 0.666667
vt 0.541667 0.666667
vt 0.541667 0.583333
vt 0.583333 0.750000
vt 0.666667 0.508887
vt 0.625000 0.508887
vt 0.458333 0.583333
vt 0.458333 0.666667
vt 0.416667 0.666667
vt 0.416667 0.583333
vt 0.541667 0.916667
vt 0.541667 0.833333
vt 0.541667 0.750000
vt 0.458333 0.750000
vt 0.416667 0.750000
vt 0.375000 0.666667
vt 0.375000 0.583333
vt 0.458333 0.833333
vt 0.458334 0.916667
vt 0.416667 0.916667
vt 0.416667 0.833333
vt 0.583333 0.508887
vt 0.541667 0.508887
vt 0.375000 0.833333
vt 0.375000 0.750000
vt 0.125000 0.666667
vt 0.125000 0.583333
vt 0.166667 0.583333
vt 0.375000 0.916667
vt 0.458333 0.508887
vt 0.416667 0.508887
vt 0.208333 0.666667
vt 0.166667 0.666667
vt 0.208333 0.583333
vt 0.375000 0.508887
vt 0.333333 0.583333
vt 0.333333 0.508887
vt 0.250000 0.583333
vt 0.291667 0.583333
vt 0.291667 0.508887
vt 0.250000 0.666667
vt 0.250000 0.508887
vt 0.208333 0.508887
vt 0.083333 0.666667
vt 0.083333 0.583333
vt 0.333333 0.666667
vt 0.166667 0.508887
vt 0.041667 0.666667
vt 0.041667 0.583333
vt 0.125000 0.833333
vt 0.125000 0.916667
vt 0.083333 0.916667
vt 0.083333 0.833333
vt 0.125000 0.750000
vt 0.083333 0.750000
vt 0.041667 0.750000
vt 0.958333 0.583333
vt 0.958333 0.666667
vt 0.916667 0.666667
vt 0.916667 0.583333
vt 0.041666 0.916667
vt 0.041667 0.833333
vt 0.125000 0.508887
vt 0.083333 0.508887
vt 0.958333 0.750000
vt 0.916667 0.750000
vt 0.958333 0.833333
vt 0.958333 0.916667
vt 0.916666 0.916667
vt 0.916667 0.833333
vt 0.041667 0.508887
vt 0.875000 0.916667
vt 0.875000 0.833333
vt 0.875000 0.583333
vt 0.875000 0.666667
vt 0.833333 0.666667
vt 0.833333 0.583333
vt 0.875000 0.750000
vt 0.958333 0.508887
vt 0.916667 0.508887
vt 0.833333 0.916667
vt 0.833333 0.833333
vt 0.833333 0.750000
vt 0.791667 0.833333
vt 0.791667 0.750000
vt 0.791667 0.916667
vt 0.875000 0.508887
vt 0.833333 0.508887
vt 0.708333 0.583333
vt 0.791667 0.508887
vt 0.958333 0.875000
vt 0.958333 0.833333
vt 0.041667 0.833333
vt 0.041666 0.875000
vt 0.958333 0.791667
vt 0.958333 0.750000
vt 0.041667 0.750000
vt 0.041667 0.791667
vt 0.958333 0.708333
vt 0.958333 0.666667
vt 0.041667 0.666667
vt 0.041667 0.708333
vt 0.458333 0.666667
vt 0.458333 0.625000
vt 0.500000 0.583333
vt 0.500000 0.625000
vt 0.750000 0.508887
vt 0.708333 0.508887
vt 0.958333 0.750000
vt 0.041667 0.750000
vt 0.958333 0.833333
vt 0.041667 0.833333
vt 0.958333 0.916667
vt 0.041666 0.916667
vt 0.458333 0.875000
vt 0.458333 0.833333
vt 0.541667 0.833333
vt 0.541667 0.875000
vt 0.458333 0.791667
vt 0.458333 0.750000
vt 0.541667 0.750000
vt 0.541667 0.791667
vt 0.458333 0.708333
vt 0.458333 0.666667
vt 0.541667 0.666667
vt 0.541667 0.708333
vt 0.458333 0.583333
vt 0.500000 0.541667
vt 0.958333 0.583333
vt 0.500000 0.541667
vt 0.458333 0.750000
vt 0.541667 0.750000
vt 0.458333 0.833333
vt 0.541667 0.833333
vt 0.458334 0.916667
vt 0.541667 0.916667
vt 0.537223 0.504443
vt 0.537223 0.546110
vt 0.090543 0.504443
vt 0.090543 0.546110
vt 0.537223 0.587777
vt 0.090543 0.587777
vt 0.291667 0.666667
vt 0.333333 0.833333
vt 0.000000 0.000000
vt 0.166667 0.750000
vt 0.333333 0.750000
vt 0.166667 0.833333
vt 0.333333 0.833333
vt 0.166667 0.833333
vt 0.166667 0.750000
vt 0.333333 0.750000
vt 0.333333 0.833333
vt 0.333333 0.750000
vt 0.166667 0.833333
vt 0.166667 0.750000
vt 0.000000 0.000000
vt 0.000000 0.000000
vt 0.000000 0.000000
vn -0.1378 -0.6581 -0.7402
vn -0.1117 -0.5873 -0.8016
vn -0.1150 -0.5965 -0.7943
vn 0.2265 0.7323 0.6422
vn 0.0737 0.9831 0.1676
vn 0.0764 0.9606 0.2672
vn 0.1666 0.7186 0.6751
vn 0.2335 0.5482 0.8031
vn 0.0000 0.5642 0.8256
vn 0.0000 0.7258 0.6879
vn 0.0000 -0.5282 -0.8491
vn 0.0000 0.9609 0.2769
vn -0.0764 0.9606 0.2672
vn -0.1666 0.7186 0.6751
vn 0.1117 -0.5873 -0.8016
vn 0.1150 -0.5965 -0.7943
vn 0.1378 -0.6581 -0.7402
vn -0.0737 0.9831 0.1676
vn -0.2265 0.7323 0.6422
vn -0.2335 0.5482 0.8031
vn 0.1385 0.9609 -0.2398
vn 0.0717 0.9609 -0.2675
vn -0.0000 0.9609 -0.2769
vn -0.0717 0.9609 -0.2675
vn -0.1385 0.9609 -0.2398
vn -0.1958 0.9609 -0.1958
vn -0.2398 0.9609 -0.1385
vn -0.2709 0.9606 -0.0616
vn -0.2940 0.9558 0.0000
vn -0.2709 0.9606 0.0616
vn -0.2398 0.9609 0.1385
vn -0.1847 0.9774 0.1032
vn 0.1847 0.9774 0.1032
vn 0.2398 0.9609 0.1385
vn 0.2709 0.9606 0.0616
vn 0.2940 0.9558 0.0000
vn 0.2709 0.9606 -0.0616
vn 0.2398 0.9609 -0.1385
vn 0.1958 0.9609 -0.1958
vn -0.0844 -0.9940 -0.0691
vn 0.0844 -0.9940 -0.0692
vn -0.0003 -0.9834 -0.1815
vn 0.0000 0.0000 -1.0000
vn 0.0000 0.9600 0.2801
vn -0.4267 0.8981 0.1064
vn -0.4108 0.8593 0.3049
vn 0.9640 0.2545 -0.0775
vn 0.9586 0.1920 0.2103
vn 0.9817 -0.0519 0.1830
vn 0.9945 -0.0098 -0.1044
vn 0.1779 -0.9838 -0.0220
vn 0.7976 0.6031 0.0128
vn 0.7915 0.5329 0.2993
vn 0.9735 -0.2072 -0.0971
vn 0.9583 -0.2207 0.1815
vn 0.9371 -0.2947 0.1873
vn 0.9476 -0.3060 -0.0920
vn -0.2237 -0.9746 0.0126
vn -0.3677 -0.9131 0.1765
vn -0.1777 -0.9838 -0.0222
vn -0.7976 0.6031 0.0128
vn -0.7915 0.5329 0.2993
vn -0.2348 0.7956 0.5585
vn 0.6803 0.0672 0.7298
vn 0.8338 -0.0247 0.5516
vn 0.8780 -0.1028 0.4676
vn 0.2240 -0.9745 0.0126
vn 0.3682 -0.9128 0.1766
vn -0.5394 0.4192 0.7303
vn 0.8171 -0.1765 0.5488
vn 0.5393 0.4192 0.7303
vn 0.7383 -0.1395 0.6599
vn 0.2760 0.3437 0.8976
vn 0.3482 0.1392 0.9270
vn 0.4331 0.0670 0.8988
vn 0.2348 0.7956 0.5585
vn 0.1378 0.7593 0.6360
vn -0.1378 0.7593 0.6360
vn -0.0724 0.7475 0.6603
vn -0.8793 0.1277 -0.4589
vn -0.8534 0.0497 -0.5189
vn -0.8474 0.0346 -0.5298
vn 0.3662 0.4398 0.8201
vn 0.3719 0.0814 0.9247
vn 0.3047 0.5511 0.7768
vn -0.2761 0.3437 0.8976
vn -0.0955 0.2985 0.9496
vn 0.0955 0.2985 0.9496
vn -0.0834 -0.0139 0.9964
vn 0.0834 -0.0139 0.9964
vn 0.0724 0.7475 0.6603
vn 0.2451 0.1688 0.9547
vn 0.4244 0.5340 0.7313
vn 0.2220 0.1256 0.9669
vn 0.1838 0.0189 0.9828
vn 0.1639 0.1388 0.9767
vn 0.1702 0.0519 0.9840
vn 0.1939 0.1240 0.9732
vn -0.3482 0.1392 0.9270
vn -0.1939 0.1240 0.9732
vn -0.1703 0.0519 0.9840
vn -0.0000 -0.1279 0.9918
vn 0.7919 -0.4432 0.4201
vn 0.8470 -0.2937 0.4430
vn 0.8705 -0.1955 0.4516
vn 0.0004 0.8770 0.4806
vn 0.0004 0.6843 0.7292
vn 0.0004 0.6858 0.7278
vn -0.1850 0.0188 0.9826
vn -0.1165 -0.1244 0.9854
vn -0.1205 -0.1457 0.9820
vn -0.2242 0.1263 0.9663
vn -0.1665 0.1397 0.9761
vn -0.4256 0.5341 0.7305
vn -0.2478 0.1693 0.9539
vn -0.4332 0.0671 0.8988
vn -0.6804 0.0673 0.7297
vn -0.8779 -0.1028 0.4676
vn -0.8337 -0.0247 0.5516
vn -0.9586 0.1920 0.2103
vn -0.9817 -0.0519 0.1830
vn -0.8169 -0.1763 0.5492
vn -0.9583 -0.2207 0.1815
vn -0.9371 -0.2945 0.1874
vn -0.7376 -0.1392 0.6607
vn 0.4108 0.8593 0.3048
vn -0.9640 0.2545 -0.0775
vn -0.9945 -0.0098 -0.1044
vn 0.4267 0.8981 0.1064
vn -0.9735 -0.2072 -0.0971
vn -0.9476 -0.3060 -0.0920
vn -0.1017 0.0235 -0.9945
vn 0.0374 0.0067 -0.9993
vn 0.1499 0.0224 -0.9884
vn 0.3358 0.0400 -0.9411
vn 0.1713 0.0304 -0.9847
vn 0.3599 0.0399 -0.9321
vn -0.0854 0.0106 0.9963
vn 0.0835 0.0101 0.9965
vn 0.2724 -0.0323 0.9616
vn -0.1263 0.0316 -0.9915
vn -0.3533 0.0420 -0.9346
vn -0.3969 0.0390 -0.9170
vn -0.2746 -0.0329 0.9610
vn 0.3017 -0.9460 0.1181
vn 0.0625 -0.9933 0.0975
vn -0.0624 -0.9931 0.0992
vn -0.3009 -0.9463 0.1186
vn 0.8527 0.0471 -0.5202
vn 0.8787 0.1261 -0.4603
vn 0.8468 0.0322 -0.5309
vn -0.4461 0.0309 -0.8945
vn -0.3932 0.0670 -0.9170
vn 0.3030 -0.1162 0.9459
vn 0.4274 0.0123 -0.9040
vn 0.3890 0.0365 -0.9205
vn -0.3719 0.0818 0.9247
vn -0.3035 -0.1181 0.9455
vn 0.3422 0.0652 -0.9374
vn 0.9825 -0.1038 -0.1549
vn -0.9505 -0.2906 0.1101
vn -0.8107 -0.0446 -0.5838
vn 0.3180 -0.2162 0.9231
vn 0.9512 -0.2900 0.1057
vn 0.8098 -0.0482 -0.5847
vn -0.9785 -0.1055 -0.1774
vn 0.0004 -0.1238 0.9923
vn -0.3182 -0.2201 0.9221
vn 0.2705 -0.9320 -0.2411
vn -0.2732 -0.9240 -0.2676
vn -0.3243 -0.6727 0.6651
vn -0.3383 -0.6569 0.6738
vn -0.5451 -0.2690 0.7940
vn -0.5372 -0.2985 0.7889
vn 0.4258 0.4645 0.7764
vn 0.4100 0.4920 0.7681
vn 0.5635 0.0850 0.8217
vn 0.5699 0.0384 0.8208
vn -0.5633 0.0850 0.8218
vn -0.5697 0.0383 0.8210
vn 0.6669 0.6765 0.3123
vn 0.9417 0.3059 0.1399
vn 0.9558 0.2639 0.1297
vn 0.8374 0.5133 0.1881
vn -0.3655 0.4399 0.8203
vn 0.0877 0.7694 0.6327
vn -0.9887 -0.1468 0.0315
vn -0.9864 -0.1622 0.0280
vn -0.9417 0.3060 0.1396
vn -0.9558 0.2641 0.1294
vn -0.4253 0.4646 0.7767
vn -0.4097 0.4916 0.7685
vn -0.0872 0.7692 0.6331
vn 0.5454 -0.2690 0.7939
vn 0.5375 -0.2982 0.7888
vn -0.3050 0.5508 0.7769
vn -0.2940 0.8215 0.4886
vn 0.5237 -0.8120 0.2575
vn 0.5769 -0.7829 0.2328
vn 0.0921 -0.8849 0.4566
vn 0.0881 -0.8844 0.4584
vn -0.5238 -0.8120 0.2573
vn -0.5770 -0.7829 0.2326
vn -0.8775 -0.4767 0.0525
vn -0.8355 -0.5431 0.0833
vn 0.3246 -0.6727 0.6649
vn 0.3386 -0.6570 0.6736
vn -0.0920 -0.8850 0.4564
vn -0.0880 -0.8845 0.4582
vn 0.1204 -0.1457 0.9820
vn 0.1164 -0.1244 0.9854
vn -0.6673 0.6762 0.3121
vn -0.8374 0.5133 0.1877
vn 0.2937 0.8217 0.4884
vn 0.9886 -0.1470 0.0318
vn 0.9863 -0.1625 0.0282
vn 0.8774 -0.4769 0.0527
vn 0.8354 -0.5433 0.0835
vn 0.0021 -0.9157 -0.4019
vn 0.0144 -0.9126 -0.4087
vn -0.0159 -0.9126 -0.4086
vn -0.8473 -0.2904 0.4446
vn -0.7909 -0.4430 0.4222
vn -0.8713 -0.1896 0.4527
vn 0.8891 -0.0418 0.4557
vn -0.8896 -0.0326 0.4555
vn -0.1803 -0.9643 0.1938
vn -0.0839 -0.9821 0.1684
vn 0.0698 -0.9834 0.1673
vn 0.1796 -0.9634 0.1991
vn -0.4881 0.0011 -0.8728
vn 0.3248 0.8368 0.4407
vn 0.3043 0.8383 0.4524
vn 0.0000 0.8475 0.5308
vn 0.6078 -0.5107 0.6081
vn 0.5076 -0.7252 0.4652
vn 0.4322 -0.7443 0.5091
vn 0.4336 -0.5148 0.7395
vn -0.0000 -0.6088 -0.7934
vn -0.0000 -0.5108 -0.8597
vn 0.2225 -0.5108 -0.8304
vn 0.2053 -0.6088 -0.7663
vn -0.0000 -0.7284 -0.6852
vn 0.1773 -0.7284 -0.6619
vn 0.4298 -0.5108 -0.7445
vn 0.3967 -0.6088 -0.6871
vn 0.8610 -0.4730 -0.1870
vn 0.6683 -0.6585 -0.3461
vn 0.4671 -0.8512 -0.2394
vn 0.9366 -0.3069 -0.1689
vn -0.5076 -0.7252 0.4652
vn -0.4322 -0.7443 0.5091
vn -0.3319 -0.9196 0.2102
vn -0.3335 -0.9049 0.2645
vn 0.3426 -0.7284 -0.5934
vn 0.6079 -0.5108 -0.6079
vn 0.5610 -0.6088 -0.5610
vn 0.7487 -0.5075 -0.4265
vn 0.6871 -0.6088 -0.3967
vn 0.5058 0.8177 -0.2750
vn 0.5246 0.8086 -0.2664
vn 0.8746 0.4582 -0.1585
vn 0.6507 0.7476 -0.1329
vn 0.4983 -0.7168 -0.4878
vn -0.6683 -0.6584 0.3462
vn -0.4671 -0.8511 0.2395
vn 0.8347 -0.5032 -0.2237
vn 0.7663 -0.6088 -0.2053
vn 0.9344 -0.3562 0.0000
vn 0.8636 -0.5041 0.0000
vn 0.7934 -0.6088 0.0000
vn 0.8347 -0.5032 0.2237
vn 0.7663 -0.6088 0.2053
vn 0.8610 -0.4730 0.1870
vn 0.6683 -0.6584 0.3462
vn 0.7487 -0.5075 0.4265
vn -0.5058 0.8177 -0.2750
vn -0.5246 0.8086 -0.2664
vn -0.3649 0.8647 -0.3451
vn -0.3632 0.8651 -0.3461
vn 0.6871 -0.6088 0.3967
vn -0.7487 -0.5075 0.4265
vn -0.8610 -0.4730 0.1870
vn -0.8347 -0.5032 0.2237
vn -0.6507 0.7476 -0.1329
vn -0.8746 0.4582 -0.1585
vn 0.5610 -0.6088 0.5610
vn 0.3967 -0.6088 0.6871
vn 0.9100 0.4147 0.0000
vn 0.7104 0.7038 0.0000
vn 0.2260 -0.5258 0.8201
vn 0.2053 -0.6088 0.7663
vn 0.3335 -0.9049 0.2645
vn 0.3320 -0.9196 0.2102
vn 0.2422 -0.9585 0.1506
vn 0.2477 -0.9571 0.1506
vn -0.0000 -0.5312 0.8472
vn -0.0000 -0.6088 0.7934
vn -0.2260 -0.5258 0.8201
vn -0.2053 -0.6088 0.7663
vn -0.1239 0.8779 -0.4626
vn -0.0000 0.8779 -0.4789
vn 0.9863 -0.1648 -0.0000
vn -0.4336 -0.5148 0.7395
vn -0.3967 -0.6088 0.6871
vn -0.3043 0.8383 0.4524
vn -0.3248 0.8368 0.4407
vn -0.6078 -0.5107 0.6081
vn -0.5610 -0.6088 0.5610
vn -0.6871 -0.6088 0.3967
vn -0.2394 0.8779 -0.4147
vn -0.8610 -0.4730 -0.1870
vn -0.9344 -0.3562 0.0000
vn -0.9863 -0.1648 -0.0000
vn -0.9366 -0.3069 -0.1689
vn -0.7663 -0.6088 0.2053
vn -0.8636 -0.5041 -0.0000
vn -0.7934 -0.6088 -0.0000
vn -0.8347 -0.5032 -0.2237
vn -0.6683 -0.6585 -0.3461
vn -0.7487 -0.5075 -0.4265
vn -0.7663 -0.6088 -0.2053
vn -0.6871 -0.6088 -0.3967
vn -0.6079 -0.5108 -0.6079
vn -0.5610 -0.6088 -0.5610
vn -0.1773 -0.7284 -0.6619
vn -0.3426 -0.7284 -0.5934
vn -0.1994 -0.9170 -0.3454
vn -0.1032 -0.9170 -0.3852
vn -0.4983 -0.7168 -0.4878
vn -0.4298 -0.5108 -0.7445
vn -0.3967 -0.6088 -0.6871
vn 0.8746 0.4582 0.1586
vn 0.6508 0.7476 0.1329
vn 0.4050 0.8450 0.3491
vn 0.4115 0.8415 0.3500
vn -0.2225 -0.5108 -0.8304
vn -0.2053 -0.6088 -0.7663
vn -0.2422 -0.9585 0.1506
vn -0.0000 -0.9888 0.1490
vn -0.2477 -0.9571 0.1506
vn 0.2394 0.8779 -0.4147
vn 0.3649 0.8647 -0.3451
vn 0.3632 0.8651 -0.3461
vn 0.0000 -1.0000 -0.0000
vn -0.3959 0.8591 0.3243
vn -0.5247 0.8085 0.2665
vn -0.5059 0.8176 0.2750
vn -0.0000 -0.9170 -0.3988
vn -0.4671 -0.8512 -0.2394
vn -0.2502 -0.4442 0.8603
vn -0.0000 -0.4561 0.8900
vn 0.2502 -0.4442 0.8603
vn -0.0000 0.0339 -0.9994
vn 0.2587 0.0339 -0.9654
vn -0.8369 -0.3590 0.4131
vn -0.8960 0.0218 0.4435
vn -0.9850 -0.0013 0.1724
vn -0.9202 -0.3562 0.1623
vn -0.9282 -0.3721 -0.0000
vn -0.9999 -0.0126 0.0000
vn -0.9850 -0.0013 -0.1724
vn -0.9202 -0.3562 -0.1623
vn -0.7348 0.0341 -0.6774
vn -0.4997 0.0341 -0.8655
vn -0.7346 0.0341 -0.6776
vn -0.4997 0.0339 -0.8655
vn -0.2587 0.0339 -0.9654
vn 0.9009 0.0216 0.4335
vn 0.7361 0.0331 0.6760
vn 0.7310 0.0330 0.6815
vn 0.9000 0.0218 0.4354
vn 0.5065 0.0288 0.8618
vn 0.4821 0.0280 0.8757
vn 0.9202 -0.3562 0.1623
vn 0.9850 -0.0013 0.1724
vn 0.8960 0.0218 0.4435
vn 0.8369 -0.3590 0.4131
vn -0.9867 -0.0013 -0.1626
vn -0.9009 0.0216 -0.4335
vn -0.9000 0.0218 -0.4354
vn 0.7348 0.0341 -0.6774
vn 0.7346 0.0341 -0.6776
vn 0.4997 0.0341 -0.8655
vn 0.9009 0.0216 -0.4335
vn 0.9000 0.0218 -0.4354
vn 0.8369 -0.3590 -0.4131
vn 0.8960 0.0218 -0.4435
vn 0.9850 -0.0013 -0.1724
vn 0.9202 -0.3562 -0.1623
vn -0.2330 -0.2599 0.9371
vn -0.2571 0.0145 0.9663
vn -0.4904 0.0276 0.8710
vn -0.4412 -0.3319 0.8338
vn -0.7327 0.0328 0.6797
vn -0.7373 0.0329 0.6748
vn 0.2587 0.0341 -0.9654
vn 0.9999 -0.0123 0.0000
vn 0.9867 -0.0013 0.1626
vn 0.9366 -0.3069 0.1689
vn 0.0000 0.3053 0.9522
vn 0.0000 0.0074 1.0000
vn 0.2400 0.0149 0.9707
vn 0.2050 0.3369 0.9190
vn -0.2050 0.3369 0.9190
vn -0.2400 0.0149 0.9707
vn 0.9999 -0.0126 0.0000
vn 0.9282 -0.3721 -0.0000
vn 0.3094 -0.9045 -0.2933
vn 0.4671 -0.8511 0.2395
vn -0.8746 0.4582 0.1586
vn -0.9100 0.4147 -0.0000
vn -0.7104 0.7038 -0.0000
vn -0.6507 0.7476 0.1329
vn 0.5247 0.8085 0.2665
vn 0.5059 0.8176 0.2750
vn 0.1032 -0.9170 -0.3852
vn 0.1994 -0.9170 -0.3454
vn 0.3959 0.8591 0.3243
vn -0.9366 -0.3069 0.1689
vn -0.3094 -0.9045 -0.2933
vn 0.1239 0.8779 -0.4626
vn -0.4050 0.8450 0.3491
vn -0.4115 0.8415 0.3500
vn 0.3521 -0.7099 -0.6099
vn 0.5166 -0.7097 -0.4791
vn 0.5197 -0.7096 -0.4758
vn -0.2424 0.8746 -0.4198
vn -0.3555 0.8745 -0.3300
vn -0.3581 0.8744 -0.3273
vn 0.4997 0.0339 -0.8655
vn 0.2330 -0.2599 0.9371
vn -0.0000 -0.2470 0.9690
vn -0.0000 -0.2779 0.9606
vn 0.2172 -0.3001 0.9289
vn -0.2587 0.0341 -0.9654
vn -0.0000 0.0341 -0.9994
vn -0.0000 0.0072 1.0000
vn 0.4315 0.8741 -0.2229
vn 0.3555 0.8745 -0.3300
vn 0.3581 0.8744 -0.3273
vn 0.4333 0.8745 -0.2181
vn -0.4821 0.0280 0.8757
vn -0.5065 0.0288 0.8618
vn -0.7361 0.0331 0.6760
vn -0.7310 0.0330 0.6815
vn -0.5166 -0.7097 -0.4791
vn -0.3521 -0.7099 -0.6099
vn -0.5197 -0.7096 -0.4758
vn -0.0000 0.3402 0.9404
vn -0.1916 0.3796 0.9051
vn -0.9009 0.0216 0.4335
vn -0.9000 0.0218 0.4354
vn 0.8312 -0.3828 -0.4031
vn -0.1823 -0.7099 -0.6803
vn 0.2571 0.0145 0.9663
vn -0.2172 -0.3001 0.9289
vn 0.9867 -0.0013 -0.1626
vn 0.9094 -0.3871 -0.1520
vn -0.1255 0.8746 -0.4682
vn -0.8960 0.0218 -0.4435
vn -0.7349 0.0339 -0.6774
vn -0.7347 0.0339 -0.6776
vn -0.8369 -0.3590 -0.4131
vn -0.5110 -0.6997 0.4993
vn -0.8313 -0.3828 0.4031
vn -0.6732 -0.3843 0.6318
vn 0.4904 0.0276 0.8710
vn 0.4412 -0.3319 0.8338
vn 0.7349 0.0339 -0.6774
vn 0.7347 0.0339 -0.6776
vn 0.4740 0.8765 -0.0844
vn 0.4769 0.8759 -0.0730
vn 0.3530 0.8637 0.3596
vn 0.4316 0.8741 0.2229
vn 0.4333 0.8744 0.2181
vn 0.3567 0.8644 0.3545
vn -0.4316 0.8741 0.2229
vn -0.3530 0.8637 0.3596
vn -0.3567 0.8644 0.3545
vn -0.4333 0.8744 0.2181
vn -0.4370 -0.3376 0.8337
vn 0.7327 0.0328 0.6797
vn 0.7373 0.0329 0.6748
vn 0.5110 -0.6997 0.4993
vn 0.6732 -0.3843 0.6318
vn 0.8313 -0.3828 0.4031
vn -0.0000 -0.7099 -0.7043
vn 0.1823 -0.7099 -0.6803
vn -0.2129 0.7885 0.5771
vn -0.2195 0.7941 0.5667
vn -0.9867 -0.0013 0.1626
vn -0.9999 -0.0123 0.0000
vn 0.2129 0.7885 0.5771
vn 0.2195 0.7941 0.5667
vn -0.0000 0.8746 -0.4848
vn 0.1255 0.8746 -0.4682
vn 0.9312 -0.3644 0.0000
vn 0.9094 -0.3871 0.1520
vn 0.9859 -0.0004 0.1672
vn 1.0000 -0.0043 0.0000
vn 0.9859 -0.0004 -0.1672
vn 0.2588 0.0118 -0.9659
vn 0.5000 0.0118 -0.8660
vn 0.1916 0.3796 0.9051
vn -0.4933 0.0099 0.8698
vn -0.7338 0.0115 0.6793
vn -0.2588 0.0118 -0.9659
vn -0.0000 0.0118 -0.9999
vn -0.8981 0.0076 0.4398
vn -0.8312 -0.3828 -0.4031
vn -0.7352 0.0118 -0.6778
vn -0.7351 0.0118 -0.6779
vn -0.8981 0.0076 -0.4398
vn 0.8981 0.0076 -0.4398
vn 0.4370 -0.3376 0.8337
vn 0.4933 0.0099 0.8698
vn 0.7352 0.0118 -0.6778
vn 0.7351 0.0118 -0.6779
vn -0.9094 -0.3871 -0.1520
vn -0.9859 -0.0004 -0.1672
vn 0.8981 0.0076 0.4398
vn 0.7338 0.0115 0.6793
vn -0.5000 0.0118 -0.8660
vn -0.9859 -0.0004 0.1672
vn -0.9094 -0.3871 0.1520
vn -0.9312 -0.3644 0.0000
vn -1.0000 -0.0043 0.0000
vn -0.4972 0.8676 0.0000
vn -0.4741 0.8764 0.0844
vn -0.4769 0.8759 0.0730
vn 0.2424 0.8746 -0.4198
vn 0.4972 0.8676 0.0000
vn 0.4741 0.8764 0.0844
vn 0.4769 0.8759 0.0730
vn -0.4740 0.8765 -0.0844
vn -0.4769 0.8759 -0.0730
vn -0.4315 0.8741 -0.2229
vn -0.4333 0.8745 -0.2181
vn 0.3115 -0.0124 0.9502
vn 0.3042 -0.0410 0.9517
vn 0.3284 0.0077 0.9445
vn 0.3755 0.0588 0.9250
vn 0.3762 0.0147 0.9264
vn 0.3117 0.0131 0.9501
vn 0.3041 0.0181 0.9525
vn 0.3754 0.0104 0.9268
vn 0.2861 -0.0167 0.9581
vn 0.2869 -0.0050 0.9580
vn 0.3048 -0.0162 0.9523
vn 0.3493 0.0158 0.9369
vn 0.3383 0.0329 0.9405
vn -0.3117 -0.0123 0.9501
vn -0.3043 0.0182 0.9524
vn -0.3286 0.0077 0.9444
vn -0.3756 0.0588 0.9249
vn -0.3383 0.0328 0.9405
vn -0.3049 -0.0164 0.9522
vn -0.2872 -0.0052 0.9579
vn -0.3119 0.0132 0.9500
vn -0.2864 -0.0168 0.9580
vn -0.3495 0.0159 0.9368
vn -0.3044 -0.0410 0.9517
vn -0.3756 0.0105 0.9267
vn -0.3764 0.0148 0.9263
vn 0.0003 0.1376 0.9905
vn 0.0001 -0.0872 0.9962
vn 0.0003 0.1383 0.9904
vn 0.4632 0.5646 0.6831
vn 0.4083 0.7829 0.4693
vn 0.3896 0.8237 0.4121
vn 0.3094 0.9509 0.0000
vn 0.2760 0.9504 0.1433
vn -0.7762 -0.6251 0.0821
vn -0.7499 -0.6610 -0.0260
vn -0.7487 -0.6611 0.0491
vn -0.7785 -0.6229 0.0767
vn -0.7430 -0.6531 -0.1461
vn 0.2760 0.9504 -0.1433
vn -0.7306 0.6366 0.2469
vn -0.7306 0.6366 -0.2469
vn -0.7333 0.6480 -0.2060
vn -0.7333 0.6480 0.2060
vn -0.7785 -0.6229 -0.0767
vn -0.7762 -0.6251 -0.0821
vn 0.5928 0.5005 0.6310
vn 0.4879 0.4328 0.7580
vn 0.6184 0.5163 0.5924
vn 0.7333 0.6480 0.2060
vn 0.7333 0.6480 -0.2060
vn 0.7306 0.6366 -0.2469
vn 0.7306 0.6366 0.2469
vn -0.2760 0.9504 0.1433
vn -0.2760 0.9504 -0.1433
vn -0.3094 0.9509 -0.0000
vn -0.2428 -0.3064 0.9204
vn -0.1931 -0.4173 0.8880
vn -0.1178 -0.4717 0.8739
vn 0.7762 -0.6251 0.0821
vn 0.7762 -0.6251 -0.0821
vn 0.7785 -0.6229 -0.0767
vn 0.7785 -0.6229 0.0767
vn -0.5928 0.5005 0.6310
vn -0.6184 0.5163 0.5924
vn -0.4879 0.4328 0.7580
vn 0.2428 -0.3064 0.9204
vn 0.1178 -0.4717 0.8739
vn 0.1931 -0.4173 0.8880
vn 0.7430 -0.6531 -0.1461
vn 0.7499 -0.6610 -0.0260
vn 0.7487 -0.6611 0.0491
vn -0.4084 0.7829 0.4693
vn -0.3896 0.8237 0.4121
vn -0.4632 0.5646 0.6831
vn -0.4632 0.5646 -0.6831
vn -0.4084 0.7829 -0.4693
vn -0.3896 0.8237 -0.4121
vn 0.7499 -0.6610 0.0260
vn 0.7487 -0.6611 -0.0491
vn 0.7430 -0.6531 0.1461
vn -0.5928 0.5005 -0.6310
vn -0.4879 0.4328 -0.7580
vn -0.6184 0.5163 -0.5924
vn 0.2428 -0.3064 -0.9204
vn 0.1931 -0.4173 -0.8880
vn 0.1178 -0.4717 -0.8739
vn 0.5928 0.5005 -0.6310
vn 0.6184 0.5163 -0.5924
vn 0.4879 0.4328 -0.7580
vn -0.2428 -0.3064 -0.9204
vn -0.1178 -0.4717 -0.8739
vn -0.1931 -0.4173 -0.8880
vn -0.7430 -0.6531 0.1461
vn -0.7499 -0.6610 0.0260
vn -0.7487 -0.6611 -0.0491
vn 0.4084 0.7829 -0.4693
vn 0.3896 0.8237 -0.4121
vn 0.4632 0.5646 -0.6831
vn -0.8056 0.3545 0.4748
vn -0.9547 0.2672 0.1306
vn -0.9663 0.2455 0.0776
vn -0.8060 0.3545 0.4740
vn -0.9547 0.2673 -0.1306
vn -0.8120 0.3126 -0.4930
vn -0.8092 0.3106 -0.4986
vn -0.9663 0.2456 -0.0776
vn 0.6448 0.3524 0.6783
vn 0.4081 0.3472 0.8444
vn 0.3675 0.3456 0.8634
vn 0.6389 0.3523 0.6839
vn 0.9997 0.0264 0.0000
vn 0.9778 0.0368 -0.2064
vn 0.9898 0.0342 -0.1380
vn 0.0000 0.0283 -0.9996
vn -0.3075 0.0379 -0.9508
vn -0.2186 0.0336 -0.9752
vn -0.6448 0.3524 0.6783
vn -0.6389 0.3523 0.6839
vn -0.9859 0.1675 -0.0000
vn 0.1425 0.2678 0.9529
vn 0.0981 0.2273 0.9689
vn -0.5093 0.0444 -0.8594
vn -0.4965 0.0444 -0.8669
vn -0.7056 0.0454 -0.7072
vn -0.8609 0.0449 -0.5068
vn -0.8608 0.0449 -0.5070
vn -0.6965 0.0454 -0.7161
vn 0.4786 0.3101 -0.8215
vn 0.6745 0.2672 -0.6882
vn 0.6749 0.2672 -0.6879
vn 0.4860 0.3076 -0.8180
vn 0.1960 0.2746 -0.9414
vn 0.1649 0.2589 -0.9517
vn -0.6745 0.2672 -0.6882
vn -0.6749 0.2672 -0.6879
vn -0.8620 0.0411 0.5052
vn -0.7000 0.0378 0.7131
vn -0.6998 0.0378 0.7133
vn -0.8601 0.0409 0.5084
vn 0.8056 0.3545 0.4748
vn 0.8060 0.3545 0.4740
vn -0.9778 0.0368 -0.2064
vn -0.9997 0.0264 0.0000
vn -0.9898 0.0342 -0.1380
vn -0.1425 0.2678 0.9529
vn -0.4081 0.3472 0.8444
vn -0.3675 0.3456 0.8634
vn -0.0981 0.2273 0.9689
vn 0.7000 0.0378 0.7131
vn 0.8620 0.0411 0.5052
vn 0.8601 0.0409 0.5084
vn 0.6998 0.0378 0.7133
vn -0.9778 0.0368 0.2064
vn -0.9898 0.0342 0.1381
vn -0.4786 0.3101 -0.8215
vn -0.1960 0.2746 -0.9414
vn -0.1649 0.2589 -0.9517
vn -0.4860 0.3076 -0.8180
vn 0.9547 0.2673 -0.1306
vn 0.9859 0.1675 -0.0000
vn 0.9663 0.2456 -0.0776
vn 0.4905 0.0407 0.8705
vn 0.4934 0.0405 0.8689
vn -0.2605 0.0375 0.9647
vn -0.0000 0.0295 0.9996
vn -0.2200 0.0358 0.9749
vn 0.4707 -0.7689 0.4326
vn 0.5656 -0.8247 0.0001
vn 0.5656 -0.8247 -0.0000
vn 0.4442 -0.7668 0.4633
vn -0.7096 -0.6992 0.0873
vn -0.5911 -0.7759 -0.2203
vn -0.5743 -0.7789 -0.2519
vn -0.5603 -0.7917 0.2434
vn -0.4496 -0.8381 0.3089
vn -0.5965 -0.7720 0.2194
vn 0.4575 -0.7982 0.3919
vn 0.4078 -0.8319 0.3764
vn 0.4231 -0.8312 0.3607
vn 0.4115 -0.8040 0.4292
vn 0.5911 -0.7759 -0.2203
vn 0.7096 -0.6992 0.0873
vn 0.5743 -0.7789 -0.2519
vn 0.3850 -0.7831 -0.4883
vn 0.0000 -0.8182 -0.5749
vn 0.4171 -0.7796 -0.4672
vn -0.4705 -0.7691 -0.4326
vn -0.5656 -0.8247 0.0001
vn -0.5656 -0.8247 -0.0000
vn -0.4440 -0.7669 -0.4633
vn 0.4705 -0.7691 -0.4326
vn 0.4440 -0.7669 -0.4633
vn -0.4707 -0.7689 0.4326
vn -0.4442 -0.7668 0.4633
vn -0.4171 -0.7796 -0.4672
vn -0.3850 -0.7831 -0.4883
vn -0.2208 -0.7720 -0.5960
vn -0.2412 -0.7743 -0.5850
vn 0.2412 -0.7743 -0.5850
vn 0.2208 -0.7720 -0.5960
vn -0.0849 -0.6923 -0.7166
vn 0.5308 -0.7868 0.3149
vn 0.5331 -0.7869 0.3108
vn 0.5965 -0.7720 0.2194
vn 0.5603 -0.7917 0.2434
vn 0.4496 -0.8381 0.3089
vn -0.4115 -0.8040 0.4292
vn -0.4575 -0.7982 0.3919
vn -0.4231 -0.8312 0.3607
vn -0.4078 -0.8319 0.3764
vn -0.5308 -0.7868 0.3149
vn -0.5331 -0.7869 0.3108
vn 0.0849 -0.6923 -0.7166
vn 0.0000 0.1762 0.9844
vn 0.2605 0.0375 0.9647
vn 0.2200 0.0358 0.9749
vn 0.5093 0.0444 -0.8594
vn 0.3075 0.0379 -0.9508
vn 0.2186 0.0336 -0.9752
vn 0.4965 0.0444 -0.8669
vn 0.8120 0.3126 -0.4930
vn 0.8092 0.3106 -0.4986
vn 0.9547 0.2672 0.1306
vn 0.9663 0.2455 0.0776
vn 0.7056 0.0454 -0.7072
vn 0.6965 0.0454 -0.7161
vn 0.0000 0.1924 -0.9813
vn 0.9778 0.0368 0.2064
vn 0.9898 0.0342 0.1381
vn 0.8609 0.0449 -0.5068
vn 0.8608 0.0448 -0.5070
vn -0.4905 0.0407 0.8705
vn -0.4934 0.0405 0.8689
vn 0.2821 0.8349 0.4726
vn 0.0780 0.7077 0.7022
vn 0.3957 0.6706 0.6275
vn 0.3264 0.9452 0.0000
vn -0.1568 0.9876 0.0000
vn -0.1043 0.9132 0.3940
vn 0.3394 -0.6487 0.6812
vn 0.2775 -0.6467 0.7105
vn 0.5986 -0.5944 0.5370
vn 0.5882 -0.5992 0.5431
vn 0.7866 -0.5560 0.2686
vn 0.8026 -0.5555 0.2173
vn -0.4771 -0.6390 -0.6033
vn -0.5084 -0.6280 -0.5891
vn -0.5719 -0.6023 -0.5569
vn -0.6292 -0.6958 -0.3463
vn -0.6372 -0.7484 -0.1842
vn 0.7274 0.6436 0.2380
vn 0.6738 0.4290 0.6016
vn 0.7051 0.5234 0.4785
vn 0.7263 0.6709 0.1499
vn -0.0832 -0.5386 0.8385
vn 0.6162 0.3192 0.7201
vn 0.6289 0.3201 0.7085
vn -0.0327 -0.4737 0.8801
vn -0.0791 -0.4759 0.8759
vn -0.1774 -0.4607 0.8696
vn 0.4883 0.7497 0.4466
vn 0.5128 0.8585 0.0000
vn 0.4670 0.6732 0.5733
vn -0.2821 0.8349 0.4726
vn -0.3957 0.6706 0.6275
vn -0.0780 0.7077 0.7022
vn -0.3264 0.9452 0.0000
vn 0.1043 0.9132 0.3940
vn 0.1568 0.9876 0.0000
vn -0.3394 -0.6487 0.6812
vn -0.5882 -0.5992 0.5431
vn -0.5986 -0.5944 0.5370
vn -0.2775 -0.6467 0.7105
vn -0.8026 -0.5555 0.2173
vn -0.7866 -0.5560 0.2686
vn -0.7274 0.6436 0.2380
vn -0.7274 0.6436 -0.2380
vn -0.7263 0.6709 -0.1499
vn -0.7263 0.6709 0.1499
vn -0.8026 -0.5555 -0.2173
vn -0.7866 -0.5560 -0.2686
vn 0.4771 -0.6390 -0.6033
vn 0.5719 -0.6023 -0.5569
vn 0.5084 -0.6280 -0.5891
vn 0.6372 -0.7484 -0.1842
vn 0.6292 -0.6958 -0.3463
vn 0.6372 -0.7484 0.1842
vn 0.6292 -0.6958 0.3463
vn -0.7051 0.5234 0.4785
vn -0.6738 0.4290 0.6016
vn 0.0832 -0.5386 0.8385
vn -0.6162 0.3192 0.7201
vn -0.6289 0.3201 0.7085
vn 0.0327 -0.4737 0.8801
vn 0.1774 -0.4607 0.8696
vn 0.0791 -0.4759 0.8759
vn -0.5128 0.8585 -0.0000
vn -0.4883 0.7497 0.4466
vn -0.4670 0.6732 0.5733
vn -0.0236 -0.5030 0.8640
vn 0.0236 -0.5030 0.8640
vn 0.0725 0.7294 0.6802
vn 0.2931 0.8771 0.3806
vn -0.2931 0.8771 0.3806
vn -0.0725 0.7294 0.6802
vn -0.0383 -0.5114 0.8585
vn 0.0383 -0.5114 0.8585
vn 0.7263 0.6709 -0.1499
vn 0.7274 0.6436 -0.2380
vn 0.7866 -0.5560 -0.2686
vn 0.8026 -0.5555 -0.2173
vn -0.6292 -0.6958 0.3463
vn -0.6372 -0.7484 0.1842
vn -0.2821 0.8349 -0.4726
vn -0.0780 0.7077 -0.7022
vn -0.3957 0.6706 -0.6275
vn 0.1043 0.9132 -0.3940
vn -0.3394 -0.6487 -0.6812
vn -0.2775 -0.6467 -0.7105
vn -0.5986 -0.5944 -0.5370
vn -0.5882 -0.5992 -0.5431
vn 0.4771 -0.6390 0.6033
vn 0.5084 -0.6280 0.5891
vn 0.5719 -0.6023 0.5569
vn -0.6738 0.4290 -0.6016
vn -0.7051 0.5234 -0.4785
vn 0.0832 -0.5386 -0.8385
vn -0.6162 0.3192 -0.7201
vn -0.6289 0.3201 -0.7085
vn 0.0327 -0.4737 -0.8801
vn 0.0791 -0.4759 -0.8759
vn 0.1774 -0.4607 -0.8696
vn -0.4883 0.7497 -0.4466
vn -0.4670 0.6732 -0.5733
vn 0.2821 0.8349 -0.4726
vn 0.3957 0.6706 -0.6275
vn 0.0780 0.7077 -0.7022
vn -0.1043 0.9132 -0.3940
vn 0.3394 -0.6487 -0.6812
vn 0.5882 -0.5992 -0.5431
vn 0.5986 -0.5944 -0.5370
vn 0.2775 -0.6467 -0.7105
vn -0.4771 -0.6390 0.6033
vn -0.5719 -0.6023 0.5569
vn -0.5084 -0.6280 0.5891
vn 0.7051 0.5234 -0.4785
vn 0.6738 0.4290 -0.6016
vn -0.0832 -0.5386 -0.8385
vn 0.6162 0.3192 -0.7201
vn 0.6289 0.3201 -0.7085
vn -0.0327 -0.4737 -0.8801
vn -0.1774 -0.4607 -0.8696
vn -0.0791 -0.4759 -0.8759
vn 0.4883 0.7497 -0.4466
vn 0.4670 0.6732 -0.5733
vn 0.0236 -0.5030 -0.8640
vn -0.0236 -0.5030 -0.8640
vn -0.0725 0.7294 -0.6802
vn -0.2931 0.8771 -0.3806
vn 0.2931 0.8771 -0.3806
vn 0.0725 0.7294 -0.6802
vn 0.0383 -0.5114 -0.8585
vn -0.0383 -0.5114 -0.8585
vn 0.0000 0.5452 -0.8383
vn 0.0000 0.7582 -0.6520
vn 0.1687 0.7582 -0.6298
vn 0.2171 0.5442 -0.8104
vn 0.2360 0.3637 -0.9011
vn -0.2360 0.3637 -0.9011
vn -0.0000 0.3924 -0.9198
vn -0.0000 0.1882 -0.9821
vn -0.2497 0.1838 -0.9507
vn 0.4920 0.1787 -0.8521
vn 0.4654 0.3653 -0.8062
vn 0.6582 0.3653 -0.6582
vn 0.6957 0.1787 -0.6957
vn 0.3260 0.7582 -0.5646
vn 0.4195 0.5442 -0.7266
vn 0.5932 0.5442 -0.5932
vn 0.4610 0.7582 -0.4610
vn -0.9137 0.3634 0.1820
vn -0.9340 0.3572 0.0000
vn -0.9847 0.1744 -0.0000
vn -0.9650 0.1777 0.1927
vn 0.5646 0.7582 -0.3260
vn 0.8521 0.1787 -0.4920
vn 0.8062 0.3653 -0.4654
vn 0.9137 0.3634 -0.1820
vn 0.9650 0.1777 -0.1927
vn 0.7266 0.5442 -0.4195
vn 0.4985 0.0769 -0.8635
vn 0.7050 0.0770 -0.7050
vn 0.9650 0.1777 0.1927
vn 0.9137 0.3634 0.1820
vn 0.7627 0.3819 0.5220
vn 0.8359 0.2031 0.5099
vn 0.6451 0.7523 -0.1334
vn 0.8247 0.5414 -0.1638
vn 0.8247 0.5414 0.1638
vn 0.6910 0.5339 0.4873
vn 0.6543 0.4042 0.6392
vn 0.7078 0.2250 0.6697
vn 0.6451 0.7523 0.1334
vn 0.5557 0.7501 0.3585
vn 0.8635 0.0770 -0.4985
vn 0.6851 0.6741 0.2760
vn 0.6456 0.4948 0.5817
vn -0.6543 0.4042 0.6392
vn -0.7078 0.2250 0.6697
vn -0.5289 0.2650 0.8062
vn 0.8635 0.0770 0.4985
vn -0.0000 0.4290 0.9033
vn -0.4692 0.4607 0.7534
vn -0.2773 0.2098 0.9376
vn 0.7221 0.0607 0.6891
vn 0.5289 0.2650 0.8062
vn 0.5379 0.0368 0.8422
vn -0.0000 0.2177 0.9760
vn 0.2773 0.2098 0.9376
vn 0.2779 0.0686 0.9581
vn -0.0000 0.1067 0.9943
vn -0.2779 0.0686 0.9581
vn -0.7627 0.3819 0.5220
vn -0.8359 0.2031 0.5099
vn 0.4692 0.4607 0.7534
vn -0.5379 0.0368 0.8422
vn -0.6851 0.6741 0.2760
vn -0.5557 0.7501 0.3585
vn -0.6456 0.4948 0.5817
vn -0.6910 0.5339 0.4873
vn -0.8247 0.5414 0.1638
vn -0.9650 0.1777 -0.1927
vn -0.9137 0.3634 -0.1820
vn -0.8062 0.3653 -0.4654
vn -0.8521 0.1787 -0.4920
vn -0.6451 0.7523 0.1334
vn -0.7221 0.0607 0.6891
vn -0.8635 0.0770 0.4985
vn -0.8247 0.5414 -0.1638
vn -0.7266 0.5442 -0.4195
vn -0.6451 0.7523 -0.1334
vn -0.5646 0.7582 -0.3260
vn -0.4610 0.7582 -0.4610
vn -0.6957 0.1787 -0.6957
vn -0.6582 0.3653 -0.6582
vn -0.4654 0.3653 -0.8062
vn -0.4919 0.1787 -0.8521
vn -0.5932 0.5442 -0.5932
vn -0.8635 0.0770 -0.4985
vn -0.3260 0.7582 -0.5646
vn -0.4195 0.5442 -0.7266
vn -0.1687 0.7582 -0.6298
vn -0.2171 0.5442 -0.8104
vn -0.7050 0.0770 -0.7050
vn -0.4985 0.0769 -0.8635
vn 0.2497 0.1838 -0.9507
vn -0.2581 0.0769 -0.9631
vn -0.6584 0.7526 -0.0000
vn -0.8445 0.5355 -0.0000
vn 0.9340 0.3572 0.0000
vn 0.9847 0.1744 0.0000
vn -0.0000 0.0769 -0.9970
vn 0.2581 0.0769 -0.9631
vn 0.6584 0.7526 0.0000
vn 0.8445 0.5355 0.0000
vn 0.3706 0.5271 0.7647
vn -0.3706 0.5271 0.7647
vn 0.8120 0.5777 0.0829
vn 0.7856 0.4803 -0.3900
vn 0.9588 0.2351 -0.1593
vn 0.9638 0.2221 -0.1473
vn -0.7856 0.4803 -0.3900
vn -0.9638 0.2221 -0.1473
vn -0.9588 0.2351 -0.1593
vn 0.9752 -0.0472 0.2161
vn 0.9561 -0.0490 0.2888
vn -0.9752 -0.0472 0.2161
vn -0.9561 -0.0490 0.2888
vn -0.0703 0.9156 0.3959
vn -0.0718 0.8733 0.4818
vn -0.0654 0.5622 0.8244
vn -0.0628 0.5109 0.8573
vn 0.0502 0.2890 0.9560
vn 0.0654 0.5622 0.8244
vn 0.0628 0.5109 0.8573
vn -0.0502 0.2890 0.9560
vn 0.0703 0.9156 0.3959
vn 0.0718 0.8733 0.4818
vn 0.8458 0.4673 0.2572
vn -0.8120 0.5777 0.0829
vn -0.8458 0.4673 0.2572
vn 0.6247 -0.3845 0.6796
vn -0.6247 -0.3845 0.6796
vn -0.9052 -0.0517 0.4219
vn 0.9052 -0.0517 0.4219
usemtl GreenLight
s 62
f 74/1/1 81/2/2 188/3/3
s 63
f 70/4/4 69/5/5 77/6/6 78/7/7
s 66
f 71/8/8 70/4/4 78/7/7 79/9/9
s 69
f 79/9/9 78/7/7 85/10/10
s 71
f 188/3/3 81/2/2 87/11/11 189/12/11
s 73
f 78/7/7 77/6/6 84/13/12 85/10/10
s 76
f 85/10/10 84/13/12 90/14/13 91/15/14
s 79
f 85/10/10 91/15/14 79/16/9
s 81
f 189/12/11 87/11/11 93/17/15 190/18/16
s 83
f 190/18/16 93/17/15 101/19/17
s 84
f 91/15/14 90/14/13 96/20/18 97/21/19
s 87
f 79/16/9 91/15/14 97/21/19 98/22/20
s 177
f 13/23/21 5/24/22 167/25/23 159/26/24 151/27/25 143/28/26 135/29/27 172/30/28 177/31/29 171/32/30 112/33/31 104/34/32 96/35/18 90/36/13 84/37/12 77/38/6 69/39/5 61/40/33 53/41/34 46/42/35 182/43/36 37/44/37 29/45/38 21/46/39
usemtl White
s 419
f 535/47/40 485/48/41 594/49/42
s 420
f 480/50/43 530/51/43 479/52/43
s 421
f 479/53/44 530/51/45 524/54/46
s 422
f 480/50/43 481/55/43 531/56/43 530/51/43
s 423
f 482/57/47 488/58/48 489/59/49 483/60/50
s 424
f 491/61/51 594/62/42 485/48/41
s 425
f 481/55/52 487/63/53 488/58/48 482/57/47
s 426
f 484/64/54 490/65/55 491/61/56 485/48/57
s 427
f 523/66/58 522/67/59 529/68/60
s 428
f 524/54/46 530/51/45 531/56/61 525/69/62
s 429
f 483/60/50 489/59/49 490/65/55 484/64/54
s 430
f 479/70/44 524/71/46 518/72/63
s 431
f 488/58/48 494/73/64 575/74/65 576/75/66 489/59/49
s 432
f 497/76/67 491/61/51 496/77/68
s 433
f 518/72/63 524/71/46 525/78/62 519/79/69
s 434
f 489/59/49 576/80/66 495/81/70 490/65/55
s 435
f 487/63/53 493/82/71 494/73/64 488/58/48
s 436
f 490/65/55 495/81/70 496/77/72 491/61/56
s 437
f 493/82/71 499/83/73 572/84/74 574/85/75 494/73/64
s 438
f 492/86/76 479/87/44 498/88/77
s 439
f 479/89/44 514/90/78 509/91/79
s 440
f 517/92/80 552/93/81 551/94/82 516/95/80
s 441
f 493/82/71 492/86/76 498/88/77 499/83/73
s 442
f 496/77/72 495/96/70 573/97/83 500/98/84
s 443
f 573/99/83 564/100/85 500/98/84
s 444
f 509/91/79 514/90/78 515/101/86 510/102/87
s 445
f 504/103/88 510/102/87 511/104/89 505/105/90
s 446
f 503/106/91 479/107/44 509/91/79
s 447
f 502/108/92 562/109/93 567/110/94 507/111/95 508/112/96
s 448
f 563/113/97 565/114/98 572/115/74 499/83/73 504/103/88 505/105/90
s 449
f 554/116/99 555/117/100 556/118/101 511/104/89 510/102/87 515/101/86
s 450
f 506/119/102 505/105/90 511/104/89
s 451
f 504/103/88 503/106/91 509/91/79 510/102/87
s 452
f 506/120/103 512/121/104 592/122/105 589/123/103
s 453
f 538/124/106 508/112/106 591/125/107 593/126/108
s 454
f 512/121/109 506/120/102 569/127/110 570/128/111 571/129/112
s 455
f 538/124/113 512/121/109 571/129/112 561/130/114 540/131/115
s 456
f 506/120/102 511/104/89 556/132/101 569/127/110
s 457
f 479/133/44 503/106/91 498/88/77
s 458
f 553/134/116 554/116/99 515/101/86 519/79/69 520/135/117
s 459
f 514/90/78 479/136/44 518/72/63
s 460
f 562/137/93 502/108/92 564/100/85
s 461
f 515/101/86 514/90/78 518/72/63 519/79/69
s 462
f 558/138/118 557/139/119 520/135/117 526/140/120 527/141/121
s 463
f 521/142/122 528/143/123 529/68/124 522/67/125
s 464
f 535/47/40 594/144/42 529/145/60
s 465
f 479/146/44 492/86/76 486/147/126
s 466
f 519/79/69 525/78/62 526/140/120 520/135/117
s 467
f 558/138/118 527/141/121 528/143/123 521/148/122
s 468
f 526/149/120 532/150/127 533/151/128 527/152/121
s 469
f 479/153/44 486/147/126 480/50/129
s 470
f 527/152/121 533/151/128 534/154/130 528/155/123
s 471
f 525/69/62 531/56/61 532/150/127 526/149/120
s 472
f 528/155/123 534/154/130 535/47/131 529/145/124
s 473
f 483/60/43 533/151/43 532/150/43 482/57/43
s 474
f 484/64/43 534/154/43 533/151/43 483/60/43
s 475
f 481/55/43 482/57/43 532/150/43 531/56/43
s 476
f 485/48/43 535/47/43 534/154/43 484/64/43
s 477
f 491/61/51 497/76/67 594/62/42
s 478
f 542/156/132 584/157/133 581/158/133 541/159/134
s 479
f 513/160/135 539/161/136 541/159/134 547/162/137
s 480
f 508/112/96 538/124/113 545/163/138 548/164/139
s 481
f 502/108/92 508/112/96 548/164/139 546/165/140
s 482
f 539/161/136 537/166/141 542/156/132 541/159/134
s 483
f 537/166/141 536/167/142 543/168/143 542/156/132
s 484
f 538/124/113 540/131/115 544/169/144 545/163/138
s 485
f 497/76/67 496/77/68 500/98/145 501/170/146
s 486
f 523/66/58 517/92/147 516/95/148 522/67/59
s 487
f 550/171/149 501/170/150 500/98/150 549/172/151
s 488
f 550/171/152 543/168/143 536/167/142 501/170/153
s 489
f 500/98/84 502/108/92 546/165/140 549/172/154
s 490
f 547/162/137 585/173/155 588/174/155 552/93/156
s 491
f 516/95/157 551/94/158 544/169/144 540/131/115
s 492
f 517/92/159 513/160/135 547/162/137 552/93/156
s 493
f 548/175/160 583/176/160 584/177/160 542/178/160
s 494
f 543/179/161 577/180/161 579/181/161 546/182/161
s 495
f 552/93/81 588/174/162 587/183/162 551/94/82
s 496
f 546/165/140 579/184/163 580/185/163 549/172/154
s 497
f 547/186/164 544/187/164 586/188/164 585/189/164
s 498
f 550/171/149 549/172/151 580/185/165 578/190/165
s 499
f 545/191/166 541/192/166 581/193/166 582/194/166
s 500
f 545/163/138 582/195/167 583/196/167 548/164/139
s 501
f 551/94/158 587/183/168 586/197/168 544/169/144
s 502
f 545/163/169 544/169/169 547/186/169 541/159/169
s 503
f 542/156/170 543/168/170 546/182/170 548/164/170
s 504
f 574/198/171 456/199/172 455/200/173 575/201/174
s 505
f 521/202/175 471/203/176 470/204/177 558/205/178
s 506
f 575/206/174 455/200/173 466/207/179 576/208/180
s 507
f 562/209/93 461/210/181 460/211/182 566/212/183 567/213/184
s 508
f 557/139/119 553/214/116 520/135/117
s 509
f 559/215/185 472/216/186 471/217/176 521/218/175
s 510
f 569/219/187 477/220/188 476/221/189 570/222/190
s 511
f 495/223/191 464/224/192 463/225/193 573/99/83
s 512
f 558/205/178 470/204/177 469/226/194 557/227/195
s 513
f 560/228/196 473/229/197 472/216/186 559/230/185
s 514
f 565/231/198 459/232/199 465/233/200 572/234/201
s 515
f 555/235/202 475/236/203 478/237/204 556/238/205
s 516
f 553/239/206 468/240/207 467/241/208 554/242/209
s 517
f 554/242/209 467/241/208 475/236/203 555/235/202
s 518
f 556/243/205 478/237/204 477/220/188 569/219/187
s 519
f 567/110/94 566/244/210 568/245/211 506/119/102 507/111/95
s 520
f 568/246/211 563/113/97 505/105/90 506/119/102
s 521
f 576/247/180 466/207/179 464/224/192 495/248/191
s 522
f 572/249/201 465/233/200 456/199/172 574/198/171
s 523
f 570/222/190 476/221/189 474/250/212 561/251/114 571/252/213
s 524
f 574/85/75 575/253/65 494/73/64
s 525
f 573/99/83 463/225/193 462/254/214 564/100/85
s 526
f 568/255/215 458/256/216 457/257/217 563/258/218
s 527
f 566/212/183 460/211/182 458/256/216 568/259/215
s 528
f 561/251/114 474/250/212 473/229/197 560/228/196
s 529
f 564/100/85 462/254/214 461/260/181 562/137/93
s 530
f 563/261/218 457/262/217 459/232/199 565/231/198
s 531
f 557/227/195 469/226/194 468/263/207 553/264/206
s 532
f 581/158/219 584/157/219 583/196/219 582/195/219
s 533
f 578/190/220 580/185/220 579/184/220 577/265/220
s 534
f 585/173/221 586/197/221 587/183/221 588/174/221
s 535
f 507/111/222 506/119/223 589/266/223 590/267/224
s 536
f 512/121/104 538/124/225 593/126/225 592/122/105
s 537
f 508/112/226 507/111/222 590/267/224 591/125/226
s 538
f 536/167/227 537/166/228 594/268/42
s 539
f 523/66/58 529/145/60 594/269/42
s 540
f 539/161/229 513/160/230 594/270/42
s 541
f 513/160/230 517/92/147 594/271/42
s 542
f 537/166/228 539/161/229 594/272/42
s 543
f 501/170/146 536/167/227 594/273/42
s 544
f 486/147/126 492/86/76 493/82/71 487/63/53
s 545
f 497/76/67 501/170/146 594/274/42
s 546
f 517/92/147 523/66/58 594/269/42
s 547
f 480/50/129 486/147/126 487/63/53 481/55/52
s 574
f 550/171/152 578/190/231 577/265/231 543/168/143
s 575
f 498/88/77 503/106/91 504/103/88 499/83/73
s 576
f 516/95/157 559/275/185 521/142/122 522/67/125
s 577
f 500/98/84 564/100/85 502/108/92
s 578
f 561/130/114 560/228/196 540/131/115
s 579
f 559/230/185 516/95/157 560/228/196
s 580
f 540/131/115 560/228/196 516/95/157
usemtl WoodDark
s 2
f 208/276/232 248/277/233 249/278/234 210/279/234
s 4
f 67/280/235 66/281/236 74/282/237 75/283/238
s 6
f 170/284/239 4/285/240 11/286/241 12/287/242
s 8
f 4/285/240 3/288/243 10/289/244 11/286/241
s 11
f 12/287/242 11/286/241 19/290/245 20/291/246
s 13
f 173/292/247 34/293/248 199/294/249 235/295/250
s 15
f 109/296/251 101/297/252 215/298/253 217/299/254
s 17
f 11/286/241 10/289/244 18/300/255 19/290/245
s 19
f 20/291/246 19/290/245 27/301/256 28/302/257
s 23
f 28/302/257 27/301/256 35/303/258 36/304/259
s 26
f 198/305/260 242/306/261 243/307/262 200/308/263
s 28
f 19/290/245 18/300/255 26/309/264 27/301/256
s 30
f 117/310/265 109/296/251 217/299/254 219/311/266
s 33
f 36/304/259 35/303/258 42/312/267 43/313/268
s 36
f 27/301/256 26/309/264 34/293/248 35/303/258
s 38
f 42/312/267 173/292/247 187/314/269 44/315/270
s 39
f 43/313/268 42/312/267 44/315/270 45/316/271
s 40
f 45/316/271 44/315/270 51/317/272 52/318/273
s 41
f 51/317/272 174/319/274 58/320/275 59/321/276
s 43
f 221/322/277 256/323/278 257/324/279 224/325/280
s 46
f 52/318/273 51/317/272 59/321/276 60/326/281
s 49
f 118/327/282 117/310/265 175/328/283 124/329/284
s 51
f 223/330/285 255/331/286 256/332/278 221/322/277
s 53
f 44/315/270 187/314/269 174/319/274 51/317/272
s 56
f 60/326/281 59/321/276 67/280/235 68/333/287
s 59
f 68/333/287 67/280/235 75/283/238 76/334/288
s 61
f 243/335/262 262/336/289 237/337/290 200/338/263
s 64
f 76/334/288 75/283/238 82/339/291 83/340/292
s 67
f 74/1/237 66/281/236 205/341/293 207/342/294
s 70
f 81/2/295 74/1/237 207/342/294 209/343/296
s 74
f 83/340/292 82/339/291 88/344/297 89/345/298
s 77
f 89/345/298 88/344/297 94/346/299 95/347/300
s 80
f 228/348/301 259/349/301 260/350/302 230/351/302
s 82
f 187/314/269 173/292/247 235/295/250 238/352/303
s 85
f 95/347/300 94/346/299 102/353/304 103/354/305
s 89
f 249/355/234 250/356/306 212/357/307 210/279/234
s 91
f 59/321/276 58/320/275 66/281/236 67/280/235
s 93
f 103/354/305 102/353/304 110/358/308 111/359/309
s 94
f 102/353/304 101/297/252 109/296/251 110/358/308
s 97
f 111/359/309 110/358/308 118/327/282 119/360/310
s 100
f 258/361/311 259/362/301 228/348/301 226/363/311
s 103
f 176/364/312 126/365/313 231/366/314 232/367/315
s 106
f 119/360/310 118/327/282 124/329/284 125/368/316
s 109
f 125/368/316 124/329/284 127/369/317 128/370/318
s 110
f 110/358/308 109/296/251 117/310/265 118/327/282
s 111
f 124/329/284 175/328/283 126/371/313 127/369/317
s 112
f 133/372/319 176/364/312 140/373/320 141/374/321
s 113
f 128/375/318 127/376/317 133/372/319 134/377/322
s 114
f 35/303/258 34/293/248 173/292/247 42/312/267
s 117
f 134/377/322 133/372/319 141/374/321 142/378/323
s 121
f 142/378/323 141/374/321 149/379/324 150/380/325
s 124
f 164/381/326 156/382/327 227/383/328 229/384/329
s 126
f 127/376/317 126/365/313 176/364/312 133/372/319
s 128
f 141/374/321 140/373/320 148/385/330 149/379/324
s 131
f 150/380/325 149/379/324 157/386/331 158/387/332
s 134
f 237/337/290 262/388/289 244/389/333 203/390/334
s 137
f 206/391/335 247/392/336 248/393/233 208/276/232
s 139
f 149/379/324 148/385/330 156/382/327 157/386/331
s 141
f 158/387/332 157/386/331 165/394/337 166/395/338
s 144
f 166/395/338 165/394/337 4/285/240 170/284/239
s 147
f 93/17/339 87/11/340 211/396/340 213/397/341
s 148
f 157/386/331 156/382/327 164/381/326 165/394/337
s 150
f 194/398/342 240/399/342 241/400/343 196/401/344
s 151
f 20/291/345 28/302/345 36/304/345 43/313/345 45/316/345 52/318/345 60/326/345 68/333/345 76/334/345 83/340/345 89/345/345 95/347/345 103/354/345 111/359/345 119/360/345 125/368/345 128/370/345 134/377/345 142/378/345 150/380/345 158/387/345 166/395/345 170/284/345 12/287/345
s 156
f 216/402/346 252/403/346 253/404/347 218/405/348
s 157
f 3/288/243 164/381/326 229/384/329 193/406/349
s 167
f 140/373/320 176/364/312 232/367/315 222/407/350
s 168
f 196/401/344 241/408/343 242/409/261 198/305/260
s 173
f 94/346/299 190/18/351 101/19/252 102/353/304
s 174
f 88/344/297 189/12/352 190/18/351 94/346/299
s 175
f 82/339/291 188/3/353 189/12/352 88/344/297
s 176
f 75/283/238 74/282/237 188/3/353 82/339/291
s 178
f 370/410/354 230/351/354 191/411/355 398/412/355
s 179
f 364/413/356 218/405/357 220/414/358 372/415/359
s 180
f 399/416/360 236/417/361 223/418/362 402/419/363
s 181
f 372/420/359 220/421/358 236/417/361 399/416/360
s 182
f 385/422/364 365/423/365 227/383/365 225/424/366
s 183
f 366/425/367 226/363/367 228/348/368 368/426/368
s 184
f 405/427/369 403/428/370 205/341/371 202/429/372
s 185
f 403/428/370 395/430/373 207/342/374 205/341/371
s 186
f 391/431/375 203/432/376 201/433/377 406/434/378
s 187
f 401/435/379 393/436/380 222/407/381 232/437/315
s 188
f 360/438/382 197/439/383 195/440/384 389/441/384
s 189
f 360/438/382 375/442/385 199/294/386 197/439/383
s 190
f 376/443/387 198/305/388 200/308/389 373/444/390
s 191
f 378/445/391 212/357/392 214/446/393 380/447/394
s 192
f 380/447/394 214/446/393 216/402/395 382/448/396
s 193
f 397/449/397 389/441/384 195/440/384 192/450/397
s 194
f 384/451/398 392/452/399 234/453/400 238/454/303
s 195
f 362/455/401 211/396/402 209/343/403 387/456/404
s 196
f 362/455/401 377/457/405 213/397/406 211/396/402
s 197
f 382/448/396 216/402/395 218/405/357 364/413/356
s 198
f 368/426/368 228/348/368 230/351/354 370/410/354
s 199
f 200/458/389 237/459/407 383/460/408 373/461/390
s 200
f 393/436/380 385/422/364 225/424/366 222/407/381
s 201
f 87/11/340 81/2/295 209/343/296 211/396/340
s 202
f 34/293/248 26/309/264 197/439/409 199/294/249
s 203
f 58/320/275 174/319/274 234/462/400 202/429/410
s 204
f 66/281/236 58/320/275 202/429/410 205/341/293
s 205
f 254/463/411 261/464/412 236/465/413 220/466/414
s 206
f 244/467/333 245/468/415 201/433/416 203/432/334
s 207
f 224/325/280 257/469/279 258/470/311 226/363/311
s 208
f 18/300/255 10/289/244 192/450/417 195/440/418
s 209
f 204/471/419 246/472/419 247/473/336 206/391/335
s 210
f 10/289/244 3/288/243 193/406/349 192/450/417
s 211
f 245/474/415 246/475/419 204/471/419 201/433/416
s 212
f 174/319/274 187/314/269 238/352/303 234/462/400
s 213
f 101/297/252 93/17/339 213/397/341 215/298/253
s 214
f 175/328/283 117/310/265 219/311/266 233/476/420
s 215
f 156/382/327 148/385/330 225/424/421 227/383/328
s 216
f 218/405/348 253/477/347 254/478/411 220/414/414
s 217
f 230/351/302 260/479/302 239/480/422 191/411/422
s 218
f 214/446/423 251/481/424 252/482/346 216/402/346
s 219
f 126/371/313 175/328/283 233/476/420 231/483/314
s 220
f 236/465/413 261/484/412 255/485/286 223/486/285
s 221
f 26/309/264 18/300/255 195/440/418 197/439/409
s 222
f 148/385/330 140/373/320 222/407/350 225/424/421
s 223
f 212/357/307 250/487/306 251/488/424 214/446/423
s 224
f 165/394/337 164/381/326 3/288/243 4/285/240
s 225
f 390/489/425 359/490/426 408/491/427 448/492/425
s 226
f 365/423/428 385/422/429 451/493/430 414/494/428
s 227
f 191/411/355 194/398/431 390/489/431 398/412/355
s 228
f 388/495/432 361/496/433 410/497/434 450/498/435
s 229
f 229/384/436 367/499/436 369/500/437 193/406/437
s 230
f 395/430/373 387/456/404 209/343/403 207/342/374
s 231
f 210/279/438 212/357/392 378/445/391 361/496/433
s 232
f 375/442/439 360/438/440 407/501/441 424/502/442
s 233
f 215/298/443 379/503/444 381/504/445 217/299/446
s 234
f 386/505/447 366/425/448 413/506/448 452/507/449
s 235
f 377/457/405 362/455/401 409/508/450 426/509/451
s 236
f 217/299/446 381/504/445 363/510/452 219/311/453
s 237
f 359/490/426 376/443/387 423/511/454 408/491/427
s 320
f 366/425/448 368/426/455 415/512/455 413/506/448
s 321
f 210/279/438 361/496/433 388/495/432 208/276/456
s 322
f 213/397/406 377/457/405 379/503/444 215/298/443
s 323
f 361/496/433 378/445/391 425/513/457 410/497/434
s 324
f 199/294/386 375/442/385 374/514/458 235/515/250
s 325
f 237/459/407 203/516/376 391/517/375 383/460/408
s 326
f 376/443/387 373/444/390 422/518/459 423/511/454
s 327
f 367/499/460 365/423/428 414/494/428 416/519/460
s 328
f 221/322/461 224/325/462 386/505/463 394/520/464
s 329
f 382/448/465 364/413/356 411/521/466 429/522/467
s 330
f 206/391/468 208/276/456 388/495/432 396/523/469
s 331
f 196/401/470 198/305/388 376/443/387 359/490/471
s 332
f 239/524/422 240/525/342 194/398/342 191/411/422
s 338
f 374/526/458 384/451/398 238/454/303 235/527/250
s 339
f 374/514/472 375/442/439 424/502/442 421/528/473
s 340
f 196/401/470 359/490/471 390/489/431 194/398/431
s 341
f 403/428/474 405/427/475 431/529/476 433/530/477
s 342
f 223/330/362 221/322/461 394/520/464 402/531/363
s 343
f 363/510/478 381/504/479 430/532/480 412/533/481
s 344
f 234/534/400 392/535/399 405/427/369 202/429/372
s 345
f 378/445/391 380/447/394 427/536/482 425/513/457
s 346
f 204/471/483 206/391/468 396/523/469 404/537/484
s 347
f 406/434/378 404/537/485 434/538/486 432/539/487
s 348
f 201/433/377 204/471/483 404/537/484 406/434/378
s 349
f 368/426/455 370/410/488 417/540/488 415/512/455
s 350
f 227/383/365 365/423/365 367/499/436 229/384/436
s 351
f 370/410/488 398/412/489 440/541/489 417/540/488
s 352
f 224/325/462 226/363/367 366/425/367 386/505/463
s 353
f 379/503/490 377/457/405 426/509/451 428/542/491
s 354
f 233/543/420 371/544/492 400/545/493 231/546/314
s 355
f 395/430/494 403/428/474 433/530/477 441/547/495
s 356
f 231/546/314 400/545/493 401/548/379 232/549/315
s 357
f 369/500/496 367/499/460 416/519/460 418/550/496
s 358
f 219/311/453 363/510/452 371/551/492 233/552/420
s 359
f 397/449/497 369/500/496 418/550/496 439/553/497
s 360
f 193/406/437 369/500/437 397/449/397 192/450/397
s 361
f 380/447/394 382/448/465 429/522/467 427/536/482
s 362
f 453/554/498 445/555/499 446/556/500 454/557/501
s 363
f 422/558/459 453/554/498 454/557/501 421/559/502
s 364
f 440/541/503 448/492/504 447/560/504 439/553/503
s 365
f 410/497/434 409/508/450 449/561/505 450/498/435
s 366
f 428/542/506 427/536/482 429/522/467 430/532/507
s 367
f 416/519/508 415/512/508 417/540/509 418/550/509
s 368
f 430/532/507 429/522/467 411/521/466 412/533/510
s 369
f 444/562/511 452/507/512 451/493/513 443/563/514
s 370
f 426/509/451 425/513/457 427/536/482 428/542/506
s 371
f 424/502/515 423/511/454 422/518/459 421/528/502
s 372
f 410/497/434 425/513/457 426/509/451 409/508/450
s 373
f 442/564/516 450/498/435 449/561/505 441/547/517
s 374
f 408/491/518 423/511/454 424/502/515 407/501/519
s 375
f 408/491/518 407/501/519 447/560/504 448/492/504
s 376
f 436/565/520 444/562/511 443/563/514 435/566/521
s 377
f 446/567/500 445/568/499 432/539/487 431/529/522
s 378
f 434/538/486 442/564/516 441/547/517 433/530/523
s 379
f 432/539/487 434/538/486 433/530/523 431/529/522
s 380
f 414/494/524 413/506/524 415/512/508 416/519/508
s 381
f 452/507/512 413/506/524 414/494/524 451/493/513
s 382
f 420/569/525 419/570/526 437/571/527 438/572/528
s 383
f 438/572/528 437/571/527 436/573/520 435/574/521
s 384
f 412/533/510 411/521/466 419/575/526 420/576/525
s 385
f 418/550/509 417/540/509 440/541/503 439/553/503
s 386
f 362/455/401 387/456/404 449/561/505 409/508/450
s 387
f 400/545/529 371/544/530 420/569/531 438/572/529
s 388
f 373/461/390 383/460/408 453/554/498 422/558/459
s 389
f 360/438/440 389/441/532 447/560/532 407/501/441
s 390
f 383/460/408 391/517/375 445/555/499 453/554/498
s 391
f 372/420/359 399/416/360 437/571/527 419/570/526
s 392
f 384/451/533 374/526/472 421/559/473 454/557/533
s 393
f 402/531/363 394/520/464 444/562/511 436/565/520
s 394
f 392/452/534 384/451/533 454/557/533 446/556/535
s 395
f 401/548/536 400/545/529 438/572/529 435/574/537
s 396
f 396/523/469 388/495/432 450/498/435 442/564/516
s 397
f 393/436/538 401/435/536 435/566/537 443/563/539
s 398
f 398/412/489 390/489/425 448/492/425 440/541/489
s 399
f 399/416/360 402/419/363 436/573/520 437/571/527
s 400
f 387/456/404 395/430/494 441/547/495 449/561/505
s 401
f 405/427/475 392/535/534 446/567/535 431/529/476
s 402
f 389/441/532 397/449/497 439/553/497 447/560/532
s 403
f 371/551/530 363/510/478 412/533/481 420/576/531
s 404
f 394/520/464 386/505/447 452/507/449 444/562/511
s 405
f 391/431/375 406/434/378 432/539/487 445/568/499
s 406
f 381/504/479 379/503/490 428/542/491 430/532/480
s 407
f 364/413/356 372/415/359 419/575/526 411/521/466
s 408
f 385/422/429 393/436/538 443/563/539 451/493/430
s 409
f 404/537/485 396/523/469 442/564/516 434/538/486
s 548
f 458/256/540 460/211/541 595/577/542
s 549
f 466/207/543 455/200/544 595/578/542
s 550
f 459/232/545 457/262/546 595/579/542
s 551
f 455/200/544 456/199/547 595/580/542
s 552
f 460/211/541 461/210/548 595/581/542
s 553
f 457/257/546 458/256/540 595/582/542
s 554
f 462/254/549 463/225/550 595/583/542
s 555
f 456/199/547 465/233/551 595/584/542
s 556
f 463/225/550 464/224/552 595/585/542
s 557
f 465/233/551 459/232/545 595/586/542
s 558
f 461/260/548 462/254/549 595/587/542
s 559
f 464/224/552 466/207/543 595/588/542
s 560
f 477/220/553 478/237/554 596/589/555
s 561
f 470/204/556 471/203/557 596/590/555
s 562
f 472/216/558 473/229/559 596/591/555
s 563
f 478/237/554 475/236/560 596/592/555
s 564
f 473/229/559 474/250/561 596/593/555
s 565
f 475/236/560 467/241/562 596/594/555
s 566
f 471/217/557 472/216/558 596/595/555
s 567
f 474/250/561 476/221/563 596/596/555
s 568
f 468/263/564 469/226/565 596/597/555
s 569
f 469/226/565 470/204/556 596/598/555
s 570
f 476/221/563 477/220/553 596/599/555
s 571
f 467/241/562 468/240/564 596/600/555
s 572
f 590/267/566 589/123/567 592/122/568
s 573
f 591/125/107 590/267/566 592/122/568 593/126/108
s 584
f 640/601/569 641/602/570 653/603/571 657/604/569
s 593
f 641/602/570 642/605/572 658/606/573 653/603/571
s 597
f 628/607/574 629/608/575 654/609/576 656/610/577
s 601
f 629/608/575 627/611/578 655/612/578 654/609/576
s 602
f 642/605/572 708/613/579 658/606/573
s 603
f 658/606/580 708/613/581 706/614/582 656/610/583
s 607
f 656/610/577 706/614/584 665/615/585 628/607/574
s 625
f 647/616/586 651/617/587 649/618/587 648/619/588
s 626
f 650/620/589 712/621/590 714/622/591 652/623/592
s 627
f 652/623/593 714/622/594 619/624/595
s 628
f 651/617/596 617/625/597 604/626/598 649/618/596
s 629
f 647/616/586 648/619/588 650/620/589 652/623/592
s 630
f 605/627/599 685/628/600 712/621/601 650/620/602
s 631
f 653/603/603 654/609/604 655/612/605 657/604/605
s 632
f 653/603/603 658/606/580 656/610/583 654/609/604
s 634
f 657/604/606 655/612/606 627/611/607 640/601/608
s 637
f 604/626/609 606/629/610 648/619/611 649/618/609
s 638
f 606/629/610 605/627/599 650/620/602 648/619/611
s 639
f 619/624/595 618/630/612 647/616/613 652/623/593
s 640
f 618/630/612 617/625/614 651/617/614 647/616/613
s 646
f 697/631/615 698/632/616 709/633/617 713/634/615
s 655
f 698/632/616 619/624/595 714/622/594 709/633/617
s 659
f 685/628/600 686/635/618 710/636/619 712/621/601
s 663
f 686/635/618 684/637/620 711/638/620 710/636/619
s 681
f 703/639/621 707/640/622 705/641/622 704/642/623
s 682
f 707/640/624 677/643/625 664/644/626 705/641/624
s 683
f 703/639/621 704/642/623 706/614/582 708/613/581
s 684
f 709/633/627 710/636/628 711/638/629 713/634/629
s 685
f 709/633/627 714/622/591 712/621/590 710/636/628
s 686
f 713/634/630 711/638/630 684/637/631 697/631/632
s 687
f 664/644/633 666/645/634 704/642/635 705/641/633
s 688
f 666/645/634 665/615/585 706/614/584 704/642/635
s 689
f 642/605/572 678/646/636 703/639/637 708/613/579
s 690
f 678/646/636 677/643/638 707/640/638 703/639/637
usemtl BrownDark
s 248
f 269/647/639 268/648/640 322/649/641 324/650/642
s 249
f 267/651/643 266/652/644 318/653/645 320/654/646
s 250
f 276/655/647 275/656/648 336/657/649 338/658/650
s 251
f 310/659/651 292/660/652 321/661/653 358/662/651
s 252
f 297/663/654 298/664/655 333/665/656 331/666/654
s 253
f 270/667/657 269/647/639 324/650/642 326/668/658
s 254
f 268/669/640 286/670/659 357/671/659 322/672/641
s 255
f 275/656/648 274/673/660 334/674/661 336/657/649
s 256
f 298/664/655 299/675/662 335/676/663 333/665/656
s 257
f 300/677/664 301/678/665 339/679/666 337/680/667
s 258
f 282/681/668 281/682/669 348/683/670 350/684/671
s 259
f 283/685/672 282/681/668 350/684/671 352/686/673
s 260
f 266/652/644 265/687/674 316/688/675 318/653/645
s 261
f 304/689/676 305/690/677 347/691/678 345/692/679
s 262
f 277/693/680 276/655/647 338/658/650 340/694/681
s 263
f 302/695/682 309/696/683 356/697/683 341/698/684
s 264
f 272/699/685 271/700/686 328/701/687 330/702/688
s 265
f 301/678/665 302/703/682 341/704/684 339/679/666
s 266
f 289/705/689 290/706/690 317/707/691 315/708/692
s 267
f 303/709/693 304/689/676 345/692/679 343/710/694
s 268
f 264/711/695 263/712/696 312/713/697 314/714/698
s 269
f 279/715/699 285/716/700 355/717/700 344/718/701
s 270
f 288/719/702 289/705/689 315/708/692 313/720/703
s 271
f 307/721/704 308/722/705 354/723/705 351/724/706
s 272
f 341/698/707 356/697/708 355/717/709 342/725/710
s 273
f 315/708/711 317/707/712 318/653/713 316/688/711
s 274
f 329/726/714 331/666/715 332/727/715 330/702/716
s 275
f 335/676/717 337/680/718 338/658/719 336/657/720
s 276
f 345/692/721 347/691/722 348/683/722 346/728/723
s 277
f 351/724/724 354/723/725 353/729/725 352/686/726
s 278
f 319/730/727 358/662/728 357/671/729 320/731/730
s 279
f 343/732/731 344/718/732 355/717/709 356/697/708
s 280
f 321/661/733 322/672/734 357/671/729 358/662/728
s 281
f 312/713/735 311/733/736 313/720/737 314/714/738
s 282
f 353/729/725 354/723/725 311/733/736 312/713/735
s 283
f 350/684/739 349/734/740 351/724/724 352/686/726
s 284
f 348/683/741 347/691/741 349/734/740 350/684/739
s 285
f 344/735/732 343/710/731 345/692/721 346/728/723
s 286
f 340/694/742 339/679/743 341/704/707 342/736/710
s 287
f 338/658/719 337/680/718 339/679/743 340/694/742
s 288
f 334/674/744 333/665/745 335/676/717 336/657/720
s 289
f 332/727/746 331/666/746 333/665/745 334/674/744
s 290
f 328/701/747 327/737/748 329/726/714 330/702/716
s 291
f 326/668/749 325/738/750 327/737/748 328/701/747
s 292
f 324/650/751 323/739/752 325/738/750 326/668/749
s 293
f 322/649/734 321/740/733 323/739/752 324/650/751
s 294
f 318/653/713 317/707/712 319/741/727 320/654/730
s 295
f 314/714/738 313/720/737 315/708/753 316/688/753
s 296
f 299/675/662 300/677/664 337/680/667 335/676/663
s 297
f 274/673/660 273/742/754 332/727/754 334/674/661
s 298
f 287/743/755 288/719/702 313/720/703 311/733/756
s 299
f 295/744/757 296/745/758 329/726/759 327/737/760
s 300
f 280/746/761 279/747/699 344/735/701 346/728/762
s 301
f 285/716/700 278/748/763 342/725/764 355/717/700
s 302
f 308/722/705 287/743/755 311/733/756 354/723/705
s 303
f 294/749/765 295/744/757 327/737/760 325/738/766
s 304
f 263/712/696 284/750/767 353/729/767 312/713/697
s 305
f 309/696/683 303/751/693 343/732/694 356/697/683
s 306
f 278/752/763 277/693/680 340/694/681 342/736/764
s 307
f 296/745/758 297/663/654 331/666/654 329/726/759
s 308
f 271/700/686 270/667/657 326/668/658 328/701/687
s 309
f 291/753/768 310/659/651 358/662/651 319/730/769
s 310
f 293/754/770 294/749/765 325/738/766 323/739/771
s 311
f 273/742/754 272/699/685 330/702/688 332/727/754
s 312
f 306/755/772 307/721/704 351/724/706 349/734/773
s 313
f 284/750/767 283/685/672 352/686/673 353/729/767
s 314
f 281/682/669 280/746/761 346/728/762 348/683/670
s 315
f 286/670/659 267/756/643 320/731/646 357/671/659
s 316
f 265/687/674 264/711/695 314/714/698 316/688/675
s 317
f 292/757/652 293/754/770 323/739/771 321/740/653
s 318
f 305/690/677 306/755/772 349/734/773 347/691/678
s 319
f 290/706/690 291/758/768 319/741/769 317/707/691
s 581
f 602/759/774 600/760/775 603/761/776
s 582
f 598/762/777 597/763/778 599/764/779 602/759/774
s 583
f 602/759/774 599/765/779 600/760/775
s 585
f 611/766/780 614/767/781 613/768/782 610/769/783
s 586
f 610/769/783 613/768/782 615/770/784 612/771/785
s 587
f 607/772/786 609/773/787 613/768/788 614/767/786
s 588
f 609/773/787 608/774/789 615/770/790 613/768/788
s 589
f 605/627/791 606/629/792 610/769/793 612/771/794
s 590
f 604/626/598 607/772/795 614/767/781 611/766/780
s 591
f 604/626/796 611/766/797 606/629/792
s 592
f 611/766/797 610/769/793 606/629/792
s 594
f 603/761/798 601/775/799 616/776/800 617/625/597
s 595
f 598/762/777 602/759/774 618/630/801 619/624/802
s 596
f 602/759/774 603/761/776 617/625/803 618/630/801
s 598
f 625/777/804 626/778/805 623/779/806
s 599
f 621/780/807 625/777/804 622/781/808 620/782/809
s 600
f 625/777/804 623/779/806 622/783/808
s 604
f 634/784/810 633/785/811 636/786/812 637/787/813
s 605
f 633/785/811 635/788/814 638/789/815 636/786/812
s 606
f 628/607/816 665/615/817 672/790/818 635/788/819
s 608
f 635/788/814 672/790/820 675/791/821 638/789/815
s 609
f 630/792/822 637/787/822 636/786/823 632/793/824
s 610
f 632/793/824 636/786/823 638/789/825 631/794/826
s 611
f 638/789/825 675/791/827 668/795/828 631/794/826
s 612
f 628/607/816 635/788/819 633/785/829 629/608/830
s 613
f 627/611/607 634/784/810 637/787/813 630/792/831
s 614
f 627/611/832 629/608/830 634/784/833
s 615
f 634/784/833 629/608/830 633/785/829
s 616
f 626/778/834 640/601/608 639/796/835 624/797/836
s 617
f 621/780/807 642/605/837 641/602/838 625/777/804
s 618
f 625/777/804 641/602/838 640/601/839 626/778/805
s 619
f 603/761/798 600/760/840 601/775/799
s 620
f 626/778/834 624/797/836 623/779/841
s 621
f 646/798/842 644/799/843 622/783/808 623/779/806
s 622
f 600/760/775 599/765/779 643/800/844 645/801/845
s 623
f 600/760/840 645/801/846 601/775/799
s 624
f 623/779/841 624/797/836 646/798/847
s 633
f 612/771/794 692/802/848 685/628/849 605/627/791
s 635
f 615/770/784 695/803/850 692/802/851 612/771/785
s 636
f 608/774/789 688/804/852 695/803/853 615/770/790
s 641
f 617/805/597 616/806/800 607/807/795 604/808/598
s 642
f 639/809/835 640/810/608 627/811/607 630/812/831
s 643
f 662/813/854 660/814/855 663/815/856
s 644
f 621/780/807 620/782/809 659/816/857 662/813/854
s 645
f 662/813/854 659/817/857 660/814/855
s 647
f 671/818/858 674/819/859 673/820/860 670/821/861
s 648
f 670/821/861 673/820/860 675/791/821 672/790/820
s 649
f 667/822/862 669/823/863 673/820/864 674/819/862
s 650
f 669/823/863 668/795/828 675/791/827 673/820/864
s 651
f 665/615/817 666/645/865 670/821/866 672/790/818
s 652
f 664/644/626 667/822/867 674/819/859 671/818/858
s 653
f 664/644/868 671/818/869 666/645/865
s 654
f 671/818/869 670/821/866 666/645/865
s 656
f 663/815/870 661/824/871 676/825/872 677/643/625
s 657
f 621/780/807 662/813/854 678/646/873 642/605/837
s 658
f 662/813/854 663/815/856 677/643/874 678/646/873
s 660
f 682/826/875 683/827/876 680/828/877
s 661
f 598/762/777 682/826/875 679/829/878 597/763/778
s 662
f 682/826/875 680/828/877 679/830/878
s 664
f 691/831/879 690/832/880 693/833/881 694/834/882
s 665
f 690/832/880 692/802/851 695/803/850 693/833/881
s 666
f 687/835/883 694/834/883 693/833/884 689/836/885
s 667
f 689/836/885 693/833/884 695/803/853 688/804/852
s 668
f 685/628/849 692/802/848 690/832/886 686/635/887
s 669
f 684/637/631 691/831/879 694/834/882 687/835/888
s 670
f 684/637/889 686/635/887 691/831/890
s 671
f 691/831/890 686/635/887 690/832/886
s 672
f 683/827/891 697/631/632 696/837/892 681/838/893
s 673
f 598/762/777 619/624/802 698/632/894 682/826/875
s 674
f 682/826/875 698/632/894 697/631/895 683/827/876
s 675
f 663/815/870 660/814/896 661/824/871
s 676
f 683/827/891 681/838/893 680/828/897
s 677
f 702/839/898 700/840/899 679/830/878 680/828/877
s 678
f 660/814/855 659/817/857 699/841/900 701/842/901
s 679
f 660/814/896 701/842/902 661/824/871
s 680
f 680/828/897 681/838/893 702/839/903
s 691
f 677/843/625 676/844/872 667/845/867 664/846/626
s 692
f 696/847/892 697/848/632 684/849/631 687/850/888
s 693
f 597/763/778 643/800/844 599/765/779
s 694
f 679/830/878 700/840/899 597/763/778
s 695
f 597/763/778 700/840/899 643/800/844
s 696
f 659/817/857 620/782/809 699/841/900
s 697
f 622/783/808 644/799/843 620/782/809
s 698
f 620/782/809 644/799/843 699/841/900
usemtl Red
s 1
f 168/851/904 1/852/905 6/853/906 7/854/907
s 3
f 8/855/908 168/851/904 7/854/907
s 5
f 1/852/905 167/856/23 5/857/22 6/853/906
s 7
f 162/858/909 2/859/910 25/860/911 33/861/912
s 9
f 181/862/913 16/863/914 24/864/915 169/865/916
s 10
f 6/853/906 5/857/22 13/866/21 14/867/917
s 12
f 7/854/907 6/853/906 14/867/917 15/868/918
s 14
f 7/854/907 16/863/914 8/855/908
s 16
f 16/863/914 15/868/918 23/869/919 24/864/915
s 18
f 14/867/917 13/866/21 21/870/39 22/871/920
s 20
f 122/872/921 180/873/922 17/874/923 73/875/924
s 21
f 15/868/918 14/867/917 22/871/920 23/869/919
s 22
f 22/871/920 21/870/39 29/876/38 30/877/925
s 24
f 163/878/926 32/879/927 40/880/928 155/881/929
s 25
f 23/869/919 22/871/920 30/877/925 31/882/930
s 27
f 24/864/915 23/869/919 31/882/930 32/879/927
s 29
f 240/883/931 181/862/913 169/865/916 241/884/932
s 31
f 147/885/933 49/886/934 56/887/935 139/888/936
s 32
f 30/877/925 29/876/38 37/889/37 38/890/937
s 34
f 24/864/915 32/879/927 163/878/926 169/865/916
s 35
f 31/882/930 30/877/925 38/890/937 39/891/938
s 37
f 32/879/927 31/882/930 39/891/938 40/880/928
s 42
f 49/886/934 48/892/939 55/893/940 56/887/935
s 44
f 139/888/936 56/887/935 64/894/941 132/895/942
s 45
f 47/896/943 46/897/35 53/898/34 54/899/944
s 47
f 242/900/945 163/878/926 155/881/929 243/901/262
s 48
f 48/892/939 47/896/943 54/899/944 55/893/940
s 50
f 55/893/940 54/899/944 62/902/946 63/903/947
s 52
f 56/887/935 55/893/940 63/903/947 64/894/941
s 54
f 107/904/948 86/905/949 92/906/950
s 55
f 54/899/944 53/898/34 61/907/33 62/902/946
s 57
f 244/908/333 147/885/933 139/888/936 245/909/951
s 58
f 79/910/952 99/911/953 100/912/954
s 60
f 245/909/951 139/888/936 132/895/942 246/913/955
s 65
f 246/913/955 132/895/942 123/914/956 247/915/957
s 68
f 108/916/958 79/910/952 100/912/954
s 72
f 247/915/957 123/914/956 116/917/959 248/918/960
s 75
f 92/906/950 100/912/954 99/911/953
s 78
f 79/919/952 108/916/958 116/917/959
s 86
f 249/920/961 108/916/958 100/912/954 250/921/962
s 88
f 86/905/949 107/904/948 115/922/963 80/923/964
s 90
f 64/894/941 63/903/947 72/924/965
s 92
f 250/921/962 100/912/954 92/906/950 251/925/966
s 95
f 80/923/964 115/922/963 122/926/921 73/927/924
s 96
f 105/928/967 104/929/32 112/930/31 113/931/968
s 98
f 99/911/953 107/904/948 92/906/950
s 99
f 106/932/969 105/928/967 113/931/968 114/933/970
s 101
f 107/904/948 106/932/969 114/933/970 115/922/963
s 102
f 115/922/963 114/933/970 121/934/971 122/926/921
s 104
f 65/935/972 131/936/973 138/937/974 57/938/975
s 105
f 113/931/968 112/930/31 171/939/30 120/940/976
s 107
f 252/941/977 86/905/949 80/923/964 253/942/978
s 108
f 114/933/970 113/931/968 120/940/976 121/934/971
s 115
f 131/936/973 130/943/979 137/944/980 138/937/974
s 116
f 129/945/981 172/946/28 135/947/27 136/948/982
s 118
f 253/942/978 80/923/964 73/927/924 254/949/411
s 119
f 130/943/979 129/945/981 136/948/982 137/944/980
s 120
f 136/948/982 135/947/27 143/950/26 144/951/983
s 122
f 50/952/984 146/953/985 154/954/986 41/955/987
s 123
f 137/944/980 136/948/982 144/951/983 145/956/988
s 125
f 138/937/974 137/944/980 145/956/988 146/953/985
s 127
f 255/957/286 65/935/972 57/938/975 256/958/989
s 129
f 41/955/987 154/954/986 162/858/909 33/861/912
s 130
f 144/951/983 143/950/26 151/959/25 152/960/990
s 132
f 138/937/974 146/953/985 50/952/984 57/938/975
s 133
f 145/956/988 144/951/983 152/960/990 153/961/991
s 135
f 146/953/985 145/956/988 153/961/991 154/954/986
s 136
f 153/961/991 152/960/990 160/962/992 161/963/993
s 138
f 16/863/914 7/854/907 15/868/918
s 140
f 152/960/990 151/959/25 159/964/24 160/962/992
s 142
f 257/965/994 50/952/984 41/955/987 258/966/995
s 143
f 160/962/992 159/964/24 167/856/23 1/852/905
s 145
f 25/860/911 2/859/910 8/855/908 186/967/996
s 146
f 161/963/993 160/962/992 1/852/905 168/851/904
s 149
f 258/966/995 41/955/987 33/861/912 259/968/997
s 152
f 177/969/29 172/970/28 129/971/981 178/972/998
s 153
f 178/973/998 129/974/981 130/975/979 179/976/999
s 154
f 179/977/999 130/978/979 131/979/973 180/980/922
s 155
f 40/981/928 185/982/1000 9/983/1001 155/984/929
s 158
f 260/985/1002 25/860/911 186/967/996 239/986/1003
s 159
f 121/987/971 179/977/999 180/980/922 122/988/921
s 160
f 120/989/976 178/973/998 179/976/999 121/990/971
s 161
f 171/991/30 177/969/29 178/972/998 120/992/976
s 162
f 182/993/36 46/994/35 47/995/943 183/996/1004
s 163
f 183/997/1004 47/998/943 48/999/939 184/1000/1005
s 164
f 184/1001/1005 48/1002/939 49/1003/934 185/1004/1000
s 165
f 239/986/1003 186/967/996 181/862/913 240/883/931
s 166
f 49/1005/934 147/1006/933 9/983/1001 185/982/1000
s 169
f 131/1007/973 65/1008/972 17/874/923 180/873/922
s 170
f 39/1009/938 184/1001/1005 185/1004/1000 40/1010/928
s 171
f 38/1011/937 183/997/1004 184/1000/1005 39/1012/938
s 172
f 37/1013/37 182/993/36 183/996/1004 38/1014/937
s 238
f 186/967/996 8/855/908 16/863/914 181/862/913
s 239
f 147/1006/933 244/1015/333 262/1016/289 9/983/1001
s 240
f 65/1008/972 255/1017/286 261/1018/412 17/874/923
s 241
f 155/984/929 9/983/1001 262/1016/289 243/1019/262
s 242
f 33/861/912 25/860/911 260/985/1002 259/968/997
s 243
f 57/938/975 50/952/984 257/965/994 256/958/989
s 244
f 92/906/950 86/905/949 252/941/977 251/925/966
s 245
f 116/917/959 108/916/958 249/920/961 248/918/960
s 246
f 169/865/916 163/878/926 242/900/945 241/884/932
s 247
f 73/875/924 17/874/923 261/1018/412 254/1020/411
s 333
f 72/924/965 63/903/947 71/8/1006
s 334
f 107/904/948 99/911/953 106/932/969
s 335
f 98/22/1007 106/932/969 99/911/953
s 336
f 72/924/965 123/914/956 64/894/941
s 337
f 132/895/942 64/894/941 123/914/956
s 410
f 153/961/991 161/963/993 154/954/986
s 411
f 161/963/993 162/858/909 154/954/986
s 412
f 161/963/993 168/851/904 162/858/909
s 413
f 168/851/904 2/859/910 162/858/909
s 414
f 2/859/910 168/851/904 8/855/908
s 415
f 98/22/1007 99/911/953 79/910/952
s 416
f 71/8/1006 79/1021/952 72/924/965
s 417
f 123/914/956 72/924/965 116/917/959
s 418
f 72/924/965 79/1021/952 116/917/959
s 699
f 62/1022/946 61/40/33 719/1023/1008
s 700
f 79/16/1009 98/22/1010 718/1024/1011
s 701
f 79/9/1012 716/1025/1013 71/8/1014
s 702
f 97/21/1015 717/1026/1016 718/1024/1011 98/22/1010
s 703
f 70/4/1017 71/8/1014 716/1025/1013 715/1027/1018
s 704
f 717/1026/1019 721/1028/1020 722/1029/1021 718/1024/1022
s 705
f 79/9/1023 720/1030/1024 716/1025/1025
s 706
f 79/16/1026 718/1024/1022 722/1029/1021
s 707
f 715/1027/1027 716/1025/1025 720/1030/1024 719/1031/1028
s 708
f 719/1031/1008 720/1030/1029 63/1032/947 62/1022/946
s 709
f 721/1028/1030 105/1033/967 106/1034/969 722/1029/1031
s 710
f 79/9/1032 63/1032/1032 720/1030/1032
s 711
f 79/16/1033 722/1029/1033 106/1034/1033
s 712
f 715/1027/1018 69/5/1034 70/4/1017
s 713
f 719/1023/1028 61/40/33 69/39/5 715/1035/1027
s 714
f 717/1026/1016 97/21/1015 96/20/1035
s 715
f 721/1036/1020 717/1037/1019 96/35/18 104/34/32
s 716
f 105/1033/967 721/1028/1030 104/34/32
