# Blender v2.80 (sub 75) OBJ File: 'KayKit Character Exporter.blend'
# www.blender.org
mtllib character_orcAHead.mtl
o character_orcAHead_Cube.4070
v 0.225161 1.094229 0.426276
v 0.254519 1.047868 0.406292
v 0.258003 1.143062 0.468028
v 0.249593 1.178132 0.448255
v 0.261642 1.171998 0.460872
v 0.275663 1.178816 0.456007
v 0.237896 1.142234 0.456217
v 0.267253 1.192848 0.436234
v 0.279147 1.144272 0.464197
v 0.249593 1.061522 0.448255
v 0.258003 1.094423 0.468028
v 0.261642 1.067418 0.460872
v 0.275663 1.061463 0.456007
v 0.237896 1.094162 0.456217
v 0.279147 1.095387 0.464197
v 0.267253 1.047622 0.436234
v 0.236859 1.061459 0.418314
v 0.254519 1.192948 0.406292
v 0.225161 1.142548 0.426276
v 0.236859 1.178321 0.418314
v 0.301152 1.049313 0.413111
v 0.329668 1.100753 0.393127
v 0.313116 1.098515 0.441074
v 0.318498 1.065674 0.401089
v 0.320546 1.071394 0.420761
v 0.327219 1.099931 0.420862
v 0.309633 1.063648 0.432884
v 0.301212 1.193220 0.413111
v 0.313116 1.146158 0.441074
v 0.329620 1.147051 0.393127
v 0.309633 1.179652 0.432884
v 0.320532 1.173721 0.420761
v 0.327205 1.146800 0.420862
v 0.318509 1.179714 0.401089
v 0.287910 1.049857 0.383170
v 0.315720 1.100984 0.363186
v 0.304894 1.066096 0.371148
v 0.288128 1.193220 0.383170
v 0.315648 1.147091 0.363186
v 0.304915 1.179714 0.371148
v -0.315637 1.100981 0.363186
v -0.287885 1.049855 0.383170
v -0.327202 1.146800 0.420863
v -0.318495 1.179714 0.401090
v -0.320530 1.173721 0.420762
v -0.309633 1.179652 0.432884
v -0.329584 1.147051 0.393127
v -0.301211 1.193220 0.413111
v -0.313116 1.146158 0.441074
v -0.318483 1.065673 0.401090
v -0.327216 1.099931 0.420863
v -0.320545 1.071394 0.420762
v -0.309633 1.063648 0.432884
v -0.329634 1.100752 0.393127
v -0.313116 1.098515 0.441074
v -0.301149 1.049313 0.413111
v -0.304844 1.066093 0.371148
v -0.288113 1.193220 0.383170
v -0.315562 1.147090 0.363186
v -0.304865 1.179714 0.371148
v -0.267253 1.047622 0.436234
v -0.237896 1.094162 0.456217
v -0.279147 1.095387 0.464197
v -0.249593 1.061522 0.448255
v -0.261642 1.067418 0.460872
v -0.258003 1.094423 0.468028
v -0.275663 1.061463 0.456007
v -0.267253 1.192848 0.436234
v -0.279147 1.144272 0.464197
v -0.237896 1.142234 0.456217
v -0.275663 1.178816 0.456007
v -0.261642 1.171998 0.460872
v -0.258003 1.143062 0.468028
v -0.249593 1.178132 0.448255
v -0.254519 1.047868 0.406292
v -0.225161 1.094229 0.426276
v -0.236859 1.061459 0.418314
v -0.254519 1.192948 0.406292
v -0.225161 1.142548 0.426276
v -0.236859 1.178321 0.418314
v -0.188422 0.712353 0.334584
v -0.133234 0.705502 0.376931
v -0.068967 0.711372 0.403551
v -0.000000 0.714244 0.412631
v 0.068967 0.711372 0.403551
v 0.133234 0.705502 0.376931
v 0.188422 0.712353 0.334584
v -0.244624 0.727345 0.383094
v -0.176777 0.737759 0.452348
v -0.091506 0.744870 0.487668
v -0.000000 0.750876 0.499715
v 0.091506 0.744870 0.487668
v 0.176776 0.737759 0.452348
v 0.244623 0.727345 0.383094
v -0.273555 1.128227 0.399422
v -0.273555 1.125244 0.418862
v 0.276099 1.179011 0.418862
v -0.436651 1.171683 0.397797
v -0.402808 1.127928 0.402448
v -0.403209 1.130514 0.422545
v -0.402703 1.136401 0.438789
v -0.416455 1.134971 0.400286
v -0.415816 1.137180 0.419874
v -0.413586 1.141255 0.434241
v -0.402808 1.169933 0.462363
v -0.416455 1.170706 0.451341
v -0.403297 1.155950 0.458802
v -0.415791 1.157116 0.448417
v -0.402742 1.144548 0.450447
v -0.413586 1.147185 0.442736
v -0.434252 1.157895 0.398104
v -0.427299 1.145279 0.398855
v -0.434252 1.171546 0.417619
v -0.431412 1.157329 0.418526
v -0.424848 1.145765 0.418648
v -0.427299 1.171235 0.435986
v -0.424814 1.157531 0.435573
v -0.420162 1.147528 0.433324
v -0.436651 1.256708 0.398184
v -0.402808 1.254958 0.462591
v -0.403209 1.269074 0.458820
v -0.402703 1.280310 0.450418
v -0.416455 1.255732 0.451559
v -0.415816 1.269290 0.448430
v -0.413586 1.278949 0.442724
v -0.402808 1.296963 0.402519
v -0.416455 1.291467 0.400514
v -0.403297 1.294432 0.422421
v -0.415791 1.289222 0.419932
v -0.402742 1.288448 0.438758
v -0.413586 1.284879 0.434254
v -0.434252 1.256571 0.417890
v -0.427299 1.256260 0.436213
v -0.434252 1.270222 0.398450
v -0.431412 1.270458 0.418838
v -0.424848 1.269705 0.435648
v -0.427299 1.282217 0.399188
v -0.424814 1.281528 0.418854
v -0.420162 1.279293 0.433378
v -0.436651 1.171683 0.381658
v -0.402808 1.127928 0.386309
v -0.416455 1.134971 0.384147
v -0.403297 1.130519 0.366326
v -0.415791 1.137147 0.365038
v -0.402742 1.136435 0.350312
v -0.413586 1.141255 0.351473
v -0.434252 1.171546 0.362560
v -0.427299 1.171235 0.345842
v -0.434252 1.157895 0.381965
v -0.431412 1.157408 0.362323
v -0.424848 1.157567 0.347098
v -0.427299 1.145279 0.382716
v -0.424814 1.145741 0.363814
v -0.420162 1.147528 0.350555
v -0.402808 1.169933 0.326465
v -0.403209 1.155866 0.330220
v -0.402703 1.144568 0.338776
v -0.416455 1.170706 0.333318
v -0.415816 1.157083 0.336736
v -0.413586 1.147185 0.343062
v -0.436651 1.256708 0.382045
v -0.402808 1.296963 0.386380
v -0.403209 1.294426 0.366231
v -0.402703 1.288477 0.350294
v -0.416455 1.291467 0.384375
v -0.415816 1.289193 0.365090
v -0.413586 1.284879 0.351485
v -0.402808 1.254958 0.326693
v -0.416455 1.255732 0.333535
v -0.403297 1.269001 0.330208
v -0.415791 1.269254 0.336756
v -0.402742 1.280335 0.338734
v -0.413586 1.278949 0.343050
v -0.434252 1.270222 0.382311
v -0.427299 1.282217 0.383049
v -0.434252 1.256571 0.362830
v -0.431412 1.270537 0.362634
v -0.424848 1.281507 0.364011
v -0.427299 1.256260 0.346069
v -0.424814 1.269738 0.347182
v -0.420162 1.279293 0.350610
v 0.430735 1.248592 0.397797
v 0.403599 1.200390 0.402448
v 0.416080 1.209338 0.400286
v 0.403707 1.203024 0.422417
v 0.415107 1.211395 0.419827
v 0.402299 1.208797 0.438815
v 0.412329 1.215139 0.434241
v 0.428382 1.248108 0.417619
v 0.421547 1.246792 0.435986
v 0.430362 1.234602 0.398104
v 0.427623 1.233708 0.418639
v 0.421105 1.232913 0.435536
v 0.425314 1.221110 0.398855
v 0.422787 1.221207 0.418702
v 0.417926 1.222301 0.433324
v 0.397504 1.241950 0.462363
v 0.399942 1.228090 0.458817
v 0.401081 1.216838 0.450498
v 0.410894 1.244695 0.451341
v 0.412240 1.231123 0.448369
v 0.411469 1.221006 0.442736
v 0.418397 1.332717 0.398184
v 0.379071 1.367635 0.402519
v 0.379836 1.365184 0.422547
v 0.380199 1.359224 0.438732
v 0.393371 1.364178 0.400514
v 0.393070 1.361835 0.419979
v 0.391489 1.357243 0.434254
v 0.385167 1.326075 0.462591
v 0.398557 1.328821 0.451559
v 0.383613 1.340040 0.458805
v 0.395938 1.342103 0.448478
v 0.381419 1.351174 0.450367
v 0.392349 1.351376 0.442724
v 0.414063 1.345740 0.398450
v 0.405443 1.356599 0.399188
v 0.416044 1.332234 0.417890
v 0.411207 1.345640 0.418725
v 0.403121 1.355541 0.418800
v 0.409210 1.330917 0.436213
v 0.404795 1.343892 0.435685
v 0.398806 1.352671 0.433378
v 0.430735 1.248592 0.381658
v 0.403599 1.200390 0.386309
v 0.403621 1.203006 0.366229
v 0.402266 1.208758 0.350351
v 0.416080 1.209338 0.384147
v 0.415128 1.211431 0.364985
v 0.412329 1.215139 0.351473
v 0.397504 1.241950 0.326465
v 0.410894 1.244695 0.333318
v 0.400017 1.228186 0.330205
v 0.412210 1.231153 0.336695
v 0.401122 1.216824 0.338814
v 0.411469 1.221006 0.343062
v 0.430362 1.234602 0.381965
v 0.425314 1.221110 0.382716
v 0.428382 1.248108 0.362560
v 0.427634 1.233630 0.362435
v 0.422818 1.221236 0.363859
v 0.421547 1.246792 0.345842
v 0.421076 1.232872 0.347071
v 0.417926 1.222301 0.350555
v 0.418397 1.332717 0.382045
v 0.379071 1.367635 0.386380
v 0.393371 1.364178 0.384375
v 0.379922 1.365202 0.366329
v 0.393041 1.361861 0.365143
v 0.380241 1.359201 0.350256
v 0.391489 1.357243 0.351485
v 0.416044 1.332234 0.362830
v 0.409210 1.330917 0.346069
v 0.414063 1.345740 0.382311
v 0.411219 1.345562 0.362521
v 0.404834 1.343864 0.347210
v 0.405443 1.356599 0.383049
v 0.403084 1.355557 0.363965
v 0.398806 1.352671 0.350610
v 0.385167 1.326075 0.326693
v 0.383515 1.340100 0.330223
v 0.381384 1.351143 0.338696
v 0.398557 1.328821 0.333535
v 0.395958 1.342143 0.336797
v 0.392349 1.351376 0.343050
v 0.275666 1.181958 0.399422
v -0.273555 1.135442 0.381976
v 0.274620 1.189090 0.381976
v -0.273555 1.146042 0.368107
v 0.273083 1.199571 0.368107
v -0.273555 1.158881 0.359206
v 0.271221 1.212268 0.359206
v -0.273555 1.172758 0.355900
v 0.269209 1.225992 0.355900
v -0.273555 1.301972 0.418862
v 0.250459 1.353836 0.418862
v 0.250773 1.351697 0.399402
v -0.273555 1.299810 0.399402
v 0.251683 1.345494 0.381880
v -0.273555 1.293540 0.381880
v 0.253102 1.335818 0.368037
v -0.273555 1.283761 0.368036
v 0.254887 1.323643 0.359169
v -0.273555 1.271456 0.359169
v 0.256868 1.310136 0.356124
v -0.273555 1.257805 0.356124
v -0.273555 1.124723 0.435001
v 0.276174 1.178498 0.435001
v 0.275912 1.180283 0.454481
v -0.273555 1.126525 0.454481
v 0.274979 1.186648 0.472120
v -0.273555 1.132959 0.472120
v 0.273471 1.196931 0.486130
v -0.273555 1.143355 0.486130
v 0.271559 1.209967 0.495105
v -0.273555 1.156535 0.495105
v 0.269447 1.224364 0.497964
v -0.273555 1.171093 0.497964
v 0.250459 1.353836 0.435001
v -0.273555 1.301972 0.435001
v -0.273555 1.299810 0.454462
v 0.250773 1.351697 0.454462
v -0.273555 1.293540 0.472023
v 0.251683 1.345494 0.472023
v -0.273555 1.283761 0.486060
v 0.253102 1.335818 0.486060
v -0.273555 1.271456 0.495068
v 0.254887 1.323643 0.495068
v -0.273555 1.257805 0.498188
v 0.256868 1.310136 0.498188
v -0.000000 1.723829 -0.250000
v -0.000000 1.617886 -0.433013
v -0.000000 1.004505 -0.482963
v -0.000000 0.883914 -0.433013
v -0.000000 0.700000 0.000000
v 0.033494 1.753434 -0.125000
v 0.064705 1.723829 -0.241481
v 0.091506 1.685991 -0.341506
v 0.112072 1.617886 -0.418258
v 0.125000 1.506374 -0.466506
v 0.129409 1.134674 -0.482963
v 0.125000 1.004505 -0.466506
v 0.112072 0.883914 -0.418258
v 0.091506 0.780361 -0.341506
v 0.064705 1.753434 -0.112072
v 0.125000 1.723829 -0.216506
v 0.176777 1.685991 -0.306186
v 0.216506 1.617886 -0.375000
v 0.241481 1.506374 -0.418258
v 0.250000 1.134674 -0.433012
v 0.241481 1.004505 -0.418258
v 0.216506 0.883914 -0.375000
v 0.176777 0.780361 -0.306186
v 0.091506 1.753434 -0.091506
v 0.176776 1.723829 -0.176777
v 0.250000 1.685990 -0.250000
v 0.306186 1.617886 -0.306186
v 0.341506 1.506374 -0.341506
v 0.353553 1.134674 -0.353553
v 0.341506 1.004505 -0.341506
v 0.306186 0.883914 -0.306186
v 0.250000 0.780361 -0.250000
v 0.112072 1.753434 -0.064705
v 0.216506 1.723829 -0.125000
v 0.306186 1.685990 -0.176777
v 0.375000 1.617886 -0.216506
v 0.418258 1.506374 -0.241481
v 0.433012 1.134674 -0.250000
v 0.418258 1.004505 -0.241481
v 0.375000 0.883914 -0.216506
v 0.306186 0.780361 -0.176777
v -0.000000 1.758330 0.000000
v 0.125000 1.753434 -0.033494
v 0.241481 1.723829 -0.064705
v 0.341506 1.685990 -0.091506
v 0.418258 1.617886 -0.112072
v 0.466506 1.506374 -0.125000
v 0.482963 1.134674 -0.129409
v 0.466506 1.004505 -0.125000
v 0.418258 0.883914 -0.112072
v 0.341506 0.780361 -0.091506
v 0.129409 1.753434 0.000000
v 0.250000 1.723829 0.000000
v 0.353553 1.685990 0.000000
v 0.433012 1.617886 0.000000
v 0.482963 1.506374 -0.000000
v 0.500000 1.134674 0.000000
v 0.482963 1.004505 0.000000
v 0.433012 0.883914 0.000000
v 0.353553 0.780361 0.000000
v 0.125000 1.753434 0.033494
v 0.241481 1.723829 0.064705
v 0.341506 1.685990 0.091506
v 0.418258 1.617886 0.112072
v 0.466506 1.506374 0.125000
v 0.482962 1.134674 0.129409
v 0.466506 1.004505 0.125000
v 0.418258 0.880692 0.112072
v 0.341506 0.757660 0.091506
v 0.112072 1.753434 0.064705
v 0.216506 1.723829 0.125000
v 0.306186 1.685990 0.176777
v 0.375000 1.617886 0.216506
v 0.418258 1.506374 0.241481
v 0.433012 1.134674 0.250000
v 0.422307 1.000224 0.241481
v 0.306186 0.724147 0.176777
v 0.091506 1.753434 0.091506
v 0.176776 1.723829 0.176777
v 0.250000 1.685990 0.250000
v 0.306186 1.617886 0.306186
v 0.341506 1.506374 0.341506
v 0.353553 1.134674 0.353553
v 0.341506 0.997999 0.353454
v 0.306186 0.902625 0.334592
v 0.064705 1.753434 0.112072
v 0.125000 1.723829 0.216506
v 0.176776 1.685990 0.306186
v 0.216506 1.617886 0.375000
v 0.241481 1.506374 0.418258
v 0.250000 1.129991 0.433012
v 0.241481 0.988222 0.418258
v 0.216506 0.910067 0.403406
v 0.033494 1.753434 0.125000
v 0.064705 1.723829 0.241481
v 0.091506 1.685990 0.341506
v 0.112072 1.617886 0.418258
v 0.125000 1.506374 0.466506
v 0.103232 1.127039 0.482963
v 0.104985 0.999039 0.466506
v 0.108539 0.921282 0.446664
v -0.000000 1.753434 0.129409
v -0.000000 1.723829 0.250000
v -0.000000 1.685990 0.353553
v -0.000000 1.617886 0.433012
v -0.000000 1.506374 0.482963
v -0.000000 1.004694 0.483577
v -0.000000 0.929817 0.461651
v -0.033494 1.753434 0.125000
v -0.064705 1.723829 0.241481
v -0.091506 1.685990 0.341506
v -0.112072 1.617886 0.418258
v -0.125000 1.506374 0.466506
v -0.103232 1.127039 0.482963
v -0.104979 0.999039 0.466506
v -0.108540 0.921282 0.446664
v -0.064705 1.753434 0.112072
v -0.125000 1.723829 0.216506
v -0.176777 1.685990 0.306186
v -0.216506 1.617886 0.375000
v -0.241481 1.506374 0.418258
v -0.250000 1.129991 0.433012
v -0.241481 0.988222 0.418258
v -0.216506 0.910067 0.403406
v -0.091506 1.753434 0.091506
v -0.176777 1.723829 0.176777
v -0.250000 1.685991 0.250000
v -0.306186 1.617886 0.306186
v -0.341506 1.506374 0.341506
v -0.353553 1.134674 0.353553
v -0.341506 0.997999 0.353454
v -0.306186 0.902625 0.334592
v -0.112072 1.753434 0.064705
v -0.216506 1.723829 0.125000
v -0.306186 1.685991 0.176777
v -0.375000 1.617886 0.216506
v -0.418258 1.506374 0.241481
v -0.433013 1.134674 0.250000
v -0.422308 1.000224 0.241481
v -0.306186 0.724147 0.176777
v -0.125000 1.753434 0.033494
v -0.241481 1.723829 0.064705
v -0.341506 1.685991 0.091506
v -0.418258 1.617886 0.112072
v -0.466506 1.506374 0.125000
v -0.482963 1.134674 0.129409
v -0.466506 1.004505 0.125000
v -0.418258 0.880692 0.112072
v -0.341506 0.757660 0.091506
v -0.129409 1.753434 0.000000
v -0.250000 1.723829 -0.000000
v -0.353553 1.685991 -0.000000
v -0.433013 1.617886 -0.000000
v -0.482963 1.506374 0.000000
v -0.500000 1.134674 0.000000
v -0.482963 1.004505 0.000000
v -0.433013 0.883914 -0.000000
v -0.353553 0.780361 -0.000000
v -0.125000 1.753434 -0.033494
v -0.241481 1.723829 -0.064705
v -0.341506 1.685991 -0.091506
v -0.418258 1.617886 -0.112072
v -0.466506 1.506374 -0.125000
v -0.482963 1.134674 -0.129409
v -0.466506 1.004505 -0.125000
v -0.418258 0.883914 -0.112072
v -0.341506 0.780361 -0.091506
v -0.112072 1.753434 -0.064705
v -0.216506 1.723829 -0.125000
v -0.306186 1.685991 -0.176777
v -0.375000 1.617886 -0.216506
v -0.418258 1.506374 -0.241481
v -0.433013 1.134674 -0.250000
v -0.418258 1.004505 -0.241481
v -0.375000 0.883914 -0.216506
v -0.306186 0.780361 -0.176777
v -0.091506 1.753434 -0.091506
v -0.176777 1.723829 -0.176777
v -0.250000 1.685991 -0.250000
v -0.306186 1.617886 -0.306186
v -0.341506 1.506374 -0.341506
v -0.353553 1.134674 -0.353553
v -0.341506 1.004505 -0.341506
v -0.306186 0.883914 -0.306186
v -0.250000 0.780361 -0.250000
v -0.064705 1.753434 -0.112072
v -0.125000 1.723829 -0.216506
v -0.176777 1.685991 -0.306186
v -0.216506 1.617886 -0.375000
v -0.241481 1.506374 -0.418258
v -0.250000 1.134674 -0.433012
v -0.241481 1.004505 -0.418258
v -0.216506 0.883914 -0.375000
v -0.176777 0.780361 -0.306186
v -0.033494 1.753434 -0.125000
v -0.064705 1.723829 -0.241481
v -0.091506 1.685990 -0.341506
v -0.112072 1.617886 -0.418258
v -0.125000 1.506374 -0.466506
v -0.129410 1.134674 -0.482963
v -0.125000 1.004505 -0.466506
v -0.112072 0.883914 -0.418258
v -0.091506 0.780361 -0.341506
v -0.000000 1.753434 -0.129409
v -0.000000 1.685990 -0.353553
v -0.000000 1.506374 -0.482963
v -0.000000 1.134674 -0.500000
v -0.000000 0.780361 -0.353553
v 0.059315 0.700827 -0.221366
v 0.068967 0.713539 -0.257389
v 0.133234 0.713539 -0.230769
v 0.114587 0.700827 -0.198471
v 0.188422 0.713539 -0.188422
v 0.162051 0.700827 -0.162051
v 0.230769 0.713539 -0.133234
v 0.198471 0.700827 -0.114588
v 0.257389 0.713539 -0.068967
v 0.221366 0.700827 -0.059315
v 0.266469 0.713539 0.000000
v 0.229175 0.700827 0.000000
v 0.257389 0.709272 0.068967
v 0.221366 0.700827 0.059315
v 0.230769 0.707763 0.133234
v 0.198471 0.699340 0.114588
v 0.188422 0.709272 0.188422
v 0.162051 0.700827 0.162051
v 0.133234 0.713528 0.230769
v 0.114587 0.700827 0.198471
v 0.068967 0.713974 0.257389
v 0.059315 0.700827 0.221366
v -0.000000 0.714131 0.266469
v -0.000000 0.700827 0.229175
v -0.068967 0.713974 0.257389
v -0.059315 0.700827 0.221366
v -0.133234 0.713528 0.230769
v -0.114588 0.700827 0.198471
v -0.188422 0.709272 0.188422
v -0.162051 0.700827 0.162051
v -0.230769 0.707763 0.133234
v -0.198471 0.699340 0.114588
v -0.257389 0.709272 0.068967
v -0.221366 0.700827 0.059315
v -0.266469 0.713539 0.000000
v -0.229175 0.700827 0.000000
v -0.257389 0.713539 -0.068967
v -0.221366 0.700827 -0.059315
v -0.230769 0.713539 -0.133234
v -0.198471 0.700827 -0.114587
v -0.188422 0.713539 -0.188422
v -0.162051 0.700827 -0.162051
v -0.133234 0.713539 -0.230769
v -0.114588 0.700827 -0.198471
v -0.068967 0.713539 -0.257389
v -0.059315 0.700827 -0.221366
v -0.000000 0.713539 -0.266469
v -0.000000 0.700827 -0.229175
v -0.386975 0.911441 0.246084
v -0.298091 0.827720 0.423554
v -0.306186 0.857486 0.404618
v -0.302139 0.838173 0.422704
v -0.305102 0.848968 0.415773
v -0.216506 0.865226 0.473932
v -0.210775 0.836616 0.490540
v -0.215739 0.857635 0.484593
v -0.213641 0.847278 0.490672
v -0.106305 0.874841 0.517523
v -0.108226 0.844577 0.532645
v -0.107323 0.866445 0.527863
v -0.108220 0.855433 0.533398
v -0.000000 0.849171 0.549005
v -0.000000 0.879595 0.545713
v -0.000000 0.860147 0.553940
v -0.000000 0.871216 0.553419
v 0.106293 0.874841 0.517523
v 0.108220 0.844577 0.532645
v 0.107311 0.866445 0.527863
v 0.108210 0.855433 0.533398
v 0.216506 0.865226 0.473932
v 0.210775 0.836616 0.490540
v 0.215738 0.857635 0.484593
v 0.213641 0.847278 0.490672
v 0.298091 0.827720 0.423554
v 0.306186 0.857486 0.404618
v 0.302138 0.838173 0.422705
v 0.305101 0.848968 0.415773
v 0.386975 0.911441 0.246084
v -0.157533 1.096340 0.421426
v -0.130229 1.113945 0.435566
v -0.136635 1.103133 0.430893
v -0.157521 1.092673 0.440884
v -0.130227 1.111121 0.451505
v -0.136631 1.099879 0.448681
v 0.166021 1.129935 0.440884
v 0.136341 1.144215 0.451505
v 0.144308 1.134025 0.448681
v 0.165501 1.133564 0.421426
v 0.135932 1.147009 0.435566
v 0.143840 1.137244 0.430893
v -0.157505 1.104615 0.403925
v -0.130226 1.119794 0.422907
v -0.136627 1.110266 0.415677
v 0.164273 1.141745 0.403925
v 0.135082 1.152796 0.422907
v 0.142797 1.144300 0.415677
v -0.157437 1.116509 0.390031
v -0.130221 1.127315 0.414058
v -0.136607 1.120121 0.404165
v 0.162480 1.153501 0.390031
v 0.133985 1.160235 0.414058
v 0.141347 1.154046 0.404165
v -0.157344 1.130706 0.381137
v -0.130214 1.134410 0.409632
v -0.136580 1.131010 0.397379
v 0.160328 1.167532 0.381137
v 0.132949 1.167254 0.409632
v 0.139740 1.164816 0.397379
v -0.157244 1.145845 0.378018
v -0.130206 1.142629 0.407984
v -0.136550 1.142946 0.394968
v 0.158033 1.182494 0.378018
v 0.131749 1.175384 0.407984
v 0.137979 1.176620 0.394968
v -0.157473 1.279275 0.440901
v -0.130224 1.255266 0.451506
v -0.136617 1.266887 0.448686
v 0.138900 1.314536 0.440901
v 0.115423 1.286827 0.451506
v 0.120062 1.299253 0.448686
v 0.139143 1.312376 0.421466
v 0.115674 1.285076 0.435569
v 0.120328 1.297291 0.430904
v -0.157400 1.277104 0.421466
v -0.130218 1.253497 0.435569
v -0.136596 1.264908 0.430904
v 0.139969 1.306150 0.403960
v 0.116324 1.280595 0.422910
v 0.121094 1.291899 0.415688
v -0.157314 1.270823 0.403960
v -0.130212 1.248970 0.422910
v -0.136571 1.259462 0.415688
v 0.141317 1.296455 0.390076
v 0.117223 1.274430 0.414061
v 0.122246 1.283894 0.404178
v -0.157242 1.261035 0.390076
v -0.130206 1.242740 0.414061
v -0.136550 1.251374 0.404178
v 0.143066 1.284270 0.381174
v 0.118113 1.268340 0.409634
v 0.123594 1.274629 0.397390
v -0.157204 1.248725 0.381174
v -0.130203 1.236584 0.409634
v -0.136539 1.242012 0.397390
v 0.145055 1.270765 0.378100
v 0.119191 1.260995 0.407991
v 0.125148 1.264044 0.394992
v -0.157212 1.235075 0.378100
v -0.130204 1.229160 0.407991
v -0.136541 1.231312 0.394992
v -0.157475 1.091828 0.457039
v -0.130224 1.110542 0.465366
v -0.136618 1.099183 0.463744
v 0.166099 1.129093 0.457039
v 0.136422 1.143642 0.465366
v 0.144396 1.133335 0.463744
v 0.165779 1.130771 0.476531
v 0.136194 1.145156 0.481307
v 0.144133 1.134979 0.481542
v -0.156975 1.093534 0.476531
v -0.130218 1.112073 0.481307
v -0.136450 1.100848 0.481542
v 0.164712 1.137464 0.494133
v 0.135470 1.150050 0.493974
v 0.143244 1.140870 0.496786
v -0.156778 1.100311 0.494133
v -0.130212 1.117020 0.493974
v -0.136419 1.106806 0.496786
v 0.163030 1.148430 0.508120
v 0.134443 1.157012 0.502830
v 0.141887 1.149981 0.508327
v -0.157174 1.111406 0.508120
v -0.130206 1.124058 0.502830
v -0.136551 1.116018 0.508327
v 0.160943 1.162385 0.517083
v 0.133428 1.163914 0.507261
v 0.140314 1.160621 0.515133
v -0.157206 1.125518 0.517083
v -0.130204 1.131034 0.507261
v -0.136539 1.126775 0.515133
v 0.158666 1.177821 0.520100
v 0.132217 1.172162 0.508901
v 0.138542 1.172680 0.517514
v -0.157192 1.141124 0.520100
v -0.130202 1.139372 0.508901
v -0.136535 1.138964 0.517514
v 0.138944 1.314548 0.457024
v 0.115428 1.286815 0.465365
v 0.120075 1.299256 0.463739
v -0.157519 1.279281 0.457024
v -0.130227 1.255254 0.465365
v -0.136631 1.266889 0.463739
v -0.157531 1.277120 0.476480
v -0.130228 1.253440 0.481303
v -0.136634 1.264912 0.481527
v 0.139270 1.312412 0.476480
v 0.115692 1.285021 0.481303
v 0.120366 1.297301 0.481527
v -0.157503 1.270847 0.494038
v -0.130226 1.248805 0.493966
v -0.136626 1.259462 0.496759
v 0.140152 1.306201 0.494038
v 0.116362 1.280435 0.493966
v 0.121148 1.291907 0.496759
v -0.157435 1.261060 0.508033
v -0.130221 1.242392 0.502823
v -0.136606 1.251261 0.508301
v 0.141505 1.296507 0.508033
v 0.117288 1.274090 0.502823
v 0.122318 1.283791 0.508301
v -0.157343 1.248609 0.517024
v -0.130214 1.236036 0.507257
v -0.136579 1.241624 0.515115
v 0.143220 1.284177 0.517024
v 0.118203 1.267800 0.507257
v 0.123690 1.274252 0.515115
v -0.157261 1.234496 0.520147
v -0.130208 1.228375 0.508904
v -0.136555 1.230509 0.517527
v 0.145187 1.270203 0.520147
v 0.119308 1.260220 0.508904
v 0.125279 1.263252 0.517527
v -0.074051 0.937243 0.535142
v -0.097078 0.959351 0.548870
v -0.086195 1.008382 0.568083
v -0.099182 1.004836 0.557103
v -0.086511 0.980384 0.569457
v -0.097980 0.983012 0.558142
v -0.085209 0.957150 0.561366
v -0.111817 0.997898 0.541398
v -0.106555 0.960871 0.537777
v -0.064491 1.190843 0.512317
v 0.000048 1.261654 0.484646
v -0.085184 1.243519 0.478240
v -0.126613 0.981395 0.311137
v -0.094680 0.953032 0.315914
v 0.074076 0.937250 0.535105
v 0.097071 0.959351 0.548870
v 0.111804 0.997955 0.541405
v 0.106517 0.960822 0.537807
v 0.086173 1.008382 0.568076
v 0.086414 0.980213 0.569513
v 0.085164 0.957190 0.561434
v 0.099152 1.004836 0.557103
v 0.097996 0.982946 0.558112
v 0.064493 1.190843 0.512317
v 0.085156 1.243519 0.478259
v 0.126613 0.981395 0.311137
v 0.094681 0.953032 0.315914
v -0.462921 1.020848 0.015805
v -0.428361 0.907511 -0.077640
v -0.396676 0.924972 -0.077640
v -0.374300 0.956514 -0.077640
v -0.364639 0.997335 -0.077640
v -0.369165 1.041220 -0.077640
v -0.387188 1.081489 -0.077640
v -0.415965 1.112011 -0.077640
v -0.451114 1.128139 -0.077640
v -0.506690 1.120432 -0.077640
v -0.567979 1.137556 -0.043777
v -0.559857 1.105923 -0.068956
v -0.551587 1.051802 -0.077640
v -0.546481 0.993709 -0.077640
v -0.528457 0.953440 -0.077640
v -0.499681 0.922918 -0.077640
v -0.464531 0.906790 -0.077640
v -0.416751 0.864182 -0.019925
v -0.416751 0.864182 0.019929
v -0.372580 0.888523 0.019929
v -0.372580 0.888523 -0.019925
v -0.341386 0.932495 0.019929
v -0.341386 0.932495 -0.019925
v -0.327918 0.989402 0.019929
v -0.327918 0.989402 -0.019925
v -0.334228 1.050582 0.019929
v -0.334228 1.050582 -0.019925
v -0.359353 1.106719 0.019929
v -0.359353 1.106719 -0.019925
v -0.399470 1.149269 0.019929
v -0.399470 1.149269 -0.019925
v -0.448471 1.171753 0.019929
v -0.448471 1.171753 -0.019925
v -0.518300 1.163761 0.019929
v -0.518300 1.163761 -0.019925
v -0.583455 1.160964 0.009764
v -0.583455 1.160964 -0.015832
v -0.590518 1.118124 0.016361
v -0.590518 1.118124 -0.018489
v -0.589117 1.053486 0.019929
v -0.589117 1.053486 -0.019925
v -0.581418 0.984347 0.019929
v -0.581418 0.984347 -0.019925
v -0.556292 0.928209 0.019929
v -0.556292 0.928209 -0.019925
v -0.516176 0.885660 0.019929
v -0.516176 0.885660 -0.019925
v -0.467175 0.863176 0.019929
v -0.467175 0.863176 -0.019925
v 0.000002 0.932760 0.332046
v 0.194681 0.904837 0.392101
v 0.235243 0.879438 0.373524
v 0.262387 0.850920 0.382053
v 0.260293 0.836490 0.412800
v 0.228653 0.835233 0.445727
v 0.184530 0.838919 0.459606
v 0.157073 0.865520 0.450662
v 0.160997 0.891112 0.422330
v 0.207299 0.954030 0.420537
v 0.221992 0.985926 0.450175
v 0.252256 0.982176 0.440332
v 0.248842 0.941918 0.405185
v 0.271980 0.968494 0.447520
v 0.275372 0.914852 0.413634
v 0.269082 0.949672 0.466831
v 0.273596 0.902408 0.443904
v 0.245598 0.938807 0.487400
v 0.239963 0.883861 0.472201
v 0.211462 0.946393 0.498073
v 0.197256 0.892718 0.486849
v 0.188703 0.964728 0.491892
v 0.166858 0.920605 0.478577
v 0.195566 0.979823 0.471775
v 0.173669 0.943472 0.450562
v -0.208307 0.897269 0.384854
v -0.232337 1.013541 0.479893
v -0.169433 0.884897 0.408783
v -0.160340 0.861828 0.438078
v -0.185973 0.837352 0.454970
v -0.232086 0.834326 0.450790
v -0.269811 0.833963 0.425031
v -0.277876 0.845629 0.394099
v -0.252420 0.872063 0.377487
v -0.213613 0.949329 0.410334
v -0.221106 0.984378 0.439093
v -0.192446 0.979283 0.456109
v -0.175895 0.940150 0.434034
v -0.181400 0.965986 0.476711
v -0.164321 0.919782 0.462843
v -0.200557 0.949118 0.488378
v -0.191130 0.893919 0.478990
v -0.237320 0.941879 0.484752
v -0.236531 0.885592 0.474148
v -0.264575 0.951839 0.468436
v -0.274843 0.902935 0.451622
v -0.270959 0.968945 0.448380
v -0.282544 0.912656 0.421283
v -0.252831 0.981059 0.436030
v -0.257706 0.937679 0.405015
v -0.420751 0.879110 0.043698
v -0.380881 0.901080 0.043698
v -0.352725 0.940770 0.043698
v -0.340569 0.992135 0.043698
v -0.346264 1.047357 0.043698
v -0.368943 1.098027 0.043698
v -0.405153 1.136433 0.043698
v -0.449381 1.156727 0.043698
v -0.514300 1.148833 0.043698
v -0.578123 1.152900 0.036511
v -0.579955 1.113920 0.043251
v -0.576187 1.052906 0.043698
v -0.569381 0.987573 0.043698
v -0.546703 0.936902 0.043698
v -0.510493 0.898496 0.043698
v -0.466264 0.878202 0.043698
v 0.462398 1.020848 0.015805
v 0.427838 0.907511 -0.077640
v 0.396153 0.924972 -0.077640
v 0.373777 0.956514 -0.077640
v 0.364116 0.997335 -0.077640
v 0.368642 1.041220 -0.077640
v 0.386665 1.081489 -0.077640
v 0.415442 1.112011 -0.077640
v 0.450591 1.128139 -0.077640
v 0.506167 1.120432 -0.077640
v 0.567456 1.137556 -0.043777
v 0.559334 1.105923 -0.068956
v 0.551064 1.051802 -0.077640
v 0.527934 0.953440 -0.077640
v 0.499158 0.922918 -0.077640
v 0.464008 0.906790 -0.077640
v 0.416228 0.864182 -0.019925
v 0.416228 0.864182 0.019929
v 0.372057 0.888523 0.019929
v 0.372057 0.888523 -0.019925
v 0.340863 0.932495 0.019929
v 0.340863 0.932495 -0.019925
v 0.327395 0.989402 0.019929
v 0.327395 0.989402 -0.019925
v 0.333705 1.050582 0.019929
v 0.333705 1.050582 -0.019925
v 0.358830 1.106719 0.019929
v 0.358830 1.106719 -0.019925
v 0.398947 1.149269 0.019929
v 0.398947 1.149269 -0.019925
v 0.447948 1.171753 0.019929
v 0.447948 1.171753 -0.019925
v 0.517777 1.163761 0.019929
v 0.517777 1.163761 -0.019925
v 0.582932 1.160964 0.009764
v 0.582932 1.160964 -0.015832
v 0.589995 1.118124 0.016361
v 0.589995 1.118124 -0.018489
v 0.588594 1.053486 0.019929
v 0.588594 1.053486 -0.019925
v 0.555769 0.928209 0.019929
v 0.555769 0.928209 -0.019925
v 0.515653 0.885660 0.019929
v 0.515653 0.885660 -0.019925
v 0.466652 0.863176 0.019929
v 0.466652 0.863176 -0.019925
v 0.420228 0.879110 0.043698
v 0.380358 0.901080 0.043698
v 0.352202 0.940770 0.043698
v 0.340046 0.992135 0.043698
v 0.345741 1.047357 0.043698
v 0.368420 1.098027 0.043698
v 0.404630 1.136433 0.043698
v 0.448858 1.156727 0.043698
v 0.513777 1.148833 0.043698
v 0.577600 1.152900 0.036511
v 0.579432 1.113920 0.043251
v 0.575664 1.052906 0.043698
v 0.546180 0.936902 0.043698
v 0.509970 0.898496 0.043698
v 0.465741 0.878202 0.043698
v 0.536592 0.998188 -0.075187
v 0.583236 1.005079 0.019929
v 0.574989 0.970654 0.019929
v 0.556659 0.990705 0.019929
v 0.574989 0.970654 -0.019925
v 0.583236 1.005079 -0.019925
v 0.556659 0.990705 -0.019925
v 0.562952 0.973879 0.043698
v 0.571130 1.008314 0.043698
v 0.543459 0.994519 0.032154
v 0.509261 0.791357 0.000002
v 0.533116 0.803618 0.000002
v 0.536829 0.823823 0.000002
v 0.514208 0.834314 0.000002
v 0.486673 0.828229 0.000002
v 0.470579 0.809182 0.000002
v 0.482460 0.792423 0.000002
v 0.506998 0.801599 -0.039145
v 0.531050 0.812967 -0.035733
v 0.535310 0.830696 -0.026269
v 0.513126 0.839209 -0.018706
v 0.485591 0.833124 -0.018706
v 0.469060 0.816056 -0.026269
v 0.480394 0.801773 -0.035733
v 0.500814 0.829582 -0.067803
v 0.525406 0.838511 -0.061892
v 0.531161 0.849475 -0.045500
v 0.510171 0.852581 -0.032402
v 0.482636 0.846496 -0.032402
v 0.464910 0.834834 -0.045500
v 0.474749 0.827316 -0.061892
v 0.492366 0.867806 -0.078292
v 0.517695 0.873404 -0.071468
v 0.525492 0.875127 -0.052540
v 0.506134 0.870849 -0.037415
v 0.478599 0.864764 -0.037415
v 0.459241 0.860486 -0.052540
v 0.467038 0.862209 -0.071467
v 0.483919 0.906031 -0.067803
v 0.509984 0.908296 -0.061892
v 0.519823 0.900779 -0.045500
v 0.502097 0.889116 -0.032402
v 0.474562 0.883031 -0.032402
v 0.453572 0.886138 -0.045500
v 0.459327 0.897102 -0.061892
v 0.477735 0.934013 -0.039145
v 0.504339 0.933840 -0.035733
v 0.515673 0.919557 -0.026269
v 0.499142 0.902489 -0.018706
v 0.471607 0.896404 -0.018706
v 0.449423 0.904916 -0.026269
v 0.453682 0.922645 -0.035733
v 0.475472 0.944256 0.000002
v 0.502273 0.943189 0.000002
v 0.514154 0.926431 0.000002
v 0.498060 0.907384 0.000002
v 0.470525 0.901299 0.000002
v 0.447904 0.911790 0.000002
v 0.451616 0.931995 0.000002
v 0.477735 0.934013 0.039149
v 0.504339 0.933840 0.035737
v 0.515673 0.919557 0.026273
v 0.499142 0.902489 0.018710
v 0.471607 0.896404 0.018710
v 0.449423 0.904916 0.026273
v 0.453682 0.922645 0.035737
v 0.483919 0.906031 0.067806
v 0.509984 0.908296 0.061896
v 0.519823 0.900779 0.045504
v 0.502097 0.889116 0.032406
v 0.474562 0.883031 0.032406
v 0.453572 0.886138 0.045504
v 0.459327 0.897102 0.061896
v 0.492366 0.867806 0.078296
v 0.517695 0.873404 0.071471
v 0.525492 0.875127 0.052544
v 0.506134 0.870849 0.037418
v 0.478599 0.864764 0.037418
v 0.459241 0.860486 0.052543
v 0.467038 0.862209 0.071471
v 0.500814 0.829582 0.067806
v 0.525406 0.838511 0.061896
v 0.531161 0.849475 0.045504
v 0.510171 0.852581 0.032406
v 0.482636 0.846496 0.032406
v 0.464910 0.834834 0.045504
v 0.474749 0.827316 0.061896
v 0.506998 0.801599 0.039149
v 0.531050 0.812967 0.035737
v 0.535310 0.830696 0.026273
v 0.513126 0.839209 0.018710
v 0.485591 0.833124 0.018710
v 0.469060 0.816056 0.026273
v 0.480394 0.801773 0.035737
v -0.651198 1.029167 -0.028008
v -0.629759 1.008411 -0.023313
v -0.607435 1.012024 -0.018424
v -0.604813 1.039979 -0.017850
v -0.621188 1.066953 -0.021436
v -0.646833 1.076927 -0.027052
v -0.659883 1.058037 -0.029910
v -0.631964 1.035402 -0.068929
v -0.612202 1.014103 -0.060667
v -0.594528 1.016208 -0.045885
v -0.595622 1.042958 -0.037406
v -0.611996 1.069933 -0.040992
v -0.633925 1.081111 -0.054513
v -0.642326 1.063729 -0.067264
v -0.598281 1.052437 -0.094592
v -0.581454 1.029653 -0.084093
v -0.571924 1.027640 -0.063107
v -0.579525 1.051099 -0.049670
v -0.595899 1.078074 -0.053256
v -0.611321 1.092543 -0.071735
v -0.611579 1.079279 -0.090690
v -0.559174 1.075707 -0.098121
v -0.545756 1.050894 -0.087314
v -0.545679 1.043256 -0.065475
v -0.560835 1.062220 -0.051356
v -0.577210 1.089195 -0.054942
v -0.585077 1.108159 -0.074103
v -0.575880 1.100520 -0.093911
v -0.525121 1.098977 -0.078570
v -0.514671 1.072136 -0.069467
v -0.522827 1.058872 -0.052355
v -0.544561 1.073341 -0.042013
v -0.560936 1.100316 -0.045599
v -0.562225 1.123775 -0.060983
v -0.544795 1.121762 -0.076064
v -0.505247 1.116012 -0.041177
v -0.496530 1.087686 -0.035334
v -0.509490 1.070304 -0.027262
v -0.535064 1.081482 -0.024143
v -0.551438 1.108456 -0.027729
v -0.548888 1.135207 -0.035890
v -0.526654 1.137312 -0.041932
v -0.504877 1.122247 0.004037
v -0.496192 1.093378 0.005939
v -0.509242 1.074488 0.003081
v -0.534887 1.084461 -0.002535
v -0.551261 1.111436 -0.006122
v -0.548640 1.139391 -0.005547
v -0.526316 1.143004 -0.000658
v -0.524111 1.116012 0.044958
v -0.513749 1.087686 0.043293
v -0.522149 1.070304 0.030542
v -0.544079 1.081482 0.017021
v -0.560453 1.108457 0.013435
v -0.561547 1.135207 0.021914
v -0.543873 1.137312 0.036696
v -0.557794 1.098977 0.070621
v -0.544496 1.072136 0.066719
v -0.544753 1.058872 0.047764
v -0.560176 1.073341 0.029285
v -0.576550 1.100316 0.025699
v -0.584151 1.123775 0.039136
v -0.574620 1.121762 0.060122
v -0.596901 1.075707 0.074150
v -0.580195 1.050894 0.069940
v -0.570998 1.043256 0.050132
v -0.578865 1.062220 0.030971
v -0.595240 1.089195 0.027385
v -0.610395 1.108159 0.041504
v -0.610319 1.100520 0.063343
v -0.630954 1.052437 0.054598
v -0.611280 1.029653 0.052093
v -0.593850 1.027640 0.037012
v -0.595139 1.051099 0.021628
v -0.611514 1.078074 0.018042
v -0.633248 1.092543 0.028384
v -0.641404 1.079279 0.045496
v -0.650828 1.035402 0.017206
v -0.629421 1.014103 0.017960
v -0.607187 1.016208 0.011919
v -0.604637 1.042958 0.003758
v -0.621011 1.069933 0.000172
v -0.646585 1.081111 0.003291
v -0.659545 1.063729 0.011363
v 0.127205 1.298692 -0.474734
v 0.245741 1.298692 -0.425635
v 0.347530 1.298692 -0.347530
v 0.425635 1.298692 -0.245741
v 0.474734 1.298692 -0.127205
v 0.491481 1.298692 0.000000
v 0.474734 1.298692 0.127205
v 0.425635 1.298692 0.245741
v 0.347530 1.298692 0.347530
v 0.245740 1.298692 0.425635
v -0.245741 1.298692 0.425635
v -0.347530 1.298692 0.347530
v -0.425635 1.298692 0.245741
v -0.474734 1.298692 0.127205
v -0.491481 1.298692 0.000000
v -0.474734 1.298692 -0.127205
v -0.425635 1.298692 -0.245741
v -0.347530 1.298692 -0.347530
v -0.245741 1.298692 -0.425635
v -0.127205 1.298692 -0.474734
v -0.000000 1.298692 -0.491481
v 0.000002 0.926470 0.543441
v -0.034589 0.937629 0.598211
v 0.034590 0.937653 0.598239
v -0.034792 0.955393 0.615074
v 0.034792 0.955407 0.615081
v -0.035016 0.981099 0.621652
v 0.035016 0.981040 0.621642
v 0.034733 1.008889 0.615061
v -0.034728 1.008889 0.615086
v 0.000048 1.176582 0.523858
vt 0.375000 0.201524
vt 0.375000 0.048476
vt 0.423476 0.048476
vt 0.423476 0.201524
vt 0.576524 0.701524
vt 0.625000 0.701524
vt 0.625000 0.743171
vt 0.576524 0.750000
vt 0.173476 0.548476
vt 0.173476 0.701524
vt 0.125000 0.701524
vt 0.125000 0.548476
vt 0.423476 0.000000
vt 0.576524 0.000000
vt 0.576524 0.048476
vt 0.604512 0.000000
vt 0.625000 0.048476
vt 0.423476 0.701524
vt 0.423476 0.750000
vt 0.381829 0.750000
vt 0.375000 0.701524
vt 0.826524 0.701524
vt 0.875000 0.701524
vt 0.875000 0.729512
vt 0.826524 0.750000
vt 0.423476 0.951524
vt 0.423476 1.000000
vt 0.395488 1.000000
vt 0.375000 0.951524
vt 0.576524 0.951524
vt 0.625000 0.951524
vt 0.625000 0.979512
vt 0.576524 1.000000
vt 0.173476 0.750000
vt 0.145488 0.750000
vt 0.423476 0.798476
vt 0.576524 0.798476
vt 0.423476 0.548476
vt 0.576524 0.548476
vt 0.673476 0.548476
vt 0.826524 0.548476
vt 0.673476 0.701524
vt 0.875000 0.548476
vt 0.625000 0.798476
vt 0.673476 0.750000
vt 0.326524 0.701524
vt 0.326524 0.750000
vt 0.375000 0.798476
vt 0.576524 0.201524
vt 0.375000 0.020488
vt 0.625000 0.201524
vt 0.326524 0.548476
vt 0.375000 0.548476
vt 0.625000 0.548476
vt 0.375000 0.201524
vt 0.375000 0.048476
vt 0.423476 0.048476
vt 0.423476 0.201524
vt 0.576524 0.701524
vt 0.625000 0.701524
vt 0.625000 0.743171
vt 0.576524 0.750000
vt 0.173476 0.548476
vt 0.173476 0.701524
vt 0.125000 0.701524
vt 0.125000 0.548476
vt 0.423476 0.000000
vt 0.576524 0.000000
vt 0.576524 0.048476
vt 0.604512 0.000000
vt 0.625000 0.048476
vt 0.423476 0.701524
vt 0.423476 0.750000
vt 0.381829 0.750000
vt 0.375000 0.701524
vt 0.826524 0.701524
vt 0.875000 0.701524
vt 0.875000 0.729512
vt 0.826524 0.750000
vt 0.423476 0.951524
vt 0.423476 1.000000
vt 0.395488 1.000000
vt 0.375000 0.951524
vt 0.576524 0.951524
vt 0.625000 0.951524
vt 0.625000 0.979512
vt 0.576524 1.000000
vt 0.173476 0.750000
vt 0.145488 0.750000
vt 0.423476 0.798476
vt 0.576524 0.798476
vt 0.423476 0.548476
vt 0.576524 0.548476
vt 0.673476 0.548476
vt 0.826524 0.548476
vt 0.673476 0.701524
vt 0.875000 0.548476
vt 0.625000 0.798476
vt 0.673476 0.750000
vt 0.326524 0.701524
vt 0.326524 0.750000
vt 0.375000 0.798476
vt 0.576524 0.201524
vt 0.375000 0.020488
vt 0.625000 0.201524
vt 0.326524 0.548476
vt 0.375000 0.548476
vt 0.625000 0.548476
vt 0.864190 0.610799
vt 0.864190 0.639201
vt 0.822903 0.639201
vt 0.822903 0.610799
vt 0.438693 0.610799
vt 0.561307 0.610799
vt 0.561307 0.639201
vt 0.438693 0.639201
vt 0.561307 0.989190
vt 0.438693 0.989190
vt 0.438693 0.947903
vt 0.561307 0.947903
vt 0.561307 0.260810
vt 0.561307 0.302097
vt 0.438693 0.302097
vt 0.438693 0.260810
vt 0.438693 0.110799
vt 0.561307 0.110799
vt 0.561307 0.139201
vt 0.438693 0.139201
vt 0.322903 0.610799
vt 0.364190 0.610799
vt 0.364190 0.639201
vt 0.322903 0.639201
vt 0.135682 0.674552
vt 0.177097 0.673446
vt 0.177097 0.704316
vt 0.135844 0.702816
vt 0.177097 0.750000
vt 0.135831 0.750000
vt 0.418485 0.989346
vt 0.419007 0.947903
vt 0.135810 0.639201
vt 0.131655 0.673296
vt 0.131451 0.639201
vt 0.132367 0.697827
vt 0.132367 0.750000
vt 0.402092 0.989169
vt 0.401262 0.947903
vt 0.438693 0.993549
vt 0.419144 0.993337
vt 0.438693 1.000000
vt 0.419093 1.000000
vt 0.580993 0.947903
vt 0.581629 0.989318
vt 0.404992 0.992633
vt 0.404992 1.000000
vt 0.419007 0.110799
vt 0.418371 0.075646
vt 0.438693 0.076554
vt 0.401262 0.110799
vt 0.402124 0.076792
vt 0.375000 0.110799
vt 0.375000 0.076704
vt 0.419094 0.047128
vt 0.438693 0.045684
vt 0.404992 0.052173
vt 0.375000 0.052173
vt 0.125000 0.697827
vt 0.598738 0.947903
vt 0.597876 0.989156
vt 0.822903 0.704316
vt 0.625000 0.989169
vt 0.822903 0.750000
vt 0.864346 0.674354
vt 0.822903 0.673446
vt 0.580907 0.993345
vt 0.561307 0.993549
vt 0.595008 0.992633
vt 0.625000 0.992633
vt 0.864169 0.702872
vt 0.868549 0.639201
vt 0.868337 0.673208
vt 0.875000 0.639201
vt 0.875000 0.673296
vt 0.177097 0.610799
vt 0.135810 0.610799
vt 0.135654 0.575646
vt 0.177097 0.576554
vt 0.867633 0.697827
vt 0.875000 0.697827
vt 0.561307 0.076554
vt 0.581515 0.075448
vt 0.580993 0.110799
vt 0.561307 0.045684
vt 0.580856 0.047184
vt 0.561307 0.000000
vt 0.580907 0.000000
vt 0.597908 0.076704
vt 0.598738 0.110799
vt 0.595008 0.052173
vt 0.595008 0.000000
vt 0.595008 1.000000
vt 0.135831 0.547128
vt 0.177097 0.545684
vt 0.131451 0.610799
vt 0.131663 0.576792
vt 0.125000 0.610799
vt 0.125000 0.576704
vt 0.419007 0.302097
vt 0.418372 0.260682
vt 0.132367 0.552173
vt 0.125000 0.552173
vt 0.438693 0.173446
vt 0.418485 0.174552
vt 0.419007 0.139201
vt 0.438693 0.204316
vt 0.419144 0.202815
vt 0.438693 0.256451
vt 0.419094 0.256655
vt 0.402092 0.173296
vt 0.401262 0.139201
vt 0.404992 0.197827
vt 0.404992 0.257367
vt 0.401262 0.302097
vt 0.402124 0.260844
vt 0.375000 0.260831
vt 0.177097 0.500000
vt 0.822903 0.576554
vt 0.864318 0.575448
vt 0.375000 0.257367
vt 0.132367 0.500000
vt 0.822903 0.545684
vt 0.864156 0.547184
vt 0.822903 0.500000
vt 0.864169 0.500000
vt 0.581515 0.260654
vt 0.580993 0.302097
vt 0.868345 0.576704
vt 0.868549 0.610799
vt 0.867633 0.552173
vt 0.867633 0.500000
vt 0.597908 0.260831
vt 0.598738 0.302097
vt 0.561307 0.256451
vt 0.580856 0.256663
vt 0.561307 0.204316
vt 0.580907 0.202872
vt 0.177097 0.639201
vt 0.595008 0.257367
vt 0.595008 0.197827
vt 0.580993 0.139201
vt 0.581629 0.174354
vt 0.561307 0.173446
vt 0.598738 0.139201
vt 0.597876 0.173208
vt 0.625000 0.139201
vt 0.625000 0.173296
vt 0.625000 0.197827
vt 0.875000 0.552173
vt 0.322903 0.673446
vt 0.364346 0.674354
vt 0.364169 0.702872
vt 0.322903 0.704316
vt 0.368549 0.639201
vt 0.368337 0.673208
vt 0.401262 0.639201
vt 0.402092 0.673296
vt 0.419007 0.802097
vt 0.418372 0.760682
vt 0.438693 0.760810
vt 0.438693 0.802097
vt 0.367633 0.697827
vt 0.404992 0.697827
vt 0.438693 0.673446
vt 0.418485 0.674552
vt 0.419007 0.639201
vt 0.438693 0.704316
vt 0.419144 0.702816
vt 0.438693 0.756451
vt 0.419093 0.756655
vt 0.404992 0.757367
vt 0.401262 0.802097
vt 0.402124 0.760844
vt 0.375000 0.760831
vt 0.322903 0.750000
vt 0.635810 0.639201
vt 0.677097 0.639201
vt 0.677097 0.673446
vt 0.635682 0.674552
vt 0.375000 0.757367
vt 0.375000 0.697827
vt 0.367633 0.750000
vt 0.677097 0.704316
vt 0.635844 0.702816
vt 0.677097 0.750000
vt 0.635831 0.750000
vt 0.581515 0.760654
vt 0.580993 0.802097
vt 0.561307 0.802097
vt 0.561307 0.760810
vt 0.631655 0.673296
vt 0.631451 0.639201
vt 0.632367 0.697827
vt 0.632367 0.750000
vt 0.597908 0.760831
vt 0.598738 0.802097
vt 0.561307 0.756451
vt 0.580856 0.756663
vt 0.561307 0.704316
vt 0.580907 0.702872
vt 0.322903 0.576554
vt 0.364318 0.575448
vt 0.595008 0.757367
vt 0.595008 0.697827
vt 0.580993 0.639201
vt 0.581629 0.674354
vt 0.561307 0.673446
vt 0.598738 0.639201
vt 0.597876 0.673208
vt 0.625000 0.697827
vt 0.322903 0.545684
vt 0.364156 0.547184
vt 0.322903 0.500000
vt 0.364169 0.500000
vt 0.418485 0.489346
vt 0.419007 0.447903
vt 0.438693 0.447903
vt 0.438693 0.489190
vt 0.368345 0.576704
vt 0.368549 0.610799
vt 0.367633 0.552173
vt 0.367633 0.500000
vt 0.402092 0.489169
vt 0.401262 0.447903
vt 0.438693 0.493549
vt 0.419144 0.493337
vt 0.438693 0.545684
vt 0.419094 0.547128
vt 0.677097 0.610799
vt 0.635810 0.610799
vt 0.635654 0.575646
vt 0.677097 0.576554
vt 0.404992 0.492633
vt 0.404992 0.552173
vt 0.419007 0.610799
vt 0.418371 0.575646
vt 0.438693 0.576554
vt 0.401262 0.610799
vt 0.402124 0.576792
vt 0.375000 0.552173
vt 0.635832 0.547128
vt 0.677097 0.545684
vt 0.631451 0.610799
vt 0.631663 0.576792
vt 0.598738 0.610799
vt 0.597908 0.576704
vt 0.580993 0.447903
vt 0.581629 0.489318
vt 0.561307 0.489190
vt 0.561307 0.447903
vt 0.632367 0.552173
vt 0.595008 0.552173
vt 0.561307 0.576554
vt 0.581515 0.575448
vt 0.580993 0.610799
vt 0.561307 0.545684
vt 0.580856 0.547185
vt 0.561307 0.493549
vt 0.580907 0.493345
vt 0.595008 0.492633
vt 0.598738 0.447903
vt 0.597876 0.489156
vt 0.625000 0.489169
vt 0.677097 0.500000
vt 0.625000 0.492633
vt 0.625000 0.552173
vt 0.632367 0.500000
vt 0.125000 0.639201
vt 0.561307 1.000000
vt 0.875000 0.610799
vt 0.213549 0.636084
vt 0.201980 0.639201
vt 0.201962 0.610799
vt 0.213549 0.607609
vt 0.298038 0.610799
vt 0.298043 0.576554
vt 0.580993 0.827032
vt 0.561307 0.827064
vt 0.580993 0.922968
vt 0.561307 0.922936
vt 0.598738 0.826996
vt 0.598738 0.923004
vt 0.701969 0.704316
vt 0.701996 0.750000
vt 0.798031 0.704316
vt 0.798004 0.750000
vt 0.701958 0.673446
vt 0.798037 0.639201
vt 0.798042 0.673446
vt 0.438693 0.827091
vt 0.419007 0.922914
vt 0.438693 0.922909
vt 0.419007 0.827086
vt 0.401262 0.922930
vt 0.401262 0.827070
vt 0.202042 0.704316
vt 0.202070 0.750000
vt 0.297958 0.704316
vt 0.297930 0.750000
vt 0.202009 0.673446
vt 0.298020 0.639201
vt 0.297991 0.673446
vt 0.580993 0.327087
vt 0.561307 0.327084
vt 0.580993 0.422913
vt 0.561307 0.422916
vt 0.598738 0.327072
vt 0.598738 0.422928
vt 0.797957 0.545684
vt 0.797928 0.500000
vt 0.702043 0.545684
vt 0.702072 0.500000
vt 0.797990 0.576554
vt 0.701981 0.610799
vt 0.701963 0.639201
vt 0.702010 0.576554
vt 0.438693 0.327071
vt 0.419007 0.422968
vt 0.438693 0.422929
vt 0.419007 0.327032
vt 0.401262 0.423005
vt 0.401262 0.326995
vt 0.298032 0.545684
vt 0.298005 0.500000
vt 0.201968 0.545684
vt 0.201995 0.500000
vt 0.201957 0.576554
vt 0.798019 0.610799
vt 0.287878 0.602908
vt 0.285519 0.636558
vt 0.286451 0.636084
vt 0.286451 0.607609
vt 0.563269 0.838549
vt 0.583485 0.838549
vt 0.338467 0.636351
vt 0.339878 0.606598
vt 0.587207 0.770416
vt 0.571193 0.775058
vt 0.563269 0.911451
vt 0.583485 0.911451
vt 0.598738 0.838549
vt 0.580939 0.823981
vt 0.601064 0.816624
vt 0.607132 0.753400
vt 0.598738 0.911451
vt 0.713549 0.737394
vt 0.713549 0.704316
vt 0.629340 0.791495
vt 0.636200 0.716396
vt 0.630418 0.801510
vt 0.786451 0.737394
vt 0.786451 0.704316
vt 0.713549 0.696840
vt 0.713549 0.669730
vt 0.650534 0.854297
vt 0.673913 0.738436
vt 0.655678 0.676728
vt 0.786451 0.696840
vt 0.786451 0.669730
vt 0.713549 0.636080
vt 0.704592 0.686246
vt 0.661716 0.639870
vt 0.786451 0.636080
vt 0.439768 0.911451
vt 0.422398 0.911451
vt 0.714414 0.642984
vt 0.368763 0.789054
vt 0.400404 0.806679
vt 0.439768 0.838549
vt 0.422398 0.838549
vt 0.415655 0.911451
vt 0.402153 0.911451
vt 0.417694 0.765520
vt 0.394630 0.755237
vt 0.332890 0.757063
vt 0.380198 0.880955
vt 0.223867 0.758108
vt 0.415655 0.838549
vt 0.402153 0.838549
vt 0.213549 0.740788
vt 0.213549 0.701205
vt 0.293108 0.754447
vt 0.393969 0.821823
vt 0.370043 0.734478
vt 0.301125 0.714499
vt 0.286451 0.740788
vt 0.286451 0.701205
vt 0.213549 0.669953
vt 0.348777 0.703286
vt 0.287336 0.675633
vt 0.286451 0.669953
vt 0.339612 0.670926
vt 0.562347 0.338549
vt 0.578729 0.338549
vt 0.630729 0.454388
vt 0.598575 0.436365
vt 0.562347 0.411451
vt 0.578729 0.411451
vt 0.582328 0.338549
vt 0.595821 0.338549
vt 0.582079 0.479417
vt 0.605489 0.489839
vt 0.668572 0.487905
vt 0.596455 0.350699
vt 0.752678 0.473460
vt 0.582328 0.411451
vt 0.595821 0.411451
vt 0.786451 0.500000
vt 0.786451 0.541473
vt 0.691759 0.485444
vt 0.590969 0.418115
vt 0.631308 0.511332
vt 0.701780 0.531964
vt 0.713549 0.500000
vt 0.713549 0.541473
vt 0.786451 0.573576
vt 0.653425 0.543389
vt 0.715365 0.571071
vt 0.713549 0.573576
vt 0.786451 0.607823
vt 0.662378 0.575982
vt 0.716819 0.609815
vt 0.713549 0.607823
vt 0.440256 0.411451
vt 0.421623 0.411451
vt 0.663218 0.610392
vt 0.415688 0.474262
vt 0.431091 0.470075
vt 0.440256 0.338549
vt 0.421623 0.338549
vt 0.406232 0.411451
vt 0.422469 0.419254
vt 0.403411 0.425866
vt 0.396496 0.490475
vt 0.406232 0.338549
vt 0.286451 0.500000
vt 0.286451 0.533895
vt 0.376429 0.449785
vt 0.367055 0.527768
vt 0.401262 0.411451
vt 0.316079 0.511044
vt 0.213549 0.500000
vt 0.213549 0.533895
vt 0.286451 0.545684
vt 0.286451 0.572961
vt 0.261989 0.492231
vt 0.401262 0.338549
vt 0.331301 0.503503
vt 0.346247 0.568999
vt 0.213549 0.545684
vt 0.213549 0.572961
vt 0.298366 0.558377
vt 0.250000 0.833333
vt 0.375000 0.833333
vt 0.500000 0.833333
vt 0.625000 0.833333
vt 0.750000 0.833333
vt 0.875000 0.833333
vt 0.000000 0.833333
vt 0.125000 0.833333
vt 0.750000 0.490000
vt 0.919706 0.419706
vt 0.990000 0.250000
vt 0.919706 0.080294
vt 0.750000 0.010000
vt 0.580294 0.080294
vt 0.510000 0.250000
vt 0.580294 0.419706
vt 0.125000 0.500000
vt 0.125000 0.666667
vt 0.000000 0.666667
vt 0.000000 0.500000
vt 0.250000 0.500000
vt 0.250000 0.666667
vt 0.375000 0.500000
vt 0.375000 0.666667
vt 0.500000 0.500000
vt 0.500000 0.666667
vt 0.625000 0.500000
vt 0.625000 0.666667
vt 0.750000 0.500000
vt 0.750000 0.666667
vt 0.875000 0.500000
vt 0.875000 0.666667
vt 1.000000 0.500000
vt 1.000000 0.666667
vt 1.000000 0.833333
vt 1.000000 0.833333
vt 0.875000 1.000000
vt 0.875000 0.833333
vt 0.750000 1.000000
vt 0.750000 0.833333
vt 0.625000 1.000000
vt 0.625000 0.833333
vt 0.500000 1.000000
vt 0.500000 0.833333
vt 0.375000 1.000000
vt 0.375000 0.833333
vt 0.250000 1.000000
vt 0.250000 0.833333
vt 0.125000 1.000000
vt 0.125000 0.833333
vt 0.000000 1.000000
vt 0.000000 0.833333
vt 0.750000 0.490000
vt 0.919706 0.419706
vt 0.990000 0.250000
vt 0.919706 0.080294
vt 0.750000 0.010000
vt 0.580294 0.080294
vt 0.510000 0.250000
vt 0.580294 0.419706
vt 0.125000 0.500000
vt 0.125000 0.666667
vt 0.000000 0.666667
vt 0.000000 0.500000
vt 0.250000 0.500000
vt 0.250000 0.666667
vt 0.375000 0.500000
vt 0.375000 0.666667
vt 0.500000 0.500000
vt 0.500000 0.666667
vt 0.625000 0.500000
vt 0.625000 0.666667
vt 0.750000 0.500000
vt 0.750000 0.666667
vt 0.875000 0.500000
vt 0.875000 0.666667
vt 1.000000 0.500000
vt 1.000000 0.666667
vt 0.166667 0.250000
vt 0.166667 0.321313
vt 0.125000 0.321327
vt 0.125000 0.250000
vt 0.125000 0.179920
vt 0.166667 0.179920
vt 0.166667 0.179920
vt 0.125000 0.179920
vt 0.333333 0.250000
vt 0.333333 0.321312
vt 0.291667 0.321300
vt 0.291667 0.250000
vt 0.375000 0.333333
vt 0.333333 0.333333
vt 0.333333 0.333333
vt 0.375000 0.333333
vt 0.166667 0.333333
vt 0.125000 0.333333
vt 0.125000 0.333333
vt 0.166667 0.333333
vt 0.250000 0.333333
vt 0.208333 0.333333
vt 0.208333 0.333333
vt 0.250000 0.333333
vt 0.083333 0.250000
vt 0.083333 0.179920
vt 0.083333 0.354563
vt 0.083333 0.416667
vt 0.041667 0.416667
vt 0.041667 0.333333
vt 0.208333 0.179920
vt 0.208333 0.250000
vt 0.291667 0.333333
vt 0.291667 0.333333
vt 0.250000 0.321295
vt 0.250000 0.250000
vt 0.333333 0.179920
vt 0.291667 0.179920
vt 0.250000 0.179920
vt 0.405682 0.333333
vt 0.416667 0.179920
vt 0.416667 0.250000
vt 0.375000 0.250000
vt 0.375000 0.179920
vt 0.416667 0.323920
vt 0.375000 0.321327
vt 0.750000 0.750000
vt 0.750000 0.833333
vt 0.708333 0.833333
vt 0.708333 0.750000
vt 0.750000 0.083333
vt 0.750000 0.159725
vt 0.711804 0.159725
vt 0.750000 0.416667
vt 0.750000 0.500000
vt 0.708333 0.500000
vt 0.708333 0.416667
vt 0.750000 0.666667
vt 0.708333 0.666667
vt 0.666667 0.179920
vt 0.666667 0.250000
vt 0.625000 0.250000
vt 0.625000 0.179920
vt 0.750000 0.916667
vt 0.729167 1.000000
vt 0.708333 0.916667
vt 0.750000 0.333333
vt 0.708333 0.333333
vt 0.750000 0.583333
vt 0.708333 0.583333
vt 0.750000 0.250000
vt 0.708333 0.250000
vt 0.750000 0.541667
vt 0.708333 0.541667
vt 0.687500 1.000000
vt 0.666667 0.916667
vt 0.666667 0.416667
vt 0.666667 0.333333
vt 0.666667 0.666667
vt 0.666667 0.583333
vt 0.666667 0.833333
vt 0.666667 0.541667
vt 0.666667 0.750000
vt 0.708333 0.083333
vt 0.708333 0.159725
vt 0.670138 0.159725
vt 0.666667 0.500000
vt 0.750000 0.179920
vt 0.708333 0.179920
vt 0.666667 0.083333
vt 0.666667 0.159725
vt 0.628471 0.159725
vt 0.625000 0.500000
vt 0.625000 0.416667
vt 0.625000 0.750000
vt 0.625000 0.666667
vt 0.583333 0.250000
vt 0.583333 0.179920
vt 0.645834 1.000000
vt 0.625000 0.916667
vt 0.625000 0.333333
vt 0.625000 0.583333
vt 0.625000 0.833333
vt 0.625000 0.541667
vt 0.583334 0.916667
vt 0.583333 0.833333
vt 0.583333 0.333333
vt 0.583333 0.583333
vt 0.583333 0.541667
vt 0.583333 0.750000
vt 0.625000 0.083333
vt 0.625000 0.159725
vt 0.586804 0.159725
vt 0.583333 0.500000
vt 0.583333 0.416667
vt 0.583333 0.666667
vt 0.541667 0.250000
vt 0.541667 0.179920
vt 0.604167 1.000000
vt 0.500000 0.250000
vt 0.500000 0.179920
vt 0.562500 1.000000
vt 0.541667 0.916667
vt 0.541667 0.416667
vt 0.541667 0.333333
vt 0.541667 0.666667
vt 0.541667 0.583333
vt 0.541667 0.833333
vt 0.541667 0.541667
vt 0.541667 0.750000
vt 0.583334 0.083333
vt 0.583333 0.159725
vt 0.545138 0.159725
vt 0.541667 0.500000
vt 0.500000 0.833333
vt 0.500000 0.750000
vt 0.541667 0.083333
vt 0.541667 0.159725
vt 0.503471 0.159725
vt 0.500000 0.500000
vt 0.500000 0.416667
vt 0.500000 0.666667
vt 0.458333 0.250000
vt 0.458333 0.179920
vt 0.520834 1.000000
vt 0.500000 0.916667
vt 0.500000 0.333333
vt 0.500000 0.583333
vt 0.500000 0.541667
vt 0.458334 0.916667
vt 0.458333 0.833333
vt 0.458333 0.333333
vt 0.458333 0.583333
vt 0.458333 0.541667
vt 0.458333 0.750000
vt 0.500000 0.083333
vt 0.500000 0.159725
vt 0.461804 0.159725
vt 0.458333 0.500000
vt 0.458333 0.416667
vt 0.458333 0.666667
vt 0.479167 1.000000
vt 0.416667 0.750000
vt 0.416667 0.666667
vt 0.437500 1.000000
vt 0.416667 0.916667
vt 0.416667 0.583333
vt 0.416667 0.833333
vt 0.416667 0.416667
vt 0.422360 0.333333
vt 0.416667 0.541667
vt 0.458334 0.083333
vt 0.458333 0.159725
vt 0.420138 0.159725
vt 0.416667 0.500000
vt 0.375000 0.833333
vt 0.375000 0.750000
vt 0.416667 0.083333
vt 0.416667 0.159725
vt 0.378471 0.159725
vt 0.375000 0.500000
vt 0.375000 0.416667
vt 0.375000 0.666667
vt 0.333333 0.179920
vt 0.375000 0.179920
vt 0.395834 1.000000
vt 0.375000 0.916667
vt 0.375000 0.583333
vt 0.416667 0.354563
vt 0.333333 0.916667
vt 0.333333 0.833333
vt 0.333333 0.750000
vt 0.375000 0.083333
vt 0.375000 0.159725
vt 0.336804 0.159725
vt 0.333333 0.666667
vt 0.354167 1.000000
vt 0.333333 0.416667
vt 0.291667 0.750000
vt 0.291667 0.666667
vt 0.208333 0.321300
vt 0.312500 1.000000
vt 0.291667 0.916667
vt 0.291667 0.416667
vt 0.333333 0.583333
vt 0.291667 0.583333
vt 0.291667 0.833334
vt 0.250000 0.179920
vt 0.291667 0.179920
vt 0.333333 0.541667
vt 0.291667 0.541667
vt 0.333333 0.083333
vt 0.333333 0.159725
vt 0.295137 0.159725
vt 0.333333 0.500000
vt 0.291667 0.500000
vt 0.250000 0.583333
vt 0.250000 0.541667
vt 0.250000 0.833334
vt 0.250000 0.750000
vt 0.291667 0.083333
vt 0.291667 0.159725
vt 0.253471 0.159725
vt 0.250000 0.666667
vt 0.270833 1.000000
vt 0.250000 0.916667
vt 0.250000 0.416667
vt 0.208333 0.666667
vt 0.208333 0.583333
vt 0.208333 0.916667
vt 0.208333 0.833334
vt 0.208333 0.541667
vt 0.208333 0.750000
vt 0.250000 0.083333
vt 0.250000 0.159725
vt 0.211804 0.159725
vt 0.229167 1.000000
vt 0.208333 0.416667
vt 0.208333 0.500000
vt 0.166667 0.500000
vt 0.166667 0.416667
vt 0.166667 0.750000
vt 0.166667 0.666667
vt 0.208333 0.179920
vt 0.187500 1.000000
vt 0.166667 0.916667
vt 0.166667 0.583333
vt 0.166667 0.833333
vt 0.166667 0.541667
vt 0.208333 0.083333
vt 0.208333 0.159725
vt 0.170137 0.159725
vt 0.125000 0.583333
vt 0.125000 0.541667
vt 0.125000 0.833333
vt 0.125000 0.750000
vt 0.166667 0.083333
vt 0.166667 0.159725
vt 0.128471 0.159725
vt 0.125000 0.500000
vt 0.125000 0.416667
vt 0.125000 0.666667
vt 0.145833 1.000000
vt 0.125000 0.916667
vt 0.077640 0.333333
vt 0.041667 0.250000
vt 0.083333 0.666667
vt 0.083333 0.583333
vt 0.083333 0.916667
vt 0.083333 0.833333
vt 0.083333 0.541667
vt 0.083333 0.750000
vt 0.125000 0.083333
vt 0.125000 0.159725
vt 0.086804 0.159725
vt 0.083333 0.500000
vt 0.041667 0.179920
vt 0.104166 1.000000
vt 0.041667 0.500000
vt 0.041667 0.750000
vt 0.041667 0.666667
vt 0.000000 0.250000
vt 0.000000 0.179920
vt 0.062500 1.000000
vt 0.041666 0.916667
vt 0.094318 0.333333
vt 0.041667 0.583333
vt 0.041667 0.833333
vt 0.041667 0.541667
vt 0.083333 0.083333
vt 0.083333 0.159725
vt 0.045137 0.159725
vt 0.000000 0.333333
vt 0.000000 0.583333
vt 0.000000 0.541667
vt 0.000000 0.833333
vt 0.000000 0.750000
vt 0.041666 0.083333
vt 0.041667 0.159725
vt 0.003471 0.159725
vt 0.000000 0.500000
vt 0.000000 0.416667
vt 0.000000 0.666667
vt 1.000000 0.179920
vt 1.000000 0.250000
vt 0.958333 0.250000
vt 0.958333 0.179920
vt 0.020833 1.000000
vt 0.000000 0.916667
vt 1.000000 0.916667
vt 0.979166 1.000000
vt 0.958333 0.916667
vt 1.000000 0.333333
vt 1.000000 0.416667
vt 0.958333 0.416667
vt 0.958333 0.333333
vt 1.000000 0.583333
vt 1.000000 0.666667
vt 0.958333 0.666667
vt 0.958333 0.583333
vt 1.000000 0.833333
vt 0.958333 0.833333
vt 1.000000 0.541667
vt 0.958333 0.541667
vt 1.000000 0.750000
vt 0.958333 0.750000
vt 1.000000 0.083333
vt 1.000000 0.159725
vt 0.961804 0.159725
vt 1.000000 0.500000
vt 0.958333 0.500000
vt 0.916667 0.250000
vt 0.916667 0.179920
vt 0.958333 0.083333
vt 0.958333 0.159725
vt 0.920137 0.159725
vt 0.916667 0.500000
vt 0.916667 0.416667
vt 0.916667 0.750000
vt 0.916667 0.666667
vt 0.875000 0.250000
vt 0.875000 0.179920
vt 0.937500 1.000000
vt 0.916666 0.916667
vt 0.916667 0.333333
vt 0.916667 0.583333
vt 0.916667 0.833333
vt 0.916667 0.541667
vt 0.875000 0.916667
vt 0.875000 0.833333
vt 0.875000 0.333333
vt 0.875000 0.583333
vt 0.875000 0.541667
vt 0.875000 0.750000
vt 0.916666 0.083333
vt 0.916667 0.159725
vt 0.878471 0.159725
vt 0.875000 0.500000
vt 0.875000 0.416667
vt 0.875000 0.666667
vt 0.833333 0.250000
vt 0.833333 0.179920
vt 0.895833 1.000000
vt 0.791667 0.250000
vt 0.791667 0.179920
vt 0.854167 1.000000
vt 0.833333 0.916667
vt 0.833333 0.416667
vt 0.833333 0.333333
vt 0.833333 0.666667
vt 0.833333 0.583333
vt 0.833333 0.833333
vt 0.833333 0.541667
vt 0.833333 0.750000
vt 0.875000 0.083333
vt 0.875000 0.159725
vt 0.836804 0.159725
vt 0.833333 0.500000
vt 0.791667 0.833333
vt 0.791667 0.750000
vt 0.833333 0.083333
vt 0.833333 0.159725
vt 0.795137 0.159725
vt 0.791667 0.500000
vt 0.791667 0.416667
vt 0.791667 0.666667
vt 0.812500 1.000000
vt 0.791667 0.916667
vt 0.791667 0.333333
vt 0.791667 0.583333
vt 0.791667 0.541667
vt 0.791667 0.083333
vt 0.791667 0.159725
vt 0.753471 0.159725
vt 0.770833 1.000000
vt 0.208404 0.333333
vt 0.250000 0.333333
vt 0.208024 0.327126
vt 0.250000 0.327109
vt 0.083333 0.323920
vt 0.124309 0.327305
vt 0.084100 0.328490
vt 0.125151 0.333333
vt 0.088871 0.333333
vt 0.166063 0.327177
vt 0.166799 0.333333
vt 0.333201 0.333333
vt 0.374849 0.333333
vt 0.333937 0.327177
vt 0.375691 0.327305
vt 0.291976 0.327126
vt 0.291596 0.333333
vt 0.415900 0.328490
vt 0.411129 0.333333
vt 0.250000 0.536603
vt 0.221587 0.724456
vt 0.165392 0.724394
vt 0.165543 0.536603
vt 0.595611 0.719459
vt 0.404639 0.723237
vt 0.404569 0.538297
vt 0.278413 0.724433
vt 0.333349 0.732966
vt 0.278262 0.733557
vt 0.334713 0.724327
vt 0.250000 0.693585
vt 0.334457 0.536603
vt 0.292385 0.753456
vt 0.375000 0.791651
vt 0.388631 0.791807
vt 0.297571 0.764346
vt 0.395429 0.846099
vt 0.395467 0.791836
vt 0.404569 0.792975
vt 0.404371 0.845993
vt 0.166694 0.732952
vt 0.167594 0.750000
vt 0.154187 0.730616
vt 0.388165 0.846452
vt 0.404569 0.957025
vt 0.405339 0.974247
vt 0.396550 0.973786
vt 0.395520 0.958268
vt 0.398074 1.000000
vt 0.390482 0.971435
vt 0.388619 0.958242
vt 0.387650 0.212500
vt 0.388204 0.026108
vt 0.395389 0.026109
vt 0.149971 0.536603
vt 0.375000 0.026958
vt 0.125000 0.536603
vt 0.389723 0.017774
vt 0.595933 0.943440
vt 0.605582 0.943161
vt 0.605858 0.965156
vt 0.221738 0.733552
vt 0.221738 0.750000
vt 0.348945 0.723017
vt 0.350029 0.536603
vt 0.387650 0.537500
vt 0.388190 0.723923
vt 0.345813 0.730616
vt 0.395538 0.537913
vt 0.395441 0.723957
vt 0.404935 0.733965
vt 0.405339 0.775753
vt 0.396530 0.776182
vt 0.404639 0.026763
vt 0.595431 0.205761
vt 0.404569 0.211703
vt 0.396026 0.733680
vt 0.389723 0.732226
vt 0.395447 0.903905
vt 0.404371 0.904006
vt 0.388161 0.903549
vt 0.390482 0.778565
vt 0.596574 0.783287
vt 0.605832 0.784886
vt 0.605529 0.806681
vt 0.596574 0.966713
vt 0.598057 1.000000
vt 0.406957 1.000000
vt 0.404935 0.016035
vt 0.596035 0.018057
vt 0.595611 0.030541
vt 0.595933 0.806560
vt 0.596035 0.731943
vt 0.062500 0.500000
vt 0.062500 0.635990
vt 0.000000 0.635990
vt 0.000000 0.500000
vt 0.875000 0.500000
vt 0.875000 0.635990
vt 0.812500 0.635990
vt 0.812500 0.500000
vt 0.750000 0.635990
vt 0.750000 0.500000
vt 0.687500 0.635990
vt 0.687500 0.500000
vt 0.625000 0.635990
vt 0.625000 0.500000
vt 0.562500 0.635990
vt 0.562500 0.500000
vt 0.500000 0.635990
vt 0.500000 0.500000
vt 0.437500 0.635990
vt 0.437500 0.500000
vt 0.375000 0.635989
vt 0.375000 0.500000
vt 0.312500 0.635990
vt 0.312500 0.500000
vt 0.250000 0.635990
vt 0.250000 0.500000
vt 0.187500 0.635990
vt 0.187500 0.500000
vt 0.125000 0.635990
vt 0.125000 0.500000
vt 0.437500 1.000000
vt 0.500000 1.000000
vt 0.375000 1.000000
vt 1.000000 0.500000
vt 1.000000 0.635990
vt 0.937500 0.635989
vt 0.937500 0.500000
vt 0.125000 0.864011
vt 0.125000 1.000000
vt 0.062500 1.000000
vt 0.062500 0.864010
vt 0.187500 0.864010
vt 0.187500 1.000000
vt 0.250000 0.864010
vt 0.250000 1.000000
vt 0.312500 0.864010
vt 0.312500 1.000000
vt 0.375000 0.864010
vt 0.437500 0.864010
vt 0.500000 0.864010
vt 0.562500 0.864011
vt 0.562500 1.000000
vt 0.625000 0.864010
vt 0.625000 1.000000
vt 0.687500 0.864010
vt 0.687500 1.000000
vt 0.750000 0.864010
vt 0.750000 1.000000
vt 0.812500 0.864010
vt 0.812500 1.000000
vt 0.875000 0.864010
vt 0.875000 1.000000
vt 0.937500 0.864010
vt 0.937500 1.000000
vt 1.000000 0.864010
vt 1.000000 1.000000
vt 0.000000 0.864010
vt 0.000000 1.000000
vt 0.751484 0.388613
vt 0.750000 0.490000
vt 0.841844 0.471731
vt 0.786125 0.381748
vt 0.919706 0.419706
vt 0.823712 0.356891
vt 0.971731 0.341844
vt 0.854679 0.311368
vt 0.990000 0.250000
vt 0.867076 0.252560
vt 0.971731 0.158156
vt 0.856363 0.193993
vt 0.919706 0.080294
vt 0.827882 0.149256
vt 0.841844 0.028269
vt 0.798649 0.129076
vt 0.750000 0.010000
vt 0.677441 0.126536
vt 0.658156 0.028269
vt 0.678408 0.126975
vt 0.580294 0.080294
vt 0.704394 0.083939
vt 0.528269 0.158156
vt 0.663551 0.172306
vt 0.510000 0.250000
vt 0.639344 0.255515
vt 0.528269 0.341844
vt 0.649820 0.312288
vt 0.580294 0.419706
vt 0.679816 0.357176
vt 0.658156 0.471731
vt 0.716960 0.381835
vt 0.062500 0.500000
vt 0.000000 0.500000
vt 0.000000 0.635990
vt 0.062500 0.635990
vt 0.875000 0.500000
vt 0.812500 0.500000
vt 0.812500 0.635990
vt 0.875000 0.635990
vt 0.750000 0.500000
vt 0.750000 0.635990
vt 0.687500 0.500000
vt 0.687500 0.635990
vt 0.625000 0.500000
vt 0.625000 0.635990
vt 0.562500 0.500000
vt 0.562500 0.635990
vt 0.500000 0.500000
vt 0.500000 0.635990
vt 0.437500 0.500000
vt 0.437500 0.635990
vt 0.375000 0.500000
vt 0.375000 0.635989
vt 0.312500 0.500000
vt 0.312500 0.635990
vt 0.238881 0.500000
vt 0.187500 0.500000
vt 0.187500 0.635990
vt 0.239964 0.635990
vt 0.663551 0.172306
vt 0.523163 0.243340
vt 0.512747 0.236191
vt 0.528269 0.158156
vt 0.125000 0.500000
vt 0.125000 0.635990
vt 0.437500 1.000000
vt 0.375000 1.000000
vt 0.500000 1.000000
vt 1.000000 0.500000
vt 0.937500 0.500000
vt 0.937500 0.635989
vt 1.000000 0.635990
vt 0.125000 0.864011
vt 0.062500 0.864010
vt 0.062500 1.000000
vt 0.125000 1.000000
vt 0.187500 0.864010
vt 0.187500 1.000000
vt 0.312500 0.864010
vt 0.258871 0.864010
vt 0.260594 1.000000
vt 0.312500 1.000000
vt 0.258871 0.635990
vt 0.375000 0.864010
vt 0.437500 0.864010
vt 0.500000 0.864010
vt 0.562500 0.864011
vt 0.562500 1.000000
vt 0.625000 0.864010
vt 0.625000 1.000000
vt 0.687500 0.864010
vt 0.687500 1.000000
vt 0.750000 0.864010
vt 0.750000 1.000000
vt 0.812500 0.864010
vt 0.812500 1.000000
vt 0.875000 0.864010
vt 0.875000 1.000000
vt 0.937500 0.864010
vt 0.937500 1.000000
vt 1.000000 0.864010
vt 1.000000 1.000000
vt 0.000000 0.864010
vt 0.259397 0.500000
vt 0.239964 0.864010
vt 0.000000 1.000000
vt 0.236008 1.000000
vt 0.751484 0.388613
vt 0.841844 0.471731
vt 0.750000 0.490000
vt 0.786125 0.381748
vt 0.919706 0.419706
vt 0.823712 0.356891
vt 0.971731 0.341844
vt 0.854679 0.311368
vt 0.990000 0.250000
vt 0.867076 0.252560
vt 0.971731 0.158156
vt 0.856363 0.193993
vt 0.919706 0.080294
vt 0.827882 0.149256
vt 0.841844 0.028269
vt 0.798649 0.129076
vt 0.750000 0.010000
vt 0.677441 0.126536
vt 0.658156 0.028269
vt 0.678408 0.126975
vt 0.580294 0.080294
vt 0.704394 0.083939
vt 0.639344 0.255515
vt 0.528269 0.341844
vt 0.513250 0.266339
vt 0.521087 0.250473
vt 0.649820 0.312288
vt 0.580294 0.419706
vt 0.679816 0.357176
vt 0.658156 0.471731
vt 0.716960 0.381835
vt 0.250000 0.864484
vt 0.250000 0.634939
vt 0.250000 0.500000
vt 0.250566 1.000000
vt 0.375000 0.541667
vt 0.000000 0.000000
vt 0.500000 0.571429
vt 0.583333 0.571429
vt 0.583333 0.714286
vt 0.500000 0.714286
vt 0.583333 0.857143
vt 0.500000 0.857143
vt 0.583333 1.000000
vt 0.500000 1.000000
vt 0.500000 -0.000000
vt 0.583333 -0.000000
vt 0.583333 0.142857
vt 0.500000 0.142857
vt 0.583333 0.285714
vt 0.500000 0.285714
vt 0.583333 0.428571
vt 0.500000 0.428571
vt 0.666667 0.571429
vt 0.666667 0.714286
vt 0.666667 0.857143
vt 0.666667 1.000000
vt 0.666667 -0.000000
vt 0.666667 0.142857
vt 0.666667 0.285714
vt 0.666667 0.428571
vt 0.750000 0.571429
vt 0.750000 0.714286
vt 0.750000 0.857143
vt 0.750000 1.000000
vt 0.750000 -0.000000
vt 0.750000 0.142857
vt 0.750000 0.285714
vt 0.750000 0.428571
vt 0.833333 0.571429
vt 0.833333 0.714286
vt 0.833333 0.857143
vt 0.833333 1.000000
vt 0.833333 -0.000000
vt 0.833333 0.142857
vt 0.833333 0.285714
vt 0.833333 0.428571
vt 0.916667 0.571429
vt 0.916667 0.714286
vt 0.916667 0.857143
vt 0.916667 1.000000
vt 0.916667 -0.000000
vt 0.916667 0.142857
vt 0.916667 0.285714
vt 0.916667 0.428571
vt 1.000000 0.571429
vt 1.000000 0.714286
vt 1.000000 0.857143
vt 1.000000 1.000000
vt 1.000000 -0.000000
vt 1.000000 0.142857
vt 1.000000 0.285714
vt 1.000000 0.428571
vt 0.000000 0.571429
vt 0.083333 0.571429
vt 0.083333 0.714286
vt 0.000000 0.714286
vt 0.083333 0.857143
vt 0.000000 0.857143
vt 0.083333 1.000000
vt 0.000000 1.000000
vt 0.000000 -0.000000
vt 0.083333 -0.000000
vt 0.083333 0.142857
vt 0.000000 0.142857
vt 0.083333 0.285714
vt 0.000000 0.285714
vt 0.083333 0.428571
vt 0.000000 0.428571
vt 0.166667 0.571429
vt 0.166667 0.714286
vt 0.166667 0.857143
vt 0.166667 1.000000
vt 0.166667 -0.000000
vt 0.166667 0.142857
vt 0.166667 0.285714
vt 0.166667 0.428571
vt 0.250000 0.571429
vt 0.250000 0.714286
vt 0.250000 0.857143
vt 0.250000 1.000000
vt 0.250000 -0.000000
vt 0.250000 0.142857
vt 0.250000 0.285714
vt 0.250000 0.428571
vt 0.333333 0.571429
vt 0.333333 0.714286
vt 0.333333 0.857143
vt 0.333333 1.000000
vt 0.333333 -0.000000
vt 0.333333 0.142857
vt 0.333333 0.285714
vt 0.333333 0.428571
vt 0.416667 0.571429
vt 0.416667 0.714286
vt 0.416667 0.857143
vt 0.416667 1.000000
vt 0.416667 -0.000000
vt 0.416667 0.142857
vt 0.416667 0.285714
vt 0.416667 0.428571
vt 0.500000 0.571429
vt 0.583333 0.571429
vt 0.583333 0.714286
vt 0.500000 0.714286
vt 0.583333 0.857143
vt 0.500000 0.857143
vt 0.583333 1.000000
vt 0.500000 1.000000
vt 0.500000 -0.000000
vt 0.583333 -0.000000
vt 0.583333 0.142857
vt 0.500000 0.142857
vt 0.583333 0.285714
vt 0.500000 0.285714
vt 0.583333 0.428571
vt 0.500000 0.428571
vt 0.666667 0.571429
vt 0.666667 0.714286
vt 0.666667 0.857143
vt 0.666667 1.000000
vt 0.666667 -0.000000
vt 0.666667 0.142857
vt 0.666667 0.285714
vt 0.666667 0.428571
vt 0.750000 0.571429
vt 0.750000 0.714286
vt 0.750000 0.857143
vt 0.750000 1.000000
vt 0.750000 -0.000000
vt 0.750000 0.142857
vt 0.750000 0.285714
vt 0.750000 0.428571
vt 0.833333 0.571429
vt 0.833333 0.714286
vt 0.833333 0.857143
vt 0.833333 1.000000
vt 0.833333 -0.000000
vt 0.833333 0.142857
vt 0.833333 0.285714
vt 0.833333 0.428571
vt 0.916667 0.571429
vt 0.916667 0.714286
vt 0.916667 0.857143
vt 0.916667 1.000000
vt 0.916667 -0.000000
vt 0.916667 0.142857
vt 0.916667 0.285714
vt 0.916667 0.428571
vt 1.000000 0.571429
vt 1.000000 0.714286
vt 1.000000 0.857143
vt 1.000000 1.000000
vt 1.000000 -0.000000
vt 1.000000 0.142857
vt 1.000000 0.285714
vt 1.000000 0.428571
vt 0.000000 0.571429
vt 0.083333 0.571429
vt 0.083333 0.714286
vt 0.000000 0.714286
vt 0.083333 0.857143
vt 0.000000 0.857143
vt 0.083333 1.000000
vt 0.000000 1.000000
vt 0.000000 -0.000000
vt 0.083333 -0.000000
vt 0.083333 0.142857
vt 0.000000 0.142857
vt 0.083333 0.285714
vt 0.000000 0.285714
vt 0.083333 0.428571
vt 0.000000 0.428571
vt 0.166667 0.571429
vt 0.166667 0.714286
vt 0.166667 0.857143
vt 0.166667 1.000000
vt 0.166667 -0.000000
vt 0.166667 0.142857
vt 0.166667 0.285714
vt 0.166667 0.428571
vt 0.250000 0.571429
vt 0.250000 0.714286
vt 0.250000 0.857143
vt 0.250000 1.000000
vt 0.250000 -0.000000
vt 0.250000 0.142857
vt 0.250000 0.285714
vt 0.250000 0.428571
vt 0.333333 0.571429
vt 0.333333 0.714286
vt 0.333333 0.857143
vt 0.333333 1.000000
vt 0.333333 -0.000000
vt 0.333333 0.142857
vt 0.333333 0.285714
vt 0.333333 0.428571
vt 0.416667 0.571429
vt 0.416667 0.714286
vt 0.416667 0.857143
vt 0.416667 1.000000
vt 0.416667 -0.000000
vt 0.416667 0.142857
vt 0.416667 0.285714
vt 0.416667 0.428571
vn -0.6932 -0.6583 0.2934
vn -0.5619 -0.6404 0.5236
vn -0.7496 -0.1862 0.6352
vn -0.9009 -0.2039 0.3832
vn 0.9670 0.1702 -0.1895
vn 0.7892 0.6031 -0.1158
vn 0.8495 0.4387 0.2933
vn 0.9358 0.1280 0.3285
vn -0.2147 -0.9732 0.0823
vn -0.0794 -0.9433 0.3222
vn -0.1882 -0.1532 0.9701
vn -0.1955 0.1431 0.9702
vn -0.7527 0.1695 0.6362
vn -0.1899 0.4590 0.8679
vn -0.5780 0.6181 0.5328
vn 0.9685 -0.1589 -0.1919
vn 0.9388 -0.1201 0.3227
vn 0.8703 -0.4060 0.2787
vn 0.8145 -0.5640 -0.1358
vn -0.1144 0.9328 0.3416
vn 0.2169 0.5964 0.7728
vn 0.3859 -0.1237 0.9142
vn -0.1728 -0.4804 0.8599
vn 0.2464 -0.6026 0.7591
vn 0.3767 0.1215 0.9183
vn 0.6974 -0.1123 0.7079
vn 0.6897 0.1178 0.7144
vn 0.8925 -0.1754 -0.4155
vn 0.8912 0.1876 -0.4129
vn 0.2906 0.9481 -0.1287
vn -0.2475 0.9628 0.1081
vn 0.3690 0.9232 0.1077
vn -0.7096 0.6349 0.3055
vn 0.6041 0.5732 0.5537
vn 0.4221 -0.9033 0.0766
vn 0.6405 -0.5549 0.5309
vn -0.9031 0.1890 0.3857
vn 0.3443 -0.9238 -0.1676
vn 0.7419 -0.5741 -0.3464
vn 0.7180 0.6145 -0.3268
vn -0.7418 -0.5738 -0.3472
vn -0.8145 -0.5638 -0.1365
vn -0.9683 -0.1587 -0.1931
vn -0.8921 -0.1751 -0.4166
vn 0.7527 0.1695 0.6362
vn 0.5780 0.6181 0.5328
vn 0.1899 0.4590 0.8679
vn 0.1955 0.1431 0.9702
vn -0.3443 -0.9237 -0.1679
vn -0.4221 -0.9033 0.0764
vn -0.9390 -0.1200 0.3222
vn -0.9360 0.1279 0.3279
vn -0.9668 0.1700 -0.1906
vn -0.8496 0.4386 0.2928
vn -0.7893 0.6029 -0.1166
vn 0.7496 -0.1862 0.6352
vn 0.1882 -0.1532 0.9701
vn 0.1728 -0.4804 0.8599
vn 0.5619 -0.6404 0.5236
vn -0.3691 0.9231 0.1075
vn -0.6041 0.5732 0.5536
vn -0.6974 -0.1122 0.7078
vn -0.8705 -0.4060 0.2783
vn -0.6405 -0.5549 0.5308
vn -0.6898 0.1178 0.7144
vn -0.3859 -0.1237 0.9142
vn -0.3767 0.1215 0.9183
vn 0.9009 -0.2039 0.3832
vn 0.9031 0.1890 0.3857
vn 0.2475 0.9628 0.1081
vn -0.2907 0.9481 -0.1290
vn 0.1144 0.9328 0.3416
vn -0.7180 0.6141 -0.3277
vn -0.2169 0.5964 0.7728
vn 0.0794 -0.9433 0.3222
vn -0.2464 -0.6026 0.7591
vn -0.8907 0.1874 -0.4141
vn 0.2147 -0.9732 0.0823
vn 0.6932 -0.6583 0.2934
vn 0.7096 0.6349 0.3055
vn -0.1967 0.9786 -0.0610
vn -0.2187 0.9742 0.0559
vn 0.0635 0.9963 0.0583
vn 0.0882 0.9946 -0.0552
vn 0.9963 0.0566 -0.0640
vn 0.9701 0.2340 -0.0641
vn 0.9706 0.2325 0.0617
vn 0.9965 0.0579 0.0607
vn -0.4475 0.1047 0.8882
vn -0.4499 -0.1019 0.8873
vn -0.2349 -0.0920 0.9677
vn -0.2133 0.1184 0.9698
vn -0.1149 0.1144 -0.9868
vn 0.2122 0.1197 -0.9699
vn 0.1939 -0.1059 -0.9753
vn -0.1175 -0.1238 -0.9853
vn -0.9943 -0.0873 0.0607
vn -0.9941 0.0892 0.0617
vn -0.9938 0.0908 -0.0641
vn -0.9940 -0.0885 -0.0640
vn 0.2696 -0.9588 -0.0900
vn 0.3679 -0.9272 -0.0709
vn 0.3915 -0.9189 0.0486
vn 0.3006 -0.9530 0.0367
vn -0.2897 -0.9322 0.2171
vn -0.1980 -0.9539 0.2256
vn -0.2348 -0.8511 0.4697
vn -0.3238 -0.8387 0.4379
vn -0.2568 -0.6613 0.7048
vn -0.3759 -0.6610 0.6494
vn -0.4352 -0.3744 0.8188
vn -0.2555 -0.3625 0.8963
vn -0.2544 -0.9659 0.0487
vn -0.5926 -0.7797 0.2024
vn -0.5837 -0.8103 0.0524
vn -0.5832 -0.7193 0.3776
vn -0.6249 -0.5719 0.5315
vn -0.7272 -0.0871 0.6808
vn -0.7026 -0.3254 0.6329
vn -0.8813 -0.0837 0.4651
vn -0.8392 -0.3120 0.4454
vn -0.1666 0.4231 0.8906
vn -0.4241 0.3860 0.8193
vn -0.7394 -0.5521 0.3853
vn -0.9422 -0.3298 0.0595
vn -0.9161 -0.3271 0.2321
vn -0.9678 -0.0873 0.2362
vn -0.7931 -0.6067 0.0540
vn -0.7796 -0.5908 0.2077
vn -0.0966 0.7168 0.6906
vn -0.3540 0.6721 0.6504
vn -0.0314 0.8888 0.4573
vn -0.2926 0.8481 0.4417
vn -0.2537 0.9414 0.2225
vn 0.0245 0.9733 0.2282
vn -0.6811 0.3428 0.6470
vn -0.7217 0.0922 0.6861
vn -0.5817 0.5977 0.5517
vn -0.5258 0.7532 0.3952
vn -0.5228 0.8507 0.0550
vn -0.5330 0.8190 0.2125
vn -0.7696 0.6359 0.0572
vn -0.7542 0.6195 0.2179
vn -0.1276 -0.9877 -0.0902
vn -0.2293 -0.9708 -0.0709
vn -0.1991 -0.9486 -0.2462
vn -0.0786 -0.9592 -0.2714
vn -0.7107 0.5777 0.4014
vn -0.9670 0.0888 0.2386
vn -0.9097 0.3390 0.2399
vn -0.9376 0.3421 0.0617
vn -0.8788 0.0858 0.4693
vn -0.8281 0.3251 0.4567
vn -0.1456 -0.8666 -0.4773
vn -0.0063 -0.8629 -0.5054
vn -0.5739 -0.8171 -0.0554
vn -0.5524 -0.8051 -0.2162
vn -0.7884 -0.6125 -0.0576
vn -0.7570 -0.6140 -0.2236
vn 0.1491 -0.3911 -0.9082
vn -0.1276 -0.4189 -0.8990
vn -0.5023 -0.7611 -0.4104
vn -0.6865 -0.5917 -0.4227
vn -0.9624 -0.0921 -0.2555
vn -0.9048 -0.3433 -0.2519
vn -0.9404 -0.3341 -0.0631
vn -0.8471 -0.0944 -0.5230
vn -0.7970 -0.3447 -0.4960
vn -0.6104 -0.1049 -0.7851
vn -0.5873 -0.3721 -0.7187
vn -0.5139 -0.6224 -0.5903
vn 0.0728 -0.6799 -0.7297
vn -0.1188 -0.6988 -0.7053
vn 0.1211 0.9675 -0.2222
vn -0.1679 0.9570 -0.2367
vn 0.1630 0.8781 -0.4498
vn -0.1205 0.8744 -0.4700
vn 0.1983 0.7046 -0.6813
vn -0.1016 0.7016 -0.7053
vn -0.1200 0.4064 -0.9058
vn 0.2173 0.4170 -0.8825
vn -0.4904 0.8421 -0.2243
vn -0.5119 0.8571 -0.0578
vn -0.4398 0.7920 -0.4235
vn -0.4657 0.6428 -0.6082
vn -0.6049 0.1048 -0.7894
vn -0.5636 0.3772 -0.7349
vn -0.8453 0.0964 -0.5255
vn -0.7853 0.3541 -0.5078
vn -0.1592 -0.9865 0.0372
vn -0.6558 0.6157 -0.4369
vn -0.9360 0.3462 -0.0643
vn -0.8986 0.3558 -0.2567
vn -0.9618 0.0947 -0.2568
vn -0.7642 0.6422 -0.0593
vn -0.7307 0.6423 -0.2313
vn 0.3346 -0.9152 0.2244
vn 0.4223 -0.8802 0.2167
vn 0.4422 -0.7827 0.4379
vn 0.3562 -0.8076 0.4701
vn 0.6952 -0.7169 0.0522
vn 0.6993 -0.6857 0.2020
vn 0.8728 -0.4850 0.0543
vn 0.8569 -0.4716 0.2080
vn 0.3053 -0.3216 0.8963
vn 0.4841 -0.3082 0.8189
vn 0.4602 -0.0358 0.8871
vn 0.2458 -0.0569 0.9677
vn 0.6813 -0.6271 0.3776
vn 0.8116 -0.4391 0.3853
vn 0.9702 0.0544 0.2360
vn 0.9538 -0.1899 0.2329
vn 0.9800 -0.1897 0.0597
vn 0.8840 0.0454 0.4654
vn 0.8758 -0.1864 0.4452
vn 0.7320 0.0189 0.6810
vn 0.7425 -0.2204 0.6325
vn 0.7013 -0.4751 0.5315
vn 0.3499 -0.6164 0.7054
vn 0.4676 -0.5997 0.6494
vn 0.0751 0.9956 0.0561
vn -0.2074 0.9765 0.0582
vn -0.1655 0.9594 0.2282
vn 0.1139 0.9681 0.2230
vn -0.0979 0.8839 0.4574
vn 0.1662 0.8817 0.4415
vn -0.0083 0.7231 0.6907
vn 0.2528 0.7163 0.6504
vn 0.3645 0.4428 0.8192
vn 0.1035 0.4428 0.8906
vn 0.1939 0.1481 0.9698
vn 0.4273 0.1683 0.8883
vn 0.4088 0.8874 0.2129
vn 0.3936 0.9176 0.0552
vn 0.4110 0.8215 0.3952
vn 0.4887 0.6758 0.5517
vn 0.7009 0.1955 0.6859
vn 0.6241 0.4377 0.6473
vn 0.8571 0.2127 0.4691
vn 0.7717 0.4423 0.4570
vn 0.2169 -0.9378 -0.2712
vn 0.3337 -0.9098 -0.2467
vn 0.6195 0.6746 0.4014
vn 0.8781 0.4745 0.0615
vn 0.8506 0.4683 0.2390
vn 0.9438 0.2284 0.2388
vn 0.6690 0.7411 0.0569
vn 0.6565 0.7223 0.2176
vn 0.1312 -0.8528 -0.5055
vn 0.2694 -0.8365 -0.4772
vn 0.0267 -0.6831 -0.7298
vn 0.2191 -0.6742 -0.7053
vn 0.1882 -0.3952 -0.8991
vn -0.0907 -0.4087 -0.9082
vn -0.1764 -0.1331 -0.9753
vn 0.1337 -0.1053 -0.9854
vn 0.6635 -0.7162 -0.2166
vn 0.6862 -0.7253 -0.0557
vn 0.6075 -0.6801 -0.4104
vn 0.5987 -0.5413 -0.5903
vn 0.6193 -0.0147 -0.7850
vn 0.6349 -0.2825 -0.7191
vn 0.8520 0.0292 -0.5228
vn 0.8383 -0.2260 -0.4962
vn -0.2315 0.9713 -0.0552
vn 0.0525 0.9968 -0.0608
vn 0.0279 0.9713 -0.2361
vn -0.2602 0.9397 -0.2222
vn 0.7651 -0.4857 -0.4227
vn 0.9790 -0.1940 -0.0629
vn 0.9451 -0.2092 -0.2510
vn 0.9655 0.0482 -0.2558
vn 0.8688 -0.4918 -0.0573
vn 0.8383 -0.4975 -0.2232
vn -0.0074 0.8826 -0.4701
vn -0.2886 0.8453 -0.4496
vn 0.3824 0.9222 -0.0575
vn 0.3628 0.9045 -0.2240
vn 0.6631 0.7462 -0.0596
vn 0.6295 0.7417 -0.2317
vn -0.2756 0.3811 -0.8825
vn 0.0583 0.4200 -0.9056
vn 0.0975 0.1301 -0.9867
vn -0.2273 0.0874 -0.9699
vn 0.3201 0.8474 -0.4235
vn 0.5595 0.7044 -0.4368
vn 0.9380 0.2329 -0.2566
vn 0.8377 0.4816 -0.2576
vn 0.8757 0.4784 -0.0646
vn 0.8223 0.2176 -0.5258
vn 0.7261 0.4638 -0.5075
vn 0.5829 0.1920 -0.7895
vn 0.5030 0.4555 -0.7346
vn 0.3675 0.7036 -0.6082
vn -0.2985 0.6686 -0.6811
vn -0.0014 0.7089 -0.7053
vn 0.6326 -0.7743 0.0193
vn 0.0260 -0.9995 0.0191
vn 0.0574 -0.9920 -0.1125
vn 0.6474 -0.7577 -0.0823
vn 0.0874 -0.9898 -0.1124
vn 0.0333 -0.9545 -0.2964
vn -0.1200 0.3952 0.9107
vn -0.0053 0.1076 0.9942
vn 0.0614 0.4084 0.9107
vn -0.0104 0.1072 0.9942
vn -0.2587 0.6733 0.6926
vn 0.1582 0.7037 0.6926
vn -0.3627 0.8190 0.4447
vn 0.2400 0.8629 0.4447
vn -0.4353 0.8747 0.2131
vn 0.3435 0.9378 0.0513
vn 0.3038 0.9286 0.2131
vn 0.0626 -0.0913 0.9939
vn -0.0802 -0.3823 0.9206
vn -0.0486 -0.0995 0.9939
vn 0.1346 -0.3666 0.9206
vn -0.0851 -0.6814 0.7270
vn 0.1820 -0.6618 0.7273
vn -0.0514 -0.8753 0.4809
vn 0.1825 -0.8574 0.4812
vn -0.0074 -0.9762 0.2165
vn 0.1182 -0.9928 0.0192
vn 0.1529 -0.9640 0.2173
vn 0.4461 0.3608 -0.8190
vn 0.4282 0.0956 -0.8986
vn -0.4938 0.2923 -0.8190
vn -0.4375 0.0324 -0.8986
vn 0.4479 0.6334 -0.6310
vn -0.5351 0.5617 -0.6310
vn 0.4278 0.8014 -0.4180
vn -0.5395 0.7309 -0.4180
vn 0.3954 0.8946 -0.2080
vn -0.4972 0.8661 -0.0520
vn -0.4759 0.8780 0.0513
vn -0.5210 0.8278 -0.2080
vn 0.3989 -0.1016 -0.9114
vn -0.2778 -0.4136 -0.8670
vn -0.3799 -0.1584 -0.9114
vn 0.3349 -0.3689 -0.8670
vn -0.1555 -0.6764 -0.7200
vn 0.2521 -0.6465 -0.7200
vn -0.0515 -0.8520 -0.5210
vn 0.1747 -0.8354 -0.5211
vn 0.1057 -0.9492 -0.2965
vn 0.3662 0.9291 -0.0520
vn 0.9651 -0.2602 -0.0279
vn 0.9647 -0.2634 0.0069
vn -0.5121 -0.8587 0.0219
vn -0.5304 -0.8437 -0.0822
vn -0.1542 0.0732 0.9853
vn -0.5802 0.2478 0.7759
vn -0.9156 -0.4020 0.0081
vn -0.9171 -0.3976 -0.0278
vn -0.9531 -0.0142 0.3022
vn -0.9400 -0.1051 0.3246
vn -0.8123 -0.0515 0.5810
vn 0.1419 0.0948 0.9853
vn 0.5381 0.3293 0.7759
vn -0.6686 0.4687 0.5773
vn 0.8111 0.0670 0.5810
vn 0.9453 0.0324 0.3246
vn 0.9451 0.1242 0.3022
vn -0.9726 0.0700 0.2218
vn 0.5935 0.5607 0.5774
vn -0.7328 0.5751 0.3636
vn 0.9521 0.2104 0.2218
vn -0.9842 0.1106 0.1385
vn 0.6416 0.6754 0.3636
vn -0.7755 0.6068 0.1742
vn 0.9577 0.2523 0.1385
vn -0.9900 0.1242 0.0664
vn 0.6792 0.7129 0.1742
vn -0.8017 0.5962 0.0432
vn 0.9615 0.2665 0.0664
vn -0.9931 0.1159 0.0163
vn 0.7067 0.7062 0.0432
vn 0.1137 -0.1023 0.9882
vn 0.1089 -0.3648 0.9247
vn 0.9658 0.2588 0.0163
vn 0.9415 -0.1208 0.3146
vn 0.9444 -0.0327 0.3273
vn 0.8057 -0.0559 0.5897
vn 0.8147 -0.2203 0.5365
vn -0.0976 -0.1177 0.9882
vn -0.0545 -0.3769 0.9246
vn 0.1375 -0.6478 0.7493
vn -0.7740 -0.3362 0.5365
vn -0.7890 -0.1722 0.5897
vn -0.9296 -0.1693 0.3273
vn -0.9140 -0.2562 0.3146
vn 0.9476 -0.2068 0.2435
vn 0.8330 -0.3754 0.4064
vn -0.0410 -0.6617 0.7487
vn 0.1994 -0.8368 0.5099
vn -0.7679 -0.4958 0.4056
vn -0.9071 -0.3437 0.2432
vn 0.9553 -0.2519 0.1545
vn 0.8551 -0.4532 0.2517
vn -0.0730 -0.8578 0.5088
vn 0.6015 -0.7758 0.1906
vn -0.7749 -0.5792 0.2530
vn -0.9069 -0.3919 0.1550
vn 0.9606 -0.2696 0.0677
vn -0.4769 -0.8574 0.1937
vn -0.9095 -0.4099 0.0699
vn 0.7811 0.0672 -0.6208
vn 0.7804 0.2584 -0.5694
vn 0.9693 0.1011 -0.2240
vn 0.9715 0.0251 -0.2359
vn -0.7826 -0.0469 -0.6208
vn -0.8096 0.1424 -0.5694
vn 0.7721 0.4565 -0.4420
vn -0.9648 -0.1162 -0.2359
vn -0.9737 -0.0406 -0.2240
vn 0.9692 0.1770 -0.1712
vn -0.8302 0.3396 -0.4421
vn 0.7556 0.5849 -0.2948
vn -0.9846 0.0344 -0.1712
vn 0.9683 0.2234 -0.1121
vn -0.8325 0.4691 -0.2948
vn 0.7345 0.6629 -0.1452
vn -0.9904 0.0805 -0.1121
vn 0.9666 0.2503 -0.0543
vn -0.8229 0.5493 -0.1452
vn 0.7201 0.6931 -0.0343
vn -0.9927 0.1074 -0.0543
vn 0.9670 0.2545 -0.0122
vn -0.8130 0.5812 -0.0343
vn -0.7544 -0.1796 -0.6314
vn -0.7030 -0.3632 -0.6115
vn -0.9937 0.1115 -0.0122
vn -0.9421 -0.2377 -0.2365
vn -0.9567 -0.1667 -0.2387
vn 0.7725 -0.0682 -0.6314
vn 0.7483 -0.2573 -0.6115
vn -0.6446 -0.5623 -0.5180
vn 0.9707 -0.0261 -0.2387
vn 0.9666 -0.0984 -0.2365
vn -0.9302 -0.3106 -0.1958
vn 0.7195 -0.4627 -0.5180
vn -0.5953 -0.7071 -0.3816
vn 0.9654 -0.1723 -0.1958
vn -0.9222 -0.3603 -0.1407
vn 0.6917 -0.6131 -0.3816
vn -0.5526 -0.8045 -0.2178
vn 0.9647 -0.2226 -0.1406
vn -0.9167 -0.3918 -0.0785
vn 0.6637 -0.7156 -0.2177
vn 0.9639 -0.2546 -0.0785
vn 0.3222 0.6820 0.6565
vn -0.4513 -0.6801 -0.5777
vn -0.8967 0.3507 -0.2700
vn -0.8423 0.4820 -0.2411
vn -0.3937 0.6141 -0.6840
vn -0.3958 0.5128 -0.7618
vn -0.7615 0.6028 -0.2383
vn -0.3600 0.6970 -0.6201
vn -0.9781 0.2082 -0.0073
vn -0.9529 0.3016 0.0330
vn -0.8913 0.4431 0.0963
vn -0.1182 -0.4394 0.8905
vn -0.1238 -0.3248 0.9376
vn -0.4191 -0.1845 0.8890
vn -0.5193 -0.2983 0.8008
vn -0.0852 -0.1891 0.9783
vn -0.3460 -0.1064 0.9322
vn 0.4761 -0.4828 0.7350
vn 0.4765 -0.3948 0.7855
vn 0.4943 -0.2732 0.8252
vn 0.8994 -0.3305 0.2862
vn 0.9099 -0.2218 0.3506
vn 0.9148 -0.1150 0.3872
vn 0.9818 -0.1887 -0.0209
vn 0.9949 -0.0938 0.0377
vn 0.9943 0.0185 0.1054
vn 0.3196 0.3806 -0.8678
vn 0.2630 0.5208 -0.8121
vn 0.5739 0.3470 -0.7418
vn 0.5423 0.2819 -0.7915
vn 0.2296 0.6321 -0.7401
vn 0.6219 0.4638 -0.6310
vn 0.2263 0.7273 -0.6480
vn 0.1508 0.9034 -0.4013
vn 0.6821 0.6749 -0.2815
vn 0.8502 0.5232 -0.0588
vn 0.4360 0.1211 0.8918
vn -0.2971 0.1974 0.9342
vn 0.2163 0.0131 0.9762
vn -0.3168 -0.0664 0.9462
vn -0.7556 0.0683 0.6514
vn -0.8820 0.2031 0.4251
vn -0.7141 0.5458 -0.4384
vn -0.4063 0.6986 -0.5889
vn 0.3060 -0.7484 -0.5885
vn -0.4830 0.3139 -0.8174
vn -0.4129 0.4561 -0.7884
vn 0.2653 0.5347 -0.8023
vn 0.2454 0.4270 -0.8703
vn -0.6874 0.2322 -0.6881
vn -0.7065 0.3028 -0.6396
vn -0.8283 -0.2642 0.4941
vn -0.8223 -0.1496 0.5490
vn -0.9675 -0.0471 0.2484
vn -0.9691 -0.1474 0.1979
vn -0.3255 -0.3937 0.8597
vn -0.3152 -0.3025 0.8995
vn 0.2914 -0.3617 0.8856
vn 0.3118 -0.2488 0.9170
vn 0.6735 -0.2436 0.6979
vn 0.6032 -0.1256 0.7877
vn 0.8348 0.2970 -0.4635
vn 0.7888 0.4254 -0.4436
vn 0.9450 0.2736 -0.1791
vn 0.9615 0.1803 -0.2073
vn -0.3101 -0.7402 0.5966
vn -0.4607 -0.2991 0.8357
vn -0.7404 -0.3881 0.5488
vn -0.5193 -0.7809 0.3472
vn -0.0689 -0.9929 0.0965
vn -0.0533 -0.9921 0.1135
vn -0.0472 -0.9884 0.1446
vn -0.1161 -0.9899 0.0811
vn 0.3101 -0.7402 0.5966
vn 0.4607 -0.2991 0.8357
vn 0.2424 -0.3008 0.9224
vn 0.1364 -0.7179 0.6826
vn 0.4450 0.7532 0.4844
vn 0.3796 0.7776 0.5013
vn 0.3815 0.7516 0.5382
vn 0.5239 0.6812 0.5114
vn -0.3796 0.7776 0.5012
vn -0.4450 0.7532 0.4844
vn -0.5239 0.6812 0.5114
vn -0.3815 0.7516 0.5382
vn 0.0000 0.8474 0.5310
vn -0.2289 0.8199 0.5248
vn -0.2316 0.7860 0.5732
vn 0.0000 0.7901 0.6130
vn -0.5812 -0.8040 0.1254
vn -0.2318 -0.9714 0.0513
vn -0.8484 -0.3534 0.3941
vn -0.8591 -0.2258 0.4593
vn -0.9415 -0.2438 0.2327
vn -0.8716 -0.4575 0.1760
vn 0.0003 -0.9810 0.1939
vn -0.1364 -0.7179 0.6826
vn 0.2289 0.8199 0.5248
vn 0.2316 0.7860 0.5732
vn 0.0000 -0.3405 0.9403
vn 0.0000 -0.7075 0.7067
vn 0.0472 -0.9884 0.1446
vn -0.0003 -0.9810 0.1939
vn -0.0000 -0.9786 0.2059
vn 0.8484 -0.3534 0.3941
vn 0.2318 -0.9714 0.0513
vn 0.5812 -0.8040 0.1254
vn 0.5193 -0.7809 0.3472
vn 0.1161 -0.9899 0.0811
vn 0.7404 -0.3881 0.5488
vn -0.0000 0.8566 -0.5160
vn -0.0000 0.9554 -0.2954
vn 0.0765 0.9554 -0.2854
vn 0.1335 0.8566 -0.4984
vn 0.0000 -1.0000 -0.0005
vn -0.0000 -0.9840 -0.1783
vn 0.0462 -0.9840 -0.1723
vn -0.0000 -0.2558 -0.9667
vn -0.0000 -0.0388 -0.9992
vn 0.2586 -0.0388 -0.9652
vn 0.2502 -0.2558 -0.9338
vn -0.0000 0.5900 -0.8074
vn 0.2090 0.5900 -0.7799
vn 0.2412 -0.8760 -0.4177
vn 0.3562 -0.7017 -0.6170
vn 0.5038 -0.7017 -0.5038
vn 0.3411 -0.8760 -0.3411
vn -0.0000 0.9891 -0.1471
vn -0.0000 1.0000 0.0000
vn 0.0381 0.9891 -0.1421
vn -0.0000 -0.4954 -0.8687
vn 0.2248 -0.4954 -0.8391
vn -0.0000 0.2256 -0.9742
vn 0.2521 0.2256 -0.9410
vn -0.0000 -0.7017 -0.7125
vn 0.1844 -0.7017 -0.6882
vn -0.0000 0.0464 -0.9989
vn 0.2585 0.0464 -0.9649
vn 0.0735 0.9891 -0.1274
vn 0.4834 -0.2558 -0.8372
vn 0.4343 -0.4954 -0.7523
vn 0.4037 0.5900 -0.6993
vn 0.4871 0.2256 -0.8437
vn 0.1477 0.9554 -0.2558
vn 0.4995 0.0464 -0.8651
vn 0.2580 0.8566 -0.4468
vn 0.0892 -0.9840 -0.1545
vn 0.4996 -0.0388 -0.8654
vn -0.0000 -0.8760 -0.4823
vn 0.1248 -0.8760 -0.4659
vn 0.1261 -0.9840 -0.1261
vn 0.7066 -0.0388 -0.7066
vn 0.6836 -0.2558 -0.6836
vn 0.3648 0.8566 -0.3648
vn 0.5709 0.5900 -0.5709
vn 0.6170 -0.7017 -0.3562
vn 0.4177 -0.8760 -0.2412
vn 0.1040 0.9891 -0.1040
vn 0.6143 -0.4954 -0.6143
vn 0.6889 0.2256 -0.6889
vn 0.2089 0.9554 -0.2089
vn 0.7063 0.0464 -0.7063
vn 0.1274 0.9891 -0.0735
vn 0.2558 0.9554 -0.1477
vn 0.7523 -0.4954 -0.4343
vn 0.8437 0.2256 -0.4871
vn 0.8651 0.0464 -0.4995
vn 0.4468 0.8566 -0.2580
vn 0.1545 -0.9840 -0.0892
vn 0.8654 -0.0388 -0.4996
vn 0.8372 -0.2558 -0.4834
vn 0.6993 0.5900 -0.4037
vn 0.6882 -0.7017 -0.1844
vn 0.4659 -0.8760 -0.1248
vn 0.7184 -0.6939 -0.0498
vn 0.4601 -0.8865 -0.0484
vn 0.1421 0.9891 -0.0381
vn 0.9338 -0.2558 -0.2502
vn 0.8391 -0.4954 -0.2248
vn 0.7799 0.5900 -0.2090
vn 0.9410 0.2256 -0.2521
vn 0.2854 0.9554 -0.0765
vn 0.9649 0.0464 -0.2585
vn 0.4984 0.8566 -0.1335
vn 0.1723 -0.9840 -0.0462
vn 0.9652 -0.0388 -0.2586
vn 0.2954 0.9554 0.0000
vn 0.5160 0.8566 0.0000
vn 0.1655 -0.9862 -0.0104
vn 0.9992 -0.0388 0.0000
vn 0.9670 -0.2546 -0.0012
vn 0.8074 0.5900 0.0000
vn 0.6998 -0.7118 0.0601
vn 0.3744 -0.9271 -0.0154
vn 0.1471 0.9891 -0.0000
vn 0.8752 -0.4834 -0.0174
vn 0.9742 0.2256 0.0000
vn 0.9989 0.0464 0.0000
vn 0.1421 0.9891 0.0381
vn 0.2854 0.9554 0.0765
vn 0.8716 -0.4575 0.1760
vn 0.9410 0.2256 0.2521
vn 0.9649 0.0464 0.2585
vn 0.4984 0.8566 0.1335
vn 0.1371 -0.9905 0.0136
vn 0.9664 -0.0348 0.2547
vn 0.9415 -0.2438 0.2327
vn 0.7799 0.5900 0.2090
vn 0.4468 0.8566 0.2580
vn 0.6993 0.5900 0.4037
vn 0.1274 0.9891 0.0735
vn 0.8437 0.2256 0.4871
vn 0.2558 0.9554 0.1477
vn 0.8591 -0.2258 0.4593
vn 0.8651 0.0464 0.4995
vn 0.1014 -0.9931 0.0585
vn 0.8694 -0.0240 0.4935
vn 0.2089 0.9554 0.2089
vn 0.3648 0.8566 0.3648
vn 0.0803 -0.9905 0.1118
vn 0.7061 -0.0169 0.7079
vn 0.6804 -0.2107 0.7019
vn 0.5709 0.5900 0.5709
vn 0.0533 -0.9921 0.1135
vn 0.0689 -0.9929 0.0965
vn 0.1040 0.9891 0.1040
vn 0.6889 0.2256 0.6889
vn 0.6410 -0.3385 0.6889
vn 0.0735 0.9891 0.1274
vn 0.1477 0.9554 0.2558
vn 0.2580 0.8566 0.4468
vn 0.0735 -0.9859 0.1501
vn 0.4037 0.5900 0.6993
vn 0.4371 -0.2864 0.8526
vn 0.4557 -0.2056 0.8660
vn 0.1335 0.8566 0.4984
vn 0.2090 0.5900 0.7799
vn -0.2424 -0.3009 0.9224
vn 0.0381 0.9891 0.1421
vn 0.2535 -0.2065 0.9450
vn 0.2359 -0.2538 0.9381
vn 0.4775 0.2189 0.8509
vn 0.2420 0.2128 0.9467
vn 0.0765 0.9554 0.2854
vn -0.0000 -0.9885 0.1513
vn 0.0131 -0.9906 0.1363
vn 0.4730 0.0400 0.8802
vn 0.3022 0.1631 0.9392
vn 0.0460 -0.9831 0.1772
vn 0.4610 -0.0223 0.8871
vn 0.3146 -0.0222 0.9490
vn -0.0000 0.2141 0.9768
vn 0.0000 0.2177 0.9760
vn -0.0000 0.9554 0.2954
vn -0.0000 0.8566 0.5160
vn 0.0000 -0.9828 0.1849
vn -0.0000 0.5900 0.8074
vn 0.0000 0.9891 0.1471
vn -0.0000 -0.2612 0.9653
vn -0.2090 0.5900 0.7799
vn -0.2420 0.2128 0.9467
vn -0.0381 0.9891 0.1421
vn -0.0765 0.9554 0.2854
vn -0.3023 0.1631 0.9392
vn -0.1335 0.8566 0.4984
vn -0.0460 -0.9831 0.1772
vn -0.2535 -0.2065 0.9450
vn -0.2359 -0.2538 0.9381
vn -0.3146 -0.0222 0.9490
vn -0.4610 -0.0223 0.8871
vn -0.4550 -0.2064 0.8663
vn -0.2580 0.8566 0.4468
vn -0.4037 0.5900 0.6993
vn -0.0131 -0.9906 0.1363
vn -0.0735 0.9891 0.1274
vn -0.4300 -0.2932 0.8539
vn -0.4775 0.2189 0.8509
vn -0.1477 0.9554 0.2558
vn -0.4730 0.0400 0.8802
vn -0.0735 -0.9859 0.1501
vn -0.6889 0.2256 0.6889
vn -0.7062 0.0463 0.7065
vn -0.2089 0.9554 0.2089
vn -0.3648 0.8566 0.3648
vn -0.0803 -0.9905 0.1118
vn -0.7061 -0.0169 0.7079
vn -0.6823 -0.2081 0.7008
vn -0.5709 0.5900 0.5709
vn -0.1040 0.9891 0.1040
vn -0.6416 -0.3378 0.6886
vn -0.6998 -0.7118 0.0601
vn -0.6993 0.5900 0.4037
vn -0.8437 0.2256 0.4871
vn -0.1274 0.9891 0.0735
vn -0.2558 0.9554 0.1477
vn -0.8651 0.0464 0.4995
vn -0.4468 0.8566 0.2580
vn -0.1014 -0.9931 0.0585
vn -0.8694 -0.0240 0.4935
vn -0.3744 -0.9271 -0.0154
vn -0.9664 -0.0348 0.2547
vn -0.4984 0.8566 0.1335
vn -0.7799 0.5900 0.2090
vn -0.7184 -0.6939 -0.0498
vn -0.4601 -0.8865 -0.0484
vn -0.1421 0.9891 0.0381
vn -0.9410 0.2256 0.2521
vn -0.2854 0.9554 0.0765
vn -0.9649 0.0464 0.2585
vn -0.1371 -0.9905 0.0136
vn -0.8752 -0.4834 -0.0174
vn -0.9742 0.2256 -0.0000
vn -0.9989 0.0464 -0.0000
vn -0.2954 0.9554 -0.0000
vn -0.5160 0.8566 -0.0000
vn -0.1655 -0.9862 -0.0104
vn -0.9992 -0.0388 -0.0000
vn -0.9670 -0.2546 -0.0012
vn -0.8074 0.5900 -0.0000
vn -0.6882 -0.7017 -0.1844
vn -0.4659 -0.8760 -0.1248
vn -0.1471 0.9891 -0.0000
vn -0.1421 0.9891 -0.0381
vn -0.9338 -0.2558 -0.2502
vn -0.8391 -0.4954 -0.2248
vn -0.7799 0.5900 -0.2090
vn -0.9410 0.2256 -0.2521
vn -0.2854 0.9554 -0.0765
vn -0.9649 0.0464 -0.2585
vn -0.4984 0.8566 -0.1335
vn -0.1723 -0.9840 -0.0462
vn -0.9652 -0.0388 -0.2586
vn -0.6170 -0.7017 -0.3562
vn -0.4177 -0.8760 -0.2412
vn -0.1545 -0.9840 -0.0892
vn -0.8654 -0.0388 -0.4996
vn -0.8372 -0.2558 -0.4834
vn -0.4468 0.8566 -0.2580
vn -0.6993 0.5900 -0.4037
vn -0.5038 -0.7017 -0.5038
vn -0.3411 -0.8760 -0.3411
vn -0.1274 0.9891 -0.0735
vn -0.7523 -0.4954 -0.4343
vn -0.8437 0.2256 -0.4871
vn -0.2558 0.9554 -0.1477
vn -0.8651 0.0464 -0.4995
vn -0.1040 0.9891 -0.1040
vn -0.2089 0.9554 -0.2089
vn -0.6143 -0.4954 -0.6143
vn -0.6889 0.2256 -0.6889
vn -0.7063 0.0464 -0.7063
vn -0.3648 0.8566 -0.3648
vn -0.1261 -0.9840 -0.1261
vn -0.7066 -0.0388 -0.7066
vn -0.6836 -0.2558 -0.6836
vn -0.5709 0.5900 -0.5709
vn -0.3562 -0.7017 -0.6170
vn -0.2412 -0.8760 -0.4177
vn -0.1844 -0.7017 -0.6882
vn -0.1248 -0.8760 -0.4659
vn -0.0735 0.9891 -0.1274
vn -0.4834 -0.2558 -0.8372
vn -0.4343 -0.4954 -0.7523
vn -0.4037 0.5900 -0.6993
vn -0.4871 0.2256 -0.8437
vn -0.1477 0.9554 -0.2558
vn -0.4995 0.0464 -0.8651
vn -0.2580 0.8566 -0.4468
vn -0.0892 -0.9840 -0.1545
vn -0.4996 -0.0388 -0.8654
vn -0.0765 0.9554 -0.2854
vn -0.1335 0.8566 -0.4984
vn -0.0462 -0.9840 -0.1723
vn -0.2586 -0.0388 -0.9652
vn -0.2502 -0.2558 -0.9338
vn -0.2090 0.5900 -0.7799
vn -0.0381 0.9891 -0.1421
vn -0.2248 -0.4954 -0.8391
vn -0.2521 0.2256 -0.9410
vn -0.2585 0.0464 -0.9649
vn -0.2759 0.5595 0.7815
vn 0.0000 0.5182 0.8552
vn -0.2850 0.0906 0.9542
vn 0.0000 0.0225 0.9997
vn -0.7905 -0.0459 0.6108
vn -0.7276 0.3732 0.5756
vn -0.4952 0.1299 0.8590
vn -0.4526 0.5551 0.6978
vn 0.4526 0.5551 0.6978
vn 0.7276 0.3732 0.5756
vn 0.4952 0.1300 0.8590
vn 0.7905 -0.0459 0.6108
vn 0.2850 0.0906 0.9542
vn 0.2759 0.5595 0.7815
vn 0.0000 -0.9991 -0.0427
vn 0.0001 -0.9986 0.0532
vn -0.4262 -0.8944 0.1359
vn -0.4518 -0.8918 -0.0218
vn 0.9775 0.1375 0.1603
vn 0.9160 0.0165 0.4009
vn 0.8505 -0.5256 0.0209
vn 0.4261 -0.8944 0.1360
vn 0.2659 -0.8555 0.4444
vn 0.4518 -0.8919 -0.0219
vn 0.6587 -0.5106 0.5527
vn 0.3441 -0.4836 0.8048
vn 0.3656 -0.0345 0.9301
vn 0.7061 -0.0989 0.7012
vn 0.6079 0.2231 0.7620
vn 0.2982 0.3128 0.9018
vn -0.6587 -0.5109 0.5524
vn -0.6813 -0.5237 0.5115
vn -0.6079 0.2233 0.7620
vn -0.6990 0.1486 0.6995
vn -0.7613 -0.1372 0.6337
vn -0.7060 -0.0984 0.7013
vn -0.9160 0.0161 0.4008
vn -0.8505 -0.5256 0.0210
vn -0.8275 -0.4832 0.2860
vn -0.4240 0.3792 0.8225
vn -0.2657 -0.8556 0.4442
vn -0.3441 -0.4836 0.8048
vn 0.8271 -0.4835 0.2865
vn 0.6808 -0.5237 0.5121
vn 0.6987 0.1487 0.6998
vn 0.7616 -0.1373 0.6333
vn -0.9775 0.1374 0.1599
vn -0.3654 -0.0343 0.9302
vn -0.2978 0.3130 0.9019
vn 0.4239 0.3791 0.8226
vn -0.1829 -0.8278 0.5303
vn -0.1922 -0.9444 0.2667
vn 0.2490 -0.9292 0.2731
vn 0.2170 -0.8098 0.5451
vn 0.7943 -0.3460 0.4994
vn 0.8797 -0.4033 0.2520
vn 0.9688 -0.0660 0.2388
vn 0.8793 -0.0499 0.4737
vn 0.9392 0.2517 0.2337
vn 0.8555 0.2292 0.4643
vn 0.8060 0.5415 0.2388
vn 0.7365 0.4829 0.4737
vn 0.5601 0.7891 0.2520
vn 0.5149 0.6968 0.4994
vn 0.1480 0.9521 0.2675
vn 0.1404 0.8325 0.5359
vn -0.0777 0.9634 0.2565
vn -0.0765 0.8706 0.4860
vn -0.0460 0.9824 0.1808
vn -0.0477 0.9058 0.4211
vn -0.9374 0.1529 0.3128
vn -0.9786 0.1607 0.1283
vn -0.9798 0.0720 0.1867
vn -0.9253 0.0513 0.3758
vn -0.9713 -0.0640 0.2292
vn -0.8938 -0.0609 0.4443
vn -0.9379 -0.2547 0.2357
vn -0.8531 -0.2311 0.4679
vn -0.8060 -0.5415 0.2388
vn -0.7365 -0.4829 0.4737
vn -0.5601 -0.7891 0.2520
vn -0.5149 -0.6968 0.4994
vn -0.4964 0.5288 -0.6885
vn -0.0815 0.4228 -0.9025
vn -0.5156 0.1926 -0.8349
vn 0.6387 -0.7218 0.2667
vn 0.5723 -0.6255 0.5303
vn -0.5538 -0.7810 -0.2885
vn -0.4908 -0.6613 -0.5672
vn -0.1742 -0.7818 -0.5987
vn -0.1897 -0.9337 -0.3036
vn -0.7980 -0.5365 -0.2746
vn -0.7040 -0.4603 -0.5408
vn -0.9292 -0.2508 -0.2714
vn -0.8163 -0.2177 -0.5349
vn -0.9589 -0.0621 -0.2769
vn -0.8443 -0.0574 -0.5328
vn -0.9538 0.0893 -0.2870
vn -0.9581 0.1839 -0.2195
vn -0.0955 0.9371 -0.3356
vn -0.0715 0.9583 -0.2765
vn 0.1447 0.9416 -0.3041
vn 0.1304 0.7856 -0.6048
vn 0.5539 0.7810 -0.2885
vn 0.4908 0.6613 -0.5672
vn 0.7980 0.5365 -0.2746
vn 0.7040 0.4603 -0.5408
vn 0.9303 0.2493 -0.2691
vn 0.8185 0.2193 -0.5310
vn 0.9593 -0.0656 -0.2746
vn 0.8399 -0.0466 -0.5408
vn 0.8702 -0.3995 -0.2885
vn 0.7557 -0.3273 -0.5672
vn 0.6312 -0.7138 -0.3036
vn 0.5418 -0.5899 -0.5987
vn 0.2461 -0.9183 -0.3101
vn 0.2044 -0.7627 -0.6137
vn -0.0090 0.0059 -0.9999
vn 0.0013 0.0042 1.0000
vn -0.0486 0.1789 0.9827
vn -0.1243 0.1435 0.9818
vn -0.1840 0.0878 0.9790
vn -0.2183 0.0174 0.9757
vn -0.2197 -0.0581 0.9738
vn -0.1856 -0.1262 0.9745
vn -0.1214 -0.1751 0.9770
vn -0.0294 -0.1982 0.9797
vn -0.0650 -0.2374 0.9692
vn 0.1091 -0.0604 0.9922
vn 0.3094 0.1105 0.9445
vn 0.2453 0.0235 0.9692
vn 0.2342 0.0638 0.9701
vn 0.1911 0.1325 0.9726
vn 0.1198 0.1762 0.9770
vn 0.0356 0.1910 0.9809
vn 0.1829 -0.8278 0.5303
vn -0.2170 -0.8098 0.5451
vn -0.2490 -0.9292 0.2731
vn 0.1922 -0.9444 0.2667
vn -0.7943 -0.3460 0.4994
vn -0.8793 -0.0499 0.4737
vn -0.9688 -0.0660 0.2388
vn -0.8797 -0.4033 0.2520
vn -0.8555 0.2292 0.4643
vn -0.9392 0.2517 0.2337
vn -0.7365 0.4829 0.4737
vn -0.8060 0.5415 0.2388
vn -0.5149 0.6968 0.4994
vn -0.5601 0.7891 0.2520
vn -0.1404 0.8325 0.5359
vn -0.1480 0.9521 0.2675
vn 0.0765 0.8706 0.4860
vn 0.0777 0.9634 0.2565
vn 0.0477 0.9058 0.4211
vn 0.0460 0.9824 0.1808
vn 0.9374 0.1529 0.3128
vn 0.9253 0.0513 0.3758
vn 0.9798 0.0720 0.1867
vn 0.9786 0.1607 0.1283
vn 0.8936 -0.0602 0.4448
vn 0.9712 -0.0635 0.2295
vn 0.8088 -0.3665 0.4598
vn 0.7353 -0.4848 0.4737
vn 0.8049 -0.5433 0.2388
vn 0.8863 -0.4015 0.2308
vn 0.0007 0.0033 1.0000
vn -0.2175 0.0733 0.9733
vn -0.2537 -0.0510 0.9659
vn -0.2485 -0.0062 0.9686
vn 0.5149 -0.6968 0.4994
vn 0.5601 -0.7891 0.2520
vn 0.4964 0.5288 -0.6885
vn 0.5165 0.1923 -0.8344
vn 0.0836 0.4224 -0.9025
vn -0.5723 -0.6255 0.5303
vn -0.6387 -0.7218 0.2667
vn 0.5538 -0.7810 -0.2885
vn 0.1897 -0.9337 -0.3036
vn 0.1742 -0.7818 -0.5987
vn 0.4908 -0.6613 -0.5672
vn 0.8073 -0.5150 -0.2881
vn 0.7174 -0.4011 -0.5696
vn 0.9533 -0.0834 -0.2902
vn 0.9356 -0.1481 -0.3204
vn 0.7965 -0.1688 -0.5806
vn 0.8214 -0.1054 -0.5606
vn 0.9662 -0.1050 0.2356
vn 0.9538 0.0893 -0.2870
vn 0.9581 0.1839 -0.2195
vn 0.0955 0.9371 -0.3356
vn 0.0715 0.9583 -0.2765
vn -0.1447 0.9416 -0.3041
vn -0.1304 0.7856 -0.6048
vn -0.5539 0.7810 -0.2885
vn -0.4908 0.6613 -0.5672
vn -0.7980 0.5365 -0.2746
vn -0.7040 0.4603 -0.5408
vn -0.9303 0.2493 -0.2691
vn -0.8185 0.2193 -0.5310
vn -0.9593 -0.0656 -0.2746
vn -0.8399 -0.0466 -0.5408
vn -0.8702 -0.3995 -0.2885
vn -0.7557 -0.3273 -0.5672
vn -0.6312 -0.7138 -0.3036
vn -0.5418 -0.5899 -0.5987
vn -0.2461 -0.9183 -0.3101
vn -0.2044 -0.7627 -0.6137
vn 0.8788 -0.0935 0.4680
vn 0.8887 -0.3365 -0.3115
vn 0.7865 -0.2354 -0.5710
vn 0.1243 0.1435 0.9818
vn 0.0486 0.1789 0.9827
vn 0.1840 0.0878 0.9790
vn 0.2183 0.0174 0.9757
vn 0.2197 -0.0581 0.9738
vn 0.1856 -0.1262 0.9745
vn 0.1214 -0.1751 0.9770
vn 0.0294 -0.1982 0.9797
vn 0.0650 -0.2374 0.9692
vn -0.1091 -0.0604 0.9922
vn -0.3094 0.1105 0.9445
vn -0.1731 0.1692 0.9703
vn -0.1815 0.1849 0.9658
vn -0.1198 0.1762 0.9770
vn -0.0356 0.1910 0.9809
vn 0.7090 0.6916 0.1378
vn 0.7366 0.6734 -0.0628
vn 0.7347 0.6716 -0.0956
vn 0.6939 0.6944 0.1906
vn 0.4127 -0.8781 0.2421
vn 0.4702 -0.8694 -0.1516
vn 0.4732 -0.8748 -0.1041
vn 0.4305 -0.8836 0.1843
vn 0.3498 -0.8420 0.4108
vn 0.6475 0.6923 0.3186
vn 0.4567 -0.8444 -0.2802
vn 0.7268 0.6644 -0.1740
vn 0.0128 0.0051 -0.9999
vn 0.7062 0.0463 0.7065
vn 0.0002 0.4338 0.9010
vn 0.2158 -0.9764 0.0000
vn 0.1869 -0.8456 -0.5000
vn 0.4292 -0.7629 -0.4835
vn 0.4571 -0.8894 0.0000
vn 0.9835 -0.1807 0.0000
vn 0.9723 -0.1299 -0.1944
vn 0.4207 0.9072 0.0000
vn 0.4437 0.8032 0.3975
vn 0.1535 0.8688 0.4707
vn 0.1263 0.9920 -0.0000
vn -0.5053 0.7233 0.4707
vn -0.5325 0.8464 -0.0000
vn -0.7408 0.5414 0.3975
vn -0.7638 0.6454 0.0000
vn -0.8158 -0.5784 0.0000
vn -0.8270 -0.5275 -0.1943
vn -0.0398 -0.9992 0.0000
vn -0.0677 -0.8727 -0.4835
vn 0.1079 -0.4882 -0.8660
vn 0.3528 -0.4173 -0.8375
vn 0.9416 0.0090 -0.3366
vn 0.5065 0.5190 0.6885
vn 0.2278 0.5324 0.8153
vn -0.4310 0.3868 0.8153
vn -0.6781 0.2573 0.6885
vn -0.8577 -0.3886 -0.3366
vn -0.1441 -0.5271 -0.8375
vn 0.0000 -0.0000 -1.0000
vn 0.2484 0.0549 -0.9671
vn 0.8997 0.1988 -0.3887
vn 0.5923 0.1309 0.7950
vn 0.3294 0.0728 0.9414
vn -0.3294 -0.0728 0.9414
vn -0.5923 -0.1309 0.7950
vn -0.8997 -0.1988 -0.3887
vn -0.2484 -0.0549 -0.9671
vn -0.1079 0.4882 -0.8660
vn 0.1441 0.5271 -0.8375
vn 0.8577 0.3886 -0.3366
vn 0.6780 -0.2573 0.6885
vn 0.4310 -0.3868 0.8153
vn -0.2278 -0.5324 0.8153
vn -0.5065 -0.5190 0.6885
vn -0.9416 -0.0090 -0.3366
vn -0.3528 0.4173 -0.8375
vn -0.1869 0.8456 -0.5000
vn 0.0677 0.8727 -0.4835
vn 0.8270 0.5275 -0.1944
vn 0.7408 -0.5414 0.3975
vn 0.5053 -0.7233 0.4707
vn -0.1535 -0.8688 0.4707
vn -0.4437 -0.8032 0.3975
vn -0.9723 0.1299 -0.1943
vn -0.4292 0.7629 -0.4835
vn -0.2158 0.9764 -0.0000
vn 0.0398 0.9992 -0.0000
vn 0.8158 0.5784 -0.0000
vn 0.7638 -0.6454 0.0000
vn 0.5325 -0.8464 0.0000
vn -0.1263 -0.9920 0.0000
vn -0.4207 -0.9072 -0.0000
vn -0.9835 0.1807 0.0000
vn -0.4571 0.8894 -0.0000
vn -0.1869 0.8456 0.5000
vn 0.0677 0.8727 0.4835
vn 0.8270 0.5275 0.1944
vn 0.7408 -0.5414 -0.3975
vn 0.5053 -0.7233 -0.4707
vn -0.1535 -0.8688 -0.4707
vn -0.4437 -0.8032 -0.3975
vn -0.9723 0.1299 0.1943
vn -0.4292 0.7629 0.4835
vn -0.1079 0.4882 0.8660
vn 0.1441 0.5271 0.8375
vn 0.8577 0.3886 0.3366
vn 0.6780 -0.2573 -0.6885
vn 0.4310 -0.3868 -0.8153
vn -0.2278 -0.5324 -0.8153
vn -0.5065 -0.5190 -0.6885
vn -0.9416 -0.0090 0.3366
vn -0.3528 0.4173 0.8375
vn 0.0000 -0.0000 1.0000
vn 0.2484 0.0549 0.9671
vn 0.8997 0.1988 0.3887
vn 0.5923 0.1309 -0.7950
vn 0.3294 0.0728 -0.9414
vn -0.3294 -0.0728 -0.9414
vn -0.5923 -0.1309 -0.7950
vn -0.8997 -0.1988 0.3887
vn -0.2484 -0.0549 0.9671
vn 0.1079 -0.4882 0.8660
vn 0.3528 -0.4173 0.8375
vn 0.9416 0.0090 0.3366
vn 0.5065 0.5190 -0.6885
vn 0.2278 0.5324 -0.8153
vn -0.4310 0.3868 -0.8153
vn -0.6781 0.2573 -0.6885
vn -0.8577 -0.3886 0.3366
vn -0.1441 -0.5271 0.8375
vn 0.1869 -0.8456 0.5000
vn 0.4292 -0.7629 0.4835
vn 0.9723 -0.1299 0.1944
vn 0.4437 0.8032 -0.3975
vn 0.1535 0.8688 -0.4707
vn -0.5053 0.7233 -0.4707
vn -0.7408 0.5414 -0.3975
vn -0.8270 -0.5275 0.1943
vn -0.0677 -0.8727 0.4835
vn -0.8297 -0.5278 -0.1817
vn -0.6116 -0.4571 -0.6458
vn -0.4603 -0.6582 -0.5958
vn -0.6712 -0.7265 -0.1470
vn 0.1525 -0.9877 0.0334
vn 0.2373 -0.9602 -0.1470
vn 0.9724 -0.0956 0.2130
vn 0.7990 -0.1518 0.5819
vn 0.7497 0.1438 0.6460
vn 0.9550 0.2103 0.2091
vn 0.4018 0.7168 0.5698
vn 0.6071 0.7834 0.1330
vn 0.1735 0.8786 0.4449
vn 0.3469 0.9348 0.0760
vn -0.7975 0.5774 -0.1747
vn -0.7128 0.6049 -0.3550
vn -0.9336 -0.2943 -0.2045
vn -0.7226 -0.2259 -0.6533
vn -0.2296 -0.2639 -0.9368
vn -0.0908 -0.4713 -0.8773
vn 0.3858 -0.8852 -0.2601
vn 0.4953 -0.3054 0.8133
vn 0.3901 -0.0381 0.9200
vn 0.0422 0.5350 0.8438
vn -0.1302 0.7250 0.6763
vn -0.5643 0.6800 -0.4682
vn -0.3532 -0.0391 -0.9347
vn 0.2139 -0.0000 -0.9768
vn 0.3381 -0.2161 -0.9160
vn 0.5582 -0.7826 -0.2757
vn 0.1426 -0.5152 0.8451
vn -0.0275 -0.2865 0.9577
vn -0.3753 0.2865 0.8815
vn -0.4828 0.5152 0.7081
vn -0.3919 0.7826 -0.4837
vn 0.0757 0.2161 -0.9734
vn 0.6001 0.2639 -0.7551
vn 0.7116 0.0391 -0.7015
vn 0.7083 -0.6800 -0.1895
vn -0.1644 -0.7250 0.6688
vn -0.3910 -0.5350 0.7489
vn -0.7389 0.0381 0.6728
vn -0.7899 0.3054 0.5319
vn -0.2418 0.8852 -0.3975
vn 0.4492 0.4713 -0.7590
vn 0.8255 0.4571 -0.3311
vn 0.9295 0.2259 -0.2914
vn 0.7959 -0.6049 -0.0247
vn -0.3436 -0.8786 0.3317
vn -0.6032 -0.7168 0.3497
vn -0.9511 -0.1438 0.2736
vn -0.9690 0.1518 0.1947
vn -0.1542 0.9602 -0.2327
vn 0.6672 0.6582 -0.3489
vn 0.8297 0.5278 0.1817
vn 0.9336 0.2943 0.2045
vn 0.7976 -0.5774 0.1747
vn -0.3469 -0.9348 -0.0760
vn -0.6071 -0.7834 -0.1330
vn -0.9550 -0.2103 -0.2091
vn -0.9724 0.0956 -0.2130
vn -0.1525 0.9877 -0.0334
vn 0.6712 0.7265 0.1470
vn 0.6116 0.4571 0.6458
vn 0.7226 0.2259 0.6533
vn 0.7128 -0.6049 0.3551
vn -0.1735 -0.8786 -0.4449
vn -0.4018 -0.7168 -0.5698
vn -0.7497 -0.1438 -0.6460
vn -0.7990 0.1518 -0.5819
vn -0.2373 0.9602 0.1470
vn 0.4603 0.6582 0.5958
vn 0.2296 0.2639 0.9368
vn 0.3532 0.0391 0.9347
vn 0.5643 -0.6800 0.4682
vn 0.1302 -0.7250 -0.6763
vn -0.0422 -0.5350 -0.8438
vn -0.3901 0.0381 -0.9200
vn -0.4953 0.3054 -0.8133
vn -0.3858 0.8852 0.2601
vn 0.0908 0.4713 0.8773
vn -0.2139 -0.0000 0.9768
vn -0.0757 -0.2161 0.9734
vn 0.3919 -0.7826 0.4837
vn 0.4828 -0.5152 -0.7081
vn 0.3753 -0.2865 -0.8815
vn 0.0275 0.2865 -0.9577
vn -0.1426 0.5152 -0.8451
vn -0.5582 0.7826 0.2757
vn -0.3381 0.2161 0.9160
vn -0.6001 -0.2639 0.7551
vn -0.4492 -0.4713 0.7590
vn 0.2418 -0.8852 0.3976
vn 0.7899 -0.3054 -0.5319
vn 0.7389 -0.0381 -0.6728
vn 0.3910 0.5350 -0.7489
vn 0.1644 0.7250 -0.6688
vn -0.7083 0.6800 0.1895
vn -0.7116 -0.0391 0.7015
vn -0.8255 -0.4571 0.3311
vn -0.6672 -0.6582 0.3489
vn 0.1542 -0.9602 0.2327
vn 0.9690 -0.1518 -0.1947
vn 0.9511 0.1438 -0.2736
vn 0.6032 0.7168 -0.3497
vn 0.3436 0.8786 -0.3317
vn -0.7959 0.6049 0.0246
vn -0.9295 -0.2259 0.2914
usemtl Black
s 1
f 17/1/1 10/2/2 14/3/3 1/4/4
s 2
f 30/5/5 34/6/6 32/7/7 33/8/8
s 3
f 2/9/9 16/10/10 10/11/2 17/12/1
s 4
f 11/13/11 3/14/12 7/15/13 14/3/3
s 5
f 7/15/13 3/14/12 5/16/14 4/17/15
s 6
f 22/18/16 26/19/17 25/20/18 24/21/19
s 7
f 8/22/20 4/23/15 5/24/14 6/25/21
s 8
f 15/26/22 11/27/11 12/28/23 13/29/24
s 9
f 9/30/25 6/31/21 5/32/14 3/33/12
s 10
f 16/10/10 13/34/24 12/35/23 10/11/2
s 11
f 23/36/26 29/37/27 9/30/25 15/26/22
s 12
f 36/38/28 39/39/29 30/5/5 22/18/16
s 13
f 38/40/30 18/41/31 8/22/20 28/42/32
s 14
f 8/22/20 18/41/31 20/43/33 4/23/15
s 15
f 29/37/27 33/8/8 32/7/7 31/44/34
s 16
f 28/42/32 31/45/34 32/7/7 34/6/6
s 17
f 15/26/22 9/30/25 3/33/12 11/27/11
s 18
f 21/46/35 24/21/19 25/20/18 27/47/36
s 19
f 23/36/26 27/48/36 25/20/18 26/19/17
s 20
f 14/3/3 7/15/13 19/49/37 1/4/4
s 21
f 14/3/3 10/2/2 12/50/23 11/13/11
s 22
f 4/17/15 20/51/33 19/49/37 7/15/13
s 23
f 21/46/35 35/52/38 37/53/39 24/21/19
s 24
f 24/21/19 37/53/39 36/38/28 22/18/16
s 25
f 38/40/30 28/42/32 34/6/6 40/54/40
s 26
f 40/54/40 34/6/6 30/5/5 39/39/29
s 27
f 29/37/27 23/36/26 26/19/17 33/8/8
s 28
f 33/8/8 26/19/17 22/18/16 30/5/5
s 29
f 16/10/10 21/46/35 27/47/36 13/34/24
s 30
f 13/29/24 27/48/36 23/36/26 15/26/22
s 31
f 28/42/32 8/22/20 6/25/21 31/45/34
s 32
f 31/44/34 6/31/21 9/30/25 29/37/27
s 33
f 2/9/9 35/52/38 21/46/35 16/10/10
s 34
f 57/55/41 50/56/42 54/57/43 41/58/44
s 35
f 70/59/45 74/60/46 72/61/47 73/62/48
s 36
f 42/63/49 56/64/50 50/65/42 57/66/41
s 37
f 51/67/51 43/68/52 47/69/53 54/57/43
s 38
f 47/69/53 43/68/52 45/70/54 44/71/55
s 39
f 62/72/56 66/73/57 65/74/58 64/75/59
s 40
f 48/76/60 44/77/55 45/78/54 46/79/61
s 41
f 55/80/62 51/81/51 52/82/63 53/83/64
s 42
f 49/84/65 46/85/61 45/86/54 43/87/52
s 43
f 56/64/50 53/88/64 52/89/63 50/65/42
s 44
f 63/90/66 69/91/67 49/84/65 55/80/62
s 45
f 76/92/68 79/93/69 70/59/45 62/72/56
s 46
f 78/94/70 58/95/71 48/76/60 68/96/72
s 47
f 48/76/60 58/95/71 60/97/73 44/77/55
s 48
f 69/91/67 73/62/48 72/61/47 71/98/74
s 49
f 68/96/72 71/99/74 72/61/47 74/60/46
s 50
f 55/80/62 49/84/65 43/87/52 51/81/51
s 51
f 61/100/75 64/75/59 65/74/58 67/101/76
s 52
f 63/90/66 67/102/76 65/74/58 66/73/57
s 53
f 54/57/43 47/69/53 59/103/77 41/58/44
s 54
f 54/57/43 50/56/42 52/104/63 51/67/51
s 55
f 44/71/55 60/105/73 59/103/77 47/69/53
s 56
f 61/100/75 75/106/78 77/107/79 64/75/59
s 57
f 64/75/59 77/107/79 76/92/68 62/72/56
s 58
f 78/94/70 68/96/72 74/60/46 80/108/80
s 59
f 80/108/80 74/60/46 70/59/45 79/93/69
s 60
f 69/91/67 63/90/66 66/73/57 73/62/48
s 61
f 73/62/48 66/73/57 62/72/56 70/59/45
s 62
f 56/64/50 61/100/75 67/101/76 53/88/64
s 63
f 53/83/64 67/102/76 63/90/66 55/80/62
s 64
f 68/96/72 48/76/60 46/79/61 71/99/74
s 65
f 71/98/74 46/85/61 49/84/65 69/91/67
s 66
f 42/63/49 75/106/78 61/100/75 56/64/50
s 87
f 162/109/81 126/110/82 300/111/83 275/112/84
s 88
f 224/113/85 245/114/86 203/115/87 182/116/88
s 89
f 120/117/89 105/118/90 298/119/91 309/120/92
s 90
f 168/121/93 286/122/94 273/123/95 155/124/96
s 91
f 98/125/97 119/126/98 161/127/99 140/128/100
s 92
f 97/129/101 225/130/102 183/131/103 288/132/104
s 93
f 100/133/105 290/134/106 292/135/107 101/136/108
s 94
f 101/136/108 292/135/107 294/137/109 109/138/110
s 95
f 107/139/111 296/140/112 298/119/91 105/118/90
s 96
f 99/141/113 100/133/105 103/142/114 102/143/115
s 97
f 100/133/105 101/136/108 104/144/116 103/142/114
s 98
f 101/136/108 109/138/110 110/145/117 104/144/116
s 99
f 109/146/110 294/147/109 296/140/112 107/139/111
s 100
f 105/118/90 106/148/118 108/149/119 107/139/111
s 101
f 106/148/118 116/150/120 117/151/121 108/149/119
s 102
f 307/152/122 121/153/123 120/117/89 309/120/92
s 103
f 107/139/111 108/149/119 110/154/117 109/146/110
s 104
f 108/149/119 117/151/121 118/155/124 110/154/117
s 105
f 98/125/97 111/156/125 114/157/126 113/158/127
s 106
f 111/156/125 112/159/128 115/160/129 114/157/126
s 107
f 112/159/128 102/161/115 103/162/114 115/160/129
s 108
f 113/158/127 114/157/126 117/163/121 116/164/120
s 109
f 114/157/126 115/160/129 118/165/124 117/163/121
s 110
f 115/160/129 103/162/114 104/166/116 118/165/124
s 111
f 104/144/116 110/145/117 118/167/124
s 112
f 305/168/130 122/169/131 121/153/123 307/152/122
s 113
f 303/170/132 130/171/133 122/169/131 305/172/130
s 114
f 300/111/83 126/110/82 128/173/134 301/174/135
s 115
f 120/117/89 121/153/123 124/175/136 123/176/137
s 116
f 121/153/123 122/169/131 125/177/138 124/175/136
s 117
f 122/169/131 130/171/133 131/178/139 125/177/138
s 118
f 301/174/135 128/173/134 130/179/133 303/170/132
s 119
f 126/110/82 127/180/140 129/181/141 128/173/134
s 120
f 127/180/140 137/182/142 138/183/143 129/181/141
s 121
f 96/184/144 141/185/145 143/186/146 95/187/147
s 122
f 128/173/134 129/181/141 131/188/139 130/179/133
s 123
f 129/181/141 138/183/143 139/189/148 131/188/139
s 124
f 119/126/98 132/190/149 135/191/150 134/192/151
s 125
f 132/190/149 133/193/152 136/194/153 135/191/150
s 126
f 133/193/152 123/195/137 124/196/136 136/194/153
s 127
f 134/192/151 135/191/150 138/197/143 137/198/142
s 128
f 135/191/150 136/194/153 139/199/148 138/197/143
s 129
f 136/194/153 124/196/136 125/200/138 139/199/148
s 130
f 125/177/138 131/178/139 139/201/148
s 131
f 95/187/147 143/186/146 145/202/154 267/203/155
s 132
f 141/185/145 142/204/156 144/205/157 143/186/146
s 133
f 142/204/156 152/206/158 153/207/159 144/205/157
s 134
f 271/208/160 156/209/161 155/124/96 273/123/95
s 135
f 143/186/146 144/205/157 146/210/162 145/202/154
s 136
f 144/205/157 153/207/159 154/211/163 146/210/162
s 137
f 140/128/100 147/212/164 150/213/165 149/214/166
s 138
f 147/212/164 148/215/167 151/216/168 150/213/165
s 139
f 148/215/167 158/217/169 159/218/170 151/216/168
s 140
f 149/214/166 150/213/165 153/219/159 152/220/158
s 141
f 150/213/165 151/216/168 154/221/163 153/219/159
s 142
f 151/216/168 159/218/170 160/222/171 154/221/163
s 143
f 269/223/172 157/224/173 156/209/161 271/208/160
s 144
f 267/203/155 145/225/154 157/224/173 269/226/172
s 145
f 162/109/81 275/112/84 278/227/174 163/228/175
s 146
f 155/124/96 156/209/161 159/218/170 158/217/169
s 147
f 156/209/161 157/224/173 160/222/171 159/218/170
s 148
f 157/224/173 145/225/154 146/229/162 160/222/171
s 149
f 146/210/162 154/211/163 160/230/171
s 150
f 163/228/175 278/227/174 280/231/176 164/232/177
s 151
f 164/232/177 280/231/176 282/233/178 172/234/179
s 152
f 170/235/180 284/236/181 286/122/94 168/121/93
s 153
f 162/109/81 163/228/175 166/237/182 165/238/183
s 154
f 163/228/175 164/232/177 167/239/184 166/237/182
s 155
f 164/232/177 172/234/179 173/240/185 167/239/184
s 156
f 172/241/179 282/242/178 284/236/181 170/235/180
s 157
f 168/121/93 169/243/186 171/244/187 170/235/180
s 158
f 169/243/186 179/245/188 180/246/189 171/244/187
s 159
f 99/141/113 141/185/145 96/184/144 287/247/190
s 160
f 170/235/180 171/244/187 173/248/185 172/241/179
s 161
f 171/244/187 180/246/189 181/249/191 173/248/185
s 162
f 161/127/99 174/250/192 177/251/193 176/252/194
s 163
f 174/250/192 175/253/195 178/254/196 177/251/193
s 164
f 175/253/195 165/255/183 166/256/182 178/254/196
s 165
f 176/252/194 177/251/193 180/246/189 179/245/188
s 166
f 177/251/193 178/254/196 181/249/191 180/246/189
s 167
f 178/254/196 166/256/182 167/257/184 181/249/191
s 168
f 167/239/184 173/240/185 181/258/191
s 169
f 289/259/197 185/260/198 187/261/199 291/262/200
s 170
f 183/131/103 184/263/201 186/264/202 185/260/198
s 171
f 184/263/201 194/265/203 195/266/204 186/264/202
s 172
f 295/267/205 198/268/206 197/269/207 297/270/208
s 173
f 185/260/198 186/264/202 188/271/209 187/261/199
s 174
f 186/264/202 195/266/204 196/272/210 188/271/209
s 175
f 182/116/88 189/273/211 192/274/212 191/275/213
s 176
f 189/273/211 190/276/214 193/277/215 192/274/212
s 177
f 190/276/214 200/278/216 201/279/217 193/277/215
s 178
f 191/275/213 192/274/212 195/266/204 194/265/203
s 179
f 192/274/212 193/277/215 196/272/210 195/266/204
s 180
f 193/277/215 201/279/217 202/280/218 196/272/210
s 181
f 293/281/219 199/282/220 198/268/206 295/267/205
s 182
f 291/262/200 187/283/199 199/282/220 293/284/219
s 183
f 204/285/221 299/286/222 302/287/223 205/288/224
s 184
f 197/269/207 198/268/206 201/279/217 200/278/216
s 185
f 198/268/206 199/282/220 202/280/218 201/279/217
s 186
f 199/282/220 187/283/199 188/289/209 202/280/218
s 187
f 188/271/209 196/290/210 202/291/218
s 188
f 205/288/224 302/287/223 304/292/225 206/293/226
s 189
f 206/293/226 304/292/225 306/294/227 214/295/228
s 190
f 212/296/229 308/297/230 310/298/231 210/299/232
s 191
f 204/285/221 205/288/224 208/300/233 207/301/234
s 192
f 205/288/224 206/293/226 209/302/235 208/300/233
s 193
f 206/293/226 214/295/228 215/303/236 209/302/235
s 194
f 214/304/228 306/305/227 308/297/230 212/296/229
s 195
f 210/299/232 211/306/237 213/307/238 212/296/229
s 196
f 211/306/237 221/308/239 222/309/240 213/307/238
s 197
f 97/129/101 266/310/241 226/311/242 225/130/102
s 198
f 212/296/229 213/307/238 215/312/236 214/304/228
s 199
f 213/307/238 222/309/240 223/313/243 215/312/236
s 200
f 203/115/87 216/314/244 219/315/245 218/316/246
s 201
f 216/314/244 217/317/247 220/318/248 219/315/245
s 202
f 217/317/247 207/301/234 208/300/233 220/318/248
s 203
f 218/316/246 219/315/245 222/309/240 221/308/239
s 204
f 219/315/245 220/318/248 223/313/243 222/309/240
s 205
f 220/318/248 208/300/233 209/302/235 223/313/243
s 206
f 209/302/235 215/303/236 223/319/243
s 207
f 226/311/242 266/310/241 268/320/249 227/321/250
s 208
f 227/321/250 268/320/249 270/322/251 235/323/252
s 209
f 233/324/253 272/325/254 274/326/255 231/327/256
s 210
f 225/130/102 226/311/242 229/328/257 228/329/258
s 211
f 226/311/242 227/321/250 230/330/259 229/328/257
s 212
f 227/321/250 235/323/252 236/331/260 230/330/259
s 213
f 235/332/252 270/333/251 272/325/254 233/324/253
s 214
f 231/327/256 232/334/261 234/335/262 233/324/253
s 215
f 232/334/261 242/336/263 243/337/264 234/335/262
s 216
f 276/338/265 246/339/266 248/340/267 277/341/268
s 217
f 233/324/253 234/335/262 236/342/260 235/332/252
s 218
f 234/335/262 243/337/264 244/343/269 236/342/260
s 219
f 224/113/85 237/344/270 240/345/271 239/346/272
s 220
f 237/344/270 238/347/273 241/348/274 240/345/271
s 221
f 238/347/273 228/329/258 229/328/257 241/348/274
s 222
f 239/346/272 240/345/271 243/337/264 242/336/263
s 223
f 240/345/271 241/348/274 244/343/269 243/337/264
s 224
f 241/348/274 229/328/257 230/330/259 244/343/269
s 225
f 230/330/259 236/331/260 244/349/269
s 226
f 277/341/268 248/340/267 250/350/275 279/351/276
s 227
f 246/339/266 247/352/277 249/353/278 248/340/267
s 228
f 247/352/277 257/354/279 258/355/280 249/353/278
s 229
f 283/356/281 261/357/282 260/358/283 285/359/284
s 230
f 248/340/267 249/353/278 251/360/285 250/350/275
s 231
f 249/353/278 258/355/280 259/361/286 251/360/285
s 232
f 245/114/86 252/362/287 255/363/288 254/364/289
s 233
f 252/362/287 253/365/290 256/366/291 255/363/288
s 234
f 253/365/290 263/367/292 264/368/293 256/366/291
s 235
f 254/364/289 255/363/288 258/355/280 257/354/279
s 236
f 255/363/288 256/366/291 259/361/286 258/355/280
s 237
f 256/366/291 264/368/293 265/369/294 259/361/286
s 238
f 281/370/295 262/371/296 261/357/282 283/356/281
s 239
f 279/351/276 250/372/275 262/371/296 281/373/295
s 240
f 260/358/283 231/327/256 274/326/255 285/359/284
s 241
f 260/358/283 261/357/282 264/368/293 263/367/292
s 242
f 261/357/282 262/371/296 265/369/294 264/368/293
s 243
f 262/371/296 250/372/275 251/374/285 265/369/294
s 244
f 251/360/285 259/375/286 265/376/294
s 245
f 141/185/145 99/141/113 102/143/115 142/204/156
s 246
f 142/204/156 102/143/115 112/377/128 152/206/158
s 247
f 152/220/158 112/159/128 111/156/125 149/214/166
s 248
f 149/214/166 111/156/125 98/125/97 140/128/100
s 249
f 105/118/90 120/117/89 123/176/137 106/148/118
s 250
f 106/148/118 123/176/137 133/378/152 116/150/120
s 251
f 116/164/120 133/193/152 132/190/149 113/158/127
s 252
f 113/158/127 132/190/149 119/126/98 98/125/97
s 253
f 126/110/82 162/109/81 165/238/183 127/180/140
s 254
f 127/180/140 165/238/183 175/379/195 137/182/142
s 255
f 137/198/142 175/253/195 174/250/192 134/192/151
s 256
f 134/192/151 174/250/192 161/127/99 119/126/98
s 257
f 671/380/297 669/381/298 600/382/299 602/383/300
s 258
f 168/121/93 155/124/96 158/217/169 169/243/186
s 259
f 169/243/186 158/217/169 148/215/167 179/245/188
s 260
f 179/245/188 148/215/167 147/212/164 176/252/194
s 261
f 176/252/194 147/212/164 140/128/100 161/127/99
s 262
f 245/114/86 224/113/85 239/346/272 252/362/287
s 263
f 252/362/287 239/346/272 242/336/263 253/365/290
s 264
f 253/365/290 242/336/263 232/334/261 263/367/292
s 265
f 263/367/292 232/334/261 231/327/256 260/358/283
s 266
f 246/339/266 276/338/265 299/286/222 204/285/221
s 267
f 183/131/103 225/130/102 228/329/258 184/263/201
s 268
f 184/263/201 228/329/258 238/347/273 194/265/203
s 269
f 194/265/203 238/347/273 237/344/270 191/275/213
s 270
f 191/275/213 237/344/270 224/113/85 182/116/88
s 271
f 210/299/232 310/298/231 297/270/208 197/269/207
s 272
f 246/339/266 204/285/221 207/301/234 247/352/277
s 273
f 247/352/277 207/301/234 217/317/247 257/354/279
s 274
f 257/354/279 217/317/247 216/314/244 254/364/289
s 275
f 254/364/289 216/314/244 203/115/87 245/114/86
s 276
f 99/141/113 287/247/190 290/134/106 100/133/105
s 277
f 210/299/232 197/269/207 200/278/216 211/306/237
s 278
f 211/306/237 200/278/216 190/276/214 221/308/239
s 279
f 221/308/239 190/276/214 189/273/211 218/316/246
s 280
f 218/316/246 189/273/211 182/116/88 203/115/87
s 281
f 97/129/101 603/384/301 606/385/302 266/310/241
s 282
f 308/297/230 732/386/303 738/387/304 310/298/231
s 283
f 729/388/305 307/152/122 309/120/92 735/389/306
s 284
f 306/305/227 726/390/307 732/386/303 308/297/230
s 285
f 723/391/308 305/168/130 307/152/122 729/388/305
s 286
f 304/292/225 720/392/309 726/393/307 306/294/227
s 287
f 717/394/310 303/170/132 305/172/130 723/395/308
s 288
f 302/287/223 714/396/311 720/392/309 304/292/225
s 289
f 708/397/312 300/111/83 301/174/135 711/398/313
s 290
f 711/398/313 301/174/135 303/170/132 717/394/310
s 291
f 297/270/208 310/298/231 738/387/304 699/399/314
s 292
f 296/140/112 696/400/315 702/401/316 298/119/91
s 293
f 693/402/317 295/267/205 297/270/208 699/399/314
s 294
f 294/147/109 690/403/318 696/400/315 296/140/112
s 295
f 687/404/319 293/281/219 295/267/205 693/402/317
s 296
f 292/135/107 684/405/320 690/406/318 294/137/109
s 297
f 681/407/321 291/262/200 293/284/219 687/408/319
s 298
f 290/134/106 678/409/322 684/405/320 292/135/107
s 299
f 672/410/323 288/132/104 289/259/197 675/411/324
s 300
f 675/411/324 289/259/197 291/262/200 681/407/321
s 301
f 287/247/190 669/381/298 678/409/322 290/134/106
s 302
f 284/236/181 660/412/325 666/413/326 286/122/94
s 303
f 657/414/327 283/356/281 285/359/284 663/415/328
s 304
f 282/242/178 654/416/329 660/412/325 284/236/181
s 305
f 651/417/330 281/370/295 283/356/281 657/414/327
s 306
f 280/231/176 648/418/331 654/419/329 282/233/178
s 307
f 645/420/332 279/351/276 281/373/295 651/421/330
s 308
f 278/227/174 642/422/333 648/418/331 280/231/176
s 309
f 276/338/265 636/423/334 705/424/335 299/286/222
s 310
f 639/425/336 277/341/268 279/351/276 645/420/332
s 311
f 273/123/95 286/122/94 666/413/326 627/426/337
s 312
f 272/325/254 624/427/338 630/428/339 274/326/255
s 313
f 621/429/340 271/208/160 273/123/95 627/426/337
s 314
f 270/333/251 618/430/341 624/427/338 272/325/254
s 315
f 615/431/342 269/223/172 271/208/160 621/429/340
s 316
f 268/320/249 612/432/343 618/433/341 270/322/251
s 317
f 609/434/344 267/203/155 269/226/172 615/435/342
s 318
f 603/384/301 97/129/101 288/132/104 672/410/323
s 319
f 597/436/345 95/187/147 267/203/155 609/434/344
s 320
f 630/428/339 663/415/328 285/359/284 274/326/255
s 321
f 633/437/346 275/112/84 300/111/83 708/397/312
s 322
f 636/423/334 276/338/265 277/341/268 639/425/336
s 323
f 275/112/84 633/437/346 642/422/333 278/227/174
s 324
f 702/401/316 735/389/306 309/120/92 298/119/91
s 325
f 299/286/222 705/424/335 714/396/311 302/287/223
s 632
f 266/310/241 606/385/302 612/432/343 268/320/249
s 633
f 96/184/144 600/382/299 669/381/298 287/247/190
s 634
f 601/438/347 670/439/348 671/380/297 602/383/300
s 635
f 672/410/323 674/440/349 605/441/350 603/384/301
s 636
f 740/442/351 738/387/304 732/386/303 734/443/352
s 637
f 605/441/350 674/440/349 673/444/353 604/445/354
s 638
f 733/446/355 739/447/356 740/442/357 734/443/352
s 639
f 735/389/306 737/448/358 731/449/359 729/388/305
s 640
f 734/443/352 732/386/303 726/390/307 728/450/360
s 641
f 731/449/359 737/448/361 736/451/362 730/452/363
s 642
f 727/453/364 733/446/355 734/443/352 728/450/360
s 643
f 729/388/305 731/449/359 725/454/365 723/391/308
s 644
f 728/455/360 726/393/307 720/392/309 722/456/366
s 645
f 725/454/365 731/449/359 730/452/363 724/457/367
s 646
f 721/458/368 727/453/364 728/459/360 722/456/366
s 647
f 723/395/308 725/460/365 719/461/369 717/394/310
s 648
f 722/462/366 720/392/309 714/396/311 716/463/370
s 649
f 719/461/369 725/464/365 724/457/367 718/465/371
s 650
f 715/466/372 721/458/368 722/462/366 716/463/370
s 651
f 717/394/310 719/467/369 713/468/373 711/398/313
s 652
f 716/463/370 714/396/311 705/424/335 707/469/374
s 653
f 713/468/373 719/467/369 718/465/371 712/470/375
s 654
f 706/471/376 715/466/372 716/463/370 707/469/374
s 655
f 711/398/313 713/468/373 710/472/377 708/397/312
s 656
f 704/473/378 702/401/316 696/400/315 698/474/379
s 657
f 710/472/377 713/468/373 712/470/375 709/475/380
s 658
f 697/476/381 703/477/382 704/473/383 698/474/384
s 659
f 699/399/314 701/478/385 695/479/386 693/402/317
s 660
f 698/480/379 696/400/315 690/403/318 692/481/387
s 661
f 695/479/388 701/478/389 700/482/390 694/483/391
s 662
f 691/484/392 697/476/381 698/485/384 692/486/393
s 663
f 693/402/317 695/487/386 689/488/394 687/404/319
s 664
f 692/489/387 690/406/318 684/405/320 686/490/395
s 665
f 689/491/396 695/492/388 694/483/391 688/493/397
s 666
f 685/494/398 691/484/392 692/489/393 686/490/399
s 667
f 687/408/319 689/495/394 683/496/400 681/407/321
s 668
f 686/490/395 684/405/320 678/409/322 680/497/401
s 669
f 683/496/402 689/495/396 688/493/397 682/498/403
s 670
f 679/499/404 685/494/398 686/490/399 680/497/401
s 671
f 681/407/321 683/496/400 677/500/405 675/411/324
s 672
f 680/497/401 678/409/322 669/381/298 671/380/297
s 673
f 677/500/405 683/496/402 682/498/403 676/501/406
s 674
f 670/439/348 679/499/404 680/497/401 671/380/297
s 675
f 675/411/324 677/500/405 674/440/349 672/410/323
s 676
f 668/502/407 666/413/326 660/412/325 662/503/408
s 677
f 674/440/349 677/500/405 676/501/406 673/444/353
s 678
f 661/504/409 667/505/410 668/502/407 662/503/408
s 679
f 663/415/328 665/506/411 659/507/412 657/414/327
s 680
f 662/508/408 660/412/325 654/416/329 656/509/413
s 681
f 659/507/412 665/506/411 664/510/414 658/511/415
s 682
f 655/512/416 661/504/409 662/513/408 656/514/413
s 683
f 657/414/327 659/515/412 653/516/417 651/417/330
s 684
f 656/517/413 654/419/329 648/418/331 650/518/418
s 685
f 653/519/417 659/520/412 658/511/415 652/521/419
s 686
f 649/522/420 655/512/416 656/517/413 650/518/418
s 687
f 651/421/330 653/523/417 647/524/421 645/420/332
s 688
f 650/518/418 648/418/331 642/422/333 644/525/422
s 689
f 647/524/421 653/523/417 652/521/419 646/526/423
s 690
f 643/527/424 649/522/420 650/518/418 644/525/422
s 691
f 645/420/332 647/524/421 641/528/425 639/425/336
s 692
f 644/525/422 642/422/333 633/437/346 635/529/426
s 693
f 641/528/425 647/524/421 646/526/423 640/530/427
s 694
f 634/531/428 643/527/424 644/525/422 635/529/426
s 695
f 639/425/336 641/528/425 638/532/429 636/423/334
s 696
f 632/533/430 630/428/339 624/427/338 626/534/431
s 697
f 638/532/429 641/528/425 640/530/427 637/535/432
s 698
f 625/536/433 631/537/434 632/533/430 626/534/431
s 699
f 627/426/337 629/538/435 623/539/436 621/429/340
s 700
f 626/534/431 624/427/338 618/430/341 620/540/437
s 701
f 623/539/436 629/538/435 628/541/438 622/542/439
s 702
f 619/543/440 625/536/433 626/534/431 620/540/437
s 703
f 621/429/340 623/539/436 617/544/441 615/431/342
s 704
f 620/545/437 618/433/341 612/432/343 614/546/442
s 705
f 617/544/441 623/539/436 622/542/439 616/547/443
s 706
f 613/548/444 619/543/440 620/549/437 614/550/442
s 707
f 615/435/342 617/551/441 611/552/445 609/434/344
s 708
f 614/553/442 612/432/343 606/385/302 608/554/446
s 709
f 611/555/445 617/556/441 616/547/443 610/557/447
s 710
f 607/558/448 613/548/444 614/553/442 608/554/446
s 711
f 609/434/344 611/559/445 599/560/449 597/436/345
s 712
f 608/554/446 606/385/302 603/384/301 605/441/350
s 713
f 599/560/449 611/559/445 610/557/447 598/561/450
s 714
f 604/445/354 607/558/448 608/554/446 605/441/350
s 715
f 597/436/345 599/560/449 602/383/300 600/382/299
s 716
f 627/426/337 666/413/326 668/502/407 629/538/435
s 717
f 602/383/300 599/560/449 598/561/450 601/438/347
s 718
f 667/505/410 628/541/438 629/538/435 668/502/407
s 719
f 632/533/430 665/506/411 663/415/328 630/428/339
s 720
f 707/469/374 705/424/335 636/423/334 638/532/429
s 721
f 665/506/411 632/533/430 631/537/434 664/510/414
s 722
f 637/535/432 706/471/376 707/469/374 638/532/429
s 723
f 708/397/312 710/472/377 635/529/426 633/437/346
s 724
f 699/399/314 738/387/304 740/442/351 701/478/385
s 725
f 635/529/426 710/472/377 709/475/380 634/531/428
s 726
f 604/445/354 673/444/353 676/501/406 682/498/403 688/493/397 694/483/391 700/482/390 739/447/356 733/446/355 727/453/364 721/458/368 715/466/372 706/471/376 637/535/432 640/530/427 646/526/423 652/521/419 658/511/415 664/510/414 631/537/434 625/536/433 619/543/440 613/548/444 607/558/448
s 727
f 670/439/348 601/438/347 598/561/450 610/557/447 616/547/443 622/542/439 628/541/438 667/505/410 661/504/409 655/512/416 649/522/420 643/527/424 634/531/428 709/475/380 712/470/375 718/465/371 724/457/367 730/452/363 736/451/362 703/477/382 697/476/381 691/484/392 685/494/398 679/499/404
s 728
f 739/447/356 700/482/390 701/478/389 740/442/357
s 729
f 704/473/378 737/448/358 735/389/306 702/401/316
s 730
f 737/448/361 704/473/383 703/477/382 736/451/362
s 731
f 600/382/299 96/184/144 95/187/147 597/436/345
s 1118
f 288/132/104 183/131/103 185/260/198 289/259/197
usemtl White
s 818
f 838/562/451 836/563/451 834/564/451 832/565/451 830/566/451 828/567/451 827/568/451 840/569/451
s 819
f 818/570/452 819/571/452 820/572/452 821/573/452 822/574/452 823/575/452 824/576/452 825/577/452
s 820
f 825/578/453 841/579/454 826/580/455 818/581/456
s 821
f 841/579/454 840/569/457 827/568/458 826/580/455
s 822
f 824/582/459 839/583/460 841/579/454 825/578/453
s 823
f 839/583/460 838/562/461 840/569/457 841/579/454
s 824
f 823/584/462 837/585/463 839/583/464 824/582/465
s 825
f 837/585/463 836/563/466 838/562/467 839/583/464
s 826
f 822/586/468 835/587/469 837/585/463 823/584/462
s 827
f 835/587/469 834/564/470 836/563/466 837/585/463
s 828
f 821/588/471 833/589/472 835/587/469 822/586/468
s 829
f 833/589/472 832/565/473 834/564/470 835/587/469
s 830
f 820/590/474 831/591/475 833/589/472 821/588/471
s 831
f 831/591/475 830/566/476 832/565/473 833/589/472
s 832
f 819/592/477 829/593/478 831/591/479 820/590/480
s 833
f 829/593/478 828/567/481 830/566/482 831/591/479
s 834
f 818/594/456 826/595/455 829/593/478 819/592/477
s 835
f 826/595/455 827/596/458 828/567/481 829/593/478
s 836
f 852/597/483 843/598/484 853/599/485
s 837
f 853/599/485 843/600/484 855/601/486
s 838
f 855/601/487 843/602/488 857/603/489
s 839
f 857/603/489 843/604/488 859/605/490
s 840
f 859/605/490 843/606/488 861/607/491
s 841
f 861/607/491 843/608/488 863/609/492
s 842
f 863/609/493 843/610/484 865/611/494
s 843
f 865/611/494 843/612/484 852/613/483
s 844
f 842/614/495 844/615/495 845/616/495 846/617/495 847/618/495 848/619/495 849/620/495 850/621/495
s 845
f 850/622/496 866/623/497 851/624/498 842/625/499
s 846
f 866/623/497 865/611/494 852/613/483 851/624/498
s 847
f 849/626/500 864/627/501 866/623/497 850/622/496
s 848
f 864/627/501 863/609/493 865/611/494 866/623/497
s 849
f 848/628/502 862/629/503 864/627/504 849/626/505
s 850
f 862/629/503 861/607/491 863/609/492 864/627/504
s 851
f 847/630/506 860/631/507 862/629/503 848/628/502
s 852
f 860/631/507 859/605/490 861/607/491 862/629/503
s 853
f 846/632/508 858/633/509 860/631/507 847/630/506
s 854
f 858/633/509 857/603/489 859/605/490 860/631/507
s 855
f 845/634/510 856/635/511 858/633/509 846/632/508
s 856
f 856/635/511 855/601/487 857/603/489 858/633/509
s 857
f 844/636/512 854/637/513 856/635/514 845/634/515
s 858
f 854/637/513 853/599/485 855/601/486 856/635/514
s 859
f 842/638/499 851/639/498 854/637/513 844/636/512
s 860
f 851/639/498 852/597/483 853/599/485 854/637/513
usemtl GreenLight
s 67
f 89/640/516 573/641/517 568/642/518 88/643/519
s 68
f 547/644/520 545/645/521 82/646/522 81/647/523
s 69
f 93/648/524 589/649/525 585/650/526 92/651/527
s 70
f 395/652/528 403/653/529 588/654/530 593/655/531
s 71
f 434/656/532 442/657/533 569/658/534 572/659/535
s 72
f 418/660/536 426/661/537 576/662/538 581/663/539
s 73
f 81/647/523 88/643/519 450/664/540 549/665/541
s 74
f 567/666/542 449/667/543 457/668/544 458/669/545
s 75
f 83/670/546 90/671/547 89/640/516 82/646/522
s 76
f 411/672/548 418/660/536 581/663/539 584/673/549
s 77
f 92/651/527 585/650/526 580/674/550 91/675/551
s 78
f 82/646/522 89/640/516 88/643/519 81/647/523
s 79
f 403/653/529 411/672/548 584/673/549 588/654/530
s 80
f 86/676/552 93/648/524 92/651/527 85/677/553
s 81
f 85/677/553 92/651/527 91/675/551 84/678/554
s 82
f 84/678/554 91/675/551 90/671/547 83/670/546
s 83
f 596/679/555 395/652/528 593/655/531
s 84
f 533/680/556 387/681/557 94/682/558 87/683/559
s 85
f 87/683/559 94/682/558 93/648/524 86/676/552
s 86
f 387/681/557 596/684/555 592/685/560 94/682/558
s 326
f 515/686/561 311/687/562 317/688/563 318/689/564
s 327
f 315/690/565 566/691/566 519/692/567
s 328
f 313/693/568 517/694/569 321/695/570 322/696/571
s 329
f 312/697/572 515/686/561 318/689/564 319/698/573
s 330
f 521/699/574 333/700/575 342/701/576 523/702/577
s 331
f 514/703/578 352/704/579 316/705/580
s 332
f 314/706/581 313/693/568 322/696/571 323/707/582
s 333
f 516/708/583 312/697/572 319/698/573 320/709/584
s 334
f 311/687/562 514/703/578 316/705/580 317/688/563
s 335
f 518/710/585 314/706/581 323/707/582 324/711/586
s 336
f 1142/712/587 516/708/583 320/709/584 1122/713/588
s 337
f 316/705/580 352/714/579 325/715/589
s 338
f 323/707/582 322/696/571 331/716/590 332/717/591
s 339
f 320/709/584 319/698/573 328/718/592 329/719/593
s 340
f 317/688/563 316/705/580 325/715/589 326/720/594
s 341
f 324/711/586 323/707/582 332/717/591 333/700/575
s 342
f 1122/713/588 320/709/584 329/719/593 1123/721/595
s 343
f 318/689/564 317/688/563 326/720/594 327/722/596
s 344
f 315/723/565 519/724/567 522/725/597
s 345
f 322/696/571 321/695/570 330/726/598 331/716/590
s 346
f 319/698/573 318/689/564 327/722/596 328/718/592
s 347
f 565/727/599 518/710/585 324/711/586 520/728/600
s 348
f 315/729/565 522/730/597 524/731/601
s 349
f 331/716/590 330/726/598 339/732/602 340/733/603
s 350
f 328/718/592 327/722/596 336/734/604 337/735/605
s 351
f 523/702/577 342/701/576 351/736/606 525/737/607
s 352
f 325/715/589 352/738/579 334/739/608
s 353
f 332/717/591 331/716/590 340/733/603 341/740/609
s 354
f 329/719/593 328/718/592 337/735/605 338/741/610
s 355
f 326/720/594 325/715/589 334/739/608 335/742/611
s 356
f 333/700/575 332/717/591 341/740/609 342/701/576
s 357
f 1123/721/595 329/719/593 338/741/610 1124/743/612
s 358
f 327/722/596 326/720/594 335/742/611 336/734/604
s 359
f 335/742/611 334/739/608 343/744/613 344/745/614
s 360
f 342/701/576 341/740/609 350/746/615 351/736/606
s 361
f 1124/743/612 338/741/610 347/747/616 1125/748/617
s 362
f 336/734/604 335/742/611 344/745/614 345/749/618
s 363
f 315/750/565 524/751/601 526/752/619
s 364
f 340/733/603 339/732/602 348/753/620 349/754/621
s 365
f 337/735/605 336/734/604 345/749/618 346/755/622
s 366
f 525/737/607 351/736/606 361/756/623 527/757/624
s 367
f 334/739/608 352/758/579 343/744/613
s 368
f 341/740/609 340/733/603 349/754/621 350/746/615
s 369
f 338/741/610 337/735/605 346/755/622 347/747/616
s 370
f 527/757/624 361/756/623 370/759/625 529/760/626
s 371
f 343/744/613 352/761/579 353/762/627
s 372
f 350/746/615 349/754/621 359/763/628 360/764/629
s 373
f 347/747/616 346/755/622 356/765/630 357/766/631
s 374
f 344/745/614 343/744/613 353/762/627 354/767/632
s 375
f 351/736/606 350/746/615 360/764/629 361/756/623
s 376
f 1125/748/617 347/747/616 357/766/631 1126/768/633
s 377
f 345/749/618 344/745/614 354/767/632 355/769/634
s 378
f 315/770/565 526/771/619 528/772/635
s 379
f 349/754/621 348/753/620 358/773/636 359/763/628
s 380
f 346/755/622 345/749/618 355/769/634 356/765/630
s 381
f 355/769/634 354/767/632 363/774/637 364/775/638
s 382
f 315/776/565 528/777/635 530/778/639
s 383
f 359/763/628 358/773/636 367/779/640 368/780/641
s 384
f 356/765/630 355/769/634 364/775/638 365/781/642
s 385
f 529/760/626 370/759/625 379/782/643 531/783/644
s 386
f 353/762/627 352/784/579 362/785/645
s 387
f 360/764/629 359/763/628 368/780/641 369/786/646
s 388
f 357/766/631 356/765/630 365/781/642 366/787/647
s 389
f 354/767/632 353/762/627 362/785/645 363/774/637
s 390
f 361/756/623 360/764/629 369/786/646 370/759/625
s 391
f 1126/768/633 357/766/631 366/787/647 1127/788/648
s 392
f 363/774/637 362/785/645 371/789/649 372/790/650
s 393
f 370/759/625 369/786/646 378/791/651 379/782/643
s 394
f 1127/788/648 366/787/647 375/792/652 1128/793/653
s 395
f 364/775/638 363/774/637 372/790/650 373/794/654
s 396
f 315/795/565 530/796/639 532/797/655
s 397
f 368/780/641 367/779/640 376/798/656 377/799/657
s 398
f 365/781/642 364/775/638 373/794/654 374/800/658
s 399
f 531/783/644 379/782/643 387/681/557 533/680/556
s 400
f 362/785/645 352/801/579 371/789/649
s 401
f 369/786/646 368/780/641 377/799/657 378/791/651
s 402
f 366/787/647 365/781/642 374/800/658 375/792/652
s 403
f 374/800/658 373/794/654 382/802/659 383/803/660
s 404
f 94/682/558 592/685/560 589/649/525 93/648/524
s 405
f 371/789/649 352/804/579 380/805/661
s 406
f 375/792/652 374/800/658 383/803/660 384/806/662
s 407
f 372/790/650 371/789/649 380/805/661 381/807/663
s 408
f 378/791/651 377/799/657 386/808/664 596/809/555
s 409
f 1128/793/653 375/792/652 384/806/662 1129/810/665
s 410
f 373/794/654 372/790/650 381/807/663 382/802/659
s 411
f 315/811/565 532/812/655 534/813/666
s 412
f 377/799/657 376/798/656 385/814/667 386/808/664
s 413
f 382/802/659 381/807/663 389/815/668 390/816/669
s 414
f 315/817/565 534/818/666 536/819/670
s 415
f 386/808/664 385/814/667 393/820/671 394/821/672
s 416
f 383/803/660 382/802/659 390/816/669 391/822/673
s 417
f 537/823/674 535/824/675 87/683/559 86/676/552
s 418
f 380/805/661 352/825/579 388/826/676
s 419
f 379/782/643 378/791/651 596/684/555 387/681/557
s 420
f 384/806/662 383/803/660 391/822/673 392/827/677
s 421
f 381/807/663 380/805/661 388/826/676 389/815/668
s 422
f 596/828/555 386/808/664 394/821/672 395/652/678
s 425
f 389/815/668 388/826/676 396/829/679 397/830/680
s 427
f 390/816/669 389/815/668 397/830/680 398/831/681
s 428
f 315/832/565 536/833/670 538/834/682
s 430
f 391/822/673 390/816/669 398/831/681 399/835/683
s 431
f 426/661/537 434/656/532 572/659/535 576/662/538
s 432
f 388/826/676 352/836/579 396/829/679
s 433
f 403/653/684 395/652/678 402/837/685
s 434
f 399/835/683 398/831/681 406/838/686 407/839/687
s 435
f 91/675/551 580/674/550 577/840/688 90/671/547
s 436
f 396/829/679 352/841/579 404/842/689
s 437
f 403/653/684 402/837/685 410/843/690 411/672/691
s 438
f 400/844/692 399/835/683 407/839/687 408/845/693
s 439
f 397/830/680 396/829/679 404/842/689 405/846/694
s 440
f 541/847/695 539/848/696 85/677/553 84/678/554
s 441
f 1131/849/697 400/844/692 408/845/693 765/850/698
s 442
f 398/831/681 397/830/680 405/846/694 406/838/686
s 443
f 315/851/565 538/852/682 540/853/699
s 444
f 402/837/685 401/854/700 409/855/701 410/843/690
s 445
f 765/850/698 408/845/693 416/856/702 751/857/703
s 446
f 406/838/686 405/846/694 413/858/704 414/859/705
s 447
f 315/860/565 540/861/699 542/862/706
s 448
f 407/839/687 406/838/686 414/859/705 415/863/707
s 449
f 535/824/675 533/680/556 87/683/559
s 450
f 404/842/689 352/864/579 412/865/708
s 451
f 411/672/691 410/843/690 417/866/709 418/660/709
s 452
f 408/845/693 407/839/687 415/863/707 416/856/702
s 453
f 405/846/694 404/842/689 412/865/708 413/858/704
s 454
f 416/856/702 415/863/707 422/867/710 423/868/711
s 455
f 413/858/704 412/865/708 419/869/712 420/870/713
s 456
f 549/665/541 547/644/520 81/647/523
s 457
f 751/857/703 416/856/702 423/868/711 752/871/714
s 458
f 414/859/705 413/858/704 420/870/713 421/872/715
s 459
f 315/873/565 542/874/706 544/875/716
s 460
f 415/863/707 414/859/705 421/872/715 422/867/710
s 461
f 412/865/708 352/876/579 419/869/712
s 462
f 418/660/709 417/866/709 425/877/717 426/661/718
s 463
f 425/877/717 424/878/719 432/879/720 433/880/721
s 464
f 422/867/710 421/872/715 429/881/722 430/882/723
s 465
f 545/645/521 543/883/724 83/670/546 82/646/522
s 466
f 419/869/712 352/884/579 427/885/725
s 467
f 426/661/718 425/877/717 433/880/721 434/656/726
s 468
f 423/868/711 422/867/710 430/882/723 431/886/727
s 469
f 420/870/713 419/869/712 427/885/725 428/887/728
s 470
f 752/871/714 423/868/711 431/886/727 1132/888/729
s 471
f 421/872/715 420/870/713 428/887/728 429/881/722
s 472
f 315/889/565 544/890/716 546/891/730
s 473
f 1132/888/729 431/886/727 439/892/731 1133/893/732
s 474
f 429/881/722 428/887/728 436/894/733 437/895/734
s 475
f 315/896/565 546/897/730 548/898/735
s 476
f 433/880/721 432/879/720 440/899/736 441/900/737
s 477
f 430/882/723 429/881/722 437/895/734 438/901/738
s 478
f 543/883/724 541/847/695 84/678/554 83/670/546
s 479
f 427/885/725 352/902/579 435/903/739
s 480
f 434/656/726 433/880/721 441/900/737 442/657/740
s 481
f 431/886/727 430/882/723 438/901/738 439/892/731
s 482
f 428/887/728 427/885/725 435/903/739 436/894/733
s 483
f 90/671/547 577/840/688 573/641/517 89/640/516
s 484
f 450/664/540 567/904/542 458/669/545 459/905/741
s 485
f 439/892/731 438/901/738 446/906/742 447/907/743
s 486
f 436/894/733 435/903/739 443/908/744 444/909/745
s 487
f 539/848/696 537/823/674 86/676/552 85/677/553
s 488
f 1133/893/732 439/892/731 447/907/743 1134/910/746
s 489
f 437/895/734 436/894/733 444/909/745 445/911/747
s 490
f 315/912/565 548/913/735 550/914/748
s 491
f 441/900/737 440/899/736 448/915/749 449/667/543
s 492
f 438/901/738 437/895/734 445/911/747 446/906/742
s 493
f 549/665/541 450/664/540 459/905/741 551/916/750
s 494
f 435/903/739 352/917/579 443/908/744
s 495
f 449/667/543 448/915/749 456/918/751 457/668/544
s 496
f 446/906/742 445/911/747 453/919/752 454/920/753
s 497
f 551/916/750 459/905/741 468/921/754 553/922/755
s 498
f 443/908/744 352/923/579 451/924/756
s 499
f 442/657/740 441/900/737 449/667/543 567/925/542
s 500
f 447/907/743 446/906/742 454/920/753 455/926/757
s 501
f 444/909/745 443/908/744 451/924/756 452/927/758
s 502
f 442/657/533 567/925/542 569/658/534
s 503
f 1134/910/746 447/907/743 455/926/757 1135/928/759
s 504
f 445/911/747 444/909/745 452/927/758 453/919/752
s 505
f 315/929/565 550/930/748 552/931/760
s 506
f 459/905/741 458/669/545 467/932/761 468/921/754
s 507
f 1135/928/759 455/926/757 464/933/762 1136/934/763
s 508
f 453/919/752 452/927/758 461/935/764 462/936/765
s 509
f 315/937/565 552/938/760 554/939/766
s 510
f 457/668/544 456/918/751 465/940/767 466/941/768
s 511
f 454/920/753 453/919/752 462/936/765 463/942/769
s 512
f 553/943/755 468/944/754 477/945/770 555/946/771
s 513
f 451/924/756 352/947/579 460/948/772
s 514
f 458/669/545 457/668/544 466/941/768 467/932/761
s 515
f 455/926/757 454/920/753 463/942/769 464/933/762
s 516
f 452/927/758 451/924/756 460/948/772 461/935/764
s 517
f 460/949/772 352/950/579 469/951/773
s 518
f 467/952/761 466/953/768 475/954/774 476/955/775
s 519
f 464/956/762 463/957/769 472/958/776 473/959/777
s 520
f 461/960/764 460/949/772 469/951/773 470/961/778
s 521
f 468/944/754 467/952/761 476/955/775 477/945/770
s 522
f 1136/962/763 464/956/762 473/959/777 1137/963/779
s 523
f 462/964/765 461/960/764 470/961/778 471/965/780
s 524
f 315/966/565 554/967/766 556/968/781
s 525
f 466/953/768 465/969/767 474/970/782 475/954/774
s 526
f 463/957/769 462/964/765 471/965/780 472/958/776
s 527
f 555/946/771 477/945/770 486/971/783 557/972/784
s 528
f 315/973/565 556/974/781 558/975/785
s 529
f 475/954/774 474/970/782 483/976/786 484/977/787
s 530
f 472/958/776 471/965/780 480/978/788 481/979/789
s 531
f 557/972/784 486/971/783 495/980/790 559/981/791
s 532
f 469/951/773 352/982/579 478/983/792
s 533
f 476/955/775 475/954/774 484/977/787 485/984/793
s 534
f 473/959/777 472/958/776 481/979/789 482/985/794
s 535
f 470/961/778 469/951/773 478/983/792 479/986/795
s 536
f 477/945/770 476/955/775 485/984/793 486/971/783
s 537
f 1137/963/779 473/959/777 482/985/794 1138/987/796
s 538
f 471/965/780 470/961/778 479/986/795 480/978/788
s 539
f 479/986/795 478/983/792 487/988/797 488/989/798
s 540
f 486/971/783 485/984/793 494/990/799 495/980/790
s 541
f 1138/987/796 482/985/794 491/991/800 1139/992/801
s 542
f 480/978/788 479/986/795 488/989/798 489/993/802
s 543
f 315/994/565 558/995/785 560/996/803
s 544
f 484/977/787 483/976/786 492/997/804 493/998/805
s 545
f 481/979/789 480/978/788 489/993/802 490/999/806
s 546
f 559/981/791 495/980/790 504/1000/807 561/1001/808
s 547
f 478/983/792 352/1002/579 487/988/797
s 548
f 485/984/793 484/977/787 493/998/805 494/990/799
s 549
f 482/985/794 481/979/789 490/999/806 491/991/800
s 550
f 561/1001/808 504/1000/807 513/1003/809 563/1004/810
s 551
f 487/988/797 352/1005/579 496/1006/811
s 552
f 494/990/799 493/998/805 502/1007/812 503/1008/813
s 553
f 491/991/800 490/999/806 499/1009/814 500/1010/815
s 554
f 488/989/798 487/988/797 496/1006/811 497/1011/816
s 555
f 495/980/790 494/990/799 503/1008/813 504/1000/807
s 556
f 1139/992/801 491/991/800 500/1010/815 1140/1012/817
s 557
f 489/993/802 488/989/798 497/1011/816 498/1013/818
s 558
f 315/1014/565 560/1015/803 562/1016/819
s 559
f 493/998/805 492/997/804 501/1017/820 502/1007/812
s 560
f 490/999/806 489/993/802 498/1013/818 499/1009/814
s 561
f 498/1013/818 497/1011/816 506/1018/821 507/1019/822
s 562
f 315/1020/565 562/1021/819 564/1022/823
s 563
f 502/1007/812 501/1017/820 510/1023/824 511/1024/825
s 564
f 499/1009/814 498/1013/818 507/1019/822 508/1025/826
s 565
f 563/1004/810 513/1003/809 518/710/585 565/727/599
s 566
f 496/1006/811 352/1026/579 505/1027/827
s 567
f 503/1008/813 502/1007/812 511/1024/825 512/1028/828
s 568
f 500/1010/815 499/1009/814 508/1025/826 509/1029/829
s 569
f 497/1011/816 496/1006/811 505/1027/827 506/1018/821
s 570
f 504/1000/807 503/1008/813 512/1028/828 513/1003/809
s 571
f 1140/1012/817 500/1010/815 509/1029/829 1141/1030/830
s 572
f 506/1018/821 505/1027/827 514/703/578 311/687/562
s 573
f 513/1003/809 512/1028/828 314/706/581 518/710/585
s 574
f 1141/1030/830 509/1029/829 516/708/583 1142/712/587
s 575
f 507/1019/822 506/1018/821 311/687/562 515/686/561
s 576
f 315/1031/565 564/1032/823 566/1033/566
s 577
f 511/1024/825 510/1023/824 517/694/569 313/693/568
s 578
f 508/1025/826 507/1019/822 515/686/561 312/697/572
s 579
f 505/1027/827 352/1034/579 514/703/578
s 580
f 512/1028/828 511/1024/825 313/693/568 314/706/581
s 581
f 509/1029/829 508/1025/826 312/697/572 516/708/583
s 582
f 522/725/597 519/724/567 520/728/600 521/699/574
s 583
f 524/731/601 522/730/597 521/699/574 523/702/577
s 584
f 526/752/619 524/751/601 523/702/577 525/737/607
s 585
f 525/737/607 527/757/624 528/772/635 526/771/619
s 586
f 530/778/639 528/777/635 527/757/624 529/760/626
s 587
f 532/797/655 530/796/639 529/760/626 531/783/644
s 588
f 531/783/644 533/680/556 534/813/666 532/812/655
s 589
f 536/819/670 534/818/666 533/680/556 535/824/675
s 590
f 538/834/682 536/833/670 535/824/675 537/823/674
s 591
f 537/823/674 539/848/696 540/853/699 538/852/682
s 592
f 542/862/706 540/861/699 539/848/696 541/847/695
s 593
f 544/875/716 542/874/706 541/847/695 543/883/724
s 594
f 543/883/724 545/645/521 546/891/730 544/890/716
s 595
f 548/898/735 546/897/730 545/645/521 547/644/520
s 596
f 550/914/748 548/913/735 547/644/520 549/665/541
s 597
f 549/665/541 551/916/750 552/931/760 550/930/748
s 598
f 554/939/766 552/938/760 551/916/750 553/922/755
s 599
f 556/968/781 554/967/766 553/943/755 555/946/771
s 600
f 558/975/785 556/974/781 555/946/771 557/972/784
s 601
f 560/996/803 558/995/785 557/972/784 559/981/791
s 602
f 559/981/791 561/1001/808 562/1016/819 560/1015/803
s 603
f 564/1022/823 562/1021/819 561/1001/808 563/1004/810
s 604
f 566/1033/566 564/1032/823 563/1004/810 565/727/599
s 605
f 519/692/567 566/691/566 565/727/599 520/728/600
s 606
f 520/728/600 324/711/586 333/700/575 521/699/574
s 607
f 581/663/539 576/662/538 578/1035/831 583/1036/832
s 608
f 583/1036/832 578/1035/831 579/1037/833 582/1038/834
s 609
f 582/1038/834 579/1037/833 577/840/688 580/674/550
s 610
f 567/1039/542 568/642/518 570/1040/835
s 611
f 567/1041/542 570/1040/835 571/1042/836
s 612
f 567/1043/542 571/1042/836 569/658/534
s 613
f 573/641/517 577/840/688 579/1037/833 575/1044/837
s 614
f 575/1044/837 579/1037/833 578/1035/831 574/1045/838
s 615
f 574/1045/838 578/1035/831 576/662/538 572/659/535
s 616
f 568/642/518 573/641/517 575/1044/837 570/1040/835
s 617
f 570/1040/835 575/1044/837 574/1045/838 571/1042/836
s 618
f 571/1042/836 574/1045/838 572/659/535 569/658/534
s 619
f 593/655/531 588/654/530 590/1046/839 595/1047/840
s 620
f 595/1047/840 590/1046/839 591/1048/841 594/1049/842
s 621
f 594/1049/842 591/1048/841 589/649/525 592/685/560
s 622
f 585/650/526 589/649/525 591/1048/841 587/1050/843
s 623
f 587/1050/843 591/1048/841 590/1046/839 586/1051/844
s 624
f 586/1051/844 590/1046/839 588/654/530 584/673/549
s 625
f 580/674/550 585/650/526 587/1050/843 582/1038/834
s 626
f 582/1038/834 587/1050/843 586/1051/844 583/1036/832
s 627
f 583/1036/832 586/1051/844 584/673/549 581/663/539
s 628
f 592/685/560 596/1052/555 594/1049/842
s 629
f 594/1049/842 596/1053/555 595/1047/840
s 630
f 595/1047/840 596/679/555 593/655/531
s 631
f 88/643/519 568/642/518 567/1039/542 450/664/540
s 732
f 817/1054/845 1143/1055/846 741/1056/847 754/1057/848
s 733
f 409/1058/849 757/1059/850 766/1060/851
s 734
f 1143/1061/846 755/1062/852 1145/1063/853
s 735
f 755/1064/852 1143/1065/846 817/1054/845 767/1066/854
s 736
f 1145/1067/853 755/1068/852 761/1069/855 1147/1070/856
s 737
f 1149/1071/857 760/1072/858 759/1073/859 1150/1074/860
s 738
f 741/1075/847 747/1076/861 742/1077/862
s 739
f 1147/1078/856 761/1069/855 760/1072/858 1149/1071/857
s 740
f 743/1079/863 744/1080/864 746/1081/865 745/1082/866
s 741
f 744/1080/864 748/1083/867 746/1081/865
s 742
f 745/1082/866 746/1081/865 742/1084/862 747/1085/861
s 743
f 746/1081/865 748/1083/867 742/1084/862
s 744
f 753/1086/868 749/1087/869 748/1088/867
s 745
f 754/1089/848 741/1090/847 749/1087/869 753/1091/868
s 746
f 748/1088/867 749/1087/869 742/1092/862
s 747
f 749/1087/869 741/1090/847 742/1092/862
s 748
f 750/1093/870 751/1094/703 752/1095/714
s 749
f 741/1075/847 1144/1096/871 1146/1097/872 747/1076/861
s 750
f 755/1098/852 767/1099/854 766/1100/851 758/1101/873
s 751
f 755/1098/852 758/1101/873 756/1102/874
s 752
f 758/1101/873 766/1103/851 757/1104/850
s 753
f 757/1105/850 762/1106/875 763/1107/876
s 754
f 748/1108/867 424/1109/877 753/1110/868
s 755
f 757/1111/850 756/1112/874 758/1101/873
s 756
f 757/1111/850 763/1107/876 756/1112/874
s 757
f 745/1082/866 1148/1113/878 1151/1114/879 743/1079/863
s 758
f 747/1085/861 1146/1115/872 1148/1113/878 745/1082/866
s 759
f 759/1073/859 760/1072/858 763/1107/876 762/1106/875
s 760
f 760/1072/858 761/1069/855 756/1116/874 763/1107/876
s 761
f 761/1069/855 755/1068/852 756/1116/874
s 762
f 764/1117/880 765/1118/698 751/1119/703
s 763
f 743/1079/863 750/1120/870 744/1080/864
s 764
f 744/1080/864 750/1120/870 752/1121/714 748/1122/867
s 765
f 748/1123/867 752/1124/714 424/1125/877
s 766
f 764/1126/880 759/1073/859 762/1106/875
s 767
f 764/1117/880 762/1106/875 757/1105/850 765/1127/698
s 768
f 765/1127/698 757/1059/850 409/1058/849
s 769
f 882/1128/881 815/1129/882 786/1130/883 867/1131/884
s 770
f 869/1132/885 789/1133/886 791/1134/887 870/1135/888
s 771
f 870/1135/888 791/1134/887 793/1136/889 871/1137/890
s 772
f 871/1137/890 793/1136/889 795/1138/891 872/1139/892
s 773
f 872/1139/892 795/1138/891 797/1140/893 873/1141/894
s 774
f 873/1141/894 797/1140/893 799/1142/895 874/1143/896
s 775
f 874/1143/896 799/1142/895 801/1144/897 875/1145/898
s 776
f 875/1145/898 801/1144/897 803/1146/899 876/1147/900
s 777
f 876/1147/901 803/1146/902 805/1148/903 877/1149/904
s 778
f 877/1149/904 805/1148/903 807/1150/905 878/1151/906
s 779
f 878/1151/906 807/1150/905 809/1152/907 879/1153/908
s 780
f 879/1153/908 809/1152/907 811/1154/909 880/1155/910
s 781
f 880/1155/910 811/1154/909 813/1156/911 881/1157/912
s 782
f 881/1157/912 813/1156/911 815/1129/882 882/1128/881
s 783
f 778/1158/913 777/1159/914 779/1160/915
s 784
f 867/1161/884 786/1162/883 787/1163/916 868/1164/917
s 785
f 868/1164/917 787/1163/916 789/1133/886 869/1132/885
s 786
f 814/1165/918 783/1166/919 784/1167/920 816/1168/921
s 787
f 812/1169/922 782/1170/923 783/1166/919 814/1165/918
s 788
f 810/1171/924 781/1172/925 782/1170/923 812/1169/922
s 789
f 808/1173/926 780/1174/927 781/1172/925 810/1171/924
s 790
f 806/1175/928 779/1160/915 780/1174/927 808/1173/926
s 791
f 804/1176/929 778/1158/913 779/1160/915 806/1175/928
s 792
f 802/1177/930 777/1159/914 778/1158/913 804/1176/931
s 793
f 800/1178/932 776/1179/933 777/1159/914 802/1177/930
s 794
f 798/1180/934 775/1181/935 776/1179/933 800/1178/932
s 795
f 796/1182/936 774/1183/937 775/1181/935 798/1180/934
s 796
f 794/1184/938 773/1185/939 774/1183/937 796/1182/936
s 797
f 792/1186/940 772/1187/941 773/1185/939 794/1184/938
s 798
f 790/1188/942 771/1189/943 772/1187/941 792/1186/940
s 799
f 788/1190/944 770/1191/945 771/1189/943 790/1188/942
s 800
f 785/1192/946 769/1193/947 770/1191/945 788/1190/944
s 801
f 816/1168/921 785/1194/946 786/1130/883 815/1129/882
s 802
f 814/1165/918 816/1168/921 815/1129/882 813/1156/911
s 803
f 812/1169/922 814/1165/918 813/1156/911 811/1154/909
s 804
f 810/1171/924 812/1169/922 811/1154/909 809/1152/907
s 805
f 808/1173/926 810/1171/924 809/1152/907 807/1150/905
s 806
f 806/1175/928 808/1173/926 807/1150/905 805/1148/903
s 807
f 804/1176/929 806/1175/928 805/1148/903 803/1146/902
s 808
f 802/1177/930 804/1176/931 803/1146/899 801/1144/897
s 809
f 800/1178/932 802/1177/930 801/1144/897 799/1142/895
s 810
f 798/1180/934 800/1178/932 799/1142/895 797/1140/893
s 811
f 796/1182/936 798/1180/934 797/1140/893 795/1138/891
s 812
f 794/1184/938 796/1182/936 795/1138/891 793/1136/889
s 813
f 792/1186/940 794/1184/938 793/1136/889 791/1134/887
s 814
f 790/1188/942 792/1186/940 791/1134/887 789/1133/886
s 815
f 788/1190/944 790/1188/942 789/1133/886 787/1163/916
s 816
f 785/1192/946 788/1190/944 787/1163/916 786/1162/883
s 817
f 816/1168/921 784/1167/920 769/1195/947 785/1194/946
s 861
f 770/1191/948 769/1195/948 784/1167/948 783/1166/948 782/1170/948 781/1172/948 780/1174/948 779/1160/915 777/1159/914 776/1179/948 775/1181/948 774/1183/948 773/1185/948 772/1187/948 771/1189/948
s 862
f 768/1196/949 867/1197/950 868/1198/951
s 863
f 768/1199/949 868/1198/951 869/1200/952
s 864
f 768/1201/949 869/1200/952 870/1202/953
s 865
f 768/1203/949 870/1202/953 871/1204/954
s 866
f 768/1205/949 871/1204/954 872/1206/955
s 867
f 768/1207/949 872/1206/955 873/1208/956
s 868
f 768/1209/949 873/1208/956 874/1210/957
s 869
f 768/1211/949 874/1210/957 875/1212/958
s 870
f 768/1213/949 875/1212/958 876/1214/959
s 871
f 768/1215/949 876/1214/959 877/1216/960
s 872
f 768/1217/949 877/1216/960 878/1218/961
s 873
f 768/1219/949 878/1218/961 879/1220/962
s 874
f 768/1221/949 879/1220/962 880/1222/963
s 875
f 768/1223/949 880/1222/963 881/1224/964
s 876
f 768/1225/949 881/1224/964 882/1226/965
s 877
f 768/1227/949 882/1226/965 867/1197/950
s 878
f 943/1228/966 929/1229/967 900/1230/968 927/1231/969
s 879
f 931/1232/970 932/1233/971 905/1234/972 903/1235/973
s 880
f 932/1233/971 933/1236/974 907/1237/975 905/1234/972
s 881
f 933/1236/974 934/1238/976 909/1239/977 907/1237/975
s 882
f 934/1238/976 935/1240/978 911/1241/979 909/1239/977
s 883
f 935/1240/978 936/1242/980 913/1243/981 911/1241/979
s 884
f 936/1242/980 937/1244/982 915/1245/983 913/1243/981
s 885
f 937/1244/982 938/1246/984 917/1247/985 915/1245/983
s 886
f 938/1246/986 939/1248/987 919/1249/988 917/1247/989
s 887
f 939/1248/987 940/1250/990 921/1251/991 919/1249/988
s 888
f 951/1252/992 941/1253/993 923/1254/994 946/1255/995
s 889
f 883/1256/996 953/1257/997 952/1258/998 940/1259/999
s 890
f 941/1253/993 942/1260/1000 925/1261/1001 923/1254/994
s 891
f 942/1260/1000 943/1228/966 927/1231/969 925/1261/1001
s 892
f 893/1262/1002 894/1263/1003 892/1264/1004
s 893
f 929/1265/967 930/1266/1005 901/1267/1006 900/1268/968
s 894
f 930/1266/1005 931/1232/970 903/1235/973 901/1267/1006
s 895
f 926/1269/1007 928/1270/1008 898/1271/1009 897/1272/1010
s 896
f 924/1273/1011 926/1269/1007 897/1272/1010 896/1274/1012
s 897
f 922/1275/1013 949/1276/1014 944/1277/1015 895/1278/1016
s 898
f 922/1275/1013 921/1251/991 945/1279/1017 949/1276/1014
s 899
f 920/1280/1018 922/1275/1013 895/1278/1016 894/1263/1003
s 900
f 918/1281/1019 920/1280/1018 894/1263/1003 893/1262/1002
s 901
f 916/1282/1020 918/1281/1021 893/1262/1002 892/1264/1004
s 902
f 914/1283/1022 916/1282/1020 892/1264/1004 891/1284/1023
s 903
f 912/1285/1024 914/1283/1022 891/1284/1023 890/1286/1025
s 904
f 910/1287/1026 912/1285/1024 890/1286/1025 889/1288/1027
s 905
f 908/1289/1028 910/1287/1026 889/1288/1027 888/1290/1029
s 906
f 906/1291/1030 908/1289/1028 888/1290/1029 887/1292/1031
s 907
f 904/1293/1032 906/1291/1030 887/1292/1031 886/1294/1033
s 908
f 902/1295/1034 904/1293/1032 886/1294/1033 885/1296/1035
s 909
f 899/1297/1036 902/1295/1034 885/1296/1035 884/1298/1037
s 910
f 928/1270/1008 927/1231/969 900/1230/968 899/1299/1036
s 911
f 926/1269/1007 925/1261/1001 927/1231/969 928/1270/1008
s 912
f 924/1273/1011 923/1254/994 925/1261/1001 926/1269/1007
s 913
f 940/1250/990 952/1300/1038 945/1279/1017 921/1251/991
s 914
f 948/1301/1039 946/1255/995 923/1254/994 924/1273/1011
s 915
f 920/1280/1018 919/1249/988 921/1251/991 922/1275/1013
s 916
f 918/1281/1019 917/1247/989 919/1249/988 920/1280/1018
s 917
f 916/1282/1020 915/1245/983 917/1247/985 918/1281/1021
s 918
f 914/1283/1022 913/1243/981 915/1245/983 916/1282/1020
s 919
f 912/1285/1024 911/1241/979 913/1243/981 914/1283/1022
s 920
f 910/1287/1026 909/1239/977 911/1241/979 912/1285/1024
s 921
f 908/1289/1028 907/1237/975 909/1239/977 910/1287/1026
s 922
f 906/1291/1030 905/1234/972 907/1237/975 908/1289/1028
s 923
f 904/1293/1032 903/1235/973 905/1234/972 906/1291/1030
s 924
f 902/1295/1034 901/1267/1006 903/1235/973 904/1293/1032
s 925
f 899/1297/1036 900/1268/968 901/1267/1006 902/1295/1034
s 926
f 928/1270/1008 899/1299/1036 884/1302/1037 898/1271/1009
s 927
f 948/1301/1039 924/1273/1011 896/1274/1012 944/1303/1040
s 928
f 883/1304/996 930/1305/1041 929/1306/1042
s 929
f 883/1307/996 931/1308/1043 930/1305/1041
s 930
f 883/1309/996 932/1310/1044 931/1308/1043
s 931
f 883/1311/996 933/1312/1045 932/1310/1044
s 932
f 883/1313/996 934/1314/1046 933/1312/1045
s 933
f 883/1315/996 935/1316/1047 934/1314/1046
s 934
f 883/1317/996 936/1318/1048 935/1316/1047
s 935
f 883/1319/996 937/1320/1049 936/1318/1048
s 936
f 883/1321/996 938/1322/1050 937/1320/1049
s 937
f 883/1323/996 939/1324/1051 938/1322/1050
s 938
f 883/1325/996 940/1259/999 939/1324/1051
s 939
f 883/1326/996 941/1327/1052 951/1328/1053 953/1329/997
s 940
f 883/1330/996 942/1331/1054 941/1327/1052
s 941
f 883/1332/996 943/1333/1055 942/1331/1054
s 942
f 883/1334/996 929/1306/1042 943/1333/1055
s 943
f 946/1255/1056 948/1301/1057 950/1335/1058 947/1336/1059
s 944
f 947/1336/1060 950/1335/1061 949/1276/1062 945/1279/1063
s 945
f 945/1279/1063 952/1300/1064 953/1337/1064 947/1336/1060
s 946
f 947/1336/1059 953/1337/1065 951/1252/1065 946/1255/1056
s 947
f 944/1277/1066 949/1276/1062 950/1335/1061
s 948
f 944/1338/1067 950/1335/1058 948/1301/1057
s 949
f 885/1296/1068 886/1294/1068 887/1292/1068 888/1290/1068 889/1288/1068 890/1286/1068 891/1284/1068 892/1264/1004 894/1263/1003 895/1278/1068 944/1303/1068 896/1274/1068 897/1272/1068 898/1271/1068 884/1302/1068
s 1119
f 510/1023/824 1141/1030/830 1142/712/587 517/694/569
s 1120
f 501/1017/820 1140/1012/817 1141/1030/830 510/1023/824
s 1121
f 492/997/804 1139/992/801 1140/1012/817 501/1017/820
s 1122
f 483/976/786 1138/987/796 1139/992/801 492/997/804
s 1123
f 474/970/782 1137/963/779 1138/987/796 483/976/786
s 1124
f 465/969/767 1136/962/763 1137/963/779 474/970/782
s 1125
f 456/918/751 1135/928/759 1136/934/763 465/940/767
s 1126
f 448/915/749 1134/910/746 1135/928/759 456/918/751
s 1127
f 440/899/736 1133/893/732 1134/910/746 448/915/749
s 1128
f 432/879/720 1132/888/729 1133/893/732 440/899/736
s 1129
f 424/878/719 752/871/714 1132/888/729 432/879/720
s 1130
f 401/854/700 1131/849/697 765/850/698 409/855/701
s 1132
f 385/814/667 1129/810/665 1130/1339/1069 393/820/671
s 1133
f 376/798/656 1128/793/653 1129/810/665 385/814/667
s 1134
f 367/779/640 1127/788/648 1128/793/653 376/798/656
s 1135
f 358/773/636 1126/768/633 1127/788/648 367/779/640
s 1136
f 348/753/620 1125/748/617 1126/768/633 358/773/636
s 1137
f 339/732/602 1124/743/612 1125/748/617 348/753/620
s 1138
f 330/726/598 1123/721/595 1124/743/612 339/732/602
s 1139
f 321/695/570 1122/713/588 1123/721/595 330/726/598
s 1140
f 517/694/569 1142/712/587 1122/713/588 321/695/570
s 1141
f 1149/1071/857 1150/1074/860 1151/1114/879 1148/1113/878
s 1142
f 1147/1078/856 1149/1071/857 1148/1113/878 1146/1115/872
s 1143
f 1145/1067/853 1147/1070/856 1146/1097/872 1144/1096/871
s 1144
f 1143/1061/846 1145/1063/853 1144/1096/871
s 1145
f 741/1056/847 1143/1055/846 1144/1096/871
s 1146
f 751/1119/703 1152/1340/1070 764/1117/880
s 1147
f 750/1093/870 1152/1340/1070 751/1119/703
s 1148
f 750/1093/870 743/1079/863 1151/1114/879 1152/1340/1070
s 1149
f 764/1117/880 1152/1340/1070 1150/1074/860 759/1073/859
s 1150
f 1151/1114/879 1150/1074/860 1152/1340/1070
s 1152
f 392/827/677 391/822/673 399/835/683
s 1153
f 392/827/677 1129/810/665 384/806/662
usemtl Metal
s 950
f 954/1341/1071 961/1342/1072 962/1343/1073 955/1344/1074
s 951
f 955/1344/1075 962/1343/1076 963/1345/1076 956/1346/1075
s 952
f 956/1346/1077 963/1345/1078 964/1347/1079 957/1348/1080
s 953
f 957/1349/1080 964/1350/1079 965/1351/1081 958/1352/1082
s 954
f 958/1352/1082 965/1351/1081 966/1353/1083 959/1354/1084
s 955
f 959/1354/1085 966/1353/1086 967/1355/1086 960/1356/1085
s 956
f 960/1356/1087 967/1355/1088 961/1342/1072 954/1341/1071
s 957
f 961/1342/1072 968/1357/1089 969/1358/1090 962/1343/1073
s 958
f 962/1343/1076 969/1358/1091 970/1359/1091 963/1345/1076
s 959
f 963/1345/1078 970/1359/1092 971/1360/1093 964/1347/1079
s 960
f 964/1350/1079 971/1361/1093 972/1362/1094 965/1351/1081
s 961
f 965/1351/1081 972/1362/1094 973/1363/1095 966/1353/1083
s 962
f 966/1353/1086 973/1363/1096 974/1364/1096 967/1355/1086
s 963
f 967/1355/1088 974/1364/1097 968/1357/1089 961/1342/1072
s 964
f 968/1357/1089 975/1365/1098 976/1366/1099 969/1358/1090
s 965
f 969/1358/1091 976/1366/1100 977/1367/1100 970/1359/1091
s 966
f 970/1359/1092 977/1367/1101 978/1368/1102 971/1360/1093
s 967
f 971/1361/1093 978/1369/1102 979/1370/1103 972/1362/1094
s 968
f 972/1362/1094 979/1370/1103 980/1371/1104 973/1363/1095
s 969
f 973/1363/1096 980/1371/1105 981/1372/1105 974/1364/1096
s 970
f 974/1364/1097 981/1372/1106 975/1365/1098 968/1357/1089
s 971
f 975/1365/1098 982/1373/1107 983/1374/1108 976/1366/1099
s 972
f 976/1366/1100 983/1374/1109 984/1375/1109 977/1367/1100
s 973
f 977/1367/1101 984/1375/1110 985/1376/1111 978/1368/1102
s 974
f 978/1369/1102 985/1377/1111 986/1378/1112 979/1370/1103
s 975
f 979/1370/1103 986/1378/1112 987/1379/1113 980/1371/1104
s 976
f 980/1371/1105 987/1379/1114 988/1380/1114 981/1372/1105
s 977
f 981/1372/1106 988/1380/1115 982/1373/1107 975/1365/1098
s 978
f 982/1373/1107 989/1381/1116 990/1382/1117 983/1374/1108
s 979
f 983/1374/1109 990/1382/1118 991/1383/1118 984/1375/1109
s 980
f 984/1375/1110 991/1383/1119 992/1384/1120 985/1376/1111
s 981
f 985/1377/1111 992/1385/1120 993/1386/1121 986/1378/1112
s 982
f 986/1378/1112 993/1386/1121 994/1387/1122 987/1379/1113
s 983
f 987/1379/1114 994/1387/1123 995/1388/1123 988/1380/1114
s 984
f 988/1380/1115 995/1388/1124 989/1381/1116 982/1373/1107
s 985
f 989/1381/1116 996/1389/1125 997/1390/1126 990/1382/1117
s 986
f 990/1382/1118 997/1390/1127 998/1391/1127 991/1383/1118
s 987
f 991/1383/1119 998/1391/1128 999/1392/1129 992/1384/1120
s 988
f 992/1385/1120 999/1393/1129 1000/1394/1130 993/1386/1121
s 989
f 993/1386/1121 1000/1394/1130 1001/1395/1131 994/1387/1122
s 990
f 994/1387/1123 1001/1395/1132 1002/1396/1132 995/1388/1123
s 991
f 995/1388/1124 1002/1396/1133 996/1389/1125 989/1381/1116
s 992
f 996/1397/1125 1003/1398/1134 1004/1399/1135 997/1400/1126
s 993
f 997/1400/1127 1004/1399/1136 1005/1401/1136 998/1402/1127
s 994
f 998/1402/1128 1005/1401/1137 1006/1403/1138 999/1404/1129
s 995
f 999/1405/1129 1006/1406/1138 1007/1407/1139 1000/1408/1130
s 996
f 1000/1408/1130 1007/1407/1139 1008/1409/1140 1001/1410/1131
s 997
f 1001/1410/1132 1008/1409/1141 1009/1411/1141 1002/1412/1132
s 998
f 1002/1412/1133 1009/1411/1142 1003/1398/1134 996/1397/1125
s 999
f 1003/1398/1134 1010/1413/1143 1011/1414/1144 1004/1399/1135
s 1000
f 1004/1399/1136 1011/1414/1145 1012/1415/1145 1005/1401/1136
s 1001
f 1005/1401/1137 1012/1415/1146 1013/1416/1147 1006/1403/1138
s 1002
f 1006/1406/1138 1013/1417/1147 1014/1418/1148 1007/1407/1139
s 1003
f 1007/1407/1139 1014/1418/1148 1015/1419/1149 1008/1409/1140
s 1004
f 1008/1409/1141 1015/1419/1150 1016/1420/1150 1009/1411/1141
s 1005
f 1009/1411/1142 1016/1420/1151 1010/1413/1143 1003/1398/1134
s 1006
f 1010/1413/1143 1017/1421/1152 1018/1422/1153 1011/1414/1144
s 1007
f 1011/1414/1145 1018/1422/1154 1019/1423/1154 1012/1415/1145
s 1008
f 1012/1415/1146 1019/1423/1155 1020/1424/1156 1013/1416/1147
s 1009
f 1013/1417/1147 1020/1425/1156 1021/1426/1157 1014/1418/1148
s 1010
f 1014/1418/1148 1021/1426/1157 1022/1427/1158 1015/1419/1149
s 1011
f 1015/1419/1150 1022/1427/1159 1023/1428/1159 1016/1420/1150
s 1012
f 1016/1420/1151 1023/1428/1160 1017/1421/1152 1010/1413/1143
s 1013
f 1017/1421/1152 1024/1429/1161 1025/1430/1162 1018/1422/1153
s 1014
f 1018/1422/1154 1025/1430/1163 1026/1431/1163 1019/1423/1154
s 1015
f 1019/1423/1155 1026/1431/1164 1027/1432/1165 1020/1424/1156
s 1016
f 1020/1425/1156 1027/1433/1165 1028/1434/1166 1021/1426/1157
s 1017
f 1021/1426/1157 1028/1434/1166 1029/1435/1167 1022/1427/1158
s 1018
f 1022/1427/1159 1029/1435/1168 1030/1436/1168 1023/1428/1159
s 1019
f 1023/1428/1160 1030/1436/1169 1024/1429/1161 1017/1421/1152
s 1020
f 1024/1429/1161 1031/1437/1170 1032/1438/1171 1025/1430/1162
s 1021
f 1025/1430/1163 1032/1438/1172 1033/1439/1172 1026/1431/1163
s 1022
f 1026/1431/1164 1033/1439/1173 1034/1440/1174 1027/1432/1165
s 1023
f 1027/1433/1165 1034/1441/1174 1035/1442/1175 1028/1434/1166
s 1024
f 1028/1434/1166 1035/1442/1175 1036/1443/1176 1029/1435/1167
s 1025
f 1029/1435/1168 1036/1443/1177 1037/1444/1177 1030/1436/1168
s 1026
f 1030/1436/1169 1037/1444/1178 1031/1437/1170 1024/1429/1161
s 1027
f 1031/1437/1170 954/1341/1071 955/1344/1074 1032/1438/1171
s 1028
f 1032/1438/1172 955/1344/1075 956/1346/1075 1033/1439/1172
s 1029
f 1033/1439/1173 956/1346/1077 957/1348/1080 1034/1440/1174
s 1030
f 1034/1441/1174 957/1349/1080 958/1352/1082 1035/1442/1175
s 1031
f 1035/1442/1175 958/1352/1082 959/1354/1084 1036/1443/1176
s 1032
f 1036/1443/1177 959/1354/1085 960/1356/1085 1037/1444/1177
s 1033
f 1037/1444/1178 960/1356/1087 954/1341/1071 1031/1437/1170
s 1034
f 1038/1445/1179 1045/1446/1180 1046/1447/1181 1039/1448/1182
s 1035
f 1039/1448/1183 1046/1447/1184 1047/1449/1184 1040/1450/1183
s 1036
f 1040/1450/1185 1047/1449/1186 1048/1451/1187 1041/1452/1188
s 1037
f 1041/1453/1188 1048/1454/1187 1049/1455/1189 1042/1456/1190
s 1038
f 1042/1456/1190 1049/1455/1189 1050/1457/1191 1043/1458/1192
s 1039
f 1043/1458/1193 1050/1457/1194 1051/1459/1194 1044/1460/1193
s 1040
f 1044/1460/1195 1051/1459/1196 1045/1446/1180 1038/1445/1179
s 1041
f 1045/1446/1180 1052/1461/1197 1053/1462/1198 1046/1447/1181
s 1042
f 1046/1447/1184 1053/1462/1199 1054/1463/1199 1047/1449/1184
s 1043
f 1047/1449/1186 1054/1463/1200 1055/1464/1201 1048/1451/1187
s 1044
f 1048/1454/1187 1055/1465/1201 1056/1466/1202 1049/1455/1189
s 1045
f 1049/1455/1189 1056/1466/1202 1057/1467/1203 1050/1457/1191
s 1046
f 1050/1457/1194 1057/1467/1204 1058/1468/1204 1051/1459/1194
s 1047
f 1051/1459/1196 1058/1468/1205 1052/1461/1197 1045/1446/1180
s 1048
f 1052/1461/1197 1059/1469/1206 1060/1470/1207 1053/1462/1198
s 1049
f 1053/1462/1199 1060/1470/1208 1061/1471/1208 1054/1463/1199
s 1050
f 1054/1463/1200 1061/1471/1209 1062/1472/1210 1055/1464/1201
s 1051
f 1055/1465/1201 1062/1473/1210 1063/1474/1211 1056/1466/1202
s 1052
f 1056/1466/1202 1063/1474/1211 1064/1475/1212 1057/1467/1203
s 1053
f 1057/1467/1204 1064/1475/1213 1065/1476/1213 1058/1468/1204
s 1054
f 1058/1468/1205 1065/1476/1214 1059/1469/1206 1052/1461/1197
s 1055
f 1059/1469/1206 1066/1477/1215 1067/1478/1216 1060/1470/1207
s 1056
f 1060/1470/1208 1067/1478/1217 1068/1479/1217 1061/1471/1208
s 1057
f 1061/1471/1209 1068/1479/1218 1069/1480/1219 1062/1472/1210
s 1058
f 1062/1473/1210 1069/1481/1219 1070/1482/1220 1063/1474/1211
s 1059
f 1063/1474/1211 1070/1482/1220 1071/1483/1221 1064/1475/1212
s 1060
f 1064/1475/1213 1071/1483/1222 1072/1484/1222 1065/1476/1213
s 1061
f 1065/1476/1214 1072/1484/1223 1066/1477/1215 1059/1469/1206
s 1062
f 1066/1477/1215 1073/1485/1224 1074/1486/1225 1067/1478/1216
s 1063
f 1067/1478/1217 1074/1486/1226 1075/1487/1226 1068/1479/1217
s 1064
f 1068/1479/1218 1075/1487/1227 1076/1488/1228 1069/1480/1219
s 1065
f 1069/1481/1219 1076/1489/1228 1077/1490/1229 1070/1482/1220
s 1066
f 1070/1482/1220 1077/1490/1229 1078/1491/1230 1071/1483/1221
s 1067
f 1071/1483/1222 1078/1491/1231 1079/1492/1231 1072/1484/1222
s 1068
f 1072/1484/1223 1079/1492/1232 1073/1485/1224 1066/1477/1215
s 1069
f 1073/1485/1224 1080/1493/1233 1081/1494/1234 1074/1486/1225
s 1070
f 1074/1486/1226 1081/1494/1235 1082/1495/1235 1075/1487/1226
s 1071
f 1075/1487/1227 1082/1495/1236 1083/1496/1237 1076/1488/1228
s 1072
f 1076/1489/1228 1083/1497/1237 1084/1498/1238 1077/1490/1229
s 1073
f 1077/1490/1229 1084/1498/1238 1085/1499/1239 1078/1491/1230
s 1074
f 1078/1491/1231 1085/1499/1240 1086/1500/1240 1079/1492/1231
s 1075
f 1079/1492/1232 1086/1500/1241 1080/1493/1233 1073/1485/1224
s 1076
f 1080/1501/1233 1087/1502/1242 1088/1503/1243 1081/1504/1234
s 1077
f 1081/1504/1235 1088/1503/1244 1089/1505/1244 1082/1506/1235
s 1078
f 1082/1506/1236 1089/1505/1245 1090/1507/1246 1083/1508/1237
s 1079
f 1083/1509/1237 1090/1510/1246 1091/1511/1247 1084/1512/1238
s 1080
f 1084/1512/1238 1091/1511/1247 1092/1513/1248 1085/1514/1239
s 1081
f 1085/1514/1240 1092/1513/1249 1093/1515/1249 1086/1516/1240
s 1082
f 1086/1516/1241 1093/1515/1250 1087/1502/1242 1080/1501/1233
s 1083
f 1087/1502/1242 1094/1517/1251 1095/1518/1252 1088/1503/1243
s 1084
f 1088/1503/1244 1095/1518/1253 1096/1519/1253 1089/1505/1244
s 1085
f 1089/1505/1245 1096/1519/1254 1097/1520/1255 1090/1507/1246
s 1086
f 1090/1510/1246 1097/1521/1255 1098/1522/1256 1091/1511/1247
s 1087
f 1091/1511/1247 1098/1522/1256 1099/1523/1257 1092/1513/1248
s 1088
f 1092/1513/1249 1099/1523/1258 1100/1524/1258 1093/1515/1249
s 1089
f 1093/1515/1250 1100/1524/1259 1094/1517/1251 1087/1502/1242
s 1090
f 1094/1517/1251 1101/1525/1260 1102/1526/1261 1095/1518/1252
s 1091
f 1095/1518/1253 1102/1526/1262 1103/1527/1262 1096/1519/1253
s 1092
f 1096/1519/1254 1103/1527/1263 1104/1528/1264 1097/1520/1255
s 1093
f 1097/1521/1255 1104/1529/1264 1105/1530/1265 1098/1522/1256
s 1094
f 1098/1522/1256 1105/1530/1265 1106/1531/1266 1099/1523/1257
s 1095
f 1099/1523/1258 1106/1531/1267 1107/1532/1267 1100/1524/1258
s 1096
f 1100/1524/1259 1107/1532/1268 1101/1525/1260 1094/1517/1251
s 1097
f 1101/1525/1260 1108/1533/1269 1109/1534/1270 1102/1526/1261
s 1098
f 1102/1526/1262 1109/1534/1271 1110/1535/1271 1103/1527/1262
s 1099
f 1103/1527/1263 1110/1535/1272 1111/1536/1273 1104/1528/1264
s 1100
f 1104/1529/1264 1111/1537/1273 1112/1538/1274 1105/1530/1265
s 1101
f 1105/1530/1265 1112/1538/1274 1113/1539/1275 1106/1531/1266
s 1102
f 1106/1531/1267 1113/1539/1276 1114/1540/1276 1107/1532/1267
s 1103
f 1107/1532/1268 1114/1540/1277 1108/1533/1269 1101/1525/1260
s 1104
f 1108/1533/1269 1115/1541/1278 1116/1542/1279 1109/1534/1270
s 1105
f 1109/1534/1271 1116/1542/1280 1117/1543/1280 1110/1535/1271
s 1106
f 1110/1535/1272 1117/1543/1281 1118/1544/1282 1111/1536/1273
s 1107
f 1111/1537/1273 1118/1545/1282 1119/1546/1283 1112/1538/1274
s 1108
f 1112/1538/1274 1119/1546/1283 1120/1547/1284 1113/1539/1275
s 1109
f 1113/1539/1276 1120/1547/1285 1121/1548/1285 1114/1540/1276
s 1110
f 1114/1540/1277 1121/1548/1286 1115/1541/1278 1108/1533/1269
s 1111
f 1115/1541/1278 1038/1445/1179 1039/1448/1182 1116/1542/1279
s 1112
f 1116/1542/1280 1039/1448/1183 1040/1450/1183 1117/1543/1280
s 1113
f 1117/1543/1281 1040/1450/1185 1041/1452/1188 1118/1544/1282
s 1114
f 1118/1545/1282 1041/1453/1188 1042/1456/1190 1119/1546/1283
s 1115
f 1119/1546/1283 1042/1456/1190 1043/1458/1192 1120/1547/1284
s 1116
f 1120/1547/1285 1043/1458/1193 1044/1460/1193 1121/1548/1285
s 1117
f 1121/1548/1286 1044/1460/1195 1038/1445/1179 1115/1541/1278
usemtl Red
s 423
f 1129/810/665 392/827/677 1130/1339/1069
s 424
f 400/844/692 392/827/677 399/835/683
s 426
f 1130/1339/1069 392/827/677 400/844/692 1131/849/697
s 429
f 394/821/672 393/820/671 401/854/700 402/837/685
s 1131
f 393/820/671 1130/1339/1069 1131/849/697 401/854/700
s 1151
f 394/821/672 402/837/685 395/652/678
