# Blender v2.80 (sub 75) OBJ File: 'KayKit Character Exporter.blend'
# www.blender.org
mtllib character_orcBHead.mtl
o character_orcBHead_Cube.4068
v 0.225161 1.103401 0.426276
v 0.254519 1.058151 0.406292
v 0.258003 1.147108 0.468028
v 0.249593 1.179714 0.448255
v 0.261642 1.173731 0.460872
v 0.275663 1.179714 0.456007
v 0.237896 1.147108 0.456217
v 0.267253 1.193221 0.436234
v 0.279147 1.147108 0.464197
v 0.249593 1.073249 0.448255
v 0.258003 1.102884 0.468028
v 0.261642 1.078003 0.460872
v 0.275663 1.071174 0.456007
v 0.237896 1.103754 0.456217
v 0.279147 1.102060 0.464197
v 0.267253 1.058512 0.436234
v 0.236859 1.072669 0.418314
v 0.254519 1.193221 0.406292
v 0.225161 1.147108 0.426276
v 0.236859 1.179714 0.418314
v 0.301152 1.055842 0.413111
v 0.329668 1.101938 0.393127
v 0.313116 1.101938 0.441074
v 0.318498 1.069332 0.401089
v 0.320546 1.075315 0.420761
v 0.327219 1.101938 0.420862
v 0.309633 1.069332 0.432884
v 0.301212 1.193221 0.413111
v 0.313116 1.147108 0.441074
v 0.329620 1.147108 0.393127
v 0.309633 1.179714 0.432884
v 0.320532 1.173731 0.420761
v 0.327205 1.147108 0.420862
v 0.318509 1.179714 0.401089
v 0.287910 1.055830 0.383170
v 0.315720 1.101938 0.363186
v 0.304894 1.069332 0.371148
v 0.288128 1.193221 0.383170
v 0.315648 1.147108 0.363186
v 0.304915 1.179714 0.371148
v -0.315637 1.101938 0.363186
v -0.287885 1.055830 0.383170
v -0.327202 1.147108 0.420863
v -0.318495 1.179714 0.401090
v -0.320530 1.173731 0.420762
v -0.309633 1.179714 0.432884
v -0.329584 1.147108 0.393127
v -0.301211 1.193221 0.413111
v -0.313116 1.147108 0.441074
v -0.318483 1.069332 0.401090
v -0.327216 1.101938 0.420863
v -0.320545 1.075315 0.420762
v -0.309633 1.069332 0.432884
v -0.329634 1.101938 0.393127
v -0.313116 1.101938 0.441074
v -0.301149 1.055842 0.413111
v -0.304844 1.069332 0.371148
v -0.288113 1.193221 0.383170
v -0.315562 1.147108 0.363186
v -0.304865 1.179714 0.371148
v -0.267253 1.058512 0.436234
v -0.237896 1.103754 0.456217
v -0.279147 1.102061 0.464197
v -0.249593 1.073249 0.448255
v -0.261642 1.078003 0.460872
v -0.258003 1.102884 0.468028
v -0.275663 1.071174 0.456007
v -0.267253 1.193221 0.436234
v -0.279147 1.147108 0.464197
v -0.237896 1.147108 0.456217
v -0.275663 1.179714 0.456007
v -0.261642 1.173731 0.460872
v -0.258003 1.147108 0.468028
v -0.249593 1.179714 0.448255
v -0.254519 1.058151 0.406292
v -0.225161 1.103401 0.426276
v -0.236859 1.072669 0.418314
v -0.254519 1.193221 0.406292
v -0.225161 1.147108 0.426276
v -0.236859 1.179714 0.418314
v -0.188422 0.717504 0.334584
v -0.133234 0.716082 0.376931
v -0.068967 0.725325 0.403551
v -0.000000 0.725325 0.412631
v 0.068967 0.725325 0.403551
v 0.133234 0.716082 0.376931
v 0.188422 0.717504 0.334584
v -0.244624 0.734980 0.383094
v -0.176777 0.759107 0.452348
v -0.091506 0.772867 0.487668
v -0.000000 0.772867 0.499715
v 0.091506 0.772867 0.487668
v 0.176776 0.759107 0.452348
v 0.244623 0.734980 0.383094
v -0.273555 1.181006 0.399422
v -0.273555 1.178843 0.418862
v 0.274146 1.178843 0.418862
v -0.436651 1.221914 0.397797
v -0.402808 1.178159 0.402448
v -0.403209 1.180745 0.422545
v -0.402703 1.186632 0.438789
v -0.416455 1.185202 0.400286
v -0.415816 1.187411 0.419874
v -0.413586 1.191486 0.434241
v -0.402808 1.220164 0.462363
v -0.416455 1.220937 0.451341
v -0.403297 1.206181 0.458802
v -0.415791 1.207347 0.448417
v -0.402742 1.194779 0.450447
v -0.413586 1.197416 0.442736
v -0.434252 1.208126 0.398104
v -0.427299 1.195510 0.398855
v -0.434252 1.221777 0.417619
v -0.431412 1.207560 0.418526
v -0.424848 1.195996 0.418648
v -0.427299 1.221466 0.435986
v -0.424814 1.207762 0.435573
v -0.420162 1.197760 0.433324
v -0.436651 1.306939 0.398184
v -0.402808 1.305189 0.462591
v -0.403209 1.319306 0.458820
v -0.402703 1.330541 0.450418
v -0.416455 1.305963 0.451559
v -0.415816 1.319521 0.448430
v -0.413586 1.329180 0.442724
v -0.402808 1.347194 0.402519
v -0.416455 1.341698 0.400514
v -0.403297 1.344663 0.422421
v -0.415791 1.339454 0.419932
v -0.402742 1.338679 0.438758
v -0.413586 1.335110 0.434254
v -0.434252 1.306802 0.417890
v -0.427299 1.306491 0.436213
v -0.434252 1.320453 0.398450
v -0.431412 1.320690 0.418838
v -0.424848 1.319936 0.435648
v -0.427299 1.332448 0.399188
v -0.424814 1.331759 0.418854
v -0.420162 1.329524 0.433378
v -0.436651 1.221914 0.381658
v -0.402808 1.178159 0.386309
v -0.416455 1.185202 0.384147
v -0.403297 1.180750 0.366326
v -0.415791 1.187378 0.365038
v -0.402742 1.186666 0.350312
v -0.413586 1.191486 0.351473
v -0.434252 1.221777 0.362560
v -0.427299 1.221466 0.345842
v -0.434252 1.208126 0.381965
v -0.431412 1.207639 0.362323
v -0.424848 1.207798 0.347098
v -0.427299 1.195510 0.382716
v -0.424814 1.195972 0.363814
v -0.420162 1.197760 0.350555
v -0.402808 1.220164 0.326465
v -0.403209 1.206097 0.330220
v -0.402703 1.194799 0.338776
v -0.416455 1.220937 0.333318
v -0.415816 1.207314 0.336736
v -0.413586 1.197416 0.343062
v -0.436651 1.306939 0.382045
v -0.402808 1.347194 0.386380
v -0.403209 1.344658 0.366231
v -0.402703 1.338708 0.350294
v -0.416455 1.341698 0.384375
v -0.415816 1.339424 0.365090
v -0.413586 1.335110 0.351485
v -0.402808 1.305189 0.326693
v -0.416455 1.305963 0.333535
v -0.403297 1.319232 0.330208
v -0.415791 1.319485 0.336756
v -0.402742 1.330566 0.338734
v -0.413586 1.329180 0.343050
v -0.434252 1.320453 0.382311
v -0.427299 1.332448 0.383049
v -0.434252 1.306802 0.362830
v -0.431412 1.320769 0.362634
v -0.424848 1.331738 0.364011
v -0.427299 1.306491 0.346069
v -0.424814 1.319969 0.347182
v -0.420162 1.329524 0.350610
v 0.437242 1.221914 0.397797
v 0.403399 1.178159 0.402448
v 0.417046 1.185202 0.400286
v 0.403888 1.180750 0.422417
v 0.416383 1.187378 0.419827
v 0.403333 1.186666 0.438815
v 0.414178 1.191486 0.434241
v 0.434844 1.221777 0.417619
v 0.427891 1.221466 0.435986
v 0.434844 1.208126 0.398104
v 0.432004 1.207639 0.418639
v 0.425440 1.207798 0.435536
v 0.427891 1.195510 0.398855
v 0.425405 1.195972 0.418702
v 0.420754 1.197760 0.433324
v 0.403399 1.220164 0.462363
v 0.403801 1.206097 0.458817
v 0.403294 1.194799 0.450498
v 0.417046 1.220937 0.451341
v 0.416408 1.207314 0.448369
v 0.414177 1.197416 0.442736
v 0.437242 1.306939 0.398184
v 0.403399 1.347194 0.402519
v 0.403801 1.344658 0.422547
v 0.403294 1.338708 0.438732
v 0.417046 1.341698 0.400514
v 0.416408 1.339424 0.419979
v 0.414177 1.335110 0.434254
v 0.403399 1.305189 0.462591
v 0.417046 1.305963 0.451559
v 0.403888 1.319232 0.458805
v 0.416383 1.319485 0.448478
v 0.403333 1.330566 0.450367
v 0.414178 1.329180 0.442724
v 0.434844 1.320453 0.398450
v 0.427891 1.332448 0.399188
v 0.434844 1.306802 0.417890
v 0.432004 1.320769 0.418725
v 0.425440 1.331738 0.418800
v 0.427891 1.306491 0.436213
v 0.425405 1.319969 0.435685
v 0.420754 1.329524 0.433378
v 0.437242 1.221914 0.381658
v 0.403399 1.178159 0.386309
v 0.403801 1.180745 0.366229
v 0.403294 1.186632 0.350351
v 0.417046 1.185202 0.384147
v 0.416408 1.187411 0.364985
v 0.414177 1.191486 0.351473
v 0.403399 1.220164 0.326465
v 0.417046 1.220937 0.333318
v 0.403888 1.206181 0.330205
v 0.416383 1.207347 0.336695
v 0.403333 1.194779 0.338814
v 0.414178 1.197416 0.343062
v 0.434844 1.208126 0.381965
v 0.427891 1.195510 0.382716
v 0.434844 1.221777 0.362560
v 0.432004 1.207560 0.362435
v 0.425440 1.195996 0.363859
v 0.427891 1.221466 0.345842
v 0.425405 1.207762 0.347071
v 0.420754 1.197760 0.350555
v 0.437242 1.306939 0.382045
v 0.403399 1.347194 0.386380
v 0.417046 1.341698 0.384375
v 0.403888 1.344663 0.366329
v 0.416383 1.339454 0.365143
v 0.403333 1.338679 0.350256
v 0.414178 1.335110 0.351485
v 0.434844 1.306802 0.362830
v 0.427891 1.306491 0.346069
v 0.434844 1.320453 0.382311
v 0.432004 1.320690 0.362521
v 0.425440 1.319936 0.347210
v 0.427891 1.332448 0.383049
v 0.425405 1.331759 0.363965
v 0.420754 1.329524 0.350610
v 0.403399 1.305189 0.326693
v 0.403801 1.319306 0.330223
v 0.403294 1.330541 0.338696
v 0.417046 1.305963 0.333535
v 0.416408 1.319521 0.336797
v 0.414177 1.329180 0.343050
v 0.274146 1.181006 0.399422
v -0.273555 1.187276 0.381976
v 0.274146 1.187276 0.381976
v -0.273555 1.197054 0.368107
v 0.274146 1.197054 0.368107
v -0.273555 1.209360 0.359206
v 0.274146 1.209360 0.359206
v -0.273555 1.223011 0.355900
v 0.274146 1.223011 0.355900
v -0.273555 1.352203 0.418862
v 0.274146 1.352203 0.418862
v 0.274146 1.350041 0.399402
v -0.273555 1.350041 0.399402
v 0.274146 1.343771 0.381880
v -0.273555 1.343771 0.381880
v 0.274146 1.333992 0.368037
v -0.273555 1.333992 0.368036
v 0.274146 1.321687 0.359169
v -0.273555 1.321687 0.359169
v 0.274146 1.308036 0.356124
v -0.273555 1.308036 0.356124
v -0.273555 1.178843 0.435001
v 0.274146 1.178843 0.435001
v 0.274146 1.181006 0.454481
v -0.273555 1.181006 0.454481
v 0.274146 1.187276 0.472120
v -0.273555 1.187276 0.472120
v 0.274146 1.197054 0.486130
v -0.273555 1.197054 0.486130
v 0.274146 1.209360 0.495105
v -0.273555 1.209360 0.495105
v 0.274146 1.223011 0.497964
v -0.273555 1.223011 0.497964
v 0.274146 1.352203 0.435001
v -0.273555 1.352203 0.435001
v -0.273555 1.350041 0.454462
v 0.274146 1.350041 0.454462
v -0.273555 1.343771 0.472023
v 0.274146 1.343771 0.472023
v -0.273555 1.333992 0.486060
v 0.274146 1.333992 0.486060
v -0.273555 1.321687 0.495068
v 0.274146 1.321687 0.495068
v -0.273555 1.308036 0.498188
v 0.274146 1.308036 0.498188
v -0.000000 1.723830 -0.250000
v -0.000000 1.617886 -0.433013
v -0.000000 1.004505 -0.482963
v -0.000000 0.883915 -0.433013
v -0.000000 0.700000 0.000000
v 0.033494 1.753434 -0.125000
v 0.064705 1.723830 -0.241481
v 0.091506 1.685991 -0.341506
v 0.112072 1.617886 -0.418258
v 0.125000 1.506375 -0.466506
v 0.129409 1.134674 -0.482963
v 0.125000 1.004505 -0.466506
v 0.112072 0.883915 -0.418258
v 0.091506 0.780361 -0.341506
v 0.064705 1.753434 -0.112072
v 0.125000 1.723830 -0.216506
v 0.176777 1.685991 -0.306186
v 0.216506 1.617886 -0.375000
v 0.241481 1.506375 -0.418258
v 0.250000 1.134674 -0.433012
v 0.241481 1.004505 -0.418258
v 0.216506 0.883915 -0.375000
v 0.176777 0.780361 -0.306186
v 0.091506 1.753434 -0.091506
v 0.176776 1.723830 -0.176777
v 0.250000 1.685991 -0.250000
v 0.306186 1.617886 -0.306186
v 0.341506 1.506375 -0.341506
v 0.353553 1.134674 -0.353553
v 0.341506 1.004505 -0.341506
v 0.306186 0.883915 -0.306186
v 0.250000 0.780361 -0.250000
v 0.112072 1.753434 -0.064705
v 0.216506 1.723830 -0.125000
v 0.306186 1.685991 -0.176777
v 0.375000 1.617886 -0.216506
v 0.418258 1.506375 -0.241481
v 0.433012 1.134674 -0.250000
v 0.418258 1.004505 -0.241481
v 0.375000 0.883915 -0.216506
v 0.306186 0.780361 -0.176777
v -0.000000 1.758330 0.000000
v 0.125000 1.753434 -0.033494
v 0.241481 1.723830 -0.064705
v 0.341506 1.685991 -0.091506
v 0.418258 1.617886 -0.112072
v 0.466506 1.506375 -0.125000
v 0.482963 1.134674 -0.129409
v 0.466506 1.004505 -0.125000
v 0.418258 0.883915 -0.112072
v 0.341506 0.780361 -0.091506
v 0.129409 1.753434 0.000000
v 0.250000 1.723830 0.000000
v 0.353553 1.685991 0.000000
v 0.433012 1.617886 0.000000
v 0.482963 1.506375 -0.000000
v 0.500000 1.134674 0.000000
v 0.482963 1.004505 0.000000
v 0.433012 0.883915 0.000000
v 0.353553 0.780361 0.000000
v 0.125000 1.753434 0.033494
v 0.241481 1.723830 0.064705
v 0.341506 1.685991 0.091506
v 0.418258 1.617886 0.112072
v 0.466506 1.506375 0.125000
v 0.482962 1.134674 0.129409
v 0.466506 1.004505 0.125000
v 0.418258 0.880692 0.112072
v 0.341506 0.757661 0.091506
v 0.112072 1.753434 0.064705
v 0.216506 1.723830 0.125000
v 0.306186 1.685991 0.176777
v 0.375000 1.617886 0.216506
v 0.418258 1.506375 0.241481
v 0.433012 1.134674 0.250000
v 0.418258 0.985329 0.241481
v 0.306186 0.724147 0.176777
v 0.091506 1.753434 0.091506
v 0.176776 1.723830 0.176777
v 0.250000 1.685991 0.250000
v 0.306186 1.617886 0.306186
v 0.341506 1.506375 0.341506
v 0.353553 1.134674 0.353553
v 0.341506 1.000567 0.353454
v 0.306186 0.917442 0.334592
v 0.064705 1.753434 0.112072
v 0.125000 1.723830 0.216506
v 0.176776 1.685991 0.306186
v 0.216506 1.617886 0.375000
v 0.241481 1.506375 0.418258
v 0.250000 1.134674 0.433012
v 0.241481 1.005481 0.418258
v 0.216506 0.932491 0.403406
v 0.033494 1.753434 0.125000
v 0.064705 1.723830 0.241481
v 0.091506 1.685991 0.341506
v 0.112072 1.617886 0.418258
v 0.125000 1.506375 0.466506
v 0.129409 1.137880 0.482963
v 0.125000 1.026381 0.466506
v 0.112072 0.954447 0.446664
v -0.000000 1.753434 0.129409
v -0.000000 1.723830 0.250000
v -0.000000 1.685991 0.353553
v -0.000000 1.617886 0.433012
v -0.000000 1.506375 0.482963
v -0.000000 1.026013 0.482963
v -0.000000 0.957079 0.461419
v -0.033494 1.753434 0.125000
v -0.064705 1.723830 0.241481
v -0.091506 1.685991 0.341506
v -0.112072 1.617886 0.418258
v -0.125000 1.506375 0.466506
v -0.129410 1.137880 0.482963
v -0.125000 1.026381 0.466506
v -0.112072 0.954447 0.446664
v -0.064705 1.753434 0.112072
v -0.125000 1.723830 0.216506
v -0.176777 1.685991 0.306186
v -0.216506 1.617886 0.375000
v -0.241481 1.506375 0.418258
v -0.250000 1.134674 0.433012
v -0.241481 1.005481 0.418258
v -0.216506 0.932491 0.403406
v -0.091506 1.753434 0.091506
v -0.176777 1.723830 0.176777
v -0.250000 1.685991 0.250000
v -0.306186 1.617886 0.306186
v -0.341506 1.506375 0.341506
v -0.353553 1.134674 0.353553
v -0.341506 1.000567 0.353454
v -0.306186 0.917442 0.334592
v -0.112072 1.753434 0.064705
v -0.216506 1.723830 0.125000
v -0.306186 1.685991 0.176777
v -0.375000 1.617886 0.216506
v -0.418258 1.506375 0.241481
v -0.433013 1.134674 0.250000
v -0.418258 0.985329 0.241481
v -0.306186 0.724147 0.176777
v -0.125000 1.753434 0.033494
v -0.241481 1.723830 0.064705
v -0.341506 1.685991 0.091506
v -0.418258 1.617886 0.112072
v -0.466506 1.506375 0.125000
v -0.482963 1.134674 0.129409
v -0.466506 1.004505 0.125000
v -0.418258 0.880692 0.112072
v -0.341506 0.757661 0.091506
v -0.129409 1.753434 0.000000
v -0.250000 1.723830 -0.000000
v -0.353553 1.685991 -0.000000
v -0.433013 1.617886 -0.000000
v -0.482963 1.506375 0.000000
v -0.500000 1.134674 0.000000
v -0.482963 1.004505 0.000000
v -0.433013 0.883915 -0.000000
v -0.353553 0.780361 -0.000000
v -0.125000 1.753434 -0.033494
v -0.241481 1.723830 -0.064705
v -0.341506 1.685991 -0.091506
v -0.418258 1.617886 -0.112072
v -0.466506 1.506375 -0.125000
v -0.482963 1.134674 -0.129409
v -0.466506 1.004505 -0.125000
v -0.418258 0.883915 -0.112072
v -0.341506 0.780361 -0.091506
v -0.112072 1.753434 -0.064705
v -0.216506 1.723830 -0.125000
v -0.306186 1.685991 -0.176777
v -0.375000 1.617886 -0.216506
v -0.418258 1.506375 -0.241481
v -0.433013 1.134674 -0.250000
v -0.418258 1.004505 -0.241481
v -0.375000 0.883915 -0.216506
v -0.306186 0.780361 -0.176777
v -0.091506 1.753434 -0.091506
v -0.176777 1.723830 -0.176777
v -0.250000 1.685991 -0.250000
v -0.306186 1.617886 -0.306186
v -0.341506 1.506375 -0.341506
v -0.353553 1.134674 -0.353553
v -0.341506 1.004505 -0.341506
v -0.306186 0.883915 -0.306186
v -0.250000 0.780361 -0.250000
v -0.064705 1.753434 -0.112072
v -0.125000 1.723830 -0.216506
v -0.176777 1.685991 -0.306186
v -0.216506 1.617886 -0.375000
v -0.241481 1.506375 -0.418258
v -0.250000 1.134674 -0.433012
v -0.241481 1.004505 -0.418258
v -0.216506 0.883915 -0.375000
v -0.176777 0.780361 -0.306186
v -0.033494 1.753434 -0.125000
v -0.064705 1.723830 -0.241481
v -0.091506 1.685991 -0.341506
v -0.112072 1.617886 -0.418258
v -0.125000 1.506375 -0.466506
v -0.129410 1.134674 -0.482963
v -0.125000 1.004505 -0.466506
v -0.112072 0.883915 -0.418258
v -0.091506 0.780361 -0.341506
v -0.000000 1.753434 -0.129409
v -0.000000 1.685991 -0.353553
v -0.000000 1.506375 -0.482963
v -0.000000 1.134674 -0.500000
v -0.000000 0.780361 -0.353553
v 0.059315 0.700827 -0.221366
v 0.068967 0.713539 -0.257389
v 0.133234 0.713539 -0.230769
v 0.114587 0.700827 -0.198471
v 0.188422 0.713539 -0.188422
v 0.162051 0.700827 -0.162051
v 0.230769 0.713539 -0.133234
v 0.198471 0.700827 -0.114588
v 0.257389 0.713539 -0.068967
v 0.221366 0.700827 -0.059315
v 0.266469 0.713539 0.000000
v 0.229175 0.700827 0.000000
v 0.257389 0.709273 0.068967
v 0.221366 0.700827 0.059315
v 0.230769 0.707764 0.133234
v 0.198471 0.699340 0.114588
v 0.188422 0.709273 0.188422
v 0.162051 0.700827 0.162051
v 0.133234 0.713539 0.230769
v 0.114587 0.700827 0.198471
v 0.068967 0.714545 0.257389
v 0.059315 0.700827 0.221366
v -0.000000 0.714395 0.266469
v -0.000000 0.700827 0.229175
v -0.068967 0.714545 0.257389
v -0.059315 0.700827 0.221366
v -0.133234 0.713539 0.230769
v -0.114588 0.700827 0.198471
v -0.188422 0.709273 0.188422
v -0.162051 0.700827 0.162051
v -0.230769 0.707764 0.133234
v -0.198471 0.699340 0.114588
v -0.257389 0.709273 0.068967
v -0.221366 0.700827 0.059315
v -0.266469 0.713539 0.000000
v -0.229175 0.700827 0.000000
v -0.257389 0.713539 -0.068967
v -0.221366 0.700827 -0.059315
v -0.230769 0.713539 -0.133234
v -0.198471 0.700827 -0.114587
v -0.188422 0.713539 -0.188422
v -0.162051 0.700827 -0.162051
v -0.133234 0.713539 -0.230769
v -0.114588 0.700827 -0.198471
v -0.068967 0.713539 -0.257389
v -0.059315 0.700827 -0.221366
v -0.000000 0.713539 -0.266469
v -0.000000 0.700827 -0.229175
v -0.370765 0.881442 0.246084
v -0.298091 0.839589 0.423554
v -0.306186 0.868145 0.404618
v -0.302139 0.849952 0.422704
v -0.305102 0.860305 0.415773
v -0.216506 0.894035 0.473932
v -0.210775 0.865917 0.490540
v -0.215739 0.886854 0.484593
v -0.213641 0.876591 0.490672
v -0.112072 0.913333 0.517523
v -0.109102 0.883070 0.532645
v -0.111674 0.904936 0.527863
v -0.110587 0.893924 0.533398
v -0.000000 0.885931 0.547006
v -0.000000 0.916036 0.532393
v -0.000000 0.896773 0.547971
v -0.000000 0.907727 0.542622
v 0.112072 0.913333 0.517523
v 0.109102 0.883070 0.532645
v 0.111674 0.904936 0.527863
v 0.110587 0.893924 0.533398
v 0.216506 0.894035 0.473932
v 0.210775 0.865917 0.490540
v 0.215738 0.886854 0.484593
v 0.213641 0.876591 0.490672
v 0.298091 0.839589 0.423554
v 0.306186 0.868145 0.404618
v 0.302138 0.849952 0.422705
v 0.305101 0.860305 0.415773
v 0.370764 0.881442 0.246084
v -0.157533 1.158317 0.421426
v -0.130229 1.175062 0.435566
v -0.136635 1.165262 0.430893
v -0.157521 1.156153 0.440884
v -0.130227 1.173290 0.451505
v -0.136631 1.163284 0.448681
v 0.158112 1.156153 0.440884
v 0.130819 1.173290 0.451505
v 0.137223 1.163284 0.448681
v 0.158125 1.158317 0.421426
v 0.130820 1.175062 0.435566
v 0.137226 1.165262 0.430893
v -0.157505 1.164583 0.403925
v -0.130226 1.179587 0.422907
v -0.136627 1.170702 0.415677
v 0.158097 1.164583 0.403925
v 0.130818 1.179587 0.422907
v 0.137218 1.170702 0.415677
v -0.157437 1.174353 0.390031
v -0.130221 1.185796 0.414058
v -0.136607 1.178785 0.404165
v 0.158028 1.174353 0.390031
v 0.130812 1.185796 0.414058
v 0.137198 1.178785 0.404165
v -0.157344 1.186647 0.381137
v -0.130214 1.191894 0.409632
v -0.136580 1.188143 0.397379
v 0.157936 1.186647 0.381137
v 0.130805 1.191894 0.409632
v 0.137171 1.188143 0.397379
v -0.157244 1.200285 0.378018
v -0.130206 1.199175 0.407984
v -0.136550 1.198768 0.394968
v 0.157835 1.200285 0.378018
v 0.130798 1.199175 0.407984
v 0.137142 1.198768 0.394968
v -0.157473 1.329506 0.440901
v -0.130224 1.305501 0.451506
v -0.136617 1.317118 0.448686
v 0.158065 1.329506 0.440901
v 0.130815 1.305501 0.451506
v 0.137209 1.317118 0.448686
v 0.157992 1.327335 0.421466
v 0.130810 1.303729 0.435569
v 0.137187 1.315139 0.430904
v -0.157400 1.327335 0.421466
v -0.130218 1.303729 0.435569
v -0.136596 1.315139 0.430904
v 0.157906 1.321054 0.403960
v 0.130803 1.299202 0.422910
v 0.137162 1.309694 0.415688
v -0.157314 1.321054 0.403960
v -0.130212 1.299202 0.422910
v -0.136571 1.309694 0.415688
v 0.157833 1.311266 0.390076
v 0.130798 1.292992 0.414061
v 0.137141 1.301605 0.404178
v -0.157242 1.311266 0.390076
v -0.130206 1.292992 0.414061
v -0.136550 1.301605 0.404178
v 0.157795 1.298956 0.381174
v 0.130795 1.286892 0.409634
v 0.137130 1.292243 0.397390
v -0.157204 1.298956 0.381174
v -0.130203 1.286892 0.409634
v -0.136539 1.292243 0.397390
v 0.157803 1.285306 0.378100
v 0.130795 1.279611 0.407991
v 0.137132 1.281615 0.394992
v -0.157212 1.285306 0.378100
v -0.130204 1.279611 0.407991
v -0.136541 1.281615 0.394992
v -0.157476 1.156147 0.457039
v -0.130224 1.173290 0.465366
v -0.136618 1.163282 0.463744
v 0.158067 1.156147 0.457039
v 0.130815 1.173290 0.465366
v 0.137210 1.163282 0.463744
v 0.157994 1.158300 0.476531
v 0.130810 1.175061 0.481307
v 0.137188 1.165257 0.481542
v -0.157403 1.158300 0.476531
v -0.130218 1.175061 0.481307
v -0.136597 1.165257 0.481542
v 0.157910 1.164559 0.494133
v 0.130803 1.179585 0.493974
v 0.137163 1.170696 0.496786
v -0.157318 1.164559 0.494133
v -0.130212 1.179585 0.493974
v -0.136572 1.170696 0.496786
v 0.157837 1.174329 0.508120
v 0.130798 1.185794 0.502830
v 0.137142 1.178778 0.508327
v -0.157245 1.174329 0.508120
v -0.130206 1.185794 0.502830
v -0.136551 1.178778 0.508327
v 0.157797 1.186629 0.517083
v 0.130795 1.191893 0.507261
v 0.137130 1.188138 0.515133
v -0.157206 1.186629 0.517083
v -0.130204 1.191893 0.507261
v -0.136539 1.188138 0.515133
v 0.157784 1.200279 0.520100
v 0.130794 1.199174 0.508901
v 0.137127 1.198766 0.517514
v -0.157192 1.200279 0.520100
v -0.130202 1.199174 0.508901
v -0.136535 1.198766 0.517514
v 0.158110 1.329512 0.457024
v 0.130819 1.305501 0.465365
v 0.137222 1.317120 0.463739
v -0.157519 1.329512 0.457024
v -0.130227 1.305501 0.465365
v -0.136631 1.317120 0.463739
v -0.157531 1.327351 0.476480
v -0.130228 1.303730 0.481303
v -0.136634 1.315144 0.481527
v 0.158123 1.327351 0.476480
v 0.130820 1.303730 0.481303
v 0.137226 1.315144 0.481527
v -0.157503 1.321078 0.494038
v -0.130226 1.299204 0.493966
v -0.136626 1.309700 0.496759
v 0.158094 1.321078 0.494038
v 0.130817 1.299204 0.493966
v 0.137218 1.309700 0.496759
v -0.157435 1.311291 0.508033
v -0.130221 1.292993 0.502823
v -0.136606 1.301612 0.508301
v 0.158026 1.311291 0.508033
v 0.130812 1.292993 0.502823
v 0.137197 1.301612 0.508301
v -0.157343 1.298974 0.517024
v -0.130214 1.286894 0.507257
v -0.136579 1.292248 0.515115
v 0.157934 1.298974 0.517024
v 0.130805 1.286894 0.507257
v 0.137171 1.292248 0.515115
v -0.157261 1.285312 0.520147
v -0.130208 1.279612 0.508904
v -0.136555 1.281617 0.517527
v 0.157852 1.285312 0.520147
v 0.130799 1.279612 0.508904
v 0.137147 1.281617 0.517527
v -0.104436 0.964592 0.526481
v -0.102829 0.975052 0.544562
v -0.122166 0.977749 0.532986
v -0.120932 0.992118 0.548870
v -0.098210 1.034755 0.564807
v -0.118324 1.036563 0.557103
v -0.100916 1.010095 0.565292
v -0.119268 1.012833 0.558110
v -0.101718 0.989716 0.557647
v -0.144587 1.038581 0.533243
v -0.142394 1.013981 0.537000
v -0.134320 0.993584 0.537777
v -0.134319 1.037845 0.546266
v -0.132580 1.014026 0.549081
v -0.054802 1.255265 0.494956
v 0.000048 1.303416 0.484646
v -0.085184 1.285281 0.478240
v -0.148149 1.038735 0.310093
v -0.104250 0.960006 0.317275
v -0.123471 0.973601 0.314553
v -0.146558 1.014746 0.310926
v -0.138063 0.992412 0.312391
v 0.104569 0.964612 0.526391
v 0.122137 0.977689 0.532922
v 0.102885 0.975117 0.544607
v 0.120936 0.992118 0.548870
v 0.144590 1.038581 0.533243
v 0.134322 1.037845 0.546266
v 0.142386 1.014117 0.537062
v 0.132629 1.014091 0.549047
v 0.134275 0.993540 0.537807
v 0.098213 1.034755 0.564807
v 0.100801 1.009941 0.565307
v 0.101660 0.989749 0.557692
v 0.118328 1.036563 0.557103
v 0.119313 1.012776 0.558081
v 0.054805 1.255265 0.494956
v 0.085156 1.285282 0.478259
v 0.148152 1.038735 0.310093
v 0.104253 0.960006 0.317275
v 0.123474 0.973601 0.314553
v 0.146561 1.014746 0.310926
v 0.138066 0.992412 0.312391
v 0.462921 1.020848 0.015805
v 0.428361 0.907512 -0.077640
v 0.396676 0.924972 -0.077640
v 0.374300 0.956514 -0.077640
v 0.364639 0.997335 -0.077640
v 0.369165 1.041220 -0.077640
v 0.387188 1.081489 -0.077640
v 0.415965 1.112011 -0.077640
v 0.451114 1.128139 -0.077640
v 0.506690 1.120432 -0.077640
v 0.567979 1.137556 -0.043777
v 0.559857 1.105923 -0.068956
v 0.551587 1.051802 -0.077640
v 0.546481 0.993709 -0.077640
v 0.528457 0.953440 -0.077640
v 0.499681 0.922918 -0.077640
v 0.464531 0.906790 -0.077640
v 0.416751 0.864182 -0.019925
v 0.416751 0.864182 0.019929
v 0.372580 0.888524 0.019929
v 0.372580 0.888524 -0.019925
v 0.341386 0.932495 0.019929
v 0.341386 0.932495 -0.019925
v 0.327918 0.989402 0.019929
v 0.327918 0.989402 -0.019925
v 0.334228 1.050582 0.019929
v 0.334228 1.050582 -0.019925
v 0.359353 1.106720 0.019929
v 0.359353 1.106720 -0.019925
v 0.399470 1.149269 0.019929
v 0.399470 1.149269 -0.019925
v 0.448471 1.171753 0.019929
v 0.448471 1.171753 -0.019925
v 0.518300 1.163761 0.019929
v 0.518300 1.163761 -0.019925
v 0.583455 1.160964 0.009764
v 0.583455 1.160964 -0.015832
v 0.590518 1.118124 0.016361
v 0.590518 1.118124 -0.018489
v 0.589117 1.053487 0.019929
v 0.589117 1.053487 -0.019925
v 0.581418 0.984348 0.019929
v 0.581418 0.984348 -0.019925
v 0.556292 0.928209 0.019929
v 0.556292 0.928209 -0.019925
v 0.516176 0.885660 0.019929
v 0.516176 0.885660 -0.019925
v 0.467175 0.863177 0.019929
v 0.467175 0.863177 -0.019925
v 0.000002 0.944948 0.332046
v 0.000002 0.951777 0.538483
v 0.000002 0.963286 0.558199
v 0.000002 0.980548 0.573066
v 0.000002 1.003823 0.579341
v 0.000002 1.029002 0.576932
v 0.000002 1.255483 0.505796
v 0.208846 0.892811 0.394585
v 0.220002 0.996578 0.455517
v 0.245190 0.870564 0.391671
v 0.266779 0.851855 0.407547
v 0.260966 0.848366 0.432911
v 0.231157 0.854694 0.452907
v 0.194813 0.859068 0.455820
v 0.173224 0.875925 0.439945
v 0.179037 0.888309 0.414581
v 0.209145 0.937944 0.408587
v 0.212300 0.969124 0.427040
v 0.237392 0.965481 0.425028
v 0.244516 0.927179 0.405751
v 0.252296 0.958078 0.435988
v 0.265527 0.910128 0.421201
v 0.248283 0.948841 0.453500
v 0.259869 0.908214 0.445887
v 0.227703 0.944968 0.467305
v 0.230858 0.900035 0.465347
v 0.202611 0.951811 0.469316
v 0.195487 0.908730 0.468182
v 0.187707 0.962574 0.458356
v 0.174476 0.926037 0.452732
v 0.191720 0.968713 0.440845
v 0.180134 0.935968 0.428047
v -0.208843 0.892813 0.394585
v -0.219999 0.996579 0.455517
v -0.179034 0.888310 0.414581
v -0.173221 0.875927 0.439945
v -0.194810 0.859069 0.455820
v -0.231154 0.854694 0.452907
v -0.260963 0.848367 0.432911
v -0.266776 0.851856 0.407546
v -0.245187 0.870566 0.391671
v -0.209142 0.937945 0.408587
v -0.212297 0.969125 0.427040
v -0.191717 0.968714 0.440845
v -0.180131 0.935970 0.428047
v -0.187704 0.962575 0.458356
v -0.174473 0.926038 0.452732
v -0.202608 0.951812 0.469316
v -0.195484 0.908731 0.468182
v -0.227700 0.944969 0.467305
v -0.230855 0.900036 0.465347
v -0.248280 0.948841 0.453500
v -0.259866 0.908216 0.445887
v -0.252293 0.958078 0.435988
v -0.265524 0.910129 0.421201
v -0.237389 0.965481 0.425028
v -0.244513 0.927181 0.405751
v 0.420751 0.879110 0.043698
v 0.380881 0.901081 0.043698
v 0.352725 0.940770 0.043698
v 0.340569 0.992135 0.043698
v 0.346264 1.047357 0.043698
v 0.368943 1.098027 0.043698
v 0.405153 1.136433 0.043698
v 0.449381 1.156727 0.043698
v 0.514300 1.148833 0.043698
v 0.578123 1.152900 0.036511
v 0.579955 1.113921 0.043251
v 0.576187 1.052906 0.043698
v 0.569381 0.987573 0.043698
v 0.546703 0.936902 0.043698
v 0.510493 0.898496 0.043698
v 0.466264 0.878202 0.043698
v -0.462398 1.020848 0.015805
v -0.427838 0.907512 -0.077640
v -0.396153 0.924972 -0.077640
v -0.373777 0.956514 -0.077640
v -0.364116 0.997335 -0.077640
v -0.368642 1.041220 -0.077640
v -0.386665 1.081489 -0.077640
v -0.415442 1.112011 -0.077640
v -0.450591 1.128139 -0.077640
v -0.506167 1.120432 -0.077640
v -0.567456 1.137556 -0.043777
v -0.559334 1.105923 -0.068956
v -0.551064 1.051802 -0.077640
v -0.527934 0.953440 -0.077640
v -0.499158 0.922918 -0.077640
v -0.464008 0.906790 -0.077640
v -0.416228 0.864182 -0.019925
v -0.416228 0.864182 0.019929
v -0.372057 0.888524 0.019929
v -0.372057 0.888524 -0.019925
v -0.340863 0.932495 0.019929
v -0.340863 0.932495 -0.019925
v -0.327395 0.989402 0.019929
v -0.327395 0.989402 -0.019925
v -0.333705 1.050582 0.019929
v -0.333705 1.050582 -0.019925
v -0.358830 1.106720 0.019929
v -0.358830 1.106720 -0.019925
v -0.398947 1.149269 0.019929
v -0.398947 1.149269 -0.019925
v -0.447948 1.171753 0.019929
v -0.447948 1.171753 -0.019925
v -0.517777 1.163761 0.019929
v -0.517777 1.163761 -0.019925
v -0.582932 1.160964 0.009764
v -0.582932 1.160964 -0.015832
v -0.589995 1.118124 0.016361
v -0.589995 1.118124 -0.018489
v -0.588594 1.053487 0.019929
v -0.588594 1.053487 -0.019925
v -0.555769 0.928209 0.019929
v -0.555769 0.928209 -0.019925
v -0.515653 0.885660 0.019929
v -0.515653 0.885660 -0.019925
v -0.466652 0.863177 0.019929
v -0.466652 0.863177 -0.019925
v -0.420228 0.879110 0.043698
v -0.380358 0.901081 0.043698
v -0.352202 0.940770 0.043698
v -0.340046 0.992135 0.043698
v -0.345741 1.047357 0.043698
v -0.368420 1.098027 0.043698
v -0.404630 1.136433 0.043698
v -0.448858 1.156727 0.043698
v -0.513777 1.148833 0.043698
v -0.577600 1.152900 0.036511
v -0.579432 1.113921 0.043251
v -0.575664 1.052906 0.043698
v -0.546180 0.936902 0.043698
v -0.509970 0.898496 0.043698
v -0.465741 0.878202 0.043698
v -0.536592 0.998188 -0.075187
v -0.583236 1.005079 0.019929
v -0.574989 0.970654 0.019929
v -0.556659 0.990705 0.019929
v -0.574989 0.970654 -0.019925
v -0.583236 1.005079 -0.019925
v -0.556659 0.990705 -0.019925
v -0.562952 0.973879 0.043698
v -0.571130 1.008314 0.043698
v -0.543459 0.994519 0.032154
v 0.127205 1.298692 -0.474734
v 0.245741 1.298692 -0.425635
v 0.347530 1.298692 -0.347530
v 0.425635 1.298692 -0.245741
v 0.474734 1.298692 -0.127205
v 0.491481 1.298692 0.000000
v 0.474734 1.298692 0.127205
v 0.425635 1.298692 0.245741
v 0.347530 1.298692 0.347530
v 0.245740 1.298692 0.425635
v -0.245741 1.298692 0.425635
v -0.347530 1.298692 0.347530
v -0.425635 1.298692 0.245741
v -0.474734 1.298692 0.127205
v -0.491481 1.298692 0.000000
v -0.474734 1.298692 -0.127205
v -0.425635 1.298692 -0.245741
v -0.347530 1.298692 -0.347530
v -0.245741 1.298692 -0.425635
v -0.127205 1.298692 -0.474734
v -0.000000 1.298692 -0.491481
v -0.000000 1.691979 -0.266637
v -0.000000 1.743021 -0.269664
v 0.038710 1.693359 -0.259215
v 0.040589 1.745384 -0.260976
v 0.071113 1.698337 -0.237910
v 0.074277 1.750837 -0.241304
v 0.092509 1.707506 -0.205734
v 0.095556 1.753222 -0.218777
v 0.100071 1.717345 -0.168929
v 0.102174 1.760164 -0.185177
v 0.092454 1.726964 -0.132475
v 0.094200 1.770302 -0.147663
v 0.070761 1.735084 -0.101555
v 0.072098 1.778580 -0.116116
v 0.038296 1.740510 -0.080884
v 0.039019 1.784089 -0.095028
v -0.000000 1.742417 -0.073624
v -0.000000 1.786031 -0.087622
v -0.038296 1.740510 -0.080884
v -0.039019 1.784089 -0.095028
v -0.070761 1.735084 -0.101555
v -0.072098 1.778580 -0.116116
v -0.092454 1.726964 -0.132475
v -0.094201 1.770302 -0.147663
v -0.100072 1.717345 -0.168929
v -0.102174 1.760164 -0.185177
v -0.092509 1.707506 -0.205734
v -0.095556 1.753222 -0.218777
v -0.071113 1.698337 -0.237910
v -0.074277 1.750837 -0.241305
v -0.038710 1.693359 -0.259215
v -0.040589 1.745384 -0.260976
v 0.028182 1.793746 -0.238840
v -0.000000 1.791288 -0.243327
v 0.051428 1.798888 -0.228185
v 0.066535 1.801259 -0.215221
v 0.071176 1.803803 -0.197431
v 0.065095 1.808915 -0.174710
v 0.049582 1.815011 -0.153092
v 0.026823 1.818853 -0.138513
v -0.000000 1.820193 -0.133418
v -0.026824 1.818853 -0.138513
v -0.049583 1.815011 -0.153092
v -0.065095 1.808915 -0.174710
v -0.071176 1.803803 -0.197431
v -0.066535 1.801259 -0.215221
v -0.051429 1.798888 -0.228185
v -0.028182 1.793746 -0.238840
v 0.044743 1.827584 -0.272021
v -0.000000 1.821698 -0.274398
v 0.080822 1.835374 -0.264710
v 0.104269 1.846035 -0.245173
v 0.111439 1.854468 -0.216147
v 0.101945 1.861714 -0.181330
v 0.077596 1.871545 -0.147518
v 0.041960 1.880151 -0.122635
v -0.000000 1.883053 -0.113616
v -0.041960 1.880151 -0.122635
v -0.077596 1.871545 -0.147518
v -0.101946 1.861714 -0.181330
v -0.111439 1.854468 -0.216147
v -0.104270 1.846035 -0.245173
v -0.080822 1.835374 -0.264710
v -0.044743 1.827584 -0.272021
v 0.043206 1.850555 -0.280195
v -0.000000 1.841289 -0.282631
v 0.075007 1.871725 -0.277581
v 0.093883 1.897688 -0.268254
v 0.098814 1.922568 -0.244724
v 0.090125 1.941879 -0.212122
v 0.068968 1.959299 -0.181015
v 0.037325 1.973381 -0.158263
v -0.000000 1.978551 -0.148016
v -0.037325 1.973381 -0.158263
v -0.068968 1.959299 -0.181015
v -0.090126 1.941879 -0.212122
v -0.098814 1.922568 -0.244724
v -0.093883 1.897688 -0.268254
v -0.075007 1.871725 -0.277581
v -0.043206 1.850555 -0.280195
v 0.047006 1.821667 -0.324052
v -0.000000 1.812315 -0.317026
v 0.083438 1.852067 -0.339523
v 0.104660 1.894418 -0.355712
v 0.113568 1.945447 -0.363450
v 0.099229 1.994181 -0.349691
v 0.070868 2.027575 -0.318728
v 0.037628 2.042449 -0.286553
v -0.000000 2.045733 -0.274898
v -0.037628 2.042449 -0.286553
v -0.070868 2.027575 -0.318728
v -0.099230 1.994181 -0.349691
v -0.113568 1.945447 -0.363450
v -0.104660 1.894418 -0.355712
v -0.083438 1.852067 -0.339523
v -0.047006 1.821667 -0.324052
v 0.028686 1.764402 -0.363789
v -0.000000 1.761270 -0.359172
v 0.052873 1.773114 -0.375525
v 0.068926 1.785838 -0.393058
v 0.074136 1.801759 -0.414149
v 0.067987 1.818334 -0.434576
v 0.051528 1.835177 -0.452592
v 0.027557 1.849089 -0.463850
v -0.000000 1.857691 -0.467432
v -0.027558 1.849089 -0.463850
v -0.051528 1.835177 -0.452592
v -0.067987 1.818334 -0.434576
v -0.074136 1.801759 -0.414149
v -0.068926 1.785838 -0.393058
v -0.052873 1.773114 -0.375525
v -0.028686 1.764402 -0.363789
v 0.020086 1.725657 -0.401781
v -0.000000 1.722904 -0.398726
v 0.037081 1.733058 -0.409072
v 0.048401 1.744002 -0.420607
v 0.052268 1.757748 -0.434186
v 0.048193 1.772151 -0.448419
v 0.036775 1.785426 -0.461113
v 0.019852 1.794676 -0.469830
v -0.000000 1.798781 -0.473385
v -0.019852 1.794676 -0.469830
v -0.036775 1.785426 -0.461113
v -0.048193 1.772151 -0.448419
v -0.052268 1.757748 -0.434186
v -0.048401 1.744002 -0.420607
v -0.037081 1.733058 -0.409072
v -0.020086 1.725657 -0.401781
v 0.012360 1.690984 -0.470331
v -0.000000 1.689044 -0.469351
v 0.022838 1.696508 -0.473121
v 0.029839 1.704775 -0.477297
v 0.032297 1.714525 -0.482223
v 0.029839 1.724277 -0.487149
v 0.022838 1.732543 -0.491325
v 0.012360 1.738067 -0.494116
v -0.000000 1.740007 -0.495096
v -0.012360 1.738067 -0.494116
v -0.022838 1.732543 -0.491325
v -0.029839 1.724277 -0.487149
v -0.032298 1.714525 -0.482223
v -0.029839 1.704775 -0.477297
v -0.022838 1.696508 -0.473121
v -0.012360 1.690984 -0.470331
v -0.000000 1.671331 -0.525029
v 0.096295 1.868674 -0.406710
v 0.088383 1.903993 -0.420249
v -0.096296 1.868674 -0.406710
v -0.088951 1.836150 -0.385159
v 0.065441 1.934378 -0.423706
v -0.069967 1.807707 -0.363845
v 0.035179 1.954505 -0.424449
v -0.038657 1.787945 -0.348154
v -0.000000 1.962196 -0.425029
v -0.000000 1.781747 -0.342940
v 0.038657 1.787945 -0.348154
v -0.035179 1.954505 -0.424449
v 0.069967 1.807707 -0.363845
v -0.065441 1.934378 -0.423706
v 0.088951 1.836150 -0.385159
v -0.088383 1.903993 -0.420250
v -0.081629 1.860128 -0.306424
v -0.045774 1.835141 -0.300491
v 0.041326 2.020347 -0.210751
v -0.000000 2.027859 -0.199697
v -0.000000 1.825967 -0.298270
v 0.045774 1.835141 -0.300491
v -0.041327 2.020347 -0.210751
v 0.081628 1.860128 -0.306424
v -0.077100 2.001246 -0.239911
v 0.105519 1.894396 -0.308774
v -0.102155 1.971253 -0.274416
v 0.112453 1.934137 -0.299641
v -0.112454 1.934137 -0.299641
v 0.102155 1.971253 -0.274416
v -0.105520 1.894396 -0.308774
v 0.077100 2.001246 -0.239911
v 0.103144 1.953234 -0.387286
v -0.105082 1.861476 -0.371262
v 0.077821 1.991647 -0.372302
v -0.081630 1.824938 -0.351013
v 0.041701 2.011799 -0.354535
v -0.044650 1.800469 -0.334998
v -0.000000 2.018086 -0.348192
v 0.044650 1.800469 -0.334998
v -0.041701 2.011799 -0.354535
v 0.081630 1.824938 -0.351013
v -0.077821 1.991647 -0.372302
v 0.105082 1.861476 -0.371262
v -0.103144 1.953234 -0.387286
v 0.112874 1.906436 -0.387205
v -0.112874 1.906436 -0.387205
v -0.000000 1.792843 -0.328871
v -0.051038 0.720502 0.525294
v -0.051038 0.864803 0.545887
v -0.051038 0.734514 0.481174
v -0.051038 0.878815 0.501767
v 0.051038 0.720502 0.525294
v 0.051038 0.864803 0.545887
v 0.051038 0.734514 0.481174
v 0.051038 0.878815 0.501767
v -0.062509 0.711972 0.498300
v -0.062509 0.773649 0.547630
v -0.062509 0.878576 0.525976
v -0.062509 0.790809 0.493594
v -0.000000 0.711291 0.468341
v -0.000000 0.871809 0.494084
v 0.062509 0.790809 0.493594
v 0.062509 0.711972 0.498300
v 0.062509 0.878576 0.525976
v 0.062509 0.773649 0.547630
v -0.000000 0.694131 0.522377
v -0.000000 0.854649 0.548120
v -0.000000 0.870831 0.523516
v -0.000000 0.667642 0.484222
v -0.000000 0.755688 0.554246
v 0.088401 0.796635 0.525187
v -0.000000 0.779957 0.477827
v -0.088401 0.796635 0.525187
v 0.488248 1.085085 0.071453
v 0.445616 0.954164 0.063555
v 0.399528 0.851961 0.066143
v 0.471611 1.088882 0.131977
v 0.430432 0.960650 0.166927
v 0.368922 0.834313 0.130579
v 0.339797 0.852891 0.261384
v -0.339797 0.852891 0.261384
v -0.471611 1.088882 0.131977
v -0.430432 0.960650 0.166927
v -0.368922 0.834313 0.130579
v -0.488248 1.085085 0.071453
v -0.445616 0.954164 0.063555
v -0.399529 0.851961 0.066142
v 0.456815 0.851961 0.066143
v 0.509511 0.954164 0.063555
v 0.492150 0.960650 0.166927
v 0.421820 0.834313 0.130579
v 0.388519 0.852891 0.261384
v -0.492150 0.960650 0.166927
v -0.421820 0.834313 0.130579
v -0.388519 0.852891 0.261383
v -0.509511 0.954164 0.063555
v -0.456815 0.851961 0.066142
vt 0.375000 0.201524
vt 0.375000 0.048476
vt 0.423476 0.048476
vt 0.423476 0.201524
vt 0.576524 0.701524
vt 0.625000 0.701524
vt 0.625000 0.743171
vt 0.576524 0.750000
vt 0.173476 0.548476
vt 0.173476 0.701524
vt 0.125000 0.701524
vt 0.125000 0.548476
vt 0.423476 0.000000
vt 0.576524 0.000000
vt 0.576524 0.048476
vt 0.604512 0.000000
vt 0.625000 0.048476
vt 0.423476 0.701524
vt 0.423476 0.750000
vt 0.381829 0.750000
vt 0.375000 0.701524
vt 0.826524 0.701524
vt 0.875000 0.701524
vt 0.875000 0.729512
vt 0.826524 0.750000
vt 0.423476 0.951524
vt 0.423476 1.000000
vt 0.395488 1.000000
vt 0.375000 0.951524
vt 0.576524 0.951524
vt 0.625000 0.951524
vt 0.625000 0.979512
vt 0.576524 1.000000
vt 0.173476 0.750000
vt 0.145488 0.750000
vt 0.423476 0.798476
vt 0.576524 0.798476
vt 0.423476 0.548476
vt 0.576524 0.548476
vt 0.673476 0.548476
vt 0.826524 0.548476
vt 0.673476 0.701524
vt 0.875000 0.548476
vt 0.625000 0.798476
vt 0.673476 0.750000
vt 0.326524 0.701524
vt 0.326524 0.750000
vt 0.375000 0.798476
vt 0.576524 0.201524
vt 0.375000 0.020488
vt 0.625000 0.201524
vt 0.326524 0.548476
vt 0.375000 0.548476
vt 0.625000 0.548476
vt 0.375000 0.201524
vt 0.375000 0.048476
vt 0.423476 0.048476
vt 0.423476 0.201524
vt 0.576524 0.701524
vt 0.625000 0.701524
vt 0.625000 0.743171
vt 0.576524 0.750000
vt 0.173476 0.548476
vt 0.173476 0.701524
vt 0.125000 0.701524
vt 0.125000 0.548476
vt 0.423476 0.000000
vt 0.576524 0.000000
vt 0.576524 0.048476
vt 0.604512 0.000000
vt 0.625000 0.048476
vt 0.423476 0.701524
vt 0.423476 0.750000
vt 0.381829 0.750000
vt 0.375000 0.701524
vt 0.826524 0.701524
vt 0.875000 0.701524
vt 0.875000 0.729512
vt 0.826524 0.750000
vt 0.423476 0.951524
vt 0.423476 1.000000
vt 0.395488 1.000000
vt 0.375000 0.951524
vt 0.576524 0.951524
vt 0.625000 0.951524
vt 0.625000 0.979512
vt 0.576524 1.000000
vt 0.173476 0.750000
vt 0.145488 0.750000
vt 0.423476 0.798476
vt 0.576524 0.798476
vt 0.423476 0.548476
vt 0.576524 0.548476
vt 0.673476 0.548476
vt 0.826524 0.548476
vt 0.673476 0.701524
vt 0.875000 0.548476
vt 0.625000 0.798476
vt 0.673476 0.750000
vt 0.326524 0.701524
vt 0.326524 0.750000
vt 0.375000 0.798476
vt 0.576524 0.201524
vt 0.375000 0.020488
vt 0.625000 0.201524
vt 0.326524 0.548476
vt 0.375000 0.548476
vt 0.625000 0.548476
vt 0.864190 0.610799
vt 0.864190 0.639201
vt 0.822903 0.639201
vt 0.822903 0.610799
vt 0.438693 0.610799
vt 0.561307 0.610799
vt 0.561307 0.639201
vt 0.438693 0.639201
vt 0.561307 0.989190
vt 0.438693 0.989190
vt 0.438693 0.947903
vt 0.561307 0.947903
vt 0.561307 0.260810
vt 0.561307 0.302097
vt 0.438693 0.302097
vt 0.438693 0.260810
vt 0.438693 0.110799
vt 0.561307 0.110799
vt 0.561307 0.139201
vt 0.438693 0.139201
vt 0.322903 0.610799
vt 0.364190 0.610799
vt 0.364190 0.639201
vt 0.322903 0.639201
vt 0.135682 0.674552
vt 0.177097 0.673446
vt 0.177097 0.704316
vt 0.135844 0.702816
vt 0.177097 0.750000
vt 0.135831 0.750000
vt 0.418485 0.989346
vt 0.419007 0.947903
vt 0.135810 0.639201
vt 0.131655 0.673296
vt 0.131451 0.639201
vt 0.132367 0.697827
vt 0.132367 0.750000
vt 0.402092 0.989169
vt 0.401262 0.947903
vt 0.438693 0.993549
vt 0.419144 0.993337
vt 0.438693 1.000000
vt 0.419093 1.000000
vt 0.580993 0.947903
vt 0.581629 0.989318
vt 0.404992 0.992633
vt 0.404992 1.000000
vt 0.419007 0.110799
vt 0.418371 0.075646
vt 0.438693 0.076554
vt 0.401262 0.110799
vt 0.402124 0.076792
vt 0.375000 0.110799
vt 0.375000 0.076704
vt 0.419094 0.047128
vt 0.438693 0.045684
vt 0.404992 0.052173
vt 0.375000 0.052173
vt 0.125000 0.697827
vt 0.598738 0.947903
vt 0.597876 0.989156
vt 0.822903 0.704316
vt 0.625000 0.989169
vt 0.822903 0.750000
vt 0.864346 0.674354
vt 0.822903 0.673446
vt 0.580907 0.993345
vt 0.561307 0.993549
vt 0.595008 0.992633
vt 0.625000 0.992633
vt 0.864169 0.702872
vt 0.868549 0.639201
vt 0.868337 0.673208
vt 0.875000 0.639201
vt 0.875000 0.673296
vt 0.177097 0.610799
vt 0.135810 0.610799
vt 0.135654 0.575646
vt 0.177097 0.576554
vt 0.867633 0.697827
vt 0.875000 0.697827
vt 0.561307 0.076554
vt 0.581515 0.075448
vt 0.580993 0.110799
vt 0.561307 0.045684
vt 0.580856 0.047184
vt 0.561307 0.000000
vt 0.580907 0.000000
vt 0.597908 0.076704
vt 0.598738 0.110799
vt 0.595008 0.052173
vt 0.595008 0.000000
vt 0.595008 1.000000
vt 0.135831 0.547128
vt 0.177097 0.545684
vt 0.131451 0.610799
vt 0.131663 0.576792
vt 0.125000 0.610799
vt 0.125000 0.576704
vt 0.419007 0.302097
vt 0.418372 0.260682
vt 0.132367 0.552173
vt 0.125000 0.552173
vt 0.438693 0.173446
vt 0.418485 0.174552
vt 0.419007 0.139201
vt 0.438693 0.204316
vt 0.419144 0.202815
vt 0.438693 0.256451
vt 0.419094 0.256655
vt 0.402092 0.173296
vt 0.401262 0.139201
vt 0.404992 0.197827
vt 0.404992 0.257367
vt 0.401262 0.302097
vt 0.402124 0.260844
vt 0.375000 0.260831
vt 0.177097 0.500000
vt 0.822903 0.576554
vt 0.864318 0.575448
vt 0.375000 0.257367
vt 0.132367 0.500000
vt 0.822903 0.545684
vt 0.864156 0.547184
vt 0.822903 0.500000
vt 0.864169 0.500000
vt 0.581515 0.260654
vt 0.580993 0.302097
vt 0.868345 0.576704
vt 0.868549 0.610799
vt 0.867633 0.552173
vt 0.867633 0.500000
vt 0.597908 0.260831
vt 0.598738 0.302097
vt 0.561307 0.256451
vt 0.580856 0.256663
vt 0.561307 0.204316
vt 0.580907 0.202872
vt 0.177097 0.639201
vt 0.595008 0.257367
vt 0.595008 0.197827
vt 0.580993 0.139201
vt 0.581629 0.174354
vt 0.561307 0.173446
vt 0.598738 0.139201
vt 0.597876 0.173208
vt 0.625000 0.139201
vt 0.625000 0.173296
vt 0.625000 0.197827
vt 0.875000 0.552173
vt 0.322903 0.673446
vt 0.364346 0.674354
vt 0.364169 0.702872
vt 0.322903 0.704316
vt 0.368549 0.639201
vt 0.368337 0.673208
vt 0.401262 0.639201
vt 0.402092 0.673296
vt 0.419007 0.802097
vt 0.418372 0.760682
vt 0.438693 0.760810
vt 0.438693 0.802097
vt 0.367633 0.697827
vt 0.404992 0.697827
vt 0.438693 0.673446
vt 0.418485 0.674552
vt 0.419007 0.639201
vt 0.438693 0.704316
vt 0.419144 0.702816
vt 0.438693 0.756451
vt 0.419093 0.756655
vt 0.404992 0.757367
vt 0.401262 0.802097
vt 0.402124 0.760844
vt 0.375000 0.760831
vt 0.322903 0.750000
vt 0.635810 0.639201
vt 0.677097 0.639201
vt 0.677097 0.673446
vt 0.635682 0.674552
vt 0.375000 0.757367
vt 0.375000 0.697827
vt 0.367633 0.750000
vt 0.677097 0.704316
vt 0.635844 0.702816
vt 0.677097 0.750000
vt 0.635831 0.750000
vt 0.581515 0.760654
vt 0.580993 0.802097
vt 0.561307 0.802097
vt 0.561307 0.760810
vt 0.631655 0.673296
vt 0.631451 0.639201
vt 0.632367 0.697827
vt 0.632367 0.750000
vt 0.597908 0.760831
vt 0.598738 0.802097
vt 0.561307 0.756451
vt 0.580856 0.756663
vt 0.561307 0.704316
vt 0.580907 0.702872
vt 0.322903 0.576554
vt 0.364318 0.575448
vt 0.595008 0.757367
vt 0.595008 0.697827
vt 0.580993 0.639201
vt 0.581629 0.674354
vt 0.561307 0.673446
vt 0.598738 0.639201
vt 0.597876 0.673208
vt 0.625000 0.697827
vt 0.322903 0.545684
vt 0.364156 0.547184
vt 0.322903 0.500000
vt 0.364169 0.500000
vt 0.418485 0.489346
vt 0.419007 0.447903
vt 0.438693 0.447903
vt 0.438693 0.489190
vt 0.368345 0.576704
vt 0.368549 0.610799
vt 0.367633 0.552173
vt 0.367633 0.500000
vt 0.402092 0.489169
vt 0.401262 0.447903
vt 0.438693 0.493549
vt 0.419144 0.493337
vt 0.438693 0.545684
vt 0.419094 0.547128
vt 0.677097 0.610799
vt 0.635810 0.610799
vt 0.635654 0.575646
vt 0.677097 0.576554
vt 0.404992 0.492633
vt 0.404992 0.552173
vt 0.419007 0.610799
vt 0.418371 0.575646
vt 0.438693 0.576554
vt 0.401262 0.610799
vt 0.402124 0.576792
vt 0.375000 0.552173
vt 0.635832 0.547128
vt 0.677097 0.545684
vt 0.631451 0.610799
vt 0.631663 0.576792
vt 0.598738 0.610799
vt 0.597908 0.576704
vt 0.580993 0.447903
vt 0.581629 0.489318
vt 0.561307 0.489190
vt 0.561307 0.447903
vt 0.632367 0.552173
vt 0.595008 0.552173
vt 0.561307 0.576554
vt 0.581515 0.575448
vt 0.580993 0.610799
vt 0.561307 0.545684
vt 0.580856 0.547185
vt 0.561307 0.493549
vt 0.580907 0.493345
vt 0.595008 0.492633
vt 0.598738 0.447903
vt 0.597876 0.489156
vt 0.625000 0.489169
vt 0.677097 0.500000
vt 0.625000 0.492633
vt 0.625000 0.552173
vt 0.632367 0.500000
vt 0.125000 0.639201
vt 0.561307 1.000000
vt 0.875000 0.610799
vt 0.213549 0.636084
vt 0.201980 0.639201
vt 0.201962 0.610799
vt 0.213549 0.607609
vt 0.298038 0.610799
vt 0.298043 0.576554
vt 0.580993 0.827032
vt 0.561307 0.827064
vt 0.580993 0.922968
vt 0.561307 0.922936
vt 0.598738 0.826996
vt 0.598738 0.923004
vt 0.701969 0.704316
vt 0.701996 0.750000
vt 0.798031 0.704316
vt 0.798004 0.750000
vt 0.701958 0.673446
vt 0.798037 0.639201
vt 0.798042 0.673446
vt 0.438693 0.827091
vt 0.419007 0.922914
vt 0.438693 0.922909
vt 0.419007 0.827086
vt 0.401262 0.922930
vt 0.401262 0.827070
vt 0.202042 0.704316
vt 0.202070 0.750000
vt 0.297958 0.704316
vt 0.297930 0.750000
vt 0.202009 0.673446
vt 0.298020 0.639201
vt 0.297991 0.673446
vt 0.580993 0.327087
vt 0.561307 0.327084
vt 0.580993 0.422913
vt 0.561307 0.422916
vt 0.598738 0.327072
vt 0.598738 0.422928
vt 0.797957 0.545684
vt 0.797928 0.500000
vt 0.702043 0.545684
vt 0.702072 0.500000
vt 0.797990 0.576554
vt 0.701981 0.610799
vt 0.701963 0.639201
vt 0.702010 0.576554
vt 0.438693 0.327071
vt 0.419007 0.422968
vt 0.438693 0.422929
vt 0.419007 0.327032
vt 0.401262 0.423005
vt 0.401262 0.326995
vt 0.298032 0.545684
vt 0.298005 0.500000
vt 0.201968 0.545684
vt 0.201995 0.500000
vt 0.201957 0.576554
vt 0.798019 0.610799
vt 0.287878 0.602908
vt 0.285519 0.636558
vt 0.286451 0.636084
vt 0.286451 0.607609
vt 0.563269 0.838549
vt 0.583485 0.838549
vt 0.338467 0.636351
vt 0.339878 0.606598
vt 0.587207 0.770416
vt 0.571193 0.775058
vt 0.563269 0.911451
vt 0.583485 0.911451
vt 0.598738 0.838549
vt 0.580939 0.823981
vt 0.601064 0.816624
vt 0.607132 0.753400
vt 0.598738 0.911451
vt 0.713549 0.737394
vt 0.713549 0.704316
vt 0.629340 0.791495
vt 0.636200 0.716396
vt 0.630418 0.801510
vt 0.786451 0.737394
vt 0.786451 0.704316
vt 0.713549 0.696840
vt 0.713549 0.669730
vt 0.650534 0.854297
vt 0.673913 0.738436
vt 0.655678 0.676728
vt 0.786451 0.696840
vt 0.786451 0.669730
vt 0.713549 0.636080
vt 0.704592 0.686246
vt 0.661716 0.639870
vt 0.786451 0.636080
vt 0.439768 0.911451
vt 0.422398 0.911451
vt 0.714414 0.642984
vt 0.368763 0.789054
vt 0.400404 0.806679
vt 0.439768 0.838549
vt 0.422398 0.838549
vt 0.415655 0.911451
vt 0.402153 0.911451
vt 0.417694 0.765520
vt 0.394630 0.755237
vt 0.332890 0.757063
vt 0.380198 0.880955
vt 0.223867 0.758108
vt 0.415655 0.838549
vt 0.402153 0.838549
vt 0.213549 0.740788
vt 0.213549 0.701205
vt 0.293108 0.754447
vt 0.393969 0.821823
vt 0.370043 0.734478
vt 0.301125 0.714499
vt 0.286451 0.740788
vt 0.286451 0.701205
vt 0.213549 0.669953
vt 0.348777 0.703286
vt 0.287336 0.675633
vt 0.286451 0.669953
vt 0.339612 0.670926
vt 0.562347 0.338549
vt 0.578729 0.338549
vt 0.630729 0.454388
vt 0.598575 0.436365
vt 0.562347 0.411451
vt 0.578729 0.411451
vt 0.582328 0.338549
vt 0.595821 0.338549
vt 0.582079 0.479417
vt 0.605489 0.489839
vt 0.668572 0.487905
vt 0.596455 0.350699
vt 0.752678 0.473460
vt 0.582328 0.411451
vt 0.595821 0.411451
vt 0.786451 0.500000
vt 0.786451 0.541473
vt 0.691759 0.485444
vt 0.590969 0.418115
vt 0.631308 0.511332
vt 0.701780 0.531964
vt 0.713549 0.500000
vt 0.713549 0.541473
vt 0.786451 0.573576
vt 0.653425 0.543389
vt 0.715365 0.571071
vt 0.713549 0.573576
vt 0.786451 0.607823
vt 0.662378 0.575982
vt 0.716819 0.609815
vt 0.713549 0.607823
vt 0.440256 0.411451
vt 0.421623 0.411451
vt 0.663218 0.610392
vt 0.415688 0.474262
vt 0.431091 0.470075
vt 0.440256 0.338549
vt 0.421623 0.338549
vt 0.406232 0.411451
vt 0.422469 0.419254
vt 0.403411 0.425866
vt 0.396496 0.490475
vt 0.406232 0.338549
vt 0.286451 0.500000
vt 0.286451 0.533895
vt 0.376429 0.449785
vt 0.367055 0.527768
vt 0.401262 0.411451
vt 0.316079 0.511044
vt 0.213549 0.500000
vt 0.213549 0.533895
vt 0.286451 0.545684
vt 0.286451 0.572961
vt 0.261989 0.492231
vt 0.401262 0.338549
vt 0.331301 0.503503
vt 0.346247 0.568999
vt 0.213549 0.545684
vt 0.213549 0.572961
vt 0.298366 0.558377
vt 0.250000 1.000000
vt 0.312500 1.000000
vt 0.312500 1.000000
vt 0.250000 1.000000
vt 0.375000 1.000000
vt 0.437500 1.000000
vt 0.437500 1.000000
vt 0.375000 1.000000
vt 0.687500 1.000000
vt 0.750000 1.000000
vt 0.750000 1.000000
vt 0.687500 1.000000
vt 0.187500 1.000000
vt 0.187500 1.000000
vt 0.625000 1.000000
vt 0.625000 1.000000
vt 0.125000 1.000000
vt 0.125000 1.000000
vt 0.562500 1.000000
vt 0.562500 1.000000
vt 0.062500 1.000000
vt 0.062500 1.000000
vt 0.500000 1.000000
vt 0.500000 1.000000
vt 0.937500 1.000000
vt 1.000000 1.000000
vt 1.000000 1.000000
vt 0.937500 1.000000
vt 0.000000 1.000000
vt 0.000000 1.000000
vt 0.437500 1.000000
vt 0.875000 1.000000
vt 0.875000 1.000000
vt 0.375000 1.000000
vt 0.812500 1.000000
vt 0.812500 1.000000
vt 0.062500 1.000000
vt 0.125000 1.000000
vt 0.125000 1.000000
vt 0.062500 1.000000
vt 0.875000 1.000000
vt 0.812500 1.000000
vt 0.312500 1.000000
vt 0.750000 1.000000
vt 0.250000 1.000000
vt 0.687500 1.000000
vt 0.187500 1.000000
vt 0.625000 1.000000
vt 0.125000 1.000000
vt 0.562500 1.000000
vt 0.062500 1.000000
vt 0.500000 1.000000
vt 1.000000 1.000000
vt 0.937500 1.000000
vt 0.000000 1.000000
vt 0.687500 1.000000
vt 0.750000 1.000000
vt 0.750000 1.000000
vt 0.687500 1.000000
vt 0.500000 1.000000
vt 0.562500 1.000000
vt 0.562500 1.000000
vt 0.500000 1.000000
vt 0.937500 1.000000
vt 1.000000 1.000000
vt 1.000000 1.000000
vt 0.937500 1.000000
vt 0.000000 1.000000
vt 0.000000 1.000000
vt 0.437500 1.000000
vt 0.437500 1.000000
vt 0.875000 1.000000
vt 0.875000 1.000000
vt 0.375000 1.000000
vt 0.375000 1.000000
vt 0.812500 1.000000
vt 0.812500 1.000000
vt 0.312500 1.000000
vt 0.312500 1.000000
vt 0.750000 1.000000
vt 0.750000 1.000000
vt 0.250000 1.000000
vt 0.250000 1.000000
vt 0.687500 1.000000
vt 0.687500 1.000000
vt 0.187500 1.000000
vt 0.187500 1.000000
vt 0.625000 1.000000
vt 0.625000 1.000000
vt 0.375000 1.000000
vt 0.437500 1.000000
vt 0.437500 1.000000
vt 0.375000 1.000000
vt 0.187500 1.000000
vt 0.250000 1.000000
vt 0.250000 1.000000
vt 0.187500 1.000000
vt 0.625000 1.000000
vt 0.625000 1.000000
vt 0.125000 1.000000
vt 0.125000 1.000000
vt 0.562500 1.000000
vt 0.562500 1.000000
vt 0.062500 1.000000
vt 0.062500 1.000000
vt 0.500000 1.000000
vt 0.500000 1.000000
vt 0.937500 1.000000
vt 1.000000 1.000000
vt 1.000000 1.000000
vt 0.937500 1.000000
vt 0.000000 1.000000
vt 0.000000 1.000000
vt 0.437500 1.000000
vt 0.875000 1.000000
vt 0.875000 1.000000
vt 0.375000 1.000000
vt 0.812500 1.000000
vt 0.812500 1.000000
vt 0.312500 1.000000
vt 0.312500 1.000000
vt 0.062500 1.000000
vt 0.125000 1.000000
vt 0.125000 1.000000
vt 0.062500 1.000000
vt 0.875000 1.000000
vt 0.812500 1.000000
vt 0.312500 1.000000
vt 0.750000 1.000000
vt 0.250000 1.000000
vt 0.687500 1.000000
vt 0.187500 1.000000
vt 0.625000 1.000000
vt 0.562500 1.000000
vt 0.500000 1.000000
vt 1.000000 1.000000
vt 0.937500 1.000000
vt 0.000000 1.000000
vt 0.687500 1.000000
vt 0.750000 1.000000
vt 0.687500 1.000000
vt 0.562500 1.000000
vt 0.500000 1.000000
vt 1.000000 1.000000
vt 0.937500 1.000000
vt 0.000000 1.000000
vt 0.437500 1.000000
vt 0.875000 1.000000
vt 0.375000 1.000000
vt 0.812500 1.000000
vt 0.312500 1.000000
vt 0.250000 1.000000
vt 0.187500 1.000000
vt 0.625000 1.000000
vt 0.187500 1.000000
vt 0.625000 1.000000
vt 0.125000 1.000000
vt 0.562500 1.000000
vt 0.062500 1.000000
vt 0.500000 1.000000
vt 0.937500 1.000000
vt 0.000000 1.000000
vt 0.437500 1.000000
vt 0.875000 1.000000
vt 0.375000 1.000000
vt 0.812500 1.000000
vt 0.312500 1.000000
vt 0.750000 1.000000
vt 0.250000 1.000000
vt 0.250000 1.000000
vt 0.312500 1.000000
vt 0.750000 1.000000
vt 0.812500 1.000000
vt 0.375000 1.000000
vt 0.875000 1.000000
vt 0.437500 1.000000
vt 0.937500 1.000000
vt 0.500000 1.000000
vt 0.000000 1.000000
vt 0.062500 1.000000
vt 1.000000 1.000000
vt 0.562500 1.000000
vt 0.125000 1.000000
vt 0.625000 1.000000
vt 0.187500 1.000000
vt 0.687500 1.000000
vt 0.500000 0.125000
vt 0.625000 0.125000
vt 0.625000 0.250000
vt 0.500000 0.250000
vt 0.500000 0.375000
vt 0.625000 0.375000
vt 0.625000 0.500000
vt 0.500000 0.500000
vt 0.500000 0.625000
vt 0.625000 0.625000
vt 0.625000 0.750000
vt 0.500000 0.750000
vt 0.500000 0.875000
vt 0.625000 0.875000
vt 0.625000 1.000000
vt 0.500000 1.000000
vt 0.250000 0.625000
vt 0.375000 0.625000
vt 0.375000 0.750000
vt 0.250000 0.750000
vt 0.750000 0.625000
vt 0.875000 0.625000
vt 0.875000 0.750000
vt 0.750000 0.750000
vt 0.750000 0.500000
vt 0.875000 0.500000
vt 0.125000 0.625000
vt 0.125000 0.750000
vt 0.125000 0.500000
vt 0.250000 0.500000
vt 0.375000 0.500000
vt 0.375000 0.875000
vt 0.375000 1.000000
vt 0.375000 0.375000
vt 0.375000 0.250000
vt 0.375000 0.125000
vt 0.375000 0.000000
vt 0.500000 0.000000
vt 0.625000 0.000000
vt 0.083333 0.354563
vt 0.041667 0.333333
vt 0.041667 0.416667
vt 0.500000 0.416667
vt 0.458333 0.416667
vt 0.458333 0.500000
vt 0.500000 0.500000
vt 0.500000 0.333333
vt 0.458333 0.333333
vt 0.416667 0.416667
vt 0.000000 0.416667
vt 0.000000 0.500000
vt 0.041667 0.500000
vt 0.000000 0.333333
vt 0.500000 0.416667
vt 0.416667 0.416667
vt 0.458333 0.416667
vt 0.000000 0.416667
vt 0.041667 0.333333
vt 0.041667 0.416667
vt 0.000000 0.333333
vt 0.500000 0.333333
vt 0.458333 0.333333
vt 0.083333 0.354563
vt 1.000000 0.833333
vt 0.875000 1.000000
vt 0.875000 0.833333
vt 0.750000 1.000000
vt 0.750000 0.833333
vt 0.625000 1.000000
vt 0.625000 0.833333
vt 0.500000 1.000000
vt 0.500000 0.833333
vt 0.375000 1.000000
vt 0.375000 0.833333
vt 0.250000 1.000000
vt 0.250000 0.833333
vt 0.125000 1.000000
vt 0.125000 0.833333
vt 0.000000 1.000000
vt 0.000000 0.833333
vt 0.750000 0.490000
vt 0.919706 0.419706
vt 0.990000 0.250000
vt 0.919706 0.080294
vt 0.750000 0.010000
vt 0.580294 0.080294
vt 0.510000 0.250000
vt 0.580294 0.419706
vt 0.125000 0.500000
vt 0.125000 0.666667
vt 0.000000 0.666667
vt 0.000000 0.500000
vt 0.250000 0.500000
vt 0.250000 0.666667
vt 0.375000 0.500000
vt 0.375000 0.666667
vt 0.500000 0.500000
vt 0.500000 0.666667
vt 0.625000 0.500000
vt 0.625000 0.666667
vt 0.750000 0.500000
vt 0.750000 0.666667
vt 0.875000 0.500000
vt 0.875000 0.666667
vt 1.000000 0.500000
vt 1.000000 0.666667
vt 1.000000 0.833333
vt 0.875000 1.000000
vt 0.875000 0.833333
vt 0.750000 1.000000
vt 0.750000 0.833333
vt 0.625000 1.000000
vt 0.625000 0.833333
vt 0.500000 1.000000
vt 0.500000 0.833333
vt 0.375000 1.000000
vt 0.375000 0.833333
vt 0.250000 1.000000
vt 0.250000 0.833333
vt 0.125000 1.000000
vt 0.125000 0.833333
vt 0.000000 1.000000
vt 0.000000 0.833333
vt 0.750000 0.490000
vt 0.919706 0.419706
vt 0.990000 0.250000
vt 0.919706 0.080294
vt 0.750000 0.010000
vt 0.580294 0.080294
vt 0.510000 0.250000
vt 0.580294 0.419706
vt 0.125000 0.500000
vt 0.125000 0.666667
vt 0.000000 0.666667
vt 0.000000 0.500000
vt 0.250000 0.500000
vt 0.250000 0.666667
vt 0.375000 0.500000
vt 0.375000 0.666667
vt 0.500000 0.500000
vt 0.500000 0.666667
vt 0.625000 0.500000
vt 0.625000 0.666667
vt 0.750000 0.500000
vt 0.750000 0.666667
vt 0.875000 0.500000
vt 0.875000 0.666667
vt 1.000000 0.500000
vt 1.000000 0.666667
vt 0.166667 0.250000
vt 0.166667 0.321313
vt 0.125000 0.321327
vt 0.125000 0.250000
vt 0.125000 0.179920
vt 0.166667 0.179920
vt 0.166667 0.179920
vt 0.125000 0.179920
vt 0.333333 0.250000
vt 0.333333 0.321312
vt 0.291667 0.321300
vt 0.291667 0.250000
vt 0.375000 0.333333
vt 0.333333 0.333333
vt 0.333333 0.333333
vt 0.375000 0.333333
vt 0.166667 0.333333
vt 0.125000 0.333333
vt 0.125000 0.333333
vt 0.166667 0.333333
vt 0.250000 0.333333
vt 0.208333 0.333333
vt 0.208333 0.333333
vt 0.250000 0.333333
vt 0.083333 0.250000
vt 0.083333 0.179920
vt 0.083333 0.354563
vt 0.083333 0.416667
vt 0.041667 0.416667
vt 0.041667 0.333333
vt 0.208333 0.179920
vt 0.208333 0.250000
vt 0.291667 0.333333
vt 0.291667 0.333333
vt 0.250000 0.321295
vt 0.250000 0.250000
vt 0.333333 0.179920
vt 0.291667 0.179920
vt 0.250000 0.179920
vt 0.405682 0.333333
vt 0.416667 0.179920
vt 0.416667 0.250000
vt 0.375000 0.250000
vt 0.375000 0.179920
vt 0.416667 0.323920
vt 0.375000 0.321327
vt 0.750000 0.750000
vt 0.750000 0.833333
vt 0.708333 0.833333
vt 0.708333 0.750000
vt 0.750000 0.083333
vt 0.750000 0.159725
vt 0.711804 0.159725
vt 0.750000 0.416667
vt 0.750000 0.500000
vt 0.708333 0.500000
vt 0.708333 0.416667
vt 0.750000 0.666667
vt 0.708333 0.666667
vt 0.666667 0.179920
vt 0.666667 0.250000
vt 0.625000 0.250000
vt 0.625000 0.179920
vt 0.750000 0.916667
vt 0.729167 1.000000
vt 0.708333 0.916667
vt 0.750000 0.333333
vt 0.708333 0.333333
vt 0.750000 0.583333
vt 0.708333 0.583333
vt 0.750000 0.250000
vt 0.708333 0.250000
vt 0.750000 0.541667
vt 0.708333 0.541667
vt 0.687500 1.000000
vt 0.666667 0.916667
vt 0.666667 0.416667
vt 0.666667 0.333333
vt 0.666667 0.666667
vt 0.666667 0.583333
vt 0.666667 0.833333
vt 0.666667 0.541667
vt 0.666667 0.750000
vt 0.708333 0.083333
vt 0.708333 0.159725
vt 0.670138 0.159725
vt 0.666667 0.500000
vt 0.750000 0.179920
vt 0.708333 0.179920
vt 0.666667 0.083333
vt 0.666667 0.159725
vt 0.628471 0.159725
vt 0.625000 0.500000
vt 0.625000 0.416667
vt 0.625000 0.750000
vt 0.625000 0.666667
vt 0.583333 0.250000
vt 0.583333 0.179920
vt 0.645834 1.000000
vt 0.625000 0.916667
vt 0.625000 0.333333
vt 0.625000 0.583333
vt 0.625000 0.833333
vt 0.625000 0.541667
vt 0.583334 0.916667
vt 0.583333 0.833333
vt 0.583333 0.333333
vt 0.583333 0.583333
vt 0.583333 0.541667
vt 0.583333 0.750000
vt 0.625000 0.083333
vt 0.625000 0.159725
vt 0.586804 0.159725
vt 0.583333 0.500000
vt 0.583333 0.416667
vt 0.583333 0.666667
vt 0.541667 0.250000
vt 0.541667 0.179920
vt 0.604167 1.000000
vt 0.500000 0.250000
vt 0.500000 0.179920
vt 0.562500 1.000000
vt 0.541667 0.916667
vt 0.541667 0.416667
vt 0.541667 0.333333
vt 0.541667 0.666667
vt 0.541667 0.583333
vt 0.541667 0.833333
vt 0.541667 0.541667
vt 0.541667 0.750000
vt 0.583334 0.083333
vt 0.583333 0.159725
vt 0.545138 0.159725
vt 0.541667 0.500000
vt 0.500000 0.833333
vt 0.500000 0.750000
vt 0.541667 0.083333
vt 0.541667 0.159725
vt 0.503471 0.159725
vt 0.500000 0.500000
vt 0.500000 0.416667
vt 0.500000 0.666667
vt 0.458333 0.250000
vt 0.458333 0.179920
vt 0.520834 1.000000
vt 0.500000 0.916667
vt 0.500000 0.333333
vt 0.500000 0.583333
vt 0.500000 0.541667
vt 0.458334 0.916667
vt 0.458333 0.833333
vt 0.458333 0.333333
vt 0.458333 0.583333
vt 0.458333 0.541667
vt 0.458333 0.750000
vt 0.500000 0.083333
vt 0.500000 0.159725
vt 0.461804 0.159725
vt 0.458333 0.500000
vt 0.458333 0.416667
vt 0.458333 0.666667
vt 0.479167 1.000000
vt 0.416667 0.750000
vt 0.416667 0.666667
vt 0.437500 1.000000
vt 0.416667 0.916667
vt 0.416667 0.583333
vt 0.416667 0.833333
vt 0.416667 0.416667
vt 0.422360 0.333333
vt 0.416667 0.541667
vt 0.458334 0.083333
vt 0.458333 0.159725
vt 0.420138 0.159725
vt 0.416667 0.500000
vt 0.375000 0.833333
vt 0.375000 0.750000
vt 0.416667 0.083333
vt 0.416667 0.159725
vt 0.378471 0.159725
vt 0.375000 0.500000
vt 0.375000 0.416667
vt 0.375000 0.666667
vt 0.333333 0.179920
vt 0.375000 0.179920
vt 0.395834 1.000000
vt 0.375000 0.916667
vt 0.375000 0.583333
vt 0.416667 0.354563
vt 0.375000 0.541667
vt 0.333333 0.666667
vt 0.333333 0.583333
vt 0.333333 0.916667
vt 0.333333 0.833333
vt 0.333333 0.541667
vt 0.333333 0.750000
vt 0.375000 0.083333
vt 0.375000 0.159725
vt 0.336804 0.159725
vt 0.333333 0.500000
vt 0.333333 0.416667
vt 0.354167 1.000000
vt 0.291667 0.750000
vt 0.291667 0.666667
vt 0.208333 0.321300
vt 0.312500 1.000000
vt 0.291667 0.916667
vt 0.291667 0.416667
vt 0.291667 0.583333
vt 0.291667 0.833334
vt 0.250000 0.179920
vt 0.291667 0.179920
vt 0.291667 0.541667
vt 0.333333 0.083333
vt 0.333333 0.159725
vt 0.295137 0.159725
vt 0.291667 0.500000
vt 0.250000 0.583333
vt 0.250000 0.541667
vt 0.250000 0.833334
vt 0.250000 0.750000
vt 0.291667 0.083333
vt 0.291667 0.159725
vt 0.253471 0.159725
vt 0.250000 0.666667
vt 0.270833 1.000000
vt 0.250000 0.916667
vt 0.250000 0.416667
vt 0.208333 0.666667
vt 0.208333 0.583333
vt 0.208333 0.916667
vt 0.208333 0.833334
vt 0.208333 0.541667
vt 0.208333 0.750000
vt 0.250000 0.083333
vt 0.250000 0.159725
vt 0.211804 0.159725
vt 0.229167 1.000000
vt 0.208333 0.416667
vt 0.208333 0.500000
vt 0.166667 0.500000
vt 0.166667 0.416667
vt 0.166667 0.750000
vt 0.166667 0.666667
vt 0.208333 0.179920
vt 0.187500 1.000000
vt 0.166667 0.916667
vt 0.166667 0.583333
vt 0.166667 0.833333
vt 0.166667 0.541667
vt 0.208333 0.083333
vt 0.208333 0.159725
vt 0.170137 0.159725
vt 0.125000 0.583333
vt 0.125000 0.541667
vt 0.125000 0.833333
vt 0.125000 0.750000
vt 0.166667 0.083333
vt 0.166667 0.159725
vt 0.128471 0.159725
vt 0.125000 0.500000
vt 0.125000 0.416667
vt 0.125000 0.666667
vt 0.145833 1.000000
vt 0.125000 0.916667
vt 0.077640 0.333333
vt 0.041667 0.250000
vt 0.083333 0.666667
vt 0.083333 0.583333
vt 0.083333 0.916667
vt 0.083333 0.833333
vt 0.083333 0.541667
vt 0.083333 0.750000
vt 0.125000 0.083333
vt 0.125000 0.159725
vt 0.086804 0.159725
vt 0.083333 0.500000
vt 0.041667 0.179920
vt 0.104166 1.000000
vt 0.041667 0.500000
vt 0.041667 0.750000
vt 0.041667 0.666667
vt 0.000000 0.250000
vt 0.000000 0.179920
vt 0.062500 1.000000
vt 0.041666 0.916667
vt 0.094318 0.333333
vt 0.041667 0.583333
vt 0.041667 0.833333
vt 0.041667 0.541667
vt 0.083333 0.083333
vt 0.083333 0.159725
vt 0.045137 0.159725
vt 0.000000 0.333333
vt 0.000000 0.583333
vt 0.000000 0.541667
vt 0.000000 0.833333
vt 0.000000 0.750000
vt 0.041666 0.083333
vt 0.041667 0.159725
vt 0.003471 0.159725
vt 0.000000 0.500000
vt 0.000000 0.416667
vt 0.000000 0.666667
vt 1.000000 0.179920
vt 1.000000 0.250000
vt 0.958333 0.250000
vt 0.958333 0.179920
vt 0.020833 1.000000
vt 0.000000 0.916667
vt 1.000000 0.916667
vt 0.979166 1.000000
vt 0.958333 0.916667
vt 1.000000 0.333333
vt 1.000000 0.416667
vt 0.958333 0.416667
vt 0.958333 0.333333
vt 1.000000 0.583333
vt 1.000000 0.666667
vt 0.958333 0.666667
vt 0.958333 0.583333
vt 1.000000 0.833333
vt 0.958333 0.833333
vt 1.000000 0.541667
vt 0.958333 0.541667
vt 1.000000 0.750000
vt 0.958333 0.750000
vt 1.000000 0.083333
vt 1.000000 0.159725
vt 0.961804 0.159725
vt 1.000000 0.500000
vt 0.958333 0.500000
vt 0.916667 0.250000
vt 0.916667 0.179920
vt 0.958333 0.083333
vt 0.958333 0.159725
vt 0.920137 0.159725
vt 0.916667 0.500000
vt 0.916667 0.416667
vt 0.916667 0.750000
vt 0.916667 0.666667
vt 0.875000 0.250000
vt 0.875000 0.179920
vt 0.937500 1.000000
vt 0.916666 0.916667
vt 0.916667 0.333333
vt 0.916667 0.583333
vt 0.916667 0.833333
vt 0.916667 0.541667
vt 0.875000 0.916667
vt 0.875000 0.833333
vt 0.875000 0.333333
vt 0.875000 0.583333
vt 0.875000 0.541667
vt 0.875000 0.750000
vt 0.916666 0.083333
vt 0.916667 0.159725
vt 0.878471 0.159725
vt 0.875000 0.500000
vt 0.875000 0.416667
vt 0.875000 0.666667
vt 0.833333 0.250000
vt 0.833333 0.179920
vt 0.895833 1.000000
vt 0.791667 0.250000
vt 0.791667 0.179920
vt 0.854167 1.000000
vt 0.833333 0.916667
vt 0.833333 0.416667
vt 0.833333 0.333333
vt 0.833333 0.666667
vt 0.833333 0.583333
vt 0.833333 0.833333
vt 0.833333 0.541667
vt 0.833333 0.750000
vt 0.875000 0.083333
vt 0.875000 0.159725
vt 0.836804 0.159725
vt 0.833333 0.500000
vt 0.791667 0.833333
vt 0.791667 0.750000
vt 0.833333 0.083333
vt 0.833333 0.159725
vt 0.795137 0.159725
vt 0.791667 0.500000
vt 0.791667 0.416667
vt 0.791667 0.666667
vt 0.812500 1.000000
vt 0.791667 0.916667
vt 0.791667 0.333333
vt 0.791667 0.583333
vt 0.791667 0.541667
vt 0.791667 0.083333
vt 0.791667 0.159725
vt 0.753471 0.159725
vt 0.770833 1.000000
vt 0.208404 0.333333
vt 0.250000 0.333333
vt 0.208024 0.327126
vt 0.250000 0.327109
vt 0.083333 0.323920
vt 0.124309 0.327305
vt 0.084100 0.328490
vt 0.125151 0.333333
vt 0.088871 0.333333
vt 0.166063 0.327177
vt 0.166799 0.333333
vt 0.333201 0.333333
vt 0.374849 0.333333
vt 0.333937 0.327177
vt 0.375691 0.327305
vt 0.291976 0.327126
vt 0.291596 0.333333
vt 0.415900 0.328490
vt 0.411129 0.333333
vt 0.334713 0.724327
vt 0.250000 0.724487
vt 0.250000 0.536603
vt 0.334457 0.536603
vt 0.595611 0.719459
vt 0.404639 0.723237
vt 0.404569 0.538297
vt 0.165392 0.724394
vt 0.165543 0.536603
vt 0.250000 0.733860
vt 0.166694 0.732952
vt 0.250000 0.750000
vt 0.167594 0.750000
vt 0.395520 0.958268
vt 0.395409 0.875000
vt 0.404263 0.875000
vt 0.404569 0.957025
vt 0.395538 0.212087
vt 0.395389 0.026109
vt 0.404639 0.026763
vt 0.404569 0.211703
vt 0.154187 0.730616
vt 0.151028 0.723041
vt 0.388619 0.958242
vt 0.387921 0.875000
vt 0.405339 0.974247
vt 0.396550 0.973786
vt 0.406957 1.000000
vt 0.398074 1.000000
vt 0.605582 0.943161
vt 0.595933 0.943440
vt 0.595737 0.875000
vt 0.390482 0.971435
vt 0.387650 0.212500
vt 0.388204 0.026108
vt 0.149971 0.536603
vt 0.375000 0.026958
vt 0.125000 0.536603
vt 0.350029 0.536603
vt 0.348945 0.723017
vt 0.396004 0.016300
vt 0.404935 0.016035
vt 0.389723 0.017774
vt 0.605858 0.965156
vt 0.333349 0.732966
vt 0.387650 0.537500
vt 0.388190 0.723923
vt 0.395441 0.723957
vt 0.395538 0.537913
vt 0.395467 0.791836
vt 0.404569 0.792975
vt 0.345813 0.730616
vt 0.404935 0.733965
vt 0.396026 0.733680
vt 0.405339 0.775753
vt 0.396530 0.776182
vt 0.595431 0.205761
vt 0.389723 0.732226
vt 0.388631 0.791807
vt 0.375000 0.791651
vt 0.605051 0.875000
vt 0.595933 0.806560
vt 0.390482 0.778565
vt 0.596574 0.783287
vt 0.605832 0.784886
vt 0.605529 0.806681
vt 0.596574 0.966713
vt 0.598057 1.000000
vt 0.596035 0.018057
vt 0.595611 0.030541
vt 0.596035 0.731943
vt 0.062500 0.500000
vt 0.000000 0.500000
vt 0.000000 0.635990
vt 0.062500 0.635990
vt 0.875000 0.500000
vt 0.812500 0.500000
vt 0.812500 0.635990
vt 0.875000 0.635990
vt 0.750000 0.500000
vt 0.750000 0.635990
vt 0.687500 0.500000
vt 0.687500 0.635990
vt 0.625000 0.500000
vt 0.625000 0.635990
vt 0.562500 0.500000
vt 0.562500 0.635990
vt 0.500000 0.500000
vt 0.500000 0.635990
vt 0.437500 0.500000
vt 0.437500 0.635990
vt 0.375000 0.500000
vt 0.375000 0.635989
vt 0.312500 0.500000
vt 0.312500 0.635990
vt 0.250000 0.500000
vt 0.250000 0.635990
vt 0.187500 0.500000
vt 0.187500 0.635990
vt 0.125000 0.500000
vt 0.125000 0.635990
vt 0.437500 1.000000
vt 0.375000 1.000000
vt 0.500000 1.000000
vt 1.000000 0.500000
vt 0.937500 0.500000
vt 0.937500 0.635989
vt 1.000000 0.635990
vt 0.125000 0.864011
vt 0.062500 0.864010
vt 0.062500 1.000000
vt 0.125000 1.000000
vt 0.187500 0.864010
vt 0.187500 1.000000
vt 0.250000 0.864010
vt 0.250000 1.000000
vt 0.312500 0.864010
vt 0.312500 1.000000
vt 0.375000 0.864010
vt 0.437500 0.864010
vt 0.500000 0.864010
vt 0.562500 0.864011
vt 0.562500 1.000000
vt 0.625000 0.864010
vt 0.625000 1.000000
vt 0.687500 0.864010
vt 0.687500 1.000000
vt 0.750000 0.864010
vt 0.750000 1.000000
vt 0.812500 0.864010
vt 0.812500 1.000000
vt 0.875000 0.864010
vt 0.875000 1.000000
vt 0.937500 0.864010
vt 0.937500 1.000000
vt 1.000000 0.864010
vt 1.000000 1.000000
vt 0.000000 0.864010
vt 0.000000 1.000000
vt 0.751484 0.388613
vt 0.841844 0.471731
vt 0.750000 0.490000
vt 0.786125 0.381748
vt 0.919706 0.419706
vt 0.823712 0.356891
vt 0.971731 0.341844
vt 0.854679 0.311368
vt 0.990000 0.250000
vt 0.867076 0.252560
vt 0.971731 0.158156
vt 0.856363 0.193993
vt 0.919706 0.080294
vt 0.827882 0.149256
vt 0.841844 0.028269
vt 0.798649 0.129076
vt 0.750000 0.010000
vt 0.677441 0.126536
vt 0.658156 0.028269
vt 0.678408 0.126975
vt 0.580294 0.080294
vt 0.704394 0.083939
vt 0.528269 0.158156
vt 0.663551 0.172306
vt 0.510000 0.250000
vt 0.639344 0.255515
vt 0.528269 0.341844
vt 0.649820 0.312288
vt 0.580294 0.419706
vt 0.679816 0.357176
vt 0.658156 0.471731
vt 0.716960 0.381835
vt 0.062500 0.500000
vt 0.062500 0.635990
vt 0.000000 0.635990
vt 0.000000 0.500000
vt 0.875000 0.500000
vt 0.875000 0.635990
vt 0.812500 0.635990
vt 0.812500 0.500000
vt 0.750000 0.635990
vt 0.750000 0.500000
vt 0.687500 0.635990
vt 0.687500 0.500000
vt 0.625000 0.635990
vt 0.625000 0.500000
vt 0.562500 0.635990
vt 0.562500 0.500000
vt 0.500000 0.635990
vt 0.500000 0.500000
vt 0.437500 0.635990
vt 0.437500 0.500000
vt 0.375000 0.635989
vt 0.375000 0.500000
vt 0.312500 0.635990
vt 0.312500 0.500000
vt 0.238881 0.500000
vt 0.239964 0.635990
vt 0.187500 0.635990
vt 0.187500 0.500000
vt 0.663551 0.172306
vt 0.528269 0.158156
vt 0.512747 0.236191
vt 0.523163 0.243340
vt 0.125000 0.635990
vt 0.125000 0.500000
vt 0.437500 1.000000
vt 0.500000 1.000000
vt 0.375000 1.000000
vt 1.000000 0.500000
vt 1.000000 0.635990
vt 0.937500 0.635989
vt 0.937500 0.500000
vt 0.125000 0.864011
vt 0.125000 1.000000
vt 0.062500 1.000000
vt 0.062500 0.864010
vt 0.187500 0.864010
vt 0.187500 1.000000
vt 0.312500 0.864010
vt 0.312500 1.000000
vt 0.260594 1.000000
vt 0.258871 0.864010
vt 0.258871 0.635990
vt 0.375000 0.864010
vt 0.437500 0.864010
vt 0.500000 0.864010
vt 0.562500 0.864011
vt 0.562500 1.000000
vt 0.625000 0.864010
vt 0.625000 1.000000
vt 0.687500 0.864010
vt 0.687500 1.000000
vt 0.750000 0.864010
vt 0.750000 1.000000
vt 0.812500 0.864010
vt 0.812500 1.000000
vt 0.875000 0.864010
vt 0.875000 1.000000
vt 0.937500 0.864010
vt 0.937500 1.000000
vt 1.000000 0.864010
vt 1.000000 1.000000
vt 0.000000 0.864010
vt 0.259397 0.500000
vt 0.239964 0.864010
vt 0.000000 1.000000
vt 0.236008 1.000000
vt 0.751484 0.388613
vt 0.750000 0.490000
vt 0.841844 0.471731
vt 0.786125 0.381748
vt 0.919706 0.419706
vt 0.823712 0.356891
vt 0.971731 0.341844
vt 0.854679 0.311368
vt 0.990000 0.250000
vt 0.867076 0.252560
vt 0.971731 0.158156
vt 0.856363 0.193993
vt 0.919706 0.080294
vt 0.827882 0.149256
vt 0.841844 0.028269
vt 0.798649 0.129076
vt 0.750000 0.010000
vt 0.677441 0.126536
vt 0.658156 0.028269
vt 0.678408 0.126975
vt 0.580294 0.080294
vt 0.704394 0.083939
vt 0.639344 0.255515
vt 0.521087 0.250473
vt 0.513250 0.266339
vt 0.528269 0.341844
vt 0.649820 0.312288
vt 0.580294 0.419706
vt 0.679816 0.357176
vt 0.658156 0.471731
vt 0.716960 0.381835
vt 0.250000 0.634939
vt 0.250000 0.864484
vt 0.250000 0.500000
vt 0.250566 1.000000
vt 1.000000 0.500000
vt 1.000000 1.000000
vt 0.937500 1.000000
vt 0.937500 0.500000
vt 0.875000 1.000000
vt 0.875000 0.500000
vt 0.812500 1.000000
vt 0.812500 0.500000
vt 0.750000 1.000000
vt 0.750000 0.500000
vt 0.687500 1.000000
vt 0.687500 0.500000
vt 0.625000 1.000000
vt 0.625000 0.500000
vt 0.562500 1.000000
vt 0.562500 0.500000
vt 0.500000 1.000000
vt 0.500000 0.500000
vt 0.437500 1.000000
vt 0.437500 0.500000
vt 0.375000 1.000000
vt 0.375000 0.500000
vt 0.312500 1.000000
vt 0.312500 0.500000
vt 0.250000 1.000000
vt 0.250000 0.500000
vt 0.187500 1.000000
vt 0.187500 0.500000
vt 0.125000 1.000000
vt 0.125000 0.500000
vt 0.062500 1.000000
vt 0.062500 0.500000
vt 0.000000 1.000000
vt 0.000000 0.500000
vt 0.750000 0.490000
vt 0.841844 0.471731
vt 0.919706 0.419706
vt 0.971731 0.341844
vt 0.990000 0.250000
vt 0.971731 0.158156
vt 0.919706 0.080294
vt 0.841844 0.028269
vt 0.750000 0.010000
vt 0.658156 0.028269
vt 0.580294 0.080294
vt 0.528269 0.158156
vt 0.510000 0.250000
vt 0.528269 0.341844
vt 0.580294 0.419706
vt 0.658156 0.471731
vn -0.6894 -0.6577 0.3035
vn -0.5746 -0.6362 0.5149
vn -0.7494 -0.1939 0.6330
vn -0.8968 -0.2181 0.3848
vn 0.9669 0.1704 -0.1898
vn 0.7888 0.6035 -0.1165
vn 0.8495 0.4402 0.2909
vn 0.9362 0.1289 0.3270
vn -0.2697 -0.9549 0.1245
vn -0.1414 -0.9298 0.3398
vn -0.1975 -0.1644 0.9664
vn -0.1905 0.1542 0.9695
vn -0.7496 0.1863 0.6351
vn -0.1750 0.4846 0.8571
vn -0.5593 0.6443 0.5217
vn 0.9670 -0.1701 -0.1896
vn 0.9361 -0.1287 0.3272
vn 0.8490 -0.4410 0.2910
vn 0.7876 -0.6051 -0.1164
vn -0.0970 0.9400 0.3271
vn 0.2316 0.6067 0.7604
vn 0.3755 -0.1345 0.9170
vn -0.1954 -0.4960 0.8460
vn 0.1974 -0.6165 0.7622
vn 0.3804 0.1275 0.9160
vn 0.6903 -0.1223 0.7132
vn 0.6917 0.1203 0.7121
vn 0.8913 -0.1873 -0.4130
vn 0.8912 0.1877 -0.4130
vn 0.2933 0.9471 -0.1307
vn -0.2298 0.9683 0.0977
vn 0.3721 0.9225 0.1029
vn -0.6897 0.6620 0.2934
vn 0.6077 0.5758 0.5469
vn 0.3447 -0.9319 0.1130
vn 0.5920 -0.5883 0.5509
vn -0.9007 0.2047 0.3831
vn 0.2685 -0.9561 -0.1177
vn 0.7160 -0.6171 -0.3265
vn 0.7178 0.6147 -0.3269
vn -0.7159 -0.6168 -0.3273
vn -0.7876 -0.6049 -0.1172
vn -0.9668 -0.1699 -0.1908
vn -0.8908 -0.1870 -0.4141
vn 0.7496 0.1863 0.6351
vn 0.5593 0.6443 0.5217
vn 0.1750 0.4846 0.8571
vn 0.1905 0.1542 0.9695
vn -0.2685 -0.9560 -0.1180
vn -0.3448 -0.9319 0.1128
vn -0.9363 -0.1286 0.3267
vn -0.9364 0.1288 0.3265
vn -0.9667 0.1702 -0.1909
vn -0.8497 0.4401 0.2905
vn -0.7889 0.6032 -0.1172
vn 0.7494 -0.1939 0.6330
vn 0.1975 -0.1644 0.9664
vn 0.1954 -0.4960 0.8460
vn 0.5746 -0.6362 0.5149
vn -0.3722 0.9225 0.1028
vn -0.6078 0.5758 0.5468
vn -0.6903 -0.1223 0.7131
vn -0.8492 -0.4410 0.2906
vn -0.5921 -0.5883 0.5508
vn -0.6917 0.1203 0.7121
vn -0.3755 -0.1345 0.9170
vn -0.3804 0.1275 0.9160
vn 0.8968 -0.2181 0.3848
vn 0.9007 0.2047 0.3831
vn 0.2298 0.9683 0.0977
vn -0.2934 0.9470 -0.1310
vn 0.0970 0.9400 0.3271
vn -0.7178 0.6143 -0.3277
vn -0.2316 0.6067 0.7604
vn 0.1414 -0.9298 0.3398
vn -0.1974 -0.6165 0.7622
vn -0.8907 0.1874 -0.4142
vn 0.2697 -0.9549 0.1245
vn 0.6895 -0.6577 0.3035
vn 0.6897 0.6620 0.2934
vn -0.1967 0.9786 -0.0610
vn -0.2187 0.9742 0.0559
vn 0.0635 0.9963 0.0583
vn 0.0882 0.9946 -0.0552
vn 0.9940 -0.0885 -0.0640
vn 0.9938 0.0908 -0.0641
vn 0.9941 0.0892 0.0617
vn 0.9943 -0.0873 0.0607
vn -0.4475 0.1047 0.8882
vn -0.4490 -0.1043 0.8874
vn -0.2325 -0.0994 0.9675
vn -0.2133 0.1192 0.9697
vn -0.1149 0.1144 -0.9868
vn 0.2122 0.1197 -0.9699
vn 0.1949 -0.1102 -0.9746
vn -0.1174 -0.1243 -0.9853
vn -0.9943 -0.0873 0.0607
vn -0.9941 0.0892 0.0617
vn -0.9938 0.0908 -0.0641
vn -0.9940 -0.0885 -0.0640
vn 0.0822 -0.9950 -0.0561
vn 0.2196 -0.9737 -0.0614
vn 0.2413 -0.9688 0.0556
vn 0.1075 -0.9925 0.0589
vn -0.2753 -0.9360 0.2195
vn -0.1435 -0.9630 0.2282
vn -0.1860 -0.8702 0.4562
vn -0.3094 -0.8455 0.4352
vn -0.2229 -0.6901 0.6886
vn -0.3651 -0.6708 0.6455
vn -0.4305 -0.3823 0.8177
vn -0.2412 -0.3869 0.8900
vn -0.2416 -0.9688 0.0558
vn -0.5926 -0.7797 0.2024
vn -0.5837 -0.8103 0.0524
vn -0.5832 -0.7193 0.3776
vn -0.6249 -0.5719 0.5315
vn -0.7272 -0.0871 0.6808
vn -0.7026 -0.3254 0.6329
vn -0.8813 -0.0837 0.4651
vn -0.8392 -0.3120 0.4454
vn -0.1665 0.4244 0.8900
vn -0.4240 0.3860 0.8193
vn -0.7394 -0.5521 0.3853
vn -0.9422 -0.3298 0.0595
vn -0.9161 -0.3271 0.2321
vn -0.9678 -0.0873 0.2362
vn -0.7931 -0.6067 0.0540
vn -0.7796 -0.5908 0.2077
vn -0.0965 0.7171 0.6902
vn -0.3540 0.6721 0.6504
vn -0.0314 0.8888 0.4573
vn -0.2926 0.8481 0.4417
vn -0.2537 0.9414 0.2225
vn 0.0245 0.9733 0.2282
vn -0.6811 0.3428 0.6470
vn -0.7217 0.0922 0.6861
vn -0.5817 0.5977 0.5517
vn -0.5258 0.7532 0.3952
vn -0.5228 0.8507 0.0550
vn -0.5330 0.8190 0.2125
vn -0.7696 0.6359 0.0571
vn -0.7542 0.6195 0.2179
vn -0.0822 -0.9950 -0.0562
vn -0.2194 -0.9737 -0.0613
vn -0.1930 -0.9527 -0.2349
vn -0.0431 -0.9727 -0.2282
vn -0.7107 0.5777 0.4014
vn -0.9670 0.0888 0.2386
vn -0.9097 0.3390 0.2399
vn -0.9376 0.3421 0.0617
vn -0.8788 0.0858 0.4693
vn -0.8281 0.3251 0.4567
vn -0.1427 -0.8728 -0.4667
vn 0.0166 -0.8860 -0.4633
vn -0.5739 -0.8171 -0.0554
vn -0.5524 -0.8051 -0.2162
vn -0.7884 -0.6125 -0.0576
vn -0.7570 -0.6140 -0.2236
vn 0.1543 -0.4077 -0.9000
vn -0.1274 -0.4219 -0.8977
vn -0.5023 -0.7611 -0.4104
vn -0.6865 -0.5917 -0.4227
vn -0.9624 -0.0921 -0.2555
vn -0.9048 -0.3433 -0.2519
vn -0.9404 -0.3341 -0.0631
vn -0.8471 -0.0944 -0.5230
vn -0.7970 -0.3447 -0.4960
vn -0.6104 -0.1049 -0.7851
vn -0.5873 -0.3721 -0.7187
vn -0.5139 -0.6224 -0.5903
vn 0.0852 -0.7059 -0.7032
vn -0.1179 -0.7048 -0.6995
vn 0.1211 0.9675 -0.2222
vn -0.1679 0.9570 -0.2367
vn 0.1630 0.8781 -0.4498
vn -0.1205 0.8744 -0.4700
vn 0.1983 0.7046 -0.6813
vn -0.1016 0.7016 -0.7053
vn -0.1200 0.4064 -0.9058
vn 0.2173 0.4170 -0.8825
vn -0.4904 0.8421 -0.2243
vn -0.5119 0.8571 -0.0578
vn -0.4398 0.7920 -0.4235
vn -0.4657 0.6428 -0.6082
vn -0.6049 0.1048 -0.7894
vn -0.5636 0.3772 -0.7349
vn -0.8453 0.0963 -0.5255
vn -0.7853 0.3541 -0.5078
vn -0.1075 -0.9925 0.0588
vn -0.6558 0.6157 -0.4369
vn -0.9360 0.3462 -0.0643
vn -0.8986 0.3558 -0.2567
vn -0.9618 0.0947 -0.2568
vn -0.7642 0.6422 -0.0593
vn -0.7307 0.6423 -0.2313
vn 0.1435 -0.9630 0.2282
vn 0.2759 -0.9359 0.2191
vn 0.3096 -0.8455 0.4352
vn 0.1860 -0.8704 0.4559
vn 0.5838 -0.8102 0.0522
vn 0.5924 -0.7799 0.2020
vn 0.7932 -0.6065 0.0543
vn 0.7794 -0.5909 0.2080
vn 0.2411 -0.3869 0.8900
vn 0.4296 -0.3831 0.8178
vn 0.4493 -0.1045 0.8872
vn 0.2325 -0.0993 0.9675
vn 0.5831 -0.7193 0.3776
vn 0.7393 -0.5522 0.3853
vn 0.9678 -0.0870 0.2360
vn 0.9161 -0.3262 0.2329
vn 0.9421 -0.3299 0.0597
vn 0.8812 -0.0833 0.4654
vn 0.8395 -0.3115 0.4452
vn 0.7270 -0.0875 0.6810
vn 0.7027 -0.3258 0.6325
vn 0.6249 -0.5718 0.5315
vn 0.2227 -0.6903 0.6884
vn 0.3650 -0.6709 0.6455
vn 0.2188 0.9742 0.0561
vn -0.0635 0.9963 0.0582
vn -0.0246 0.9733 0.2282
vn 0.2532 0.9414 0.2230
vn 0.0314 0.8887 0.4574
vn 0.2923 0.8483 0.4415
vn 0.0966 0.7170 0.6903
vn 0.3540 0.6721 0.6504
vn 0.4249 0.3852 0.8192
vn 0.1665 0.4244 0.8900
vn 0.2133 0.1192 0.9697
vn 0.4472 0.1045 0.8883
vn 0.5333 0.8187 0.2129
vn 0.5226 0.8508 0.0552
vn 0.5259 0.7532 0.3952
vn 0.5816 0.5978 0.5517
vn 0.7219 0.0917 0.6859
vn 0.6810 0.3425 0.6473
vn 0.8789 0.0861 0.4691
vn 0.8278 0.3256 0.4570
vn 0.0430 -0.9727 -0.2282
vn 0.1922 -0.9527 -0.2354
vn 0.7108 0.5776 0.4014
vn 0.9377 0.3421 0.0615
vn 0.9096 0.3399 0.2390
vn 0.9670 0.0891 0.2388
vn 0.7695 0.6361 0.0569
vn 0.7543 0.6194 0.2176
vn -0.0167 -0.8859 -0.4636
vn 0.1423 -0.8729 -0.4667
vn -0.0852 -0.7056 -0.7035
vn 0.1181 -0.7047 -0.6996
vn 0.1287 -0.4212 -0.8978
vn -0.1542 -0.4077 -0.9000
vn -0.1949 -0.1105 -0.9746
vn 0.1169 -0.1241 -0.9853
vn 0.5525 -0.8049 -0.2166
vn 0.5736 -0.8172 -0.0557
vn 0.5023 -0.7611 -0.4104
vn 0.5138 -0.6225 -0.5903
vn 0.6107 -0.1044 -0.7850
vn 0.5872 -0.3717 -0.7191
vn 0.8472 -0.0948 -0.5228
vn 0.7966 -0.3452 -0.4962
vn -0.0882 0.9946 -0.0552
vn 0.1966 0.9786 -0.0608
vn 0.1686 0.9570 -0.2361
vn -0.1211 0.9675 -0.2222
vn 0.6865 -0.5916 -0.4227
vn 0.9405 -0.3340 -0.0629
vn 0.9047 -0.3441 -0.2510
vn 0.9623 -0.0924 -0.2558
vn 0.7882 -0.6127 -0.0573
vn 0.7572 -0.6138 -0.2232
vn 0.1208 0.8743 -0.4701
vn -0.1629 0.8782 -0.4496
vn 0.5121 0.8570 -0.0575
vn 0.4902 0.8423 -0.2240
vn 0.7644 0.6420 -0.0596
vn 0.7305 0.6425 -0.2317
vn -0.2174 0.4170 -0.8825
vn 0.1186 0.4071 -0.9056
vn 0.1153 0.1146 -0.9867
vn -0.2122 0.1195 -0.9699
vn 0.4397 0.7920 -0.4235
vn 0.6558 0.6158 -0.4368
vn 0.9619 0.0943 -0.2566
vn 0.8987 0.3550 -0.2576
vn 0.9359 0.3463 -0.0646
vn 0.8452 0.0960 -0.5258
vn 0.7858 0.3535 -0.5075
vn 0.6046 0.1054 -0.7895
vn 0.5637 0.3777 -0.7346
vn 0.4657 0.6428 -0.6082
vn -0.1983 0.7048 -0.6811
vn 0.1015 0.7016 -0.7053
vn 0.6028 -0.7965 0.0473
vn 0.0558 -0.9971 0.0525
vn 0.0822 -0.9950 -0.0573
vn 0.6202 -0.7835 -0.0398
vn -0.0822 -0.9950 -0.0573
vn -0.1266 -0.9659 -0.2259
vn -0.0604 0.4131 0.9087
vn 0.0107 0.1098 0.9939
vn 0.0604 0.4131 0.9087
vn -0.0107 0.1098 0.9939
vn -0.1574 0.7060 0.6905
vn 0.1574 0.7060 0.6905
vn -0.2397 0.8633 0.4442
vn 0.2397 0.8633 0.4442
vn -0.3038 0.9286 0.2131
vn 0.3435 0.9378 0.0513
vn 0.3038 0.9286 0.2131
vn 0.0449 -0.1103 0.9929
vn -0.0650 -0.4162 0.9069
vn -0.0449 -0.1103 0.9929
vn 0.0650 -0.4162 0.9069
vn -0.0575 -0.7185 0.6931
vn 0.0575 -0.7185 0.6931
vn -0.0240 -0.8918 0.4518
vn 0.0240 -0.8918 0.4518
vn 0.0202 -0.9756 0.2187
vn -0.0558 -0.9971 0.0525
vn -0.0202 -0.9756 0.2187
vn 0.4461 0.3609 -0.8190
vn 0.4281 0.0957 -0.8986
vn -0.4461 0.3609 -0.8190
vn -0.4281 0.0957 -0.8986
vn 0.4479 0.6334 -0.6310
vn -0.4479 0.6334 -0.6310
vn 0.4278 0.8014 -0.4180
vn -0.4278 0.8014 -0.4180
vn 0.3954 0.8946 -0.2080
vn -0.3662 0.9291 -0.0520
vn -0.3435 0.9378 0.0513
vn -0.3954 0.8946 -0.2080
vn 0.4012 -0.1095 -0.9094
vn -0.3432 -0.3977 -0.8509
vn -0.4012 -0.1095 -0.9094
vn 0.3432 -0.3977 -0.8509
vn -0.2651 -0.6894 -0.6741
vn 0.2651 -0.6894 -0.6741
vn -0.1912 -0.8714 -0.4518
vn 0.1912 -0.8714 -0.4518
vn 0.1266 -0.9659 -0.2259
vn 0.3662 0.9291 -0.0520
vn 0.9579 -0.2867 -0.0141
vn 0.9564 -0.2915 0.0178
vn -0.6028 -0.7965 0.0473
vn -0.6202 -0.7835 -0.0398
vn -0.1417 0.0993 0.9849
vn -0.5360 0.3377 0.7738
vn -0.9564 -0.2915 0.0178
vn -0.9579 -0.2867 -0.0141
vn -0.9444 0.1300 0.3019
vn -0.9449 0.0344 0.3254
vn -0.8109 0.0695 0.5810
vn 0.1417 0.0993 0.9849
vn 0.5360 0.3377 0.7738
vn -0.5907 0.5670 0.5741
vn 0.8109 0.0695 0.5810
vn 0.9449 0.0344 0.3254
vn 0.9444 0.1300 0.3019
vn -0.9513 0.2158 0.2203
vn 0.5907 0.5670 0.5741
vn -0.6397 0.6779 0.3621
vn 0.9513 0.2158 0.2203
vn -0.9571 0.2553 0.1374
vn 0.6397 0.6779 0.3621
vn -0.6784 0.7138 0.1738
vn 0.9571 0.2553 0.1374
vn -0.9613 0.2677 0.0659
vn 0.6784 0.7138 0.1738
vn -0.7064 0.7065 0.0431
vn 0.9613 0.2677 0.0659
vn -0.9657 0.2591 0.0161
vn 0.7064 0.7065 0.0431
vn 0.1159 -0.1146 0.9866
vn 0.1146 -0.4055 0.9069
vn 0.9657 0.2591 0.0161
vn 0.9388 -0.1414 0.3141
vn 0.9434 -0.0379 0.3294
vn 0.8054 -0.0634 0.5893
vn 0.8089 -0.2437 0.5351
vn -0.1159 -0.1146 0.9866
vn -0.1146 -0.4055 0.9069
vn 0.5020 -0.6128 0.6103
vn -0.8089 -0.2437 0.5351
vn -0.8055 -0.0634 0.5893
vn -0.9434 -0.0379 0.3294
vn -0.9388 -0.1414 0.3141
vn 0.9423 -0.2365 0.2369
vn -0.5020 -0.6128 0.6103
vn 0.5350 -0.7472 0.3942
vn -0.9423 -0.2365 0.2369
vn 0.9469 -0.2838 0.1509
vn -0.5350 -0.7472 0.3942
vn 0.5710 -0.7982 0.1918
vn -0.9469 -0.2838 0.1509
vn 0.9511 -0.3000 0.0731
vn -0.5710 -0.7982 0.1918
vn -0.9511 -0.3000 0.0731
vn 0.7809 0.0676 -0.6210
vn 0.7802 0.2589 -0.5695
vn 0.9692 0.1020 -0.2241
vn 0.9714 0.0256 -0.2363
vn -0.7809 0.0676 -0.6210
vn -0.7802 0.2589 -0.5695
vn 0.7719 0.4568 -0.4421
vn -0.9714 0.0256 -0.2363
vn -0.9692 0.1020 -0.2241
vn 0.9692 0.1773 -0.1711
vn -0.7719 0.4568 -0.4421
vn 0.7555 0.5850 -0.2948
vn -0.9692 0.1773 -0.1711
vn 0.9683 0.2234 -0.1121
vn -0.7555 0.5850 -0.2948
vn 0.7345 0.6629 -0.1452
vn -0.9683 0.2234 -0.1121
vn 0.9666 0.2503 -0.0543
vn -0.7345 0.6629 -0.1452
vn 0.7200 0.6931 -0.0343
vn -0.9666 0.2503 -0.0543
vn 0.9670 0.2546 -0.0123
vn -0.7200 0.6931 -0.0343
vn -0.7735 -0.0751 -0.6293
vn -0.7498 -0.2848 -0.5973
vn -0.9670 0.2546 -0.0123
vn -0.9660 -0.1117 -0.2330
vn -0.9706 -0.0286 -0.2389
vn 0.7735 -0.0751 -0.6293
vn 0.7498 -0.2848 -0.5973
vn -0.7152 -0.5070 -0.4810
vn 0.9706 -0.0286 -0.2389
vn 0.9660 -0.1117 -0.2330
vn -0.9635 -0.1949 -0.1838
vn 0.7152 -0.5070 -0.4810
vn -0.6782 -0.6576 -0.3279
vn 0.9635 -0.1949 -0.1838
vn -0.9607 -0.2488 -0.1231
vn 0.6782 -0.6576 -0.3279
vn -0.6418 -0.7492 -0.1634
vn 0.9607 -0.2488 -0.1231
vn -0.9578 -0.2811 -0.0604
vn 0.6418 -0.7492 -0.1634
vn 0.9578 -0.2811 -0.0604
vn -0.7954 -0.5847 0.1596
vn -0.7449 -0.4577 0.4854
vn -0.8981 -0.1131 0.4250
vn -0.7931 -0.5946 0.1320
vn -0.7121 -0.0293 0.7015
vn -0.4154 0.0255 0.9093
vn -0.4557 0.5026 0.7346
vn -0.7410 0.3960 0.5423
vn 0.7449 -0.4577 0.4854
vn 0.7954 -0.5847 0.1596
vn 0.7931 -0.5946 0.1320
vn 0.8981 -0.1131 0.4250
vn -0.6717 -0.7121 -0.2042
vn -0.8411 -0.3767 -0.3882
vn 0.5844 -0.3647 0.7249
vn 0.7121 -0.0293 0.7015
vn -0.4373 -0.7668 -0.4698
vn -0.5020 -0.5220 -0.6896
vn 0.3296 -0.3120 0.8911
vn 0.4154 0.0255 0.9093
vn -0.2288 -0.7432 -0.6288
vn -0.2320 -0.5583 -0.7966
vn 0.0000 -0.2961 0.9551
vn 0.0000 0.0410 0.9992
vn 0.2288 -0.7432 -0.6288
vn -0.0000 -0.7259 -0.6878
vn -0.0000 -0.5638 -0.8259
vn 0.2320 -0.5583 -0.7966
vn -0.3296 -0.3120 0.8911
vn 0.4373 -0.7668 -0.4698
vn 0.5020 -0.5220 -0.6896
vn -0.5844 -0.3647 0.7249
vn 0.6717 -0.7121 -0.2042
vn 0.8411 -0.3767 -0.3882
vn -0.3929 -0.7696 0.5034
vn -0.7131 -0.6369 0.2931
vn -0.7987 -0.4540 0.3950
vn -0.4610 -0.6189 0.6360
vn 0.5268 -0.2255 -0.8195
vn 0.9657 -0.2535 -0.0558
vn -0.9045 0.2675 0.3321
vn 0.9868 0.1595 -0.0288
vn 0.9900 0.0583 0.1284
vn -0.9868 0.1595 -0.0288
vn -0.9900 0.0583 0.1284
vn 0.9045 0.2675 0.3321
vn -0.9657 -0.2535 -0.0558
vn 0.7410 0.3960 0.5423
vn -0.5268 -0.2255 -0.8195
vn 0.4557 0.5026 0.7346
vn -0.1988 -0.3200 -0.9263
vn 0.0000 0.5503 0.8350
vn -0.0000 -0.3561 -0.9344
vn 0.1988 -0.3200 -0.9263
vn 0.6764 0.1291 -0.7251
vn 0.8793 -0.1935 -0.4352
vn 0.9140 -0.2886 -0.2851
vn 0.7560 -0.1015 -0.6466
vn 0.0000 0.8655 0.5009
vn 0.4497 0.7799 0.4353
vn 0.2877 0.9564 -0.0512
vn -0.0000 1.0000 -0.0091
vn 0.3929 -0.7696 0.5034
vn -0.0000 -0.8009 0.5989
vn -0.0000 -0.6831 0.7303
vn 0.4610 -0.6189 0.6360
vn -0.4497 0.7799 0.4353
vn -0.2877 0.9564 -0.0512
vn 0.7131 -0.6369 0.2931
vn 0.7987 -0.4540 0.3950
vn -0.7483 0.5879 0.3072
vn -0.5069 0.8423 -0.1835
vn 0.9133 -0.3834 0.1370
vn 0.9594 -0.2294 0.1640
vn -0.9243 0.3311 0.1897
vn -0.7838 0.5693 -0.2481
vn 0.9931 -0.0174 0.1156
vn 0.9842 0.1396 -0.1088
vn -0.9931 -0.0174 0.1156
vn -0.9842 0.1396 -0.1088
vn 0.9243 0.3311 0.1897
vn 0.7838 0.5693 -0.2481
vn -0.9133 -0.3834 0.1370
vn -0.9594 -0.2294 0.1640
vn 0.7483 0.5879 0.3072
vn 0.5069 0.8423 -0.1835
vn -0.5225 0.0743 -0.8494
vn -0.2848 0.1905 -0.9395
vn -0.3406 0.1889 -0.9210
vn -0.6251 0.0976 -0.7744
vn -0.9060 -0.4203 -0.0503
vn -0.8793 -0.1935 -0.4352
vn -0.9140 -0.2886 -0.2851
vn -0.8878 -0.4434 0.1231
vn 0.4153 0.4049 -0.8146
vn 0.5225 0.0743 -0.8494
vn -0.7544 -0.5727 0.3208
vn -0.6811 -0.5692 0.4607
vn 0.2104 0.5638 -0.7987
vn 0.2848 0.1905 -0.9395
vn -0.4198 -0.6725 0.6095
vn -0.3627 -0.6450 0.6726
vn 0.0000 0.6188 -0.7856
vn 0.0000 0.2502 -0.9682
vn 0.4198 -0.6725 0.6095
vn -0.0000 -0.7006 0.7136
vn -0.0000 -0.6686 0.7436
vn 0.3627 -0.6450 0.6726
vn -0.2104 0.5638 -0.7987
vn 0.7544 -0.5727 0.3208
vn 0.6811 -0.5692 0.4607
vn -0.4153 0.4049 -0.8146
vn 0.9060 -0.4203 -0.0503
vn 0.8878 -0.4434 0.1231
vn -0.6764 0.1291 -0.7251
vn -0.7560 -0.1015 -0.6466
vn -0.3467 -0.7814 0.5189
vn -0.6452 -0.6737 0.3603
vn -0.6522 -0.7379 0.1734
vn -0.3470 -0.8814 0.3206
vn 0.6452 -0.6737 0.3603
vn 0.8654 -0.4931 0.0895
vn -0.8387 -0.0563 -0.5417
vn 0.9336 -0.2663 -0.2398
vn -0.9336 -0.2663 -0.2398
vn 0.8387 -0.0563 -0.5417
vn -0.8654 -0.4931 0.0895
vn 0.6251 0.0976 -0.7744
vn 0.3406 0.1889 -0.9210
vn 0.0000 0.2149 -0.9766
vn -0.0000 -0.8183 0.5747
vn 0.3467 -0.7814 0.5189
vn 0.8155 0.0601 -0.5756
vn 0.9214 -0.2041 -0.3307
vn 0.0000 -0.6707 -0.7418
vn 0.3180 0.3472 -0.8822
vn 0.0000 0.3781 -0.9258
vn -0.0000 -0.9291 0.3698
vn 0.3470 -0.8814 0.3205
vn -0.3180 0.3472 -0.8822
vn 0.6522 -0.7379 0.1734
vn -0.5969 0.2463 -0.7636
vn 0.8655 -0.4973 -0.0602
vn -0.8155 0.0601 -0.5756
vn -0.9214 -0.2041 -0.3307
vn -0.8655 -0.4973 -0.0602
vn 0.5969 0.2463 -0.7636
vn -0.9679 -0.0336 -0.2489
vn -0.7313 0.3850 -0.5630
vn 0.9679 -0.0336 -0.2489
vn 0.9426 -0.3192 0.0977
vn -0.3551 0.7039 -0.6152
vn 0.7707 -0.4996 0.3955
vn -0.1088 0.8404 -0.5309
vn 0.4351 -0.6175 0.6553
vn -0.0000 0.8738 -0.4863
vn -0.0000 -0.6527 0.7576
vn -0.4351 -0.6175 0.6553
vn 0.1088 0.8404 -0.5309
vn -0.7707 -0.4996 0.3955
vn 0.3551 0.7039 -0.6152
vn -0.9426 -0.3192 0.0977
vn 0.7313 0.3850 -0.5630
vn -0.6585 -0.6397 0.3965
vn 0.6585 -0.6397 0.3965
vn 0.3577 -0.7404 0.5690
vn 0.0000 -0.7544 0.6564
vn -0.3577 -0.7404 0.5690
vn -0.8029 0.1098 -0.5860
vn -0.8034 0.2061 -0.5586
vn -0.5341 0.1891 -0.8240
vn -0.5616 0.1094 -0.8201
vn -0.0000 0.1508 -0.9886
vn -0.0000 0.1459 -0.9893
vn 0.5341 0.1891 -0.8240
vn 0.5616 0.1094 -0.8201
vn 0.7436 -0.0375 0.6676
vn 0.6736 0.1494 0.7239
vn 0.4432 0.1119 0.8894
vn 0.4978 -0.1963 0.8448
vn 0.0000 -0.2432 0.9700
vn -0.0000 0.0454 0.9990
vn -0.4432 0.1119 0.8894
vn -0.4978 -0.1963 0.8448
vn 0.4080 -0.7723 0.4870
vn 0.5886 -0.6327 0.5032
vn 0.4954 -0.5499 0.6725
vn -0.0000 -0.7139 0.7003
vn -0.0000 0.9531 0.3027
vn 0.1375 0.9440 0.2998
vn 0.1331 0.8378 0.5295
vn -0.0000 0.8453 0.5342
vn -0.1375 0.9440 0.2998
vn -0.1331 0.8378 0.5295
vn -0.1331 0.9898 0.0509
vn 0.0000 0.9987 0.0514
vn 0.1331 0.9898 0.0509
vn -0.5886 -0.6327 0.5032
vn -0.4080 -0.7723 0.4870
vn -0.4954 -0.5499 0.6725
vn -0.4954 -0.0611 -0.8665
vn -0.0000 -0.1790 -0.9838
vn -0.4080 -0.3498 -0.8433
vn -0.5886 -0.2265 -0.7760
vn 0.4954 -0.0611 -0.8665
vn 0.5886 -0.2265 -0.7760
vn 0.4080 -0.3498 -0.8433
vn 0.8029 0.1098 -0.5860
vn 0.8034 0.2061 -0.5586
vn -0.7436 -0.0375 0.6676
vn -0.6736 0.1494 0.7239
vn 0.8384 0.4816 -0.2551
vn 0.8567 0.4611 -0.2311
vn 0.8932 0.3934 -0.2179
vn -0.9083 0.3646 -0.2051
vn -0.8932 0.3934 -0.2179
vn -0.9382 0.2826 -0.1999
vn -0.8726 0.4416 -0.2087
vn -0.8567 0.4611 -0.2311
vn -0.8384 0.4816 -0.2551
vn 0.9083 0.3646 -0.2051
vn 0.9382 0.2826 -0.1999
vn 0.8726 0.4416 -0.2087
vn 0.0000 0.0602 -0.9982
vn 0.0000 0.0229 -0.9997
vn 0.0000 0.0078 -1.0000
vn 0.0000 0.6592 0.7520
vn 0.0000 0.4320 0.9019
vn 0.0000 0.5239 0.8518
vn -0.8232 -0.5074 0.2547
vn -0.9368 -0.2544 0.2402
vn -0.9583 -0.1780 0.2237
vn -0.8422 -0.4874 0.2304
vn 0.8422 -0.4874 0.2304
vn 0.9583 -0.1780 0.2237
vn 0.9368 -0.2544 0.2402
vn 0.8232 -0.5074 0.2547
vn 0.0000 -0.9645 -0.2642
vn 0.0000 -0.9942 -0.1076
vn 0.0000 -0.9998 -0.0174
vn 0.8026 -0.5271 0.2792
vn 0.9661 0.1756 0.1894
vn -0.8026 -0.5271 0.2792
vn 0.0000 -0.0253 -0.9997
vn -0.9661 0.1756 0.1894
vn 0.0000 -0.9901 0.1406
vn 0.0000 0.2630 0.9648
vn -0.2217 0.6140 -0.7575
vn -0.1730 0.8386 -0.5165
vn 0.3888 0.6129 -0.6879
vn 0.6848 0.5111 -0.5195
vn 0.8779 0.3285 0.3484
vn 0.2827 0.3701 0.8849
vn 0.7569 0.2233 0.6142
vn 0.3256 0.0996 0.9403
vn -0.2077 0.1598 0.9650
vn -0.4536 0.2423 0.8576
vn -0.8696 0.4934 -0.0195
vn -0.7188 0.6032 -0.3457
vn -0.3416 -0.8459 -0.4095
vn -0.8410 0.1670 -0.5146
vn -0.8202 0.3145 -0.4778
vn -0.2610 0.3890 -0.8835
vn -0.2196 0.2696 -0.9376
vn -0.9787 0.0748 -0.1910
vn -0.9697 0.1974 -0.1442
vn -0.2742 -0.2350 0.9325
vn -0.3190 -0.1162 0.9406
vn -0.6051 -0.0238 0.7958
vn -0.6685 -0.1696 0.7241
vn 0.3404 -0.2247 0.9130
vn 0.3126 -0.1385 0.9397
vn 0.8512 -0.1068 0.5138
vn 0.8244 0.0039 0.5660
vn 0.9750 -0.0302 0.2202
vn 0.9678 0.0678 0.2424
vn 0.4941 0.2226 -0.8404
vn 0.4041 0.3579 -0.8418
vn 0.6911 0.2565 -0.6757
vn 0.6776 0.1833 -0.7122
vn 0.2217 0.6140 -0.7575
vn 0.1730 0.8386 -0.5165
vn 0.7188 0.6032 -0.3457
vn 0.8696 0.4934 -0.0195
vn 0.4536 0.2423 0.8576
vn -0.2827 0.3701 0.8849
vn 0.2077 0.1598 0.9650
vn -0.3256 0.0996 0.9403
vn -0.7569 0.2233 0.6142
vn -0.8779 0.3285 0.3484
vn -0.6848 0.5111 -0.5195
vn -0.3888 0.6129 -0.6879
vn 0.3416 -0.8459 -0.4096
vn -0.4941 0.2226 -0.8404
vn -0.4041 0.3579 -0.8418
vn 0.2610 0.3890 -0.8835
vn 0.2196 0.2696 -0.9376
vn -0.6776 0.1833 -0.7122
vn -0.6911 0.2565 -0.6757
vn -0.8512 -0.1068 0.5138
vn -0.8244 0.0039 0.5660
vn -0.9678 0.0678 0.2424
vn -0.9750 -0.0302 0.2202
vn -0.3404 -0.2247 0.9130
vn -0.3126 -0.1385 0.9397
vn 0.2742 -0.2350 0.9325
vn 0.3190 -0.1162 0.9406
vn 0.6685 -0.1696 0.7241
vn 0.6051 -0.0238 0.7958
vn 0.8410 0.1670 -0.5146
vn 0.8202 0.3145 -0.4778
vn 0.9697 0.1974 -0.1442
vn 0.9787 0.0748 -0.1910
vn -0.2804 -0.6900 0.6673
vn -0.4360 -0.2843 0.8538
vn -0.7232 -0.3839 0.5741
vn -0.4929 -0.7715 0.4022
vn -0.0858 -0.9893 0.1181
vn -0.0506 -0.9875 0.1496
vn -0.0356 -0.9694 0.2427
vn -0.1034 -0.9840 0.1451
vn 0.2804 -0.6900 0.6673
vn 0.4360 -0.2843 0.8538
vn 0.2284 -0.2421 0.9430
vn 0.1482 -0.6521 0.7436
vn 0.6948 0.5979 0.3998
vn 0.4531 0.7649 0.4578
vn 0.4597 0.7364 0.4964
vn 0.6956 0.5768 0.4282
vn -0.4531 0.7649 0.4578
vn -0.6948 0.5979 0.3998
vn -0.6956 0.5768 0.4282
vn -0.4597 0.7364 0.4964
vn 0.0000 0.8653 0.5012
vn -0.2349 0.8443 0.4816
vn -0.2301 0.8050 0.5469
vn 0.0000 0.8202 0.5721
vn -0.5759 -0.8058 0.1381
vn -0.2343 -0.9703 0.0598
vn -0.8516 -0.3703 0.3711
vn -0.8494 -0.2531 0.4632
vn -0.9401 -0.2457 0.2364
vn -0.8711 -0.4579 0.1772
vn -0.0260 -0.9552 0.2947
vn -0.1482 -0.6521 0.7436
vn 0.2349 0.8443 0.4816
vn 0.2301 0.8050 0.5469
vn 0.0000 -0.2362 0.9717
vn 0.0000 -0.6577 0.7533
vn 0.0356 -0.9694 0.2427
vn 0.0260 -0.9552 0.2947
vn 0.0000 -0.9542 0.2990
vn 0.8516 -0.3703 0.3711
vn 0.2343 -0.9703 0.0598
vn 0.5759 -0.8058 0.1381
vn 0.4929 -0.7715 0.4022
vn 0.1034 -0.9840 0.1451
vn 0.7232 -0.3839 0.5741
vn -0.0000 0.8566 -0.5160
vn -0.0000 0.9554 -0.2954
vn 0.0765 0.9554 -0.2854
vn 0.1335 0.8566 -0.4984
vn 0.0000 -1.0000 -0.0005
vn -0.0000 -0.9840 -0.1783
vn 0.0462 -0.9840 -0.1723
vn -0.0000 -0.2558 -0.9667
vn -0.0000 -0.0388 -0.9992
vn 0.2586 -0.0388 -0.9652
vn 0.2502 -0.2558 -0.9338
vn -0.0000 0.5900 -0.8074
vn 0.2090 0.5900 -0.7799
vn 0.2412 -0.8760 -0.4177
vn 0.3562 -0.7017 -0.6170
vn 0.5038 -0.7017 -0.5038
vn 0.3411 -0.8760 -0.3411
vn -0.0000 0.9891 -0.1471
vn -0.0000 1.0000 -0.0000
vn 0.0381 0.9891 -0.1421
vn -0.0000 -0.4954 -0.8687
vn 0.2248 -0.4954 -0.8391
vn -0.0000 0.2256 -0.9742
vn 0.2521 0.2256 -0.9410
vn -0.0000 -0.7017 -0.7125
vn 0.1844 -0.7017 -0.6882
vn -0.0000 0.0464 -0.9989
vn 0.2585 0.0464 -0.9649
vn 0.0735 0.9891 -0.1274
vn 0.4834 -0.2558 -0.8372
vn 0.4343 -0.4954 -0.7523
vn 0.4037 0.5900 -0.6993
vn 0.4871 0.2256 -0.8437
vn 0.1477 0.9554 -0.2558
vn 0.4995 0.0464 -0.8651
vn 0.2580 0.8566 -0.4468
vn 0.0892 -0.9840 -0.1545
vn 0.4996 -0.0388 -0.8654
vn -0.0000 -0.8760 -0.4823
vn 0.1248 -0.8760 -0.4659
vn 0.1261 -0.9840 -0.1261
vn 0.7066 -0.0388 -0.7066
vn 0.6836 -0.2558 -0.6836
vn 0.3648 0.8566 -0.3648
vn 0.5709 0.5900 -0.5709
vn 0.6170 -0.7017 -0.3562
vn 0.4177 -0.8760 -0.2412
vn 0.1040 0.9891 -0.1040
vn 0.6143 -0.4954 -0.6143
vn 0.6889 0.2256 -0.6889
vn 0.2089 0.9554 -0.2089
vn 0.7063 0.0464 -0.7063
vn 0.1274 0.9891 -0.0735
vn 0.2558 0.9554 -0.1477
vn 0.7523 -0.4954 -0.4343
vn 0.8437 0.2256 -0.4871
vn 0.8651 0.0464 -0.4995
vn 0.4468 0.8566 -0.2580
vn 0.1545 -0.9840 -0.0892
vn 0.8654 -0.0388 -0.4996
vn 0.8372 -0.2558 -0.4834
vn 0.6993 0.5900 -0.4037
vn 0.6882 -0.7017 -0.1844
vn 0.4659 -0.8760 -0.1248
vn 0.7184 -0.6939 -0.0498
vn 0.4601 -0.8865 -0.0484
vn 0.1421 0.9891 -0.0381
vn 0.9338 -0.2558 -0.2502
vn 0.8391 -0.4954 -0.2248
vn 0.7799 0.5900 -0.2090
vn 0.9410 0.2256 -0.2521
vn 0.2854 0.9554 -0.0765
vn 0.9649 0.0464 -0.2585
vn 0.4984 0.8566 -0.1335
vn 0.1723 -0.9840 -0.0462
vn 0.9652 -0.0388 -0.2586
vn 0.2954 0.9554 0.0000
vn 0.5160 0.8566 0.0000
vn 0.1655 -0.9862 -0.0104
vn 0.9992 -0.0388 0.0000
vn 0.9670 -0.2546 -0.0012
vn 0.8074 0.5900 0.0000
vn 0.6994 -0.7123 0.0580
vn 0.3744 -0.9271 -0.0154
vn 0.1471 0.9891 -0.0000
vn 0.8752 -0.4834 -0.0174
vn 0.9742 0.2256 0.0000
vn 0.9989 0.0464 0.0000
vn 0.1421 0.9891 0.0381
vn 0.2854 0.9554 0.0765
vn 0.8711 -0.4579 0.1772
vn 0.9410 0.2256 0.2521
vn 0.9649 0.0464 0.2585
vn 0.4984 0.8566 0.1335
vn 0.1371 -0.9905 0.0136
vn 0.9658 -0.0366 0.2565
vn 0.9401 -0.2457 0.2364
vn 0.7799 0.5900 0.2090
vn 0.4468 0.8566 0.2580
vn 0.6993 0.5900 0.4037
vn 0.1274 0.9891 0.0735
vn 0.8437 0.2256 0.4871
vn 0.2558 0.9554 0.1477
vn 0.8494 -0.2531 0.4632
vn 0.8651 0.0464 0.4995
vn 0.1014 -0.9931 0.0585
vn 0.8695 -0.0278 0.4932
vn 0.2089 0.9554 0.2089
vn 0.3648 0.8566 0.3648
vn 0.0803 -0.9905 0.1119
vn 0.7061 -0.0207 0.7078
vn 0.6695 -0.2257 0.7076
vn 0.5709 0.5900 0.5709
vn 0.0506 -0.9875 0.1496
vn 0.0858 -0.9893 0.1181
vn 0.1040 0.9891 0.1040
vn 0.6889 0.2256 0.6889
vn 0.6237 -0.3672 0.6900
vn 0.7063 0.0464 0.7063
vn 0.4037 0.5900 0.6993
vn 0.4779 0.2192 0.8506
vn 0.0735 0.9891 0.1274
vn 0.1477 0.9554 0.2558
vn 0.4799 0.0484 0.8760
vn 0.2580 0.8566 0.4468
vn 0.0732 -0.9856 0.1523
vn 0.4787 -0.0232 0.8777
vn 0.4534 -0.2295 0.8613
vn 0.4140 -0.3335 0.8470
vn 0.1335 0.8566 0.4984
vn 0.2090 0.5900 0.7799
vn -0.2284 -0.2421 0.9430
vn 0.0381 0.9891 0.1421
vn 0.2777 -0.2378 0.9308
vn 0.2202 -0.2956 0.9296
vn 0.2436 0.2138 0.9460
vn 0.0765 0.9554 0.2854
vn 0.0000 -0.9798 0.1998
vn 0.0224 -0.9826 0.1841
vn 0.2789 0.1473 0.9490
vn 0.0466 -0.9822 0.1818
vn 0.3537 -0.0141 0.9353
vn -0.0000 0.2158 0.9764
vn 0.0000 0.1867 0.9824
vn -0.0000 0.9554 0.2954
vn -0.0000 0.8566 0.5160
vn 0.0000 -0.9818 0.1900
vn -0.0000 0.5900 0.8074
vn 0.0000 0.9891 0.1471
vn -0.0000 -0.2923 0.9563
vn -0.2090 0.5900 0.7799
vn -0.2436 0.2138 0.9460
vn -0.0381 0.9891 0.1421
vn -0.0765 0.9554 0.2854
vn -0.2790 0.1473 0.9489
vn -0.1335 0.8566 0.4984
vn -0.0466 -0.9822 0.1818
vn -0.2777 -0.2378 0.9308
vn -0.2202 -0.2956 0.9296
vn -0.3536 -0.0141 0.9353
vn -0.4787 -0.0232 0.8777
vn -0.4534 -0.2295 0.8613
vn -0.2580 0.8566 0.4468
vn -0.4037 0.5900 0.6993
vn -0.0224 -0.9826 0.1841
vn -0.0735 0.9891 0.1274
vn -0.4140 -0.3335 0.8470
vn -0.4779 0.2192 0.8506
vn -0.1477 0.9554 0.2558
vn -0.4798 0.0484 0.8760
vn -0.0732 -0.9856 0.1523
vn -0.6889 0.2256 0.6889
vn -0.7063 0.0464 0.7063
vn -0.2089 0.9554 0.2089
vn -0.3648 0.8566 0.3648
vn -0.0803 -0.9905 0.1119
vn -0.7061 -0.0207 0.7078
vn -0.6695 -0.2257 0.7076
vn -0.5709 0.5900 0.5709
vn -0.1040 0.9891 0.1040
vn -0.6237 -0.3672 0.6900
vn -0.6994 -0.7123 0.0580
vn -0.6993 0.5900 0.4037
vn -0.8437 0.2256 0.4871
vn -0.1274 0.9891 0.0735
vn -0.2558 0.9554 0.1477
vn -0.8651 0.0464 0.4995
vn -0.4468 0.8566 0.2580
vn -0.1014 -0.9931 0.0585
vn -0.8695 -0.0279 0.4932
vn -0.3744 -0.9271 -0.0154
vn -0.9658 -0.0366 0.2565
vn -0.4984 0.8566 0.1335
vn -0.7799 0.5900 0.2090
vn -0.7184 -0.6939 -0.0498
vn -0.4601 -0.8865 -0.0484
vn -0.1421 0.9891 0.0381
vn -0.9410 0.2256 0.2521
vn -0.2853 0.9554 0.0765
vn -0.9649 0.0464 0.2585
vn -0.1371 -0.9905 0.0136
vn -0.8752 -0.4834 -0.0174
vn -0.9742 0.2256 -0.0000
vn -0.9989 0.0464 -0.0000
vn -0.2954 0.9554 0.0000
vn -0.5160 0.8566 0.0000
vn -0.1655 -0.9862 -0.0104
vn -0.9992 -0.0388 -0.0000
vn -0.9670 -0.2546 -0.0012
vn -0.8074 0.5900 -0.0000
vn -0.6882 -0.7017 -0.1844
vn -0.4659 -0.8760 -0.1248
vn -0.1471 0.9891 -0.0000
vn -0.1421 0.9891 -0.0381
vn -0.9338 -0.2558 -0.2502
vn -0.8391 -0.4954 -0.2248
vn -0.7799 0.5900 -0.2090
vn -0.9410 0.2256 -0.2521
vn -0.2853 0.9554 -0.0765
vn -0.9649 0.0464 -0.2585
vn -0.4984 0.8566 -0.1335
vn -0.1723 -0.9840 -0.0462
vn -0.9652 -0.0388 -0.2586
vn -0.6170 -0.7017 -0.3562
vn -0.4177 -0.8760 -0.2412
vn -0.1545 -0.9840 -0.0892
vn -0.8654 -0.0388 -0.4996
vn -0.8372 -0.2558 -0.4834
vn -0.4468 0.8566 -0.2580
vn -0.6993 0.5900 -0.4037
vn -0.5038 -0.7017 -0.5038
vn -0.3411 -0.8760 -0.3411
vn -0.1274 0.9891 -0.0735
vn -0.7523 -0.4954 -0.4343
vn -0.8437 0.2256 -0.4871
vn -0.2558 0.9554 -0.1477
vn -0.8651 0.0464 -0.4995
vn -0.1040 0.9891 -0.1040
vn -0.2089 0.9554 -0.2089
vn -0.6143 -0.4954 -0.6143
vn -0.6889 0.2256 -0.6889
vn -0.7063 0.0464 -0.7063
vn -0.3648 0.8566 -0.3648
vn -0.1261 -0.9840 -0.1261
vn -0.7066 -0.0388 -0.7066
vn -0.6836 -0.2558 -0.6836
vn -0.5709 0.5900 -0.5709
vn -0.3562 -0.7017 -0.6170
vn -0.2412 -0.8760 -0.4177
vn -0.1844 -0.7017 -0.6882
vn -0.1248 -0.8760 -0.4659
vn -0.0735 0.9891 -0.1274
vn -0.4834 -0.2558 -0.8372
vn -0.4343 -0.4954 -0.7523
vn -0.4037 0.5900 -0.6993
vn -0.4871 0.2256 -0.8437
vn -0.1477 0.9554 -0.2558
vn -0.4995 0.0464 -0.8651
vn -0.2580 0.8566 -0.4468
vn -0.0892 -0.9840 -0.1545
vn -0.4996 -0.0388 -0.8654
vn -0.0765 0.9554 -0.2854
vn -0.1335 0.8566 -0.4984
vn -0.0462 -0.9840 -0.1723
vn -0.2586 -0.0388 -0.9652
vn -0.2502 -0.2558 -0.9338
vn -0.2090 0.5900 -0.7799
vn -0.0381 0.9891 -0.1421
vn -0.2248 -0.4954 -0.8391
vn -0.2521 0.2256 -0.9410
vn -0.2585 0.0464 -0.9649
vn -0.2591 0.6011 0.7560
vn 0.0000 0.6150 0.7885
vn -0.2650 0.1717 0.9488
vn 0.0000 0.1824 0.9832
vn -0.7993 -0.0591 0.5980
vn -0.7979 0.3207 0.5104
vn -0.5080 0.1146 0.8537
vn -0.5108 0.5317 0.6755
vn 0.5108 0.5317 0.6755
vn 0.7979 0.3207 0.5104
vn 0.5080 0.1146 0.8537
vn 0.7993 -0.0591 0.5980
vn 0.2650 0.1717 0.9488
vn 0.2591 0.6011 0.7560
vn 0.3533 -0.9029 0.2449
vn 0.0001 -0.9578 0.2876
vn 0.0000 -0.9996 0.0274
vn 0.3893 -0.9208 0.0228
vn 0.9286 0.2538 0.2707
vn 0.9518 0.1102 0.2862
vn 0.9997 -0.0164 0.0168
vn -0.3527 -0.9030 0.2454
vn -0.3891 -0.9209 0.0229
vn 0.0001 -0.7667 0.6420
vn -0.2934 -0.7279 0.6198
vn -0.0001 -0.4893 0.8721
vn -0.2856 -0.4733 0.8334
vn -0.2680 -0.1317 0.9544
vn -0.0001 -0.1257 0.9921
vn 0.0000 0.1836 0.9830
vn -0.2339 0.1930 0.9529
vn -0.9763 -0.2156 0.0170
vn -0.9156 -0.1874 0.3557
vn -0.9518 0.1101 0.2864
vn -0.9997 -0.0161 0.0168
vn -0.5134 -0.4797 0.7116
vn -0.6198 -0.7243 0.3022
vn -0.3919 0.1965 0.8988
vn -0.4719 -0.1268 0.8725
vn -0.6617 0.1828 0.7271
vn -0.6611 -0.1287 0.7391
vn -0.2051 0.3412 0.9173
vn -0.0000 0.3564 0.9343
vn -0.8744 -0.4849 0.0167
vn -0.7984 -0.4795 0.3642
vn -0.7014 -0.7125 0.0173
vn 0.7018 -0.7121 0.0172
vn 0.6199 -0.7243 0.3018
vn 0.2936 -0.7278 0.6197
vn 0.8747 -0.4844 0.0168
vn 0.7982 -0.4795 0.3645
vn 0.9155 -0.1865 0.3565
vn 0.9763 -0.2156 0.0171
vn 0.2676 -0.1325 0.9544
vn 0.2340 0.1927 0.9530
vn 0.5134 -0.4798 0.7114
vn 0.6615 0.1831 0.7273
vn 0.6614 -0.1282 0.7390
vn 0.3917 0.1962 0.8989
vn 0.4724 -0.1275 0.8721
vn -0.9286 0.2537 0.2707
vn 0.2853 -0.4732 0.8335
vn 0.2051 0.3411 0.9174
vn 0.1829 -0.8278 0.5303
vn -0.2170 -0.8098 0.5451
vn -0.2490 -0.9292 0.2731
vn 0.1922 -0.9444 0.2667
vn -0.7943 -0.3460 0.4994
vn -0.8793 -0.0499 0.4737
vn -0.9688 -0.0660 0.2388
vn -0.8797 -0.4033 0.2520
vn -0.8555 0.2292 0.4643
vn -0.9392 0.2517 0.2337
vn -0.7365 0.4829 0.4737
vn -0.8060 0.5415 0.2388
vn -0.5149 0.6968 0.4994
vn -0.5601 0.7891 0.2520
vn -0.1404 0.8325 0.5359
vn -0.1480 0.9521 0.2675
vn 0.0765 0.8706 0.4860
vn 0.0777 0.9634 0.2565
vn 0.0477 0.9058 0.4211
vn 0.0460 0.9824 0.1808
vn 0.9374 0.1529 0.3128
vn 0.9253 0.0513 0.3758
vn 0.9798 0.0720 0.1867
vn 0.9786 0.1607 0.1283
vn 0.8938 -0.0609 0.4443
vn 0.9713 -0.0640 0.2292
vn 0.8531 -0.2311 0.4679
vn 0.9379 -0.2547 0.2357
vn 0.7365 -0.4829 0.4737
vn 0.8060 -0.5415 0.2388
vn 0.5149 -0.6968 0.4994
vn 0.5601 -0.7891 0.2520
vn 0.4964 0.5288 -0.6885
vn 0.5156 0.1926 -0.8349
vn 0.0815 0.4228 -0.9025
vn -0.5723 -0.6255 0.5303
vn -0.6387 -0.7218 0.2667
vn 0.5538 -0.7810 -0.2885
vn 0.1897 -0.9337 -0.3036
vn 0.1742 -0.7818 -0.5987
vn 0.4908 -0.6613 -0.5672
vn 0.7980 -0.5365 -0.2746
vn 0.7040 -0.4603 -0.5408
vn 0.9292 -0.2508 -0.2714
vn 0.8163 -0.2177 -0.5350
vn 0.9589 -0.0621 -0.2769
vn 0.8443 -0.0574 -0.5328
vn 0.9538 0.0893 -0.2870
vn 0.9581 0.1839 -0.2195
vn 0.0955 0.9371 -0.3356
vn 0.0715 0.9583 -0.2765
vn -0.1447 0.9416 -0.3041
vn -0.1304 0.7856 -0.6048
vn -0.5538 0.7810 -0.2885
vn -0.4908 0.6613 -0.5672
vn -0.7980 0.5365 -0.2746
vn -0.7040 0.4603 -0.5408
vn -0.9303 0.2493 -0.2691
vn -0.8185 0.2193 -0.5310
vn -0.9593 -0.0656 -0.2746
vn -0.8399 -0.0466 -0.5408
vn -0.8702 -0.3995 -0.2885
vn -0.7557 -0.3273 -0.5672
vn -0.6312 -0.7138 -0.3036
vn -0.5418 -0.5899 -0.5987
vn -0.2461 -0.9183 -0.3101
vn -0.2044 -0.7627 -0.6137
vn 0.0090 0.0059 -0.9999
vn -0.0013 0.0042 1.0000
vn 0.1243 0.1435 0.9818
vn 0.0486 0.1789 0.9827
vn 0.1840 0.0878 0.9790
vn 0.2183 0.0174 0.9757
vn 0.2197 -0.0581 0.9738
vn 0.1856 -0.1262 0.9745
vn 0.1214 -0.1751 0.9770
vn 0.0294 -0.1982 0.9797
vn 0.0650 -0.2374 0.9692
vn -0.1091 -0.0604 0.9922
vn -0.3094 0.1105 0.9445
vn -0.2453 0.0235 0.9692
vn -0.2342 0.0638 0.9701
vn -0.1911 0.1325 0.9726
vn -0.1197 0.1762 0.9770
vn -0.0356 0.1910 0.9809
vn -0.1829 -0.8278 0.5303
vn -0.1922 -0.9444 0.2667
vn 0.2490 -0.9292 0.2731
vn 0.2170 -0.8098 0.5451
vn 0.7943 -0.3460 0.4994
vn 0.8797 -0.4033 0.2520
vn 0.9688 -0.0660 0.2388
vn 0.8793 -0.0499 0.4737
vn 0.9392 0.2517 0.2337
vn 0.8555 0.2292 0.4643
vn 0.8060 0.5415 0.2388
vn 0.7365 0.4829 0.4737
vn 0.5601 0.7891 0.2520
vn 0.5149 0.6968 0.4994
vn 0.1480 0.9521 0.2675
vn 0.1404 0.8325 0.5359
vn -0.0777 0.9634 0.2565
vn -0.0765 0.8706 0.4860
vn -0.0460 0.9824 0.1808
vn -0.0477 0.9058 0.4211
vn -0.9374 0.1529 0.3128
vn -0.9786 0.1607 0.1283
vn -0.9798 0.0720 0.1867
vn -0.9253 0.0513 0.3758
vn -0.9712 -0.0635 0.2295
vn -0.8936 -0.0602 0.4448
vn -0.8088 -0.3665 0.4598
vn -0.8863 -0.4015 0.2308
vn -0.8049 -0.5433 0.2388
vn -0.7353 -0.4848 0.4737
vn -0.0007 0.0033 1.0000
vn 0.2485 -0.0062 0.9686
vn 0.2537 -0.0510 0.9659
vn 0.2175 0.0733 0.9733
vn -0.5601 -0.7891 0.2520
vn -0.5149 -0.6968 0.4994
vn -0.4964 0.5288 -0.6885
vn -0.0836 0.4224 -0.9025
vn -0.5165 0.1923 -0.8344
vn 0.6387 -0.7218 0.2667
vn 0.5723 -0.6255 0.5303
vn -0.5538 -0.7810 -0.2885
vn -0.4908 -0.6613 -0.5672
vn -0.1742 -0.7818 -0.5987
vn -0.1897 -0.9337 -0.3036
vn -0.8073 -0.5150 -0.2881
vn -0.7174 -0.4011 -0.5696
vn -0.9533 -0.0834 -0.2902
vn -0.8214 -0.1054 -0.5606
vn -0.7965 -0.1688 -0.5806
vn -0.9356 -0.1481 -0.3204
vn -0.9662 -0.1050 0.2356
vn -0.9538 0.0893 -0.2870
vn -0.9581 0.1839 -0.2195
vn -0.0955 0.9371 -0.3356
vn -0.0715 0.9583 -0.2765
vn 0.1447 0.9416 -0.3041
vn 0.1304 0.7856 -0.6048
vn 0.5538 0.7810 -0.2885
vn 0.4908 0.6613 -0.5672
vn 0.7980 0.5365 -0.2746
vn 0.7040 0.4603 -0.5408
vn 0.9303 0.2493 -0.2691
vn 0.8185 0.2193 -0.5310
vn 0.9593 -0.0656 -0.2746
vn 0.8399 -0.0466 -0.5408
vn 0.8702 -0.3995 -0.2885
vn 0.7557 -0.3273 -0.5672
vn 0.6312 -0.7138 -0.3036
vn 0.5418 -0.5899 -0.5987
vn 0.2461 -0.9183 -0.3101
vn 0.2044 -0.7627 -0.6137
vn -0.8788 -0.0935 0.4680
vn -0.8887 -0.3365 -0.3115
vn -0.7865 -0.2354 -0.5710
vn -0.0486 0.1789 0.9827
vn -0.1243 0.1435 0.9818
vn -0.1840 0.0878 0.9790
vn -0.2183 0.0174 0.9757
vn -0.2197 -0.0581 0.9738
vn -0.1856 -0.1262 0.9745
vn -0.1214 -0.1751 0.9770
vn -0.0294 -0.1982 0.9797
vn -0.0650 -0.2374 0.9692
vn 0.1091 -0.0604 0.9922
vn 0.3094 0.1105 0.9445
vn 0.1815 0.1849 0.9658
vn 0.1731 0.1692 0.9703
vn 0.1197 0.1762 0.9770
vn 0.0356 0.1910 0.9809
vn -0.7090 0.6916 0.1378
vn -0.6939 0.6944 0.1906
vn -0.7347 0.6716 -0.0956
vn -0.7366 0.6734 -0.0628
vn -0.4127 -0.8781 0.2421
vn -0.4305 -0.8836 0.1843
vn -0.4732 -0.8748 -0.1041
vn -0.4702 -0.8694 -0.1516
vn -0.3498 -0.8419 0.4108
vn -0.6475 0.6923 0.3186
vn -0.4567 -0.8444 -0.2802
vn -0.7268 0.6644 -0.1740
vn -0.0128 0.0051 -0.9999
vn 0.0000 -0.0501 -0.9987
vn 0.0000 0.1980 -0.9802
vn 0.3315 0.1908 -0.9239
vn 0.3621 -0.0586 -0.9303
vn 0.6143 0.1733 -0.7698
vn 0.6605 -0.1052 -0.7434
vn 0.8723 0.1644 -0.4605
vn 0.9101 -0.1348 -0.3918
vn 0.9648 0.2561 -0.0593
vn 0.9989 -0.0384 0.0266
vn 0.8786 0.3842 0.2837
vn 0.9173 0.0975 0.3860
vn 0.6663 0.4849 0.5666
vn 0.6961 0.2086 0.6870
vn 0.3575 0.5488 0.7556
vn 0.3738 0.2807 0.8840
vn 0.0000 0.5709 0.8210
vn 0.0000 0.3057 0.9521
vn -0.3575 0.5489 0.7556
vn -0.3738 0.2807 0.8840
vn -0.6663 0.4849 0.5666
vn -0.6961 0.2086 0.6870
vn -0.8786 0.3842 0.2837
vn -0.9173 0.0975 0.3860
vn -0.9648 0.2561 -0.0593
vn -0.9989 -0.0384 0.0266
vn -0.8723 0.1644 -0.4605
vn -0.9101 -0.1348 -0.3918
vn -0.6143 0.1733 -0.7698
vn -0.6605 -0.1052 -0.7434
vn 0.7198 0.4847 -0.4969
vn 0.8188 0.5598 -0.1273
vn -0.3315 0.1908 -0.9239
vn -0.3621 -0.0586 -0.9303
vn -0.0000 -0.9666 0.2561
vn -0.0000 0.8016 0.5979
vn -0.2993 0.7847 0.5429
vn -0.7198 0.4847 -0.4969
vn -0.4774 0.4406 -0.7603
vn 0.2513 0.4487 -0.8577
vn 0.4774 0.4406 -0.7603
vn 0.5583 0.7351 0.3845
vn 0.2993 0.7847 0.5429
vn -0.7411 0.6533 0.1551
vn -0.8188 0.5598 -0.1273
vn 0.7411 0.6533 0.1551
vn -0.5583 0.7351 0.3845
vn -0.2513 0.4487 -0.8577
vn 0.0000 0.4624 -0.8867
usemtl Black
s 1
f 17/1/1 10/2/2 14/3/3 1/4/4
s 2
f 30/5/5 34/6/6 32/7/7 33/8/8
s 3
f 2/9/9 16/10/10 10/11/2 17/12/1
s 4
f 11/13/11 3/14/12 7/15/13 14/3/3
s 5
f 7/15/13 3/14/12 5/16/14 4/17/15
s 6
f 22/18/16 26/19/17 25/20/18 24/21/19
s 7
f 8/22/20 4/23/15 5/24/14 6/25/21
s 8
f 15/26/22 11/27/11 12/28/23 13/29/24
s 9
f 9/30/25 6/31/21 5/32/14 3/33/12
s 10
f 16/10/10 13/34/24 12/35/23 10/11/2
s 11
f 23/36/26 29/37/27 9/30/25 15/26/22
s 12
f 36/38/28 39/39/29 30/5/5 22/18/16
s 13
f 38/40/30 18/41/31 8/22/20 28/42/32
s 14
f 8/22/20 18/41/31 20/43/33 4/23/15
s 15
f 29/37/27 33/8/8 32/7/7 31/44/34
s 16
f 28/42/32 31/45/34 32/7/7 34/6/6
s 17
f 15/26/22 9/30/25 3/33/12 11/27/11
s 18
f 21/46/35 24/21/19 25/20/18 27/47/36
s 19
f 23/36/26 27/48/36 25/20/18 26/19/17
s 20
f 14/3/3 7/15/13 19/49/37 1/4/4
s 21
f 14/3/3 10/2/2 12/50/23 11/13/11
s 22
f 4/17/15 20/51/33 19/49/37 7/15/13
s 23
f 21/46/35 35/52/38 37/53/39 24/21/19
s 24
f 24/21/19 37/53/39 36/38/28 22/18/16
s 25
f 38/40/30 28/42/32 34/6/6 40/54/40
s 26
f 40/54/40 34/6/6 30/5/5 39/39/29
s 27
f 29/37/27 23/36/26 26/19/17 33/8/8
s 28
f 33/8/8 26/19/17 22/18/16 30/5/5
s 29
f 16/10/10 21/46/35 27/47/36 13/34/24
s 30
f 13/29/24 27/48/36 23/36/26 15/26/22
s 31
f 28/42/32 8/22/20 6/25/21 31/45/34
s 32
f 31/44/34 6/31/21 9/30/25 29/37/27
s 33
f 2/9/9 35/52/38 21/46/35 16/10/10
s 34
f 57/55/41 50/56/42 54/57/43 41/58/44
s 35
f 70/59/45 74/60/46 72/61/47 73/62/48
s 36
f 42/63/49 56/64/50 50/65/42 57/66/41
s 37
f 51/67/51 43/68/52 47/69/53 54/57/43
s 38
f 47/69/53 43/68/52 45/70/54 44/71/55
s 39
f 62/72/56 66/73/57 65/74/58 64/75/59
s 40
f 48/76/60 44/77/55 45/78/54 46/79/61
s 41
f 55/80/62 51/81/51 52/82/63 53/83/64
s 42
f 49/84/65 46/85/61 45/86/54 43/87/52
s 43
f 56/64/50 53/88/64 52/89/63 50/65/42
s 44
f 63/90/66 69/91/67 49/84/65 55/80/62
s 45
f 76/92/68 79/93/69 70/59/45 62/72/56
s 46
f 78/94/70 58/95/71 48/76/60 68/96/72
s 47
f 48/76/60 58/95/71 60/97/73 44/77/55
s 48
f 69/91/67 73/62/48 72/61/47 71/98/74
s 49
f 68/96/72 71/99/74 72/61/47 74/60/46
s 50
f 55/80/62 49/84/65 43/87/52 51/81/51
s 51
f 61/100/75 64/75/59 65/74/58 67/101/76
s 52
f 63/90/66 67/102/76 65/74/58 66/73/57
s 53
f 54/57/43 47/69/53 59/103/77 41/58/44
s 54
f 54/57/43 50/56/42 52/104/63 51/67/51
s 55
f 44/71/55 60/105/73 59/103/77 47/69/53
s 56
f 61/100/75 75/106/78 77/107/79 64/75/59
s 57
f 64/75/59 77/107/79 76/92/68 62/72/56
s 58
f 78/94/70 68/96/72 74/60/46 80/108/80
s 59
f 80/108/80 74/60/46 70/59/45 79/93/69
s 60
f 69/91/67 63/90/66 66/73/57 73/62/48
s 61
f 73/62/48 66/73/57 62/72/56 70/59/45
s 62
f 56/64/50 61/100/75 67/101/76 53/88/64
s 63
f 53/83/64 67/102/76 63/90/66 55/80/62
s 64
f 68/96/72 48/76/60 46/79/61 71/99/74
s 65
f 71/98/74 46/85/61 49/84/65 69/91/67
s 66
f 42/63/49 75/106/78 61/100/75 56/64/50
s 87
f 162/109/81 126/110/82 300/111/83 275/112/84
s 88
f 224/113/85 245/114/86 203/115/87 182/116/88
s 89
f 120/117/89 105/118/90 298/119/91 309/120/92
s 90
f 168/121/93 286/122/94 273/123/95 155/124/96
s 91
f 98/125/97 119/126/98 161/127/99 140/128/100
s 92
f 97/129/101 225/130/102 183/131/103 288/132/104
s 93
f 100/133/105 290/134/106 292/135/107 101/136/108
s 94
f 101/136/108 292/135/107 294/137/109 109/138/110
s 95
f 107/139/111 296/140/112 298/119/91 105/118/90
s 96
f 99/141/113 100/133/105 103/142/114 102/143/115
s 97
f 100/133/105 101/136/108 104/144/116 103/142/114
s 98
f 101/136/108 109/138/110 110/145/117 104/144/116
s 99
f 109/146/110 294/147/109 296/140/112 107/139/111
s 100
f 105/118/90 106/148/118 108/149/119 107/139/111
s 101
f 106/148/118 116/150/120 117/151/121 108/149/119
s 102
f 307/152/122 121/153/123 120/117/89 309/120/92
s 103
f 107/139/111 108/149/119 110/154/117 109/146/110
s 104
f 108/149/119 117/151/121 118/155/124 110/154/117
s 105
f 98/125/97 111/156/125 114/157/126 113/158/127
s 106
f 111/156/125 112/159/128 115/160/129 114/157/126
s 107
f 112/159/128 102/161/115 103/162/114 115/160/129
s 108
f 113/158/127 114/157/126 117/163/121 116/164/120
s 109
f 114/157/126 115/160/129 118/165/124 117/163/121
s 110
f 115/160/129 103/162/114 104/166/116 118/165/124
s 111
f 104/144/116 110/145/117 118/167/124
s 112
f 305/168/130 122/169/131 121/153/123 307/152/122
s 113
f 303/170/132 130/171/133 122/169/131 305/172/130
s 114
f 300/111/83 126/110/82 128/173/134 301/174/135
s 115
f 120/117/89 121/153/123 124/175/136 123/176/137
s 116
f 121/153/123 122/169/131 125/177/138 124/175/136
s 117
f 122/169/131 130/171/133 131/178/139 125/177/138
s 118
f 301/174/135 128/173/134 130/179/133 303/170/132
s 119
f 126/110/82 127/180/140 129/181/141 128/173/134
s 120
f 127/180/140 137/182/142 138/183/143 129/181/141
s 121
f 96/184/144 141/185/145 143/186/146 95/187/147
s 122
f 128/173/134 129/181/141 131/188/139 130/179/133
s 123
f 129/181/141 138/183/143 139/189/148 131/188/139
s 124
f 119/126/98 132/190/149 135/191/150 134/192/151
s 125
f 132/190/149 133/193/152 136/194/153 135/191/150
s 126
f 133/193/152 123/195/137 124/196/136 136/194/153
s 127
f 134/192/151 135/191/150 138/197/143 137/198/142
s 128
f 135/191/150 136/194/153 139/199/148 138/197/143
s 129
f 136/194/153 124/196/136 125/200/138 139/199/148
s 130
f 125/177/138 131/178/139 139/201/148
s 131
f 95/187/147 143/186/146 145/202/154 267/203/155
s 132
f 141/185/145 142/204/156 144/205/157 143/186/146
s 133
f 142/204/156 152/206/158 153/207/159 144/205/157
s 134
f 271/208/160 156/209/161 155/124/96 273/123/95
s 135
f 143/186/146 144/205/157 146/210/162 145/202/154
s 136
f 144/205/157 153/207/159 154/211/163 146/210/162
s 137
f 140/128/100 147/212/164 150/213/165 149/214/166
s 138
f 147/212/164 148/215/167 151/216/168 150/213/165
s 139
f 148/215/167 158/217/169 159/218/170 151/216/168
s 140
f 149/214/166 150/213/165 153/219/159 152/220/158
s 141
f 150/213/165 151/216/168 154/221/163 153/219/159
s 142
f 151/216/168 159/218/170 160/222/171 154/221/163
s 143
f 269/223/172 157/224/173 156/209/161 271/208/160
s 144
f 267/203/155 145/225/154 157/224/173 269/226/172
s 145
f 162/109/81 275/112/84 278/227/174 163/228/175
s 146
f 155/124/96 156/209/161 159/218/170 158/217/169
s 147
f 156/209/161 157/224/173 160/222/171 159/218/170
s 148
f 157/224/173 145/225/154 146/229/162 160/222/171
s 149
f 146/210/162 154/211/163 160/230/171
s 150
f 163/228/175 278/227/174 280/231/176 164/232/177
s 151
f 164/232/177 280/231/176 282/233/178 172/234/179
s 152
f 170/235/180 284/236/181 286/122/94 168/121/93
s 153
f 162/109/81 163/228/175 166/237/182 165/238/183
s 154
f 163/228/175 164/232/177 167/239/184 166/237/182
s 155
f 164/232/177 172/234/179 173/240/185 167/239/184
s 156
f 172/241/179 282/242/178 284/236/181 170/235/180
s 157
f 168/121/93 169/243/186 171/244/187 170/235/180
s 158
f 169/243/186 179/245/188 180/246/189 171/244/187
s 159
f 99/141/113 141/185/145 96/184/144 287/247/190
s 160
f 170/235/180 171/244/187 173/248/185 172/241/179
s 161
f 171/244/187 180/246/189 181/249/191 173/248/185
s 162
f 161/127/99 174/250/192 177/251/193 176/252/194
s 163
f 174/250/192 175/253/195 178/254/196 177/251/193
s 164
f 175/253/195 165/255/183 166/256/182 178/254/196
s 165
f 176/252/194 177/251/193 180/246/189 179/245/188
s 166
f 177/251/193 178/254/196 181/249/191 180/246/189
s 167
f 178/254/196 166/256/182 167/257/184 181/249/191
s 168
f 167/239/184 173/240/185 181/258/191
s 169
f 289/259/197 185/260/198 187/261/199 291/262/200
s 170
f 183/131/103 184/263/201 186/264/202 185/260/198
s 171
f 184/263/201 194/265/203 195/266/204 186/264/202
s 172
f 295/267/205 198/268/206 197/269/207 297/270/208
s 173
f 185/260/198 186/264/202 188/271/209 187/261/199
s 174
f 186/264/202 195/266/204 196/272/210 188/271/209
s 175
f 182/116/88 189/273/211 192/274/212 191/275/213
s 176
f 189/273/211 190/276/214 193/277/215 192/274/212
s 177
f 190/276/214 200/278/216 201/279/217 193/277/215
s 178
f 191/275/213 192/274/212 195/266/204 194/265/203
s 179
f 192/274/212 193/277/215 196/272/210 195/266/204
s 180
f 193/277/215 201/279/217 202/280/218 196/272/210
s 181
f 293/281/219 199/282/220 198/268/206 295/267/205
s 182
f 291/262/200 187/283/199 199/282/220 293/284/219
s 183
f 204/285/221 299/286/222 302/287/223 205/288/224
s 184
f 197/269/207 198/268/206 201/279/217 200/278/216
s 185
f 198/268/206 199/282/220 202/280/218 201/279/217
s 186
f 199/282/220 187/283/199 188/289/209 202/280/218
s 187
f 188/271/209 196/290/210 202/291/218
s 188
f 205/288/224 302/287/223 304/292/225 206/293/226
s 189
f 206/293/226 304/292/225 306/294/227 214/295/228
s 190
f 212/296/229 308/297/230 310/298/231 210/299/232
s 191
f 204/285/221 205/288/224 208/300/233 207/301/234
s 192
f 205/288/224 206/293/226 209/302/235 208/300/233
s 193
f 206/293/226 214/295/228 215/303/236 209/302/235
s 194
f 214/304/228 306/305/227 308/297/230 212/296/229
s 195
f 210/299/232 211/306/237 213/307/238 212/296/229
s 196
f 211/306/237 221/308/239 222/309/240 213/307/238
s 197
f 97/129/101 266/310/241 226/311/242 225/130/102
s 198
f 212/296/229 213/307/238 215/312/236 214/304/228
s 199
f 213/307/238 222/309/240 223/313/243 215/312/236
s 200
f 203/115/87 216/314/244 219/315/245 218/316/246
s 201
f 216/314/244 217/317/247 220/318/248 219/315/245
s 202
f 217/317/247 207/301/234 208/300/233 220/318/248
s 203
f 218/316/246 219/315/245 222/309/240 221/308/239
s 204
f 219/315/245 220/318/248 223/313/243 222/309/240
s 205
f 220/318/248 208/300/233 209/302/235 223/313/243
s 206
f 209/302/235 215/303/236 223/319/243
s 207
f 226/311/242 266/310/241 268/320/249 227/321/250
s 208
f 227/321/250 268/320/249 270/322/251 235/323/252
s 209
f 233/324/253 272/325/254 274/326/255 231/327/256
s 210
f 225/130/102 226/311/242 229/328/257 228/329/258
s 211
f 226/311/242 227/321/250 230/330/259 229/328/257
s 212
f 227/321/250 235/323/252 236/331/260 230/330/259
s 213
f 235/332/252 270/333/251 272/325/254 233/324/253
s 214
f 231/327/256 232/334/261 234/335/262 233/324/253
s 215
f 232/334/261 242/336/263 243/337/264 234/335/262
s 216
f 276/338/265 246/339/266 248/340/267 277/341/268
s 217
f 233/324/253 234/335/262 236/342/260 235/332/252
s 218
f 234/335/262 243/337/264 244/343/269 236/342/260
s 219
f 224/113/85 237/344/270 240/345/271 239/346/272
s 220
f 237/344/270 238/347/273 241/348/274 240/345/271
s 221
f 238/347/273 228/329/258 229/328/257 241/348/274
s 222
f 239/346/272 240/345/271 243/337/264 242/336/263
s 223
f 240/345/271 241/348/274 244/343/269 243/337/264
s 224
f 241/348/274 229/328/257 230/330/259 244/343/269
s 225
f 230/330/259 236/331/260 244/349/269
s 226
f 277/341/268 248/340/267 250/350/275 279/351/276
s 227
f 246/339/266 247/352/277 249/353/278 248/340/267
s 228
f 247/352/277 257/354/279 258/355/280 249/353/278
s 229
f 283/356/281 261/357/282 260/358/283 285/359/284
s 230
f 248/340/267 249/353/278 251/360/285 250/350/275
s 231
f 249/353/278 258/355/280 259/361/286 251/360/285
s 232
f 245/114/86 252/362/287 255/363/288 254/364/289
s 233
f 252/362/287 253/365/290 256/366/291 255/363/288
s 234
f 253/365/290 263/367/292 264/368/293 256/366/291
s 235
f 254/364/289 255/363/288 258/355/280 257/354/279
s 236
f 255/363/288 256/366/291 259/361/286 258/355/280
s 237
f 256/366/291 264/368/293 265/369/294 259/361/286
s 238
f 281/370/295 262/371/296 261/357/282 283/356/281
s 239
f 279/351/276 250/372/275 262/371/296 281/373/295
s 240
f 260/358/283 231/327/256 274/326/255 285/359/284
s 241
f 260/358/283 261/357/282 264/368/293 263/367/292
s 242
f 261/357/282 262/371/296 265/369/294 264/368/293
s 243
f 262/371/296 250/372/275 251/374/285 265/369/294
s 244
f 251/360/285 259/375/286 265/376/294
s 245
f 141/185/145 99/141/113 102/143/115 142/204/156
s 246
f 142/204/156 102/143/115 112/377/128 152/206/158
s 247
f 152/220/158 112/159/128 111/156/125 149/214/166
s 248
f 149/214/166 111/156/125 98/125/97 140/128/100
s 249
f 105/118/90 120/117/89 123/176/137 106/148/118
s 250
f 106/148/118 123/176/137 133/378/152 116/150/120
s 251
f 116/164/120 133/193/152 132/190/149 113/158/127
s 252
f 113/158/127 132/190/149 119/126/98 98/125/97
s 253
f 126/110/82 162/109/81 165/238/183 127/180/140
s 254
f 127/180/140 165/238/183 175/379/195 137/182/142
s 255
f 137/198/142 175/253/195 174/250/192 134/192/151
s 256
f 134/192/151 174/250/192 161/127/99 119/126/98
s 257
f 671/380/297 669/381/298 600/382/299 602/383/300
s 258
f 168/121/93 155/124/96 158/217/169 169/243/186
s 259
f 169/243/186 158/217/169 148/215/167 179/245/188
s 260
f 179/245/188 148/215/167 147/212/164 176/252/194
s 261
f 176/252/194 147/212/164 140/128/100 161/127/99
s 262
f 245/114/86 224/113/85 239/346/272 252/362/287
s 263
f 252/362/287 239/346/272 242/336/263 253/365/290
s 264
f 253/365/290 242/336/263 232/334/261 263/367/292
s 265
f 263/367/292 232/334/261 231/327/256 260/358/283
s 266
f 246/339/266 276/338/265 299/286/222 204/285/221
s 267
f 183/131/103 225/130/102 228/329/258 184/263/201
s 268
f 184/263/201 228/329/258 238/347/273 194/265/203
s 269
f 194/265/203 238/347/273 237/344/270 191/275/213
s 270
f 191/275/213 237/344/270 224/113/85 182/116/88
s 271
f 210/299/232 310/298/231 297/270/208 197/269/207
s 272
f 246/339/266 204/285/221 207/301/234 247/352/277
s 273
f 247/352/277 207/301/234 217/317/247 257/354/279
s 274
f 257/354/279 217/317/247 216/314/244 254/364/289
s 275
f 254/364/289 216/314/244 203/115/87 245/114/86
s 276
f 99/141/113 287/247/190 290/134/106 100/133/105
s 277
f 210/299/232 197/269/207 200/278/216 211/306/237
s 278
f 211/306/237 200/278/216 190/276/214 221/308/239
s 279
f 221/308/239 190/276/214 189/273/211 218/316/246
s 280
f 218/316/246 189/273/211 182/116/88 203/115/87
s 281
f 97/129/101 603/384/301 606/385/302 266/310/241
s 282
f 308/297/230 732/386/303 738/387/304 310/298/231
s 283
f 729/388/305 307/152/122 309/120/92 735/389/306
s 284
f 306/305/227 726/390/307 732/386/303 308/297/230
s 285
f 723/391/308 305/168/130 307/152/122 729/388/305
s 286
f 304/292/225 720/392/309 726/393/307 306/294/227
s 287
f 717/394/310 303/170/132 305/172/130 723/395/308
s 288
f 302/287/223 714/396/311 720/392/309 304/292/225
s 289
f 708/397/312 300/111/83 301/174/135 711/398/313
s 290
f 711/398/313 301/174/135 303/170/132 717/394/310
s 291
f 297/270/208 310/298/231 738/387/304 699/399/314
s 292
f 296/140/112 696/400/315 702/401/316 298/119/91
s 293
f 693/402/317 295/267/205 297/270/208 699/399/314
s 294
f 294/147/109 690/403/318 696/400/315 296/140/112
s 295
f 687/404/319 293/281/219 295/267/205 693/402/317
s 296
f 292/135/107 684/405/320 690/406/318 294/137/109
s 297
f 681/407/321 291/262/200 293/284/219 687/408/319
s 298
f 290/134/106 678/409/322 684/405/320 292/135/107
s 299
f 672/410/323 288/132/104 289/259/197 675/411/324
s 300
f 675/411/324 289/259/197 291/262/200 681/407/321
s 301
f 287/247/190 669/381/298 678/409/322 290/134/106
s 302
f 284/236/181 660/412/325 666/413/326 286/122/94
s 303
f 657/414/327 283/356/281 285/359/284 663/415/328
s 304
f 282/242/178 654/416/329 660/412/325 284/236/181
s 305
f 651/417/330 281/370/295 283/356/281 657/414/327
s 306
f 280/231/176 648/418/331 654/419/329 282/233/178
s 307
f 645/420/332 279/351/276 281/373/295 651/421/330
s 308
f 278/227/174 642/422/333 648/418/331 280/231/176
s 309
f 276/338/265 636/423/334 705/424/335 299/286/222
s 310
f 639/425/336 277/341/268 279/351/276 645/420/332
s 311
f 273/123/95 286/122/94 666/413/326 627/426/337
s 312
f 272/325/254 624/427/338 630/428/339 274/326/255
s 313
f 621/429/340 271/208/160 273/123/95 627/426/337
s 314
f 270/333/251 618/430/341 624/427/338 272/325/254
s 315
f 615/431/342 269/223/172 271/208/160 621/429/340
s 316
f 268/320/249 612/432/343 618/433/341 270/322/251
s 317
f 609/434/344 267/203/155 269/226/172 615/435/342
s 318
f 603/384/301 97/129/101 288/132/104 672/410/323
s 319
f 597/436/345 95/187/147 267/203/155 609/434/344
s 320
f 630/428/339 663/415/328 285/359/284 274/326/255
s 321
f 633/437/346 275/112/84 300/111/83 708/397/312
s 322
f 636/423/334 276/338/265 277/341/268 639/425/336
s 323
f 275/112/84 633/437/346 642/422/333 278/227/174
s 324
f 702/401/316 735/389/306 309/120/92 298/119/91
s 325
f 299/286/222 705/424/335 714/396/311 302/287/223
s 632
f 266/310/241 606/385/302 612/432/343 268/320/249
s 633
f 96/184/144 600/382/299 669/381/298 287/247/190
s 634
f 601/438/347 670/439/348 671/380/297 602/383/300
s 635
f 672/410/323 674/440/349 605/441/350 603/384/301
s 636
f 740/442/351 738/387/304 732/386/303 734/443/352
s 637
f 605/441/350 674/440/349 673/444/353 604/445/354
s 638
f 733/446/355 739/447/356 740/442/357 734/443/352
s 639
f 735/389/306 737/448/358 731/449/359 729/388/305
s 640
f 734/443/352 732/386/303 726/390/307 728/450/360
s 641
f 731/449/359 737/448/361 736/451/362 730/452/363
s 642
f 727/453/364 733/446/355 734/443/352 728/450/360
s 643
f 729/388/305 731/449/359 725/454/365 723/391/308
s 644
f 728/455/360 726/393/307 720/392/309 722/456/366
s 645
f 725/454/365 731/449/359 730/452/363 724/457/367
s 646
f 721/458/368 727/453/364 728/459/360 722/456/366
s 647
f 723/395/308 725/460/365 719/461/369 717/394/310
s 648
f 722/462/366 720/392/309 714/396/311 716/463/370
s 649
f 719/461/369 725/464/365 724/457/367 718/465/371
s 650
f 715/466/372 721/458/368 722/462/366 716/463/370
s 651
f 717/394/310 719/467/369 713/468/373 711/398/313
s 652
f 716/463/370 714/396/311 705/424/335 707/469/374
s 653
f 713/468/373 719/467/369 718/465/371 712/470/375
s 654
f 706/471/376 715/466/372 716/463/370 707/469/374
s 655
f 711/398/313 713/468/373 710/472/377 708/397/312
s 656
f 704/473/378 702/401/316 696/400/315 698/474/379
s 657
f 710/472/377 713/468/373 712/470/375 709/475/380
s 658
f 697/476/381 703/477/382 704/473/383 698/474/384
s 659
f 699/399/314 701/478/385 695/479/386 693/402/317
s 660
f 698/480/379 696/400/315 690/403/318 692/481/387
s 661
f 695/479/388 701/478/389 700/482/390 694/483/391
s 662
f 691/484/392 697/476/381 698/485/384 692/486/387
s 663
f 693/402/317 695/487/386 689/488/393 687/404/319
s 664
f 692/489/387 690/406/318 684/405/320 686/490/394
s 665
f 689/491/393 695/492/388 694/483/391 688/493/395
s 666
f 685/494/396 691/484/392 692/489/387 686/490/394
s 667
f 687/408/319 689/495/393 683/496/397 681/407/321
s 668
f 686/490/394 684/405/320 678/409/322 680/497/398
s 669
f 683/496/397 689/495/393 688/493/395 682/498/399
s 670
f 679/499/400 685/494/396 686/490/394 680/497/398
s 671
f 681/407/321 683/496/397 677/500/401 675/411/324
s 672
f 680/497/398 678/409/322 669/381/298 671/380/297
s 673
f 677/500/401 683/496/397 682/498/399 676/501/402
s 674
f 670/439/348 679/499/400 680/497/398 671/380/297
s 675
f 675/411/324 677/500/401 674/440/349 672/410/323
s 676
f 668/502/403 666/413/326 660/412/325 662/503/404
s 677
f 674/440/349 677/500/401 676/501/402 673/444/353
s 678
f 661/504/405 667/505/406 668/502/403 662/503/404
s 679
f 663/415/328 665/506/407 659/507/408 657/414/327
s 680
f 662/508/404 660/412/325 654/416/329 656/509/409
s 681
f 659/507/408 665/506/407 664/510/410 658/511/411
s 682
f 655/512/412 661/504/405 662/513/404 656/514/409
s 683
f 657/414/327 659/515/408 653/516/413 651/417/330
s 684
f 656/517/409 654/419/329 648/418/331 650/518/414
s 685
f 653/519/413 659/520/408 658/511/411 652/521/415
s 686
f 649/522/416 655/512/412 656/517/409 650/518/414
s 687
f 651/421/330 653/523/413 647/524/417 645/420/332
s 688
f 650/518/414 648/418/331 642/422/333 644/525/418
s 689
f 647/524/417 653/523/413 652/521/415 646/526/419
s 690
f 643/527/420 649/522/416 650/518/414 644/525/418
s 691
f 645/420/332 647/524/417 641/528/421 639/425/336
s 692
f 644/525/418 642/422/333 633/437/346 635/529/422
s 693
f 641/528/421 647/524/417 646/526/419 640/530/423
s 694
f 634/531/424 643/527/420 644/525/418 635/529/422
s 695
f 639/425/336 641/528/421 638/532/425 636/423/334
s 696
f 632/533/426 630/428/339 624/427/338 626/534/427
s 697
f 638/532/425 641/528/421 640/530/423 637/535/428
s 698
f 625/536/429 631/537/430 632/533/426 626/534/427
s 699
f 627/426/337 629/538/431 623/539/432 621/429/340
s 700
f 626/534/427 624/427/338 618/430/341 620/540/433
s 701
f 623/539/432 629/538/431 628/541/434 622/542/435
s 702
f 619/543/436 625/536/429 626/534/427 620/540/433
s 703
f 621/429/340 623/539/432 617/544/437 615/431/342
s 704
f 620/545/433 618/433/341 612/432/343 614/546/438
s 705
f 617/544/437 623/539/432 622/542/435 616/547/439
s 706
f 613/548/440 619/543/436 620/549/433 614/550/438
s 707
f 615/435/342 617/551/437 611/552/441 609/434/344
s 708
f 614/553/438 612/432/343 606/385/302 608/554/442
s 709
f 611/555/441 617/556/437 616/547/439 610/557/443
s 710
f 607/558/444 613/548/440 614/553/438 608/554/442
s 711
f 609/434/344 611/559/441 599/560/445 597/436/345
s 712
f 608/554/442 606/385/302 603/384/301 605/441/350
s 713
f 599/560/445 611/559/441 610/557/443 598/561/446
s 714
f 604/445/354 607/558/444 608/554/442 605/441/350
s 715
f 597/436/345 599/560/445 602/383/300 600/382/299
s 716
f 627/426/337 666/413/326 668/502/403 629/538/431
s 717
f 602/383/300 599/560/445 598/561/446 601/438/347
s 718
f 667/505/406 628/541/434 629/538/431 668/502/403
s 719
f 632/533/426 665/506/407 663/415/328 630/428/339
s 720
f 707/469/374 705/424/335 636/423/334 638/532/425
s 721
f 665/506/407 632/533/426 631/537/430 664/510/410
s 722
f 637/535/428 706/471/376 707/469/374 638/532/425
s 723
f 708/397/312 710/472/377 635/529/422 633/437/346
s 724
f 699/399/314 738/387/304 740/442/351 701/478/385
s 725
f 635/529/422 710/472/377 709/475/380 634/531/424
s 726
f 604/445/354 673/444/353 676/501/402 682/498/399 688/493/395 694/483/391 700/482/390 739/447/356 733/446/355 727/453/364 721/458/368 715/466/372 706/471/376 637/535/428 640/530/423 646/526/419 652/521/415 658/511/411 664/510/410 631/537/430 625/536/429 619/543/436 613/548/440 607/558/444
s 727
f 670/439/348 601/438/347 598/561/446 610/557/443 616/547/439 622/542/435 628/541/434 667/505/406 661/504/405 655/512/412 649/522/416 643/527/420 634/531/424 709/475/380 712/470/375 718/465/371 724/457/367 730/452/363 736/451/362 703/477/382 697/476/381 691/484/392 685/494/396 679/499/400
s 728
f 739/447/356 700/482/390 701/478/389 740/442/357
s 729
f 704/473/378 737/448/358 735/389/306 702/401/316
s 730
f 737/448/361 704/473/383 703/477/382 736/451/362
s 731
f 600/382/299 96/184/144 95/187/147 597/436/345
s 970
f 288/132/104 183/131/103 185/260/198 289/259/197
s 1011
f 1042/562/447 1041/563/448 1057/564/449 1058/565/450
s 1027
f 1056/566/451 1055/567/452 1071/568/453 1072/569/454
s 1028
f 1035/570/455 1034/571/456 1050/572/457 1051/573/458
s 1029
f 1043/574/459 1042/562/447 1058/565/450 1059/575/460
s 1030
f 1036/576/461 1035/570/455 1051/573/458 1052/577/462
s 1031
f 1044/578/463 1043/574/459 1059/575/460 1060/579/464
s 1032
f 1037/580/465 1036/576/461 1052/577/462 1053/581/466
s 1033
f 1045/582/467 1044/578/463 1060/579/464 1061/583/468
s 1034
f 1038/584/469 1037/580/465 1053/581/466 1054/585/470
s 1035
f 1030/586/471 1031/587/472 1047/588/473 1046/589/474
s 1036
f 1031/590/472 1045/582/467 1061/583/468 1047/591/473
s 1037
f 1039/592/475 1038/584/469 1054/585/470 1055/567/452
s 1038
f 1032/593/476 1030/586/471 1046/589/474 1048/594/477
s 1039
f 1040/595/478 1039/592/475 1055/567/452 1056/566/451
s 1040
f 1033/596/479 1032/593/476 1048/594/477 1049/597/480
s 1041
f 1041/563/448 1040/595/478 1056/566/451 1057/564/449
s 1042
f 1034/571/456 1033/596/479 1049/597/480 1050/572/457
s 1043
f 1160/598/481 1159/599/482 1092/600/483 1093/601/484
s 1044
f 1049/597/480 1048/594/477 1064/602/485 1065/603/486
s 1045
f 1057/564/449 1056/566/451 1072/569/454 1073/604/487
s 1046
f 1050/572/488 1049/597/480 1065/603/486 1066/605/489
s 1047
f 1058/565/490 1057/564/449 1073/604/487 1074/606/491
s 1048
f 1051/573/458 1050/572/488 1066/605/489 1067/607/492
s 1049
f 1059/575/460 1058/565/490 1074/606/491 1075/608/493
s 1050
f 1052/577/462 1051/573/458 1067/607/492 1068/609/494
s 1051
f 1060/579/464 1059/575/460 1075/608/493 1076/610/495
s 1052
f 1053/581/466 1052/577/462 1068/609/494 1069/611/496
s 1053
f 1061/583/468 1060/579/464 1076/610/495 1077/612/497
s 1054
f 1054/585/470 1053/581/466 1069/611/496 1070/613/498
s 1055
f 1046/589/474 1047/588/473 1063/614/499 1062/615/500
s 1056
f 1047/591/473 1061/583/468 1077/612/497 1063/616/499
s 1057
f 1055/567/452 1054/585/470 1070/613/498 1071/568/453
s 1058
f 1048/594/477 1046/589/474 1062/615/500 1064/602/485
s 1059
f 1144/617/501 1143/618/502 1098/619/503 1099/620/504
s 1060
f 1162/621/505 1161/622/506 1085/623/507 1086/624/508
s 1061
f 1164/625/509 1163/626/510 1079/627/511 1078/628/512
s 1062
f 1163/629/510 1160/598/481 1093/601/484 1079/630/511
s 1063
f 1165/631/513 1162/621/505 1086/624/508 1087/632/514
s 1064
f 1166/633/515 1164/625/509 1078/628/512 1080/634/516
s 1065
f 1167/635/517 1165/631/513 1087/632/514 1088/636/518
s 1066
f 1168/637/519 1166/633/515 1080/634/516 1081/638/520
s 1067
f 1169/639/521 1167/635/517 1088/636/518 1089/640/522
s 1068
f 1170/641/523 1168/637/519 1081/638/520 1082/642/524
s 1069
f 1171/643/525 1169/639/521 1089/640/522 1090/644/526
s 1070
f 1172/645/527 1170/641/523 1082/642/524 1083/646/528
s 1071
f 1173/647/529 1171/643/525 1090/644/526 1091/648/530
s 1072
f 1174/649/531 1172/645/527 1083/646/528 1084/650/532
s 1073
f 1159/599/482 1173/647/529 1091/648/530 1092/600/483
s 1074
f 1161/622/506 1174/649/531 1084/650/532 1085/623/507
s 1075
f 1104/651/533 1103/652/534 1119/653/535 1120/654/536
s 1076
f 1146/655/537 1145/656/538 1106/657/539 1107/658/540
s 1077
f 1147/659/541 1144/617/501 1099/620/504 1100/660/542
s 1078
f 1148/661/543 1146/655/537 1107/658/540 1108/662/544
s 1079
f 1149/663/545 1147/659/541 1100/660/542 1101/664/546
s 1080
f 1150/665/547 1148/661/543 1108/662/544 1109/666/548
s 1081
f 1151/667/549 1149/663/545 1101/664/546 1102/668/550
s 1082
f 1153/669/551 1152/670/552 1095/671/553 1094/672/554
s 1083
f 1152/673/552 1150/665/547 1109/666/548 1095/674/553
s 1084
f 1154/675/555 1151/667/549 1102/668/550 1103/652/534
s 1085
f 1155/676/556 1153/669/551 1094/672/554 1096/677/557
s 1086
f 1156/678/558 1154/675/555 1103/652/534 1104/651/533
s 1087
f 1157/679/559 1155/676/556 1096/677/557 1097/680/560
s 1088
f 1158/681/561 1156/678/558 1104/651/533 1105/682/562
s 1089
f 1143/618/502 1157/679/559 1097/680/560 1098/619/503
s 1090
f 1145/656/538 1158/681/561 1105/682/562 1106/657/539
s 1091
f 1125/683/563 1124/684/564 1140/685/565 1141/686/566
s 1092
f 1097/680/560 1096/677/557 1112/687/567 1113/688/568
s 1093
f 1105/682/562 1104/651/533 1120/654/536 1121/689/569
s 1094
f 1098/619/503 1097/680/560 1113/688/568 1114/690/570
s 1095
f 1106/657/539 1105/682/562 1121/689/569 1122/691/571
s 1096
f 1099/620/504 1098/619/503 1114/690/570 1115/692/572
s 1097
f 1107/658/540 1106/657/539 1122/691/571 1123/693/573
s 1098
f 1100/660/542 1099/620/504 1115/692/572 1116/694/574
s 1099
f 1108/662/544 1107/658/540 1123/693/573 1124/684/564
s 1100
f 1101/664/546 1100/660/542 1116/694/574 1117/695/575
s 1101
f 1109/666/548 1108/662/544 1124/684/564 1125/683/563
s 1102
f 1102/668/550 1101/664/546 1117/695/575 1118/696/576
s 1103
f 1094/672/554 1095/671/553 1111/697/577 1110/698/578
s 1104
f 1095/674/553 1109/666/548 1125/683/563 1111/699/577
s 1105
f 1103/652/534 1102/668/550 1118/696/576 1119/653/535
s 1106
f 1096/677/557 1094/672/554 1110/698/578 1112/687/567
s 1107
f 1131/700/579 1130/701/580 1142/702/581
s 1108
f 1118/696/576 1117/695/575 1133/703/582 1134/704/583
s 1109
f 1110/698/578 1111/697/577 1127/705/584 1126/706/585
s 1110
f 1111/699/577 1125/683/563 1141/686/566 1127/707/584
s 1111
f 1119/653/535 1118/696/576 1134/704/583 1135/708/586
s 1112
f 1112/687/567 1110/698/578 1126/706/585 1128/709/587
s 1113
f 1120/654/536 1119/653/535 1135/708/586 1136/710/588
s 1114
f 1113/688/568 1112/687/567 1128/709/587 1129/711/589
s 1115
f 1121/689/569 1120/654/536 1136/710/588 1137/712/590
s 1116
f 1114/690/570 1113/688/568 1129/711/589 1130/701/580
s 1117
f 1122/691/571 1121/689/569 1137/712/590 1138/713/591
s 1118
f 1115/692/572 1114/690/570 1130/701/580 1131/700/579
s 1119
f 1123/693/573 1122/691/571 1138/713/591 1139/714/592
s 1120
f 1116/694/574 1115/692/572 1131/700/579 1132/715/593
s 1121
f 1124/684/564 1123/693/573 1139/714/592 1140/685/565
s 1122
f 1117/695/575 1116/694/574 1132/715/593 1133/703/582
s 1123
f 1139/714/592 1138/713/591 1142/716/581
s 1124
f 1132/715/593 1131/700/579 1142/717/581
s 1125
f 1140/685/565 1139/714/592 1142/718/581
s 1126
f 1133/703/582 1132/715/593 1142/719/581
s 1127
f 1141/686/566 1140/685/565 1142/720/581
s 1128
f 1134/704/583 1133/703/582 1142/721/581
s 1129
f 1126/706/585 1127/705/584 1142/722/581
s 1130
f 1127/707/584 1141/686/566 1142/723/581
s 1131
f 1135/708/586 1134/704/583 1142/724/581
s 1132
f 1128/709/587 1126/706/585 1142/725/581
s 1133
f 1136/710/588 1135/708/586 1142/726/581
s 1134
f 1129/711/589 1128/709/587 1142/727/581
s 1135
f 1137/712/590 1136/710/588 1142/728/581
s 1136
f 1130/701/580 1129/711/589 1142/729/581
s 1137
f 1138/713/591 1137/712/590 1142/730/581
s 1138
f 1189/731/594 1187/732/595 1158/681/561 1145/656/538
s 1139
f 1188/733/596 1186/734/597 1157/679/559 1143/618/502
s 1140
f 1187/732/595 1185/735/598 1156/678/558 1158/681/561
s 1141
f 1186/734/597 1184/736/599 1155/676/556 1157/679/559
s 1142
f 1185/735/598 1183/737/600 1154/675/555 1156/678/558
s 1143
f 1184/736/599 1182/738/601 1153/669/551 1155/676/556
s 1144
f 1183/737/600 1181/739/602 1151/667/549 1154/675/555
s 1145
f 1190/740/603 1180/741/604 1150/665/547 1152/673/552
s 1146
f 1182/738/601 1190/742/603 1152/670/552 1153/669/551
s 1147
f 1181/739/602 1179/743/605 1149/663/545 1151/667/549
s 1148
f 1180/741/604 1178/744/606 1148/661/543 1150/665/547
s 1149
f 1179/743/605 1177/745/607 1147/659/541 1149/663/545
s 1150
f 1178/744/606 1176/746/608 1146/655/537 1148/661/543
s 1151
f 1177/745/607 1175/747/609 1144/617/501 1147/659/541
s 1152
f 1176/746/608 1189/731/594 1145/656/538 1146/655/537
s 1153
f 1175/747/609 1188/733/596 1143/618/502 1144/617/501
s 1154
f 1069/611/496 1068/609/494 1174/649/531 1161/622/506
s 1155
f 1076/610/610 1075/608/493 1173/647/529 1159/599/482
s 1156
f 1068/609/494 1067/607/492 1172/645/527 1174/649/531
s 1157
f 1075/608/493 1074/606/491 1171/643/525 1173/647/529
s 1158
f 1067/607/492 1066/605/489 1170/641/523 1172/645/527
s 1159
f 1074/606/491 1073/604/487 1169/639/521 1171/643/525
s 1160
f 1066/605/489 1065/603/486 1168/637/519 1170/641/523
s 1161
f 1073/604/487 1072/569/454 1167/635/517 1169/639/521
s 1162
f 1065/603/486 1064/602/611 1166/633/515 1168/637/519
s 1163
f 1072/569/454 1071/568/453 1165/631/513 1167/635/517
s 1164
f 1064/602/611 1062/615/612 1164/625/509 1166/633/515
s 1165
f 1071/568/453 1070/613/498 1162/621/505 1165/631/513
s 1166
f 1063/616/613 1077/612/614 1160/598/481 1163/629/510
s 1167
f 1062/615/612 1063/614/613 1163/626/510 1164/625/509
s 1168
f 1070/613/498 1069/611/496 1161/622/506 1162/621/505
s 1169
f 1077/612/614 1076/610/610 1159/599/482 1160/598/481
s 1170
f 1083/646/528 1082/642/524 1188/733/596 1175/747/609
s 1171
f 1091/648/530 1090/644/526 1189/731/594 1176/746/608
s 1172
f 1084/650/532 1083/646/528 1175/747/609 1177/745/607
s 1173
f 1092/600/483 1091/648/530 1176/746/608 1178/744/606
s 1174
f 1085/623/507 1084/650/532 1177/745/607 1179/743/605
s 1175
f 1093/601/484 1092/600/483 1178/744/606 1180/741/604
s 1176
f 1086/624/508 1085/623/507 1179/743/605 1181/739/602
s 1177
f 1078/628/512 1079/627/511 1190/742/603 1182/738/601
s 1178
f 1079/630/511 1093/601/484 1180/741/604 1190/740/603
s 1179
f 1087/632/514 1086/624/508 1181/739/602 1183/737/600
s 1180
f 1080/634/516 1078/628/512 1182/738/601 1184/736/599
s 1181
f 1088/636/518 1087/632/514 1183/737/600 1185/735/598
s 1182
f 1081/638/520 1080/634/516 1184/736/599 1186/734/597
s 1183
f 1089/640/522 1088/636/518 1185/735/598 1187/732/595
s 1184
f 1082/642/524 1081/638/520 1186/734/597 1188/733/596
s 1185
f 1090/644/526 1089/640/522 1187/732/595 1189/731/594
s 1186
f 1216/748/615 1201/749/616 1194/750/617 1202/751/618
s 1187
f 1215/752/619 1204/753/620 1198/754/621 1205/755/622
s 1188
f 1214/756/623 1207/757/624 1196/758/625 1208/759/626
s 1189
f 1213/760/627 1210/761/628 1192/762/629 1200/763/630
s 1190
f 1212/764/631 1206/765/632 1195/766/633 1209/767/634
s 1191
f 1211/768/635 1201/769/636 1192/770/637 1210/771/638
s 1192
f 1207/757/639 1211/768/635 1210/771/638 1196/758/640
s 1193
f 1198/754/641 1204/772/642 1211/768/635 1207/757/639
s 1194
f 1204/772/642 1194/773/643 1201/769/636 1211/768/635
s 1195
f 1199/774/644 1212/764/645 1209/767/634 1191/775/646
s 1196
f 1193/776/647 1203/777/648 1212/764/649 1199/774/650
s 1197
f 1203/777/648 1197/778/651 1206/765/652 1212/764/653
s 1198
f 1209/779/634 1213/760/627 1200/763/630 1191/780/646
s 1199
f 1195/766/633 1208/759/626 1213/760/627 1209/779/634
s 1200
f 1208/759/626 1196/758/625 1210/761/628 1213/760/627
s 1201
f 1206/765/632 1214/756/623 1208/759/626 1195/766/633
s 1202
f 1197/778/651 1205/755/622 1214/756/654 1206/765/652
s 1203
f 1205/755/622 1198/754/621 1207/757/655 1214/756/654
s 1204
f 1203/781/648 1215/752/619 1205/755/622 1197/778/651
s 1205
f 1193/782/647 1202/751/618 1215/752/619 1203/781/648
s 1206
f 1202/751/618 1194/750/617 1204/753/620 1215/752/619
s 1207
f 1199/783/650 1216/748/615 1202/751/618 1193/782/647
s 1208
f 1191/784/646 1200/785/630 1216/748/656 1199/783/644
s 1209
f 1200/785/630 1192/786/629 1201/749/657 1216/748/656
s 1210
f 1224/787/658 1227/788/659 1226/789/660
s 1211
f 1218/790/661 1221/791/662 1220/792/663 1217/793/663
s 1212
f 1219/794/664 1222/795/665 1221/791/662 1218/790/661
s 1213
f 1222/795/665 1223/796/666 1221/791/662
s 1214
f 1226/789/660 1229/797/667 1228/798/668 1225/799/668
s 1215
f 1227/788/659 1230/800/669 1229/797/667 1226/789/660
s 1216
f 1217/793/670 1232/801/671 1218/790/672
s 1217
f 1223/796/673 1235/802/673 1233/803/674 1221/791/675
s 1218
f 1229/797/672 1239/804/671 1228/798/670
s 1219
f 1237/805/676 1236/806/677 1239/804/678 1240/807/679
s 1220
f 1231/808/680 1232/801/681 1233/803/682 1234/809/683
s 1221
f 1219/794/684 1231/808/684 1234/809/685 1222/795/686
s 1222
f 1234/809/683 1233/803/682 1235/802/687
s 1223
f 1232/801/681 1217/793/688 1220/792/688 1233/803/682
s 1224
f 1227/788/686 1237/805/685 1240/807/684 1230/800/684
s 1225
f 1238/810/689 1236/806/677 1237/805/676
s 1226
f 1230/800/690 1240/807/690 1239/804/671 1229/797/672
s 1227
f 1236/806/677 1225/799/691 1228/798/691 1239/804/678
s 1228
f 1222/795/686 1234/809/685 1235/802/692 1223/796/692
s 1229
f 1225/799/693 1236/806/674 1226/789/675
s 1230
f 1218/790/672 1232/801/671 1231/808/690 1219/794/690
s 1231
f 1224/787/692 1238/810/692 1237/805/685 1227/788/686
s 1232
f 1221/791/675 1233/803/674 1220/792/693
s 1233
f 1226/789/675 1236/806/674 1238/810/673 1224/787/673
usemtl White
s 831
f 850/811/694 841/812/695 851/813/696
s 832
f 851/813/696 841/814/695 853/815/697
s 833
f 853/815/698 841/816/699 855/817/700
s 834
f 855/817/700 841/818/699 857/819/701
s 835
f 857/819/701 841/820/699 859/821/702
s 836
f 859/821/702 841/822/699 861/823/703
s 837
f 861/823/704 841/824/695 863/825/705
s 838
f 863/825/705 841/826/695 850/827/694
s 839
f 840/828/706 842/829/706 843/830/706 844/831/706 845/832/706 846/833/706 847/834/706 848/835/706
s 840
f 848/836/707 864/837/708 849/838/709 840/839/710
s 841
f 864/837/708 863/825/705 850/827/694 849/838/709
s 842
f 847/840/711 862/841/712 864/837/708 848/836/707
s 843
f 862/841/712 861/823/704 863/825/705 864/837/708
s 844
f 846/842/713 860/843/714 862/841/715 847/840/716
s 845
f 860/843/714 859/821/702 861/823/703 862/841/715
s 846
f 845/844/717 858/845/718 860/843/714 846/842/713
s 847
f 858/845/718 857/819/701 859/821/702 860/843/714
s 848
f 844/846/719 856/847/720 858/845/718 845/844/717
s 849
f 856/847/720 855/817/700 857/819/701 858/845/718
s 850
f 843/848/721 854/849/722 856/847/720 844/846/719
s 851
f 854/849/722 853/815/698 855/817/700 856/847/720
s 852
f 842/850/723 852/851/724 854/849/725 843/848/726
s 853
f 852/851/724 851/813/696 853/815/697 854/849/725
s 854
f 840/852/710 849/853/709 852/851/724 842/850/723
s 855
f 849/853/709 850/811/694 851/813/696 852/851/724
s 856
f 875/854/727 866/855/728 876/856/729
s 857
f 876/856/729 866/857/728 878/858/730
s 858
f 878/858/731 866/859/732 880/860/733
s 859
f 880/860/733 866/861/732 882/862/734
s 860
f 882/862/734 866/863/732 884/864/735
s 861
f 884/864/735 866/865/732 886/866/736
s 862
f 886/866/737 866/867/728 888/868/738
s 863
f 888/868/738 866/869/728 875/870/727
s 864
f 865/871/739 867/872/739 868/873/739 869/874/739 870/875/739 871/876/739 872/877/739 873/878/739
s 865
f 873/879/740 889/880/741 874/881/742 865/882/743
s 866
f 889/880/741 888/868/738 875/870/727 874/881/742
s 867
f 872/883/744 887/884/745 889/880/741 873/879/740
s 868
f 887/884/745 886/866/737 888/868/738 889/880/741
s 869
f 871/885/746 885/886/747 887/884/748 872/883/749
s 870
f 885/886/747 884/864/735 886/866/736 887/884/748
s 871
f 870/887/750 883/888/751 885/886/747 871/885/746
s 872
f 883/888/751 882/862/734 884/864/735 885/886/747
s 873
f 869/889/752 881/890/753 883/888/751 870/887/750
s 874
f 881/890/753 880/860/733 882/862/734 883/888/751
s 875
f 868/891/754 879/892/755 881/890/753 869/889/752
s 876
f 879/892/755 878/858/731 880/860/733 881/890/753
s 877
f 867/893/756 877/894/757 879/892/758 868/891/759
s 878
f 877/894/757 876/856/729 878/858/730 879/892/758
s 879
f 865/895/743 874/896/742 877/894/757 867/893/756
s 880
f 874/896/742 875/854/727 876/856/729 877/894/757
usemtl GreenLight
s 67
f 89/897/760 573/898/761 568/899/762 88/900/763
s 68
f 547/901/764 545/902/765 82/903/766 81/904/767
s 69
f 93/905/768 589/906/769 585/907/770 92/908/771
s 70
f 395/909/772 403/910/773 588/911/774 593/912/775
s 71
f 434/913/776 442/914/777 569/915/778 572/916/779
s 72
f 418/917/780 426/918/781 576/919/782 581/920/783
s 73
f 81/904/767 88/900/763 450/921/784 549/922/785
s 74
f 567/923/786 449/924/787 457/925/788 458/926/789
s 75
f 83/927/790 90/928/791 89/897/760 82/903/766
s 76
f 411/929/792 418/917/780 581/920/783 584/930/793
s 77
f 92/908/771 585/907/770 580/931/794 91/932/795
s 78
f 82/903/766 89/897/760 88/900/763 81/904/767
s 79
f 403/910/773 411/929/792 584/930/793 588/911/774
s 80
f 86/933/796 93/905/768 92/908/771 85/934/797
s 81
f 85/934/797 92/908/771 91/932/795 84/935/798
s 82
f 84/935/798 91/932/795 90/928/791 83/927/790
s 83
f 596/936/799 395/909/772 593/912/775
s 84
f 533/937/800 387/938/801 94/939/802 87/940/803
s 85
f 87/940/803 94/939/802 93/905/768 86/933/796
s 86
f 387/938/801 596/941/799 592/942/804 94/939/802
s 326
f 515/943/805 311/944/806 317/945/807 318/946/808
s 327
f 315/947/809 566/948/810 519/949/811
s 328
f 313/950/812 517/951/813 321/952/814 322/953/815
s 329
f 312/954/816 515/943/805 318/946/808 319/955/817
s 330
f 521/956/818 333/957/819 342/958/820 523/959/821
s 331
f 514/960/822 352/961/823 316/962/824
s 332
f 314/963/825 313/950/812 322/953/815 323/964/826
s 333
f 516/965/827 312/954/816 319/955/817 320/966/828
s 334
f 311/944/806 514/960/822 316/962/824 317/945/807
s 335
f 518/967/829 314/963/825 323/964/826 324/968/830
s 336
f 997/969/831 516/965/827 320/966/828 977/970/832
s 337
f 316/962/824 352/971/823 325/972/833
s 338
f 323/964/826 322/953/815 331/973/834 332/974/835
s 339
f 320/966/828 319/955/817 328/975/836 329/976/837
s 340
f 317/945/807 316/962/824 325/972/833 326/977/838
s 341
f 324/968/830 323/964/826 332/974/835 333/957/819
s 342
f 977/970/832 320/966/828 329/976/837 978/978/839
s 343
f 318/946/808 317/945/807 326/977/838 327/979/840
s 344
f 315/980/809 519/981/811 522/982/841
s 345
f 322/953/815 321/952/814 330/983/842 331/973/834
s 346
f 319/955/817 318/946/808 327/979/840 328/975/836
s 347
f 565/984/843 518/967/829 324/968/830 520/985/844
s 348
f 315/986/809 522/987/841 524/988/845
s 349
f 331/973/834 330/983/842 339/989/846 340/990/847
s 350
f 328/975/836 327/979/840 336/991/848 337/992/849
s 351
f 523/959/821 342/958/820 351/993/850 525/994/851
s 352
f 325/972/833 352/995/823 334/996/852
s 353
f 332/974/835 331/973/834 340/990/847 341/997/853
s 354
f 329/976/837 328/975/836 337/992/849 338/998/854
s 355
f 326/977/838 325/972/833 334/996/852 335/999/855
s 356
f 333/957/819 332/974/835 341/997/853 342/958/820
s 357
f 978/978/839 329/976/837 338/998/854 979/1000/856
s 358
f 327/979/840 326/977/838 335/999/855 336/991/848
s 359
f 335/999/855 334/996/852 343/1001/857 344/1002/858
s 360
f 342/958/820 341/997/853 350/1003/859 351/993/850
s 361
f 979/1000/856 338/998/854 347/1004/860 980/1005/861
s 362
f 336/991/848 335/999/855 344/1002/858 345/1006/862
s 363
f 315/1007/809 524/1008/845 526/1009/863
s 364
f 340/990/847 339/989/846 348/1010/864 349/1011/865
s 365
f 337/992/849 336/991/848 345/1006/862 346/1012/866
s 366
f 525/994/851 351/993/850 361/1013/867 527/1014/868
s 367
f 334/996/852 352/1015/823 343/1001/857
s 368
f 341/997/853 340/990/847 349/1011/865 350/1003/859
s 369
f 338/998/854 337/992/849 346/1012/866 347/1004/860
s 370
f 527/1014/868 361/1013/867 370/1016/869 529/1017/870
s 371
f 343/1001/857 352/1018/823 353/1019/871
s 372
f 350/1003/859 349/1011/865 359/1020/872 360/1021/873
s 373
f 347/1004/860 346/1012/866 356/1022/874 357/1023/875
s 374
f 344/1002/858 343/1001/857 353/1019/871 354/1024/876
s 375
f 351/993/850 350/1003/859 360/1021/873 361/1013/867
s 376
f 980/1005/861 347/1004/860 357/1023/875 981/1025/877
s 377
f 345/1006/862 344/1002/858 354/1024/876 355/1026/878
s 378
f 315/1027/809 526/1028/863 528/1029/879
s 379
f 349/1011/865 348/1010/864 358/1030/880 359/1020/872
s 380
f 346/1012/866 345/1006/862 355/1026/878 356/1022/874
s 381
f 355/1026/878 354/1024/876 363/1031/881 364/1032/882
s 382
f 315/1033/809 528/1034/879 530/1035/883
s 383
f 359/1020/872 358/1030/880 367/1036/884 368/1037/885
s 384
f 356/1022/874 355/1026/878 364/1032/882 365/1038/886
s 385
f 529/1017/870 370/1016/869 379/1039/887 531/1040/888
s 386
f 353/1019/871 352/1041/823 362/1042/889
s 387
f 360/1021/873 359/1020/872 368/1037/885 369/1043/890
s 388
f 357/1023/875 356/1022/874 365/1038/886 366/1044/891
s 389
f 354/1024/876 353/1019/871 362/1042/889 363/1031/881
s 390
f 361/1013/867 360/1021/873 369/1043/890 370/1016/869
s 391
f 981/1025/877 357/1023/875 366/1044/891 982/1045/892
s 392
f 363/1031/881 362/1042/889 371/1046/893 372/1047/894
s 393
f 370/1016/869 369/1043/890 378/1048/895 379/1039/887
s 394
f 982/1045/892 366/1044/891 375/1049/896 983/1050/897
s 395
f 364/1032/882 363/1031/881 372/1047/894 373/1051/898
s 396
f 315/1052/809 530/1053/883 532/1054/899
s 397
f 368/1037/885 367/1036/884 376/1055/900 377/1056/901
s 398
f 365/1038/886 364/1032/882 373/1051/898 374/1057/902
s 399
f 531/1040/888 379/1039/887 387/938/801 533/937/800
s 400
f 362/1042/889 352/1058/823 371/1046/893
s 401
f 369/1043/890 368/1037/885 377/1056/901 378/1048/895
s 402
f 366/1044/891 365/1038/886 374/1057/902 375/1049/896
s 403
f 374/1057/902 373/1051/898 382/1059/903 383/1060/904
s 404
f 94/939/802 592/942/804 589/906/769 93/905/768
s 405
f 371/1046/893 352/1061/823 380/1062/905
s 406
f 375/1049/896 374/1057/902 383/1060/904 384/1063/906
s 407
f 372/1047/894 371/1046/893 380/1062/905 381/1064/907
s 408
f 378/1048/895 377/1056/901 386/1065/908 596/1066/799
s 409
f 983/1050/897 375/1049/896 384/1063/906 984/1067/909
s 410
f 373/1051/898 372/1047/894 381/1064/907 382/1059/903
s 411
f 315/1068/809 532/1069/899 534/1070/910
s 412
f 377/1056/901 376/1055/900 385/1071/911 386/1065/908
s 413
f 382/1059/903 381/1064/907 389/1072/912 390/1073/913
s 414
f 315/1074/809 534/1075/910 536/1076/914
s 415
f 386/1065/908 385/1071/911 393/1077/915 394/1078/916
s 416
f 383/1060/904 382/1059/903 390/1073/913 391/1079/917
s 417
f 537/1080/918 535/1081/919 87/940/803 86/933/796
s 418
f 380/1062/905 352/1082/823 388/1083/920
s 419
f 379/1039/887 378/1048/895 596/941/799 387/938/801
s 420
f 384/1063/906 383/1060/904 391/1079/917 392/1084/921
s 421
f 381/1064/907 380/1062/905 388/1083/920 389/1072/912
s 422
f 596/1085/799 386/1065/908 394/1078/916 395/909/922
s 423
f 984/1067/909 384/1063/906 392/1084/921 985/1086/923
s 424
f 392/1084/921 391/1079/917 399/1087/924 400/1088/925
s 425
f 389/1072/912 388/1083/920 396/1089/926 397/1090/927
s 426
f 985/1086/923 392/1084/921 400/1088/925 986/1091/928
s 427
f 390/1073/913 389/1072/912 397/1090/927 398/1092/929
s 428
f 315/1093/809 536/1094/914 538/1095/930
s 429
f 394/1078/916 393/1077/915 401/1096/931 402/1097/932
s 430
f 391/1079/917 390/1073/913 398/1092/929 399/1087/924
s 431
f 426/918/781 434/913/776 572/916/779 576/919/782
s 432
f 388/1083/920 352/1098/823 396/1089/926
s 433
f 395/909/922 394/1078/916 402/1097/932 403/910/933
s 434
f 399/1087/924 398/1092/929 406/1099/934 407/1100/935
s 435
f 91/932/795 580/931/794 577/1101/936 90/928/791
s 436
f 396/1089/926 352/1102/823 404/1103/937
s 437
f 403/910/933 402/1097/932 410/1104/938 411/929/939
s 438
f 400/1088/925 399/1087/924 407/1100/935 408/1105/940
s 439
f 397/1090/927 396/1089/926 404/1103/937 405/1106/941
s 440
f 541/1107/942 539/1108/943 85/934/797 84/935/798
s 441
f 986/1091/928 400/1088/925 408/1105/940 778/1109/944
s 442
f 398/1092/929 397/1090/927 405/1106/941 406/1099/934
s 443
f 315/1110/809 538/1111/930 540/1112/945
s 444
f 402/1097/932 401/1096/931 409/1113/946 410/1104/938
s 445
f 778/1109/944 408/1105/940 416/1114/947 756/1115/948
s 446
f 406/1099/934 405/1106/941 413/1116/949 414/1117/950
s 447
f 315/1118/809 540/1119/945 542/1120/951
s 448
f 407/1100/935 406/1099/934 414/1117/950 415/1121/952
s 449
f 535/1081/919 533/937/800 87/940/803
s 450
f 404/1103/937 352/1122/823 412/1123/953
s 451
f 411/929/939 410/1104/938 417/1124/954 418/917/954
s 452
f 408/1105/940 407/1100/935 415/1121/952 416/1114/947
s 453
f 405/1106/941 404/1103/937 412/1123/953 413/1116/949
s 454
f 416/1114/947 415/1121/952 422/1125/955 423/1126/956
s 455
f 413/1116/949 412/1123/953 419/1127/957 420/1128/958
s 456
f 549/922/785 547/901/764 81/904/767
s 457
f 756/1115/948 416/1114/947 423/1126/956 757/1129/959
s 458
f 414/1117/950 413/1116/949 420/1128/958 421/1130/960
s 459
f 315/1131/809 542/1132/951 544/1133/961
s 460
f 415/1121/952 414/1117/950 421/1130/960 422/1125/955
s 461
f 412/1123/953 352/1134/823 419/1127/957
s 462
f 418/917/954 417/1124/954 425/1135/962 426/918/963
s 463
f 425/1135/962 424/1136/964 432/1137/965 433/1138/966
s 464
f 422/1125/955 421/1130/960 429/1139/967 430/1140/968
s 465
f 545/902/765 543/1141/969 83/927/790 82/903/766
s 466
f 419/1127/957 352/1142/823 427/1143/970
s 467
f 426/918/963 425/1135/962 433/1138/966 434/913/971
s 468
f 423/1126/956 422/1125/955 430/1140/968 431/1144/972
s 469
f 420/1128/958 419/1127/957 427/1143/970 428/1145/973
s 470
f 757/1129/959 423/1126/956 431/1144/972 987/1146/974
s 471
f 421/1130/960 420/1128/958 428/1145/973 429/1139/967
s 472
f 315/1147/809 544/1148/961 546/1149/975
s 473
f 987/1146/974 431/1144/972 439/1150/976 988/1151/977
s 474
f 429/1139/967 428/1145/973 436/1152/978 437/1153/979
s 475
f 315/1154/809 546/1155/975 548/1156/980
s 476
f 433/1138/966 432/1137/965 440/1157/981 441/1158/982
s 477
f 430/1140/968 429/1139/967 437/1153/979 438/1159/983
s 478
f 543/1141/969 541/1107/942 84/935/798 83/927/790
s 479
f 427/1143/970 352/1160/823 435/1161/984
s 480
f 434/913/971 433/1138/966 441/1158/982 442/914/985
s 481
f 431/1144/972 430/1140/968 438/1159/983 439/1150/976
s 482
f 428/1145/973 427/1143/970 435/1161/984 436/1152/978
s 483
f 90/928/791 577/1101/936 573/898/761 89/897/760
s 484
f 450/921/784 567/1162/786 458/926/789 459/1163/986
s 485
f 439/1150/976 438/1159/983 446/1164/987 447/1165/988
s 486
f 436/1152/978 435/1161/984 443/1166/989 444/1167/990
s 487
f 539/1108/943 537/1080/918 86/933/796 85/934/797
s 488
f 988/1151/977 439/1150/976 447/1165/988 989/1168/991
s 489
f 437/1153/979 436/1152/978 444/1167/990 445/1169/992
s 490
f 315/1170/809 548/1171/980 550/1172/993
s 491
f 441/1158/982 440/1157/981 448/1173/994 449/924/787
s 492
f 438/1159/983 437/1153/979 445/1169/992 446/1164/987
s 493
f 549/922/785 450/921/784 459/1163/986 551/1174/995
s 494
f 435/1161/984 352/1175/823 443/1166/989
s 495
f 449/924/787 448/1173/994 456/1176/996 457/925/788
s 496
f 446/1164/987 445/1169/992 453/1177/997 454/1178/998
s 497
f 551/1174/995 459/1163/986 468/1179/999 553/1180/1000
s 498
f 443/1166/989 352/1181/823 451/1182/1001
s 499
f 442/914/985 441/1158/982 449/924/787 567/1183/786
s 500
f 447/1165/988 446/1164/987 454/1178/998 455/1184/1002
s 501
f 444/1167/990 443/1166/989 451/1182/1001 452/1185/1003
s 502
f 442/914/777 567/1183/786 569/915/778
s 503
f 989/1168/991 447/1165/988 455/1184/1002 990/1186/1004
s 504
f 445/1169/992 444/1167/990 452/1185/1003 453/1177/997
s 505
f 315/1187/809 550/1188/993 552/1189/1005
s 506
f 459/1163/986 458/926/789 467/1190/1006 468/1179/999
s 507
f 990/1186/1004 455/1184/1002 464/1191/1007 991/1192/1008
s 508
f 453/1177/997 452/1185/1003 461/1193/1009 462/1194/1010
s 509
f 315/1195/809 552/1196/1005 554/1197/1011
s 510
f 457/925/788 456/1176/996 465/1198/1012 466/1199/1013
s 511
f 454/1178/998 453/1177/997 462/1194/1010 463/1200/1014
s 512
f 553/1201/1000 468/1202/999 477/1203/1015 555/1204/1016
s 513
f 451/1182/1001 352/1205/823 460/1206/1017
s 514
f 458/926/789 457/925/788 466/1199/1013 467/1190/1006
s 515
f 455/1184/1002 454/1178/998 463/1200/1014 464/1191/1007
s 516
f 452/1185/1003 451/1182/1001 460/1206/1017 461/1193/1009
s 517
f 460/1207/1017 352/1208/823 469/1209/1018
s 518
f 467/1210/1006 466/1211/1013 475/1212/1019 476/1213/1020
s 519
f 464/1214/1007 463/1215/1014 472/1216/1021 473/1217/1022
s 520
f 461/1218/1009 460/1207/1017 469/1209/1018 470/1219/1023
s 521
f 468/1202/999 467/1210/1006 476/1213/1020 477/1203/1015
s 522
f 991/1220/1008 464/1214/1007 473/1217/1022 992/1221/1024
s 523
f 462/1222/1010 461/1218/1009 470/1219/1023 471/1223/1025
s 524
f 315/1224/809 554/1225/1011 556/1226/1026
s 525
f 466/1211/1013 465/1227/1012 474/1228/1027 475/1212/1019
s 526
f 463/1215/1014 462/1222/1010 471/1223/1025 472/1216/1021
s 527
f 555/1204/1016 477/1203/1015 486/1229/1028 557/1230/1029
s 528
f 315/1231/809 556/1232/1026 558/1233/1030
s 529
f 475/1212/1019 474/1228/1027 483/1234/1031 484/1235/1032
s 530
f 472/1216/1021 471/1223/1025 480/1236/1033 481/1237/1034
s 531
f 557/1230/1029 486/1229/1028 495/1238/1035 559/1239/1036
s 532
f 469/1209/1018 352/1240/823 478/1241/1037
s 533
f 476/1213/1020 475/1212/1019 484/1235/1032 485/1242/1038
s 534
f 473/1217/1022 472/1216/1021 481/1237/1034 482/1243/1039
s 535
f 470/1219/1023 469/1209/1018 478/1241/1037 479/1244/1040
s 536
f 477/1203/1015 476/1213/1020 485/1242/1038 486/1229/1028
s 537
f 992/1221/1024 473/1217/1022 482/1243/1039 993/1245/1041
s 538
f 471/1223/1025 470/1219/1023 479/1244/1040 480/1236/1033
s 539
f 479/1244/1040 478/1241/1037 487/1246/1042 488/1247/1043
s 540
f 486/1229/1028 485/1242/1038 494/1248/1044 495/1238/1035
s 541
f 993/1245/1041 482/1243/1039 491/1249/1045 994/1250/1046
s 542
f 480/1236/1033 479/1244/1040 488/1247/1043 489/1251/1047
s 543
f 315/1252/809 558/1253/1030 560/1254/1048
s 544
f 484/1235/1032 483/1234/1031 492/1255/1049 493/1256/1050
s 545
f 481/1237/1034 480/1236/1033 489/1251/1047 490/1257/1051
s 546
f 559/1239/1036 495/1238/1035 504/1258/1052 561/1259/1053
s 547
f 478/1241/1037 352/1260/823 487/1246/1042
s 548
f 485/1242/1038 484/1235/1032 493/1256/1050 494/1248/1044
s 549
f 482/1243/1039 481/1237/1034 490/1257/1051 491/1249/1045
s 550
f 561/1259/1053 504/1258/1052 513/1261/1054 563/1262/1055
s 551
f 487/1246/1042 352/1263/823 496/1264/1056
s 552
f 494/1248/1044 493/1256/1050 502/1265/1057 503/1266/1058
s 553
f 491/1249/1045 490/1257/1051 499/1267/1059 500/1268/1060
s 554
f 488/1247/1043 487/1246/1042 496/1264/1056 497/1269/1061
s 555
f 495/1238/1035 494/1248/1044 503/1266/1058 504/1258/1052
s 556
f 994/1250/1046 491/1249/1045 500/1268/1060 995/1270/1062
s 557
f 489/1251/1047 488/1247/1043 497/1269/1061 498/1271/1063
s 558
f 315/1272/809 560/1273/1048 562/1274/1064
s 559
f 493/1256/1050 492/1255/1049 501/1275/1065 502/1265/1057
s 560
f 490/1257/1051 489/1251/1047 498/1271/1063 499/1267/1059
s 561
f 498/1271/1063 497/1269/1061 506/1276/1066 507/1277/1067
s 562
f 315/1278/809 562/1279/1064 564/1280/1068
s 563
f 502/1265/1057 501/1275/1065 510/1281/1069 511/1282/1070
s 564
f 499/1267/1059 498/1271/1063 507/1277/1067 508/1283/1071
s 565
f 563/1262/1055 513/1261/1054 518/967/829 565/984/843
s 566
f 496/1264/1056 352/1284/823 505/1285/1072
s 567
f 503/1266/1058 502/1265/1057 511/1282/1070 512/1286/1073
s 568
f 500/1268/1060 499/1267/1059 508/1283/1071 509/1287/1074
s 569
f 497/1269/1061 496/1264/1056 505/1285/1072 506/1276/1066
s 570
f 504/1258/1052 503/1266/1058 512/1286/1073 513/1261/1054
s 571
f 995/1270/1062 500/1268/1060 509/1287/1074 996/1288/1075
s 572
f 506/1276/1066 505/1285/1072 514/960/822 311/944/806
s 573
f 513/1261/1054 512/1286/1073 314/963/825 518/967/829
s 574
f 996/1288/1075 509/1287/1074 516/965/827 997/969/831
s 575
f 507/1277/1067 506/1276/1066 311/944/806 515/943/805
s 576
f 315/1289/809 564/1290/1068 566/1291/810
s 577
f 511/1282/1070 510/1281/1069 517/951/813 313/950/812
s 578
f 508/1283/1071 507/1277/1067 515/943/805 312/954/816
s 579
f 505/1285/1072 352/1292/823 514/960/822
s 580
f 512/1286/1073 511/1282/1070 313/950/812 314/963/825
s 581
f 509/1287/1074 508/1283/1071 312/954/816 516/965/827
s 582
f 522/982/841 519/981/811 520/985/844 521/956/818
s 583
f 524/988/845 522/987/841 521/956/818 523/959/821
s 584
f 526/1009/863 524/1008/845 523/959/821 525/994/851
s 585
f 525/994/851 527/1014/868 528/1029/879 526/1028/863
s 586
f 530/1035/883 528/1034/879 527/1014/868 529/1017/870
s 587
f 532/1054/899 530/1053/883 529/1017/870 531/1040/888
s 588
f 531/1040/888 533/937/800 534/1070/910 532/1069/899
s 589
f 536/1076/914 534/1075/910 533/937/800 535/1081/919
s 590
f 538/1095/930 536/1094/914 535/1081/919 537/1080/918
s 591
f 537/1080/918 539/1108/943 540/1112/945 538/1111/930
s 592
f 542/1120/951 540/1119/945 539/1108/943 541/1107/942
s 593
f 544/1133/961 542/1132/951 541/1107/942 543/1141/969
s 594
f 543/1141/969 545/902/765 546/1149/975 544/1148/961
s 595
f 548/1156/980 546/1155/975 545/902/765 547/901/764
s 596
f 550/1172/993 548/1171/980 547/901/764 549/922/785
s 597
f 549/922/785 551/1174/995 552/1189/1005 550/1188/993
s 598
f 554/1197/1011 552/1196/1005 551/1174/995 553/1180/1000
s 599
f 556/1226/1026 554/1225/1011 553/1201/1000 555/1204/1016
s 600
f 558/1233/1030 556/1232/1026 555/1204/1016 557/1230/1029
s 601
f 560/1254/1048 558/1253/1030 557/1230/1029 559/1239/1036
s 602
f 559/1239/1036 561/1259/1053 562/1274/1064 560/1273/1048
s 603
f 564/1280/1068 562/1279/1064 561/1259/1053 563/1262/1055
s 604
f 566/1291/810 564/1290/1068 563/1262/1055 565/984/843
s 605
f 519/949/811 566/948/810 565/984/843 520/985/844
s 606
f 520/985/844 324/968/830 333/957/819 521/956/818
s 607
f 581/920/783 576/919/782 578/1293/1076 583/1294/1077
s 608
f 583/1294/1077 578/1293/1076 579/1295/1078 582/1296/1079
s 609
f 582/1296/1079 579/1295/1078 577/1101/936 580/931/794
s 610
f 567/1297/786 568/899/762 570/1298/1080
s 611
f 567/1299/786 570/1298/1080 571/1300/1081
s 612
f 567/1301/786 571/1300/1081 569/915/778
s 613
f 573/898/761 577/1101/936 579/1295/1078 575/1302/1082
s 614
f 575/1302/1082 579/1295/1078 578/1293/1076 574/1303/1083
s 615
f 574/1303/1083 578/1293/1076 576/919/782 572/916/779
s 616
f 568/899/762 573/898/761 575/1302/1082 570/1298/1080
s 617
f 570/1298/1080 575/1302/1082 574/1303/1083 571/1300/1081
s 618
f 571/1300/1081 574/1303/1083 572/916/779 569/915/778
s 619
f 593/912/775 588/911/774 590/1304/1084 595/1305/1085
s 620
f 595/1305/1085 590/1304/1084 591/1306/1086 594/1307/1087
s 621
f 594/1307/1087 591/1306/1086 589/906/769 592/942/804
s 622
f 585/907/770 589/906/769 591/1306/1086 587/1308/1088
s 623
f 587/1308/1088 591/1306/1086 590/1304/1084 586/1309/1089
s 624
f 586/1309/1089 590/1304/1084 588/911/774 584/930/793
s 625
f 580/931/794 585/907/770 587/1308/1088 582/1296/1079
s 626
f 582/1296/1079 587/1308/1088 586/1309/1089 583/1294/1077
s 627
f 583/1294/1077 586/1309/1089 584/930/793 581/920/783
s 628
f 592/942/804 596/1310/799 594/1307/1087
s 629
f 594/1307/1087 596/1311/799 595/1305/1085
s 630
f 595/1305/1085 596/936/799 593/912/775
s 631
f 88/900/763 568/899/762 567/1297/786 450/921/784
s 732
f 763/1312/1090 834/1313/1091 833/1314/1092 780/1315/1093
s 733
f 409/1316/1094 767/1317/1095 779/1318/1096
s 734
f 833/1314/1092 834/1313/1091 741/1319/1097 759/1320/1098
s 735
f 741/1319/1097 834/1313/1091 835/1321/1099 742/1322/1100
s 736
f 742/1322/1100 835/1321/1099 836/1323/1101 749/1324/1102
s 737
f 747/1325/1103 837/1326/1104 838/1327/1105 745/1328/1106
s 738
f 761/1329/1107 751/1330/1108 750/1331/1109 758/1332/1110
s 739
f 741/1319/1097 742/1322/1100 744/1333/1111 743/1334/1112
s 740
f 742/1322/1100 749/1324/1102 744/1333/1111
s 741
f 749/1335/1102 836/1336/1101 837/1326/1104 747/1325/1103
s 742
f 745/1328/1106 746/1337/1113 748/1338/1114 747/1325/1103
s 743
f 746/1337/1113 753/1339/1115 754/1340/1116 748/1338/1114
s 744
f 756/1341/948 755/1342/1117 839/1343/1118
s 745
f 747/1325/1103 748/1338/1114 744/1344/1111 749/1335/1102
s 746
f 748/1338/1114 754/1340/1116 744/1344/1111
s 747
f 762/1345/1119 752/1346/1120 751/1330/1108 761/1329/1107
s 748
f 760/1347/1121 743/1348/1112 752/1346/1120 762/1349/1119
s 749
f 763/1312/1090 780/1315/1093 781/1350/1122 764/1351/1123
s 750
f 750/1331/1109 751/1330/1108 754/1352/1116 753/1353/1115
s 751
f 751/1330/1108 752/1346/1120 744/1354/1111 754/1352/1116
s 752
f 752/1346/1120 743/1348/1112 744/1354/1111
s 753
f 755/1342/1117 756/1341/948 757/1355/959
s 754
f 759/1320/1098 741/1319/1097 743/1334/1112 760/1347/1121
s 755
f 834/1313/1091 763/1312/1090 765/1356/1124 835/1321/1099
s 756
f 764/1351/1123 781/1350/1122 783/1357/1125 771/1358/1126
s 757
f 769/1359/1127 782/1360/1128 779/1318/1096 767/1317/1095
s 758
f 837/1326/1104 773/1361/1129 772/1362/1130 838/1327/1105
s 759
f 763/1312/1090 764/1351/1123 766/1363/1131 765/1356/1124
s 760
f 764/1351/1123 771/1358/1126 766/1363/1131
s 761
f 771/1358/1126 783/1357/1125 782/1360/1128 769/1359/1127
s 762
f 767/1317/1095 768/1364/1132 770/1365/1133 769/1359/1127
s 763
f 768/1364/1132 775/1366/1134 776/1367/1135 770/1365/1133
s 764
f 750/1331/1109 424/1368/1136 758/1332/1110
s 765
f 769/1359/1127 770/1365/1133 766/1369/1131 771/1358/1126
s 766
f 770/1365/1133 776/1367/1135 766/1369/1131
s 767
f 836/1336/1101 774/1370/1137 773/1361/1129 837/1326/1104
s 768
f 835/1321/1099 765/1371/1124 774/1370/1137 836/1323/1101
s 769
f 756/1372/948 839/1343/1118 777/1373/1138
s 770
f 772/1362/1130 773/1361/1129 776/1367/1135 775/1366/1134
s 771
f 773/1361/1129 774/1370/1137 766/1374/1131 776/1367/1135
s 772
f 774/1370/1137 765/1371/1124 766/1374/1131
s 773
f 777/1375/1138 778/1376/944 756/1377/948
s 774
f 755/1342/1117 745/1328/1106 838/1327/1105 839/1343/1118
s 775
f 745/1328/1106 755/1378/1117 746/1337/1113
s 776
f 746/1337/1113 755/1378/1117 757/1379/959 753/1339/1115
s 777
f 753/1353/1115 757/1380/959 424/1381/1136 750/1331/1109
s 778
f 772/1362/1130 777/1373/1138 839/1343/1118 838/1327/1105
s 779
f 777/1373/1138 772/1362/1130 775/1366/1134
s 780
f 777/1375/1138 775/1366/1134 768/1364/1132 778/1382/944
s 781
f 778/1382/944 768/1364/1132 767/1317/1095 409/1316/1094
s 782
f 905/1383/1139 890/1384/1140 802/1385/1141 831/1386/1142
s 783
f 892/1387/1143 893/1388/1144 807/1389/1145 805/1390/1146
s 784
f 893/1388/1144 894/1391/1147 809/1392/1148 807/1389/1145
s 785
f 894/1391/1147 895/1393/1149 811/1394/1150 809/1392/1148
s 786
f 895/1393/1149 896/1395/1151 813/1396/1152 811/1394/1150
s 787
f 896/1395/1151 897/1397/1153 815/1398/1154 813/1396/1152
s 788
f 897/1397/1153 898/1399/1155 817/1400/1156 815/1398/1154
s 789
f 898/1399/1155 899/1401/1157 819/1402/1158 817/1400/1156
s 790
f 899/1401/1159 900/1403/1160 821/1404/1161 819/1402/1162
s 791
f 900/1403/1160 901/1405/1163 823/1406/1164 821/1404/1161
s 792
f 901/1405/1163 902/1407/1165 825/1408/1166 823/1406/1164
s 793
f 902/1407/1165 903/1409/1167 827/1410/1168 825/1408/1166
s 794
f 903/1409/1167 904/1411/1169 829/1412/1170 827/1410/1168
s 795
f 904/1411/1169 905/1383/1139 831/1386/1142 829/1412/1170
s 796
f 794/1413/1171 795/1414/1172 793/1415/1173
s 797
f 890/1416/1140 891/1417/1174 803/1418/1175 802/1419/1141
s 798
f 891/1417/1174 892/1387/1143 805/1390/1146 803/1418/1175
s 799
f 830/1420/1176 832/1421/1177 800/1422/1178 799/1423/1179
s 800
f 828/1424/1180 830/1420/1176 799/1423/1179 798/1425/1181
s 801
f 826/1426/1182 828/1424/1180 798/1425/1181 797/1427/1183
s 802
f 824/1428/1184 826/1426/1182 797/1427/1183 796/1429/1185
s 803
f 822/1430/1186 824/1428/1184 796/1429/1185 795/1414/1172
s 804
f 820/1431/1187 822/1430/1186 795/1414/1172 794/1413/1171
s 805
f 818/1432/1188 820/1431/1189 794/1413/1171 793/1415/1173
s 806
f 816/1433/1190 818/1432/1188 793/1415/1173 792/1434/1191
s 807
f 814/1435/1192 816/1433/1190 792/1434/1191 791/1436/1193
s 808
f 812/1437/1194 814/1435/1192 791/1436/1193 790/1438/1195
s 809
f 810/1439/1196 812/1437/1194 790/1438/1195 789/1440/1197
s 810
f 808/1441/1198 810/1439/1196 789/1440/1197 788/1442/1199
s 811
f 806/1443/1200 808/1441/1198 788/1442/1199 787/1444/1201
s 812
f 804/1445/1202 806/1443/1200 787/1444/1201 786/1446/1203
s 813
f 801/1447/1204 804/1445/1202 786/1446/1203 785/1448/1205
s 814
f 832/1421/1177 831/1386/1142 802/1385/1141 801/1449/1204
s 815
f 830/1420/1176 829/1412/1170 831/1386/1142 832/1421/1177
s 816
f 828/1424/1180 827/1410/1168 829/1412/1170 830/1420/1176
s 817
f 826/1426/1182 825/1408/1166 827/1410/1168 828/1424/1180
s 818
f 824/1428/1184 823/1406/1164 825/1408/1166 826/1426/1182
s 819
f 822/1430/1186 821/1404/1161 823/1406/1164 824/1428/1184
s 820
f 820/1431/1187 819/1402/1162 821/1404/1161 822/1430/1186
s 821
f 818/1432/1188 817/1400/1156 819/1402/1158 820/1431/1189
s 822
f 816/1433/1190 815/1398/1154 817/1400/1156 818/1432/1188
s 823
f 814/1435/1192 813/1396/1152 815/1398/1154 816/1433/1190
s 824
f 812/1437/1194 811/1394/1150 813/1396/1152 814/1435/1192
s 825
f 810/1439/1196 809/1392/1148 811/1394/1150 812/1437/1194
s 826
f 808/1441/1198 807/1389/1145 809/1392/1148 810/1439/1196
s 827
f 806/1443/1200 805/1390/1146 807/1389/1145 808/1441/1198
s 828
f 804/1445/1202 803/1418/1175 805/1390/1146 806/1443/1200
s 829
f 801/1447/1204 802/1419/1141 803/1418/1175 804/1445/1202
s 830
f 832/1421/1177 801/1449/1204 785/1450/1205 800/1422/1178
s 881
f 786/1446/1206 787/1444/1206 788/1442/1206 789/1440/1206 790/1438/1206 791/1436/1206 792/1434/1206 793/1415/1173 795/1414/1172 796/1429/1206 797/1427/1206 798/1425/1206 799/1423/1206 800/1422/1206 785/1450/1206
s 882
f 784/1451/1207 891/1452/1208 890/1453/1209
s 883
f 784/1454/1207 892/1455/1210 891/1452/1208
s 884
f 784/1456/1207 893/1457/1211 892/1455/1210
s 885
f 784/1458/1207 894/1459/1212 893/1457/1211
s 886
f 784/1460/1207 895/1461/1213 894/1459/1212
s 887
f 784/1462/1207 896/1463/1214 895/1461/1213
s 888
f 784/1464/1207 897/1465/1215 896/1463/1214
s 889
f 784/1466/1207 898/1467/1216 897/1465/1215
s 890
f 784/1468/1207 899/1469/1217 898/1467/1216
s 891
f 784/1470/1207 900/1471/1218 899/1469/1217
s 892
f 784/1472/1207 901/1473/1219 900/1471/1218
s 893
f 784/1474/1207 902/1475/1220 901/1473/1219
s 894
f 784/1476/1207 903/1477/1221 902/1475/1220
s 895
f 784/1478/1207 904/1479/1222 903/1477/1221
s 896
f 784/1480/1207 905/1481/1223 904/1479/1222
s 897
f 784/1482/1207 890/1453/1209 905/1481/1223
s 898
f 966/1483/1224 950/1484/1225 923/1485/1226 952/1486/1227
s 899
f 954/1487/1228 926/1488/1229 928/1489/1230 955/1490/1231
s 900
f 955/1490/1231 928/1489/1230 930/1491/1232 956/1492/1233
s 901
f 956/1492/1233 930/1491/1232 932/1493/1234 957/1494/1235
s 902
f 957/1494/1235 932/1493/1234 934/1495/1236 958/1496/1237
s 903
f 958/1496/1237 934/1495/1236 936/1497/1238 959/1498/1239
s 904
f 959/1498/1239 936/1497/1238 938/1499/1240 960/1500/1241
s 905
f 960/1500/1241 938/1499/1240 940/1501/1242 961/1502/1243
s 906
f 961/1502/1244 940/1501/1245 942/1503/1246 962/1504/1247
s 907
f 962/1504/1247 942/1503/1246 944/1505/1248 963/1506/1249
s 908
f 974/1507/1250 969/1508/1251 946/1509/1252 964/1510/1253
s 909
f 906/1511/1254 963/1512/1255 975/1513/1256 976/1514/1257
s 910
f 964/1510/1253 946/1509/1252 948/1515/1258 965/1516/1259
s 911
f 965/1516/1259 948/1515/1258 950/1484/1225 966/1483/1224
s 912
f 916/1517/1260 915/1518/1261 917/1519/1262
s 913
f 952/1520/1227 923/1521/1226 924/1522/1263 953/1523/1264
s 914
f 953/1523/1264 924/1522/1263 926/1488/1229 954/1487/1228
s 915
f 949/1524/1265 920/1525/1266 921/1526/1267 951/1527/1268
s 916
f 947/1528/1269 919/1529/1270 920/1525/1266 949/1524/1265
s 917
f 945/1530/1271 918/1531/1272 967/1532/1273 972/1533/1274
s 918
f 945/1530/1271 972/1533/1274 968/1534/1275 944/1505/1248
s 919
f 943/1535/1276 917/1519/1262 918/1531/1272 945/1530/1271
s 920
f 941/1536/1277 916/1517/1260 917/1519/1262 943/1535/1276
s 921
f 939/1537/1278 915/1518/1261 916/1517/1260 941/1536/1279
s 922
f 937/1538/1280 914/1539/1281 915/1518/1261 939/1537/1278
s 923
f 935/1540/1282 913/1541/1283 914/1539/1281 937/1538/1280
s 924
f 933/1542/1284 912/1543/1285 913/1541/1283 935/1540/1282
s 925
f 931/1544/1286 911/1545/1287 912/1543/1285 933/1542/1284
s 926
f 929/1546/1288 910/1547/1289 911/1545/1287 931/1544/1286
s 927
f 927/1548/1290 909/1549/1291 910/1547/1289 929/1546/1288
s 928
f 925/1550/1292 908/1551/1293 909/1549/1291 927/1548/1290
s 929
f 922/1552/1294 907/1553/1295 908/1551/1293 925/1550/1292
s 930
f 951/1527/1268 922/1554/1294 923/1485/1226 950/1484/1225
s 931
f 949/1524/1265 951/1527/1268 950/1484/1225 948/1515/1258
s 932
f 947/1528/1269 949/1524/1265 948/1515/1258 946/1509/1252
s 933
f 963/1506/1249 944/1505/1248 968/1534/1275 975/1555/1296
s 934
f 971/1556/1297 947/1528/1269 946/1509/1252 969/1508/1251
s 935
f 943/1535/1276 945/1530/1271 944/1505/1248 942/1503/1246
s 936
f 941/1536/1277 943/1535/1276 942/1503/1246 940/1501/1245
s 937
f 939/1537/1278 941/1536/1279 940/1501/1242 938/1499/1240
s 938
f 937/1538/1280 939/1537/1278 938/1499/1240 936/1497/1238
s 939
f 935/1540/1282 937/1538/1280 936/1497/1238 934/1495/1236
s 940
f 933/1542/1284 935/1540/1282 934/1495/1236 932/1493/1234
s 941
f 931/1544/1286 933/1542/1284 932/1493/1234 930/1491/1232
s 942
f 929/1546/1288 931/1544/1286 930/1491/1232 928/1489/1230
s 943
f 927/1548/1290 929/1546/1288 928/1489/1230 926/1488/1229
s 944
f 925/1550/1292 927/1548/1290 926/1488/1229 924/1522/1263
s 945
f 922/1552/1294 925/1550/1292 924/1522/1263 923/1521/1226
s 946
f 951/1527/1268 921/1526/1267 907/1557/1295 922/1554/1294
s 947
f 971/1556/1297 967/1558/1298 919/1529/1270 947/1528/1269
s 948
f 906/1559/1254 952/1560/1299 953/1561/1300
s 949
f 906/1562/1254 953/1561/1300 954/1563/1301
s 950
f 906/1564/1254 954/1563/1301 955/1565/1302
s 951
f 906/1566/1254 955/1565/1302 956/1567/1303
s 952
f 906/1568/1254 956/1567/1303 957/1569/1304
s 953
f 906/1570/1254 957/1569/1304 958/1571/1305
s 954
f 906/1572/1254 958/1571/1305 959/1573/1306
s 955
f 906/1574/1254 959/1573/1306 960/1575/1307
s 956
f 906/1576/1254 960/1575/1307 961/1577/1308
s 957
f 906/1578/1254 961/1577/1308 962/1579/1309
s 958
f 906/1580/1254 962/1579/1309 963/1512/1255
s 959
f 906/1581/1254 976/1582/1257 974/1583/1310 964/1584/1311
s 960
f 906/1585/1254 964/1584/1311 965/1586/1312
s 961
f 906/1587/1254 965/1586/1312 966/1588/1313
s 962
f 906/1589/1254 966/1588/1313 952/1560/1299
s 963
f 969/1508/1314 970/1590/1315 973/1591/1316 971/1556/1317
s 964
f 970/1590/1318 968/1534/1319 972/1533/1320 973/1591/1321
s 965
f 968/1534/1319 970/1590/1318 976/1592/1322 975/1555/1322
s 966
f 970/1590/1315 969/1508/1314 974/1507/1323 976/1592/1323
s 967
f 967/1532/1324 973/1591/1321 972/1533/1320
s 968
f 967/1593/1325 971/1556/1317 973/1591/1316
s 969
f 908/1551/1326 907/1557/1326 921/1526/1326 920/1525/1326 919/1529/1326 967/1558/1326 918/1531/1326 917/1519/1262 915/1518/1261 914/1539/1326 913/1541/1326 912/1543/1326 911/1545/1326 910/1547/1326 909/1549/1326
s 971
f 510/1281/1069 996/1288/1075 997/969/831 517/951/813
s 972
f 501/1275/1065 995/1270/1062 996/1288/1075 510/1281/1069
s 973
f 492/1255/1049 994/1250/1046 995/1270/1062 501/1275/1065
s 974
f 483/1234/1031 993/1245/1041 994/1250/1046 492/1255/1049
s 975
f 474/1228/1027 992/1221/1024 993/1245/1041 483/1234/1031
s 976
f 465/1227/1012 991/1220/1008 992/1221/1024 474/1228/1027
s 977
f 456/1176/996 990/1186/1004 991/1192/1008 465/1198/1012
s 978
f 448/1173/994 989/1168/991 990/1186/1004 456/1176/996
s 979
f 440/1157/981 988/1151/977 989/1168/991 448/1173/994
s 980
f 432/1137/965 987/1146/974 988/1151/977 440/1157/981
s 981
f 424/1136/964 757/1129/959 987/1146/974 432/1137/965
s 982
f 401/1096/931 986/1091/928 778/1109/944 409/1113/946
s 983
f 393/1077/915 985/1086/923 986/1091/928 401/1096/931
s 984
f 385/1071/911 984/1067/909 985/1086/923 393/1077/915
s 985
f 376/1055/900 983/1050/897 984/1067/909 385/1071/911
s 986
f 367/1036/884 982/1045/892 983/1050/897 376/1055/900
s 987
f 358/1030/880 981/1025/877 982/1045/892 367/1036/884
s 988
f 348/1010/864 980/1005/861 981/1025/877 358/1030/880
s 989
f 339/989/846 979/1000/856 980/1005/861 348/1010/864
s 990
f 330/983/842 978/978/839 979/1000/856 339/989/846
s 991
f 321/952/814 977/970/832 978/978/839 330/983/842
s 992
f 517/951/813 997/969/831 977/970/832 321/952/814
usemtl Red
s 993
f 998/1594/1327 999/1595/1328 1001/1596/1329 1000/1597/1330
s 994
f 1000/1597/1330 1001/1596/1329 1003/1598/1331 1002/1599/1332
s 995
f 1002/1599/1332 1003/1598/1331 1005/1600/1333 1004/1601/1334
s 996
f 1004/1601/1334 1005/1600/1333 1007/1602/1335 1006/1603/1336
s 997
f 1006/1603/1336 1007/1602/1335 1009/1604/1337 1008/1605/1338
s 998
f 1008/1605/1338 1009/1604/1337 1011/1606/1339 1010/1607/1340
s 999
f 1010/1607/1340 1011/1606/1339 1013/1608/1341 1012/1609/1342
s 1000
f 1012/1609/1342 1013/1608/1341 1015/1610/1343 1014/1611/1344
s 1001
f 1014/1611/1344 1015/1610/1343 1017/1612/1345 1016/1613/1346
s 1002
f 1016/1613/1346 1017/1612/1345 1019/1614/1347 1018/1615/1348
s 1003
f 1018/1615/1348 1019/1614/1347 1021/1616/1349 1020/1617/1350
s 1004
f 1020/1617/1350 1021/1616/1349 1023/1618/1351 1022/1619/1352
s 1005
f 1022/1619/1352 1023/1618/1351 1025/1620/1353 1024/1621/1354
s 1006
f 1024/1621/1354 1025/1620/1353 1027/1622/1355 1026/1623/1356
s 1007
f 1007/1602/1335 1005/1600/1333 1033/596/1357 1034/571/1358
s 1008
f 1026/1623/1356 1027/1622/1355 1029/1624/1359 1028/1625/1360
s 1009
f 1028/1625/1360 1029/1624/1359 999/1626/1328 998/1627/1327
s 1010
f 998/1628/1361 1000/1629/1361 1002/1630/1361 1004/1631/1361 1006/1632/1361 1008/1633/1361 1010/1634/1361 1012/1635/1361 1014/1636/1361 1016/1637/1361 1018/1638/1361 1020/1639/1361 1022/1640/1361 1024/1641/1361 1026/1642/1361 1028/1643/1361
s 1012
f 1017/1612/1345 1015/1610/1343 1038/584/1362 1039/592/1363
s 1013
f 1027/1622/1355 1025/1620/1353 1043/574/1364 1044/578/1365
s 1014
f 1003/1598/1331 1001/1596/1329 1030/586/1366 1032/593/1367
s 1015
f 1013/1608/1341 1011/1606/1339 1036/576/1368 1037/580/1369
s 1016
f 1023/1618/1351 1021/1616/1349 1041/563/1370 1042/562/1371
s 1017
f 1009/1604/1337 1007/1602/1335 1034/571/1358 1035/570/1372
s 1018
f 1019/1614/1347 1017/1612/1345 1039/592/1363 1040/595/1373
s 1019
f 1029/1624/1359 1027/1622/1355 1044/578/1365 1045/582/1374
s 1020
f 1005/1600/1333 1003/1598/1331 1032/593/1367 1033/596/1357
s 1021
f 1015/1610/1343 1013/1608/1341 1037/580/1369 1038/584/1362
s 1022
f 1001/1596/1329 999/1595/1328 1031/587/1375 1030/586/1366
s 1023
f 1025/1620/1353 1023/1618/1351 1042/562/1371 1043/574/1364
s 1024
f 1011/1606/1339 1009/1604/1337 1035/570/1372 1036/576/1368
s 1025
f 1021/1616/1349 1019/1614/1347 1040/595/1373 1041/563/1370
s 1026
f 999/1626/1328 1029/1624/1359 1045/582/1374 1031/590/1375
