# Blender v2.80 (sub 75) OBJ File: 'orcAccessories.blend'
# www.blender.org
mtllib orc_banner.mtl
o orc_banner_Cube.052
v 0.424290 2.566340 -0.084770
v 0.451245 2.529786 -0.051352
v 0.464028 2.510808 0.000572
v 0.458883 2.514765 0.057013
v 0.437354 2.540431 0.102517
v 0.405281 2.580878 0.125293
v 0.371166 2.625610 0.119377
v 0.344265 2.663035 0.085984
v 0.332051 2.682789 0.033358
v 0.337189 2.678364 -0.023376
v 0.358415 2.651926 -0.068793
v 0.390351 2.610907 -0.091196
v 0.516043 2.990791 0.059732
v 0.565020 2.852592 -0.010710
v 0.585092 2.842259 0.007379
v 0.593577 2.836032 0.033428
v 0.589156 2.834809 0.061183
v 0.572108 2.839319 0.084223
v 0.546407 2.849865 0.095195
v 0.519777 2.865791 0.089882
v 0.502606 2.881603 0.071869
v 0.495652 2.890971 0.047893
v 0.499300 2.889553 0.021854
v 0.513520 2.879547 -0.001447
v 0.538455 2.865573 -0.014448
v 0.561205 2.737710 -0.048916
v 0.588371 2.717870 -0.022172
v 0.600005 2.705990 0.016878
v 0.594375 2.706726 0.058941
v 0.571713 2.718073 0.093675
v 0.536881 2.737898 0.111907
v 0.498820 2.762236 0.107350
v 0.469472 2.783894 0.080427
v 0.457049 2.796549 0.039617
v 0.463563 2.795740 -0.004260
v 0.488297 2.782674 -0.039675
v 0.524635 2.761099 -0.055931
v 0.513843 2.648688 -0.076258
v 0.543657 2.616475 -0.044113
v 0.557622 2.598971 0.005585
v 0.551409 2.602509 0.059618
v 0.527236 2.624530 0.103108
v 0.491051 2.659062 0.125484
v 0.451600 2.697646 0.120357
v 0.419949 2.729836 0.088086
v 0.405262 2.747370 0.036984
v 0.412220 2.744370 -0.018614
v 0.438196 2.722333 -0.062489
v 0.475551 2.687181 -0.083225
v -0.437354 2.540431 0.102517
v -0.458883 2.514765 0.057013
v -0.464028 2.510808 0.000572
v -0.451245 2.529786 -0.051352
v -0.424291 2.566340 -0.084769
v -0.390351 2.610907 -0.091196
v -0.358415 2.651924 -0.068793
v -0.337190 2.678364 -0.023376
v -0.332051 2.682789 0.033358
v -0.344266 2.663035 0.085984
v -0.371167 2.625610 0.119377
v -0.405281 2.580878 0.125293
v -0.516044 2.990792 0.059732
v -0.572109 2.839319 0.084223
v -0.589156 2.834809 0.061183
v -0.593577 2.836033 0.033427
v -0.585092 2.842259 0.007379
v -0.565020 2.852592 -0.010710
v -0.538456 2.865573 -0.014449
v -0.513521 2.879547 -0.001448
v -0.499300 2.889553 0.021854
v -0.495652 2.890971 0.047893
v -0.502606 2.881603 0.071869
v -0.519777 2.865791 0.089882
v -0.546407 2.849865 0.095195
v -0.571714 2.718073 0.093675
v -0.594375 2.706726 0.058941
v -0.600005 2.705990 0.016878
v -0.588371 2.717870 -0.022172
v -0.561206 2.737710 -0.048916
v -0.524635 2.761099 -0.055931
v -0.488297 2.782674 -0.039675
v -0.463563 2.795740 -0.004260
v -0.457049 2.796549 0.039617
v -0.469472 2.783894 0.080427
v -0.498821 2.762236 0.107350
v -0.536881 2.737898 0.111907
v -0.527236 2.624531 0.103108
v -0.551409 2.602509 0.059618
v -0.557622 2.598971 0.005585
v -0.543658 2.616475 -0.044112
v -0.513843 2.648688 -0.076258
v -0.475552 2.687181 -0.083225
v -0.438196 2.722333 -0.062489
v -0.412218 2.744370 -0.018614
v -0.405262 2.747370 0.036983
v -0.419949 2.729836 0.088086
v -0.451600 2.697646 0.120357
v -0.491053 2.659062 0.125484
v 0.292393 2.499933 -0.101214
v 0.239927 2.469028 -0.170826
v 0.292393 2.460426 -0.075640
v 0.238949 2.407773 -0.124127
v 0.241961 2.358913 -0.038227
v 0.292393 2.441312 -0.030982
v 0.248480 2.367519 0.058961
v 0.292393 2.449667 0.022423
v 0.284813 2.449429 0.144420
v 0.292393 2.481131 0.070267
v 0.292393 2.527490 0.105243
v 0.255390 2.603847 0.168573
v 0.292393 2.583462 0.124130
v 0.250861 2.693498 0.119371
v 0.292393 2.646216 0.104232
v 0.247089 2.738514 0.034101
v 0.292393 2.675281 0.037605
v 0.243462 2.733393 -0.060538
v 0.292393 2.658992 -0.030641
v 0.241176 2.571429 -0.174303
v 0.292393 2.549703 -0.105899
v 0.242334 2.666150 -0.137352
v 0.292393 2.603751 -0.091335
v -0.292393 2.481131 0.070267
v -0.284813 2.449429 0.144420
v -0.292393 2.449666 0.022423
v -0.248480 2.367519 0.058961
v -0.241961 2.358914 -0.038227
v -0.292393 2.441311 -0.030982
v -0.238950 2.407773 -0.124126
v -0.292393 2.460425 -0.075640
v -0.239927 2.469028 -0.170826
v -0.292393 2.499932 -0.101213
v -0.241176 2.571429 -0.174303
v -0.292393 2.549702 -0.105898
v -0.242334 2.666150 -0.137352
v -0.292393 2.603750 -0.091335
v -0.243462 2.733393 -0.060538
v -0.292393 2.658991 -0.030641
v -0.247090 2.738514 0.034101
v -0.292393 2.675280 0.037605
v -0.250861 2.693498 0.119371
v -0.292393 2.646215 0.104232
v -0.292393 2.527489 0.105243
v -0.255390 2.603847 0.168573
v -0.292393 2.583461 0.124130
v 0.070683 2.482572 -0.140580
v -0.000000 2.484155 -0.137601
v -0.070683 2.482572 -0.140580
v -0.070670 2.563814 -0.144233
v -0.000000 2.563079 -0.141135
v 0.070670 2.563814 -0.144233
v 0.070323 2.439890 -0.101498
v -0.000000 2.443290 -0.099600
v -0.070323 2.439890 -0.101498
v 0.070734 2.400433 -0.030794
v -0.000000 2.404619 -0.030543
v -0.070736 2.400433 -0.030794
v 0.072332 2.407340 0.050043
v -0.000000 2.411385 0.048702
v -0.072333 2.407340 0.050043
v 0.074781 2.460941 0.113223
v -0.000000 2.463887 0.110452
v -0.074781 2.460941 0.113223
v 0.075916 2.506589 0.143313
v -0.000000 2.507416 0.139632
v -0.075916 2.506589 0.143313
v 0.075298 2.588724 0.139825
v -0.000000 2.587140 0.136272
v -0.075298 2.588724 0.139825
v 0.073186 2.660784 0.099661
v -0.000000 2.657514 0.097138
v -0.073186 2.660784 0.099661
v 0.071194 2.698258 0.030533
v -0.000000 2.694251 0.029520
v -0.071194 2.698258 0.030533
v 0.069733 2.694482 -0.049489
v -0.000000 2.690498 -0.048846
v -0.069733 2.694482 -0.049489
v 0.070302 2.639635 -0.114505
v -0.000000 2.636815 -0.112284
v -0.070303 2.639634 -0.114505
v 0.371278 1.447439 0.023415
v -0.371279 1.447439 0.023415
v -0.000000 1.299787 0.040032
v -0.182795 1.344039 0.038374
v 0.231307 2.353484 0.204275
v -0.231307 2.353484 0.204275
v -0.075916 2.360441 0.217467
v 0.075916 2.360441 0.217467
v -0.000000 2.361267 0.219933
v -0.170183 1.365225 0.157185
v -0.330129 1.460735 0.140202
v 0.330129 1.460735 0.140201
v -0.000000 1.323271 0.159096
v -0.000000 0.022725 -0.105196
v -0.000000 2.481746 -0.086499
v 0.044494 0.022725 -0.090739
v 0.033504 2.481746 -0.075613
v 0.071992 0.022725 -0.052891
v 0.054211 2.481746 -0.047113
v 0.071992 0.022725 -0.006107
v 0.054211 2.481746 -0.011885
v 0.044494 0.022725 0.031741
v 0.033504 2.481746 0.016615
v -0.000000 0.022725 0.046198
v -0.000000 2.481746 0.027501
v -0.044494 0.022725 0.031741
v -0.033504 2.481746 0.016615
v -0.071992 0.022725 -0.006107
v -0.054211 2.481746 -0.011885
v -0.071992 0.022725 -0.052891
v -0.054211 2.481746 -0.047113
v -0.044494 0.022725 -0.090739
v -0.033504 2.481746 -0.075613
v 0.181407 1.347546 0.037505
v 0.122675 1.353513 0.157718
v 0.212084 1.390246 0.152735
v 0.151989 1.483289 0.160612
v -0.311925 2.091676 0.109010
v -0.114284 2.014027 0.204220
v -0.268869 2.092351 0.185880
v -0.274190 1.958823 0.170513
v -0.054211 0.561321 -0.047113
v -0.088639 0.544790 -0.058300
v -0.054211 0.561321 -0.011885
v -0.088639 0.544790 -0.000698
v -0.054782 0.544790 0.045902
v -0.033504 0.561321 0.016615
v -0.000000 0.561321 0.027501
v -0.000000 0.544790 0.063702
v 0.033504 0.561321 0.016615
v 0.054782 0.544790 0.045902
v 0.088639 0.544790 -0.000698
v 0.054211 0.561321 -0.011885
v 0.054211 0.561321 -0.047113
v 0.088639 0.544790 -0.058300
v 0.033504 0.561321 -0.075613
v 0.054782 0.544790 -0.104900
v -0.054782 0.544790 -0.104900
v -0.033504 0.561321 -0.075613
v -0.000000 0.544790 -0.122700
v -0.000000 0.561321 -0.086499
v 0.135630 0.082560 0.417434
v -0.355092 0.077467 0.257986
v -0.355092 0.082645 -0.257986
v 0.105900 0.092991 -0.325933
v 0.342707 0.092990 0.000000
v 0.000000 0.297381 0.000000
v 0.408008 0.000000 0.137210
v 0.466707 0.000000 -0.151640
v 0.000000 0.000000 0.490724
v 0.288441 0.000000 0.397004
v -0.466707 0.000000 0.151640
v -0.288441 0.000000 0.397004
v -0.288441 0.000000 -0.397004
v -0.466707 0.000000 -0.151640
v 0.288441 0.000000 -0.397004
v 0.000000 0.000000 -0.383158
v 0.263686 0.109317 0.191578
v -0.100720 0.109317 0.309980
v -0.325933 0.109317 0.000000
v -0.100720 0.109317 -0.309980
v 0.337711 0.109317 -0.245360
v 0.062246 0.176877 0.191577
v 0.201438 0.176877 0.000000
v -0.162966 0.176877 0.118400
v -0.162966 0.176877 -0.118400
v 0.062246 0.176877 -0.191577
v -0.134645 0.208813 0.235871
v -0.138966 0.230297 0.225689
v -0.202322 0.232914 0.222775
v -0.218048 0.215035 0.231990
v -0.180368 0.243860 0.218633
v -0.222941 0.193740 0.240896
v -0.218392 0.176061 0.249750
v -0.202755 0.165066 0.257218
v -0.173000 0.159624 0.261585
v -0.155190 0.167014 0.259340
v -0.152210 0.242540 0.220074
v -0.140825 0.184166 0.248673
v -0.300495 0.255863 0.135918
v -0.313611 0.245988 0.126574
v -0.327379 0.226130 0.126491
v -0.338521 0.201930 0.136481
v -0.342707 0.183863 0.152926
v -0.336645 0.174325 0.168711
v -0.317206 0.175348 0.192266
v -0.301484 0.183527 0.202597
v -0.284910 0.253248 0.159310
v -0.289254 0.199698 0.203266
v -0.281239 0.220709 0.196133
v -0.278876 0.239787 0.179338
v -0.113176 0.274389 -0.020050
v -0.102899 0.209296 -0.045925
v -0.106161 0.152553 -0.051265
v -0.103572 0.086691 -0.017223
v -0.147879 0.045565 0.007269
v -0.057284 0.149842 -0.002807
v -0.070976 0.089764 0.016495
v -0.100432 0.045724 0.056741
v -0.152174 0.026068 0.105421
v -0.051114 0.220838 0.008814
v -0.030878 0.167099 0.062965
v -0.049347 0.100996 0.061458
v -0.105702 0.032417 0.160416
v -0.066157 0.279881 0.031661
v -0.030898 0.241802 0.103087
v -0.074102 0.057896 0.122592
v -0.138810 0.345954 0.066107
v -0.058073 0.304315 0.101787
v -0.036448 0.124751 0.133120
v -0.128113 0.053584 0.226883
v -0.032100 0.204546 0.168063
v -0.067510 0.099569 0.212376
v -0.100063 0.064621 0.231368
v -0.076710 0.319727 0.177449
v -0.050471 0.270926 0.184291
v -0.048721 0.187672 0.219197
v -0.098160 0.136335 0.271274
v -0.083397 0.287727 0.219852
v -0.081442 0.214874 0.251908
v -0.126561 0.097549 0.279450
v -0.115834 0.348834 0.140481
v -0.129567 0.305411 0.236014
v -0.165988 0.120368 0.297834
v -0.132696 0.344406 0.195665
v -0.216842 0.137036 0.318985
v -0.215596 0.109550 0.281089
v -0.191964 0.369218 0.141874
v -0.203228 0.319215 0.228861
v -0.260955 0.192862 0.264760
v -0.270669 0.166630 0.292316
v -0.211637 0.353271 0.191508
v -0.256619 0.322658 0.202541
v -0.265992 0.231241 0.245596
v -0.290623 0.195528 0.247925
v -0.298107 0.143090 0.244626
v -0.272670 0.351756 0.144683
v -0.302569 0.323884 0.156169
v -0.366510 0.150478 0.234056
v -0.337210 0.121303 0.212560
v -0.243604 0.364545 0.117687
v -0.294561 0.345925 0.091580
v -0.376370 0.139029 0.178864
v -0.329148 0.314653 0.099397
v -0.367001 0.240591 0.089573
v -0.383706 0.120655 0.133502
v -0.236674 0.358962 0.070157
v -0.317407 0.294917 0.032818
v -0.385952 0.162821 0.109494
v -0.284526 0.331295 0.037758
v -0.357566 0.214966 0.041222
v -0.350477 0.080283 0.113303
v -0.239575 0.320423 -0.000652
v -0.321785 0.230582 0.003681
v -0.355948 0.125492 0.048703
v -0.360478 0.088024 0.083594
v -0.261916 0.262565 -0.028003
v -0.300566 0.148489 -0.016752
v -0.280776 0.077270 0.003254
v -0.237789 0.185696 -0.054445
v -0.236135 0.117784 -0.044533
v -0.301454 0.050010 0.049338
v -0.251961 0.024476 0.071160
v -0.184098 0.330704 0.014103
v -0.172355 0.276228 -0.039576
v -0.175580 0.232025 -0.061226
v -0.170703 0.160036 -0.067165
v -0.213850 0.055918 -0.007618
v -0.221518 0.020498 0.045723
v -0.166730 0.094649 -0.048142
v -0.244221 0.083637 0.190578
v -0.258287 0.140744 0.268131
v -0.314301 0.170572 0.266842
v -0.304985 0.124742 0.252422
v -0.267138 0.122749 0.275484
v -0.247917 0.113877 0.280155
v -0.349024 0.131416 0.272163
v -0.328628 0.137656 0.285613
v -0.260807 0.123581 0.322136
v -0.320293 0.118803 0.237144
v -0.282116 0.133456 0.311976
v -0.216823 0.111122 0.340647
v -0.388606 0.126468 0.243247
v -0.251007 0.065317 0.301266
v -0.231473 0.068281 0.342115
v -0.319842 0.073279 0.278021
v -0.303243 0.076566 0.329752
v -0.367466 0.080238 0.276141
v -0.351429 0.073349 0.231056
v -0.353443 0.264293 0.126162
v -0.326087 0.294044 0.149117
v -0.295836 0.280585 0.190860
v -0.375315 0.190855 0.151380
v -0.360683 0.165896 0.180284
v -0.321028 0.180870 0.231209
v -0.231360 0.171336 0.283260
v -0.195656 0.276683 0.246428
v -0.238077 0.220520 0.261903
v -0.293140 0.239403 0.223864
v -0.130424 0.269463 0.255134
v -0.175677 0.149270 0.287540
v -0.117968 0.201610 0.272951
v -0.144704 0.163857 0.292203
v -0.232242 0.063033 0.298224
v -0.261954 0.071191 0.336900
v -0.340795 0.079440 0.308843
v -0.288855 0.070239 0.297636
v -0.343240 0.073188 0.247197
v -0.388000 0.081828 0.252688
v -0.260309 0.201154 0.230123
v -0.255373 0.179077 0.243358
v -0.264526 0.158844 0.261778
v -0.277072 0.181028 0.231046
v -0.291154 0.161250 0.246692
v -0.178305 0.201594 0.239375
v -0.309361 0.213368 0.165001
v 0.240586 0.240182 0.050299
v 0.225796 0.254099 0.055374
v 0.214297 0.242155 0.107804
v 0.224641 0.226682 0.119755
v 0.210815 0.254587 0.090547
v 0.237122 0.210668 0.122112
v 0.249810 0.199539 0.117202
v 0.260989 0.195790 0.103897
v 0.269988 0.198734 0.079171
v 0.268481 0.207890 0.065146
v 0.216088 0.259804 0.067248
v 0.256983 0.222140 0.053932
v 0.124559 0.218942 0.176346
v 0.117997 0.205974 0.183866
v 0.121623 0.187073 0.192100
v 0.134960 0.167665 0.199385
v 0.152742 0.156220 0.203110
v 0.168978 0.153638 0.199571
v 0.190347 0.164252 0.188102
v 0.198524 0.176643 0.178337
v 0.146294 0.225777 0.167463
v 0.196194 0.192395 0.170901
v 0.185642 0.209267 0.166248
v 0.167054 0.221058 0.164129
v 0.017997 0.235599 -0.005898
v 0.016508 0.179125 -0.029769
v 0.027526 0.131482 -0.037152
v 0.073742 0.087256 -0.043326
v 0.099123 0.050748 -0.008459
v 0.074003 0.151313 -0.068888
v 0.104516 0.104747 -0.063443
v 0.145434 0.072832 -0.038357
v 0.187673 0.045640 0.008298
v 0.064494 0.212556 -0.060441
v 0.125964 0.186666 -0.075481
v 0.140669 0.129213 -0.071009
v 0.232375 0.086079 -0.016315
v 0.064581 0.262427 -0.034161
v 0.137679 0.256480 -0.055864
v 0.198862 0.104095 -0.045685
v 0.064455 0.308623 0.043259
v 0.115639 0.300748 -0.023573
v 0.193800 0.168374 -0.064232
v 0.277331 0.114464 0.018354
v 0.200485 0.241954 -0.048416
v 0.260847 0.160728 -0.027352
v 0.281618 0.130339 -0.002300
v 0.170141 0.327519 0.008800
v 0.192732 0.295427 -0.019465
v 0.244371 0.237237 -0.027558
v 0.294244 0.198100 0.015202
v 0.212481 0.310611 0.017330
v 0.258949 0.260144 0.010185
v 0.307876 0.162881 0.034130
v 0.126923 0.333764 0.038856
v 0.214521 0.319024 0.061552
v 0.311182 0.177384 0.074001
v 0.170596 0.339991 0.062676
v 0.316921 0.185200 0.122899
v 0.294046 0.154180 0.110236
v 0.112276 0.334467 0.105548
v 0.195112 0.312887 0.123512
v 0.251641 0.207723 0.158070
v 0.279955 0.191229 0.167199
v 0.154284 0.329491 0.128799
v 0.165756 0.298047 0.163336
v 0.224786 0.232914 0.164724
v 0.233330 0.199549 0.179898
v 0.244244 0.154975 0.177097
v 0.108690 0.304093 0.170258
v 0.121770 0.278143 0.192805
v 0.224550 0.143955 0.233016
v 0.219147 0.121452 0.199938
v 0.087136 0.313981 0.143030
v 0.064410 0.281950 0.177351
v 0.181738 0.119320 0.228829
v 0.074841 0.251388 0.202544
v 0.082451 0.181437 0.220239
v 0.149144 0.092021 0.223319
v 0.051125 0.299456 0.127313
v 0.027980 0.221881 0.176935
v 0.117685 0.119676 0.227337
v 0.026232 0.259278 0.156410
v 0.051680 0.151113 0.199083
v 0.148425 0.061647 0.185438
v 0.004124 0.250710 0.110041
v 0.021693 0.162140 0.164722
v 0.082826 0.081257 0.184868
v 0.120891 0.058587 0.189301
v -0.004903 0.192830 0.114109
v 0.030790 0.095605 0.130094
v 0.069414 0.047297 0.106111
v -0.001739 0.129658 0.076755
v 0.025387 0.077750 0.066421
v 0.111559 0.032146 0.127710
v 0.142898 0.027299 0.086730
v 0.020577 0.274238 0.068470
v -0.006181 0.219893 0.039771
v -0.011850 0.178407 0.031248
v 0.004003 0.120064 0.014561
v 0.075434 0.041583 0.045091
v 0.127450 0.024361 0.055977
v 0.038111 0.072880 0.004447
v 0.224166 0.105412 0.112564
v 0.269214 0.167158 0.148169
v 0.252441 0.179051 0.199168
v 0.254744 0.140645 0.181360
v 0.278995 0.152590 0.154041
v 0.287795 0.150628 0.137567
v 0.263025 0.141512 0.222737
v 0.274888 0.154082 0.209379
v 0.317376 0.165873 0.157829
v 0.241993 0.128947 0.190195
v 0.303576 0.166874 0.175149
v 0.341668 0.169587 0.122877
v 0.235733 0.122201 0.249267
v 0.317978 0.116003 0.136400
v 0.352821 0.132380 0.128466
v 0.287805 0.102290 0.190350
v 0.330979 0.120939 0.186980
v 0.278025 0.097404 0.230619
v 0.245566 0.084337 0.207603
v 0.107286 0.212215 0.219763
v 0.121233 0.247469 0.206203
v 0.162789 0.253104 0.186922
v 0.145217 0.154604 0.230989
v 0.177501 0.144590 0.220378
v 0.219834 0.177306 0.199591
v 0.276534 0.201107 0.133606
v 0.222165 0.284501 0.113785
v 0.244676 0.234109 0.142962
v 0.201317 0.228509 0.184404
v 0.239881 0.294537 0.060168
v 0.293526 0.196114 0.084694
v 0.274825 0.246864 0.042390
v 0.297358 0.215504 0.062216
v 0.318641 0.117382 0.119885
v 0.343743 0.127039 0.153226
v 0.308265 0.110286 0.214605
v 0.308645 0.111113 0.167899
v 0.259766 0.089835 0.203864
v 0.255868 0.088687 0.243433
v 0.221378 0.206158 0.152246
v 0.238886 0.192631 0.147148
v 0.258210 0.178874 0.155026
v 0.225495 0.186653 0.163114
v 0.241792 0.171553 0.174625
v 0.239633 0.226023 0.086041
v 0.158743 0.189909 0.182463
v -0.127072 0.207691 -0.181831
v -0.121757 0.208569 -0.199605
v -0.163719 0.205235 -0.224272
v -0.181492 0.204293 -0.216008
v -0.144708 0.207276 -0.224551
v -0.192798 0.202285 -0.201970
v -0.196587 0.201919 -0.186848
v -0.190576 0.203485 -0.172349
v -0.172686 0.205523 -0.157261
v -0.157918 0.207383 -0.156231
v -0.126133 0.208799 -0.213447
v -0.141001 0.207030 -0.164985
v -0.207050 0.151520 -0.299763
v -0.217057 0.141109 -0.301265
v -0.232244 0.133245 -0.294019
v -0.248882 0.130669 -0.280061
v -0.260244 0.134955 -0.265382
v -0.261985 0.142310 -0.252517
v -0.253030 0.159277 -0.238968
v -0.241930 0.169826 -0.235214
v -0.201757 0.166898 -0.285399
v -0.228985 0.176673 -0.240569
v -0.215977 0.179886 -0.252786
v -0.205496 0.175669 -0.268828
v -0.042983 0.060113 -0.294325
v -0.049865 0.019119 -0.259207
v -0.067598 0.021994 -0.227482
v -0.091732 0.021700 -0.175836
v -0.138822 0.021639 -0.158638
v -0.044508 0.027998 -0.193571
v -0.075185 0.018414 -0.155752
v -0.116071 0.028261 -0.126656
v -0.171170 0.046342 -0.108296
v -0.021863 0.062161 -0.230988
v -0.034351 0.079643 -0.174255
v -0.065962 0.053643 -0.140952
v -0.143926 0.093046 -0.087955
v -0.019408 0.098714 -0.265037
v -0.020455 0.134150 -0.207174
v -0.107465 0.078086 -0.104246
v -0.056553 0.143548 -0.319887
v -0.020535 0.155258 -0.255136
v -0.064297 0.111149 -0.128472
v -0.166127 0.144800 -0.087877
v -0.044912 0.164198 -0.164584
v -0.108444 0.154161 -0.099207
v -0.144619 0.152913 -0.083379
v -0.043642 0.211232 -0.247357
v -0.041291 0.198866 -0.206334
v -0.071242 0.191845 -0.144125
v -0.130238 0.206246 -0.113875
v -0.065879 0.227797 -0.216950
v -0.092095 0.222687 -0.161891
v -0.162569 0.196450 -0.097643
v -0.054624 0.195578 -0.290329
v -0.095449 0.243492 -0.238806
v -0.186470 0.215778 -0.119571
v -0.078283 0.230521 -0.276262
v -0.220517 0.234289 -0.140886
v -0.220238 0.198689 -0.135580
v -0.100980 0.201208 -0.328930
v -0.140357 0.241034 -0.275213
v -0.223723 0.216645 -0.207265
v -0.243429 0.225215 -0.186073
v -0.128829 0.228072 -0.310572
v -0.170668 0.222596 -0.304221
v -0.212204 0.217655 -0.238384
v -0.239913 0.205188 -0.224534
v -0.259677 0.183408 -0.196267
v -0.161781 0.193710 -0.345653
v -0.192602 0.190102 -0.335553
v -0.302192 0.176482 -0.227999
v -0.286456 0.152347 -0.206720
v -0.132881 0.181288 -0.351718
v -0.168009 0.154971 -0.366380
v -0.301426 0.134712 -0.241752
v -0.202304 0.147467 -0.356998
v -0.247849 0.112221 -0.328235
v -0.302886 0.097114 -0.247331
v -0.120435 0.147457 -0.360771
v -0.186956 0.095772 -0.361714
v -0.287403 0.096355 -0.281294
v -0.154843 0.113688 -0.370808
v -0.239376 0.070561 -0.324469
v -0.287986 0.069881 -0.217455
v -0.119747 0.085458 -0.360487
v -0.202991 0.052318 -0.333206
v -0.265843 0.042764 -0.267102
v -0.286725 0.052336 -0.234963
v -0.146520 0.044929 -0.341646
v -0.208424 0.025642 -0.282211
v -0.219607 0.022652 -0.225680
v -0.147260 0.023292 -0.294694
v -0.167890 0.018740 -0.249678
v -0.250746 0.017445 -0.201899
v -0.228659 0.024587 -0.162216
v -0.081734 0.101225 -0.342722
v -0.079053 0.045451 -0.322256
v -0.089898 0.026976 -0.303254
v -0.106399 0.019412 -0.259590
v -0.177962 0.019477 -0.192675
v -0.204016 0.025131 -0.157106
v -0.126498 0.016647 -0.212449
v -0.229575 0.127106 -0.158145
v -0.237766 0.199853 -0.173554
v -0.267092 0.207889 -0.211707
v -0.271262 0.181663 -0.185066
v -0.250509 0.197866 -0.163397
v -0.240880 0.198460 -0.149811
v -0.303291 0.195800 -0.198355
v -0.290174 0.207910 -0.190810
v -0.255107 0.229847 -0.147089
v -0.280454 0.168619 -0.191587
v -0.264793 0.225845 -0.163733
v -0.232320 0.239361 -0.118327
v -0.326103 0.173035 -0.218238
v -0.261306 0.194719 -0.114729
v -0.255118 0.224059 -0.096917
v -0.301458 0.179446 -0.150928
v -0.299320 0.216131 -0.130933
v -0.331606 0.178985 -0.172412
v -0.313797 0.146657 -0.176717
v -0.238858 0.146095 -0.326468
v -0.215994 0.173512 -0.327824
v -0.207449 0.197810 -0.295987
v -0.280185 0.135284 -0.281528
v -0.283146 0.146126 -0.252173
v -0.261683 0.187413 -0.231479
v -0.213413 0.222289 -0.178021
v -0.151042 0.237514 -0.241179
v -0.199458 0.225732 -0.216991
v -0.224105 0.205010 -0.259649
v -0.110279 0.243129 -0.211242
v -0.182636 0.219111 -0.143773
v -0.125062 0.230647 -0.160009
v -0.158130 0.228757 -0.140358
v -0.248551 0.192521 -0.107727
v -0.274076 0.220492 -0.110982
v -0.320037 0.201713 -0.152362
v -0.285023 0.192689 -0.132100
v -0.311419 0.157777 -0.168704
v -0.340567 0.163007 -0.187901
v -0.214057 0.196375 -0.222925
v -0.219724 0.197358 -0.203620
v -0.235502 0.201997 -0.188742
v -0.231566 0.188980 -0.216250
v -0.250034 0.191734 -0.204242
v -0.159704 0.205791 -0.191613
v -0.231220 0.155170 -0.267898
v -0.016443 0.101405 0.252139
v -0.031357 0.134537 0.321171
v 0.097121 0.091086 0.299057
v 0.020215 0.129851 0.342477
v -0.064263 0.062220 0.357240
v -0.053073 0.116742 0.368900
v 0.049301 0.051901 0.404158
v -0.001501 0.112056 0.390206
v 0.109584 0.140208 -0.222330
v 0.176080 0.176338 -0.236911
v 0.134830 0.083865 -0.327345
v 0.187545 0.150751 -0.284602
v 0.223506 0.125356 -0.186090
v 0.227815 0.169593 -0.220454
v 0.248753 0.069013 -0.291105
v 0.239280 0.144006 -0.268144
v -0.380449 0.058513 -0.025198
v -0.397907 0.116651 -0.055870
v -0.444897 0.014381 -0.129813
v -0.418174 0.099451 -0.100544
v -0.307600 0.102769 -0.105641
v -0.364824 0.136749 -0.092402
v -0.372048 0.058637 -0.210256
v -0.385092 0.119549 -0.137075
v 0.113472 0.155577 -0.102237
v 0.101827 0.433020 -0.113291
v 0.112412 0.158065 -0.082963
v 0.106642 0.162930 -0.070795
v 0.098350 0.168324 -0.070380
v 0.090696 0.172191 -0.081876
v 0.086623 0.173042 -0.100892
v 0.087705 0.170540 -0.120167
v 0.093510 0.165652 -0.132337
v 0.101802 0.160258 -0.132752
v 0.109421 0.156414 -0.121255
v 0.136504 0.194793 -0.105727
v 0.172327 0.279533 -0.112179
v 0.156860 0.366039 -0.114701
v 0.123065 0.419286 -0.114357
v 0.122765 0.419170 -0.108926
v 0.156126 0.366484 -0.104994
v 0.171206 0.280945 -0.097575
v 0.135386 0.197149 -0.087414
v 0.121055 0.418392 -0.105419
v 0.152502 0.366822 -0.098750
v 0.165931 0.283393 -0.088259
v 0.129602 0.201712 -0.075832
v 0.118463 0.417198 -0.105166
v 0.147051 0.366887 -0.098327
v 0.158378 0.285902 -0.087777
v 0.121316 0.206665 -0.075398
v 0.115998 0.416017 -0.108261
v 0.141855 0.366613 -0.103885
v 0.151420 0.287477 -0.096311
v 0.113672 0.210099 -0.086276
v 0.114713 0.415367 -0.113536
v 0.139221 0.366167 -0.113329
v 0.147861 0.287578 -0.110615
v 0.109648 0.210787 -0.104319
v 0.115160 0.415555 -0.118982
v 0.140356 0.365786 -0.123070
v 0.149160 0.286229 -0.125236
v 0.110831 0.208531 -0.122641
v 0.117108 0.416450 -0.122512
v 0.144626 0.365549 -0.129370
v 0.154722 0.283884 -0.134579
v 0.116720 0.204128 -0.134238
v 0.119700 0.417644 -0.122766
v 0.150077 0.365484 -0.129793
v 0.162275 0.281375 -0.135061
v 0.125006 0.199175 -0.134672
v 0.121928 0.418708 -0.119647
v 0.154627 0.365657 -0.124180
v 0.168946 0.279697 -0.126500
v 0.132545 0.195581 -0.123779
v 0.115751 0.154474 -0.098294
v 0.250227 0.235336 -0.033821
v 0.124413 0.148220 -0.105350
v 0.133653 0.142116 -0.106811
v 0.139457 0.139034 -0.099686
v 0.137892 0.141063 -0.088798
v 0.131640 0.146036 -0.078816
v 0.122986 0.152283 -0.071778
v 0.113733 0.158395 -0.070314
v 0.107921 0.161483 -0.077431
v 0.109484 0.159456 -0.088304
v 0.131875 0.179664 -0.100778
v 0.167121 0.222128 -0.097899
v 0.210112 0.243367 -0.074248
v 0.239921 0.245672 -0.049661
v 0.242685 0.242841 -0.052559
v 0.214687 0.239219 -0.078458
v 0.174005 0.216625 -0.103593
v 0.140534 0.173378 -0.107685
v 0.244828 0.237781 -0.054133
v 0.218945 0.233044 -0.079747
v 0.181113 0.210040 -0.104594
v 0.150037 0.166863 -0.108796
v 0.243519 0.231809 -0.052019
v 0.219692 0.226385 -0.075344
v 0.185003 0.204439 -0.098117
v 0.156051 0.162955 -0.101062
v 0.239315 0.229996 -0.047737
v 0.216194 0.224621 -0.068082
v 0.182696 0.203931 -0.088034
v 0.154498 0.164359 -0.089579
v 0.235807 0.231420 -0.043869
v 0.211730 0.226842 -0.061938
v 0.177143 0.207500 -0.079480
v 0.148236 0.169132 -0.079506
v 0.233046 0.234714 -0.040579
v 0.207030 0.231518 -0.057619
v 0.170149 0.213374 -0.073708
v 0.139617 0.175560 -0.072588
v 0.231865 0.240581 -0.038712
v 0.203239 0.238769 -0.056557
v 0.163092 0.220930 -0.073100
v 0.130215 0.182400 -0.071562
v 0.233711 0.246148 -0.041440
v 0.203001 0.245044 -0.061541
v 0.159697 0.226158 -0.080141
v 0.124288 0.186243 -0.079395
v 0.236968 0.247144 -0.046031
v 0.205974 0.245777 -0.068509
v 0.161792 0.225817 -0.089648
v 0.125707 0.184537 -0.090756
v 0.115333 0.154538 -0.100491
v 0.347942 0.291244 -0.273422
v 0.101252 0.162024 -0.117678
v 0.096383 0.163749 -0.132847
v 0.101106 0.159989 -0.140436
v 0.114600 0.151396 -0.139132
v 0.132298 0.141034 -0.127728
v 0.146368 0.133559 -0.110501
v 0.151201 0.131861 -0.095289
v 0.146472 0.135625 -0.087705
v 0.133002 0.144197 -0.089064
v 0.130823 0.174710 -0.105111
v 0.201627 0.261884 -0.129364
v 0.280941 0.299689 -0.193817
v 0.333024 0.299420 -0.251775
v 0.329025 0.300838 -0.255470
v 0.273731 0.302617 -0.201583
v 0.190976 0.266829 -0.141873
v 0.117669 0.181601 -0.121188
v 0.327222 0.300615 -0.257385
v 0.270581 0.302106 -0.207504
v 0.186763 0.266837 -0.152542
v 0.113094 0.183015 -0.135150
v 0.327818 0.300300 -0.257726
v 0.272011 0.299739 -0.210076
v 0.189547 0.263149 -0.157454
v 0.117278 0.179474 -0.141914
v 0.329753 0.298413 -0.257257
v 0.276912 0.294736 -0.209590
v 0.198340 0.256097 -0.156410
v 0.129485 0.171376 -0.140616
v 0.333293 0.295589 -0.254461
v 0.284505 0.289081 -0.204380
v 0.210782 0.247974 -0.148188
v 0.145873 0.161565 -0.130000
v 0.336941 0.294377 -0.250779
v 0.291448 0.286574 -0.196489
v 0.221290 0.243211 -0.135727
v 0.159064 0.154768 -0.113958
v 0.338218 0.294461 -0.248353
v 0.294207 0.287276 -0.190072
v 0.225370 0.243035 -0.125170
v 0.163707 0.153405 -0.100071
v 0.338059 0.294530 -0.247617
v 0.293192 0.289411 -0.187126
v 0.222988 0.246497 -0.119895
v 0.159594 0.156906 -0.093243
v 0.336663 0.296550 -0.248587
v 0.288634 0.294249 -0.188152
v 0.214197 0.253791 -0.120945
v 0.147293 0.164968 -0.094490
v -0.309234 0.019134 0.001414
v -0.468914 0.255405 -0.093615
v -0.325123 0.018897 0.018138
v -0.340917 0.018783 0.024374
v -0.350599 0.018836 0.017729
v -0.350480 0.019036 0.000735
v -0.340584 0.019306 -0.020102
v -0.324669 0.019544 -0.036808
v -0.308835 0.019658 -0.043017
v -0.299153 0.019605 -0.036371
v -0.299311 0.019405 -0.019405
v -0.311678 0.037124 0.002662
v -0.328335 0.145111 -0.002939
v -0.387775 0.222564 -0.039610
v -0.444159 0.254942 -0.076621
v -0.448171 0.253856 -0.071682
v -0.395469 0.221151 -0.031097
v -0.340346 0.143719 0.009651
v -0.326856 0.036144 0.018479
v -0.451511 0.251511 -0.069313
v -0.402842 0.218344 -0.027741
v -0.352359 0.141561 0.014207
v -0.342071 0.035461 0.024240
v -0.452979 0.248675 -0.070475
v -0.407323 0.214975 -0.031004
v -0.359877 0.139332 0.008917
v -0.351510 0.035233 0.017738
v -0.451983 0.246414 -0.074707
v -0.407177 0.212290 -0.039627
v -0.360018 0.137837 -0.004192
v -0.351575 0.035517 0.001451
v -0.448849 0.245731 -0.080344
v -0.402230 0.211579 -0.050143
v -0.352642 0.137806 -0.020047
v -0.342238 0.036326 -0.018392
v -0.444757 0.246983 -0.085218
v -0.394244 0.213309 -0.058437
v -0.340520 0.139374 -0.032552
v -0.327062 0.037448 -0.034203
v -0.441286 0.249596 -0.087483
v -0.386398 0.216624 -0.061440
v -0.328329 0.141818 -0.036969
v -0.311847 0.038358 -0.039951
v -0.439818 0.252432 -0.086320
v -0.381917 0.219993 -0.058177
v -0.320811 0.144047 -0.031680
v -0.302409 0.038587 -0.033450
v -0.440944 0.254425 -0.082193
v -0.382536 0.222170 -0.049907
v -0.320849 0.145256 -0.018708
v -0.302343 0.038076 -0.017175
v -0.312841 0.019184 -0.003633
v -0.504358 0.249060 0.033398
v -0.313495 0.018912 0.019420
v -0.321086 0.018714 0.034595
v -0.332733 0.018666 0.036100
v -0.343998 0.018787 0.023359
v -0.350553 0.019030 0.001237
v -0.349867 0.019303 -0.021820
v -0.342229 0.019501 -0.037001
v -0.330582 0.019548 -0.038505
v -0.319364 0.019428 -0.025759
v -0.315668 0.037246 -0.000799
v -0.335479 0.144585 0.006683
v -0.406821 0.219590 0.019380
v -0.474580 0.249630 0.029555
v -0.474239 0.248522 0.035905
v -0.406828 0.218118 0.030846
v -0.335985 0.143086 0.024067
v -0.316396 0.036129 0.021105
v -0.475068 0.246127 0.039886
v -0.409988 0.215164 0.038249
v -0.341821 0.140669 0.035461
v -0.323865 0.035118 0.035539
v -0.476839 0.243229 0.039984
v -0.415385 0.211607 0.038788
v -0.350870 0.138126 0.036520
v -0.335219 0.034495 0.036985
v -0.478841 0.240918 0.036155
v -0.420931 0.208764 0.032251
v -0.359662 0.136381 0.026836
v -0.346133 0.034470 0.024892
v -0.480241 0.240219 0.029861
v -0.424232 0.207998 0.021112
v -0.364735 0.136262 0.010103
v -0.352432 0.035172 0.003882
v -0.480485 0.241496 0.023506
v -0.423872 0.209799 0.009614
v -0.364095 0.137941 -0.007291
v -0.351706 0.036432 -0.018014
v -0.479498 0.244165 0.019517
v -0.420143 0.213282 0.002161
v -0.358043 0.140650 -0.018699
v -0.344238 0.037670 -0.032438
v -0.477727 0.247063 0.019419
v -0.414745 0.216839 0.001623
v -0.348995 0.143194 -0.019759
v -0.332883 0.038292 -0.033884
v -0.475882 0.249101 0.023256
v -0.409769 0.219152 0.008210
v -0.340418 0.144647 -0.010060
v -0.321970 0.038090 -0.021801
vt 0.333333 0.500000
vt 0.250000 0.500000
vt 0.250000 0.500000
vt 0.333333 0.500000
vt 0.916667 0.500000
vt 0.833333 0.500000
vt 0.833333 0.500000
vt 0.916667 0.500000
vt 0.666667 0.500000
vt 0.583333 0.500000
vt 0.583333 0.500000
vt 0.666667 0.500000
vt 0.416667 0.500000
vt 0.416667 0.500000
vt 1.000000 0.500000
vt 1.000000 0.500000
vt 0.166667 0.500000
vt 0.083333 0.500000
vt 0.083333 0.500000
vt 0.166667 0.500000
vt 0.750000 0.500000
vt 0.750000 0.500000
vt 0.500000 0.500000
vt 0.500000 0.500000
vt 0.250000 0.500000
vt 0.333333 0.500000
vt 0.000000 0.500000
vt 0.000000 0.500000
vt 0.916667 0.500000
vt 0.833333 0.500000
vt 0.916667 0.500000
vt 0.500000 0.500000
vt 0.416667 0.500000
vt 0.500000 0.500000
vt 0.166667 0.500000
vt 0.083333 0.500000
vt 0.166667 0.500000
vt 0.750000 0.500000
vt 0.000000 0.500000
vt 0.333333 0.500000
vt 0.833333 0.500000
vt 0.416667 0.500000
vt 0.083333 0.500000
vt 0.916667 0.750000
vt 0.833333 0.750000
vt 0.583333 0.500000
vt 0.666667 0.500000
vt 0.250000 0.500000
vt 0.750000 0.750000
vt 1.000000 0.500000
vt 0.583333 0.500000
vt 0.666667 0.500000
vt 1.000000 0.500000
vt 0.333333 0.750000
vt 0.416667 0.750000
vt 0.666667 0.750000
vt 0.583333 0.750000
vt 0.250000 0.750000
vt 0.500000 0.750000
vt 0.166667 0.750000
vt 0.083333 0.750000
vt 1.000000 0.750000
vt 0.000000 0.750000
vt 0.750000 0.973087
vt 0.666667 0.975842
vt 0.083333 0.986197
vt 0.000000 0.983592
vt 0.500000 0.983895
vt 0.416667 0.986325
vt 0.750000 0.500000
vt 0.333333 0.500000
vt 0.250000 0.500000
vt 0.250000 0.500000
vt 0.333333 0.500000
vt 0.916667 0.500000
vt 0.833333 0.500000
vt 0.833333 0.500000
vt 0.916667 0.500000
vt 0.666667 0.500000
vt 0.583333 0.500000
vt 0.583333 0.500000
vt 0.666667 0.500000
vt 0.416667 0.500000
vt 0.416667 0.500000
vt 1.000000 0.500000
vt 1.000000 0.500000
vt 0.166667 0.500000
vt 0.083333 0.500000
vt 0.083333 0.500000
vt 0.166667 0.500000
vt 0.750000 0.500000
vt 0.750000 0.500000
vt 0.500000 0.500000
vt 0.500000 0.500000
vt 0.250000 0.500000
vt 0.333333 0.500000
vt 0.250000 0.988398
vt 0.166667 0.987790
vt 0.000000 0.500000
vt 0.000000 0.500000
vt 0.916667 0.500000
vt 0.833333 0.500000
vt 0.916667 0.500000
vt 0.500000 0.500000
vt 0.416667 0.500000
vt 0.500000 0.500000
vt 0.166667 0.500000
vt 0.083333 0.500000
vt 0.166667 0.500000
vt 0.750000 0.500000
vt 0.000000 0.500000
vt 0.333333 0.500000
vt 0.833333 0.500000
vt 0.416667 0.500000
vt 0.083333 0.500000
vt 0.916667 0.750000
vt 0.833333 0.750000
vt 0.583333 0.500000
vt 0.666667 0.500000
vt 0.250000 0.500000
vt 0.750000 0.750000
vt 1.000000 0.500000
vt 0.583333 0.500000
vt 0.666667 0.500000
vt 1.000000 0.500000
vt 0.083333 0.750000
vt 0.083333 0.986325
vt 0.000000 0.983895
vt 0.000000 0.750000
vt 0.333333 0.750000
vt 0.416667 0.750000
vt 0.666667 0.750000
vt 0.583333 0.750000
vt 0.250000 0.750000
vt 0.500000 0.750000
vt 0.166667 0.750000
vt 1.000000 0.750000
vt 0.333333 0.987790
vt 0.250000 0.988398
vt 0.916667 0.980337
vt 0.833333 0.975842
vt 0.666667 0.975380
vt 0.583333 0.979808
vt 0.416667 0.986197
vt 1.000000 0.983895
vt 0.750000 0.973087
vt 0.500000 0.983592
vt 0.166667 0.987860
vt 0.750000 0.500000
vt 1.000000 0.983592
vt 0.916667 0.979808
vt 0.833333 0.975380
vt 0.583333 0.980337
vt 0.333333 0.987860
vt 0.729164 0.772729
vt 0.699580 0.958405
vt 0.639909 0.774684
vt 0.597697 0.333333
vt 0.508403 0.250000
vt 0.677838 0.294436
vt 0.607539 0.583333
vt 0.565865 0.500000
vt 0.625000 0.500000
vt 0.562159 0.666667
vt 0.516212 0.583333
vt 0.544800 0.780428
vt 0.604584 0.416667
vt 0.516506 0.416667
vt 0.471875 0.528502
vt 0.475365 0.666667
vt 0.420319 0.865462
vt 0.312500 1.000000
vt 0.238596 0.873499
vt 0.293668 0.386854
vt 0.250000 0.416667
vt 0.249407 0.333333
vt 0.247539 0.509839
vt 0.170032 0.590014
vt 0.190666 0.518182
vt 0.145833 1.000000
vt 0.037351 0.864125
vt 0.143244 0.750000
vt 0.125879 0.833333
vt 0.063148 0.750000
vt 0.087695 0.562876
vt 0.064911 0.666667
vt 0.041667 0.540357
vt 0.000000 0.750000
vt 1.000000 0.864125
vt 0.979166 1.000000
vt 0.849334 0.873532
vt 0.985055 0.527080
vt 0.982969 0.666667
vt 0.942121 0.583333
vt 0.892468 0.500000
vt 0.852993 0.416667
vt 0.941827 0.416667
vt 0.896174 0.666667
vt 0.850794 0.583333
vt 0.833333 0.500000
vt 0.913378 0.780106
vt 0.810813 0.750000
vt 0.257665 0.250000
vt 0.207169 0.250000
vt 0.257665 0.250000
vt 0.125000 0.250000
vt 0.083333 0.327777
vt 0.125000 0.250000
vt 0.208333 0.250000
vt 0.166667 0.250000
vt 0.250000 0.333333
vt 0.291667 0.333333
vt 0.333333 0.250000
vt 0.333333 0.333333
vt 0.333333 0.333333
vt 0.269059 0.486471
vt 0.291336 0.594348
vt 0.796187 0.250000
vt 0.772399 0.333333
vt 0.729230 0.416667
vt 0.666667 0.416667
vt 0.666667 0.583333
vt 0.652299 0.666667
vt 0.138444 0.666667
vt 0.708333 0.500000
vt 0.771914 0.500000
vt 0.513165 0.333333
vt 0.434736 0.333333
vt 0.445772 0.750000
vt 0.416667 0.540145
vt 0.436713 0.416667
vt 0.352736 0.598059
vt 0.379748 0.493676
vt 0.125000 0.333333
vt 0.125000 0.333333
vt 0.356218 0.777154
vt 0.244040 0.750000
vt 0.270937 0.666667
vt 0.208333 0.666667
vt 0.205640 0.333333
vt 0.208333 0.416667
vt 0.165910 0.392934
vt 0.023371 0.416667
vt 0.000000 0.542225
vt 1.000000 0.416667
vt 0.968083 0.250000
vt 1.000000 0.333333
vt 0.945169 0.333333
vt 0.985019 0.750000
vt 0.807330 0.666667
vt 0.860638 0.333333
vt 0.791667 0.583333
vt 0.730130 0.583333
vt 0.791667 0.416667
vt 0.760717 0.250000
vt 0.001160 0.250000
vt 0.083333 0.250000
vt 0.968083 0.250000
vt 0.375000 0.328376
vt 0.375000 0.250000
vt 0.473201 0.250000
vt 0.207169 0.250000
vt 0.670995 0.250000
vt 0.333333 0.250000
vt 0.291667 0.250000
vt 0.250000 0.250000
vt 0.166667 0.333333
vt 0.208333 0.333333
vt 0.392633 0.090692
vt 0.375000 0.125000
vt 0.423476 0.125000
vt 0.423476 0.625000
vt 0.484252 0.663996
vt 0.576524 0.625000
vt 0.119943 0.612105
vt 0.648445 0.676421
vt 0.673476 0.625000
vt 0.625000 0.625000
vt 0.647129 0.672465
vt 0.673476 0.625000
vt 0.625000 0.625000
vt 0.423476 0.625000
vt 0.375000 0.625000
vt 0.365347 0.662373
vt 0.326524 0.625000
vt 0.423476 0.125000
vt 0.576524 0.125000
vt 0.507197 0.078079
vt 0.826524 0.625000
vt 0.844899 0.676039
vt 0.875000 0.625000
vt 0.625000 0.125000
vt 0.600955 0.080174
vt 0.576524 0.125000
vt 0.729166 0.666667
vt 0.666667 0.500000
vt 0.416667 0.666667
vt 0.372505 0.413476
vt 0.354246 0.666667
vt 0.345411 0.375773
vt 0.208333 0.416667
vt 0.208333 0.500000
vt 0.210792 0.509839
vt 0.250000 0.333333
vt 0.208333 0.333333
vt 0.109498 0.376310
vt 0.082984 0.430405
vt 0.023564 0.333333
vt 0.000000 0.666667
vt 0.000000 0.000000
vt 0.000000 0.000000
vt 0.000000 0.000000
vt 0.000000 0.000000
vt 0.125000 0.333333
vt 0.166667 0.333333
vt 0.125000 0.250000
vt 0.333333 0.250000
vt 0.291667 0.250000
vt 0.208333 0.333333
vt 0.250000 0.333333
vt 0.000000 0.000000
vt 0.000000 0.000000
vt 0.000000 0.000000
vt 0.000000 0.000000
vt 0.333333 0.333333
vt 0.250000 0.250000
vt 0.208333 0.250000
vt 0.291667 0.333333
vt 0.000000 0.000000
vt 0.000000 0.000000
vt 0.000000 0.000000
vt 0.000000 0.000000
vt 0.166667 0.250000
vt 0.000000 0.000000
vt 0.000000 0.000000
vt 0.000000 0.000000
vt 0.000000 0.000000
vt 0.374544 0.086558
vt 0.375000 0.125000
vt 0.173476 0.625000
vt 0.125000 0.625000
vt 0.125000 0.657703
vt 0.183663 0.654802
vt 0.577922 0.674374
vt 0.576525 0.625000
vt 0.378120 0.658805
vt 0.375000 0.625000
vt 0.326524 0.625000
vt 0.303312 0.655794
vt 0.875000 0.671139
vt 0.875000 0.625000
vt 0.826525 0.625000
vt 0.827011 0.673749
vt 0.173476 0.625000
vt 0.138969 0.661694
vt 0.625000 0.125000
vt 0.625000 0.073603
vt 0.125000 0.625000
vt 0.250000 0.500000
vt 0.250000 0.416667
vt 0.729164 0.772729
vt 0.699580 0.958405
vt 0.639909 0.774684
vt 0.597697 0.333333
vt 0.508403 0.250000
vt 0.677838 0.294436
vt 0.607539 0.583333
vt 0.565865 0.500000
vt 0.625000 0.500000
vt 0.562159 0.666667
vt 0.516212 0.583333
vt 0.544800 0.780428
vt 0.604584 0.416667
vt 0.516506 0.416667
vt 0.471875 0.528502
vt 0.475365 0.666667
vt 0.420319 0.865462
vt 0.312500 1.000000
vt 0.238596 0.873499
vt 0.293668 0.386854
vt 0.250000 0.416667
vt 0.249407 0.333333
vt 0.247539 0.509839
vt 0.170032 0.590014
vt 0.190666 0.518182
vt 0.145833 1.000000
vt 0.037351 0.864125
vt 0.143244 0.750000
vt 0.125879 0.833333
vt 0.063148 0.750000
vt 0.087695 0.562876
vt 0.064911 0.666667
vt 0.041667 0.540357
vt 0.000000 0.750000
vt 1.000000 0.864125
vt 0.979166 1.000000
vt 0.849334 0.873532
vt 0.985055 0.527080
vt 0.982969 0.666667
vt 0.942121 0.583333
vt 0.892468 0.500000
vt 0.852993 0.416667
vt 0.941827 0.416667
vt 0.896174 0.666667
vt 0.850794 0.583333
vt 0.833333 0.500000
vt 0.913378 0.780106
vt 0.810813 0.750000
vt 0.257665 0.250000
vt 0.207169 0.250000
vt 0.257665 0.250000
vt 0.125000 0.250000
vt 0.083333 0.327777
vt 0.125000 0.250000
vt 0.208333 0.250000
vt 0.166667 0.250000
vt 0.250000 0.333333
vt 0.291667 0.333333
vt 0.333333 0.250000
vt 0.333333 0.333333
vt 0.333333 0.333333
vt 0.269059 0.486471
vt 0.291336 0.594348
vt 0.796187 0.250000
vt 0.772399 0.333333
vt 0.729230 0.416667
vt 0.666667 0.416667
vt 0.666667 0.583333
vt 0.652299 0.666667
vt 0.138444 0.666667
vt 0.708333 0.500000
vt 0.771914 0.500000
vt 0.513165 0.333333
vt 0.434736 0.333333
vt 0.445772 0.750000
vt 0.416667 0.540145
vt 0.436713 0.416667
vt 0.352736 0.598059
vt 0.379748 0.493676
vt 0.125000 0.333333
vt 0.125000 0.333333
vt 0.356218 0.777154
vt 0.244040 0.750000
vt 0.270937 0.666667
vt 0.208333 0.666667
vt 0.205640 0.333333
vt 0.208333 0.416667
vt 0.165910 0.392934
vt 0.023371 0.416667
vt 0.000000 0.542225
vt 1.000000 0.416667
vt 0.968083 0.250000
vt 1.000000 0.333333
vt 0.945169 0.333333
vt 0.985019 0.750000
vt 0.807330 0.666667
vt 0.860638 0.333333
vt 0.791667 0.583333
vt 0.730130 0.583333
vt 0.791667 0.416667
vt 0.760717 0.250000
vt 0.001160 0.250000
vt 0.083333 0.250000
vt 0.968083 0.250000
vt 0.375000 0.328376
vt 0.375000 0.250000
vt 0.473201 0.250000
vt 0.207169 0.250000
vt 0.670995 0.250000
vt 0.333333 0.250000
vt 0.291667 0.250000
vt 0.250000 0.250000
vt 0.166667 0.333333
vt 0.208333 0.333333
vt 0.392633 0.090692
vt 0.375000 0.125000
vt 0.423476 0.125000
vt 0.423476 0.625000
vt 0.484252 0.663996
vt 0.576524 0.625000
vt 0.119943 0.612105
vt 0.648445 0.676421
vt 0.673476 0.625000
vt 0.625000 0.625000
vt 0.647129 0.672465
vt 0.673476 0.625000
vt 0.625000 0.625000
vt 0.423476 0.625000
vt 0.375000 0.625000
vt 0.365347 0.662373
vt 0.326524 0.625000
vt 0.423476 0.125000
vt 0.576524 0.125000
vt 0.507197 0.078079
vt 0.826524 0.625000
vt 0.844899 0.676039
vt 0.875000 0.625000
vt 0.625000 0.125000
vt 0.600955 0.080174
vt 0.576524 0.125000
vt 0.729166 0.666667
vt 0.666667 0.500000
vt 0.416667 0.666667
vt 0.372505 0.413476
vt 0.354246 0.666667
vt 0.345411 0.375773
vt 0.208333 0.416667
vt 0.208333 0.500000
vt 0.210792 0.509839
vt 0.250000 0.333333
vt 0.208333 0.333333
vt 0.109498 0.376310
vt 0.082984 0.430405
vt 0.023564 0.333333
vt 0.000000 0.666667
vt 0.000000 0.000000
vt 0.000000 0.000000
vt 0.000000 0.000000
vt 0.000000 0.000000
vt 0.125000 0.333333
vt 0.166667 0.333333
vt 0.125000 0.250000
vt 0.333333 0.250000
vt 0.291667 0.250000
vt 0.208333 0.333333
vt 0.250000 0.333333
vt 0.000000 0.000000
vt 0.000000 0.000000
vt 0.000000 0.000000
vt 0.000000 0.000000
vt 0.333333 0.333333
vt 0.250000 0.250000
vt 0.208333 0.250000
vt 0.291667 0.333333
vt 0.000000 0.000000
vt 0.000000 0.000000
vt 0.000000 0.000000
vt 0.000000 0.000000
vt 0.166667 0.250000
vt 0.000000 0.000000
vt 0.000000 0.000000
vt 0.000000 0.000000
vt 0.000000 0.000000
vt 0.374544 0.086558
vt 0.375000 0.125000
vt 0.173476 0.625000
vt 0.125000 0.625000
vt 0.125000 0.657703
vt 0.183663 0.654802
vt 0.577922 0.674374
vt 0.576525 0.625000
vt 0.378120 0.658805
vt 0.375000 0.625000
vt 0.326524 0.625000
vt 0.303312 0.655794
vt 0.875000 0.671139
vt 0.875000 0.625000
vt 0.826525 0.625000
vt 0.827011 0.673749
vt 0.173476 0.625000
vt 0.138969 0.661694
vt 0.625000 0.125000
vt 0.625000 0.073603
vt 0.125000 0.625000
vt 0.250000 0.500000
vt 0.250000 0.416667
vt 0.729164 0.772729
vt 0.699580 0.958405
vt 0.639909 0.774684
vt 0.597697 0.333333
vt 0.508403 0.250000
vt 0.677838 0.294436
vt 0.607539 0.583333
vt 0.565865 0.500000
vt 0.625000 0.500000
vt 0.562159 0.666667
vt 0.516212 0.583333
vt 0.544800 0.780428
vt 0.604584 0.416667
vt 0.516506 0.416667
vt 0.471875 0.528502
vt 0.475365 0.666667
vt 0.420319 0.865462
vt 0.312500 1.000000
vt 0.238596 0.873499
vt 0.293668 0.386854
vt 0.250000 0.416667
vt 0.249407 0.333333
vt 0.247539 0.509839
vt 0.170032 0.590014
vt 0.190666 0.518182
vt 0.145833 1.000000
vt 0.037351 0.864125
vt 0.143244 0.750000
vt 0.125879 0.833333
vt 0.063148 0.750000
vt 0.087695 0.562876
vt 0.064911 0.666667
vt 0.041667 0.540357
vt 0.000000 0.750000
vt 1.000000 0.864125
vt 0.979166 1.000000
vt 0.849334 0.873532
vt 0.985055 0.527080
vt 0.982969 0.666667
vt 0.942121 0.583333
vt 0.892468 0.500000
vt 0.852993 0.416667
vt 0.941827 0.416667
vt 0.896174 0.666667
vt 0.850794 0.583333
vt 0.833333 0.500000
vt 0.913378 0.780106
vt 0.810813 0.750000
vt 0.257665 0.250000
vt 0.207169 0.250000
vt 0.257665 0.250000
vt 0.125000 0.250000
vt 0.083333 0.327777
vt 0.125000 0.250000
vt 0.208333 0.250000
vt 0.166667 0.250000
vt 0.250000 0.333333
vt 0.291667 0.333333
vt 0.333333 0.250000
vt 0.333333 0.333333
vt 0.333333 0.333333
vt 0.269059 0.486471
vt 0.291336 0.594348
vt 0.796187 0.250000
vt 0.772399 0.333333
vt 0.729230 0.416667
vt 0.666667 0.416667
vt 0.666667 0.583333
vt 0.652299 0.666667
vt 0.138444 0.666667
vt 0.708333 0.500000
vt 0.771914 0.500000
vt 0.513165 0.333333
vt 0.434736 0.333333
vt 0.445772 0.750000
vt 0.416667 0.540145
vt 0.436713 0.416667
vt 0.352736 0.598059
vt 0.379748 0.493676
vt 0.125000 0.333333
vt 0.125000 0.333333
vt 0.356218 0.777154
vt 0.244040 0.750000
vt 0.270937 0.666667
vt 0.208333 0.666667
vt 0.205640 0.333333
vt 0.208333 0.416667
vt 0.165910 0.392934
vt 0.023371 0.416667
vt 0.000000 0.542225
vt 1.000000 0.416667
vt 0.968083 0.250000
vt 1.000000 0.333333
vt 0.945169 0.333333
vt 0.985019 0.750000
vt 0.807330 0.666667
vt 0.860638 0.333333
vt 0.791667 0.583333
vt 0.730130 0.583333
vt 0.791667 0.416667
vt 0.760717 0.250000
vt 0.001160 0.250000
vt 0.083333 0.250000
vt 0.968083 0.250000
vt 0.375000 0.328376
vt 0.375000 0.250000
vt 0.473201 0.250000
vt 0.207169 0.250000
vt 0.670995 0.250000
vt 0.333333 0.250000
vt 0.291667 0.250000
vt 0.250000 0.250000
vt 0.166667 0.333333
vt 0.208333 0.333333
vt 0.392633 0.090692
vt 0.375000 0.125000
vt 0.423476 0.125000
vt 0.423476 0.625000
vt 0.484252 0.663996
vt 0.576524 0.625000
vt 0.119943 0.612105
vt 0.648445 0.676421
vt 0.673476 0.625000
vt 0.625000 0.625000
vt 0.647129 0.672465
vt 0.673476 0.625000
vt 0.625000 0.625000
vt 0.423476 0.625000
vt 0.375000 0.625000
vt 0.365347 0.662373
vt 0.326524 0.625000
vt 0.423476 0.125000
vt 0.576524 0.125000
vt 0.507197 0.078079
vt 0.826524 0.625000
vt 0.844899 0.676039
vt 0.875000 0.625000
vt 0.625000 0.125000
vt 0.600955 0.080174
vt 0.576524 0.125000
vt 0.729166 0.666667
vt 0.666667 0.500000
vt 0.416667 0.666667
vt 0.372505 0.413476
vt 0.354246 0.666667
vt 0.345411 0.375773
vt 0.208333 0.416667
vt 0.208333 0.500000
vt 0.210792 0.509839
vt 0.250000 0.333333
vt 0.208333 0.333333
vt 0.109498 0.376310
vt 0.082984 0.430405
vt 0.023564 0.333333
vt 0.000000 0.666667
vt 0.000000 0.000000
vt 0.000000 0.000000
vt 0.000000 0.000000
vt 0.000000 0.000000
vt 0.125000 0.333333
vt 0.166667 0.333333
vt 0.125000 0.250000
vt 0.333333 0.250000
vt 0.291667 0.250000
vt 0.208333 0.333333
vt 0.250000 0.333333
vt 0.000000 0.000000
vt 0.000000 0.000000
vt 0.000000 0.000000
vt 0.000000 0.000000
vt 0.333333 0.333333
vt 0.250000 0.250000
vt 0.208333 0.250000
vt 0.291667 0.333333
vt 0.000000 0.000000
vt 0.000000 0.000000
vt 0.000000 0.000000
vt 0.000000 0.000000
vt 0.166667 0.250000
vt 0.000000 0.000000
vt 0.000000 0.000000
vt 0.000000 0.000000
vt 0.000000 0.000000
vt 0.374544 0.086558
vt 0.375000 0.125000
vt 0.173476 0.625000
vt 0.125000 0.625000
vt 0.125000 0.657703
vt 0.183663 0.654802
vt 0.577922 0.674374
vt 0.576525 0.625000
vt 0.378120 0.658805
vt 0.375000 0.625000
vt 0.326524 0.625000
vt 0.303312 0.655794
vt 0.875000 0.671139
vt 0.875000 0.625000
vt 0.826525 0.625000
vt 0.827011 0.673749
vt 0.173476 0.625000
vt 0.138969 0.661694
vt 0.625000 0.125000
vt 0.625000 0.073603
vt 0.125000 0.625000
vt 0.250000 0.500000
vt 0.250000 0.416667
vt 0.561511 1.000000
vt 0.581356 1.000000
vt 0.918636 1.000000
vt 0.938485 1.000000
vt 0.311537 1.000000
vt 0.331408 1.000000
vt 0.168619 1.000000
vt 0.188476 1.000000
vt 0.728193 1.000000
vt 0.748052 1.000000
vt 0.751921 1.000000
vt 0.771794 1.000000
vt 0.000000 0.000000
vt 0.000000 0.000000
vt 0.000000 0.000000
vt 0.000000 0.000000
vt 0.228217 1.000000
vt 0.248101 1.000000
vt 0.251926 1.000000
vt 0.271796 1.000000
vt 0.644849 1.000000
vt 0.664697 1.000000
vt 0.835282 1.000000
vt 0.855141 1.000000
vt 0.394857 1.000000
vt 0.414714 1.000000
vt 0.085305 1.000000
vt 0.105153 1.000000
vt 0.811540 1.000000
vt 0.831412 1.000000
vt 0.668562 1.000000
vt 0.688447 1.000000
vt 0.061565 1.000000
vt 0.418546 1.000000
vt 0.438440 1.000000
vt 0.894886 1.000000
vt 0.914772 1.000000
vt 0.585210 1.000000
vt 0.605105 1.000000
vt 0.144894 1.000000
vt 0.164788 1.000000
vt 0.335233 1.000000
vt 0.355116 1.000000
vt 0.083149 1.000000
vt 0.000000 1.000000
vt 0.165905 1.000000
vt 0.083333 1.000000
vt 1.000000 1.000000
vt 0.916927 1.000000
vt 0.916667 1.000000
vt 0.834212 1.000000
vt 0.833333 1.000000
vt 0.751781 1.000000
vt 0.750000 1.000000
vt 0.668323 1.000000
vt 0.666667 1.000000
vt 0.584086 1.000000
vt 0.583333 1.000000
vt 0.500179 1.000000
vt 0.416667 1.000000
vt 0.415778 1.000000
vt 0.333333 1.000000
vt 0.331539 1.000000
vt 0.250000 1.000000
vt 0.248332 1.000000
vt 0.166667 1.000000
vt 0.000266 1.000000
vt 0.166667 1.000000
vt 0.084222 1.000000
vt 0.999822 1.000000
vt 0.916667 1.000000
vt 0.915914 1.000000
vt 0.833333 1.000000
vt 0.831677 1.000000
vt 0.750000 1.000000
vt 0.748219 1.000000
vt 0.666667 1.000000
vt 0.665788 1.000000
vt 0.583333 1.000000
vt 0.583073 1.000000
vt 0.500000 1.000000
vt 0.416851 1.000000
vt 0.416667 1.000000
vt 0.334095 1.000000
vt 0.333333 1.000000
vt 0.251668 1.000000
vt 0.250000 1.000000
vt 0.168461 1.000000
vt 0.478181 1.000000
vt 0.498028 1.000000
vt 0.001978 1.000000
vt 0.021822 1.000000
vt 0.418638 1.000000
vt 0.438486 1.000000
vt 0.061511 1.000000
vt 0.081355 1.000000
vt 0.458333 1.000000
vt 0.041667 1.000000
vt 0.085213 1.000000
vt 0.105106 1.000000
vt 0.394884 1.000000
vt 0.414768 1.000000
vt 0.125000 1.000000
vt 0.375000 1.000000
vt 0.835228 1.000000
vt 0.855114 1.000000
vt 0.644895 1.000000
vt 0.664790 1.000000
vt 0.875000 1.000000
vt 0.625000 1.000000
vt 0.001871 1.000000
vt 0.021769 1.000000
vt 0.478227 1.000000
vt 0.041667 1.000000
vt 0.458333 1.000000
vt 0.751921 1.000000
vt 0.771794 1.000000
vt 0.728219 1.000000
vt 0.748105 1.000000
vt 0.791667 1.000000
vt 0.708333 1.000000
vt 0.335286 1.000000
vt 0.355143 1.000000
vt 0.144848 1.000000
vt 0.164695 1.000000
vt 0.375000 1.000000
vt 0.125000 1.000000
vt 0.585303 1.000000
vt 0.605151 1.000000
vt 0.894859 1.000000
vt 0.914718 1.000000
vt 0.625000 1.000000
vt 0.875000 1.000000
vt 0.168566 1.000000
vt 0.188450 1.000000
vt 0.311537 1.000000
vt 0.331408 1.000000
vt 0.208333 1.000000
vt 0.291667 1.000000
vt 0.000000 0.000000
vt 0.000000 0.000000
vt 0.000000 0.000000
vt 0.999822 1.000000
vt 0.668615 1.000000
vt 0.688474 1.000000
vt 0.811540 1.000000
vt 0.831412 1.000000
vt 0.708333 1.000000
vt 0.251926 1.000000
vt 0.271796 1.000000
vt 0.228191 1.000000
vt 0.248048 1.000000
vt 0.208333 1.000000
vt 0.501978 1.000000
vt 0.521822 1.000000
vt 0.978182 1.000000
vt 0.998031 1.000000
vt 0.541667 1.000000
vt 0.958333 1.000000
vt 0.500179 1.000000
vt 0.000000 0.000000
vt 0.000000 0.000000
vt 0.000000 0.000000
vt 0.000000 0.000000
vt 0.978228 1.000000
vt 0.998123 1.000000
vt 0.501871 1.000000
vt 0.521769 1.000000
vt 0.918543 1.000000
vt 0.938438 1.000000
vt 0.561565 1.000000
vt 0.581462 1.000000
vt 0.958333 1.000000
vt 0.541667 1.000000
vt 0.000000 0.000000
vt 0.000000 0.000000
vt 0.021769 1.000000
vt 0.041667 1.000000
vt 0.041667 1.000000
vt 0.027324 1.000000
vt 0.021769 1.000000
vt 0.001871 1.000000
vt 0.016556 1.000000
vt 0.001871 1.000000
vt 0.513053 1.000000
vt 0.501871 1.000000
vt 0.000000 0.000000
vt 0.000000 0.000000
vt 0.000000 0.000000
vt 0.501871 1.000000
vt 0.521769 1.000000
vt 0.000000 0.000000
vt 0.000000 0.000000
vt 0.061565 1.000000
vt 0.061565 1.000000
vt 0.061565 1.000000
vt 0.501871 1.000000
vt 0.521769 1.000000
vt 0.375000 0.000000
vt 0.625000 0.000000
vt 0.625000 0.250000
vt 0.375000 0.250000
vt 0.625000 0.500000
vt 0.375000 0.500000
vt 0.625000 0.750000
vt 0.375000 0.750000
vt 0.625000 1.000000
vt 0.375000 1.000000
vt 0.125000 0.500000
vt 0.125000 0.750000
vt 0.875000 0.500000
vt 0.875000 0.750000
vt 0.375000 0.000000
vt 0.625000 0.000000
vt 0.625000 0.250000
vt 0.375000 0.250000
vt 0.625000 0.500000
vt 0.375000 0.500000
vt 0.625000 0.750000
vt 0.375000 0.750000
vt 0.625000 1.000000
vt 0.375000 1.000000
vt 0.125000 0.500000
vt 0.125000 0.750000
vt 0.875000 0.500000
vt 0.875000 0.750000
vt 0.375000 0.000000
vt 0.625000 0.000000
vt 0.625000 0.250000
vt 0.375000 0.250000
vt 0.625000 0.500000
vt 0.375000 0.500000
vt 0.625000 0.750000
vt 0.375000 0.750000
vt 0.625000 1.000000
vt 0.375000 1.000000
vt 0.125000 0.500000
vt 0.125000 0.750000
vt 0.875000 0.500000
vt 0.875000 0.750000
vt 0.391068 0.444164
vt 0.250000 0.490000
vt 0.108932 0.444164
vt 0.021746 0.324164
vt 0.021746 0.175836
vt 0.108931 0.055836
vt 0.250000 0.010000
vt 0.391068 0.055836
vt 0.478254 0.175836
vt 0.478254 0.324164
vt 0.100000 0.617067
vt 0.200000 0.617067
vt 0.200000 1.000000
vt 0.100000 1.000000
vt 0.900000 0.617067
vt 1.000000 0.617067
vt 1.000000 1.000000
vt 0.900000 1.000000
vt 0.600000 0.617067
vt 0.700000 0.617067
vt 0.700000 1.000000
vt 0.600000 1.000000
vt -0.000000 1.000000
vt -0.000000 0.617067
vt 0.300000 0.617067
vt 0.400000 0.617067
vt 0.400000 1.000000
vt 0.300000 1.000000
vt 0.800000 0.617067
vt 0.800000 1.000000
vt 0.500000 0.617067
vt 0.500000 1.000000
vt 0.750000 0.490000
vt 0.891068 0.444164
vt 0.978254 0.324164
vt 0.978254 0.175836
vt 0.891068 0.055836
vt 0.750000 0.010000
vt 0.608931 0.055836
vt 0.521746 0.175836
vt 0.521746 0.324164
vt 0.608932 0.444164
vt 0.100000 0.500000
vt 0.200000 0.500000
vt 0.200000 0.615191
vt 0.100000 0.615191
vt 0.300000 0.500000
vt 0.400000 0.500000
vt 0.400000 0.615191
vt 0.300000 0.615191
vt 0.500000 0.500000
vt 0.500000 0.615191
vt 0.600000 0.500000
vt 0.600000 0.615191
vt 0.700000 0.500000
vt 0.700000 0.615191
vt 0.800000 0.500000
vt 0.800000 0.615191
vt 0.900000 0.500000
vt 0.900000 0.615191
vt -0.000000 0.615191
vt -0.000000 0.500000
vt 1.000000 0.500000
vt 1.000000 0.615191
vt 0.818181 0.314921
vt 0.727272 0.314921
vt 0.772726 0.393651
vt 1.000000 0.314921
vt 0.909091 0.314921
vt 0.954545 0.393651
vt 0.272727 0.314921
vt 0.181818 0.314921
vt 0.227273 0.393651
vt 0.454545 0.314921
vt 0.363636 0.314921
vt 0.409090 0.393651
vt 0.636363 0.314921
vt 0.545454 0.314921
vt 0.590909 0.393651
vt 0.500000 0.393651
vt 0.545454 0.472382
vt 0.318182 0.393651
vt 0.363636 0.472382
vt 0.136363 0.393651
vt 0.181818 0.472382
vt 0.090909 0.314921
vt 0.863635 0.393651
vt 0.909090 0.472382
vt 0.681818 0.393651
vt 0.727272 0.472382
vt 0.590909 0.236191
vt 0.500000 0.236191
vt 0.409090 0.236191
vt 0.318182 0.236191
vt 0.227273 0.236191
vt 0.136363 0.236191
vt 0.954545 0.236191
vt 0.863635 0.236191
vt 0.772726 0.236191
vt 0.681818 0.236191
vt 0.045454 0.236191
vt 0.423476 0.625000
vt 0.826524 0.625000
vt 0.576524 0.625000
vt 0.423476 0.125000
vt 0.625000 0.125000
vt 0.173476 0.625000
vt 0.625000 0.625000
vt 0.326524 0.625000
vt 0.673476 0.625000
vt 0.125000 0.625000
vt 0.375000 0.625000
vt 0.576524 0.125000
vt 0.625000 0.125000
vt 0.576524 0.125000
vt 0.423476 0.625000
vt 0.826525 0.625000
vt 0.576525 0.625000
vt 0.423476 0.125000
vt 0.173476 0.625000
vt 0.625000 0.625000
vt 0.326524 0.625000
vt 0.673476 0.625000
vt 0.125000 0.625000
vt 0.375000 0.625000
vt 0.423476 0.625000
vt 0.826524 0.625000
vt 0.576524 0.625000
vt 0.423476 0.125000
vt 0.625000 0.125000
vt 0.173476 0.625000
vt 0.625000 0.625000
vt 0.326524 0.625000
vt 0.673476 0.625000
vt 0.125000 0.625000
vt 0.375000 0.625000
vt 0.576524 0.125000
vt 0.625000 0.125000
vt 0.576524 0.125000
vt 0.423476 0.625000
vt 0.826525 0.625000
vt 0.576525 0.625000
vt 0.423476 0.125000
vt 0.173476 0.625000
vt 0.625000 0.625000
vt 0.326524 0.625000
vt 0.673476 0.625000
vt 0.125000 0.625000
vt 0.375000 0.625000
vt 0.423476 0.625000
vt 0.826524 0.625000
vt 0.576524 0.625000
vt 0.423476 0.125000
vt 0.625000 0.125000
vt 0.173476 0.625000
vt 0.625000 0.625000
vt 0.326524 0.625000
vt 0.673476 0.625000
vt 0.125000 0.625000
vt 0.375000 0.625000
vt 0.576524 0.125000
vt 0.625000 0.125000
vt 0.576524 0.125000
vt 0.423476 0.625000
vt 0.826525 0.625000
vt 0.576525 0.625000
vt 0.423476 0.125000
vt 0.173476 0.625000
vt 0.625000 0.625000
vt 0.326524 0.625000
vt 0.673476 0.625000
vt 0.125000 0.625000
vt 0.375000 0.625000
vt 1.000000 0.900000
vt 0.900000 1.000000
vt 0.900000 0.900000
vt 0.800000 1.000000
vt 0.800000 0.900000
vt 0.700000 1.000000
vt 0.700000 0.900000
vt 0.600000 1.000000
vt 0.600000 0.900000
vt 0.500000 1.000000
vt 0.500000 0.900000
vt 0.400000 1.000000
vt 0.400000 0.900000
vt 0.300000 1.000000
vt 0.300000 0.900000
vt 0.200000 1.000000
vt 0.200000 0.900000
vt 0.100000 1.000000
vt 0.100000 0.900000
vt -0.000000 1.000000
vt -0.000000 0.900000
vt 0.750000 0.490000
vt 0.891068 0.444164
vt 0.978254 0.324164
vt 0.978254 0.175836
vt 0.891068 0.055836
vt 0.750000 0.010000
vt 0.608932 0.055836
vt 0.521746 0.175836
vt 0.521746 0.324164
vt 0.608932 0.444164
vt 0.100000 0.500000
vt 0.100000 0.600000
vt -0.000000 0.600000
vt -0.000000 0.500000
vt 0.100000 0.700000
vt -0.000000 0.700000
vt 0.100000 0.800000
vt -0.000000 0.800000
vt 0.200000 0.500000
vt 0.200000 0.600000
vt 0.200000 0.700000
vt 0.200000 0.800000
vt 0.300000 0.500000
vt 0.300000 0.600000
vt 0.300000 0.700000
vt 0.300000 0.800000
vt 0.400000 0.500000
vt 0.400000 0.600000
vt 0.400000 0.700000
vt 0.400000 0.800000
vt 0.500000 0.500000
vt 0.500000 0.600000
vt 0.500000 0.700000
vt 0.500000 0.800000
vt 0.600000 0.500000
vt 0.600000 0.600000
vt 0.600000 0.700000
vt 0.600000 0.800000
vt 0.700000 0.500000
vt 0.700000 0.600000
vt 0.700000 0.700000
vt 0.700000 0.800000
vt 0.800000 0.500000
vt 0.800000 0.600000
vt 0.800000 0.700000
vt 0.800000 0.800000
vt 0.900000 0.500000
vt 0.900000 0.600000
vt 0.900000 0.700000
vt 0.900000 0.800000
vt 1.000000 0.500000
vt 1.000000 0.600000
vt 1.000000 0.700000
vt 1.000000 0.800000
vt 1.000000 0.900000
vt 0.900000 1.000000
vt 0.900000 0.900000
vt 0.800000 1.000000
vt 0.800000 0.900000
vt 0.700000 1.000000
vt 0.700000 0.900000
vt 0.600000 1.000000
vt 0.600000 0.900000
vt 0.500000 1.000000
vt 0.500000 0.900000
vt 0.400000 1.000000
vt 0.400000 0.900000
vt 0.300000 1.000000
vt 0.300000 0.900000
vt 0.200000 1.000000
vt 0.200000 0.900000
vt 0.100000 1.000000
vt 0.100000 0.900000
vt -0.000000 1.000000
vt -0.000000 0.900000
vt 0.750000 0.490000
vt 0.891068 0.444164
vt 0.978254 0.324164
vt 0.978254 0.175836
vt 0.891068 0.055836
vt 0.750000 0.010000
vt 0.608932 0.055836
vt 0.521746 0.175836
vt 0.521746 0.324164
vt 0.608932 0.444164
vt 0.100000 0.500000
vt 0.100000 0.600000
vt -0.000000 0.600000
vt -0.000000 0.500000
vt 0.100000 0.700000
vt -0.000000 0.700000
vt 0.100000 0.800000
vt -0.000000 0.800000
vt 0.200000 0.500000
vt 0.200000 0.600000
vt 0.200000 0.700000
vt 0.200000 0.800000
vt 0.300000 0.500000
vt 0.300000 0.600000
vt 0.300000 0.700000
vt 0.300000 0.800000
vt 0.400000 0.500000
vt 0.400000 0.600000
vt 0.400000 0.700000
vt 0.400000 0.800000
vt 0.500000 0.500000
vt 0.500000 0.600000
vt 0.500000 0.700000
vt 0.500000 0.800000
vt 0.600000 0.500000
vt 0.600000 0.600000
vt 0.600000 0.700000
vt 0.600000 0.800000
vt 0.700000 0.500000
vt 0.700000 0.600000
vt 0.700000 0.700000
vt 0.700000 0.800000
vt 0.800000 0.500000
vt 0.800000 0.600000
vt 0.800000 0.700000
vt 0.800000 0.800000
vt 0.900000 0.500000
vt 0.900000 0.600000
vt 0.900000 0.700000
vt 0.900000 0.800000
vt 1.000000 0.500000
vt 1.000000 0.600000
vt 1.000000 0.700000
vt 1.000000 0.800000
vt 1.000000 0.900000
vt 0.900000 1.000000
vt 0.900000 0.900000
vt 0.800000 1.000000
vt 0.800000 0.900000
vt 0.700000 1.000000
vt 0.700000 0.900000
vt 0.600000 1.000000
vt 0.600000 0.900000
vt 0.500000 1.000000
vt 0.500000 0.900000
vt 0.400000 1.000000
vt 0.400000 0.900000
vt 0.300000 1.000000
vt 0.300000 0.900000
vt 0.200000 1.000000
vt 0.200000 0.900000
vt 0.100000 1.000000
vt 0.100000 0.900000
vt -0.000000 1.000000
vt -0.000000 0.900000
vt 0.750000 0.490000
vt 0.891068 0.444164
vt 0.978254 0.324164
vt 0.978254 0.175836
vt 0.891068 0.055836
vt 0.750000 0.010000
vt 0.608932 0.055836
vt 0.521746 0.175836
vt 0.521746 0.324164
vt 0.608932 0.444164
vt 0.100000 0.500000
vt 0.100000 0.600000
vt -0.000000 0.600000
vt -0.000000 0.500000
vt 0.100000 0.700000
vt -0.000000 0.700000
vt 0.100000 0.800000
vt -0.000000 0.800000
vt 0.200000 0.500000
vt 0.200000 0.600000
vt 0.200000 0.700000
vt 0.200000 0.800000
vt 0.300000 0.500000
vt 0.300000 0.600000
vt 0.300000 0.700000
vt 0.300000 0.800000
vt 0.400000 0.500000
vt 0.400000 0.600000
vt 0.400000 0.700000
vt 0.400000 0.800000
vt 0.500000 0.500000
vt 0.500000 0.600000
vt 0.500000 0.700000
vt 0.500000 0.800000
vt 0.600000 0.500000
vt 0.600000 0.600000
vt 0.600000 0.700000
vt 0.600000 0.800000
vt 0.700000 0.500000
vt 0.700000 0.600000
vt 0.700000 0.700000
vt 0.700000 0.800000
vt 0.800000 0.500000
vt 0.800000 0.600000
vt 0.800000 0.700000
vt 0.800000 0.800000
vt 0.900000 0.500000
vt 0.900000 0.600000
vt 0.900000 0.700000
vt 0.900000 0.800000
vt 1.000000 0.500000
vt 1.000000 0.600000
vt 1.000000 0.700000
vt 1.000000 0.800000
vt 1.000000 0.900000
vt 0.900000 1.000000
vt 0.900000 0.900000
vt 0.800000 1.000000
vt 0.800000 0.900000
vt 0.700000 1.000000
vt 0.700000 0.900000
vt 0.600000 1.000000
vt 0.600000 0.900000
vt 0.500000 1.000000
vt 0.500000 0.900000
vt 0.400000 1.000000
vt 0.400000 0.900000
vt 0.300000 1.000000
vt 0.300000 0.900000
vt 0.200000 1.000000
vt 0.200000 0.900000
vt 0.100000 1.000000
vt 0.100000 0.900000
vt -0.000000 1.000000
vt -0.000000 0.900000
vt 0.750000 0.490000
vt 0.891068 0.444164
vt 0.978254 0.324164
vt 0.978254 0.175836
vt 0.891068 0.055836
vt 0.750000 0.010000
vt 0.608932 0.055836
vt 0.521746 0.175836
vt 0.521746 0.324164
vt 0.608932 0.444164
vt 0.100000 0.500000
vt 0.100000 0.600000
vt -0.000000 0.600000
vt -0.000000 0.500000
vt 0.100000 0.700000
vt -0.000000 0.700000
vt 0.100000 0.800000
vt -0.000000 0.800000
vt 0.200000 0.500000
vt 0.200000 0.600000
vt 0.200000 0.700000
vt 0.200000 0.800000
vt 0.300000 0.500000
vt 0.300000 0.600000
vt 0.300000 0.700000
vt 0.300000 0.800000
vt 0.400000 0.500000
vt 0.400000 0.600000
vt 0.400000 0.700000
vt 0.400000 0.800000
vt 0.500000 0.500000
vt 0.500000 0.600000
vt 0.500000 0.700000
vt 0.500000 0.800000
vt 0.600000 0.500000
vt 0.600000 0.600000
vt 0.600000 0.700000
vt 0.600000 0.800000
vt 0.700000 0.500000
vt 0.700000 0.600000
vt 0.700000 0.700000
vt 0.700000 0.800000
vt 0.800000 0.500000
vt 0.800000 0.600000
vt 0.800000 0.700000
vt 0.800000 0.800000
vt 0.900000 0.500000
vt 0.900000 0.600000
vt 0.900000 0.700000
vt 0.900000 0.800000
vt 1.000000 0.500000
vt 1.000000 0.600000
vt 1.000000 0.700000
vt 1.000000 0.800000
vt 1.000000 0.900000
vt 0.900000 1.000000
vt 0.900000 0.900000
vt 0.800000 1.000000
vt 0.800000 0.900000
vt 0.700000 1.000000
vt 0.700000 0.900000
vt 0.600000 1.000000
vt 0.600000 0.900000
vt 0.500000 1.000000
vt 0.500000 0.900000
vt 0.400000 1.000000
vt 0.400000 0.900000
vt 0.300000 1.000000
vt 0.300000 0.900000
vt 0.200000 1.000000
vt 0.200000 0.900000
vt 0.100000 1.000000
vt 0.100000 0.900000
vt -0.000000 1.000000
vt -0.000000 0.900000
vt 0.750000 0.490000
vt 0.891068 0.444164
vt 0.978254 0.324164
vt 0.978254 0.175836
vt 0.891068 0.055836
vt 0.750000 0.010000
vt 0.608932 0.055836
vt 0.521746 0.175836
vt 0.521746 0.324164
vt 0.608932 0.444164
vt 0.100000 0.500000
vt 0.100000 0.600000
vt -0.000000 0.600000
vt -0.000000 0.500000
vt 0.100000 0.700000
vt -0.000000 0.700000
vt 0.100000 0.800000
vt -0.000000 0.800000
vt 0.200000 0.500000
vt 0.200000 0.600000
vt 0.200000 0.700000
vt 0.200000 0.800000
vt 0.300000 0.500000
vt 0.300000 0.600000
vt 0.300000 0.700000
vt 0.300000 0.800000
vt 0.400000 0.500000
vt 0.400000 0.600000
vt 0.400000 0.700000
vt 0.400000 0.800000
vt 0.500000 0.500000
vt 0.500000 0.600000
vt 0.500000 0.700000
vt 0.500000 0.800000
vt 0.600000 0.500000
vt 0.600000 0.600000
vt 0.600000 0.700000
vt 0.600000 0.800000
vt 0.700000 0.500000
vt 0.700000 0.600000
vt 0.700000 0.700000
vt 0.700000 0.800000
vt 0.800000 0.500000
vt 0.800000 0.600000
vt 0.800000 0.700000
vt 0.800000 0.800000
vt 0.900000 0.500000
vt 0.900000 0.600000
vt 0.900000 0.700000
vt 0.900000 0.800000
vt 1.000000 0.500000
vt 1.000000 0.600000
vt 1.000000 0.700000
vt 1.000000 0.800000
vn 0.7633 -0.5325 0.3657
vn 0.8213 -0.5541 -0.1360
vn 0.9816 -0.1654 -0.0950
vn 0.9175 -0.1721 0.3585
vn -0.3293 0.5117 -0.7936
vn -0.5971 0.7042 -0.3842
vn -0.7139 0.5733 -0.4020
vn -0.3537 0.4898 -0.7969
vn -0.5211 0.5671 0.6378
vn -0.2010 0.2785 0.9392
vn -0.2182 0.2671 0.9386
vn -0.6308 0.4416 0.6380
vn 0.5338 -0.3513 0.7692
vn 0.6640 -0.0878 0.7426
vn 0.0407 0.2066 -0.9776
vn 0.1136 0.3184 -0.9411
vn 0.6915 -0.4019 -0.6002
vn 0.4097 -0.1252 -0.9036
vn 0.5454 0.1171 -0.8299
vn 0.8517 -0.0571 -0.5209
vn -0.6721 0.7257 0.1475
vn -0.8234 0.5510 0.1359
vn 0.1858 -0.0576 0.9809
vn 0.2591 0.0716 0.9632
vn 0.9693 0.2426 -0.0402
vn 0.9133 0.2066 0.3511
vn -0.4370 0.4435 -0.7825
vn -0.8445 0.3586 -0.3978
vn -0.1301 0.9816 0.1400
vn 0.2427 0.2101 0.9471
vn 0.6733 0.1972 0.7126
vn 0.8563 0.3051 -0.4167
vn 0.5645 0.3825 -0.7315
vn -0.9568 0.2718 0.1036
vn 0.1039 0.4455 -0.8893
vn -0.2663 0.5366 -0.8007
vn -0.4501 0.7993 -0.3982
vn -0.3112 0.2261 0.9231
vn -0.7729 0.2341 0.5897
vn -0.4533 0.8820 0.1291
vn 0.4714 -0.8027 0.3653
vn 0.2931 -0.5913 0.7513
vn -0.3172 0.6727 0.6685
vn -0.1332 0.2001 0.9707
vn 0.5472 -0.8272 -0.1280
vn 0.0730 -0.2494 0.9656
vn 0.4834 -0.6346 -0.6030
vn 0.2892 -0.2765 -0.9165
vn 0.0234 0.1405 -0.9898
vn -0.2243 0.9651 0.1351
vn -0.0913 0.6626 0.7434
vn 0.6065 -0.2752 -0.7460
vn 0.5201 0.0771 -0.8506
vn 0.0373 -0.4024 0.9147
vn 0.1579 -0.7264 0.6689
vn -0.6915 -0.4019 -0.6002
vn -0.8213 -0.5541 -0.1360
vn -0.9816 -0.1654 -0.0950
vn -0.8517 -0.0571 -0.5209
vn 0.2010 0.2785 0.9392
vn 0.5211 0.5671 0.6378
vn 0.6308 0.4416 0.6380
vn 0.2182 0.2671 0.9386
vn 0.5972 0.7042 -0.3842
vn 0.3293 0.5117 -0.7936
vn 0.3537 0.4898 -0.7969
vn 0.7139 0.5733 -0.4020
vn -0.4097 -0.1252 -0.9036
vn -0.5454 0.1171 -0.8299
vn -0.1858 -0.0576 0.9809
vn -0.2591 0.0716 0.9632
vn -0.7633 -0.5325 0.3657
vn -0.5338 -0.3513 0.7692
vn -0.6640 -0.0878 0.7426
vn -0.9175 -0.1721 0.3585
vn 0.6721 0.7257 0.1475
vn 0.8234 0.5510 0.1359
vn -0.0407 0.2066 -0.9776
vn -0.1136 0.3184 -0.9411
vn -0.9693 0.2426 -0.0402
vn -0.8563 0.3051 -0.4167
vn 0.6809 -0.7164 -0.1521
vn 0.6559 -0.5736 -0.4907
vn 0.3112 0.2261 0.9231
vn 0.7729 0.2341 0.5897
vn 0.1301 0.9816 0.1400
vn -0.1039 0.4455 -0.8893
vn -0.5645 0.3825 -0.7315
vn -0.9133 0.2066 0.3511
vn -0.6733 0.1972 0.7126
vn 0.9568 0.2718 0.1036
vn -0.2427 0.2101 0.9471
vn 0.1332 0.2001 0.9707
vn 0.3172 0.6727 0.6685
vn 0.4370 0.4435 -0.7825
vn 0.8445 0.3586 -0.3978
vn 0.4533 0.8820 0.1291
vn -0.2931 -0.5913 0.7513
vn -0.1579 -0.7264 0.6689
vn -0.0373 -0.4024 0.9147
vn -0.0730 -0.2494 0.9656
vn -0.4834 -0.6346 -0.6030
vn -0.2892 -0.2765 -0.9165
vn 0.4501 0.7993 -0.3982
vn 0.2663 0.5366 -0.8007
vn -0.5472 -0.8272 -0.1280
vn -0.0234 0.1405 -0.9898
vn -0.4714 -0.8027 0.3653
vn -0.6559 -0.5736 -0.4907
vn -0.6809 -0.7164 -0.1521
vn 0.0275 0.0781 0.9966
vn 0.0913 0.6626 0.7434
vn 0.2944 0.8430 -0.4503
vn 0.1043 0.4838 -0.8689
vn -0.6065 -0.2752 -0.7460
vn 0.2243 0.9651 0.1351
vn -0.5201 0.0771 -0.8506
vn -0.6844 -0.7089 0.1705
vn -0.1043 0.4838 -0.8689
vn -0.2944 0.8430 -0.4503
vn -0.0275 0.0781 0.9966
vn 0.6844 -0.7089 0.1705
vn 0.4425 0.5654 -0.6961
vn 0.3342 0.8853 -0.3235
vn 0.7082 0.5562 -0.4348
vn 0.3473 -0.9199 0.1820
vn -0.0522 -0.8821 0.4682
vn 0.0724 -0.9940 0.0824
vn 0.9789 -0.0899 -0.1834
vn 0.9482 -0.3004 0.1031
vn 0.8764 -0.4476 -0.1778
vn 0.9697 0.2368 -0.0606
vn 0.9791 0.0377 0.1999
vn 0.7698 0.6243 -0.1326
vn 0.7075 -0.7066 0.0119
vn 0.8311 -0.3997 0.3868
vn 0.8722 -0.0035 0.4892
vn 0.8779 0.3454 0.3317
vn 0.4211 0.9070 0.0029
vn 0.0546 0.9956 0.0764
vn 0.2869 0.7333 0.6164
vn -0.2109 0.4828 0.8500
vn -0.1139 0.6499 0.7515
vn -0.4227 0.4183 0.8040
vn -0.6192 0.4131 0.6678
vn -0.4709 0.4823 0.7387
vn -0.0966 0.9502 -0.2964
vn -0.4285 0.8605 0.2755
vn -0.1975 0.9802 0.0160
vn -0.5321 0.8395 -0.1101
vn -0.8965 0.4269 0.1187
vn -0.7890 0.6133 -0.0383
vn -0.9322 0.3365 -0.1331
vn -0.4585 0.7421 -0.4889
vn 0.1458 0.8220 -0.5505
vn -0.8556 0.1536 -0.4944
vn -0.6898 0.5004 -0.5233
vn -0.6607 0.1855 -0.7274
vn -0.6067 -0.1588 -0.7789
vn -0.4724 -0.5575 -0.6827
vn -0.8045 -0.2495 -0.5390
vn -0.4036 0.3539 -0.8437
vn -0.3458 0.0192 -0.9381
vn -0.3282 -0.3474 -0.8784
vn -0.2065 0.6952 -0.6885
vn 0.0898 0.5519 -0.8291
vn -0.4889 -0.7424 0.4580
vn -0.2442 -0.7641 0.5971
vn -0.3813 -0.7513 0.5387
vn -0.4580 -0.8865 0.0659
vn -0.4863 -0.8071 0.3347
vn -0.2797 -0.8727 0.4002
vn 0.5525 -0.4994 -0.6673
vn 0.5382 -0.5008 -0.6779
vn 0.7189 -0.4673 -0.5145
vn -0.3028 0.5155 0.8016
vn -0.1686 0.4725 0.8651
vn 0.9758 -0.2174 0.0242
vn 0.9996 0.0176 0.0201
vn 0.9787 -0.2041 0.0240
vn -0.3191 0.4056 0.8565
vn -0.1533 0.3888 0.9085
vn -0.2759 -0.9553 0.1067
vn -0.0885 -0.9570 -0.2763
vn 0.2305 -0.8473 -0.4785
vn 0.4846 -0.8434 -0.2322
vn 0.8208 -0.1629 -0.5474
vn 0.8379 0.2126 -0.5028
vn -0.6535 0.6163 0.4394
vn 0.4896 -0.5676 -0.6619
vn 0.0476 -0.4983 -0.8657
vn 0.5480 -0.6708 0.4997
vn 0.2989 -0.5110 0.8059
vn 0.6776 0.6770 0.2872
vn 0.6123 0.2170 0.7602
vn 0.6219 -0.1252 0.7730
vn 0.2887 0.3946 0.8723
vn 0.4416 0.1801 0.8789
vn -0.5206 -0.0761 -0.8504
vn -0.5200 -0.0660 -0.8516
vn -0.4985 0.1307 -0.8570
vn 0.2788 0.8427 0.4605
vn -0.1469 0.8523 0.5019
vn -0.1449 0.5705 0.8084
vn -0.4706 0.5758 0.6686
vn -0.5027 0.6914 0.5188
vn -0.5650 0.5132 0.6461
vn -0.5931 0.7934 0.1369
vn -0.9915 0.0347 -0.1255
vn -0.5275 -0.8064 0.2672
vn -0.9185 -0.3790 0.1130
vn -0.7749 -0.5830 -0.2441
vn 0.0262 0.2793 -0.9599
vn -0.5352 -0.7681 -0.3515
vn 0.0229 -0.0904 -0.9956
vn 0.4794 -0.1450 -0.8655
vn -0.1677 -0.7211 -0.6722
vn -0.1347 -0.8412 0.5237
vn 0.0787 -0.9273 0.3659
vn -0.1389 -0.7321 0.6668
vn -0.6175 -0.6827 0.3907
vn -0.0214 -0.8096 0.5865
vn 0.2317 -0.4657 -0.8541
vn -0.0365 -0.3931 -0.9188
vn 0.3039 -0.4735 -0.8267
vn -0.5914 0.5059 0.6279
vn -0.4633 0.5309 0.7096
vn -0.5767 -0.7733 0.2634
vn -0.0693 -0.3741 -0.9248
vn 0.7347 -0.4558 -0.5025
vn 0.1789 0.5935 0.7847
vn 0.0932 0.7462 0.6591
vn 0.2595 0.3596 0.8963
vn -0.7496 0.5751 0.3276
vn -0.8589 0.3604 0.3639
vn -0.9065 0.1055 0.4089
vn -0.7726 0.5026 0.3880
vn -0.8761 -0.4784 0.0603
vn -0.8134 -0.5412 0.2132
vn -0.9342 -0.3052 -0.1846
vn -0.6081 -0.4572 0.6490
vn -0.3563 -0.5992 0.7170
vn -0.8350 -0.1898 0.5165
vn -0.7610 0.3159 -0.5667
vn -0.5831 0.7426 -0.3293
vn -0.2524 0.9635 -0.0888
vn 0.8823 0.2079 0.4222
vn 0.7918 -0.2384 0.5623
vn 0.8652 -0.0432 0.4996
vn 0.0956 -0.6382 0.7639
vn 0.2789 -0.6217 0.7319
vn 0.6289 -0.4356 0.6440
vn -0.1452 -0.2810 0.9487
vn -0.0063 -0.1525 0.9883
vn 0.1975 0.1474 0.9692
vn 0.4998 0.2074 -0.8410
vn 0.7288 -0.5337 -0.4289
vn 0.6105 0.4602 0.6445
vn 0.3811 0.0915 0.9200
vn 0.2439 0.5687 0.7856
vn 0.2900 0.1716 0.9415
vn 0.0765 0.7728 0.6300
vn 0.0349 0.6367 0.7703
vn 0.6238 -0.1857 0.7592
vn 0.6153 -0.2005 0.7624
vn 0.5223 -0.3416 0.7814
vn 0.2047 0.9572 -0.2048
vn -0.5869 0.6973 0.4116
vn -0.5008 0.8015 0.3267
vn -0.9593 0.2350 0.1568
vn -0.9193 0.3006 0.2538
vn -0.9575 -0.0600 -0.2820
vn -0.6201 0.4002 0.6747
vn -0.6474 0.2226 0.7289
vn -0.2051 0.3722 0.9052
vn -0.5232 -0.1748 -0.8341
vn -0.0845 -0.3567 -0.9304
vn -0.4206 0.4100 0.8093
vn -0.8261 -0.0465 -0.5616
vn 0.9451 -0.3257 0.0256
vn 0.4306 -0.4974 -0.7531
vn -0.2588 0.2038 0.9442
vn 0.8844 -0.1909 0.4259
vn 0.7482 -0.4468 -0.4905
vn 0.7198 -0.2120 0.6611
vn 0.0230 -0.9304 0.3659
vn -0.4413 -0.8941 0.0758
vn 0.7550 0.5609 0.3398
vn -0.0626 0.9572 0.2826
vn -0.8880 -0.0241 -0.4592
vn -0.8837 -0.0101 -0.4680
vn -0.5725 0.7792 0.2552
vn -0.5738 0.7782 0.2551
vn -0.0942 0.9600 0.2637
vn -0.4974 -0.5808 0.6445
vn -0.5050 -0.5834 0.6361
vn 0.3368 0.9054 0.2587
vn -0.1502 -0.9825 0.1106
vn -0.1095 -0.9862 0.1239
vn -0.1786 -0.9801 0.0862
vn -0.9844 -0.0302 -0.1736
vn -0.9784 -0.1964 -0.0653
vn -0.9854 -0.0457 -0.1638
vn 0.6979 -0.0365 0.7152
vn -0.9557 0.1237 -0.2671
vn -0.7642 0.4386 -0.4729
vn -0.5352 0.8134 -0.2281
vn -0.4764 0.5676 -0.6715
vn 0.5382 -0.6384 -0.5503
vn 0.7337 -0.6793 -0.0144
vn 0.3937 -0.8811 -0.2620
vn 0.0075 0.1033 -0.9946
vn 0.3381 -0.0197 -0.9409
vn 0.1118 -0.2523 -0.9612
vn 0.0160 0.4388 -0.8984
vn 0.3248 0.3289 -0.8867
vn -0.2063 0.7302 -0.6514
vn 0.3450 -0.4414 -0.8284
vn 0.6171 -0.0613 -0.7845
vn 0.5920 0.3454 -0.7282
vn 0.3337 0.6269 -0.7040
vn -0.2238 0.9458 -0.2353
vn -0.2397 0.9595 0.1482
vn 0.3848 0.9230 -0.0037
vn 0.6071 0.6344 0.4784
vn 0.4763 0.7857 0.3946
vn 0.5524 0.5102 0.6592
vn 0.3967 0.4196 0.8164
vn 0.4634 0.5397 0.7028
vn -0.5968 0.7764 0.2025
vn -0.0843 0.7721 0.6299
vn -0.3299 0.8670 0.3735
vn -0.4538 0.6197 0.6403
vn -0.1635 0.2117 0.9636
vn -0.3535 0.3671 0.8604
vn -0.3753 0.0488 0.9256
vn -0.7654 0.4415 0.4683
vn -0.7559 0.6454 -0.1094
vn -0.6425 -0.2033 0.7389
vn -0.7554 0.1511 0.6377
vn -0.8406 -0.1914 0.5067
vn -0.7700 -0.5125 0.3801
vn -0.5316 -0.8233 0.1992
vn -0.5470 -0.5778 0.6058
vn -0.9640 -0.0048 0.2659
vn -0.9359 -0.3281 0.1280
vn -0.7598 -0.6477 0.0567
vn -0.8982 0.4035 0.1743
vn -0.9382 0.3031 -0.1670
vn 0.5914 -0.6807 0.4322
vn 0.7658 -0.6026 0.2245
vn 0.6862 -0.6403 0.3453
vn 0.2759 -0.9165 0.2896
vn 0.4973 -0.7746 0.3906
vn 0.6196 -0.7516 0.2265
vn -0.3787 -0.5158 -0.7684
vn -0.3903 -0.5236 -0.7573
vn -0.2207 -0.4029 -0.8882
vn 0.5373 0.6290 0.5618
vn 0.6310 0.6394 0.4393
vn 0.2419 0.0420 -0.9694
vn 0.1664 0.2650 -0.9498
vn 0.2379 0.0550 -0.9697
vn 0.6215 0.5382 0.5693
vn 0.7008 0.5775 0.4188
vn 0.3345 -0.9300 0.1521
vn -0.0373 -0.9922 -0.1186
vn -0.1804 -0.8539 -0.4881
vn 0.1007 -0.6852 -0.7214
vn -0.3336 -0.1045 -0.9369
vn -0.4097 0.2609 -0.8741
vn 0.1128 0.5363 0.8365
vn -0.3614 -0.5930 -0.7196
vn -0.6419 -0.6930 -0.3284
vn 0.7663 -0.3504 -0.5385
vn 0.9630 -0.1771 -0.2029
vn 0.1550 0.8739 -0.4608
vn 0.7347 0.5627 -0.3789
vn 0.8580 0.2507 -0.4484
vn 0.7329 0.6802 -0.0115
vn 0.8314 0.5200 -0.1960
vn -0.8502 -0.4347 0.2971
vn -0.8544 -0.4255 0.2982
vn -0.9193 -0.2389 0.3127
vn 0.2027 0.9792 -0.0101
vn 0.1731 0.8961 0.4086
vn 0.5502 0.7204 0.4223
vn 0.3680 0.6071 0.7043
vn 0.1860 0.6649 0.7234
vn 0.3526 0.5196 0.7783
vn -0.2176 0.6310 0.7446
vn -0.2804 -0.2439 0.9284
vn 0.4277 -0.8028 0.4153
vn 0.0865 -0.5438 0.8347
vn -0.1598 -0.7982 0.5809
vn -0.9827 -0.0021 -0.1851
vn -0.1641 -0.9418 0.2935
vn -0.8980 -0.3563 -0.2580
vn -0.6890 -0.2597 -0.6767
vn -0.4226 -0.8983 -0.1206
vn 0.7388 -0.6680 0.0893
vn 0.6516 -0.7402 -0.1658
vn 0.8369 -0.5278 0.1450
vn 0.4897 -0.6753 0.5516
vn 0.8047 -0.5936 0.0004
vn -0.6132 -0.6147 -0.4961
vn -0.7382 -0.6305 -0.2400
vn -0.5742 -0.5967 -0.5607
vn 0.3339 0.5014 0.7982
vn 0.4218 0.5786 0.6981
vn 0.4060 -0.7851 0.4678
vn -0.7549 -0.6225 -0.2065
vn -0.2108 -0.3850 -0.8985
vn 0.5704 0.8138 0.1111
vn 0.3909 0.8998 0.1937
vn 0.7621 0.6473 0.0153
vn 0.0067 0.4434 0.8963
vn 0.0928 0.2275 0.9693
vn 0.2094 -0.0082 0.9778
vn 0.0829 0.3873 0.9182
vn 0.0756 -0.6406 0.7641
vn 0.2483 -0.6410 0.7263
vn -0.2177 -0.5622 0.7978
vn 0.6601 -0.3915 0.6411
vn 0.8078 -0.4431 0.3887
vn 0.4157 -0.2352 0.8786
vn -0.7477 -0.0497 0.6622
vn -0.6355 0.4562 0.6229
vn -0.4309 0.8090 0.3999
vn 0.4631 0.5255 -0.7137
vn 0.7234 0.1280 -0.6784
vn 0.6134 0.3097 -0.7265
vn 0.9334 -0.3564 -0.0410
vn 0.9263 -0.3054 -0.2205
vn 0.8381 -0.0720 -0.5408
vn 0.9546 -0.0316 0.2963
vn 0.9717 0.1326 0.1957
vn 0.8888 0.4554 0.0516
vn -0.7759 0.0794 -0.6258
vn -0.1178 -0.4383 -0.8911
vn 0.5483 0.7559 -0.3578
vn 0.8889 0.4344 -0.1453
vn 0.5891 0.8068 0.0445
vn 0.8693 0.4927 -0.0386
vn 0.3525 0.9124 0.2082
vn 0.5209 0.8150 0.2538
vn 0.8648 0.1910 -0.4644
vn 0.8712 0.1761 -0.4583
vn 0.9200 0.0277 -0.3910
vn -0.4672 0.8818 -0.0646
vn 0.0710 0.6199 0.7815
vn -0.0286 0.7140 0.6996
vn -0.0759 0.0288 0.9967
vn -0.0001 0.1266 0.9920
vn -0.3911 -0.3673 0.8439
vn 0.4072 0.4093 0.8165
vn 0.5106 0.2528 0.8218
vn 0.6952 0.5485 0.4646
vn -0.8037 -0.5224 0.2850
vn -0.7680 -0.6116 -0.1899
vn 0.5604 0.5045 0.6569
vn -0.6366 -0.4008 0.6588
vn 0.2733 -0.0656 -0.9597
vn -0.4783 -0.5675 -0.6702
vn 0.7774 0.3900 0.4936
vn 0.5949 0.1566 -0.7884
vn -0.2003 -0.3700 -0.9072
vn 0.7962 0.1626 -0.5828
vn 0.6440 -0.7566 -0.1130
vn 0.2902 -0.9168 0.2744
vn 0.2533 0.7994 -0.5447
vn -0.0526 0.9528 0.2989
vn -0.5576 -0.3665 0.7448
vn -0.5696 -0.3549 0.7414
vn -0.0993 0.6559 0.7483
vn -0.0993 0.6546 0.7494
vn -0.0761 0.9425 0.3254
vn 0.7125 -0.4806 0.5113
vn 0.7044 -0.4872 0.5163
vn 0.0028 0.9951 -0.0985
vn 0.3956 -0.9183 -0.0130
vn 0.4155 -0.9082 -0.0498
vn 0.3678 -0.9299 0.0093
vn -0.3034 -0.3158 0.8990
vn -0.1479 -0.4385 0.8865
vn -0.2894 -0.3278 0.8993
vn 0.7871 0.3354 -0.5176
vn -0.4358 -0.1920 0.8793
vn 0.7706 -0.3467 -0.5347
vn 0.7158 0.1559 -0.6806
vn 0.9520 -0.0813 -0.2952
vn 0.0228 -0.2146 0.9764
vn -0.4906 0.0147 0.8713
vn -0.3780 -0.2494 0.8916
vn 0.8832 -0.1570 0.4420
vn 0.7028 -0.0079 0.7114
vn 0.6548 -0.3280 0.6809
vn 0.9675 0.1066 0.2291
vn 0.8338 0.2403 0.4971
vn 0.9554 0.2193 -0.1980
vn 0.3971 -0.2722 0.8765
vn 0.4883 0.1878 0.8522
vn 0.6491 0.4690 0.5989
vn 0.8269 0.4981 0.2611
vn 0.7179 0.4566 -0.5255
vn 0.4069 0.5459 -0.7324
vn 0.3759 0.9050 -0.1991
vn -0.2216 0.9661 -0.1322
vn -0.0467 0.9643 -0.2605
vn -0.4226 0.8848 -0.1962
vn -0.5644 0.7535 -0.3370
vn -0.4245 0.8559 -0.2955
vn 0.3505 0.1900 -0.9171
vn -0.1249 0.6327 -0.7643
vn 0.1923 0.4735 -0.8596
vn -0.1264 0.2796 -0.9518
vn -0.6654 0.2653 -0.6977
vn -0.4589 0.2219 -0.8603
vn -0.6671 -0.0004 -0.7449
vn -0.0010 -0.0957 -0.9954
vn 0.5824 -0.0825 -0.8087
vn -0.5639 -0.4443 -0.6961
vn -0.2896 -0.2525 -0.9233
vn -0.3216 -0.6748 -0.6643
vn -0.2383 -0.9220 -0.3053
vn -0.1564 -0.9843 -0.0819
vn -0.5591 -0.7293 -0.3944
vn -0.0255 -0.7096 -0.7041
vn -0.0497 -0.9588 -0.2799
vn -0.0538 -0.9965 -0.0638
vn 0.2549 -0.2982 -0.9198
vn 0.4741 -0.5100 -0.7177
vn -0.8336 0.0230 0.5519
vn -0.6598 0.1463 0.7371
vn -0.7619 0.0947 0.6407
vn -0.7606 -0.3882 0.5204
vn -0.8243 -0.1159 0.5541
vn -0.7027 -0.0561 0.7092
vn 0.4723 -0.7976 0.3752
vn 0.4617 -0.8082 0.3655
vn 0.5934 -0.6403 0.4878
vn -0.2785 0.9350 -0.2197
vn -0.1917 0.9765 -0.0987
vn 0.7789 -0.0361 0.6261
vn 0.8904 0.0739 0.4492
vn 0.7866 -0.0297 0.6168
vn -0.3488 0.9298 -0.1177
vn -0.2210 0.9753 -0.0078
vn -0.0939 -0.9145 0.3935
vn -0.0283 -0.9704 0.2397
vn -0.0367 -0.9598 0.2784
vn -0.0574 -0.9787 0.1971
vn -0.1208 -0.9699 0.2115
vn 0.6570 -0.7217 0.2180
vn 0.9379 -0.3465 0.0170
vn -0.4595 0.6488 -0.6066
vn 0.0478 -0.9978 0.0469
vn 0.0204 -0.9996 0.0177
vn 0.1049 0.1435 0.9841
vn -0.1342 0.4765 0.8689
vn 0.7861 0.6081 -0.1108
vn 0.4325 0.7998 0.4163
vn 0.3078 0.6478 0.6969
vn 0.1835 0.9675 0.1741
vn 0.2363 0.8780 0.4162
vn -0.2744 -0.8070 -0.5229
vn -0.2697 -0.8032 -0.5311
vn -0.1746 -0.7128 -0.6793
vn 0.4500 0.8203 -0.3529
vn 0.0645 0.8408 -0.5375
vn -0.1190 0.9748 -0.1886
vn -0.3708 0.8392 -0.3979
vn -0.3172 0.7616 -0.5651
vn -0.4728 0.7849 -0.4005
vn -0.2612 0.4711 -0.8425
vn -0.8363 -0.1409 -0.5298
vn -0.8434 -0.1767 0.5074
vn -0.9894 -0.1262 -0.0719
vn -0.8084 -0.5882 -0.0213
vn 0.2417 -0.8592 -0.4508
vn -0.1733 -0.9794 -0.1035
vn 0.0232 -0.9967 -0.0782
vn 0.2730 -0.9620 -0.0025
vn -0.0311 -0.9982 0.0521
vn -0.7226 -0.1279 0.6794
vn -0.5730 0.0504 0.8180
vn -0.3755 -0.1190 0.9191
vn -0.5719 0.2278 0.7881
vn -0.9080 -0.0135 0.4187
vn -0.4763 0.1260 0.8702
vn 0.2475 -0.9606 0.1265
vn 0.0532 -0.9954 -0.0794
vn 0.3019 -0.9368 0.1766
vn -0.4944 0.7643 -0.4141
vn -0.3918 0.8540 -0.3424
vn -0.8736 -0.1665 0.4572
vn 0.0329 -0.9932 -0.1118
vn 0.6087 -0.6234 0.4907
vn 0.1837 0.9805 -0.0691
vn 0.1976 0.9394 -0.2801
vn 0.1381 0.9704 0.1983
vn -0.5320 0.5264 -0.6632
vn -0.7199 0.4503 -0.5281
vn -0.8704 0.3656 -0.3296
vn -0.5954 0.5436 -0.5916
vn -0.9759 -0.2180 0.0047
vn -0.9832 -0.1109 0.1452
vn -0.8993 -0.3526 -0.2586
vn -0.8801 0.3212 0.3495
vn -0.7275 0.3250 0.6042
vn -0.9465 0.3221 -0.0194
vn -0.4118 -0.3822 -0.8272
vn -0.1524 0.0385 -0.9876
vn 0.1640 0.3710 -0.9140
vn 0.7555 0.5119 0.4088
vn 0.4698 0.4169 0.7781
vn 0.6252 0.4588 0.6314
vn -0.3525 0.3691 0.8600
vn -0.1751 0.3578 0.9172
vn 0.2292 0.3865 0.8934
vn -0.4783 0.6905 0.5427
vn -0.3161 0.7933 0.5203
vn -0.0162 0.9298 0.3678
vn 0.5301 -0.8239 -0.2007
vn 0.0280 -0.9989 0.0375
vn 0.3331 -0.4466 0.8304
vn 0.6393 -0.4117 0.6495
vn 0.5528 0.8146 0.1758
vn 0.1383 0.8687 0.4756
vn 0.2318 0.9726 -0.0195
vn 0.0823 0.9216 0.3794
vn 0.2003 0.9258 -0.3207
vn 0.0758 0.9817 -0.1747
vn 0.2901 0.6067 0.7401
vn 0.2761 0.6020 0.7492
vn 0.1349 0.5467 0.8264
vn 0.5976 0.2881 -0.7482
vn -0.3624 0.6664 -0.6516
vn -0.2246 0.6459 -0.7296
vn -0.8038 0.2039 -0.5588
vn -0.7682 0.3224 -0.5531
vn -0.7812 -0.4170 0.4645
vn -0.8021 -0.3219 -0.5031
vn -0.5719 0.7534 -0.3244
vn -0.6775 0.7146 -0.1741
vn -0.2725 0.9620 -0.0195
vn -0.3183 -0.8400 -0.4393
vn 0.0273 -0.9905 -0.1348
vn -0.4253 0.8856 -0.1866
vn -0.6086 -0.5543 -0.5678
vn 0.7102 -0.0880 0.6985
vn 0.3866 -0.8777 0.2832
vn -0.3941 0.9130 0.1052
vn 0.6050 0.3245 0.7271
vn 0.6210 -0.6080 0.4947
vn 0.3905 0.5128 0.7646
vn -0.4262 -0.1232 0.8962
vn -0.7512 -0.3824 0.5381
vn 0.7973 0.6024 0.0378
vn 0.2354 0.7027 -0.6714
vn -0.6813 -0.4568 -0.5720
vn -0.6699 -0.4576 -0.5847
vn -0.2785 0.5691 -0.7737
vn -0.2801 0.5685 -0.7736
vn 0.2132 0.6859 -0.6957
vn -0.8274 0.2635 0.4960
vn -0.8331 0.2545 0.4912
vn 0.5770 0.6760 -0.4583
vn -0.5347 -0.3802 0.7547
vn -0.5034 -0.3684 0.7816
vn -0.5529 -0.4018 0.7300
vn -0.8423 -0.2138 -0.4948
vn -0.9278 -0.1980 -0.3163
vn -0.8517 -0.2127 -0.4790
vn 0.4239 0.6431 0.6378
vn -0.7345 -0.2208 -0.6417
vn 0.1137 0.1635 -0.9800
vn 0.1800 0.1677 -0.9693
vn 0.1963 0.5745 -0.7946
vn 0.1240 0.5736 -0.8097
vn 0.1505 -0.9671 -0.2049
vn 0.2371 -0.9532 -0.1876
vn 0.2182 -0.7511 -0.6231
vn 0.1364 -0.7689 -0.6247
vn 0.1424 0.9203 -0.3645
vn 0.2243 0.9096 -0.3497
vn 0.2225 0.9495 0.2213
vn 0.1427 0.9639 0.2247
vn 0.8733 0.0380 0.4857
vn 0.8914 -0.0700 0.4479
vn 0.8493 0.0365 0.5266
vn 0.1350 -0.9048 0.4038
vn 0.2049 -0.8744 0.4399
vn 0.1989 -0.3474 -0.9164
vn 0.1269 -0.3660 -0.9219
vn 0.2020 0.6930 0.6921
vn 0.1309 0.6998 0.7023
vn 0.0983 -0.5479 0.8308
vn 0.1637 -0.6804 0.7143
vn 0.1072 -0.6476 0.7544
vn 0.1189 0.3594 0.9256
vn 0.0738 0.3832 0.9207
vn 0.8151 -0.2050 -0.5419
vn 0.8057 0.0851 -0.5862
vn 0.8163 -0.4308 -0.3847
vn 0.8249 0.2812 -0.4904
vn 0.8319 0.3207 -0.4529
vn 0.8456 0.4778 -0.2381
vn 0.8455 0.4809 -0.2322
vn 0.8132 0.5735 0.0990
vn 0.8201 0.5694 0.0558
vn 0.7640 0.4225 0.4876
vn 0.7742 0.4900 0.4006
vn 0.8269 0.1384 0.5451
vn 0.7883 0.1722 0.5907
vn 0.9331 -0.0027 0.3597
vn 0.9659 -0.2507 0.0654
vn 0.8994 -0.4356 0.0363
vn 0.8527 -0.5072 -0.1248
vn -0.9331 -0.0027 0.3597
vn -0.9659 -0.2507 0.0654
vn -0.8825 -0.0714 0.4649
vn -0.8994 -0.4356 0.0363
vn -0.8269 0.1384 0.5451
vn -0.7883 0.1722 0.5907
vn -0.7641 0.4225 0.4876
vn -0.7742 0.4900 0.4006
vn -0.8132 0.5735 0.0990
vn -0.8202 0.5694 0.0558
vn -0.8456 0.4778 -0.2381
vn -0.8455 0.4808 -0.2322
vn -0.8249 0.2812 -0.4904
vn -0.8319 0.3207 -0.4529
vn -0.8057 0.0851 -0.5862
vn -0.8151 -0.2050 -0.5419
vn -0.8163 -0.4308 -0.3847
vn -0.8527 -0.5072 -0.1248
vn -0.1989 -0.3474 -0.9164
vn -0.1269 -0.3660 -0.9219
vn -0.1137 0.1635 -0.9800
vn -0.1800 0.1677 -0.9693
vn -0.0000 -0.3838 -0.9234
vn -0.0000 0.1630 -0.9866
vn -0.1637 -0.6804 0.7143
vn -0.1072 -0.6476 0.7544
vn -0.1350 -0.9048 0.4038
vn -0.2049 -0.8744 0.4399
vn -0.0000 -0.6636 0.7481
vn -0.0000 -0.9225 0.3859
vn -0.2020 0.6930 0.6921
vn -0.1309 0.6998 0.7023
vn -0.0738 0.3832 0.9207
vn -0.1189 0.3594 0.9256
vn 0.0000 0.7095 0.7047
vn 0.0000 0.4117 0.9113
vn -0.0983 -0.5479 0.8308
vn 0.0000 -0.5531 0.8331
vn -0.2225 0.9495 0.2213
vn -0.1427 0.9639 0.2247
vn 0.0000 0.9747 0.2234
vn -0.2182 -0.7511 -0.6231
vn -0.1364 -0.7689 -0.6247
vn -0.0000 -0.7847 -0.6199
vn -0.1963 0.5745 -0.7946
vn -0.1240 0.5736 -0.8097
vn -0.1424 0.9203 -0.3645
vn -0.2243 0.9096 -0.3497
vn -0.0000 0.5802 -0.8145
vn -0.0000 0.9298 -0.3680
vn -0.1505 -0.9671 -0.2049
vn -0.2371 -0.9532 -0.1876
vn -0.0000 -0.9773 -0.2120
vn -0.0005 -0.1333 -0.9911
vn -0.0019 -0.0455 -0.9990
vn -0.0005 -0.1332 -0.9911
vn -0.7908 0.0321 0.6112
vn -0.4980 -0.8345 0.2358
vn -0.3764 -0.9007 0.2169
vn -0.3636 -0.9065 0.2148
vn 0.0062 -0.9817 0.1902
vn -0.0330 0.0932 0.9951
vn -0.0092 0.1197 0.9928
vn 0.0190 0.1166 0.9930
vn 0.0250 0.0851 0.9961
vn 0.0119 0.1413 0.9899
vn -0.9013 0.0473 0.4305
vn 0.0234 -0.0592 0.9980
vn 0.0439 -0.0574 0.9974
vn 0.0691 -0.0568 0.9960
vn 0.0958 -0.0562 0.9938
vn -0.0861 -0.0101 0.9962
vn -0.3020 0.3285 0.8949
vn -0.2291 0.1196 0.9660
vn 0.4865 -0.8440 0.2257
vn 0.2467 -0.9527 0.1778
vn -0.0057 0.1158 -0.9933
vn -0.0044 0.0525 -0.9986
vn -0.0044 0.0505 -0.9987
vn -0.7562 -0.5219 0.3947
vn 0.8749 -0.2074 0.4377
vn -0.1625 -0.0506 0.9854
vn -0.0627 -0.0571 0.9964
vn -0.8055 0.0327 0.5917
vn -0.4606 -0.8470 0.2654
vn -0.1098 -0.0380 0.9932
vn 0.2375 0.8948 -0.3781
vn 0.5985 0.6224 0.5044
vn -0.3882 -0.1158 0.9142
vn -0.9123 0.2556 -0.3198
vn 0.0501 -0.9431 -0.3288
vn -0.0501 0.9431 0.3288
vn -0.4955 0.7101 -0.5001
vn 0.3247 0.3142 -0.8921
vn 0.9775 0.0616 0.2019
vn -0.1651 0.6150 0.7710
vn -0.2454 -0.8776 0.4118
vn 0.2454 0.8776 -0.4118
vn -0.8787 0.0615 0.4734
vn -0.7770 0.4088 -0.4787
vn 0.3786 0.7606 -0.5273
vn 0.4726 0.5180 0.7130
vn 0.5382 -0.8425 0.0239
vn -0.5658 0.8224 -0.0599
vn 0.0000 1.0000 -0.0000
vn -0.5878 0.0000 -0.8090
vn -0.9511 0.0000 -0.3090
vn 0.5878 0.0000 -0.8090
vn -0.0000 0.0000 -1.0000
vn 0.5878 0.0000 0.8090
vn 0.9511 0.0000 0.3090
vn -0.9511 0.0000 0.3090
vn -0.5878 0.0000 0.8090
vn 0.9511 0.0000 -0.3090
vn -0.0000 0.0000 1.0000
vn 0.0000 -1.0000 0.0000
vn -0.5875 -0.0335 -0.8086
vn -0.9505 -0.0335 -0.3088
vn -0.9505 -0.0335 0.3088
vn -0.5875 -0.0335 0.8086
vn -0.0000 -0.0335 0.9994
vn 0.5875 -0.0335 0.8086
vn 0.9505 -0.0335 0.3088
vn 0.9505 -0.0335 -0.3088
vn 0.5875 -0.0335 -0.8086
vn 0.0000 -0.0335 -0.9994
vn 0.0000 0.9096 -0.4154
vn 0.2442 0.9096 -0.3361
vn 0.3951 0.9096 -0.1284
vn 0.3951 0.9096 0.1284
vn 0.2442 0.9096 0.3361
vn 0.0000 0.9096 0.4154
vn -0.2442 0.9096 0.3361
vn -0.3951 0.9096 0.1284
vn -0.3951 0.9096 -0.1284
vn -0.2442 0.9096 -0.3361
vn 0.2111 0.7303 0.6497
vn 0.4903 0.8326 0.2575
vn 0.1238 0.9162 0.3810
vn -0.5531 0.7298 0.4018
vn -0.1591 0.8665 0.4732
vn -0.3292 0.9135 0.2392
vn -0.5527 0.7303 -0.4015
vn -0.4992 0.8665 0.0051
vn -0.3240 0.9163 -0.2354
vn 0.0407 0.7326 -0.6794
vn -0.0686 0.7896 -0.6098
vn 0.0941 0.9018 -0.4217
vn 0.6013 0.7909 0.1139
vn 0.5034 0.7828 -0.3658
vn 0.4302 0.9018 0.0408
vn 0.7104 0.6983 -0.0881
vn 0.2885 0.6727 -0.6813
vn -0.0086 0.5575 -0.8302
vn -0.2781 0.6882 -0.6701
vn -0.6667 0.7359 -0.1180
vn -0.6552 0.7456 0.1220
vn -0.3184 0.7456 0.5854
vn -0.0937 0.7361 0.6704
vn 0.5140 0.7116 0.4789
vn 0.6589 0.7207 0.2155
vn 0.0108 0.4887 0.8724
vn -0.0013 0.4429 0.8966
vn -0.0269 0.4515 0.8918
vn -0.0357 0.4389 0.8978
vn -0.0300 0.4500 0.8925
vn 0.0046 0.4253 0.9051
vn -0.0427 0.4182 0.9074
vn -0.0638 0.4600 0.8856
vn -0.0236 0.4268 0.9040
vn -0.0635 0.4720 0.8793
vn -0.0623 0.4607 0.8854
vn -0.0081 0.4306 0.9025
vn -0.0328 0.4832 0.8749
vn -0.7172 0.4902 0.4954
vn -0.7046 0.5061 0.4974
vn -0.6865 0.5108 0.5175
vn -0.6838 0.5512 0.4781
vn -0.6964 0.4769 0.5363
vn -0.7019 0.4878 0.5190
vn -0.7079 0.4935 0.5053
vn -0.6858 0.5090 0.5203
vn -0.6647 0.5399 0.5164
vn -0.6619 0.5144 0.5452
vn -0.6547 0.5250 0.5437
vn -0.6890 0.4976 0.5270
vn -0.6616 0.5136 0.5463
vn -0.3537 0.5985 0.7188
vn -0.4268 0.3929 0.8146
vn -0.3536 0.5989 0.7186
vn -0.2960 0.7130 0.6356
vn 0.6602 0.7001 0.2721
vn 0.6956 0.6613 0.2805
vn 0.6845 0.6618 0.3056
vn 0.6928 0.6496 0.3130
vn 0.6852 0.6598 0.3085
vn 0.7101 0.6488 0.2736
vn 0.7073 0.6313 0.3180
vn 0.6704 0.6590 0.3411
vn 0.7043 0.6431 0.3006
vn 0.6606 0.6685 0.3417
vn 0.6701 0.6599 0.3398
vn 0.7041 0.6499 0.2861
vn 0.6576 0.6851 0.3134
vn 0.1958 0.4192 0.8865
vn 0.1945 0.4377 0.8778
vn 0.2145 0.4520 0.8658
vn 0.1652 0.4792 0.8620
vn 0.2415 0.4234 0.8732
vn 0.2210 0.4273 0.8767
vn 0.2054 0.4273 0.8805
vn 0.2178 0.4513 0.8654
vn 0.2075 0.4840 0.8501
vn 0.2431 0.4691 0.8491
vn 0.2393 0.4803 0.8438
vn 0.2273 0.4418 0.8678
vn 0.2443 0.4687 0.8489
vn 0.4256 0.6706 0.6077
vn 0.5698 0.4885 0.6608
vn 0.4252 0.6709 0.6075
vn 0.3198 0.7678 0.5552
vn -0.0279 0.9992 -0.0269
vn -0.0622 0.9980 0.0138
vn -0.0805 0.9967 -0.0067
vn -0.0947 0.9955 0.0018
vn -0.0841 0.9964 -0.0066
vn -0.0659 0.9973 0.0338
vn -0.1112 0.9936 0.0189
vn -0.1085 0.9936 -0.0327
vn -0.0901 0.9957 0.0193
vn -0.1021 0.9938 -0.0447
vn -0.1069 0.9937 -0.0327
vn -0.0745 0.9970 0.0228
vn -0.0694 0.9967 -0.0414
vn -0.5783 0.6345 -0.5128
vn -0.5615 0.6445 -0.5190
vn -0.5488 0.6652 -0.5063
vn -0.5210 0.6501 -0.5530
vn -0.5753 0.6650 -0.4762
vn -0.5717 0.6548 -0.4944
vn -0.5713 0.6452 -0.5072
vn -0.5496 0.6668 -0.5033
vn -0.5181 0.6792 -0.5198
vn -0.5327 0.6924 -0.4866
vn -0.5219 0.6966 -0.4924
vn -0.5584 0.6671 -0.4930
vn -0.5330 0.6930 -0.4854
vn -0.2711 0.8996 -0.3422
vn -0.4386 0.8817 -0.1737
vn -0.2708 0.8996 -0.3426
vn -0.1550 0.8842 -0.4406
vn 0.7103 0.6986 -0.0856
vn 0.5098 0.8568 -0.0768
vn 0.6805 0.6921 0.2404
vn 0.6154 0.6647 0.4236
vn 0.0007 0.2556 0.9668
vn -0.0858 0.3822 0.9201
vn -0.0218 0.2892 0.9570
vn -0.6777 -0.3223 0.6609
vn -0.8314 -0.5485 0.0886
vn -0.7658 -0.4179 0.4888
vn -0.8504 -0.5185 0.0888
vn -0.8295 -0.4530 -0.3266
vn -0.7698 -0.3732 -0.5178
vn -0.1718 0.2064 -0.9633
vn -0.2300 0.3027 -0.9249
vn -0.1508 0.1719 -0.9735
vn 0.5378 0.6219 -0.5692
vn 0.6304 0.6645 -0.4013
vn -0.5408 -0.8375 0.0784
vn 0.7732 -0.4823 -0.4118
vn 0.8018 -0.4284 -0.4166
vn 0.8908 -0.4515 -0.0501
vn 0.8602 -0.5080 -0.0453
vn 0.8961 -0.1174 -0.4280
vn 0.9901 -0.1203 -0.0722
vn 0.8461 0.3305 -0.4183
vn 0.9309 0.3545 -0.0880
vn 0.6729 -0.4334 -0.5995
vn 0.6964 -0.3821 -0.6075
vn 0.7740 -0.0870 -0.6272
vn 0.7313 0.3216 -0.6014
vn -0.0596 -0.0135 -0.9981
vn -0.0542 0.0028 -0.9985
vn -0.0545 0.0018 -0.9985
vn -0.0542 0.0383 -0.9978
vn -0.0531 0.0341 -0.9980
vn -0.0800 0.0701 -0.9943
vn -0.0720 0.0646 -0.9953
vn -0.8145 0.4747 -0.3335
vn -0.8323 0.4417 -0.3351
vn -0.7520 0.3907 -0.5310
vn -0.7397 0.4181 -0.5274
vn -0.9228 0.1592 -0.3507
vn -0.8229 0.1703 -0.5421
vn -0.9091 -0.2576 -0.3273
vn -0.8298 -0.1895 -0.5250
vn -0.8507 0.5239 0.0439
vn -0.8722 0.4869 0.0471
vn -0.9818 0.1769 0.0691
vn -0.9551 -0.2834 0.0868
vn -0.7561 0.5070 0.4139
vn -0.7732 0.4743 0.4210
vn -0.8584 0.1948 0.4746
vn -0.8457 -0.2226 0.4851
vn -0.6518 0.4666 0.5979
vn -0.6632 0.4397 0.6057
vn -0.7301 0.2215 0.6465
vn -0.7371 -0.1383 0.6615
vn 0.0960 0.0723 0.9928
vn 0.1009 0.0876 0.9910
vn 0.1012 0.0886 0.9909
vn 0.1020 0.1198 0.9876
vn 0.1009 0.1239 0.9872
vn 0.0827 0.1500 0.9852
vn 0.0746 0.1555 0.9850
vn 0.8309 -0.4505 0.3267
vn 0.8595 -0.3965 0.3224
vn 0.7847 -0.3334 0.5226
vn 0.7606 -0.3850 0.5228
vn 0.9524 -0.0863 0.2924
vn 0.8624 -0.0382 0.5048
vn 0.8984 0.3594 0.2523
vn 0.8136 0.3670 0.4510
vn 0.4606 0.8710 -0.1707
vn 0.7442 0.6229 0.2412
vn 0.6528 0.6617 -0.3689
vn 0.8513 0.1041 -0.5142
vn 0.8204 -0.3343 -0.4638
vn 0.3543 -0.9342 -0.0409
vn -0.0299 -0.8464 0.5317
vn 0.1850 -0.9725 0.1415
vn -0.1329 -0.8770 0.4617
vn -0.3414 -0.5763 0.7425
vn -0.4151 -0.3551 0.8376
vn -0.2956 0.5056 0.8105
vn -0.0964 0.8174 0.5680
vn 0.2515 0.9637 0.0894
vn -0.7796 0.4660 -0.4185
vn -0.7320 0.5364 -0.4199
vn -0.5506 0.3890 -0.7386
vn -0.6013 0.3151 -0.7343
vn -0.4918 0.7820 -0.3828
vn -0.2991 0.6551 -0.6938
vn -0.1244 0.9697 -0.2101
vn 0.0828 0.8638 -0.4969
vn -0.8282 0.5239 -0.1990
vn -0.7848 0.5886 -0.1940
vn -0.5656 0.8122 -0.1429
vn -0.2339 0.9722 0.0043
vn -0.5932 0.4439 0.6716
vn -0.5759 0.4753 0.6651
vn -0.5764 0.4744 0.6654
vn -0.5369 0.5210 0.6635
vn -0.5394 0.5192 0.6629
vn -0.4956 0.5295 0.6885
vn -0.4994 0.5306 0.6849
vn 0.2880 -0.1692 0.9426
vn 0.2727 -0.1737 0.9463
vn 0.0925 -0.0305 0.9952
vn 0.1094 -0.0334 0.9934
vn 0.0584 -0.3378 0.9394
vn -0.0812 -0.1541 0.9847
vn -0.2647 -0.5440 0.7962
vn -0.3584 -0.3247 0.8753
vn 0.5594 -0.3769 0.7383
vn 0.5491 -0.3911 0.7387
vn 0.3444 -0.6165 0.7080
vn -0.0219 -0.8434 0.5368
vn 0.7485 -0.5158 0.4168
vn 0.7445 -0.5288 0.4076
vn 0.5880 -0.7363 0.3348
vn 0.2679 -0.9449 0.1880
vn 0.8061 -0.5577 0.1980
vn 0.8039 -0.5659 0.1829
vn 0.6780 -0.7255 0.1179
vn 0.4174 -0.9086 -0.0105
vn 0.5873 -0.4447 -0.6763
vn 0.6034 -0.4136 -0.6818
vn 0.6039 -0.4126 -0.6819
vn 0.6362 -0.3656 -0.6794
vn 0.6384 -0.3636 -0.6785
vn 0.6718 -0.3509 -0.6523
vn 0.6752 -0.3517 -0.6484
vn -0.3249 0.1238 -0.9376
vn -0.2747 0.1922 -0.9421
vn -0.0836 0.0609 -0.9946
vn -0.1347 0.0019 -0.9909
vn -0.0436 0.4447 -0.8946
vn 0.1408 0.2805 -0.9495
vn 0.3037 0.6475 -0.6989
vn 0.4424 0.4632 -0.7679
vn 0.3905 0.9108 0.1342
vn 0.4966 0.8679 -0.0103
vn 0.1872 0.9802 -0.0647
vn 0.0775 0.9804 -0.1810
vn -0.5709 -0.7684 -0.2893
vn -0.4017 -0.9079 -0.1199
vn -0.5650 -0.7113 -0.4180
vn -0.5050 -0.7629 -0.4036
vn -0.3210 -0.9216 -0.2180
vn -0.0910 -0.9954 -0.0305
vn -0.0561 -0.9976 0.0414
vn -0.1965 -0.9793 0.0495
vn 0.6756 0.6446 0.3580
vn 0.5834 0.7577 0.2924
vn -0.1284 0.3321 0.9345
vn -0.1194 0.3455 0.9308
vn -0.4002 0.5097 0.7616
vn -0.4125 0.4939 0.7654
vn 0.0602 0.5418 0.8383
vn -0.1995 0.7169 0.6680
vn 0.3640 0.7390 0.5669
vn 0.1489 0.9050 0.3986
vn 0.0460 0.2238 0.9735
vn 0.0570 0.2311 0.9712
vn 0.2356 0.4089 0.8816
vn 0.4982 0.6109 0.6153
vn 0.7398 -0.2973 0.6036
vn 0.7362 -0.3203 0.5962
vn 0.7366 -0.3177 0.5971
vn 0.7433 -0.3508 0.5696
vn 0.7401 -0.3479 0.5754
vn 0.7422 -0.4213 0.5212
vn 0.7482 -0.3830 0.5417
vn 0.7365 -0.4506 0.5045
vn 0.7063 -0.5050 -0.4961
vn 0.6774 -0.5420 -0.4973
vn 0.7692 -0.5596 -0.3084
vn 0.7906 -0.5264 -0.3128
vn 0.4961 -0.7720 -0.3974
vn 0.6240 -0.7434 -0.2410
vn 0.1684 -0.9656 -0.1982
vn 0.3400 -0.9361 -0.0902
vn 0.4781 -0.4019 -0.7809
vn 0.4514 -0.4411 -0.7757
vn 0.2382 -0.6834 -0.6901
vn -0.0958 -0.8891 -0.4476
vn 0.1961 -0.2186 -0.9559
vn 0.1758 -0.2604 -0.9494
vn -0.0411 -0.4704 -0.8815
vn -0.3317 -0.6848 -0.6489
vn 0.0345 -0.1018 -0.9942
vn 0.0120 -0.1344 -0.9908
vn -0.1508 -0.3084 -0.9392
vn -0.3973 -0.5221 -0.7547
vn -0.6240 0.4685 -0.6254
vn -0.6294 0.4493 -0.6340
vn -0.6301 0.4469 -0.6351
vn -0.6268 0.4196 -0.6565
vn -0.6232 0.4165 -0.6619
vn -0.6163 0.3831 -0.6880
vn -0.6195 0.3433 -0.7060
vn -0.6211 0.3117 -0.7191
vn -0.6241 0.6105 0.4877
vn -0.6133 0.6229 0.4857
vn -0.6974 0.6547 0.2913
vn -0.7039 0.6449 0.2977
vn -0.4207 0.8118 0.4050
vn -0.5170 0.8315 0.2034
vn -0.0684 0.9818 0.1772
vn -0.1689 0.9855 0.0140
vn 0.1695 0.9709 0.1692
vn -0.0405 0.9988 0.0263
vn -0.0412 0.9101 0.4123
vn -0.1792 0.8306 0.5272
vn -0.7004 0.0983 0.7070
vn -0.7890 0.1658 0.5916
vn -0.7252 0.1161 0.6786
vn -0.6738 -0.7063 0.2172
vn -0.3213 -0.9077 -0.2701
vn -0.5813 -0.8119 0.0536
vn -0.3480 -0.8923 -0.2876
vn -0.1180 -0.7754 -0.6204
vn -0.0040 -0.6535 -0.7569
vn 0.3659 0.2022 -0.9084
vn 0.2594 0.2485 -0.9333
vn 0.4021 0.1852 -0.8966
vn 0.3849 0.8751 -0.2934
vn 0.3234 0.9389 -0.1181
vn 0.0026 -0.9999 -0.0118
vn 0.9697 0.1351 0.2038
vn 0.9622 0.1491 0.2278
vn 0.8135 0.1138 0.5703
vn 0.8273 0.0765 0.5565
vn 0.8865 0.4205 0.1930
vn 0.7356 0.4236 0.5287
vn 0.6327 0.7714 0.0679
vn 0.4782 0.7956 0.3719
vn 0.9865 0.1639 0.0063
vn 0.9859 0.1673 0.0008
vn 0.9127 0.4067 -0.0407
vn 0.6729 0.7264 -0.1398
vn 0.5514 0.2196 -0.8048
vn 0.5548 0.1640 -0.8157
vn 0.5546 0.1684 -0.8149
vn 0.5430 0.1258 -0.8303
vn 0.5458 0.1228 -0.8289
vn 0.5090 0.1388 -0.8495
vn 0.5174 0.1384 -0.8445
vn -0.5342 0.0524 -0.8437
vn -0.5537 -0.0066 -0.8327
vn -0.3538 0.0355 -0.9347
vn -0.3605 0.0906 -0.9284
vn -0.4585 -0.3041 -0.8350
vn -0.2855 -0.2194 -0.9329
vn -0.2628 -0.6518 -0.7114
vn -0.1267 -0.5288 -0.8392
vn -0.8163 -0.0192 -0.5774
vn -0.8240 -0.0574 -0.5637
vn -0.7557 -0.3712 -0.5396
vn -0.5273 -0.7480 -0.4030
vn -0.9725 -0.0530 -0.2266
vn -0.9750 -0.0725 -0.2100
vn -0.9275 -0.3411 -0.1529
vn -0.7244 -0.6882 -0.0399
vn -0.9981 -0.0608 -0.0025
vn -0.9975 -0.0703 0.0036
vn -0.9609 -0.2726 0.0494
vn -0.8009 -0.5819 0.1414
vn -0.5661 -0.0322 0.8237
vn -0.5696 -0.0062 0.8219
vn -0.5699 -0.0038 0.8217
vn -0.5824 0.0339 0.8122
vn -0.5849 0.0369 0.8103
vn -0.6080 0.0497 0.7924
vn -0.6157 0.0501 0.7864
vn 0.5638 0.0415 0.8249
vn 0.5447 0.0877 0.8341
vn 0.3507 0.0732 0.9336
vn 0.3601 0.0250 0.9326
vn 0.4772 0.3882 0.7884
vn 0.2695 0.3560 0.8948
vn 0.2517 0.7413 0.6221
vn 0.0749 0.6792 0.7301
vn 0.2060 0.9784 0.0180
vn -0.0466 0.9976 0.0517
vn 0.2131 0.9162 0.3394
vn 0.1897 0.8350 0.5166
vn -0.0538 0.0915 0.9944
vn -0.1989 0.1542 0.9678
vn -0.0917 0.1081 0.9899
vn -0.3330 -0.7211 0.6075
vn -0.3884 -0.9214 0.0083
vn -0.3696 -0.8271 0.4234
vn -0.4205 -0.9072 0.0132
vn -0.4750 -0.7900 -0.3876
vn -0.4853 -0.6675 -0.5647
vn -0.3398 0.1954 -0.9200
vn -0.4373 0.2381 -0.8672
vn -0.3044 0.1797 -0.9354
vn 0.0614 0.8801 -0.4708
vn 0.1302 0.9454 -0.2989
vn 0.8464 0.2236 -0.4833
vn 0.8576 0.2109 -0.4690
vn 0.9766 0.1812 -0.1155
vn 0.9751 0.1766 -0.1339
vn 0.7746 0.4494 -0.4451
vn 0.8857 0.4545 -0.0943
vn 0.4903 0.7904 -0.3673
vn 0.5769 0.8159 -0.0376
vn 0.7257 0.2428 -0.6437
vn 0.7254 0.2215 -0.6517
vn 0.6387 0.4319 -0.6368
vn 0.3833 0.7426 -0.5492
vn -0.1304 0.2250 -0.9656
vn -0.1348 0.1656 -0.9769
vn -0.1343 0.1726 -0.9758
vn -0.1533 0.1256 -0.9802
vn -0.1501 0.1228 -0.9810
vn -0.1918 0.1373 -0.9718
vn -0.1822 0.1372 -0.9736
vn -0.9590 -0.0399 -0.2805
vn -0.9656 -0.0712 -0.2501
vn -0.8869 -0.0200 -0.4615
vn -0.8909 0.0105 -0.4541
vn -0.8877 -0.3329 -0.3181
vn -0.8270 -0.2450 -0.5061
vn -0.6477 -0.6724 -0.3583
vn -0.6357 -0.5480 -0.5437
vn -0.9854 -0.1298 0.1105
vn -0.9832 -0.1300 0.1279
vn -0.9098 -0.4029 0.0998
vn -0.6358 -0.7704 0.0474
vn -0.8633 -0.1611 0.4783
vn -0.8606 -0.1420 0.4891
vn -0.7811 -0.3704 0.5028
vn -0.5427 -0.7094 0.4497
vn -0.7367 -0.1585 0.6574
vn -0.7351 -0.1350 0.6644
vn -0.6734 -0.2991 0.6761
vn -0.4824 -0.6019 0.6364
vn 0.1282 -0.0353 0.9911
vn 0.1238 -0.0089 0.9923
vn 0.1231 -0.0050 0.9924
vn 0.1064 0.0325 0.9938
vn 0.1032 0.0354 0.9940
vn 0.0737 0.0471 0.9962
vn 0.0639 0.0472 0.9968
vn 0.9622 0.1397 0.2340
vn 0.9535 0.1519 0.2604
vn 0.8774 0.1311 0.4615
vn 0.8837 0.1138 0.4541
vn 0.8676 0.4166 0.2714
vn 0.7849 0.3804 0.4890
vn 0.5769 0.7599 0.2996
vn 0.5193 0.6948 0.4976
usemtl White
s 1
f 41/1/1 40/2/2 28/3/3 29/4/4
s 2
f 48/5/5 47/6/6 35/7/7 36/8/8
s 3
f 45/9/9 44/10/10 32/11/11 33/12/12
s 4
f 42/13/13 41/1/1 29/4/4 30/14/14
s 5
f 49/15/15 48/5/5 36/8/8 37/16/16
s 6
f 39/17/17 38/18/18 26/19/19 27/20/20
s 7
f 46/21/21 45/9/9 33/12/12 34/22/22
s 8
f 43/23/23 42/13/13 30/14/14 31/24/24
s 9
f 40/2/2 39/17/17 27/20/20 28/3/3
s 10
f 29/4/4 28/3/3 16/25/25 17/26/26
s 12
f 38/18/18 49/27/15 37/28/16 26/19/19
s 13
f 24/29/27 23/30/28 13/31/29
s 14
f 19/32/30 18/33/31 13/34/29
s 15
f 15/35/32 14/36/33 13/37/29
s 16
f 35/7/7 34/22/22 22/38/34 23/30/28
s 17
f 31/24/24 30/14/14 18/33/31 19/32/30
s 18
f 27/20/20 26/19/19 14/36/33 15/35/32
s 19
f 30/14/14 29/4/4 17/26/26 18/33/31
s 20
f 26/19/19 37/28/16 25/39/35 14/36/33
s 21
f 17/26/26 16/25/25 13/40/29
s 22
f 23/30/28 22/38/34 13/41/29
s 23
f 18/33/31 17/26/26 13/42/29
s 24
f 14/36/33 25/39/35 13/43/29
s 25
f 44/10/10 43/23/23 31/24/24 32/11/11
s 26
f 48/5/5 11/44/36 10/45/37 47/6/6
s 27
f 28/3/3 27/20/20 15/35/32 16/25/25
s 28
f 33/12/12 32/11/11 20/46/38 21/47/39
s 29
f 16/25/25 15/35/32 13/48/29
s 30
f 32/11/11 31/24/24 19/32/30 20/46/38
s 31
f 47/6/6 10/45/37 9/49/40 46/21/21
s 32
f 37/16/16 36/8/8 24/29/27 25/50/35
s 33
f 20/46/38 19/32/30 13/51/29
s 34
f 21/47/39 20/46/38 13/52/29
s 35
f 25/50/35 24/29/27 13/53/29
s 36
f 34/22/22 33/12/12 21/47/39 22/38/34
s 37
f 36/8/8 35/7/7 23/30/28 24/29/27
s 39
f 4/54/41 41/1/1 42/13/13 5/55/42
s 40
f 45/9/9 8/56/43 7/57/44 44/10/10
s 41
f 47/6/6 46/21/21 34/22/22 35/7/7
s 42
f 41/1/1 4/54/41 3/58/45 40/2/2
s 43
f 44/10/10 7/57/44 6/59/46 43/23/23
s 44
f 39/17/17 2/60/47 1/61/48 38/18/18
s 45
f 49/15/15 12/62/49 11/44/36 48/5/5
s 46
f 2/60/47 39/17/17 40/2/2 3/58/45
s 47
f 43/23/23 6/59/46 5/55/42 42/13/13
s 48
f 12/63/49 49/27/15 38/18/18 1/61/48
s 49
f 46/21/21 9/49/40 8/56/43 45/9/9
s 54
f 9/49/40 115/64/50 113/65/51 8/56/43
s 55
f 1/61/48 99/66/52 119/67/53 12/63/49
s 59
f 6/59/46 109/68/54 108/69/55 5/55/42
s 60
f 22/38/34 21/47/39 13/70/29
s 61
f 90/71/56 89/72/57 77/73/58 78/74/59
s 62
f 97/75/60 96/76/61 84/77/62 85/78/63
s 63
f 94/79/64 93/80/65 81/81/66 82/82/67
s 64
f 91/83/68 90/71/56 78/74/59 79/84/69
s 65
f 98/85/70 97/75/60 85/78/63 86/86/71
s 66
f 88/87/72 87/88/73 75/89/74 76/90/75
s 67
f 95/91/76 94/79/64 82/82/67 83/92/77
s 68
f 92/93/78 91/83/68 79/84/69 80/94/79
s 69
f 89/72/57 88/87/72 76/90/75 77/73/58
s 70
f 78/74/59 77/73/58 65/95/80 66/96/81
s 71
f 3/58/45 104/97/82 101/98/83 2/60/47
s 72
f 87/88/73 98/99/70 86/100/71 75/89/74
s 73
f 73/101/84 72/102/85 62/103/86
s 74
f 68/104/87 67/105/88 62/106/86
s 75
f 64/107/89 63/108/90 62/109/86
s 76
f 84/77/62 83/92/77 71/110/91 72/102/85
s 77
f 80/94/79 79/84/69 67/105/88 68/104/87
s 78
f 76/90/75 75/89/74 63/108/90 64/107/89
s 79
f 79/84/69 78/74/59 66/96/81 67/105/88
s 80
f 75/89/74 86/100/71 74/111/92 63/108/90
s 81
f 66/96/81 65/95/80 62/112/86
s 82
f 72/102/85 71/110/91 62/113/86
s 83
f 67/105/88 66/96/81 62/114/86
s 84
f 63/108/90 74/111/92 62/115/86
s 85
f 93/80/65 92/93/78 80/94/79 81/81/66
s 86
f 97/75/60 60/116/93 59/117/94 96/76/61
s 87
f 77/73/58 76/90/75 64/107/89 65/95/80
s 88
f 82/82/67 81/81/66 69/118/95 70/119/96
s 89
f 65/95/80 64/107/89 62/120/86
s 90
f 81/81/66 80/94/79 68/104/87 69/118/95
s 91
f 96/76/61 59/117/94 58/121/97 95/91/76
s 92
f 86/86/71 85/78/63 73/101/84 74/122/92
s 93
f 69/118/95 68/104/87 62/123/86
s 94
f 70/119/96 69/118/95 62/124/86
s 95
f 74/122/92 73/101/84 62/125/86
s 96
f 83/92/77 82/82/67 70/119/96 71/110/91
s 97
f 85/78/63 84/77/62 72/102/85 73/101/84
s 98
f 50/126/98 122/127/99 142/128/100 61/129/101
s 99
f 53/130/102 90/71/56 91/83/68 54/131/103
s 100
f 94/79/64 57/132/104 56/133/105 93/80/65
s 101
f 96/76/61 95/91/76 83/92/77 84/77/62
s 102
f 90/71/56 53/130/102 52/134/106 89/72/57
s 103
f 93/80/65 56/133/105 55/135/107 92/93/78
s 104
f 88/87/72 51/136/108 50/126/98 87/88/73
s 105
f 98/85/70 61/137/101 60/116/93 97/75/60
s 106
f 51/136/108 88/87/72 89/72/57 52/134/106
s 107
f 92/93/78 55/135/107 54/131/103 91/83/68
s 108
f 61/129/101 98/99/70 87/88/73 50/126/98
s 109
f 95/91/76 58/121/97 57/132/104 94/79/64
s 110
f 53/130/102 129/138/109 127/139/110 52/134/106
s 111
f 60/116/93 144/140/111 141/141/112 59/117/94
s 112
f 57/132/104 137/142/113 135/143/114 56/133/105
s 113
f 54/131/103 131/144/115 129/138/109 53/130/102
s 114
f 61/137/101 142/145/100 144/140/111 60/116/93
s 115
f 58/121/97 139/146/116 137/142/113 57/132/104
s 116
f 55/135/107 133/147/117 131/144/115 54/131/103
s 117
f 51/136/108 124/148/118 122/127/99 50/126/98
s 118
f 59/117/94 141/141/112 139/146/116 58/121/97
s 119
f 56/133/105 135/143/114 133/147/117 55/135/107
s 120
f 71/110/91 70/119/96 62/149/86
s 121
f 12/62/49 119/150/53 121/151/119 11/44/36
s 122
f 11/44/36 121/151/119 117/152/120 10/45/37
s 123
f 10/45/37 117/152/120 115/64/50 9/49/40
s 125
f 8/56/43 113/65/51 111/153/121 7/57/44
s 126
f 7/57/44 111/153/121 109/68/54 6/59/46
s 128
f 5/55/42 108/69/55 106/154/122 4/54/41
s 129
f 4/54/41 106/154/122 104/97/82 3/58/45
s 130
f 2/60/47 101/98/83 99/66/52 1/61/48
s 205
f 52/134/106 127/139/110 124/148/118 51/136/108
s 287
f 292/155/123 308/156/124 305/157/125
s 288
f 304/158/126 311/159/127 300/160/128
s 289
f 302/161/129 310/162/130 303/163/131
s 290
f 306/164/132 312/165/133 302/161/129
s 291
f 305/157/125 308/156/124 309/166/134
s 292
f 307/167/135 310/162/130 313/168/136
s 293
f 312/165/133 317/169/137 310/162/130
s 294
f 316/170/138 317/169/137 312/165/133
s 295
f 322/171/139 308/172/124 328/173/140
s 296
f 396/174/141 330/175/142 331/176/143
s 297
f 334/177/144 392/178/145 399/179/146
s 298
f 328/173/140 308/180/124 347/181/147
s 299
f 337/182/148 341/183/149 342/184/150
s 300
f 390/185/151 344/186/152 345/187/153
s 301
f 347/181/147 350/188/154 342/184/150
s 302
f 347/189/147 308/190/124 364/191/155
s 303
f 351/192/156 348/193/157 354/194/158
s 304
f 351/192/156 354/194/158 358/195/159
s 305
f 358/195/159 359/196/160 355/197/161
s 306
f 354/194/158 357/198/162 360/199/163
s 307
f 358/195/159 360/199/163 361/200/164
s 308
f 353/201/165 364/191/155 365/202/166
s 309
f 372/203/167 336/204/168 371/205/169
s 310
f 340/206/170 343/207/171 371/208/172
s 311
f 336/204/173 374/209/174 380/210/175
s 312
f 331/176/143 381/211/176 379/212/177
s 313
f 327/213/178 326/214/179 382/215/180
s 314
f 398/216/181 397/217/182 334/177/144
s 315
f 300/160/128 363/218/183 369/219/184
s 316
f 300/160/128 296/220/185 299/221/186
s 317
f 297/222/187 301/223/188 302/161/129
s 318
f 338/224/189 337/182/148 342/184/150 344/186/152
s 319
f 307/167/135 303/163/131 310/162/130
s 320
f 295/225/190 296/220/185 370/226/191
s 321
f 301/223/188 306/164/132 302/161/129
s 322
f 304/158/126 314/227/192 311/159/127
s 323
f 302/161/129 312/165/133 310/162/130
s 324
f 313/168/136 310/162/130 317/169/137
s 325
f 322/171/139 309/166/134 308/156/124
s 326
f 306/164/132 316/170/138 312/165/133
s 327
f 314/227/192 321/228/193 311/159/127
s 328
f 315/229/194 309/166/134 322/171/139
s 329
f 320/230/195 318/231/196 317/169/137
s 330
f 320/230/195 400/232/197 402/233/198
s 331
f 340/206/199 383/234/200 339/235/201
s 332
f 328/173/140 325/236/202 322/171/139
s 333
f 332/237/203 325/236/202 328/173/140
s 334
f 334/177/144 329/238/204 333/239/205
s 335
f 373/240/206 335/241/207 395/242/208
s 336
f 328/173/140 347/181/147 341/183/149
s 337
f 349/243/209 345/187/153 351/244/156
s 338
f 342/184/150 341/183/149 347/181/147
s 339
f 353/201/165 347/189/147 364/191/155
s 340
f 349/245/209 351/192/156 355/197/161
s 341
f 352/246/210 346/247/211 356/248/212
s 342
f 347/189/147 353/201/165 350/249/154
s 343
f 351/192/156 358/195/159 355/197/161
s 344
f 354/194/158 348/193/157 357/198/162
s 345
f 358/195/159 354/194/158 360/199/163
s 346
f 360/199/163 357/198/162 366/250/213
s 347
f 369/219/184 363/218/183 362/251/214
s 348
f 292/155/123 364/191/155 308/156/124
s 349
f 370/226/191 367/252/215 294/253/216
s 350
f 292/155/123 365/202/166 364/191/155
s 351
f 368/254/217 296/220/185 369/219/184
s 352
f 363/218/183 300/160/128 371/255/172
s 353
f 343/207/171 352/256/210 371/257/172
s 354
f 352/246/210 363/218/183 371/258/172
s 355
f 324/259/218 327/213/219 371/260/172
s 356
f 311/159/127 324/259/218 371/261/172
s 357
f 336/204/168 340/206/220 371/262/169
s 358
f 300/160/128 311/159/127 371/263/172
s 359
f 327/213/221 372/203/167 371/264/169
s 360
f 327/213/219 324/259/218 326/214/222
s 361
f 372/203/223 376/265/224 375/266/225
s 362
f 373/240/206 377/267/226 378/268/227
s 363
f 343/207/171 340/206/170 339/235/228
s 364
f 376/265/224 372/203/223 327/213/229
s 365
f 340/206/230 336/204/173 380/210/175
s 366
f 393/269/231 284/270/232 283/271/233
s 367
f 279/272/234 402/273/235 268/274/236
s 368
f 338/224/189 391/275/237 392/178/145
s 369
f 392/276/238 288/277/239 291/278/240
s 370
f 400/279/241 278/280/242 269/281/243
s 371
f 289/282/244 287/283/245 395/284/208
s 372
f 395/284/208 287/283/245 286/285/246
s 373
f 273/286/247 271/287/248 398/288/249
s 374
f 334/177/144 397/217/182 329/238/204
s 375
f 272/289/250 397/290/251 270/291/252
s 376
f 281/292/253 390/293/254 282/294/255
s 377
f 301/223/188 297/222/187 294/253/216 293/295/256
s 378
f 296/220/185 300/160/128 369/219/184
s 379
f 295/225/190 370/226/191 294/253/216
s 380
f 295/225/190 294/253/216 297/222/187 298/296/257
s 381
f 296/220/185 295/225/190 298/296/257 299/221/186
s 382
f 292/155/123 305/157/125 301/223/188 293/295/256
s 383
f 299/221/186 298/296/257 303/163/131 307/167/135
s 384
f 300/160/128 299/221/186 307/167/135 304/158/126
s 385
f 297/222/187 302/161/129 303/163/131 298/296/257
s 386
f 309/166/134 306/164/132 301/223/188 305/157/125
s 387
f 304/158/126 307/167/135 313/168/136 314/227/192
s 388
f 309/166/134 315/229/194 316/170/138 306/164/132
s 389
f 314/227/192 313/168/136 318/231/196 321/228/193
s 390
f 318/231/196 313/168/136 317/169/137
s 391
f 319/297/258 320/230/195 317/169/137 316/170/138
s 392
f 319/297/258 316/170/138 315/229/194
s 393
f 318/231/196 320/230/195 402/233/198 403/298/259
s 394
f 315/229/194 322/171/139 325/236/202
s 395
f 315/229/194 325/236/202 323/299/260 319/297/258
s 396
f 318/231/196 403/298/259 324/259/261 321/228/193
s 397
f 319/297/258 323/299/260 400/232/197 320/230/195
s 398
f 324/259/261 403/298/259 401/300/262 326/214/263
s 399
f 324/259/218 311/159/127 321/228/193
s 400
f 325/236/202 332/237/203 329/238/204 323/299/260
s 401
f 326/214/263 401/300/262 396/174/141 331/176/143
s 402
f 335/241/264 413/301/265 410/302/266 334/303/266
s 403
f 331/176/267 412/304/267 414/305/267 373/240/267
s 404
f 333/239/205 329/238/204 332/237/203
s 405
f 335/241/207 334/303/144 399/179/146 395/242/208
s 406
f 333/239/205 332/237/203 337/182/148 338/224/189
s 407
f 333/239/205 338/224/189 392/178/145 334/177/144
s 408
f 332/237/203 328/173/140 341/183/149 337/182/148
s 409
f 339/235/268 373/240/206 395/242/208 394/306/269
s 410
f 394/306/269 393/307/270 343/207/271 339/235/268
s 411
f 345/187/153 349/243/209 393/307/270 390/185/151
s 412
f 349/243/209 346/308/211 343/207/271 393/307/270
s 413
f 344/186/152 342/184/150 350/188/154 348/309/157
s 414
f 346/308/211 352/256/210 343/207/171
s 415
f 345/187/153 344/186/152 348/309/157 351/244/156
s 416
f 349/245/209 355/197/161 356/248/212 346/247/211
s 417
f 348/193/157 350/249/154 353/201/165 357/198/162
s 418
f 352/246/210 356/248/212 362/251/214 363/218/183
s 419
f 355/197/161 359/196/160 362/251/214 356/248/212
s 420
f 353/201/165 365/202/166 366/250/213 357/198/162
s 421
f 359/196/160 358/195/159 361/200/164
s 422
f 361/200/164 370/226/191 368/254/217 359/196/160
s 423
f 359/196/160 368/254/217 369/219/184 362/251/214
s 424
f 361/200/164 360/199/163 367/252/215 370/226/191
s 425
f 367/252/215 360/199/163 366/250/213
s 426
f 366/250/213 365/202/166 292/155/123 293/295/256
s 427
f 296/220/185 368/254/217 370/226/191
s 428
f 366/250/213 293/295/256 294/253/216 367/252/215
s 429
f 379/310/272 376/311/272 384/312/272 405/313/272
s 430
f 378/268/227 381/211/176 331/176/143 373/240/206
s 431
f 336/204/173 372/203/223 375/266/225 374/209/174
s 432
f 383/234/273 409/314/274 388/315/274 377/267/226
s 433
f 326/214/263 331/176/143 379/212/177 382/215/275
s 434
f 389/316/276 409/314/276 383/234/200 340/206/199
s 435
f 339/235/268 383/234/273 377/267/226 373/240/206
s 436
f 404/317/277 384/318/277 376/265/224 327/213/229
s 437
f 378/268/227 406/319/278 387/320/278 381/211/176
s 438
f 378/321/279 374/322/279 386/323/279 406/324/279
s 439
f 382/215/180 385/325/280 404/317/280 327/213/178
s 440
f 375/266/225 407/326/281 386/327/281 374/209/174
s 441
f 382/215/275 379/212/177 405/328/282 385/325/282
s 442
f 381/329/283 387/330/283 407/331/283 375/332/283
s 443
f 380/210/175 408/333/284 389/316/284 340/206/230
s 444
f 377/334/285 388/335/285 408/336/285 380/337/285
s 445
f 377/267/286 380/337/286 374/209/286 378/268/286
s 446
f 375/266/287 376/265/287 379/310/287 381/211/287
s 447
f 269/281/243 268/274/236 402/273/235 400/279/241
s 448
f 391/275/237 338/224/189 344/186/152 390/185/151
s 449
f 396/338/141 274/339/288 273/286/247 398/288/249
s 450
f 285/340/289 284/341/232 393/342/231 394/343/269
s 451
f 399/344/290 290/345/291 289/282/244 395/284/208
s 452
f 403/346/292 277/347/293 276/348/294 401/349/262
s 453
f 390/293/254 393/269/231 283/271/233 282/294/255
s 454
f 394/343/269 395/284/208 286/285/246 285/340/289
s 455
f 397/290/251 272/289/250 278/280/242 400/279/241
s 456
f 390/350/254 281/351/253 280/352/295 391/353/296
s 457
f 391/353/296 280/352/295 288/277/239 392/276/238
s 458
f 291/278/240 290/345/291 399/344/290 392/276/238
s 459
f 330/175/142 396/174/141 398/216/181 334/177/144
s 460
f 277/347/293 403/346/292 402/273/235 279/272/234
s 461
f 401/349/262 276/348/294 275/354/297 396/355/141
s 462
f 271/287/248 270/356/252 397/357/251 398/288/249
s 463
f 323/299/260 329/238/204 397/217/182 400/232/197
s 464
f 275/354/297 274/358/288 396/355/141
s 465
f 407/326/298 387/320/298 406/319/298 386/327/298
s 466
f 385/325/299 405/328/299 384/318/299 404/317/299
s 467
f 408/333/300 388/315/300 409/314/300 389/316/300
s 468
f 330/175/301 334/177/302 410/359/302 411/360/303
s 469
f 335/241/264 373/240/304 414/305/304 413/301/265
s 470
f 330/175/301 411/360/303 412/304/305 331/176/305
s 497
f 441/361/306 457/362/307 454/363/308
s 498
f 453/364/309 460/365/310 449/366/311
s 499
f 451/367/312 459/368/313 452/369/314
s 500
f 455/370/315 461/371/316 451/367/312
s 501
f 454/363/308 457/362/307 458/372/317
s 502
f 456/373/318 459/368/313 462/374/319
s 503
f 461/371/316 466/375/320 459/368/313
s 504
f 465/376/321 466/375/320 461/371/316
s 505
f 471/377/322 457/378/307 477/379/323
s 506
f 545/380/324 479/381/325 480/382/326
s 507
f 483/383/327 541/384/328 548/385/329
s 508
f 477/379/323 457/386/307 496/387/330
s 509
f 486/388/331 490/389/332 491/390/333
s 510
f 539/391/334 493/392/335 494/393/336
s 511
f 496/387/330 499/394/337 491/390/333
s 512
f 496/395/330 457/396/307 513/397/338
s 513
f 500/398/339 497/399/340 503/400/341
s 514
f 500/398/339 503/400/341 507/401/342
s 515
f 507/401/342 508/402/343 504/403/344
s 516
f 503/400/341 506/404/345 509/405/346
s 517
f 507/401/342 509/405/346 510/406/347
s 518
f 502/407/348 513/397/338 514/408/349
s 519
f 521/409/350 485/410/351 520/411/352
s 520
f 489/412/353 492/413/354 520/414/355
s 521
f 485/410/356 523/415/357 529/416/358
s 522
f 480/382/326 530/417/359 528/418/360
s 523
f 476/419/361 475/420/362 531/421/363
s 524
f 547/422/364 546/423/365 483/383/327
s 525
f 449/366/311 512/424/366 518/425/367
s 526
f 449/366/311 445/426/368 448/427/369
s 527
f 446/428/370 450/429/371 451/367/312
s 528
f 487/430/372 486/388/331 491/390/333 493/392/335
s 529
f 456/373/318 452/369/314 459/368/313
s 530
f 444/431/373 445/426/368 519/432/374
s 531
f 450/429/371 455/370/315 451/367/312
s 532
f 453/364/309 463/433/375 460/365/310
s 533
f 451/367/312 461/371/316 459/368/313
s 534
f 462/374/319 459/368/313 466/375/320
s 535
f 471/377/322 458/372/317 457/362/307
s 536
f 455/370/315 465/376/321 461/371/316
s 537
f 463/433/375 470/434/376 460/365/310
s 538
f 464/435/377 458/372/317 471/377/322
s 539
f 469/436/378 467/437/379 466/375/320
s 540
f 469/436/378 549/438/380 551/439/381
s 541
f 489/412/382 532/440/383 488/441/384
s 542
f 477/379/323 474/442/385 471/377/322
s 543
f 481/443/386 474/442/385 477/379/323
s 544
f 483/383/327 478/444/387 482/445/388
s 545
f 522/446/389 484/447/390 544/448/391
s 546
f 477/379/323 496/387/330 490/389/332
s 547
f 498/449/392 494/393/336 500/450/339
s 548
f 491/390/333 490/389/332 496/387/330
s 549
f 502/407/348 496/395/330 513/397/338
s 550
f 498/451/392 500/398/339 504/403/344
s 551
f 501/452/393 495/453/394 505/454/395
s 552
f 496/395/330 502/407/348 499/455/337
s 553
f 500/398/339 507/401/342 504/403/344
s 554
f 503/400/341 497/399/340 506/404/345
s 555
f 507/401/342 503/400/341 509/405/346
s 556
f 509/405/346 506/404/345 515/456/396
s 557
f 518/425/367 512/424/366 511/457/397
s 558
f 441/361/306 513/397/338 457/362/307
s 559
f 519/432/374 516/458/398 443/459/399
s 560
f 441/361/306 514/408/349 513/397/338
s 561
f 517/460/400 445/426/368 518/425/367
s 562
f 512/424/366 449/366/311 520/461/355
s 563
f 492/413/354 501/462/393 520/463/355
s 564
f 501/452/393 512/424/366 520/464/355
s 565
f 473/465/401 476/419/402 520/466/355
s 566
f 460/365/310 473/465/401 520/467/355
s 567
f 485/410/351 489/412/403 520/468/352
s 568
f 449/366/311 460/365/310 520/469/355
s 569
f 476/419/404 521/409/350 520/470/352
s 570
f 476/419/402 473/465/401 475/420/405
s 571
f 521/409/406 525/471/407 524/472/408
s 572
f 522/446/389 526/473/409 527/474/410
s 573
f 492/413/354 489/412/353 488/441/411
s 574
f 525/471/407 521/409/406 476/419/412
s 575
f 489/412/413 485/410/356 529/416/358
s 576
f 542/475/414 433/476/415 432/477/416
s 577
f 428/478/417 551/479/418 417/480/419
s 578
f 487/430/372 540/481/420 541/384/328
s 579
f 541/482/421 437/483/422 440/484/423
s 580
f 549/485/424 427/486/425 418/487/426
s 581
f 438/488/427 436/489/428 544/490/391
s 582
f 544/490/391 436/489/428 435/491/429
s 583
f 422/492/430 420/493/431 547/494/432
s 584
f 483/383/327 546/423/365 478/444/387
s 585
f 421/495/433 546/496/434 419/497/435
s 586
f 430/498/436 539/499/437 431/500/438
s 587
f 450/429/371 446/428/370 443/459/399 442/501/439
s 588
f 445/426/368 449/366/311 518/425/367
s 589
f 444/431/373 519/432/374 443/459/399
s 590
f 444/431/373 443/459/399 446/428/370 447/502/440
s 591
f 445/426/368 444/431/373 447/502/440 448/427/369
s 592
f 441/361/306 454/363/308 450/429/371 442/501/439
s 593
f 448/427/369 447/502/440 452/369/314 456/373/318
s 594
f 449/366/311 448/427/369 456/373/318 453/364/309
s 595
f 446/428/370 451/367/312 452/369/314 447/502/440
s 596
f 458/372/317 455/370/315 450/429/371 454/363/308
s 597
f 453/364/309 456/373/318 462/374/319 463/433/375
s 598
f 458/372/317 464/435/377 465/376/321 455/370/315
s 599
f 463/433/375 462/374/319 467/437/379 470/434/376
s 600
f 467/437/379 462/374/319 466/375/320
s 601
f 468/503/441 469/436/378 466/375/320 465/376/321
s 602
f 468/503/441 465/376/321 464/435/377
s 603
f 467/437/379 469/436/378 551/439/381 552/504/442
s 604
f 464/435/377 471/377/322 474/442/385
s 605
f 464/435/377 474/442/385 472/505/443 468/503/441
s 606
f 467/437/379 552/504/442 473/465/444 470/434/376
s 607
f 468/503/441 472/505/443 549/438/380 469/436/378
s 608
f 473/465/444 552/504/442 550/506/445 475/420/446
s 609
f 473/465/401 460/365/310 470/434/376
s 610
f 474/442/385 481/443/386 478/444/387 472/505/443
s 611
f 475/420/446 550/506/445 545/380/324 480/382/326
s 612
f 484/447/447 562/507/448 559/508/449 483/509/449
s 613
f 480/382/450 561/510/450 563/511/450 522/446/450
s 614
f 482/445/388 478/444/387 481/443/386
s 615
f 484/447/390 483/509/327 548/385/329 544/448/391
s 616
f 482/445/388 481/443/386 486/388/331 487/430/372
s 617
f 482/445/388 487/430/372 541/384/328 483/383/327
s 618
f 481/443/386 477/379/323 490/389/332 486/388/331
s 619
f 488/441/451 522/446/389 544/448/391 543/512/452
s 620
f 543/512/452 542/513/453 492/413/454 488/441/451
s 621
f 494/393/336 498/449/392 542/513/453 539/391/334
s 622
f 498/449/392 495/514/394 492/413/454 542/513/453
s 623
f 493/392/335 491/390/333 499/394/337 497/515/340
s 624
f 495/514/394 501/462/393 492/413/354
s 625
f 494/393/336 493/392/335 497/515/340 500/450/339
s 626
f 498/451/392 504/403/344 505/454/395 495/453/394
s 627
f 497/399/340 499/455/337 502/407/348 506/404/345
s 628
f 501/452/393 505/454/395 511/457/397 512/424/366
s 629
f 504/403/344 508/402/343 511/457/397 505/454/395
s 630
f 502/407/348 514/408/349 515/456/396 506/404/345
s 631
f 508/402/343 507/401/342 510/406/347
s 632
f 510/406/347 519/432/374 517/460/400 508/402/343
s 633
f 508/402/343 517/460/400 518/425/367 511/457/397
s 634
f 510/406/347 509/405/346 516/458/398 519/432/374
s 635
f 516/458/398 509/405/346 515/456/396
s 636
f 515/456/396 514/408/349 441/361/306 442/501/439
s 637
f 445/426/368 517/460/400 519/432/374
s 638
f 515/456/396 442/501/439 443/459/399 516/458/398
s 639
f 528/516/455 525/517/455 533/518/455 554/519/455
s 640
f 527/474/410 530/417/359 480/382/326 522/446/389
s 641
f 485/410/356 521/409/406 524/472/408 523/415/357
s 642
f 532/440/456 558/520/457 537/521/457 526/473/409
s 643
f 475/420/446 480/382/326 528/418/360 531/421/458
s 644
f 538/522/459 558/520/459 532/440/383 489/412/382
s 645
f 488/441/451 532/440/456 526/473/409 522/446/389
s 646
f 553/523/460 533/524/460 525/471/407 476/419/412
s 647
f 527/474/410 555/525/461 536/526/461 530/417/359
s 648
f 527/527/462 523/528/462 535/529/462 555/530/462
s 649
f 531/421/363 534/531/463 553/523/463 476/419/361
s 650
f 524/472/408 556/532/464 535/533/464 523/415/357
s 651
f 531/421/458 528/418/360 554/534/465 534/531/465
s 652
f 530/535/466 536/536/466 556/537/466 524/538/466
s 653
f 529/416/358 557/539/467 538/522/467 489/412/413
s 654
f 526/540/468 537/541/468 557/542/468 529/543/468
s 655
f 526/473/469 529/543/469 523/415/469 527/474/469
s 656
f 524/472/470 525/471/470 528/516/470 530/417/470
s 657
f 418/487/426 417/480/419 551/479/418 549/485/424
s 658
f 540/481/420 487/430/372 493/392/335 539/391/334
s 659
f 545/544/324 423/545/471 422/492/430 547/494/432
s 660
f 434/546/472 433/547/415 542/548/414 543/549/452
s 661
f 548/550/473 439/551/474 438/488/427 544/490/391
s 662
f 552/552/475 426/553/476 425/554/477 550/555/445
s 663
f 539/499/437 542/475/414 432/477/416 431/500/438
s 664
f 543/549/452 544/490/391 435/491/429 434/546/472
s 665
f 546/496/434 421/495/433 427/486/425 549/485/424
s 666
f 539/556/437 430/557/436 429/558/478 540/559/479
s 667
f 540/559/479 429/558/478 437/483/422 541/482/421
s 668
f 440/484/423 439/551/474 548/550/473 541/482/421
s 669
f 479/381/325 545/380/324 547/422/364 483/383/327
s 670
f 426/553/476 552/552/475 551/479/418 428/478/417
s 671
f 550/555/445 425/554/477 424/560/480 545/561/324
s 672
f 420/493/431 419/562/435 546/563/434 547/494/432
s 673
f 472/505/443 478/444/387 546/423/365 549/438/380
s 674
f 424/560/480 423/564/471 545/561/324
s 675
f 556/532/481 536/526/481 555/525/481 535/533/481
s 676
f 534/531/482 554/534/482 533/524/482 553/523/482
s 677
f 557/539/483 537/521/483 558/520/483 538/522/483
s 678
f 479/381/484 483/383/485 559/565/485 560/566/486
s 679
f 484/447/447 522/446/487 563/511/487 562/507/448
s 680
f 479/381/484 560/566/486 561/510/488 480/382/488
s 707
f 590/567/489 606/568/490 603/569/491
s 708
f 602/570/492 609/571/493 598/572/494
s 709
f 600/573/495 608/574/496 601/575/497
s 710
f 604/576/498 610/577/499 600/573/495
s 711
f 603/569/491 606/568/490 607/578/500
s 712
f 605/579/501 608/574/496 611/580/502
s 713
f 610/577/499 615/581/503 608/574/496
s 714
f 614/582/504 615/581/503 610/577/499
s 715
f 620/583/505 606/584/490 626/585/506
s 716
f 694/586/507 628/587/508 629/588/509
s 717
f 632/589/510 690/590/511 697/591/512
s 718
f 626/585/506 606/592/490 645/593/513
s 719
f 635/594/514 639/595/515 640/596/516
s 720
f 688/597/517 642/598/518 643/599/519
s 721
f 645/593/513 648/600/520 640/596/516
s 722
f 645/601/513 606/602/490 662/603/521
s 723
f 649/604/522 646/605/523 652/606/524
s 724
f 649/604/522 652/606/524 656/607/525
s 725
f 656/607/525 657/608/526 653/609/527
s 726
f 652/606/524 655/610/528 658/611/529
s 727
f 656/607/525 658/611/529 659/612/530
s 728
f 651/613/531 662/603/521 663/614/532
s 729
f 670/615/533 634/616/534 669/617/535
s 730
f 638/618/536 641/619/537 669/620/538
s 731
f 634/616/539 672/621/540 678/622/541
s 732
f 629/588/509 679/623/542 677/624/543
s 733
f 625/625/544 624/626/545 680/627/546
s 734
f 696/628/547 695/629/548 632/589/510
s 735
f 598/572/549 661/630/550 667/631/551
s 736
f 598/572/549 594/632/552 597/633/553
s 737
f 595/634/554 599/635/555 600/573/495
s 738
f 636/636/556 635/594/514 640/596/516 642/598/518
s 739
f 605/579/501 601/575/497 608/574/496
s 740
f 593/637/557 594/632/552 668/638/558
s 741
f 599/635/555 604/576/498 600/573/495
s 742
f 602/570/492 612/639/559 609/571/493
s 743
f 600/573/495 610/577/499 608/574/496
s 744
f 611/580/502 608/574/496 615/581/503
s 745
f 620/583/505 607/578/500 606/568/490
s 746
f 604/576/498 614/582/504 610/577/499
s 747
f 612/639/559 619/640/560 609/571/493
s 748
f 613/641/561 607/578/500 620/583/505
s 749
f 618/642/562 616/643/563 615/581/503
s 750
f 618/642/562 698/644/564 700/645/565
s 751
f 638/618/566 681/646/567 637/647/568
s 752
f 626/585/506 623/648/569 620/583/505
s 753
f 630/649/570 623/648/569 626/585/506
s 754
f 632/589/510 627/650/571 631/651/572
s 755
f 671/652/573 633/653/574 693/654/575
s 756
f 626/585/506 645/593/513 639/595/515
s 757
f 647/655/576 643/599/519 649/656/522
s 758
f 640/596/516 639/595/515 645/593/513
s 759
f 651/613/531 645/601/513 662/603/521
s 760
f 647/657/576 649/604/522 653/609/527
s 761
f 650/658/577 644/659/578 654/660/579
s 762
f 645/601/513 651/613/531 648/661/520
s 763
f 649/604/522 656/607/525 653/609/527
s 764
f 652/606/524 646/605/523 655/610/528
s 765
f 656/607/525 652/606/524 658/611/529
s 766
f 658/611/529 655/610/528 664/662/580
s 767
f 667/631/551 661/630/550 660/663/581
s 768
f 590/567/489 662/603/521 606/568/490
s 769
f 668/638/558 665/664/582 592/665/583
s 770
f 590/567/489 663/614/532 662/603/521
s 771
f 666/666/584 594/632/552 667/631/551
s 772
f 661/630/585 598/572/494 669/667/538
s 773
f 641/619/537 650/668/577 669/669/538
s 774
f 650/658/577 661/630/585 669/670/538
s 775
f 622/671/586 625/625/587 669/672/538
s 776
f 609/571/493 622/671/586 669/673/538
s 777
f 634/616/534 638/618/588 669/674/535
s 778
f 598/572/494 609/571/493 669/675/538
s 779
f 625/625/589 670/615/533 669/676/535
s 780
f 625/625/587 622/671/586 624/626/590
s 781
f 670/615/591 674/677/592 673/678/593
s 782
f 671/652/573 675/679/594 676/680/595
s 783
f 641/619/537 638/618/536 637/647/596
s 784
f 674/677/592 670/615/591 625/625/597
s 785
f 638/618/598 634/616/539 678/622/541
s 786
f 691/681/599 582/682/600 581/683/601
s 787
f 577/684/602 700/685/603 566/686/604
s 788
f 636/636/556 689/687/605 690/590/511
s 789
f 690/688/606 586/689/607 589/690/608
s 790
f 698/691/609 576/692/610 567/693/611
s 791
f 587/694/612 585/695/613 693/696/575
s 792
f 693/696/575 585/695/613 584/697/614
s 793
f 571/698/615 569/699/616 696/700/617
s 794
f 632/589/510 695/629/548 627/650/571
s 795
f 570/701/618 695/702/619 568/703/620
s 796
f 579/704/621 688/705/622 580/706/623
s 797
f 599/635/555 595/634/554 592/665/583 591/707/624
s 798
f 594/632/552 598/572/549 667/631/551
s 799
f 593/637/557 668/638/558 592/665/583
s 800
f 593/637/557 592/665/583 595/634/554 596/708/625
s 801
f 594/632/552 593/637/557 596/708/625 597/633/553
s 802
f 590/567/489 603/569/491 599/635/555 591/707/624
s 803
f 597/633/626 596/708/627 601/575/497 605/579/501
s 804
f 598/572/494 597/633/626 605/579/501 602/570/492
s 805
f 595/634/554 600/573/495 601/575/497 596/708/627
s 806
f 607/578/500 604/576/498 599/635/555 603/569/491
s 807
f 602/570/492 605/579/501 611/580/502 612/639/559
s 808
f 607/578/500 613/641/561 614/582/504 604/576/498
s 809
f 612/639/559 611/580/502 616/643/563 619/640/560
s 810
f 616/643/563 611/580/502 615/581/503
s 811
f 617/709/628 618/642/562 615/581/503 614/582/504
s 812
f 617/709/628 614/582/504 613/641/561
s 813
f 616/643/563 618/642/562 700/645/565 701/710/629
s 814
f 613/641/561 620/583/505 623/648/569
s 815
f 613/641/561 623/648/569 621/711/630 617/709/628
s 816
f 616/643/563 701/710/629 622/671/631 619/640/560
s 817
f 617/709/628 621/711/630 698/644/564 618/642/562
s 818
f 622/671/631 701/710/629 699/712/632 624/626/633
s 819
f 622/671/586 609/571/493 619/640/560
s 820
f 623/648/569 630/649/570 627/650/571 621/711/630
s 821
f 624/626/633 699/712/632 694/586/507 629/588/509
s 822
f 633/653/634 711/713/635 708/714/636 632/715/636
s 823
f 629/588/637 710/716/637 712/717/637 671/652/637
s 824
f 631/651/572 627/650/571 630/649/570
s 825
f 633/653/574 632/715/510 697/591/512 693/654/575
s 826
f 631/651/572 630/649/570 635/594/514 636/636/556
s 827
f 631/651/572 636/636/556 690/590/511 632/589/510
s 828
f 630/649/570 626/585/506 639/595/515 635/594/514
s 829
f 637/647/638 671/652/573 693/654/575 692/718/639
s 830
f 692/718/639 691/719/640 641/619/641 637/647/638
s 831
f 643/599/519 647/655/576 691/719/640 688/597/517
s 832
f 647/655/576 644/720/578 641/619/641 691/719/640
s 833
f 642/598/518 640/596/516 648/600/520 646/721/523
s 834
f 644/720/578 650/668/577 641/619/537
s 835
f 643/599/519 642/598/518 646/721/523 649/656/522
s 836
f 647/657/576 653/609/527 654/660/579 644/659/578
s 837
f 646/605/523 648/661/520 651/613/531 655/610/528
s 838
f 650/658/577 654/660/579 660/663/642 661/630/585
s 839
f 653/609/527 657/608/526 660/663/581 654/660/579
s 840
f 651/613/531 663/614/532 664/662/580 655/610/528
s 841
f 657/608/526 656/607/525 659/612/530
s 842
f 659/612/530 668/638/558 666/666/584 657/608/526
s 843
f 657/608/526 666/666/584 667/631/551 660/663/581
s 844
f 659/612/530 658/611/529 665/664/582 668/638/558
s 845
f 665/664/582 658/611/529 664/662/580
s 846
f 664/662/580 663/614/532 590/567/489 591/707/624
s 847
f 594/632/552 666/666/584 668/638/558
s 848
f 664/662/580 591/707/624 592/665/583 665/664/582
s 849
f 677/722/643 674/723/643 682/724/643 703/725/643
s 850
f 676/680/595 679/623/542 629/588/509 671/652/573
s 851
f 634/616/539 670/615/591 673/678/593 672/621/540
s 852
f 681/646/644 707/726/645 686/727/645 675/679/594
s 853
f 624/626/633 629/588/509 677/624/543 680/627/646
s 854
f 687/728/647 707/726/647 681/646/567 638/618/566
s 855
f 637/647/638 681/646/644 675/679/594 671/652/573
s 856
f 702/729/648 682/730/648 674/677/592 625/625/597
s 857
f 676/680/595 704/731/649 685/732/649 679/623/542
s 858
f 676/733/650 672/734/650 684/735/650 704/736/650
s 859
f 680/627/546 683/737/651 702/729/651 625/625/544
s 860
f 673/678/593 705/738/652 684/739/652 672/621/540
s 861
f 680/627/646 677/624/543 703/740/653 683/737/653
s 862
f 679/741/654 685/742/654 705/743/654 673/744/654
s 863
f 678/622/541 706/745/655 687/728/655 638/618/598
s 864
f 675/746/656 686/747/656 706/748/656 678/749/656
s 865
f 675/679/657 678/749/657 672/621/657 676/680/657
s 866
f 673/678/658 674/677/658 677/722/658 679/623/658
s 867
f 567/693/611 566/686/604 700/685/603 698/691/609
s 868
f 689/687/605 636/636/556 642/598/518 688/597/517
s 869
f 694/750/507 572/751/659 571/698/615 696/700/617
s 870
f 583/752/660 582/753/600 691/754/599 692/755/639
s 871
f 697/756/661 588/757/662 587/694/612 693/696/575
s 872
f 701/758/663 575/759/664 574/760/665 699/761/632
s 873
f 688/705/622 691/681/599 581/683/601 580/706/623
s 874
f 692/755/639 693/696/575 584/697/614 583/752/660
s 875
f 695/702/619 570/701/618 576/692/610 698/691/609
s 876
f 688/762/622 579/763/621 578/764/666 689/765/667
s 877
f 689/765/667 578/764/666 586/689/607 690/688/606
s 878
f 589/690/608 588/757/662 697/756/661 690/688/606
s 879
f 628/587/508 694/586/507 696/628/547 632/589/510
s 880
f 575/759/664 701/758/663 700/685/603 577/684/602
s 881
f 699/761/632 574/760/665 573/766/668 694/767/507
s 882
f 569/699/616 568/768/620 695/769/619 696/700/617
s 883
f 621/711/630 627/650/571 695/629/548 698/644/564
s 884
f 573/766/668 572/770/659 694/767/507
s 885
f 705/738/669 685/732/669 704/731/669 684/739/669
s 886
f 683/737/670 703/740/670 682/730/670 702/729/670
s 887
f 706/745/671 686/727/671 707/726/671 687/728/671
s 888
f 628/587/672 632/589/673 708/771/673 709/772/674
s 889
f 633/653/634 671/652/675 712/717/675 711/713/635
s 890
f 628/587/672 709/772/674 710/716/676 629/588/676
usemtl Red
s 11
f 148/773/677 132/774/678 134/775/679 180/776/680
s 38
f 156/777/681 126/778/682 128/779/683 153/780/684
s 50
f 177/781/685 136/782/686 138/783/687 174/784/688
s 51
f 181/785/689 107/786/690 185/787/691 192/788/689
s 52
f 159/789/692 125/790/693 126/791/682 156/792/681
s 53
f 180/793/680 134/794/679 136/795/686 177/796/685
s 56
f 153/797/684 128/798/683 130/799/694 147/800/695
s 57
f 174/801/688 138/802/687 140/803/696 171/804/697
s 58
f 165/805/698 123/806/699 162/807/700
s 124
f 171/808/697 140/809/696 143/810/701 168/811/702
s 127
f 162/812/700 123/813/699 125/814/693 159/815/692
s 131
f 119/67/53 99/66/52 100/816/703 118/817/704
s 132
f 99/66/52 101/98/83 102/818/705 100/819/703
s 133
f 121/151/706 119/150/53 118/820/704 120/821/707
s 134
f 117/152/708 121/151/706 120/822/707 116/823/709
s 135
f 115/64/710 117/152/708 116/824/709 114/825/711
s 136
f 113/65/712 115/64/710 114/826/711 112/827/713
s 137
f 111/153/714 113/65/712 112/828/713 110/829/715
s 138
f 109/68/716 111/153/714 110/830/715 107/831/690
s 139
f 108/69/717 109/68/716 107/832/690
s 140
f 106/154/122 108/69/717 107/833/690 105/834/718
s 141
f 104/97/82 106/154/122 105/835/718 103/836/719
s 142
f 101/98/83 104/97/82 103/837/719 102/838/705
s 143
f 142/128/720 122/127/721 123/839/722
s 144
f 122/127/721 124/148/118 125/840/723 123/841/722
s 145
f 144/140/724 142/145/720 123/842/722 143/843/725
s 146
f 141/141/726 144/140/724 143/844/725 140/845/727
s 147
f 139/146/728 141/141/726 140/846/727 138/847/729
s 148
f 137/142/730 139/146/728 138/848/729 136/849/731
s 149
f 135/143/732 137/142/730 136/850/731 134/851/733
s 150
f 133/147/117 135/143/732 134/852/733 132/853/734
s 151
f 131/144/115 133/147/117 132/853/734 130/854/735
s 152
f 129/138/109 131/144/115 130/855/735 128/856/736
s 153
f 127/139/110 129/138/109 128/857/736 126/858/737
s 154
f 124/148/118 127/139/110 126/859/737 125/860/723
s 155
f 147/861/695 130/862/694 132/863/678 148/864/677
s 156
f 100/865/738 145/866/739 150/867/740 118/868/741
s 157
f 145/866/739 146/869/742 149/870/743 150/867/740
s 158
f 146/869/742 147/861/695 148/864/677 149/870/743
s 159
f 107/871/744 160/872/745 157/873/746 105/874/747
s 160
f 160/872/745 161/875/748 158/876/749 157/873/746
s 161
f 161/875/748 162/812/700 159/815/692 158/876/749
s 162
f 112/877/750 169/878/751 166/879/752 110/880/753
s 163
f 169/878/751 170/881/754 167/882/755 166/879/752
s 164
f 170/881/754 171/808/697 168/811/702 167/882/755
s 165
f 107/883/744 163/884/756 160/885/745
s 166
f 163/884/756 164/886/757 161/887/748 160/885/745
s 167
f 164/886/757 165/805/698 162/807/700 161/887/748
s 168
f 114/888/758 172/889/759 169/890/751 112/891/750
s 169
f 172/889/759 173/892/760 170/893/754 169/890/751
s 170
f 173/892/760 174/801/688 171/804/697 170/893/754
s 171
f 102/894/761 151/895/762 145/896/739 100/897/738
s 172
f 151/895/762 152/898/763 146/899/742 145/896/739
s 173
f 152/898/763 153/797/684 147/800/695 146/899/742
s 174
f 120/900/764 178/901/765 175/902/766 116/903/767
s 175
f 178/901/765 179/904/768 176/905/769 175/902/766
s 176
f 179/904/768 180/793/680 177/796/685 176/905/769
s 177
f 105/906/747 157/907/746 154/908/770 103/909/771
s 178
f 157/907/746 158/910/749 155/911/772 154/908/770
s 179
f 158/910/749 159/789/692 156/792/681 155/911/772
s 180
f 214/912/773 183/913/774 184/914/775
s 181
f 143/843/725 123/842/722 186/915/776
s 182
f 116/916/767 175/917/766 172/918/759 114/919/758
s 183
f 175/917/766 176/920/769 173/892/760 172/918/759
s 184
f 176/920/769 177/781/685 174/784/688 173/892/760
s 185
f 103/921/771 154/922/770 151/923/762 102/924/761
s 186
f 154/922/770 155/911/772 152/925/763 151/923/762
s 187
f 155/911/772 156/777/681 153/780/684 152/925/763
s 188
f 118/926/741 150/927/740 178/928/765 120/929/764
s 189
f 150/927/740 149/930/743 179/931/768 178/928/765
s 190
f 149/930/743 148/773/677 180/776/680 179/931/768
s 191
f 107/831/690 110/830/715 185/932/691
s 192
f 182/933/777 184/914/778 190/934/779 191/935/777
s 193
f 184/914/778 183/913/780 193/936/780 190/934/779
s 194
f 168/937/702 143/938/701 186/939/781 187/940/782
s 195
f 110/941/753 166/942/752 188/943/783 185/944/784
s 196
f 166/942/752 167/945/755 189/946/785 188/943/783
s 197
f 167/945/755 168/937/702 187/940/782 189/946/785
s 198
f 218/947/786 182/933/786 191/935/786 221/948/786
s 199
f 188/949/783 189/950/785 193/951/787 215/952/788 217/953/789
s 200
f 185/954/784 188/949/783 217/953/789 216/955/790 192/956/790
s 201
f 219/957/791 218/947/792 221/958/793
s 202
f 214/912/794 181/785/794 192/788/794 216/959/794
s 203
f 183/913/780 214/912/795 215/960/795 193/936/780
s 204
f 165/805/796 164/886/796 163/884/796 107/883/796 181/785/797 182/933/798 218/947/796 123/961/796
s 227
f 217/953/799 214/912/799 216/955/799
s 228
f 214/912/800 217/953/800 215/960/800
s 229
f 184/914/775 182/933/798 181/785/797 214/912/773
s 230
f 219/957/791 221/958/793 191/962/801 190/963/802
s 231
f 123/961/722 218/947/803 220/964/803 186/965/776
s 232
f 189/950/785 187/966/782 219/967/791 190/968/802 193/951/787
s 233
f 218/947/804 219/957/804 220/964/804
s 234
f 186/939/781 220/969/805 219/970/791 187/940/782
usemtl BrownDark
s off
f 715/971/806 716/972/806 718/973/806 717/974/806
f 717/974/807 718/973/807 722/975/807 721/976/807
f 721/976/808 722/975/808 720/977/808 719/978/808
f 719/978/809 720/977/809 716/979/809 715/980/809
f 717/981/810 721/976/810 719/978/810 715/982/810
f 722/975/811 718/983/811 716/984/811 720/977/811
f 723/985/812 724/986/812 726/987/812 725/988/812
f 725/988/813 726/987/813 730/989/813 729/990/813
f 729/990/814 730/989/814 728/991/814 727/992/814
f 727/992/815 728/991/815 724/993/815 723/994/815
f 725/995/816 729/990/816 727/992/816 723/996/816
f 730/989/817 726/997/817 724/998/817 728/991/817
f 731/999/818 732/1000/818 734/1001/818 733/1002/818
f 733/1002/819 734/1001/819 738/1003/819 737/1004/819
f 737/1004/820 738/1003/820 736/1005/820 735/1006/820
f 735/1006/821 736/1005/821 732/1007/821 731/1008/821
f 733/1009/822 737/1004/822 735/1006/822 731/1010/822
f 738/1003/823 734/1011/823 732/1012/823 736/1005/823
s 206
f 197/1013/824 195/1014/824 213/1015/824 211/1016/824 209/1017/824 207/1018/824 205/1019/824 203/1020/824 201/1021/824 199/1022/824
s 208
f 239/1023/825 222/1024/826 211/1025/826 213/1026/825
s 209
f 236/1027/827 241/1028/828 195/1029/828 197/1030/827
s 210
f 230/1031/829 233/1032/830 201/1033/830 203/1034/829
s 211
f 195/1035/828 241/1036/828 239/1023/825 213/1026/825
s 212
f 224/1037/831 227/1038/832 207/1039/832 209/1040/831
s 221
f 234/1041/833 236/1027/827 197/1030/827 199/1042/833
s 222
f 227/1038/832 228/1043/834 205/1044/834 207/1039/832
s 224
f 233/1032/830 234/1041/833 199/1042/833 201/1033/830
s 226
f 228/1043/834 230/1031/829 203/1034/829 205/1044/834
s 245
f 222/1024/826 224/1037/831 209/1040/831 211/1025/826
usemtl Metal
s 207
f 194/1045/835 196/1046/835 198/1047/835 200/1048/835 202/1049/835 204/1050/835 206/1051/835 208/1052/835 210/1053/835 212/1054/835
s 213
f 212/1055/836 210/1056/837 223/1057/837 238/1058/836
s 214
f 208/1059/838 206/1060/839 226/1061/839 225/1062/838
s 215
f 206/1060/839 204/1063/840 229/1064/840 226/1061/839
s 216
f 204/1063/840 202/1065/841 231/1066/841 229/1064/840
s 217
f 202/1065/841 200/1067/842 232/1068/842 231/1066/841
s 218
f 200/1067/842 198/1069/843 235/1070/843 232/1068/842
s 219
f 210/1056/837 208/1059/838 225/1062/838 223/1057/837
s 220
f 198/1069/843 196/1071/844 237/1072/844 235/1070/843
s 223
f 240/1073/845 194/1074/845 212/1055/836 238/1058/836
s 225
f 196/1071/844 194/1075/845 240/1076/845 237/1072/844
s 235
f 241/1028/846 236/1027/847 237/1072/847 240/1076/846
s 236
f 236/1027/847 234/1041/848 235/1070/848 237/1072/847
s 237
f 233/1032/849 230/1031/850 231/1066/850 232/1068/849
s 238
f 230/1031/850 228/1043/851 229/1064/851 231/1066/850
s 239
f 227/1038/852 224/1037/853 225/1062/853 226/1061/852
s 240
f 224/1037/853 222/1024/854 223/1057/854 225/1062/853
s 241
f 240/1073/846 238/1058/855 239/1023/855 241/1036/846
s 242
f 222/1024/854 239/1023/855 238/1058/855 223/1057/854
s 243
f 228/1043/851 227/1038/852 226/1061/852 229/1064/851
s 244
f 234/1041/848 233/1032/849 232/1068/849 235/1070/848
usemtl Brown
s 246
f 242/1077/856 258/1078/857 263/1079/858
s 247
f 243/1080/859 259/1081/860 265/1082/861
s 248
f 244/1083/862 260/1084/863 266/1085/864
s 249
f 245/1086/865 261/1087/866 267/1088/867
s 250
f 246/1089/868 262/1090/869 264/1091/870
s 251
f 264/1091/870 267/1092/867 247/1093/824
s 252
f 264/1091/870 262/1090/869 267/1092/867
s 253
f 262/1090/869 245/1086/865 267/1092/867
s 254
f 267/1088/867 266/1094/864 247/1095/824
s 255
f 267/1088/867 261/1087/866 266/1094/864
s 256
f 261/1087/866 244/1083/862 266/1094/864
s 257
f 266/1085/864 265/1096/861 247/1097/824
s 258
f 266/1085/864 260/1084/863 265/1096/861
s 259
f 260/1084/863 243/1098/859 265/1096/861
s 260
f 265/1082/861 263/1099/858 247/1100/824
s 261
f 265/1082/861 259/1081/860 263/1099/858
s 262
f 259/1081/860 242/1077/856 263/1099/858
s 263
f 263/1079/858 264/1101/870 247/1102/824
s 264
f 263/1079/858 258/1078/857 264/1101/870
s 265
f 258/1078/857 246/1089/868 264/1101/870
s 266
f 249/1103/871 262/1090/869 246/1089/868
s 267
f 249/1103/871 256/1104/872 262/1090/869
s 268
f 256/1104/872 245/1086/865 262/1090/869
s 269
f 257/1105/873 261/1087/866 245/1086/865
s 270
f 257/1105/873 254/1106/874 261/1087/866
s 271
f 254/1106/874 244/1083/862 261/1087/866
s 272
f 255/1107/875 260/1084/863 244/1083/862
s 273
f 255/1107/875 252/1108/876 260/1084/863
s 274
f 252/1108/876 243/1098/859 260/1084/863
s 275
f 253/1109/877 259/1081/860 243/1080/859
s 276
f 253/1109/877 250/1110/878 259/1081/860
s 277
f 250/1110/878 242/1077/856 259/1081/860
s 278
f 251/1111/879 258/1078/857 242/1077/856
s 279
f 251/1111/879 248/1112/880 258/1078/857
s 280
f 248/1112/880 246/1089/868 258/1078/857
s 281
f 256/1104/872 257/1105/873 245/1086/865
s 282
f 249/1103/835 248/1112/835 251/1111/835 250/1110/835 253/1109/835 252/1108/835 255/1107/835 254/1106/835 257/1105/835 256/1104/835
s 283
f 254/1106/874 255/1107/875 244/1083/862
s 284
f 252/1108/876 253/1113/877 243/1098/859
s 285
f 250/1110/878 251/1111/879 242/1077/856
s 286
f 248/1112/880 249/1103/871 246/1089/868
usemtl Black
s 471
f 279/272/881 268/274/882 415/1114/883
s 472
f 272/289/884 270/291/885 415/1115/883
s 473
f 268/274/882 269/281/886 415/1116/883
s 474
f 273/286/887 274/339/888 415/1117/883
s 475
f 270/356/885 271/287/889 415/1118/883
s 476
f 275/354/890 276/348/891 415/1119/883
s 477
f 269/281/886 278/280/892 415/1120/883
s 478
f 276/348/891 277/347/893 415/1121/883
s 479
f 278/280/892 272/289/884 415/1122/883
s 480
f 274/358/888 275/354/890 415/1123/883
s 481
f 277/347/893 279/272/881 415/1124/883
s 482
f 271/287/889 273/286/887 415/1125/883
s 483
f 281/292/894 282/294/895 416/1126/896
s 484
f 282/294/895 283/271/897 416/1127/896
s 485
f 289/282/898 290/345/899 416/1128/896
s 486
f 280/352/900 281/351/894 416/1129/896
s 487
f 290/345/899 291/278/901 416/1130/896
s 488
f 283/271/897 284/270/902 416/1131/896
s 489
f 285/340/903 286/285/904 416/1132/896
s 490
f 291/278/901 288/277/905 416/1133/896
s 491
f 286/285/904 287/283/906 416/1134/896
s 492
f 288/277/905 280/352/900 416/1135/896
s 493
f 284/341/902 285/340/903 416/1136/896
s 494
f 287/283/906 289/282/898 416/1137/896
s 495
f 411/360/907 410/302/908 413/301/909
s 496
f 412/304/910 411/360/907 413/301/909 414/305/910
s 681
f 428/478/911 417/480/912 564/1138/913
s 682
f 421/495/914 419/497/915 564/1139/913
s 683
f 417/480/912 418/487/916 564/1140/913
s 684
f 422/492/917 423/545/918 564/1141/913
s 685
f 419/562/915 420/493/919 564/1142/913
s 686
f 424/560/920 425/554/921 564/1143/913
s 687
f 418/487/916 427/486/922 564/1144/913
s 688
f 425/554/921 426/553/923 564/1145/913
s 689
f 427/486/922 421/495/914 564/1146/913
s 690
f 423/564/918 424/560/920 564/1147/913
s 691
f 426/553/923 428/478/911 564/1148/913
s 692
f 420/493/919 422/492/917 564/1149/913
s 693
f 430/498/924 431/500/925 565/1150/926
s 694
f 431/500/925 432/477/927 565/1151/926
s 695
f 438/488/928 439/551/929 565/1152/926
s 696
f 429/558/930 430/557/924 565/1153/926
s 697
f 439/551/929 440/484/931 565/1154/926
s 698
f 432/477/927 433/476/932 565/1155/926
s 699
f 434/546/933 435/491/934 565/1156/926
s 700
f 440/484/931 437/483/935 565/1157/926
s 701
f 435/491/934 436/489/936 565/1158/926
s 702
f 437/483/935 429/558/930 565/1159/926
s 703
f 433/547/932 434/546/933 565/1160/926
s 704
f 436/489/936 438/488/928 565/1161/926
s 705
f 560/566/937 559/508/938 562/507/939
s 706
f 561/510/940 560/566/937 562/507/939 563/511/940
s 891
f 577/684/941 566/686/942 713/1162/943
s 892
f 570/701/944 568/703/945 713/1163/943
s 893
f 566/686/942 567/693/946 713/1164/943
s 894
f 571/698/947 572/751/948 713/1165/943
s 895
f 568/768/945 569/699/949 713/1166/943
s 896
f 573/766/950 574/760/951 713/1167/943
s 897
f 567/693/946 576/692/952 713/1168/943
s 898
f 574/760/951 575/759/953 713/1169/943
s 899
f 576/692/952 570/701/944 713/1170/943
s 900
f 572/770/948 573/766/950 713/1171/943
s 901
f 575/759/953 577/684/941 713/1172/943
s 902
f 569/699/949 571/698/947 713/1173/943
s 903
f 579/704/954 580/706/955 714/1174/956
s 904
f 580/706/955 581/683/957 714/1175/956
s 905
f 587/694/958 588/757/959 714/1176/956
s 906
f 578/764/960 579/763/954 714/1177/956
s 907
f 588/757/959 589/690/961 714/1178/956
s 908
f 581/683/957 582/682/962 714/1179/956
s 909
f 583/752/963 584/697/964 714/1180/956
s 910
f 589/690/961 586/689/965 714/1181/956
s 911
f 584/697/964 585/695/966 714/1182/956
s 912
f 586/689/965 578/764/960 714/1183/956
s 913
f 582/753/962 583/752/963 714/1184/956
s 914
f 585/695/966 587/694/958 714/1185/956
s 915
f 709/772/967 708/714/968 711/713/969
s 916
f 710/716/970 709/772/967 711/713/969 712/717/970
usemtl WoodDark
s 935
f 753/1186/971 740/1187/972 754/1188/973
s 936
f 754/1188/973 740/1189/972 758/1190/974
s 937
f 758/1190/975 740/1191/976 762/1192/977
s 938
f 762/1192/978 740/1193/979 766/1194/980
s 939
f 766/1194/980 740/1195/979 770/1196/981
s 940
f 770/1196/981 740/1197/979 774/1198/982
s 941
f 774/1198/982 740/1199/979 778/1200/983
s 942
f 778/1200/984 740/1201/985 782/1202/986
s 943
f 782/1202/987 740/1203/972 786/1204/988
s 944
f 786/1204/988 740/1205/972 753/1206/971
s 945
f 739/1207/989 741/1208/989 742/1209/989 743/1210/989 744/1211/989 745/1212/989 746/1213/989 747/1214/989 748/1215/989 749/1216/989
s 946
f 749/1217/990 789/1218/991 750/1219/992 739/1220/993
s 947
f 789/1218/991 788/1221/994 751/1222/995 750/1219/992
s 948
f 788/1221/994 787/1223/996 752/1224/997 751/1222/995
s 949
f 787/1223/996 786/1204/988 753/1206/971 752/1224/997
s 950
f 748/1225/998 785/1226/999 789/1218/991 749/1217/990
s 951
f 785/1226/999 784/1227/1000 788/1221/994 789/1218/991
s 952
f 784/1227/1000 783/1228/1001 787/1223/996 788/1221/994
s 953
f 783/1228/1001 782/1202/987 786/1204/988 787/1223/996
s 954
f 747/1229/1002 781/1230/1003 785/1226/1004 748/1225/1002
s 955
f 781/1230/1003 780/1231/1005 784/1227/1006 785/1226/1004
s 956
f 780/1231/1005 779/1232/1007 783/1228/1008 784/1227/1006
s 957
f 779/1232/1007 778/1200/984 782/1202/986 783/1228/1008
s 958
f 746/1233/1009 777/1234/1010 781/1230/1011 747/1229/1012
s 959
f 777/1234/1010 776/1235/1013 780/1231/1014 781/1230/1011
s 960
f 776/1235/1013 775/1236/1015 779/1232/1016 780/1231/1014
s 961
f 775/1236/1015 774/1198/982 778/1200/983 779/1232/1016
s 962
f 745/1237/1017 773/1238/1018 777/1234/1010 746/1233/1009
s 963
f 773/1238/1018 772/1239/1019 776/1235/1013 777/1234/1010
s 964
f 772/1239/1019 771/1240/1020 775/1236/1015 776/1235/1013
s 965
f 771/1240/1020 770/1196/981 774/1198/982 775/1236/1015
s 966
f 744/1241/1021 769/1242/1022 773/1238/1018 745/1237/1017
s 967
f 769/1242/1022 768/1243/1023 772/1239/1019 773/1238/1018
s 968
f 768/1243/1023 767/1244/1024 771/1240/1020 772/1239/1019
s 969
f 767/1244/1024 766/1194/980 770/1196/981 771/1240/1020
s 970
f 743/1245/1025 765/1246/1026 769/1242/1022 744/1241/1021
s 971
f 765/1246/1026 764/1247/1027 768/1243/1023 769/1242/1022
s 972
f 764/1247/1027 763/1248/1028 767/1244/1024 768/1243/1023
s 973
f 763/1248/1028 762/1192/978 766/1194/980 767/1244/1024
s 974
f 742/1249/1029 761/1250/1030 765/1246/1031 743/1245/1029
s 975
f 761/1250/1030 760/1251/1032 764/1247/1033 765/1246/1031
s 976
f 760/1251/1032 759/1252/1034 763/1248/1035 764/1247/1033
s 977
f 759/1252/1034 758/1190/975 762/1192/977 763/1248/1035
s 978
f 741/1253/1036 757/1254/1037 761/1250/1038 742/1249/1039
s 979
f 757/1254/1037 756/1255/1040 760/1251/1041 761/1250/1038
s 980
f 756/1255/1040 755/1256/1042 759/1252/1043 760/1251/1041
s 981
f 755/1256/1042 754/1188/973 758/1190/974 759/1252/1043
s 982
f 739/1257/993 750/1258/992 757/1254/1037 741/1253/1036
s 983
f 750/1258/992 751/1259/995 756/1255/1040 757/1254/1037
s 984
f 751/1259/995 752/1260/997 755/1256/1042 756/1255/1040
s 985
f 752/1260/997 753/1186/971 754/1188/973 755/1256/1042
s 986
f 804/1261/1044 791/1262/1045 805/1263/1046
s 987
f 805/1263/1046 791/1264/1045 809/1265/1047
s 988
f 809/1265/1047 791/1266/1045 813/1267/1048
s 989
f 813/1267/1049 791/1268/1050 817/1269/1051
s 990
f 817/1269/1051 791/1270/1050 821/1271/1052
s 991
f 821/1271/1052 791/1272/1050 825/1273/1053
s 992
f 825/1273/1053 791/1274/1050 829/1275/1054
s 993
f 829/1275/1055 791/1276/1045 833/1277/1056
s 994
f 833/1277/1056 791/1278/1045 837/1279/1057
s 995
f 837/1279/1057 791/1280/1045 804/1281/1044
s 996
f 790/1282/989 792/1283/989 793/1284/989 794/1285/989 795/1286/989 796/1287/989 797/1288/989 798/1289/989 799/1290/989 800/1291/989
s 997
f 800/1292/1058 840/1293/1059 801/1294/1060 790/1295/1061
s 998
f 840/1293/1059 839/1296/1062 802/1297/1063 801/1294/1060
s 999
f 839/1296/1062 838/1298/1064 803/1299/1065 802/1297/1063
s 1000
f 838/1298/1064 837/1279/1057 804/1281/1044 803/1299/1065
s 1001
f 799/1300/1066 836/1301/1067 840/1293/1059 800/1292/1058
s 1002
f 836/1301/1067 835/1302/1068 839/1296/1062 840/1293/1059
s 1003
f 835/1302/1068 834/1303/1069 838/1298/1064 839/1296/1062
s 1004
f 834/1303/1069 833/1277/1056 837/1279/1057 838/1298/1064
s 1005
f 798/1304/1070 832/1305/1071 836/1301/1072 799/1300/1070
s 1006
f 832/1305/1071 831/1306/1073 835/1302/1074 836/1301/1072
s 1007
f 831/1306/1073 830/1307/1075 834/1303/1076 835/1302/1074
s 1008
f 830/1307/1075 829/1275/1055 833/1277/1056 834/1303/1076
s 1009
f 797/1308/1077 828/1309/1078 832/1305/1079 798/1304/1080
s 1010
f 828/1309/1078 827/1310/1081 831/1306/1082 832/1305/1079
s 1011
f 827/1310/1081 826/1311/1083 830/1307/1084 831/1306/1082
s 1012
f 826/1311/1083 825/1273/1053 829/1275/1054 830/1307/1084
s 1013
f 796/1312/1085 824/1313/1086 828/1309/1078 797/1308/1077
s 1014
f 824/1313/1086 823/1314/1087 827/1310/1081 828/1309/1078
s 1015
f 823/1314/1087 822/1315/1088 826/1311/1083 827/1310/1081
s 1016
f 822/1315/1088 821/1271/1052 825/1273/1053 826/1311/1083
s 1017
f 795/1316/1089 820/1317/1090 824/1313/1086 796/1312/1085
s 1018
f 820/1317/1090 819/1318/1091 823/1314/1087 824/1313/1086
s 1019
f 819/1318/1091 818/1319/1092 822/1315/1088 823/1314/1087
s 1020
f 818/1319/1092 817/1269/1051 821/1271/1052 822/1315/1088
s 1021
f 794/1320/1093 816/1321/1094 820/1317/1090 795/1316/1089
s 1022
f 816/1321/1094 815/1322/1095 819/1318/1091 820/1317/1090
s 1023
f 815/1322/1095 814/1323/1096 818/1319/1092 819/1318/1091
s 1024
f 814/1323/1096 813/1267/1049 817/1269/1051 818/1319/1092
s 1025
f 793/1324/1097 812/1325/1098 816/1321/1099 794/1320/1097
s 1026
f 812/1325/1098 811/1326/1100 815/1322/1101 816/1321/1099
s 1027
f 811/1326/1100 810/1327/1102 814/1323/1103 815/1322/1101
s 1028
f 810/1327/1102 809/1265/1047 813/1267/1048 814/1323/1103
s 1029
f 792/1328/1104 808/1329/1105 812/1325/1106 793/1324/1107
s 1030
f 808/1329/1105 807/1330/1108 811/1326/1109 812/1325/1106
s 1031
f 807/1330/1108 806/1331/1110 810/1327/1111 811/1326/1109
s 1032
f 806/1331/1110 805/1263/1046 809/1265/1047 810/1327/1111
s 1033
f 790/1332/1061 801/1333/1060 808/1329/1105 792/1328/1104
s 1034
f 801/1333/1060 802/1334/1063 807/1330/1108 808/1329/1105
s 1035
f 802/1334/1063 803/1335/1065 806/1331/1110 807/1330/1108
s 1036
f 803/1335/1065 804/1261/1044 805/1263/1046 806/1331/1110
s 1037
f 855/1336/1112 842/1337/1113 856/1338/1114
s 1038
f 856/1338/1114 842/1339/1113 860/1340/1115
s 1039
f 860/1340/1116 842/1341/1117 864/1342/1118
s 1040
f 864/1342/1118 842/1343/1117 868/1344/1119
s 1041
f 868/1344/1119 842/1345/1117 872/1346/1120
s 1042
f 872/1346/1120 842/1347/1117 876/1348/1121
s 1043
f 876/1348/1121 842/1349/1117 880/1350/1122
s 1044
f 880/1350/1122 842/1351/1117 884/1352/1123
s 1045
f 884/1352/1124 842/1353/1113 888/1354/1125
s 1046
f 888/1354/1125 842/1355/1113 855/1356/1112
s 1047
f 841/1357/989 843/1358/989 844/1359/989 845/1360/989 846/1361/989 847/1362/989 848/1363/989 849/1364/989 850/1365/989 851/1366/989
s 1048
f 851/1367/1126 891/1368/1127 852/1369/1128 841/1370/1129
s 1049
f 891/1368/1127 890/1371/1130 853/1372/1131 852/1369/1128
s 1050
f 890/1371/1130 889/1373/1132 854/1374/1133 853/1372/1131
s 1051
f 889/1373/1132 888/1354/1125 855/1356/1112 854/1374/1133
s 1052
f 850/1375/1134 887/1376/1135 891/1368/1127 851/1367/1126
s 1053
f 887/1376/1135 886/1377/1136 890/1371/1130 891/1368/1127
s 1054
f 886/1377/1136 885/1378/1137 889/1373/1132 890/1371/1130
s 1055
f 885/1378/1137 884/1352/1124 888/1354/1125 889/1373/1132
s 1056
f 849/1379/1138 883/1380/1139 887/1376/1140 850/1375/1138
s 1057
f 883/1380/1139 882/1381/1141 886/1377/1142 887/1376/1140
s 1058
f 882/1381/1141 881/1382/1143 885/1378/1144 886/1377/1142
s 1059
f 881/1382/1143 880/1350/1145 884/1352/1145 885/1378/1144
s 1060
f 848/1383/1146 879/1384/1147 883/1380/1148 849/1379/1149
s 1061
f 879/1384/1147 878/1385/1150 882/1381/1151 883/1380/1148
s 1062
f 878/1385/1150 877/1386/1152 881/1382/1153 882/1381/1151
s 1063
f 877/1386/1152 876/1348/1121 880/1350/1122 881/1382/1153
s 1064
f 847/1387/1154 875/1388/1155 879/1384/1147 848/1383/1146
s 1065
f 875/1388/1155 874/1389/1156 878/1385/1150 879/1384/1147
s 1066
f 874/1389/1156 873/1390/1157 877/1386/1152 878/1385/1150
s 1067
f 873/1390/1157 872/1346/1120 876/1348/1121 877/1386/1152
s 1068
f 846/1391/1158 871/1392/1159 875/1388/1155 847/1387/1154
s 1069
f 871/1392/1159 870/1393/1160 874/1389/1156 875/1388/1155
s 1070
f 870/1393/1160 869/1394/1161 873/1390/1157 874/1389/1156
s 1071
f 869/1394/1161 868/1344/1119 872/1346/1120 873/1390/1157
s 1072
f 845/1395/1162 867/1396/1163 871/1392/1159 846/1391/1158
s 1073
f 867/1396/1163 866/1397/1164 870/1393/1160 871/1392/1159
s 1074
f 866/1397/1164 865/1398/1165 869/1394/1161 870/1393/1160
s 1075
f 865/1398/1165 864/1342/1118 868/1344/1119 869/1394/1161
s 1076
f 844/1399/1166 863/1400/1167 867/1396/1168 845/1395/1166
s 1077
f 863/1400/1167 862/1401/1169 866/1397/1170 867/1396/1168
s 1078
f 862/1401/1169 861/1402/1171 865/1398/1172 866/1397/1170
s 1079
f 861/1402/1171 860/1340/1173 864/1342/1173 865/1398/1172
s 1080
f 843/1403/1174 859/1404/1175 863/1400/1176 844/1399/1177
s 1081
f 859/1404/1175 858/1405/1178 862/1401/1179 863/1400/1176
s 1082
f 858/1405/1178 857/1406/1180 861/1402/1181 862/1401/1179
s 1083
f 857/1406/1180 856/1338/1114 860/1340/1115 861/1402/1181
s 1084
f 841/1407/1129 852/1408/1128 859/1404/1175 843/1403/1174
s 1085
f 852/1408/1128 853/1409/1131 858/1405/1178 859/1404/1175
s 1086
f 853/1409/1131 854/1410/1133 857/1406/1180 858/1405/1178
s 1087
f 854/1410/1133 855/1336/1112 856/1338/1114 857/1406/1180
s 1088
f 906/1411/1182 893/1412/1183 907/1413/1184
s 1089
f 907/1413/1184 893/1414/1183 911/1415/1185
s 1090
f 911/1415/1186 893/1416/1187 915/1417/1188
s 1091
f 915/1417/1189 893/1418/1190 919/1419/1191
s 1092
f 919/1419/1191 893/1420/1190 923/1421/1192
s 1093
f 923/1421/1192 893/1422/1190 927/1423/1193
s 1094
f 927/1423/1193 893/1424/1190 931/1425/1194
s 1095
f 931/1425/1195 893/1426/1196 935/1427/1197
s 1096
f 935/1427/1198 893/1428/1183 939/1429/1199
s 1097
f 939/1429/1199 893/1430/1183 906/1431/1182
s 1098
f 892/1432/1200 894/1433/1200 895/1434/1200 896/1435/1200 897/1436/1200 898/1437/1200 899/1438/1200 900/1439/1200 901/1440/1200 902/1441/1200
s 1099
f 902/1442/1201 942/1443/1202 903/1444/1203 892/1445/1204
s 1100
f 942/1443/1202 941/1446/1205 904/1447/1206 903/1444/1203
s 1101
f 941/1446/1205 940/1448/1207 905/1449/1208 904/1447/1206
s 1102
f 940/1448/1207 939/1429/1199 906/1431/1182 905/1449/1208
s 1103
f 901/1450/1209 938/1451/1210 942/1443/1202 902/1442/1201
s 1104
f 938/1451/1210 937/1452/1211 941/1446/1205 942/1443/1202
s 1105
f 937/1452/1211 936/1453/1212 940/1448/1207 941/1446/1205
s 1106
f 936/1453/1212 935/1427/1198 939/1429/1199 940/1448/1207
s 1107
f 900/1454/1213 934/1455/1214 938/1451/1215 901/1450/1213
s 1108
f 934/1455/1214 933/1456/1216 937/1452/1217 938/1451/1215
s 1109
f 933/1456/1216 932/1457/1218 936/1453/1219 937/1452/1217
s 1110
f 932/1457/1218 931/1425/1195 935/1427/1197 936/1453/1219
s 1111
f 899/1458/1220 930/1459/1221 934/1455/1222 900/1454/1223
s 1112
f 930/1459/1221 929/1460/1224 933/1456/1225 934/1455/1222
s 1113
f 929/1460/1224 928/1461/1226 932/1457/1227 933/1456/1225
s 1114
f 928/1461/1226 927/1423/1193 931/1425/1194 932/1457/1227
s 1115
f 898/1462/1228 926/1463/1229 930/1459/1221 899/1458/1220
s 1116
f 926/1463/1229 925/1464/1230 929/1460/1224 930/1459/1221
s 1117
f 925/1464/1230 924/1465/1231 928/1461/1226 929/1460/1224
s 1118
f 924/1465/1231 923/1421/1192 927/1423/1193 928/1461/1226
s 1119
f 897/1466/1232 922/1467/1233 926/1463/1229 898/1462/1228
s 1120
f 922/1467/1233 921/1468/1234 925/1464/1230 926/1463/1229
s 1121
f 921/1468/1234 920/1469/1235 924/1465/1231 925/1464/1230
s 1122
f 920/1469/1235 919/1419/1191 923/1421/1192 924/1465/1231
s 1123
f 896/1470/1236 918/1471/1237 922/1467/1233 897/1466/1232
s 1124
f 918/1471/1237 917/1472/1238 921/1468/1234 922/1467/1233
s 1125
f 917/1472/1238 916/1473/1239 920/1469/1235 921/1468/1234
s 1126
f 916/1473/1239 915/1417/1189 919/1419/1191 920/1469/1235
s 1127
f 895/1474/1240 914/1475/1241 918/1471/1242 896/1470/1240
s 1128
f 914/1475/1241 913/1476/1243 917/1472/1244 918/1471/1242
s 1129
f 913/1476/1243 912/1477/1245 916/1473/1246 917/1472/1244
s 1130
f 912/1477/1245 911/1415/1186 915/1417/1188 916/1473/1246
s 1131
f 894/1478/1247 910/1479/1248 914/1475/1249 895/1474/1250
s 1132
f 910/1479/1248 909/1480/1251 913/1476/1252 914/1475/1249
s 1133
f 909/1480/1251 908/1481/1253 912/1477/1254 913/1476/1252
s 1134
f 908/1481/1253 907/1413/1184 911/1415/1185 912/1477/1254
s 1135
f 892/1482/1204 903/1483/1203 910/1479/1248 894/1478/1247
s 1136
f 903/1483/1203 904/1484/1206 909/1480/1251 910/1479/1248
s 1137
f 904/1484/1206 905/1485/1208 908/1481/1253 909/1480/1251
s 1138
f 905/1485/1208 906/1411/1182 907/1413/1184 908/1481/1253
s 1139
f 957/1486/1255 944/1487/1256 958/1488/1257
s 1140
f 958/1488/1257 944/1489/1256 962/1490/1258
s 1141
f 962/1490/1259 944/1491/1260 966/1492/1261
s 1142
f 966/1492/1262 944/1493/1263 970/1494/1264
s 1143
f 970/1494/1264 944/1495/1263 974/1496/1265
s 1144
f 974/1496/1265 944/1497/1263 978/1498/1266
s 1145
f 978/1498/1266 944/1499/1263 982/1500/1267
s 1146
f 982/1500/1268 944/1501/1269 986/1502/1270
s 1147
f 986/1502/1271 944/1503/1256 990/1504/1272
s 1148
f 990/1504/1272 944/1505/1256 957/1506/1255
s 1149
f 943/1507/1200 945/1508/1200 946/1509/1200 947/1510/1200 948/1511/1200 949/1512/1200 950/1513/1200 951/1514/1200 952/1515/1200 953/1516/1200
s 1150
f 953/1517/1273 993/1518/1274 954/1519/1275 943/1520/1276
s 1151
f 993/1518/1274 992/1521/1277 955/1522/1278 954/1519/1275
s 1152
f 992/1521/1277 991/1523/1279 956/1524/1280 955/1522/1278
s 1153
f 991/1523/1279 990/1504/1272 957/1506/1255 956/1524/1280
s 1154
f 952/1525/1281 989/1526/1282 993/1518/1274 953/1517/1273
s 1155
f 989/1526/1282 988/1527/1283 992/1521/1277 993/1518/1274
s 1156
f 988/1527/1283 987/1528/1284 991/1523/1279 992/1521/1277
s 1157
f 987/1528/1284 986/1502/1271 990/1504/1272 991/1523/1279
s 1158
f 951/1529/1285 985/1530/1286 989/1526/1287 952/1525/1285
s 1159
f 985/1530/1286 984/1531/1288 988/1527/1289 989/1526/1287
s 1160
f 984/1531/1288 983/1532/1290 987/1528/1291 988/1527/1289
s 1161
f 983/1532/1290 982/1500/1268 986/1502/1270 987/1528/1291
s 1162
f 950/1533/1292 981/1534/1293 985/1530/1294 951/1529/1295
s 1163
f 981/1534/1293 980/1535/1296 984/1531/1297 985/1530/1294
s 1164
f 980/1535/1296 979/1536/1298 983/1532/1299 984/1531/1297
s 1165
f 979/1536/1298 978/1498/1266 982/1500/1267 983/1532/1299
s 1166
f 949/1537/1300 977/1538/1301 981/1534/1293 950/1533/1292
s 1167
f 977/1538/1301 976/1539/1302 980/1535/1296 981/1534/1293
s 1168
f 976/1539/1302 975/1540/1303 979/1536/1298 980/1535/1296
s 1169
f 975/1540/1303 974/1496/1265 978/1498/1266 979/1536/1298
s 1170
f 948/1541/1304 973/1542/1305 977/1538/1301 949/1537/1300
s 1171
f 973/1542/1305 972/1543/1306 976/1539/1302 977/1538/1301
s 1172
f 972/1543/1306 971/1544/1307 975/1540/1303 976/1539/1302
s 1173
f 971/1544/1307 970/1494/1264 974/1496/1265 975/1540/1303
s 1174
f 947/1545/1308 969/1546/1309 973/1542/1305 948/1541/1304
s 1175
f 969/1546/1309 968/1547/1310 972/1543/1306 973/1542/1305
s 1176
f 968/1547/1310 967/1548/1311 971/1544/1307 972/1543/1306
s 1177
f 967/1548/1311 966/1492/1262 970/1494/1264 971/1544/1307
s 1178
f 946/1549/1312 965/1550/1313 969/1546/1314 947/1545/1312
s 1179
f 965/1550/1313 964/1551/1315 968/1547/1316 969/1546/1314
s 1180
f 964/1551/1315 963/1552/1317 967/1548/1318 968/1547/1316
s 1181
f 963/1552/1317 962/1490/1259 966/1492/1261 967/1548/1318
s 1182
f 945/1553/1319 961/1554/1320 965/1550/1321 946/1549/1322
s 1183
f 961/1554/1320 960/1555/1323 964/1551/1324 965/1550/1321
s 1184
f 960/1555/1323 959/1556/1325 963/1552/1326 964/1551/1324
s 1185
f 959/1556/1325 958/1488/1257 962/1490/1258 963/1552/1326
s 1186
f 943/1557/1276 954/1558/1275 961/1554/1320 945/1553/1319
s 1187
f 954/1558/1275 955/1559/1278 960/1555/1323 961/1554/1320
s 1188
f 955/1559/1278 956/1560/1280 959/1556/1325 960/1555/1323
s 1189
f 956/1560/1280 957/1486/1255 958/1488/1257 959/1556/1325
