# Blender v2.80 (sub 75) OBJ File: 'orcAccessories.blend'
# www.blender.org
mtllib orc_shield.mtl
o orc_shield_Cube.4118
v 0.106675 0.003761 0.132633
v 0.096252 0.024615 0.135904
v 0.039721 0.008054 0.147275
v 0.032018 -0.015708 0.148393
v 0.055854 0.025852 0.144873
v 0.033816 -0.038769 0.146404
v 0.043488 -0.050151 0.143919
v 0.061563 -0.057547 0.140606
v 0.089916 -0.054550 0.135152
v 0.103668 -0.041825 0.133184
v 0.081063 0.033020 0.139827
v 0.109534 -0.024150 0.131352
v -0.081047 0.033022 0.139820
v -0.096236 0.024617 0.135896
v -0.106659 0.003763 0.132625
v -0.109518 -0.024149 0.131345
v -0.103652 -0.041824 0.133178
v -0.089897 -0.054549 0.135144
v -0.061552 -0.057547 0.140601
v -0.043489 -0.050151 0.143917
v -0.055839 0.025847 0.144869
v -0.033822 -0.038770 0.146402
v -0.032021 -0.015713 0.148392
v -0.039716 0.008046 0.147274
v -0.000010 0.185339 0.087151
v 0.082093 0.169103 0.086538
v 0.128597 0.127075 0.084952
v 0.155847 0.060708 0.082447
v 0.161345 0.005814 0.080375
v 0.155847 -0.045744 0.078429
v 0.139728 -0.097259 0.076484
v 0.088097 0.158106 0.122332
v 0.138002 0.110346 0.126112
v 0.164058 0.050314 0.116771
v 0.166102 -0.002549 0.111341
v 0.160442 -0.049480 0.108641
v 0.143848 -0.098559 0.105813
v 0.070493 0.147071 0.138689
v 0.110427 0.093358 0.154054
v 0.133828 0.038826 0.149722
v 0.128240 -0.051925 0.142339
v 0.119986 -0.097820 0.136710
v 0.097966 -0.112888 0.125831
v 0.054089 0.142489 0.144663
v 0.084732 0.086155 0.161091
v 0.085250 -0.111516 0.157979
v 0.071766 -0.113257 0.135625
v 0.045954 -0.095075 0.163474
v 0.018501 0.140325 0.151678
v 0.018160 0.077640 0.171082
v 0.019187 0.017819 0.170956
v -0.000023 -0.026504 0.166357
v 0.016863 -0.055931 0.162237
v 0.024156 -0.092917 0.166437
v -0.018520 0.140325 0.151678
v -0.018179 0.077640 0.171082
v -0.019222 0.017819 0.170956
v -0.016910 -0.055931 0.162237
v -0.039716 -0.103724 0.143036
v -0.054108 0.142489 0.144662
v -0.084751 0.086155 0.161089
v -0.085132 -0.111524 0.157975
v -0.071732 -0.113258 0.135646
v -0.070512 0.147072 0.138688
v -0.110446 0.093358 0.154052
v -0.133847 0.038827 0.149720
v -0.128251 -0.051896 0.142341
v -0.120005 -0.097853 0.136719
v -0.097985 -0.112888 0.125842
v -0.088116 0.158106 0.122331
v -0.138021 0.110347 0.126109
v -0.164077 0.050315 0.116768
v -0.166121 -0.002549 0.111338
v -0.160461 -0.049480 0.108638
v -0.143866 -0.098559 0.105809
v -0.082112 0.169103 0.086538
v -0.128616 0.127076 0.084952
v -0.155866 0.060708 0.082447
v -0.161364 0.005814 0.080375
v -0.155866 -0.045744 0.078429
v -0.139747 -0.097259 0.076484
v 0.039628 -0.103845 0.144221
v 0.020965 -0.099810 0.148203
v -0.024564 -0.092916 0.166459
v -0.020423 -0.099838 0.147198
v -0.045915 -0.095063 0.163464
v -0.021573 -0.121352 0.145949
v 0.022174 -0.120849 0.146949
v 0.041577 -0.124161 0.142554
v -0.050192 -0.138041 0.163349
v -0.026683 -0.132108 0.166396
v 0.050186 -0.137926 0.163345
v -0.041638 -0.124654 0.141372
v 0.026253 -0.132112 0.166379
v 0.092635 -0.142113 0.153910
v 0.068473 -0.131327 0.134494
v -0.092587 -0.142218 0.153911
v -0.068461 -0.131272 0.134497
v -0.121578 0.038704 0.152902
v -0.097698 0.050509 0.161151
v -0.065244 0.042997 0.167527
v -0.045724 0.021620 0.168248
v -0.134327 0.012668 0.146103
v -0.137701 -0.018840 0.143671
v -0.090434 -0.076868 0.150765
v -0.065904 -0.074327 0.157656
v -0.046518 -0.066909 0.157993
v 0.046495 -0.066895 0.157993
v 0.045729 0.021628 0.168248
v 0.066033 -0.074347 0.157651
v 0.065253 0.043003 0.167523
v 0.031293 -0.041210 0.162222
v 0.039097 -0.055527 0.160088
v 0.030592 -0.019874 0.166185
v -0.030603 -0.019879 0.166185
v -0.031308 -0.041211 0.162223
v -0.039109 -0.055527 0.160089
v 0.097690 0.050508 0.161148
v 0.090527 -0.076876 0.150764
v 0.121581 0.038706 0.152896
v 0.134314 0.012699 0.146103
v 0.137700 -0.018838 0.143661
v 0.054282 -0.165649 0.137961
v 0.066821 -0.161107 0.132615
v 0.060640 -0.178413 0.154060
v 0.085707 -0.174299 0.149376
v -0.016037 -0.171607 0.143964
v -0.019895 -0.184505 0.160452
v 0.019659 -0.184487 0.160445
v 0.016675 -0.172022 0.144694
v -0.054123 -0.165214 0.137027
v -0.060637 -0.178590 0.153951
v -0.085687 -0.174465 0.149263
v -0.066805 -0.161280 0.132511
v -0.000043 -0.034362 0.157492
v 0.012308 -0.064094 0.154793
v 0.014976 -0.084360 0.157706
v -0.012394 -0.064095 0.154794
v -0.015326 -0.084360 0.157719
v 0.000013 -0.111628 0.092470
v 0.074604 -0.017505 0.139889
v -0.074593 -0.017506 0.139884
v 0.000000 0.260701 0.017727
v 0.000000 -0.000000 0.102878
v 0.067474 0.251818 0.017727
v 0.130350 0.225773 0.017727
v 0.184343 0.184343 0.017727
v 0.225773 0.130350 0.017727
v 0.251818 0.067474 0.017727
v 0.260701 -0.000000 0.017727
v 0.251818 -0.067474 0.017727
v 0.225773 -0.130350 0.017727
v 0.184343 -0.184343 0.017727
v 0.130350 -0.225773 0.017727
v 0.067474 -0.251818 0.017727
v 0.000000 -0.260701 0.017727
v -0.067474 -0.251818 0.017727
v -0.130350 -0.225773 0.017727
v -0.184343 -0.184343 0.017727
v -0.225773 -0.130350 0.017727
v -0.251817 -0.067474 0.017727
v -0.260701 -0.000000 0.017727
v -0.251818 0.067474 0.017727
v -0.225773 0.130350 0.017727
v -0.184343 0.184343 0.017727
v -0.130350 0.225773 0.017727
v -0.067475 0.251817 0.017727
v 0.089573 0.334293 0.080167
v 0.000000 0.346085 0.080167
v 0.173043 0.299718 0.080167
v 0.244719 0.244719 0.080167
v 0.299719 0.173043 0.080167
v 0.334293 0.089573 0.080167
v 0.346085 0.000000 0.080167
v 0.299719 -0.173043 0.080167
v 0.244719 -0.244719 0.080167
v 0.173043 -0.299718 0.080167
v 0.089574 -0.334293 0.080167
v 0.000000 -0.346085 0.080167
v -0.089573 -0.334293 0.080167
v -0.173042 -0.299719 0.080167
v -0.299718 -0.173043 0.080167
v -0.334293 -0.089574 0.080167
v -0.346085 -0.000000 0.080167
v -0.334293 0.089573 0.080167
v -0.299719 0.173042 0.080167
v -0.244719 0.244719 0.080167
v -0.173043 0.299718 0.080167
v -0.089574 0.334293 0.080167
v 0.077655 0.288829 0.119278
v 0.000000 0.299052 0.119278
v 0.150018 0.258855 0.119278
v 0.212158 0.211174 0.119278
v 0.259839 0.149034 0.119278
v 0.289813 0.076671 0.119278
v 0.300037 -0.000984 0.119278
v 0.289813 -0.078639 0.119278
v 0.259839 -0.151002 0.119278
v 0.212158 -0.213142 0.119278
v 0.150018 -0.260823 0.119278
v 0.077655 -0.290797 0.119278
v 0.000000 -0.301021 0.119278
v -0.077655 -0.290797 0.119278
v -0.150018 -0.260823 0.119278
v -0.212158 -0.213142 0.119278
v -0.259839 -0.151002 0.119278
v -0.289813 -0.078639 0.119278
v -0.300037 -0.000984 0.119278
v -0.289813 0.076671 0.119278
v -0.259839 0.149034 0.119278
v -0.212158 0.211174 0.119278
v -0.150018 0.258855 0.119278
v -0.077655 0.288829 0.119278
v 0.274251 0.338986 0.003915
v 0.250516 0.351509 0.011424
v 0.232213 0.358587 0.031308
v 0.224556 0.358472 0.058442
v 0.230154 0.350904 0.085017
v 0.246989 0.338346 0.103439
v 0.270227 0.323967 0.108901
v 0.293401 0.311622 0.100455
v 0.310818 0.304328 0.080610
v 0.318099 0.304130 0.054253
v 0.312814 0.311777 0.028537
v 0.296857 0.324523 0.010280
v 0.161667 0.248314 0.022348
v 0.187017 0.227666 0.015960
v 0.142735 0.262211 0.035762
v 0.135339 0.265597 0.052602
v 0.141486 0.257553 0.068326
v 0.159507 0.240253 0.078694
v 0.184526 0.218372 0.080928
v 0.209806 0.197799 0.074459
v 0.228586 0.184031 0.061056
v 0.235899 0.180698 0.044311
v 0.229827 0.188664 0.028670
v 0.211959 0.205835 0.018289
v 0.288802 0.385131 0.022872
v 0.267958 0.390048 0.027499
v 0.251642 0.391867 0.042496
v 0.244984 0.390393 0.063791
v 0.250009 0.385774 0.085085
v 0.265173 0.379655 0.100153
v 0.285663 0.373415 0.104768
v 0.305385 0.368824 0.098370
v 0.319555 0.366707 0.083320
v 0.325123 0.367541 0.063594
v 0.321060 0.372323 0.044064
v 0.308037 0.378721 0.029190
v 0.290148 0.448515 0.047658
v 0.276149 0.449148 0.050265
v 0.265998 0.448279 0.059587
v 0.261946 0.446661 0.072491
v 0.265001 0.444558 0.085599
v 0.274414 0.442673 0.095526
v 0.288184 0.441185 0.098893
v 0.301002 0.440724 0.094950
v 0.309915 0.441282 0.085677
v 0.313291 0.442676 0.073889
v 0.310824 0.444674 0.061965
v 0.302638 0.446831 0.052265
v 0.266856 0.514725 0.083227
v -0.270227 0.323967 0.108901
v -0.246989 0.338346 0.103439
v -0.230154 0.350904 0.085017
v -0.224556 0.358472 0.058442
v -0.232213 0.358587 0.031308
v -0.250516 0.351509 0.011424
v -0.274251 0.338986 0.003915
v -0.296857 0.324523 0.010280
v -0.312814 0.311777 0.028537
v -0.318099 0.304130 0.054253
v -0.310818 0.304328 0.080610
v -0.293401 0.311622 0.100455
v -0.159507 0.240253 0.078694
v -0.184526 0.218372 0.080928
v -0.141486 0.257553 0.068326
v -0.135339 0.265597 0.052602
v -0.142735 0.262211 0.035762
v -0.161667 0.248314 0.022348
v -0.187017 0.227666 0.015960
v -0.211959 0.205835 0.018289
v -0.229827 0.188664 0.028670
v -0.235899 0.180698 0.044311
v -0.228586 0.184031 0.061056
v -0.209806 0.197799 0.074459
v -0.285663 0.373415 0.104768
v -0.265173 0.379655 0.100153
v -0.250010 0.385774 0.085085
v -0.244984 0.390393 0.063791
v -0.251642 0.391867 0.042496
v -0.267958 0.390049 0.027499
v -0.288802 0.385131 0.022872
v -0.308037 0.378721 0.029190
v -0.321060 0.372323 0.044064
v -0.325123 0.367541 0.063594
v -0.319555 0.366707 0.083320
v -0.305385 0.368824 0.098370
v -0.288184 0.441185 0.098893
v -0.274414 0.442673 0.095525
v -0.265001 0.444558 0.085599
v -0.261946 0.446661 0.072491
v -0.265998 0.448279 0.059586
v -0.276149 0.449148 0.050265
v -0.290148 0.448515 0.047658
v -0.302638 0.446831 0.052265
v -0.310824 0.444674 0.061965
v -0.313291 0.442676 0.073889
v -0.309915 0.441282 0.085676
v -0.301002 0.440724 0.094949
v -0.266856 0.514725 0.083227
v 0.106466 0.291724 0.101767
v 0.116075 0.275367 0.109077
v 0.120508 0.262749 0.124806
v 0.118283 0.257495 0.144698
v 0.110121 0.260955 0.163096
v 0.098409 0.271974 0.175317
v 0.086312 0.287807 0.178504
v 0.077087 0.304788 0.171763
v 0.073221 0.318386 0.156111
v 0.075487 0.323756 0.135577
v 0.083158 0.319468 0.116667
v 0.094435 0.307693 0.104496
v 0.114096 0.393787 0.186831
v 0.144213 0.359661 0.146575
v 0.152520 0.353854 0.153454
v 0.155901 0.348312 0.163111
v 0.154165 0.344042 0.173786
v 0.147234 0.341804 0.183599
v 0.135893 0.342365 0.189897
v 0.122433 0.346083 0.190061
v 0.111728 0.351906 0.183247
v 0.107084 0.358277 0.171963
v 0.109700 0.363363 0.159428
v 0.118995 0.365736 0.149232
v 0.132145 0.364178 0.144626
v 0.143003 0.332450 0.125751
v 0.153534 0.322431 0.133547
v 0.158030 0.313658 0.146467
v 0.155841 0.308681 0.161783
v 0.147088 0.308102 0.175751
v 0.133418 0.312295 0.184902
v 0.117950 0.320705 0.186336
v 0.105271 0.331185 0.178855
v 0.099588 0.340789 0.164454
v 0.102704 0.346487 0.147432
v 0.113594 0.346672 0.133012
v 0.128546 0.341336 0.125266
v 0.129697 0.311349 0.110739
v 0.140611 0.296809 0.118371
v 0.145678 0.285221 0.133629
v 0.143411 0.280120 0.152644
v 0.134547 0.282441 0.170103
v 0.121211 0.291438 0.181759
v 0.106557 0.305084 0.184434
v 0.094640 0.319869 0.176899
v 0.089064 0.331834 0.160953
v 0.091720 0.337274 0.141156
v 0.101573 0.334789 0.123433
v 0.115549 0.325190 0.112450
v -0.110121 0.260955 0.163096
v -0.118283 0.257495 0.144698
v -0.120509 0.262749 0.124806
v -0.116075 0.275367 0.109077
v -0.106466 0.291724 0.101767
v -0.094435 0.307693 0.104496
v -0.083158 0.319468 0.116667
v -0.075487 0.323756 0.135577
v -0.073221 0.318386 0.156111
v -0.077087 0.304788 0.171763
v -0.086313 0.287807 0.178504
v -0.098409 0.271974 0.175317
v -0.114096 0.393787 0.186831
v -0.147234 0.341805 0.183599
v -0.154165 0.344043 0.173786
v -0.155901 0.348312 0.163111
v -0.152520 0.353854 0.153454
v -0.144213 0.359661 0.146575
v -0.132146 0.364179 0.144626
v -0.118995 0.365736 0.149232
v -0.109700 0.363363 0.159428
v -0.107084 0.358277 0.171963
v -0.111728 0.351906 0.183247
v -0.122433 0.346083 0.190061
v -0.135893 0.342365 0.189897
v -0.147088 0.308102 0.175751
v -0.155841 0.308681 0.161783
v -0.158030 0.313658 0.146467
v -0.153534 0.322431 0.133546
v -0.143003 0.332450 0.125751
v -0.128546 0.341336 0.125266
v -0.113594 0.346672 0.133012
v -0.102704 0.346487 0.147432
v -0.099588 0.340789 0.164454
v -0.105271 0.331185 0.178855
v -0.117950 0.320705 0.186336
v -0.133419 0.312295 0.184902
v -0.134547 0.282441 0.170103
v -0.143411 0.280120 0.152644
v -0.145679 0.285221 0.133629
v -0.140611 0.296809 0.118371
v -0.129697 0.311349 0.110739
v -0.115549 0.325190 0.112450
v -0.101573 0.334789 0.123433
v -0.091720 0.337274 0.141156
v -0.089065 0.331834 0.160953
v -0.094640 0.319869 0.176899
v -0.106557 0.305084 0.184434
v -0.121211 0.291438 0.181759
v 0.066067 0.272863 0.096021
v 0.057984 0.275164 0.087283
v 0.067396 0.254136 0.098610
v 0.057747 0.250683 0.091079
v 0.058475 0.232957 0.107084
v 0.068769 0.240712 0.109917
v 0.060051 0.227562 0.130038
v 0.069663 0.237242 0.127410
v 0.061536 0.237035 0.152566
v 0.069306 0.244456 0.145323
v 0.062105 0.256140 0.168419
v 0.068122 0.259366 0.159072
v 0.061721 0.280363 0.175387
v 0.066854 0.278807 0.166297
v 0.060626 0.304666 0.170895
v 0.066269 0.299405 0.164126
v 0.059715 0.321462 0.154743
v 0.066333 0.314072 0.151059
v 0.058838 0.327464 0.132638
v 0.065930 0.316790 0.131870
v 0.058285 0.298925 0.094250
v 0.065148 0.292002 0.101547
v 0.058565 0.317859 0.109912
v 0.065086 0.307992 0.113935
v -0.069306 0.244456 0.145323
v -0.061536 0.237035 0.152566
v -0.069663 0.237242 0.127410
v -0.060051 0.227562 0.130038
v -0.058475 0.232958 0.107084
v -0.068770 0.240712 0.109917
v -0.057748 0.250683 0.091079
v -0.067397 0.254136 0.098610
v -0.057984 0.275164 0.087283
v -0.066067 0.272863 0.096021
v -0.058286 0.298925 0.094250
v -0.065148 0.292002 0.101547
v -0.058565 0.317859 0.109912
v -0.065086 0.307992 0.113935
v -0.058838 0.327464 0.132638
v -0.065930 0.316789 0.131870
v -0.059715 0.321462 0.154743
v -0.066333 0.314072 0.151059
v -0.060626 0.304666 0.170895
v -0.066269 0.299405 0.164126
v -0.062105 0.256140 0.168419
v -0.068123 0.259366 0.159072
v -0.061721 0.280363 0.175387
v -0.066855 0.278807 0.166297
v -0.085245 0.247393 0.154143
v -0.077694 0.261690 0.167436
v -0.090941 0.241267 0.134865
v -0.092505 0.246048 0.114300
v -0.089120 0.260610 0.099391
v -0.082485 0.279814 0.094347
v -0.075101 0.298777 0.099308
v -0.069108 0.313675 0.112788
v -0.065804 0.320794 0.132384
v -0.064787 0.316311 0.153490
v -0.065977 0.300686 0.168212
v -0.070584 0.280646 0.172572
v 0.082485 0.279814 0.094347
v 0.075101 0.298777 0.099308
v 0.089120 0.260610 0.099391
v 0.092505 0.246048 0.114300
v 0.090941 0.241267 0.134865
v 0.085245 0.247393 0.154143
v 0.077694 0.261690 0.167436
v 0.070584 0.280646 0.172572
v 0.065977 0.300686 0.168212
v 0.064787 0.316311 0.153490
v 0.065804 0.320794 0.132384
v 0.069108 0.313675 0.112788
v 0.000000 0.321241 0.002161
v 0.083143 0.310295 0.002161
v 0.160621 0.278203 0.002161
v 0.227152 0.227152 0.002161
v 0.278203 0.160621 0.002161
v 0.310295 0.083143 0.002161
v 0.321241 -0.000000 0.002161
v 0.278203 -0.160620 0.002161
v 0.227152 -0.227152 0.002161
v 0.160621 -0.278203 0.002161
v 0.083143 -0.310295 0.002161
v 0.000000 -0.321241 0.002161
v -0.083143 -0.310295 0.002161
v -0.160620 -0.278203 0.002161
v -0.278203 -0.160621 0.002161
v -0.310295 -0.083143 0.002161
v -0.321241 -0.000000 0.002161
v -0.310295 0.083143 0.002161
v -0.278203 0.160620 0.002161
v -0.227152 0.227152 0.002161
v -0.160621 0.278203 0.002161
v -0.083144 0.310295 0.002161
v 0.319333 -0.125690 0.080167
v 0.339395 -0.050816 0.080167
v 0.302112 -0.080951 0.100558
v 0.315398 -0.044386 0.002161
v 0.295335 -0.119259 0.002161
v 0.273753 -0.073352 0.011888
v -0.268369 -0.217256 0.080167
v -0.208541 -0.273519 0.080167
v -0.190974 -0.255951 0.002161
v -0.250802 -0.199689 0.002161
v -0.184355 -0.184355 0.017723
v 0.017082 0.275978 0.095250
v -0.000000 0.276116 0.096054
v -0.017082 0.275978 0.095250
v -0.017079 0.294898 0.100573
v -0.000000 0.294494 0.101228
v 0.017079 0.294898 0.100573
v 0.016995 0.256337 0.098706
v -0.000000 0.256973 0.099400
v -0.016995 0.256337 0.098707
v 0.017094 0.241921 0.111938
v -0.000000 0.242862 0.112314
v -0.017095 0.241921 0.111938
v 0.017481 0.237376 0.131012
v -0.000000 0.238406 0.131011
v -0.017481 0.237376 0.131012
v 0.018072 0.244884 0.149574
v -0.000000 0.245771 0.149162
v -0.018073 0.244884 0.149574
v 0.018347 0.259961 0.162215
v -0.000000 0.260430 0.161434
v -0.018347 0.259961 0.162215
v 0.018197 0.279073 0.167644
v -0.000000 0.278979 0.166708
v -0.018198 0.279073 0.167644
v 0.017687 0.298654 0.163892
v -0.000000 0.298095 0.163065
v -0.017687 0.298654 0.163892
v 0.017206 0.312495 0.150871
v -0.000000 0.311652 0.150335
v -0.017206 0.312495 0.150871
v 0.016853 0.317697 0.132222
v -0.000000 0.316734 0.132068
v -0.016853 0.317697 0.132222
v 0.016990 0.310042 0.113144
v -0.000000 0.309226 0.113440
v -0.016990 0.310042 0.113144
v 0.235061 0.120559 0.016939
v 0.250963 0.082167 0.016939
v 0.291576 0.156694 -0.016273
v 0.316477 0.096578 -0.016273
v 0.346868 0.106443 0.084603
v 0.320042 0.171208 0.084603
v 0.285629 0.085186 0.136247
v 0.262372 0.141333 0.136247
v 0.222211 0.121325 0.003857
v 0.242419 0.072539 0.003857
v -0.250963 0.082167 0.016939
v -0.235061 0.120558 0.016939
v -0.316477 0.096578 -0.016273
v -0.291576 0.156693 -0.016273
v -0.320042 0.171208 0.084603
v -0.346868 0.106443 0.084603
v -0.262372 0.141333 0.136247
v -0.285629 0.085186 0.136247
v -0.242419 0.072538 0.003857
v -0.222211 0.121325 0.003857
v 0.058157 0.217041 0.099363
v 0.070516 0.262968 0.104248
v 0.062666 0.233819 0.084422
v 0.000000 0.272253 0.104248
v 0.000000 0.224698 0.099363
v 0.000000 0.242069 0.084422
v 0.112350 0.194594 0.099363
v 0.136224 0.235748 0.104246
v 0.121062 0.209630 0.084422
v 0.158887 0.158885 0.099363
v 0.192649 0.192449 0.104245
v 0.171207 0.171151 0.084421
v 0.194596 0.112348 0.099363
v 0.232579 0.141068 0.104468
v 0.208784 0.122355 0.084481
v 0.264105 0.065003 0.104377
v 0.217043 0.058155 0.099363
v 0.234124 0.061190 0.084457
v 0.224700 -0.000002 0.099363
v 0.272263 -0.000194 0.104145
v 0.242074 -0.000054 0.084395
v 0.217043 -0.058158 0.099363
v 0.262978 -0.070659 0.104141
v 0.233823 -0.062706 0.084394
v 0.194596 -0.112352 0.099363
v 0.235771 -0.136316 0.104135
v 0.209638 -0.121088 0.084392
v 0.158887 -0.158889 0.099363
v 0.192500 -0.192693 0.104130
v 0.171167 -0.171220 0.084391
v 0.112350 -0.194598 0.099363
v 0.136114 -0.235949 0.104126
v 0.121032 -0.209687 0.084390
v 0.058157 -0.217045 0.099363
v 0.070456 -0.263139 0.104123
v 0.062651 -0.233868 0.084389
v 0.000000 -0.224702 0.099363
v 0.000000 -0.272413 0.104122
v 0.000000 -0.242116 0.084388
v -0.058156 -0.217045 0.099363
v -0.070456 -0.263139 0.104123
v -0.062650 -0.233868 0.084389
v -0.112350 -0.194598 0.099363
v -0.136114 -0.235949 0.104126
v -0.121032 -0.209687 0.084390
v -0.158886 -0.158889 0.099363
v -0.192499 -0.192693 0.104130
v -0.171167 -0.171220 0.084391
v -0.194596 -0.112352 0.099363
v -0.235771 -0.136316 0.104135
v -0.209638 -0.121088 0.084392
v -0.217043 -0.058159 0.099363
v -0.262978 -0.070659 0.104141
v -0.233823 -0.062707 0.084394
v -0.224700 -0.000002 0.099363
v -0.272263 -0.000194 0.104145
v -0.242074 -0.000054 0.084395
v -0.217043 0.058155 0.099363
v -0.264105 0.065002 0.104377
v -0.234124 0.061190 0.084457
v -0.232579 0.141068 0.104468
v -0.194596 0.112348 0.099363
v -0.208784 0.122355 0.084481
v -0.158887 0.158885 0.099363
v -0.192649 0.192449 0.104245
v -0.171207 0.171151 0.084421
v -0.112350 0.194594 0.099363
v -0.136225 0.235748 0.104246
v -0.121062 0.209630 0.084422
v -0.058157 0.217041 0.099363
v -0.070516 0.262968 0.104248
v -0.062666 0.233819 0.084422
v 0.235723 0.284318 -0.025061
v 0.244053 0.293856 -0.011049
v 0.219834 0.311227 -0.001513
v 0.204558 0.306489 -0.013188
v 0.201349 0.321737 0.021580
v 0.180721 0.319990 0.015085
v 0.193684 0.322468 0.052108
v 0.170997 0.321220 0.052177
v 0.199045 0.313137 0.081695
v 0.177869 0.309499 0.088040
v 0.215857 0.296384 0.102241
v 0.199496 0.288217 0.112913
v 0.239477 0.276779 0.108321
v 0.229868 0.263222 0.120256
v 0.263512 0.259567 0.098499
v 0.260586 0.241009 0.108183
v 0.281690 0.249219 0.075464
v 0.283721 0.227499 0.080054
v 0.289233 0.248516 0.045191
v 0.293265 0.226359 0.043222
v 0.283975 0.257748 0.015848
v 0.286549 0.237928 0.007575
v 0.267466 0.274325 -0.004665
v 0.265590 0.259192 -0.017373
v -0.229868 0.263222 0.120256
v -0.239477 0.276779 0.108321
v -0.215857 0.296384 0.102241
v -0.199496 0.288217 0.112913
v -0.199045 0.313137 0.081695
v -0.177869 0.309499 0.088040
v -0.193684 0.322468 0.052108
v -0.170997 0.321220 0.052177
v -0.201349 0.321737 0.021580
v -0.180721 0.319990 0.015085
v -0.219834 0.311227 -0.001513
v -0.204558 0.306488 -0.013188
v -0.244053 0.293856 -0.011049
v -0.235723 0.284318 -0.025061
v -0.267466 0.274325 -0.004665
v -0.265590 0.259192 -0.017373
v -0.283975 0.257748 0.015848
v -0.286549 0.237928 0.007575
v -0.289233 0.248516 0.045191
v -0.293265 0.226359 0.043222
v -0.281690 0.249219 0.075464
v -0.283722 0.227499 0.080054
v -0.263512 0.259566 0.098499
v -0.260586 0.241009 0.108183
vt 0.916667 0.333333
vt 0.541667 0.333333
vt 0.916667 0.250000
vt 0.541667 0.833333
vt 0.916667 0.833333
vt 0.562500 1.000000
vt 0.937500 1.000000
vt 1.000000 0.833333
vt 0.541667 0.750000
vt 0.916667 0.750000
vt 0.541667 0.583333
vt 0.458333 0.583333
vt 0.458333 0.500000
vt 0.541667 0.500000
vt 0.458333 0.333333
vt 0.541667 0.250000
vt 0.458333 0.750000
vt 0.541667 0.416667
vt 0.458333 0.416667
vt 0.083333 0.250000
vt 0.083333 0.333333
vt 0.000000 0.333333
vt 1.000000 0.750000
vt 0.020833 1.000000
vt 0.000000 0.833333
vt 0.083333 0.833333
vt 0.375000 0.583333
vt 0.377434 0.534730
vt 0.378315 0.500000
vt 0.375000 0.250000
vt 0.375000 0.333333
vt 0.000000 0.750000
vt 0.083333 0.750000
vt 0.381367 0.466644
vt 0.375000 0.416667
vt 0.375000 0.750000
vt 0.333333 0.750000
vt 0.338293 0.612087
vt 0.363301 0.583333
vt 0.375000 0.833333
vt 0.354167 1.000000
vt 0.333333 0.833333
vt 0.145833 1.000000
vt 0.125000 0.833333
vt 0.208333 0.833334
vt 0.125000 0.250000
vt 0.125000 0.250000
vt 0.125000 0.333333
vt 0.125000 0.333333
vt 0.372029 0.409555
vt 0.333333 0.373906
vt 0.333333 0.333333
vt 0.326524 0.653954
vt 0.173476 0.656881
vt 0.125000 0.750000
vt 0.208333 0.750000
vt 0.250000 0.750000
vt 0.208333 0.583333
vt 0.250000 0.583333
vt 0.250000 0.833334
vt 0.229167 1.000000
vt 0.291667 0.333333
vt 0.286230 0.394252
vt 0.280365 0.416667
vt 0.250000 0.416667
vt 0.250000 0.333333
vt 0.283927 0.583333
vt 0.299633 0.606287
vt 0.333333 0.611474
vt 0.125000 0.611480
vt 0.158730 0.606289
vt 0.174436 0.583333
vt 0.250000 0.500000
vt 0.208333 0.500000
vt 0.208333 0.416667
vt 0.208333 0.416667
vt 0.208333 0.500000
vt 0.208333 0.333333
vt 0.250000 0.333333
vt 0.208333 0.333333
vt 0.189437 0.500000
vt 0.187703 0.448929
vt 0.177998 0.416667
vt 0.166667 0.389178
vt 0.166667 0.333333
vt 0.180626 0.574836
vt 0.270833 1.000000
vt 0.095986 0.587306
vt 0.083333 0.583333
vt 0.104166 1.000000
vt 0.135296 0.663936
vt 0.080052 0.500000
vt 0.083333 0.542356
vt 0.000000 0.583333
vt 0.000000 0.500000
vt 0.083333 0.416667
vt 0.000000 0.416667
vt 1.000000 0.250000
vt 1.000000 0.333333
vt 0.395834 1.000000
vt 0.458333 0.833333
vt 0.083333 0.431132
vt 1.000000 0.583333
vt 0.916667 0.583333
vt 0.916667 0.500000
vt 1.000000 0.500000
vt 0.479167 1.000000
vt 0.916667 0.416667
vt 1.000000 0.416667
vt 0.250000 0.250000
vt 0.250000 0.250000
vt 0.208333 0.250000
vt 0.208333 0.250000
vt 0.166667 0.250000
vt 0.208333 0.250000
vt 0.166667 0.250000
vt 0.208333 0.333333
vt 0.250000 0.333333
vt 0.291667 0.333333
vt 0.250000 0.250000
vt 0.291667 0.250000
vt 0.291667 0.250000
vt 0.166667 0.333333
vt 0.333333 0.250000
vt 0.333333 0.250000
vt 0.333333 0.333333
vt 0.166667 0.250000
vt 0.125000 0.250000
vt 0.000000 0.000000
vt 0.000000 0.000000
vt 0.000000 0.000000
vt 0.000000 0.000000
vt 0.000000 0.000000
vt 0.000000 0.000000
vt 0.000000 0.000000
vt 0.000000 0.000000
vt 0.125000 0.333333
vt 0.291667 0.333333
vt 0.333333 0.333333
vt 0.000000 0.000000
vt 0.000000 0.000000
vt 0.000000 0.000000
vt 0.000000 0.000000
vt 0.333333 0.250000
vt 0.000000 0.000000
vt 0.000000 0.000000
vt 0.000000 0.000000
vt 0.000000 0.000000
vt 0.208333 0.333333
vt 0.250000 0.333333
vt 0.166667 0.333333
vt 0.625000 0.671100
vt 0.625000 0.625000
vt 0.576524 0.625000
vt 0.583644 0.669167
vt 0.375000 0.092297
vt 0.375000 0.125000
vt 0.423476 0.125000
vt 0.423476 0.088730
vt 0.576524 0.667583
vt 0.423476 0.625000
vt 0.497883 0.668710
vt 0.375000 0.086432
vt 0.375000 0.125000
vt 0.423476 0.125000
vt 0.423476 0.081043
vt 0.393892 0.081238
vt 0.095062 0.583333
vt 0.173476 0.653995
vt 0.173476 0.625000
vt 0.125000 0.625000
vt 0.125000 0.657703
vt 0.576524 0.674428
vt 0.576525 0.625000
vt 0.423476 0.625000
vt 0.423476 0.668971
vt 0.375000 0.657662
vt 0.375000 0.625000
vt 0.326524 0.625000
vt 0.576524 0.125000
vt 0.576524 0.082362
vt 0.326524 0.656909
vt 0.326524 0.625000
vt 0.242068 0.659432
vt 0.826524 0.675394
vt 0.826524 0.625000
vt 0.673476 0.625000
vt 0.692164 0.675703
vt 0.673476 0.675420
vt 0.673476 0.625000
vt 0.625000 0.625000
vt 0.638599 0.678505
vt 0.875000 0.671139
vt 0.875000 0.625000
vt 0.826525 0.625000
vt 0.826524 0.673800
vt 0.625000 0.676411
vt 0.270660 0.448928
vt 0.268925 0.500000
vt 0.267738 0.517561
vt 0.423476 0.661214
vt 0.392785 0.661082
vt 0.673476 0.673760
vt 0.375000 0.625000
vt 0.375000 0.663583
vt 0.393891 0.668777
vt 0.375000 0.542460
vt 0.173476 0.625000
vt 0.576524 0.075586
vt 0.576524 0.125000
vt 0.625000 0.125000
vt 0.625000 0.073603
vt 0.536996 0.074063
vt 0.125000 0.625000
vt 0.875000 0.676397
vt 0.875000 0.625000
vt 0.625000 0.125000
vt 0.621527 0.078190
vt 0.291667 0.250000
vt 0.250000 0.500000
vt 0.250000 0.416667
vt 0.291667 0.250000
vt 0.125000 0.250000
vt 0.208333 0.250000
vt 0.166667 0.250000
vt 0.250000 0.250000
vt 0.333333 0.250000
vt 0.375000 0.250000
vt 0.106794 0.376728
vt 0.916667 0.500000
vt 0.916667 0.718430
vt 0.833333 0.716732
vt 0.833333 0.500000
vt 0.750000 0.716053
vt 0.750000 0.500000
vt 0.666667 0.716732
vt 0.666667 0.500000
vt 0.583333 0.718430
vt 0.583333 0.500000
vt 0.500000 0.720335
vt 0.500000 0.500000
vt 0.416667 0.721887
vt 0.416667 0.500000
vt 0.333333 0.722828
vt 0.333333 0.500000
vt 0.250000 0.723103
vt 0.250000 0.500000
vt 0.166667 0.722828
vt 0.166667 0.500000
vt 0.083333 0.721887
vt 0.083333 0.500000
vt 1.000000 0.500000
vt 1.000000 0.720335
vt 0.750000 0.500000
vt 0.833333 0.500000
vt 0.000000 0.720335
vt 0.000000 0.500000
vt 0.130000 0.457846
vt 0.042154 0.370000
vt 0.010000 0.250000
vt 0.042154 0.130000
vt 0.130000 0.042154
vt 0.250000 0.010000
vt 0.370000 0.042154
vt 0.457846 0.130000
vt 0.490000 0.250000
vt 0.457846 0.370000
vt 0.370000 0.457846
vt 0.250000 0.490000
vt 0.333333 0.500000
vt 0.250000 0.500000
vt 0.250000 0.500000
vt 0.333333 0.500000
vt 0.166667 0.500000
vt 0.416667 0.500000
vt 0.500000 0.500000
vt 0.666667 0.500000
vt 0.083333 0.500000
vt 0.916667 0.500000
vt 1.000000 0.500000
vt 0.583333 0.500000
vt 0.000000 0.500000
vt 0.916667 0.500000
vt 0.833333 0.500000
vt 0.916667 0.500000
vt 0.500000 0.500000
vt 0.583333 0.500000
vt 0.750000 0.500000
vt 0.166667 0.500000
vt 0.416667 0.500000
vt 0.666667 0.500000
vt 0.083333 0.500000
vt 1.000000 0.500000
vt 0.000000 0.500000
vt 0.333333 0.500000
vt 0.583333 0.500000
vt 0.833333 0.500000
vt 0.250000 0.500000
vt 0.500000 0.500000
vt 0.750000 0.500000
vt 0.166667 0.500000
vt 1.000000 0.500000
vt 0.416667 0.500000
vt 0.666667 0.500000
vt 0.083333 0.500000
vt 0.916667 0.500000
vt 0.916667 0.718430
vt 0.833333 0.716732
vt 0.833333 0.500000
vt 0.750000 0.716053
vt 0.750000 0.500000
vt 0.666667 0.716732
vt 0.666667 0.500000
vt 0.583333 0.718430
vt 0.583333 0.500000
vt 0.500000 0.720335
vt 0.500000 0.500000
vt 0.416667 0.721887
vt 0.416667 0.500000
vt 0.333333 0.722828
vt 0.333333 0.500000
vt 0.250000 0.723103
vt 0.250000 0.500000
vt 0.166667 0.722828
vt 0.166667 0.500000
vt 0.083333 0.721887
vt 0.083333 0.500000
vt 1.000000 0.500000
vt 1.000000 0.720336
vt 0.750000 0.500000
vt 0.833333 0.500000
vt 0.000000 0.720336
vt 0.000000 0.500000
vt 0.130000 0.457846
vt 0.042154 0.370000
vt 0.010000 0.250000
vt 0.042154 0.130000
vt 0.130000 0.042154
vt 0.250000 0.010000
vt 0.370000 0.042154
vt 0.457846 0.130000
vt 0.490000 0.250000
vt 0.457846 0.370000
vt 0.370000 0.457846
vt 0.250000 0.490000
vt 0.333333 0.500000
vt 0.250000 0.500000
vt 0.250000 0.500000
vt 0.333333 0.500000
vt 0.166667 0.500000
vt 0.416667 0.500000
vt 0.500000 0.500000
vt 0.666667 0.500000
vt 0.083333 0.500000
vt 0.916667 0.500000
vt 1.000000 0.500000
vt 0.583333 0.500000
vt 0.000000 0.500000
vt 0.916667 0.500000
vt 0.833333 0.500000
vt 0.916667 0.500000
vt 0.500000 0.500000
vt 0.583333 0.500000
vt 0.750000 0.500000
vt 0.166667 0.500000
vt 0.416667 0.500000
vt 0.666667 0.500000
vt 0.083333 0.500000
vt 1.000000 0.500000
vt 0.000000 0.500000
vt 0.333333 0.500000
vt 0.583333 0.500000
vt 0.833333 0.500000
vt 0.250000 0.500000
vt 0.500000 0.500000
vt 0.750000 0.500000
vt 0.166667 0.500000
vt 1.000000 0.500000
vt 0.416667 0.500000
vt 0.666667 0.500000
vt 0.083333 0.500000
vt 0.333333 0.500000
vt 0.250000 0.500000
vt 0.250000 0.500000
vt 0.333333 0.500000
vt 0.916667 0.500000
vt 0.833333 0.500000
vt 0.833333 0.500000
vt 0.916667 0.500000
vt 0.666667 0.500000
vt 0.583333 0.500000
vt 0.583333 0.500000
vt 0.666667 0.500000
vt 0.416667 0.500000
vt 0.416667 0.500000
vt 1.000000 0.500000
vt 1.000000 0.500000
vt 0.166667 0.500000
vt 0.083333 0.500000
vt 0.083333 0.500000
vt 0.166667 0.500000
vt 0.750000 0.500000
vt 0.750000 0.500000
vt 0.500000 0.500000
vt 0.500000 0.500000
vt 0.250000 0.500000
vt 0.333333 0.500000
vt 0.000000 0.500000
vt 0.000000 0.500000
vt 0.916667 0.500000
vt 0.833333 0.500000
vt 0.916667 0.500000
vt 0.500000 0.500000
vt 0.416667 0.500000
vt 0.500000 0.500000
vt 0.166667 0.500000
vt 0.083333 0.500000
vt 0.166667 0.500000
vt 0.750000 0.500000
vt 0.000000 0.500000
vt 0.333333 0.500000
vt 0.833333 0.500000
vt 0.416667 0.500000
vt 0.083333 0.500000
vt 0.916667 0.750000
vt 0.833333 0.750000
vt 0.583333 0.500000
vt 0.666667 0.500000
vt 0.250000 0.500000
vt 0.750000 0.750000
vt 1.000000 0.500000
vt 0.583333 0.500000
vt 0.666667 0.500000
vt 1.000000 0.500000
vt 0.333333 0.750000
vt 0.416667 0.750000
vt 0.666667 0.750000
vt 0.583333 0.750000
vt 0.250000 0.750000
vt 0.500000 0.750000
vt 0.166667 0.750000
vt 0.083333 0.750000
vt 1.000000 0.750000
vt 0.000000 0.750000
vt 0.750000 0.861544
vt 0.750000 0.973087
vt 0.666667 0.975842
vt 0.666667 0.862921
vt 0.500000 0.866947
vt 0.500000 0.983895
vt 0.416667 0.986325
vt 0.416667 0.868163
vt 0.083333 0.868163
vt 0.083333 0.986325
vt 0.000000 0.983895
vt 0.000000 0.866947
vt 0.250000 0.869199
vt 0.250000 0.988398
vt 0.166667 0.987790
vt 0.166667 0.868895
vt 0.750000 0.500000
vt 0.333333 0.500000
vt 0.250000 0.500000
vt 0.250000 0.500000
vt 0.333333 0.500000
vt 0.916667 0.500000
vt 0.833333 0.500000
vt 0.833333 0.500000
vt 0.916667 0.500000
vt 0.666667 0.500000
vt 0.583333 0.500000
vt 0.583333 0.500000
vt 0.666667 0.500000
vt 0.416667 0.500000
vt 0.416667 0.500000
vt 1.000000 0.500000
vt 1.000000 0.500000
vt 0.166667 0.500000
vt 0.083333 0.500000
vt 0.083333 0.500000
vt 0.166667 0.500000
vt 0.750000 0.500000
vt 0.750000 0.500000
vt 0.500000 0.500000
vt 0.500000 0.500000
vt 0.250000 0.500000
vt 0.333333 0.500000
vt 1.000000 0.866796
vt 1.000000 0.983592
vt 0.916667 0.979808
vt 0.916667 0.864904
vt 0.000000 0.500000
vt 0.000000 0.500000
vt 0.916667 0.500000
vt 0.833333 0.500000
vt 0.916667 0.500000
vt 0.500000 0.500000
vt 0.416667 0.500000
vt 0.500000 0.500000
vt 0.166667 0.500000
vt 0.083333 0.500000
vt 0.166667 0.500000
vt 0.750000 0.500000
vt 0.000000 0.500000
vt 0.333333 0.500000
vt 0.833333 0.500000
vt 0.416667 0.500000
vt 0.083333 0.500000
vt 0.916667 0.750000
vt 0.833333 0.750000
vt 0.583333 0.500000
vt 0.666667 0.500000
vt 0.250000 0.500000
vt 0.750000 0.750000
vt 1.000000 0.500000
vt 0.583333 0.500000
vt 0.666667 0.500000
vt 1.000000 0.500000
vt 0.333333 0.868895
vt 0.333333 0.987790
vt 0.250000 0.988398
vt 0.250000 0.869199
vt 0.333333 0.750000
vt 0.416667 0.750000
vt 0.666667 0.750000
vt 0.583333 0.750000
vt 0.250000 0.750000
vt 0.500000 0.750000
vt 0.166667 0.750000
vt 0.083333 0.750000
vt 1.000000 0.750000
vt 0.000000 0.750000
vt 0.916667 0.865168
vt 0.916667 0.980337
vt 0.833333 0.975842
vt 0.833333 0.862921
vt 0.666667 0.862690
vt 0.666667 0.975380
vt 0.583333 0.979808
vt 0.583333 0.864904
vt 0.416667 0.868098
vt 0.416667 0.986197
vt 1.000000 0.866947
vt 1.000000 0.983895
vt 0.750000 0.861544
vt 0.750000 0.973087
vt 0.500000 0.866796
vt 0.500000 0.983592
vt 0.166667 0.868930
vt 0.166667 0.987860
vt 0.750000 0.500000
vt 0.833333 0.975380
vt 0.833333 0.862690
vt 0.583333 0.980337
vt 0.583333 0.865168
vt 0.333333 0.987860
vt 0.333333 0.868930
vt 0.083333 0.986197
vt 0.083333 0.868098
vt 0.000000 0.983592
vt 0.000000 0.866796
vt 0.576524 0.125000
vt 0.423476 0.625000
vt 0.826524 0.625000
vt 0.576524 0.625000
vt 0.423476 0.125000
vt 0.625000 0.125000
vt 0.173476 0.625000
vt 0.625000 0.625000
vt 0.326524 0.625000
vt 0.673476 0.625000
vt 0.125000 0.625000
vt 0.375000 0.625000
vt 0.576525 0.625000
vt 0.423476 0.125000
vt 0.173476 0.625000
vt 0.625000 0.625000
vt 0.326524 0.625000
vt 0.673476 0.625000
vt 0.125000 0.625000
vt 0.375000 0.625000
vt 0.625000 0.125000
vt 0.576524 0.125000
vt 0.423476 0.625000
vt 0.826525 0.625000
vt 0.791667 0.500000
vt 0.791667 1.000000
vt 0.750000 1.000000
vt 0.750000 0.500000
vt 0.688910 0.500000
vt 0.690305 1.000000
vt 0.666667 1.000000
vt 0.666667 0.500000
vt 0.449092 0.196653
vt 0.428501 0.146942
vt 0.457846 0.130000
vt 0.471448 0.162838
vt 0.464821 0.192439
vt 0.625000 1.000000
vt 0.625000 0.500000
vt 0.583333 1.000000
vt 0.583333 0.500000
vt 0.541666 1.000000
vt 0.541666 0.500000
vt 0.500000 1.000000
vt 0.500000 0.500000
vt 0.458333 1.000000
vt 0.458333 0.500000
vt 0.416666 1.000000
vt 0.416666 0.500000
vt 0.343412 0.500000
vt 0.345679 1.000000
vt 0.333333 1.000000
vt 0.333333 0.500000
vt 0.104255 0.104254
vt 0.071499 0.146942
vt 0.042154 0.130000
vt 0.053455 0.115272
vt 0.291667 1.000000
vt 0.291667 0.500000
vt 0.250000 1.000000
vt 0.250000 0.500000
vt 0.208333 1.000000
vt 0.208333 0.500000
vt 0.449092 0.303347
vt 0.456115 0.250000
vt 0.490000 0.250000
vt 0.481822 0.312117
vt 0.726362 1.000000
vt 0.727756 0.500000
vt 0.938134 0.199590
vt 0.944770 0.250000
vt 0.990000 0.250000
vt 0.985634 0.216839
vt 0.954522 0.195199
vt 0.395746 0.104255
vt 0.419706 0.080294
vt 0.353058 0.071499
vt 0.370000 0.042154
vt 0.303347 0.050908
vt 0.312117 0.018178
vt 0.250000 0.043885
vt 0.250000 0.010000
vt 0.196653 0.050908
vt 0.187884 0.018178
vt 0.146942 0.071499
vt 0.130000 0.042154
vt 0.404320 1.000000
vt 0.406588 0.500000
vt 0.612277 0.112277
vt 0.652615 0.081324
vt 0.630000 0.042154
vt 0.617977 0.051379
vt 0.612268 0.112268
vt 0.050908 0.196653
vt 0.018178 0.187883
vt 0.043885 0.250000
vt 0.010000 0.250000
vt 0.050908 0.303347
vt 0.018178 0.312116
vt 0.561511 1.000000
vt 0.581356 1.000000
vt 0.918636 1.000000
vt 0.938485 1.000000
vt 0.311537 1.000000
vt 0.331408 1.000000
vt 0.168619 1.000000
vt 0.188476 1.000000
vt 0.728193 1.000000
vt 0.748052 1.000000
vt 0.751921 1.000000
vt 0.771794 1.000000
vt 0.978228 1.000000
vt 0.998123 1.000000
vt 0.501871 1.000000
vt 0.521769 1.000000
vt 0.228217 1.000000
vt 0.248101 1.000000
vt 0.251926 1.000000
vt 0.271796 1.000000
vt 0.644849 1.000000
vt 0.664697 1.000000
vt 0.835282 1.000000
vt 0.855141 1.000000
vt 0.394857 1.000000
vt 0.414714 1.000000
vt 0.085305 1.000000
vt 0.105153 1.000000
vt 0.811540 1.000000
vt 0.831412 1.000000
vt 0.668562 1.000000
vt 0.688447 1.000000
vt 0.061565 1.000000
vt 0.081462 1.000000
vt 0.418546 1.000000
vt 0.438440 1.000000
vt 0.894886 1.000000
vt 0.914772 1.000000
vt 0.585210 1.000000
vt 0.605105 1.000000
vt 0.144894 1.000000
vt 0.164788 1.000000
vt 0.335233 1.000000
vt 0.355116 1.000000
vt 0.083149 1.000000
vt 0.000000 1.000000
vt 0.165905 1.000000
vt 0.083333 1.000000
vt 1.000000 1.000000
vt 0.916927 1.000000
vt 0.916667 1.000000
vt 0.834212 1.000000
vt 0.833333 1.000000
vt 0.751781 1.000000
vt 0.750000 1.000000
vt 0.668323 1.000000
vt 0.666667 1.000000
vt 0.584086 1.000000
vt 0.583333 1.000000
vt 0.500179 1.000000
vt 0.499734 1.000000
vt 0.416667 1.000000
vt 0.415778 1.000000
vt 0.333333 1.000000
vt 0.331539 1.000000
vt 0.250000 1.000000
vt 0.248332 1.000000
vt 0.166667 1.000000
vt 0.083333 1.000000
vt 0.000266 1.000000
vt 0.166667 1.000000
vt 0.084222 1.000000
vt 0.999822 1.000000
vt 0.916667 1.000000
vt 0.915914 1.000000
vt 0.833333 1.000000
vt 0.831677 1.000000
vt 0.750000 1.000000
vt 0.748219 1.000000
vt 0.666667 1.000000
vt 0.665788 1.000000
vt 0.583333 1.000000
vt 0.583073 1.000000
vt 0.500000 1.000000
vt 0.416851 1.000000
vt 0.416667 1.000000
vt 0.334095 1.000000
vt 0.333333 1.000000
vt 0.251668 1.000000
vt 0.250000 1.000000
vt 0.168461 1.000000
vt 0.478181 1.000000
vt 0.498028 1.000000
vt 0.001978 1.000000
vt 0.021822 1.000000
vt 0.427937 0.293919
vt 0.433369 0.250000
vt 0.427115 0.202542
vt 0.408790 0.158322
vt 0.379646 0.120354
vt 0.341670 0.091222
vt 0.297451 0.072911
vt 0.250000 0.066665
vt 0.202549 0.072911
vt 0.158330 0.091222
vt 0.120354 0.120354
vt 0.091210 0.158322
vt 0.072885 0.202542
vt 0.066631 0.250000
vt 0.072063 0.293919
vt 0.938133 0.300410
vt 0.981822 0.312117
vt 0.918676 0.152615
vt 0.970646 0.160901
vt 0.957846 0.130000
vt 0.887723 0.112277
vt 0.919706 0.080294
vt 0.847385 0.081324
vt 0.870000 0.042154
vt 0.800410 0.061867
vt 0.812117 0.018178
vt 0.750000 0.055230
vt 0.750000 0.010000
vt 0.699590 0.061867
vt 0.687884 0.018178
vt 0.581324 0.152615
vt 0.551380 0.117977
vt 0.542154 0.130000
vt 0.561867 0.199590
vt 0.518178 0.187883
vt 0.555230 0.250000
vt 0.510000 0.250000
vt 0.561866 0.300410
vt 0.518178 0.312116
vt 0.485361 0.214761
vt 0.100535 0.100535
vt 0.115272 0.053455
vt 0.418638 1.000000
vt 0.438486 1.000000
vt 0.061511 1.000000
vt 0.081355 1.000000
vt 0.458333 1.000000
vt 0.041667 1.000000
vt 0.085213 1.000000
vt 0.105106 1.000000
vt 0.394884 1.000000
vt 0.414768 1.000000
vt 0.125000 1.000000
vt 0.375000 1.000000
vt 0.835228 1.000000
vt 0.855114 1.000000
vt 0.644895 1.000000
vt 0.664790 1.000000
vt 0.875000 1.000000
vt 0.625000 1.000000
vt 0.001871 1.000000
vt 0.021769 1.000000
vt 0.478227 1.000000
vt 0.498121 1.000000
vt 0.041667 1.000000
vt 0.458333 1.000000
vt 0.751921 1.000000
vt 0.771794 1.000000
vt 0.728219 1.000000
vt 0.748105 1.000000
vt 0.791667 1.000000
vt 0.708333 1.000000
vt 0.335286 1.000000
vt 0.355143 1.000000
vt 0.144848 1.000000
vt 0.164695 1.000000
vt 0.375000 1.000000
vt 0.125000 1.000000
vt 0.585303 1.000000
vt 0.605151 1.000000
vt 0.894859 1.000000
vt 0.914718 1.000000
vt 0.625000 1.000000
vt 0.875000 1.000000
vt 0.168566 1.000000
vt 0.188450 1.000000
vt 0.311537 1.000000
vt 0.331408 1.000000
vt 0.208333 1.000000
vt 0.291667 1.000000
vt 0.918543 1.000000
vt 0.938438 1.000000
vt 0.561565 1.000000
vt 0.581462 1.000000
vt 0.958333 1.000000
vt 0.541667 1.000000
vt 0.668615 1.000000
vt 0.688474 1.000000
vt 0.811540 1.000000
vt 0.831412 1.000000
vt 0.708333 1.000000
vt 0.251926 1.000000
vt 0.271796 1.000000
vt 0.228191 1.000000
vt 0.248048 1.000000
vt 0.208333 1.000000
vt 0.501978 1.000000
vt 0.521822 1.000000
vt 0.978182 1.000000
vt 0.998031 1.000000
vt 0.541667 1.000000
vt 0.958333 1.000000
vt 0.421874 0.294906
vt 0.427786 0.250000
vt 0.427778 0.249937
vt 0.421728 0.203986
vt 0.421705 0.203929
vt 0.403967 0.161107
vt 0.403933 0.161062
vt 0.375714 0.124286
vt 0.338896 0.096035
vt 0.296026 0.078277
vt 0.250022 0.072217
vt 0.204018 0.078268
vt 0.161145 0.096017
vt 0.124326 0.124256
vt 0.096067 0.161062
vt 0.096033 0.161107
vt 0.078296 0.203929
vt 0.078272 0.203986
vt 0.072222 0.249937
vt 0.072214 0.250000
vt 0.078126 0.294906
vt 1.000000 0.500000
vt 1.000000 1.000000
vt 0.958333 1.000000
vt 0.958333 0.500000
vt 0.916667 1.000000
vt 0.916667 0.500000
vt 0.875000 1.000000
vt 0.875000 0.500000
vt 0.833333 1.000000
vt 0.833333 0.500000
vt 0.166666 0.500000
vt 0.166666 1.000000
vt 0.125000 1.000000
vt 0.125000 0.500000
vt 0.083333 1.000000
vt 0.083333 0.500000
vt 0.041666 1.000000
vt 0.041666 0.500000
vt -0.000000 1.000000
vt -0.000000 0.500000
vt 0.250000 0.456115
vt 0.303347 0.449092
vt 0.312117 0.481822
vt 0.250000 0.490000
vt 0.353058 0.428501
vt 0.370000 0.457846
vt 0.395746 0.395746
vt 0.419706 0.419706
vt 0.428501 0.353058
vt 0.457846 0.370000
vt 0.444974 0.313289
vt 0.477027 0.323693
vt 0.071499 0.353058
vt 0.104254 0.395746
vt 0.080294 0.419706
vt 0.042154 0.370000
vt 0.146942 0.428501
vt 0.130000 0.457846
vt 0.196653 0.449092
vt 0.187883 0.481822
vt 0.250000 0.433525
vt 0.297500 0.427271
vt 0.411516 0.336582
vt 0.432619 0.343115
vt 0.428269 0.296277
vt 0.074506 0.302977
vt 0.055026 0.313289
vt 0.462641 0.358423
vt 0.091266 0.343298
vt 0.067381 0.343115
vt 0.916667 0.774244
vt 0.916667 1.000000
vt 0.833333 1.000000
vt 0.833333 0.775245
vt 0.083333 0.774214
vt 0.083333 1.000000
vt 0.000000 1.000000
vt 0.000000 0.774381
vt 0.750000 1.000000
vt 0.750000 0.775329
vt 0.166667 0.773964
vt 0.166667 1.000000
vt 0.083333 1.000000
vt 0.083333 0.773462
vt 0.250000 0.774025
vt 0.250000 1.000000
vt 0.333333 0.774162
vt 0.333333 1.000000
vt 0.416667 0.774214
vt 0.416667 1.000000
vt 0.500000 0.774381
vt 0.500000 1.000000
vt 0.583333 0.775108
vt 0.583333 1.000000
vt 0.666667 0.775452
vt 0.666667 1.000000
vt 1.000000 0.773286
vt 1.000000 1.000000
vt 0.916667 0.775108
vt 0.916667 1.000000
vt 0.833333 1.000000
vt 0.833333 0.775452
vt 0.750000 1.000000
vt 0.750000 0.775329
vt 0.166667 0.774162
vt 0.166667 1.000000
vt 0.250000 0.774025
vt 0.250000 1.000000
vt 0.333333 0.773964
vt 0.333333 1.000000
vt 0.416667 0.773462
vt 0.416667 1.000000
vt 0.500000 0.773286
vt 0.500000 1.000000
vt 0.583333 0.774244
vt 0.583333 1.000000
vt 0.666667 0.775245
vt 0.666667 1.000000
vt 1.000000 0.774381
vt 1.000000 1.000000
vt 0.341761 0.408935
vt 0.379768 0.379768
vt 0.406706 0.345210
vt 0.409734 0.335218
vt 0.423110 0.302843
vt 0.076890 0.302843
vt 0.090266 0.335218
vt 0.093294 0.345210
vt 0.120232 0.379768
vt 0.158239 0.408935
vt 0.202500 0.427270
vt 0.800410 0.438133
vt 0.750000 0.444770
vt 0.750000 0.490000
vt 0.812117 0.481822
vt 0.847385 0.418676
vt 0.870000 0.457846
vt 0.887723 0.387723
vt 0.919706 0.419706
vt 0.918676 0.347385
vt 0.957846 0.370000
vt 0.612277 0.387723
vt 0.581324 0.347385
vt 0.542154 0.370000
vt 0.580294 0.419706
vt 0.652615 0.418676
vt 0.630000 0.457846
vt 0.699589 0.438133
vt 0.687883 0.481822
vt 0.037359 0.358423
vt 0.962641 0.358423
vt 0.922568 0.337990
vt 0.577433 0.337990
vt 0.537359 0.358423
vt 0.934242 0.309805
vt 0.977027 0.323693
vt 0.825000 1.000000
vt 0.825000 0.500000
vt 0.800000 0.500000
vt 0.800000 1.000000
vt 0.200000 1.000000
vt 0.200000 0.500000
vt 0.565758 0.309805
vt 0.522973 0.323693
vt 0.022973 0.323693
vt 0.175000 1.000000
vt 0.175000 0.500000
vt 0.250026 0.427782
vt 0.295998 0.421730
vt 0.338887 0.403970
vt 0.338929 0.403940
vt 0.375714 0.375714
vt 0.403250 0.339827
vt 0.096750 0.339827
vt 0.124254 0.375672
vt 0.161071 0.403940
vt 0.161113 0.403970
vt 0.203952 0.421714
vt 0.407519 0.330317
vt 0.418176 0.304590
vt 0.081824 0.304590
vt 0.092481 0.330317
vt 0.000000 0.773285
vt 0.000000 1.000000
vt 0.275956 0.256955
vt 0.413976 0.303183
vt 0.400187 0.336473
vt 0.922568 0.337990
vt 0.934242 0.309805
vt 0.565758 0.309805
vt 0.577433 0.337990
vt 0.263436 0.273272
vt 0.336665 0.400108
vt 0.295052 0.417344
vt 0.273272 0.263436
vt 0.400108 0.336665
vt 0.372689 0.372398
vt 0.236564 0.273272
vt 0.163335 0.400108
vt 0.127602 0.372689
vt 0.273272 0.236564
vt 0.400108 0.163335
vt 0.417344 0.204948
vt 0.269001 0.230999
vt 0.372563 0.127438
vt 0.399982 0.163171
vt 0.263436 0.226728
vt 0.336665 0.099892
vt 0.372398 0.127311
vt 0.256955 0.224044
vt 0.294861 0.082576
vt 0.336474 0.099813
vt 0.250000 0.223128
vt 0.250000 0.076670
vt 0.294656 0.082549
vt 0.243045 0.224044
vt 0.205139 0.082576
vt 0.249795 0.076697
vt 0.236564 0.226728
vt 0.163335 0.099892
vt 0.204948 0.082656
vt 0.230999 0.230999
vt 0.127438 0.127437
vt 0.163171 0.100018
vt 0.226728 0.236564
vt 0.099892 0.163335
vt 0.127311 0.127602
vt 0.224044 0.243045
vt 0.082576 0.205139
vt 0.099813 0.163527
vt 0.223128 0.250000
vt 0.076670 0.250000
vt 0.082549 0.205344
vt 0.224044 0.256955
vt 0.082576 0.294861
vt 0.076697 0.250205
vt 0.243045 0.275956
vt 0.205139 0.417424
vt 0.163527 0.400187
vt 0.269001 0.269001
vt 0.372563 0.372562
vt 0.336829 0.399982
vt 0.250000 0.276872
vt 0.250000 0.423330
vt 0.205344 0.417451
vt 0.226728 0.263436
vt 0.096445 0.328342
vt 0.082656 0.295052
vt 0.275956 0.243045
vt 0.417424 0.205139
vt 0.423303 0.249795
vt 0.276872 0.250000
vt 0.423330 0.250000
vt 0.417451 0.294656
vt 0.230999 0.269001
vt 0.127437 0.372562
vt 0.100018 0.336829
vt 0.250205 0.423303
vt 0.294861 0.417424
vt 0.403967 0.338893
vt 0.078272 0.296014
vt 0.256955 0.275956
vn 0.0000 -0.7437 -0.6685
vn -0.0000 0.0377 -0.9993
vn 0.0000 0.8660 0.5000
vn -0.4075 0.8883 0.2118
vn -0.4106 0.7840 0.4657
vn 0.9561 0.2696 -0.1146
vn 0.9668 0.2195 -0.1305
vn 0.9849 -0.0214 -0.1716
vn 0.9851 0.0017 -0.1718
vn 0.1034 -0.9831 -0.1513
vn -0.0011 -0.9958 0.0915
vn 0.0956 -0.9938 -0.0575
vn 0.7847 0.6176 0.0536
vn 0.8477 0.5305 0.0016
vn 0.9657 -0.1984 -0.1675
vn 0.9647 -0.2035 -0.1673
vn 0.9405 -0.2981 -0.1629
vn -0.2212 -0.9739 -0.0516
vn -0.3739 -0.8853 0.2765
vn -0.4116 -0.8467 0.3371
vn -0.7847 0.6176 0.0536
vn -0.8477 0.5305 0.0016
vn -0.1751 0.6293 0.7572
vn 0.7053 0.0858 0.7037
vn 0.5254 0.0238 0.8505
vn 0.6889 -0.0439 0.7235
vn 0.7469 -0.1180 0.6544
vn 0.7444 -0.0869 0.6621
vn 0.2215 -0.9738 -0.0518
vn 0.4118 -0.8461 0.3383
vn 0.3743 -0.8850 0.2770
vn -0.5572 0.3554 0.7505
vn -0.4114 0.2839 0.8661
vn 0.6794 -0.1817 0.7109
vn 0.7435 -0.2072 0.6358
vn 0.5572 0.3554 0.7505
vn 0.4114 0.2839 0.8661
vn 0.5656 -0.1418 0.8124
vn 0.7348 -0.2484 0.6312
vn 0.1787 0.1943 0.9645
vn 0.2242 0.0518 0.9732
vn 0.2784 0.0055 0.9605
vn 0.1751 0.6293 0.7572
vn 0.0921 0.5845 0.8061
vn -0.0922 0.5845 0.8061
vn -0.0328 0.8241 0.5655
vn -0.7515 0.1337 -0.6461
vn -0.7080 0.0736 -0.7023
vn -0.6902 0.0509 -0.7219
vn 0.2377 0.2768 0.9311
vn 0.2416 0.0128 0.9703
vn 0.2146 0.3940 0.8937
vn -0.0644 0.3062 0.9498
vn -0.1787 0.1943 0.9645
vn -0.0605 0.1571 0.9857
vn 0.0605 0.1571 0.9857
vn -0.0508 -0.0460 0.9976
vn 0.0508 -0.0460 0.9976
vn 0.0327 0.8241 0.5655
vn 0.1517 0.0690 0.9860
vn 0.1415 0.1469 0.9790
vn 0.1371 0.0413 0.9897
vn 0.1124 -0.0249 0.9933
vn 0.1020 0.0494 0.9936
vn 0.1038 -0.0054 0.9946
vn 0.1189 0.0387 0.9922
vn -0.2242 0.0518 0.9732
vn -0.1189 0.0387 0.9922
vn -0.1039 -0.0054 0.9946
vn -0.0000 -0.1151 0.9933
vn 0.0644 0.3062 0.9498
vn 0.6919 -0.4104 0.5940
vn 0.7254 -0.2988 0.6201
vn 0.7498 -0.1750 0.6381
vn 0.0003 0.7144 0.6997
vn -0.1132 -0.0249 0.9933
vn -0.0709 -0.1132 0.9910
vn -0.0735 -0.1263 0.9893
vn -0.1385 0.0418 0.9895
vn -0.1037 0.0500 0.9933
vn -0.1429 0.1473 0.9787
vn -0.1534 0.0693 0.9857
vn -0.2785 0.0056 0.9604
vn -0.5254 0.0239 0.8505
vn -0.7469 -0.1180 0.6544
vn -0.6888 -0.0439 0.7236
vn -0.7053 0.0858 0.7037
vn -0.7443 -0.0870 0.6621
vn -0.6791 -0.1815 0.7112
vn -0.7435 -0.2071 0.6359
vn -0.7349 -0.2482 0.6312
vn -0.5650 -0.1416 0.8128
vn -0.0956 -0.9938 -0.0575
vn -0.1033 -0.9831 -0.1513
vn 0.4106 0.7840 0.4657
vn -0.9668 0.2195 -0.1305
vn -0.9561 0.2696 -0.1146
vn -0.9851 0.0017 -0.1718
vn -0.9849 -0.0214 -0.1716
vn 0.4075 0.8883 0.2118
vn -0.9657 -0.1984 -0.1675
vn -0.9647 -0.2035 -0.1673
vn -0.9405 -0.2981 -0.1629
vn -0.0634 0.0519 -0.9966
vn 0.0226 0.0418 -0.9989
vn 0.0926 0.0512 -0.9944
vn 0.2102 0.0620 -0.9757
vn 0.1059 0.0560 -0.9928
vn 0.2269 0.0617 -0.9720
vn -0.0522 -0.0310 0.9982
vn 0.0511 -0.0313 0.9982
vn 0.1691 -0.0593 0.9838
vn -0.0784 0.0567 -0.9953
vn -0.2223 0.0633 -0.9729
vn -0.2530 0.0612 -0.9655
vn -0.1705 -0.0597 0.9835
vn 0.2978 -0.9415 0.1580
vn 0.0574 -0.9946 0.0866
vn -0.0572 -0.9944 0.0884
vn -0.2970 -0.9416 0.1588
vn 0.7068 0.0714 -0.7038
vn 0.7504 0.1323 -0.6476
vn 0.6893 0.0490 -0.7229
vn -0.2883 0.0558 -0.9559
vn -0.2500 0.0791 -0.9650
vn 0.1889 -0.1089 0.9759
vn 0.2740 0.0441 -0.9607
vn 0.2470 0.0596 -0.9672
vn -0.2415 0.0131 0.9703
vn -0.1893 -0.1100 0.9757
vn 0.2147 0.0777 -0.9736
vn 0.9624 -0.0922 -0.2554
vn -0.9405 -0.2944 0.1698
vn -0.6415 -0.0064 -0.7671
vn 0.2014 -0.1735 0.9640
vn 0.9419 -0.2939 0.1627
vn 0.6404 -0.0092 -0.7680
vn -0.9525 -0.0919 -0.2902
vn 0.0003 -0.1127 0.9936
vn -0.2017 -0.1761 0.9635
vn 0.2575 -0.8731 -0.4140
vn -0.2573 -0.8548 -0.4507
vn -0.2511 -0.5239 0.8139
vn -0.2375 -0.5453 0.8039
vn -0.3748 -0.2247 0.8995
vn -0.3720 -0.2383 0.8971
vn 0.2988 0.2858 0.9105
vn 0.2788 0.3302 0.9018
vn 0.3808 0.0267 0.9243
vn 0.3862 -0.0108 0.9224
vn -0.3806 0.0266 0.9243
vn -0.3860 -0.0109 0.9224
vn 0.8123 0.4867 0.3213
vn 0.9315 0.2788 0.2335
vn 0.9372 0.2645 0.2272
vn -0.2372 0.2770 0.9311
vn 0.0542 0.5652 0.8231
vn -0.9897 -0.1330 0.0533
vn -0.9844 -0.1723 0.0367
vn -0.9316 0.2789 0.2330
vn -0.9373 0.2647 0.2267
vn -0.2984 0.2859 0.9106
vn -0.2786 0.3297 0.9021
vn -0.0537 0.5650 0.8234
vn 0.3749 -0.2248 0.8994
vn 0.3722 -0.2382 0.8971
vn -0.2148 0.3939 0.8937
vn -0.2584 0.6666 0.6992
vn 0.4595 -0.7953 0.3954
vn 0.5952 -0.7412 0.3104
vn 0.1238 -0.7953 0.5934
vn 0.0430 -0.7691 0.6377
vn -0.4596 -0.7954 0.3951
vn -0.5954 -0.7412 0.3101
vn -0.8928 -0.4480 0.0472
vn -0.8133 -0.5665 0.1329
vn 0.2513 -0.5239 0.8138
vn 0.2377 -0.5454 0.8038
vn -0.1239 -0.7955 0.5932
vn -0.0429 -0.7692 0.6375
vn 0.0734 -0.1264 0.9893
vn 0.0708 -0.1132 0.9910
vn -0.8125 0.4868 0.3208
vn 0.2582 0.6669 0.6990
vn 0.9896 -0.1332 0.0537
vn 0.9843 -0.1726 0.0371
vn 0.8927 -0.4482 0.0475
vn 0.8131 -0.5667 0.1333
vn -0.3327 0.6799 0.6535
vn 0.3320 0.6802 0.6535
vn 0.0019 -0.7860 -0.6183
vn 0.0126 -0.7799 -0.6257
vn -0.0140 -0.7799 -0.6257
vn -0.7249 -0.2962 0.6220
vn -0.6903 -0.4099 0.5963
vn -0.7500 -0.1695 0.6393
vn 0.7613 -0.0602 0.6456
vn -0.7618 -0.0523 0.6456
vn -0.1792 -0.9434 0.2791
vn -0.0902 -0.9668 0.2389
vn 0.0770 -0.9684 0.2374
vn 0.1805 -0.9402 0.2888
vn -0.3195 0.0364 -0.9469
vn -0.2946 0.4828 -0.8247
vn -0.0532 0.7046 -0.7076
vn -0.6239 0.6402 -0.4481
vn -0.6543 0.5997 -0.4606
vn -0.7623 0.6442 0.0629
vn -0.8057 0.5899 0.0535
vn -0.6626 0.4958 0.5613
vn -0.6934 0.4538 0.5597
vn -0.3587 0.2404 0.9020
vn -0.3608 0.2357 0.9024
vn 0.2527 0.2215 0.9418
vn 0.0825 -0.0014 0.9966
vn 0.6081 -0.0005 0.7939
vn 0.5109 -0.1958 0.8371
vn 0.7646 -0.4473 0.4641
vn 0.8257 -0.3035 0.4755
vn 0.8908 -0.4533 -0.0307
vn 0.9553 -0.2957 -0.0057
vn 0.9079 -0.0105 -0.4191
vn 0.8622 -0.1671 -0.4781
vn 0.6538 0.1943 -0.7313
vn 0.5743 0.0409 -0.8176
vn 0.1570 0.2768 -0.9480
vn 0.3021 0.4523 -0.8391
vn -0.9094 0.4153 0.0245
vn -0.7424 0.4601 -0.4870
vn -0.6458 -0.7520 -0.1323
vn 0.8730 -0.0263 0.4871
vn 0.9992 0.0094 0.0396
vn 0.9391 0.3335 0.0832
vn 0.8292 0.2722 0.4883
vn 0.9073 0.1017 -0.4080
vn 0.5506 -0.0063 0.8347
vn 0.0903 0.0689 0.9935
vn -0.7817 0.3133 0.5393
vn 0.6117 0.2217 -0.7594
vn -0.3383 0.4329 -0.8355
vn 0.1638 0.3433 -0.9248
vn -0.4047 0.1853 0.8955
vn -0.3851 0.3766 -0.8425
vn -0.8118 0.2779 -0.5136
vn -0.2483 0.9589 0.1376
vn 0.0720 0.1564 0.9851
vn -0.4534 0.1201 0.8832
vn -0.9828 0.1842 -0.0123
vn 0.8592 0.3919 -0.3288
vn 0.5307 0.2113 0.8208
vn -0.8529 0.1257 0.5067
vn 0.5869 0.4326 -0.6843
vn 0.1439 0.4334 -0.8896
vn 0.3608 0.2357 0.9024
vn 0.3587 0.2404 0.9020
vn 0.6626 0.4958 0.5613
vn 0.6934 0.4538 0.5597
vn 0.7623 0.6442 0.0629
vn 0.8057 0.5899 0.0535
vn 0.6239 0.6402 -0.4481
vn 0.6543 0.5997 -0.4606
vn 0.0532 0.7046 -0.7076
vn 0.2946 0.4828 -0.8247
vn -0.3021 0.4523 -0.8391
vn -0.1570 0.2768 -0.9480
vn -0.6538 0.1943 -0.7313
vn -0.5743 0.0409 -0.8176
vn -0.9079 -0.0105 -0.4191
vn -0.8622 -0.1671 -0.4781
vn -0.8908 -0.4533 -0.0307
vn -0.9553 -0.2957 -0.0057
vn -0.7646 -0.4473 0.4641
vn -0.8257 -0.3035 0.4755
vn -0.6081 -0.0005 0.7939
vn -0.5109 -0.1958 0.8371
vn -0.0825 -0.0014 0.9966
vn -0.2527 0.2215 0.9418
vn 0.9094 0.4153 0.0245
vn 0.7817 0.3133 0.5393
vn 0.6458 -0.7520 -0.1323
vn -0.9073 0.1017 -0.4080
vn -0.9992 0.0094 0.0396
vn -0.9391 0.3335 0.0832
vn -0.8592 0.3919 -0.3288
vn -0.8730 -0.0263 0.4871
vn -0.6117 0.2217 -0.7594
vn -0.1638 0.3433 -0.9248
vn 0.7424 0.4601 -0.4870
vn -0.5506 -0.0063 0.8347
vn 0.4047 0.1853 0.8955
vn -0.0903 0.0689 0.9935
vn 0.3383 0.4329 -0.8355
vn 0.4534 0.1201 0.8832
vn 0.8529 0.1257 0.5067
vn 0.2483 0.9589 0.1376
vn -0.1439 0.4334 -0.8896
vn 0.3851 0.3766 -0.8425
vn 0.9828 0.1842 -0.0123
vn -0.8292 0.2722 0.4883
vn -0.5869 0.4326 -0.6844
vn 0.8118 0.2779 -0.5136
vn -0.5307 0.2113 0.8208
vn -0.0720 0.1564 0.9851
vn 0.7655 -0.6183 0.1780
vn 0.8233 -0.4814 -0.3008
vn 0.9823 -0.1242 -0.1400
vn 0.9199 -0.2717 0.2829
vn -0.3263 0.7327 -0.5972
vn -0.5960 0.7897 -0.1459
vn -0.7034 0.6776 -0.2148
vn -0.3329 0.7151 -0.6147
vn -0.5166 0.3388 0.7864
vn -0.1948 -0.0346 0.9802
vn -0.1961 -0.0487 0.9794
vn -0.6175 0.2129 0.7572
vn 0.5376 -0.5756 0.6161
vn 0.6728 -0.3131 0.6703
vn 0.0468 0.4985 -0.8656
vn 0.1325 0.5931 -0.7941
vn 0.6957 -0.1946 -0.6915
vn 0.4160 0.1607 -0.8951
vn 0.5562 0.3678 -0.7452
vn 0.8553 0.1085 -0.5066
vn -0.6694 0.6454 0.3678
vn -0.8197 0.4848 0.3051
vn 0.1914 -0.3667 0.9104
vn 0.2767 -0.2357 0.9316
vn 0.9956 0.0843 -0.0411
vn 0.8886 0.1914 0.4168
vn -0.3853 0.6950 -0.6070
vn -0.8271 0.4762 -0.2985
vn -0.9582 0.2258 0.1756
vn 0.2897 -0.0011 0.9571
vn 0.6766 0.0763 0.7324
vn 0.5967 0.7475 0.2917
vn 0.8386 0.4947 -0.2281
vn 0.5779 0.6504 -0.4929
vn -0.9579 0.2170 0.1881
vn 0.1520 0.7451 -0.6494
vn 0.7730 0.5931 0.2254
vn -0.2610 0.7596 -0.5957
vn -0.4527 0.8853 -0.1067
vn -0.2400 -0.0267 0.9704
vn -0.7344 0.0357 0.6777
vn -0.5299 0.7282 0.4348
vn 0.5569 -0.8211 0.1256
vn 0.3337 -0.7440 0.5789
vn -0.4610 0.3454 0.8174
vn -0.2555 -0.0965 0.9620
vn 0.6309 -0.6791 -0.3752
vn 0.0350 -0.4827 0.8751
vn 0.5296 -0.3529 -0.7714
vn 0.2961 0.0570 -0.9534
vn 0.0074 0.4533 -0.8913
vn -0.9701 -0.2080 -0.1255
vn -0.9708 -0.2159 -0.1042
vn -0.9881 -0.1374 0.0691
vn -0.9850 -0.1250 0.1187
vn -0.2714 -0.5465 0.7923
vn -0.4330 -0.5885 0.6828
vn -0.0931 -0.8785 0.4685
vn 0.0501 -0.8356 0.5471
vn -0.0501 -0.8356 0.5471
vn 0.0931 -0.8785 0.4685
vn 0.4330 -0.5885 0.6828
vn 0.2714 -0.5465 0.7923
vn 0.4209 -0.7870 -0.4511
vn 0.4815 -0.7362 -0.4755
vn 0.4450 -0.3920 -0.8052
vn 0.3220 -0.4049 -0.8558
vn -0.6957 -0.1946 -0.6915
vn -0.8233 -0.4814 -0.3008
vn -0.9823 -0.1242 -0.1400
vn -0.8553 0.1085 -0.5066
vn 0.1948 -0.0346 0.9802
vn 0.5166 0.3388 0.7864
vn 0.6175 0.2129 0.7572
vn 0.1961 -0.0487 0.9794
vn 0.5960 0.7897 -0.1459
vn 0.3263 0.7327 -0.5972
vn 0.3329 0.7151 -0.6147
vn 0.7034 0.6776 -0.2148
vn -0.4160 0.1607 -0.8951
vn -0.5562 0.3678 -0.7452
vn -0.1914 -0.3667 0.9104
vn -0.2767 -0.2357 0.9316
vn -0.7655 -0.6183 0.1779
vn -0.5376 -0.5756 0.6161
vn -0.6728 -0.3131 0.6703
vn -0.9199 -0.2717 0.2829
vn 0.6694 0.6454 0.3678
vn 0.8197 0.4848 0.3051
vn -0.0468 0.4985 -0.8656
vn -0.1325 0.5931 -0.7941
vn -0.9956 0.0843 -0.0411
vn -0.8386 0.4947 -0.2281
vn -0.2028 0.4232 -0.8830
vn -0.3821 0.3107 -0.8703
vn -0.7340 0.4356 -0.5210
vn -0.5005 0.6642 -0.5552
vn 0.2400 -0.0267 0.9704
vn 0.7344 0.0357 0.6777
vn 0.9582 0.2258 0.1756
vn -0.1520 0.7451 -0.6494
vn -0.5779 0.6504 -0.4929
vn -0.5967 0.7475 0.2917
vn -0.8886 0.1914 0.4168
vn -0.6766 0.0763 0.7324
vn 0.9579 0.2170 0.1881
vn -0.2897 -0.0011 0.9571
vn -0.7730 0.5931 0.2254
vn 0.2555 -0.0965 0.9620
vn 0.4610 0.3454 0.8174
vn 0.3853 0.6950 -0.6070
vn 0.8271 0.4762 -0.2985
vn 0.5299 0.7282 0.4348
vn -0.3220 -0.4049 -0.8558
vn -0.4450 -0.3920 -0.8052
vn -0.4815 -0.7362 -0.4755
vn -0.4209 -0.7870 -0.4511
vn -0.5296 -0.3529 -0.7714
vn -0.2961 0.0570 -0.9534
vn 0.4527 0.8853 -0.1067
vn 0.2610 0.7596 -0.5957
vn -0.6309 -0.6791 -0.3752
vn -0.0074 0.4533 -0.8913
vn -0.5569 -0.8211 0.1256
vn -0.3337 -0.7440 0.5789
vn -0.0350 -0.4827 0.8751
vn 0.5808 -0.1734 0.7953
vn 0.7902 -0.2490 0.5600
vn 0.9881 -0.1374 0.0691
vn 0.9850 -0.1250 0.1187
vn 0.9118 0.3531 -0.2095
vn 0.7340 0.4356 -0.5210
vn 0.5005 0.6642 -0.5552
vn -0.0846 0.0380 -0.9957
vn 0.0748 -0.0322 -0.9967
vn 0.9701 -0.2080 -0.1255
vn 0.9708 -0.2159 -0.1042
vn 0.9708 -0.2332 -0.0565
vn 0.2028 0.4232 -0.8830
vn 0.3821 0.3107 -0.8703
vn -0.3144 -0.9449 0.0912
vn -0.4821 -0.8761 0.0073
vn -0.9118 0.3531 -0.2095
vn -0.9708 -0.2332 -0.0565
vn -0.7902 -0.2490 0.5600
vn -0.5808 -0.1734 0.7953
vn 0.4821 -0.8761 0.0073
vn 0.3144 -0.9449 0.0912
vn -0.0748 -0.0322 -0.9967
vn 0.0846 0.0380 -0.9957
vn 0.4090 0.3888 0.8255
vn 0.3756 0.8218 0.4283
vn 0.2825 0.9528 -0.1112
vn -0.4090 0.3888 0.8255
vn -0.2825 0.9528 -0.1112
vn -0.3756 0.8218 0.4283
vn 0.1938 -0.0446 0.9800
vn 0.1891 -0.0624 0.9800
vn 0.2055 -0.0319 0.9781
vn 0.2376 0.0010 0.9714
vn 0.2378 -0.0274 0.9709
vn 0.1942 -0.0287 0.9805
vn 0.1889 -0.0259 0.9817
vn 0.2371 -0.0300 0.9710
vn 0.1770 -0.0473 0.9831
vn 0.1778 -0.0403 0.9832
vn 0.1895 -0.0471 0.9807
vn 0.2192 -0.0268 0.9753
vn 0.2114 -0.0168 0.9773
vn -0.1940 -0.0446 0.9800
vn -0.1890 -0.0259 0.9816
vn -0.2056 -0.0319 0.9781
vn -0.2377 0.0010 0.9713
vn -0.2114 -0.0169 0.9773
vn -0.1896 -0.0472 0.9807
vn -0.1780 -0.0404 0.9832
vn -0.1943 -0.0287 0.9805
vn -0.1772 -0.0474 0.9830
vn -0.2193 -0.0268 0.9753
vn -0.1892 -0.0624 0.9800
vn -0.2372 -0.0300 0.9710
vn -0.2379 -0.0274 0.9709
vn 0.0002 0.0475 0.9989
vn 0.0000 -0.0904 0.9959
vn 0.0002 0.0479 0.9989
vn 0.0002 0.1426 0.9898
vn 0.9454 0.1245 -0.3011
vn 0.9528 0.0000 -0.3035
vn 0.8810 -0.3649 -0.3011
vn 0.8252 -0.4764 -0.3035
vn 0.6472 -0.1745 0.7421
vn 0.5808 -0.3106 0.7525
vn 0.5819 -0.3090 0.7523
vn 0.6357 -0.2170 0.7408
vn 0.6476 -0.1726 0.7421
vn 0.6738 -0.6738 -0.3035
vn 0.4764 -0.8252 -0.3035
vn 0.2466 -0.9204 -0.3035
vn 0.0000 -0.9528 -0.3035
vn -0.2466 -0.9204 -0.3035
vn -0.4683 -0.8299 -0.3031
vn -0.4679 -0.8302 -0.3031
vn -0.7793 -0.5497 -0.3009
vn -0.8346 -0.4602 -0.3027
vn -0.8350 -0.4595 -0.3027
vn -0.5175 -0.3846 0.7644
vn -0.5622 -0.3190 0.7630
vn -0.5625 -0.3184 0.7630
vn -0.9204 -0.2466 -0.3035
vn -0.9528 -0.0000 -0.3035
vn -0.9454 0.1245 -0.3011
vn 0.6440 0.0848 0.7603
vn 0.6548 -0.0235 0.7554
vn 0.6547 -0.0213 0.7556
vn 0.9454 -0.1245 -0.3011
vn -0.1311 0.0351 -0.9907
vn -0.1358 -0.0001 -0.9907
vn -0.2490 -0.0000 -0.9685
vn -0.2489 0.0328 -0.9680
vn -0.2405 0.0645 -0.9685
vn 0.4613 -0.4623 0.7573
vn 0.4622 -0.4614 0.7573
vn 0.3268 -0.5669 0.7562
vn 0.3275 -0.5665 0.7562
vn 0.1693 -0.6329 0.7555
vn 0.1698 -0.6328 0.7555
vn -0.0000 -0.6555 0.7552
vn -0.1693 -0.6329 0.7555
vn -0.1698 -0.6328 0.7555
vn -0.3235 -0.5663 0.7580
vn -0.3246 -0.5656 0.7581
vn -0.5651 -0.7681 -0.3011
vn 0.0948 0.0939 -0.9911
vn 0.0671 0.1173 -0.9908
vn 0.1232 0.2152 -0.9688
vn 0.1499 0.1985 -0.9686
vn 0.1745 0.1718 -0.9695
vn -0.6271 -0.1690 0.7604
vn -0.6275 -0.1673 0.7604
vn -0.6474 -0.0010 0.7622
vn -0.6474 0.0008 0.7622
vn -0.6440 0.0848 0.7603
vn 0.1137 0.4627 -0.8792
vn 0.1800 0.4634 -0.8677
vn 0.1963 0.7948 -0.5742
vn 0.1240 0.7987 -0.5889
vn 0.1505 -0.8540 -0.4980
vn 0.2371 -0.8462 -0.4772
vn 0.2211 -0.4340 -0.8733
vn 0.1389 -0.4326 -0.8908
vn 0.1400 0.9533 0.2675
vn 0.2215 0.9385 0.2647
vn 0.2225 0.8321 0.5081
vn 0.1427 0.8447 0.5158
vn 0.1142 -0.0496 0.9922
vn 0.1742 -0.0492 0.9835
vn 0.1653 -0.4615 0.8716
vn 0.1088 -0.4643 0.8789
vn 0.1423 -0.9861 0.0861
vn 0.2208 -0.9708 0.0934
vn 0.2031 0.9053 -0.3731
vn 0.1297 0.9183 -0.3741
vn 0.1910 0.0564 -0.9800
vn 0.1201 0.0564 -0.9912
vn 0.2021 0.4408 0.8746
vn 0.1309 0.4441 0.8864
vn 0.1845 -0.7887 0.5864
vn 0.1205 -0.7972 0.5915
vn 0.7977 0.2610 -0.5436
vn 0.7277 0.0351 -0.6849
vn 0.7371 0.0629 -0.6729
vn 0.8054 0.2857 -0.5193
vn 0.6561 -0.3010 -0.6920
vn 0.8292 0.4230 -0.3653
vn 0.8296 0.4450 -0.3372
vn 0.8288 0.5515 -0.0945
vn 0.8271 0.5584 -0.0640
vn 0.8159 0.5106 0.2712
vn 0.8160 0.5169 0.2587
vn 0.8351 0.2507 0.4896
vn 0.8296 0.2895 0.4775
vn 0.8554 -0.0301 0.5172
vn 0.8538 0.0069 0.5205
vn 0.8395 -0.2676 0.4728
vn 0.8435 -0.2417 0.4796
vn 0.7895 -0.5147 0.3343
vn 0.7949 -0.4957 0.3498
vn 0.7188 -0.6944 0.0317
vn 0.6453 -0.6440 -0.4109
vn -0.8395 -0.2676 0.4728
vn -0.7895 -0.5147 0.3343
vn -0.7949 -0.4957 0.3498
vn -0.8435 -0.2417 0.4796
vn -0.7188 -0.6944 0.0317
vn -0.8554 -0.0301 0.5172
vn -0.8538 0.0069 0.5205
vn -0.8351 0.2507 0.4896
vn -0.8296 0.2895 0.4775
vn -0.8159 0.5106 0.2712
vn -0.8160 0.5169 0.2587
vn -0.8288 0.5515 -0.0945
vn -0.8271 0.5584 -0.0640
vn -0.8292 0.4230 -0.3653
vn -0.8296 0.4450 -0.3372
vn -0.7977 0.2610 -0.5436
vn -0.8054 0.2857 -0.5193
vn -0.7277 0.0351 -0.6849
vn -0.7371 0.0629 -0.6729
vn -0.6561 -0.3010 -0.6920
vn -0.6453 -0.6441 -0.4109
vn -0.5597 -0.1505 0.8150
vn -0.5109 -0.0004 0.8596
vn -0.4784 0.0009 0.8781
vn -0.4789 -0.0630 0.8756
vn -0.4921 0.1313 0.8606
vn -0.4593 0.1240 0.8796
vn -0.4400 0.2535 0.8615
vn -0.4095 0.2373 0.8809
vn -0.3584 0.3579 0.8623
vn -0.3327 0.3336 0.8821
vn -0.2530 0.4377 0.8628
vn -0.2344 0.4068 0.8829
vn -0.1308 0.4877 0.8632
vn -0.1210 0.4526 0.8835
vn 0.0000 0.5047 0.8633
vn 0.0000 0.4682 0.8836
vn 0.1308 0.4877 0.8632
vn 0.1210 0.4526 0.8835
vn 0.2530 0.4377 0.8628
vn 0.2344 0.4068 0.8829
vn 0.3584 0.3579 0.8622
vn 0.3327 0.3336 0.8821
vn 0.4400 0.2535 0.8615
vn 0.4095 0.2373 0.8809
vn 0.4921 0.1313 0.8606
vn 0.4593 0.1240 0.8796
vn 0.5109 -0.0004 0.8596
vn 0.4784 0.0009 0.8781
vn 0.5597 -0.1505 0.8150
vn 0.4789 -0.0630 0.8756
vn -0.0896 -0.0119 -0.9959
vn -0.2489 -0.0328 -0.9680
vn -0.1176 0.0678 -0.9907
vn -0.2319 0.0961 -0.9680
vn -0.2157 0.1245 -0.9685
vn -0.0960 0.0959 -0.9907
vn -0.1761 0.1761 -0.9685
vn -0.0679 0.1175 -0.9907
vn -0.1245 0.2157 -0.9685
vn -0.0351 0.1311 -0.9907
vn -0.0645 0.2405 -0.9685
vn -0.0000 0.1357 -0.9908
vn -0.0000 0.2490 -0.9685
vn 0.0351 0.1311 -0.9907
vn 0.0645 0.2405 -0.9685
vn 0.1172 0.0660 -0.9909
vn 0.1977 0.1462 -0.9693
vn 0.2147 0.1216 -0.9691
vn 0.1311 0.0351 -0.9907
vn 0.2405 0.0645 -0.9685
vn 0.1358 -0.0001 -0.9907
vn 0.2490 0.0000 -0.9685
vn 0.0896 -0.0119 -0.9959
vn 0.2489 -0.0328 -0.9680
vn 0.8634 0.4472 -0.2336
vn 0.5241 -0.8190 -0.2336
vn 0.6579 -0.1294 0.7419
vn 0.2346 -0.9539 -0.1870
vn -0.9699 0.1116 -0.2163
vn -0.3937 -0.5202 0.7579
vn -0.1910 0.0564 -0.9800
vn -0.1201 0.0564 -0.9912
vn -0.1137 0.4627 -0.8792
vn -0.1800 0.4634 -0.8677
vn -0.0000 0.0519 -0.9987
vn -0.0000 0.4644 -0.8856
vn -0.1845 -0.7887 0.5864
vn -0.1205 -0.7972 0.5915
vn -0.1423 -0.9861 0.0861
vn -0.2208 -0.9708 0.0934
vn 0.0000 -0.8072 0.5902
vn 0.0000 -0.9265 0.3762
vn -0.2020 0.4408 0.8746
vn -0.1309 0.4441 0.8864
vn -0.1142 -0.0496 0.9922
vn -0.1742 -0.0492 0.9835
vn 0.0000 0.4526 0.8917
vn 0.0000 -0.0456 0.9990
vn -0.1653 -0.4615 0.8716
vn -0.1088 -0.4643 0.8789
vn -0.0000 -0.4677 0.8839
vn -0.2225 0.8321 0.5081
vn -0.1427 0.8447 0.5158
vn 0.0000 0.8554 0.5179
vn -0.2211 -0.4340 -0.8733
vn -0.1389 -0.4326 -0.8908
vn -0.0000 -0.4394 -0.8983
vn -0.1963 0.7948 -0.5742
vn -0.1240 0.7987 -0.5889
vn -0.1297 0.9183 -0.3741
vn -0.2031 0.9053 -0.3731
vn -0.0000 0.8064 -0.5913
vn -0.0000 0.9277 -0.3733
vn -0.1505 -0.8540 -0.4980
vn -0.2371 -0.8462 -0.4772
vn -0.0000 -0.9729 -0.2313
vn -0.0000 -0.8614 -0.5079
vn -0.2215 0.9385 0.2647
vn -0.1400 0.9533 0.2675
vn 0.0000 0.9632 0.2688
vn -0.5344 -0.1494 0.8319
vn -0.5473 0.0001 0.8369
vn -0.5284 0.1414 0.8371
vn -0.4735 0.2732 0.8374
vn -0.3863 0.3862 0.8376
vn -0.2731 0.4728 0.8378
vn -0.1413 0.5272 0.8379
vn 0.0000 0.5458 0.8379
vn 0.1413 0.5272 0.8379
vn 0.2731 0.4728 0.8378
vn 0.3863 0.3862 0.8376
vn 0.4735 0.2732 0.8374
vn 0.5284 0.1414 0.8371
vn 0.5473 0.0001 0.8369
vn 0.5344 -0.1494 0.8319
vn -0.0000 0.9528 -0.3035
vn 0.2466 0.9204 -0.3035
vn 0.4764 0.8252 -0.3035
vn 0.6738 0.6738 -0.3035
vn 0.7565 0.5805 -0.3011
vn -0.7565 0.5805 -0.3011
vn -0.6738 0.6738 -0.3035
vn -0.4764 0.8252 -0.3035
vn -0.2466 0.9204 -0.3035
vn -0.0000 0.6394 0.7689
vn 0.1658 0.6178 0.7687
vn 0.1654 0.6179 0.7687
vn 0.3206 0.5544 0.7680
vn 0.3199 0.5548 0.7680
vn 0.4542 0.4533 0.7669
vn 0.4534 0.4541 0.7670
vn 0.5123 0.3931 0.7636
vn 0.4167 -0.7596 0.4994
vn 0.4033 -0.7670 0.4991
vn 0.6182 -0.6160 0.4882
vn -0.5123 0.3931 0.7636
vn -0.4542 0.4533 0.7669
vn -0.4534 0.4541 0.7670
vn -0.3206 0.5544 0.7680
vn -0.3199 0.5548 0.7680
vn -0.1658 0.6178 0.7687
vn -0.1654 0.6179 0.7687
vn 0.0000 -0.5173 0.8558
vn -0.1337 -0.4995 0.8560
vn -0.1267 -0.4721 0.8724
vn 0.0000 -0.4892 0.8722
vn -0.2528 0.8552 0.4524
vn -0.4583 0.7816 0.4231
vn -0.2428 0.8577 0.4532
vn 0.1247 -0.8741 0.4694
vn -0.4033 -0.7670 0.4991
vn -0.1247 -0.8741 0.4694
vn -0.4167 -0.7596 0.4994
vn -0.0613 0.8858 0.4600
vn 0.4583 0.7816 0.4231
vn 0.2528 0.8552 0.4524
vn 0.2428 0.8577 0.4532
vn -0.5447 -0.0927 -0.8335
vn -0.5744 -0.0485 -0.8171
vn -0.6608 0.1003 -0.7438
vn -0.0422 -0.6289 0.7763
vn -0.0444 -0.6299 0.7754
vn 0.2806 -0.4268 0.8597
vn 0.2697 -0.4362 0.8585
vn -0.8241 0.4789 -0.3026
vn 0.3193 -0.6799 -0.6602
vn 0.3683 -0.6987 -0.6134
vn -0.0265 -0.5205 -0.8534
vn -0.0498 -0.5093 -0.8592
vn 0.5333 -0.7377 -0.4140
vn 0.4177 -0.7669 0.4873
vn 0.4165 -0.7666 0.4887
vn 0.5774 -0.7783 0.2467
vn 0.0422 -0.6289 0.7763
vn 0.0444 -0.6299 0.7754
vn -0.2697 -0.4362 0.8585
vn -0.2806 -0.4268 0.8597
vn -0.5180 -0.1470 0.8427
vn -0.5360 -0.1171 0.8360
vn -0.7408 0.2626 0.6182
vn -0.7488 0.2813 0.6001
vn -0.3236 -0.3324 -0.8859
vn -0.3324 -0.3251 -0.8854
vn -0.7985 0.4666 0.3803
vn 0.5180 -0.1470 0.8427
vn 0.5360 -0.1171 0.8360
vn 0.7488 0.2813 0.6001
vn 0.7408 0.2626 0.6182
vn 0.7985 0.4666 0.3803
vn -0.4177 -0.7669 0.4873
vn -0.4165 -0.7666 0.4887
vn -0.5774 -0.7783 0.2467
vn -0.3193 -0.6799 -0.6602
vn -0.3683 -0.6987 -0.6134
vn -0.5333 -0.7377 -0.4140
vn 0.0498 -0.5093 -0.8592
vn 0.0265 -0.5205 -0.8534
vn 0.3236 -0.3324 -0.8859
vn 0.3324 -0.3251 -0.8854
vn 0.5447 -0.0927 -0.8335
vn 0.5744 -0.0485 -0.8171
vn 0.6608 0.1003 -0.7438
vn 0.8241 0.4789 -0.3026
vn -0.2580 -0.4473 0.8564
vn -0.2442 -0.4221 0.8730
vn -0.3641 -0.3647 0.8570
vn -0.3441 -0.3432 0.8740
vn -0.5013 -0.2910 0.8148
vn -0.3873 -0.2972 0.8728
vn -0.6976 -0.2895 0.6554
vn 0.5013 -0.2910 0.8148
vn 0.6976 -0.2895 0.6554
vn 0.3641 -0.3647 0.8570
vn 0.3441 -0.3432 0.8740
vn 0.3873 -0.2972 0.8727
vn 0.2580 -0.4473 0.8564
vn 0.2442 -0.4221 0.8730
vn 0.1337 -0.4995 0.8560
vn 0.1267 -0.4721 0.8724
vn -0.0351 -0.1312 -0.9907
vn 0.0000 -0.1358 -0.9907
vn 0.0000 -0.2490 -0.9685
vn -0.0645 -0.2405 -0.9685
vn -0.0679 -0.1177 -0.9907
vn -0.1245 -0.2157 -0.9685
vn -0.0960 -0.0961 -0.9907
vn -0.1761 -0.1761 -0.9685
vn -0.0722 -0.0555 -0.9958
vn -0.1992 -0.1528 -0.9680
vn 0.0960 -0.0961 -0.9907
vn 0.0722 -0.0555 -0.9958
vn 0.1992 -0.1528 -0.9680
vn 0.1761 -0.1761 -0.9685
vn 0.0679 -0.1177 -0.9907
vn 0.1245 -0.2157 -0.9685
vn 0.0351 -0.1312 -0.9907
vn 0.0645 -0.2405 -0.9685
vn 0.0613 0.8858 0.4600
vn -0.5223 0.7248 -0.4492
vn 0.5223 0.7248 -0.4492
vn 0.1212 -0.8561 -0.5023
vn 0.0952 0.9801 -0.1742
vn -0.2319 -0.0961 -0.9680
vn 0.5763 0.2387 0.7816
vn 0.7937 -0.5784 -0.1886
vn 0.8810 0.3649 -0.3011
vn -0.7937 -0.5784 -0.1886
vn 0.2319 -0.0961 -0.9680
vn -0.1212 -0.8561 -0.5023
vn -0.5763 0.2387 0.7816
vn -0.6182 -0.6160 0.4882
vn -0.8810 0.3649 -0.3011
vn -0.0952 0.9801 -0.1742
vn 0.0000 -0.5490 0.8358
vn -0.1420 -0.5302 0.8359
vn -0.2743 -0.4753 0.8360
vn -0.3875 -0.3880 0.8363
vn -0.4836 -0.2729 0.8316
vn 0.4836 -0.2729 0.8316
vn 0.3875 -0.3880 0.8363
vn 0.2743 -0.4753 0.8360
vn 0.1420 -0.5302 0.8359
vn 0.7351 0.3830 -0.5594
vn 0.4289 0.6108 -0.6656
vn 0.9319 0.2351 -0.2762
vn 0.9837 0.1672 0.0667
vn 0.9842 0.1683 0.0559
vn 0.8997 0.1667 0.4034
vn 0.8953 0.1677 0.4126
vn 0.6903 0.2497 0.6791
vn 0.3998 0.4359 0.8063
vn 0.1385 0.6793 0.7207
vn 0.1482 0.6683 0.7290
vn -0.0134 0.8820 0.4710
vn -0.0103 0.8767 0.4809
vn -0.0618 0.9876 0.1442
vn -0.0619 0.9892 0.1327
vn -0.0185 0.9782 -0.2069
vn -0.0096 0.9710 -0.2389
vn 0.1426 0.8427 -0.5192
vn -0.6903 0.2497 0.6791
vn -0.3998 0.4359 0.8063
vn -0.8997 0.1667 0.4034
vn -0.8953 0.1677 0.4126
vn -0.9837 0.1672 0.0667
vn -0.9842 0.1683 0.0559
vn -0.9319 0.2351 -0.2762
vn -0.7351 0.3830 -0.5594
vn -0.4289 0.6108 -0.6656
vn -0.1426 0.8427 -0.5192
vn 0.0185 0.9782 -0.2069
vn 0.0096 0.9710 -0.2389
vn 0.0618 0.9876 0.1442
vn 0.0619 0.9892 0.1327
vn 0.0134 0.8820 0.4710
vn 0.0103 0.8767 0.4809
vn -0.1385 0.6793 0.7207
vn -0.1482 0.6683 0.7290
vn 0.0000 0.0000 1.0000
vn 0.0151 0.0040 0.9999
vn 0.0135 0.0078 0.9999
vn -0.0000 -0.0002 -1.0000
vn 0.0078 0.0135 0.9999
vn 0.0040 0.0151 0.9999
vn 0.0111 0.0111 0.9999
vn -0.0078 0.0135 0.9999
vn -0.0111 0.0111 0.9999
vn 0.0135 -0.0078 0.9999
vn 0.0151 -0.0040 0.9999
vn 0.0111 -0.0111 0.9999
vn 0.0078 -0.0135 0.9999
vn 0.0040 -0.0151 0.9999
vn 0.0000 -0.0156 0.9999
vn -0.0040 -0.0151 0.9999
vn -0.0078 -0.0135 0.9999
vn -0.0111 -0.0111 0.9999
vn -0.0135 -0.0078 0.9999
vn -0.0151 -0.0040 0.9999
vn -0.0156 -0.0000 0.9999
vn -0.0151 0.0040 0.9999
vn -0.0040 0.0151 0.9999
vn -0.0000 0.0156 0.9999
vn -0.0135 0.0078 0.9999
vn -0.6634 -0.4072 0.6278
vn -0.5876 -0.6009 0.5419
vn -0.6617 -0.4131 0.6257
vn 0.7520 -0.1902 0.6311
vn 0.8308 -0.0185 0.5562
vn 0.7571 -0.1811 0.6277
vn -0.8308 -0.0185 0.5562
vn -0.7520 -0.1902 0.6311
vn -0.7571 -0.1811 0.6277
vn 0.0156 -0.0000 0.9999
vn 0.5876 -0.6009 0.5419
vn 0.6634 -0.4072 0.6278
vn 0.6617 -0.4131 0.6257
vn 0.1688 0.6298 0.7582
vn -0.0000 0.6521 0.7581
vn 0.1687 0.6298 0.7582
vn 0.3260 0.5646 0.7583
vn 0.3259 0.5646 0.7583
vn 0.4599 0.4606 0.7592
vn 0.4597 0.4607 0.7592
vn 0.5637 0.3300 0.7572
vn 0.5678 0.3236 0.7569
vn 0.6518 -0.0007 0.7584
vn 0.6325 0.1654 0.7567
vn 0.6309 0.1724 0.7564
vn 0.6518 -0.0005 0.7584
vn 0.6302 -0.1690 0.7578
vn 0.6303 -0.1688 0.7578
vn 0.5649 -0.3263 0.7579
vn 0.5650 -0.3261 0.7579
vn 0.4611 -0.4612 0.7581
vn 0.4612 -0.4611 0.7581
vn 0.3260 -0.5648 0.7582
vn 0.3261 -0.5647 0.7582
vn 0.1687 -0.6298 0.7582
vn 0.1688 -0.6298 0.7582
vn -0.0000 -0.6520 0.7582
vn -0.1687 -0.6298 0.7582
vn -0.1688 -0.6298 0.7582
vn -0.3260 -0.5648 0.7582
vn -0.3261 -0.5647 0.7581
vn -0.4611 -0.4612 0.7581
vn -0.4612 -0.4611 0.7581
vn -0.5649 -0.3263 0.7579
vn -0.5650 -0.3261 0.7579
vn -0.6302 -0.1690 0.7578
vn -0.6303 -0.1688 0.7578
vn -0.6518 -0.0007 0.7584
vn -0.6518 -0.0005 0.7584
vn -0.6325 0.1654 0.7567
vn -0.6309 0.1724 0.7564
vn -0.4599 0.4606 0.7592
vn -0.5637 0.3300 0.7572
vn -0.5678 0.3236 0.7569
vn -0.4597 0.4607 0.7592
vn -0.3260 0.5646 0.7583
vn -0.3259 0.5646 0.7583
vn -0.1688 0.6298 0.7582
vn -0.1687 0.6298 0.7582
usemtl White
s 1
f 81/1/1 31/2/1 140/3/1
s 2
f 26/4/2 76/5/2 25/6/2
s 3
f 25/7/3 76/5/4 70/8/5
s 4
f 26/4/2 27/9/2 77/10/2 76/5/2
s 5
f 28/11/6 34/12/7 35/13/8 29/14/9
s 6
f 37/15/10 140/16/11 31/2/12
s 7
f 27/9/13 33/17/14 34/12/7 28/11/6
s 8
f 30/18/15 36/19/16 37/15/17 31/2/17
s 9
f 69/20/18 68/21/19 75/22/20
s 10
f 70/8/5 76/5/4 77/10/21 71/23/22
s 11
f 29/14/9 35/13/8 36/19/16 30/18/15
s 12
f 25/24/3 70/25/5 64/26/23
s 13
f 34/12/24 40/27/25 121/28/26 122/29/27 35/13/28
s 14
f 43/30/29 37/15/30 42/31/31
s 15
f 64/26/23 70/25/5 71/32/32 65/33/33
s 16
f 35/13/28 122/34/27 41/35/34 36/19/35
s 17
f 33/17/36 39/36/37 40/27/25 34/12/24
s 18
f 36/19/35 41/35/34 42/31/38 37/15/39
s 19
f 39/36/37 45/37/40 118/38/41 120/39/42 40/27/25
s 20
f 38/40/43 25/41/3 44/42/44
s 21
f 25/43/3 60/44/45 55/45/46
s 22
f 63/46/47 98/47/48 97/48/49 62/49/47
s 23
f 39/36/37 38/40/43 44/42/44 45/37/40
s 24
f 42/31/38 41/50/34 119/51/50 46/52/51
s 25
f 119/53/50 110/54/52 46/52/51
s 26
f 55/45/53 60/44/45 61/55/54 56/56/55
s 27
f 50/57/56 56/56/55 57/58/57 51/59/58
s 28
f 49/60/59 25/61/3 55/45/46
s 29
f 48/62/60 108/63/61 113/64/62 53/65/63 54/66/64
s 30
f 109/67/65 111/68/66 118/69/41 45/37/40 50/57/56 51/59/58
s 31
f 100/70/67 101/71/68 102/72/69 57/58/57 56/56/55 61/55/54
s 32
f 52/73/70 51/59/58 57/58/57
s 33
f 50/57/56 49/60/71 55/45/53 56/56/55
s 34
f 52/74/72 58/75/73 138/76/74 135/77/72
s 35
f 84/78/75 54/66/75 137/79/75 139/80/75
s 36
f 58/75/76 52/74/70 115/81/77 116/82/78 117/83/79
s 37
f 84/78/80 58/75/76 117/83/79 107/84/81 86/85/82
s 38
f 52/74/70 57/58/57 102/86/69 115/81/77
s 39
f 25/87/3 49/60/59 44/42/44
s 40
f 99/88/83 100/70/67 61/55/54 65/33/33 66/89/84
s 41
f 60/44/45 25/90/3 64/26/23
s 42
f 108/91/61 48/62/60 110/54/52
s 43
f 61/55/54 60/44/45 64/26/23 65/33/33
s 44
f 104/92/85 103/93/86 66/89/84 72/94/87 73/95/88
s 45
f 67/96/89 74/97/90 75/22/91 68/21/92
s 46
f 81/1/93 140/98/11 75/99/94
s 47
f 25/100/3 38/40/43 32/101/95
s 48
f 65/33/33 71/32/32 72/94/87 66/89/84
s 49
f 104/92/85 73/95/88 74/97/90 67/102/89
s 50
f 72/103/96 78/104/97 79/105/98 73/106/99
s 51
f 25/107/3 32/101/95 26/4/100
s 52
f 73/106/99 79/105/98 80/108/101 74/109/102
s 53
f 71/23/22 77/10/21 78/104/97 72/103/96
s 54
f 74/109/102 80/108/101 81/1/103 75/99/103
s 55
f 29/14/2 79/105/2 78/104/2 28/11/2
s 56
f 30/18/2 80/108/2 79/105/2 29/14/2
s 57
f 27/9/2 28/11/2 78/104/2 77/10/2
s 58
f 31/2/2 81/1/2 80/108/2 30/18/2
s 59
f 37/15/10 43/30/29 140/16/11
s 60
f 88/110/104 130/111/105 127/112/105 87/113/106
s 61
f 59/114/107 85/115/108 87/113/106 93/116/109
s 62
f 54/66/64 84/78/80 91/117/110 94/118/111
s 63
f 48/62/60 54/66/64 94/118/111 92/119/112
s 64
f 85/115/108 83/120/113 88/110/104 87/113/106
s 65
f 83/120/113 82/121/114 89/122/115 88/110/104
s 66
f 84/78/80 86/85/82 90/123/116 91/117/110
s 67
f 43/30/29 42/31/31 46/52/117 47/124/118
s 68
f 69/20/18 63/46/119 62/49/120 68/21/19
s 69
f 96/125/121 47/124/122 46/52/122 95/126/123
s 70
f 96/125/124 89/122/115 82/121/114 47/124/125
s 71
f 46/52/51 48/62/60 92/119/112 95/126/126
s 72
f 93/116/109 131/127/127 134/128/127 98/47/128
s 73
f 62/49/129 97/48/130 90/123/116 86/85/82
s 74
f 63/46/131 59/114/107 93/116/109 98/47/128
s 75
f 94/129/132 129/130/132 130/131/132 88/132/132
s 76
f 89/133/133 123/134/133 125/135/133 92/136/133
s 77
f 98/47/48 134/128/134 133/137/134 97/48/49
s 78
f 92/119/112 125/138/135 126/139/135 95/126/126
s 79
f 93/140/136 90/141/136 132/142/136 131/143/136
s 80
f 96/125/121 95/126/123 126/139/137 124/144/137
s 81
f 91/145/138 87/146/138 127/147/138 128/148/138
s 82
f 91/117/110 128/149/139 129/150/139 94/118/111
s 83
f 97/48/130 133/137/140 132/151/140 90/123/116
s 84
f 91/117/141 90/123/141 93/140/141 87/113/141
s 85
f 88/110/142 89/122/142 92/136/142 94/118/142
s 86
f 120/152/143 2/153/144 1/154/145 121/155/146
s 87
f 67/156/147 17/157/148 16/158/149 104/159/150
s 88
f 121/160/146 1/154/145 12/161/151 122/162/152
s 89
f 108/163/153 7/164/153 6/165/154 112/166/155 113/167/153
s 90
f 103/93/86 99/168/83 66/89/84
s 91
f 105/169/156 18/170/157 17/171/148 67/172/147
s 92
f 115/173/158 23/174/159 22/175/160 116/176/161
s 93
f 41/177/162 10/178/163 9/179/164 119/53/50
s 94
f 104/159/150 16/158/149 15/180/165 103/181/166
s 95
f 106/182/167 19/183/168 18/170/157 105/184/156
s 96
f 111/185/169 5/186/170 11/187/171 118/188/172
s 97
f 101/189/173 21/190/174 24/191/175 102/192/176
s 98
f 99/193/177 14/194/178 13/195/179 100/196/180
s 99
f 100/196/180 13/195/179 21/190/174 101/189/173
s 100
f 102/197/176 24/191/175 23/174/159 115/173/158
s 101
f 113/64/62 112/198/181 114/199/182 52/73/70 53/65/63
s 102
f 114/200/182 109/67/65 51/59/58 52/73/70
s 103
f 122/201/152 12/161/151 10/178/163 41/202/162
s 104
f 118/203/172 11/187/171 2/153/144 120/152/143
s 105
f 116/176/161 22/175/160 20/204/183 107/205/183 117/206/183
s 106
f 120/39/42 121/207/26 40/27/25
s 107
f 119/53/50 9/179/164 8/208/184 110/54/52
s 108
f 114/209/185 4/210/186 3/211/187 109/212/188
s 109
f 112/166/155 6/165/154 4/210/186 114/213/185
s 110
f 107/205/189 20/204/189 19/183/168 106/182/167
s 111
f 110/54/52 8/208/184 7/214/190 108/91/190
s 112
f 109/215/188 3/216/187 5/186/170 111/185/169
s 113
f 103/181/166 15/180/165 14/217/178 99/218/177
s 114
f 127/112/191 130/111/191 129/150/191 128/149/191
s 115
f 124/144/192 126/139/192 125/138/192 123/219/192
s 116
f 131/127/193 132/151/193 133/137/193 134/128/193
s 117
f 53/65/194 52/73/195 135/220/195 136/221/196
s 118
f 58/75/73 84/78/197 139/80/197 138/76/74
s 119
f 54/66/198 53/65/194 136/221/196 137/79/198
s 120
f 82/121/199 83/120/200 140/222/11
s 121
f 69/20/18 75/99/94 140/223/11
s 122
f 85/115/201 59/114/202 140/224/11
s 123
f 59/114/202 63/46/119 140/225/11
s 124
f 83/120/200 85/115/201 140/226/11
s 125
f 47/124/118 82/121/199 140/227/11
s 126
f 32/101/95 38/40/43 39/36/37 33/17/36
s 127
f 43/30/29 47/124/118 140/228/11
s 128
f 63/46/119 69/20/18 140/223/11
s 129
f 26/4/100 32/101/95 33/17/14 27/9/13
s 156
f 96/125/124 124/144/203 123/219/203 89/122/115
s 157
f 44/42/44 49/60/71 50/57/56 45/37/40
s 158
f 62/49/129 105/229/156 67/96/89 68/21/92
s 159
f 46/52/51 110/54/52 48/62/60
s 160
f 107/84/81 106/182/167 86/85/82
s 161
f 105/184/156 62/49/129 106/182/167
s 162
f 86/85/82 106/182/167 62/49/129
s 234
f 215/230/204 645/231/205 647/232/206 216/233/207
s 235
f 216/233/207 647/232/206 649/234/208 217/235/209
s 236
f 217/235/209 649/234/208 651/236/210 218/237/211
s 237
f 218/237/211 651/236/210 653/238/212 219/239/213
s 238
f 219/239/213 653/238/212 655/240/214 220/241/215
s 239
f 220/241/215 655/240/214 657/242/216 221/243/217
s 240
f 659/244/218 222/245/219 221/243/217 657/242/216
s 241
f 222/245/219 659/244/218 661/246/220 223/247/221
s 242
f 663/248/222 224/249/223 223/247/221 661/246/220
s 243
f 224/249/223 663/248/222 665/250/224 225/251/225
s 244
f 214/252/226 644/253/227 645/231/205 215/230/204
s 246
f 216/233/207 217/235/209 241/254/228 240/255/229
s 256
f 644/256/227 214/257/226 225/251/225 665/250/224
s 257
f 237/258/230 236/259/230 235/260/230 234/261/230 233/262/230 232/263/230 231/264/230 230/265/230 229/266/230 228/267/230 226/268/230 227/269/230
s 258
f 246/270/231 247/271/232 259/272/233 258/273/234
s 259
f 223/247/221 224/249/223 248/274/235 247/271/232
s 260
f 220/241/215 221/243/217 245/275/236 244/276/237
s 261
f 217/235/209 218/237/211 242/277/238 241/254/228
s 262
f 224/249/223 225/251/225 249/278/239 248/274/235
s 263
f 214/252/226 215/230/204 239/279/240 238/280/241
s 264
f 221/243/217 222/245/219 246/270/231 245/275/236
s 265
f 218/237/211 219/239/213 243/281/242 242/277/238
s 266
f 225/251/225 214/257/226 238/282/241 249/278/239
s 267
f 215/230/204 216/233/207 240/255/229 239/279/240
s 268
f 222/245/219 223/247/221 247/271/232 246/270/231
s 269
f 219/239/213 220/241/215 244/276/237 243/281/242
s 270
f 251/283/243 252/284/244 262/285/245
s 271
f 243/281/242 244/276/237 256/286/246 255/287/247
s 272
f 240/255/229 241/254/228 253/288/248 252/284/244
s 273
f 247/271/232 248/274/235 260/289/249 259/272/233
s 274
f 244/276/237 245/275/236 257/290/250 256/286/246
s 275
f 241/254/228 242/277/238 254/291/251 253/288/248
s 276
f 248/274/235 249/278/239 261/292/252 260/289/249
s 277
f 238/280/241 239/279/240 251/283/243 250/293/253
s 278
f 245/275/236 246/270/231 258/273/234 257/290/250
s 279
f 242/277/238 243/281/242 255/287/247 254/291/251
s 280
f 249/278/239 238/282/241 250/294/253 261/292/252
s 281
f 239/279/240 240/255/229 252/284/244 251/283/243
s 282
f 258/273/234 259/272/233 262/295/245
s 283
f 255/287/247 256/286/246 262/296/245
s 284
f 252/284/244 253/288/248 262/297/245
s 285
f 259/272/233 260/289/249 262/298/245
s 286
f 256/286/246 257/290/250 262/299/245
s 287
f 253/288/248 254/291/251 262/300/245
s 288
f 260/289/249 261/292/252 262/301/245
s 289
f 250/293/253 251/283/243 262/302/245
s 290
f 257/290/250 258/273/234 262/303/245
s 291
f 254/291/251 255/287/247 262/304/245
s 292
f 261/292/252 250/294/253 262/305/245
s 295
f 264/306/254 669/307/255 671/308/256 265/309/257
s 296
f 265/309/257 671/308/256 673/310/258 266/311/259
s 297
f 266/311/259 673/310/258 675/312/260 267/313/261
s 298
f 267/313/261 675/312/260 677/314/262 268/315/263
s 299
f 268/315/263 677/314/262 679/316/264 269/317/265
s 300
f 269/317/265 679/316/264 681/318/266 270/319/267
s 301
f 683/320/268 271/321/269 270/319/267 681/318/266
s 302
f 271/321/269 683/320/268 685/322/270 272/323/271
s 303
f 687/324/272 273/325/273 272/323/271 685/322/270
s 304
f 273/325/273 687/324/272 689/326/274 274/327/275
s 305
f 263/328/276 668/329/277 669/307/255 264/306/254
s 306
f 265/309/257 266/311/259 290/330/278 289/331/279
s 316
f 668/332/277 263/333/276 274/327/275 689/326/274
s 317
f 286/334/280 285/335/280 284/336/280 283/337/280 282/338/280 281/339/280 280/340/280 279/341/280 278/342/280 277/343/280 275/344/280 276/345/280
s 318
f 295/346/281 296/347/282 308/348/283 307/349/284
s 319
f 272/323/271 273/325/273 297/350/285 296/347/282
s 320
f 269/317/265 270/319/267 294/351/286 293/352/287
s 321
f 266/311/259 267/313/261 291/353/288 290/330/278
s 322
f 273/325/273 274/327/275 298/354/289 297/350/285
s 323
f 263/328/276 264/306/254 288/355/290 287/356/291
s 324
f 270/319/267 271/321/269 295/346/281 294/351/286
s 325
f 267/313/261 268/315/263 292/357/292 291/353/288
s 326
f 274/327/275 263/333/276 287/358/291 298/354/289
s 327
f 264/306/254 265/309/257 289/331/279 288/355/290
s 328
f 271/321/269 272/323/271 296/347/282 295/346/281
s 329
f 268/315/263 269/317/265 293/352/287 292/357/292
s 330
f 300/359/293 301/360/294 311/361/295
s 331
f 292/357/292 293/352/287 305/362/296 304/363/297
s 332
f 289/331/279 290/330/278 302/364/298 301/360/294
s 333
f 296/347/282 297/350/285 309/365/299 308/348/283
s 334
f 293/352/287 294/351/286 306/366/300 305/362/296
s 335
f 290/330/278 291/353/288 303/367/301 302/364/298
s 336
f 297/350/285 298/354/289 310/368/302 309/365/299
s 337
f 287/356/291 288/355/290 300/359/293 299/369/303
s 338
f 294/351/286 295/346/281 307/349/284 306/366/300
s 339
f 291/353/288 292/357/292 304/363/297 303/367/301
s 340
f 298/354/289 287/358/291 299/370/303 310/368/302
s 341
f 288/355/290 289/331/279 301/360/294 300/359/293
s 342
f 307/349/284 308/348/283 311/371/295
s 343
f 304/363/297 305/362/296 311/372/295
s 344
f 301/360/294 302/364/298 311/373/295
s 345
f 308/348/283 309/365/299 311/374/295
s 346
f 305/362/296 306/366/300 311/375/295
s 347
f 302/364/298 303/367/301 311/376/295
s 348
f 309/365/299 310/368/302 311/377/295
s 349
f 299/369/303 300/359/293 311/378/295
s 350
f 306/366/300 307/349/284 311/379/295
s 351
f 303/367/301 304/363/297 311/380/295
s 352
f 310/368/302 299/370/303 311/381/295
s 354
f 352/382/304 351/383/305 339/384/306 340/385/307
s 355
f 359/386/308 358/387/309 346/388/310 347/389/311
s 356
f 356/390/312 355/391/313 343/392/314 344/393/315
s 357
f 353/394/316 352/382/304 340/385/307 341/395/317
s 358
f 360/396/318 359/386/308 347/389/311 348/397/319
s 359
f 350/398/320 349/399/321 337/400/322 338/401/323
s 360
f 357/402/324 356/390/312 344/393/315 345/403/325
s 361
f 354/404/326 353/394/316 341/395/317 342/405/327
s 362
f 351/383/305 350/398/320 338/401/323 339/384/306
s 363
f 340/385/307 339/384/306 327/406/328 328/407/329
s 365
f 349/399/321 360/408/318 348/409/319 337/400/322
s 366
f 335/410/330 334/411/331 324/412/332
s 367
f 330/413/333 329/414/334 324/415/335
s 368
f 326/416/336 325/417/337 324/418/335
s 369
f 346/388/310 345/403/325 333/419/338 334/411/331
s 370
f 342/405/327 341/395/317 329/414/334 330/413/333
s 371
f 338/401/323 337/400/322 325/417/337 326/416/336
s 372
f 341/395/317 340/385/307 328/407/329 329/414/334
s 373
f 337/400/322 348/409/319 336/420/339 325/417/337
s 374
f 328/407/329 327/406/340 324/421/335
s 375
f 334/411/331 333/419/338 324/422/332
s 376
f 329/414/334 328/407/329 324/423/335
s 377
f 325/417/337 336/420/339 324/424/335
s 378
f 355/391/313 354/404/326 342/405/327 343/392/314
s 379
f 359/386/308 322/425/341 321/426/342 358/387/309
s 380
f 339/384/306 338/401/323 326/416/336 327/406/328
s 381
f 344/393/315 343/392/314 331/427/343 332/428/344
s 382
f 327/406/340 326/416/336 324/429/335
s 383
f 343/392/314 342/405/327 330/413/333 331/427/343
s 384
f 358/387/309 321/426/342 320/430/345 357/402/324
s 385
f 348/397/319 347/389/311 335/410/330 336/431/339
s 386
f 331/427/343 330/413/333 324/432/335
s 387
f 332/428/344 331/427/343 324/433/332
s 388
f 336/431/339 335/410/330 324/434/335
s 389
f 345/403/325 344/393/315 332/428/344 333/419/338
s 390
f 347/389/311 346/388/310 334/411/331 335/410/330
s 392
f 315/435/346 352/382/304 353/394/316 316/436/347
s 393
f 356/390/312 319/437/348 318/438/349 355/391/313
s 394
f 358/387/309 357/402/324 345/403/325 346/388/310
s 395
f 352/382/304 315/435/346 314/439/350 351/383/305
s 396
f 355/391/313 318/438/349 317/440/351 354/404/326
s 397
f 350/398/320 313/441/352 312/442/353 349/399/321
s 398
f 360/396/318 323/443/354 322/425/341 359/386/308
s 399
f 313/441/352 350/398/320 351/383/305 314/439/350
s 400
f 354/404/326 317/440/351 316/436/347 353/394/316
s 401
f 323/444/354 360/408/318 349/399/321 312/442/353
s 402
f 357/402/324 320/430/345 319/437/348 356/390/312
s 407
f 479/445/355 427/446/356 425/447/357 478/448/358
s 408
f 476/449/359 421/450/360 419/451/361 475/452/362
s 409
f 458/453/363 434/454/364 455/455/365 459/456/366
s 413
f 473/457/367 415/458/368 412/459/369 472/460/370
s 414
f 333/419/338 332/428/344 324/461/332
s 415
f 401/462/371 400/463/372 388/464/373 389/465/374
s 416
f 408/466/375 407/467/376 395/468/377 396/469/378
s 417
f 405/470/379 404/471/380 392/472/381 393/473/382
s 418
f 402/474/383 401/462/371 389/465/374 390/475/384
s 419
f 409/476/385 408/466/375 396/469/378 397/477/386
s 420
f 399/478/387 398/479/388 386/480/389 387/481/390
s 421
f 406/482/391 405/470/379 393/473/382 394/483/392
s 422
f 403/484/393 402/474/383 390/475/384 391/485/394
s 423
f 400/463/372 399/478/387 387/481/390 388/464/373
s 424
f 389/465/374 388/464/373 376/486/395 377/487/396
s 425
f 471/488/397 431/489/398 433/490/399 481/491/400
s 426
f 398/479/388 409/492/385 397/493/386 386/480/389
s 427
f 384/494/401 383/495/402 373/496/403
s 428
f 379/497/404 378/498/405 373/499/406
s 429
f 375/500/407 374/501/408 373/502/406
s 430
f 395/468/377 394/483/392 382/503/409 383/495/402
s 431
f 391/485/394 390/475/384 378/498/405 379/497/404
s 432
f 387/481/390 386/480/389 374/501/408 375/500/407
s 433
f 390/475/384 389/465/374 377/487/396 378/498/405
s 434
f 386/480/389 397/493/386 385/504/410 374/501/408
s 435
f 377/487/396 376/486/411 373/505/406
s 436
f 383/495/402 382/503/409 373/506/403
s 437
f 378/498/405 377/487/396 373/507/406
s 438
f 374/501/408 385/504/410 373/508/406
s 439
f 404/471/380 403/484/393 391/485/394 392/472/381
s 440
f 408/466/375 371/509/412 370/510/413 407/467/376
s 441
f 388/464/373 387/481/390 375/500/407 376/486/395
s 442
f 393/473/382 392/472/381 380/511/414 381/512/415
s 443
f 376/486/411 375/500/407 373/513/406
s 444
f 392/472/381 391/485/394 379/497/404 380/511/414
s 445
f 407/467/376 370/510/413 369/514/416 406/482/391
s 446
f 397/477/386 396/469/378 384/494/401 385/515/410
s 447
f 380/511/414 379/497/404 373/516/406
s 448
f 381/512/415 380/511/414 373/517/403
s 449
f 385/515/410 384/494/401 373/518/406
s 450
f 394/483/392 393/473/382 381/512/415 382/503/409
s 451
f 396/469/378 395/468/377 383/495/402 384/494/401
s 452
f 462/519/417 441/520/418 439/521/419 461/522/420
s 453
f 364/523/421 401/462/371 402/474/383 365/524/422
s 454
f 405/470/379 368/525/423 367/526/424 404/471/380
s 455
f 407/467/376 406/482/391 394/483/392 395/468/377
s 456
f 401/462/371 364/523/421 363/527/425 400/463/372
s 457
f 404/471/380 367/526/424 366/528/426 403/484/393
s 458
f 399/478/387 362/529/427 361/530/428 398/479/388
s 459
f 409/476/385 372/531/429 371/509/412 408/466/375
s 460
f 362/529/427 399/478/387 400/463/372 363/527/425
s 461
f 403/484/393 366/528/426 365/524/422 402/474/383
s 462
f 372/532/429 409/492/385 398/479/388 361/530/428
s 463
f 406/482/391 369/514/416 368/525/423 405/470/379
s 464
f 469/533/430 457/534/431 453/535/432 468/536/433
s 465
f 466/537/434 449/538/434 447/539/435 465/540/436
s 466
f 463/541/437 443/542/438 441/520/418 462/519/417
s 467
f 459/543/366 455/544/365 457/534/431 469/533/430
s 468
f 467/545/439 451/546/440 449/538/441 466/537/441
s 469
f 464/547/442 445/548/443 443/542/438 463/541/437
s 470
f 460/549/444 436/550/445 434/454/364 458/453/363
s 471
f 468/536/433 453/535/432 451/546/440 467/545/439
s 472
f 465/540/436 447/539/435 445/548/443 464/547/442
s 473
f 461/522/420 439/521/419 436/550/445 460/549/444
s 474
f 382/503/409 381/512/415 373/551/403
s 475
f 481/491/400 433/490/399 429/552/446 480/553/446
s 476
f 480/553/447 429/552/447 427/446/356 479/445/355
s 477
f 478/448/358 425/447/357 423/554/448 477/555/449
s 479
f 477/555/449 423/554/448 421/450/360 476/449/359
s 480
f 475/452/362 419/451/361 417/556/450 474/557/451
s 482
f 474/557/451 417/556/450 415/458/368 473/457/367
s 483
f 472/460/370 412/459/369 410/558/452 470/559/453
s 484
f 470/559/453 410/558/452 431/560/398 471/561/397
s 510
f 363/527/425 461/522/420 460/549/444 362/529/427
s 511
f 367/526/424 465/540/436 464/547/442 366/528/426
s 512
f 370/510/413 468/536/454 467/545/455 369/514/416
s 513
f 362/529/427 460/549/444 458/453/363 361/530/428
s 514
f 366/528/426 464/547/442 463/541/437 365/524/422
s 515
f 369/514/416 467/545/455 466/537/456 368/525/423
s 516
f 372/531/429 459/543/366 469/533/430 371/509/412
s 517
f 365/524/422 463/541/437 462/519/417 364/523/421
s 518
f 368/525/423 466/537/456 465/540/436 367/526/424
s 519
f 371/509/412 469/533/430 468/536/454 370/510/413
s 520
f 364/523/421 462/519/417 461/522/420 363/527/425
s 521
f 361/530/428 458/453/363 459/456/366 372/532/429
s 522
f 312/442/353 470/559/453 471/561/397 323/444/354
s 523
f 313/441/352 472/460/370 470/559/453 312/442/353
s 524
f 315/435/346 474/557/451 473/457/367 314/439/350
s 525
f 316/436/347 475/452/362 474/557/451 315/435/346
s 526
f 318/438/349 477/555/449 476/449/359 317/440/351
s 527
f 319/437/348 478/448/457 477/555/449 318/438/349
s 528
f 321/426/342 480/553/458 479/445/459 320/430/345
s 529
f 322/425/341 481/491/400 480/553/458 321/426/342
s 530
f 323/443/354 471/488/397 481/491/400 322/425/341
s 531
f 314/439/350 473/457/367 472/460/370 313/441/352
s 532
f 317/440/351 476/449/359 475/452/362 316/436/347
s 533
f 320/430/345 479/445/459 478/448/457 319/437/348
usemtl Black
s 130
f 4/210/460 6/165/461 141/562/462
s 131
f 12/161/463 1/154/464 141/563/462
s 132
f 5/186/465 3/216/466 141/564/462
s 133
f 1/154/464 2/153/467 141/565/462
s 134
f 6/165/461 7/164/468 141/566/462
s 135
f 3/211/466 4/210/460 141/567/462
s 136
f 8/208/469 9/179/470 141/568/462
s 137
f 2/153/467 11/187/471 141/569/462
s 138
f 9/179/470 10/178/472 141/570/462
s 139
f 11/187/471 5/186/465 141/571/462
s 140
f 7/214/468 8/208/469 141/572/462
s 141
f 10/178/472 12/161/463 141/573/462
s 142
f 23/174/473 24/191/474 142/574/475
s 143
f 16/158/476 17/157/477 142/575/475
s 144
f 18/170/478 19/183/479 142/576/475
s 145
f 24/191/474 21/190/480 142/577/475
s 146
f 19/183/479 20/204/481 142/578/475
s 147
f 21/190/480 13/195/482 142/579/475
s 148
f 17/171/477 18/170/478 142/580/475
s 149
f 20/204/481 22/175/483 142/581/475
s 150
f 14/217/484 15/180/485 142/582/475
s 151
f 15/180/485 16/158/476 142/583/475
s 152
f 22/175/483 23/174/473 142/584/475
s 153
f 13/195/482 14/194/484 142/585/475
s 154
f 136/221/486 135/77/487 138/76/488
s 155
f 137/79/489 136/221/486 138/76/488 139/80/489
usemtl BrownDark
s 168
f 487/586/490 173/587/490 174/588/491 488/589/491
s 169
f 508/590/492 504/591/492 175/592/493 489/593/493
s 170
f 197/594/494 198/595/495 175/596/496 504/597/497 506/598/498
s 171
f 489/593/493 175/592/493 176/599/499 490/600/499
s 172
f 490/600/499 176/599/499 177/601/500 491/602/500
s 173
f 491/602/500 177/601/500 178/603/501 492/604/501
s 174
f 492/604/501 178/603/501 179/605/502 493/606/502
s 175
f 493/606/502 179/605/502 180/607/503 494/608/503
s 176
f 494/608/503 180/607/503 181/609/504 495/610/505
s 177
f 513/611/506 510/612/506 182/613/507 496/614/508
s 178
f 205/615/509 206/616/510 182/617/511 510/618/509
s 179
f 496/614/508 182/613/507 183/619/512 497/620/512
s 180
f 497/620/512 183/619/512 184/621/513 498/622/513
s 181
f 498/622/513 184/621/513 185/623/514 499/624/514
s 192
f 195/625/515 196/626/516 174/627/517 173/628/515
s 193
f 488/589/491 174/588/491 505/629/518 507/630/518
s 194
f 151/631/519 150/632/520 488/633/521 507/634/522 509/635/523
s 195
f 198/595/495 199/636/524 176/637/525 175/596/496
s 196
f 199/636/524 200/638/526 177/639/527 176/637/525
s 197
f 200/638/526 201/640/528 178/641/529 177/639/527
s 198
f 201/640/528 202/642/530 179/643/530 178/641/529
s 199
f 202/642/530 203/644/531 180/645/532 179/643/530
s 200
f 203/644/531 204/646/533 181/647/534 180/645/532
s 201
f 495/610/505 181/609/504 511/648/535 512/649/535
s 202
f 159/650/536 158/651/537 495/652/538 512/653/539 514/654/540
s 203
f 206/616/510 207/655/541 183/656/542 182/617/511
s 204
f 207/655/541 208/657/543 184/658/544 183/656/542
s 205
f 208/657/543 209/659/545 185/660/545 184/658/544
s 364
f 518/661/546 444/662/547 446/663/548 550/664/549
s 391
f 526/665/550 438/666/551 440/667/552 523/668/553
s 403
f 547/669/554 448/670/555 450/671/556 544/672/557
s 404
f 538/673/558 456/674/559 454/675/560 535/676/561
s 405
f 529/677/562 437/678/563 438/679/551 526/680/550
s 406
f 550/681/549 446/682/548 448/683/564 547/684/565
s 410
f 523/685/553 440/686/552 442/687/566 517/688/567
s 411
f 544/689/557 450/690/556 452/691/568 541/692/569
s 412
f 535/693/561 454/694/560 435/695/570 532/696/571
s 478
f 541/697/569 452/698/568 456/699/559 538/700/558
s 481
f 532/701/571 435/702/570 437/703/563 529/704/562
s 485
f 431/560/572 410/558/573 411/705/574 430/706/575
s 486
f 410/558/573 412/459/369 413/707/576 411/708/574
s 487
f 433/490/577 431/489/572 430/709/575 432/710/578
s 488
f 429/552/579 433/490/577 432/711/578 428/712/580
s 489
f 427/446/581 429/552/579 428/713/580 426/714/582
s 490
f 425/447/583 427/446/581 426/715/582 424/716/584
s 491
f 423/554/585 425/447/583 424/717/584 422/718/586
s 492
f 421/450/587 423/554/585 422/719/586 420/720/588
s 493
f 419/451/589 421/450/587 420/721/588 418/722/590
s 494
f 417/556/450 419/451/589 418/723/590 416/724/591
s 495
f 415/458/368 417/556/450 416/725/591 414/726/592
s 496
f 412/459/369 415/458/368 414/727/592 413/728/576
s 497
f 455/455/593 434/454/594 435/729/595 454/730/596
s 498
f 434/454/594 436/550/445 437/731/597 435/732/595
s 499
f 457/534/598 455/544/593 454/733/596 456/734/599
s 500
f 453/535/600 457/534/598 456/735/599 452/736/601
s 501
f 451/546/602 453/535/600 452/737/601 450/738/603
s 502
f 449/538/604 451/546/602 450/739/603 448/740/605
s 503
f 447/539/606 449/538/604 448/741/605 446/742/607
s 504
f 445/548/608 447/539/606 446/743/607 444/744/609
s 505
f 443/542/610 445/548/608 444/744/609 442/745/611
s 506
f 441/520/418 443/542/610 442/746/611 440/747/612
s 507
f 439/521/419 441/520/418 440/748/612 438/749/613
s 508
f 436/550/445 439/521/419 438/750/613 437/751/597
s 509
f 517/752/567 442/753/566 444/754/547 518/755/546
s 539
f 586/756/614 590/757/615 196/626/616 195/625/617
s 540
f 590/757/615 593/758/618 197/594/619 196/626/616
s 541
f 593/758/618 596/759/620 198/595/621 197/594/619
s 542
f 596/759/620 599/760/622 199/636/623 198/595/621
s 543
f 599/760/622 602/761/624 200/638/625 199/636/623
s 544
f 602/761/624 605/762/626 201/640/627 200/638/625
s 545
f 605/762/626 608/763/628 202/642/629 201/640/627
s 546
f 608/763/628 611/764/630 203/644/631 202/642/629
s 547
f 611/764/630 614/765/632 204/646/633 203/644/631
s 548
f 614/765/632 617/766/634 205/615/635 204/646/633
s 549
f 617/766/634 620/767/636 206/616/637 205/615/635
s 550
f 620/767/636 623/768/638 207/655/639 206/616/637
s 551
f 623/768/638 626/769/640 208/657/641 207/655/639
s 552
f 626/769/640 629/770/642 209/659/643 208/657/641
s 563
f 150/632/520 149/771/644 487/772/645 488/633/521
s 564
f 152/773/646 151/631/519 509/635/523 508/774/647 489/775/648
s 565
f 153/776/649 152/773/646 489/775/648 490/777/650
s 566
f 154/778/651 153/776/649 490/777/650 491/779/652
s 567
f 155/780/653 154/778/651 491/779/652 492/781/654
s 568
f 156/782/655 155/780/653 492/781/654 493/783/656
s 569
f 157/784/657 156/782/655 493/783/656 494/785/658
s 570
f 158/651/537 157/784/657 494/785/658 495/652/538
s 571
f 160/786/659 159/650/536 514/654/540 513/787/660 496/788/661
s 572
f 161/789/662 160/786/659 496/788/661 497/790/663
s 573
f 162/791/664 161/789/662 497/790/663 498/792/665
s 574
f 163/793/666 162/791/664 498/792/665 499/794/667
s 579
f 506/598/668 504/591/668 508/774/668 509/635/668
s 580
f 505/629/669 506/598/669 509/635/669 507/630/669
s 581
f 196/626/516 197/594/494 506/598/498 505/795/670 174/627/517
s 582
f 205/796/671 510/612/671 513/787/671 514/654/671
s 583
f 511/648/672 205/796/672 514/654/672 512/649/672
s 584
f 204/646/533 205/796/673 511/797/673 181/647/534
s 585
f 411/798/674 515/799/675 520/800/676 430/801/677
s 586
f 515/799/675 516/802/678 519/803/679 520/800/676
s 587
f 516/802/678 517/752/567 518/755/546 519/803/679
s 588
f 418/804/680 530/805/681 527/806/682 416/807/683
s 589
f 530/805/681 531/808/684 528/809/685 527/806/682
s 590
f 531/808/684 532/701/571 529/704/562 528/809/685
s 591
f 424/810/686 539/811/687 536/812/688 422/813/689
s 592
f 539/811/687 540/814/690 537/815/691 536/812/688
s 593
f 540/814/690 541/697/569 538/700/558 537/815/691
s 594
f 420/816/692 533/817/693 530/818/681 418/819/680
s 595
f 533/817/693 534/820/694 531/821/684 530/818/681
s 596
f 534/820/694 535/693/561 532/696/571 531/821/684
s 597
f 426/822/695 542/823/696 539/824/687 424/825/686
s 598
f 542/823/696 543/826/697 540/827/690 539/824/687
s 599
f 543/826/697 544/689/557 541/692/569 540/827/690
s 600
f 413/828/698 521/829/699 515/830/675 411/831/674
s 601
f 521/829/699 522/832/700 516/833/678 515/830/675
s 602
f 522/832/700 523/685/553 517/688/567 516/833/678
s 603
f 432/834/701 548/835/702 545/836/703 428/837/704
s 604
f 548/835/702 549/838/705 546/839/706 545/836/703
s 605
f 549/838/705 550/681/549 547/684/565 546/839/706
s 606
f 416/840/683 527/841/682 524/842/707 414/843/708
s 607
f 527/841/682 528/844/709 525/845/710 524/842/707
s 608
f 528/844/709 529/677/562 526/680/550 525/845/710
s 609
f 422/846/689 536/847/688 533/848/693 420/849/692
s 610
f 536/847/688 537/850/691 534/851/694 533/848/693
s 611
f 537/850/691 538/673/558 535/676/561 534/851/694
s 612
f 428/852/711 545/853/712 542/854/696 426/855/695
s 613
f 545/853/712 546/856/713 543/826/697 542/854/696
s 614
f 546/856/713 547/669/554 544/672/557 543/826/697
s 615
f 414/857/708 524/858/707 521/859/699 413/860/698
s 616
f 524/858/707 525/845/710 522/861/700 521/859/699
s 617
f 525/845/710 526/665/550 523/668/553 522/861/700
s 618
f 430/862/677 520/863/676 548/864/702 432/865/701
s 619
f 520/863/676 519/866/679 549/867/705 548/864/702
s 620
f 519/866/679 518/661/546 550/664/549 549/867/705
s 654
f 590/757/615 586/756/614 588/868/714 591/869/715
s 656
f 593/758/618 590/757/615 591/870/715 594/871/716
s 658
f 596/759/620 593/758/618 594/872/716 597/873/717
s 660
f 599/760/622 596/759/620 597/874/717 600/875/718
s 662
f 602/761/624 599/760/622 600/875/718 603/876/719
s 664
f 605/762/626 602/761/624 603/876/719 606/877/720
s 666
f 608/763/628 605/762/626 606/877/720 609/878/721
s 668
f 611/764/630 608/763/628 609/878/721 612/879/722
s 670
f 614/765/632 611/764/630 612/879/722 615/880/723
s 672
f 617/766/634 614/765/632 615/880/723 618/881/724
s 674
f 620/767/636 617/766/634 618/881/724 621/882/725
s 676
f 623/768/638 620/767/636 621/883/725 624/884/726
s 678
f 626/769/640 623/768/638 624/885/726 627/886/727
s 680
f 629/770/642 626/769/640 627/887/727 630/888/728
usemtl Metal
s 163
f 482/889/729 169/890/729 168/891/730 483/892/730
s 164
f 483/892/730 168/891/730 170/893/731 484/894/731
s 165
f 484/894/731 170/893/731 171/895/732 485/896/732
s 166
f 485/896/732 171/895/732 172/897/733 486/898/733
s 182
f 500/899/734 186/900/734 187/901/735 501/902/735
s 183
f 501/902/735 187/901/735 188/903/736 502/904/736
s 184
f 502/904/736 188/903/736 189/905/737 503/906/737
s 185
f 503/906/737 189/905/737 169/907/729 482/908/729
s 187
f 191/909/738 190/910/739 168/911/740 169/912/738
s 188
f 190/910/739 192/913/741 170/914/742 168/911/740
s 189
f 192/913/741 193/915/743 171/916/744 170/914/742
s 190
f 193/915/743 194/917/745 172/918/745 171/916/744
s 191
f 557/919/746 195/625/747 173/628/748 555/920/748
s 206
f 210/921/749 211/922/750 187/923/751 186/924/749
s 207
f 211/922/750 212/925/752 188/926/753 187/923/751
s 208
f 212/925/752 213/927/754 189/928/755 188/926/753
s 209
f 213/927/754 191/909/738 169/912/738 189/928/755
s 211
f 574/929/756 572/930/757 190/910/758 191/909/759
s 213
f 194/917/760 584/931/761 558/932/762
s 215
f 586/933/763 195/625/747 557/919/746
s 228
f 209/659/764 629/934/765 568/935/766
s 229
f 558/932/762 556/936/767 172/918/767 194/917/760
s 230
f 631/937/768 210/921/769 567/938/770
s 233
f 646/939/771 226/940/772 228/941/773 648/942/773
s 245
f 690/943/774 286/944/775 276/945/776 667/946/777
s 247
f 648/942/778 228/941/778 229/947/778 650/948/778
s 248
f 664/949/779 236/950/780 237/951/781 666/952/782
s 249
f 662/953/783 235/954/783 236/950/780 664/949/779
s 250
f 660/955/784 234/956/785 235/954/786 662/953/786
s 251
f 658/957/787 233/958/788 234/956/785 660/955/784
s 252
f 656/959/789 232/960/790 233/958/788 658/957/787
s 253
f 654/961/791 231/962/792 232/960/790 656/959/789
s 254
f 652/963/793 230/964/794 231/962/792 654/961/791
s 255
f 643/965/795 227/966/796 226/940/772 646/939/771
s 293
f 650/948/797 229/947/797 230/964/794 652/963/793
s 294
f 670/967/798 275/968/799 277/969/800 672/970/801
s 307
f 672/970/801 277/969/800 278/971/802 674/972/802
s 308
f 688/973/803 285/974/804 286/944/775 690/943/774
s 309
f 686/975/805 284/976/805 285/974/804 688/973/803
s 310
f 684/977/806 283/978/807 284/976/808 686/975/808
s 311
f 682/979/809 282/980/810 283/978/807 684/977/806
s 312
f 680/981/811 281/982/812 282/980/810 682/979/809
s 313
f 678/983/813 280/984/814 281/982/812 680/981/811
s 314
f 676/985/815 279/986/815 280/984/814 678/983/813
s 315
f 667/987/777 276/988/776 275/968/799 670/967/798
s 353
f 674/972/816 278/971/816 279/986/816 676/985/816
s 534
f 572/930/757 578/989/817 192/913/818 190/910/758
s 536
f 578/989/817 581/990/819 193/915/820 192/913/818
s 537
f 581/990/819 584/991/821 194/917/822 193/915/820
s 538
f 584/992/821 586/993/614 557/919/823 558/932/823
s 553
f 629/994/642 631/995/824 567/938/825 568/935/825
s 554
f 631/996/824 635/997/826 211/922/827 210/921/828
s 555
f 635/997/826 638/998/829 212/925/830 211/922/827
s 556
f 638/998/829 641/999/831 213/927/832 212/925/830
s 557
f 641/999/831 574/929/756 191/909/759 213/927/832
s 558
f 145/1000/833 143/1001/834 482/1002/835 483/1003/836
s 559
f 146/1004/837 145/1000/833 483/1003/836 484/1005/838
s 560
f 147/1006/839 146/1004/837 484/1005/838 485/1007/840
s 561
f 148/1008/841 147/1006/839 485/1007/840 486/1009/842
s 575
f 165/1010/843 164/1011/844 500/1012/845 501/1013/846
s 576
f 166/1014/847 165/1010/843 501/1013/846 502/1015/848
s 577
f 167/1016/849 166/1014/847 502/1015/848 503/1017/850
s 578
f 143/1001/834 167/1016/849 503/1017/850 482/1002/835
s 621
f 567/938/770 210/921/769 186/924/851 565/1018/851
s 622
f 148/1008/852 486/1009/852 553/1019/852 559/1020/852
s 623
f 500/1012/853 164/1011/853 570/1021/853 564/1022/853
s 624
f 149/771/854 560/1023/854 554/1024/854 487/772/854
s 625
f 486/898/855 172/897/855 556/1025/855 553/1026/855
s 630
f 560/1023/856 559/1020/856 553/1019/856 554/1024/856
s 633
f 558/932/857 557/919/857 555/920/857 556/936/857
s 634
f 554/1027/858 555/1028/858 173/587/858 487/586/858
s 635
f 553/1026/859 556/1025/859 555/1028/859 554/1027/859
s 638
f 499/624/860 185/623/860 566/1029/860 563/1030/860
s 639
f 570/1021/861 569/1031/861 563/1032/861 564/1022/861
s 640
f 163/793/862 499/794/862 563/1032/862 569/1031/862
s 642
f 568/935/863 567/938/863 565/1018/863 566/1033/863
s 643
f 209/659/764 568/935/766 566/1033/864 185/660/864
s 644
f 563/1030/865 566/1029/865 565/1034/865 564/1035/865
s 645
f 186/900/866 500/899/866 564/1035/866 565/1034/866
s 646
f 572/930/757 574/929/756 576/1036/867 573/1037/868
s 648
f 578/989/817 572/930/757 573/1037/868 579/1038/869
s 650
f 581/990/819 578/989/817 579/1039/869 582/1040/870
s 652
f 584/991/821 581/990/819 582/1040/870 585/1041/871
s 682
f 635/997/826 631/996/824 633/1042/872 636/1043/873
s 684
f 638/998/829 635/997/826 636/1043/873 639/1044/874
s 686
f 641/999/831 638/998/829 639/1045/874 642/1046/875
s 688
f 574/929/756 641/999/831 642/1046/875 576/1036/867
s 690
f 586/993/614 584/992/821 585/1047/871 588/1048/714
s 692
f 631/995/824 629/994/642 630/1049/728 633/1050/872
s 695
f 666/952/876 643/1051/877 644/256/227 665/250/224
s 696
f 664/949/878 666/952/876 665/250/224 663/248/222
s 697
f 662/953/879 664/949/878 663/248/222 661/246/880
s 698
f 660/955/881 662/953/879 661/246/880 659/244/882
s 699
f 658/957/883 660/955/881 659/244/882 657/242/216
s 700
f 656/959/884 658/957/883 657/242/216 655/240/214
s 701
f 654/961/885 656/959/884 655/240/214 653/238/886
s 702
f 652/963/887 654/961/885 653/238/886 651/236/888
s 703
f 650/948/889 652/963/887 651/236/888 649/234/890
s 704
f 648/942/891 650/948/889 649/234/890 647/232/892
s 705
f 646/939/893 648/942/891 647/232/892 645/231/205
s 706
f 643/965/877 646/939/893 645/231/205 644/253/227
s 707
f 690/943/894 667/946/895 668/332/277 689/326/274
s 708
f 688/973/896 690/943/894 689/326/274 687/324/897
s 709
f 686/975/898 688/973/896 687/324/897 685/322/899
s 710
f 684/977/900 686/975/898 685/322/899 683/320/268
s 711
f 682/979/901 684/977/900 683/320/268 681/318/266
s 712
f 680/981/902 682/979/901 681/318/266 679/316/264
s 713
f 678/983/903 680/981/902 679/316/264 677/314/262
s 714
f 676/985/904 678/983/903 677/314/262 675/312/905
s 715
f 674/972/906 676/985/904 675/312/905 673/310/907
s 716
f 672/970/908 674/972/906 673/310/907 671/308/909
s 717
f 670/967/910 672/970/908 671/308/909 669/307/911
s 718
f 667/987/895 670/967/910 669/307/911 668/329/277
s 719
f 666/952/782 237/951/781 227/1052/796 643/1051/795
usemtl Red
s 167
f 144/1053/912 587/1054/913 583/1055/914
s 186
f 143/1001/834 145/1000/833 146/1004/837 147/1006/839 148/1008/841 551/1056/915 552/1057/915 149/771/644 150/632/520 151/631/519 152/773/646 153/776/649 154/778/651 155/780/653 156/782/655 157/784/657 158/651/537 159/650/536 160/786/659 161/789/662 162/791/664 163/793/666 561/1058/915 562/1059/915 164/1011/844 165/1010/843 166/1014/847 167/1016/849
s 210
f 144/1060/912 577/1061/916 571/1062/917
s 212
f 144/1063/912 583/1064/914 580/1065/918
s 214
f 144/1066/912 637/1067/919 634/1068/920
s 216
f 144/1069/912 595/1070/921 592/1071/922
s 217
f 144/1072/912 598/1073/923 595/1074/921
s 218
f 144/1075/912 601/1076/924 598/1077/923
s 219
f 144/1078/912 604/1079/925 601/1080/924
s 220
f 144/1081/912 607/1082/926 604/1083/925
s 221
f 144/1084/912 610/1085/927 607/1086/926
s 222
f 144/1087/912 613/1088/928 610/1089/927
s 223
f 144/1090/912 616/1091/929 613/1092/928
s 224
f 144/1093/912 619/1094/930 616/1095/929
s 225
f 144/1096/912 622/1097/931 619/1098/930
s 226
f 144/1099/912 625/1100/932 622/1101/931
s 227
f 144/1102/912 628/1103/933 625/1104/932
s 231
f 144/1105/912 640/1106/934 637/1107/919
s 232
f 144/1108/912 580/1109/918 577/1110/916
s 535
f 144/1111/912 575/1112/935 640/1113/934
s 562
f 144/1114/912 632/1115/936 628/1116/933
s 626
f 551/1056/937 148/1008/938 559/1020/939
s 627
f 561/1058/940 163/793/941 569/1031/942
s 628
f 149/771/943 552/1057/944 560/1023/945
s 629
f 552/1057/944 551/1056/937 559/1020/939 560/1023/945
s 631
f 144/1117/912 592/1118/922 589/1119/946
s 632
f 144/1120/912 589/1121/946 587/1122/913
s 636
f 164/1011/947 562/1059/948 570/1021/949
s 637
f 562/1059/948 561/1058/940 569/1031/942 570/1021/949
s 641
f 144/1123/912 634/1124/920 632/1125/936
s 647
f 573/1037/950 576/1036/951 575/1126/951 571/1127/952
s 649
f 579/1038/953 573/1037/950 571/1062/952 577/1061/954
s 651
f 582/1040/955 579/1039/953 577/1110/954 580/1109/956
s 653
f 585/1041/957 582/1040/955 580/1065/956 583/1064/958
s 655
f 591/869/959 588/868/960 587/1122/961 589/1121/962
s 657
f 594/871/963 591/870/959 589/1119/962 592/1118/964
s 659
f 597/873/965 594/872/963 592/1071/964 595/1070/966
s 661
f 600/875/967 597/874/965 595/1074/966 598/1073/968
s 663
f 603/876/969 600/875/967 598/1077/968 601/1076/970
s 665
f 606/877/971 603/876/969 601/1080/970 604/1079/972
s 667
f 609/878/973 606/877/971 604/1083/972 607/1082/973
s 669
f 612/879/974 609/878/973 607/1086/973 610/1085/975
s 671
f 615/880/976 612/879/974 610/1089/975 613/1088/977
s 673
f 618/881/978 615/880/976 613/1092/977 616/1091/979
s 675
f 621/882/980 618/881/978 616/1095/979 619/1094/981
s 677
f 624/884/982 621/883/980 619/1098/981 622/1097/983
s 679
f 627/886/984 624/885/982 622/1101/983 625/1100/985
s 681
f 630/888/986 627/887/984 625/1104/985 628/1103/987
s 683
f 636/1043/988 633/1042/989 632/1125/990 634/1124/991
s 685
f 639/1044/992 636/1043/988 634/1068/991 637/1067/993
s 687
f 642/1046/994 639/1045/992 637/1107/993 640/1106/995
s 689
f 576/1036/951 642/1046/994 640/1113/995 575/1112/951
s 691
f 588/1048/960 585/1128/957 583/1055/958 587/1054/961
s 693
f 633/1050/989 630/1129/986 628/1116/987 632/1115/990
s 694
f 144/1130/912 571/1127/917 575/1126/935
