<?xml version="1.0"?>
<COLLADA xmlns="http://www.collada.org/2005/11/COLLADASchema" version="1.4.1">
    <asset>
        <contributor>
            <authoring_tool>CINEMA4D 11.530 COLLADA Exporter</authoring_tool>
        </contributor>
        <created>2016-02-09T19:35:34Z</created>
        <modified>2016-02-09T19:35:34Z</modified>
        <unit meter="0.01" name="centimeter"/>
        <up_axis>Y_UP</up_axis>
    </asset>
    <library_effects>
        <effect id="ID2">
            <profile_COMMON>
                <technique sid="COMMON">
                    <blinn>
                        <diffuse>
                            <color>0.8 0.8 0.8 1</color>
                        </diffuse>
                        <specular>
                            <color>0.2 0.2 0.2 1</color>
                        </specular>
                        <shininess>
                            <float>0.5</float>
                        </shininess>
                    </blinn>
                </technique>
            </profile_COMMON>
        </effect>
    </library_effects>
    <library_materials>
        <material id="ID1" name="Mat">
            <instance_effect url="#ID2"/>
        </material>
    </library_materials>
    <library_geometries>
        <geometry id="ID6">
            <mesh>
                <source id="ID7">
                    <float_array id="ID8" count="501">-76.876 -19.2895 45.4781 -100.001 -1.52041 23.5808 -75.1772 -20.6193 -131.814 -97.8746 15.5411 56.6734 -82.2279 -9.08556 86.5769 -66.7774 137.487 -38.8408 -76.8745 -3.68476 25.1411 -100 23 -45.4781 -87.0892 -9.08556 85.0281 -90.5367 38.2816 92.3103 -95.2389 9.79018 70.2118 -87.889 -10.0869 81.147 -92.6498 38.2816 87.0032 -79.5437 -19.2895 -128.979 -82.5 7.23016 -138.255 -100.043 24.0815 -36.7984 -93.5721 1.89217 77.8127 -70.5092 137.487 -35.4547 0 -19.2895 45.4781 -93.4896 -19.2895 -38.6981 -100 10.9396 34.5032 -69.5879 -10.3031 80.4809 0 24.338 -48.8642 0 -9.08556 86.5769 -100 13.9359 45.4781 0 38.2816 93.0704 0 -20.6193 -131.814 -70.5635 1.52769 77.2 -91.85 4.4299 88.8107 0 7.2383 -141.09 -82.5 -11.7225 -131.626 0 137.487 -38.8408 0 -19.2895 -38.6981 -82.3087 -19.2895 -115.786 -85.7002 10.114 -121.289 0 140.289 -26.6451 -85.7002 -10.8997 -115.872 0 4.4299 90.3595 0 -13.0523 -134.461 -74.7675 14.8212 56.5826 -63.4972 -19.3213 -115.339 0 -19.2895 -114.74 -88.8662 8.19507 -103.631 -65.532 7.59512 -103.083 -66.1043 -19.2895 -82.7029 -92.1242 15.9029 -87.2318 -68.2111 -19.2651 -56.4849 -92.1242 13.1614 -86.9066 0 -19.2895 -83.0571 -67.4734 9.05188 -70.1409 -76.8747 -19.292 25.0271 -68.1834 -8.07327 -56.8206 -95.1869 9.68498 -70.3915 -86.9887 4.4299 90.3595 0 -19.2895 -56.6271 -91.153 -19.2895 -56.6271 -97.6634 20.8944 -57.8656 0 22.2324 -57.8656 -97.6634 -7.82365 -56.9805 -93.4896 -19.2895 24.3271 -76.8684 8.8123 36.0959 0 -19.2895 24.3271 -77.2812 -19.2895 -38.6981 -81.1644 11.4519 -121.289 -76.8602 13.2571 45.6779 -100 -3.4192 24.443 -92.4944 22.2324 -57.8656 -86.9887 38.2816 93.0704 -63.9974 -11.11 -115.373 -72.1885 9.19842 69.819 -66.7771 140.289 -26.0172 -87.2484 17.2408 -87.2318 -94.7073 24.338 -48.8642 -100 9.38502 35.6671 -78.1335 7.2383 -141.09 -70.5501 137.435 -28.7723 0 -10.0869 81.147 -66.5841 12.4409 -86.4908 -78.1335 -13.0523 -134.461 -99.9719 38.0998 43.5783 -99.981 15.1491 43.5782 -100.022 -1.60273 -34.8982 0 24.0372 -37.3967 0 -2.20352 -35.4554 0 -2.12003 23.8531 0 10.4487 34.8707 0 14.766 44.1782 0 38.0998 44.1783 -93.8393 30.0472 -40.6173 0 27.6923 -43.8657 -67.4043 134.947 -39.0658 -71.1712 134.917 -35.6797 -71.2121 134.891 -28.9525 -67.3845 134.033 -33.3043 76.876 -19.2895 45.4781 100.001 -1.52041 23.5808 75.1772 -20.6193 -131.814 97.8746 15.5411 56.6734 82.2279 -9.08556 86.5769 66.7774 137.487 -38.8408 76.8745 -3.68476 25.1411 100 23 -45.4781 87.0892 -9.08556 85.0281 90.5367 38.2816 92.3103 95.2389 9.79018 70.2118 87.889 -10.0869 81.147 92.6498 38.2816 87.0032 79.5437 -19.2895 -128.979 82.5 7.23016 -138.255 100.043 24.0815 -36.7984 93.5721 1.89217 77.8127 70.5092 137.487 -35.4547 93.4896 -19.2895 -38.6981 100 10.9396 34.5032 69.5879 -10.3031 80.4809 100 13.9359 45.4781 70.5635 1.52769 77.2 91.85 4.4299 88.8107 82.5 -11.7225 -131.626 82.3087 -19.2895 -115.786 85.7002 10.114 -121.289 85.7002 -10.8997 -115.872 74.7675 14.8212 56.5826 63.4972 -19.3213 -115.339 88.8662 8.19507 -103.631 65.532 7.59512 -103.083 66.1043 -19.2895 -82.7029 92.1242 15.9029 -87.2318 68.2111 -19.2651 -56.4849 92.1242 13.1614 -86.9066 67.4734 9.05188 -70.1409 76.8747 -19.292 25.0271 68.1834 -8.07327 -56.8206 95.1869 9.68498 -70.3915 86.9887 4.4299 90.3595 91.153 -19.2895 -56.6271 97.6634 20.8944 -57.8656 97.6634 -7.82365 -56.9805 93.4896 -19.2895 24.3271 76.8684 8.8123 36.0959 77.2812 -19.2895 -38.6981 81.1644 11.4519 -121.289 76.8602 13.2571 45.6779 100 -3.4192 24.443 92.4944 22.2324 -57.8656 86.9887 38.2816 93.0704 63.9974 -11.11 -115.373 72.1885 9.19842 69.819 66.7771 140.289 -26.0172 87.2484 17.2408 -87.2318 94.7073 24.338 -48.8642 100 9.38502 35.6671 78.1335 7.2383 -141.09 70.5501 137.435 -28.7723 66.5841 12.4409 -86.4908 78.1335 -13.0523 -134.461 99.9719 38.0998 43.5783 99.981 15.1491 43.5782 100.022 -1.60273 -34.8982 93.8393 30.0472 -40.6173 67.4043 134.947 -39.0658 71.1712 134.917 -35.6797 71.2121 134.891 -28.9525 67.3845 134.033 -33.3043 -3.28064e-007 41.5069 78.8621 -82.2597 41.5069 78.723 82.2596 41.5069 78.723</float_array>
                    <technique_common>
                        <accessor count="167" source="#ID8" stride="3">
                            <param name="X" type="float"/>
                            <param name="Y" type="float"/>
                            <param name="Z" type="float"/>
                        </accessor>
                    </technique_common>
                </source>
                <source id="ID9">
                    <float_array id="ID10" count="495">-0.483111 -0.690776 0.53799 -0.690133 -0.235631 0.684247 -0.137408 -0.198786 0.970362 -0.088714 -0.753971 0.65089 -0.0308043 -0.825991 -0.562841 -0.725904 -0.685935 0.0505568 -0.731116 -0.680635 0.0469524 -0.494911 -0.705002 0.507971 -0.553585 -0.832687 -0.0132922 -0.985442 -0.16564 -0.0383135 -0.827916 -0.28665 0.482065 -0.883721 -0.464541 -0.0569194 0 -1 0.000485369 0 -0.999226 0.0393317 -0.359263 -0.933233 0.00258249 -0.726105 -0.549962 0.412691 -0.999997 0.00249067 -0.000579053 -0.999981 0.00274657 -0.00553278 -0.833722 -0.513466 0.203123 -0.709364 -0.697206 -0.103478 -0.718838 -0.695004 -0.0155095 -0.741896 -0.568976 0.354763 -0.0323103 -0.80323 0.594793 -0.494111 -0.312582 0.811262 -0.719762 -0.0109459 0.694135 -0.0331012 -0.501019 -0.864803 -0.916526 -0.369498 0.153135 -0.725304 -0.550874 0.412883 -0.992733 0.0083222 0.120048 -0.482415 -0.834455 -0.266386 -0.960719 -0.138489 0.240499 0.00016528 -1 -0.000328038 -1.40914e-005 -1 7.62199e-006 -1 -0.000123225 0.000257342 -0.811137 -0.316891 -0.491566 -0.678888 0.546381 -0.490488 -0.868056 0.434149 -0.240817 -0.96865 -0.1673 -0.18365 -0.707336 -0.656422 0.26227 -0.907564 0.316637 -0.275805 -0.873311 0.259907 -0.41204 -0.967783 0.251472 -0.0125517 -0.991891 0.126438 -0.012847 0.726105 -0.549962 0.412691 0.827916 -0.28665 0.482065 0.494111 -0.312582 0.811262 0.725304 -0.550874 0.412883 -0.980979 -0.0122697 0.193723 0.350212 0.807785 -0.474167 0.187948 0.954724 -0.230604 0.863997 0.443276 -0.238778 0.907564 0.316637 -0.275805 -0.982235 -0.00726284 0.187517 -0.97687 -0.00771274 0.213696 -0.304396 -0.951657 -0.0411344 -0.980181 -0.0231447 0.196747 0.088714 -0.753971 0.65089 0.304396 -0.951657 -0.0411344 0 -0.975589 0.219604 -1.22684e-012 -0.735486 0.67754 0.873311 0.259907 -0.41204 0.967783 0.251472 -0.0125517 0.832216 0.554451 -0.00101395 0.70615 0.653358 -0.272902 -0.129046 -0.0817619 0.988262 0 -0.0798251 0.996809 0 -0.175487 0.984482 -0.287872 -0.3018 -0.908871 -0.297258 -0.360547 -0.884106 0 -0.320387 -0.947287 -0.229798 -0.851752 -0.470862 0 -0.837521 -0.546405 -0.703595 -0.0524398 0.708664 -0.765798 -0.29065 -0.573652 -0.451806 -0.292849 -0.842681 -0.716422 -0.572854 -0.398219 -0.684986 -0.554626 -0.472424 -0.323006 -0.870663 -0.370964 -0.231698 0.948406 -0.216431 -0.149603 0.962182 -0.227649 0 -1 -0.000155793 -0.294516 -0.901568 -0.316915 4.54747e-013 -1 -0.000397972 0.684985 -0.554626 -0.472424 0.709364 -0.697206 -0.103478 0.718838 -0.695004 -0.0155095 0.716422 -0.572854 -0.398219 0.137408 -0.198786 0.970362 0.129046 -0.0817619 0.988262 0.703595 -0.0524398 0.708664 0.690133 -0.235631 0.684247 -0.982718 -0.0381423 -0.181135 -0.276555 0.949534 -0.147995 -0.70615 0.653358 -0.272902 -0.32577 0.834761 -0.443902 -0.611607 -0.78516 -0.0972591 -0.632172 -0.704193 -0.323218 -0.99597 -0.0474496 -0.0761081 4.54747e-013 -1 2.12172e-005 0.297258 -0.360547 -0.884106 0.287872 -0.3018 -0.908871 0 -0.310567 -0.950551 -0.779315 0.576661 -0.245215 -0.0274063 -0.284327 0.958336 -0.0233514 0.00167868 0.999726 -0.187948 0.954724 -0.230604 -0.863997 0.443276 -0.238778 -0.259896 0.942976 -0.207969 0.229798 -0.851752 -0.470862 0.632172 -0.704193 -0.323218 0.811137 -0.316891 -0.491566 0 0.973715 -0.227768 -0.350212 0.807785 -0.474167 0 -0.992075 0.125648 -0.832216 0.554451 -0.00101395 -0.631477 0.224499 -0.742184 0.631477 0.224499 -0.742184 0.32577 0.834761 -0.443902 0.731116 -0.680635 0.0469524 0.833722 -0.513466 0.203123 0.707336 -0.656422 0.26227 0.725904 -0.685935 0.0505568 0 0.975792 -0.218702 0.483111 -0.690776 0.53799 0.0308043 -0.825991 -0.562841 0.494911 -0.705002 0.507971 0.985442 -0.165641 -0.0383135 0.553585 -0.832687 -0.0132922 0.883721 -0.464541 -0.0569194 0.359263 -0.933233 0.00258249 0.999981 0.00274657 -0.00553278 0.999997 0.00249067 -0.000579053 0.0323103 -0.80323 0.594793 0.741896 -0.568976 0.354763 0.719762 -0.0109459 0.694135 0.0331012 -0.501019 -0.864803 0.916526 -0.369498 0.153135 0.992733 0.0083222 0.120048 0.960719 -0.138489 0.240499 0.482415 -0.834455 -0.266386 -0.00016528 -1 -0.000328038 1.40914e-005 -1 7.62199e-006 1 -0.000123225 0.000257342 0.96865 -0.1673 -0.18365 0.868056 0.434149 -0.240817 0.678888 0.546381 -0.490488 0.991891 0.126438 -0.012847 0.276555 0.949534 -0.147995 0.980979 -0.0122697 0.193723 0.323006 -0.870663 -0.370964 0.982235 -0.00726284 0.187517 0.97687 -0.00771274 0.213696 0.980181 -0.0231447 0.196747 0.765798 -0.29065 -0.573652 0.451806 -0.292849 -0.842681 0.231698 0.948406 -0.216431 0.149603 0.962182 -0.227649 0.294516 -0.901568 -0.316915 0.982718 -0.0381423 -0.181135 0.611607 -0.78516 -0.0972591 0.99597 -0.0474496 -0.0761081 0.779315 0.576661 -0.245215 0.0274063 -0.284327 0.958336 0.0233514 0.00167868 0.999726 0.259896 0.942976 -0.207969</float_array>
                    <technique_common>
                        <accessor count="165" source="#ID10" stride="3">
                            <param name="X" type="float"/>
                            <param name="Y" type="float"/>
                            <param name="Z" type="float"/>
                        </accessor>
                    </technique_common>
                </source>
                <source id="ID11">
                    <float_array id="ID12" count="2">0 1</float_array>
                    <technique_common>
                        <accessor count="1" source="#ID12" stride="2">
                            <param name="S" type="float"/>
                            <param name="T" type="float"/>
                        </accessor>
                    </technique_common>
                </source>
                <vertices id="ID13">
                    <input semantic="POSITION" source="#ID7"/>
                </vertices>
                <polylist count="150" material="Material1">
                    <input offset="0" semantic="VERTEX" source="#ID13"/>
                    <input offset="1" semantic="NORMAL" source="#ID9"/>
                    <input offset="2" semantic="TEXCOORD" source="#ID11" set="0"/>
                    <vcount>4 4 4 4 4 4 4 4 4 3 4 4 4 4 3 3 4 4 3 3 4 3 4 4 4 4 4 3 4 3 4 4 4 4 3 4 4 4 4 3 3 4 3 4 4 4 4 4 4 3 4 4 4 4 4 3 3 4 3 4 4 4 4 4 4 4 4 4 4 4 4 4 4 4 4 4 4 4 4 4 3 3 4 4 4 4 4 4 4 4 4 4 4 4 3 4 4 4 4 3 3 4 3 3 3 3 3 4 4 4 4 4 3 4 3 4 4 4 4 3 4 4 4 4 3 3 4 3 4 4 4 4 4 4 3 4 4 4 4 4 3 3 4 3 4 4 4 4 4 4</vcount>
                    <p>4 3 0 53 2 0 28 1 0 8 0 0 3 6 0 39 5 0 69 4 0 10 4 0 65 10 0 81 9 0 19 8 0 59 7 0 40 14 0 41 13 0 48 12 0 44 11 0 24 18 0 80 17 0 20 16 0 73 15 0 42 22 0 43 21 0 77 20 0 47 19 0 59 7 0 50 24 0 6 23 0 65 10 0 10 4 0 69 4 0 27 25 0 16 25 0 60 27 0 6 23 0 50 24 0 0 26 0 79 28 0 80 17 0 24 18 0 16 30 0 11 29 0 8 0 0 28 1 0 50 32 0 59 7 0 19 8 0 62 31 0 73 15 0 20 16 0 1 33 0 65 10 0 36 37 0 34 36 0 14 35 0 30 34 0 39 5 0 64 38 0 0 26 0 65 10 0 1 33 0 81 9 0 15 42 0 92 41 0 91 40 0 7 39 0 139 46 0 100 45 0 143 44 0 151 43 0 79 28 0 24 18 0 3 6 0 69 47 0 39 5 0 0 26 0 101 51 0 136 50 0 144 49 0 150 48 0 81 9 0 15 42 0 7 39 0 12 53 0 79 28 0 3 6 0 10 52 0 27 55 0 69 47 0 0 26 0 21 54 0 23 59 0 76 58 0 114 57 0 98 56 0 111 63 0 153 62 0 162 61 0 161 60 0 53 2 0 37 66 0 25 65 0 67 64 0 12 53 0 10 52 0 16 30 0 78 68 0 30 34 0 14 35 0 74 67 0 60 27 0 0 26 0 64 38 0 26 71 0 2 70 0 78 68 0 38 69 0 16 30 0 28 1 0 9 72 0 12 53 0 52 76 0 49 75 0 51 74 0 58 73 0 58 73 0 55 77 0 19 8 0 81 9 0 74 79 0 14 35 0 63 78 0 2 70 0 26 71 0 41 13 0 40 14 0 32 82 0 62 31 0 46 81 0 54 80 0 130 86 0 154 85 0 129 84 0 133 83 0 117 90 0 103 89 0 145 88 0 134 87 0 36 37 0 42 91 0 34 36 0 5 94 0 17 93 0 70 92 0 36 37 0 30 34 0 13 96 0 33 95 0 55 77 0 46 81 0 62 31 0 43 21 0 68 97 0 40 14 0 44 11 0 61 98 0 50 32 0 62 31 0 32 82 0 38 69 0 29 101 0 152 100 0 155 99 0 42 91 0 47 19 0 45 102 0 34 36 0 40 14 0 33 95 0 13 96 0 2 70 0 33 104 0 40 104 0 68 103 0 36 103 0 77 20 0 43 21 0 44 11 0 71 107 0 45 102 0 56 106 0 66 105 0 63 78 0 34 36 0 45 102 0 71 107 0 47 19 0 52 76 0 56 106 0 45 102 0 16 25 0 27 25 0 21 54 0 11 29 0 36 103 0 68 103 0 43 21 0 42 22 0 49 75 0 77 20 0 44 11 0 14 35 0 34 36 0 63 78 0 58 73 0 51 74 0 46 81 0 55 77 0 52 76 0 58 73 0 56 106 0 118 110 0 107 109 0 96 108 0 155 99 0 54 80 0 46 81 0 44 11 0 48 12 0 51 74 0 49 75 0 44 11 0 46 81 0 57 111 0 66 105 0 72 112 0 22 111 0 76 58 0 21 54 0 0 26 0 18 113 0 58 73 0 81 9 0 7 39 0 56 106 0 73 15 0 60 27 0 64 38 0 24 18 0 92 41 0 75 114 0 17 93 0 91 40 0 91 40 0 17 93 0 5 94 0 90 115 0 4 3 0 8 0 0 11 29 0 21 54 0 50 32 0 61 98 0 18 113 0 0 26 0 4 3 0 23 59 0 37 66 0 53 2 0 65 10 0 6 23 0 60 27 0 73 15 0 66 105 0 56 106 0 7 39 0 72 112 0 21 54 0 76 58 0 23 59 0 4 3 0 99 117 0 111 63 0 161 60 0 160 116 0 47 19 0 77 20 0 49 75 0 52 76 0 67 64 0 9 72 0 28 1 0 53 2 0 74 67 0 29 101 0 38 69 0 78 68 0 2 70 0 13 96 0 30 34 0 78 68 0 24 18 0 64 38 0 39 5 0 3 6 0 17 93 0 75 114 0 70 92 0 62 31 0 19 8 0 55 77 0 90 115 0 72 112 0 7 39 0 91 40 0 122 121 0 142 120 0 115 119 0 97 118 0 70 92 0 35 122 0 31 122 0 5 94 0 117 90 0 134 87 0 98 56 0 102 123 0 147 124 0 122 121 0 97 118 0 104 124 0 112 127 0 158 126 0 143 44 0 138 125 0 48 12 0 41 13 0 123 129 0 126 128 0 113 131 0 157 130 0 115 119 0 151 43 0 154 85 0 125 133 0 124 132 0 129 84 0 100 45 0 131 134 0 138 125 0 143 44 0 116 135 0 147 124 0 104 124 0 110 135 0 131 134 0 100 45 0 139 46 0 94 136 0 157 130 0 156 137 0 115 119 0 102 123 0 105 139 0 110 138 0 117 90 0 112 127 0 138 125 0 131 141 0 140 140 0 95 142 0 113 131 0 151 43 0 143 44 0 108 145 0 120 144 0 121 143 0 118 110 0 142 120 0 122 121 0 94 136 0 95 142 0 143 44 0 158 126 0 161 60 0 162 61 0 109 146 0 101 51 0 153 62 0 111 63 0 148 147 0 115 119 0 156 137 0 97 118 0 122 121 0 147 148 0 94 136 0 112 127 0 140 140 0 135 149 0 109 146 0 158 126 0 101 51 0 97 118 0 156 137 0 106 151 0 104 150 0 94 136 0 147 148 0 116 152 0 114 57 0 101 51 0 150 48 0 160 116 0 161 60 0 31 122 0 35 122 0 148 147 0 99 117 0 25 65 0 37 66 0 134 87 0 145 88 0 104 150 0 106 151 0 110 138 0 108 145 0 118 110 0 155 99 0 152 100 0 94 136 0 139 46 0 142 120 0 155 99 0 96 108 0 26 71 0 38 69 0 103 89 0 117 90 0 110 138 0 106 151 0 132 154 0 130 86 0 133 83 0 137 153 0 112 127 0 135 149 0 137 153 0 158 126 0 108 145 0 152 156 0 141 155 0 41 13 0 26 71 0 96 108 0 123 129 0 128 157 0 140 140 0 32 82 0 54 80 0 142 120 0 139 46 0 151 43 0 115 119 0 105 139 0 102 123 0 98 56 0 114 57 0 124 158 0 121 143 0 120 144 0 111 63 0 99 117 0 148 147 0 107 109 0 118 110 0 121 143 0 119 159 0 128 157 0 135 149 0 140 140 0 123 129 0 146 160 0 125 133 0 126 128 0 140 140 0 131 141 0 61 98 0 32 82 0 18 113 0 61 98 0 131 141 0 94 136 0 127 161 0 129 84 0 124 158 0 120 144 0 107 109 0 119 159 0 123 129 0 96 108 0 146 162 0 123 163 0 119 163 0 121 162 0 125 133 0 154 85 0 126 128 0 136 50 0 127 161 0 149 164 0 144 49 0 127 161 0 120 144 0 141 155 0 149 164 0 136 50 0 133 83 0 129 84 0 127 161 0 114 57 0 116 135 0 110 135 0 105 139 0 125 133 0 146 162 0 121 162 0 124 132 0 154 85 0 130 86 0 126 128 0 120 144 0 108 145 0 141 155 0 128 157 0 132 154 0 137 153 0 135 149 0 137 153 0 133 83 0 136 50 0 37 66 0 23 59 0 98 56 0 134 87 0 126 128 0 128 157 0 54 80 0 48 12 0 126 128 0 130 86 0 132 154 0 128 157 0 150 48 0 144 49 0 57 111 0 22 111 0 94 136 0 114 57 0 76 58 0 18 113 0 101 51 0 158 126 0 137 153 0 136 50 0</p>
                </polylist>
            </mesh>
        </geometry>
        <geometry id="ID16">
            <mesh>
                <source id="ID17">
                    <float_array id="ID18" count="54">-0.21862 -25.4722 60.4066 -0.176163 0.129648 0.0274429 -0.219055 -13.0123 71.329 -29.671 113.383 63.6269 -33.4458 116.332 60.457 -33.4421 116.337 10.8086 -29.6691 113.483 8.05348 -3.0187 8.63722 69.9662 -0.247322 14.148 80.4041 -0.238205 -8.80279 80.404 -0.197334 -25.5546 1.92762 -3.01862 -25.4726 60.4049 -2.97633 -0.242271 0.0522919 -3.01906 -13.0152 71.3289 -3.0382 -8.8039 80.3986 -2.99734 -25.5534 1.92615 -0.218491 9.01038 69.8665 -3.04778 13.9614 80.4906</float_array>
                    <technique_common>
                        <accessor count="18" source="#ID18" stride="3">
                            <param name="X" type="float"/>
                            <param name="Y" type="float"/>
                            <param name="Z" type="float"/>
                        </accessor>
                    </technique_common>
                </source>
                <source id="ID19">
                    <float_array id="ID20" count="63">-0.999998 -0.000412839 -0.00191885 -1 -0.00106409 -1.26835e-006 -0.952261 0.272916 -0.136808 -1 -0.000125614 -0.000611989 0.00871396 -0.538927 0.842307 0.0144654 -0.0020172 0.999893 -0.752108 0.630419 -0.19211 0.000189403 -0.800456 0.599392 -6.85747e-006 -0.910549 0.413401 -1 0.00043874 -0.000534437 -0.616944 0.495447 -0.611484 0.999999 0.000395569 0.00107743 1 0.00102877 3.58384e-005 0.999998 0.000397235 0.00192589 1 0.000100912 0.000601061 -0.0915877 0.626884 -0.77371 0.000392614 -0.733211 -0.680001 0.999998 -0.000678783 0.0018287 1 -0.000486733 0.000496798 -0.12023 0.950104 -0.287833 -0.103545 0.890695 -0.442653</float_array>
                    <technique_common>
                        <accessor count="21" source="#ID20" stride="3">
                            <param name="X" type="float"/>
                            <param name="Y" type="float"/>
                            <param name="Z" type="float"/>
                        </accessor>
                    </technique_common>
                </source>
                <source id="ID21">
                    <float_array id="ID22" count="2">0 1</float_array>
                    <technique_common>
                        <accessor count="1" source="#ID22" stride="2">
                            <param name="S" type="float"/>
                            <param name="T" type="float"/>
                        </accessor>
                    </technique_common>
                </source>
                <vertices id="ID23">
                    <input semantic="POSITION" source="#ID17"/>
                </vertices>
                <polylist count="15" material="Material1">
                    <input offset="0" semantic="VERTEX" source="#ID23"/>
                    <input offset="1" semantic="NORMAL" source="#ID19"/>
                    <input offset="2" semantic="TEXCOORD" source="#ID21" set="0"/>
                    <vcount>3 3 4 3 4 4 4 3 3 4 3 4 4 4 4</vcount>
                    <p>17 2 0 13 1 0 14 0 0 13 1 0 17 2 0 11 3 0 8 5 0 17 5 0 14 4 0 9 4 0 11 3 0 17 2 0 7 6 0 9 4 0 14 4 0 13 7 0 2 7 0 2 7 0 13 7 0 11 8 0 0 8 0 11 3 0 7 6 0 12 10 0 15 9 0 9 13 0 2 12 0 8 11 0 0 14 0 8 11 0 2 12 0 10 16 0 15 16 0 12 10 0 1 15 0 16 17 0 8 11 0 0 14 0 0 8 0 11 8 0 15 16 0 10 16 0 10 18 0 1 18 0 16 17 0 0 14 0 7 6 0 17 2 0 8 20 0 16 19 0 12 10 0 7 6 0 16 19 0 1 15 0</p>
                </polylist>
            </mesh>
        </geometry>
        <geometry id="ID25">
            <mesh>
                <source id="ID26">
                    <float_array id="ID27" count="24">-1.55418 -2.41145 4.86993 -1.55418 2.41145 4.86993 1.55418 -2.41145 4.86993 1.55418 2.41145 4.86993 1.55418 -2.41145 -4.86993 1.55418 2.41145 -4.86993 -1.55418 -2.41145 -4.86993 -1.55418 2.41145 -4.86993</float_array>
                    <technique_common>
                        <accessor count="8" source="#ID27" stride="3">
                            <param name="X" type="float"/>
                            <param name="Y" type="float"/>
                            <param name="Z" type="float"/>
                        </accessor>
                    </technique_common>
                </source>
                <source id="ID28">
                    <float_array id="ID29" count="18">0 0 1 1 0 -0 0 0 -1 -1 0 -0 0 1 -0 0 -1 -0</float_array>
                    <technique_common>
                        <accessor count="6" source="#ID29" stride="3">
                            <param name="X" type="float"/>
                            <param name="Y" type="float"/>
                            <param name="Z" type="float"/>
                        </accessor>
                    </technique_common>
                </source>
                <source id="ID30">
                    <float_array id="ID31" count="2">0 1</float_array>
                    <technique_common>
                        <accessor count="1" source="#ID31" stride="2">
                            <param name="S" type="float"/>
                            <param name="T" type="float"/>
                        </accessor>
                    </technique_common>
                </source>
                <vertices id="ID32">
                    <input semantic="POSITION" source="#ID26"/>
                </vertices>
                <polylist count="6" material="Material1">
                    <input offset="0" semantic="VERTEX" source="#ID32"/>
                    <input offset="1" semantic="NORMAL" source="#ID28"/>
                    <input offset="2" semantic="TEXCOORD" source="#ID30" set="0"/>
                    <vcount>4 4 4 4 4 4</vcount>
                    <p>2 0 0 3 0 0 1 0 0 0 0 0 4 1 0 5 1 0 3 1 0 2 1 0 6 2 0 7 2 0 5 2 0 4 2 0 0 3 0 1 3 0 7 3 0 6 3 0 3 4 0 5 4 0 7 4 0 1 4 0 4 5 0 2 5 0 0 5 0 6 5 0</p>
                </polylist>
            </mesh>
        </geometry>
        <geometry id="ID34">
            <mesh>
                <source id="ID35">
                    <float_array id="ID36" count="30">99.5428 24.0815 -36.7984 70.5482 137.335 26.8011 66.7734 140.284 23.6312 66.7771 140.289 -26.0172 70.5501 137.435 -28.7723 97.6865 32.5891 33.1404 99.472 38.0998 43.5783 97.7291 23.7096 -36.7735 99.5007 32.9622 33.0407 97.6573 37.9132 43.6648</float_array>
                    <technique_common>
                        <accessor count="10" source="#ID36" stride="3">
                            <param name="X" type="float"/>
                            <param name="Y" type="float"/>
                            <param name="Z" type="float"/>
                        </accessor>
                    </technique_common>
                </source>
                <source id="ID37">
                    <float_array id="ID38" count="48">0.958126 0.258405 -0.123377 0.887209 0.458832 -0.0483071 0.963411 0.258873 -0.0694562 0.831627 0.555281 -0.00768188 0.965868 0.258582 -0.0153318 -0.53087 -0.812126 0.242132 -0.888491 -0.179193 0.42246 -0.527951 -0.494809 0.690241 -0.120499 -0.506615 0.85371 -0.352484 0.0693824 0.933242 -0.599018 -0.676073 -0.429072 -0.807068 -0.173563 -0.564373 0.609144 0.79306 0.000783163 -0.350575 -0.017905 -0.936363 0.183736 -0.940599 0.285507 0.203695 -0.971208 0.123548</float_array>
                    <technique_common>
                        <accessor count="16" source="#ID38" stride="3">
                            <param name="X" type="float"/>
                            <param name="Y" type="float"/>
                            <param name="Z" type="float"/>
                        </accessor>
                    </technique_common>
                </source>
                <source id="ID39">
                    <float_array id="ID40" count="2">0 1</float_array>
                    <technique_common>
                        <accessor count="1" source="#ID40" stride="2">
                            <param name="S" type="float"/>
                            <param name="T" type="float"/>
                        </accessor>
                    </technique_common>
                </source>
                <vertices id="ID41">
                    <input semantic="POSITION" source="#ID35"/>
                </vertices>
                <polylist count="9" material="Material1">
                    <input offset="0" semantic="VERTEX" source="#ID41"/>
                    <input offset="1" semantic="NORMAL" source="#ID37"/>
                    <input offset="2" semantic="TEXCOORD" source="#ID39" set="0"/>
                    <vcount>3 4 3 4 4 4 4 4 4</vcount>
                    <p>8 2 0 1 1 0 6 0 0 1 1 0 8 2 0 0 4 0 4 3 0 9 7 0 2 6 0 5 5 0 1 9 0 2 6 0 9 7 0 6 8 0 3 11 0 7 10 0 5 5 0 2 6 0 1 1 0 4 3 0 3 12 0 2 12 0 0 13 0 7 10 0 3 11 0 4 13 0 8 14 0 6 8 0 9 7 0 5 5 0 0 15 0 8 14 0 5 5 0 7 10 0</p>
                </polylist>
            </mesh>
        </geometry>
        <geometry id="ID43">
            <mesh>
                <source id="ID44">
                    <float_array id="ID45" count="54">0.218437 -25.4722 60.4066 0.17598 0.129648 0.0274429 0.218872 -13.0123 71.329 29.6708 113.383 63.6269 33.4456 116.332 60.457 33.4419 116.337 10.8086 29.6689 113.483 8.05348 3.01852 8.63722 69.9662 0.247139 14.148 80.4041 0.238022 -8.80279 80.404 0.197151 -25.5546 1.92762 3.01844 -25.4726 60.4049 2.97615 -0.242271 0.0522919 3.01888 -13.0152 71.3289 3.03802 -8.8039 80.3986 2.99715 -25.5534 1.92615 0.218307 9.01038 69.8665 3.04668 13.9614 80.4906</float_array>
                    <technique_common>
                        <accessor count="18" source="#ID45" stride="3">
                            <param name="X" type="float"/>
                            <param name="Y" type="float"/>
                            <param name="Z" type="float"/>
                        </accessor>
                    </technique_common>
                </source>
                <source id="ID46">
                    <float_array id="ID47" count="63">6.75234e-006 -0.910549 0.413401 -0.000390305 -0.733211 -0.680001 0.952263 0.272909 -0.136804 0.752148 0.630379 -0.192082 1 -0.000116617 -0.000599265 -0.515208 -0.461326 0.722315 -0.00879258 -0.538927 0.842307 -0.000189357 -0.800456 0.599392 1 -0.00101624 -4.22098e-005 0.999998 -0.00037255 -0.00193756 -0.948847 -0.000260942 0.315735 -0.0145983 -0.00201574 0.999891 0.616944 0.495446 -0.611484 1 0.00043874 -0.000534437 -1 0.000100912 0.000601061 -0.999998 -0.000678783 0.0018287 0.0915887 0.626884 -0.77371 -1 0.00102877 3.58384e-005 -1 -0.000486733 0.000496798 0.120322 0.950087 -0.287851 0.103728 0.890657 -0.442686</float_array>
                    <technique_common>
                        <accessor count="21" source="#ID47" stride="3">
                            <param name="X" type="float"/>
                            <param name="Y" type="float"/>
                            <param name="Z" type="float"/>
                        </accessor>
                    </technique_common>
                </source>
                <source id="ID48">
                    <float_array id="ID49" count="2">0 1</float_array>
                    <technique_common>
                        <accessor count="1" source="#ID49" stride="2">
                            <param name="S" type="float"/>
                            <param name="T" type="float"/>
                        </accessor>
                    </technique_common>
                </source>
                <vertices id="ID50">
                    <input semantic="POSITION" source="#ID44"/>
                </vertices>
                <polylist count="15" material="Material1">
                    <input offset="0" semantic="VERTEX" source="#ID50"/>
                    <input offset="1" semantic="NORMAL" source="#ID46"/>
                    <input offset="2" semantic="TEXCOORD" source="#ID48" set="0"/>
                    <vcount>4 3 4 3 3 4 4 4 3 4 3 3 4 4 4</vcount>
                    <p>10 1 0 15 1 0 11 0 0 0 0 0 11 4 0 7 3 0 17 2 0 2 7 0 13 7 0 14 6 0 9 5 0 17 2 0 14 9 0 13 8 0 13 8 0 11 4 0 17 2 0 9 5 0 14 6 0 17 11 0 8 10 0 11 4 0 15 13 0 12 12 0 7 3 0 0 0 0 11 0 0 13 7 0 2 7 0 8 10 0 16 15 0 0 14 0 1 16 0 12 12 0 15 1 0 10 1 0 2 17 0 9 5 0 8 10 0 8 10 0 0 14 0 2 17 0 16 15 0 1 18 0 10 18 0 0 14 0 1 16 0 16 19 0 7 3 0 12 12 0 16 19 0 8 20 0 17 2 0 7 3 0</p>
                </polylist>
            </mesh>
        </geometry>
        <geometry id="ID52">
            <mesh>
                <source id="ID53">
                    <float_array id="ID54" count="24">-1.55418 -2.41145 4.86993 -1.55418 2.41145 4.86993 1.55418 -2.41145 4.86993 1.55418 2.41145 4.86993 1.55418 -2.41145 -4.86993 1.55418 2.41145 -4.86993 -1.55418 -2.41145 -4.86993 -1.55418 2.41145 -4.86993</float_array>
                    <technique_common>
                        <accessor count="8" source="#ID54" stride="3">
                            <param name="X" type="float"/>
                            <param name="Y" type="float"/>
                            <param name="Z" type="float"/>
                        </accessor>
                    </technique_common>
                </source>
                <source id="ID55">
                    <float_array id="ID56" count="18">0 0 1 1 0 -0 0 0 -1 -1 0 -0 0 1 -0 0 -1 -0</float_array>
                    <technique_common>
                        <accessor count="6" source="#ID56" stride="3">
                            <param name="X" type="float"/>
                            <param name="Y" type="float"/>
                            <param name="Z" type="float"/>
                        </accessor>
                    </technique_common>
                </source>
                <source id="ID57">
                    <float_array id="ID58" count="2">0 1</float_array>
                    <technique_common>
                        <accessor count="1" source="#ID58" stride="2">
                            <param name="S" type="float"/>
                            <param name="T" type="float"/>
                        </accessor>
                    </technique_common>
                </source>
                <vertices id="ID59">
                    <input semantic="POSITION" source="#ID53"/>
                </vertices>
                <polylist count="6" material="Material1">
                    <input offset="0" semantic="VERTEX" source="#ID59"/>
                    <input offset="1" semantic="NORMAL" source="#ID55"/>
                    <input offset="2" semantic="TEXCOORD" source="#ID57" set="0"/>
                    <vcount>4 4 4 4 4 4</vcount>
                    <p>2 0 0 3 0 0 1 0 0 0 0 0 4 1 0 5 1 0 3 1 0 2 1 0 6 2 0 7 2 0 5 2 0 4 2 0 0 3 0 1 3 0 7 3 0 6 3 0 3 4 0 5 4 0 7 4 0 1 4 0 4 5 0 2 5 0 0 5 0 6 5 0</p>
                </polylist>
            </mesh>
        </geometry>
        <geometry id="ID61">
            <mesh>
                <source id="ID62">
                    <float_array id="ID63" count="30">-99.5428 24.0815 -36.7984 -70.5482 137.335 26.8011 -66.7734 140.284 23.6312 -66.7771 140.289 -26.0172 -70.5501 137.435 -28.7723 -97.6865 32.5891 33.1404 -99.472 38.0998 43.5783 -97.7291 23.7096 -36.7735 -99.5007 32.9622 33.0407 -97.6582 37.9133 43.6647</float_array>
                    <technique_common>
                        <accessor count="10" source="#ID63" stride="3">
                            <param name="X" type="float"/>
                            <param name="Y" type="float"/>
                            <param name="Z" type="float"/>
                        </accessor>
                    </technique_common>
                </source>
                <source id="ID64">
                    <float_array id="ID65" count="48">0.887233 -0.181396 0.424163 0.53092 -0.812098 0.242116 0.524845 -0.496869 0.691129 -0.958126 0.258405 -0.123377 -0.963411 0.258873 -0.0694562 -0.887209 0.458832 -0.0483071 0.602095 -0.673956 -0.428094 0.809145 -0.170713 -0.562264 -0.831627 0.555281 -0.00768188 -0.965868 0.258582 -0.0153318 0.346083 0.0643915 0.935991 0.116383 -0.508469 0.853179 -0.609144 0.79306 0.000783163 0.356036 -0.013701 -0.934372 -0.183603 -0.940638 0.285464 -0.203698 -0.971207 0.123547</float_array>
                    <technique_common>
                        <accessor count="16" source="#ID65" stride="3">
                            <param name="X" type="float"/>
                            <param name="Y" type="float"/>
                            <param name="Z" type="float"/>
                        </accessor>
                    </technique_common>
                </source>
                <source id="ID66">
                    <float_array id="ID67" count="2">0 1</float_array>
                    <technique_common>
                        <accessor count="1" source="#ID67" stride="2">
                            <param name="S" type="float"/>
                            <param name="T" type="float"/>
                        </accessor>
                    </technique_common>
                </source>
                <vertices id="ID68">
                    <input semantic="POSITION" source="#ID62"/>
                </vertices>
                <polylist count="9" material="Material1">
                    <input offset="0" semantic="VERTEX" source="#ID68"/>
                    <input offset="1" semantic="NORMAL" source="#ID64"/>
                    <input offset="2" semantic="TEXCOORD" source="#ID66" set="0"/>
                    <vcount>3 3 4 4 4 4 4 4 4</vcount>
                    <p>9 2 0 5 1 0 2 0 0 1 5 0 8 4 0 6 3 0 3 7 0 2 0 0 5 1 0 7 6 0 0 9 0 8 4 0 1 5 0 4 8 0 6 11 0 9 2 0 2 0 0 1 10 0 3 12 0 4 8 0 1 5 0 2 12 0 4 13 0 3 7 0 7 6 0 0 13 0 5 1 0 9 2 0 6 11 0 8 14 0 7 6 0 5 1 0 8 14 0 0 15 0</p>
                </polylist>
            </mesh>
        </geometry>
        <geometry id="ID70">
            <mesh>
                <source id="ID71">
                    <float_array id="ID72" count="72">0 -14.9171 -83.3067 0 -12.1908 -62.1094 0 -6.71749 -29.7686 0 0.0769577 -0.0821457 -81.1644 -10.7035 -63.5056 -92.4944 0.0769577 -0.0821457 -87.2484 -4.91459 -29.4483 -78.1335 -14.9171 -83.3067 81.1644 -10.7035 -63.5056 92.4944 0.0769577 -0.0821457 87.2484 -4.91459 -29.4483 78.1335 -14.9171 -83.3067 0 -16.2156 -80.8909 0 -10.7035 -63.5056 0 -4.91459 -29.4483 0 -1.99298 -1.85238 -79.7846 -12.1908 -62.1094 -90.922 -1.99298 -1.85238 -85.7652 -6.71749 -29.7686 -76.8053 -16.2156 -80.8909 79.7846 -12.1908 -62.1094 90.922 -1.99298 -1.85238 85.7652 -6.71749 -29.7686 76.8053 -16.2156 -80.8909</float_array>
                    <technique_common>
                        <accessor count="24" source="#ID72" stride="3">
                            <param name="X" type="float"/>
                            <param name="Y" type="float"/>
                            <param name="Z" type="float"/>
                        </accessor>
                    </technique_common>
                </source>
                <source id="ID73">
                    <float_array id="ID74" count="81">-0.430392 -0.899593 0.0741266 0 -0.98598 0.166866 0 -0.982122 0.188247 -0.409047 -0.906489 0.104681 -0.313952 -0.883058 0.348773 0 -0.870062 0.492941 0 -0.990071 -0.140571 -0.278162 -0.956445 -0.0885338 0.42955 -0.899972 0.0744098 0.408487 -0.90672 0.104869 0.313383 -0.883237 0.348832 0.277992 -0.956503 -0.0884477 0 0.982189 -0.187895 0 0.982189 -0.187895 0 0.98586 -0.167572 0 0.98586 -0.167572 0 0.9781 -0.208137 -0.774346 -0.631869 -0.0336129 -0.744512 -0.667606 0.0022486 -0.482748 -0.760018 0.435117 0 -0.649945 0.759981 -0.414439 -0.875138 -0.249747 0 -0.880833 -0.473428 0.743703 -0.668504 0.00264799 0.773194 -0.633309 -0.0330408 0.481848 -0.760524 0.435231 0.414193 -0.875293 -0.249612</float_array>
                    <technique_common>
                        <accessor count="27" source="#ID74" stride="3">
                            <param name="X" type="float"/>
                            <param name="Y" type="float"/>
                            <param name="Z" type="float"/>
                        </accessor>
                    </technique_common>
                </source>
                <source id="ID75">
                    <float_array id="ID76" count="2">0 1</float_array>
                    <technique_common>
                        <accessor count="1" source="#ID76" stride="2">
                            <param name="S" type="float"/>
                            <param name="T" type="float"/>
                        </accessor>
                    </technique_common>
                </source>
                <vertices id="ID77">
                    <input semantic="POSITION" source="#ID71"/>
                </vertices>
                <polylist count="22" material="Material1">
                    <input offset="0" semantic="VERTEX" source="#ID77"/>
                    <input offset="1" semantic="NORMAL" source="#ID73"/>
                    <input offset="2" semantic="TEXCOORD" source="#ID75" set="0"/>
                    <vcount>4 4 4 4 4 4 4 4 4 4 4 4 4 4 4 4 4 4 4 4 4 4</vcount>
                    <p>16 3 0 1 2 0 2 1 0 18 0 0 18 0 0 2 1 0 15 5 0 17 4 0 19 7 0 12 6 0 1 2 0 16 3 0 20 9 0 22 8 0 2 1 0 1 2 0 22 8 0 21 10 0 15 5 0 2 1 0 23 11 0 20 9 0 1 2 0 12 6 0 6 14 0 14 14 0 13 13 0 4 12 0 5 15 0 3 15 0 14 14 0 6 14 0 4 12 0 13 13 0 0 16 0 7 16 0 13 13 0 14 14 0 10 14 0 8 12 0 14 14 0 3 15 0 9 15 0 10 14 0 0 16 0 13 13 0 8 12 0 11 16 0 4 18 0 16 3 0 18 0 0 6 17 0 6 17 0 18 0 0 17 4 0 5 19 0 5 19 0 17 4 0 15 5 0 3 20 0 7 21 0 19 7 0 16 3 0 4 18 0 0 22 0 12 6 0 19 7 0 7 21 0 10 24 0 22 8 0 20 9 0 8 23 0 3 20 0 15 5 0 21 10 0 9 25 0 9 25 0 21 10 0 22 8 0 10 24 0 11 26 0 23 11 0 12 6 0 0 22 0 8 23 0 20 9 0 23 11 0 11 26 0</p>
                </polylist>
            </mesh>
        </geometry>
        <geometry id="ID197">
            <mesh>
                <source id="ID198">
                    <float_array id="ID199" count="1053">-76.876 -19.2895 45.4781 -100.001 -1.52041 23.5808 -75.1772 -20.6193 -131.814 -97.8746 15.5411 56.6734 -82.2279 -9.08556 86.5769 -66.7774 137.487 -38.8408 -76.8745 -3.68476 25.1411 -100 23 -45.4781 -87.0892 -9.08556 85.0281 -90.5367 38.2816 92.3103 -95.2389 9.79018 70.2118 -87.889 -10.0869 81.147 -92.6498 38.2816 87.0032 -79.5437 -19.2895 -128.979 -82.5 7.23016 -138.255 -100.043 24.0815 -36.7984 -93.5721 1.89217 77.8127 -70.5092 137.487 -35.4547 0 -19.2895 45.4781 -93.4896 -19.2895 -38.6981 -100 10.9396 34.5032 -69.5879 -10.3031 80.4809 0 24.338 -48.8642 0 -9.08556 86.5769 -100 13.9359 45.4781 0 38.2816 93.0704 0 -20.6193 -131.814 -70.5635 1.52769 77.2 -91.85 4.4299 88.8107 0 7.2383 -141.09 -82.5 -11.7225 -131.626 0 137.487 -38.8408 0 -19.2895 -38.6981 -82.3087 -19.2895 -115.786 -85.7002 10.114 -121.289 0 140.289 -26.6451 -85.7002 -10.8997 -115.872 0 4.4299 90.3595 0 -13.0523 -134.461 -74.7675 14.8212 56.5826 -63.4972 -19.3213 -115.339 0 -19.2895 -114.74 -88.8662 8.19507 -103.631 -65.532 7.59512 -103.083 -66.1043 -19.2895 -82.7029 -92.1242 15.9029 -87.2318 -68.2111 -19.2651 -56.4849 -92.1242 13.1614 -86.9066 0 -19.2895 -83.0571 -67.4734 9.05188 -70.1409 -76.8747 -19.292 25.0271 -68.1834 -8.07327 -56.8206 -95.1869 9.68498 -70.3915 -86.9887 4.4299 90.3595 0 -19.2895 -56.6271 -91.153 -19.2895 -56.6271 -97.6634 20.8944 -57.8656 0 22.2324 -57.8656 -97.6634 -7.82365 -56.9805 -93.4896 -19.2895 24.3271 -76.8684 8.8123 36.0959 0 -19.2895 24.3271 -94.7073 -19.2895 -38.6981 -81.1644 11.4519 -121.289 -76.8602 13.2571 45.6779 -100 -3.4192 24.443 -92.4944 22.2324 -57.8656 -86.9887 38.2816 93.0704 -63.9974 -11.11 -115.373 -72.1885 9.19842 69.819 -66.7771 140.289 -26.0172 -87.2484 17.2408 -87.2318 -94.7073 24.338 -48.8642 -100 9.38502 35.6671 -78.1335 7.2383 -141.09 -70.5501 137.435 -28.7723 0 -10.0869 81.147 -66.5841 12.4409 -86.4908 -78.1335 -13.0523 -134.461 -99.9719 38.0998 43.5783 -99.981 15.1491 43.5782 -100.022 -1.60273 -34.8982 0 24.0372 -37.3967 0 -2.20352 -35.4554 0 -2.12003 23.8531 0 10.4487 34.8707 0 14.766 44.1782 0 38.0998 44.1783 -93.8393 30.0472 -40.6173 0 27.6923 -43.8657 -67.4043 134.947 -39.0658 -71.1712 134.917 -35.6797 -71.2121 134.891 -28.9525 -67.3845 134.033 -33.3043 76.876 -19.2895 45.4781 100.001 -1.52041 23.5808 75.1772 -20.6193 -131.814 97.8746 15.5411 56.6734 82.2279 -9.08556 86.5769 66.7774 137.487 -38.8408 76.8745 -3.68476 25.1411 100 23 -45.4781 87.0892 -9.08556 85.0281 90.5367 38.2816 92.3103 95.2389 9.79018 70.2118 87.889 -10.0869 81.147 92.6498 38.2816 87.0032 79.5437 -19.2895 -128.979 82.5 7.23016 -138.255 100.043 24.0815 -36.7984 93.5721 1.89217 77.8127 70.5092 137.487 -35.4547 93.4896 -19.2895 -38.6981 100 10.9396 34.5032 69.5879 -10.3031 80.4809 100 13.9359 45.4781 70.5635 1.52769 77.2 91.85 4.4299 88.8107 82.5 -11.7225 -131.626 82.3087 -19.2895 -115.786 85.7002 10.114 -121.289 85.7002 -10.8997 -115.872 74.7675 14.8212 56.5826 63.4972 -19.3213 -115.339 88.8662 8.19507 -103.631 65.532 7.59512 -103.083 66.1043 -19.2895 -82.7029 92.1242 15.9029 -87.2318 68.2111 -19.2651 -56.4849 92.1242 13.1614 -86.9066 67.4734 9.05188 -70.1409 76.8747 -19.292 25.0271 68.1834 -8.07327 -56.8206 95.1869 9.68498 -70.3915 86.9887 4.4299 90.3595 91.153 -19.2895 -56.6271 97.6634 20.8944 -57.8656 97.6634 -7.82365 -56.9805 93.4896 -19.2895 24.3271 76.8684 8.8123 36.0959 94.7073 -19.2895 -38.6981 81.1644 11.4519 -121.289 76.8602 13.2571 45.6779 100 -3.4192 24.443 92.4944 22.2324 -57.8656 86.9887 38.2816 93.0704 63.9974 -11.11 -115.373 72.1885 9.19842 69.819 66.7771 140.289 -26.0172 87.2484 17.2408 -87.2318 94.7073 24.338 -48.8642 100 9.38502 35.6671 78.1335 7.2383 -141.09 70.5501 137.435 -28.7723 66.5841 12.4409 -86.4908 78.1335 -13.0523 -134.461 99.9719 38.0998 43.5783 99.981 15.1491 43.5782 100.022 -1.60273 -34.8982 93.8393 30.0472 -40.6173 67.4043 134.947 -39.0658 71.1712 134.917 -35.6797 71.2121 134.891 -28.9525 67.3845 134.033 -33.3043 -3.28064e-007 41.5069 78.8621 -82.2597 41.5069 78.723 82.2596 41.5069 78.723 -76.876 -19.2895 45.4781 -100.001 -1.52041 23.5808 -75.1772 -20.6193 -131.814 -97.8746 15.5411 56.6734 -82.2279 -9.08556 86.5769 -66.7774 137.487 -38.8408 -76.8745 -3.68476 25.1411 -100 23 -45.4781 -87.0892 -9.08556 85.0281 -90.5367 38.2816 92.3103 -95.2389 9.79018 70.2118 -87.889 -10.0869 81.147 -92.6498 38.2816 87.0032 -79.5437 -19.2895 -128.979 -82.5 7.23016 -138.255 -100.043 24.0815 -36.7984 -93.5721 1.89217 77.8127 -70.5092 137.487 -35.4547 0 -19.2895 45.4781 -93.4896 -19.2895 -38.6981 -100 10.9396 34.5032 -69.5879 -10.3031 80.4809 0 24.338 -48.8642 0 -9.08556 86.5769 -100 13.9359 45.4781 0 38.2816 93.0704 0 -20.6193 -131.814 -70.5635 1.52769 77.2 -91.85 4.4299 86.8809 0 7.2383 -141.09 -82.5 -11.7225 -131.626 0 137.487 -38.8408 0 -19.2895 -38.6981 -82.3087 -19.2895 -115.786 -85.7002 10.114 -121.289 0 140.289 -26.6451 -85.7002 -10.8997 -115.872 0 4.4299 88.4297 0 -13.0523 -134.461 -74.7675 14.8212 56.5826 -63.4972 -19.3213 -115.339 0 -19.2895 -114.74 -88.8662 8.19507 -103.631 -65.532 7.59512 -103.083 -66.1043 -19.2895 -82.7029 -92.1242 15.9029 -87.2318 -68.2111 -19.2651 -56.4849 -92.1242 13.1614 -86.9066 0 -19.2895 -83.0571 -67.4734 9.05188 -70.1409 -76.8747 -19.292 25.0271 -68.1834 -8.07327 -56.8206 -95.1869 9.68498 -70.3915 -86.9887 4.4299 88.4297 0 -19.2895 -56.6271 -91.153 -19.2895 -56.6271 -97.6634 20.8944 -57.8656 0 22.2324 -57.8656 -97.6634 -7.82365 -56.9805 -93.4896 -19.2895 24.3271 -76.8684 8.8123 36.0959 0 -19.2895 24.3271 -94.7073 -19.2895 -38.6981 -81.1644 11.4519 -121.289 -76.8602 13.2571 45.6779 -100 -3.4192 24.443 -92.4944 22.2324 -57.8656 -86.9887 38.2816 93.0704 -63.9974 -11.11 -115.373 -72.1885 9.19842 69.819 -66.7771 140.289 -26.0172 -87.2484 17.2408 -87.2318 -94.7073 24.338 -48.8642 -100 9.38502 35.6671 -78.1335 7.2383 -141.09 -70.5501 137.435 -28.7723 0 -10.0869 81.147 -66.5841 12.4409 -86.4908 -78.1335 -13.0523 -134.461 -99.9719 38.0998 43.5783 -99.981 15.1491 43.5782 -100.022 -1.60273 -34.8982 0 24.0372 -37.3967 0 -18.3765 -45.3018 66.9941 -14.257 37.3391 0 -14.6799 37.6904 0 14.766 44.1782 0 38.0998 44.1783 -93.8393 30.0472 -40.6173 0 27.6923 -43.8657 -67.4043 134.947 -39.0658 -71.1712 134.917 -35.6797 -71.2121 134.891 -28.9525 -67.3845 134.033 -33.3043 76.876 -19.2895 45.4781 100.001 -1.52041 23.5808 75.1772 -20.6193 -131.814 97.8746 15.5411 56.6734 82.2279 -9.08556 86.5769 66.7774 137.487 -38.8408 76.8745 -3.68476 25.1411 100 23 -45.4781 87.0892 -9.08556 85.0281 90.5367 38.2816 92.3103 95.2389 9.79018 70.2118 87.889 -10.0869 81.147 92.6498 38.2816 87.0032 79.5437 -19.2895 -128.979 82.5 7.23016 -138.255 100.043 24.0815 -36.7984 93.5721 1.89217 77.8127 70.5092 137.487 -35.4547 93.4896 -19.2895 -38.6981 100 10.9396 34.5032 69.5879 -10.3031 80.4809 100 13.9359 45.4781 70.5635 1.52769 77.2 91.85 4.4299 86.8809 82.5 -11.7225 -131.626 82.3087 -19.2895 -115.786 85.7002 10.114 -121.289 85.7002 -10.8997 -115.872 74.7675 14.8212 56.5826 63.4972 -19.3213 -115.339 88.8662 8.19507 -103.631 65.532 7.59512 -103.083 66.1043 -19.2895 -82.7029 92.1242 15.9029 -87.2318 68.2111 -19.2651 -56.4849 92.1242 13.1614 -86.9066 67.4734 9.05188 -70.1409 76.8747 -19.292 25.0271 68.1834 -8.07327 -56.8206 95.1869 9.68498 -70.3915 86.9887 4.4299 88.4297 91.153 -19.2895 -56.6271 97.6634 20.8944 -57.8656 97.6634 -7.82365 -56.9805 93.4896 -19.2895 24.3271 76.8684 8.8123 36.0959 94.7073 -19.2895 -38.6981 81.1644 11.4519 -121.289 76.8602 13.2571 45.6779 100 -3.4192 24.443 92.4944 22.2324 -57.8656 86.9887 38.2816 93.0704 63.9974 -11.11 -115.373 72.1885 9.19842 69.819 66.7771 140.289 -26.0172 87.2484 17.2408 -87.2318 94.7073 24.338 -48.8642 100 9.38502 35.6671 78.1335 7.2383 -141.09 70.5501 137.435 -28.7723 66.5841 12.4409 -86.4908 78.1335 -13.0523 -134.461 99.9719 38.0998 43.5783 99.981 15.1491 43.5782 100.022 -1.60273 -34.8982 93.8393 30.0472 -40.6173 67.4043 134.947 -39.0658 71.1712 134.917 -35.6797 71.2121 134.891 -28.9525 67.3845 134.033 -33.3043 -3.28064e-007 41.5069 78.8621 -82.2597 41.5069 78.723 82.2596 41.5069 78.723 -70.7879 -17.3033 19.8141 -69.7054 15.9477 -34.2973 -70.7876 12.3074 25.7576 -70.7855 12.9101 43.9439 -73.0404 -17.7843 -44.7509 0 15.9071 -34.8529 0 12.5624 44.529 70.7879 -17.3033 19.8141 69.7054 15.9477 -34.2973 70.7876 12.3074 25.7576 70.7855 12.9101 43.9439 73.0404 -17.7843 -44.7509 0 -14.957 21.463 66.9929 -8.03602 43.3939 -66.9941 -14.257 37.3391 -66.9929 -8.03602 43.3939 0 -8.3579 43.9471</float_array>
                    <technique_common>
                        <accessor count="351" source="#ID199" stride="3">
                            <param name="X" type="float"/>
                            <param name="Y" type="float"/>
                            <param name="Z" type="float"/>
                        </accessor>
                    </technique_common>
                </source>
                <source id="ID200">
                    <float_array id="ID201" count="216">0.00915432 0.362037 -0.932119 3.34048e-005 -0.0580044 -0.998316 3.14356e-010 0.671883 -0.740657 -0.116056 0.874184 -0.471523 2.4478e-010 0.996049 0.0888049 2.65057e-006 0.525764 0.850631 0.237094 0.195164 0.951681 0.775389 0.495329 0.39169 0.000774541 0.826301 -0.563229 0 0.826301 -0.563229 0.333248 -0.723076 0.605068 0.31175 -0.34391 0.885741 -0.116384 -0.398956 0.909554 -0.0566458 -0.594903 0.801799 0.615799 -0.782581 -0.0914271 0.969559 -0.24452 0.012833 -0.021517 -0.0358667 0.999125 -0.0279316 -0.207596 0.977816 0 -0.293993 0.955808 2.69871e-006 0.00722664 0.999974 -0.249143 0.968234 -0.0212212 -0.369318 0.870705 -0.324771 0 0.998075 -0.0620156 0 0.999587 -0.0287369 -0.662744 0.644688 -0.380982 0 0.902579 -0.430525 -0.444404 0.395009 -0.804036 -5.00284e-010 0.391178 -0.920315 0.0140092 0.356755 -0.934093 0.116056 0.874184 -0.471523 -0.775389 0.495329 0.39169 -0.21813 0.19435 0.956372 -0.000774541 0.826301 -0.563229 -0.333248 -0.723076 0.605068 -0.31175 -0.34391 0.885741 0.0566458 -0.594903 0.801799 0.116384 -0.398956 0.909554 -0.615799 -0.782581 -0.0914271 -0.969559 -0.24452 0.012833 0.045448 -0.0340204 0.998387 0.0628523 -0.203591 0.977036 0 -0.749097 0.66246 0.248008 0.96852 -0.0214946 0.342589 0.880459 -0.327757 4.62733e-007 0.998053 0.0623693 -0.102168 0.9916 0.0793181 0.0894356 0.994054 0.0621104 0.0437974 0.987513 0.151329 9.1322e-007 0.975428 0.220318 0.670772 0.64279 -0.369981 0.455253 0.392066 -0.799393 -0.0688002 0.98029 0.185196 -0.202407 0.974655 0.0952825 -0.137005 0.9793 0.149 0.177503 0.982206 0.0613463 0.0871093 0.992877 0.0812797 -0 0.0882404 -0.996099 0 0.0882404 -0.996099 0 0.0882404 -0.996099 -0.0495004 -0.119455 0.991605 -0.283821 0.788853 -0.545121 -0.493594 0.869607 -0.0122314 0.0368627 0.782291 -0.621821 -0.657299 0.563395 -0.500544 3.34346e-005 -0.0441308 -0.999026 -0.35097 0.382444 -0.854726 0.118833 -0.110785 0.986715 0.491556 0.870752 -0.0127724 0.216514 0.803133 -0.555066 0.655223 0.568154 -0.497879 -0.0722512 0.780181 -0.621368 0.375516 0.381899 -0.844477</float_array>
                    <technique_common>
                        <accessor count="72" source="#ID201" stride="3">
                            <param name="X" type="float"/>
                            <param name="Y" type="float"/>
                            <param name="Z" type="float"/>
                        </accessor>
                    </technique_common>
                </source>
                <source id="ID202">
                    <float_array id="ID203" count="2">0 1</float_array>
                    <technique_common>
                        <accessor count="1" source="#ID203" stride="2">
                            <param name="S" type="float"/>
                            <param name="T" type="float"/>
                        </accessor>
                    </technique_common>
                </source>
                <vertices id="ID204">
                    <input semantic="POSITION" source="#ID198"/>
                </vertices>
                <polylist count="53" material="Material1">
                    <input offset="0" semantic="VERTEX" source="#ID204"/>
                    <input offset="1" semantic="NORMAL" source="#ID200"/>
                    <input offset="2" semantic="TEXCOORD" source="#ID202" set="0"/>
                    <vcount>4 4 4 4 4 4 4 4 4 4 4 4 4 4 4 4 4 4 3 3 4 3 4 4 4 4 4 4 3 4 3 4 3 3 3 4 4 4 4 4 4 4 4 4 4 4 4 4 3 4 4 3 4</vcount>
                    <p>246 3 0 254 2 0 253 1 0 247 0 0 255 7 0 182 6 0 249 5 0 256 4 0 256 4 0 189 9 0 239 8 0 255 7 0 259 11 0 182 6 0 255 7 0 260 10 0 260 10 0 237 13 0 242 12 0 259 11 0 260 10 0 255 7 0 239 15 0 257 14 0 339 19 0 250 18 0 345 17 0 342 16 0 250 23 0 346 22 0 341 21 0 345 20 0 346 22 0 252 25 0 251 24 0 341 21 0 252 25 0 350 27 0 347 26 0 251 24 0 253 1 0 254 2 0 323 29 0 324 28 0 249 5 0 276 31 0 326 30 0 256 4 0 317 32 0 189 9 0 256 4 0 326 30 0 326 30 0 276 31 0 329 34 0 330 33 0 320 36 0 315 35 0 330 33 0 329 34 0 317 38 0 326 30 0 330 33 0 327 37 0 327 37 0 330 33 0 260 10 0 257 14 0 338 40 0 250 18 0 339 19 0 335 39 0 260 10 0 202 41 0 237 13 0 330 33 0 315 35 0 202 41 0 334 43 0 346 22 0 250 23 0 338 42 0 260 10 0 330 33 0 202 41 0 332 45 0 331 44 0 254 2 0 246 3 0 331 44 0 192 48 0 312 47 0 333 46 0 348 49 0 252 25 0 346 22 0 334 43 0 349 50 0 350 27 0 252 25 0 348 49 0 332 45 0 234 51 0 192 48 0 331 44 0 333 46 0 323 29 0 254 2 0 331 44 0 179 52 0 332 45 0 246 3 0 179 52 0 176 53 0 234 51 0 332 45 0 273 54 0 323 29 0 333 46 0 270 55 0 273 54 0 333 46 0 312 47 0 31 58 0 90 57 0 5 56 0 31 58 0 99 56 0 160 57 0 90 57 0 31 58 0 160 57 0 249 5 0 339 19 0 342 16 0 276 31 0 276 31 0 342 16 0 345 17 0 325 59 0 325 61 0 345 20 0 341 21 0 262 60 0 262 60 0 341 21 0 343 63 0 280 62 0 324 28 0 344 65 0 340 64 0 253 1 0 280 62 0 343 63 0 344 65 0 324 28 0 248 66 0 338 40 0 335 39 0 182 6 0 182 6 0 335 39 0 339 19 0 249 5 0 168 68 0 334 43 0 338 42 0 248 67 0 187 70 0 336 69 0 334 43 0 168 68 0 247 0 0 337 71 0 336 69 0 187 70 0 253 1 0 340 64 0 337 71 0 247 0 0 337 71 0 349 50 0 348 49 0 336 69 0 341 21 0 251 24 0 343 63 0 344 65 0 347 26 0 350 27 0 340 64 0 343 63 0 251 24 0 347 26 0 344 65 0 336 69 0 348 49 0 334 43 0 340 64 0 350 27 0 349 50 0 337 71 0</p>
                </polylist>
            </mesh>
        </geometry>
        <geometry id="ID207">
            <mesh>
                <source id="ID208">
                    <float_array id="ID209" count="138">-4.68238 26.5992 1.40196e-006 4.68238 26.5992 1.58495e-006 -3.78812 23.9407 -0.712329 -3.78812 24.8671 -2.13888 -3.78812 26.4551 -2.74846 -3.78812 28.0981 -2.30821 -3.78812 29.1686 -0.98631 -3.78812 29.2576 0.712332 -3.78812 28.3312 2.13889 -3.78812 26.7432 2.74846 -3.78812 25.1002 2.30822 -3.78812 24.0297 0.986313 -1.44693 22.2977 -1.15257 -1.44693 23.7967 -3.46079 -1.44693 26.3661 -4.4471 -1.44693 29.0245 -3.73477 -1.44693 30.7566 -1.59588 -1.44693 30.9006 1.15258 -1.44693 29.4017 3.46079 -1.44693 26.8322 4.4471 -1.44693 24.1738 3.73477 -1.44693 22.4417 1.59589 1.44693 22.2977 -1.15257 1.44693 23.7967 -3.46079 1.44693 26.3661 -4.4471 1.44693 29.0245 -3.73477 1.44693 30.7566 -1.59588 1.44693 30.9006 1.15258 1.44693 29.4017 3.46079 1.44693 26.8322 4.4471 1.44693 24.1738 3.73477 1.44693 22.4417 1.59589 3.78812 23.9407 -0.712329 3.78812 24.8671 -2.13888 3.78812 26.4551 -2.74846 3.78812 28.0981 -2.30821 3.78812 29.1686 -0.98631 3.78812 29.2576 0.712332 3.78812 28.3312 2.13889 3.78812 26.7432 2.74846 3.78812 25.1002 2.30822 3.78812 24.0297 0.986313 -1.44693 -1.11055 -1.15257 -1.44693 -0.966511 1.59589 1.44693 -1.11055 -1.15257 1.44693 -0.966511 1.59589</float_array>
                    <technique_common>
                        <accessor count="46" source="#ID209" stride="3">
                            <param name="X" type="float"/>
                            <param name="Y" type="float"/>
                            <param name="Z" type="float"/>
                        </accessor>
                    </technique_common>
                </source>
                <source id="ID210">
                    <float_array id="ID211" count="141">-0.811719 -0.564147 -0.151163 -0.573354 -0.630577 -0.523104 -0.311607 -0.597987 -0.738452 -0.811719 -0.367553 -0.45389 -0.311607 -0.0497301 -0.948909 -0.811719 -0.0305667 -0.583247 -0.311607 0.517522 -0.796914 -0.811719 0.318095 -0.489823 -0.311608 0.887098 -0.340525 -0.811719 0.545256 -0.209304 -0.311608 0.917833 0.245933 -0.811719 0.564147 0.151163 -0.311608 0.597987 0.738452 -0.811719 0.367553 0.45389 -0.311608 0.0497301 0.948909 -0.811719 0.0305667 0.583247 -0.311607 -0.517522 0.796914 -0.811719 -0.318095 0.489823 -0.56368 -0.590357 0.577706 -0.811719 -0.545256 0.209304 0.573354 -0.630577 -0.523104 0.311608 -0.597987 -0.738452 0.311608 -0.04973 -0.948909 0.311607 0.517522 -0.796914 0.311607 0.887098 -0.340525 0.311607 0.917833 0.245933 0.311607 0.597987 0.738452 0.311607 0.0497301 0.948909 0.311607 -0.517522 0.796914 0.56368 -0.590357 0.577706 0 -0.688355 0.725374 0 -0.99863 0.0523354 0.811719 -0.564147 -0.151163 0.811719 -0.367553 -0.45389 0.811719 -0.0305666 -0.583247 0.811719 0.318095 -0.489824 0.811719 0.545256 -0.209304 0.811719 0.564147 0.151163 0.811719 0.367553 0.45389 0.811719 0.0305667 0.583247 0.811719 -0.318095 0.489823 0.811719 -0.545255 0.209304 -1 -4.4091e-008 2.83442e-008 1 3.46429e-008 3.46429e-008 -1 0 -0 0 0 -1 1 0 -0</float_array>
                    <technique_common>
                        <accessor count="47" source="#ID211" stride="3">
                            <param name="X" type="float"/>
                            <param name="Y" type="float"/>
                            <param name="Z" type="float"/>
                        </accessor>
                    </technique_common>
                </source>
                <source id="ID212">
                    <float_array id="ID213" count="2">0 1</float_array>
                    <technique_common>
                        <accessor count="1" source="#ID213" stride="2">
                            <param name="S" type="float"/>
                            <param name="T" type="float"/>
                        </accessor>
                    </technique_common>
                </source>
                <vertices id="ID214">
                    <input semantic="POSITION" source="#ID208"/>
                </vertices>
                <polylist count="54" material="Material1">
                    <input offset="0" semantic="VERTEX" source="#ID214"/>
                    <input offset="1" semantic="NORMAL" source="#ID210"/>
                    <input offset="2" semantic="TEXCOORD" source="#ID212" set="0"/>
                    <vcount>4 4 4 4 4 4 4 4 4 4 4 4 4 4 4 4 4 4 4 4 4 4 4 4 4 4 4 4 4 4 3 3 3 3 3 3 3 3 3 3 3 3 3 3 3 3 3 3 3 3 4 4 4 4</vcount>
                    <p>3 3 0 13 2 0 12 1 0 2 0 0 4 5 0 14 4 0 13 2 0 3 3 0 5 7 0 15 6 0 14 4 0 4 5 0 6 9 0 16 8 0 15 6 0 5 7 0 7 11 0 17 10 0 16 8 0 6 9 0 8 13 0 18 12 0 17 10 0 7 11 0 9 15 0 19 14 0 18 12 0 8 13 0 10 17 0 20 16 0 19 14 0 9 15 0 11 19 0 21 18 0 20 16 0 10 17 0 2 0 0 12 1 0 21 18 0 11 19 0 13 2 0 23 21 0 22 20 0 12 1 0 14 4 0 24 22 0 23 21 0 13 2 0 15 6 0 25 23 0 24 22 0 14 4 0 16 8 0 26 24 0 25 23 0 15 6 0 17 10 0 27 25 0 26 24 0 16 8 0 18 12 0 28 26 0 27 25 0 17 10 0 19 14 0 29 27 0 28 26 0 18 12 0 20 16 0 30 28 0 29 27 0 19 14 0 21 18 0 31 29 0 30 28 0 20 16 0 42 31 0 44 31 0 45 30 0 43 30 0 23 21 0 33 33 0 32 32 0 22 20 0 24 22 0 34 34 0 33 33 0 23 21 0 25 23 0 35 35 0 34 34 0 24 22 0 26 24 0 36 36 0 35 35 0 25 23 0 27 25 0 37 37 0 36 36 0 26 24 0 28 26 0 38 38 0 37 37 0 27 25 0 29 27 0 39 39 0 38 38 0 28 26 0 30 28 0 40 40 0 39 39 0 29 27 0 31 29 0 41 41 0 40 40 0 30 28 0 22 20 0 32 32 0 41 41 0 31 29 0 3 3 0 2 0 0 0 42 0 1 43 0 32 32 0 33 33 0 4 5 0 3 3 0 0 42 0 1 43 0 33 33 0 34 34 0 5 7 0 4 5 0 0 42 0 1 43 0 34 34 0 35 35 0 6 9 0 5 7 0 0 42 0 1 43 0 35 35 0 36 36 0 7 11 0 6 9 0 0 42 0 1 43 0 36 36 0 37 37 0 8 13 0 7 11 0 0 42 0 1 43 0 37 37 0 38 38 0 9 15 0 8 13 0 0 42 0 1 43 0 38 38 0 39 39 0 10 17 0 9 15 0 0 42 0 1 43 0 39 39 0 40 40 0 11 19 0 10 17 0 0 42 0 1 43 0 40 40 0 41 41 0 2 0 0 11 19 0 0 42 0 1 43 0 41 41 0 32 32 0 12 1 0 42 44 0 43 44 0 21 18 0 22 20 0 44 45 0 42 45 0 12 1 0 31 29 0 45 46 0 44 46 0 22 20 0 21 18 0 43 30 0 45 30 0 31 29 0</p>
                </polylist>
            </mesh>
        </geometry>
        <geometry id="ID217">
            <mesh>
                <source id="ID218">
                    <float_array id="ID219" count="48">-1.79846 -12.2972 5.41673 -1.79846 -6.90713 5.41673 1.79845 -12.2972 5.41673 1.79845 -6.90713 5.41673 1.79845 -12.2972 4.57687 1.79845 -6.90713 4.57687 -1.79846 -12.2972 4.57687 -1.79846 -6.90713 4.57687 0.511334 -8.79983 4.57687 0.511334 -7.89734 4.57687 -0.511335 -8.79983 4.57687 -0.511335 -7.89734 4.57687 0.511334 -0.317917 -0.200718 0.511334 0.584573 -0.200718 -0.511335 -0.317917 -0.200718 -0.511335 0.584573 -0.200718</float_array>
                    <technique_common>
                        <accessor count="16" source="#ID219" stride="3">
                            <param name="X" type="float"/>
                            <param name="Y" type="float"/>
                            <param name="Z" type="float"/>
                        </accessor>
                    </technique_common>
                </source>
                <source id="ID220">
                    <float_array id="ID221" count="30">0 0 1 1 0 -0 0 -0.253683 -0.967287 0 4.95335e-008 -1 -1 0 -0 0 1 -0 0 -1 -0 0 0 -1 0 -0.16848 -0.985705 0 0.49077 0.87129</float_array>
                    <technique_common>
                        <accessor count="10" source="#ID221" stride="3">
                            <param name="X" type="float"/>
                            <param name="Y" type="float"/>
                            <param name="Z" type="float"/>
                        </accessor>
                    </technique_common>
                </source>
                <source id="ID222">
                    <float_array id="ID223" count="2">0 1</float_array>
                    <technique_common>
                        <accessor count="1" source="#ID223" stride="2">
                            <param name="S" type="float"/>
                            <param name="T" type="float"/>
                        </accessor>
                    </technique_common>
                </source>
                <vertices id="ID224">
                    <input semantic="POSITION" source="#ID218"/>
                </vertices>
                <polylist count="14" material="Material1">
                    <input offset="0" semantic="VERTEX" source="#ID224"/>
                    <input offset="1" semantic="NORMAL" source="#ID220"/>
                    <input offset="2" semantic="TEXCOORD" source="#ID222" set="0"/>
                    <vcount>4 4 4 4 4 4 4 4 4 4 4 4 4 4</vcount>
                    <p>2 0 0 3 0 0 1 0 0 0 0 0 4 1 0 5 1 0 3 1 0 2 1 0 14 2 0 15 3 0 13 3 0 12 2 0 0 4 0 1 4 0 7 4 0 6 4 0 3 5 0 5 5 0 7 5 0 1 5 0 4 6 0 2 6 0 0 6 0 6 6 0 6 7 0 10 8 0 8 8 0 4 7 0 7 7 0 11 7 0 10 8 0 6 7 0 5 7 0 9 7 0 11 7 0 7 7 0 4 7 0 8 8 0 9 7 0 5 7 0 10 8 0 14 2 0 12 2 0 8 8 0 11 4 0 15 4 0 14 4 0 10 4 0 9 9 0 13 9 0 15 9 0 11 9 0 8 1 0 12 1 0 13 1 0 9 1 0</p>
                </polylist>
            </mesh>
        </geometry>
        <geometry id="ID226">
            <mesh>
                <source id="ID227">
                    <float_array id="ID228" count="48">-4.20029 -12.2714 5.41673 -4.20029 -6.93298 5.41673 4.20029 -12.2714 5.41673 4.20029 -6.93298 5.41673 4.20029 -12.2714 4.57687 4.20029 -6.93298 4.57687 -4.20029 -12.2714 4.57687 -4.20029 -6.93298 4.57687 0.600115 -8.79154 4.57687 0.600115 -7.90563 4.57687 -0.600112 -8.79154 4.57687 -0.600112 -7.90563 4.57687 0.600115 -0.309631 -0.200718 0.600115 0.576286 -0.200718 -0.600112 -0.309631 -0.200718 -0.600112 0.576286 -0.200718</float_array>
                    <technique_common>
                        <accessor count="16" source="#ID228" stride="3">
                            <param name="X" type="float"/>
                            <param name="Y" type="float"/>
                            <param name="Z" type="float"/>
                        </accessor>
                    </technique_common>
                </source>
                <source id="ID229">
                    <float_array id="ID230" count="30">0 0 1 1 0 -0 0 -0.253683 -0.967287 0 5.04601e-008 -1 -1 0 -0 0 1 -0 0 -1 -0 0 0 -1 0 -0.16848 -0.985705 0 0.490769 0.87129</float_array>
                    <technique_common>
                        <accessor count="10" source="#ID230" stride="3">
                            <param name="X" type="float"/>
                            <param name="Y" type="float"/>
                            <param name="Z" type="float"/>
                        </accessor>
                    </technique_common>
                </source>
                <source id="ID231">
                    <float_array id="ID232" count="2">0 1</float_array>
                    <technique_common>
                        <accessor count="1" source="#ID232" stride="2">
                            <param name="S" type="float"/>
                            <param name="T" type="float"/>
                        </accessor>
                    </technique_common>
                </source>
                <vertices id="ID233">
                    <input semantic="POSITION" source="#ID227"/>
                </vertices>
                <polylist count="14" material="Material1">
                    <input offset="0" semantic="VERTEX" source="#ID233"/>
                    <input offset="1" semantic="NORMAL" source="#ID229"/>
                    <input offset="2" semantic="TEXCOORD" source="#ID231" set="0"/>
                    <vcount>4 4 4 4 4 4 4 4 4 4 4 4 4 4</vcount>
                    <p>2 0 0 3 0 0 1 0 0 0 0 0 4 1 0 5 1 0 3 1 0 2 1 0 14 2 0 15 3 0 13 3 0 12 2 0 0 4 0 1 4 0 7 4 0 6 4 0 3 5 0 5 5 0 7 5 0 1 5 0 4 6 0 2 6 0 0 6 0 6 6 0 6 7 0 10 8 0 8 8 0 4 7 0 7 7 0 11 7 0 10 8 0 6 7 0 5 7 0 9 7 0 11 7 0 7 7 0 4 7 0 8 8 0 9 7 0 5 7 0 10 8 0 14 2 0 12 2 0 8 8 0 11 4 0 15 4 0 14 4 0 10 4 0 9 9 0 13 9 0 15 9 0 11 9 0 8 1 0 12 1 0 13 1 0 9 1 0</p>
                </polylist>
            </mesh>
        </geometry>
        <geometry id="ID235">
            <mesh>
                <source id="ID236">
                    <float_array id="ID237" count="48">-1.79846 -15.3487 5.41702 -1.79846 -3.85586 5.41702 1.79845 -15.3487 5.41702 1.79845 -3.85586 5.41702 1.79845 -15.3487 4.57717 1.79845 -3.85586 4.57717 -1.79846 -15.3487 4.57717 -1.79846 -3.85586 4.57717 0.511334 -5.96175 4.57717 0.511334 -4.78838 4.57717 -0.511335 -5.96175 4.57717 -0.511335 -4.78838 4.57717 0.511334 -0.453434 -0.200423 0.511334 0.719942 -0.200423 -0.511335 -0.453434 -0.200423 -0.511335 0.719942 -0.200423</float_array>
                    <technique_common>
                        <accessor count="16" source="#ID237" stride="3">
                            <param name="X" type="float"/>
                            <param name="Y" type="float"/>
                            <param name="Z" type="float"/>
                        </accessor>
                    </technique_common>
                </source>
                <source id="ID238">
                    <float_array id="ID239" count="36">0 -4.14901e-008 1 1 0 -0 0 -0.349688 -0.936866 0 3.80982e-008 -1 -1 0 -0 0 1 -0 0 -1 -0 2.04052e-009 1.11968e-007 -1 1.44091e-009 -0.231341 -0.972873 -5.179e-007 -0.231341 -0.972873 -7.33416e-007 1.11968e-007 -1 0 0.655221 0.755437</float_array>
                    <technique_common>
                        <accessor count="12" source="#ID239" stride="3">
                            <param name="X" type="float"/>
                            <param name="Y" type="float"/>
                            <param name="Z" type="float"/>
                        </accessor>
                    </technique_common>
                </source>
                <source id="ID240">
                    <float_array id="ID241" count="2">0 1</float_array>
                    <technique_common>
                        <accessor count="1" source="#ID241" stride="2">
                            <param name="S" type="float"/>
                            <param name="T" type="float"/>
                        </accessor>
                    </technique_common>
                </source>
                <vertices id="ID242">
                    <input semantic="POSITION" source="#ID236"/>
                </vertices>
                <polylist count="14" material="Material1">
                    <input offset="0" semantic="VERTEX" source="#ID242"/>
                    <input offset="1" semantic="NORMAL" source="#ID238"/>
                    <input offset="2" semantic="TEXCOORD" source="#ID240" set="0"/>
                    <vcount>4 4 4 4 4 4 4 4 4 4 4 4 4 4</vcount>
                    <p>2 0 0 3 0 0 1 0 0 0 0 0 4 1 0 5 1 0 3 1 0 2 1 0 14 2 0 15 3 0 13 3 0 12 2 0 0 4 0 1 4 0 7 4 0 6 4 0 3 5 0 5 5 0 7 5 0 1 5 0 4 6 0 2 6 0 0 6 0 6 6 0 6 10 0 10 9 0 8 8 0 4 7 0 7 10 0 11 10 0 10 9 0 6 10 0 5 7 0 9 7 0 11 10 0 7 10 0 4 7 0 8 8 0 9 7 0 5 7 0 10 9 0 14 2 0 12 2 0 8 8 0 11 4 0 15 4 0 14 4 0 10 4 0 9 11 0 13 11 0 15 11 0 11 11 0 8 1 0 12 1 0 13 1 0 9 1 0</p>
                </polylist>
            </mesh>
        </geometry>
        <geometry id="ID245">
            <mesh>
                <source id="ID246">
                    <float_array id="ID247" count="96">-16.886 -0.725438 2.35034 -16.886 0.72543 2.35034 16.886 -0.725438 2.35034 16.886 0.72543 2.35034 16.886 -0.725438 -2.35034 16.886 0.72543 -2.35034 -16.886 -0.725438 -2.35034 -16.886 0.72543 -2.35034 -8.91457 -3.50391 2.35034 -8.91457 2.21986 2.35034 8.91457 -3.50391 2.35034 8.91457 2.21986 2.35034 8.91457 -3.50391 -2.35034 8.91457 2.21986 -2.35034 -8.91457 -3.50391 -2.35034 -8.91457 2.21986 -2.35034 -7.64638 -3.50391 2.35034 -7.64638 2.21986 2.35034 7.64638 -3.50391 2.35034 7.64638 2.21986 2.35034 5.10778 -3.50391 -9.24302 5.10778 2.21986 -9.24302 -5.10778 -3.50391 -9.24302 -5.10778 2.21986 -9.24302 -1.98427 -3.50391 -2.20609 1.98427 -3.50391 -2.20609 1.44111 -3.50391 -4.68659 -1.44111 -3.50391 -4.68659 -1.98427 -10.2507 -2.21817 1.98427 -10.2507 -2.21817 1.44111 -9.90531 -4.67451 -1.44112 -9.90531 -4.67451</float_array>
                    <technique_common>
                        <accessor count="32" source="#ID247" stride="3">
                            <param name="X" type="float"/>
                            <param name="Y" type="float"/>
                            <param name="Z" type="float"/>
                        </accessor>
                    </technique_common>
                </source>
                <source id="ID248">
                    <float_array id="ID249" count="99">0 0 1 0.815209 -0.579167 7.34384e-009 0.7695 0.638646 -8.09804e-009 0.508203 -1.21301e-007 -0.861237 -0.508203 -1.21301e-007 -0.861237 -0.815209 -0.579167 7.34384e-009 -0.7695 0.638646 -8.09804e-009 1.05191e-008 1 -1.31205e-008 -1.56575e-008 1 -1.54238e-008 -0.502871 -0.510859 -0.69724 -0.680481 -0.689974 -0.246743 0.680469 -0.689973 -0.246779 0.502857 -0.510852 -0.697255 0 0 -1 -0.508203 -2.45696e-008 -0.861237 0.508203 -2.45696e-008 -0.861237 0.0925277 0.99571 -1.14217e-008 -0.0925277 0.99571 -9.10843e-009 0.166907 -0.985973 8.95023e-009 -0.166907 -0.985973 1.12864e-008 -4.8546e-009 -1 2.536e-008 -4.8546e-009 -1 7.91804e-009 -5.26739e-009 -1 7.98731e-009 -5.26739e-009 -1 2.54292e-008 7.75639e-009 -1 3.30026e-008 -1.78009e-008 -1 3.5202e-008 -1.78009e-008 -1 9.03914e-009 7.75639e-009 -1 6.83969e-009 -0.626546 -0.00121649 -0.779383 0.626525 -0.00121895 -0.7794 0.976629 -1.23885e-005 -0.214933 0 -0.00179089 0.999998 -0.976641 -8.51529e-006 -0.214879</float_array>
                    <technique_common>
                        <accessor count="33" source="#ID249" stride="3">
                            <param name="X" type="float"/>
                            <param name="Y" type="float"/>
                            <param name="Z" type="float"/>
                        </accessor>
                    </technique_common>
                </source>
                <source id="ID250">
                    <float_array id="ID251" count="2">0 1</float_array>
                    <technique_common>
                        <accessor count="1" source="#ID251" stride="2">
                            <param name="S" type="float"/>
                            <param name="T" type="float"/>
                        </accessor>
                    </technique_common>
                </source>
                <vertices id="ID252">
                    <input semantic="POSITION" source="#ID246"/>
                </vertices>
                <polylist count="30" material="Material1">
                    <input offset="0" semantic="VERTEX" source="#ID252"/>
                    <input offset="1" semantic="NORMAL" source="#ID248"/>
                    <input offset="2" semantic="TEXCOORD" source="#ID250" set="0"/>
                    <vcount>4 4 4 4 4 4 4 4 4 4 4 4 4 4 4 4 4 4 4 4 4 4 4 4 4 4 4 4 4 4</vcount>
                    <p>18 0 0 19 0 0 17 0 0 16 0 0 4 1 0 5 2 0 3 2 0 2 1 0 22 4 0 23 4 0 21 3 0 20 3 0 0 5 0 1 6 0 7 6 0 6 5 0 19 8 0 21 8 0 23 7 0 17 7 0 30 12 0 29 11 0 28 10 0 31 9 0 3 0 0 11 0 0 10 0 0 2 0 0 0 0 0 8 0 0 9 0 0 1 0 0 7 13 0 15 14 0 14 14 0 6 13 0 4 13 0 12 15 0 13 15 0 5 13 0 5 2 0 13 16 0 11 16 0 3 2 0 1 6 0 9 17 0 15 17 0 7 6 0 2 1 0 10 18 0 12 18 0 4 1 0 6 5 0 14 19 0 8 19 0 0 5 0 11 0 0 19 0 0 18 0 0 10 0 0 8 0 0 16 0 0 17 0 0 9 0 0 15 14 0 23 4 0 22 4 0 14 14 0 12 15 0 20 3 0 21 3 0 13 15 0 13 16 0 21 8 0 19 8 0 11 16 0 9 17 0 17 7 0 23 7 0 15 17 0 10 18 0 18 21 0 20 20 0 12 18 0 14 19 0 22 23 0 16 22 0 8 19 0 20 20 0 26 25 0 27 24 0 22 23 0 18 21 0 25 26 0 26 25 0 20 20 0 16 22 0 24 27 0 25 26 0 18 21 0 22 23 0 27 24 0 24 27 0 16 22 0 26 29 0 30 12 0 31 9 0 27 28 0 25 30 0 29 11 0 30 12 0 26 29 0 24 31 0 28 31 0 29 31 0 25 31 0 27 28 0 31 9 0 28 10 0 24 32 0</p>
                </polylist>
            </mesh>
        </geometry>
        <geometry id="ID254">
            <mesh>
                <source id="ID255">
                    <float_array id="ID256" count="252">19.4247 7.4308e-006 -5.20482 18.6999 1.5581 -5.01062 17.0713 1.94291 -4.57425 15.7654 0.864682 -4.22431 15.7654 -0.864667 -4.22431 17.0713 -1.9429 -4.57425 18.6999 -1.55808 -5.01062 14.2198 6.85749e-006 -14.2198 13.6893 1.5581 -13.6893 12.4971 1.94291 -12.4971 11.541 0.864681 -11.541 11.541 -0.864668 -11.541 12.4971 -1.9429 -12.4971 13.6893 -1.55808 -13.6893 5.20482 6.49069e-006 -19.4247 5.01062 1.5581 -18.6999 4.57425 1.94291 -17.0713 4.22431 0.864681 -15.7654 4.22431 -0.864668 -15.7654 4.57425 -1.9429 -17.0713 5.01062 -1.55808 -18.6999 -5.20482 6.42867e-006 -19.4247 -5.01062 1.5581 -18.6999 -4.57425 1.94291 -17.0713 -4.22431 0.864681 -15.7654 -4.22431 -0.864668 -15.7654 -4.57425 -1.9429 -17.0713 -5.01062 -1.55808 -18.6999 -14.2198 6.68806e-006 -14.2198 -13.6893 1.5581 -13.6893 -12.4971 1.94291 -12.4971 -11.541 0.864681 -11.541 -11.541 -0.864668 -11.541 -12.4971 -1.9429 -12.4971 -13.6893 -1.55808 -13.6893 -19.4246 7.19934e-006 -5.20482 -18.6999 1.5581 -5.01061 -17.0713 1.94291 -4.57425 -15.7653 0.864681 -4.22431 -15.7653 -0.864668 -4.22431 -17.0713 -1.9429 -4.57425 -18.6999 -1.55808 -5.01061 -19.4246 7.82553e-006 5.20482 -18.6999 1.5581 5.01062 -17.0713 1.94291 4.57425 -15.7653 0.864682 4.22431 -15.7653 -0.864667 4.22431 -17.0713 -1.9429 4.57425 -18.6999 -1.55808 5.01062 -14.2198 8.39883e-006 14.2198 -13.6893 1.5581 13.6893 -12.4971 1.94291 12.4971 -11.541 0.864682 11.541 -11.541 -0.864667 11.541 -12.4971 -1.9429 12.4971 -13.6893 -1.55808 13.6893 -5.20481 8.76563e-006 19.4247 -5.01061 1.5581 18.6999 -4.57425 1.94291 17.0713 -4.22431 0.864683 15.7654 -4.22431 -0.864666 15.7654 -4.57425 -1.9429 17.0713 -5.01061 -1.55808 18.6999 5.20482 8.82765e-006 19.4247 5.01062 1.5581 18.6999 4.57425 1.94291 17.0713 4.22432 0.864683 15.7654 4.22432 -0.864666 15.7654 4.57425 -1.9429 17.0713 5.01062 -1.55808 18.6999 14.2198 8.56827e-006 14.2198 13.6893 1.5581 13.6893 12.4971 1.94291 12.4971 11.541 0.864682 11.541 11.541 -0.864667 11.541 12.4971 -1.9429 12.4971 13.6893 -1.55808 13.6893 19.4247 8.05698e-006 5.20481 18.6999 1.5581 5.01061 17.0713 1.94291 4.57425 15.7654 0.864682 4.22431 15.7654 -0.864667 4.22431 17.0713 -1.9429 4.57425 18.6999 -1.55808 5.01061</float_array>
                    <technique_common>
                        <accessor count="84" source="#ID256" stride="3">
                            <param name="X" type="float"/>
                            <param name="Y" type="float"/>
                            <param name="Z" type="float"/>
                        </accessor>
                    </technique_common>
                </source>
                <source id="ID257">
                    <float_array id="ID258" count="252">0.965926 3.06255e-007 -0.258819 0.597405 0.785801 -0.160074 0.437331 0.785801 -0.437331 0.707107 -8.50708e-009 -0.707107 -0.212219 0.975566 0.0568639 -0.155355 0.975566 0.155355 -0.868149 0.438413 0.23262 -0.635529 0.438413 0.635529 -0.868149 -0.438413 0.23262 -0.635529 -0.438413 0.635529 -0.212219 -0.975566 0.0568639 -0.155355 -0.975566 0.155355 0.597405 -0.785801 -0.160074 0.437331 -0.785801 -0.437331 0.160074 0.785801 -0.597406 0.258819 -1.36113e-007 -0.965926 -0.0568639 0.975566 0.212219 -0.23262 0.438413 0.868149 -0.23262 -0.438413 0.868149 -0.0568639 -0.975566 0.212219 0.160074 -0.785801 -0.597405 -0.160074 0.785801 -0.597405 -0.258819 -9.35779e-008 -0.965926 0.0568639 0.975566 0.212219 0.23262 0.438413 0.868148 0.23262 -0.438413 0.868149 0.0568639 -0.975566 0.212219 -0.160074 -0.785801 -0.597405 -0.437331 0.785801 -0.437331 -0.707107 1.78649e-007 -0.707107 0.155355 0.975566 0.155355 0.635529 0.438413 0.635529 0.635529 -0.438413 0.635529 0.155355 -0.975566 0.155355 -0.437331 -0.785801 -0.437331 -0.597405 0.785801 -0.160074 -0.965926 5.86989e-007 -0.258819 0.212219 0.975566 0.0568639 0.868149 0.438413 0.23262 0.868149 -0.438413 0.23262 0.212219 -0.975566 0.056864 -0.597406 -0.785801 -0.160074 -0.597405 0.785801 0.160074 -0.965926 5.27439e-007 0.258819 0.212219 0.975566 -0.0568641 0.868149 0.438413 -0.23262 0.868149 -0.438413 -0.23262 0.212219 -0.975566 -0.0568639 -0.597405 -0.785801 0.160074 -0.437331 0.785801 0.437331 -0.707107 4.59383e-007 0.707107 0.155355 0.975566 -0.155355 0.635529 0.438413 -0.635529 0.635529 -0.438413 -0.635529 0.155355 -0.975566 -0.155355 -0.437331 -0.785801 0.437331 -0.160074 0.785801 0.597405 -0.258819 8.42202e-007 0.965926 0.0568639 0.975566 -0.212219 0.23262 0.438413 -0.868149 0.23262 -0.438413 -0.868149 0.0568638 -0.975566 -0.212219 -0.160074 -0.785801 0.597406 0.160074 0.785801 0.597405 0.258819 8.67723e-007 0.965926 -0.0568641 0.975566 -0.212219 -0.23262 0.438413 -0.868149 -0.23262 -0.438413 -0.868149 -0.056864 -0.975566 -0.212219 0.160074 -0.785801 0.597405 0.437331 0.785801 0.437331 0.707107 5.69975e-007 0.707107 -0.155355 0.975566 -0.155355 -0.635529 0.438413 -0.635529 -0.635529 -0.438413 -0.635529 -0.155355 -0.975566 -0.155355 0.437331 -0.785801 0.437331 0.597405 0.785801 0.160074 0.965926 4.6789e-007 0.258819 -0.212219 0.975566 -0.056864 -0.868149 0.438413 -0.23262 -0.868149 -0.438413 -0.232619 -0.212219 -0.975566 -0.0568638 0.597406 -0.785801 0.160074</float_array>
                    <technique_common>
                        <accessor count="84" source="#ID258" stride="3">
                            <param name="X" type="float"/>
                            <param name="Y" type="float"/>
                            <param name="Z" type="float"/>
                        </accessor>
                    </technique_common>
                </source>
                <source id="ID259">
                    <float_array id="ID260" count="2">0 1</float_array>
                    <technique_common>
                        <accessor count="1" source="#ID260" stride="2">
                            <param name="S" type="float"/>
                            <param name="T" type="float"/>
                        </accessor>
                    </technique_common>
                </source>
                <vertices id="ID261">
                    <input semantic="POSITION" source="#ID255"/>
                </vertices>
                <polylist count="84" material="Material1">
                    <input offset="0" semantic="VERTEX" source="#ID261"/>
                    <input offset="1" semantic="NORMAL" source="#ID257"/>
                    <input offset="2" semantic="TEXCOORD" source="#ID259" set="0"/>
                    <vcount>4 4 4 4 4 4 4 4 4 4 4 4 4 4 4 4 4 4 4 4 4 4 4 4 4 4 4 4 4 4 4 4 4 4 4 4 4 4 4 4 4 4 4 4 4 4 4 4 4 4 4 4 4 4 4 4 4 4 4 4 4 4 4 4 4 4 4 4 4 4 4 4 4 4 4 4 4 4 4 4 4 4 4 4</vcount>
                    <p>7 3 0 8 2 0 1 1 0 0 0 0 8 2 0 9 5 0 2 4 0 1 1 0 9 5 0 10 7 0 3 6 0 2 4 0 10 7 0 11 9 0 4 8 0 3 6 0 11 9 0 12 11 0 5 10 0 4 8 0 12 11 0 13 13 0 6 12 0 5 10 0 13 13 0 7 3 0 0 0 0 6 12 0 14 15 0 15 14 0 8 2 0 7 3 0 15 14 0 16 16 0 9 5 0 8 2 0 16 16 0 17 17 0 10 7 0 9 5 0 17 17 0 18 18 0 11 9 0 10 7 0 18 18 0 19 19 0 12 11 0 11 9 0 19 19 0 20 20 0 13 13 0 12 11 0 20 20 0 14 15 0 7 3 0 13 13 0 21 22 0 22 21 0 15 14 0 14 15 0 22 21 0 23 23 0 16 16 0 15 14 0 23 23 0 24 24 0 17 17 0 16 16 0 24 24 0 25 25 0 18 18 0 17 17 0 25 25 0 26 26 0 19 19 0 18 18 0 26 26 0 27 27 0 20 20 0 19 19 0 27 27 0 21 22 0 14 15 0 20 20 0 28 29 0 29 28 0 22 21 0 21 22 0 29 28 0 30 30 0 23 23 0 22 21 0 30 30 0 31 31 0 24 24 0 23 23 0 31 31 0 32 32 0 25 25 0 24 24 0 32 32 0 33 33 0 26 26 0 25 25 0 33 33 0 34 34 0 27 27 0 26 26 0 34 34 0 28 29 0 21 22 0 27 27 0 35 36 0 36 35 0 29 28 0 28 29 0 36 35 0 37 37 0 30 30 0 29 28 0 37 37 0 38 38 0 31 31 0 30 30 0 38 38 0 39 39 0 32 32 0 31 31 0 39 39 0 40 40 0 33 33 0 32 32 0 40 40 0 41 41 0 34 34 0 33 33 0 41 41 0 35 36 0 28 29 0 34 34 0 42 43 0 43 42 0 36 35 0 35 36 0 43 42 0 44 44 0 37 37 0 36 35 0 44 44 0 45 45 0 38 38 0 37 37 0 45 45 0 46 46 0 39 39 0 38 38 0 46 46 0 47 47 0 40 40 0 39 39 0 47 47 0 48 48 0 41 41 0 40 40 0 48 48 0 42 43 0 35 36 0 41 41 0 49 50 0 50 49 0 43 42 0 42 43 0 50 49 0 51 51 0 44 44 0 43 42 0 51 51 0 52 52 0 45 45 0 44 44 0 52 52 0 53 53 0 46 46 0 45 45 0 53 53 0 54 54 0 47 47 0 46 46 0 54 54 0 55 55 0 48 48 0 47 47 0 55 55 0 49 50 0 42 43 0 48 48 0 56 57 0 57 56 0 50 49 0 49 50 0 57 56 0 58 58 0 51 51 0 50 49 0 58 58 0 59 59 0 52 52 0 51 51 0 59 59 0 60 60 0 53 53 0 52 52 0 60 60 0 61 61 0 54 54 0 53 53 0 61 61 0 62 62 0 55 55 0 54 54 0 62 62 0 56 57 0 49 50 0 55 55 0 63 64 0 64 63 0 57 56 0 56 57 0 64 63 0 65 65 0 58 58 0 57 56 0 65 65 0 66 66 0 59 59 0 58 58 0 66 66 0 67 67 0 60 60 0 59 59 0 67 67 0 68 68 0 61 61 0 60 60 0 68 68 0 69 69 0 62 62 0 61 61 0 69 69 0 63 64 0 56 57 0 62 62 0 70 71 0 71 70 0 64 63 0 63 64 0 71 70 0 72 72 0 65 65 0 64 63 0 72 72 0 73 73 0 66 66 0 65 65 0 73 73 0 74 74 0 67 67 0 66 66 0 74 74 0 75 75 0 68 68 0 67 67 0 75 75 0 76 76 0 69 69 0 68 68 0 76 76 0 70 71 0 63 64 0 69 69 0 77 78 0 78 77 0 71 70 0 70 71 0 78 77 0 79 79 0 72 72 0 71 70 0 79 79 0 80 80 0 73 73 0 72 72 0 80 80 0 81 81 0 74 74 0 73 73 0 81 81 0 82 82 0 75 75 0 74 74 0 82 82 0 83 83 0 76 76 0 75 75 0 83 83 0 77 78 0 70 71 0 76 76 0 0 0 0 1 1 0 78 77 0 77 78 0 1 1 0 2 4 0 79 79 0 78 77 0 2 4 0 3 6 0 80 80 0 79 79 0 3 6 0 4 8 0 81 81 0 80 80 0 4 8 0 5 10 0 82 82 0 81 81 0 5 10 0 6 12 0 83 83 0 82 82 0 6 12 0 0 0 0 77 78 0 83 83 0</p>
                </polylist>
            </mesh>
        </geometry>
        <geometry id="ID263">
            <mesh>
                <source id="ID264">
                    <float_array id="ID265" count="48">-31.7103 -12.587 1.99819 -26.3582 8.23811 2.70641 31.7103 -12.587 1.99819 26.3582 8.23811 2.70641 31.7103 -9.06938 -5.59408 26.3582 8.23811 -1.4923 -31.7103 -9.06938 -5.59408 -26.3582 8.23811 -1.4923 -30.0858 -11.3278 2.04102 -25.381 6.97884 2.66359 30.0858 -11.3278 2.04102 25.381 6.97884 2.66359 -28.7259 -10.642 1.10085 -24.3736 6.29307 1.67678 28.7259 -10.642 1.10085 24.3736 6.29307 1.67678</float_array>
                    <technique_common>
                        <accessor count="16" source="#ID265" stride="3">
                            <param name="X" type="float"/>
                            <param name="Y" type="float"/>
                            <param name="Z" type="float"/>
                        </accessor>
                    </technique_common>
                </source>
                <source id="ID266">
                    <float_array id="ID267" count="54">0.174494 -0.30224 0.937125 0.348192 -0.564947 0.748062 0.384821 0.386193 0.838313 0.179706 0.160655 0.970513 0.422307 0.0832981 0.902617 0.375501 0.463539 0.802577 0.483501 0.746597 -0.456969 0.964126 0.258146 0.0618272 0 -0.436865 -0.899527 -0.479633 0.748866 -0.457331 -0.961169 0.270099 0.0565692 -0.374314 0.46815 0.800453 -0.42193 0.0887269 0.902276 0 -0.907344 -0.420389 -0.179706 0.160655 0.970513 -0.174494 -0.30224 0.937125 -0.384821 0.386193 0.838313 -0.348192 -0.564947 0.748062</float_array>
                    <technique_common>
                        <accessor count="18" source="#ID267" stride="3">
                            <param name="X" type="float"/>
                            <param name="Y" type="float"/>
                            <param name="Z" type="float"/>
                        </accessor>
                    </technique_common>
                </source>
                <source id="ID268">
                    <float_array id="ID269" count="2">0 1</float_array>
                    <technique_common>
                        <accessor count="1" source="#ID269" stride="2">
                            <param name="S" type="float"/>
                            <param name="T" type="float"/>
                        </accessor>
                    </technique_common>
                </source>
                <vertices id="ID270">
                    <input semantic="POSITION" source="#ID264"/>
                </vertices>
                <polylist count="13" material="Material1">
                    <input offset="0" semantic="VERTEX" source="#ID270"/>
                    <input offset="1" semantic="NORMAL" source="#ID266"/>
                    <input offset="2" semantic="TEXCOORD" source="#ID268" set="0"/>
                    <vcount>4 4 4 4 4 4 4 4 4 4 4 4 4</vcount>
                    <p>8 3 0 12 2 0 13 1 0 9 0 0 4 7 0 5 6 0 3 5 0 2 4 0 6 8 0 7 9 0 5 6 0 4 8 0 0 12 0 1 11 0 7 9 0 6 10 0 3 5 0 5 6 0 7 9 0 1 11 0 4 8 0 2 13 0 0 13 0 6 8 0 2 4 0 10 14 0 8 3 0 0 12 0 3 5 0 11 15 0 10 14 0 2 4 0 1 11 0 9 0 0 11 15 0 3 5 0 0 12 0 8 3 0 9 0 0 1 11 0 10 14 0 14 16 0 12 2 0 8 3 0 11 15 0 15 17 0 14 16 0 10 14 0 9 0 0 13 1 0 15 17 0 11 15 0</p>
                </polylist>
            </mesh>
        </geometry>
        <geometry id="ID272">
            <mesh>
                <source id="ID273">
                    <float_array id="ID274" count="12">-28.7259 -10.642 1.10085 -24.3736 6.29307 1.67678 28.7259 -10.642 1.10085 24.3736 6.29307 1.67678</float_array>
                    <technique_common>
                        <accessor count="4" source="#ID274" stride="3">
                            <param name="X" type="float"/>
                            <param name="Y" type="float"/>
                            <param name="Z" type="float"/>
                        </accessor>
                    </technique_common>
                </source>
                <source id="ID275">
                    <float_array id="ID276" count="3">0 -0.0339884 0.999422</float_array>
                    <technique_common>
                        <accessor count="1" source="#ID276" stride="3">
                            <param name="X" type="float"/>
                            <param name="Y" type="float"/>
                            <param name="Z" type="float"/>
                        </accessor>
                    </technique_common>
                </source>
                <source id="ID277">
                    <float_array id="ID278" count="2">0 1</float_array>
                    <technique_common>
                        <accessor count="1" source="#ID278" stride="2">
                            <param name="S" type="float"/>
                            <param name="T" type="float"/>
                        </accessor>
                    </technique_common>
                </source>
                <vertices id="ID279">
                    <input semantic="POSITION" source="#ID273"/>
                </vertices>
                <polylist count="1" material="Material1">
                    <input offset="0" semantic="VERTEX" source="#ID279"/>
                    <input offset="1" semantic="NORMAL" source="#ID275"/>
                    <input offset="2" semantic="TEXCOORD" source="#ID277" set="0"/>
                    <vcount>4</vcount>
                    <p>2 0 0 3 0 0 1 0 0 0 0 0</p>
                </polylist>
            </mesh>
        </geometry>
        <geometry id="ID281">
            <mesh>
                <source id="ID282">
                    <float_array id="ID283" count="288">-29.9574 -4.4337 22.7676 -29.9574 4.4337 22.7676 29.9574 -4.4337 22.7676 29.9574 4.4337 22.7676 29.9574 -4.4337 -22.7676 29.9574 4.4337 -22.7676 -29.9574 -4.4337 -22.7676 -29.9574 4.4337 -22.7676 -29.9574 -4.4337 -11.3767 -29.9574 6.98208 -11.3767 29.9574 -4.4337 -11.3767 29.9574 6.98208 -11.3767 -29.9574 -4.4337 7.91964 -29.9574 6.98208 7.91964 29.9574 -4.4337 7.91964 29.9574 6.98208 7.91964 -29.9574 -4.4337 32.324 -29.9574 4.4337 32.324 29.9574 -4.4337 32.324 29.9574 4.4337 32.324 -29.9574 87.1176 23.8946 29.9574 87.1176 23.8946 -29.9574 87.1176 36.3277 29.9574 87.1176 36.3277 -29.9574 43.7055 19.8164 29.9574 43.7055 19.8164 -29.9574 43.7055 31.2985 29.9574 43.7055 31.2985 -29.9574 62.1055 19.8164 29.9574 62.1055 19.8164 -29.9574 62.1055 30.1 29.9574 62.1055 30.1 -19.1819 -4.4337 22.7676 -19.1819 4.4337 22.7676 19.1819 -4.4337 22.7676 19.1819 4.4337 22.7676 19.1819 -4.4337 -22.7676 19.1819 4.4337 -22.7676 -19.1819 -4.4337 -22.7676 -19.1819 4.4337 -22.7676 -19.1819 -4.4337 -11.3767 -19.1819 6.98208 -11.3767 19.1819 -4.4337 -11.3767 19.1819 6.98208 -11.3767 -19.1819 -4.4337 7.91964 -19.1819 6.98208 7.91964 19.1819 -4.4337 7.91964 19.1819 6.98208 7.91964 -19.1819 -4.4337 32.324 -19.1819 4.4337 32.324 19.1819 -4.4337 32.324 19.1819 4.4337 32.324 -19.1819 89.1146 23.8946 19.1819 89.1146 23.8946 -19.1819 89.1146 39.5 19.1819 89.1146 39.5 -19.1819 43.7055 19.8164 19.1819 43.7055 19.8164 -19.1819 43.7055 31.2985 19.1819 43.7055 31.2985 -19.1819 62.1055 19.8164 19.1819 62.1055 19.8164 -19.1819 62.1055 33.2723 19.1819 62.1055 33.2723 -14.9878 -4.4337 22.7676 -14.9878 2.52483 24.6948 14.9878 -4.4337 22.7676 14.9878 2.52483 24.6948 14.9878 -4.4337 -22.7676 14.9878 2.52483 -22.7676 -14.9878 -4.4337 -22.7676 -14.9878 2.52483 -22.7676 -14.9878 -4.4337 -11.3767 -14.9878 5.07321 -11.3767 14.9878 -4.4337 -11.3767 14.9878 5.07321 -11.3767 -14.9878 -4.4337 7.91964 -14.9878 5.07321 7.91964 14.9878 -4.4337 7.91964 14.9878 5.07321 7.91964 -14.9878 -4.4337 32.324 -14.9878 4.4337 32.324 14.9878 -4.4337 32.324 14.9878 4.4337 32.324 -14.9878 89.4693 25.8217 14.9878 89.4693 25.8217 -14.9878 89.4693 40.0363 14.9878 89.4693 40.0363 -14.9878 43.7055 21.7436 14.9878 43.7055 21.7436 -14.9878 43.7055 31.2985 14.9878 43.7055 31.2985 -14.9878 62.1055 21.7436 14.9878 62.1055 21.7436 -14.9878 62.1055 33.8086 14.9878 62.1055 33.8086</float_array>
                    <technique_common>
                        <accessor count="96" source="#ID283" stride="3">
                            <param name="X" type="float"/>
                            <param name="Y" type="float"/>
                            <param name="Z" type="float"/>
                        </accessor>
                    </technique_common>
                </source>
                <source id="ID284">
                    <float_array id="ID285" count="228">0 0 1 8.09914e-010 0.0130537 0.999915 1 0 -0 0 0 -1 -0.131704 0.605999 -0.784487 0.131704 0.605999 -0.784487 -1 0 -0 0.193277 0.969315 0.151898 0.203188 0.976161 0.0763227 -0.204135 0.975971 0.0762182 -0.195165 0.968964 0.151721 0 -1 -0 0.210927 0.971577 -0.107461 -0.210927 0.971577 -0.107461 -0.108975 0.764937 -0.63482 0.0421759 0.99911 -0 -0.0421759 0.99911 -0 0.108953 0.764935 -0.634825 -0.211966 0.0725207 -0.974583 0.211949 0.0725225 -0.974586 -0.732809 0.00244927 0.68043 -0.0157983 -0.0510701 0.99857 0.0158531 -0.0510984 0.998568 0.776544 -0.0802955 0.624925 0.765626 0.403658 0.500876 0.621618 0.591631 -0.513385 0.210261 -0.035421 -0.977003 0.206556 -0.0707416 -0.975874 -0.206229 -0.0707567 -0.975942 -0.210097 -0.0354298 -0.977038 -0.776774 -0.0790917 0.624793 -0.0444721 -0.175292 0.983511 0.0444977 -0.175322 0.983505 0.732911 0.0012468 0.680323 -0.621965 0.591426 -0.513201 -0.765986 0.403537 0.500423 -0.057342 -0.222236 0.973305 0.0572841 -0.222239 0.973308 0 0.0130537 0.999915 0 0.0130537 0.999915 0 0.0130537 0.999915 0 0.62517 -0.780488 0 0.62517 -0.780488 -0.131704 0.605999 -0.784487 0 0.985589 0.169158 -0.195165 0.9674 0.161391 -0.204213 0.975561 0.081107 0 0.996391 0.0848854 0 0.996391 0.0848855 0.203266 0.97575 0.0812108 0.193277 0.967751 0.161564 0 0.985589 0.169158 0 0.993951 -0.109826 -0.210927 0.971577 -0.107461 0.210927 0.971577 -0.107461 0 0.993951 -0.109826 0.0431238 0.767765 -0.639279 -0.133413 0.991061 -0 0.133413 0.991061 -0 -0.0435079 0.767753 -0.639267 -0.00747618 0.0777843 -0.996942 0.20833 0.0745674 -0.975212 -0.20861 0.0745622 -0.975152 0.00693651 0.0777864 -0.996946 0.0517079 -0.0228293 0.998401 -0.0515313 -0.021919 0.998431 0 -0.0374942 -0.999297 -0.210104 -0.036315 -0.977004 -0.206229 -0.0725223 -0.975812 0 -0.0749357 -0.997188 0.206556 -0.0725074 -0.975745 0.210267 -0.0363063 -0.97697 0.144778 -0.148552 0.978249 -0.145016 -0.147617 0.978356 0.18519 -0.22424 0.956776 -0.185981 -0.22416 0.956642</float_array>
                    <technique_common>
                        <accessor count="76" source="#ID285" stride="3">
                            <param name="X" type="float"/>
                            <param name="Y" type="float"/>
                            <param name="Z" type="float"/>
                        </accessor>
                    </technique_common>
                </source>
                <source id="ID286">
                    <float_array id="ID287" count="2">0 1</float_array>
                    <technique_common>
                        <accessor count="1" source="#ID287" stride="2">
                            <param name="S" type="float"/>
                            <param name="T" type="float"/>
                        </accessor>
                    </technique_common>
                </source>
                <vertices id="ID288">
                    <input semantic="POSITION" source="#ID282"/>
                </vertices>
                <polylist count="94" material="Material1">
                    <input offset="0" semantic="VERTEX" source="#ID288"/>
                    <input offset="1" semantic="NORMAL" source="#ID284"/>
                    <input offset="2" semantic="TEXCOORD" source="#ID286" set="0"/>
                    <vcount>4 4 4 4 4 4 4 4 4 4 4 4 4 4 4 4 4 4 4 4 4 4 4 4 4 4 4 4 4 4 4 4 4 4 4 4 4 4 4 4 4 4 4 4 4 4 4 4 4 4 4 4 4 4 4 4 4 4 4 4 4 4 4 4 4 4 4 4 4 4 4 4 4 4 4 4 4 4 4 4 4 4 4 4 4 4 4 4 4 4 4 4 4 4</vcount>
                    <p>82 0 0 83 1 0 81 1 0 80 0 0 10 2 0 4 2 0 5 2 0 11 2 0 70 3 0 71 5 0 69 4 0 68 3 0 12 6 0 0 6 0 1 6 0 13 6 0 67 10 0 79 9 0 77 8 0 65 7 0 68 11 0 74 11 0 72 11 0 70 11 0 11 2 0 15 2 0 14 2 0 10 2 0 9 6 0 7 6 0 6 6 0 8 6 0 75 13 0 69 4 0 71 5 0 73 12 0 74 11 0 78 11 0 76 11 0 72 11 0 13 6 0 9 6 0 8 6 0 12 6 0 79 9 0 75 13 0 73 12 0 77 8 0 15 2 0 3 2 0 2 2 0 14 2 0 78 11 0 66 11 0 64 11 0 76 11 0 66 11 0 82 11 0 80 11 0 64 11 0 3 2 0 19 2 0 18 2 0 2 2 0 84 17 0 86 16 0 87 15 0 85 14 0 0 6 0 16 6 0 17 6 0 1 6 0 92 19 0 84 17 0 85 14 0 93 18 0 17 6 0 26 20 0 24 6 0 1 6 0 83 1 0 91 22 0 90 21 0 81 1 0 29 2 0 21 25 0 23 24 0 31 23 0 89 29 0 67 28 0 65 27 0 88 26 0 26 20 0 30 30 0 28 6 0 24 6 0 91 22 0 95 32 0 94 31 0 90 21 0 27 33 0 19 2 0 3 2 0 25 2 0 93 18 0 89 29 0 88 26 0 92 19 0 31 23 0 27 33 0 25 2 0 29 2 0 30 30 0 22 35 0 20 34 0 28 6 0 95 32 0 87 37 0 86 36 0 94 31 0 19 39 0 51 38 0 50 0 0 18 0 0 16 0 0 48 0 0 49 40 0 17 40 0 7 41 0 39 5 0 38 3 0 6 3 0 4 3 0 36 3 0 37 43 0 5 42 0 15 47 0 47 46 0 35 45 0 3 44 0 1 51 0 33 50 0 45 49 0 13 48 0 10 11 0 42 11 0 36 11 0 4 11 0 6 11 0 38 11 0 40 11 0 8 11 0 5 42 0 37 43 0 43 53 0 11 52 0 9 55 0 41 54 0 39 5 0 7 41 0 14 11 0 46 11 0 42 11 0 10 11 0 8 11 0 40 11 0 44 11 0 12 11 0 11 52 0 43 53 0 47 46 0 15 47 0 13 48 0 45 49 0 41 54 0 9 55 0 2 11 0 34 11 0 46 11 0 14 11 0 12 11 0 44 11 0 32 11 0 0 11 0 18 11 0 50 11 0 34 11 0 2 11 0 0 11 0 32 11 0 48 11 0 16 11 0 22 35 0 54 57 0 52 56 0 20 34 0 21 25 0 53 59 0 55 58 0 23 24 0 20 34 0 52 56 0 60 61 0 28 60 0 29 63 0 61 62 0 53 59 0 21 25 0 27 33 0 59 64 0 51 38 0 19 39 0 17 40 0 49 40 0 58 65 0 26 20 0 3 69 0 35 68 0 57 67 0 25 66 0 24 66 0 56 71 0 33 70 0 1 69 0 31 23 0 63 72 0 59 64 0 27 33 0 26 20 0 58 65 0 62 73 0 30 30 0 25 66 0 57 67 0 61 62 0 29 63 0 28 60 0 60 61 0 56 71 0 24 66 0 23 24 0 55 74 0 63 72 0 31 23 0 30 30 0 62 73 0 54 75 0 22 35 0 51 38 0 83 1 0 82 0 0 50 0 0 48 0 0 80 0 0 81 1 0 49 40 0 39 5 0 71 5 0 70 3 0 38 3 0 36 3 0 68 3 0 69 4 0 37 43 0 47 46 0 79 9 0 67 10 0 35 45 0 33 50 0 65 7 0 77 8 0 45 49 0 42 11 0 74 11 0 68 11 0 36 11 0 38 11 0 70 11 0 72 11 0 40 11 0 37 43 0 69 4 0 75 13 0 43 53 0 41 54 0 73 12 0 71 5 0 39 5 0 46 11 0 78 11 0 74 11 0 42 11 0 40 11 0 72 11 0 76 11 0 44 11 0 43 53 0 75 13 0 79 9 0 47 46 0 45 49 0 77 8 0 73 12 0 41 54 0 34 11 0 66 11 0 78 11 0 46 11 0 44 11 0 76 11 0 64 11 0 32 11 0 50 11 0 82 11 0 66 11 0 34 11 0 32 11 0 64 11 0 80 11 0 48 11 0 54 57 0 86 16 0 84 17 0 52 56 0 53 59 0 85 14 0 87 15 0 55 58 0 52 56 0 84 17 0 92 19 0 60 61 0 61 62 0 93 18 0 85 14 0 53 59 0 59 64 0 91 22 0 83 1 0 51 38 0 49 40 0 81 1 0 90 21 0 58 65 0 35 68 0 67 28 0 89 29 0 57 67 0 56 71 0 88 26 0 65 27 0 33 70 0 63 72 0 95 32 0 91 22 0 59 64 0 58 65 0 90 21 0 94 31 0 62 73 0 57 67 0 89 29 0 93 18 0 61 62 0 60 61 0 92 19 0 88 26 0 56 71 0 55 74 0 87 37 0 95 32 0 63 72 0 62 73 0 94 31 0 86 36 0 54 75 0</p>
                </polylist>
            </mesh>
        </geometry>
        <geometry id="ID290">
            <mesh>
                <source id="ID291">
                    <float_array id="ID292" count="288">-29.9574 -4.4337 22.7676 -29.9574 4.4337 22.7676 29.9574 -4.4337 22.7676 29.9574 4.4337 22.7676 29.9574 -4.4337 -22.7676 29.9574 4.4337 -22.7676 -29.9574 -4.4337 -22.7676 -29.9574 4.4337 -22.7676 -29.9574 -4.4337 -11.3767 -29.9574 6.98208 -11.3767 29.9574 -4.4337 -11.3767 29.9574 6.98208 -11.3767 -29.9574 -4.4337 7.91964 -29.9574 6.98208 7.91964 29.9574 -4.4337 7.91964 29.9574 6.98208 7.91964 -29.9574 -4.4337 32.324 -29.9574 4.4337 32.324 29.9574 -4.4337 32.324 29.9574 4.4337 32.324 -29.9574 87.1176 23.8946 29.9574 87.1176 23.8946 -29.9574 87.1176 36.3277 29.9574 87.1176 36.3277 -29.9574 43.7055 19.8164 29.9574 43.7055 19.8164 -29.9574 43.7055 31.2985 29.9574 43.7055 31.2985 -29.9574 62.1055 19.8164 29.9574 62.1055 19.8164 -29.9574 62.1055 30.1 29.9574 62.1055 30.1 -19.1819 -4.4337 22.7676 -19.1819 4.4337 22.7676 19.1819 -4.4337 22.7676 19.1819 4.4337 22.7676 19.1819 -4.4337 -22.7676 19.1819 4.4337 -22.7676 -19.1819 -4.4337 -22.7676 -19.1819 4.4337 -22.7676 -19.1819 -4.4337 -11.3767 -19.1819 6.98208 -11.3767 19.1819 -4.4337 -11.3767 19.1819 6.98208 -11.3767 -19.1819 -4.4337 7.91964 -19.1819 6.98208 7.91964 19.1819 -4.4337 7.91964 19.1819 6.98208 7.91964 -19.1819 -4.4337 32.324 -19.1819 4.4337 32.324 19.1819 -4.4337 32.324 19.1819 4.4337 32.324 -19.1819 89.1146 23.8946 19.1819 89.1146 23.8946 -19.1819 89.1146 39.5 19.1819 89.1146 39.5 -19.1819 43.7055 19.8164 19.1819 43.7055 19.8164 -19.1819 43.7055 31.2985 19.1819 43.7055 31.2985 -19.1819 62.1055 19.8164 19.1819 62.1055 19.8164 -19.1819 62.1055 33.2723 19.1819 62.1055 33.2723 -14.9878 -4.4337 22.7676 -14.9878 2.52483 24.6948 14.9878 -4.4337 22.7676 14.9878 2.52483 24.6948 14.9878 -4.4337 -22.7676 14.9878 2.52483 -22.7676 -14.9878 -4.4337 -22.7676 -14.9878 2.52483 -22.7676 -14.9878 -4.4337 -11.3767 -14.9878 5.07321 -11.3767 14.9878 -4.4337 -11.3767 14.9878 5.07321 -11.3767 -14.9878 -4.4337 7.91964 -14.9878 5.07321 7.91964 14.9878 -4.4337 7.91964 14.9878 5.07321 7.91964 -14.9878 -4.4337 32.324 -14.9878 4.4337 32.324 14.9878 -4.4337 32.324 14.9878 4.4337 32.324 -14.9878 89.4693 25.8217 14.9878 89.4693 25.8217 -14.9878 89.4693 40.0363 14.9878 89.4693 40.0363 -14.9878 43.7055 21.7436 14.9878 43.7055 21.7436 -14.9878 43.7055 31.2985 14.9878 43.7055 31.2985 -14.9878 62.1055 21.7436 14.9878 62.1055 21.7436 -14.9878 62.1055 33.8086 14.9878 62.1055 33.8086</float_array>
                    <technique_common>
                        <accessor count="96" source="#ID292" stride="3">
                            <param name="X" type="float"/>
                            <param name="Y" type="float"/>
                            <param name="Z" type="float"/>
                        </accessor>
                    </technique_common>
                </source>
                <source id="ID293">
                    <float_array id="ID294" count="228">0 0 1 8.09914e-010 0.0130537 0.999915 1 0 -0 0 0 -1 -0.131704 0.605999 -0.784487 0.131704 0.605999 -0.784487 -1 0 -0 0.193277 0.969315 0.151898 0.203188 0.976161 0.0763227 -0.204135 0.975971 0.0762182 -0.195165 0.968964 0.151721 0 -1 -0 0.210927 0.971577 -0.107461 -0.210927 0.971577 -0.107461 -0.108975 0.764937 -0.63482 0.0421759 0.99911 -0 -0.0421759 0.99911 -0 0.108953 0.764935 -0.634825 -0.211966 0.0725207 -0.974583 0.211949 0.0725225 -0.974586 -0.732809 0.00244927 0.68043 -0.0157983 -0.0510701 0.99857 0.0158531 -0.0510984 0.998568 0.776544 -0.0802955 0.624925 0.765626 0.403658 0.500876 0.621618 0.591631 -0.513385 0.210261 -0.035421 -0.977003 0.206556 -0.0707416 -0.975874 -0.206229 -0.0707567 -0.975942 -0.210097 -0.0354298 -0.977038 -0.776774 -0.0790917 0.624793 -0.0444721 -0.175292 0.983511 0.0444977 -0.175322 0.983505 0.732911 0.0012468 0.680323 -0.621965 0.591426 -0.513201 -0.765986 0.403537 0.500423 -0.057342 -0.222236 0.973305 0.0572841 -0.222239 0.973308 0 0.0130537 0.999915 0 0.0130537 0.999915 0 0.0130537 0.999915 0 0.62517 -0.780488 0 0.62517 -0.780488 -0.131704 0.605999 -0.784487 0 0.985589 0.169158 -0.195165 0.9674 0.161391 -0.204213 0.975561 0.081107 0 0.996391 0.0848854 0 0.996391 0.0848855 0.203266 0.97575 0.0812108 0.193277 0.967751 0.161564 0 0.985589 0.169158 0 0.993951 -0.109826 -0.210927 0.971577 -0.107461 0.210927 0.971577 -0.107461 0 0.993951 -0.109826 0.0431238 0.767765 -0.639279 -0.133413 0.991061 -0 0.133413 0.991061 -0 -0.0435079 0.767753 -0.639267 -0.00747618 0.0777843 -0.996942 0.20833 0.0745674 -0.975212 -0.20861 0.0745622 -0.975152 0.00693651 0.0777864 -0.996946 0.0517079 -0.0228293 0.998401 -0.0515313 -0.021919 0.998431 0 -0.0374942 -0.999297 -0.210104 -0.036315 -0.977004 -0.206229 -0.0725223 -0.975812 0 -0.0749357 -0.997188 0.206556 -0.0725074 -0.975745 0.210267 -0.0363063 -0.97697 0.144778 -0.148552 0.978249 -0.145016 -0.147617 0.978356 0.18519 -0.22424 0.956776 -0.185981 -0.22416 0.956642</float_array>
                    <technique_common>
                        <accessor count="76" source="#ID294" stride="3">
                            <param name="X" type="float"/>
                            <param name="Y" type="float"/>
                            <param name="Z" type="float"/>
                        </accessor>
                    </technique_common>
                </source>
                <source id="ID295">
                    <float_array id="ID296" count="2">0 1</float_array>
                    <technique_common>
                        <accessor count="1" source="#ID296" stride="2">
                            <param name="S" type="float"/>
                            <param name="T" type="float"/>
                        </accessor>
                    </technique_common>
                </source>
                <vertices id="ID297">
                    <input semantic="POSITION" source="#ID291"/>
                </vertices>
                <polylist count="94" material="Material1">
                    <input offset="0" semantic="VERTEX" source="#ID297"/>
                    <input offset="1" semantic="NORMAL" source="#ID293"/>
                    <input offset="2" semantic="TEXCOORD" source="#ID295" set="0"/>
                    <vcount>4 4 4 4 4 4 4 4 4 4 4 4 4 4 4 4 4 4 4 4 4 4 4 4 4 4 4 4 4 4 4 4 4 4 4 4 4 4 4 4 4 4 4 4 4 4 4 4 4 4 4 4 4 4 4 4 4 4 4 4 4 4 4 4 4 4 4 4 4 4 4 4 4 4 4 4 4 4 4 4 4 4 4 4 4 4 4 4 4 4 4 4 4 4</vcount>
                    <p>82 0 0 83 1 0 81 1 0 80 0 0 10 2 0 4 2 0 5 2 0 11 2 0 70 3 0 71 5 0 69 4 0 68 3 0 12 6 0 0 6 0 1 6 0 13 6 0 67 10 0 79 9 0 77 8 0 65 7 0 68 11 0 74 11 0 72 11 0 70 11 0 11 2 0 15 2 0 14 2 0 10 2 0 9 6 0 7 6 0 6 6 0 8 6 0 75 13 0 69 4 0 71 5 0 73 12 0 74 11 0 78 11 0 76 11 0 72 11 0 13 6 0 9 6 0 8 6 0 12 6 0 79 9 0 75 13 0 73 12 0 77 8 0 15 2 0 3 2 0 2 2 0 14 2 0 78 11 0 66 11 0 64 11 0 76 11 0 66 11 0 82 11 0 80 11 0 64 11 0 3 2 0 19 2 0 18 2 0 2 2 0 84 17 0 86 16 0 87 15 0 85 14 0 0 6 0 16 6 0 17 6 0 1 6 0 92 19 0 84 17 0 85 14 0 93 18 0 17 6 0 26 20 0 24 6 0 1 6 0 83 1 0 91 22 0 90 21 0 81 1 0 29 2 0 21 25 0 23 24 0 31 23 0 89 29 0 67 28 0 65 27 0 88 26 0 26 20 0 30 30 0 28 6 0 24 6 0 91 22 0 95 32 0 94 31 0 90 21 0 27 33 0 19 2 0 3 2 0 25 2 0 93 18 0 89 29 0 88 26 0 92 19 0 31 23 0 27 33 0 25 2 0 29 2 0 30 30 0 22 35 0 20 34 0 28 6 0 95 32 0 87 37 0 86 36 0 94 31 0 19 39 0 51 38 0 50 0 0 18 0 0 16 0 0 48 0 0 49 40 0 17 40 0 7 41 0 39 5 0 38 3 0 6 3 0 4 3 0 36 3 0 37 43 0 5 42 0 15 47 0 47 46 0 35 45 0 3 44 0 1 51 0 33 50 0 45 49 0 13 48 0 10 11 0 42 11 0 36 11 0 4 11 0 6 11 0 38 11 0 40 11 0 8 11 0 5 42 0 37 43 0 43 53 0 11 52 0 9 55 0 41 54 0 39 5 0 7 41 0 14 11 0 46 11 0 42 11 0 10 11 0 8 11 0 40 11 0 44 11 0 12 11 0 11 52 0 43 53 0 47 46 0 15 47 0 13 48 0 45 49 0 41 54 0 9 55 0 2 11 0 34 11 0 46 11 0 14 11 0 12 11 0 44 11 0 32 11 0 0 11 0 18 11 0 50 11 0 34 11 0 2 11 0 0 11 0 32 11 0 48 11 0 16 11 0 22 35 0 54 57 0 52 56 0 20 34 0 21 25 0 53 59 0 55 58 0 23 24 0 20 34 0 52 56 0 60 61 0 28 60 0 29 63 0 61 62 0 53 59 0 21 25 0 27 33 0 59 64 0 51 38 0 19 39 0 17 40 0 49 40 0 58 65 0 26 20 0 3 69 0 35 68 0 57 67 0 25 66 0 24 66 0 56 71 0 33 70 0 1 69 0 31 23 0 63 72 0 59 64 0 27 33 0 26 20 0 58 65 0 62 73 0 30 30 0 25 66 0 57 67 0 61 62 0 29 63 0 28 60 0 60 61 0 56 71 0 24 66 0 23 24 0 55 74 0 63 72 0 31 23 0 30 30 0 62 73 0 54 75 0 22 35 0 51 38 0 83 1 0 82 0 0 50 0 0 48 0 0 80 0 0 81 1 0 49 40 0 39 5 0 71 5 0 70 3 0 38 3 0 36 3 0 68 3 0 69 4 0 37 43 0 47 46 0 79 9 0 67 10 0 35 45 0 33 50 0 65 7 0 77 8 0 45 49 0 42 11 0 74 11 0 68 11 0 36 11 0 38 11 0 70 11 0 72 11 0 40 11 0 37 43 0 69 4 0 75 13 0 43 53 0 41 54 0 73 12 0 71 5 0 39 5 0 46 11 0 78 11 0 74 11 0 42 11 0 40 11 0 72 11 0 76 11 0 44 11 0 43 53 0 75 13 0 79 9 0 47 46 0 45 49 0 77 8 0 73 12 0 41 54 0 34 11 0 66 11 0 78 11 0 46 11 0 44 11 0 76 11 0 64 11 0 32 11 0 50 11 0 82 11 0 66 11 0 34 11 0 32 11 0 64 11 0 80 11 0 48 11 0 54 57 0 86 16 0 84 17 0 52 56 0 53 59 0 85 14 0 87 15 0 55 58 0 52 56 0 84 17 0 92 19 0 60 61 0 61 62 0 93 18 0 85 14 0 53 59 0 59 64 0 91 22 0 83 1 0 51 38 0 49 40 0 81 1 0 90 21 0 58 65 0 35 68 0 67 28 0 89 29 0 57 67 0 56 71 0 88 26 0 65 27 0 33 70 0 63 72 0 95 32 0 91 22 0 59 64 0 58 65 0 90 21 0 94 31 0 62 73 0 57 67 0 89 29 0 93 18 0 61 62 0 60 61 0 92 19 0 88 26 0 56 71 0 55 74 0 87 37 0 95 32 0 63 72 0 62 73 0 94 31 0 86 36 0 54 75 0</p>
                </polylist>
            </mesh>
        </geometry>
        <geometry id="ID299">
            <mesh>
                <source id="ID300">
                    <float_array id="ID301" count="561">-76.876 -19.2895 45.4781 -100.001 -1.52041 23.5808 -75.1772 -20.6193 -131.814 -97.8746 15.5411 56.6734 -82.2279 -9.08556 86.5769 -66.7774 137.487 -38.8408 -76.8745 -3.68476 25.1411 -100 23 -45.4781 -87.0892 -9.08556 85.0281 -90.5367 38.2816 92.3103 -64.3383 138.858 35.648 -95.2389 9.79018 70.2118 -87.889 -10.0869 81.147 -92.6498 38.2816 87.0032 -79.5437 -19.2895 -128.979 -82.5 7.23016 -138.255 -100.043 24.0815 -36.7984 -68.2541 136.202 35.292 -93.5721 1.89217 77.8127 -70.5092 137.487 -35.4547 -67.2108 133.906 40.3475 0 -19.2895 45.4781 -93.4896 -19.2895 -38.6981 -100 10.9396 34.5032 -69.5879 -10.3031 80.4809 0 24.338 -48.8642 -70.5482 137.335 26.8011 0 -9.08556 86.5769 -100 13.9359 45.4781 0 38.2816 93.0704 0 -20.6193 -131.814 -70.5635 1.52769 77.2 -91.85 4.4299 86.8809 0 7.2383 -141.09 0 140.289 24.9711 -82.5 -11.7225 -131.626 -66.7734 140.284 24.1595 0 137.487 -38.8408 0 136.425 39.2063 0 -19.2895 -38.6981 -82.3087 -19.2895 -115.786 -85.7002 10.114 -121.289 0 140.289 -26.6451 -85.7002 -10.8997 -115.872 0 4.4299 88.4297 0 -13.0523 -134.461 -74.7675 14.8212 56.5826 -63.4972 -19.3213 -115.339 0 -19.2895 -114.74 -88.8662 8.19507 -103.631 0 11.4519 -121.289 -65.532 7.59512 -103.083 -66.1043 -19.2895 -82.7029 -92.1242 15.9029 -87.2318 -68.2111 -19.2651 -56.4849 -92.1242 13.1614 -86.9066 0 -19.2895 -83.0571 0 17.2408 -87.2318 -67.4734 9.05188 -70.1409 -76.8747 -19.292 25.0271 -68.1834 -8.07327 -56.8206 -95.1869 9.68498 -70.3915 -86.9887 4.4299 88.4297 0 -19.2895 -56.6271 -91.153 -19.2895 -56.6271 -97.6634 20.8944 -57.8656 0 22.2324 -57.8656 -97.6634 -7.82365 -56.9805 -93.4896 -19.2895 24.3271 -76.8684 8.8123 36.0959 0 -19.2895 24.3271 -94.7073 -19.2895 -38.6981 -81.1644 11.4519 -121.289 -76.8602 13.2571 45.6779 -100 -3.4192 24.443 -92.4944 22.2324 -57.8656 -86.9887 38.2816 93.0704 -63.9974 -11.11 -115.373 -72.1885 9.19842 69.819 -66.7771 140.289 -26.0172 -87.2484 17.2408 -87.2318 -94.7073 24.338 -48.8642 -100 9.38502 35.6671 -78.1335 7.2383 -141.09 -70.5501 137.435 -28.7723 -64.1646 136.032 39.4217 0 -10.0869 81.147 0 138.858 35.648 -66.5841 12.4409 -86.4908 -78.1335 -13.0523 -134.461 -100.001 32.9622 33.0407 -99.9719 38.0998 43.5783 -99.981 15.1491 43.5782 -100.022 -1.60273 -34.8982 76.876 -19.2895 45.4781 100.001 -1.52041 23.5808 75.1772 -20.6193 -131.814 97.8746 15.5411 56.6734 82.2279 -9.08556 86.5769 66.7774 137.487 -38.8408 76.8745 -3.68476 25.1411 100 23 -45.4781 87.0892 -9.08556 85.0281 90.5367 38.2816 92.3103 64.3383 138.858 35.648 95.2389 9.79018 70.2118 87.889 -10.0869 81.147 92.6498 38.2816 87.0032 79.5437 -19.2895 -128.979 82.5 7.23016 -138.255 100.043 24.0815 -36.7984 68.2541 136.202 35.292 93.5721 1.89217 77.8127 70.5092 137.487 -35.4547 67.2108 133.906 40.3475 93.4896 -19.2895 -38.6981 100 10.9396 34.5032 69.5879 -10.3031 80.4809 70.5482 137.335 26.8011 100 13.9359 45.4781 70.5635 1.52769 77.2 91.85 4.4299 86.8809 82.5 -11.7225 -131.626 66.7734 140.284 24.1595 82.3087 -19.2895 -115.786 85.7002 10.114 -121.289 85.7002 -10.8997 -115.872 74.7675 14.8212 56.5826 63.4972 -19.3213 -115.339 88.8662 8.19507 -103.631 65.532 7.59512 -103.083 66.1043 -19.2895 -82.7029 92.1242 15.9029 -87.2318 68.2111 -19.2651 -56.4849 92.1242 13.1614 -86.9066 67.4734 9.05188 -70.1409 76.8747 -19.292 25.0271 68.1834 -8.07327 -56.8206 95.1869 9.68498 -70.3915 86.9887 4.4299 88.4297 91.153 -19.2895 -56.6271 97.6634 20.8944 -57.8656 97.6634 -7.82365 -56.9805 93.4896 -19.2895 24.3271 76.8684 8.8123 36.0959 94.7073 -19.2895 -38.6981 81.1644 11.4519 -121.289 76.8602 13.2571 45.6779 100 -3.4192 24.443 92.4944 22.2324 -57.8656 86.9887 38.2816 93.0704 63.9974 -11.11 -115.373 72.1885 9.19842 69.819 66.7771 140.289 -26.0172 87.2484 17.2408 -87.2318 94.7073 24.338 -48.8642 100 9.38502 35.6671 78.1335 7.2383 -141.09 70.5501 137.435 -28.7723 64.1646 136.032 39.4217 66.5841 12.4409 -86.4908 78.1335 -13.0523 -134.461 100.001 32.9622 33.0407 99.9719 38.0998 43.5783 99.981 15.1491 43.5782 100.022 -1.60273 -34.8982 9.68933e-007 16.7487 -61.49 64.8335 17.4782 -61.6343 -64.8335 17.4782 -61.6343 61.7566 14.1821 -82.624 -61.7566 14.1821 -82.624 57.1662 8.15603 -112.364 -57.1662 8.15603 -112.364 55.8251 7.11553 -128.406 -55.8251 7.11553 -128.406 9.68933e-007 7.29272 -131.384 9.67722e-007 -16.035 -63.0282 61.9031 -16.0159 -63.7501 -61.9031 -16.0159 -63.7501 59.2174 -16.0472 -82.1807 -59.2174 -16.0472 -82.1807 54.6098 -16.1376 -112.016 -54.6098 -16.1376 -112.016 53.4278 -16.1481 -125.925 -53.4278 -16.1481 -125.925 9.68933e-007 -16.1456 -128.78 9.58176e-008 -17.4839 -95.9283</float_array>
                    <technique_common>
                        <accessor count="187" source="#ID301" stride="3">
                            <param name="X" type="float"/>
                            <param name="Y" type="float"/>
                            <param name="Z" type="float"/>
                        </accessor>
                    </technique_common>
                </source>
                <source id="ID302">
                    <float_array id="ID303" count="93">0.000245649 0.595146 -0.803618 0.000103591 0.339486 -0.940611 -0.418852 0.622739 -0.660877 -0.0821066 0.853117 -0.515218 0.0813427 0.858464 -0.506383 0.418166 0.628641 -0.655704 -0.731458 0.681877 -0.00358094 -0.156287 0.977005 -0.145033 0.157175 0.976867 -0.145005 0.731651 0.681674 -0.00274838 -0.725196 0.688333 -0.0169998 -0.15012 0.979083 -0.13733 0.144244 0.980127 -0.136177 0.723045 0.690625 -0.0155937 -0.440209 0.823686 0.357432 -0.0668544 0.996038 -0.0586323 0.0591168 0.996531 -0.0585681 0.435195 0.826048 0.358121 -0.000175409 0.744671 0.667432 -0.000260895 0.999995 0.0031044 -3.18191e-005 0.711096 -0.703094 -0.402761 0.842996 -0.356568 0.402616 0.843179 -0.356299 -0.677654 0.729302 0.094357 0.677461 0.729372 0.0951983 -0.674942 0.734109 0.0744161 0.674785 0.73418 0.0751344 -0.395967 0.820487 0.412324 0.395897 0.820519 0.412328 -4.958e-007 0.731972 0.681334 -5.59095e-010 1 0.000131126</float_array>
                    <technique_common>
                        <accessor count="31" source="#ID303" stride="3">
                            <param name="X" type="float"/>
                            <param name="Y" type="float"/>
                            <param name="Z" type="float"/>
                        </accessor>
                    </technique_common>
                </source>
                <source id="ID304">
                    <float_array id="ID305" count="2">0 1</float_array>
                    <technique_common>
                        <accessor count="1" source="#ID305" stride="2">
                            <param name="S" type="float"/>
                            <param name="T" type="float"/>
                        </accessor>
                    </technique_common>
                </source>
                <vertices id="ID306">
                    <input semantic="POSITION" source="#ID300"/>
                </vertices>
                <polylist count="30" material="Material1">
                    <input offset="0" semantic="VERTEX" source="#ID306"/>
                    <input offset="1" semantic="NORMAL" source="#ID302"/>
                    <input offset="2" semantic="TEXCOORD" source="#ID304" set="0"/>
                    <vcount>4 4 4 4 4 4 4 4 4 4 4 4 4 4 4 4 4 4 4 4 3 3 3 3 3 3 3 3 3 3</vcount>
                    <p>149 3 0 167 2 0 166 1 0 66 0 0 66 0 0 166 1 0 168 5 0 75 4 0 154 7 0 169 6 0 167 2 0 149 3 0 75 4 0 168 5 0 170 9 0 80 8 0 146 11 0 171 10 0 169 6 0 154 7 0 80 8 0 170 9 0 172 13 0 72 12 0 157 15 0 173 14 0 171 10 0 146 11 0 72 12 0 172 13 0 174 17 0 83 16 0 33 19 0 175 18 0 173 14 0 157 15 0 83 16 0 174 17 0 175 18 0 33 19 0 167 2 0 177 21 0 176 20 0 166 1 0 166 1 0 176 20 0 178 22 0 168 5 0 169 6 0 179 23 0 177 21 0 167 2 0 168 5 0 178 22 0 180 24 0 170 9 0 171 10 0 181 25 0 179 23 0 169 6 0 170 9 0 180 24 0 182 26 0 172 13 0 173 14 0 183 27 0 181 25 0 171 10 0 172 13 0 182 26 0 184 28 0 174 17 0 175 18 0 185 29 0 183 27 0 173 14 0 174 17 0 184 28 0 185 29 0 175 18 0 177 21 0 186 30 0 176 20 0 176 20 0 186 30 0 178 22 0 179 23 0 186 30 0 177 21 0 178 22 0 186 30 0 180 24 0 181 25 0 186 30 0 179 23 0 180 24 0 186 30 0 182 26 0 183 27 0 186 30 0 181 25 0 182 26 0 186 30 0 184 28 0 185 29 0 186 30 0 183 27 0 184 28 0 186 30 0 185 29 0</p>
                </polylist>
            </mesh>
        </geometry>
        <geometry id="ID309">
            <mesh>
                <source id="ID310">
                    <float_array id="ID311" count="36">-66.7774 137.487 -38.8408 0 24.338 -48.8642 0 137.487 -38.8408 -94.7073 24.338 -48.8642 66.7774 137.487 -38.8408 94.7073 24.338 -48.8642 -66.7774 137.487 -38.8408 0 24.338 -48.8642 0 137.487 -38.8408 -94.7073 24.338 -48.8642 66.7774 137.487 -38.8408 94.7073 24.338 -48.8642</float_array>
                    <technique_common>
                        <accessor count="12" source="#ID311" stride="3">
                            <param name="X" type="float"/>
                            <param name="Y" type="float"/>
                            <param name="Z" type="float"/>
                        </accessor>
                    </technique_common>
                </source>
                <source id="ID312">
                    <float_array id="ID313" count="6">0 -0.0882403 0.996099 0 0.0882403 -0.996099</float_array>
                    <technique_common>
                        <accessor count="2" source="#ID313" stride="3">
                            <param name="X" type="float"/>
                            <param name="Y" type="float"/>
                            <param name="Z" type="float"/>
                        </accessor>
                    </technique_common>
                </source>
                <source id="ID314">
                    <float_array id="ID315" count="2">0 1</float_array>
                    <technique_common>
                        <accessor count="1" source="#ID315" stride="2">
                            <param name="S" type="float"/>
                            <param name="T" type="float"/>
                        </accessor>
                    </technique_common>
                </source>
                <vertices id="ID316">
                    <input semantic="POSITION" source="#ID310"/>
                </vertices>
                <polylist count="4" material="Material1">
                    <input offset="0" semantic="VERTEX" source="#ID316"/>
                    <input offset="1" semantic="NORMAL" source="#ID312"/>
                    <input offset="2" semantic="TEXCOORD" source="#ID314" set="0"/>
                    <vcount>4 4 4 4</vcount>
                    <p>2 0 0 0 0 0 3 0 0 1 0 0 2 0 0 1 0 0 5 0 0 4 0 0 7 1 0 9 1 0 6 1 0 8 1 0 10 1 0 11 1 0 7 1 0 8 1 0</p>
                </polylist>
            </mesh>
        </geometry>
        <geometry id="ID319">
            <mesh>
                <source id="ID320">
                    <float_array id="ID321" count="96">-14.9636 -4.37339 2.43899 -14.9636 4.37339 2.43899 -11.542 -5.79912 2.43899 -11.542 5.79911 2.43899 11.542 -5.79912 2.43899 11.542 5.79911 2.43899 14.9636 -4.37339 2.43899 14.9636 4.37339 2.43899 14.9636 -4.37339 -2.43894 14.9636 4.37339 -2.43894 11.542 -5.79912 -2.43894 11.542 5.79911 -2.43894 -11.542 -5.79912 -2.43894 -11.542 5.79911 -2.43894 -14.9636 -4.37339 -2.43894 -14.9636 4.37339 -2.43894 13.2866 -3.25539 -2.43894 13.2866 3.25539 -2.43894 11.2066 -4.12211 -2.43894 11.2066 4.12211 -2.43894 -11.2065 -4.12211 -2.43894 -11.2065 4.12211 -2.43894 -13.2866 -3.25539 -2.43894 -13.2866 3.25539 -2.43894 13.0931 -3.58273 -0.404791 13.0931 2.67005 -0.404791 11.1678 -4.38495 -0.404791 11.1678 3.47227 -0.404791 -11.1678 -4.38495 -0.404791 -11.1678 3.47227 -0.404791 -13.0931 -3.58273 -0.404791 -13.0931 2.67005 -0.404791</float_array>
                    <technique_common>
                        <accessor count="32" source="#ID321" stride="3">
                            <param name="X" type="float"/>
                            <param name="Y" type="float"/>
                            <param name="Z" type="float"/>
                        </accessor>
                    </technique_common>
                </source>
                <source id="ID322">
                    <float_array id="ID323" count="69">-0.832052 -0.554698 -0 -0.196119 -0.98058 -0 0.196119 -0.98058 -0 0.832052 -0.554698 -0 0.832052 0.554698 -0 0.194852 0.97321 0.122044 0.832329 0.554192 0.0100049 0.533314 0.355098 -0.767777 0.816732 -0.529207 -0.229975 0.472664 -0.306266 -0.826311 0.187409 -0.934655 -0.302155 0.115089 -0.573978 -0.810743 -0.832052 0.554698 -0 -0.196119 0.98058 -0 0.196119 0.98058 -0 0 0 -1 -0.533314 0.355098 -0.767777 -0.115089 -0.573978 -0.810743 -0.472664 -0.306266 -0.826311 -0.832329 0.554192 0.0100049 -0.194852 0.97321 0.122044 -0.187409 -0.934655 -0.302155 -0.816732 -0.529207 -0.229975</float_array>
                    <technique_common>
                        <accessor count="23" source="#ID323" stride="3">
                            <param name="X" type="float"/>
                            <param name="Y" type="float"/>
                            <param name="Z" type="float"/>
                        </accessor>
                    </technique_common>
                </source>
                <source id="ID324">
                    <float_array id="ID325" count="2">0 1</float_array>
                    <technique_common>
                        <accessor count="1" source="#ID325" stride="2">
                            <param name="S" type="float"/>
                            <param name="T" type="float"/>
                        </accessor>
                    </technique_common>
                </source>
                <vertices id="ID326">
                    <input semantic="POSITION" source="#ID320"/>
                </vertices>
                <polylist count="24" material="Material1">
                    <input offset="0" semantic="VERTEX" source="#ID326"/>
                    <input offset="1" semantic="NORMAL" source="#ID322"/>
                    <input offset="2" semantic="TEXCOORD" source="#ID324" set="0"/>
                    <vcount>4 4 4 4 4 4 4 4 4 4 4 4 4 4 4 4 4 4 4 4 4 4 4 4</vcount>
                    <p>12 1 0 2 1 0 0 0 0 14 0 0 10 2 0 4 2 0 2 1 0 12 1 0 8 3 0 6 3 0 4 2 0 10 2 0 8 3 0 9 4 0 7 4 0 6 3 0 22 7 0 30 6 0 28 5 0 20 5 0 23 9 0 31 8 0 30 6 0 22 7 0 21 11 0 29 10 0 31 8 0 23 9 0 0 0 0 1 12 0 15 12 0 14 0 0 3 13 0 13 13 0 15 12 0 1 12 0 5 14 0 11 14 0 13 13 0 3 13 0 7 4 0 9 4 0 11 14 0 5 14 0 10 15 0 18 15 0 16 16 0 8 15 0 9 15 0 17 18 0 19 17 0 11 15 0 8 15 0 16 16 0 17 18 0 9 15 0 12 15 0 20 15 0 18 15 0 10 15 0 11 15 0 19 17 0 21 11 0 13 15 0 14 15 0 22 7 0 20 15 0 12 15 0 15 15 0 23 9 0 22 7 0 14 15 0 13 15 0 21 11 0 23 9 0 15 15 0 18 20 0 26 20 0 24 19 0 16 16 0 17 18 0 25 22 0 27 21 0 19 17 0 16 16 0 24 19 0 25 22 0 17 18 0 20 5 0 28 5 0 26 20 0 18 20 0 19 17 0 27 21 0 29 10 0 21 11 0</p>
                </polylist>
            </mesh>
        </geometry>
        <geometry id="ID328">
            <mesh>
                <source id="ID329">
                    <float_array id="ID330" count="24">13.0931 -3.58273 -0.404822 13.0931 2.67005 -0.404822 11.1678 -4.38495 -0.404822 11.1678 3.47227 -0.404822 -11.1678 -4.38495 -0.404822 -11.1678 3.47227 -0.404822 -13.0931 -3.58273 -0.404822 -13.0931 2.67005 -0.404822</float_array>
                    <technique_common>
                        <accessor count="8" source="#ID330" stride="3">
                            <param name="X" type="float"/>
                            <param name="Y" type="float"/>
                            <param name="Z" type="float"/>
                        </accessor>
                    </technique_common>
                </source>
                <source id="ID331">
                    <float_array id="ID332" count="3">0 0 -1</float_array>
                    <technique_common>
                        <accessor count="1" source="#ID332" stride="3">
                            <param name="X" type="float"/>
                            <param name="Y" type="float"/>
                            <param name="Z" type="float"/>
                        </accessor>
                    </technique_common>
                </source>
                <source id="ID333">
                    <float_array id="ID334" count="2">0 1</float_array>
                    <technique_common>
                        <accessor count="1" source="#ID334" stride="2">
                            <param name="S" type="float"/>
                            <param name="T" type="float"/>
                        </accessor>
                    </technique_common>
                </source>
                <vertices id="ID335">
                    <input semantic="POSITION" source="#ID329"/>
                </vertices>
                <polylist count="3" material="Material1">
                    <input offset="0" semantic="VERTEX" source="#ID335"/>
                    <input offset="1" semantic="NORMAL" source="#ID331"/>
                    <input offset="2" semantic="TEXCOORD" source="#ID333" set="0"/>
                    <vcount>4 4 4</vcount>
                    <p>2 0 0 3 0 0 1 0 0 0 0 0 4 0 0 5 0 0 3 0 0 2 0 0 6 0 0 7 0 0 5 0 0 4 0 0</p>
                </polylist>
            </mesh>
        </geometry>
        <geometry id="ID337">
            <mesh>
                <source id="ID338">
                    <float_array id="ID339" count="96">-14.9636 -4.37339 2.43899 -14.9636 4.37339 2.43899 -11.542 -5.79911 2.43899 -11.542 5.79912 2.43899 11.542 -5.79911 2.43899 11.542 5.79912 2.43899 14.9636 -4.37339 2.43899 14.9636 4.37339 2.43899 14.9636 -4.37339 -2.43894 14.9636 4.37339 -2.43894 11.542 -5.79911 -2.43894 11.542 5.79912 -2.43894 -11.542 -5.79911 -2.43894 -11.542 5.79912 -2.43894 -14.9636 -4.37339 -2.43894 -14.9636 4.37339 -2.43894 13.2866 -3.25539 -2.43894 13.2866 3.25539 -2.43894 11.2066 -4.12211 -2.43894 11.2066 4.12211 -2.43894 -11.2065 -4.12211 -2.43894 -11.2065 4.12211 -2.43894 -13.2866 -3.25539 -2.43894 -13.2866 3.25539 -2.43894 13.0931 -3.58273 -0.404791 13.0931 2.67006 -0.404791 11.1678 -4.38495 -0.404791 11.1678 3.47227 -0.404791 -11.1678 -4.38495 -0.404791 -11.1678 3.47227 -0.404791 -13.0931 -3.58273 -0.404791 -13.0931 2.67006 -0.404791</float_array>
                    <technique_common>
                        <accessor count="32" source="#ID339" stride="3">
                            <param name="X" type="float"/>
                            <param name="Y" type="float"/>
                            <param name="Z" type="float"/>
                        </accessor>
                    </technique_common>
                </source>
                <source id="ID340">
                    <float_array id="ID341" count="69">-0.832052 -0.554698 -0 -0.196119 -0.98058 -0 0.196119 -0.98058 -0 0.832052 -0.554698 -0 0.832052 0.554698 -0 0.194852 0.97321 0.122044 0.832329 0.554192 0.0100049 0.533314 0.355098 -0.767777 0.816732 -0.529207 -0.229975 0.472664 -0.306266 -0.826311 0.187409 -0.934655 -0.302155 0.115089 -0.573978 -0.810743 -0.832052 0.554698 -0 -0.196119 0.98058 -0 0.196119 0.98058 -0 0 0 -1 -0.533314 0.355098 -0.767777 -0.115089 -0.573978 -0.810743 -0.472664 -0.306266 -0.826311 -0.832329 0.554192 0.0100049 -0.194852 0.97321 0.122044 -0.187409 -0.934655 -0.302155 -0.816732 -0.529207 -0.229975</float_array>
                    <technique_common>
                        <accessor count="23" source="#ID341" stride="3">
                            <param name="X" type="float"/>
                            <param name="Y" type="float"/>
                            <param name="Z" type="float"/>
                        </accessor>
                    </technique_common>
                </source>
                <source id="ID342">
                    <float_array id="ID343" count="2">0 1</float_array>
                    <technique_common>
                        <accessor count="1" source="#ID343" stride="2">
                            <param name="S" type="float"/>
                            <param name="T" type="float"/>
                        </accessor>
                    </technique_common>
                </source>
                <vertices id="ID344">
                    <input semantic="POSITION" source="#ID338"/>
                </vertices>
                <polylist count="24" material="Material1">
                    <input offset="0" semantic="VERTEX" source="#ID344"/>
                    <input offset="1" semantic="NORMAL" source="#ID340"/>
                    <input offset="2" semantic="TEXCOORD" source="#ID342" set="0"/>
                    <vcount>4 4 4 4 4 4 4 4 4 4 4 4 4 4 4 4 4 4 4 4 4 4 4 4</vcount>
                    <p>12 1 0 2 1 0 0 0 0 14 0 0 10 2 0 4 2 0 2 1 0 12 1 0 8 3 0 6 3 0 4 2 0 10 2 0 8 3 0 9 4 0 7 4 0 6 3 0 22 7 0 30 6 0 28 5 0 20 5 0 23 9 0 31 8 0 30 6 0 22 7 0 21 11 0 29 10 0 31 8 0 23 9 0 0 0 0 1 12 0 15 12 0 14 0 0 3 13 0 13 13 0 15 12 0 1 12 0 5 14 0 11 14 0 13 13 0 3 13 0 7 4 0 9 4 0 11 14 0 5 14 0 10 15 0 18 15 0 16 16 0 8 15 0 9 15 0 17 18 0 19 17 0 11 15 0 8 15 0 16 16 0 17 18 0 9 15 0 12 15 0 20 15 0 18 15 0 10 15 0 11 15 0 19 17 0 21 11 0 13 15 0 14 15 0 22 7 0 20 15 0 12 15 0 15 15 0 23 9 0 22 7 0 14 15 0 13 15 0 21 11 0 23 9 0 15 15 0 18 20 0 26 20 0 24 19 0 16 16 0 17 18 0 25 22 0 27 21 0 19 17 0 16 16 0 24 19 0 25 22 0 17 18 0 20 5 0 28 5 0 26 20 0 18 20 0 19 17 0 27 21 0 29 10 0 21 11 0</p>
                </polylist>
            </mesh>
        </geometry>
        <geometry id="ID346">
            <mesh>
                <source id="ID347">
                    <float_array id="ID348" count="24">13.0931 -3.58273 -0.404822 13.0931 2.67005 -0.404822 11.1678 -4.38495 -0.404822 11.1678 3.47227 -0.404822 -11.1678 -4.38495 -0.404822 -11.1678 3.47227 -0.404822 -13.0931 -3.58273 -0.404822 -13.0931 2.67005 -0.404822</float_array>
                    <technique_common>
                        <accessor count="8" source="#ID348" stride="3">
                            <param name="X" type="float"/>
                            <param name="Y" type="float"/>
                            <param name="Z" type="float"/>
                        </accessor>
                    </technique_common>
                </source>
                <source id="ID349">
                    <float_array id="ID350" count="3">0 0 -1</float_array>
                    <technique_common>
                        <accessor count="1" source="#ID350" stride="3">
                            <param name="X" type="float"/>
                            <param name="Y" type="float"/>
                            <param name="Z" type="float"/>
                        </accessor>
                    </technique_common>
                </source>
                <source id="ID351">
                    <float_array id="ID352" count="2">0 1</float_array>
                    <technique_common>
                        <accessor count="1" source="#ID352" stride="2">
                            <param name="S" type="float"/>
                            <param name="T" type="float"/>
                        </accessor>
                    </technique_common>
                </source>
                <vertices id="ID353">
                    <input semantic="POSITION" source="#ID347"/>
                </vertices>
                <polylist count="3" material="Material1">
                    <input offset="0" semantic="VERTEX" source="#ID353"/>
                    <input offset="1" semantic="NORMAL" source="#ID349"/>
                    <input offset="2" semantic="TEXCOORD" source="#ID351" set="0"/>
                    <vcount>4 4 4</vcount>
                    <p>2 0 0 3 0 0 1 0 0 0 0 0 4 0 0 5 0 0 3 0 0 2 0 0 6 0 0 7 0 0 5 0 0 4 0 0</p>
                </polylist>
            </mesh>
        </geometry>
        <geometry id="ID355">
            <mesh>
                <source id="ID356">
                    <float_array id="ID357" count="96">-30.238 4.45921 3.87215 -30.2365 6.89119 4.05574 -0.718302 -1.28528 0.81526 -0.72074 1.14668 0.999091 -0.68531 -1.14621 -1.02423 -0.687749 1.28576 -0.840396 -30.2294 4.59808 2.03237 -30.228 7.03007 2.21596 0.72524 -0.920389 0.868739 0.723534 0.780771 0.997329 0.373531 -0.831648 -0.309913 0.371825 0.869512 -0.181324 -0.404062 -0.959356 5.37348 -0.405164 0.139892 5.45657 0.248585 -0.959585 5.38517 0.247483 0.139663 5.46826 -32.0889 4.46092 3.86364 -32.0875 6.89291 4.04723 -31.4652 4.96824 2.18694 -31.4638 7.40023 2.37053 -30.2446 4.35204 5.29189 -30.2432 6.78402 5.47548 -32.0955 4.35375 5.28338 -32.0941 6.78574 5.46697 -5.12819 4.30705 5.6944 -5.12677 6.73904 5.87798 -5.12945 4.28669 5.96415 -5.12803 6.71868 6.14774 -57.2146 4.35541 5.45488 -57.2132 6.78739 5.63847 -57.2159 4.33504 5.72464 -57.2144 6.76703 5.90822</float_array>
                    <technique_common>
                        <accessor count="32" source="#ID357" stride="3">
                            <param name="X" type="float"/>
                            <param name="Y" type="float"/>
                            <param name="Z" type="float"/>
                        </accessor>
                    </technique_common>
                </source>
                <source id="ID358">
                    <float_array id="ID359" count="126">0.0882618 -0.0750116 0.993269 0.1056 0.934706 0.339372 0.228438 0.889795 0.39507 0.772233 -0.630451 -0.0786591 0.7766 0.629991 0.00218102 0.769419 0.436329 -0.466489 0.766207 -0.370704 -0.524886 0.198491 -0.651743 -0.732005 0.339619 0.719386 -0.605923 -0.0949032 0.0749795 -0.992659 -0.184689 -0.603848 -0.775408 -0.557613 -0.39882 -0.728018 -0.614303 0.0597523 -0.786805 -0.599034 0.0606207 -0.798425 -0.329573 -0.808474 -0.487597 0.174091 0.976043 0.130508 -0.0900454 -0.989199 -0.115662 0.0719363 -0.996311 -0.0468024 -0.50552 0.506183 0.698733 0.576092 0.470343 0.668502 0.573221 -0.560087 0.598097 -0.500547 -0.601437 0.622677 -0.997582 -0.00623245 0.069218 -0.015767 -0.0752559 0.99704 0.00645745 -0.0752764 0.997142 0.0504412 0.992415 0.112112 0.149578 0.971386 0.184488 0.733918 0.050705 -0.677343 0.999989 -0.000928266 0.00459835 0.000579525 0.997163 0.0752739 0.000579489 0.997163 0.0752733 -0.727563 0.0520633 -0.684063 -0.999989 0.00093047 -0.00459641 -0.000579494 -0.997163 -0.0752738 -0.000579521 -0.997163 -0.0752734 0.0726291 0.0750334 -0.994533 0.000579586 0.997163 0.0752741 -0.0268771 -0.0752317 0.996804 -0.000579608 -0.997163 -0.0752731 -0.000579554 -0.997163 -0.0752739 0.017569 -0.0752728 0.997008 0.000579513 0.997163 0.0752729</float_array>
                    <technique_common>
                        <accessor count="42" source="#ID359" stride="3">
                            <param name="X" type="float"/>
                            <param name="Y" type="float"/>
                            <param name="Z" type="float"/>
                        </accessor>
                    </technique_common>
                </source>
                <source id="ID360">
                    <float_array id="ID361" count="2">0 1</float_array>
                    <technique_common>
                        <accessor count="1" source="#ID361" stride="2">
                            <param name="S" type="float"/>
                            <param name="T" type="float"/>
                        </accessor>
                    </technique_common>
                </source>
                <vertices id="ID362">
                    <input semantic="POSITION" source="#ID356"/>
                </vertices>
                <polylist count="30" material="Material1">
                    <input offset="0" semantic="VERTEX" source="#ID362"/>
                    <input offset="1" semantic="NORMAL" source="#ID358"/>
                    <input offset="2" semantic="TEXCOORD" source="#ID360" set="0"/>
                    <vcount>4 4 4 4 4 4 4 4 4 4 4 4 4 4 4 4 4 4 4 4 4 4 4 4 4 4 4 4 4 4</vcount>
                    <p>2 0 0 3 2 0 1 1 0 0 0 0 10 6 0 11 5 0 9 4 0 8 3 0 6 10 0 7 9 0 5 8 0 4 7 0 16 14 0 17 13 0 19 12 0 18 11 0 3 2 0 5 8 0 7 15 0 1 1 0 4 7 0 2 17 0 0 16 0 6 10 0 4 7 0 10 6 0 8 3 0 2 17 0 5 8 0 11 5 0 10 6 0 4 7 0 3 2 0 9 4 0 11 5 0 5 8 0 12 21 0 14 20 0 15 19 0 13 18 0 2 22 0 12 21 0 13 18 0 3 22 0 8 3 0 14 20 0 12 21 0 2 17 0 9 4 0 15 19 0 14 20 0 8 3 0 3 2 0 13 18 0 15 19 0 9 4 0 0 16 0 16 14 0 18 11 0 6 10 0 21 23 0 23 24 0 22 24 0 20 23 0 7 15 0 19 26 0 17 25 0 1 1 0 6 10 0 18 11 0 19 12 0 7 9 0 25 27 0 27 28 0 26 28 0 24 27 0 17 25 0 23 30 0 21 29 0 1 1 0 28 31 0 30 32 0 31 32 0 29 31 0 0 16 0 20 34 0 22 33 0 16 14 0 1 35 0 25 27 0 24 27 0 0 35 0 21 29 0 27 36 0 25 36 0 1 1 0 20 23 0 26 37 0 27 37 0 21 23 0 0 16 0 24 38 0 26 38 0 20 34 0 16 14 0 28 31 0 29 31 0 17 13 0 22 33 0 30 39 0 28 39 0 16 14 0 23 24 0 31 40 0 30 40 0 22 24 0 17 25 0 29 41 0 31 41 0 23 30 0</p>
                </polylist>
            </mesh>
        </geometry>
        <geometry id="ID364">
            <mesh>
                <source id="ID365">
                    <float_array id="ID366" count="96">-30.238 4.45921 3.87215 -30.2365 6.89119 4.05574 -0.718302 -1.28528 0.81526 -0.72074 1.14668 0.999091 -0.68531 -1.14621 -1.02423 -0.687749 1.28576 -0.840396 -30.2294 4.59808 2.03237 -30.228 7.03007 2.21596 0.72524 -0.920389 0.868739 0.723534 0.780771 0.997329 0.373531 -0.831648 -0.309913 0.371825 0.869512 -0.181324 -0.404062 -0.959356 5.37348 -0.405164 0.139892 5.45657 0.248585 -0.959585 5.38517 0.247483 0.139663 5.46826 -32.0889 4.46092 3.86364 -32.0875 6.89291 4.04723 -31.4652 4.96824 2.18694 -31.4638 7.40023 2.37053 -30.2446 4.35204 5.29189 -30.2432 6.78402 5.47548 -32.0955 4.35375 5.28338 -32.0941 6.78574 5.46697 -5.12819 4.30705 5.6944 -5.12677 6.73904 5.87798 -5.12945 4.28669 5.96415 -5.12803 6.71868 6.14774 -57.2146 4.35541 5.45488 -57.2132 6.78739 5.63847 -57.2159 4.33504 5.72464 -57.2144 6.76703 5.90822</float_array>
                    <technique_common>
                        <accessor count="32" source="#ID366" stride="3">
                            <param name="X" type="float"/>
                            <param name="Y" type="float"/>
                            <param name="Z" type="float"/>
                        </accessor>
                    </technique_common>
                </source>
                <source id="ID367">
                    <float_array id="ID368" count="126">0.0882618 -0.0750116 0.993269 0.1056 0.934706 0.339372 0.228438 0.889795 0.39507 0.772233 -0.630451 -0.0786591 0.7766 0.629991 0.00218102 0.769419 0.436329 -0.466489 0.766207 -0.370704 -0.524886 0.198491 -0.651743 -0.732005 0.339619 0.719386 -0.605923 -0.0949032 0.0749795 -0.992659 -0.184689 -0.603848 -0.775408 -0.557613 -0.39882 -0.728018 -0.614303 0.0597523 -0.786805 -0.599034 0.0606207 -0.798425 -0.329573 -0.808474 -0.487597 0.174091 0.976043 0.130508 -0.0900454 -0.989199 -0.115662 0.0719363 -0.996311 -0.0468024 -0.50552 0.506183 0.698733 0.576092 0.470343 0.668502 0.573221 -0.560087 0.598097 -0.500547 -0.601437 0.622677 -0.997582 -0.00623245 0.069218 -0.015767 -0.0752559 0.99704 0.00645745 -0.0752764 0.997142 0.0504412 0.992415 0.112112 0.149578 0.971386 0.184488 0.733918 0.050705 -0.677343 0.999989 -0.000928266 0.00459835 0.000579525 0.997163 0.0752739 0.000579489 0.997163 0.0752733 -0.727563 0.0520633 -0.684063 -0.999989 0.00093047 -0.00459641 -0.000579494 -0.997163 -0.0752738 -0.000579521 -0.997163 -0.0752734 0.0726291 0.0750334 -0.994533 0.000579586 0.997163 0.0752741 -0.0268771 -0.0752317 0.996804 -0.000579608 -0.997163 -0.0752731 -0.000579554 -0.997163 -0.0752739 0.017569 -0.0752728 0.997008 0.000579513 0.997163 0.0752729</float_array>
                    <technique_common>
                        <accessor count="42" source="#ID368" stride="3">
                            <param name="X" type="float"/>
                            <param name="Y" type="float"/>
                            <param name="Z" type="float"/>
                        </accessor>
                    </technique_common>
                </source>
                <source id="ID369">
                    <float_array id="ID370" count="2">0 1</float_array>
                    <technique_common>
                        <accessor count="1" source="#ID370" stride="2">
                            <param name="S" type="float"/>
                            <param name="T" type="float"/>
                        </accessor>
                    </technique_common>
                </source>
                <vertices id="ID371">
                    <input semantic="POSITION" source="#ID365"/>
                </vertices>
                <polylist count="30" material="Material1">
                    <input offset="0" semantic="VERTEX" source="#ID371"/>
                    <input offset="1" semantic="NORMAL" source="#ID367"/>
                    <input offset="2" semantic="TEXCOORD" source="#ID369" set="0"/>
                    <vcount>4 4 4 4 4 4 4 4 4 4 4 4 4 4 4 4 4 4 4 4 4 4 4 4 4 4 4 4 4 4</vcount>
                    <p>2 0 0 3 2 0 1 1 0 0 0 0 10 6 0 11 5 0 9 4 0 8 3 0 6 10 0 7 9 0 5 8 0 4 7 0 16 14 0 17 13 0 19 12 0 18 11 0 3 2 0 5 8 0 7 15 0 1 1 0 4 7 0 2 17 0 0 16 0 6 10 0 4 7 0 10 6 0 8 3 0 2 17 0 5 8 0 11 5 0 10 6 0 4 7 0 3 2 0 9 4 0 11 5 0 5 8 0 12 21 0 14 20 0 15 19 0 13 18 0 2 22 0 12 21 0 13 18 0 3 22 0 8 3 0 14 20 0 12 21 0 2 17 0 9 4 0 15 19 0 14 20 0 8 3 0 3 2 0 13 18 0 15 19 0 9 4 0 0 16 0 16 14 0 18 11 0 6 10 0 21 23 0 23 24 0 22 24 0 20 23 0 7 15 0 19 26 0 17 25 0 1 1 0 6 10 0 18 11 0 19 12 0 7 9 0 25 27 0 27 28 0 26 28 0 24 27 0 17 25 0 23 30 0 21 29 0 1 1 0 28 31 0 30 32 0 31 32 0 29 31 0 0 16 0 20 34 0 22 33 0 16 14 0 1 35 0 25 27 0 24 27 0 0 35 0 21 29 0 27 36 0 25 36 0 1 1 0 20 23 0 26 37 0 27 37 0 21 23 0 0 16 0 24 38 0 26 38 0 20 34 0 16 14 0 28 31 0 29 31 0 17 13 0 22 33 0 30 39 0 28 39 0 16 14 0 23 24 0 31 40 0 30 40 0 22 24 0 17 25 0 29 41 0 31 41 0 23 30 0</p>
                </polylist>
            </mesh>
        </geometry>
        <geometry id="ID373">
            <mesh>
                <source id="ID374">
                    <float_array id="ID375" count="72">-95.0262 -5.34643 10.5036 -95.0262 5.34643 10.5036 -99.3791 -5.34643 8.49392 -99.3791 5.34643 8.49392 0.0122236 -5.34643 0.826843 0.0122236 5.34643 0.826843 0.0122236 -5.34643 -4.62317 0.0122316 5.34643 -4.62317 -92.3712 -5.34643 4.57359 -92.3712 5.34643 4.57359 -97.5805 -5.34643 1.15932 -97.5805 5.34643 1.15932 95.0262 -5.34643 10.5036 95.0262 5.34643 10.5036 99.3791 -5.34643 8.49392 99.3791 5.34643 8.49392 -0.0122236 -5.34643 0.826842 -0.0122236 5.34643 0.826842 -0.0122236 -5.34643 -4.62317 -0.0122316 5.34643 -4.62317 92.3712 -5.34643 4.57359 92.3712 5.34643 4.57359 97.5805 -5.34643 1.15932 97.5805 5.34643 1.15932</float_array>
                    <technique_common>
                        <accessor count="24" source="#ID375" stride="3">
                            <param name="X" type="float"/>
                            <param name="Y" type="float"/>
                            <param name="Z" type="float"/>
                        </accessor>
                    </technique_common>
                </source>
                <source id="ID376">
                    <float_array id="ID377" count="48">-0.640196 1.81383e-008 -0.768212 -0.0591474 2.9193e-008 -0.998249 0 -1 -0 -0.900927 0 0.43397 -0.419174 0 0.907906 0.560665 0 0.828043 0.912699 0 0.408632 0.0405232 0 0.999179 0 1 -0 0.640196 1.81383e-008 -0.768212 0.0591474 2.9193e-008 -0.998249 0.900927 0 0.43397 0.419174 0 0.907906 -0.560665 0 0.828043 -0.912699 0 0.408632 -0.0405232 0 0.999179</float_array>
                    <technique_common>
                        <accessor count="16" source="#ID377" stride="3">
                            <param name="X" type="float"/>
                            <param name="Y" type="float"/>
                            <param name="Z" type="float"/>
                        </accessor>
                    </technique_common>
                </source>
                <source id="ID378">
                    <float_array id="ID379" count="2">0 1</float_array>
                    <technique_common>
                        <accessor count="1" source="#ID379" stride="2">
                            <param name="S" type="float"/>
                            <param name="T" type="float"/>
                        </accessor>
                    </technique_common>
                </source>
                <vertices id="ID380">
                    <input semantic="POSITION" source="#ID374"/>
                </vertices>
                <polylist count="18" material="Material1">
                    <input offset="0" semantic="VERTEX" source="#ID380"/>
                    <input offset="1" semantic="NORMAL" source="#ID376"/>
                    <input offset="2" semantic="TEXCOORD" source="#ID378" set="0"/>
                    <vcount>4 4 4 4 4 4 4 4 4 4 4 4 4 4 4 4 4 4</vcount>
                    <p>11 0 0 7 1 0 6 1 0 10 0 0 10 2 0 6 2 0 4 2 0 8 2 0 10 0 0 2 3 0 3 3 0 11 0 0 0 4 0 1 4 0 3 3 0 2 3 0 9 5 0 1 6 0 0 6 0 8 5 0 10 2 0 8 2 0 0 2 0 2 2 0 5 7 0 9 5 0 8 5 0 4 7 0 11 8 0 3 8 0 1 8 0 9 8 0 7 8 0 11 8 0 9 8 0 5 8 0 18 10 0 19 10 0 23 9 0 22 9 0 16 2 0 18 2 0 22 2 0 20 2 0 15 11 0 14 11 0 22 9 0 23 9 0 15 11 0 13 12 0 12 12 0 14 11 0 12 14 0 13 14 0 21 13 0 20 13 0 12 2 0 20 2 0 22 2 0 14 2 0 20 13 0 21 13 0 17 15 0 16 15 0 13 8 0 15 8 0 23 8 0 21 8 0 21 8 0 23 8 0 19 8 0 17 8 0</p>
                </polylist>
            </mesh>
        </geometry>
        <geometry id="ID382">
            <mesh>
                <source id="ID383">
                    <float_array id="ID384" count="72">-84.0196 -5.34643 18.6872 -84.0196 5.34643 18.6872 -87.8683 -5.34643 16.6775 -87.8683 5.34643 16.6775 0.0108078 -5.34643 0.826843 0.0108078 5.34643 0.826843 0.0108078 -5.34643 -4.62317 0.0108149 5.34643 -4.62317 -81.6721 -5.34643 4.57359 -81.6721 5.34643 4.57359 -86.2781 -5.34643 1.15932 -86.2781 5.34643 1.15932 84.0196 -5.34643 18.6872 84.0196 5.34643 18.6872 87.8683 -5.34643 16.6775 87.8683 5.34643 16.6775 -0.0108078 -5.34643 0.826842 -0.0108078 5.34643 0.826842 -0.0108078 -5.34643 -4.62317 -0.0108149 5.34643 -4.62317 81.6721 -5.34643 4.57359 81.6721 5.34643 4.57359 86.2781 -5.34643 1.15932 86.2781 5.34643 1.15932</float_array>
                    <technique_common>
                        <accessor count="24" source="#ID384" stride="3">
                            <param name="X" type="float"/>
                            <param name="Y" type="float"/>
                            <param name="Z" type="float"/>
                        </accessor>
                    </technique_common>
                </source>
                <source id="ID385">
                    <float_array id="ID386" count="48">-0.69455 1.07949e-008 -0.719444 -0.0668631 1.65006e-008 -0.997762 0 -1 -0 -0.880575 0 0.473908 -0.46287 0 0.886426 0.663815 0 0.747897 0.986448 0 0.164072 0.0458213 0 0.99895 0 1 -0 0.69455 1.07949e-008 -0.719444 0.0668631 1.65006e-008 -0.997762 0.880575 0 0.473908 0.46287 0 0.886426 -0.663815 0 0.747897 -0.986448 0 0.164072 -0.0458213 0 0.99895</float_array>
                    <technique_common>
                        <accessor count="16" source="#ID386" stride="3">
                            <param name="X" type="float"/>
                            <param name="Y" type="float"/>
                            <param name="Z" type="float"/>
                        </accessor>
                    </technique_common>
                </source>
                <source id="ID387">
                    <float_array id="ID388" count="2">0 1</float_array>
                    <technique_common>
                        <accessor count="1" source="#ID388" stride="2">
                            <param name="S" type="float"/>
                            <param name="T" type="float"/>
                        </accessor>
                    </technique_common>
                </source>
                <vertices id="ID389">
                    <input semantic="POSITION" source="#ID383"/>
                </vertices>
                <polylist count="18" material="Material1">
                    <input offset="0" semantic="VERTEX" source="#ID389"/>
                    <input offset="1" semantic="NORMAL" source="#ID385"/>
                    <input offset="2" semantic="TEXCOORD" source="#ID387" set="0"/>
                    <vcount>4 4 4 4 4 4 4 4 4 4 4 4 4 4 4 4 4 4</vcount>
                    <p>11 0 0 7 1 0 6 1 0 10 0 0 10 2 0 6 2 0 4 2 0 8 2 0 10 0 0 2 3 0 3 3 0 11 0 0 0 4 0 1 4 0 3 3 0 2 3 0 9 5 0 1 6 0 0 6 0 8 5 0 10 2 0 8 2 0 0 2 0 2 2 0 5 7 0 9 5 0 8 5 0 4 7 0 11 8 0 3 8 0 1 8 0 9 8 0 7 8 0 11 8 0 9 8 0 5 8 0 18 10 0 19 10 0 23 9 0 22 9 0 16 2 0 18 2 0 22 2 0 20 2 0 15 11 0 14 11 0 22 9 0 23 9 0 15 11 0 13 12 0 12 12 0 14 11 0 12 14 0 13 14 0 21 13 0 20 13 0 12 2 0 20 2 0 22 2 0 14 2 0 20 13 0 21 13 0 17 15 0 16 15 0 13 8 0 15 8 0 23 8 0 21 8 0 21 8 0 23 8 0 19 8 0 17 8 0</p>
                </polylist>
            </mesh>
        </geometry>
        <geometry id="ID391">
            <mesh>
                <source id="ID392">
                    <float_array id="ID393" count="96">-16.2396 -4.7463 2.64693 -16.2396 4.7463 2.64693 -12.5261 -6.29359 2.64693 -12.5261 6.29359 2.64693 12.5261 -6.29359 2.64693 12.5261 6.29359 2.64693 16.2396 -4.7463 2.64693 16.2396 4.7463 2.64693 16.2396 -4.7463 -2.64693 16.2396 4.7463 -2.64693 12.5261 -6.29359 -2.64693 12.5261 6.29359 -2.64693 -12.5261 -6.29359 -2.64693 -12.5261 6.29359 -2.64693 -16.2396 -4.7463 -2.64693 -16.2396 4.7463 -2.64693 14.4196 -3.53297 -2.64693 14.4196 3.53297 -2.64693 12.1621 -4.47359 -2.64693 12.1621 4.47359 -2.64693 -12.1621 -4.47359 -2.64693 -12.1621 4.47359 -2.64693 -14.4196 -3.53297 -2.64693 -14.4196 3.53297 -2.64693 14.2096 -3.88822 -0.43933 14.2096 2.89773 -0.43933 12.1201 -4.75884 -0.43933 12.1201 3.76834 -0.43933 -12.1201 -4.75884 -0.43933 -12.1201 3.76834 -0.43933 -14.2096 -3.88822 -0.43933 -14.2096 2.89773 -0.43933</float_array>
                    <technique_common>
                        <accessor count="32" source="#ID393" stride="3">
                            <param name="X" type="float"/>
                            <param name="Y" type="float"/>
                            <param name="Z" type="float"/>
                        </accessor>
                    </technique_common>
                </source>
                <source id="ID394">
                    <float_array id="ID395" count="69">-0.832052 -0.554698 -0 -0.196119 -0.98058 -0 0.196119 -0.98058 -0 0.832052 -0.554698 -0 0.832052 0.554698 -0 0.194852 0.97321 0.122044 0.832329 0.554192 0.0100051 0.533314 0.355098 -0.767777 0.816732 -0.529207 -0.229975 0.472664 -0.306266 -0.826311 0.187409 -0.934655 -0.302155 0.115089 -0.573978 -0.810743 -0.832052 0.554698 -0 -0.196119 0.98058 -0 0.196119 0.98058 -0 0 0 -1 -0.533314 0.355098 -0.767777 -0.115089 -0.573978 -0.810743 -0.472664 -0.306266 -0.826311 -0.832329 0.554192 0.0100052 -0.194852 0.97321 0.122044 -0.187409 -0.934655 -0.302155 -0.816732 -0.529207 -0.229975</float_array>
                    <technique_common>
                        <accessor count="23" source="#ID395" stride="3">
                            <param name="X" type="float"/>
                            <param name="Y" type="float"/>
                            <param name="Z" type="float"/>
                        </accessor>
                    </technique_common>
                </source>
                <source id="ID396">
                    <float_array id="ID397" count="2">0 1</float_array>
                    <technique_common>
                        <accessor count="1" source="#ID397" stride="2">
                            <param name="S" type="float"/>
                            <param name="T" type="float"/>
                        </accessor>
                    </technique_common>
                </source>
                <vertices id="ID398">
                    <input semantic="POSITION" source="#ID392"/>
                </vertices>
                <polylist count="24" material="Material1">
                    <input offset="0" semantic="VERTEX" source="#ID398"/>
                    <input offset="1" semantic="NORMAL" source="#ID394"/>
                    <input offset="2" semantic="TEXCOORD" source="#ID396" set="0"/>
                    <vcount>4 4 4 4 4 4 4 4 4 4 4 4 4 4 4 4 4 4 4 4 4 4 4 4</vcount>
                    <p>12 1 0 2 1 0 0 0 0 14 0 0 10 2 0 4 2 0 2 1 0 12 1 0 8 3 0 6 3 0 4 2 0 10 2 0 8 3 0 9 4 0 7 4 0 6 3 0 22 7 0 30 6 0 28 5 0 20 5 0 23 9 0 31 8 0 30 6 0 22 7 0 21 11 0 29 10 0 31 8 0 23 9 0 0 0 0 1 12 0 15 12 0 14 0 0 3 13 0 13 13 0 15 12 0 1 12 0 5 14 0 11 14 0 13 13 0 3 13 0 7 4 0 9 4 0 11 14 0 5 14 0 10 15 0 18 15 0 16 16 0 8 15 0 9 15 0 17 18 0 19 17 0 11 15 0 8 15 0 16 16 0 17 18 0 9 15 0 12 15 0 20 15 0 18 15 0 10 15 0 11 15 0 19 17 0 21 11 0 13 15 0 14 15 0 22 7 0 20 15 0 12 15 0 15 15 0 23 9 0 22 7 0 14 15 0 13 15 0 21 11 0 23 9 0 15 15 0 18 20 0 26 20 0 24 19 0 16 16 0 17 18 0 25 22 0 27 21 0 19 17 0 16 16 0 24 19 0 25 22 0 17 18 0 20 5 0 28 5 0 26 20 0 18 20 0 19 17 0 27 21 0 29 10 0 21 11 0</p>
                </polylist>
            </mesh>
        </geometry>
        <geometry id="ID400">
            <mesh>
                <source id="ID401">
                    <float_array id="ID402" count="24">14.2096 -3.88822 -0.43933 14.2096 2.89773 -0.43933 12.1201 -4.75884 -0.43933 12.1201 3.76834 -0.43933 -12.1201 -4.75884 -0.43933 -12.1201 3.76834 -0.43933 -14.2096 -3.88822 -0.43933 -14.2096 2.89773 -0.43933</float_array>
                    <technique_common>
                        <accessor count="8" source="#ID402" stride="3">
                            <param name="X" type="float"/>
                            <param name="Y" type="float"/>
                            <param name="Z" type="float"/>
                        </accessor>
                    </technique_common>
                </source>
                <source id="ID403">
                    <float_array id="ID404" count="3">0 0 -1</float_array>
                    <technique_common>
                        <accessor count="1" source="#ID404" stride="3">
                            <param name="X" type="float"/>
                            <param name="Y" type="float"/>
                            <param name="Z" type="float"/>
                        </accessor>
                    </technique_common>
                </source>
                <source id="ID405">
                    <float_array id="ID406" count="2">0 1</float_array>
                    <technique_common>
                        <accessor count="1" source="#ID406" stride="2">
                            <param name="S" type="float"/>
                            <param name="T" type="float"/>
                        </accessor>
                    </technique_common>
                </source>
                <vertices id="ID407">
                    <input semantic="POSITION" source="#ID401"/>
                </vertices>
                <polylist count="3" material="Material1">
                    <input offset="0" semantic="VERTEX" source="#ID407"/>
                    <input offset="1" semantic="NORMAL" source="#ID403"/>
                    <input offset="2" semantic="TEXCOORD" source="#ID405" set="0"/>
                    <vcount>4 4 4</vcount>
                    <p>2 0 0 3 0 0 1 0 0 0 0 0 4 0 0 5 0 0 3 0 0 2 0 0 6 0 0 7 0 0 5 0 0 4 0 0</p>
                </polylist>
            </mesh>
        </geometry>
        <geometry id="ID409">
            <mesh>
                <source id="ID410">
                    <float_array id="ID411" count="96">-16.2396 -4.7463 2.64693 -16.2396 4.7463 2.64693 -12.5261 -6.29359 2.64693 -12.5261 6.29359 2.64693 12.5261 -6.29359 2.64693 12.5261 6.29359 2.64693 16.2396 -4.7463 2.64693 16.2396 4.7463 2.64693 16.2396 -4.7463 -2.64693 16.2396 4.7463 -2.64693 12.5261 -6.29359 -2.64693 12.5261 6.29359 -2.64693 -12.5261 -6.29359 -2.64693 -12.5261 6.29359 -2.64693 -16.2396 -4.7463 -2.64693 -16.2396 4.7463 -2.64693 14.4196 -3.53297 -2.64693 14.4196 3.53297 -2.64693 12.1621 -4.47359 -2.64693 12.1621 4.47359 -2.64693 -12.1621 -4.47359 -2.64693 -12.1621 4.47359 -2.64693 -14.4196 -3.53297 -2.64693 -14.4196 3.53297 -2.64693 14.2096 -3.88822 -0.43933 14.2096 2.89773 -0.43933 12.1201 -4.75884 -0.43933 12.1201 3.76834 -0.43933 -12.1201 -4.75884 -0.43933 -12.1201 3.76834 -0.43933 -14.2096 -3.88822 -0.43933 -14.2096 2.89773 -0.43933</float_array>
                    <technique_common>
                        <accessor count="32" source="#ID411" stride="3">
                            <param name="X" type="float"/>
                            <param name="Y" type="float"/>
                            <param name="Z" type="float"/>
                        </accessor>
                    </technique_common>
                </source>
                <source id="ID412">
                    <float_array id="ID413" count="69">-0.832052 -0.554698 -0 -0.196119 -0.98058 -0 0.196119 -0.98058 -0 0.832052 -0.554698 -0 0.832052 0.554698 -0 0.194852 0.97321 0.122044 0.832329 0.554192 0.0100051 0.533314 0.355098 -0.767777 0.816732 -0.529207 -0.229975 0.472664 -0.306266 -0.826311 0.187409 -0.934655 -0.302155 0.115089 -0.573978 -0.810743 -0.832052 0.554698 -0 -0.196119 0.98058 -0 0.196119 0.98058 -0 0 0 -1 -0.533314 0.355098 -0.767777 -0.115089 -0.573978 -0.810743 -0.472664 -0.306266 -0.826311 -0.832329 0.554192 0.0100052 -0.194852 0.97321 0.122044 -0.187409 -0.934655 -0.302155 -0.816732 -0.529207 -0.229975</float_array>
                    <technique_common>
                        <accessor count="23" source="#ID413" stride="3">
                            <param name="X" type="float"/>
                            <param name="Y" type="float"/>
                            <param name="Z" type="float"/>
                        </accessor>
                    </technique_common>
                </source>
                <source id="ID414">
                    <float_array id="ID415" count="2">0 1</float_array>
                    <technique_common>
                        <accessor count="1" source="#ID415" stride="2">
                            <param name="S" type="float"/>
                            <param name="T" type="float"/>
                        </accessor>
                    </technique_common>
                </source>
                <vertices id="ID416">
                    <input semantic="POSITION" source="#ID410"/>
                </vertices>
                <polylist count="24" material="Material1">
                    <input offset="0" semantic="VERTEX" source="#ID416"/>
                    <input offset="1" semantic="NORMAL" source="#ID412"/>
                    <input offset="2" semantic="TEXCOORD" source="#ID414" set="0"/>
                    <vcount>4 4 4 4 4 4 4 4 4 4 4 4 4 4 4 4 4 4 4 4 4 4 4 4</vcount>
                    <p>12 1 0 2 1 0 0 0 0 14 0 0 10 2 0 4 2 0 2 1 0 12 1 0 8 3 0 6 3 0 4 2 0 10 2 0 8 3 0 9 4 0 7 4 0 6 3 0 22 7 0 30 6 0 28 5 0 20 5 0 23 9 0 31 8 0 30 6 0 22 7 0 21 11 0 29 10 0 31 8 0 23 9 0 0 0 0 1 12 0 15 12 0 14 0 0 3 13 0 13 13 0 15 12 0 1 12 0 5 14 0 11 14 0 13 13 0 3 13 0 7 4 0 9 4 0 11 14 0 5 14 0 10 15 0 18 15 0 16 16 0 8 15 0 9 15 0 17 18 0 19 17 0 11 15 0 8 15 0 16 16 0 17 18 0 9 15 0 12 15 0 20 15 0 18 15 0 10 15 0 11 15 0 19 17 0 21 11 0 13 15 0 14 15 0 22 7 0 20 15 0 12 15 0 15 15 0 23 9 0 22 7 0 14 15 0 13 15 0 21 11 0 23 9 0 15 15 0 18 20 0 26 20 0 24 19 0 16 16 0 17 18 0 25 22 0 27 21 0 19 17 0 16 16 0 24 19 0 25 22 0 17 18 0 20 5 0 28 5 0 26 20 0 18 20 0 19 17 0 27 21 0 29 10 0 21 11 0</p>
                </polylist>
            </mesh>
        </geometry>
        <geometry id="ID418">
            <mesh>
                <source id="ID419">
                    <float_array id="ID420" count="24">14.2096 -3.88822 -0.43933 14.2096 2.89773 -0.43933 12.1201 -4.75884 -0.43933 12.1201 3.76834 -0.43933 -12.1201 -4.75884 -0.43933 -12.1201 3.76834 -0.43933 -14.2096 -3.88822 -0.43933 -14.2096 2.89773 -0.43933</float_array>
                    <technique_common>
                        <accessor count="8" source="#ID420" stride="3">
                            <param name="X" type="float"/>
                            <param name="Y" type="float"/>
                            <param name="Z" type="float"/>
                        </accessor>
                    </technique_common>
                </source>
                <source id="ID421">
                    <float_array id="ID422" count="3">0 0 -1</float_array>
                    <technique_common>
                        <accessor count="1" source="#ID422" stride="3">
                            <param name="X" type="float"/>
                            <param name="Y" type="float"/>
                            <param name="Z" type="float"/>
                        </accessor>
                    </technique_common>
                </source>
                <source id="ID423">
                    <float_array id="ID424" count="2">0 1</float_array>
                    <technique_common>
                        <accessor count="1" source="#ID424" stride="2">
                            <param name="S" type="float"/>
                            <param name="T" type="float"/>
                        </accessor>
                    </technique_common>
                </source>
                <vertices id="ID425">
                    <input semantic="POSITION" source="#ID419"/>
                </vertices>
                <polylist count="3" material="Material1">
                    <input offset="0" semantic="VERTEX" source="#ID425"/>
                    <input offset="1" semantic="NORMAL" source="#ID421"/>
                    <input offset="2" semantic="TEXCOORD" source="#ID423" set="0"/>
                    <vcount>4 4 4</vcount>
                    <p>2 0 0 3 0 0 1 0 0 0 0 0 4 0 0 5 0 0 3 0 0 2 0 0 6 0 0 7 0 0 5 0 0 4 0 0</p>
                </polylist>
            </mesh>
        </geometry>
        <geometry id="ID427">
            <mesh>
                <source id="ID428">
                    <float_array id="ID429" count="48">-39.7465 -1.03672 1.03671 -39.7465 1.03672 1.0367 39.7465 -1.03672 1.03671 39.7465 1.03672 1.0367 39.7465 -1.03672 -1.03673 39.7465 1.03672 -1.03674 -39.7465 -1.03672 -1.03673 -39.7465 1.03672 -1.03674 -39.7465 9.47985 1.03673 -39.7465 11.5533 1.03671 39.7465 9.47985 1.03673 39.7465 11.5533 1.03671 39.7465 9.47985 -1.03673 39.7465 11.5533 -1.03673 -39.7465 9.47985 -1.03673 -39.7465 11.5533 -1.03673</float_array>
                    <technique_common>
                        <accessor count="16" source="#ID429" stride="3">
                            <param name="X" type="float"/>
                            <param name="Y" type="float"/>
                            <param name="Z" type="float"/>
                        </accessor>
                    </technique_common>
                </source>
                <source id="ID430">
                    <float_array id="ID431" count="27">0 7.35915e-006 1 1 0 -0 0 -7.35915e-006 -1 -1 0 -0 0 1 1.83979e-006 0 -1 -1.83979e-006 0 7.35917e-006 1 0 0 -1 0 -1 -0</float_array>
                    <technique_common>
                        <accessor count="9" source="#ID431" stride="3">
                            <param name="X" type="float"/>
                            <param name="Y" type="float"/>
                            <param name="Z" type="float"/>
                        </accessor>
                    </technique_common>
                </source>
                <source id="ID432">
                    <float_array id="ID433" count="2">0 1</float_array>
                    <technique_common>
                        <accessor count="1" source="#ID433" stride="2">
                            <param name="S" type="float"/>
                            <param name="T" type="float"/>
                        </accessor>
                    </technique_common>
                </source>
                <vertices id="ID434">
                    <input semantic="POSITION" source="#ID428"/>
                </vertices>
                <polylist count="12" material="Material1">
                    <input offset="0" semantic="VERTEX" source="#ID434"/>
                    <input offset="1" semantic="NORMAL" source="#ID430"/>
                    <input offset="2" semantic="TEXCOORD" source="#ID432" set="0"/>
                    <vcount>4 4 4 4 4 4 4 4 4 4 4 4</vcount>
                    <p>2 0 0 3 0 0 1 0 0 0 0 0 4 1 0 5 1 0 3 1 0 2 1 0 6 2 0 7 2 0 5 2 0 4 2 0 0 3 0 1 3 0 7 3 0 6 3 0 3 4 0 5 4 0 7 4 0 1 4 0 4 5 0 2 5 0 0 5 0 6 5 0 10 6 0 11 6 0 9 6 0 8 6 0 12 1 0 13 1 0 11 1 0 10 1 0 14 7 0 15 7 0 13 7 0 12 7 0 8 3 0 9 3 0 15 3 0 14 3 0 11 4 0 13 4 0 15 4 0 9 4 0 12 8 0 10 8 0 8 8 0 14 8 0</p>
                </polylist>
            </mesh>
        </geometry>
        <geometry id="ID436">
            <mesh>
                <source id="ID437">
                    <float_array id="ID438" count="84">-18.406 -29.1282 9.22318 -21.337 -15.5509 11.0772 18.406 -29.1282 9.22318 21.337 -15.5509 11.0772 18.406 -29.1282 7.86604 21.337 -15.5509 7.52174 -18.406 -29.1282 7.86604 -21.337 -15.5509 7.52174 0.884358 -19.5316 7.71202 0.904575 -18.1018 7.67577 -0.884358 -19.5316 7.71202 -0.904575 -18.1018 7.67577 0.884358 -12.9542 0.150306 0.904575 -12.2234 1.37985 -0.884358 -12.9542 0.150306 -0.904575 -12.2234 1.37985 0.884358 0.803415 -0.429075 0.904575 0.632671 0.990992 -0.884358 0.803415 -0.429075 -0.904575 0.632671 0.990992 -17.2738 -27.7411 9.4126 -19.6059 -16.9381 10.8878 17.2738 -27.7411 9.4126 19.6059 -16.9381 10.8878 -16.7201 -27.2478 8.5643 -18.6198 -17.4313 9.76598 16.7201 -27.2478 8.5643 18.6198 -17.4313 9.76598</float_array>
                    <technique_common>
                        <accessor count="28" source="#ID438" stride="3">
                            <param name="X" type="float"/>
                            <param name="Y" type="float"/>
                            <param name="Z" type="float"/>
                        </accessor>
                    </technique_common>
                </source>
                <source id="ID439">
                    <float_array id="ID440" count="108">0.239138 -0.335659 0.911124 0.513839 -0.544434 0.662995 0.473582 0.570045 0.671393 0.240824 0.207014 0.948235 0.367428 -0.556924 0.744871 0.432236 -0.212963 0.876253 0.977484 -0.211012 -0 0.628088 -0.778143 -0 0 0.992849 0.119376 0 0.674794 0.738006 -0.628088 -0.778143 -0 -0.977484 -0.211012 -0 -0.432236 -0.212963 0.876253 -0.367428 -0.556924 0.744871 0 1 -0 -0.00223419 -0.0204378 -0.999789 0.336361 -0.273034 -0.901284 -0.336225 -0.273094 -0.901317 0.00238739 -0.0204389 -0.999788 0.00238775 -0.042557 -0.999091 -0.00223452 -0.0425558 -0.999092 0.731013 -0.296004 -0.614819 -0.730927 -0.296058 -0.614895 -0.999887 -0.00670015 -0.0134367 -0.99985 -0.0128545 -0.0116435 0 0.730929 0.682453 0 0.412284 0.911055 0.999857 -0.012608 -0.0113104 0.999891 -0.00658105 -0.0132372 0 -0.0420763 -0.999114 -0.999884 -0.000545531 -0.0152293 0.999885 -0.000553815 -0.0151635 -0.241671 0.207127 0.947994 -0.239966 -0.335894 0.910819 -0.475188 0.570307 0.670034 -0.515535 -0.54474 0.661425</float_array>
                    <technique_common>
                        <accessor count="36" source="#ID440" stride="3">
                            <param name="X" type="float"/>
                            <param name="Y" type="float"/>
                            <param name="Z" type="float"/>
                        </accessor>
                    </technique_common>
                </source>
                <source id="ID441">
                    <float_array id="ID442" count="2">0 1</float_array>
                    <technique_common>
                        <accessor count="1" source="#ID442" stride="2">
                            <param name="S" type="float"/>
                            <param name="T" type="float"/>
                        </accessor>
                    </technique_common>
                </source>
                <vertices id="ID443">
                    <input semantic="POSITION" source="#ID437"/>
                </vertices>
                <polylist count="25" material="Material1">
                    <input offset="0" semantic="VERTEX" source="#ID443"/>
                    <input offset="1" semantic="NORMAL" source="#ID439"/>
                    <input offset="2" semantic="TEXCOORD" source="#ID441" set="0"/>
                    <vcount>4 4 4 4 4 4 4 4 4 4 4 4 4 4 4 4 4 4 4 4 4 4 4 4 4</vcount>
                    <p>20 3 0 24 2 0 25 1 0 21 0 0 4 7 0 5 6 0 3 5 0 2 4 0 18 8 0 19 9 0 17 9 0 16 8 0 0 13 0 1 12 0 7 11 0 6 10 0 3 14 0 5 14 0 7 14 0 1 14 0 4 7 0 2 4 0 0 13 0 6 10 0 6 18 0 10 17 0 8 16 0 4 15 0 7 19 0 11 19 0 10 17 0 6 18 0 5 20 0 9 20 0 11 19 0 7 19 0 4 15 0 8 16 0 9 20 0 5 20 0 10 17 0 14 22 0 12 21 0 8 16 0 11 24 0 15 23 0 14 22 0 10 17 0 9 25 0 13 26 0 15 26 0 11 25 0 8 16 0 12 21 0 13 28 0 9 27 0 14 22 0 18 29 0 16 29 0 12 21 0 15 23 0 19 30 0 18 30 0 14 22 0 13 26 0 17 9 0 19 9 0 15 26 0 12 21 0 16 31 0 17 31 0 13 28 0 2 4 0 22 32 0 20 3 0 0 13 0 3 5 0 23 33 0 22 32 0 2 4 0 1 12 0 21 0 0 23 33 0 3 5 0 0 13 0 20 3 0 21 0 0 1 12 0 22 32 0 26 34 0 24 2 0 20 3 0 23 33 0 27 35 0 26 34 0 22 32 0 21 0 0 25 1 0 27 35 0 23 33 0</p>
                </polylist>
            </mesh>
        </geometry>
        <geometry id="ID445">
            <mesh>
                <source id="ID446">
                    <float_array id="ID447" count="12">-16.7201 -27.2478 8.5643 -18.6198 -17.4314 9.76597 16.7201 -27.2478 8.5643 18.6198 -17.4314 9.76597</float_array>
                    <technique_common>
                        <accessor count="4" source="#ID447" stride="3">
                            <param name="X" type="float"/>
                            <param name="Y" type="float"/>
                            <param name="Z" type="float"/>
                        </accessor>
                    </technique_common>
                </source>
                <source id="ID448">
                    <float_array id="ID449" count="3">0 -0.121507 0.992591</float_array>
                    <technique_common>
                        <accessor count="1" source="#ID449" stride="3">
                            <param name="X" type="float"/>
                            <param name="Y" type="float"/>
                            <param name="Z" type="float"/>
                        </accessor>
                    </technique_common>
                </source>
                <source id="ID450">
                    <float_array id="ID451" count="2">0 1</float_array>
                    <technique_common>
                        <accessor count="1" source="#ID451" stride="2">
                            <param name="S" type="float"/>
                            <param name="T" type="float"/>
                        </accessor>
                    </technique_common>
                </source>
                <vertices id="ID452">
                    <input semantic="POSITION" source="#ID446"/>
                </vertices>
                <polylist count="1" material="Material1">
                    <input offset="0" semantic="VERTEX" source="#ID452"/>
                    <input offset="1" semantic="NORMAL" source="#ID448"/>
                    <input offset="2" semantic="TEXCOORD" source="#ID450" set="0"/>
                    <vcount>4</vcount>
                    <p>2 0 0 3 0 0 1 0 0 0 0 0</p>
                </polylist>
            </mesh>
        </geometry>
        <geometry id="ID454">
            <mesh>
                <source id="ID455">
                    <float_array id="ID456" count="48">212.091 -7.24618 0.90226 216.577 4.61972 3.23244 187.637 -9.80035 -1.41377 182.827 10.0945 1.7885 187.572 -9.57171 -3.39468 182.761 10.3232 -0.192405 212.071 -7.20737 0.289162 216.557 4.65853 2.61935 211.284 -6.37263 1.00915 215.121 3.87271 3.01091 192.654 -8.37904 -0.813896 188.541 8.31896 1.84258 211.212 -6.28074 0.449615 214.984 3.79418 2.41698 192.727 -8.2727 -1.36082 188.684 8.198 1.26038</float_array>
                    <technique_common>
                        <accessor count="16" source="#ID456" stride="3">
                            <param name="X" type="float"/>
                            <param name="Y" type="float"/>
                            <param name="Z" type="float"/>
                        </accessor>
                    </technique_common>
                </source>
                <source id="ID457">
                    <float_array id="ID458" count="60">-0.544453 0.540982 0.641021 0.414441 0.549549 0.72542 0.404141 -0.526511 0.747968 -0.603198 -0.423493 0.675874 -0.379897 -0.591325 0.711345 -0.573698 -0.817003 -0.0581158 -0.971799 -0.235761 0.00483454 -0.475825 -0.258982 0.840547 0.122982 0.163204 -0.978897 0.585608 -0.584923 -0.561186 0.700007 0.46152 -0.544968 0.189247 0.773824 -0.604469 0.346313 -0.633137 0.692246 0.937456 -0.344183 -0.052097 0.157587 0.984033 0.082739 0.270926 0.330091 0.904234 -0.429734 0.34565 0.834179 0.245558 -0.427854 0.869852 -0.0672041 -0.183361 0.980746 -0.44146 -0.364894 0.819735</float_array>
                    <technique_common>
                        <accessor count="20" source="#ID458" stride="3">
                            <param name="X" type="float"/>
                            <param name="Y" type="float"/>
                            <param name="Z" type="float"/>
                        </accessor>
                    </technique_common>
                </source>
                <source id="ID459">
                    <float_array id="ID460" count="2">0 1</float_array>
                    <technique_common>
                        <accessor count="1" source="#ID460" stride="2">
                            <param name="S" type="float"/>
                            <param name="T" type="float"/>
                        </accessor>
                    </technique_common>
                </source>
                <vertices id="ID461">
                    <input semantic="POSITION" source="#ID455"/>
                </vertices>
                <polylist count="14" material="Material1">
                    <input offset="0" semantic="VERTEX" source="#ID461"/>
                    <input offset="1" semantic="NORMAL" source="#ID457"/>
                    <input offset="2" semantic="TEXCOORD" source="#ID459" set="0"/>
                    <vcount>4 4 4 4 4 4 4 4 4 4 4 4 4 4</vcount>
                    <p>13 3 0 15 2 0 14 1 0 12 0 0 3 7 0 5 6 0 4 5 0 2 4 0 5 11 0 7 10 0 6 9 0 4 8 0 7 10 0 1 13 0 0 12 0 6 9 0 7 10 0 5 11 0 3 14 0 1 14 0 0 12 0 2 4 0 4 5 0 6 9 0 8 16 0 10 15 0 2 4 0 0 12 0 10 15 0 11 17 0 3 7 0 2 4 0 11 17 0 9 19 0 1 18 0 3 7 0 9 19 0 8 16 0 0 12 0 1 18 0 12 0 0 14 1 0 10 15 0 8 16 0 14 1 0 15 2 0 11 17 0 10 15 0 15 2 0 13 3 0 9 19 0 11 17 0 13 3 0 12 0 0 8 16 0 9 19 0</p>
                </polylist>
            </mesh>
        </geometry>
        <geometry id="ID463">
            <mesh>
                <source id="ID464">
                    <float_array id="ID465" count="12">211.212 -6.28085 0.449532 214.984 3.79408 2.4169 192.727 -8.2728 -1.3609 188.684 8.19791 1.26031</float_array>
                    <technique_common>
                        <accessor count="4" source="#ID465" stride="3">
                            <param name="X" type="float"/>
                            <param name="Y" type="float"/>
                            <param name="Z" type="float"/>
                        </accessor>
                    </technique_common>
                </source>
                <source id="ID466">
                    <float_array id="ID467" count="3">-0.0741139 -0.170338 0.982595</float_array>
                    <technique_common>
                        <accessor count="1" source="#ID467" stride="3">
                            <param name="X" type="float"/>
                            <param name="Y" type="float"/>
                            <param name="Z" type="float"/>
                        </accessor>
                    </technique_common>
                </source>
                <source id="ID468">
                    <float_array id="ID469" count="2">0 1</float_array>
                    <technique_common>
                        <accessor count="1" source="#ID469" stride="2">
                            <param name="S" type="float"/>
                            <param name="T" type="float"/>
                        </accessor>
                    </technique_common>
                </source>
                <vertices id="ID470">
                    <input semantic="POSITION" source="#ID464"/>
                </vertices>
                <polylist count="1" material="Material1">
                    <input offset="0" semantic="VERTEX" source="#ID470"/>
                    <input offset="1" semantic="NORMAL" source="#ID466"/>
                    <input offset="2" semantic="TEXCOORD" source="#ID468" set="0"/>
                    <vcount>4</vcount>
                    <p>1 0 0 3 0 0 2 0 0 0 0 0</p>
                </polylist>
            </mesh>
        </geometry>
        <geometry id="ID472">
            <mesh>
                <source id="ID473">
                    <float_array id="ID474" count="48">-29.3174 -7.24621 0.902233 -33.8034 4.61969 3.23242 -4.86324 -9.80037 -1.41379 -0.0529122 10.0945 1.78848 -4.79821 -9.57173 -3.3947 0.0127187 10.3231 -0.192422 -29.2976 -7.20739 0.289136 -33.7836 4.6585 2.61933 -28.5103 -6.37265 1.00912 -32.3468 3.87269 3.01088 -9.88007 -8.37906 -0.81392 -5.76752 8.31893 1.84256 -28.4379 -6.28077 0.449588 -32.2107 3.79415 2.41696 -9.95338 -8.27273 -1.36085 -5.91029 8.19798 1.26036</float_array>
                    <technique_common>
                        <accessor count="16" source="#ID474" stride="3">
                            <param name="X" type="float"/>
                            <param name="Y" type="float"/>
                            <param name="Z" type="float"/>
                        </accessor>
                    </technique_common>
                </source>
                <source id="ID475">
                    <float_array id="ID476" count="60">0.544454 0.540984 0.64102 0.6032 -0.423494 0.675872 -0.404142 -0.526513 0.747966 -0.414442 0.54955 0.725419 0.379897 -0.591325 0.711346 0.475825 -0.258982 0.840547 0.971799 -0.235762 0.00483636 0.573698 -0.817003 -0.0581141 -0.122982 0.163204 -0.978897 -0.189247 0.773824 -0.604469 -0.700008 0.46152 -0.544966 -0.585608 -0.584924 -0.561183 -0.937456 -0.344184 -0.0520903 -0.346312 -0.633136 0.692248 -0.157588 0.984033 0.0827384 0.429735 0.345652 0.834178 -0.270927 0.330092 0.904233 -0.245559 -0.427855 0.869851 0.441462 -0.364895 0.819734 0.0672046 -0.183361 0.980746</float_array>
                    <technique_common>
                        <accessor count="20" source="#ID476" stride="3">
                            <param name="X" type="float"/>
                            <param name="Y" type="float"/>
                            <param name="Z" type="float"/>
                        </accessor>
                    </technique_common>
                </source>
                <source id="ID477">
                    <float_array id="ID478" count="2">0 1</float_array>
                    <technique_common>
                        <accessor count="1" source="#ID478" stride="2">
                            <param name="S" type="float"/>
                            <param name="T" type="float"/>
                        </accessor>
                    </technique_common>
                </source>
                <vertices id="ID479">
                    <input semantic="POSITION" source="#ID473"/>
                </vertices>
                <polylist count="14" material="Material1">
                    <input offset="0" semantic="VERTEX" source="#ID479"/>
                    <input offset="1" semantic="NORMAL" source="#ID475"/>
                    <input offset="2" semantic="TEXCOORD" source="#ID477" set="0"/>
                    <vcount>4 4 4 4 4 4 4 4 4 4 4 4 4 4</vcount>
                    <p>14 3 0 15 2 0 13 1 0 12 0 0 4 7 0 5 6 0 3 5 0 2 4 0 6 11 0 7 10 0 5 9 0 4 8 0 0 13 0 1 12 0 7 10 0 6 11 0 3 14 0 5 9 0 7 10 0 1 14 0 4 7 0 2 4 0 0 13 0 6 11 0 2 4 0 10 16 0 8 15 0 0 13 0 3 5 0 11 17 0 10 16 0 2 4 0 1 19 0 9 18 0 11 17 0 3 5 0 0 13 0 8 15 0 9 18 0 1 19 0 10 16 0 14 3 0 12 0 0 8 15 0 11 17 0 15 2 0 14 3 0 10 16 0 9 18 0 13 1 0 15 2 0 11 17 0 8 15 0 12 0 0 13 1 0 9 18 0</p>
                </polylist>
            </mesh>
        </geometry>
        <geometry id="ID481">
            <mesh>
                <source id="ID482">
                    <float_array id="ID483" count="12">-28.4379 -6.28076 0.4496 -32.2107 3.79417 2.41698 -9.95339 -8.27272 -1.36084 -5.91028 8.19798 1.26037</float_array>
                    <technique_common>
                        <accessor count="4" source="#ID483" stride="3">
                            <param name="X" type="float"/>
                            <param name="Y" type="float"/>
                            <param name="Z" type="float"/>
                        </accessor>
                    </technique_common>
                </source>
                <source id="ID484">
                    <float_array id="ID485" count="3">0.0741143 -0.170338 0.982595</float_array>
                    <technique_common>
                        <accessor count="1" source="#ID485" stride="3">
                            <param name="X" type="float"/>
                            <param name="Y" type="float"/>
                            <param name="Z" type="float"/>
                        </accessor>
                    </technique_common>
                </source>
                <source id="ID486">
                    <float_array id="ID487" count="2">0 1</float_array>
                    <technique_common>
                        <accessor count="1" source="#ID487" stride="2">
                            <param name="S" type="float"/>
                            <param name="T" type="float"/>
                        </accessor>
                    </technique_common>
                </source>
                <vertices id="ID488">
                    <input semantic="POSITION" source="#ID482"/>
                </vertices>
                <polylist count="1" material="Material1">
                    <input offset="0" semantic="VERTEX" source="#ID488"/>
                    <input offset="1" semantic="NORMAL" source="#ID484"/>
                    <input offset="2" semantic="TEXCOORD" source="#ID486" set="0"/>
                    <vcount>4</vcount>
                    <p>2 0 0 3 0 0 1 0 0 0 0 0</p>
                </polylist>
            </mesh>
        </geometry>
        <geometry id="ID491">
            <mesh>
                <source id="ID492">
                    <float_array id="ID493" count="186">-10.1747 1.90735e-006 -0 7.29923 1.90735e-006 -0 -10.1747 -23.807 1.35156e-007 10.1747 -23.807 1.35156e-007 -10.1747 -19.2602 -13.9934 10.1747 -19.2602 -13.9934 -10.1747 -7.35676 -22.6418 10.1747 -7.35676 -22.6418 -10.1747 7.35676 -22.6418 10.1747 7.35676 -22.6418 -10.1747 19.2603 -13.9934 10.1747 19.2603 -13.9934 -10.1747 23.807 2.21643e-006 10.1747 23.807 2.21643e-006 -10.1747 19.2602 13.9934 10.1747 19.2602 13.9934 -10.1747 7.35675 22.6418 10.1747 7.35675 22.6418 -10.1747 -7.35676 22.6418 10.1747 -7.35676 22.6418 -10.1747 -19.2602 13.9934 10.1747 -19.2602 13.9934 10.1747 -11.7059 -7.35335e-007 10.1747 -9.47029 -6.88057 10.1747 -3.61733 -11.133 10.1747 3.61733 -11.133 10.1747 9.47029 -6.88057 10.1747 11.7059 1.65568e-006 10.1747 9.47029 6.88057 10.1747 3.61733 11.133 10.1747 -3.61733 11.133 10.1747 -9.47029 6.88057 7.29923 -7.04721 -7.35335e-007 7.29923 -5.70131 -4.14225 7.29923 -2.17771 -6.7023 7.29923 2.17771 -6.7023 7.29923 5.70132 -4.14225 7.29923 7.04721 1.58269e-006 7.29923 5.70132 4.14225 7.29923 2.17771 6.7023 7.29923 -2.17771 6.7023 7.29923 -5.70131 4.14225 -5.67873 -27.35 -0 5.67873 -27.35 -0 -5.67873 -22.1266 -16.0759 5.67873 -22.1266 -16.0759 -5.67873 -8.45161 -26.0114 5.67873 -8.45161 -26.0114 -5.67873 8.45162 -26.0114 5.67873 8.45162 -26.0114 -5.67873 22.1266 -16.0759 5.67873 22.1266 -16.0759 -5.67873 27.35 2.39101e-006 5.67873 27.35 2.39101e-006 -5.67873 22.1266 16.0759 5.67873 22.1266 16.0759 -5.67873 8.45161 26.0114 5.67873 8.45161 26.0114 -5.67873 -8.45162 26.0114 5.67873 -8.45162 26.0114 -5.67873 -22.1266 16.0759 5.67873 -22.1266 16.0759</float_array>
                    <technique_common>
                        <accessor count="62" source="#ID493" stride="3">
                            <param name="X" type="float"/>
                            <param name="Y" type="float"/>
                            <param name="Z" type="float"/>
                        </accessor>
                    </technique_common>
                </source>
                <source id="ID494">
                    <float_array id="ID495" count="186">-1 0 -0 -0.903022 -0.429595 2.52344e-008 -0.903022 -0.347549 -0.252509 -0.330594 -0.943773 4.10705e-008 0.330594 -0.943773 4.10705e-008 0.330594 -0.763529 -0.554736 -0.330593 -0.763529 -0.554736 0.962572 0.271027 3.90016e-009 1 0 -0 0.962572 0.219266 0.159306 -0.903022 -0.132752 -0.408569 0.330594 -0.291642 -0.897582 -0.330594 -0.291642 -0.897582 0.962572 0.083752 0.257762 -0.903022 0.132752 -0.408569 0.330594 0.291642 -0.897582 -0.330594 0.291642 -0.897582 0.962572 -0.083752 0.257762 -0.903022 0.347549 -0.252509 0.330594 0.763529 -0.554736 -0.330594 0.763529 -0.554736 0.962572 -0.219266 0.159306 -0.903022 0.429595 2.94402e-008 0.330594 0.943773 4.10705e-008 -0.330594 0.943773 4.10705e-008 0.962572 -0.271027 -7.80031e-009 -0.903022 0.347549 0.252509 0.330594 0.763528 0.554736 -0.330594 0.763529 0.554736 0.962572 -0.219265 -0.159306 -0.903022 0.132752 0.408569 0.330593 0.291642 0.897582 -0.330593 0.291642 0.897582 0.962572 -0.0837519 -0.257762 -0.903022 -0.132752 0.408569 0.330594 -0.291642 0.897582 -0.330594 -0.291642 0.897582 0.962572 0.083752 -0.257762 -0.903022 -0.347549 0.252509 0.330594 -0.763529 0.554736 -0.330594 -0.763529 0.554736 0.962572 0.219266 -0.159306 0.903022 -0.429595 2.94402e-008 0.962572 0.271027 3.90016e-009 0.962572 0.219266 0.159306 0.903022 -0.347549 -0.252509 0.962572 0.083752 0.257762 0.903022 -0.132752 -0.408569 0.962572 -0.083752 0.257762 0.903022 0.132752 -0.408569 0.962572 -0.219266 0.159306 0.903022 0.347549 -0.252509 0.962572 -0.271027 -7.80031e-009 0.903022 0.429595 2.52344e-008 0.962572 -0.219266 -0.159306 0.903022 0.347549 0.252509 0.962572 -0.0837519 -0.257762 0.903022 0.132752 0.408569 0.962572 0.083752 -0.257762 0.903022 -0.132752 0.408569 0.962572 0.219266 -0.159306 0.903022 -0.347549 0.252509</float_array>
                    <technique_common>
                        <accessor count="62" source="#ID495" stride="3">
                            <param name="X" type="float"/>
                            <param name="Y" type="float"/>
                            <param name="Z" type="float"/>
                        </accessor>
                    </technique_common>
                </source>
                <source id="ID496">
                    <float_array id="ID497" count="2">0 1</float_array>
                    <technique_common>
                        <accessor count="1" source="#ID497" stride="2">
                            <param name="S" type="float"/>
                            <param name="T" type="float"/>
                        </accessor>
                    </technique_common>
                </source>
                <vertices id="ID498">
                    <input semantic="POSITION" source="#ID492"/>
                </vertices>
                <polylist count="70" material="Material1">
                    <input offset="0" semantic="VERTEX" source="#ID498"/>
                    <input offset="1" semantic="NORMAL" source="#ID494"/>
                    <input offset="2" semantic="TEXCOORD" source="#ID496" set="0"/>
                    <vcount>3 4 3 3 4 3 3 4 3 3 4 3 3 4 3 3 4 3 3 4 3 3 4 3 3 4 3 3 4 3 4 4 4 4 4 4 4 4 4 4 4 4 4 4 4 4 4 4 4 4 4 4 4 4 4 4 4 4 4 4 4 4 4 4 4 4 4 4 4 4</vcount>
                    <p>4 2 0 2 1 0 0 0 0 44 6 0 45 5 0 43 4 0 42 3 0 33 9 0 1 8 0 32 7 0 6 10 0 4 2 0 0 0 0 46 12 0 47 11 0 45 5 0 44 6 0 34 13 0 1 8 0 33 9 0 8 14 0 6 10 0 0 0 0 48 16 0 49 15 0 47 11 0 46 12 0 35 17 0 1 8 0 34 13 0 10 18 0 8 14 0 0 0 0 50 20 0 51 19 0 49 15 0 48 16 0 36 21 0 1 8 0 35 17 0 12 22 0 10 18 0 0 0 0 52 24 0 53 23 0 51 19 0 50 20 0 37 25 0 1 8 0 36 21 0 14 26 0 12 22 0 0 0 0 54 28 0 55 27 0 53 23 0 52 24 0 38 29 0 1 8 0 37 25 0 16 30 0 14 26 0 0 0 0 56 32 0 57 31 0 55 27 0 54 28 0 39 33 0 1 8 0 38 29 0 18 34 0 16 30 0 0 0 0 58 36 0 59 35 0 57 31 0 56 32 0 40 37 0 1 8 0 39 33 0 20 38 0 18 34 0 0 0 0 60 40 0 61 39 0 59 35 0 58 36 0 41 41 0 1 8 0 40 37 0 2 1 0 20 38 0 0 0 0 42 3 0 43 4 0 61 39 0 60 40 0 32 7 0 1 8 0 41 41 0 5 45 0 23 44 0 22 43 0 3 42 0 7 47 0 24 46 0 23 44 0 5 45 0 9 49 0 25 48 0 24 46 0 7 47 0 11 51 0 26 50 0 25 48 0 9 49 0 13 53 0 27 52 0 26 50 0 11 51 0 15 55 0 28 54 0 27 52 0 13 53 0 17 57 0 29 56 0 28 54 0 15 55 0 19 59 0 30 58 0 29 56 0 17 57 0 21 61 0 31 60 0 30 58 0 19 59 0 3 42 0 22 43 0 31 60 0 21 61 0 23 44 0 33 9 0 32 7 0 22 43 0 24 46 0 34 13 0 33 9 0 23 44 0 25 48 0 35 17 0 34 13 0 24 46 0 26 50 0 36 21 0 35 17 0 25 48 0 27 52 0 37 25 0 36 21 0 26 50 0 28 54 0 38 29 0 37 25 0 27 52 0 29 56 0 39 33 0 38 29 0 28 54 0 30 58 0 40 37 0 39 33 0 29 56 0 31 60 0 41 41 0 40 37 0 30 58 0 22 43 0 32 7 0 41 41 0 31 60 0 4 2 0 44 6 0 42 3 0 2 1 0 3 42 0 43 4 0 45 5 0 5 45 0 6 10 0 46 12 0 44 6 0 4 2 0 5 45 0 45 5 0 47 11 0 7 47 0 8 14 0 48 16 0 46 12 0 6 10 0 7 47 0 47 11 0 49 15 0 9 49 0 10 18 0 50 20 0 48 16 0 8 14 0 9 49 0 49 15 0 51 19 0 11 51 0 12 22 0 52 24 0 50 20 0 10 18 0 11 51 0 51 19 0 53 23 0 13 53 0 14 26 0 54 28 0 52 24 0 12 22 0 13 53 0 53 23 0 55 27 0 15 55 0 16 30 0 56 32 0 54 28 0 14 26 0 15 55 0 55 27 0 57 31 0 17 57 0 18 34 0 58 36 0 56 32 0 16 30 0 17 57 0 57 31 0 59 35 0 19 59 0 20 38 0 60 40 0 58 36 0 18 34 0 19 59 0 59 35 0 61 39 0 21 61 0 2 1 0 42 3 0 60 40 0 20 38 0 21 61 0 61 39 0 43 4 0 3 42 0</p>
                </polylist>
            </mesh>
        </geometry>
        <geometry id="ID500">
            <mesh>
                <source id="ID501">
                    <float_array id="ID502" count="186">-10.1747 1.90735e-006 -0 7.29923 1.90735e-006 -0 -10.1747 -23.807 1.35156e-007 10.1747 -23.807 1.35156e-007 -10.1747 -19.2602 -13.9934 10.1747 -19.2602 -13.9934 -10.1747 -7.35676 -22.6418 10.1747 -7.35676 -22.6418 -10.1747 7.35676 -22.6418 10.1747 7.35676 -22.6418 -10.1747 19.2603 -13.9934 10.1747 19.2603 -13.9934 -10.1747 23.807 2.21643e-006 10.1747 23.807 2.21643e-006 -10.1747 19.2602 13.9934 10.1747 19.2602 13.9934 -10.1747 7.35675 22.6418 10.1747 7.35675 22.6418 -10.1747 -7.35676 22.6418 10.1747 -7.35676 22.6418 -10.1747 -19.2602 13.9934 10.1747 -19.2602 13.9934 10.1747 -11.7059 -7.35335e-007 10.1747 -9.47029 -6.88057 10.1747 -3.61733 -11.133 10.1747 3.61733 -11.133 10.1747 9.47029 -6.88057 10.1747 11.7059 1.65568e-006 10.1747 9.47029 6.88057 10.1747 3.61733 11.133 10.1747 -3.61733 11.133 10.1747 -9.47029 6.88057 7.29923 -7.04721 -7.35335e-007 7.29923 -5.70131 -4.14225 7.29923 -2.17771 -6.7023 7.29923 2.17771 -6.7023 7.29923 5.70132 -4.14225 7.29923 7.04721 1.58269e-006 7.29923 5.70132 4.14225 7.29923 2.17771 6.7023 7.29923 -2.17771 6.7023 7.29923 -5.70131 4.14225 -5.67873 -27.35 -0 5.67873 -27.35 -0 -5.67873 -22.1266 -16.0759 5.67873 -22.1266 -16.0759 -5.67873 -8.45161 -26.0114 5.67873 -8.45161 -26.0114 -5.67873 8.45162 -26.0114 5.67873 8.45162 -26.0114 -5.67873 22.1266 -16.0759 5.67873 22.1266 -16.0759 -5.67873 27.35 2.39101e-006 5.67873 27.35 2.39101e-006 -5.67873 22.1266 16.0759 5.67873 22.1266 16.0759 -5.67873 8.45161 26.0114 5.67873 8.45161 26.0114 -5.67873 -8.45162 26.0114 5.67873 -8.45162 26.0114 -5.67873 -22.1266 16.0759 5.67873 -22.1266 16.0759</float_array>
                    <technique_common>
                        <accessor count="62" source="#ID502" stride="3">
                            <param name="X" type="float"/>
                            <param name="Y" type="float"/>
                            <param name="Z" type="float"/>
                        </accessor>
                    </technique_common>
                </source>
                <source id="ID503">
                    <float_array id="ID504" count="186">-1 0 -0 -0.903022 -0.429595 2.52344e-008 -0.903022 -0.347549 -0.252509 -0.330594 -0.943773 4.10705e-008 0.330594 -0.943773 4.10705e-008 0.330594 -0.763529 -0.554736 -0.330593 -0.763529 -0.554736 0.962572 0.271027 3.90016e-009 1 0 -0 0.962572 0.219266 0.159306 -0.903022 -0.132752 -0.408569 0.330594 -0.291642 -0.897582 -0.330594 -0.291642 -0.897582 0.962572 0.083752 0.257762 -0.903022 0.132752 -0.408569 0.330594 0.291642 -0.897582 -0.330594 0.291642 -0.897582 0.962572 -0.083752 0.257762 -0.903022 0.347549 -0.252509 0.330594 0.763529 -0.554736 -0.330594 0.763529 -0.554736 0.962572 -0.219266 0.159306 -0.903022 0.429595 2.94402e-008 0.330594 0.943773 4.10705e-008 -0.330594 0.943773 4.10705e-008 0.962572 -0.271027 -7.80031e-009 -0.903022 0.347549 0.252509 0.330594 0.763528 0.554736 -0.330594 0.763529 0.554736 0.962572 -0.219265 -0.159306 -0.903022 0.132752 0.408569 0.330593 0.291642 0.897582 -0.330593 0.291642 0.897582 0.962572 -0.0837519 -0.257762 -0.903022 -0.132752 0.408569 0.330594 -0.291642 0.897582 -0.330594 -0.291642 0.897582 0.962572 0.083752 -0.257762 -0.903022 -0.347549 0.252509 0.330594 -0.763529 0.554736 -0.330594 -0.763529 0.554736 0.962572 0.219266 -0.159306 0.903022 -0.429595 2.94402e-008 0.962572 0.271027 3.90016e-009 0.962572 0.219266 0.159306 0.903022 -0.347549 -0.252509 0.962572 0.083752 0.257762 0.903022 -0.132752 -0.408569 0.962572 -0.083752 0.257762 0.903022 0.132752 -0.408569 0.962572 -0.219266 0.159306 0.903022 0.347549 -0.252509 0.962572 -0.271027 -7.80031e-009 0.903022 0.429595 2.52344e-008 0.962572 -0.219266 -0.159306 0.903022 0.347549 0.252509 0.962572 -0.0837519 -0.257762 0.903022 0.132752 0.408569 0.962572 0.083752 -0.257762 0.903022 -0.132752 0.408569 0.962572 0.219266 -0.159306 0.903022 -0.347549 0.252509</float_array>
                    <technique_common>
                        <accessor count="62" source="#ID504" stride="3">
                            <param name="X" type="float"/>
                            <param name="Y" type="float"/>
                            <param name="Z" type="float"/>
                        </accessor>
                    </technique_common>
                </source>
                <source id="ID505">
                    <float_array id="ID506" count="2">0 1</float_array>
                    <technique_common>
                        <accessor count="1" source="#ID506" stride="2">
                            <param name="S" type="float"/>
                            <param name="T" type="float"/>
                        </accessor>
                    </technique_common>
                </source>
                <vertices id="ID507">
                    <input semantic="POSITION" source="#ID501"/>
                </vertices>
                <polylist count="70" material="Material1">
                    <input offset="0" semantic="VERTEX" source="#ID507"/>
                    <input offset="1" semantic="NORMAL" source="#ID503"/>
                    <input offset="2" semantic="TEXCOORD" source="#ID505" set="0"/>
                    <vcount>3 4 3 3 4 3 3 4 3 3 4 3 3 4 3 3 4 3 3 4 3 3 4 3 3 4 3 3 4 3 4 4 4 4 4 4 4 4 4 4 4 4 4 4 4 4 4 4 4 4 4 4 4 4 4 4 4 4 4 4 4 4 4 4 4 4 4 4 4 4</vcount>
                    <p>4 2 0 2 1 0 0 0 0 44 6 0 45 5 0 43 4 0 42 3 0 33 9 0 1 8 0 32 7 0 6 10 0 4 2 0 0 0 0 46 12 0 47 11 0 45 5 0 44 6 0 34 13 0 1 8 0 33 9 0 8 14 0 6 10 0 0 0 0 48 16 0 49 15 0 47 11 0 46 12 0 35 17 0 1 8 0 34 13 0 10 18 0 8 14 0 0 0 0 50 20 0 51 19 0 49 15 0 48 16 0 36 21 0 1 8 0 35 17 0 12 22 0 10 18 0 0 0 0 52 24 0 53 23 0 51 19 0 50 20 0 37 25 0 1 8 0 36 21 0 14 26 0 12 22 0 0 0 0 54 28 0 55 27 0 53 23 0 52 24 0 38 29 0 1 8 0 37 25 0 16 30 0 14 26 0 0 0 0 56 32 0 57 31 0 55 27 0 54 28 0 39 33 0 1 8 0 38 29 0 18 34 0 16 30 0 0 0 0 58 36 0 59 35 0 57 31 0 56 32 0 40 37 0 1 8 0 39 33 0 20 38 0 18 34 0 0 0 0 60 40 0 61 39 0 59 35 0 58 36 0 41 41 0 1 8 0 40 37 0 2 1 0 20 38 0 0 0 0 42 3 0 43 4 0 61 39 0 60 40 0 32 7 0 1 8 0 41 41 0 5 45 0 23 44 0 22 43 0 3 42 0 7 47 0 24 46 0 23 44 0 5 45 0 9 49 0 25 48 0 24 46 0 7 47 0 11 51 0 26 50 0 25 48 0 9 49 0 13 53 0 27 52 0 26 50 0 11 51 0 15 55 0 28 54 0 27 52 0 13 53 0 17 57 0 29 56 0 28 54 0 15 55 0 19 59 0 30 58 0 29 56 0 17 57 0 21 61 0 31 60 0 30 58 0 19 59 0 3 42 0 22 43 0 31 60 0 21 61 0 23 44 0 33 9 0 32 7 0 22 43 0 24 46 0 34 13 0 33 9 0 23 44 0 25 48 0 35 17 0 34 13 0 24 46 0 26 50 0 36 21 0 35 17 0 25 48 0 27 52 0 37 25 0 36 21 0 26 50 0 28 54 0 38 29 0 37 25 0 27 52 0 29 56 0 39 33 0 38 29 0 28 54 0 30 58 0 40 37 0 39 33 0 29 56 0 31 60 0 41 41 0 40 37 0 30 58 0 22 43 0 32 7 0 41 41 0 31 60 0 4 2 0 44 6 0 42 3 0 2 1 0 3 42 0 43 4 0 45 5 0 5 45 0 6 10 0 46 12 0 44 6 0 4 2 0 5 45 0 45 5 0 47 11 0 7 47 0 8 14 0 48 16 0 46 12 0 6 10 0 7 47 0 47 11 0 49 15 0 9 49 0 10 18 0 50 20 0 48 16 0 8 14 0 9 49 0 49 15 0 51 19 0 11 51 0 12 22 0 52 24 0 50 20 0 10 18 0 11 51 0 51 19 0 53 23 0 13 53 0 14 26 0 54 28 0 52 24 0 12 22 0 13 53 0 53 23 0 55 27 0 15 55 0 16 30 0 56 32 0 54 28 0 14 26 0 15 55 0 55 27 0 57 31 0 17 57 0 18 34 0 58 36 0 56 32 0 16 30 0 17 57 0 57 31 0 59 35 0 19 59 0 20 38 0 60 40 0 58 36 0 18 34 0 19 59 0 59 35 0 61 39 0 21 61 0 2 1 0 42 3 0 60 40 0 20 38 0 21 61 0 61 39 0 43 4 0 3 42 0</p>
                </polylist>
            </mesh>
        </geometry>
        <geometry id="ID509">
            <mesh>
                <source id="ID510">
                    <float_array id="ID511" count="186">-10.1747 1.90735e-006 -0 7.29923 1.90735e-006 -0 -10.1747 -23.807 1.35156e-007 10.1747 -23.807 1.35156e-007 -10.1747 -19.2602 -13.9934 10.1747 -19.2602 -13.9934 -10.1747 -7.35676 -22.6418 10.1747 -7.35676 -22.6418 -10.1747 7.35676 -22.6418 10.1747 7.35676 -22.6418 -10.1747 19.2603 -13.9934 10.1747 19.2603 -13.9934 -10.1747 23.807 2.21643e-006 10.1747 23.807 2.21643e-006 -10.1747 19.2602 13.9934 10.1747 19.2602 13.9934 -10.1747 7.35675 22.6418 10.1747 7.35675 22.6418 -10.1747 -7.35676 22.6418 10.1747 -7.35676 22.6418 -10.1747 -19.2602 13.9934 10.1747 -19.2602 13.9934 10.1747 -11.7059 -7.35335e-007 10.1747 -9.47029 -6.88057 10.1747 -3.61733 -11.133 10.1747 3.61733 -11.133 10.1747 9.47029 -6.88057 10.1747 11.7059 1.65568e-006 10.1747 9.47029 6.88057 10.1747 3.61733 11.133 10.1747 -3.61733 11.133 10.1747 -9.47029 6.88057 7.29923 -7.04721 -7.35335e-007 7.29923 -5.70131 -4.14225 7.29923 -2.17771 -6.7023 7.29923 2.17771 -6.7023 7.29923 5.70132 -4.14225 7.29923 7.04721 1.58269e-006 7.29923 5.70132 4.14225 7.29923 2.17771 6.7023 7.29923 -2.17771 6.7023 7.29923 -5.70131 4.14225 -5.67873 -27.35 -0 5.67873 -27.35 -0 -5.67873 -22.1266 -16.0759 5.67873 -22.1266 -16.0759 -5.67873 -8.45161 -26.0114 5.67873 -8.45161 -26.0114 -5.67873 8.45162 -26.0114 5.67873 8.45162 -26.0114 -5.67873 22.1266 -16.0759 5.67873 22.1266 -16.0759 -5.67873 27.35 2.39101e-006 5.67873 27.35 2.39101e-006 -5.67873 22.1266 16.0759 5.67873 22.1266 16.0759 -5.67873 8.45161 26.0114 5.67873 8.45161 26.0114 -5.67873 -8.45162 26.0114 5.67873 -8.45162 26.0114 -5.67873 -22.1266 16.0759 5.67873 -22.1266 16.0759</float_array>
                    <technique_common>
                        <accessor count="62" source="#ID511" stride="3">
                            <param name="X" type="float"/>
                            <param name="Y" type="float"/>
                            <param name="Z" type="float"/>
                        </accessor>
                    </technique_common>
                </source>
                <source id="ID512">
                    <float_array id="ID513" count="186">-1 0 -0 -0.903022 -0.429595 2.52344e-008 -0.903022 -0.347549 -0.252509 -0.330594 -0.943773 4.10705e-008 0.330594 -0.943773 4.10705e-008 0.330594 -0.763529 -0.554736 -0.330593 -0.763529 -0.554736 0.962572 0.271027 3.90016e-009 1 0 -0 0.962572 0.219266 0.159306 -0.903022 -0.132752 -0.408569 0.330594 -0.291642 -0.897582 -0.330594 -0.291642 -0.897582 0.962572 0.083752 0.257762 -0.903022 0.132752 -0.408569 0.330594 0.291642 -0.897582 -0.330594 0.291642 -0.897582 0.962572 -0.083752 0.257762 -0.903022 0.347549 -0.252509 0.330594 0.763529 -0.554736 -0.330594 0.763529 -0.554736 0.962572 -0.219266 0.159306 -0.903022 0.429595 2.94402e-008 0.330594 0.943773 4.10705e-008 -0.330594 0.943773 4.10705e-008 0.962572 -0.271027 -7.80031e-009 -0.903022 0.347549 0.252509 0.330594 0.763528 0.554736 -0.330594 0.763529 0.554736 0.962572 -0.219265 -0.159306 -0.903022 0.132752 0.408569 0.330593 0.291642 0.897582 -0.330593 0.291642 0.897582 0.962572 -0.0837519 -0.257762 -0.903022 -0.132752 0.408569 0.330594 -0.291642 0.897582 -0.330594 -0.291642 0.897582 0.962572 0.083752 -0.257762 -0.903022 -0.347549 0.252509 0.330594 -0.763529 0.554736 -0.330594 -0.763529 0.554736 0.962572 0.219266 -0.159306 0.903022 -0.429595 2.94402e-008 0.962572 0.271027 3.90016e-009 0.962572 0.219266 0.159306 0.903022 -0.347549 -0.252509 0.962572 0.083752 0.257762 0.903022 -0.132752 -0.408569 0.962572 -0.083752 0.257762 0.903022 0.132752 -0.408569 0.962572 -0.219266 0.159306 0.903022 0.347549 -0.252509 0.962572 -0.271027 -7.80031e-009 0.903022 0.429595 2.52344e-008 0.962572 -0.219266 -0.159306 0.903022 0.347549 0.252509 0.962572 -0.0837519 -0.257762 0.903022 0.132752 0.408569 0.962572 0.083752 -0.257762 0.903022 -0.132752 0.408569 0.962572 0.219266 -0.159306 0.903022 -0.347549 0.252509</float_array>
                    <technique_common>
                        <accessor count="62" source="#ID513" stride="3">
                            <param name="X" type="float"/>
                            <param name="Y" type="float"/>
                            <param name="Z" type="float"/>
                        </accessor>
                    </technique_common>
                </source>
                <source id="ID514">
                    <float_array id="ID515" count="2">0 1</float_array>
                    <technique_common>
                        <accessor count="1" source="#ID515" stride="2">
                            <param name="S" type="float"/>
                            <param name="T" type="float"/>
                        </accessor>
                    </technique_common>
                </source>
                <vertices id="ID516">
                    <input semantic="POSITION" source="#ID510"/>
                </vertices>
                <polylist count="70" material="Material1">
                    <input offset="0" semantic="VERTEX" source="#ID516"/>
                    <input offset="1" semantic="NORMAL" source="#ID512"/>
                    <input offset="2" semantic="TEXCOORD" source="#ID514" set="0"/>
                    <vcount>3 4 3 3 4 3 3 4 3 3 4 3 3 4 3 3 4 3 3 4 3 3 4 3 3 4 3 3 4 3 4 4 4 4 4 4 4 4 4 4 4 4 4 4 4 4 4 4 4 4 4 4 4 4 4 4 4 4 4 4 4 4 4 4 4 4 4 4 4 4</vcount>
                    <p>4 2 0 2 1 0 0 0 0 44 6 0 45 5 0 43 4 0 42 3 0 33 9 0 1 8 0 32 7 0 6 10 0 4 2 0 0 0 0 46 12 0 47 11 0 45 5 0 44 6 0 34 13 0 1 8 0 33 9 0 8 14 0 6 10 0 0 0 0 48 16 0 49 15 0 47 11 0 46 12 0 35 17 0 1 8 0 34 13 0 10 18 0 8 14 0 0 0 0 50 20 0 51 19 0 49 15 0 48 16 0 36 21 0 1 8 0 35 17 0 12 22 0 10 18 0 0 0 0 52 24 0 53 23 0 51 19 0 50 20 0 37 25 0 1 8 0 36 21 0 14 26 0 12 22 0 0 0 0 54 28 0 55 27 0 53 23 0 52 24 0 38 29 0 1 8 0 37 25 0 16 30 0 14 26 0 0 0 0 56 32 0 57 31 0 55 27 0 54 28 0 39 33 0 1 8 0 38 29 0 18 34 0 16 30 0 0 0 0 58 36 0 59 35 0 57 31 0 56 32 0 40 37 0 1 8 0 39 33 0 20 38 0 18 34 0 0 0 0 60 40 0 61 39 0 59 35 0 58 36 0 41 41 0 1 8 0 40 37 0 2 1 0 20 38 0 0 0 0 42 3 0 43 4 0 61 39 0 60 40 0 32 7 0 1 8 0 41 41 0 5 45 0 23 44 0 22 43 0 3 42 0 7 47 0 24 46 0 23 44 0 5 45 0 9 49 0 25 48 0 24 46 0 7 47 0 11 51 0 26 50 0 25 48 0 9 49 0 13 53 0 27 52 0 26 50 0 11 51 0 15 55 0 28 54 0 27 52 0 13 53 0 17 57 0 29 56 0 28 54 0 15 55 0 19 59 0 30 58 0 29 56 0 17 57 0 21 61 0 31 60 0 30 58 0 19 59 0 3 42 0 22 43 0 31 60 0 21 61 0 23 44 0 33 9 0 32 7 0 22 43 0 24 46 0 34 13 0 33 9 0 23 44 0 25 48 0 35 17 0 34 13 0 24 46 0 26 50 0 36 21 0 35 17 0 25 48 0 27 52 0 37 25 0 36 21 0 26 50 0 28 54 0 38 29 0 37 25 0 27 52 0 29 56 0 39 33 0 38 29 0 28 54 0 30 58 0 40 37 0 39 33 0 29 56 0 31 60 0 41 41 0 40 37 0 30 58 0 22 43 0 32 7 0 41 41 0 31 60 0 4 2 0 44 6 0 42 3 0 2 1 0 3 42 0 43 4 0 45 5 0 5 45 0 6 10 0 46 12 0 44 6 0 4 2 0 5 45 0 45 5 0 47 11 0 7 47 0 8 14 0 48 16 0 46 12 0 6 10 0 7 47 0 47 11 0 49 15 0 9 49 0 10 18 0 50 20 0 48 16 0 8 14 0 9 49 0 49 15 0 51 19 0 11 51 0 12 22 0 52 24 0 50 20 0 10 18 0 11 51 0 51 19 0 53 23 0 13 53 0 14 26 0 54 28 0 52 24 0 12 22 0 13 53 0 53 23 0 55 27 0 15 55 0 16 30 0 56 32 0 54 28 0 14 26 0 15 55 0 55 27 0 57 31 0 17 57 0 18 34 0 58 36 0 56 32 0 16 30 0 17 57 0 57 31 0 59 35 0 19 59 0 20 38 0 60 40 0 58 36 0 18 34 0 19 59 0 59 35 0 61 39 0 21 61 0 2 1 0 42 3 0 60 40 0 20 38 0 21 61 0 61 39 0 43 4 0 3 42 0</p>
                </polylist>
            </mesh>
        </geometry>
        <geometry id="ID518">
            <mesh>
                <source id="ID519">
                    <float_array id="ID520" count="186">-10.1747 1.90735e-006 -0 7.29923 1.90735e-006 -0 -10.1747 -23.807 1.35156e-007 10.1747 -23.807 1.35156e-007 -10.1747 -19.2602 -13.9934 10.1747 -19.2602 -13.9934 -10.1747 -7.35676 -22.6418 10.1747 -7.35676 -22.6418 -10.1747 7.35676 -22.6418 10.1747 7.35676 -22.6418 -10.1747 19.2603 -13.9934 10.1747 19.2603 -13.9934 -10.1747 23.807 2.21643e-006 10.1747 23.807 2.21643e-006 -10.1747 19.2602 13.9934 10.1747 19.2602 13.9934 -10.1747 7.35675 22.6418 10.1747 7.35675 22.6418 -10.1747 -7.35676 22.6418 10.1747 -7.35676 22.6418 -10.1747 -19.2602 13.9934 10.1747 -19.2602 13.9934 10.1747 -11.7059 -7.35335e-007 10.1747 -9.47029 -6.88057 10.1747 -3.61733 -11.133 10.1747 3.61733 -11.133 10.1747 9.47029 -6.88057 10.1747 11.7059 1.65568e-006 10.1747 9.47029 6.88057 10.1747 3.61733 11.133 10.1747 -3.61733 11.133 10.1747 -9.47029 6.88057 7.29923 -7.04721 -7.35335e-007 7.29923 -5.70131 -4.14225 7.29923 -2.17771 -6.7023 7.29923 2.17771 -6.7023 7.29923 5.70132 -4.14225 7.29923 7.04721 1.58269e-006 7.29923 5.70132 4.14225 7.29923 2.17771 6.7023 7.29923 -2.17771 6.7023 7.29923 -5.70131 4.14225 -5.67873 -27.35 -0 5.67873 -27.35 -0 -5.67873 -22.1266 -16.0759 5.67873 -22.1266 -16.0759 -5.67873 -8.45161 -26.0114 5.67873 -8.45161 -26.0114 -5.67873 8.45162 -26.0114 5.67873 8.45162 -26.0114 -5.67873 22.1266 -16.0759 5.67873 22.1266 -16.0759 -5.67873 27.35 2.39101e-006 5.67873 27.35 2.39101e-006 -5.67873 22.1266 16.0759 5.67873 22.1266 16.0759 -5.67873 8.45161 26.0114 5.67873 8.45161 26.0114 -5.67873 -8.45162 26.0114 5.67873 -8.45162 26.0114 -5.67873 -22.1266 16.0759 5.67873 -22.1266 16.0759</float_array>
                    <technique_common>
                        <accessor count="62" source="#ID520" stride="3">
                            <param name="X" type="float"/>
                            <param name="Y" type="float"/>
                            <param name="Z" type="float"/>
                        </accessor>
                    </technique_common>
                </source>
                <source id="ID521">
                    <float_array id="ID522" count="159">-1 0 -0 -0.903022 -0.429595 1.68229e-008 -0.903022 -0.347549 -0.252509 -0.330594 -0.943773 3.28564e-008 0.330594 -0.943773 4.10705e-008 0.330594 -0.763529 -0.554736 -0.330593 -0.763529 -0.554736 0.962572 0.271027 1.56006e-008 1 0 -0 0.962572 0.219266 0.159306 -0.903022 -0.132752 -0.408569 0.330594 -0.291642 -0.897582 -0.330594 -0.291642 -0.897582 0.962572 0.0837519 0.257762 -0.903022 0.132752 -0.408569 0.330594 0.291642 -0.897582 -0.330594 0.291642 -0.897582 0.962572 -0.083752 0.257762 -0.903022 0.347549 -0.252509 0.330594 0.763529 -0.554736 -0.330593 0.763529 -0.554736 0.962572 -0.219265 0.159306 -0.903022 0.429595 2.52344e-008 0.330594 0.943773 4.92846e-008 -0.330594 0.943773 4.10705e-008 0.962572 -0.271027 -1.56006e-008 -0.903022 0.347549 0.25251 0.330594 0.763528 0.554736 -0.330593 0.763528 0.554736 0.962572 -0.219265 -0.159306 -0.903022 0.132752 0.408569 0.330594 0.291642 0.897582 -0.330593 0.291642 0.897582 0.962572 -0.0837519 -0.257762 -0.903022 -0.132752 0.408569 0.330594 -0.291642 0.897582 -0.330594 -0.291642 0.897582 0.962572 0.083752 -0.257762 -0.903022 -0.347549 0.252509 0.330594 -0.763528 0.554736 -0.330594 -0.763529 0.554736 0.962572 0.219266 -0.159306 0.903022 -0.429595 2.10287e-008 0.903022 -0.347549 -0.252509 0.903022 -0.132752 -0.408569 0.962572 -0.083752 0.257762 0.903022 0.132752 -0.408569 0.903022 0.347549 -0.252509 0.903022 0.429595 2.94402e-008 0.903022 0.347549 0.252509 0.903022 0.132752 0.408569 0.903022 -0.132752 0.408569 0.903022 -0.347549 0.252509</float_array>
                    <technique_common>
                        <accessor count="53" source="#ID522" stride="3">
                            <param name="X" type="float"/>
                            <param name="Y" type="float"/>
                            <param name="Z" type="float"/>
                        </accessor>
                    </technique_common>
                </source>
                <source id="ID523">
                    <float_array id="ID524" count="2">0 1</float_array>
                    <technique_common>
                        <accessor count="1" source="#ID524" stride="2">
                            <param name="S" type="float"/>
                            <param name="T" type="float"/>
                        </accessor>
                    </technique_common>
                </source>
                <vertices id="ID525">
                    <input semantic="POSITION" source="#ID519"/>
                </vertices>
                <polylist count="70" material="Material1">
                    <input offset="0" semantic="VERTEX" source="#ID525"/>
                    <input offset="1" semantic="NORMAL" source="#ID521"/>
                    <input offset="2" semantic="TEXCOORD" source="#ID523" set="0"/>
                    <vcount>3 4 3 3 4 3 3 4 3 3 4 3 3 4 3 3 4 3 3 4 3 3 4 3 3 4 3 3 4 3 4 4 4 4 4 4 4 4 4 4 4 4 4 4 4 4 4 4 4 4 4 4 4 4 4 4 4 4 4 4 4 4 4 4 4 4 4 4 4 4</vcount>
                    <p>4 2 0 2 1 0 0 0 0 44 6 0 45 5 0 43 4 0 42 3 0 33 9 0 1 8 0 32 7 0 6 10 0 4 2 0 0 0 0 46 12 0 47 11 0 45 5 0 44 6 0 34 13 0 1 8 0 33 9 0 8 14 0 6 10 0 0 0 0 48 16 0 49 15 0 47 11 0 46 12 0 35 17 0 1 8 0 34 13 0 10 18 0 8 14 0 0 0 0 50 20 0 51 19 0 49 15 0 48 16 0 36 21 0 1 8 0 35 17 0 12 22 0 10 18 0 0 0 0 52 24 0 53 23 0 51 19 0 50 20 0 37 25 0 1 8 0 36 21 0 14 26 0 12 22 0 0 0 0 54 28 0 55 27 0 53 23 0 52 24 0 38 29 0 1 8 0 37 25 0 16 30 0 14 26 0 0 0 0 56 32 0 57 31 0 55 27 0 54 28 0 39 33 0 1 8 0 38 29 0 18 34 0 16 30 0 0 0 0 58 36 0 59 35 0 57 31 0 56 32 0 40 37 0 1 8 0 39 33 0 20 38 0 18 34 0 0 0 0 60 40 0 61 39 0 59 35 0 58 36 0 41 41 0 1 8 0 40 37 0 2 1 0 20 38 0 0 0 0 42 3 0 43 4 0 61 39 0 60 40 0 32 7 0 1 8 0 41 41 0 5 43 0 23 9 0 22 7 0 3 42 0 7 44 0 24 13 0 23 9 0 5 43 0 9 46 0 25 45 0 24 13 0 7 44 0 11 47 0 26 21 0 25 45 0 9 46 0 13 48 0 27 25 0 26 21 0 11 47 0 15 49 0 28 29 0 27 25 0 13 48 0 17 50 0 29 33 0 28 29 0 15 49 0 19 51 0 30 37 0 29 33 0 17 50 0 21 52 0 31 41 0 30 37 0 19 51 0 3 42 0 22 7 0 31 41 0 21 52 0 23 9 0 33 9 0 32 7 0 22 7 0 24 13 0 34 13 0 33 9 0 23 9 0 25 45 0 35 17 0 34 13 0 24 13 0 26 21 0 36 21 0 35 17 0 25 45 0 27 25 0 37 25 0 36 21 0 26 21 0 28 29 0 38 29 0 37 25 0 27 25 0 29 33 0 39 33 0 38 29 0 28 29 0 30 37 0 40 37 0 39 33 0 29 33 0 31 41 0 41 41 0 40 37 0 30 37 0 22 7 0 32 7 0 41 41 0 31 41 0 4 2 0 44 6 0 42 3 0 2 1 0 3 42 0 43 4 0 45 5 0 5 43 0 6 10 0 46 12 0 44 6 0 4 2 0 5 43 0 45 5 0 47 11 0 7 44 0 8 14 0 48 16 0 46 12 0 6 10 0 7 44 0 47 11 0 49 15 0 9 46 0 10 18 0 50 20 0 48 16 0 8 14 0 9 46 0 49 15 0 51 19 0 11 47 0 12 22 0 52 24 0 50 20 0 10 18 0 11 47 0 51 19 0 53 23 0 13 48 0 14 26 0 54 28 0 52 24 0 12 22 0 13 48 0 53 23 0 55 27 0 15 49 0 16 30 0 56 32 0 54 28 0 14 26 0 15 49 0 55 27 0 57 31 0 17 50 0 18 34 0 58 36 0 56 32 0 16 30 0 17 50 0 57 31 0 59 35 0 19 51 0 20 38 0 60 40 0 58 36 0 18 34 0 19 51 0 59 35 0 61 39 0 21 52 0 2 1 0 42 3 0 60 40 0 20 38 0 21 52 0 61 39 0 43 4 0 3 42 0</p>
                </polylist>
            </mesh>
        </geometry>
        <geometry id="ID527">
            <mesh>
                <source id="ID528">
                    <float_array id="ID529" count="264">-90.5367 38.2816 92.3103 -63.3913 136.104 34.3339 -92.6498 38.2816 87.0032 -66.0401 134.445 34.3621 -65.5651 131.822 38.3968 -70.5482 137.335 26.8011 0 38.2816 93.0704 0 137.389 24.7847 -66.7734 140.284 23.6312 0 134.452 36.9808 0 140.289 -26.6451 -86.9887 38.2816 93.0704 -66.7771 140.289 -26.0172 -63.8678 134.19 37.1248 0 136.076 34.5518 -99.9719 38.0998 43.5783 0 48.1001 87.6817 0 126.606 44.5951 -73.2639 48.1001 87.6817 -55.0119 126.27 44.7798 -87.4199 51.059 85.367 -89.4692 51.0481 80.2613 -86.5848 51.2284 78.7688 -85.2494 51.059 82.3249 -98.5401 42.9285 42.762 -83.9922 51.1147 86.0271 -83.5005 51.059 82.7497 0 46.7048 85.1394 0 125.211 42.0528 -73.2639 46.7048 85.1394 -55.0119 124.874 42.2375 0 51.059 82.7497 -72.2472 51.059 82.7497 -88.7561 36.6715 90.1504 -64.3383 138.858 35.648 -90.0386 37.2389 86.234 -68.2541 136.202 35.292 -67.2108 133.906 40.3475 -68.1854 135.499 26.1405 0 36.8863 90.5281 0 140.289 24.4427 -66.2322 137.408 23.7934 0 136.425 39.2063 0 137.389 -30.1437 -86.8531 36.8632 90.5408 -66.7769 137.389 -29.5158 -64.1646 136.032 39.4217 0 138.858 35.648 -97.2698 37.1825 43.061 -95.5694 42.9308 42.0718 0 51.059 86.0577 -72.573 51.059 86.0577 90.5367 38.2816 92.3103 63.3913 136.104 34.3339 92.6498 38.2816 87.0032 66.0401 134.445 34.3621 65.5651 131.822 38.3968 70.5482 137.335 26.8011 66.7734 140.284 23.6312 86.9887 38.2816 93.0704 66.7771 140.289 -26.0172 63.8678 134.19 37.1248 99.9719 38.0998 43.5783 73.2639 48.1001 87.6817 55.0119 126.27 44.7798 87.4199 51.059 85.367 89.4692 51.0481 80.2613 86.5848 51.2284 78.7688 85.2494 51.059 82.3249 98.5401 42.9285 42.762 83.9922 51.1147 86.0271 83.5005 51.059 82.7497 73.2639 46.7048 85.1394 55.0119 124.874 42.2375 72.2472 51.059 82.7497 88.7561 36.6715 90.1504 64.3383 138.858 35.648 90.0386 37.2389 86.234 68.2541 136.202 35.292 67.2108 133.906 40.3475 68.1854 135.499 26.1405 66.2322 137.408 23.7934 86.8531 36.8632 90.5408 66.7769 137.389 -29.5158 64.1646 136.032 39.4217 97.2698 37.1825 43.061 95.5694 42.9308 42.0718 72.573 51.059 86.0577</float_array>
                    <technique_common>
                        <accessor count="88" source="#ID529" stride="3">
                            <param name="X" type="float"/>
                            <param name="Y" type="float"/>
                            <param name="Z" type="float"/>
                        </accessor>
                    </technique_common>
                </source>
                <source id="ID530">
                    <float_array id="ID531" count="348">0.927018 -0.323942 -0.188945 0.937593 -0.310079 -0.157387 0.901731 -0.353159 -0.249319 0.893406 -0.360771 -0.267713 0.167343 -0.633575 -0.755367 0.558243 -0.613526 -0.558526 0.561658 -0.49712 -0.661371 0.0806014 -0.493492 -0.866008 -0.290114 -0.899774 -0.325945 0.222342 -0.552681 -0.803186 0.71802 -0.600873 -0.351283 0.347406 -0.856762 -0.38114 0 -0.99794 -0.0641565 0 -1 0.000176267 -0.673594 -0.739093 0.00357785 0.556894 0.497721 0.664938 0.894896 0.356042 0.269065 0.89523 -0.381608 0.230085 0.61949 -0.328139 0.713132 -0.0972748 0.622265 0.776739 3.02105e-008 0.481132 0.876648 7.09828e-008 0.680646 0.732612 -0.0755542 0.492617 0.86696 -0.0589064 0.490473 0.869463 3.01112e-008 0.481132 0.876648 0 0.481132 0.876648 0 0.481132 0.876648 0 -0.935252 -0.353982 -4.30351e-012 -0.673426 -0.739254 0 0.663661 0.748033 0 0.481132 0.876648 -0.247131 -0.0913641 -0.964665 -0.41644 -0.183219 -0.89051 -0.825304 0.15612 -0.542679 -0.89523 -0.381608 0.230085 -0.406688 -0.909622 0.0848073 -0.372554 -0.698162 -0.61137 -0.818256 -0.400246 -0.412626 -0.0315563 -0.866393 0.498364 -0.282297 -0.902782 0.324487 -0.61949 -0.328139 0.713132 -0.871408 -0.208833 -0.443888 -0.995686 -0.0926505 0.0051131 -0.00321568 0.940721 -0.339167 -0.00600622 0.76988 -0.638161 0 0.769894 -0.638172 0 0.940726 -0.339169 0.0712611 -0.492481 -0.867401 3.38812e-008 -0.481132 -0.876648 1.01629e-007 -0.481132 -0.876648 0 -0.481132 -0.876648 0 -0.481132 -0.876648 7.62096e-008 -0.481132 -0.876648 0 -0.481132 -0.876648 0 -0.874448 0.48512 0.585574 -0.493148 -0.643357 -0.764229 0.599388 0.238092 -0.739613 0.590003 0.323835 -0.894896 0.356042 0.269065 -0.556894 0.497721 0.664938 -0.495958 0.633063 0.594353 -0.296229 0.8627 0.409874 -0.183011 0.975541 0.121766 0 0.998121 0.0612723 0.739613 0.590003 0.323835 0.495958 0.633063 0.594354 0 -0.481132 -0.876648 0 0.931619 0.363437 7.22464e-014 0.860561 0.509346 -0.927018 -0.323942 -0.188945 -0.893406 -0.360771 -0.267713 -0.901731 -0.353159 -0.249319 -0.937593 -0.310079 -0.157387 -0.167343 -0.633575 -0.755367 -0.0806014 -0.493492 -0.866008 -0.561658 -0.49712 -0.661371 -0.558243 -0.613526 -0.558526 0.290114 -0.899774 -0.325946 -0.347406 -0.856762 -0.38114 -0.71802 -0.600873 -0.351283 -0.222342 -0.552681 -0.803186 0.673594 -0.739093 0.00357785 -7.09827e-008 0.680646 0.732612 0.0755542 0.492617 0.86696 0.0589064 0.490473 0.869463 -3.01112e-008 0.481132 0.876648 0.0972748 0.622265 0.776739 -3.02105e-008 0.481132 0.876648 0.247131 -0.0913641 -0.964665 0.825304 0.15612 -0.542679 0.41644 -0.183219 -0.89051 0.818256 -0.400246 -0.412626 0.372554 -0.698162 -0.61137 0.406688 -0.909622 0.0848073 0.0315563 -0.866393 0.498364 0.282297 -0.902782 0.324487 0.871408 -0.208833 -0.443888 0.995686 -0.0926505 0.0051131 0.00321568 0.940721 -0.339167 0.00600622 0.76988 -0.638161 -0.0712611 -0.492481 -0.867401 -1.01629e-007 -0.481132 -0.876648 -3.38812e-008 -0.481132 -0.876648 -7.62096e-008 -0.481132 -0.876648 -0.585574 -0.493148 -0.643357 0.764229 0.599388 0.238092 0.296229 0.8627 0.409874 0.183011 0.975541 0.121766 -0.979687 -0.175797 0.096484 -0.634944 -0.677261 0.371704 -4.65673e-010 -0.876648 0.481133 0.634944 -0.67726 0.371704 0.979687 -0.175796 0.0964844 5.29192e-008 1 -2.59104e-009 1.24345e-013 1 2.60331e-009 -5.2919e-008 1 7.79767e-009</float_array>
                    <technique_common>
                        <accessor count="116" source="#ID531" stride="3">
                            <param name="X" type="float"/>
                            <param name="Y" type="float"/>
                            <param name="Z" type="float"/>
                        </accessor>
                    </technique_common>
                </source>
                <source id="ID532">
                    <float_array id="ID533" count="2">0 1</float_array>
                    <technique_common>
                        <accessor count="1" source="#ID533" stride="2">
                            <param name="S" type="float"/>
                            <param name="T" type="float"/>
                        </accessor>
                    </technique_common>
                </source>
                <vertices id="ID534">
                    <input semantic="POSITION" source="#ID528"/>
                </vertices>
                <polylist count="92" material="Material1">
                    <input offset="0" semantic="VERTEX" source="#ID534"/>
                    <input offset="1" semantic="NORMAL" source="#ID530"/>
                    <input offset="2" semantic="TEXCOORD" source="#ID532" set="0"/>
                    <vcount>4 4 4 4 3 4 3 4 4 4 4 4 4 4 4 4 4 4 4 4 4 4 4 4 4 4 4 4 4 4 3 4 3 4 4 4 4 4 4 4 4 4 4 4 4 4 4 4 4 3 4 3 4 4 4 4 4 4 4 4 4 4 4 4 4 4 4 4 4 4 4 4 4 4 4 3 4 3 4 4 4 4 4 4 4 4 4 4 4 4 4 4</vcount>
                    <p>22 3 0 35 2 0 48 1 0 49 0 0 26 7 0 23 6 0 4 5 0 13 4 0 1 11 0 3 10 0 38 9 0 41 8 0 45 14 0 43 13 0 7 12 0 41 8 0 4 5 0 3 10 0 1 11 0 52 18 0 54 17 0 66 16 0 65 15 0 1 11 0 13 4 0 4 5 0 25 22 0 51 21 0 19 20 0 46 19 0 6 26 0 16 25 0 18 24 0 11 23 0 9 28 0 13 4 0 1 11 0 14 27 0 46 19 0 19 20 0 17 30 0 42 29 0 24 33 0 5 32 0 38 9 0 49 31 0 41 8 0 7 12 0 14 27 0 1 11 0 15 37 0 48 36 0 35 35 0 2 34 0 0 40 0 33 39 0 44 38 0 11 38 0 8 41 0 41 8 0 38 9 0 5 32 0 12 42 0 45 14 0 41 8 0 8 41 0 22 3 0 3 10 0 4 5 0 23 6 0 10 46 0 43 45 0 45 44 0 12 43 0 2 34 0 35 35 0 33 39 0 0 40 0 26 7 0 32 49 0 29 48 0 44 47 0 44 47 0 29 48 0 27 51 0 39 50 0 9 28 0 28 53 0 30 52 0 13 4 0 11 38 0 44 38 0 39 54 0 6 54 0 49 0 0 38 9 0 3 10 0 22 3 0 26 7 0 44 47 0 33 55 0 23 6 0 21 58 0 36 57 0 5 56 0 24 33 0 25 22 0 46 19 0 37 60 0 20 59 0 8 62 0 5 56 0 36 57 0 34 61 0 8 62 0 40 63 0 10 46 0 12 43 0 34 61 0 36 57 0 37 60 0 79 65 0 65 15 0 66 16 0 78 64 0 37 60 0 46 19 0 34 61 0 31 66 0 27 51 0 29 48 0 32 49 0 23 6 0 33 55 0 35 2 0 22 3 0 47 67 0 34 61 0 46 19 0 42 29 0 26 7 0 13 4 0 30 52 0 32 49 0 24 33 0 15 37 0 2 34 0 21 58 0 34 61 0 47 67 0 40 63 0 8 62 0 20 59 0 0 40 0 11 23 0 25 22 0 51 21 0 18 24 0 16 25 0 50 68 0 21 58 0 2 34 0 0 40 0 20 59 0 25 22 0 11 23 0 18 24 0 51 21 0 21 58 0 20 59 0 37 60 0 36 57 0 49 31 0 48 36 0 15 37 0 24 33 0 85 72 0 77 71 0 67 70 0 86 69 0 56 76 0 68 75 0 71 74 0 61 73 0 80 80 0 55 79 0 53 78 0 81 77 0 7 12 0 43 13 0 83 81 0 81 77 0 55 79 0 56 76 0 53 78 0 63 85 0 59 84 0 70 83 0 87 82 0 61 73 0 53 78 0 56 76 0 64 87 0 87 82 0 70 83 0 84 86 0 63 85 0 16 25 0 6 26 0 59 84 0 53 78 0 61 73 0 9 28 0 14 27 0 17 30 0 64 87 0 84 86 0 42 29 0 80 80 0 57 90 0 69 89 0 86 88 0 14 27 0 7 12 0 81 77 0 53 78 0 77 93 0 85 92 0 62 91 0 54 17 0 82 94 0 75 95 0 52 18 0 59 94 0 80 80 0 81 77 0 58 96 0 57 90 0 81 77 0 83 81 0 60 97 0 58 96 0 56 76 0 55 79 0 67 70 0 68 75 0 83 99 0 43 45 0 10 46 0 60 98 0 75 95 0 77 93 0 54 17 0 52 18 0 72 102 0 74 101 0 71 74 0 82 100 0 27 51 0 72 102 0 82 100 0 39 50 0 73 103 0 28 53 0 9 28 0 61 73 0 39 54 0 82 94 0 59 94 0 6 54 0 55 79 0 80 80 0 86 69 0 67 70 0 75 104 0 82 100 0 71 74 0 68 75 0 57 105 0 78 64 0 66 16 0 69 89 0 79 65 0 84 86 0 70 83 0 65 15 0 78 64 0 57 105 0 58 107 0 76 106 0 10 46 0 40 63 0 58 107 0 60 98 0 78 64 0 76 106 0 79 65 0 62 91 0 85 92 0 86 88 0 69 89 0 84 86 0 79 65 0 76 106 0 72 102 0 27 51 0 31 66 0 74 101 0 77 71 0 75 104 0 68 75 0 67 70 0 84 86 0 76 106 0 47 67 0 42 29 0 73 103 0 61 73 0 71 74 0 74 101 0 54 17 0 62 91 0 69 89 0 66 16 0 40 63 0 47 67 0 76 106 0 58 107 0 59 84 0 52 18 0 65 15 0 70 83 0 16 25 0 63 85 0 87 82 0 50 68 0 87 108 0 64 109 0 73 109 0 74 108 0 64 109 0 17 110 0 28 110 0 73 109 0 17 110 0 19 111 0 30 111 0 28 110 0 19 111 0 51 112 0 32 112 0 30 111 0 51 21 0 50 68 0 31 114 0 32 113 0 50 68 0 87 82 0 74 115 0 31 114 0</p>
                </polylist>
            </mesh>
        </geometry>
        <geometry id="ID542">
            <mesh>
                <source id="ID543">
                    <float_array id="ID544" count="264">-90.5367 38.2816 92.3103 -63.3913 136.104 34.3339 -92.6498 38.2816 87.0032 -66.0401 134.445 34.3621 -65.5651 131.822 38.3968 -70.5482 137.335 26.8011 0 38.2816 93.0704 0 137.389 24.7847 -66.7734 140.284 23.6312 0 134.452 36.9808 0 140.289 -26.6451 -86.9887 38.2816 93.0704 -66.7771 140.289 -26.0172 -63.8678 134.19 37.1248 0 136.076 34.5518 -99.9719 38.0998 43.5783 0 48.1001 87.6817 0 126.606 44.5951 -73.2639 48.1001 87.6817 -55.0119 126.27 44.7798 -87.4199 51.059 85.367 -89.4692 51.0481 80.2613 -86.5848 51.2284 78.7688 -85.2494 51.059 82.3249 -98.5401 42.9285 42.762 -83.9922 51.1147 86.0271 -83.5005 51.059 82.7497 0 46.7048 85.1394 0 125.211 42.0528 -73.2639 46.7048 85.1394 -55.0119 124.874 42.2375 0 51.059 82.7497 -72.2472 51.059 82.7497 -88.7561 36.6715 90.1504 -64.3383 138.858 35.648 -90.0386 37.2389 86.234 -68.2541 136.202 35.292 -67.2108 133.906 40.3475 -68.1854 135.499 26.1405 0 36.8863 90.5281 0 140.289 24.4427 -66.2322 137.408 23.7934 0 136.425 39.2063 0 137.389 -30.1437 -86.8531 36.8632 90.5408 -66.7769 137.389 -29.5158 -64.1646 136.032 39.4217 0 138.858 35.648 -97.2698 37.1825 43.061 -95.5694 42.9308 42.0718 0 51.059 86.0577 -72.573 51.059 86.0577 90.5367 38.2816 92.3103 63.3913 136.104 34.3339 92.6498 38.2816 87.0032 66.0401 134.445 34.3621 65.5651 131.822 38.3968 70.5482 137.335 26.8011 66.7734 140.284 23.6312 86.9887 38.2816 93.0704 66.7771 140.289 -26.0172 63.8678 134.19 37.1248 99.9719 38.0998 43.5783 73.2639 48.1001 87.6817 55.0119 126.27 44.7798 87.4199 51.059 85.367 89.4692 51.0481 80.2613 86.5848 51.2284 78.7688 85.2494 51.059 82.3249 98.5401 42.9285 42.762 83.9922 51.1147 86.0271 83.5005 51.059 82.7497 73.2639 46.7048 85.1394 55.0119 124.874 42.2375 72.2472 51.059 82.7497 88.7561 36.6715 90.1504 64.3383 138.858 35.648 90.0386 37.2389 86.234 68.2541 136.202 35.292 67.2108 133.906 40.3475 68.1854 135.499 26.1405 66.2322 137.408 23.7934 86.8531 36.8632 90.5408 66.7769 137.389 -29.5158 64.1646 136.032 39.4217 97.2698 37.1825 43.061 95.5694 42.9308 42.0718 72.573 51.059 86.0577</float_array>
                    <technique_common>
                        <accessor count="88" source="#ID544" stride="3">
                            <param name="X" type="float"/>
                            <param name="Y" type="float"/>
                            <param name="Z" type="float"/>
                        </accessor>
                    </technique_common>
                </source>
                <source id="ID545">
                    <float_array id="ID546" count="51">7.22464e-014 -0.860561 -0.509347 0 -0.481132 -0.876648 -4.42856e-008 -0.481132 -0.876648 -5.64774e-008 -0.860561 -0.509347 -3.49947e-008 0.481132 0.876648 0 0.481132 0.876648 5.64776e-008 -0.860561 -0.509347 4.42856e-008 -0.481132 -0.876648 3.49947e-008 0.481132 0.876648 -0.634944 0.677261 -0.371704 -4.65673e-010 0.876648 -0.481133 0.634944 0.677261 -0.371704 -0.979687 0.175797 -0.096484 -5.2919e-008 -1 -7.79767e-009 1.24345e-013 -1 -2.60331e-009 5.29192e-008 -1 2.59104e-009 0.979687 0.175796 -0.0964844</float_array>
                    <technique_common>
                        <accessor count="17" source="#ID546" stride="3">
                            <param name="X" type="float"/>
                            <param name="Y" type="float"/>
                            <param name="Z" type="float"/>
                        </accessor>
                    </technique_common>
                </source>
                <source id="ID547">
                    <float_array id="ID548" count="2">0 1</float_array>
                    <technique_common>
                        <accessor count="1" source="#ID548" stride="2">
                            <param name="S" type="float"/>
                            <param name="T" type="float"/>
                        </accessor>
                    </technique_common>
                </source>
                <vertices id="ID549">
                    <input semantic="POSITION" source="#ID543"/>
                </vertices>
                <polylist count="10" material="Material1">
                    <input offset="0" semantic="VERTEX" source="#ID549"/>
                    <input offset="1" semantic="NORMAL" source="#ID545"/>
                    <input offset="2" semantic="TEXCOORD" source="#ID547" set="0"/>
                    <vcount>4 4 4 4 4 4 4 4 4 4</vcount>
                    <p>32 3 0 30 2 0 28 1 0 31 0 0 51 4 0 50 5 0 17 5 0 19 4 0 28 1 0 73 7 0 74 6 0 31 0 0 17 5 0 50 5 0 87 8 0 64 8 0 19 9 0 17 10 0 28 10 0 30 9 0 17 10 0 64 11 0 73 11 0 28 10 0 51 12 0 19 9 0 30 9 0 32 12 0 50 14 0 51 13 0 32 3 0 31 0 0 87 15 0 50 14 0 31 0 0 74 6 0 74 16 0 73 11 0 64 11 0 87 16 0</p>
                </polylist>
            </mesh>
        </geometry>
    </library_geometries>
    <library_animations>
        <animation>
            <animation>
                <source id="ID83">
                    <float_array id="ID84" count="131">0 0.0333333 0.0666667 0.1 0.133333 0.166667 0.2 0.233333 0.266667 0.3 0.333333 0.366667 0.4 0.433333 0.466667 0.5 0.533333 0.566667 0.6 0.633333 0.666667 0.7 0.733333 0.766667 0.8 0.833333 0.866667 0.9 0.933333 0.966667 1 1.03333 1.06667 1.1 1.13333 1.16667 1.2 1.23333 1.26667 1.3 1.33333 1.36667 1.4 1.43333 1.46667 1.5 1.53333 1.56667 1.6 1.63333 1.66667 1.7 1.73333 1.76667 1.8 1.83333 1.86667 1.9 1.93333 1.96667 2 2.03333 2.06667 2.1 2.13333 2.16667 2.2 2.23333 2.26667 2.3 2.33333 2.36667 2.4 2.43333 2.46667 2.5 2.53333 2.56667 2.6 2.63333 2.66667 2.7 2.73333 2.76667 2.8 2.83333 2.86667 2.9 2.93333 2.96667 3 3.03333 3.06667 3.1 3.13333 3.16667 3.2 3.23333 3.26667 3.3 3.33333 3.36667 3.4 3.43333 3.46667 3.5 3.53333 3.56667 3.6 3.63333 3.66667 3.7 3.73333 3.76667 3.8 3.83333 3.86667 3.9 3.93333 3.96667 4 4.03333 4.06667 4.1 4.13333 4.16667 4.2 4.23333 4.26667 4.3 4.33333</float_array>
                    <technique_common>
                        <accessor count="131" source="#ID84">
                            <param name="TIME" type="float"/>
                        </accessor>
                    </technique_common>
                </source>
                <source id="ID85">
                    <float_array id="ID86" count="131">7.96901 7.95903 7.92962 7.8816 7.81577 7.73295 7.63393 7.51953 7.39054 7.2478 7.09209 6.92423 6.74502 6.55529 6.35582 6.14742 5.93092 5.70712 5.47682 5.24082 4.99995 4.75501 4.50681 4.25613 4.00382 3.75067 3.49749 3.24506 2.99424 2.7458 2.50056 2.24997 1.98643 1.7118 1.4276 1.1351 0.835339 0.529255 0.217617 -0.0988541 -0.41951 -0.743774 -1.07108 -1.40093 -1.73278 -2.06618 -2.40057 -2.73546 -3.07028 -3.40442 -3.73721 -4.06788 -4.39552 -4.71902 -5.03698 -5.34759 -5.64838 -5.93571 -6.20395 -6.44332 -6.63332 -6.78561 -6.93446 -7.06834 -7.16055 -7.17439 -7.10933 -7.00231 -6.88072 -6.75627 -6.63332 -6.44858 -6.19998 -5.92238 -5.62809 -5.3231 -5.01093 -4.69381 -4.3733 -4.05048 -3.7262 -3.40113 -3.0758 -2.75063 -2.42604 -2.10231 -1.77973 -1.45857 -1.13903 -0.821346 -0.505692 -0.192268 0.118771 0.427216 0.73296 1.03577 1.33552 1.63202 1.92517 2.21471 2.50056 2.78249 3.06032 3.33392 3.60302 3.86745 4.12703 4.38146 4.63061 4.87412 5.11184 5.34338 5.56854 5.78694 5.99823 6.20207 6.39806 6.58573 6.76465 6.93426 7.09404 7.24334 7.38147 7.50766 7.62107 7.72073 7.80555 7.87432 7.92561 7.95781 7.96901</float_array>
                    <technique_common>
                        <accessor count="131" source="#ID86">
                            <param name="Y" type="float"/>
                        </accessor>
                    </technique_common>
                </source>
                <sampler id="ID87">
                    <input semantic="INPUT" source="#ID83"/>
                    <input semantic="OUTPUT" source="#ID85"/>
                </sampler>
                <channel source="#ID87" target="ID82/translate.Y"/>
            </animation>
            <animation>
                <source id="ID88">
                    <float_array id="ID89" count="131">0 0.0333333 0.0666667 0.1 0.133333 0.166667 0.2 0.233333 0.266667 0.3 0.333333 0.366667 0.4 0.433333 0.466667 0.5 0.533333 0.566667 0.6 0.633333 0.666667 0.7 0.733333 0.766667 0.8 0.833333 0.866667 0.9 0.933333 0.966667 1 1.03333 1.06667 1.1 1.13333 1.16667 1.2 1.23333 1.26667 1.3 1.33333 1.36667 1.4 1.43333 1.46667 1.5 1.53333 1.56667 1.6 1.63333 1.66667 1.7 1.73333 1.76667 1.8 1.83333 1.86667 1.9 1.93333 1.96667 2 2.03333 2.06667 2.1 2.13333 2.16667 2.2 2.23333 2.26667 2.3 2.33333 2.36667 2.4 2.43333 2.46667 2.5 2.53333 2.56667 2.6 2.63333 2.66667 2.7 2.73333 2.76667 2.8 2.83333 2.86667 2.9 2.93333 2.96667 3 3.03333 3.06667 3.1 3.13333 3.16667 3.2 3.23333 3.26667 3.3 3.33333 3.36667 3.4 3.43333 3.46667 3.5 3.53333 3.56667 3.6 3.63333 3.66667 3.7 3.73333 3.76667 3.8 3.83333 3.86667 3.9 3.93333 3.96667 4 4.03333 4.06667 4.1 4.13333 4.16667 4.2 4.23333 4.26667 4.3 4.33333</float_array>
                    <technique_common>
                        <accessor count="131" source="#ID89">
                            <param name="TIME" type="float"/>
                        </accessor>
                    </technique_common>
                </source>
                <source id="ID90">
                    <float_array id="ID91" count="131">13.3209 13.2921 13.2071 13.0684 12.8781 12.6388 12.3527 12.0221 11.6494 11.2369 10.787 10.3019 9.78408 9.23581 8.65944 8.05725 7.43165 6.78495 6.11948 5.43753 4.74151 4.03373 3.31651 2.59216 1.86308 1.13157 0.399963 -0.329445 -1.05424 -1.77212 -2.48078 -3.20715 -3.97529 -4.77943 -5.61473 -6.47712 -7.36316 -8.26962 -9.19398 -10.1336 -11.0862 -12.0499 -13.0224 -14.002 -14.9865 -15.9743 -16.9632 -17.9512 -18.9362 -19.9157 -20.8871 -21.8474 -22.7929 -23.7194 -24.6216 -25.4927 -26.3238 -27.1024 -27.8102 -28.4182 -28.8741 -28.8792 -28.8845 -28.8901 -28.8956 -28.8982 -28.8948 -28.8895 -28.8841 -28.879 -28.8741 -28.3403 -27.622 -26.8198 -25.9694 -25.0881 -24.1861 -23.2697 -22.3436 -21.4107 -20.4737 -19.5343 -18.5943 -17.6547 -16.7167 -15.7813 -14.8491 -13.9211 -12.9978 -12.0798 -11.1677 -10.262 -9.3632 -8.47192 -7.58844 -6.71344 -5.84729 -4.99052 -4.14341 -3.30676 -2.48078 -1.66611 -0.86327 -0.0726738 0.704926 1.469 2.2191 2.95432 3.67424 4.37791 5.06481 5.73389 6.38452 7.01559 7.62614 8.21516 8.78148 9.32378 9.84079 10.3309 10.7926 11.224 11.6232 11.9878 12.3155 12.6035 12.8486 13.0473 13.1955 13.2885 13.3209</float_array>
                    <technique_common>
                        <accessor count="131" source="#ID91">
                            <param name="Z" type="float"/>
                        </accessor>
                    </technique_common>
                </source>
                <sampler id="ID92">
                    <input semantic="INPUT" source="#ID88"/>
                    <input semantic="OUTPUT" source="#ID90"/>
                </sampler>
                <channel source="#ID92" target="ID82/translate.Z"/>
            </animation>
            <animation>
                <source id="ID93">
                    <float_array id="ID94" count="1">4.33333</float_array>
                    <technique_common>
                        <accessor count="1" source="#ID94">
                            <param name="TIME" type="float"/>
                        </accessor>
                    </technique_common>
                </source>
                <source id="ID95">
                    <float_array id="ID96" count="1">0</float_array>
                    <technique_common>
                        <accessor count="1" source="#ID96">
                            <param name="ANGLE" type="float"/>
                        </accessor>
                    </technique_common>
                </source>
                <sampler id="ID97">
                    <input semantic="INPUT" source="#ID93"/>
                    <input semantic="OUTPUT" source="#ID95"/>
                </sampler>
                <channel source="#ID97" target="ID82/rotateY.ANGLE"/>
            </animation>
            <animation>
                <source id="ID98">
                    <float_array id="ID99" count="131">0 0.0333333 0.0666667 0.1 0.133333 0.166667 0.2 0.233333 0.266667 0.3 0.333333 0.366667 0.4 0.433333 0.466667 0.5 0.533333 0.566667 0.6 0.633333 0.666667 0.7 0.733333 0.766667 0.8 0.833333 0.866667 0.9 0.933333 0.966667 1 1.03333 1.06667 1.1 1.13333 1.16667 1.2 1.23333 1.26667 1.3 1.33333 1.36667 1.4 1.43333 1.46667 1.5 1.53333 1.56667 1.6 1.63333 1.66667 1.7 1.73333 1.76667 1.8 1.83333 1.86667 1.9 1.93333 1.96667 2 2.03333 2.06667 2.1 2.13333 2.16667 2.2 2.23333 2.26667 2.3 2.33333 2.36667 2.4 2.43333 2.46667 2.5 2.53333 2.56667 2.6 2.63333 2.66667 2.7 2.73333 2.76667 2.8 2.83333 2.86667 2.9 2.93333 2.96667 3 3.03333 3.06667 3.1 3.13333 3.16667 3.2 3.23333 3.26667 3.3 3.33333 3.36667 3.4 3.43333 3.46667 3.5 3.53333 3.56667 3.6 3.63333 3.66667 3.7 3.73333 3.76667 3.8 3.83333 3.86667 3.9 3.93333 3.96667 4 4.03333 4.06667 4.1 4.13333 4.16667 4.2 4.23333 4.26667 4.3 4.33333</float_array>
                    <technique_common>
                        <accessor count="131" source="#ID99">
                            <param name="TIME" type="float"/>
                        </accessor>
                    </technique_common>
                </source>
                <source id="ID100">
                    <float_array id="ID101" count="131">-1.73028e-005 0.106449 0.418141 0.923511 1.61106 2.46917 3.48632 4.65097 5.95166 7.37668 8.91457 10.5538 12.2829 14.0901 15.964 17.8932 19.8658 21.8705 23.8957 25.93 27.9616 29.979 31.9708 33.9255 35.8313 37.6768 39.4504 41.1408 42.7361 44.2249 45.5957 46.8952 48.1789 49.448 50.7035 51.9462 53.1768 54.3956 55.6032 56.7996 57.9852 59.16 60.3239 61.4769 62.6188 63.7493 64.8682 65.9747 67.0686 68.1488 69.2145 70.2645 71.2971 72.3107 73.3027 74.2697 75.2075 76.1097 76.967 77.7646 78.4758 78.4505 78.4243 78.3977 78.3753 78.375 78.395 78.4172 78.4382 78.4577 78.4758 77.483 76.1469 74.6551 73.0735 71.4344 69.7568 68.0525 66.33 64.595 62.8524 61.1053 59.357 57.6094 55.8651 54.1252 52.3916 50.6657 48.9484 47.2411 45.5447 43.8603 42.1887 40.531 38.8879 37.2605 35.6496 34.0562 32.4807 30.9247 29.3885 27.8734 26.3802 24.9098 23.4636 22.0426 20.6475 19.2801 17.9412 16.6325 15.355 14.1106 12.9005 11.7268 10.5913 9.49586 8.44259 7.43402 6.47243 5.5609 4.70227 3.89986 3.15752 2.47931 1.86987 1.3343 0.878427 0.508859 0.233193 0.0601976 -1.73028e-005</float_array>
                    <technique_common>
                        <accessor count="131" source="#ID101">
                            <param name="ANGLE" type="float"/>
                        </accessor>
                    </technique_common>
                </source>
                <sampler id="ID102">
                    <input semantic="INPUT" source="#ID98"/>
                    <input semantic="OUTPUT" source="#ID100"/>
                </sampler>
                <channel source="#ID102" target="ID82/rotateX.ANGLE"/>
            </animation>
            <animation>
                <source id="ID103">
                    <float_array id="ID104" count="1">4.33333</float_array>
                    <technique_common>
                        <accessor count="1" source="#ID104">
                            <param name="TIME" type="float"/>
                        </accessor>
                    </technique_common>
                </source>
                <source id="ID105">
                    <float_array id="ID106" count="1">-0</float_array>
                    <technique_common>
                        <accessor count="1" source="#ID106">
                            <param name="ANGLE" type="float"/>
                        </accessor>
                    </technique_common>
                </source>
                <sampler id="ID107">
                    <input semantic="INPUT" source="#ID103"/>
                    <input semantic="OUTPUT" source="#ID105"/>
                </sampler>
                <channel source="#ID107" target="ID82/rotateZ.ANGLE"/>
            </animation>
            <animation>
                <source id="ID108">
                    <float_array id="ID109" count="90">0 0.133333 0.166667 0.2 0.233333 0.266667 0.3 0.333333 0.466667 0.5 0.533333 0.566667 0.6 0.633333 0.766667 0.8 0.833333 0.933333 0.966667 1 1.13333 1.16667 1.2 1.33333 1.36667 1.4 1.46667 1.5 1.53333 1.56667 1.6 1.63333 1.66667 1.7 1.73333 1.76667 1.83333 1.86667 1.9 1.93333 1.96667 2 2.03333 2.06667 2.1 2.13333 2.16667 2.2 2.26667 2.3 2.33333 2.36667 2.4 2.43333 2.46667 2.5 2.53333 2.56667 2.8 2.83333 2.86667 2.9 2.93333 3.06667 3.1 3.13333 3.26667 3.3 3.33333 3.36667 3.5 3.53333 3.56667 3.6 3.7 3.73333 3.83333 3.86667 3.9 3.93333 3.96667 4 4.03333 4.1 4.13333 4.16667 4.2 4.23333 4.26667 4.33333</float_array>
                    <technique_common>
                        <accessor count="90" source="#ID109">
                            <param name="TIME" type="float"/>
                        </accessor>
                    </technique_common>
                </source>
                <source id="ID110">
                    <float_array id="ID111" count="90">1 1 1 1 1 1 1 1 1 1 1 1 1 1 1 1 1 1 1 1 1 1 1 1 1 1 1 1 1 1 1 1 1 1 1 1 1 1 1 1 1 1 1 1 1 1 1 1 1 1 1 1 1 1 1 1 1 1 1 1 1 1 1 1 1 1 1 1 1 1 1 1 1 1 1 1 1 1 1 1 1 1 1 1 1 1 1 1 1 1</float_array>
                    <technique_common>
                        <accessor count="90" source="#ID111">
                            <param name="Y" type="float"/>
                        </accessor>
                    </technique_common>
                </source>
                <sampler id="ID112">
                    <input semantic="INPUT" source="#ID108"/>
                    <input semantic="OUTPUT" source="#ID110"/>
                </sampler>
                <channel source="#ID112" target="ID82/scale.Y"/>
            </animation>
            <animation>
                <source id="ID113">
                    <float_array id="ID114" count="90">0 0.133333 0.166667 0.2 0.233333 0.266667 0.3 0.333333 0.466667 0.5 0.533333 0.566667 0.6 0.633333 0.766667 0.8 0.833333 0.933333 0.966667 1 1.13333 1.16667 1.2 1.33333 1.36667 1.4 1.46667 1.5 1.53333 1.56667 1.6 1.63333 1.66667 1.7 1.73333 1.76667 1.83333 1.86667 1.9 1.93333 1.96667 2 2.03333 2.06667 2.1 2.13333 2.16667 2.2 2.26667 2.3 2.33333 2.36667 2.4 2.43333 2.46667 2.5 2.53333 2.56667 2.8 2.83333 2.86667 2.9 2.93333 3.06667 3.1 3.13333 3.26667 3.3 3.33333 3.36667 3.5 3.53333 3.56667 3.6 3.7 3.73333 3.83333 3.86667 3.9 3.93333 3.96667 4 4.03333 4.1 4.13333 4.16667 4.2 4.23333 4.26667 4.33333</float_array>
                    <technique_common>
                        <accessor count="90" source="#ID114">
                            <param name="TIME" type="float"/>
                        </accessor>
                    </technique_common>
                </source>
                <source id="ID115">
                    <float_array id="ID116" count="90">1 1 1 1 1 1 1 1 1 1 1 1 1 1 1 1 1 1 1 1 1 1 1 1 1 1 1 1 1 1 1 1 1 1 1 1 1 1 1 1 1 1 1 1 1 1 1 1 1 1 1 1 1 1 1 1 1 1 1 1 1 1 1 1 1 1 1 1 1 1 1 1 1 1 1 1 1 1 1 1 1 1 1 1 1 1 1 1 1 1</float_array>
                    <technique_common>
                        <accessor count="90" source="#ID116">
                            <param name="Z" type="float"/>
                        </accessor>
                    </technique_common>
                </source>
                <sampler id="ID117">
                    <input semantic="INPUT" source="#ID113"/>
                    <input semantic="OUTPUT" source="#ID115"/>
                </sampler>
                <channel source="#ID117" target="ID82/scale.Z"/>
            </animation>
        </animation>
        <animation>
            <animation>
                <source id="ID119">
                    <float_array id="ID120" count="122">0 0.0333333 0.0666667 0.1 0.133333 0.166667 0.2 0.233333 0.266667 0.3 0.333333 0.366667 0.4 0.433333 0.466667 0.5 0.533333 0.566667 0.6 0.633333 0.666667 0.7 0.733333 0.766667 0.8 0.833333 0.866667 0.9 0.933333 0.966667 1 1.03333 1.06667 1.1 1.13333 1.16667 1.2 1.36667 1.4 1.43333 1.53333 1.56667 1.6 1.63333 1.66667 1.7 1.73333 1.76667 1.8 1.83333 1.86667 1.9 1.93333 1.96667 2 2.06667 2.1 2.13333 2.16667 2.23333 2.26667 2.3 2.33333 2.36667 2.4 2.43333 2.46667 2.5 2.53333 2.56667 2.6 2.63333 2.66667 2.73333 2.76667 2.8 2.83333 2.86667 2.9 2.93333 2.96667 3 3.03333 3.06667 3.1 3.13333 3.16667 3.2 3.23333 3.26667 3.3 3.33333 3.36667 3.4 3.43333 3.46667 3.5 3.53333 3.56667 3.6 3.63333 3.66667 3.7 3.73333 3.76667 3.8 3.83333 3.86667 3.9 3.93333 3.96667 4 4.03333 4.06667 4.1 4.13333 4.16667 4.2 4.23333 4.26667 4.3 4.33333</float_array>
                    <technique_common>
                        <accessor count="122" source="#ID120">
                            <param name="TIME" type="float"/>
                        </accessor>
                    </technique_common>
                </source>
                <source id="ID121">
                    <float_array id="ID122" count="122">94.6269 94.6269 94.6269 94.6269 94.6269 94.6269 94.6269 94.6269 94.6269 94.6269 94.6269 94.6269 94.6269 94.6269 94.6269 94.6269 94.6269 94.6269 94.6269 94.6269 94.6269 94.6269 94.6269 94.6269 94.6269 94.6269 94.6269 94.6269 94.6269 94.6269 94.6269 94.6269 94.6269 94.6269 94.6269 94.6269 94.6269 94.6269 94.6269 94.6269 94.6269 94.6269 94.6269 94.6269 94.6269 94.6269 94.6269 94.6269 94.6269 94.6269 94.6269 94.6269 94.6269 94.6269 94.6269 94.6269 94.6269 94.6269 94.6269 94.6269 94.6269 94.6269 94.6269 94.6269 94.6269 94.6269 94.6269 94.6269 94.6269 94.6269 94.6269 94.6269 94.6269 94.6269 94.6269 94.6269 94.6269 94.6269 94.6269 94.6269 94.6269 94.6269 94.6269 94.6269 94.6269 94.6269 94.6269 94.6269 94.6269 94.6269 94.6269 94.6269 94.6269 94.6269 94.6269 94.6269 94.6269 94.6269 94.6269 94.6269 94.6269 94.6269 94.6269 94.6269 94.6269 94.6269 94.6269 94.6269 94.6269 94.6269 94.6269 94.6269 94.6269 94.6269 94.6269 94.6269 94.6269 94.6269 94.6269 94.6269 94.6269 94.6269</float_array>
                    <technique_common>
                        <accessor count="122" source="#ID122">
                            <param name="Y" type="float"/>
                        </accessor>
                    </technique_common>
                </source>
                <sampler id="ID123">
                    <input semantic="INPUT" source="#ID119"/>
                    <input semantic="OUTPUT" source="#ID121"/>
                </sampler>
                <channel source="#ID123" target="ID118/translate.Y"/>
            </animation>
            <animation>
                <source id="ID124">
                    <float_array id="ID125" count="128">0 0.0333333 0.0666667 0.1 0.133333 0.166667 0.2 0.233333 0.266667 0.3 0.333333 0.366667 0.4 0.433333 0.466667 0.5 0.533333 0.566667 0.6 0.633333 0.666667 0.7 0.733333 0.766667 0.8 0.833333 0.866667 0.9 0.933333 0.966667 1 1.03333 1.06667 1.1 1.13333 1.16667 1.2 1.23333 1.3 1.33333 1.36667 1.4 1.43333 1.46667 1.5 1.53333 1.6 1.63333 1.66667 1.7 1.76667 1.8 1.83333 1.86667 1.9 1.93333 1.96667 2 2.03333 2.06667 2.1 2.13333 2.16667 2.2 2.23333 2.26667 2.3 2.33333 2.36667 2.4 2.43333 2.46667 2.5 2.53333 2.56667 2.6 2.63333 2.66667 2.7 2.73333 2.76667 2.8 2.83333 2.86667 2.9 2.93333 2.96667 3 3.03333 3.06667 3.1 3.13333 3.16667 3.2 3.23333 3.26667 3.3 3.33333 3.36667 3.4 3.43333 3.46667 3.5 3.53333 3.56667 3.6 3.63333 3.66667 3.7 3.73333 3.76667 3.8 3.83333 3.86667 3.9 3.93333 3.96667 4 4.03333 4.06667 4.1 4.13333 4.16667 4.2 4.23333 4.26667 4.3 4.33333</float_array>
                    <technique_common>
                        <accessor count="128" source="#ID125">
                            <param name="TIME" type="float"/>
                        </accessor>
                    </technique_common>
                </source>
                <source id="ID126">
                    <float_array id="ID127" count="128">-19.7162 -19.7162 -19.7162 -19.7162 -19.7162 -19.7162 -19.7162 -19.7162 -19.7162 -19.7162 -19.7162 -19.7162 -19.7162 -19.7162 -19.7162 -19.7162 -19.7162 -19.7162 -19.7162 -19.7162 -19.7162 -19.7162 -19.7162 -19.7162 -19.7162 -19.7162 -19.7162 -19.7162 -19.7162 -19.7162 -19.7162 -19.7162 -19.7162 -19.7162 -19.7162 -19.7162 -19.7162 -19.7162 -19.7162 -19.7162 -19.7162 -19.7162 -19.7162 -19.7162 -19.7162 -19.7162 -19.7162 -19.7162 -19.7162 -19.7162 -19.7162 -19.7162 -19.7162 -19.7162 -19.7162 -19.7162 -19.7162 -19.7162 -19.7162 -19.7162 -19.7162 -19.7162 -19.7162 -19.7162 -19.7162 -19.7162 -19.7162 -19.7162 -19.7162 -19.7162 -19.7162 -19.7162 -19.7162 -19.7162 -19.7162 -19.7162 -19.7162 -19.7162 -19.7162 -19.7162 -19.7162 -19.7162 -19.7162 -19.7162 -19.7162 -19.7162 -19.7162 -19.7162 -19.7162 -19.7162 -19.7162 -19.7162 -19.7162 -19.7162 -19.7162 -19.7162 -19.7162 -19.7162 -19.7162 -19.7162 -19.7162 -19.7162 -19.7162 -19.7162 -19.7162 -19.7162 -19.7162 -19.7162 -19.7162 -19.7162 -19.7162 -19.7162 -19.7162 -19.7162 -19.7162 -19.7162 -19.7162 -19.7162 -19.7162 -19.7162 -19.7162 -19.7162 -19.7162 -19.7162 -19.7162 -19.7162 -19.7162 -19.7162</float_array>
                    <technique_common>
                        <accessor count="128" source="#ID127">
                            <param name="Z" type="float"/>
                        </accessor>
                    </technique_common>
                </source>
                <sampler id="ID128">
                    <input semantic="INPUT" source="#ID124"/>
                    <input semantic="OUTPUT" source="#ID126"/>
                </sampler>
                <channel source="#ID128" target="ID118/translate.Z"/>
            </animation>
            <animation>
                <source id="ID129">
                    <float_array id="ID130" count="1">4.33333</float_array>
                    <technique_common>
                        <accessor count="1" source="#ID130">
                            <param name="TIME" type="float"/>
                        </accessor>
                    </technique_common>
                </source>
                <source id="ID131">
                    <float_array id="ID132" count="1">0</float_array>
                    <technique_common>
                        <accessor count="1" source="#ID132">
                            <param name="ANGLE" type="float"/>
                        </accessor>
                    </technique_common>
                </source>
                <sampler id="ID133">
                    <input semantic="INPUT" source="#ID129"/>
                    <input semantic="OUTPUT" source="#ID131"/>
                </sampler>
                <channel source="#ID133" target="ID118/rotateY.ANGLE"/>
            </animation>
            <animation>
                <source id="ID134">
                    <float_array id="ID135" count="131">0 0.0333333 0.0666667 0.1 0.133333 0.166667 0.2 0.233333 0.266667 0.3 0.333333 0.366667 0.4 0.433333 0.466667 0.5 0.533333 0.566667 0.6 0.633333 0.666667 0.7 0.733333 0.766667 0.8 0.833333 0.866667 0.9 0.933333 0.966667 1 1.03333 1.06667 1.1 1.13333 1.16667 1.2 1.23333 1.26667 1.3 1.33333 1.36667 1.4 1.43333 1.46667 1.5 1.53333 1.56667 1.6 1.63333 1.66667 1.7 1.73333 1.76667 1.8 1.83333 1.86667 1.9 1.93333 1.96667 2 2.03333 2.06667 2.1 2.13333 2.16667 2.2 2.23333 2.26667 2.3 2.33333 2.36667 2.4 2.43333 2.46667 2.5 2.53333 2.56667 2.6 2.63333 2.66667 2.7 2.73333 2.76667 2.8 2.83333 2.86667 2.9 2.93333 2.96667 3 3.03333 3.06667 3.1 3.13333 3.16667 3.2 3.23333 3.26667 3.3 3.33333 3.36667 3.4 3.43333 3.46667 3.5 3.53333 3.56667 3.6 3.63333 3.66667 3.7 3.73333 3.76667 3.8 3.83333 3.86667 3.9 3.93333 3.96667 4 4.03333 4.06667 4.1 4.13333 4.16667 4.2 4.23333 4.26667 4.3 4.33333</float_array>
                    <technique_common>
                        <accessor count="131" source="#ID135">
                            <param name="TIME" type="float"/>
                        </accessor>
                    </technique_common>
                </source>
                <source id="ID136">
                    <float_array id="ID137" count="131">1.62217e-005 0.120383 0.467817 1.02185 1.76204 2.66784 3.71881 4.89446 6.17441 7.53804 8.96492 10.4346 11.9267 13.4205 14.8957 16.3319 17.7084 19.0048 20.2007 21.2757 22.2091 22.9805 23.5695 23.9556 24.1183 24.0371 23.6916 23.0612 22.1256 20.8641 19.2564 17.2388 14.8063 12.0155 8.91267 5.53585 1.91648 -1.91772 -5.94373 -10.1408 -14.4903 -18.9759 -23.5819 -28.2948 -33.1003 -37.9862 -42.939 -47.9465 -52.9949 -58.0705 -63.158 -68.2406 -73.2984 -78.3084 -83.2413 -88.0599 -92.7136 -97.129 -101.192 -104.706 -107.258 -107.261 -107.265 -107.268 -107.272 -107.275 -107.275 -107.271 -107.266 -107.262 -107.258 -104.518 -100.067 -94.1416 -86.9784 -78.8137 -69.8835 -60.4245 -50.6725 -40.8643 -31.2364 -22.0246 -13.4657 -5.79568 0.748777 5.9316 10.0961 13.7151 16.7596 19.2245 21.1334 22.5395 23.519 24.1606 24.5546 24.7835 24.9176 25.0129 25.1121 25.2464 25.4381 25.4657 25.1769 24.6567 23.9618 23.1321 22.1974 21.1807 20.1003 18.9712 17.8063 16.6163 15.411 14.1992 12.9886 11.787 10.6014 9.43889 8.30634 7.21056 6.15879 5.15831 4.21689 3.34279 2.54494 1.83312 1.21822 0.712481 0.32969 0.0859338 1.00179e-005</float_array>
                    <technique_common>
                        <accessor count="131" source="#ID137">
                            <param name="ANGLE" type="float"/>
                        </accessor>
                    </technique_common>
                </source>
                <sampler id="ID138">
                    <input semantic="INPUT" source="#ID134"/>
                    <input semantic="OUTPUT" source="#ID136"/>
                </sampler>
                <channel source="#ID138" target="ID118/rotateX.ANGLE"/>
            </animation>
            <animation>
                <source id="ID139">
                    <float_array id="ID140" count="1">4.33333</float_array>
                    <technique_common>
                        <accessor count="1" source="#ID140">
                            <param name="TIME" type="float"/>
                        </accessor>
                    </technique_common>
                </source>
                <source id="ID141">
                    <float_array id="ID142" count="1">-0</float_array>
                    <technique_common>
                        <accessor count="1" source="#ID142">
                            <param name="ANGLE" type="float"/>
                        </accessor>
                    </technique_common>
                </source>
                <sampler id="ID143">
                    <input semantic="INPUT" source="#ID139"/>
                    <input semantic="OUTPUT" source="#ID141"/>
                </sampler>
                <channel source="#ID143" target="ID118/rotateZ.ANGLE"/>
            </animation>
            <animation>
                <source id="ID144">
                    <float_array id="ID145" count="2">0 4.33333</float_array>
                    <technique_common>
                        <accessor count="2" source="#ID145">
                            <param name="TIME" type="float"/>
                        </accessor>
                    </technique_common>
                </source>
                <source id="ID146">
                    <float_array id="ID147" count="2">1 1</float_array>
                    <technique_common>
                        <accessor count="2" source="#ID147">
                            <param name="X" type="float"/>
                        </accessor>
                    </technique_common>
                </source>
                <sampler id="ID148">
                    <input semantic="INPUT" source="#ID144"/>
                    <input semantic="OUTPUT" source="#ID146"/>
                </sampler>
                <channel source="#ID148" target="ID118/scale.X"/>
            </animation>
            <animation>
                <source id="ID149">
                    <float_array id="ID150" count="58">0 0.333333 0.366667 0.4 0.5 0.533333 0.566667 0.766667 0.8 0.833333 0.866667 0.9 0.933333 1.2 1.23333 1.26667 1.3 1.33333 1.36667 1.5 1.53333 1.56667 1.6 1.63333 1.66667 1.7 1.76667 1.8 1.83333 1.86667 1.9 1.93333 1.96667 2 2.3 2.33333 2.36667 2.56667 2.6 2.63333 2.73333 2.76667 2.8 3 3.03333 3.06667 3.2 3.23333 3.26667 3.3 3.33333 3.53333 3.56667 3.6 4.1 4.13333 4.16667 4.33333</float_array>
                    <technique_common>
                        <accessor count="58" source="#ID150">
                            <param name="TIME" type="float"/>
                        </accessor>
                    </technique_common>
                </source>
                <source id="ID151">
                    <float_array id="ID152" count="58">1 1 1 1 1 1 1 1 1 1 1 1 1 1 1 1 1 1 1 1 1 1 1 1 1 1 1 1 1 1 1 1 1 1 1 1 1 1 1 1 1 1 1 1 1 1 1 1 1 1 1 1 1 1 1 1 1 1</float_array>
                    <technique_common>
                        <accessor count="58" source="#ID152">
                            <param name="Y" type="float"/>
                        </accessor>
                    </technique_common>
                </source>
                <sampler id="ID153">
                    <input semantic="INPUT" source="#ID149"/>
                    <input semantic="OUTPUT" source="#ID151"/>
                </sampler>
                <channel source="#ID153" target="ID118/scale.Y"/>
            </animation>
            <animation>
                <source id="ID154">
                    <float_array id="ID155" count="58">0 0.333333 0.366667 0.4 0.5 0.533333 0.566667 0.766667 0.8 0.833333 0.866667 0.9 0.933333 1.2 1.23333 1.26667 1.3 1.33333 1.36667 1.5 1.53333 1.56667 1.6 1.63333 1.66667 1.7 1.76667 1.8 1.83333 1.86667 1.9 1.93333 1.96667 2 2.3 2.33333 2.36667 2.56667 2.6 2.63333 2.73333 2.76667 2.8 3 3.03333 3.06667 3.2 3.23333 3.26667 3.3 3.33333 3.53333 3.56667 3.6 4.1 4.13333 4.16667 4.33333</float_array>
                    <technique_common>
                        <accessor count="58" source="#ID155">
                            <param name="TIME" type="float"/>
                        </accessor>
                    </technique_common>
                </source>
                <source id="ID156">
                    <float_array id="ID157" count="58">1 1 1 1 1 1 1 1 1 1 1 1 1 1 1 1 1 1 1 1 1 1 1 1 1 1 1 1 1 1 1 1 1 1 1 1 1 1 1 1 1 1 1 1 1 1 1 1 1 1 1 1 1 1 1 1 1 1</float_array>
                    <technique_common>
                        <accessor count="58" source="#ID157">
                            <param name="Z" type="float"/>
                        </accessor>
                    </technique_common>
                </source>
                <sampler id="ID158">
                    <input semantic="INPUT" source="#ID154"/>
                    <input semantic="OUTPUT" source="#ID156"/>
                </sampler>
                <channel source="#ID158" target="ID118/scale.Z"/>
            </animation>
        </animation>
        <animation>
            <animation>
                <source id="ID160">
                    <float_array id="ID161" count="131">0 0.0333333 0.0666667 0.1 0.133333 0.166667 0.2 0.233333 0.266667 0.3 0.333333 0.366667 0.4 0.433333 0.466667 0.5 0.533333 0.566667 0.6 0.633333 0.666667 0.7 0.733333 0.766667 0.8 0.833333 0.866667 0.9 0.933333 0.966667 1 1.03333 1.06667 1.1 1.13333 1.16667 1.2 1.23333 1.26667 1.3 1.33333 1.36667 1.4 1.43333 1.46667 1.5 1.53333 1.56667 1.6 1.63333 1.66667 1.7 1.73333 1.76667 1.8 1.83333 1.86667 1.9 1.93333 1.96667 2 2.03333 2.06667 2.1 2.13333 2.16667 2.2 2.23333 2.26667 2.3 2.33333 2.36667 2.4 2.43333 2.46667 2.5 2.53333 2.56667 2.6 2.63333 2.66667 2.7 2.73333 2.76667 2.8 2.83333 2.86667 2.9 2.93333 2.96667 3 3.03333 3.06667 3.1 3.13333 3.16667 3.2 3.23333 3.26667 3.3 3.33333 3.36667 3.4 3.43333 3.46667 3.5 3.53333 3.56667 3.6 3.63333 3.66667 3.7 3.73333 3.76667 3.8 3.83333 3.86667 3.9 3.93333 3.96667 4 4.03333 4.06667 4.1 4.13333 4.16667 4.2 4.23333 4.26667 4.3 4.33333</float_array>
                    <technique_common>
                        <accessor count="131" source="#ID161">
                            <param name="TIME" type="float"/>
                        </accessor>
                    </technique_common>
                </source>
                <source id="ID162">
                    <float_array id="ID163" count="131">0.976762 0.976761 0.976791 0.976757 0.976755 0.976762 0.976745 0.976755 0.97675 0.976775 0.976744 0.976779 0.976773 0.976775 0.976782 0.976748 0.976761 0.976771 0.976753 0.976747 0.976752 0.976764 0.976768 0.976755 0.976772 0.976753 0.976767 0.976758 0.976769 0.976752 0.976763 0.976765 0.976761 0.976758 0.97676 0.976758 0.976752 0.97677 0.976764 0.976762 0.976772 0.97676 0.976772 0.976761 0.97677 0.976763 0.976775 0.976769 0.976764 0.976764 0.976771 0.976757 0.976772 0.976767 0.976753 0.976759 0.976764 0.976768 0.976763 0.976765 0.976769 0.976767 0.976759 0.976758 0.976758 0.976763 0.976757 0.976757 0.976761 0.976762 0.976769 0.976755 0.976761 0.976758 0.976758 0.976752 0.976764 0.976764 0.976759 0.976771 0.976773 0.976762 0.976755 0.976759 0.97676 0.976772 0.976765 0.976749 0.976755 0.976741 0.976761 0.976761 0.97677 0.976765 0.976754 0.976767 0.97676 0.976757 0.97676 0.976752 0.976762 0.976773 0.976763 0.976775 0.97676 0.976751 0.976758 0.976742 0.976768 0.976775 0.97678 0.976755 0.976766 0.976766 0.976766 0.976767 0.976753 0.976766 0.97677 0.976762 0.976761 0.976764 0.976745 0.976748 0.976771 0.976763 0.976764 0.976767 0.976782 0.976764 0.976753</float_array>
                    <technique_common>
                        <accessor count="131" source="#ID163">
                            <param name="Y" type="float"/>
                        </accessor>
                    </technique_common>
                </source>
                <sampler id="ID164">
                    <input semantic="INPUT" source="#ID160"/>
                    <input semantic="OUTPUT" source="#ID162"/>
                </sampler>
                <channel source="#ID164" target="ID159/translate.Y"/>
            </animation>
            <animation>
                <source id="ID165">
                    <float_array id="ID166" count="127">0 0.0333333 0.0666667 0.1 0.133333 0.166667 0.2 0.233333 0.266667 0.3 0.333333 0.366667 0.4 0.433333 0.466667 0.5 0.533333 0.566667 0.6 0.633333 0.666667 0.7 0.733333 0.766667 0.8 0.833333 0.866667 0.9 0.933333 0.966667 1 1.03333 1.06667 1.1 1.13333 1.16667 1.2 1.23333 1.26667 1.3 1.33333 1.36667 1.4 1.43333 1.46667 1.53333 1.56667 1.6 1.63333 1.66667 1.7 1.73333 1.76667 1.8 1.83333 1.86667 1.9 1.93333 1.96667 2 2.03333 2.06667 2.1 2.13333 2.16667 2.2 2.23333 2.26667 2.33333 2.36667 2.43333 2.46667 2.5 2.53333 2.56667 2.6 2.63333 2.66667 2.7 2.73333 2.76667 2.8 2.83333 2.86667 2.9 2.93333 2.96667 3 3.03333 3.06667 3.1 3.13333 3.16667 3.2 3.23333 3.26667 3.3 3.33333 3.36667 3.4 3.46667 3.5 3.53333 3.56667 3.6 3.63333 3.66667 3.7 3.73333 3.76667 3.8 3.83333 3.86667 3.9 3.93333 3.96667 4 4.03333 4.06667 4.1 4.13333 4.16667 4.2 4.23333 4.26667 4.3 4.33333</float_array>
                    <technique_common>
                        <accessor count="127" source="#ID166">
                            <param name="TIME" type="float"/>
                        </accessor>
                    </technique_common>
                </source>
                <source id="ID167">
                    <float_array id="ID168" count="127">-55.7305 -55.7305 -55.7305 -55.7305 -55.7305 -55.7305 -55.7305 -55.7305 -55.7305 -55.7305 -55.7305 -55.7305 -55.7305 -55.7305 -55.7305 -55.7305 -55.7305 -55.7305 -55.7305 -55.7305 -55.7305 -55.7305 -55.7305 -55.7305 -55.7305 -55.7305 -55.7305 -55.7305 -55.7305 -55.7305 -55.7305 -55.7305 -55.7305 -55.7305 -55.7305 -55.7305 -55.7305 -55.7305 -55.7305 -55.7305 -55.7305 -55.7305 -55.7305 -55.7305 -55.7305 -55.7305 -55.7305 -55.7305 -55.7305 -55.7305 -55.7305 -55.7305 -55.7305 -55.7305 -55.7305 -55.7305 -55.7305 -55.7305 -55.7305 -55.7305 -55.7305 -55.7305 -55.7305 -55.7305 -55.7305 -55.7305 -55.7305 -55.7305 -55.7305 -55.7305 -55.7305 -55.7305 -55.7305 -55.7305 -55.7305 -55.7305 -55.7305 -55.7305 -55.7305 -55.7305 -55.7305 -55.7305 -55.7305 -55.7305 -55.7305 -55.7305 -55.7305 -55.7305 -55.7305 -55.7305 -55.7305 -55.7305 -55.7305 -55.7305 -55.7305 -55.7305 -55.7305 -55.7305 -55.7305 -55.7305 -55.7305 -55.7305 -55.7305 -55.7305 -55.7305 -55.7305 -55.7305 -55.7305 -55.7305 -55.7305 -55.7305 -55.7305 -55.7305 -55.7305 -55.7305 -55.7305 -55.7305 -55.7305 -55.7305 -55.7305 -55.7305 -55.7305 -55.7305 -55.7305 -55.7305 -55.7305 -55.7305</float_array>
                    <technique_common>
                        <accessor count="127" source="#ID168">
                            <param name="Z" type="float"/>
                        </accessor>
                    </technique_common>
                </source>
                <sampler id="ID169">
                    <input semantic="INPUT" source="#ID165"/>
                    <input semantic="OUTPUT" source="#ID167"/>
                </sampler>
                <channel source="#ID169" target="ID159/translate.Z"/>
            </animation>
            <animation>
                <source id="ID170">
                    <float_array id="ID171" count="1">4.33333</float_array>
                    <technique_common>
                        <accessor count="1" source="#ID171">
                            <param name="TIME" type="float"/>
                        </accessor>
                    </technique_common>
                </source>
                <source id="ID172">
                    <float_array id="ID173" count="1">0</float_array>
                    <technique_common>
                        <accessor count="1" source="#ID173">
                            <param name="ANGLE" type="float"/>
                        </accessor>
                    </technique_common>
                </source>
                <sampler id="ID174">
                    <input semantic="INPUT" source="#ID170"/>
                    <input semantic="OUTPUT" source="#ID172"/>
                </sampler>
                <channel source="#ID174" target="ID159/rotateY.ANGLE"/>
            </animation>
            <animation>
                <source id="ID175">
                    <float_array id="ID176" count="113">0 0.0333333 0.0666667 0.1 0.133333 0.166667 0.2 0.233333 0.266667 0.3 0.333333 0.366667 0.4 0.433333 0.466667 0.5 0.533333 0.566667 0.6 0.633333 0.666667 0.7 0.733333 0.766667 0.8 0.833333 0.866667 0.966667 1 1.03333 1.06667 1.1 1.23333 1.26667 1.3 1.33333 1.36667 1.4 1.43333 1.46667 1.5 1.53333 1.56667 1.6 1.66667 1.7 1.73333 1.76667 1.8 1.83333 1.86667 1.9 1.93333 1.96667 2 2.03333 2.06667 2.1 2.13333 2.16667 2.2 2.23333 2.26667 2.3 2.33333 2.36667 2.4 2.43333 2.46667 2.5 2.53333 2.56667 2.6 2.63333 2.66667 2.7 2.73333 2.76667 2.8 2.83333 2.86667 2.9 2.93333 2.96667 3 3.03333 3.06667 3.1 3.13333 3.16667 3.2 3.23333 3.26667 3.3 3.56667 3.6 3.63333 3.66667 3.7 3.73333 3.76667 3.8 3.83333 3.86667 3.9 4.03333 4.06667 4.1 4.2 4.23333 4.26667 4.3 4.33333</float_array>
                    <technique_common>
                        <accessor count="113" source="#ID176">
                            <param name="TIME" type="float"/>
                        </accessor>
                    </technique_common>
                </source>
                <source id="ID177">
                    <float_array id="ID178" count="113">5.86969e-006 1.00051e-005 1.00306e-005 1.00179e-005 1.00179e-005 1.02041e-005 1.00179e-005 1.00179e-005 1.07341e-005 1.00179e-005 1.0799e-005 1.00179e-005 1.00179e-005 1.07273e-005 1.00179e-005 1.00179e-005 1.16608e-005 1.18692e-005 1.00179e-005 1.21582e-005 1.00179e-005 1.02351e-005 1.12633e-005 1.00179e-005 1.05783e-005 1.07549e-005 1.00179e-005 1.00179e-005 1.21767e-005 1.37817e-005 3.73387e-005 1.00179e-005 1.00179e-005 1.00198e-005 1.00179e-005 1.20066e-005 1.22343e-005 1.00179e-005 1.23128e-005 1.00179e-005 1.07113e-005 1.00179e-005 1.18561e-005 1.00179e-005 1.00179e-005 1.02389e-005 1.0239e-005 1.00179e-005 1.0681e-005 1.00179e-005 1.13992e-005 1.00179e-005 1.07444e-005 1.2228e-005 1.22681e-005 1.00179e-005 1.25724e-005 1.00179e-005 1.22702e-005 1.00179e-005 1.0929e-005 1.00179e-005 1.2269e-005 1.00179e-005 1.06239e-005 1.22303e-005 1.00179e-005 1.00179e-005 1.07657e-005 1.18538e-005 1.00179e-005 1.00179e-005 1.00643e-005 1.00179e-005 1.23052e-005 1.00179e-005 1.21103e-005 1.00179e-005 1.23131e-005 1.00179e-005 1.37562e-005 3.73387e-005 1.00179e-005 1.00179e-005 1.23283e-005 1.00179e-005 1.2148e-005 1.00179e-005 1.00179e-005 1.22517e-005 1.00179e-005 1.05437e-005 1.23102e-005 1.00179e-005 1.00179e-005 1.22778e-005 1.23064e-005 1.23128e-005 1.00179e-005 1.22591e-005 1.00179e-005 1.21221e-005 1.00179e-005 1.07989e-005 1.00179e-005 1.00179e-005 1.01605e-005 1.00179e-005 1.00179e-005 1.00296e-005 1.00314e-005 1.00179e-005 1.00179e-005</float_array>
                    <technique_common>
                        <accessor count="113" source="#ID178">
                            <param name="ANGLE" type="float"/>
                        </accessor>
                    </technique_common>
                </source>
                <sampler id="ID179">
                    <input semantic="INPUT" source="#ID175"/>
                    <input semantic="OUTPUT" source="#ID177"/>
                </sampler>
                <channel source="#ID179" target="ID159/rotateX.ANGLE"/>
            </animation>
            <animation>
                <source id="ID180">
                    <float_array id="ID181" count="1">4.33333</float_array>
                    <technique_common>
                        <accessor count="1" source="#ID181">
                            <param name="TIME" type="float"/>
                        </accessor>
                    </technique_common>
                </source>
                <source id="ID182">
                    <float_array id="ID183" count="1">-0</float_array>
                    <technique_common>
                        <accessor count="1" source="#ID183">
                            <param name="ANGLE" type="float"/>
                        </accessor>
                    </technique_common>
                </source>
                <sampler id="ID184">
                    <input semantic="INPUT" source="#ID180"/>
                    <input semantic="OUTPUT" source="#ID182"/>
                </sampler>
                <channel source="#ID184" target="ID159/rotateZ.ANGLE"/>
            </animation>
            <animation>
                <source id="ID185">
                    <float_array id="ID186" count="90">0 0.2 0.233333 0.266667 0.333333 0.366667 0.466667 0.5 0.533333 0.566667 0.6 0.633333 0.666667 0.7 0.733333 0.766667 0.8 0.833333 0.866667 0.9 0.933333 1 1.03333 1.06667 1.1 1.13333 1.23333 1.26667 1.3 1.33333 1.36667 1.53333 1.56667 1.66667 1.7 1.83333 1.86667 1.9 1.93333 2 2.03333 2.06667 2.1 2.13333 2.16667 2.2 2.23333 2.26667 2.3 2.33333 2.36667 2.53333 2.56667 2.6 2.63333 2.66667 2.7 2.73333 2.76667 2.86667 2.9 2.93333 2.96667 3 3.03333 3.06667 3.16667 3.2 3.23333 3.26667 3.3 3.33333 3.4 3.43333 3.46667 3.5 3.53333 3.76667 3.8 3.83333 3.86667 4 4.03333 4.06667 4.1 4.13333 4.16667 4.2 4.23333 4.33333</float_array>
                    <technique_common>
                        <accessor count="90" source="#ID186">
                            <param name="TIME" type="float"/>
                        </accessor>
                    </technique_common>
                </source>
                <source id="ID187">
                    <float_array id="ID188" count="90">1 1 1 1 1 1 1 1 1 1 1 1 1 1 1 1 1 1 1 1 1 1 1 1 1 1 1 1 1 1 1 1 1 1 1 1 1 1 1 1 1 1 1 1 1 1 1 1 1 1 1 1 1 1 1 1 1 1 1 1 1 1 1 1 1 1 1 1 1 1 1 1 1 1 1 1 1 1 1 1 1 1 1 1 1 1 1 1 1 1</float_array>
                    <technique_common>
                        <accessor count="90" source="#ID188">
                            <param name="Y" type="float"/>
                        </accessor>
                    </technique_common>
                </source>
                <sampler id="ID189">
                    <input semantic="INPUT" source="#ID185"/>
                    <input semantic="OUTPUT" source="#ID187"/>
                </sampler>
                <channel source="#ID189" target="ID159/scale.Y"/>
            </animation>
            <animation>
                <source id="ID190">
                    <float_array id="ID191" count="90">0 0.2 0.233333 0.266667 0.333333 0.366667 0.466667 0.5 0.533333 0.566667 0.6 0.633333 0.666667 0.7 0.733333 0.766667 0.8 0.833333 0.866667 0.9 0.933333 1 1.03333 1.06667 1.1 1.13333 1.23333 1.26667 1.3 1.33333 1.36667 1.53333 1.56667 1.66667 1.7 1.83333 1.86667 1.9 1.93333 2 2.03333 2.06667 2.1 2.13333 2.16667 2.2 2.23333 2.26667 2.3 2.33333 2.36667 2.53333 2.56667 2.6 2.63333 2.66667 2.7 2.73333 2.76667 2.86667 2.9 2.93333 2.96667 3 3.03333 3.06667 3.16667 3.2 3.23333 3.26667 3.3 3.33333 3.4 3.43333 3.46667 3.5 3.53333 3.76667 3.8 3.83333 3.86667 4 4.03333 4.06667 4.1 4.13333 4.16667 4.2 4.23333 4.33333</float_array>
                    <technique_common>
                        <accessor count="90" source="#ID191">
                            <param name="TIME" type="float"/>
                        </accessor>
                    </technique_common>
                </source>
                <source id="ID192">
                    <float_array id="ID193" count="90">1 1 1 1 1 1 1 1 1 1 1 1 1 1 1 1 1 1 1 1 1 1 1 1 1 1 1 1 1 1 1 1 1 1 1 1 1 1 1 1 1 1 1 1 1 1 1 1 1 1 1 1 1 1 1 1 1 1 1 1 1 1 1 1 1 1 1 1 1 1 1 1 1 1 1 1 1 1 1 1 1 1 1 1 1 1 1 1 1 1</float_array>
                    <technique_common>
                        <accessor count="90" source="#ID193">
                            <param name="Z" type="float"/>
                        </accessor>
                    </technique_common>
                </source>
                <sampler id="ID194">
                    <input semantic="INPUT" source="#ID190"/>
                    <input semantic="OUTPUT" source="#ID192"/>
                </sampler>
                <channel source="#ID194" target="ID159/scale.Z"/>
            </animation>
        </animation>
    </library_animations>
    <library_controllers>
        <controller id="ID526">
            <skin source="#ID527">
                <bind_shape_matrix>1 0 0 0 0 1 0 0 0 0 1 0 0 0 0 1</bind_shape_matrix>
                <source id="ID535">
                    <Name_array id="ID536" count="3">joint1 joint2 joint3</Name_array>
                    <technique_common>
                        <accessor count="3" source="#ID536">
                            <param name="JOINT" type="Name"/>
                        </accessor>
                    </technique_common>
                </source>
                <source id="ID537">
                    <float_array id="ID538" count="9">0 1 0.500008 0.800015 0.900008 0.299977 0.199985 0.0999924 0.700023</float_array>
                    <technique_common>
                        <accessor count="9" source="#ID538">
                            <param name="WEIGHT" type="float"/>
                        </accessor>
                    </technique_common>
                </source>
                <source id="ID539">
                    <float_array id="ID540" count="48">1 -0 0 0 0 1 -3.46695e-007 -41.8823 -0 3.46695e-007 1 -46.5957 0 0 0 1 1 -0 0 0 0 1 -1.70069e-008 -136.509 -0 1.70069e-008 1 -26.8795 0 0 0 1 1 0 -0 0 -0 1 2.37282e-008 -137.486 0 -2.37282e-008 1 28.851 0 0 0 1</float_array>
                    <technique_common>
                        <accessor count="3" source="#ID540" stride="16">
                            <param name="TRANSFORM" type="float4x4"/>
                        </accessor>
                    </technique_common>
                </source>
                <joints>
                    <input semantic="JOINT" source="#ID535"/>
                    <input semantic="INV_BIND_MATRIX" source="#ID539"/>
                </joints>
                <vertex_weights count="88">
                    <input offset="0" semantic="JOINT" source="#ID535"/>
                    <input offset="1" semantic="WEIGHT" source="#ID537"/>
                    <vcount>1 2 1 2 2 2 1 1 2 2 1 1 1 2 2 1 1 1 1 1 1 1 1 1 1 1 1 1 1 1 1 1 1 1 2 1 2 2 2 1 2 2 2 1 1 1 2 2 1 1 1 1 1 2 1 2 2 2 2 1 1 2 1 1 1 1 1 1 1 1 1 1 1 1 1 1 2 1 2 2 2 2 1 1 2 1 1 1</vcount>
                    <v>-1 1 0 2 1 2 -1 1 0 2 1 2 0 3 1 6 0 4 1 7 -1 1 1 1 0 4 1 7 0 2 1 2 1 1 -1 1 1 1 0 2 1 2 0 2 1 2 -1 1 -1 1 0 1 -1 1 0 1 -1 1 -1 1 -1 1 -1 1 -1 1 -1 1 -1 1 -1 1 0 1 -1 1 0 1 -1 1 -1 1 -1 1 0 2 1 2 -1 1 0 2 1 2 0 2 1 2 0 4 1 7 -1 1 0 4 1 7 0 5 1 8 0 2 1 2 1 1 -1 1 1 1 0 2 1 2 0 2 1 2 -1 1 -1 1 -1 1 -1 1 -1 1 0 2 1 2 -1 1 0 2 1 2 0 3 1 6 0 4 1 7 0 4 1 7 -1 1 1 1 0 2 1 2 -1 1 -1 1 0 1 -1 1 -1 1 -1 1 -1 1 -1 1 -1 1 -1 1 -1 1 0 1 -1 1 -1 1 0 2 1 2 -1 1 0 2 1 2 0 2 1 2 0 4 1 7 0 5 1 8 -1 1 1 1 0 2 1 2 -1 1 -1 1 -1 1 0 0 0 0 0 0 0 0 0 0 0 0 0 0 0 0 0 0 0 0 0 0 0 0 0 0 0 0 0 0 0 0 0 0 0 0 0 0 0 0 0 0 0 0 0 0 0 0 0 0 0 0 0 0 0 0 0 0 0 0 0 0 0 0 0 0 0 0 0 0 0 0 0 0 0 0 0 0 0 0 0 0 0 0 0 0 0 0 0 0 0 0</v>
                </vertex_weights>
            </skin>
        </controller>
        <controller id="ID541">
            <skin source="#ID542">
                <bind_shape_matrix>1 0 0 0 0 1 0 0 0 0 1 0 0 0 0 1</bind_shape_matrix>
                <source id="ID550">
                    <Name_array id="ID551" count="3">joint1 joint2 joint3</Name_array>
                    <technique_common>
                        <accessor count="3" source="#ID551">
                            <param name="JOINT" type="Name"/>
                        </accessor>
                    </technique_common>
                </source>
                <source id="ID552">
                    <float_array id="ID553" count="9">0 1 0.500008 0.800015 0.900008 0.299977 0.199985 0.0999924 0.700023</float_array>
                    <technique_common>
                        <accessor count="9" source="#ID553">
                            <param name="WEIGHT" type="float"/>
                        </accessor>
                    </technique_common>
                </source>
                <source id="ID554">
                    <float_array id="ID555" count="48">1 -0 0 0 0 1 -3.46695e-007 -41.8823 -0 3.46695e-007 1 -46.5957 0 0 0 1 1 -0 0 0 0 1 -1.70069e-008 -136.509 -0 1.70069e-008 1 -26.8795 0 0 0 1 1 0 -0 0 -0 1 2.37282e-008 -137.486 0 -2.37282e-008 1 28.851 0 0 0 1</float_array>
                    <technique_common>
                        <accessor count="3" source="#ID555" stride="16">
                            <param name="TRANSFORM" type="float4x4"/>
                        </accessor>
                    </technique_common>
                </source>
                <joints>
                    <input semantic="JOINT" source="#ID550"/>
                    <input semantic="INV_BIND_MATRIX" source="#ID554"/>
                </joints>
                <vertex_weights count="88">
                    <input offset="0" semantic="JOINT" source="#ID550"/>
                    <input offset="1" semantic="WEIGHT" source="#ID552"/>
                    <vcount>1 2 1 2 2 2 1 1 2 2 1 1 1 2 2 1 1 1 1 1 1 1 1 1 1 1 1 1 1 1 1 1 1 1 2 1 2 2 2 1 2 2 2 1 1 1 2 2 1 1 1 1 1 2 1 2 2 2 2 1 1 2 1 1 1 1 1 1 1 1 1 1 1 1 1 1 2 1 2 2 2 2 1 1 2 1 1 1</vcount>
                    <v>-1 1 0 2 1 2 -1 1 0 2 1 2 0 3 1 6 0 4 1 7 -1 1 1 1 0 4 1 7 0 2 1 2 1 1 -1 1 1 1 0 2 1 2 0 2 1 2 -1 1 -1 1 0 1 -1 1 0 1 -1 1 -1 1 -1 1 -1 1 -1 1 -1 1 -1 1 -1 1 0 1 -1 1 0 1 -1 1 -1 1 -1 1 0 2 1 2 -1 1 0 2 1 2 0 2 1 2 0 4 1 7 -1 1 0 4 1 7 0 5 1 8 0 2 1 2 1 1 -1 1 1 1 0 2 1 2 0 2 1 2 -1 1 -1 1 -1 1 -1 1 -1 1 0 2 1 2 -1 1 0 2 1 2 0 3 1 6 0 4 1 7 0 4 1 7 -1 1 1 1 0 2 1 2 -1 1 -1 1 0 1 -1 1 -1 1 -1 1 -1 1 -1 1 -1 1 -1 1 -1 1 0 1 -1 1 -1 1 0 2 1 2 -1 1 0 2 1 2 0 2 1 2 0 4 1 7 0 5 1 8 -1 1 1 1 0 2 1 2 -1 1 -1 1 -1 1 0 0 0 0 0 0 0 0 0 0 0 0 0 0 0 0 0 0 0 0 0 0 0 0 0 0 0 0 0 0 0 0 0 0 0 0 0 0 0 0 0 0 0 0 0 0 0 0 0 0 0 0 0 0 0 0 0 0 0 0 0 0 0 0 0 0 0 0 0 0 0 0 0 0 0 0 0 0 0 0 0 0 0 0 0 0 0 0 0 0 0 0</v>
                </vertex_weights>
            </skin>
        </controller>
    </library_controllers>
    <library_visual_scenes>
        <visual_scene id="ID3">
            <node id="ID4" name="Cabrio">
                <translate sid="translate">0 0 -0</translate>
                <rotate sid="rotateY">0 1 0 0</rotate>
                <rotate sid="rotateX">1 0 0 0</rotate>
                <rotate sid="rotateZ">0 0 1 -0</rotate>
                <scale sid="scale">1 1 1</scale>
                <node id="ID5" name="CarMesh">
                    <translate sid="translate">0 0 -0</translate>
                    <rotate sid="rotateY">0 1 0 0</rotate>
                    <rotate sid="rotateX">1 0 0 0</rotate>
                    <rotate sid="rotateZ">0 0 1 -0</rotate>
                    <scale sid="scale">1 1 1</scale>
                    <instance_geometry url="#ID6">
                        <bind_material>
                            <technique_common>
                                <instance_material symbol="Material1" target="#ID1">
                                    <bind_vertex_input semantic="UVSET0" input_semantic="TEXCOORD" input_set="0"/>
                                </instance_material>
                            </technique_common>
                        </bind_material>
                    </instance_geometry>
                </node>
                <node id="ID14" name="Doors">
                    <translate sid="translate">0 0 -0</translate>
                    <rotate sid="rotateY">0 1 0 0</rotate>
                    <rotate sid="rotateX">1 0 0 0</rotate>
                    <rotate sid="rotateZ">0 0 1 -0</rotate>
                    <scale sid="scale">1 1 1</scale>
                    <node id="ID15" name="DoorR">
                        <translate sid="translate">100.219 23.9518 -36.8258</translate>
                        <rotate sid="rotateY">0 1 0 0</rotate>
                        <rotate sid="rotateX">1 0 0 0</rotate>
                        <rotate sid="rotateZ">0 0 1 -0</rotate>
                        <scale sid="scale">1 1 1</scale>
                        <instance_geometry url="#ID16">
                            <bind_material>
                                <technique_common>
                                    <instance_material symbol="Material1" target="#ID1">
                                        <bind_vertex_input semantic="UVSET0" input_semantic="TEXCOORD" input_set="0"/>
                                    </instance_material>
                                </technique_common>
                            </bind_material>
                        </instance_geometry>
                        <node id="ID24" name="Handle.1">
                            <translate sid="translate">-0.316193 2.86032 65.7646</translate>
                            <rotate sid="rotateY">0 1 0 0</rotate>
                            <rotate sid="rotateX">1 0 0 0</rotate>
                            <rotate sid="rotateZ">0 0 1 -0</rotate>
                            <scale sid="scale">1 1 1</scale>
                            <instance_geometry url="#ID25">
                                <bind_material>
                                    <technique_common>
                                        <instance_material symbol="Material1" target="#ID1">
                                            <bind_vertex_input semantic="UVSET0" input_semantic="TEXCOORD" input_set="0"/>
                                        </instance_material>
                                    </technique_common>
                                </bind_material>
                            </instance_geometry>
                        </node>
                        <node id="ID33" name="Window">
                            <translate sid="translate">-100.219 -23.9518 36.8258</translate>
                            <rotate sid="rotateY">0 1 0 0</rotate>
                            <rotate sid="rotateX">1 0 0 0</rotate>
                            <rotate sid="rotateZ">0 0 1 -0</rotate>
                            <scale sid="scale">1 1 1</scale>
                            <instance_geometry url="#ID34">
                                <bind_material>
                                    <technique_common>
                                        <instance_material symbol="Material1" target="#ID1">
                                            <bind_vertex_input semantic="UVSET0" input_semantic="TEXCOORD" input_set="0"/>
                                        </instance_material>
                                    </technique_common>
                                </bind_material>
                            </instance_geometry>
                        </node>
                    </node>
                    <node id="ID42" name="DoorL">
                        <translate sid="translate">-100.219 23.9518 -36.8258</translate>
                        <rotate sid="rotateY">0 1 0 0</rotate>
                        <rotate sid="rotateX">1 0 0 0</rotate>
                        <rotate sid="rotateZ">0 0 1 -0</rotate>
                        <scale sid="scale">1 1 1</scale>
                        <instance_geometry url="#ID43">
                            <bind_material>
                                <technique_common>
                                    <instance_material symbol="Material1" target="#ID1">
                                        <bind_vertex_input semantic="UVSET0" input_semantic="TEXCOORD" input_set="0"/>
                                    </instance_material>
                                </technique_common>
                            </bind_material>
                        </instance_geometry>
                        <node id="ID51" name="Handle">
                            <translate sid="translate">0.315536 2.86032 65.7646</translate>
                            <rotate sid="rotateY">0 1 0 0</rotate>
                            <rotate sid="rotateX">1 0 0 0</rotate>
                            <rotate sid="rotateZ">0 0 1 -0</rotate>
                            <scale sid="scale">1 1 1</scale>
                            <instance_geometry url="#ID52">
                                <bind_material>
                                    <technique_common>
                                        <instance_material symbol="Material1" target="#ID1">
                                            <bind_vertex_input semantic="UVSET0" input_semantic="TEXCOORD" input_set="0"/>
                                        </instance_material>
                                    </technique_common>
                                </bind_material>
                            </instance_geometry>
                        </node>
                        <node id="ID60" name="Window.2">
                            <translate sid="translate">100.219 -23.9518 36.8258</translate>
                            <rotate sid="rotateY">0 1 0 0</rotate>
                            <rotate sid="rotateX">1 0 0 0</rotate>
                            <rotate sid="rotateZ">0 0 1 -0</rotate>
                            <scale sid="scale">1 1 1</scale>
                            <instance_geometry url="#ID61">
                                <bind_material>
                                    <technique_common>
                                        <instance_material symbol="Material1" target="#ID1">
                                            <bind_vertex_input semantic="UVSET0" input_semantic="TEXCOORD" input_set="0"/>
                                        </instance_material>
                                    </technique_common>
                                </bind_material>
                            </instance_geometry>
                        </node>
                    </node>
                    <node id="ID69" name="Hood">
                        <translate sid="translate">0 22.1554 -57.7835</translate>
                        <rotate sid="rotateY">0 1 0 0</rotate>
                        <rotate sid="rotateX">1 0 0 0</rotate>
                        <rotate sid="rotateZ">0 0 1 -0</rotate>
                        <scale sid="scale">1 1 1</scale>
                        <instance_geometry url="#ID70">
                            <bind_material>
                                <technique_common>
                                    <instance_material symbol="Material1" target="#ID1">
                                        <bind_vertex_input semantic="UVSET0" input_semantic="TEXCOORD" input_set="0"/>
                                    </instance_material>
                                </technique_common>
                            </bind_material>
                        </instance_geometry>
                    </node>
                </node>
                <node id="ID78" name="Roof">
                    <translate sid="translate">0 0 -0</translate>
                    <rotate sid="rotateY">0 1 0 0</rotate>
                    <rotate sid="rotateX">1 0 0 0</rotate>
                    <rotate sid="rotateZ">0 0 1 -0</rotate>
                    <scale sid="scale">1 1 1</scale>
                    <node id="ID79" name="Top">
                        <translate sid="translate">0 0 -0</translate>
                        <rotate sid="rotateY">0 1 0 0</rotate>
                        <rotate sid="rotateX">1 0 0 0</rotate>
                        <rotate sid="rotateZ">0 0 1 -0</rotate>
                        <scale sid="scale">1 1 1</scale>
                        <instance_controller url="#ID526">
                            <skeleton>#ID3</skeleton>
                            <bind_material>
                                <technique_common>
                                    <instance_material symbol="Material1" target="#ID1">
                                        <bind_vertex_input semantic="UVSET0" input_semantic="TEXCOORD" input_set="0"/>
                                    </instance_material>
                                </technique_common>
                            </bind_material>
                        </instance_controller>
                    </node>
                    <node id="ID80" name="Glass">
                        <translate sid="translate">0 0 -0</translate>
                        <rotate sid="rotateY">0 1 0 0</rotate>
                        <rotate sid="rotateX">1 0 0 0</rotate>
                        <rotate sid="rotateZ">0 0 1 -0</rotate>
                        <scale sid="scale">1 1 1</scale>
                        <instance_controller url="#ID541">
                            <skeleton>#ID3</skeleton>
                            <bind_material>
                                <technique_common>
                                    <instance_material symbol="Material1" target="#ID1">
                                        <bind_vertex_input semantic="UVSET0" input_semantic="TEXCOORD" input_set="0"/>
                                    </instance_material>
                                </technique_common>
                            </bind_material>
                        </instance_controller>
                    </node>
                    <node id="ID81" name="Root">
                        <translate sid="translate">0 33.9133 33.2748</translate>
                        <rotate sid="rotateY">0 1 0 0</rotate>
                        <rotate sid="rotateX">1 0 0 0</rotate>
                        <rotate sid="rotateZ">0 0 1 -0</rotate>
                        <scale sid="scale">1 1 1</scale>
                        <node id="ID82" name="Joint" sid="joint1" type="JOINT">
                            <translate sid="translate">0 7.96901 13.3209</translate>
                            <rotate sid="rotateY">0 1 0 0</rotate>
                            <rotate sid="rotateX">1 0 0 -1.73028e-005</rotate>
                            <rotate sid="rotateZ">0 0 1 -0</rotate>
                            <scale sid="scale">1 1 1</scale>
                            <node id="ID118" name="Joint.1" sid="joint2" type="JOINT">
                                <translate sid="translate">0 94.6269 -19.7162</translate>
                                <rotate sid="rotateY">0 1 0 0</rotate>
                                <rotate sid="rotateX">1 0 0 1.62217e-005</rotate>
                                <rotate sid="rotateZ">0 0 1 -0</rotate>
                                <scale sid="scale">1 1 1</scale>
                                <node id="ID159" name="Joint.2" sid="joint3" type="JOINT">
                                    <translate sid="translate">0 0.976762 -55.7305</translate>
                                    <rotate sid="rotateY">0 1 0 0</rotate>
                                    <rotate sid="rotateX">1 0 0 5.86969e-006</rotate>
                                    <rotate sid="rotateZ">0 0 1 -0</rotate>
                                    <scale sid="scale">1 1 1</scale>
                                </node>
                            </node>
                        </node>
                    </node>
                </node>
                <node id="ID195" name="Interiors">
                    <translate sid="translate">0 0 -0</translate>
                    <rotate sid="rotateY">0 1 0 0</rotate>
                    <rotate sid="rotateX">1 0 0 0</rotate>
                    <rotate sid="rotateZ">0 0 1 -0</rotate>
                    <scale sid="scale">1 1 1</scale>
                    <node id="ID196" name="Interior">
                        <translate sid="translate">0 0 -0</translate>
                        <rotate sid="rotateY">0 1 0 0</rotate>
                        <rotate sid="rotateX">1 0 0 0</rotate>
                        <rotate sid="rotateZ">0 0 1 -0</rotate>
                        <scale sid="scale">1 1 1</scale>
                        <instance_geometry url="#ID197">
                            <bind_material>
                                <technique_common>
                                    <instance_material symbol="Material1" target="#ID1">
                                        <bind_vertex_input semantic="UVSET0" input_semantic="TEXCOORD" input_set="0"/>
                                    </instance_material>
                                </technique_common>
                            </bind_material>
                        </instance_geometry>
                        <node id="ID205" name="Dashboard">
                            <translate sid="translate">-2.39913 26.5263 -37.7038</translate>
                            <rotate sid="rotateY">0 1 0 0</rotate>
                            <rotate sid="rotateX">1 0 0 0</rotate>
                            <rotate sid="rotateZ">0 0 1 -0</rotate>
                            <scale sid="scale">1 1 1</scale>
                            <node id="ID206" name="GearLever">
                                <translate sid="translate">2.39913 -43.4313 16.2339</translate>
                                <rotate sid="rotateY">0 1 0 1.00179e-005</rotate>
                                <rotate sid="rotateX">1 0 0 0</rotate>
                                <rotate sid="rotateZ">0 0 1 -9.23497e-006</rotate>
                                <scale sid="scale">1 1 1</scale>
                                <instance_geometry url="#ID207">
                                    <bind_material>
                                        <technique_common>
                                            <instance_material symbol="Material1" target="#ID1">
                                                <bind_vertex_input semantic="UVSET0" input_semantic="TEXCOORD" input_set="0"/>
                                            </instance_material>
                                        </technique_common>
                                    </bind_material>
                                </instance_geometry>
                            </node>
                            <node id="ID215" name="Pedals">
                                <translate sid="translate">-29.8224 -28.6339 -2.45683</translate>
                                <rotate sid="rotateY">0 1 0 360</rotate>
                                <rotate sid="rotateX">1 0 0 0</rotate>
                                <rotate sid="rotateZ">0 0 1 -0</rotate>
                                <scale sid="scale">1 1 1</scale>
                                <node id="ID216" name="Clutch">
                                    <translate sid="translate">-16.6248 0.0326605 0.437252</translate>
                                    <rotate sid="rotateY">0 1 0 0</rotate>
                                    <rotate sid="rotateX">1 0 0 -24.5825</rotate>
                                    <rotate sid="rotateZ">0 0 1 -0</rotate>
                                    <scale sid="scale">1 1 1</scale>
                                    <instance_geometry url="#ID217">
                                        <bind_material>
                                            <technique_common>
                                                <instance_material symbol="Material1" target="#ID1">
                                                    <bind_vertex_input semantic="UVSET0" input_semantic="TEXCOORD" input_set="0"/>
                                                </instance_material>
                                            </technique_common>
                                        </bind_material>
                                    </instance_geometry>
                                </node>
                                <node id="ID225" name="Brake">
                                    <translate sid="translate">-4.82158 0.0326605 0.437252</translate>
                                    <rotate sid="rotateY">0 1 0 0</rotate>
                                    <rotate sid="rotateX">1 0 0 -24.5825</rotate>
                                    <rotate sid="rotateZ">0 0 1 -0</rotate>
                                    <scale sid="scale">1 1 1</scale>
                                    <instance_geometry url="#ID226">
                                        <bind_material>
                                            <technique_common>
                                                <instance_material symbol="Material1" target="#ID1">
                                                    <bind_vertex_input semantic="UVSET0" input_semantic="TEXCOORD" input_set="0"/>
                                                </instance_material>
                                            </technique_common>
                                        </bind_material>
                                    </instance_geometry>
                                </node>
                                <node id="ID234" name="Gas">
                                    <translate sid="translate">6.35575 0.0326025 0.436951</translate>
                                    <rotate sid="rotateY">0 1 0 0</rotate>
                                    <rotate sid="rotateX">1 0 0 -24.5825</rotate>
                                    <rotate sid="rotateZ">0 0 1 -0</rotate>
                                    <scale sid="scale">1 1 1</scale>
                                    <instance_geometry url="#ID235">
                                        <bind_material>
                                            <technique_common>
                                                <instance_material symbol="Material1" target="#ID1">
                                                    <bind_vertex_input semantic="UVSET0" input_semantic="TEXCOORD" input_set="0"/>
                                                </instance_material>
                                            </technique_common>
                                        </bind_material>
                                    </instance_geometry>
                                </node>
                            </node>
                            <node id="ID243" name="SteeringWheel">
                                <translate sid="translate">-35.8959 -1.48405 12.8253</translate>
                                <rotate sid="rotateY">0 1 0 180</rotate>
                                <rotate sid="rotateX">1 0 0 -79.039</rotate>
                                <rotate sid="rotateZ">0 0 1 -180</rotate>
                                <scale sid="scale">1 1 1</scale>
                                <node id="ID244" name="SteeringWheel.2">
                                    <translate sid="translate">-0.0823631 -0.121809 3.44702</translate>
                                    <rotate sid="rotateY">0 1 0 1.04379e-006</rotate>
                                    <rotate sid="rotateX">1 0 0 0.000273123</rotate>
                                    <rotate sid="rotateZ">0 0 1 -180</rotate>
                                    <scale sid="scale">1 1 1</scale>
                                    <instance_geometry url="#ID245">
                                        <bind_material>
                                            <technique_common>
                                                <instance_material symbol="Material1" target="#ID1">
                                                    <bind_vertex_input semantic="UVSET0" input_semantic="TEXCOORD" input_set="0"/>
                                                </instance_material>
                                            </technique_common>
                                        </bind_material>
                                    </instance_geometry>
                                    <node id="ID253" name="Torus">
                                        <translate sid="translate">0 -6.46202e-006 -1.36708</translate>
                                        <rotate sid="rotateY">0 1 0 0</rotate>
                                        <rotate sid="rotateX">1 0 0 0</rotate>
                                        <rotate sid="rotateZ">0 0 1 -0</rotate>
                                        <scale sid="scale">1 1 1</scale>
                                        <instance_geometry url="#ID254">
                                            <bind_material>
                                                <technique_common>
                                                    <instance_material symbol="Material1" target="#ID1">
                                                        <bind_vertex_input semantic="UVSET0" input_semantic="TEXCOORD" input_set="0"/>
                                                    </instance_material>
                                                </technique_common>
                                            </bind_material>
                                        </instance_geometry>
                                    </node>
                                </node>
                            </node>
                            <node id="ID262" name="Dash">
                                <translate sid="translate">-36.056 7.18236 2.18088</translate>
                                <rotate sid="rotateY">0 1 0 360</rotate>
                                <rotate sid="rotateX">1 0 0 -2.35088</rotate>
                                <rotate sid="rotateZ">0 0 1 -0</rotate>
                                <scale sid="scale">1 1 1</scale>
                                <instance_geometry url="#ID263">
                                    <bind_material>
                                        <technique_common>
                                            <instance_material symbol="Material1" target="#ID1">
                                                <bind_vertex_input semantic="UVSET0" input_semantic="TEXCOORD" input_set="0"/>
                                            </instance_material>
                                        </technique_common>
                                    </bind_material>
                                </instance_geometry>
                                <node id="ID271" name="InstrCLuster">
                                    <translate sid="translate">0 0 -0</translate>
                                    <rotate sid="rotateY">0 1 0 0</rotate>
                                    <rotate sid="rotateX">1 0 0 0</rotate>
                                    <rotate sid="rotateZ">0 0 1 -0</rotate>
                                    <scale sid="scale">1 1 1</scale>
                                    <instance_geometry url="#ID272">
                                        <bind_material>
                                            <technique_common>
                                                <instance_material symbol="Material1" target="#ID1">
                                                    <bind_vertex_input semantic="UVSET0" input_semantic="TEXCOORD" input_set="0"/>
                                                </instance_material>
                                            </technique_common>
                                        </bind_material>
                                    </instance_geometry>
                                </node>
                            </node>
                        </node>
                        <node id="ID280" name="SeatR">
                            <translate sid="translate">37.637 -14.3505 10.8583</translate>
                            <rotate sid="rotateY">0 1 0 0</rotate>
                            <rotate sid="rotateX">1 0 0 0</rotate>
                            <rotate sid="rotateZ">0 0 1 -0</rotate>
                            <scale sid="scale">1 1 1</scale>
                            <instance_geometry url="#ID281">
                                <bind_material>
                                    <technique_common>
                                        <instance_material symbol="Material1" target="#ID1">
                                            <bind_vertex_input semantic="UVSET0" input_semantic="TEXCOORD" input_set="0"/>
                                        </instance_material>
                                    </technique_common>
                                </bind_material>
                            </instance_geometry>
                        </node>
                        <node id="ID289" name="SeatL">
                            <translate sid="translate">-37.637 -14.3505 10.8583</translate>
                            <rotate sid="rotateY">0 1 0 0</rotate>
                            <rotate sid="rotateX">1 0 0 0</rotate>
                            <rotate sid="rotateZ">0 0 1 -0</rotate>
                            <scale sid="scale">1 1 1</scale>
                            <instance_geometry url="#ID290">
                                <bind_material>
                                    <technique_common>
                                        <instance_material symbol="Material1" target="#ID1">
                                            <bind_vertex_input semantic="UVSET0" input_semantic="TEXCOORD" input_set="0"/>
                                        </instance_material>
                                    </technique_common>
                                </bind_material>
                            </instance_geometry>
                        </node>
                    </node>
                    <node id="ID298" name="EngineBay">
                        <translate sid="translate">0 0 -0</translate>
                        <rotate sid="rotateY">0 1 0 0</rotate>
                        <rotate sid="rotateX">1 0 0 0</rotate>
                        <rotate sid="rotateZ">0 0 1 -0</rotate>
                        <scale sid="scale">1 1 1</scale>
                        <instance_geometry url="#ID299">
                            <bind_material>
                                <technique_common>
                                    <instance_material symbol="Material1" target="#ID1">
                                        <bind_vertex_input semantic="UVSET0" input_semantic="TEXCOORD" input_set="0"/>
                                    </instance_material>
                                </technique_common>
                            </bind_material>
                        </instance_geometry>
                    </node>
                </node>
                <node id="ID307" name="Windows">
                    <translate sid="translate">0 0 -0</translate>
                    <rotate sid="rotateY">0 1 0 0</rotate>
                    <rotate sid="rotateX">1 0 0 0</rotate>
                    <rotate sid="rotateZ">0 0 1 -0</rotate>
                    <scale sid="scale">1 1 1</scale>
                    <node id="ID308" name="WIndowFront.2">
                        <translate sid="translate">0 0 -0</translate>
                        <rotate sid="rotateY">0 1 0 0</rotate>
                        <rotate sid="rotateX">1 0 0 0</rotate>
                        <rotate sid="rotateZ">0 0 1 -0</rotate>
                        <scale sid="scale">1 1 1</scale>
                        <instance_geometry url="#ID309">
                            <bind_material>
                                <technique_common>
                                    <instance_material symbol="Material1" target="#ID1">
                                        <bind_vertex_input semantic="UVSET0" input_semantic="TEXCOORD" input_set="0"/>
                                    </instance_material>
                                </technique_common>
                            </bind_material>
                        </instance_geometry>
                    </node>
                </node>
                <node id="ID317" name="Details">
                    <translate sid="translate">0 0 -0</translate>
                    <rotate sid="rotateY">0 1 0 0</rotate>
                    <rotate sid="rotateX">1 0 0 0</rotate>
                    <rotate sid="rotateZ">0 0 1 -0</rotate>
                    <scale sid="scale">1 1 1</scale>
                    <node id="ID318" name="LightRearFrameL.1">
                        <translate sid="translate">77.972 21.7114 93.8268</translate>
                        <rotate sid="rotateY">0 1 0 180</rotate>
                        <rotate sid="rotateX">1 0 0 -5.59119e-005</rotate>
                        <rotate sid="rotateZ">0 0 1 -270</rotate>
                        <scale sid="scale">1 1 1</scale>
                        <instance_geometry url="#ID319">
                            <bind_material>
                                <technique_common>
                                    <instance_material symbol="Material1" target="#ID1">
                                        <bind_vertex_input semantic="UVSET0" input_semantic="TEXCOORD" input_set="0"/>
                                    </instance_material>
                                </technique_common>
                            </bind_material>
                        </instance_geometry>
                        <node id="ID327" name="Light">
                            <translate sid="translate">3.81467e-006 -2.8578e-011 3.05176e-005</translate>
                            <rotate sid="rotateY">0 1 0 0</rotate>
                            <rotate sid="rotateX">1 0 0 0</rotate>
                            <rotate sid="rotateZ">0 0 1 -0</rotate>
                            <scale sid="scale">1 1 1</scale>
                            <instance_geometry url="#ID328">
                                <bind_material>
                                    <technique_common>
                                        <instance_material symbol="Material1" target="#ID1">
                                            <bind_vertex_input semantic="UVSET0" input_semantic="TEXCOORD" input_set="0"/>
                                        </instance_material>
                                    </technique_common>
                                </bind_material>
                            </instance_geometry>
                        </node>
                    </node>
                    <node id="ID336" name="LightRearFrameL">
                        <translate sid="translate">-77.9719 21.7114 93.8267</translate>
                        <rotate sid="rotateY">0 1 0 180</rotate>
                        <rotate sid="rotateX">1 0 0 -2.85911e-005</rotate>
                        <rotate sid="rotateZ">0 0 1 -270</rotate>
                        <scale sid="scale">1 1 1</scale>
                        <instance_geometry url="#ID337">
                            <bind_material>
                                <technique_common>
                                    <instance_material symbol="Material1" target="#ID1">
                                        <bind_vertex_input semantic="UVSET0" input_semantic="TEXCOORD" input_set="0"/>
                                    </instance_material>
                                </technique_common>
                            </bind_material>
                        </instance_geometry>
                        <node id="ID345" name="Light.2">
                            <translate sid="translate">3.81468e-006 -1.39977e-011 3.05176e-005</translate>
                            <rotate sid="rotateY">0 1 0 360</rotate>
                            <rotate sid="rotateX">1 0 0 6.06643e-021</rotate>
                            <rotate sid="rotateZ">0 0 1 -360</rotate>
                            <scale sid="scale">1 1 1</scale>
                            <instance_geometry url="#ID346">
                                <bind_material>
                                    <technique_common>
                                        <instance_material symbol="Material1" target="#ID1">
                                            <bind_vertex_input semantic="UVSET0" input_semantic="TEXCOORD" input_set="0"/>
                                        </instance_material>
                                    </technique_common>
                                </bind_material>
                            </instance_geometry>
                        </node>
                    </node>
                    <node id="ID354" name="WiperL.1">
                        <translate sid="translate">62.9924 24.6389 -54.6408</translate>
                        <rotate sid="rotateY">0 1 0 360</rotate>
                        <rotate sid="rotateX">1 0 0 1.51406e-005</rotate>
                        <rotate sid="rotateZ">0 0 1 -360</rotate>
                        <scale sid="scale">1 1 1</scale>
                        <instance_geometry url="#ID355">
                            <bind_material>
                                <technique_common>
                                    <instance_material symbol="Material1" target="#ID1">
                                        <bind_vertex_input semantic="UVSET0" input_semantic="TEXCOORD" input_set="0"/>
                                    </instance_material>
                                </technique_common>
                            </bind_material>
                        </instance_geometry>
                    </node>
                    <node id="ID363" name="WiperL">
                        <translate sid="translate">-19.5911 24.6389 -54.6408</translate>
                        <rotate sid="rotateY">0 1 0 360</rotate>
                        <rotate sid="rotateX">1 0 0 1.51406e-005</rotate>
                        <rotate sid="rotateZ">0 0 1 -360</rotate>
                        <scale sid="scale">1 1 1</scale>
                        <instance_geometry url="#ID364">
                            <bind_material>
                                <technique_common>
                                    <instance_material symbol="Material1" target="#ID1">
                                        <bind_vertex_input semantic="UVSET0" input_semantic="TEXCOORD" input_set="0"/>
                                    </instance_material>
                                </technique_common>
                            </bind_material>
                        </instance_geometry>
                    </node>
                    <node id="ID372" name="BumperBack">
                        <translate sid="translate">2.0777e-005 -1.96001 95.4286</translate>
                        <rotate sid="rotateY">0 1 0 180</rotate>
                        <rotate sid="rotateX">1 0 0 7.01671e-015</rotate>
                        <rotate sid="rotateZ">0 0 1 -0</rotate>
                        <scale sid="scale">1 1 1</scale>
                        <instance_geometry url="#ID373">
                            <bind_material>
                                <technique_common>
                                    <instance_material symbol="Material1" target="#ID1">
                                        <bind_vertex_input semantic="UVSET0" input_semantic="TEXCOORD" input_set="0"/>
                                    </instance_material>
                                </technique_common>
                            </bind_material>
                        </instance_geometry>
                    </node>
                    <node id="ID381" name="BumperFront">
                        <translate sid="translate">0 -18.2611 -142.232</translate>
                        <rotate sid="rotateY">0 1 0 0</rotate>
                        <rotate sid="rotateX">1 0 0 0</rotate>
                        <rotate sid="rotateZ">0 0 1 -0</rotate>
                        <scale sid="scale">1 1 1</scale>
                        <instance_geometry url="#ID382">
                            <bind_material>
                                <technique_common>
                                    <instance_material symbol="Material1" target="#ID1">
                                        <bind_vertex_input semantic="UVSET0" input_semantic="TEXCOORD" input_set="0"/>
                                    </instance_material>
                                </technique_common>
                            </bind_material>
                        </instance_geometry>
                    </node>
                    <node id="ID390" name="LightFrontFrame.1">
                        <translate sid="translate">59.449 -2.3579 -139.912</translate>
                        <rotate sid="rotateY">0 1 0 0</rotate>
                        <rotate sid="rotateX">1 0 0 -17.8102</rotate>
                        <rotate sid="rotateZ">0 0 1 -0</rotate>
                        <scale sid="scale">1 1 1</scale>
                        <instance_geometry url="#ID391">
                            <bind_material>
                                <technique_common>
                                    <instance_material symbol="Material1" target="#ID1">
                                        <bind_vertex_input semantic="UVSET0" input_semantic="TEXCOORD" input_set="0"/>
                                    </instance_material>
                                </technique_common>
                            </bind_material>
                        </instance_geometry>
                        <node id="ID399" name="Light.3">
                            <translate sid="translate">0 0 -0</translate>
                            <rotate sid="rotateY">0 1 0 0</rotate>
                            <rotate sid="rotateX">1 0 0 0</rotate>
                            <rotate sid="rotateZ">0 0 1 -0</rotate>
                            <scale sid="scale">1 1 1</scale>
                            <instance_geometry url="#ID400">
                                <bind_material>
                                    <technique_common>
                                        <instance_material symbol="Material1" target="#ID1">
                                            <bind_vertex_input semantic="UVSET0" input_semantic="TEXCOORD" input_set="0"/>
                                        </instance_material>
                                    </technique_common>
                                </bind_material>
                            </instance_geometry>
                        </node>
                    </node>
                    <node id="ID408" name="LightFrontFrame">
                        <translate sid="translate">-59.4488 -2.3579 -139.912</translate>
                        <rotate sid="rotateY">0 1 0 0</rotate>
                        <rotate sid="rotateX">1 0 0 -17.8102</rotate>
                        <rotate sid="rotateZ">0 0 1 -0</rotate>
                        <scale sid="scale">1 1 1</scale>
                        <instance_geometry url="#ID409">
                            <bind_material>
                                <technique_common>
                                    <instance_material symbol="Material1" target="#ID1">
                                        <bind_vertex_input semantic="UVSET0" input_semantic="TEXCOORD" input_set="0"/>
                                    </instance_material>
                                </technique_common>
                            </bind_material>
                        </instance_geometry>
                        <node id="ID417" name="Light.4">
                            <translate sid="translate">0 0 -0</translate>
                            <rotate sid="rotateY">0 1 0 0</rotate>
                            <rotate sid="rotateX">1 0 0 0</rotate>
                            <rotate sid="rotateZ">0 0 1 -0</rotate>
                            <scale sid="scale">1 1 1</scale>
                            <instance_geometry url="#ID418">
                                <bind_material>
                                    <technique_common>
                                        <instance_material symbol="Material1" target="#ID1">
                                            <bind_vertex_input semantic="UVSET0" input_semantic="TEXCOORD" input_set="0"/>
                                        </instance_material>
                                    </technique_common>
                                </bind_material>
                            </instance_geometry>
                        </node>
                    </node>
                    <node id="ID426" name="Grille">
                        <translate sid="translate">0 -7.02232 -137.249</translate>
                        <rotate sid="rotateY">0 1 0 0</rotate>
                        <rotate sid="rotateX">1 0 0 -17.5901</rotate>
                        <rotate sid="rotateZ">0 0 1 -0</rotate>
                        <scale sid="scale">1 1 1</scale>
                        <instance_geometry url="#ID427">
                            <bind_material>
                                <technique_common>
                                    <instance_material symbol="Material1" target="#ID1">
                                        <bind_vertex_input semantic="UVSET0" input_semantic="TEXCOORD" input_set="0"/>
                                    </instance_material>
                                </technique_common>
                            </bind_material>
                        </instance_geometry>
                    </node>
                    <node id="ID435" name="MirrorInterior">
                        <translate sid="translate">0 135.837 -32.5879</translate>
                        <rotate sid="rotateY">0 1 0 0</rotate>
                        <rotate sid="rotateX">1 0 0 0</rotate>
                        <rotate sid="rotateZ">0 0 1 -0</rotate>
                        <scale sid="scale">0.993 0.993 0.993</scale>
                        <instance_geometry url="#ID436">
                            <bind_material>
                                <technique_common>
                                    <instance_material symbol="Material1" target="#ID1">
                                        <bind_vertex_input semantic="UVSET0" input_semantic="TEXCOORD" input_set="0"/>
                                    </instance_material>
                                </technique_common>
                            </bind_material>
                        </instance_geometry>
                        <node id="ID444" name="MirrorGlass">
                            <translate sid="translate">0 3.07327e-005 3.84159e-006</translate>
                            <rotate sid="rotateY">0 1 0 0</rotate>
                            <rotate sid="rotateX">1 0 0 0</rotate>
                            <rotate sid="rotateZ">0 0 1 -0</rotate>
                            <scale sid="scale">1 1 1</scale>
                            <instance_geometry url="#ID445">
                                <bind_material>
                                    <technique_common>
                                        <instance_material symbol="Material1" target="#ID1">
                                            <bind_vertex_input semantic="UVSET0" input_semantic="TEXCOORD" input_set="0"/>
                                        </instance_material>
                                    </technique_common>
                                </bind_material>
                            </instance_geometry>
                        </node>
                    </node>
                    <node id="ID453" name="MirrorCaseR">
                        <translate sid="translate">-91.3868 34.8707 -42.445</translate>
                        <rotate sid="rotateY">0 1 0 5.552e-006</rotate>
                        <rotate sid="rotateX">1 0 0 1.00179e-005</rotate>
                        <rotate sid="rotateZ">0 0 1 -5.97642e-006</rotate>
                        <scale sid="scale">1 1 1</scale>
                        <instance_geometry url="#ID454">
                            <bind_material>
                                <technique_common>
                                    <instance_material symbol="Material1" target="#ID1">
                                        <bind_vertex_input semantic="UVSET0" input_semantic="TEXCOORD" input_set="0"/>
                                    </instance_material>
                                </technique_common>
                            </bind_material>
                        </instance_geometry>
                        <node id="ID462" name="Mirror">
                            <translate sid="translate">1.13687e-012 -3.8147e-006 -7.62939e-006</translate>
                            <rotate sid="rotateY">0 1 0 360</rotate>
                            <rotate sid="rotateX">1 0 0 -2.8374e-005</rotate>
                            <rotate sid="rotateZ">0 0 1 -360</rotate>
                            <scale sid="scale">1 1 1</scale>
                            <instance_geometry url="#ID463">
                                <bind_material>
                                    <technique_common>
                                        <instance_material symbol="Material1" target="#ID1">
                                            <bind_vertex_input semantic="UVSET0" input_semantic="TEXCOORD" input_set="0"/>
                                        </instance_material>
                                    </technique_common>
                                </bind_material>
                            </instance_geometry>
                        </node>
                    </node>
                    <node id="ID471" name="MirrorCaseL">
                        <translate sid="translate">-91.3868 34.8707 -42.445</translate>
                        <rotate sid="rotateY">0 1 0 5.552e-006</rotate>
                        <rotate sid="rotateX">1 0 0 1.00179e-005</rotate>
                        <rotate sid="rotateZ">0 0 1 -5.97642e-006</rotate>
                        <scale sid="scale">1 1 1</scale>
                        <instance_geometry url="#ID472">
                            <bind_material>
                                <technique_common>
                                    <instance_material symbol="Material1" target="#ID1">
                                        <bind_vertex_input semantic="UVSET0" input_semantic="TEXCOORD" input_set="0"/>
                                    </instance_material>
                                </technique_common>
                            </bind_material>
                        </instance_geometry>
                        <node id="ID480" name="Mirror.2">
                            <translate sid="translate">1.13687e-012 -3.8147e-006 -7.62939e-006</translate>
                            <rotate sid="rotateY">0 1 0 360</rotate>
                            <rotate sid="rotateX">1 0 0 -2.8374e-005</rotate>
                            <rotate sid="rotateZ">0 0 1 -360</rotate>
                            <scale sid="scale">1 1 1</scale>
                            <instance_geometry url="#ID481">
                                <bind_material>
                                    <technique_common>
                                        <instance_material symbol="Material1" target="#ID1">
                                            <bind_vertex_input semantic="UVSET0" input_semantic="TEXCOORD" input_set="0"/>
                                        </instance_material>
                                    </technique_common>
                                </bind_material>
                            </instance_geometry>
                        </node>
                    </node>
                </node>
                <node id="ID489" name="WheelMeshes">
                    <translate sid="translate">0.745239 -0.750824 0.972351</translate>
                    <rotate sid="rotateY">0 1 0 0</rotate>
                    <rotate sid="rotateX">1 0 0 0</rotate>
                    <rotate sid="rotateZ">0 0 1 -0</rotate>
                    <scale sid="scale">1 1 1</scale>
                    <node id="ID490" name="WheelRR">
                        <translate sid="translate">93.0218 -16.1493 51.578</translate>
                        <rotate sid="rotateY">0 1 0 1.5053e-012</rotate>
                        <rotate sid="rotateX">1 0 0 0</rotate>
                        <rotate sid="rotateZ">0 0 1 -360</rotate>
                        <scale sid="scale">1 1 1</scale>
                        <instance_geometry url="#ID491">
                            <bind_material>
                                <technique_common>
                                    <instance_material symbol="Material1" target="#ID1">
                                        <bind_vertex_input semantic="UVSET0" input_semantic="TEXCOORD" input_set="0"/>
                                    </instance_material>
                                </technique_common>
                            </bind_material>
                        </instance_geometry>
                    </node>
                    <node id="ID499" name="WheelRL">
                        <translate sid="translate">-94.5123 -16.1492 51.578</translate>
                        <rotate sid="rotateY">0 1 0 180</rotate>
                        <rotate sid="rotateX">1 0 0 8.21239e-013</rotate>
                        <rotate sid="rotateZ">0 0 1 -0</rotate>
                        <scale sid="scale">1 1 1</scale>
                        <instance_geometry url="#ID500">
                            <bind_material>
                                <technique_common>
                                    <instance_material symbol="Material1" target="#ID1">
                                        <bind_vertex_input semantic="UVSET0" input_semantic="TEXCOORD" input_set="0"/>
                                    </instance_material>
                                </technique_common>
                            </bind_material>
                        </instance_geometry>
                    </node>
                    <node id="ID508" name="WheelFR">
                        <translate sid="translate">84.7438 -16.1493 -87.5667</translate>
                        <rotate sid="rotateY">0 1 0 1.5053e-012</rotate>
                        <rotate sid="rotateX">1 0 0 0</rotate>
                        <rotate sid="rotateZ">0 0 1 -360</rotate>
                        <scale sid="scale">1 1 1</scale>
                        <instance_geometry url="#ID509">
                            <bind_material>
                                <technique_common>
                                    <instance_material symbol="Material1" target="#ID1">
                                        <bind_vertex_input semantic="UVSET0" input_semantic="TEXCOORD" input_set="0"/>
                                    </instance_material>
                                </technique_common>
                            </bind_material>
                        </instance_geometry>
                    </node>
                    <node id="ID517" name="WheelFL">
                        <translate sid="translate">-86.2344 -16.1492 -87.5667</translate>
                        <rotate sid="rotateY">0 1 0 180</rotate>
                        <rotate sid="rotateX">1 0 0 8.21239e-013</rotate>
                        <rotate sid="rotateZ">0 0 1 -0</rotate>
                        <scale sid="scale">1 1 1</scale>
                        <instance_geometry url="#ID518">
                            <bind_material>
                                <technique_common>
                                    <instance_material symbol="Material1" target="#ID1">
                                        <bind_vertex_input semantic="UVSET0" input_semantic="TEXCOORD" input_set="0"/>
                                    </instance_material>
                                </technique_common>
                            </bind_material>
                        </instance_geometry>
                    </node>
                </node>
            </node>
        </visual_scene>
    </library_visual_scenes>
    <scene>
        <instance_visual_scene url="#ID3"/>
    </scene>
</COLLADA>
