<?xml version="1.0"?>
<COLLADA xmlns="http://www.collada.org/2005/11/COLLADASchema" version="1.4.1">
    <asset>
        <contributor>
            <authoring_tool>CINEMA4D 11.530 COLLADA Exporter</authoring_tool>
        </contributor>
        <created>2016-02-09T19:41:07Z</created>
        <modified>2016-02-09T19:41:07Z</modified>
        <unit meter="0.01" name="centimeter"/>
        <up_axis>Y_UP</up_axis>
    </asset>
    <library_effects>
        <effect id="ID2">
            <profile_COMMON>
                <technique sid="COMMON">
                    <blinn>
                        <diffuse>
                            <color>0.8 0.8 0.8 1</color>
                        </diffuse>
                        <specular>
                            <color>0.2 0.2 0.2 1</color>
                        </specular>
                        <shininess>
                            <float>0.5</float>
                        </shininess>
                    </blinn>
                </technique>
            </profile_COMMON>
        </effect>
    </library_effects>
    <library_materials>
        <material id="ID1" name="Mat">
            <instance_effect url="#ID2"/>
        </material>
    </library_materials>
    <library_geometries>
        <geometry id="ID6">
            <mesh>
                <source id="ID7">
                    <float_array id="ID8" count="867">-91.8892 -16.6496 149.81 -91.8892 26.0637 149.81 -69.9736 150.24 48.4277 0 -16.6496 155.361 0 -16.6496 -221.381 -91.8892 -14.6521 -219.218 -91.8892 25.2224 -227.274 -69.9736 150.24 -87.6743 -90.5438 27.5089 -110.47 0 27.1799 -229.437 -72.3225 -0.684387 41.5397 -91.8892 -16.6496 -15.6064 -91.8892 26.0637 -12.2142 0 29.4664 -112.633 0 -16.6496 -15.6064 -68.6167 -16.6496 69.8554 -91.8892 26.0637 69.8554 0 -16.6496 69.8554 0 153.19 93.0254 -69.9736 150.24 90.3151 0 151.944 -94.0993 -69.9736 150.24 -93.0245 0 153.19 -21.9646 -69.9736 150.24 -26.297 -91.8892 -0.233147 149.81 0 -0.233147 155.361 0 -0.556503 -220.216 -91.8892 -0.556503 -222.878 -68.6167 19.1878 69.8531 -84.5945 27.2812 -216.436 -91.8892 20.4235 69.8554 -84.5945 -0.233147 155.361 -87.1323 -0.556505 -225.04 -91.8892 3.07897 -18.9342 -52.2871 -16.6496 155.361 -52.2871 26.0637 155.361 -52.2871 -16.6496 -221.381 -52.2871 27.1799 -229.437 -84.5945 -16.6496 155.361 -84.5945 26.0637 155.361 -91.8892 -16.6496 -101.42 -87.1323 -16.6496 -221.381 -84.5945 27.1799 -229.437 -70.4512 -0.71804 -208.262 -84.5945 29.4664 -112.633 -52.2871 -16.6496 101.911 -91.8892 26.0637 -104.831 -64.4187 153.19 93.0254 -64.4187 151.944 -94.0993 -64.4187 153.19 -21.9646 -52.2871 -16.6496 -103.126 -39.8167 153.19 -89.5007 0 23.2652 -229.492 -91.8892 19.019 -227.329 0 -16.6496 -103.126 -91.8892 2.88198 -12.2142 -91.8892 26.0637 100.86 -70.3393 -16.6201 -205.078 -52.2871 29.4664 -112.633 -52.2871 -16.6496 -15.6064 -52.2871 -16.6496 69.8554 -39.8167 153.19 93.0254 -91.8892 3.44647 -101.547 -87.1323 23.2652 -229.492 -90.9053 31.6387 147.139 -90.9053 31.6387 69.0262 -90.9053 31.6387 -107.926 -90.9053 31.6387 -12.5234 0 31.6387 -110.089 -39.8167 151.944 -94.0993 -39.8167 153.19 -21.9646 -91.8892 16.468 85.8354 -91.8892 -16.6496 100.86 -83.6887 31.6387 152.69 -83.6887 31.6387 -110.089 -70.3882 -0.623504 -147.098 -91.8892 26.0637 -18.9986 -70.4041 13.6983 -157.379 0 -16.6496 101.911 0 -16.6496 -207.801 -52.2871 23.2652 -229.492 -51.7273 31.6387 -110.089 -70.4284 -16.6597 -145.912 -90.9053 31.6387 99.8607 -91.8892 19.1053 -213.033 -68.6167 15.3918 54.265 -90.9053 31.6387 -19.2367 -70.5625 146.903 51.8814 0 146.903 97.4647 -70.5625 146.903 91.9136 0 146.903 -95.6065 -70.5625 146.903 -93.4437 -70.5625 146.903 -18.9147 -40.1517 146.903 97.4647 -40.1517 146.903 -95.6065 -52.2871 -0.233147 155.361 -52.2871 -0.556504 -220.216 -64.9608 146.903 97.4647 -64.9608 146.903 -95.6065 -70.5625 146.903 -24.1593 -90.9053 31.6387 -104.171 -86.2053 -0.556505 -220.216 -64.4187 153.19 -92.1856 -91.8892 14.339 -197.695 -86.2053 22.3876 -224.146 -70.5625 146.903 72.2836 -70.5625 146.903 -90.5099 -86.2053 -15.772 -219.606 -70.4041 -16.6496 -172.829 -91.8892 25.5753 -178.357 0 -16.6496 -174.085 -91.8892 17.7856 -177.576 -70.4041 13.6033 -197.252 -84.5945 27.5328 -180.52 -91.8892 19.3196 -177.538 -52.2871 -16.6496 -174.085 -52.2871 22.3876 -224.146 0 -15.772 -219.606 -52.2871 -15.772 -219.606 0 153.19 -92.1856 -91.8892 14.4348 -156.923 -70.4041 16.9746 -177.573 -91.8892 3.46108 -104.831 -39.8167 153.19 -92.1856 0 22.3876 -224.146 -69.9736 150.24 -90.1144 -91.8892 -16.6496 -145.109 -91.8892 25.7862 -148.25 0 -16.6496 -145.823 -91.8892 -0.339818 -146.317 -68.6167 -16.6496 40.1834 -84.5945 27.7436 -150.413 -91.8892 19.4992 -147.785 -52.2871 -16.6496 -145.823 -91.8892 -0.517558 -209.117 -91.8892 -16.6496 38.9834 -68.6167 -0.693477 99.6597 0 -16.6496 38.9834 -91.8892 -14.6521 -205.898 -91.8892 -0.233147 38.9834 0 27.2812 -216.436 -68.6167 15.3916 85.1896 -91.8892 2.88198 38.9834 -52.2871 -16.6496 38.9834 -52.2871 27.2812 -216.436 -91.8892 25.3237 -212.808 -52.2871 -16.6496 -207.801 -69.9736 150.24 37.4349 -64.4187 153.19 -89.5007 -91.8892 -0.233147 100.86 0 153.19 37.4349 -91.8892 16.468 53.6123 -64.4187 153.19 37.4349 -68.5308 -16.6925 99.6597 -91.8892 19.7356 53.6123 0 153.19 -89.5007 -39.8167 153.19 37.4349 -69.9736 150.24 -17.4137 91.8892 -16.6496 149.81 91.8892 26.0637 149.81 69.9736 150.24 48.4277 91.8892 -14.6521 -219.218 91.8892 25.2224 -227.274 69.9736 150.24 -87.6743 90.5438 27.5089 -110.47 72.3225 -0.684387 41.5397 91.8892 -16.6496 -15.6064 91.8892 26.0637 -12.2142 68.6167 -16.6496 69.8554 91.8892 26.0637 69.8554 69.9736 150.24 90.3151 69.9736 150.24 -93.0245 69.9736 150.24 -26.297 91.8892 -0.233147 149.81 91.8892 -0.556503 -222.878 68.6167 19.1878 69.8531 84.5945 27.2812 -216.436 91.8892 20.4235 69.8554 84.5945 -0.233147 155.361 87.1323 -0.556505 -225.04 91.8892 3.07897 -18.9342 52.2871 -16.6496 155.361 52.2871 26.0637 155.361 52.2871 -16.6496 -221.381 52.2871 27.1799 -229.437 84.5945 -16.6496 155.361 84.5945 26.0637 155.361 91.8892 -16.6496 -101.42 87.1323 -16.6496 -221.381 84.5945 27.1799 -229.437 70.4512 -0.71804 -208.262 84.5945 29.4664 -112.633 52.2871 -16.6496 101.911 91.8892 26.0637 -104.831 64.4187 153.19 93.0254 64.4187 151.944 -94.0993 64.4187 153.19 -21.9646 52.2871 -16.6496 -103.126 39.8167 153.19 -89.5007 91.8892 19.019 -227.329 91.8892 2.88198 -12.2142 91.8892 26.0637 100.86 70.3393 -16.6201 -205.078 52.2871 29.4664 -112.633 52.2871 -16.6496 -15.6064 52.2871 -16.6496 69.8554 39.8167 153.19 93.0254 91.8892 3.44647 -101.547 87.1323 23.2652 -229.492 90.9053 31.6387 147.139 90.9053 31.6387 69.0262 90.9053 31.6387 -107.926 90.9053 31.6387 -12.5234 39.8167 151.944 -94.0993 39.8167 153.19 -21.9646 91.8892 16.468 85.8354 91.8892 -16.6496 100.86 83.6887 31.6387 152.69 83.6887 31.6387 -110.089 70.3882 -0.623504 -147.098 91.8892 26.0637 -18.9986 70.4041 13.6983 -157.379 52.2871 23.2652 -229.492 51.7273 31.6387 -110.089 70.4284 -16.6597 -145.912 90.9053 31.6387 99.8607 91.8892 19.1053 -213.033 68.6167 15.3918 54.265 90.9053 31.6387 -19.2367 70.5625 146.903 51.8814 70.5625 146.903 91.9136 70.5625 146.903 -93.4437 70.5625 146.903 -18.9147 40.1517 146.903 97.4647 40.1517 146.903 -95.6065 52.2871 -0.233147 155.361 52.2871 -0.556504 -220.216 64.9608 146.903 97.4647 64.9608 146.903 -95.6065 70.5625 146.903 -24.1593 90.9053 31.6387 -104.171 86.2053 -0.556505 -220.216 64.4187 153.19 -92.1856 91.8892 14.339 -197.695 86.2053 22.3876 -224.146 70.5625 146.903 72.2836 70.5625 146.903 -90.5099 86.2053 -15.772 -219.606 70.4041 -16.6496 -172.829 91.8892 25.5753 -178.357 91.8892 17.7856 -177.576 70.4041 13.6033 -197.252 84.5945 27.5328 -180.52 91.8892 19.3196 -177.538 52.2871 -16.6496 -174.085 52.2871 22.3876 -224.146 52.2871 -15.772 -219.606 91.8892 14.4348 -156.923 70.4041 16.9746 -177.573 91.8892 3.46108 -104.831 39.8167 153.19 -92.1856 69.9736 150.24 -90.1144 91.8892 -16.6496 -145.109 91.8892 25.7862 -148.25 91.8892 -0.339818 -146.317 68.6167 -16.6496 40.1834 84.5945 27.7436 -150.413 91.8892 19.4992 -147.785 52.2871 -16.6496 -145.823 91.8892 -0.517558 -209.117 91.8892 -16.6496 38.9834 68.6167 -0.693477 99.6597 91.8892 -14.6521 -205.898 91.8892 -0.233147 38.9834 68.6167 15.3916 85.1896 91.8892 2.88198 38.9834 52.2871 -16.6496 38.9834 52.2871 27.2812 -216.436 91.8892 25.3237 -212.808 52.2871 -16.6496 -207.801 69.9736 150.24 37.4349 64.4187 153.19 -89.5007 91.8892 -0.233147 100.86 91.8892 16.468 53.6123 64.4187 153.19 37.4349 68.5308 -16.6925 99.6597 91.8892 19.7356 53.6123 39.8167 153.19 37.4349 69.9736 150.24 -17.4137</float_array>
                    <technique_common>
                        <accessor count="289" source="#ID8" stride="3">
                            <param name="X" type="float"/>
                            <param name="Y" type="float"/>
                            <param name="Z" type="float"/>
                        </accessor>
                    </technique_common>
                </source>
                <source id="ID9">
                    <float_array id="ID10" count="714">-0.786309 0.617719 -0.0118642 -0.62855 0.683285 -0.371547 -0.981224 0.187116 -0.0467628 -0.792714 0.231377 -0.563977 -0.841945 0.254145 -0.475961 -0.264608 0.578263 -0.771748 -0.213335 0.235662 -0.948131 -0.198688 0.737876 -0.645029 -0.677131 0.403944 -0.61508 -0.0260476 -0.228329 -0.973235 0.724879 -0.688869 0.00303956 1 -0.000296109 0.000598829 0.74756 -0.564888 -0.349365 0 1 -0 0.289729 0.957109 -0 0.847713 -0.181005 -0.498617 0.578046 -0.598072 -0.555132 1 0 -0 0 0 1 -0.832323 -0.0549512 -0.55156 -0.79429 0.607523 -0.00442052 -1 0 -0 -0.578046 -0.598072 -0.555132 -0.305821 -0.905823 -0.293185 -0.488141 -0.297475 -0.820504 -0.847713 -0.181005 -0.498617 0 0.887914 0.46001 -0.308557 0.849115 0.428715 -0.289729 0.957109 -0 0.000141294 -1 -1.79428e-005 7.11577e-005 -1 2.91073e-005 0 -1 -0 -0.724879 -0.688869 0.00303956 -0.743873 -0.572621 0.344613 -0.744316 -0.571929 0.344806 -0.698379 0.71026 -0.0883023 -0.708799 0.52338 -0.472945 -0.211197 0.628069 -0.74895 -0.239687 0.948427 -0.207452 -0.858718 -0.18712 0.477064 -0.860468 -0.112332 0.496968 -0.50581 -0.191487 0.841124 -0.7168 0.143866 0.682276 -0.70516 -0.421451 0.5702 -0.000686095 -1 -8.4768e-005 -0.000610446 -1 -7.22886e-005 0.887164 -0.461044 0.0194696 -0.000355599 -1 -0.000181148 0.747081 -0.565134 -0.34999 -0.414555 0.511873 0.752417 0 0.576782 0.816898 0.728148 -0.573794 0.374915 0.503197 -0.32894 0.799119 0.311417 -0.897896 0.311131 0 0.286439 -0.958098 0 0.598863 -0.800852 0 0.598863 -0.800852 0 0.286439 -0.958098 -0.78572 0.384754 0.484364 -0.857707 0.479161 0.186394 -0.984781 0.173802 -0 -0.808861 0.588 -0 -0.984781 0.173802 -0 0.996188 0.0872337 4.77048e-009 0.857108 -0.184534 -0.480951 0.895984 0 0.444086 0.887505 0.172295 0.427375 -0.000913042 -1 0.000122206 0.000204471 -1 0.000253864 0.000610446 -1 -7.22886e-005 0 -0.104662 -0.994508 0 -0.709555 -0.70465 3.06177e-008 -0.709555 -0.70465 2.68778e-009 -0.104662 -0.994508 -0.895984 0 0.444086 -0.887505 0.172295 0.427375 -0.412123 0.155632 0.897738 -0.31954 0 0.947573 -0.834508 -0.120605 -0.537634 -0.760905 -0.532621 -0.370592 -0.282842 -0.897805 -0.337561 -0.391779 -0.201388 -0.897749 -0.724516 -0.00241948 -0.689254 -0.887164 -0.461044 0.0194696 -0.739707 -0.577104 -0.346099 -0.508503 -0.309569 -0.803487 -1 -0.000296109 0.000598829 -0.735062 -0.677999 -0.00128178 -0.728148 -0.573794 0.374915 0.175897 0.984381 -0.00733662 0 0.99997 -0.00779392 2.23394e-010 0.709318 -0.704888 0.198688 0.737876 -0.645029 -6.27004e-005 -1 3.88098e-005 -0.984781 0.173802 -0 -0.984781 0.173802 -0 -0.469141 0.883123 -0 -0.703991 0.710209 -0 -0.25621 0.87202 -0.417058 0 0.760425 -0.649426 0.435946 0.380782 -0.815448 2.75184e-010 0.510517 -0.859868 0.609518 -0.0861143 -0.788081 -0.895984 0 0.444086 -0.740354 -0.576419 -0.345857 -0.0823114 -0.996459 0.0171573 -0.74756 -0.564888 -0.349365 -0.747081 -0.565134 -0.34999 0 0.958651 -0.284584 -0.311417 -0.897896 0.311131 -0.703991 0.710209 -0 0.000355599 -1 -0.000181148 0.000686095 -1 -8.4768e-005 -0.774288 0.377273 0.508077 -0.571337 0.431469 0.698147 0.000141874 -1 -0.000161311 0.000283748 -1 -0.000322622 0.0823114 -0.996459 0.0171573 0.000359157 -1 0.000263304 -0.24174 0.970341 -0 -0.469141 0.883124 -0 2.94614e-008 -0.641935 -0.766759 0 -0.641935 -0.766759 0 0.896429 -0.443187 0 0.896429 -0.443187 -2.75184e-010 0.510517 -0.859868 0 0.510517 -0.859868 -0.747892 -0.562571 0.35238 0.632434 0.579216 -0.51433 0.966538 -0.0318255 -0.254542 0 0.709318 -0.704888 -2.23394e-010 0.709318 -0.704888 -0.997563 0.0697763 3.60086e-009 -0.857108 -0.184534 -0.480951 0.786309 0.617719 -0.0118642 0.794163 0.60769 -0.00430178 0.000660992 -1 0.000192761 0.0260476 -0.228329 -0.973235 -2.94614e-008 -0.641935 -0.766759 -3.06177e-008 -0.709555 -0.70465 -0.482609 -0.583534 -0.653128 0.305821 -0.905823 -0.293185 0.488141 -0.297475 -0.820504 0.261388 0.96521 -0.00683262 0.279389 0.959909 -0.0227454 -0.984781 0.173802 1.25465e-008 -0.984781 0.173801 -0 -0.984781 0.173801 -0 0.743873 -0.572621 0.344613 0.239687 0.948427 -0.207452 0.698379 0.71026 -0.0883023 0.469141 0.883124 -0 0.24174 0.970341 -0 0.860468 -0.112332 0.496968 0.832323 -0.0549512 -0.55156 0.834508 -0.120605 -0.537634 0.482609 -0.583534 -0.653128 -0.175897 0.984381 -0.00733662 -0.000294295 -1 0.000755131 -0.000359157 -1 0.000263304 0 0.99997 -0.00779392 -0.261388 0.96521 -0.00683262 -0.794163 0.60769 -0.00430178 -0.000141874 -1 -0.000161311 -0.000283748 -1 -0.000322622 0.851669 -0.449393 -0.269641 0.99905 0.0435751 -0 0.847953 -0.53007 -0.00100212 0.981224 0.187116 -0.0467628 0.984781 0.173802 1.0751e-008 -0.503197 -0.32894 0.799119 -0.279389 0.959909 -0.0227454 0.744316 -0.571929 0.344806 0.50581 -0.191487 0.841124 -0.601129 -0.582181 0.547457 0.703991 0.710209 -0 0.808861 0.588 -0 -0.725052 -9.49736e-005 -0.688694 0.857707 0.479161 0.186394 0.984781 0.173801 -0 0.78572 0.384754 0.484364 0.984781 0.173802 -0 0.211197 0.628069 -0.74895 -0.998309 0.0581311 3.6546e-009 0.858718 -0.18712 0.477064 0.747892 -0.562571 0.35238 0.79429 0.607523 -0.00442052 0.725052 -9.49736e-005 -0.688694 0.508502 -0.309569 -0.803487 0.724516 -0.00241948 -0.689254 -0.000141294 -1 -1.79428e-005 -0.984781 0.173802 1.09266e-008 -0.984781 0.173802 8.96921e-009 0.677131 0.403944 -0.61508 0.984781 0.173802 1.42569e-008 0.774288 0.377273 0.508077 0.996188 0.0872339 1.25946e-008 -0.996188 0.0872339 1.25945e-008 0.62855 0.683285 -0.371547 0.792714 0.231377 -0.563977 0.213335 0.235662 -0.948131 0.264608 0.578263 -0.771748 0.841945 0.254145 -0.475961 0.25621 0.87202 -0.417058 0.308557 0.849115 0.428715 -7.11577e-005 -1 2.91073e-005 0.708799 0.52338 -0.472945 0.70516 -0.421451 0.5702 0.7168 0.143866 0.682276 6.27004e-005 -1 3.88098e-005 0.601129 -0.582181 0.547457 0.414555 0.511873 0.752417 0.984781 0.173802 -0 0.000913042 -1 0.000122206 -0.000204471 -1 0.000253864 -2.68778e-009 -0.104662 -0.994508 0.31954 0 0.947573 0.412123 0.155632 0.897738 0.391779 -0.201388 -0.897749 0.282842 -0.897805 -0.337561 0.760905 -0.532621 -0.370592 0.739707 -0.577104 -0.346099 0.735062 -0.677999 -0.00128178 -0.000660992 -1 0.000192761 0.31954 0 0.947573 0.984781 0.173802 -0 0.984781 0.173802 -0 0.469141 0.883123 -0 -0.435946 0.380782 -0.815448 -0.609518 -0.0861143 -0.788081 0.895984 0 0.444086 0.703991 0.710209 -0 0.571337 0.431469 0.698147 -0.632434 0.579216 -0.51433 -0.966538 -0.0318255 -0.254542 0.984781 0.173802 1.25465e-008 0.984781 0.173801 -0 0.000294295 -1 0.000755131</float_array>
                    <technique_common>
                        <accessor count="238" source="#ID10" stride="3">
                            <param name="X" type="float"/>
                            <param name="Y" type="float"/>
                            <param name="Z" type="float"/>
                        </accessor>
                    </technique_common>
                </source>
                <source id="ID11">
                    <float_array id="ID12" count="2">0 1</float_array>
                    <technique_common>
                        <accessor count="1" source="#ID12" stride="2">
                            <param name="S" type="float"/>
                            <param name="T" type="float"/>
                        </accessor>
                    </technique_common>
                </source>
                <vertices id="ID13">
                    <input semantic="POSITION" source="#ID7"/>
                </vertices>
                <polylist count="275" material="Material1">
                    <input offset="0" semantic="VERTEX" source="#ID13"/>
                    <input offset="1" semantic="NORMAL" source="#ID9"/>
                    <input offset="2" semantic="TEXCOORD" source="#ID11" set="0"/>
                    <vcount>3 4 3 3 4 4 4 4 4 4 3 4 4 4 4 4 4 4 4 4 3 4 4 3 4 4 4 4 4 4 4 3 4 4 4 4 4 4 4 4 4 4 3 4 4 4 4 3 4 4 4 4 4 3 4 4 4 4 4 4 4 4 4 4 3 3 3 4 4 4 3 4 4 4 4 4 4 4 4 3 4 4 3 4 4 4 4 4 4 4 3 4 4 4 4 4 4 4 4 4 4 4 4 4 3 4 3 4 4 3 4 4 4 4 3 4 4 4 4 4 4 3 4 3 3 4 4 4 4 4 4 4 3 3 4 4 4 3 4 3 3 4 4 3 4 4 3 4 4 4 4 4 4 4 4 4 4 4 4 4 4 4 3 4 4 4 3 4 3 4 4 4 3 4 4 3 4 3 3 4 4 4 4 4 4 3 4 4 4 4 4 3 3 4 4 3 4 4 3 4 4 4 4 4 4 4 3 4 4 4 4 4 4 4 4 4 4 3 4 4 4 4 3 4 4 4 3 4 3 4 4 4 4 4 4 4 4 4 4 3 3 3 4 3 4 3 4 4 4 4 4 4 4 4 3 4 4 4 4 4 4 4 4 4 4 3 4 4 3 4 4 4 4 4 4</vcount>
                    <p>46 2 0 8 1 0 127 0 0 98 6 0 74 5 0 66 4 0 91 3 0 63 9 0 6 8 0 42 7 0 221 12 0 248 11 0 258 10 0 287 13 0 284 14 0 196 14 0 214 13 0 259 17 0 187 17 0 262 16 0 264 15 0 25 18 0 95 18 0 34 18 0 3 18 0 84 21 0 145 20 0 6 8 0 53 19 0 129 25 0 75 24 0 82 23 0 126 22 0 156 13 0 152 28 0 47 27 0 61 26 0 55 21 0 33 21 0 11 21 0 128 31 0 54 31 0 50 30 0 133 29 0 103 34 0 112 33 0 121 32 0 111 32 0 102 38 0 48 37 0 21 36 0 125 35 0 11 21 0 139 39 0 142 21 0 55 21 0 138 43 0 57 42 0 43 41 0 134 40 0 205 47 0 168 46 0 285 45 0 192 44 0 267 17 0 257 48 0 250 10 0 253 17 0 93 50 0 61 26 0 47 27 0 97 49 0 265 53 0 165 52 0 227 51 0 168 46 0 264 15 0 257 48 0 267 17 0 94 57 0 69 56 0 20 55 0 90 54 0 97 49 0 47 27 0 19 59 0 89 58 0 92 62 0 23 61 0 99 60 0 159 66 0 173 65 0 282 64 0 201 63 0 153 69 0 38 68 0 0 67 0 72 67 0 96 73 0 116 72 0 124 71 0 26 70 0 31 77 0 39 76 0 1 75 0 24 74 0 32 81 0 41 80 0 5 79 0 27 78 0 136 85 0 141 84 0 15 83 0 153 82 0 112 33 0 43 41 0 57 42 0 108 86 0 85 88 0 15 83 0 28 87 0 189 92 0 184 91 0 277 90 0 176 89 0 95 18 0 31 77 0 38 77 0 34 18 0 156 13 0 61 26 0 18 26 0 150 13 0 133 29 0 50 30 0 40 93 0 82 23 0 106 95 0 91 3 0 66 4 0 100 94 0 157 97 0 147 96 0 152 28 0 49 28 0 74 5 0 81 99 0 58 99 0 44 98 0 101 102 0 96 73 0 118 101 0 107 100 0 31 77 0 24 74 0 0 103 0 38 77 0 30 87 0 28 87 0 141 84 0 71 104 0 8 1 0 66 4 0 74 5 0 57 105 0 138 43 0 5 79 0 41 80 0 120 107 0 77 106 0 75 24 0 129 25 0 123 108 0 119 108 0 20 55 0 69 56 0 130 109 0 11 31 0 59 31 0 143 31 0 152 28 0 147 96 0 2 110 0 45 112 0 60 111 0 17 31 0 78 31 0 73 114 0 64 113 0 1 75 0 39 76 0 63 9 0 32 81 0 27 78 0 53 19 0 279 118 0 202 117 0 248 116 0 254 115 0 7 120 0 23 61 0 49 28 0 148 119 0 84 21 0 134 40 0 103 34 0 52 122 0 124 71 0 116 72 0 80 121 0 117 126 0 256 125 0 183 124 0 4 123 0 93 50 0 88 50 0 18 26 0 61 26 0 81 99 0 68 99 0 13 99 0 58 99 0 96 73 0 26 70 0 117 126 0 118 101 0 151 127 0 85 88 0 28 87 0 30 87 0 51 13 0 148 119 0 49 28 0 70 13 0 32 129 0 101 102 0 107 100 0 41 128 0 80 121 0 37 131 0 9 130 0 52 122 0 2 110 0 19 59 0 47 27 0 152 28 0 71 104 0 149 133 0 56 132 0 74 5 0 44 98 0 8 1 0 66 4 0 8 1 0 46 2 0 253 17 0 249 135 0 263 134 0 267 17 0 137 31 0 276 31 0 205 47 0 17 31 0 45 112 0 34 136 0 38 68 0 153 69 0 141 84 0 28 87 0 15 83 0 80 121 0 63 9 0 42 7 0 37 131 0 244 140 0 255 139 0 222 138 0 208 137 0 248 11 0 221 12 0 219 142 0 224 141 0 266 144 0 263 134 0 249 135 0 252 143 0 73 114 0 97 49 0 89 58 0 64 113 0 99 60 0 86 145 0 67 145 0 92 62 0 33 21 0 62 21 0 40 21 0 11 21 0 59 31 0 50 30 0 54 31 0 14 31 0 62 21 0 122 21 0 40 21 0 50 30 0 59 31 0 11 31 0 40 93 0 19 59 0 2 110 0 87 147 0 105 146 0 251 148 0 258 10 0 248 11 0 94 57 0 98 6 0 48 37 0 69 56 0 71 104 0 141 84 0 136 85 0 149 133 0 41 128 0 107 100 0 118 101 0 36 124 0 281 152 0 163 151 0 261 150 0 242 149 0 35 18 0 39 76 0 31 77 0 95 18 0 174 155 0 199 154 0 226 17 0 269 153 0 96 73 0 101 102 0 104 156 0 116 72 0 46 2 0 100 94 0 66 4 0 91 3 0 21 36 0 48 37 0 98 6 0 106 95 0 125 35 0 21 36 0 91 3 0 22 13 0 214 13 0 198 13 0 155 13 0 29 157 0 42 7 0 6 8 0 145 20 0 146 159 0 36 158 0 4 31 0 79 31 0 134 40 0 27 78 0 5 79 0 138 43 0 57 105 0 41 80 0 36 158 0 146 159 0 140 160 0 9 130 0 37 131 0 144 90 0 125 35 0 7 120 0 148 119 0 102 38 0 84 21 0 53 19 0 27 78 0 134 40 0 144 90 0 37 131 0 42 7 0 29 157 0 145 20 0 109 162 0 113 161 0 29 157 0 115 163 0 146 159 0 79 31 0 110 31 0 108 86 0 77 106 0 121 32 0 108 164 0 57 105 0 146 159 0 115 163 0 177 167 0 169 166 0 215 165 0 111 32 0 120 107 0 132 21 0 114 21 0 193 168 0 259 17 0 264 15 0 267 17 0 169 166 0 210 169 0 201 63 0 139 39 0 10 170 0 85 88 0 151 127 0 36 124 0 118 101 0 117 126 0 4 123 0 80 121 0 116 72 0 104 156 0 63 9 0 109 162 0 127 0 0 131 171 0 113 161 0 121 32 0 112 33 0 108 86 0 51 13 0 70 13 0 22 13 0 155 13 0 114 21 0 84 21 0 103 34 0 111 32 0 251 148 0 190 173 0 269 153 0 243 172 0 109 162 0 145 20 0 84 21 0 114 21 0 135 174 0 130 109 0 10 170 0 139 39 0 63 9 0 104 156 0 101 102 0 32 129 0 63 9 0 53 19 0 6 8 0 126 22 0 40 21 0 122 21 0 129 25 0 120 107 0 129 25 0 132 21 0 172 176 0 196 14 0 288 175 0 127 0 0 109 162 0 114 21 0 132 21 0 123 108 0 69 56 0 48 37 0 102 38 0 150 13 0 287 13 0 214 13 0 22 13 0 149 133 0 136 85 0 153 82 0 72 177 0 133 29 0 115 163 0 110 31 0 128 31 0 82 23 0 108 164 0 115 163 0 133 29 0 155 13 0 119 108 0 123 108 0 51 13 0 132 21 0 46 2 0 127 0 0 230 180 0 245 179 0 170 178 0 75 24 0 77 106 0 108 86 0 82 23 0 129 25 0 122 21 0 46 2 0 132 21 0 127 0 0 8 1 0 44 98 0 131 171 0 82 23 0 40 93 0 126 22 0 78 31 0 3 31 0 34 136 0 45 112 0 135 174 0 139 39 0 11 21 0 135 174 0 11 31 0 130 109 0 49 28 0 152 28 0 156 13 0 70 13 0 153 69 0 15 83 0 60 111 0 45 112 0 172 176 0 288 175 0 232 181 0 195 182 0 213 56 0 260 108 0 242 149 0 71 104 0 56 132 0 16 183 0 30 87 0 157 97 0 23 61 0 92 62 0 139 39 0 151 127 0 154 21 0 142 21 0 143 31 0 59 31 0 14 31 0 137 31 0 286 17 0 283 185 0 273 184 0 275 17 0 252 143 0 249 135 0 278 186 0 176 89 0 111 32 0 121 32 0 77 106 0 120 107 0 72 177 0 0 103 0 24 74 0 149 133 0 85 88 0 10 170 0 130 109 0 15 83 0 149 133 0 24 74 0 1 75 0 56 132 0 60 111 0 143 31 0 137 31 0 17 31 0 285 189 0 271 188 0 282 64 0 216 187 0 110 31 0 254 115 0 268 190 0 128 31 0 51 13 0 123 108 0 102 38 0 148 119 0 15 83 0 130 109 0 143 31 0 60 111 0 56 132 0 83 192 0 65 191 0 16 183 0 254 115 0 248 116 0 224 141 0 268 190 0 199 154 0 208 137 0 162 193 0 209 195 0 159 66 0 201 63 0 225 194 0 14 31 0 204 31 0 276 31 0 137 31 0 134 40 0 43 41 0 112 33 0 103 34 0 49 28 0 23 61 0 157 97 0 70 13 0 156 13 0 150 13 0 22 13 0 105 146 0 89 58 0 19 59 0 56 132 0 1 75 0 64 113 0 83 192 0 260 108 0 119 108 0 155 13 0 198 13 0 79 31 0 279 118 0 254 115 0 110 31 0 193 168 0 267 17 0 263 134 0 180 17 0 220 196 0 167 196 0 200 17 0 12 197 0 67 145 0 86 145 0 76 197 0 164 198 0 193 168 0 263 134 0 211 202 0 218 201 0 238 200 0 231 199 0 162 193 0 208 137 0 189 92 0 225 194 0 201 63 0 210 169 0 191 203 0 164 198 0 263 134 0 266 144 0 243 172 0 226 17 0 253 17 0 250 10 0 181 18 0 235 18 0 25 18 0 3 18 0 162 193 0 278 186 0 226 17 0 199 154 0 224 141 0 219 142 0 264 15 0 262 16 0 194 204 0 284 14 0 287 13 0 206 26 0 180 17 0 200 17 0 166 17 0 197 205 0 54 31 0 128 31 0 268 190 0 258 10 0 251 148 0 243 172 0 250 10 0 171 206 0 195 182 0 242 149 0 261 150 0 275 17 0 273 184 0 166 17 0 200 17 0 190 173 0 202 208 0 272 207 0 269 153 0 187 209 0 224 141 0 262 16 0 166 31 0 270 210 0 265 53 0 194 204 0 206 26 0 233 50 0 237 211 0 242 149 0 260 108 0 198 13 0 281 152 0 169 166 0 177 167 0 286 17 0 20 55 0 213 56 0 234 57 0 90 54 0 170 178 0 194 204 0 237 211 0 230 180 0 172 176 0 232 181 0 239 212 0 276 31 0 265 53 0 168 46 0 205 47 0 158 213 0 185 214 0 285 45 0 216 213 0 124 71 0 255 139 0 236 215 0 26 70 0 159 66 0 186 217 0 178 216 0 173 65 0 161 220 0 188 219 0 179 218 0 174 155 0 168 46 0 274 221 0 271 188 0 285 189 0 202 208 0 190 173 0 251 148 0 248 11 0 168 46 0 227 51 0 175 222 0 181 223 0 3 31 0 78 31 0 192 44 0 185 224 0 178 216 0 235 18 0 181 18 0 18 26 0 206 26 0 287 13 0 150 13 0 187 209 0 197 205 0 268 190 0 224 141 0 211 202 0 231 199 0 246 226 0 240 225 0 284 14 0 280 227 0 288 175 0 196 14 0 203 99 0 223 99 0 218 201 0 191 203 0 256 125 0 236 215 0 241 229 0 247 228 0 158 230 0 173 65 0 178 216 0 185 224 0 274 221 0 175 222 0 177 167 0 215 165 0 211 202 0 164 198 0 218 201 0 161 220 0 272 207 0 202 117 0 188 219 0 219 142 0 221 12 0 257 48 0 264 15 0 20 55 0 119 108 0 260 108 0 213 56 0 204 31 0 166 31 0 265 53 0 276 31 0 280 227 0 284 14 0 160 231 0 17 31 0 205 47 0 192 44 0 78 31 0 159 66 0 209 195 0 217 232 0 186 217 0 174 155 0 179 218 0 208 137 0 199 154 0 169 166 0 201 63 0 215 165 0 196 14 0 172 176 0 163 151 0 281 152 0 269 153 0 226 17 0 243 172 0 255 139 0 124 71 0 52 122 0 222 138 0 226 17 0 278 186 0 249 135 0 253 17 0 18 26 0 88 50 0 233 50 0 206 26 0 13 99 0 68 99 0 223 99 0 203 99 0 117 126 0 26 70 0 236 215 0 256 125 0 175 222 0 227 51 0 283 185 0 177 167 0 196 14 0 281 152 0 198 13 0 214 13 0 247 228 0 241 229 0 179 234 0 188 233 0 9 130 0 184 91 0 222 138 0 52 122 0 194 204 0 170 178 0 160 231 0 284 14 0 282 64 0 215 165 0 201 63 0 191 203 0 218 201 0 164 198 0 164 198 0 211 202 0 193 168 0 165 52 0 265 53 0 270 210 0 273 184 0 177 167 0 283 185 0 286 17 0 185 214 0 181 223 0 192 44 0 285 45 0 175 222 0 274 221 0 168 46 0 189 92 0 208 137 0 222 138 0 184 91 0 241 229 0 244 140 0 208 137 0 179 234 0 221 12 0 258 10 0 250 10 0 257 48 0 173 65 0 158 230 0 216 187 0 282 64 0 230 180 0 237 211 0 217 232 0 209 195 0 212 235 0 228 235 0 239 212 0 232 181 0 187 17 0 207 17 0 180 17 0 166 17 0 54 31 0 197 205 0 204 31 0 14 31 0 259 17 0 207 17 0 187 17 0 166 31 0 204 31 0 197 205 0 187 209 0 229 236 0 160 231 0 170 178 0 245 179 0 227 51 0 165 52 0 273 184 0 283 185 0 195 182 0 238 200 0 234 57 0 213 56 0 271 188 0 274 221 0 215 165 0 282 64 0 256 125 0 247 228 0 188 233 0 183 124 0 220 196 0 228 235 0 212 235 0 167 196 0 178 216 0 186 217 0 182 18 0 235 18 0 30 87 0 16 183 0 154 21 0 151 127 0 244 140 0 241 229 0 236 215 0 255 139 0 240 225 0 193 168 0 211 202 0 195 182 0 171 206 0 231 199 0 238 200 0 171 206 0 261 150 0 246 226 0 231 199 0 273 184 0 270 210 0 166 17 0 162 193 0 189 92 0 176 89 0 278 186 0 4 31 0 183 237 0 279 118 0 79 31 0 161 220 0 174 155 0 269 153 0 272 207 0 183 237 0 188 219 0 202 117 0 279 118 0 184 91 0 9 130 0 140 160 0 277 90 0 55 21 0 12 197 0 76 197 0 33 21 0</p>
                </polylist>
            </mesh>
        </geometry>
        <geometry id="ID16">
            <mesh>
                <source id="ID17">
                    <float_array id="ID18" count="462">-69.9736 150.24 48.4277 -69.9736 150.24 -87.6743 -91.8892 26.0637 -12.2142 -91.8892 26.0637 69.8554 -69.9736 150.24 -26.297 0 -0.233147 155.361 -91.8892 3.07897 -18.9342 -52.2871 26.0637 155.361 -84.5945 26.0637 155.361 -91.8892 26.0637 -104.831 -91.8892 2.88198 -12.2142 -57.5937 -11.3255 72.6938 -90.9053 31.6387 147.139 -90.9053 31.6387 69.0262 -90.9053 31.6387 -12.5234 0 31.6387 -110.089 -83.6887 31.6387 152.69 -83.6887 31.6387 -110.089 -91.8892 26.0637 -18.9986 -51.7273 31.6387 -110.089 -90.9053 31.6387 99.8607 -90.9053 31.6387 -19.2367 -70.5625 146.903 51.8814 0 146.903 97.4647 -70.5625 146.903 91.9136 0 146.903 -95.6065 -70.5625 146.903 -18.9147 -40.1517 146.903 97.4647 -40.1517 146.903 -95.6065 -52.2871 -0.233147 155.361 -64.9608 146.903 97.4647 -64.9608 146.903 -95.6065 -70.5625 146.903 -24.1593 -90.9053 31.6387 -104.171 -70.5625 146.903 72.2836 -70.5625 146.903 -90.5099 -91.8892 3.46108 -104.831 -69.9736 150.24 -90.1144 -91.8892 2.88198 38.9834 -69.9736 150.24 37.4349 -91.8892 19.7356 53.6123 -69.9736 150.24 -17.4137 69.9736 150.24 48.4277 69.9736 150.24 -87.6743 91.8892 26.0637 -12.2142 91.8892 26.0637 68.6014 69.9736 150.24 -26.297 91.8892 3.07897 -18.9342 52.2871 26.0637 155.361 84.5945 26.0637 155.361 91.8892 26.0637 -104.831 91.8892 2.88198 -12.2142 -58.1124 -10.7033 53.6123 90.9053 31.6387 147.139 90.9053 31.6387 69.0262 90.9053 31.6387 -12.5234 83.6887 31.6387 152.69 83.6887 31.6387 -110.089 91.8892 26.0637 -18.9986 51.7273 31.6387 -110.089 90.9053 31.6387 99.8607 90.9053 31.6387 -19.2367 70.5625 146.903 51.8814 70.5625 146.903 91.9136 70.5625 146.903 -18.9147 40.1517 146.903 97.4647 40.1517 146.903 -95.6065 52.2871 -0.233147 155.361 64.9608 146.903 97.4647 64.9608 146.903 -95.6065 70.5625 146.903 -24.1593 90.9053 31.6387 -104.171 70.5625 146.903 72.2836 70.5625 146.903 -90.5099 91.8892 3.46108 -104.831 69.9736 150.24 -90.1144 91.8892 2.88198 38.9834 69.9736 150.24 37.4349 91.8892 19.7356 53.6123 69.9736 150.24 -17.4137 -84.3083 2.88198 -12.2142 -84.3083 2.88198 34.5931 -84.3083 26.0637 -12.2142 -84.3083 19.7356 53.6123 -83.4056 31.6387 -12.5234 -84.3083 26.0637 69.8554 -64.7411 146.903 -18.9147 -83.4056 31.6387 70.4928 -64.2008 150.24 -17.4137 -83.4056 31.6387 99.8607 -64.2008 150.24 37.4349 -83.4056 31.6387 147.139 -64.2008 150.24 48.4277 -64.7411 146.903 91.9136 -64.7411 146.903 51.8814 -64.7411 146.903 72.2836 -64.7411 146.903 -24.1593 -64.2008 150.24 -26.297 -83.4056 31.6387 -19.2367 -64.2008 150.24 -87.6743 -84.3083 26.0637 -18.9986 -64.2008 150.24 -90.1144 -84.3083 3.07897 -18.9342 -64.7411 146.903 -90.5099 -83.4056 31.6387 -104.171 -83.9083 -9.85812 -111.035 -84.3083 26.0637 -104.831 64.2008 150.24 -90.1144 64.2008 150.24 -87.6743 64.7411 146.903 -90.5099 64.2008 150.24 -26.297 83.4056 31.6387 -104.171 64.7411 146.903 -24.1593 84.3083 26.0637 -104.831 83.4056 31.6387 -19.2367 83.9083 -9.85812 -111.035 84.3083 26.0637 -18.9986 -50.81 -11.0724 147.139 84.3083 3.07897 -18.9342 83.4056 31.6387 70.4928 84.3083 26.0637 69.8554 83.4056 31.6387 99.8607 84.3083 19.7356 53.6123 83.4056 31.6387 147.139 84.3083 2.88198 34.5931 64.7411 146.903 91.9136 84.3083 2.88198 -12.2142 64.7411 146.903 72.2836 84.3083 26.0637 -12.2142 64.7411 146.903 51.8814 83.4056 31.6387 -12.5234 64.2008 150.24 48.4277 64.7411 146.903 -18.9147 64.2008 150.24 37.4349 64.2008 150.24 -17.4137 -73.0974 -10.7387 -15.5742 -64.9988 -10.8372 34.5931 -66.0425 19.7356 53.6123 -66.6876 26.0457 72.6203 -64.2087 -1.43266 99.8607 -64.2087 -1.43266 147.139 54.5626 -10.7033 53.6123 -50.81 -11.0724 99.8607 73.0974 -10.7387 -15.5742 66.6876 26.0457 72.6203 64.2087 -1.43266 99.8607 66.0425 19.7356 53.6123 64.2087 -1.43266 147.139 64.9988 -10.8372 34.5931 54.143 -11.3255 72.6938 50.81 -11.0724 99.8607 50.81 -11.0724 147.139 -83.9083 25.6637 -111.035 83.9083 25.6637 -111.035</float_array>
                    <technique_common>
                        <accessor count="154" source="#ID18" stride="3">
                            <param name="X" type="float"/>
                            <param name="Y" type="float"/>
                            <param name="Z" type="float"/>
                        </accessor>
                    </technique_common>
                </source>
                <source id="ID19">
                    <float_array id="ID20" count="360">0.745126 0.561502 -0.359865 0.59949 0.793659 -0.103522 0.702234 0.711893 -0.00871832 0 1 -0 0.71792 0.696016 -0.0123418 0.192815 0.881019 -0.432004 -0.0993795 0.919254 -0.380915 0 0.027693 0.999616 0 0 1 0.00760748 0.830717 -0.556643 -0.0937973 0.832599 -0.545876 0 0.0553647 0.998466 0.0842995 0.581656 -0.809055 0.0587807 0.551336 -0.83221 0 -0.182662 0.983176 0.697901 -0.238476 0.675325 0.197603 0.697444 -0.688858 0.0959098 -0.0321964 -0.994869 0 -0.839731 0.543002 0.258773 -0.935888 0.239062 -1.27013e-008 1 1.26804e-007 0.449298 0.888902 0.0893564 -6.35067e-009 1 1.03746e-007 0 -1 -0 0.912704 0.358409 -0.196252 0 1 8.06868e-008 0 -0.927151 -0.374687 0 -0.927151 -0.374687 0 -0.432082 -0.901834 0.172867 -0.973494 -0.149757 0 -0.846192 -0.532878 0 -0.301494 -0.953468 0.693663 -0.316865 -0.646861 0.251805 -0.943644 -0.214778 0 -0.877353 -0.479846 0 -0.0426676 -0.999089 0 -0.0227405 -0.999741 0 -0.74756 0.664194 0.333067 0.607151 -0.721411 0.785655 0.548956 -0.285296 0.210958 -0.749754 0.627189 0 -0.117693 0.99305 0.557877 0.545142 0.625775 0.645718 0.599687 0.472677 0 -0.117694 0.99305 0 -0.117694 0.99305 -0.343276 -0.366924 0.864597 0.369283 -0.369334 0.852773 0.164996 -0.105421 0.980644 0 -0.74756 0.664194 0 -0.117693 0.99305 -0.210957 -0.749755 0.627187 -0.251805 -0.943644 -0.214778 0 -0.117694 0.99305 -0.693663 -0.316865 -0.646861 -0.114365 -0.0976045 0.988632 -0.227186 -0.0761974 0.970866 -0.515464 -0.0320599 0.856311 0 -0.0227405 -0.999741 -0.702814 0.599381 -0.38314 -0.706952 0.68577 -0.173025 -0.666245 0.745518 0.0178939 -0.785959 0.543677 -0.294419 -0.336841 0.588161 -0.735259 -0.457163 0.887705 -0.054604 -0.494218 0.865761 -0.0787847 -0.121501 0.729249 -0.673374 -0.22009 0.711988 -0.666808 -0.114519 0.597517 -0.793637 -0.122373 0.584596 -0.802042 6.04859e-009 1 1.03746e-007 -0.449298 0.888902 0.0893564 -0.0245563 0.827332 -0.561176 0.0899756 0.830641 -0.549491 -0.884336 0.443919 -0.144521 -0.208187 0.878676 -0.429635 0.111548 0.919376 -0.377232 0 -0.846192 -0.532878 -0.172867 -0.973494 -0.149757 0 -0.432082 -0.901834 -0.72043 0.69348 -0.00811618 0 -0.927151 -0.374687 -0.697901 -0.238476 0.675325 -0.258773 -0.935888 0.239062 -0.490268 0.871299 -0.0217974 0.487928 0.872528 -0.0249341 -0.413152 0.861405 -0.295444 0.422259 0.864405 -0.27295 0.799778 0.594595 0.0825407 0.729813 0.657596 -0.186921 -0.99678 -0.0801811 -1.26172e-008 0.99678 -0.0801811 -1.26173e-008 0.987142 -0.159846 -2.39302e-008 -0.987142 -0.159846 -2.39302e-008 -0.547307 0.825661 -0.136894 -0.306484 0.951593 -0.0232 0.305642 0.951204 -0.0423568 0.228969 0.821854 -0.521661 -0.228969 0.821854 -0.521661 0.552222 -0.552222 0.624581 -0.552222 -0.552222 0.624581 -0.986955 -0.154616 -0.0448823 -0.649477 -0.759808 -0.0295353 0.986957 -0.1546 -0.0448824 0.649483 -0.759802 -0.0295356 0.723005 0.502502 -0.474083 -0.786353 0.60718 0.113939 -0.700696 0.559069 -0.443247 -0.655455 -0.754651 0.0296881 -0.958151 0.142492 0.248281 0.988258 0.0163028 0.151922 0.655455 -0.754651 0.0296884 0.952063 0.171021 0.253628 0.300175 0.151471 -0.941781 0 0.286492 -0.958083 0.355003 0.427033 -0.831634 -0.810506 0.406652 0.421562 -0.300175 0.151471 -0.941781 -0.355003 0.427033 -0.831634 0 0.604352 -0.796718</float_array>
                    <technique_common>
                        <accessor count="120" source="#ID20" stride="3">
                            <param name="X" type="float"/>
                            <param name="Y" type="float"/>
                            <param name="Z" type="float"/>
                        </accessor>
                    </technique_common>
                </source>
                <source id="ID21">
                    <float_array id="ID22" count="2">0 1</float_array>
                    <technique_common>
                        <accessor count="1" source="#ID22" stride="2">
                            <param name="S" type="float"/>
                            <param name="T" type="float"/>
                        </accessor>
                    </technique_common>
                </source>
                <vertices id="ID23">
                    <input semantic="POSITION" source="#ID17"/>
                </vertices>
                <polylist count="142" material="Material1">
                    <input offset="0" semantic="VERTEX" source="#ID23"/>
                    <input offset="1" semantic="NORMAL" source="#ID19"/>
                    <input offset="2" semantic="TEXCOORD" source="#ID21" set="0"/>
                    <vcount>3 4 4 4 4 4 4 4 4 4 4 4 4 4 4 4 4 4 4 4 4 4 4 4 4 4 4 4 4 4 4 4 4 4 4 4 4 4 3 4 4 4 4 4 4 4 4 4 4 4 4 4 4 4 4 4 4 4 4 3 4 4 4 4 4 4 4 4 3 4 4 4 4 4 4 4 4 4 4 4 4 4 4 4 4 3 3 3 3 3 3 4 3 3 4 4 3 3 4 4 4 4 3 3 3 3 4 4 3 3 3 3 3 4 3 3 3 3 3 3 3 4 4 3 3 3 3 3 4 3 3 3 4 3 3 3 3 3 3 3 4 3</vcount>
                    <p>11 2 0 52 1 0 137 0 0 38 6 0 81 5 0 80 4 0 10 3 0 10 8 0 80 8 0 82 7 0 2 7 0 40 10 0 83 9 0 81 5 0 38 6 0 2 7 0 82 7 0 84 11 0 14 11 0 3 13 0 85 12 0 83 9 0 40 10 0 14 11 0 84 11 0 86 15 0 26 14 0 13 17 0 87 16 0 85 12 0 3 13 0 26 14 0 86 15 0 88 19 0 41 18 0 20 22 0 89 21 0 87 16 0 13 20 0 41 18 0 88 19 0 90 23 0 39 23 0 12 25 0 91 24 0 89 21 0 20 22 0 39 23 0 90 23 0 92 27 0 0 26 0 24 30 0 93 29 0 91 24 0 12 28 0 0 26 0 92 27 0 94 27 0 22 26 0 34 23 0 95 23 0 93 29 0 24 30 0 22 26 0 94 27 0 95 23 0 34 23 0 4 34 0 97 33 0 96 32 0 32 31 0 32 31 0 96 32 0 98 35 0 21 35 0 1 23 0 99 23 0 97 33 0 4 34 0 21 35 0 98 35 0 100 36 0 18 36 0 37 37 0 101 37 0 99 23 0 1 23 0 18 36 0 100 36 0 102 39 0 6 38 0 35 41 0 103 40 0 101 37 0 37 37 0 6 38 0 102 39 0 105 43 0 36 42 0 33 45 0 104 44 0 103 40 0 35 41 0 104 44 0 106 47 0 113 46 0 111 44 0 9 48 0 106 47 0 104 44 0 33 45 0 36 42 0 105 43 0 106 47 0 9 48 0 43 23 0 108 23 0 107 49 0 75 37 0 75 37 0 107 49 0 109 51 0 73 50 0 46 34 0 110 52 0 108 23 0 43 23 0 73 50 0 109 51 0 111 44 0 71 53 0 70 31 0 112 54 0 110 52 0 46 34 0 71 53 0 111 44 0 113 46 0 50 55 0 61 35 0 114 35 0 112 54 0 70 31 0 50 55 0 113 46 0 115 57 0 74 56 0 58 58 0 116 58 0 114 35 0 61 35 0 149 61 0 144 60 0 146 59 0 47 63 0 118 62 0 116 58 0 58 58 0 74 65 0 115 64 0 118 62 0 47 63 0 45 69 0 120 68 0 119 67 0 54 66 0 54 66 0 119 67 0 121 71 0 60 70 0 78 73 0 122 72 0 120 68 0 45 69 0 60 70 0 121 71 0 123 74 0 53 25 0 76 76 0 124 75 0 122 72 0 78 73 0 53 79 0 123 74 0 125 78 0 63 77 0 51 3 0 126 80 0 124 75 0 76 76 0 63 77 0 125 78 0 127 23 0 72 23 0 44 7 0 128 7 0 126 8 0 51 8 0 72 23 0 127 23 0 129 81 0 62 27 0 55 11 0 130 11 0 128 7 0 44 7 0 62 27 0 129 81 0 131 27 0 42 27 0 64 14 0 132 82 0 130 11 0 55 11 0 42 27 0 131 27 0 133 23 0 77 23 0 79 18 0 134 83 0 132 82 0 64 14 0 77 23 0 133 23 0 134 83 0 79 18 0 105 43 0 135 85 0 143 84 0 115 64 0 135 85 0 136 87 0 148 86 0 143 84 0 11 2 0 138 89 0 139 88 0 126 80 0 128 90 0 116 90 0 118 62 0 82 91 0 80 4 0 102 39 0 100 91 0 100 91 0 98 92 0 84 92 0 82 91 0 98 92 0 96 32 0 86 15 0 84 92 0 128 90 0 130 93 0 114 93 0 116 90 0 130 93 0 132 82 0 112 54 0 114 93 0 136 87 0 52 1 0 141 94 0 148 86 0 52 1 0 11 2 0 149 61 0 141 94 0 148 86 0 141 94 0 146 59 0 11 2 0 142 96 0 150 95 0 149 61 0 151 98 0 150 95 0 142 96 0 117 97 0 127 23 0 125 78 0 93 29 0 95 23 0 129 81 0 127 23 0 95 23 0 94 27 0 133 23 0 131 27 0 92 27 0 90 23 0 129 81 0 94 27 0 92 27 0 131 27 0 134 83 0 133 23 0 90 23 0 88 19 0 108 23 0 110 52 0 97 33 0 99 23 0 134 83 0 88 19 0 97 33 0 110 52 0 134 83 0 110 52 0 112 54 0 132 82 0 115 57 0 153 100 0 152 99 0 105 43 0 88 19 0 86 15 0 96 32 0 97 33 0 69 102 0 57 101 0 111 101 0 109 51 0 17 103 0 31 104 0 103 40 0 104 103 0 101 37 0 103 40 0 109 51 0 107 49 0 101 37 0 107 49 0 108 23 0 99 23 0 103 40 0 31 104 0 28 23 0 103 40 0 28 23 0 25 23 0 109 51 0 66 23 0 69 102 0 109 51 0 25 23 0 66 23 0 103 40 0 25 23 0 109 51 0 138 89 0 11 2 0 137 0 0 140 105 0 117 97 0 142 96 0 139 88 0 102 39 0 135 85 0 105 43 0 115 64 0 143 84 0 118 62 0 81 5 0 136 87 0 135 85 0 80 4 0 126 80 0 143 84 0 148 86 0 124 75 0 80 4 0 135 85 0 102 39 0 118 62 0 143 84 0 126 80 0 83 9 0 137 0 0 136 87 0 81 5 0 124 75 0 148 86 0 146 59 0 122 72 0 85 12 0 138 89 0 137 0 0 83 9 0 122 72 0 146 59 0 144 60 0 120 68 0 120 68 0 144 60 0 119 67 0 87 16 0 138 89 0 85 12 0 89 21 0 138 89 0 87 16 0 144 60 0 145 106 0 121 71 0 121 71 0 145 106 0 147 107 0 123 74 0 91 24 0 140 105 0 139 88 0 89 21 0 146 59 0 141 94 0 149 61 0 89 21 0 139 88 0 138 89 0 121 71 0 119 67 0 144 60 0 139 88 0 142 96 0 11 2 0 144 60 0 149 61 0 145 106 0 145 106 0 150 95 0 151 98 0 147 107 0 137 0 0 52 1 0 136 87 0 149 61 0 150 95 0 145 106 0 19 3 0 17 3 0 104 3 0 15 3 0 19 3 0 104 3 0 59 3 0 111 3 0 57 3 0 15 3 0 111 3 0 59 3 0 104 3 0 111 3 0 15 3 0 56 109 0 68 108 0 125 78 0 123 74 0 30 111 0 16 110 0 91 24 0 93 29 0 93 29 0 27 23 0 30 111 0 93 29 0 23 23 0 27 23 0 125 78 0 68 108 0 65 23 0 23 23 0 125 78 0 65 23 0 93 29 0 125 78 0 23 23 0 140 105 0 91 24 0 16 110 0 8 112 0 140 105 0 8 114 0 7 113 0 140 105 0 7 113 0 29 115 0 117 97 0 140 105 0 29 115 0 123 74 0 147 107 0 49 116 0 56 109 0 147 107 0 48 117 0 49 114 0 147 107 0 67 118 0 48 117 0 67 118 0 147 107 0 151 98 0 151 98 0 5 119 0 67 118 0 5 119 0 117 97 0 29 115 0 151 98 0 117 97 0 5 119 0 113 46 0 153 100 0 115 57 0 106 47 0 152 99 0 153 100 0 113 46 0 105 43 0 152 99 0 106 47 0</p>
                </polylist>
            </mesh>
        </geometry>
        <geometry id="ID26">
            <mesh>
                <source id="ID27">
                    <float_array id="ID28" count="138">-4.68238 26.5992 1.40196e-006 4.68238 26.5992 1.58495e-006 -3.78812 23.9407 -0.712329 -3.78812 24.8671 -2.13888 -3.78812 26.4551 -2.74846 -3.78812 28.0981 -2.30821 -3.78812 29.1686 -0.98631 -3.78812 29.2576 0.712332 -3.78812 28.3312 2.13889 -3.78812 26.7432 2.74846 -3.78812 25.1002 2.30822 -3.78812 24.0297 0.986313 -1.44693 22.2977 -1.15257 -1.44693 23.7967 -3.46079 -1.44693 26.3661 -4.4471 -1.44693 29.0245 -3.73477 -1.44693 30.7566 -1.59588 -1.44693 30.9006 1.15258 -1.44693 29.4017 3.46079 -1.44693 26.8322 4.4471 -1.44693 24.1738 3.73477 -1.44693 22.4417 1.59589 1.44693 22.2977 -1.15257 1.44693 23.7967 -3.46079 1.44693 26.3661 -4.4471 1.44693 29.0245 -3.73477 1.44693 30.7566 -1.59588 1.44693 30.9006 1.15258 1.44693 29.4017 3.46079 1.44693 26.8322 4.4471 1.44693 24.1738 3.73477 1.44693 22.4417 1.59589 3.78812 23.9407 -0.712329 3.78812 24.8671 -2.13888 3.78812 26.4551 -2.74846 3.78812 28.0981 -2.30821 3.78812 29.1686 -0.98631 3.78812 29.2576 0.712332 3.78812 28.3312 2.13889 3.78812 26.7432 2.74846 3.78812 25.1002 2.30822 3.78812 24.0297 0.986313 -1.44693 -1.11055 -1.15257 -1.44693 -0.966511 1.59589 1.44693 -1.11055 -1.15257 1.44693 -0.966511 1.59589</float_array>
                    <technique_common>
                        <accessor count="46" source="#ID28" stride="3">
                            <param name="X" type="float"/>
                            <param name="Y" type="float"/>
                            <param name="Z" type="float"/>
                        </accessor>
                    </technique_common>
                </source>
                <source id="ID29">
                    <float_array id="ID30" count="141">-0.811719 -0.564147 -0.151163 -0.573354 -0.630577 -0.523104 -0.311607 -0.597987 -0.738452 -0.811719 -0.367553 -0.45389 -0.311607 -0.0497301 -0.948909 -0.811719 -0.0305667 -0.583247 -0.311607 0.517522 -0.796914 -0.811719 0.318095 -0.489823 -0.311608 0.887098 -0.340525 -0.811719 0.545256 -0.209304 -0.311608 0.917833 0.245933 -0.811719 0.564147 0.151163 -0.311608 0.597987 0.738452 -0.811719 0.367553 0.45389 -0.311608 0.0497301 0.948909 -0.811719 0.0305667 0.583247 -0.311607 -0.517522 0.796914 -0.811719 -0.318095 0.489823 -0.56368 -0.590357 0.577706 -0.811719 -0.545256 0.209304 0.573354 -0.630577 -0.523104 0.311608 -0.597987 -0.738452 0.311608 -0.04973 -0.948909 0.311607 0.517522 -0.796914 0.311607 0.887098 -0.340525 0.311607 0.917833 0.245933 0.311607 0.597987 0.738452 0.311607 0.0497301 0.948909 0.311607 -0.517522 0.796914 0.56368 -0.590357 0.577706 0 -0.688355 0.725374 0 -0.99863 0.0523354 0.811719 -0.564147 -0.151163 0.811719 -0.367553 -0.45389 0.811719 -0.0305666 -0.583247 0.811719 0.318095 -0.489824 0.811719 0.545256 -0.209304 0.811719 0.564147 0.151163 0.811719 0.367553 0.45389 0.811719 0.0305667 0.583247 0.811719 -0.318095 0.489823 0.811719 -0.545255 0.209304 -1 -4.4091e-008 2.83442e-008 1 3.46429e-008 3.46429e-008 -1 0 -0 0 0 -1 1 0 -0</float_array>
                    <technique_common>
                        <accessor count="47" source="#ID30" stride="3">
                            <param name="X" type="float"/>
                            <param name="Y" type="float"/>
                            <param name="Z" type="float"/>
                        </accessor>
                    </technique_common>
                </source>
                <source id="ID31">
                    <float_array id="ID32" count="2">0 1</float_array>
                    <technique_common>
                        <accessor count="1" source="#ID32" stride="2">
                            <param name="S" type="float"/>
                            <param name="T" type="float"/>
                        </accessor>
                    </technique_common>
                </source>
                <vertices id="ID33">
                    <input semantic="POSITION" source="#ID27"/>
                </vertices>
                <polylist count="54" material="Material1">
                    <input offset="0" semantic="VERTEX" source="#ID33"/>
                    <input offset="1" semantic="NORMAL" source="#ID29"/>
                    <input offset="2" semantic="TEXCOORD" source="#ID31" set="0"/>
                    <vcount>4 4 4 4 4 4 4 4 4 4 4 4 4 4 4 4 4 4 4 4 4 4 4 4 4 4 4 4 4 4 3 3 3 3 3 3 3 3 3 3 3 3 3 3 3 3 3 3 3 3 4 4 4 4</vcount>
                    <p>3 3 0 13 2 0 12 1 0 2 0 0 4 5 0 14 4 0 13 2 0 3 3 0 5 7 0 15 6 0 14 4 0 4 5 0 6 9 0 16 8 0 15 6 0 5 7 0 7 11 0 17 10 0 16 8 0 6 9 0 8 13 0 18 12 0 17 10 0 7 11 0 9 15 0 19 14 0 18 12 0 8 13 0 10 17 0 20 16 0 19 14 0 9 15 0 11 19 0 21 18 0 20 16 0 10 17 0 2 0 0 12 1 0 21 18 0 11 19 0 13 2 0 23 21 0 22 20 0 12 1 0 14 4 0 24 22 0 23 21 0 13 2 0 15 6 0 25 23 0 24 22 0 14 4 0 16 8 0 26 24 0 25 23 0 15 6 0 17 10 0 27 25 0 26 24 0 16 8 0 18 12 0 28 26 0 27 25 0 17 10 0 19 14 0 29 27 0 28 26 0 18 12 0 20 16 0 30 28 0 29 27 0 19 14 0 21 18 0 31 29 0 30 28 0 20 16 0 42 31 0 44 31 0 45 30 0 43 30 0 23 21 0 33 33 0 32 32 0 22 20 0 24 22 0 34 34 0 33 33 0 23 21 0 25 23 0 35 35 0 34 34 0 24 22 0 26 24 0 36 36 0 35 35 0 25 23 0 27 25 0 37 37 0 36 36 0 26 24 0 28 26 0 38 38 0 37 37 0 27 25 0 29 27 0 39 39 0 38 38 0 28 26 0 30 28 0 40 40 0 39 39 0 29 27 0 31 29 0 41 41 0 40 40 0 30 28 0 22 20 0 32 32 0 41 41 0 31 29 0 3 3 0 2 0 0 0 42 0 1 43 0 32 32 0 33 33 0 4 5 0 3 3 0 0 42 0 1 43 0 33 33 0 34 34 0 5 7 0 4 5 0 0 42 0 1 43 0 34 34 0 35 35 0 6 9 0 5 7 0 0 42 0 1 43 0 35 35 0 36 36 0 7 11 0 6 9 0 0 42 0 1 43 0 36 36 0 37 37 0 8 13 0 7 11 0 0 42 0 1 43 0 37 37 0 38 38 0 9 15 0 8 13 0 0 42 0 1 43 0 38 38 0 39 39 0 10 17 0 9 15 0 0 42 0 1 43 0 39 39 0 40 40 0 11 19 0 10 17 0 0 42 0 1 43 0 40 40 0 41 41 0 2 0 0 11 19 0 0 42 0 1 43 0 41 41 0 32 32 0 12 1 0 42 44 0 43 44 0 21 18 0 22 20 0 44 45 0 42 45 0 12 1 0 31 29 0 45 46 0 44 46 0 22 20 0 21 18 0 43 30 0 45 30 0 31 29 0</p>
                </polylist>
            </mesh>
        </geometry>
        <geometry id="ID36">
            <mesh>
                <source id="ID37">
                    <float_array id="ID38" count="48">-2.59892 -17.7706 7.82764 -2.59892 -9.98139 7.82764 2.59892 -17.7706 7.82764 2.59892 -9.98139 7.82764 2.59892 -17.7706 6.61398 2.59892 -9.98139 6.61398 -2.59892 -17.7706 6.61398 -2.59892 -9.98139 6.61398 0.738922 -12.7165 6.61398 0.738922 -11.4123 6.61398 -0.738924 -12.7165 6.61398 -0.738924 -11.4123 6.61398 0.738922 -0.459418 -0.290055 0.738922 0.844758 -0.290055 -0.738924 -0.459418 -0.290055 -0.738924 0.844758 -0.290055</float_array>
                    <technique_common>
                        <accessor count="16" source="#ID38" stride="3">
                            <param name="X" type="float"/>
                            <param name="Y" type="float"/>
                            <param name="Z" type="float"/>
                        </accessor>
                    </technique_common>
                </source>
                <source id="ID39">
                    <float_array id="ID40" count="27">0 0 1 1 0 -0 0 -0.253683 -0.967287 0 0 -1 -1 0 -0 0 1 -0 0 -1 -0 0 -0.16848 -0.985705 0 0.490769 0.871289</float_array>
                    <technique_common>
                        <accessor count="9" source="#ID40" stride="3">
                            <param name="X" type="float"/>
                            <param name="Y" type="float"/>
                            <param name="Z" type="float"/>
                        </accessor>
                    </technique_common>
                </source>
                <source id="ID41">
                    <float_array id="ID42" count="2">0 1</float_array>
                    <technique_common>
                        <accessor count="1" source="#ID42" stride="2">
                            <param name="S" type="float"/>
                            <param name="T" type="float"/>
                        </accessor>
                    </technique_common>
                </source>
                <vertices id="ID43">
                    <input semantic="POSITION" source="#ID37"/>
                </vertices>
                <polylist count="14" material="Material1">
                    <input offset="0" semantic="VERTEX" source="#ID43"/>
                    <input offset="1" semantic="NORMAL" source="#ID39"/>
                    <input offset="2" semantic="TEXCOORD" source="#ID41" set="0"/>
                    <vcount>4 4 4 4 4 4 4 4 4 4 4 4 4 4</vcount>
                    <p>2 0 0 3 0 0 1 0 0 0 0 0 4 1 0 5 1 0 3 1 0 2 1 0 14 2 0 15 3 0 13 3 0 12 2 0 0 4 0 1 4 0 7 4 0 6 4 0 3 5 0 5 5 0 7 5 0 1 5 0 4 6 0 2 6 0 0 6 0 6 6 0 6 3 0 10 7 0 8 7 0 4 3 0 7 3 0 11 3 0 10 7 0 6 3 0 5 3 0 9 3 0 11 3 0 7 3 0 4 3 0 8 7 0 9 3 0 5 3 0 10 7 0 14 2 0 12 2 0 8 7 0 11 4 0 15 4 0 14 4 0 10 4 0 9 8 0 13 8 0 15 8 0 11 8 0 8 1 0 12 1 0 13 1 0 9 1 0</p>
                </polylist>
            </mesh>
        </geometry>
        <geometry id="ID45">
            <mesh>
                <source id="ID46">
                    <float_array id="ID47" count="48">-6.06979 -17.7332 7.82764 -6.06979 -10.0188 7.82764 6.06978 -17.7332 7.82764 6.06978 -10.0188 7.82764 6.06978 -17.7332 6.61398 6.06978 -10.0188 6.61398 -6.06979 -17.7332 6.61398 -6.06979 -10.0188 6.61398 0.867215 -12.7045 6.61398 0.867215 -11.4243 6.61398 -0.867216 -12.7045 6.61398 -0.867216 -11.4243 6.61398 0.867215 -0.447444 -0.290055 0.867215 0.832784 -0.290055 -0.867216 -0.447444 -0.290055 -0.867216 0.832784 -0.290055</float_array>
                    <technique_common>
                        <accessor count="16" source="#ID47" stride="3">
                            <param name="X" type="float"/>
                            <param name="Y" type="float"/>
                            <param name="Z" type="float"/>
                        </accessor>
                    </technique_common>
                </source>
                <source id="ID48">
                    <float_array id="ID49" count="27">0 0 1 1 0 -0 0 -0.253683 -0.967287 0 0 -1 -1 0 -0 0 1 -0 0 -1 -0 0 -0.16848 -0.985705 0 0.490769 0.87129</float_array>
                    <technique_common>
                        <accessor count="9" source="#ID49" stride="3">
                            <param name="X" type="float"/>
                            <param name="Y" type="float"/>
                            <param name="Z" type="float"/>
                        </accessor>
                    </technique_common>
                </source>
                <source id="ID50">
                    <float_array id="ID51" count="2">0 1</float_array>
                    <technique_common>
                        <accessor count="1" source="#ID51" stride="2">
                            <param name="S" type="float"/>
                            <param name="T" type="float"/>
                        </accessor>
                    </technique_common>
                </source>
                <vertices id="ID52">
                    <input semantic="POSITION" source="#ID46"/>
                </vertices>
                <polylist count="14" material="Material1">
                    <input offset="0" semantic="VERTEX" source="#ID52"/>
                    <input offset="1" semantic="NORMAL" source="#ID48"/>
                    <input offset="2" semantic="TEXCOORD" source="#ID50" set="0"/>
                    <vcount>4 4 4 4 4 4 4 4 4 4 4 4 4 4</vcount>
                    <p>2 0 0 3 0 0 1 0 0 0 0 0 4 1 0 5 1 0 3 1 0 2 1 0 14 2 0 15 3 0 13 3 0 12 2 0 0 4 0 1 4 0 7 4 0 6 4 0 3 5 0 5 5 0 7 5 0 1 5 0 4 6 0 2 6 0 0 6 0 6 6 0 6 3 0 10 7 0 8 7 0 4 3 0 7 3 0 11 3 0 10 7 0 6 3 0 5 3 0 9 3 0 11 3 0 7 3 0 4 3 0 8 7 0 9 3 0 5 3 0 10 7 0 14 2 0 12 2 0 8 7 0 11 4 0 15 4 0 14 4 0 10 4 0 9 8 0 13 8 0 15 8 0 11 8 0 8 1 0 12 1 0 13 1 0 9 1 0</p>
                </polylist>
            </mesh>
        </geometry>
        <geometry id="ID54">
            <mesh>
                <source id="ID55">
                    <float_array id="ID56" count="48">-2.59892 -22.1801 7.82807 -2.59892 -5.57205 7.82807 2.59892 -22.1801 7.82807 2.59892 -5.57205 7.82807 2.59892 -22.1801 6.6144 2.59892 -5.57205 6.6144 -2.59892 -22.1801 6.6144 -2.59892 -5.57205 6.6144 0.738922 -8.61525 6.6144 0.738922 -6.91962 6.6144 -0.738924 -8.61525 6.6144 -0.738924 -6.91962 6.6144 0.738922 -0.655252 -0.289628 0.738922 1.04038 -0.289628 -0.738924 -0.655252 -0.289628 -0.738924 1.04038 -0.289628</float_array>
                    <technique_common>
                        <accessor count="16" source="#ID56" stride="3">
                            <param name="X" type="float"/>
                            <param name="Y" type="float"/>
                            <param name="Z" type="float"/>
                        </accessor>
                    </technique_common>
                </source>
                <source id="ID57">
                    <float_array id="ID58" count="27">0 0 1 1 0 -0 0 -0.349688 -0.936866 0 0 -1 -1 0 -0 0 1 -0 0 -1 -0 0 -0.231342 -0.972873 0 0.655221 0.755437</float_array>
                    <technique_common>
                        <accessor count="9" source="#ID58" stride="3">
                            <param name="X" type="float"/>
                            <param name="Y" type="float"/>
                            <param name="Z" type="float"/>
                        </accessor>
                    </technique_common>
                </source>
                <source id="ID59">
                    <float_array id="ID60" count="2">0 1</float_array>
                    <technique_common>
                        <accessor count="1" source="#ID60" stride="2">
                            <param name="S" type="float"/>
                            <param name="T" type="float"/>
                        </accessor>
                    </technique_common>
                </source>
                <vertices id="ID61">
                    <input semantic="POSITION" source="#ID55"/>
                </vertices>
                <polylist count="14" material="Material1">
                    <input offset="0" semantic="VERTEX" source="#ID61"/>
                    <input offset="1" semantic="NORMAL" source="#ID57"/>
                    <input offset="2" semantic="TEXCOORD" source="#ID59" set="0"/>
                    <vcount>4 4 4 4 4 4 4 4 4 4 4 4 4 4</vcount>
                    <p>2 0 0 3 0 0 1 0 0 0 0 0 4 1 0 5 1 0 3 1 0 2 1 0 14 2 0 15 3 0 13 3 0 12 2 0 0 4 0 1 4 0 7 4 0 6 4 0 3 5 0 5 5 0 7 5 0 1 5 0 4 6 0 2 6 0 0 6 0 6 6 0 6 3 0 10 7 0 8 7 0 4 3 0 7 3 0 11 3 0 10 7 0 6 3 0 5 3 0 9 3 0 11 3 0 7 3 0 4 3 0 8 7 0 9 3 0 5 3 0 10 7 0 14 2 0 12 2 0 8 7 0 11 4 0 15 4 0 14 4 0 10 4 0 9 8 0 13 8 0 15 8 0 11 8 0 8 1 0 12 1 0 13 1 0 9 1 0</p>
                </polylist>
            </mesh>
        </geometry>
        <geometry id="ID64">
            <mesh>
                <source id="ID65">
                    <float_array id="ID66" count="96">-16.8861 -0.725438 2.35035 -16.8861 0.72543 2.35035 16.886 -0.725438 2.35035 16.886 0.72543 2.35035 16.886 -0.725438 -2.35033 16.886 0.72543 -2.35033 -16.8861 -0.725438 -2.35033 -16.8861 0.72543 -2.35033 -8.91457 -3.50391 2.35035 -8.91457 2.21986 2.35035 8.91457 -3.50391 2.35035 8.91457 2.21986 2.35035 8.91457 -3.50391 -2.35033 8.91457 2.21986 -2.35033 -8.91457 -3.50391 -2.35033 -8.91457 2.21986 -2.35033 -7.64638 -3.50391 2.35035 -7.64638 2.21986 2.35035 7.64638 -3.50391 2.35035 7.64638 2.21986 2.35035 5.10778 -3.50391 -9.24301 5.10778 2.21986 -9.24301 -5.10778 -3.50391 -9.24301 -5.10778 2.21986 -9.24301 -1.98427 -3.50391 -2.20608 1.98427 -3.50391 -2.20608 1.44111 -3.50391 -4.68658 -1.44112 -3.50391 -4.68658 -1.98427 -10.2507 -2.21816 1.98427 -10.2507 -2.21816 1.44111 -9.90531 -4.6745 -1.44112 -9.90531 -4.6745</float_array>
                    <technique_common>
                        <accessor count="32" source="#ID66" stride="3">
                            <param name="X" type="float"/>
                            <param name="Y" type="float"/>
                            <param name="Z" type="float"/>
                        </accessor>
                    </technique_common>
                </source>
                <source id="ID67">
                    <float_array id="ID68" count="93">0 0 1 0.815209 -0.579167 7.34383e-009 0.7695 0.638646 -8.09804e-009 0.508203 0 -0.861237 -0.508203 0 -0.861237 -0.815209 -0.579167 7.34384e-009 -0.7695 0.638646 -8.09804e-009 1.05191e-008 1 -1.31205e-008 -1.56575e-008 1 -1.54238e-008 -0.502871 -0.510859 -0.69724 -0.680481 -0.689974 -0.246743 0.680469 -0.689973 -0.246779 0.502857 -0.510852 -0.697255 0 0 -1 0.0925277 0.99571 -1.14217e-008 -0.0925277 0.99571 -9.10843e-009 0.166907 -0.985973 8.95023e-009 -0.166907 -0.985973 1.12864e-008 -4.8546e-009 -1 2.536e-008 -4.8546e-009 -1 7.91804e-009 -5.26739e-009 -1 7.98731e-009 -5.26739e-009 -1 2.54292e-008 7.75639e-009 -1 3.30026e-008 -1.78009e-008 -1 3.5202e-008 -1.78009e-008 -1 9.03914e-009 7.75639e-009 -1 6.83969e-009 -0.626546 -0.00121649 -0.779383 0.626525 -0.00121895 -0.7794 0.976629 -1.23885e-005 -0.214933 0 -0.00179089 0.999998 -0.976641 -8.51529e-006 -0.214879</float_array>
                    <technique_common>
                        <accessor count="31" source="#ID68" stride="3">
                            <param name="X" type="float"/>
                            <param name="Y" type="float"/>
                            <param name="Z" type="float"/>
                        </accessor>
                    </technique_common>
                </source>
                <source id="ID69">
                    <float_array id="ID70" count="2">0 1</float_array>
                    <technique_common>
                        <accessor count="1" source="#ID70" stride="2">
                            <param name="S" type="float"/>
                            <param name="T" type="float"/>
                        </accessor>
                    </technique_common>
                </source>
                <vertices id="ID71">
                    <input semantic="POSITION" source="#ID65"/>
                </vertices>
                <polylist count="30" material="Material1">
                    <input offset="0" semantic="VERTEX" source="#ID71"/>
                    <input offset="1" semantic="NORMAL" source="#ID67"/>
                    <input offset="2" semantic="TEXCOORD" source="#ID69" set="0"/>
                    <vcount>4 4 4 4 4 4 4 4 4 4 4 4 4 4 4 4 4 4 4 4 4 4 4 4 4 4 4 4 4 4</vcount>
                    <p>18 0 0 19 0 0 17 0 0 16 0 0 4 1 0 5 2 0 3 2 0 2 1 0 22 4 0 23 4 0 21 3 0 20 3 0 0 5 0 1 6 0 7 6 0 6 5 0 19 8 0 21 8 0 23 7 0 17 7 0 30 12 0 29 11 0 28 10 0 31 9 0 3 0 0 11 0 0 10 0 0 2 0 0 0 0 0 8 0 0 9 0 0 1 0 0 7 13 0 15 4 0 14 4 0 6 13 0 4 13 0 12 3 0 13 3 0 5 13 0 5 2 0 13 14 0 11 14 0 3 2 0 1 6 0 9 15 0 15 15 0 7 6 0 2 1 0 10 16 0 12 16 0 4 1 0 6 5 0 14 17 0 8 17 0 0 5 0 11 0 0 19 0 0 18 0 0 10 0 0 8 0 0 16 0 0 17 0 0 9 0 0 15 4 0 23 4 0 22 4 0 14 4 0 12 3 0 20 3 0 21 3 0 13 3 0 13 14 0 21 8 0 19 8 0 11 14 0 9 15 0 17 7 0 23 7 0 15 15 0 10 16 0 18 19 0 20 18 0 12 16 0 14 17 0 22 21 0 16 20 0 8 17 0 20 18 0 26 23 0 27 22 0 22 21 0 18 19 0 25 24 0 26 23 0 20 18 0 16 20 0 24 25 0 25 24 0 18 19 0 22 21 0 27 22 0 24 25 0 16 20 0 26 27 0 30 12 0 31 9 0 27 26 0 25 28 0 29 11 0 30 12 0 26 27 0 24 29 0 28 29 0 29 29 0 25 29 0 27 26 0 31 9 0 28 10 0 24 30 0</p>
                </polylist>
            </mesh>
        </geometry>
        <geometry id="ID73">
            <mesh>
                <source id="ID74">
                    <float_array id="ID75" count="252">19.4247 7.4308e-006 -5.20482 18.6999 1.5581 -5.01062 17.0713 1.94291 -4.57426 15.7654 0.864682 -4.22432 15.7654 -0.864667 -4.22432 17.0713 -1.9429 -4.57426 18.6999 -1.55808 -5.01062 14.2198 6.85749e-006 -14.2198 13.6893 1.5581 -13.6893 12.4971 1.94291 -12.4971 11.541 0.864681 -11.541 11.541 -0.864668 -11.541 12.4971 -1.9429 -12.4971 13.6893 -1.55808 -13.6893 5.20482 6.49069e-006 -19.4247 5.01062 1.5581 -18.6999 4.57425 1.94291 -17.0713 4.22431 0.864681 -15.7654 4.22431 -0.864668 -15.7654 4.57425 -1.9429 -17.0713 5.01062 -1.55808 -18.6999 -5.20482 6.42867e-006 -19.4247 -5.01062 1.5581 -18.6999 -4.57425 1.94291 -17.0713 -4.22431 0.864681 -15.7654 -4.22431 -0.864668 -15.7654 -4.57425 -1.9429 -17.0713 -5.01062 -1.55808 -18.6999 -14.2198 6.68806e-006 -14.2198 -13.6893 1.5581 -13.6893 -12.4971 1.94291 -12.4971 -11.541 0.864681 -11.541 -11.541 -0.864668 -11.541 -12.4971 -1.9429 -12.4971 -13.6893 -1.55808 -13.6893 -19.4246 7.19934e-006 -5.20482 -18.6999 1.5581 -5.01062 -17.0713 1.94291 -4.57425 -15.7653 0.864681 -4.22431 -15.7653 -0.864668 -4.22431 -17.0713 -1.9429 -4.57425 -18.6999 -1.55808 -5.01062 -19.4246 7.82553e-006 5.20482 -18.6999 1.5581 5.01062 -17.0713 1.94291 4.57425 -15.7653 0.864682 4.22431 -15.7653 -0.864667 4.22431 -17.0713 -1.9429 4.57425 -18.6999 -1.55808 5.01062 -14.2198 8.39883e-006 14.2198 -13.6893 1.5581 13.6893 -12.4971 1.94291 12.4971 -11.541 0.864682 11.541 -11.541 -0.864667 11.541 -12.4971 -1.9429 12.4971 -13.6893 -1.55808 13.6893 -5.20481 8.76563e-006 19.4246 -5.01061 1.5581 18.6999 -4.57425 1.94291 17.0713 -4.22431 0.864683 15.7653 -4.22431 -0.864666 15.7653 -4.57425 -1.9429 17.0713 -5.01061 -1.55808 18.6999 5.20482 8.82765e-006 19.4246 5.01062 1.5581 18.6999 4.57425 1.94291 17.0713 4.22432 0.864683 15.7653 4.22432 -0.864666 15.7653 4.57425 -1.9429 17.0713 5.01062 -1.55808 18.6999 14.2198 8.56827e-006 14.2198 13.6893 1.5581 13.6893 12.4971 1.94291 12.4971 11.541 0.864682 11.541 11.541 -0.864667 11.541 12.4971 -1.9429 12.4971 13.6893 -1.55808 13.6893 19.4247 8.05698e-006 5.20481 18.6999 1.5581 5.01061 17.0713 1.94291 4.57424 15.7654 0.864682 4.2243 15.7654 -0.864667 4.2243 17.0713 -1.9429 4.57424 18.6999 -1.55808 5.01061</float_array>
                    <technique_common>
                        <accessor count="84" source="#ID75" stride="3">
                            <param name="X" type="float"/>
                            <param name="Y" type="float"/>
                            <param name="Z" type="float"/>
                        </accessor>
                    </technique_common>
                </source>
                <source id="ID76">
                    <float_array id="ID77" count="252">0.965926 4.25354e-007 -0.258819 0.597405 0.785801 -0.160074 0.437331 0.785801 -0.437331 0.707107 1.19099e-007 -0.707107 -0.212219 0.975566 0.0568639 -0.155355 0.975566 0.155355 -0.868149 0.438413 0.23262 -0.635529 0.438413 0.635529 -0.868149 -0.438413 0.23262 -0.635529 -0.438413 0.635529 -0.212219 -0.975566 0.056864 -0.155355 -0.975566 0.155355 0.597405 -0.785801 -0.160074 0.437331 -0.785801 -0.437331 0.160074 0.785801 -0.597405 0.258819 -1.4462e-007 -0.965926 -0.0568639 0.975566 0.212219 -0.23262 0.438413 0.868149 -0.23262 -0.438413 0.868149 -0.0568639 -0.975566 0.212219 0.160074 -0.785801 -0.597405 -0.160074 0.785801 -0.597405 -0.258819 -8.50708e-009 -0.965926 0.056864 0.975566 0.212219 0.23262 0.438413 0.868149 0.23262 -0.438413 0.868149 0.0568639 -0.975566 0.212219 -0.160074 -0.785801 -0.597406 -0.437331 0.785801 -0.437331 -0.707107 3.74312e-007 -0.707107 0.155355 0.975566 0.155355 0.635529 0.438413 0.635529 0.635529 -0.438413 0.635529 0.155355 -0.975566 0.155355 -0.437331 -0.785801 -0.437331 -0.597405 0.785801 -0.160074 -0.965926 6.80567e-007 -0.258819 0.212219 0.975566 0.0568639 0.868149 0.438413 0.23262 0.868149 -0.438413 0.23262 0.212219 -0.975566 0.056864 -0.597406 -0.785801 -0.160074 -0.597405 0.785801 0.160074 -0.965926 4.84904e-007 0.258819 0.212219 0.975566 -0.056864 0.868149 0.438413 -0.23262 0.868149 -0.438413 -0.23262 0.212219 -0.975566 -0.0568639 -0.597405 -0.785801 0.160074 -0.437331 0.785801 0.437331 -0.707107 3.74312e-007 0.707107 0.155355 0.975566 -0.155355 0.635529 0.438413 -0.635529 0.635529 -0.438413 -0.635529 0.155355 -0.975566 -0.155355 -0.437331 -0.785801 0.437331 -0.160074 0.785801 0.597405 -0.258819 7.82652e-007 0.965926 0.0568639 0.975566 -0.212219 0.23262 0.438413 -0.868149 0.23262 -0.438413 -0.868149 0.0568638 -0.975566 -0.212219 -0.160074 -0.785801 0.597405 0.160074 0.785801 0.597405 0.258819 7.82652e-007 0.965926 -0.0568641 0.975566 -0.212219 -0.23262 0.438413 -0.868149 -0.23262 -0.438413 -0.868149 -0.056864 -0.975566 -0.212219 0.160074 -0.785801 0.597405 0.437331 0.785801 0.437331 0.707107 4.0834e-007 0.707106 -0.155355 0.975566 -0.155355 -0.635529 0.438413 -0.635529 -0.635529 -0.438413 -0.635529 -0.155355 -0.975566 -0.155355 0.437331 -0.785801 0.437331 0.597405 0.785801 0.160074 0.965926 3.74312e-007 0.258819 -0.212219 0.975566 -0.056864 -0.868149 0.438413 -0.23262 -0.868149 -0.438413 -0.232619 -0.212219 -0.975566 -0.0568638 0.597406 -0.785801 0.160074</float_array>
                    <technique_common>
                        <accessor count="84" source="#ID77" stride="3">
                            <param name="X" type="float"/>
                            <param name="Y" type="float"/>
                            <param name="Z" type="float"/>
                        </accessor>
                    </technique_common>
                </source>
                <source id="ID78">
                    <float_array id="ID79" count="2">0 1</float_array>
                    <technique_common>
                        <accessor count="1" source="#ID79" stride="2">
                            <param name="S" type="float"/>
                            <param name="T" type="float"/>
                        </accessor>
                    </technique_common>
                </source>
                <vertices id="ID80">
                    <input semantic="POSITION" source="#ID74"/>
                </vertices>
                <polylist count="84" material="Material1">
                    <input offset="0" semantic="VERTEX" source="#ID80"/>
                    <input offset="1" semantic="NORMAL" source="#ID76"/>
                    <input offset="2" semantic="TEXCOORD" source="#ID78" set="0"/>
                    <vcount>4 4 4 4 4 4 4 4 4 4 4 4 4 4 4 4 4 4 4 4 4 4 4 4 4 4 4 4 4 4 4 4 4 4 4 4 4 4 4 4 4 4 4 4 4 4 4 4 4 4 4 4 4 4 4 4 4 4 4 4 4 4 4 4 4 4 4 4 4 4 4 4 4 4 4 4 4 4 4 4 4 4 4 4</vcount>
                    <p>7 3 0 8 2 0 1 1 0 0 0 0 8 2 0 9 5 0 2 4 0 1 1 0 9 5 0 10 7 0 3 6 0 2 4 0 10 7 0 11 9 0 4 8 0 3 6 0 11 9 0 12 11 0 5 10 0 4 8 0 12 11 0 13 13 0 6 12 0 5 10 0 13 13 0 7 3 0 0 0 0 6 12 0 14 15 0 15 14 0 8 2 0 7 3 0 15 14 0 16 16 0 9 5 0 8 2 0 16 16 0 17 17 0 10 7 0 9 5 0 17 17 0 18 18 0 11 9 0 10 7 0 18 18 0 19 19 0 12 11 0 11 9 0 19 19 0 20 20 0 13 13 0 12 11 0 20 20 0 14 15 0 7 3 0 13 13 0 21 22 0 22 21 0 15 14 0 14 15 0 22 21 0 23 23 0 16 16 0 15 14 0 23 23 0 24 24 0 17 17 0 16 16 0 24 24 0 25 25 0 18 18 0 17 17 0 25 25 0 26 26 0 19 19 0 18 18 0 26 26 0 27 27 0 20 20 0 19 19 0 27 27 0 21 22 0 14 15 0 20 20 0 28 29 0 29 28 0 22 21 0 21 22 0 29 28 0 30 30 0 23 23 0 22 21 0 30 30 0 31 31 0 24 24 0 23 23 0 31 31 0 32 32 0 25 25 0 24 24 0 32 32 0 33 33 0 26 26 0 25 25 0 33 33 0 34 34 0 27 27 0 26 26 0 34 34 0 28 29 0 21 22 0 27 27 0 35 36 0 36 35 0 29 28 0 28 29 0 36 35 0 37 37 0 30 30 0 29 28 0 37 37 0 38 38 0 31 31 0 30 30 0 38 38 0 39 39 0 32 32 0 31 31 0 39 39 0 40 40 0 33 33 0 32 32 0 40 40 0 41 41 0 34 34 0 33 33 0 41 41 0 35 36 0 28 29 0 34 34 0 42 43 0 43 42 0 36 35 0 35 36 0 43 42 0 44 44 0 37 37 0 36 35 0 44 44 0 45 45 0 38 38 0 37 37 0 45 45 0 46 46 0 39 39 0 38 38 0 46 46 0 47 47 0 40 40 0 39 39 0 47 47 0 48 48 0 41 41 0 40 40 0 48 48 0 42 43 0 35 36 0 41 41 0 49 50 0 50 49 0 43 42 0 42 43 0 50 49 0 51 51 0 44 44 0 43 42 0 51 51 0 52 52 0 45 45 0 44 44 0 52 52 0 53 53 0 46 46 0 45 45 0 53 53 0 54 54 0 47 47 0 46 46 0 54 54 0 55 55 0 48 48 0 47 47 0 55 55 0 49 50 0 42 43 0 48 48 0 56 57 0 57 56 0 50 49 0 49 50 0 57 56 0 58 58 0 51 51 0 50 49 0 58 58 0 59 59 0 52 52 0 51 51 0 59 59 0 60 60 0 53 53 0 52 52 0 60 60 0 61 61 0 54 54 0 53 53 0 61 61 0 62 62 0 55 55 0 54 54 0 62 62 0 56 57 0 49 50 0 55 55 0 63 64 0 64 63 0 57 56 0 56 57 0 64 63 0 65 65 0 58 58 0 57 56 0 65 65 0 66 66 0 59 59 0 58 58 0 66 66 0 67 67 0 60 60 0 59 59 0 67 67 0 68 68 0 61 61 0 60 60 0 68 68 0 69 69 0 62 62 0 61 61 0 69 69 0 63 64 0 56 57 0 62 62 0 70 71 0 71 70 0 64 63 0 63 64 0 71 70 0 72 72 0 65 65 0 64 63 0 72 72 0 73 73 0 66 66 0 65 65 0 73 73 0 74 74 0 67 67 0 66 66 0 74 74 0 75 75 0 68 68 0 67 67 0 75 75 0 76 76 0 69 69 0 68 68 0 76 76 0 70 71 0 63 64 0 69 69 0 77 78 0 78 77 0 71 70 0 70 71 0 78 77 0 79 79 0 72 72 0 71 70 0 79 79 0 80 80 0 73 73 0 72 72 0 80 80 0 81 81 0 74 74 0 73 73 0 81 81 0 82 82 0 75 75 0 74 74 0 82 82 0 83 83 0 76 76 0 75 75 0 83 83 0 77 78 0 70 71 0 76 76 0 0 0 0 1 1 0 78 77 0 77 78 0 1 1 0 2 4 0 79 79 0 78 77 0 2 4 0 3 6 0 80 80 0 79 79 0 3 6 0 4 8 0 81 81 0 80 80 0 4 8 0 5 10 0 82 82 0 81 81 0 5 10 0 6 12 0 83 83 0 82 82 0 6 12 0 0 0 0 77 78 0 83 83 0</p>
                </polylist>
            </mesh>
        </geometry>
        <geometry id="ID82">
            <mesh>
                <source id="ID83">
                    <float_array id="ID84" count="48">-31.7103 -12.587 1.99819 -26.3582 8.23811 2.70641 31.7103 -12.587 1.99819 26.3582 8.23811 2.70641 31.7103 -3.48465 -4.22319 26.3582 8.23811 -1.4923 -31.7103 -3.48465 -4.22319 -26.3582 8.23811 -1.4923 -30.0858 -11.3278 2.04102 -25.381 6.97884 2.66359 30.0858 -11.3278 2.04102 25.381 6.97884 2.66359 -28.7259 -10.642 1.10085 -24.3736 6.29307 1.67678 28.7259 -10.642 1.10085 24.3736 6.29307 1.67678</float_array>
                    <technique_common>
                        <accessor count="16" source="#ID84" stride="3">
                            <param name="X" type="float"/>
                            <param name="Y" type="float"/>
                            <param name="Z" type="float"/>
                        </accessor>
                    </technique_common>
                </source>
                <source id="ID85">
                    <float_array id="ID86" count="54">0.174494 -0.30224 0.937125 0.348192 -0.564947 0.748062 0.38482 0.386193 0.838313 0.179706 0.160655 0.970513 0.387271 0.0865662 0.917893 0.347361 0.44891 0.823298 0.485896 0.781074 -0.392209 0.935615 0.277113 0.218707 0 -0.184283 -0.982873 -0.469516 0.783524 -0.406995 -0.930477 0.325894 0.167348 -0.348209 0.470746 0.810647 -0.392334 0.10875 0.913371 0 -0.564279 -0.825584 -0.179706 0.160655 0.970513 -0.174494 -0.30224 0.937125 -0.38482 0.386193 0.838313 -0.348192 -0.564947 0.748062</float_array>
                    <technique_common>
                        <accessor count="18" source="#ID86" stride="3">
                            <param name="X" type="float"/>
                            <param name="Y" type="float"/>
                            <param name="Z" type="float"/>
                        </accessor>
                    </technique_common>
                </source>
                <source id="ID87">
                    <float_array id="ID88" count="2">0 1</float_array>
                    <technique_common>
                        <accessor count="1" source="#ID88" stride="2">
                            <param name="S" type="float"/>
                            <param name="T" type="float"/>
                        </accessor>
                    </technique_common>
                </source>
                <vertices id="ID89">
                    <input semantic="POSITION" source="#ID83"/>
                </vertices>
                <polylist count="13" material="Material1">
                    <input offset="0" semantic="VERTEX" source="#ID89"/>
                    <input offset="1" semantic="NORMAL" source="#ID85"/>
                    <input offset="2" semantic="TEXCOORD" source="#ID87" set="0"/>
                    <vcount>4 4 4 4 4 4 4 4 4 4 4 4 4</vcount>
                    <p>8 3 0 12 2 0 13 1 0 9 0 0 4 7 0 5 6 0 3 5 0 2 4 0 6 8 0 7 9 0 5 6 0 4 8 0 0 12 0 1 11 0 7 9 0 6 10 0 3 5 0 5 6 0 7 9 0 1 11 0 4 8 0 2 13 0 0 13 0 6 8 0 2 4 0 10 14 0 8 3 0 0 12 0 3 5 0 11 15 0 10 14 0 2 4 0 1 11 0 9 0 0 11 15 0 3 5 0 0 12 0 8 3 0 9 0 0 1 11 0 10 14 0 14 16 0 12 2 0 8 3 0 11 15 0 15 17 0 14 16 0 10 14 0 9 0 0 13 1 0 15 17 0 11 15 0</p>
                </polylist>
            </mesh>
        </geometry>
        <geometry id="ID91">
            <mesh>
                <source id="ID92">
                    <float_array id="ID93" count="12">-28.7259 -10.642 1.10085 -24.3736 6.29307 1.67678 28.7259 -10.642 1.10085 24.3736 6.29307 1.67678</float_array>
                    <technique_common>
                        <accessor count="4" source="#ID93" stride="3">
                            <param name="X" type="float"/>
                            <param name="Y" type="float"/>
                            <param name="Z" type="float"/>
                        </accessor>
                    </technique_common>
                </source>
                <source id="ID94">
                    <float_array id="ID95" count="3">0 -0.0339884 0.999422</float_array>
                    <technique_common>
                        <accessor count="1" source="#ID95" stride="3">
                            <param name="X" type="float"/>
                            <param name="Y" type="float"/>
                            <param name="Z" type="float"/>
                        </accessor>
                    </technique_common>
                </source>
                <source id="ID96">
                    <float_array id="ID97" count="2">0 1</float_array>
                    <technique_common>
                        <accessor count="1" source="#ID97" stride="2">
                            <param name="S" type="float"/>
                            <param name="T" type="float"/>
                        </accessor>
                    </technique_common>
                </source>
                <vertices id="ID98">
                    <input semantic="POSITION" source="#ID92"/>
                </vertices>
                <polylist count="1" material="Material1">
                    <input offset="0" semantic="VERTEX" source="#ID98"/>
                    <input offset="1" semantic="NORMAL" source="#ID94"/>
                    <input offset="2" semantic="TEXCOORD" source="#ID96" set="0"/>
                    <vcount>4</vcount>
                    <p>2 0 0 3 0 0 1 0 0 0 0 0</p>
                </polylist>
            </mesh>
        </geometry>
        <geometry id="ID100">
            <mesh>
                <source id="ID101">
                    <float_array id="ID102" count="288">-58.9068 -7.72891 20.8188 -58.9068 9.58469 20.8188 58.9066 -7.72891 20.8188 58.9066 9.58469 20.8188 58.9066 -7.72891 -16.4745 58.9066 9.58469 -16.4745 -58.9068 -7.72891 -16.4745 -58.9068 9.58469 -16.4745 -58.9068 -7.72891 -7.1454 -58.9068 14.5604 -7.1454 58.9066 -7.72891 -7.1454 58.9066 14.5604 -7.1454 -58.9068 -7.72891 8.65832 -58.9068 14.5604 8.65833 58.9066 -7.72891 8.65832 58.9066 14.5604 8.65832 -58.9068 -2.29214 30.6563 -58.9068 6.57525 30.6563 58.9066 -2.29214 30.6563 58.9066 6.57525 30.6563 -58.9068 68.1393 23.8946 58.9066 68.1393 23.8946 -58.9068 68.1393 36.3277 58.9066 68.1393 36.3277 -58.9068 24.7273 19.8164 58.9066 24.7273 19.8164 -58.9068 24.7273 31.2985 58.9066 24.7273 31.2985 -58.9068 43.1272 19.8164 58.9066 43.1272 19.8164 -58.9068 43.1272 30.1 58.9066 43.1272 30.1 -48.4285 -7.72891 20.8188 -48.4285 9.58469 20.8188 48.4283 -7.72891 20.8188 48.4283 9.58469 20.8188 48.4283 -7.72891 -16.4745 48.4283 9.58469 -16.4745 -48.4285 -7.72891 -16.4745 -48.4285 9.58469 -16.4745 -48.4285 -7.72891 -7.1454 -48.4285 14.5604 -7.1454 48.4283 -7.72891 -7.1454 48.4283 14.5604 -7.1454 -48.4285 -7.72891 8.65832 -48.4285 14.5604 8.65833 48.4283 -7.72891 8.65832 48.4283 14.5604 8.65832 -48.4285 -2.29214 30.6563 -48.4285 6.57525 30.6563 48.4283 -2.29214 30.6563 48.4283 6.57525 30.6563 -48.4285 70.1363 23.8946 48.4283 70.1363 23.8946 -48.4285 70.1363 39.5 48.4283 70.1363 39.5 -48.4285 24.7273 19.8164 48.4283 24.7273 19.8164 -48.4285 24.7273 31.2985 48.4283 24.7273 31.2985 -48.4285 43.1272 19.8164 48.4283 43.1272 19.8164 -48.4285 43.1272 33.2723 48.4283 43.1272 33.2723 -44.3502 -7.72891 20.8188 -44.3502 5.85762 22.3972 44.3499 -7.72891 20.8188 44.3499 5.85762 22.3972 44.3499 -7.72891 -16.4745 44.3499 5.85762 -16.4745 -44.3502 -7.72891 -16.4745 -44.3502 5.85762 -16.4745 -44.3502 -7.72891 -7.1454 -44.3502 10.8333 -7.1454 44.3499 -7.72891 -7.1454 44.3499 10.8333 -7.1454 -44.3502 -7.72891 8.65832 -44.3502 10.8333 8.65833 44.3499 -7.72891 8.65832 44.3499 10.8333 8.65832 -44.3502 -2.29214 30.6563 -44.3502 6.57525 30.6563 44.3499 -2.29214 30.6563 44.3499 6.57525 30.6563 -44.3502 70.491 25.8217 44.3499 70.491 25.8217 -44.3502 70.491 40.0363 44.3499 70.491 40.0363 -44.3502 24.7273 21.7436 44.3499 24.7273 21.7436 -44.3502 24.7273 31.2985 44.3499 24.7273 31.2985 -44.3502 43.1272 21.7436 44.3499 43.1272 21.7436 -44.3502 43.1272 33.8086 44.3499 43.1272 33.8086</float_array>
                    <technique_common>
                        <accessor count="96" source="#ID102" stride="3">
                            <param name="X" type="float"/>
                            <param name="Y" type="float"/>
                            <param name="Z" type="float"/>
                        </accessor>
                    </technique_common>
                </source>
                <source id="ID103">
                    <float_array id="ID104" count="252">0 -0.508082 0.861309 -2.22013e-010 -0.0176814 0.999844 -2.22013e-010 -0.0176814 0.999844 0 -0.508082 0.861309 1 0 -0 0 0 -1 -0.190085 0.475198 -0.859101 0.190085 0.475198 -0.859101 -1 0 -0 0.324121 0.886419 0.330464 0.347764 0.922255 0.168835 -0.349059 0.921864 0.168299 -0.3267 0.885795 0.329596 0 -1 -0 0.356624 0.9057 -0.229189 -0.356624 0.9057 -0.229189 0 -0.968305 0.249769 -0.111494 0.765317 -0.633924 0.0433656 0.999059 -0 -0.0433656 0.999059 -0 0.111472 0.765315 -0.63393 -0.217166 0.0724386 -0.973443 0.217149 0.0724405 -0.973447 -0.733427 -0.0185201 0.679516 -0.0162104 -0.0817468 0.996521 0.0162665 -0.0817768 0.996518 0.778263 -0.0800133 0.62282 0.768634 0.401688 0.497844 0.62351 0.590286 -0.512638 0.206618 -0.0206676 -0.978203 0.194247 -0.0412139 -0.980086 -0.187945 -0.0416243 -0.981297 -0.203458 -0.0208874 -0.978861 -0.7785 -0.0787474 0.622685 -0.0457198 -0.175279 0.983457 0.0457461 -0.17531 0.98345 0.733513 -0.0197846 0.679388 -0.623865 0.590075 -0.512449 -0.768999 0.401568 0.497377 -0.0589516 -0.222215 0.973214 0.0588921 -0.222218 0.973217 0 -0.0176814 0.999844 0 -0.0176814 0.999844 0 -0.0176814 0.999844 0 -0.0176814 0.999844 0 -0.508082 0.861309 0 0.51449 -0.857497 0 0.514489 -0.857497 -0.190085 0.475198 -0.859101 0 0.925521 0.378696 -0.326702 0.878014 0.349795 -0.349713 0.919608 0.178946 0 0.981204 0.192975 0 0.981204 0.192975 0.348414 0.919997 0.179479 0.324119 0.878635 0.35064 0 0.925521 0.378696 0 0.970141 -0.242543 -0.356624 0.9057 -0.229189 0.356624 0.9057 -0.229189 0 0.970141 -0.242543 0 -0.968306 0.249769 0.0437942 0.768213 -0.638695 -0.137108 0.990556 -0 0.137108 0.990556 -0 -0.0441894 0.768201 -0.638682 -0.00768812 0.0777839 -0.996941 0.213432 0.0744907 -0.974114 -0.21372 0.0744853 -0.974051 0.00713317 0.0777862 -0.996945 0.0530555 -0.0536377 0.99715 -0.0528762 -0.0526797 0.997211 0 -0.0330432 -0.999454 -0.203498 -0.028924 -0.978648 -0.187945 -0.0576281 -0.980488 0 -0.0660502 -0.997816 0 -0.0660502 -0.997816 0.194248 -0.057238 -0.979281 0.206658 -0.0287088 -0.977992 0 -0.0330432 -0.999454 0.148698 -0.148464 0.977675 -0.148944 -0.147477 0.977786 0.190198 -0.224019 0.955845 -0.191008 -0.223935 0.955704</float_array>
                    <technique_common>
                        <accessor count="84" source="#ID104" stride="3">
                            <param name="X" type="float"/>
                            <param name="Y" type="float"/>
                            <param name="Z" type="float"/>
                        </accessor>
                    </technique_common>
                </source>
                <source id="ID105">
                    <float_array id="ID106" count="2">0 1</float_array>
                    <technique_common>
                        <accessor count="1" source="#ID106" stride="2">
                            <param name="S" type="float"/>
                            <param name="T" type="float"/>
                        </accessor>
                    </technique_common>
                </source>
                <vertices id="ID107">
                    <input semantic="POSITION" source="#ID101"/>
                </vertices>
                <polylist count="94" material="Material1">
                    <input offset="0" semantic="VERTEX" source="#ID107"/>
                    <input offset="1" semantic="NORMAL" source="#ID103"/>
                    <input offset="2" semantic="TEXCOORD" source="#ID105" set="0"/>
                    <vcount>4 4 4 4 4 4 4 4 4 4 4 4 4 4 4 4 4 4 4 4 4 4 4 4 4 4 4 4 4 4 4 4 4 4 4 4 4 4 4 4 4 4 4 4 4 4 4 4 4 4 4 4 4 4 4 4 4 4 4 4 4 4 4 4 4 4 4 4 4 4 4 4 4 4 4 4 4 4 4 4 4 4 4 4 4 4 4 4 4 4 4 4 4 4</vcount>
                    <p>82 3 0 83 2 0 81 1 0 80 0 0 10 4 0 4 4 0 5 4 0 11 4 0 70 5 0 71 7 0 69 6 0 68 5 0 12 8 0 0 8 0 1 8 0 13 8 0 67 12 0 79 11 0 77 10 0 65 9 0 68 13 0 74 13 0 72 13 0 70 13 0 11 4 0 15 4 0 14 4 0 10 4 0 9 8 0 7 8 0 6 8 0 8 8 0 75 15 0 69 6 0 71 7 0 73 14 0 74 13 0 78 13 0 76 13 0 72 13 0 13 8 0 9 8 0 8 8 0 12 8 0 79 11 0 75 15 0 73 14 0 77 10 0 15 4 0 3 4 0 2 4 0 14 4 0 78 13 0 66 16 0 64 16 0 76 13 0 66 16 0 82 3 0 80 0 0 64 16 0 3 4 0 19 4 0 18 4 0 2 4 0 84 20 0 86 19 0 87 18 0 85 17 0 0 8 0 16 8 0 17 8 0 1 8 0 92 22 0 84 20 0 85 17 0 93 21 0 17 8 0 26 23 0 24 8 0 1 8 0 83 2 0 91 25 0 90 24 0 81 1 0 29 4 0 21 28 0 23 27 0 31 26 0 89 32 0 67 31 0 65 30 0 88 29 0 26 23 0 30 33 0 28 8 0 24 8 0 91 25 0 95 35 0 94 34 0 90 24 0 27 36 0 19 4 0 3 4 0 25 4 0 93 21 0 89 32 0 88 29 0 92 22 0 31 26 0 27 36 0 25 4 0 29 4 0 30 33 0 22 38 0 20 37 0 28 8 0 95 35 0 87 40 0 86 39 0 94 34 0 19 42 0 51 41 0 50 0 0 18 3 0 16 45 0 48 0 0 49 44 0 17 43 0 7 46 0 39 7 0 38 5 0 6 5 0 4 5 0 36 5 0 37 48 0 5 47 0 15 52 0 47 51 0 35 50 0 3 49 0 1 56 0 33 55 0 45 54 0 13 53 0 10 13 0 42 13 0 36 13 0 4 13 0 6 13 0 38 13 0 40 13 0 8 13 0 5 47 0 37 48 0 43 58 0 11 57 0 9 60 0 41 59 0 39 7 0 7 46 0 14 13 0 46 13 0 42 13 0 10 13 0 8 13 0 40 13 0 44 13 0 12 13 0 11 57 0 43 58 0 47 51 0 15 52 0 13 53 0 45 54 0 41 59 0 9 60 0 2 16 0 34 16 0 46 13 0 14 13 0 12 13 0 44 13 0 32 16 0 0 61 0 18 3 0 50 0 0 34 16 0 2 16 0 0 61 0 32 16 0 48 0 0 16 45 0 22 38 0 54 63 0 52 62 0 20 37 0 21 28 0 53 65 0 55 64 0 23 27 0 20 37 0 52 62 0 60 67 0 28 66 0 29 69 0 61 68 0 53 65 0 21 28 0 27 36 0 59 70 0 51 41 0 19 42 0 17 43 0 49 44 0 58 71 0 26 23 0 3 75 0 35 74 0 57 73 0 25 72 0 24 79 0 56 78 0 33 77 0 1 76 0 31 26 0 63 80 0 59 70 0 27 36 0 26 23 0 58 71 0 62 81 0 30 33 0 25 72 0 57 73 0 61 68 0 29 69 0 28 66 0 60 67 0 56 78 0 24 79 0 23 27 0 55 82 0 63 80 0 31 26 0 30 33 0 62 81 0 54 83 0 22 38 0 51 41 0 83 2 0 82 3 0 50 0 0 48 0 0 80 0 0 81 1 0 49 44 0 39 7 0 71 7 0 70 5 0 38 5 0 36 5 0 68 5 0 69 6 0 37 48 0 47 51 0 79 11 0 67 12 0 35 50 0 33 55 0 65 9 0 77 10 0 45 54 0 42 13 0 74 13 0 68 13 0 36 13 0 38 13 0 70 13 0 72 13 0 40 13 0 37 48 0 69 6 0 75 15 0 43 58 0 41 59 0 73 14 0 71 7 0 39 7 0 46 13 0 78 13 0 74 13 0 42 13 0 40 13 0 72 13 0 76 13 0 44 13 0 43 58 0 75 15 0 79 11 0 47 51 0 45 54 0 77 10 0 73 14 0 41 59 0 34 16 0 66 16 0 78 13 0 46 13 0 44 13 0 76 13 0 64 16 0 32 16 0 50 0 0 82 3 0 66 16 0 34 16 0 32 16 0 64 16 0 80 0 0 48 0 0 54 63 0 86 19 0 84 20 0 52 62 0 53 65 0 85 17 0 87 18 0 55 64 0 52 62 0 84 20 0 92 22 0 60 67 0 61 68 0 93 21 0 85 17 0 53 65 0 59 70 0 91 25 0 83 2 0 51 41 0 49 44 0 81 1 0 90 24 0 58 71 0 35 74 0 67 31 0 89 32 0 57 73 0 56 78 0 88 29 0 65 30 0 33 77 0 63 80 0 95 35 0 91 25 0 59 70 0 58 71 0 90 24 0 94 34 0 62 81 0 57 73 0 89 32 0 93 21 0 61 68 0 60 67 0 92 22 0 88 29 0 56 78 0 55 82 0 87 40 0 95 35 0 63 80 0 62 81 0 94 34 0 86 39 0 54 83 0</p>
                </polylist>
            </mesh>
        </geometry>
        <geometry id="ID109">
            <mesh>
                <source id="ID110">
                    <float_array id="ID111" count="288">-29.9574 -4.4337 22.7676 -29.9574 4.4337 22.7676 29.9574 -4.4337 22.7676 29.9574 4.4337 22.7676 29.9574 -4.4337 -22.7676 29.9574 4.4337 -22.7676 -29.9574 -4.4337 -22.7676 -29.9574 4.4337 -22.7676 -29.9574 -4.4337 -11.3767 -29.9574 6.98208 -11.3767 29.9574 -4.4337 -11.3767 29.9574 6.98208 -11.3767 -29.9574 -4.4337 7.91964 -29.9574 6.98208 7.91964 29.9574 -4.4337 7.91964 29.9574 6.98208 7.91964 -29.9574 -4.4337 32.324 -29.9574 4.4337 32.324 29.9574 -4.4337 32.324 29.9574 4.4337 32.324 -29.9574 87.1176 23.8946 29.9574 87.1176 23.8946 -29.9574 87.1176 36.3277 29.9574 87.1176 36.3277 -29.9574 43.7055 19.8164 29.9574 43.7055 19.8164 -29.9574 43.7055 31.2985 29.9574 43.7055 31.2985 -29.9574 62.1055 19.8164 29.9574 62.1055 19.8164 -29.9574 62.1055 30.1 29.9574 62.1055 30.1 -19.1819 -4.4337 22.7676 -19.1819 4.4337 22.7676 19.1819 -4.4337 22.7676 19.1819 4.4337 22.7676 19.1819 -4.4337 -22.7676 19.1819 4.4337 -22.7676 -19.1819 -4.4337 -22.7676 -19.1819 4.4337 -22.7676 -19.1819 -4.4337 -11.3767 -19.1819 6.98208 -11.3767 19.1819 -4.4337 -11.3767 19.1819 6.98208 -11.3767 -19.1819 -4.4337 7.91964 -19.1819 6.98208 7.91964 19.1819 -4.4337 7.91964 19.1819 6.98208 7.91964 -19.1819 -4.4337 32.324 -19.1819 4.4337 32.324 19.1819 -4.4337 32.324 19.1819 4.4337 32.324 -19.1819 89.1146 23.8946 19.1819 89.1146 23.8946 -19.1819 89.1146 39.5 19.1819 89.1146 39.5 -19.1819 43.7055 19.8164 19.1819 43.7055 19.8164 -19.1819 43.7055 31.2985 19.1819 43.7055 31.2985 -19.1819 62.1055 19.8164 19.1819 62.1055 19.8164 -19.1819 62.1055 33.2723 19.1819 62.1055 33.2723 -14.9878 -4.4337 22.7676 -14.9878 2.52483 24.6948 14.9878 -4.4337 22.7676 14.9878 2.52483 24.6948 14.9878 -4.4337 -22.7676 14.9878 2.52483 -22.7676 -14.9878 -4.4337 -22.7676 -14.9878 2.52483 -22.7676 -14.9878 -4.4337 -11.3767 -14.9878 5.07321 -11.3767 14.9878 -4.4337 -11.3767 14.9878 5.07321 -11.3767 -14.9878 -4.4337 7.91964 -14.9878 5.07321 7.91964 14.9878 -4.4337 7.91964 14.9878 5.07321 7.91964 -14.9878 -4.4337 32.324 -14.9878 4.4337 32.324 14.9878 -4.4337 32.324 14.9878 4.4337 32.324 -14.9878 89.4693 25.8217 14.9878 89.4693 25.8217 -14.9878 89.4693 40.0363 14.9878 89.4693 40.0363 -14.9878 43.7055 21.7436 14.9878 43.7055 21.7436 -14.9878 43.7055 31.2985 14.9878 43.7055 31.2985 -14.9878 62.1055 21.7436 14.9878 62.1055 21.7436 -14.9878 62.1055 33.8086 14.9878 62.1055 33.8086</float_array>
                    <technique_common>
                        <accessor count="96" source="#ID111" stride="3">
                            <param name="X" type="float"/>
                            <param name="Y" type="float"/>
                            <param name="Z" type="float"/>
                        </accessor>
                    </technique_common>
                </source>
                <source id="ID112">
                    <float_array id="ID113" count="228">0 0 1 8.09914e-010 0.0130537 0.999915 1 0 -0 0 0 -1 -0.131704 0.605999 -0.784487 0.131704 0.605999 -0.784487 -1 0 -0 0.193277 0.969315 0.151898 0.203188 0.976161 0.0763227 -0.204135 0.975971 0.0762182 -0.195165 0.968964 0.151721 0 -1 -0 0.210927 0.971577 -0.107461 -0.210927 0.971577 -0.107461 -0.108975 0.764937 -0.63482 0.0421759 0.99911 -0 -0.0421759 0.99911 -0 0.108953 0.764935 -0.634825 -0.211966 0.0725207 -0.974583 0.211949 0.0725225 -0.974586 -0.732809 0.00244927 0.68043 -0.0157983 -0.0510701 0.99857 0.0158531 -0.0510984 0.998568 0.776544 -0.0802955 0.624925 0.765626 0.403658 0.500876 0.621618 0.591631 -0.513385 0.210261 -0.035421 -0.977003 0.206556 -0.0707416 -0.975874 -0.206229 -0.0707567 -0.975942 -0.210097 -0.0354298 -0.977038 -0.776774 -0.0790917 0.624793 -0.0444721 -0.175292 0.983511 0.0444977 -0.175322 0.983505 0.732911 0.0012468 0.680323 -0.621965 0.591426 -0.513201 -0.765986 0.403537 0.500423 -0.057342 -0.222236 0.973305 0.0572841 -0.222239 0.973308 0 0.0130537 0.999915 0 0.0130537 0.999915 0 0.0130537 0.999915 0 0.62517 -0.780488 0 0.62517 -0.780488 -0.131704 0.605999 -0.784487 0 0.985589 0.169158 -0.195165 0.9674 0.161391 -0.204213 0.975561 0.081107 0 0.996391 0.0848854 0 0.996391 0.0848855 0.203266 0.97575 0.0812108 0.193277 0.967751 0.161564 0 0.985589 0.169158 0 0.993951 -0.109826 -0.210927 0.971577 -0.107461 0.210927 0.971577 -0.107461 0 0.993951 -0.109826 0.0431238 0.767765 -0.639279 -0.133413 0.991061 -0 0.133413 0.991061 -0 -0.0435079 0.767753 -0.639267 -0.00747618 0.0777843 -0.996942 0.20833 0.0745674 -0.975212 -0.20861 0.0745622 -0.975152 0.00693651 0.0777864 -0.996946 0.0517079 -0.0228293 0.998401 -0.0515313 -0.021919 0.998431 0 -0.0374942 -0.999297 -0.210104 -0.036315 -0.977004 -0.206229 -0.0725223 -0.975812 0 -0.0749357 -0.997188 0.206556 -0.0725074 -0.975745 0.210267 -0.0363063 -0.97697 0.144778 -0.148552 0.978249 -0.145016 -0.147617 0.978356 0.18519 -0.22424 0.956776 -0.185981 -0.22416 0.956642</float_array>
                    <technique_common>
                        <accessor count="76" source="#ID113" stride="3">
                            <param name="X" type="float"/>
                            <param name="Y" type="float"/>
                            <param name="Z" type="float"/>
                        </accessor>
                    </technique_common>
                </source>
                <source id="ID114">
                    <float_array id="ID115" count="2">0 1</float_array>
                    <technique_common>
                        <accessor count="1" source="#ID115" stride="2">
                            <param name="S" type="float"/>
                            <param name="T" type="float"/>
                        </accessor>
                    </technique_common>
                </source>
                <vertices id="ID116">
                    <input semantic="POSITION" source="#ID110"/>
                </vertices>
                <polylist count="94" material="Material1">
                    <input offset="0" semantic="VERTEX" source="#ID116"/>
                    <input offset="1" semantic="NORMAL" source="#ID112"/>
                    <input offset="2" semantic="TEXCOORD" source="#ID114" set="0"/>
                    <vcount>4 4 4 4 4 4 4 4 4 4 4 4 4 4 4 4 4 4 4 4 4 4 4 4 4 4 4 4 4 4 4 4 4 4 4 4 4 4 4 4 4 4 4 4 4 4 4 4 4 4 4 4 4 4 4 4 4 4 4 4 4 4 4 4 4 4 4 4 4 4 4 4 4 4 4 4 4 4 4 4 4 4 4 4 4 4 4 4 4 4 4 4 4 4</vcount>
                    <p>82 0 0 83 1 0 81 1 0 80 0 0 10 2 0 4 2 0 5 2 0 11 2 0 70 3 0 71 5 0 69 4 0 68 3 0 12 6 0 0 6 0 1 6 0 13 6 0 67 10 0 79 9 0 77 8 0 65 7 0 68 11 0 74 11 0 72 11 0 70 11 0 11 2 0 15 2 0 14 2 0 10 2 0 9 6 0 7 6 0 6 6 0 8 6 0 75 13 0 69 4 0 71 5 0 73 12 0 74 11 0 78 11 0 76 11 0 72 11 0 13 6 0 9 6 0 8 6 0 12 6 0 79 9 0 75 13 0 73 12 0 77 8 0 15 2 0 3 2 0 2 2 0 14 2 0 78 11 0 66 11 0 64 11 0 76 11 0 66 11 0 82 11 0 80 11 0 64 11 0 3 2 0 19 2 0 18 2 0 2 2 0 84 17 0 86 16 0 87 15 0 85 14 0 0 6 0 16 6 0 17 6 0 1 6 0 92 19 0 84 17 0 85 14 0 93 18 0 17 6 0 26 20 0 24 6 0 1 6 0 83 1 0 91 22 0 90 21 0 81 1 0 29 2 0 21 25 0 23 24 0 31 23 0 89 29 0 67 28 0 65 27 0 88 26 0 26 20 0 30 30 0 28 6 0 24 6 0 91 22 0 95 32 0 94 31 0 90 21 0 27 33 0 19 2 0 3 2 0 25 2 0 93 18 0 89 29 0 88 26 0 92 19 0 31 23 0 27 33 0 25 2 0 29 2 0 30 30 0 22 35 0 20 34 0 28 6 0 95 32 0 87 37 0 86 36 0 94 31 0 19 39 0 51 38 0 50 0 0 18 0 0 16 0 0 48 0 0 49 40 0 17 40 0 7 41 0 39 5 0 38 3 0 6 3 0 4 3 0 36 3 0 37 43 0 5 42 0 15 47 0 47 46 0 35 45 0 3 44 0 1 51 0 33 50 0 45 49 0 13 48 0 10 11 0 42 11 0 36 11 0 4 11 0 6 11 0 38 11 0 40 11 0 8 11 0 5 42 0 37 43 0 43 53 0 11 52 0 9 55 0 41 54 0 39 5 0 7 41 0 14 11 0 46 11 0 42 11 0 10 11 0 8 11 0 40 11 0 44 11 0 12 11 0 11 52 0 43 53 0 47 46 0 15 47 0 13 48 0 45 49 0 41 54 0 9 55 0 2 11 0 34 11 0 46 11 0 14 11 0 12 11 0 44 11 0 32 11 0 0 11 0 18 11 0 50 11 0 34 11 0 2 11 0 0 11 0 32 11 0 48 11 0 16 11 0 22 35 0 54 57 0 52 56 0 20 34 0 21 25 0 53 59 0 55 58 0 23 24 0 20 34 0 52 56 0 60 61 0 28 60 0 29 63 0 61 62 0 53 59 0 21 25 0 27 33 0 59 64 0 51 38 0 19 39 0 17 40 0 49 40 0 58 65 0 26 20 0 3 69 0 35 68 0 57 67 0 25 66 0 24 66 0 56 71 0 33 70 0 1 69 0 31 23 0 63 72 0 59 64 0 27 33 0 26 20 0 58 65 0 62 73 0 30 30 0 25 66 0 57 67 0 61 62 0 29 63 0 28 60 0 60 61 0 56 71 0 24 66 0 23 24 0 55 74 0 63 72 0 31 23 0 30 30 0 62 73 0 54 75 0 22 35 0 51 38 0 83 1 0 82 0 0 50 0 0 48 0 0 80 0 0 81 1 0 49 40 0 39 5 0 71 5 0 70 3 0 38 3 0 36 3 0 68 3 0 69 4 0 37 43 0 47 46 0 79 9 0 67 10 0 35 45 0 33 50 0 65 7 0 77 8 0 45 49 0 42 11 0 74 11 0 68 11 0 36 11 0 38 11 0 70 11 0 72 11 0 40 11 0 37 43 0 69 4 0 75 13 0 43 53 0 41 54 0 73 12 0 71 5 0 39 5 0 46 11 0 78 11 0 74 11 0 42 11 0 40 11 0 72 11 0 76 11 0 44 11 0 43 53 0 75 13 0 79 9 0 47 46 0 45 49 0 77 8 0 73 12 0 41 54 0 34 11 0 66 11 0 78 11 0 46 11 0 44 11 0 76 11 0 64 11 0 32 11 0 50 11 0 82 11 0 66 11 0 34 11 0 32 11 0 64 11 0 80 11 0 48 11 0 54 57 0 86 16 0 84 17 0 52 56 0 53 59 0 85 14 0 87 15 0 55 58 0 52 56 0 84 17 0 92 19 0 60 61 0 61 62 0 93 18 0 85 14 0 53 59 0 59 64 0 91 22 0 83 1 0 51 38 0 49 40 0 81 1 0 90 21 0 58 65 0 35 68 0 67 28 0 89 29 0 57 67 0 56 71 0 88 26 0 65 27 0 33 70 0 63 72 0 95 32 0 91 22 0 59 64 0 58 65 0 90 21 0 94 31 0 62 73 0 57 67 0 89 29 0 93 18 0 61 62 0 60 61 0 92 19 0 88 26 0 56 71 0 55 74 0 87 37 0 95 32 0 63 72 0 62 73 0 94 31 0 86 36 0 54 75 0</p>
                </polylist>
            </mesh>
        </geometry>
        <geometry id="ID118">
            <mesh>
                <source id="ID119">
                    <float_array id="ID120" count="288">-29.9574 -4.4337 22.7676 -29.9574 4.4337 22.7676 29.9574 -4.4337 22.7676 29.9574 4.4337 22.7676 29.9574 -4.4337 -22.7676 29.9574 4.4337 -22.7676 -29.9574 -4.4337 -22.7676 -29.9574 4.4337 -22.7676 -29.9574 -4.4337 -11.3767 -29.9574 6.98208 -11.3767 29.9574 -4.4337 -11.3767 29.9574 6.98208 -11.3767 -29.9574 -4.4337 7.91964 -29.9574 6.98208 7.91964 29.9574 -4.4337 7.91964 29.9574 6.98208 7.91964 -29.9574 -4.4337 32.324 -29.9574 4.4337 32.324 29.9574 -4.4337 32.324 29.9574 4.4337 32.324 -29.9574 87.1176 23.8946 29.9574 87.1176 23.8946 -29.9574 87.1176 36.3277 29.9574 87.1176 36.3277 -29.9574 43.7055 19.8164 29.9574 43.7055 19.8164 -29.9574 43.7055 31.2985 29.9574 43.7055 31.2985 -29.9574 62.1055 19.8164 29.9574 62.1055 19.8164 -29.9574 62.1055 30.1 29.9574 62.1055 30.1 -19.1819 -4.4337 22.7676 -19.1819 4.4337 22.7676 19.1819 -4.4337 22.7676 19.1819 4.4337 22.7676 19.1819 -4.4337 -22.7676 19.1819 4.4337 -22.7676 -19.1819 -4.4337 -22.7676 -19.1819 4.4337 -22.7676 -19.1819 -4.4337 -11.3767 -19.1819 6.98208 -11.3767 19.1819 -4.4337 -11.3767 19.1819 6.98208 -11.3767 -19.1819 -4.4337 7.91964 -19.1819 6.98208 7.91964 19.1819 -4.4337 7.91964 19.1819 6.98208 7.91964 -19.1819 -4.4337 32.324 -19.1819 4.4337 32.324 19.1819 -4.4337 32.324 19.1819 4.4337 32.324 -19.1819 89.1146 23.8946 19.1819 89.1146 23.8946 -19.1819 89.1146 39.5 19.1819 89.1146 39.5 -19.1819 43.7055 19.8164 19.1819 43.7055 19.8164 -19.1819 43.7055 31.2985 19.1819 43.7055 31.2985 -19.1819 62.1055 19.8164 19.1819 62.1055 19.8164 -19.1819 62.1055 33.2723 19.1819 62.1055 33.2723 -14.9878 -4.4337 22.7676 -14.9878 2.52483 24.6948 14.9878 -4.4337 22.7676 14.9878 2.52483 24.6948 14.9878 -4.4337 -22.7676 14.9878 2.52483 -22.7676 -14.9878 -4.4337 -22.7676 -14.9878 2.52483 -22.7676 -14.9878 -4.4337 -11.3767 -14.9878 5.07321 -11.3767 14.9878 -4.4337 -11.3767 14.9878 5.07321 -11.3767 -14.9878 -4.4337 7.91964 -14.9878 5.07321 7.91964 14.9878 -4.4337 7.91964 14.9878 5.07321 7.91964 -14.9878 -4.4337 32.324 -14.9878 4.4337 32.324 14.9878 -4.4337 32.324 14.9878 4.4337 32.324 -14.9878 89.4693 25.8217 14.9878 89.4693 25.8217 -14.9878 89.4693 40.0363 14.9878 89.4693 40.0363 -14.9878 43.7055 21.7436 14.9878 43.7055 21.7436 -14.9878 43.7055 31.2985 14.9878 43.7055 31.2985 -14.9878 62.1055 21.7436 14.9878 62.1055 21.7436 -14.9878 62.1055 33.8086 14.9878 62.1055 33.8086</float_array>
                    <technique_common>
                        <accessor count="96" source="#ID120" stride="3">
                            <param name="X" type="float"/>
                            <param name="Y" type="float"/>
                            <param name="Z" type="float"/>
                        </accessor>
                    </technique_common>
                </source>
                <source id="ID121">
                    <float_array id="ID122" count="228">0 0 1 8.09914e-010 0.0130537 0.999915 1 0 -0 0 0 -1 -0.131704 0.605999 -0.784487 0.131704 0.605999 -0.784487 -1 0 -0 0.193277 0.969315 0.151898 0.203188 0.976161 0.0763227 -0.204135 0.975971 0.0762182 -0.195165 0.968964 0.151721 0 -1 -0 0.210927 0.971577 -0.107461 -0.210927 0.971577 -0.107461 -0.108975 0.764937 -0.63482 0.0421759 0.99911 -0 -0.0421759 0.99911 -0 0.108953 0.764935 -0.634825 -0.211966 0.0725207 -0.974583 0.211949 0.0725225 -0.974586 -0.732809 0.00244927 0.68043 -0.0157983 -0.0510701 0.99857 0.0158531 -0.0510984 0.998568 0.776544 -0.0802955 0.624925 0.765626 0.403658 0.500876 0.621618 0.591631 -0.513385 0.210261 -0.035421 -0.977003 0.206556 -0.0707416 -0.975874 -0.206229 -0.0707567 -0.975942 -0.210097 -0.0354298 -0.977038 -0.776774 -0.0790917 0.624793 -0.0444721 -0.175292 0.983511 0.0444977 -0.175322 0.983505 0.732911 0.0012468 0.680323 -0.621965 0.591426 -0.513201 -0.765986 0.403537 0.500423 -0.057342 -0.222236 0.973305 0.0572841 -0.222239 0.973308 0 0.0130537 0.999915 0 0.0130537 0.999915 0 0.0130537 0.999915 0 0.62517 -0.780488 0 0.62517 -0.780488 -0.131704 0.605999 -0.784487 0 0.985589 0.169158 -0.195165 0.9674 0.161391 -0.204213 0.975561 0.081107 0 0.996391 0.0848854 0 0.996391 0.0848855 0.203266 0.97575 0.0812108 0.193277 0.967751 0.161564 0 0.985589 0.169158 0 0.993951 -0.109826 -0.210927 0.971577 -0.107461 0.210927 0.971577 -0.107461 0 0.993951 -0.109826 0.0431238 0.767765 -0.639279 -0.133413 0.991061 -0 0.133413 0.991061 -0 -0.0435079 0.767753 -0.639267 -0.00747618 0.0777843 -0.996942 0.20833 0.0745674 -0.975212 -0.20861 0.0745622 -0.975152 0.00693651 0.0777864 -0.996946 0.0517079 -0.0228293 0.998401 -0.0515313 -0.021919 0.998431 0 -0.0374942 -0.999297 -0.210104 -0.036315 -0.977004 -0.206229 -0.0725223 -0.975812 0 -0.0749357 -0.997188 0.206556 -0.0725074 -0.975745 0.210267 -0.0363063 -0.97697 0.144778 -0.148552 0.978249 -0.145016 -0.147617 0.978356 0.18519 -0.22424 0.956776 -0.185981 -0.22416 0.956642</float_array>
                    <technique_common>
                        <accessor count="76" source="#ID122" stride="3">
                            <param name="X" type="float"/>
                            <param name="Y" type="float"/>
                            <param name="Z" type="float"/>
                        </accessor>
                    </technique_common>
                </source>
                <source id="ID123">
                    <float_array id="ID124" count="2">0 1</float_array>
                    <technique_common>
                        <accessor count="1" source="#ID124" stride="2">
                            <param name="S" type="float"/>
                            <param name="T" type="float"/>
                        </accessor>
                    </technique_common>
                </source>
                <vertices id="ID125">
                    <input semantic="POSITION" source="#ID119"/>
                </vertices>
                <polylist count="94" material="Material1">
                    <input offset="0" semantic="VERTEX" source="#ID125"/>
                    <input offset="1" semantic="NORMAL" source="#ID121"/>
                    <input offset="2" semantic="TEXCOORD" source="#ID123" set="0"/>
                    <vcount>4 4 4 4 4 4 4 4 4 4 4 4 4 4 4 4 4 4 4 4 4 4 4 4 4 4 4 4 4 4 4 4 4 4 4 4 4 4 4 4 4 4 4 4 4 4 4 4 4 4 4 4 4 4 4 4 4 4 4 4 4 4 4 4 4 4 4 4 4 4 4 4 4 4 4 4 4 4 4 4 4 4 4 4 4 4 4 4 4 4 4 4 4 4</vcount>
                    <p>82 0 0 83 1 0 81 1 0 80 0 0 10 2 0 4 2 0 5 2 0 11 2 0 70 3 0 71 5 0 69 4 0 68 3 0 12 6 0 0 6 0 1 6 0 13 6 0 67 10 0 79 9 0 77 8 0 65 7 0 68 11 0 74 11 0 72 11 0 70 11 0 11 2 0 15 2 0 14 2 0 10 2 0 9 6 0 7 6 0 6 6 0 8 6 0 75 13 0 69 4 0 71 5 0 73 12 0 74 11 0 78 11 0 76 11 0 72 11 0 13 6 0 9 6 0 8 6 0 12 6 0 79 9 0 75 13 0 73 12 0 77 8 0 15 2 0 3 2 0 2 2 0 14 2 0 78 11 0 66 11 0 64 11 0 76 11 0 66 11 0 82 11 0 80 11 0 64 11 0 3 2 0 19 2 0 18 2 0 2 2 0 84 17 0 86 16 0 87 15 0 85 14 0 0 6 0 16 6 0 17 6 0 1 6 0 92 19 0 84 17 0 85 14 0 93 18 0 17 6 0 26 20 0 24 6 0 1 6 0 83 1 0 91 22 0 90 21 0 81 1 0 29 2 0 21 25 0 23 24 0 31 23 0 89 29 0 67 28 0 65 27 0 88 26 0 26 20 0 30 30 0 28 6 0 24 6 0 91 22 0 95 32 0 94 31 0 90 21 0 27 33 0 19 2 0 3 2 0 25 2 0 93 18 0 89 29 0 88 26 0 92 19 0 31 23 0 27 33 0 25 2 0 29 2 0 30 30 0 22 35 0 20 34 0 28 6 0 95 32 0 87 37 0 86 36 0 94 31 0 19 39 0 51 38 0 50 0 0 18 0 0 16 0 0 48 0 0 49 40 0 17 40 0 7 41 0 39 5 0 38 3 0 6 3 0 4 3 0 36 3 0 37 43 0 5 42 0 15 47 0 47 46 0 35 45 0 3 44 0 1 51 0 33 50 0 45 49 0 13 48 0 10 11 0 42 11 0 36 11 0 4 11 0 6 11 0 38 11 0 40 11 0 8 11 0 5 42 0 37 43 0 43 53 0 11 52 0 9 55 0 41 54 0 39 5 0 7 41 0 14 11 0 46 11 0 42 11 0 10 11 0 8 11 0 40 11 0 44 11 0 12 11 0 11 52 0 43 53 0 47 46 0 15 47 0 13 48 0 45 49 0 41 54 0 9 55 0 2 11 0 34 11 0 46 11 0 14 11 0 12 11 0 44 11 0 32 11 0 0 11 0 18 11 0 50 11 0 34 11 0 2 11 0 0 11 0 32 11 0 48 11 0 16 11 0 22 35 0 54 57 0 52 56 0 20 34 0 21 25 0 53 59 0 55 58 0 23 24 0 20 34 0 52 56 0 60 61 0 28 60 0 29 63 0 61 62 0 53 59 0 21 25 0 27 33 0 59 64 0 51 38 0 19 39 0 17 40 0 49 40 0 58 65 0 26 20 0 3 69 0 35 68 0 57 67 0 25 66 0 24 66 0 56 71 0 33 70 0 1 69 0 31 23 0 63 72 0 59 64 0 27 33 0 26 20 0 58 65 0 62 73 0 30 30 0 25 66 0 57 67 0 61 62 0 29 63 0 28 60 0 60 61 0 56 71 0 24 66 0 23 24 0 55 74 0 63 72 0 31 23 0 30 30 0 62 73 0 54 75 0 22 35 0 51 38 0 83 1 0 82 0 0 50 0 0 48 0 0 80 0 0 81 1 0 49 40 0 39 5 0 71 5 0 70 3 0 38 3 0 36 3 0 68 3 0 69 4 0 37 43 0 47 46 0 79 9 0 67 10 0 35 45 0 33 50 0 65 7 0 77 8 0 45 49 0 42 11 0 74 11 0 68 11 0 36 11 0 38 11 0 70 11 0 72 11 0 40 11 0 37 43 0 69 4 0 75 13 0 43 53 0 41 54 0 73 12 0 71 5 0 39 5 0 46 11 0 78 11 0 74 11 0 42 11 0 40 11 0 72 11 0 76 11 0 44 11 0 43 53 0 75 13 0 79 9 0 47 46 0 45 49 0 77 8 0 73 12 0 41 54 0 34 11 0 66 11 0 78 11 0 46 11 0 44 11 0 76 11 0 64 11 0 32 11 0 50 11 0 82 11 0 66 11 0 34 11 0 32 11 0 64 11 0 80 11 0 48 11 0 54 57 0 86 16 0 84 17 0 52 56 0 53 59 0 85 14 0 87 15 0 55 58 0 52 56 0 84 17 0 92 19 0 60 61 0 61 62 0 93 18 0 85 14 0 53 59 0 59 64 0 91 22 0 83 1 0 51 38 0 49 40 0 81 1 0 90 21 0 58 65 0 35 68 0 67 28 0 89 29 0 57 67 0 56 71 0 88 26 0 65 27 0 33 70 0 63 72 0 95 32 0 91 22 0 59 64 0 58 65 0 90 21 0 94 31 0 62 73 0 57 67 0 89 29 0 93 18 0 61 62 0 60 61 0 92 19 0 88 26 0 56 71 0 55 74 0 87 37 0 95 32 0 63 72 0 62 73 0 94 31 0 86 36 0 54 75 0</p>
                </polylist>
            </mesh>
        </geometry>
        <geometry id="ID127">
            <mesh>
                <source id="ID128">
                    <float_array id="ID129" count="129">0 29.4664 -112.633 -84.5945 27.2812 -216.436 -84.5945 29.4664 -112.633 -52.2871 29.4664 -112.633 -84.5945 27.5328 -180.52 -84.5945 27.7436 -150.413 0 27.2812 -216.436 -52.2871 27.2812 -216.436 84.5945 27.2812 -216.436 84.5945 29.4664 -112.633 52.2871 29.4664 -112.633 84.5945 27.5328 -180.52 84.5945 27.7436 -150.413 52.2871 27.2812 -216.436 60.4526 16.6142 -212.74 39.0585 16.127 -212.736 60.5243 17.3168 -180.526 0 16.127 -212.736 60.5371 17.5888 -150.44 -39.0585 16.127 -212.736 60.3086 17.4779 -116.296 -60.4526 16.6142 -212.74 39.0585 15.8805 -115.446 -60.5243 17.3168 -180.526 0 15.8805 -115.446 -60.5371 17.5888 -150.44 -39.0585 15.8805 -115.446 -60.3086 17.4779 -116.296 59.7034 -14.2519 -212.052 39.0659 -14.1883 -212.266 59.7377 -14.3413 -180.523 0 -14.1875 -212.278 59.7522 -14.3651 -150.442 -39.0659 -14.1883 -212.266 59.5864 -14.3234 -116.929 -59.7034 -14.2519 -212.052 39.0792 -14.1587 -115.778 -59.7377 -14.3413 -180.523 0 -14.1565 -115.72 -59.7522 -14.3651 -150.442 -39.0792 -14.1587 -115.778 -59.5864 -14.3234 -116.929 -2.72478e-007 -16.8569 -164.567</float_array>
                    <technique_common>
                        <accessor count="43" source="#ID129" stride="3">
                            <param name="X" type="float"/>
                            <param name="Y" type="float"/>
                            <param name="Z" type="float"/>
                        </accessor>
                    </technique_common>
                </source>
                <source id="ID130">
                    <float_array id="ID131" count="129">-0.249937 0.775539 0.579716 -0.51784 0.474865 0.711579 -0.00233235 0.171575 0.985168 -0.00191214 0.321858 0.946786 -0.393796 0.919143 -0.0100547 -0.827964 0.560754 -0.00544617 1.32505e-009 0.167012 0.985955 0 0.314835 0.949146 -0.402859 0.915152 -0.0141676 -0.830853 0.556403 -0.0100039 0.00229558 0.170528 0.98535 0.0017959 0.319901 0.947449 -0.277806 0.73923 -0.613484 -0.539071 0.441572 -0.717228 0.518224 0.473377 0.712291 0.25066 0.774011 0.581444 -0.0144804 0.23876 -0.970971 -0.0197415 0.126678 -0.991747 0.82809 0.560569 -0.00542547 0.394202 0.918969 -0.0100185 0 0.202792 -0.979222 -1.72671e-008 0.106941 -0.994265 0.830462 0.556989 -0.00979342 0.401593 0.915714 -0.0138036 0.0169999 0.257082 -0.96624 0.0209311 0.136033 -0.990483 0.537999 0.45357 -0.710515 0.275696 0.752531 -0.598071 -0.413126 0.807861 0.420343 -0.000993588 0.692921 0.721012 -0.713076 0.701084 0.00187194 1.7899e-009 0.692615 0.721307 -0.713232 0.700925 -0.00208243 0.00102385 0.6929 0.721033 -0.426882 0.801401 -0.418961 0.413172 0.807832 0.420352 -0.0153117 0.691458 -0.722255 0.713077 0.701083 0.00187014 -2.35481e-008 0.690967 -0.722886 0.713229 0.700928 -0.00208328 0.0151709 0.691485 -0.722231 0.426724 0.801479 -0.418973 -2.3316e-009 1 0.000258658</float_array>
                    <technique_common>
                        <accessor count="43" source="#ID131" stride="3">
                            <param name="X" type="float"/>
                            <param name="Y" type="float"/>
                            <param name="Z" type="float"/>
                        </accessor>
                    </technique_common>
                </source>
                <source id="ID132">
                    <float_array id="ID133" count="2">0 1</float_array>
                    <technique_common>
                        <accessor count="1" source="#ID133" stride="2">
                            <param name="S" type="float"/>
                            <param name="T" type="float"/>
                        </accessor>
                    </technique_common>
                </source>
                <vertices id="ID134">
                    <input semantic="POSITION" source="#ID128"/>
                </vertices>
                <polylist count="42" material="Material1">
                    <input offset="0" semantic="VERTEX" source="#ID134"/>
                    <input offset="1" semantic="NORMAL" source="#ID130"/>
                    <input offset="2" semantic="TEXCOORD" source="#ID132" set="0"/>
                    <vcount>4 4 4 4 4 4 4 4 4 4 4 4 4 4 4 4 4 4 4 4 4 4 4 4 4 4 4 4 3 3 3 3 3 3 3 3 3 3 3 3 3 3</vcount>
                    <p>13 3 0 15 2 0 14 1 0 8 0 0 8 0 0 14 1 0 16 5 0 11 4 0 6 7 0 17 6 0 15 2 0 13 3 0 11 4 0 16 5 0 18 9 0 12 8 0 7 11 0 19 10 0 17 6 0 6 7 0 12 8 0 18 9 0 20 13 0 9 12 0 1 15 0 21 14 0 19 10 0 7 11 0 9 12 0 20 13 0 22 17 0 10 16 0 4 19 0 23 18 0 21 14 0 1 15 0 10 16 0 22 17 0 24 21 0 0 20 0 5 23 0 25 22 0 23 18 0 4 19 0 0 20 0 24 21 0 26 25 0 3 24 0 2 27 0 27 26 0 25 22 0 5 23 0 3 24 0 26 25 0 27 26 0 2 27 0 15 2 0 29 29 0 28 28 0 14 1 0 14 1 0 28 28 0 30 30 0 16 5 0 17 6 0 31 31 0 29 29 0 15 2 0 16 5 0 30 30 0 32 32 0 18 9 0 19 10 0 33 33 0 31 31 0 17 6 0 18 9 0 32 32 0 34 34 0 20 13 0 21 14 0 35 35 0 33 33 0 19 10 0 20 13 0 34 34 0 36 36 0 22 17 0 23 18 0 37 37 0 35 35 0 21 14 0 22 17 0 36 36 0 38 38 0 24 21 0 25 22 0 39 39 0 37 37 0 23 18 0 24 21 0 38 38 0 40 40 0 26 25 0 27 26 0 41 41 0 39 39 0 25 22 0 26 25 0 40 40 0 41 41 0 27 26 0 29 29 0 42 42 0 28 28 0 28 28 0 42 42 0 30 30 0 31 31 0 42 42 0 29 29 0 30 30 0 42 42 0 32 32 0 33 33 0 42 42 0 31 31 0 32 32 0 42 42 0 34 34 0 35 35 0 42 42 0 33 33 0 34 34 0 42 42 0 36 36 0 37 37 0 42 42 0 35 35 0 36 36 0 42 42 0 38 38 0 39 39 0 42 42 0 37 37 0 38 38 0 42 42 0 40 40 0 41 41 0 42 42 0 39 39 0 40 40 0 42 42 0 41 41 0</p>
                </polylist>
            </mesh>
        </geometry>
        <geometry id="ID137">
            <mesh>
                <source id="ID138">
                    <float_array id="ID139" count="72">-90.4962 31.6387 147.139 -90.4962 31.6387 69.0262 -90.4962 31.6387 99.8607 -70.2449 146.903 51.8814 -70.2449 146.903 91.9136 -70.2449 146.903 72.2836 90.4962 31.6387 147.139 90.4962 31.6387 69.0262 90.4962 31.6387 99.8607 70.2449 146.903 51.8814 70.2449 146.903 91.9136 70.2449 146.903 72.2836 -87.7512 31.1521 147.139 -87.7512 31.1521 69.0262 -87.7512 31.1521 99.8607 -67.4999 146.416 51.8814 -67.4999 146.416 91.9136 -67.4999 146.416 72.2836 87.7512 31.1521 147.139 87.7512 31.1521 69.0262 87.7512 31.1521 99.8607 67.4999 146.416 51.8814 67.4999 146.416 91.9136 67.4999 146.416 72.2836</float_array>
                    <technique_common>
                        <accessor count="24" source="#ID139" stride="3">
                            <param name="X" type="float"/>
                            <param name="Y" type="float"/>
                            <param name="Z" type="float"/>
                        </accessor>
                    </technique_common>
                </source>
                <source id="ID140">
                    <float_array id="ID141" count="78">-0.984914 0.173044 5.35203e-009 -0.984914 0.173044 1.07041e-008 -0.984914 0.173044 -0 0.984914 0.173044 5.35203e-009 0.984914 0.173044 1.07041e-008 0.984914 0.173044 -0 0.984914 -0.173044 -2.04046e-008 0.984914 -0.173044 -3.3828e-008 0.984914 -0.173044 -6.98117e-009 -0.174565 -0.984646 -0 0.0253034 0.142726 0.989439 0.132079 0.745004 0.653853 0.174564 0.984646 1.00724e-007 0.174564 0.984646 7.95207e-008 -0.0744968 -0.420206 -0.904366 -0.14744 -0.831649 -0.53537 -0.984914 -0.173044 -1.07041e-008 -0.984914 -0.173044 -5.35203e-009 -0.984914 -0.173044 -0 -0.174564 0.984646 1.00724e-007 -0.132079 0.745004 0.653853 -0.0253035 0.142726 0.989439 0.174565 -0.984646 -0 0.14744 -0.831649 -0.53537 0.0744969 -0.420206 -0.904365 -0.174564 0.984646 7.95207e-008</float_array>
                    <technique_common>
                        <accessor count="26" source="#ID141" stride="3">
                            <param name="X" type="float"/>
                            <param name="Y" type="float"/>
                            <param name="Z" type="float"/>
                        </accessor>
                    </technique_common>
                </source>
                <source id="ID142">
                    <float_array id="ID143" count="2">0 1</float_array>
                    <technique_common>
                        <accessor count="1" source="#ID143" stride="2">
                            <param name="S" type="float"/>
                            <param name="T" type="float"/>
                        </accessor>
                    </technique_common>
                </source>
                <vertices id="ID144">
                    <input semantic="POSITION" source="#ID138"/>
                </vertices>
                <polylist count="20" material="Material1">
                    <input offset="0" semantic="VERTEX" source="#ID144"/>
                    <input offset="1" semantic="NORMAL" source="#ID140"/>
                    <input offset="2" semantic="TEXCOORD" source="#ID142" set="0"/>
                    <vcount>4 4 4 4 4 4 4 4 4 4 4 4 4 4 4 4 4 4 4 4</vcount>
                    <p>17 0 0 15 1 0 13 1 0 14 0 0 14 0 0 12 2 0 16 2 0 17 0 0 19 4 0 21 4 0 23 3 0 20 3 0 22 5 0 18 5 0 20 3 0 23 3 0 2 6 0 1 7 0 3 7 0 5 6 0 5 6 0 4 8 0 0 8 0 2 6 0 3 9 0 15 9 0 17 9 0 5 9 0 1 11 0 13 11 0 15 10 0 3 10 0 2 12 0 14 12 0 13 11 0 1 11 0 0 13 0 12 13 0 14 12 0 2 12 0 4 15 0 16 15 0 12 14 0 0 14 0 5 9 0 17 9 0 16 15 0 4 15 0 8 17 0 11 17 0 9 16 0 7 16 0 11 17 0 8 17 0 6 18 0 10 18 0 7 20 0 19 20 0 20 19 0 8 19 0 9 21 0 21 21 0 19 20 0 7 20 0 11 22 0 23 22 0 21 22 0 9 22 0 10 23 0 22 23 0 23 22 0 11 22 0 6 24 0 18 24 0 22 23 0 10 23 0 8 19 0 20 19 0 18 25 0 6 25 0</p>
                </polylist>
            </mesh>
        </geometry>
        <geometry id="ID146">
            <mesh>
                <source id="ID147">
                    <float_array id="ID148" count="60">0 31.6387 -110.089 -83.6887 31.6387 -110.089 -51.7273 31.6387 -110.089 0 146.903 -95.6065 -40.1517 146.903 -95.6065 -64.9608 146.903 -95.6065 83.6887 31.6387 -110.089 51.7273 31.6387 -110.089 40.1517 146.903 -95.6065 64.9608 146.903 -95.6065 0 31.6387 -110.089 -83.6887 31.6387 -110.089 -51.7273 31.6387 -110.089 0 146.903 -95.6065 -40.1517 146.903 -95.6065 -64.9608 146.903 -95.6065 83.6887 31.6387 -110.089 51.7273 31.6387 -110.089 40.1517 146.903 -95.6065 64.9608 146.903 -95.6065</float_array>
                    <technique_common>
                        <accessor count="20" source="#ID148" stride="3">
                            <param name="X" type="float"/>
                            <param name="Y" type="float"/>
                            <param name="Z" type="float"/>
                        </accessor>
                    </technique_common>
                </source>
                <source id="ID149">
                    <float_array id="ID150" count="18">0 -0.124666 0.992199 0 -0.124666 0.992199 0 -0.124666 0.992199 0 0.124666 -0.992199 0 0.124666 -0.992199 0 0.124666 -0.992199</float_array>
                    <technique_common>
                        <accessor count="6" source="#ID150" stride="3">
                            <param name="X" type="float"/>
                            <param name="Y" type="float"/>
                            <param name="Z" type="float"/>
                        </accessor>
                    </technique_common>
                </source>
                <source id="ID151">
                    <float_array id="ID152" count="2">0 1</float_array>
                    <technique_common>
                        <accessor count="1" source="#ID152" stride="2">
                            <param name="S" type="float"/>
                            <param name="T" type="float"/>
                        </accessor>
                    </technique_common>
                </source>
                <vertices id="ID153">
                    <input semantic="POSITION" source="#ID147"/>
                </vertices>
                <polylist count="8" material="Material1">
                    <input offset="0" semantic="VERTEX" source="#ID153"/>
                    <input offset="1" semantic="NORMAL" source="#ID149"/>
                    <input offset="2" semantic="TEXCOORD" source="#ID151" set="0"/>
                    <vcount>4 4 4 4 4 4 4 4</vcount>
                    <p>4 0 0 5 1 0 1 1 0 2 0 0 0 2 0 3 2 0 4 0 0 2 0 0 8 0 0 7 0 0 6 1 0 9 1 0 0 2 0 7 0 0 8 0 0 3 2 0 12 3 0 11 4 0 15 4 0 14 3 0 12 3 0 14 3 0 13 5 0 10 5 0 19 4 0 16 4 0 17 3 0 18 3 0 13 5 0 18 3 0 17 3 0 10 5 0</p>
                </polylist>
            </mesh>
        </geometry>
        <geometry id="ID156">
            <mesh>
                <source id="ID157">
                    <float_array id="ID158" count="105">2.02296e-006 0.0108964 -3.38554e-005 -8.00659e-007 27.7347 7.03449 0.90002 0.0108965 -3.38554e-005 0.90002 25.0502 -3.38554e-005 0.450011 0.0108965 -0.779473 0.450011 25.0502 -0.779473 -0.450007 0.0108964 -0.779472 -0.450007 25.0502 -0.779472 -0.900016 0.0108964 -3.37768e-005 -0.900016 25.0502 -3.37768e-005 -0.450007 0.0108964 0.779405 -0.450007 25.0502 0.779405 0.450011 0.0108965 0.779405 0.450011 25.0502 0.779405 1.64985e-006 25.0502 -3.38554e-005 0.90002 26.9942 0.907311 0.450011 27.5454 0.356165 -0.450008 27.5454 0.356165 -0.900017 26.9942 0.907311 -0.450007 26.4431 1.45846 0.450011 26.4431 1.45846 1.62088e-006 26.9942 0.907311 0.90002 27.7347 2.76841 0.45001 28.5141 2.76841 -0.450008 28.5141 2.76841 -0.900016 27.7347 2.76841 -0.450008 26.9553 2.76841 0.45001 26.9553 2.76841 1.1522e-006 27.7347 2.76841 0.90002 27.7347 7.03449 0.450007 28.5141 7.03449 -0.450011 28.5141 7.03449 -0.900015 27.7347 7.03449 -0.450011 26.9553 7.03449 0.450006 26.9553 7.03449</float_array>
                    <technique_common>
                        <accessor count="35" source="#ID158" stride="3">
                            <param name="X" type="float"/>
                            <param name="Y" type="float"/>
                            <param name="Z" type="float"/>
                        </accessor>
                    </technique_common>
                </source>
                <source id="ID159">
                    <float_array id="ID160" count="171">1.44869e-008 -1 -2.21567e-015 1.44869e-008 -1 -3.16524e-015 1.44869e-008 -1 -7.91311e-016 1 1.5074e-008 -1.03238e-007 0.5 7.38823e-009 -0.866025 0 -3.05887e-007 1 -3.53206e-007 -3.05886e-007 1 -7.94716e-007 -1.37649e-006 1 1.44869e-008 -1 -1.10783e-015 -0.5 -7.30403e-009 -0.866025 -5.29811e-007 -3.05886e-007 1 1.44869e-008 -1 -1.2661e-015 -1 -1.46923e-008 3.44128e-008 5.29811e-007 -3.05886e-007 1 1.44869e-008 -1 -2.37393e-015 -0.5 -7.38823e-009 0.866025 -5.29808e-007 -3.05884e-007 1 1.44869e-008 -1 -4.5896e-015 0.5 7.68579e-009 0.866025 -7.94714e-007 7.64718e-007 1 0 -1 -0 0.645761 -0.763538 -0.00122838 -0.645066 -0.764126 -0.00084342 -0.27142 -0.854967 0.441999 0.272106 -0.855017 0.44148 0.999992 -0.0036478 -0.00190221 0.484997 0.363566 -0.79536 -0.484215 0.36378 -0.795739 -0.999991 -0.00400479 -0.00130748 -0.483765 -0.381246 0.787797 0.485151 -0.380847 0.787137 -1.17072e-008 -0.707106 -0.707107 -4.07536e-008 -0.707106 -0.707107 0.646456 -0.539183 -0.539792 -5.85362e-008 -0.707106 -0.707107 -0.646221 -0.539429 -0.539828 -0.274875 -0.920598 -0.277386 0.275115 -0.920479 -0.277543 0.999999 -0.000427101 -0.00136769 0.484906 0.811746 -0.325475 -0.484645 0.811882 -0.325525 -0.999999 -0.000666796 -0.00128183 -0.484517 -0.814394 0.319383 0.485001 -0.814141 0.319293 7.94712e-007 1.37648e-006 -1 4.85657e-007 2.29412e-007 -1 0 1.52938e-007 -1 6.62259e-007 3.82355e-007 -1 -2.64904e-007 3.05885e-007 -1 7.94712e-007 1.52943e-007 -1 9.27164e-007 -9.94127e-007 -1 1 -5.50605e-007 8.08228e-007 0.5 0.866025 9.66635e-007 -0.500001 0.866025 4.38757e-007 -1 -4.30159e-007 -1.91119e-007 -0.5 -0.866025 1.44519e-007 0.499999 -0.866026 6.15984e-007</float_array>
                    <technique_common>
                        <accessor count="57" source="#ID160" stride="3">
                            <param name="X" type="float"/>
                            <param name="Y" type="float"/>
                            <param name="Z" type="float"/>
                        </accessor>
                    </technique_common>
                </source>
                <source id="ID161">
                    <float_array id="ID162" count="2">0 1</float_array>
                    <technique_common>
                        <accessor count="1" source="#ID162" stride="2">
                            <param name="S" type="float"/>
                            <param name="T" type="float"/>
                        </accessor>
                    </technique_common>
                </source>
                <vertices id="ID163">
                    <input semantic="POSITION" source="#ID157"/>
                </vertices>
                <polylist count="54" material="Material1">
                    <input offset="0" semantic="VERTEX" source="#ID163"/>
                    <input offset="1" semantic="NORMAL" source="#ID159"/>
                    <input offset="2" semantic="TEXCOORD" source="#ID161" set="0"/>
                    <vcount>3 4 3 3 4 3 3 4 3 3 4 3 3 4 3 3 4 3 3 3 3 3 3 3 4 4 4 4 4 4 3 3 3 3 3 3 4 4 4 4 4 4 3 3 3 3 3 3 4 4 4 4 4 4</vcount>
                    <p>4 2 0 2 1 0 0 0 0 4 4 0 5 4 0 3 3 0 2 3 0 30 7 0 1 6 0 29 5 0 6 8 0 4 2 0 0 0 0 6 9 0 7 9 0 5 4 0 4 4 0 31 10 0 1 6 0 30 7 0 8 11 0 6 8 0 0 0 0 8 12 0 9 12 0 7 9 0 6 9 0 32 13 0 1 6 0 31 10 0 10 14 0 8 11 0 0 0 0 10 15 0 11 15 0 9 12 0 8 12 0 33 16 0 1 6 0 32 13 0 12 17 0 10 14 0 0 0 0 12 18 0 13 18 0 11 15 0 10 15 0 34 19 0 1 6 0 33 16 0 2 1 0 12 17 0 0 0 0 2 3 0 3 3 0 13 18 0 12 18 0 29 5 0 1 6 0 34 19 0 3 21 0 14 20 0 5 20 0 5 20 0 14 20 0 7 20 0 7 20 0 14 20 0 9 22 0 9 22 0 14 20 0 11 23 0 11 23 0 14 20 0 13 24 0 13 24 0 14 20 0 3 21 0 5 26 0 16 26 0 15 25 0 3 21 0 7 27 0 17 27 0 16 26 0 5 26 0 9 22 0 18 28 0 17 27 0 7 27 0 11 23 0 19 29 0 18 28 0 9 22 0 13 24 0 20 30 0 19 29 0 11 23 0 3 21 0 15 25 0 20 30 0 13 24 0 15 33 0 21 32 0 16 31 0 16 31 0 21 32 0 17 34 0 17 34 0 21 32 0 18 35 0 18 35 0 21 32 0 19 36 0 19 36 0 21 32 0 20 37 0 20 37 0 21 32 0 15 33 0 16 39 0 23 39 0 22 38 0 15 33 0 17 40 0 24 40 0 23 39 0 16 39 0 18 35 0 25 41 0 24 40 0 17 40 0 19 36 0 26 42 0 25 41 0 18 35 0 20 37 0 27 43 0 26 42 0 19 36 0 15 33 0 22 38 0 27 43 0 20 37 0 22 46 0 28 45 0 23 44 0 23 44 0 28 45 0 24 47 0 24 47 0 28 45 0 25 48 0 25 48 0 28 45 0 26 49 0 26 49 0 28 45 0 27 50 0 27 50 0 28 45 0 22 46 0 23 52 0 30 52 0 29 51 0 22 51 0 24 53 0 31 53 0 30 52 0 23 52 0 25 54 0 32 54 0 31 53 0 24 53 0 26 55 0 33 55 0 32 54 0 25 54 0 27 56 0 34 56 0 33 55 0 26 55 0 22 51 0 29 51 0 34 56 0 27 56 0</p>
                </polylist>
            </mesh>
        </geometry>
        <geometry id="ID165">
            <mesh>
                <source id="ID166">
                    <float_array id="ID167" count="246">6.12878e-006 5.0716e-006 -5.83387 8.88957e-006 2.31519e-006 -3.18562 4.76803 -2.75281 -5.38979 5.45855 -0.718623 -5.38979 5.31805 1.42497 -5.38979 4.36792 3.35163 -5.38979 2.75283 4.76803 -5.38979 0.718634 5.45855 -5.38978 -1.42496 5.31805 -5.38978 -3.35162 4.36792 -5.38978 -4.76802 2.75282 -5.38979 -5.45854 0.718633 -5.38979 -5.31804 -1.42496 -5.38979 -4.36791 -3.35162 -5.38979 -2.75281 -4.76802 -5.38979 -0.718621 -5.45854 -5.38979 1.42497 -5.31804 -5.38979 3.35163 -4.36791 -5.38979 8.81017 -5.08654 -4.12516 10.0861 -1.32785 -4.12516 9.82647 2.633 -4.12515 8.07087 6.193 -4.12515 5.08655 8.81017 -4.12515 1.32786 10.0861 -4.12515 -2.63299 9.82646 -4.12515 -6.19299 8.07087 -4.12515 -8.81016 5.08655 -4.12515 -10.0861 1.32786 -4.12515 -9.82645 -2.63299 -4.12515 -8.07086 -6.19299 -4.12516 -5.08654 -8.81016 -4.12516 -1.32784 -10.0861 -4.12516 2.633 -9.82646 -4.12516 6.193 -8.07086 -4.12516 11.511 -6.64589 -2.2325 13.1781 -1.73492 -2.2325 12.8389 3.44018 -2.2325 10.5451 8.09154 -2.2325 6.6459 11.511 -2.2325 1.73493 13.1781 -2.23249 -3.44017 12.8389 -2.23249 -8.09153 10.5451 -2.23249 -11.511 6.6459 -2.2325 -13.1781 1.73493 -2.2325 -12.8389 -3.44017 -2.2325 -10.5451 -8.09153 -2.2325 -6.64589 -11.511 -2.2325 -1.73491 -13.1781 -2.2325 3.44018 -12.8389 -2.2325 8.09155 -10.5451 -2.2325 9.52945 -5.50182 -2.22295 10.9095 -1.43626 -2.22295 10.6287 2.84796 -2.22295 8.72979 6.69861 -2.22295 5.50183 9.52945 -2.22294 1.43627 10.9095 -2.22294 -2.84795 10.6287 -2.22294 -6.6986 8.72978 -2.22294 -9.52944 5.50182 -2.22294 -10.9095 1.43626 -2.22295 -10.6287 -2.84796 -2.22295 -8.72978 -6.6986 -2.22295 -5.50182 -9.52944 -2.22295 -1.43625 -10.9095 -2.22295 2.84796 -10.6287 -2.22295 6.69861 -8.72978 -2.22295 8.96328 -5.17494 -3.22883 10.2614 -1.35092 -3.22883 9.99724 2.67876 -3.22883 8.21113 6.30062 -3.22883 5.17495 8.96328 -3.22883 1.35093 10.2614 -3.22883 -2.67875 9.99723 -3.22883 -6.30061 8.21112 -3.22883 -8.96327 5.17495 -3.22883 -10.2613 1.35093 -3.22883 -9.99722 -2.67875 -3.22883 -8.21112 -6.30062 -3.22883 -5.17494 -8.96327 -3.22883 -1.35092 -10.2613 -3.22883 2.67876 -9.99723 -3.22884 6.30063 -8.21112 -3.22884</float_array>
                    <technique_common>
                        <accessor count="82" source="#ID167" stride="3">
                            <param name="X" type="float"/>
                            <param name="Y" type="float"/>
                            <param name="Z" type="float"/>
                        </accessor>
                    </technique_common>
                </source>
                <source id="ID168">
                    <float_array id="ID169" count="291">0.148635 -0.0858141 -0.985162 0.341029 -0.196893 -0.919202 0.390418 -0.0513989 -0.919202 0.170161 -0.0224016 -0.985162 0.380368 0.10192 -0.919202 0.165781 0.0444213 -0.985162 0.312412 0.239722 -0.919202 0.136162 0.104481 -0.985162 0.196893 0.34103 -0.919202 0.0858143 0.148635 -0.985162 0.0513991 0.390418 -0.919202 0.0224019 0.170161 -0.985162 -0.10192 0.380369 -0.919202 -0.044421 0.165781 -0.985162 -0.239722 0.312412 -0.919202 -0.104481 0.136163 -0.985162 -0.341029 0.196893 -0.919202 -0.148635 0.0858147 -0.985162 -0.390418 0.0513996 -0.919202 -0.170161 0.0224024 -0.985162 -0.380369 -0.101919 -0.919202 -0.165781 -0.0444205 -0.985162 -0.312412 -0.239722 -0.919202 -0.136162 -0.104481 -0.985162 -0.196893 -0.341029 -0.919202 -0.0858145 -0.148635 -0.985162 -0.0513994 -0.390417 -0.919202 -0.0224021 -0.17016 -0.985162 0.101919 -0.380368 -0.919202 0.0444208 -0.16578 -0.985162 0.239722 -0.312411 -0.919202 0.104481 -0.136162 -0.985162 0.449303 -0.259404 -0.85489 0.514372 -0.0677177 -0.85489 0.501132 0.134279 -0.85489 0.4116 0.315832 -0.854889 0.259405 0.449303 -0.854889 0.0677179 0.514372 -0.854889 -0.134278 0.501132 -0.854889 -0.315832 0.4116 -0.854889 -0.449303 0.259405 -0.854889 -0.514372 0.0677184 -0.854889 -0.501132 -0.134278 -0.854889 -0.4116 -0.315832 -0.85489 -0.259405 -0.449303 -0.85489 -0.0677182 -0.514371 -0.85489 0.134278 -0.501132 -0.85489 0.315832 -0.411599 -0.85489 -0.408648 0.235933 0.88167 -0.726137 0.419235 0.544948 -0.831297 0.109442 0.544948 -0.46783 0.0615904 0.88167 -0.8099 -0.217013 0.544948 -0.455788 -0.122128 0.88167 -0.665203 -0.510428 0.544948 -0.374356 -0.287254 0.88167 -0.419235 -0.726137 0.544948 -0.235933 -0.408649 0.88167 -0.109442 -0.831297 0.544948 -0.0615905 -0.46783 0.88167 0.217012 -0.8099 0.544948 0.122128 -0.455788 0.88167 0.510428 -0.665203 0.544948 0.287254 -0.374357 0.88167 0.726136 -0.419235 0.544948 0.408648 -0.235933 0.88167 0.831297 -0.109442 0.544948 0.467829 -0.0615909 0.88167 0.8099 0.217012 0.544948 0.455788 0.122128 0.88167 0.665203 0.510428 0.544948 0.374357 0.287254 0.88167 0.419234 0.726136 0.544948 0.235933 0.408648 0.88167 0.109442 0.831297 0.544948 0.0615907 0.467829 0.88167 -0.217012 0.8099 0.544948 -0.122128 0.455788 0.88167 -0.510428 0.665203 0.544948 -0.287254 0.374356 0.88167 -9.97543e-008 3.6304e-007 -1 0.0036155 -0.00208767 0.999991 0.00413908 -0.000545227 0.999991 0.00403255 0.00108016 0.999991 0.0033121 0.00254103 0.999991 0.00208745 0.003615 0.999991 0.000545021 0.00413859 0.999991 -0.00108037 0.00403204 0.999991 -0.00254122 0.00331158 0.999991 -0.00361517 0.00208695 0.999991 -0.00413874 0.000544564 0.999991 -0.00403221 -0.00108079 0.999991 -0.0033118 -0.00254168 0.999991 -0.00208718 -0.00361566 0.999991 -0.00054477 -0.00413923 0.999991 0.00108058 -0.00403271 0.999991 0.00254148 -0.00331232 0.999991</float_array>
                    <technique_common>
                        <accessor count="97" source="#ID169" stride="3">
                            <param name="X" type="float"/>
                            <param name="Y" type="float"/>
                            <param name="Z" type="float"/>
                        </accessor>
                    </technique_common>
                </source>
                <source id="ID170">
                    <float_array id="ID171" count="2">0 1</float_array>
                    <technique_common>
                        <accessor count="1" source="#ID171" stride="2">
                            <param name="S" type="float"/>
                            <param name="T" type="float"/>
                        </accessor>
                    </technique_common>
                </source>
                <vertices id="ID172">
                    <input semantic="POSITION" source="#ID166"/>
                </vertices>
                <polylist count="80" material="Material1">
                    <input offset="0" semantic="VERTEX" source="#ID172"/>
                    <input offset="1" semantic="NORMAL" source="#ID168"/>
                    <input offset="2" semantic="TEXCOORD" source="#ID170" set="0"/>
                    <vcount>4 4 4 4 4 4 4 4 4 4 4 4 4 4 4 4 4 4 4 4 4 4 4 4 4 4 4 4 4 4 4 4 4 4 4 4 4 4 4 4 4 4 4 4 4 4 4 4 3 3 3 3 3 3 3 3 3 3 3 3 3 3 3 3 4 4 4 4 4 4 4 4 4 4 4 4 4 4 4 4</vcount>
                    <p>3 3 0 19 2 0 18 1 0 2 0 0 4 5 0 20 4 0 19 2 0 3 3 0 5 7 0 21 6 0 20 4 0 4 5 0 6 9 0 22 8 0 21 6 0 5 7 0 7 11 0 23 10 0 22 8 0 6 9 0 8 13 0 24 12 0 23 10 0 7 11 0 9 15 0 25 14 0 24 12 0 8 13 0 10 17 0 26 16 0 25 14 0 9 15 0 11 19 0 27 18 0 26 16 0 10 17 0 12 21 0 28 20 0 27 18 0 11 19 0 13 23 0 29 22 0 28 20 0 12 21 0 14 25 0 30 24 0 29 22 0 13 23 0 15 27 0 31 26 0 30 24 0 14 25 0 16 29 0 32 28 0 31 26 0 15 27 0 17 31 0 33 30 0 32 28 0 16 29 0 2 0 0 18 1 0 33 30 0 17 31 0 19 2 0 35 33 0 34 32 0 18 1 0 20 4 0 36 34 0 35 33 0 19 2 0 21 6 0 37 35 0 36 34 0 20 4 0 22 8 0 38 36 0 37 35 0 21 6 0 23 10 0 39 37 0 38 36 0 22 8 0 24 12 0 40 38 0 39 37 0 23 10 0 25 14 0 41 39 0 40 38 0 24 12 0 26 16 0 42 40 0 41 39 0 25 14 0 27 18 0 43 41 0 42 40 0 26 16 0 28 20 0 44 42 0 43 41 0 27 18 0 29 22 0 45 43 0 44 42 0 28 20 0 30 24 0 46 44 0 45 43 0 29 22 0 31 26 0 47 45 0 46 44 0 30 24 0 32 28 0 48 46 0 47 45 0 31 26 0 33 30 0 49 47 0 48 46 0 32 28 0 18 1 0 34 32 0 49 47 0 33 30 0 51 51 0 67 50 0 66 49 0 50 48 0 52 53 0 68 52 0 67 50 0 51 51 0 53 55 0 69 54 0 68 52 0 52 53 0 54 57 0 70 56 0 69 54 0 53 55 0 55 59 0 71 58 0 70 56 0 54 57 0 56 61 0 72 60 0 71 58 0 55 59 0 57 63 0 73 62 0 72 60 0 56 61 0 58 65 0 74 64 0 73 62 0 57 63 0 59 67 0 75 66 0 74 64 0 58 65 0 60 69 0 76 68 0 75 66 0 59 67 0 61 71 0 77 70 0 76 68 0 60 69 0 62 73 0 78 72 0 77 70 0 61 71 0 63 75 0 79 74 0 78 72 0 62 73 0 64 77 0 80 76 0 79 74 0 63 75 0 65 79 0 81 78 0 80 76 0 64 77 0 50 48 0 66 49 0 81 78 0 65 79 0 3 3 0 2 0 0 0 80 0 4 5 0 3 3 0 0 80 0 5 7 0 4 5 0 0 80 0 6 9 0 5 7 0 0 80 0 7 11 0 6 9 0 0 80 0 8 13 0 7 11 0 0 80 0 9 15 0 8 13 0 0 80 0 10 17 0 9 15 0 0 80 0 11 19 0 10 17 0 0 80 0 12 21 0 11 19 0 0 80 0 13 23 0 12 21 0 0 80 0 14 25 0 13 23 0 0 80 0 15 27 0 14 25 0 0 80 0 16 29 0 15 27 0 0 80 0 17 31 0 16 29 0 0 80 0 2 0 0 17 31 0 0 80 0 35 82 0 51 51 0 50 48 0 34 81 0 36 83 0 52 53 0 51 51 0 35 82 0 37 84 0 53 55 0 52 53 0 36 83 0 38 85 0 54 57 0 53 55 0 37 84 0 39 86 0 55 59 0 54 57 0 38 85 0 40 87 0 56 61 0 55 59 0 39 86 0 41 88 0 57 63 0 56 61 0 40 87 0 42 89 0 58 65 0 57 63 0 41 88 0 43 90 0 59 67 0 58 65 0 42 89 0 44 91 0 60 69 0 59 67 0 43 90 0 45 92 0 61 71 0 60 69 0 44 91 0 46 93 0 62 73 0 61 71 0 45 92 0 47 94 0 63 75 0 62 73 0 46 93 0 48 95 0 64 77 0 63 75 0 47 94 0 49 96 0 65 79 0 64 77 0 48 95 0 34 81 0 50 48 0 65 79 0 49 96 0</p>
                </polylist>
            </mesh>
        </geometry>
        <geometry id="ID174">
            <mesh>
                <source id="ID175">
                    <float_array id="ID176" count="51">-3.08048e-005 -3.18563 3.02728e-006 10.3499 -3.22884 2.85854e-006 9.56202 -3.22884 -3.96073 7.31845 -3.22884 -7.31848 3.9607 -3.22884 -9.56205 -3.45898e-005 -3.22884 -10.3499 -3.96077 -3.22884 -9.56205 -7.31851 -3.22884 -7.31848 -9.56209 -3.22884 -3.96073 -10.3499 -3.22884 3.65801e-006 -9.56209 -3.22884 3.96073 -7.31851 -3.22884 7.31848 -3.96077 -3.22884 9.56206 -3.41383e-005 -3.22884 10.3499 3.9607 -3.22884 9.56206 7.31844 -3.22884 7.31848 9.56202 -3.22884 3.96073</float_array>
                    <technique_common>
                        <accessor count="17" source="#ID176" stride="3">
                            <param name="X" type="float"/>
                            <param name="Y" type="float"/>
                            <param name="Z" type="float"/>
                        </accessor>
                    </technique_common>
                </source>
                <source id="ID177">
                    <float_array id="ID178" count="51">0.00417468 0.999991 -4.36558e-010 4.65665e-010 1 1.0914e-011 0.0038569 0.999991 -0.00159758 0.00295195 0.999991 -0.00295195 0.00159758 0.999991 -0.0038569 4.65661e-010 0.999991 -0.00417468 -0.00159758 0.999991 -0.0038569 -0.00295195 0.999991 -0.00295195 -0.0038569 0.999991 -0.00159758 -0.00417468 0.999991 3.20142e-010 -0.0038569 0.999991 0.00159758 -0.00295195 0.999991 0.00295195 -0.00159758 0.999991 0.0038569 4.94765e-010 0.999991 0.00417468 0.00159758 0.999991 0.0038569 0.00295195 0.999991 0.00295195 0.0038569 0.999991 0.00159758</float_array>
                    <technique_common>
                        <accessor count="17" source="#ID178" stride="3">
                            <param name="X" type="float"/>
                            <param name="Y" type="float"/>
                            <param name="Z" type="float"/>
                        </accessor>
                    </technique_common>
                </source>
                <source id="ID179">
                    <float_array id="ID180" count="2">0 1</float_array>
                    <technique_common>
                        <accessor count="1" source="#ID180" stride="2">
                            <param name="S" type="float"/>
                            <param name="T" type="float"/>
                        </accessor>
                    </technique_common>
                </source>
                <vertices id="ID181">
                    <input semantic="POSITION" source="#ID175"/>
                </vertices>
                <polylist count="16" material="Material1">
                    <input offset="0" semantic="VERTEX" source="#ID181"/>
                    <input offset="1" semantic="NORMAL" source="#ID177"/>
                    <input offset="2" semantic="TEXCOORD" source="#ID179" set="0"/>
                    <vcount>3 3 3 3 3 3 3 3 3 3 3 3 3 3 3 3</vcount>
                    <p>2 2 0 0 1 0 1 0 0 3 3 0 0 1 0 2 2 0 4 4 0 0 1 0 3 3 0 5 5 0 0 1 0 4 4 0 6 6 0 0 1 0 5 5 0 7 7 0 0 1 0 6 6 0 8 8 0 0 1 0 7 7 0 9 9 0 0 1 0 8 8 0 10 10 0 0 1 0 9 9 0 11 11 0 0 1 0 10 10 0 12 12 0 0 1 0 11 11 0 13 13 0 0 1 0 12 12 0 14 14 0 0 1 0 13 13 0 15 15 0 0 1 0 14 14 0 16 16 0 0 1 0 15 15 0 1 0 0 0 1 0 16 16 0</p>
                </polylist>
            </mesh>
        </geometry>
        <geometry id="ID183">
            <mesh>
                <source id="ID184">
                    <float_array id="ID185" count="105">-1.43051e-006 0.0108988 -3.33786e-006 -3.84102e-006 27.7347 7.03452 0.900017 0.0108988 -3.33786e-006 0.900017 25.0502 -3.33786e-006 0.450008 0.0108988 -0.779442 0.450008 25.0502 -0.779442 -0.450011 0.0108988 -0.779442 -0.450011 25.0502 -0.779442 -0.90002 0.0108988 -3.25918e-006 -0.90002 25.0502 -3.25918e-006 -0.45001 0.0108988 0.779435 -0.45001 25.0502 0.779435 0.450008 0.0108988 0.779435 0.450008 25.0502 0.779435 -1.43051e-006 25.0502 -3.33786e-006 0.900017 26.9942 0.907342 0.450008 27.5454 0.356195 -0.450011 27.5454 0.356195 -0.90002 26.9942 0.907342 -0.45001 26.4431 1.45849 0.450008 26.4431 1.45849 -1.43051e-006 26.9942 0.907342 0.900017 27.7347 2.76844 0.450007 28.5141 2.76844 -0.450011 28.5141 2.76844 -0.90002 27.7347 2.76844 -0.450011 26.9553 2.76844 0.450007 26.9553 2.76844 -1.88816e-006 27.7347 2.76844 0.900017 27.7347 7.03452 0.450004 28.5141 7.03453 -0.450014 28.5141 7.03452 -0.900018 27.7347 7.03452 -0.450014 26.9553 7.03452 0.450003 26.9553 7.03452</float_array>
                    <technique_common>
                        <accessor count="35" source="#ID185" stride="3">
                            <param name="X" type="float"/>
                            <param name="Y" type="float"/>
                            <param name="Z" type="float"/>
                        </accessor>
                    </technique_common>
                </source>
                <source id="ID186">
                    <float_array id="ID187" count="150">0 -1 -0 1 0 -8.60319e-008 0.5 0 -0.866025 0 -3.05887e-007 1 -3.53206e-007 -3.05886e-007 1 -7.94716e-007 -1.37649e-006 1 -0.5 0 -0.866025 -5.29811e-007 -3.05886e-007 1 -1 0 6.88255e-008 5.29811e-007 -3.05886e-007 1 -0.5 0 0.866025 -5.29808e-007 -3.05884e-007 1 0.5 0 0.866025 -7.94714e-007 7.64718e-007 1 0.645761 -0.763538 -0.00122838 -0.645066 -0.764126 -0.000843374 -0.27142 -0.854967 0.441999 0.272106 -0.855017 0.44148 0.999992 -0.00364782 -0.00190221 0.484997 0.363566 -0.79536 -0.484215 0.36378 -0.795739 -0.999991 -0.00400478 -0.00130741 -0.483765 -0.381246 0.787797 0.485151 -0.380847 0.787137 -1.17072e-008 -0.707106 -0.707107 -4.07536e-008 -0.707106 -0.707107 0.646456 -0.539183 -0.539792 -5.85362e-008 -0.707106 -0.707107 -0.646221 -0.539429 -0.539828 -0.274875 -0.920598 -0.277386 0.275115 -0.920479 -0.277543 0.999999 -0.000427083 -0.00136769 0.484906 0.811746 -0.325475 -0.484645 0.811882 -0.325525 -0.999999 -0.000666796 -0.00128183 -0.484517 -0.814394 0.319383 0.485001 -0.814141 0.319293 7.94712e-007 1.37648e-006 -1 4.85657e-007 2.29412e-007 -1 0 1.52938e-007 -1 6.62259e-007 3.82355e-007 -1 -2.64904e-007 3.05885e-007 -1 7.94712e-007 1.52943e-007 -1 9.27164e-007 -9.94127e-007 -1 1 -5.16192e-007 8.08229e-007 0.5 0.866026 9.66635e-007 -0.500001 0.866025 4.38756e-007 -1 -3.95746e-007 -1.91119e-007 -0.5 -0.866025 1.44519e-007 0.499999 -0.866026 6.15984e-007</float_array>
                    <technique_common>
                        <accessor count="50" source="#ID187" stride="3">
                            <param name="X" type="float"/>
                            <param name="Y" type="float"/>
                            <param name="Z" type="float"/>
                        </accessor>
                    </technique_common>
                </source>
                <source id="ID188">
                    <float_array id="ID189" count="2">0 1</float_array>
                    <technique_common>
                        <accessor count="1" source="#ID189" stride="2">
                            <param name="S" type="float"/>
                            <param name="T" type="float"/>
                        </accessor>
                    </technique_common>
                </source>
                <vertices id="ID190">
                    <input semantic="POSITION" source="#ID184"/>
                </vertices>
                <polylist count="54" material="Material1">
                    <input offset="0" semantic="VERTEX" source="#ID190"/>
                    <input offset="1" semantic="NORMAL" source="#ID186"/>
                    <input offset="2" semantic="TEXCOORD" source="#ID188" set="0"/>
                    <vcount>3 4 3 3 4 3 3 4 3 3 4 3 3 4 3 3 4 3 3 3 3 3 3 3 4 4 4 4 4 4 3 3 3 3 3 3 4 4 4 4 4 4 3 3 3 3 3 3 4 4 4 4 4 4</vcount>
                    <p>4 0 0 2 0 0 0 0 0 4 2 0 5 2 0 3 1 0 2 1 0 30 5 0 1 4 0 29 3 0 6 0 0 4 0 0 0 0 0 6 6 0 7 6 0 5 2 0 4 2 0 31 7 0 1 4 0 30 5 0 8 0 0 6 0 0 0 0 0 8 8 0 9 8 0 7 6 0 6 6 0 32 9 0 1 4 0 31 7 0 10 0 0 8 0 0 0 0 0 10 10 0 11 10 0 9 8 0 8 8 0 33 11 0 1 4 0 32 9 0 12 0 0 10 0 0 0 0 0 12 12 0 13 12 0 11 10 0 10 10 0 34 13 0 1 4 0 33 11 0 2 0 0 12 0 0 0 0 0 2 1 0 3 1 0 13 12 0 12 12 0 29 3 0 1 4 0 34 13 0 3 14 0 14 0 0 5 0 0 5 0 0 14 0 0 7 0 0 7 0 0 14 0 0 9 15 0 9 15 0 14 0 0 11 16 0 11 16 0 14 0 0 13 17 0 13 17 0 14 0 0 3 14 0 5 19 0 16 19 0 15 18 0 3 14 0 7 20 0 17 20 0 16 19 0 5 19 0 9 15 0 18 21 0 17 20 0 7 20 0 11 16 0 19 22 0 18 21 0 9 15 0 13 17 0 20 23 0 19 22 0 11 16 0 3 14 0 15 18 0 20 23 0 13 17 0 15 26 0 21 25 0 16 24 0 16 24 0 21 25 0 17 27 0 17 27 0 21 25 0 18 28 0 18 28 0 21 25 0 19 29 0 19 29 0 21 25 0 20 30 0 20 30 0 21 25 0 15 26 0 16 32 0 23 32 0 22 31 0 15 26 0 17 33 0 24 33 0 23 32 0 16 32 0 18 28 0 25 34 0 24 33 0 17 33 0 19 29 0 26 35 0 25 34 0 18 28 0 20 30 0 27 36 0 26 35 0 19 29 0 15 26 0 22 31 0 27 36 0 20 30 0 22 39 0 28 38 0 23 37 0 23 37 0 28 38 0 24 40 0 24 40 0 28 38 0 25 41 0 25 41 0 28 38 0 26 42 0 26 42 0 28 38 0 27 43 0 27 43 0 28 38 0 22 39 0 23 45 0 30 45 0 29 44 0 22 44 0 24 46 0 31 46 0 30 45 0 23 45 0 25 47 0 32 47 0 31 46 0 24 46 0 26 48 0 33 48 0 32 47 0 25 47 0 27 49 0 34 49 0 33 48 0 26 48 0 22 44 0 29 44 0 34 49 0 27 49 0</p>
                </polylist>
            </mesh>
        </geometry>
        <geometry id="ID192">
            <mesh>
                <source id="ID193">
                    <float_array id="ID194" count="246">-1.09386e-005 -2.70627e-006 -5.83391 -9.66809e-006 -4.89239e-006 -3.18567 4.76802 -2.75282 -5.38983 5.45853 -0.718629 -5.38983 5.31803 1.42497 -5.38983 4.36791 3.35162 -5.38983 2.75281 4.76803 -5.38983 0.718615 5.45854 -5.38983 -1.42498 5.31804 -5.38983 -3.35164 4.36791 -5.38983 -4.76804 2.75281 -5.38983 -5.45855 0.718623 -5.38983 -5.31805 -1.42497 -5.38983 -4.36793 -3.35163 -5.38983 -2.75283 -4.76803 -5.38983 -0.718636 -5.45855 -5.38983 1.42496 -5.31805 -5.38983 3.35162 -4.36792 -5.38983 8.81016 -5.08655 -4.1252 10.0861 -1.32785 -4.1252 9.82645 2.633 -4.1252 8.07085 6.19299 -4.1252 5.08653 8.81017 -4.1252 1.32784 10.0861 -4.1252 -2.63301 9.82646 -4.1252 -6.19301 8.07086 -4.1252 -8.81018 5.08654 -4.1252 -10.0861 1.32784 -4.1252 -9.82647 -2.633 -4.1252 -8.07087 -6.193 -4.1252 -5.08656 -8.81017 -4.1252 -1.32786 -10.0861 -4.1252 2.63299 -9.82646 -4.1252 6.19299 -8.07086 -4.1252 11.511 -6.64589 -2.23254 13.1781 -1.73492 -2.23254 12.8389 3.44018 -2.23254 10.5451 8.09154 -2.23254 6.64588 11.511 -2.23254 1.7349 13.1781 -2.23254 -3.44019 12.8389 -2.23254 -8.09155 10.5451 -2.23255 -11.5111 6.64589 -2.23255 -13.1781 1.73491 -2.23255 -12.8389 -3.44018 -2.23255 -10.5451 -8.09155 -2.23255 -6.6459 -11.511 -2.23255 -1.73493 -13.1781 -2.23255 3.44017 -12.8389 -2.23254 8.09153 -10.5451 -2.23254 9.52943 -5.50182 -2.22299 10.9095 -1.43626 -2.22299 10.6287 2.84796 -2.22299 8.72976 6.6986 -2.22299 5.5018 9.52944 -2.22299 1.43624 10.9095 -2.22299 -2.84798 10.6287 -2.22299 -6.69862 8.72978 -2.22299 -9.52946 5.50181 -2.223 -10.9095 1.43625 -2.223 -10.6287 -2.84797 -2.223 -8.72979 -6.69861 -2.223 -5.50183 -9.52945 -2.223 -1.43627 -10.9095 -2.22299 2.84795 -10.6287 -2.22299 6.69859 -8.72978 -2.22299 8.96326 -5.17494 -3.22887 10.2613 -1.35093 -3.22887 9.99722 2.67875 -3.22887 8.2111 6.30062 -3.22887 5.17493 8.96327 -3.22887 1.35091 10.2613 -3.22887 -2.67877 9.99722 -3.22888 -6.30063 8.21111 -3.22888 -8.96329 5.17494 -3.22888 -10.2614 1.35092 -3.22888 -9.99724 -2.67876 -3.22888 -8.21113 -6.30063 -3.22888 -5.17495 -8.96328 -3.22888 -1.35093 -10.2614 -3.22888 2.67874 -9.99723 -3.22888 6.30061 -8.21112 -3.22888</float_array>
                    <technique_common>
                        <accessor count="82" source="#ID194" stride="3">
                            <param name="X" type="float"/>
                            <param name="Y" type="float"/>
                            <param name="Z" type="float"/>
                        </accessor>
                    </technique_common>
                </source>
                <source id="ID195">
                    <float_array id="ID196" count="291">0.148636 -0.0858143 -0.985162 0.34103 -0.196893 -0.919202 0.390418 -0.051399 -0.919202 0.170161 -0.0224018 -0.985162 0.380369 0.10192 -0.919202 0.165781 0.0444212 -0.985162 0.312412 0.239722 -0.919202 0.136163 0.104481 -0.985162 0.196893 0.341029 -0.919202 0.0858148 0.148635 -0.985162 0.0513995 0.390418 -0.919202 0.0224024 0.170161 -0.985162 -0.101919 0.380369 -0.919202 -0.0444205 0.165781 -0.985162 -0.239722 0.312412 -0.919202 -0.104481 0.136162 -0.985162 -0.341029 0.196893 -0.919202 -0.148635 0.0858144 -0.985162 -0.390417 0.0513992 -0.919202 -0.17016 0.0224021 -0.985162 -0.380368 -0.10192 -0.919202 -0.16578 -0.0444207 -0.985162 -0.312411 -0.239722 -0.919202 -0.136162 -0.104481 -0.985162 -0.196893 -0.341029 -0.919202 -0.085814 -0.148635 -0.985162 -0.0513987 -0.390418 -0.919202 -0.0224015 -0.17016 -0.985162 0.10192 -0.380368 -0.919202 0.0444215 -0.165781 -0.985162 0.239723 -0.312412 -0.919202 0.104482 -0.136162 -0.985162 0.449303 -0.259404 -0.854889 0.514372 -0.0677177 -0.854889 0.501132 0.134279 -0.854889 0.4116 0.315832 -0.854889 0.259405 0.449303 -0.854889 0.0677181 0.514372 -0.85489 -0.134278 0.501132 -0.85489 -0.315832 0.4116 -0.85489 -0.449303 0.259405 -0.85489 -0.514371 0.067718 -0.85489 -0.501132 -0.134278 -0.85489 -0.411599 -0.315832 -0.85489 -0.259404 -0.449303 -0.85489 -0.0677174 -0.514372 -0.85489 0.134279 -0.501132 -0.85489 0.315832 -0.411599 -0.854889 -0.408649 0.235933 0.88167 -0.726137 0.419234 0.544947 -0.831297 0.109441 0.544947 -0.46783 0.0615904 0.88167 -0.8099 -0.217013 0.544947 -0.455788 -0.122129 0.88167 -0.665203 -0.510429 0.544948 -0.374357 -0.287254 0.88167 -0.419234 -0.726136 0.544948 -0.235933 -0.408648 0.88167 -0.109442 -0.831297 0.544948 -0.0615909 -0.46783 0.88167 0.217012 -0.809899 0.544948 0.122128 -0.455788 0.88167 0.510428 -0.665202 0.544949 0.287254 -0.374356 0.88167 0.726136 -0.419234 0.544948 0.408648 -0.235933 0.88167 0.831296 -0.109442 0.544949 0.467829 -0.0615906 0.88167 0.809899 0.217012 0.544949 0.455787 0.122128 0.88167 0.665202 0.510428 0.544949 0.374356 0.287254 0.88167 0.419234 0.726136 0.544949 0.235932 0.408648 0.88167 0.109441 0.831297 0.544948 0.06159 0.467829 0.88167 -0.217013 0.8099 0.544948 -0.122129 0.455788 0.88167 -0.510429 0.665202 0.544948 -0.287255 0.374356 0.88167 4.52516e-007 1.50916e-007 -1 0.00361489 -0.00208743 0.999991 0.00413848 -0.000545029 0.999991 0.00403196 0.00108036 0.999991 0.00331151 0.00254123 0.999991 0.00208683 0.00361517 0.999991 0.00054443 0.00413875 0.999991 -0.00108092 0.00403226 0.999991 -0.00254181 0.00331184 0.999991 -0.00361578 0.00208718 0.999991 -0.00413934 0.000544758 0.999991 -0.0040328 -0.00108059 0.999991 -0.0033124 -0.00254147 0.999991 -0.00208778 -0.0036155 0.999991 -0.000545357 -0.00413907 0.999991 0.00108003 -0.0040325 0.999991 0.0025409 -0.00331206 0.999991</float_array>
                    <technique_common>
                        <accessor count="97" source="#ID196" stride="3">
                            <param name="X" type="float"/>
                            <param name="Y" type="float"/>
                            <param name="Z" type="float"/>
                        </accessor>
                    </technique_common>
                </source>
                <source id="ID197">
                    <float_array id="ID198" count="2">0 1</float_array>
                    <technique_common>
                        <accessor count="1" source="#ID198" stride="2">
                            <param name="S" type="float"/>
                            <param name="T" type="float"/>
                        </accessor>
                    </technique_common>
                </source>
                <vertices id="ID199">
                    <input semantic="POSITION" source="#ID193"/>
                </vertices>
                <polylist count="80" material="Material1">
                    <input offset="0" semantic="VERTEX" source="#ID199"/>
                    <input offset="1" semantic="NORMAL" source="#ID195"/>
                    <input offset="2" semantic="TEXCOORD" source="#ID197" set="0"/>
                    <vcount>4 4 4 4 4 4 4 4 4 4 4 4 4 4 4 4 4 4 4 4 4 4 4 4 4 4 4 4 4 4 4 4 4 4 4 4 4 4 4 4 4 4 4 4 4 4 4 4 3 3 3 3 3 3 3 3 3 3 3 3 3 3 3 3 4 4 4 4 4 4 4 4 4 4 4 4 4 4 4 4</vcount>
                    <p>3 3 0 19 2 0 18 1 0 2 0 0 4 5 0 20 4 0 19 2 0 3 3 0 5 7 0 21 6 0 20 4 0 4 5 0 6 9 0 22 8 0 21 6 0 5 7 0 7 11 0 23 10 0 22 8 0 6 9 0 8 13 0 24 12 0 23 10 0 7 11 0 9 15 0 25 14 0 24 12 0 8 13 0 10 17 0 26 16 0 25 14 0 9 15 0 11 19 0 27 18 0 26 16 0 10 17 0 12 21 0 28 20 0 27 18 0 11 19 0 13 23 0 29 22 0 28 20 0 12 21 0 14 25 0 30 24 0 29 22 0 13 23 0 15 27 0 31 26 0 30 24 0 14 25 0 16 29 0 32 28 0 31 26 0 15 27 0 17 31 0 33 30 0 32 28 0 16 29 0 2 0 0 18 1 0 33 30 0 17 31 0 19 2 0 35 33 0 34 32 0 18 1 0 20 4 0 36 34 0 35 33 0 19 2 0 21 6 0 37 35 0 36 34 0 20 4 0 22 8 0 38 36 0 37 35 0 21 6 0 23 10 0 39 37 0 38 36 0 22 8 0 24 12 0 40 38 0 39 37 0 23 10 0 25 14 0 41 39 0 40 38 0 24 12 0 26 16 0 42 40 0 41 39 0 25 14 0 27 18 0 43 41 0 42 40 0 26 16 0 28 20 0 44 42 0 43 41 0 27 18 0 29 22 0 45 43 0 44 42 0 28 20 0 30 24 0 46 44 0 45 43 0 29 22 0 31 26 0 47 45 0 46 44 0 30 24 0 32 28 0 48 46 0 47 45 0 31 26 0 33 30 0 49 47 0 48 46 0 32 28 0 18 1 0 34 32 0 49 47 0 33 30 0 51 51 0 67 50 0 66 49 0 50 48 0 52 53 0 68 52 0 67 50 0 51 51 0 53 55 0 69 54 0 68 52 0 52 53 0 54 57 0 70 56 0 69 54 0 53 55 0 55 59 0 71 58 0 70 56 0 54 57 0 56 61 0 72 60 0 71 58 0 55 59 0 57 63 0 73 62 0 72 60 0 56 61 0 58 65 0 74 64 0 73 62 0 57 63 0 59 67 0 75 66 0 74 64 0 58 65 0 60 69 0 76 68 0 75 66 0 59 67 0 61 71 0 77 70 0 76 68 0 60 69 0 62 73 0 78 72 0 77 70 0 61 71 0 63 75 0 79 74 0 78 72 0 62 73 0 64 77 0 80 76 0 79 74 0 63 75 0 65 79 0 81 78 0 80 76 0 64 77 0 50 48 0 66 49 0 81 78 0 65 79 0 3 3 0 2 0 0 0 80 0 4 5 0 3 3 0 0 80 0 5 7 0 4 5 0 0 80 0 6 9 0 5 7 0 0 80 0 7 11 0 6 9 0 0 80 0 8 13 0 7 11 0 0 80 0 9 15 0 8 13 0 0 80 0 10 17 0 9 15 0 0 80 0 11 19 0 10 17 0 0 80 0 12 21 0 11 19 0 0 80 0 13 23 0 12 21 0 0 80 0 14 25 0 13 23 0 0 80 0 15 27 0 14 25 0 0 80 0 16 29 0 15 27 0 0 80 0 17 31 0 16 29 0 0 80 0 2 0 0 17 31 0 0 80 0 35 82 0 51 51 0 50 48 0 34 81 0 36 83 0 52 53 0 51 51 0 35 82 0 37 84 0 53 55 0 52 53 0 36 83 0 38 85 0 54 57 0 53 55 0 37 84 0 39 86 0 55 59 0 54 57 0 38 85 0 40 87 0 56 61 0 55 59 0 39 86 0 41 88 0 57 63 0 56 61 0 40 87 0 42 89 0 58 65 0 57 63 0 41 88 0 43 90 0 59 67 0 58 65 0 42 89 0 44 91 0 60 69 0 59 67 0 43 90 0 45 92 0 61 71 0 60 69 0 44 91 0 46 93 0 62 73 0 61 71 0 45 92 0 47 94 0 63 75 0 62 73 0 46 93 0 48 95 0 64 77 0 63 75 0 47 94 0 49 96 0 65 79 0 64 77 0 48 95 0 34 81 0 50 48 0 65 79 0 49 96 0</p>
                </polylist>
            </mesh>
        </geometry>
        <geometry id="ID201">
            <mesh>
                <source id="ID202">
                    <float_array id="ID203" count="51">-1.40874e-005 -3.18568 7.6585e-006 10.3499 -3.22889 8.10666e-006 9.56204 -3.22889 -3.96072 7.31846 -3.22889 -7.31847 3.96072 -3.22889 -9.56205 -1.72555e-005 -3.22889 -10.3499 -3.96075 -3.22889 -9.56205 -7.3185 -3.22889 -7.31847 -9.56207 -3.22889 -3.96073 -10.3499 -3.22889 7.67233e-006 -9.56207 -3.22889 3.96074 -7.3185 -3.22889 7.31849 -3.96075 -3.22889 9.56206 -1.80378e-005 -3.22889 10.3499 3.96072 -3.22889 9.56206 7.31846 -3.22889 7.31849 9.56204 -3.22889 3.96074</float_array>
                    <technique_common>
                        <accessor count="17" source="#ID203" stride="3">
                            <param name="X" type="float"/>
                            <param name="Y" type="float"/>
                            <param name="Z" type="float"/>
                        </accessor>
                    </technique_common>
                </source>
                <source id="ID204">
                    <float_array id="ID205" count="51">0.00417468 0.999991 -4.65661e-010 3.78353e-010 1 -2.29195e-010 0.0038569 0.999991 -0.00159758 0.00295195 0.999991 -0.00295195 0.00159758 0.999991 -0.0038569 1.01863e-009 0.999991 -0.00417468 -0.00159758 0.999991 -0.0038569 -0.00295195 0.999991 -0.00295194 -0.0038569 0.999991 -0.00159758 -0.00417468 0.999991 2.32831e-010 -0.0038569 0.999991 0.00159758 -0.00295195 0.999991 0.00295194 -0.00159758 0.999991 0.0038569 -2.91038e-011 0.999991 0.00417468 0.00159758 0.999991 0.0038569 0.00295195 0.999991 0.00295195 0.0038569 0.999991 0.00159758</float_array>
                    <technique_common>
                        <accessor count="17" source="#ID205" stride="3">
                            <param name="X" type="float"/>
                            <param name="Y" type="float"/>
                            <param name="Z" type="float"/>
                        </accessor>
                    </technique_common>
                </source>
                <source id="ID206">
                    <float_array id="ID207" count="2">0 1</float_array>
                    <technique_common>
                        <accessor count="1" source="#ID207" stride="2">
                            <param name="S" type="float"/>
                            <param name="T" type="float"/>
                        </accessor>
                    </technique_common>
                </source>
                <vertices id="ID208">
                    <input semantic="POSITION" source="#ID202"/>
                </vertices>
                <polylist count="16" material="Material1">
                    <input offset="0" semantic="VERTEX" source="#ID208"/>
                    <input offset="1" semantic="NORMAL" source="#ID204"/>
                    <input offset="2" semantic="TEXCOORD" source="#ID206" set="0"/>
                    <vcount>3 3 3 3 3 3 3 3 3 3 3 3 3 3 3 3</vcount>
                    <p>2 2 0 0 1 0 1 0 0 3 3 0 0 1 0 2 2 0 4 4 0 0 1 0 3 3 0 5 5 0 0 1 0 4 4 0 6 6 0 0 1 0 5 5 0 7 7 0 0 1 0 6 6 0 8 8 0 0 1 0 7 7 0 9 9 0 0 1 0 8 8 0 10 10 0 0 1 0 9 9 0 11 11 0 0 1 0 10 10 0 12 12 0 0 1 0 11 11 0 13 13 0 0 1 0 12 12 0 14 14 0 0 1 0 13 13 0 15 15 0 0 1 0 14 14 0 16 16 0 0 1 0 15 15 0 1 0 0 0 1 0 16 16 0</p>
                </polylist>
            </mesh>
        </geometry>
        <geometry id="ID210">
            <mesh>
                <source id="ID211">
                    <float_array id="ID212" count="96">-30.238 4.4592 3.87216 -30.2365 6.89119 4.05575 -0.7183 -1.28529 0.815272 -0.720738 1.14668 0.999102 -0.685308 -1.14621 -1.02422 -0.687747 1.28576 -0.840385 -30.2294 4.59808 2.03238 -30.228 7.03007 2.21597 0.725242 -0.92039 0.868751 0.723536 0.78077 0.99734 0.373533 -0.831649 -0.309902 0.371827 0.869511 -0.181312 -0.40406 -0.959357 5.3735 -0.405162 0.139891 5.45659 0.248587 -0.959586 5.38518 0.247485 0.139662 5.46827 -32.0889 4.46092 3.86365 -32.0875 6.89291 4.04724 -31.4652 4.96824 2.18695 -31.4638 7.40023 2.37054 -30.2446 4.35204 5.29191 -30.2432 6.78402 5.47549 -32.0955 4.35375 5.28339 -32.0941 6.78574 5.46698 -5.12818 4.30705 5.69441 -5.12677 6.73904 5.878 -5.12944 4.28669 5.96416 -5.12803 6.71867 6.14775 -57.2146 4.35541 5.4549 -57.2132 6.78739 5.63848 -57.2159 4.33504 5.72465 -57.2144 6.76703 5.90823</float_array>
                    <technique_common>
                        <accessor count="32" source="#ID212" stride="3">
                            <param name="X" type="float"/>
                            <param name="Y" type="float"/>
                            <param name="Z" type="float"/>
                        </accessor>
                    </technique_common>
                </source>
                <source id="ID213">
                    <float_array id="ID214" count="126">0.0882618 -0.0750116 0.993269 0.1056 0.934706 0.339372 0.228438 0.889795 0.39507 0.772233 -0.630451 -0.0786591 0.7766 0.629991 0.00218101 0.769419 0.436329 -0.466489 0.766207 -0.370704 -0.524886 0.198491 -0.651743 -0.732005 0.339619 0.719386 -0.605923 -0.0949032 0.0749795 -0.992659 -0.184689 -0.603848 -0.775408 -0.557613 -0.39882 -0.728018 -0.614303 0.0597523 -0.786805 -0.599035 0.0606207 -0.798425 -0.329573 -0.808475 -0.487596 0.174091 0.976043 0.130508 -0.0900454 -0.989199 -0.115662 0.0719363 -0.996311 -0.0468024 -0.50552 0.506183 0.698733 0.576092 0.470343 0.668502 0.573221 -0.560087 0.598097 -0.500547 -0.601437 0.622677 -0.997582 -0.00623245 0.069218 -0.015767 -0.0752559 0.99704 0.00645745 -0.0752764 0.997142 0.0504412 0.992415 0.112112 0.149578 0.971386 0.184488 0.733918 0.050705 -0.677343 0.999989 -0.000928266 0.00459835 0.000579526 0.997163 0.0752739 0.000579489 0.997163 0.0752733 -0.727563 0.0520633 -0.684063 -0.999989 0.00093047 -0.00459641 -0.000579494 -0.997163 -0.0752738 -0.000579521 -0.997163 -0.0752734 0.0726291 0.0750334 -0.994533 0.000579586 0.997163 0.0752741 -0.0268771 -0.0752317 0.996804 -0.000579608 -0.997163 -0.0752731 -0.000579554 -0.997163 -0.0752739 0.017569 -0.0752728 0.997008 0.000579513 0.997163 0.0752729</float_array>
                    <technique_common>
                        <accessor count="42" source="#ID214" stride="3">
                            <param name="X" type="float"/>
                            <param name="Y" type="float"/>
                            <param name="Z" type="float"/>
                        </accessor>
                    </technique_common>
                </source>
                <source id="ID215">
                    <float_array id="ID216" count="2">0 1</float_array>
                    <technique_common>
                        <accessor count="1" source="#ID216" stride="2">
                            <param name="S" type="float"/>
                            <param name="T" type="float"/>
                        </accessor>
                    </technique_common>
                </source>
                <vertices id="ID217">
                    <input semantic="POSITION" source="#ID211"/>
                </vertices>
                <polylist count="30" material="Material1">
                    <input offset="0" semantic="VERTEX" source="#ID217"/>
                    <input offset="1" semantic="NORMAL" source="#ID213"/>
                    <input offset="2" semantic="TEXCOORD" source="#ID215" set="0"/>
                    <vcount>4 4 4 4 4 4 4 4 4 4 4 4 4 4 4 4 4 4 4 4 4 4 4 4 4 4 4 4 4 4</vcount>
                    <p>2 0 0 3 2 0 1 1 0 0 0 0 10 6 0 11 5 0 9 4 0 8 3 0 6 10 0 7 9 0 5 8 0 4 7 0 16 14 0 17 13 0 19 12 0 18 11 0 3 2 0 5 8 0 7 15 0 1 1 0 4 7 0 2 17 0 0 16 0 6 10 0 4 7 0 10 6 0 8 3 0 2 17 0 5 8 0 11 5 0 10 6 0 4 7 0 3 2 0 9 4 0 11 5 0 5 8 0 12 21 0 14 20 0 15 19 0 13 18 0 2 22 0 12 21 0 13 18 0 3 22 0 8 3 0 14 20 0 12 21 0 2 17 0 9 4 0 15 19 0 14 20 0 8 3 0 3 2 0 13 18 0 15 19 0 9 4 0 0 16 0 16 14 0 18 11 0 6 10 0 21 23 0 23 24 0 22 24 0 20 23 0 7 15 0 19 26 0 17 25 0 1 1 0 6 10 0 18 11 0 19 12 0 7 9 0 25 27 0 27 28 0 26 28 0 24 27 0 17 25 0 23 30 0 21 29 0 1 1 0 28 31 0 30 32 0 31 32 0 29 31 0 0 16 0 20 34 0 22 33 0 16 14 0 1 35 0 25 27 0 24 27 0 0 35 0 21 29 0 27 36 0 25 36 0 1 1 0 20 23 0 26 37 0 27 37 0 21 23 0 0 16 0 24 38 0 26 38 0 20 34 0 16 14 0 28 31 0 29 31 0 17 13 0 22 33 0 30 39 0 28 39 0 16 14 0 23 24 0 31 40 0 30 40 0 22 24 0 17 25 0 29 41 0 31 41 0 23 30 0</p>
                </polylist>
            </mesh>
        </geometry>
        <geometry id="ID219">
            <mesh>
                <source id="ID220">
                    <float_array id="ID221" count="96">-30.238 4.4592 3.87216 -30.2365 6.89119 4.05575 -0.718301 -1.28529 0.815272 -0.72074 1.14668 0.999102 -0.68531 -1.14621 -1.02422 -0.687749 1.28576 -0.840385 -30.2294 4.59808 2.03238 -30.228 7.03007 2.21597 0.72524 -0.92039 0.868751 0.723534 0.78077 0.99734 0.373531 -0.831649 -0.309902 0.371825 0.869511 -0.181312 -0.404062 -0.959357 5.3735 -0.405164 0.139891 5.45659 0.248585 -0.959586 5.38518 0.247483 0.139662 5.46827 -32.0889 4.46092 3.86365 -32.0875 6.89291 4.04724 -31.4652 4.96824 2.18695 -31.4638 7.40023 2.37054 -30.2446 4.35204 5.29191 -30.2432 6.78402 5.47549 -32.0955 4.35375 5.28339 -32.0941 6.78574 5.46698 -5.12819 4.30705 5.69441 -5.12677 6.73904 5.878 -5.12945 4.28669 5.96416 -5.12803 6.71867 6.14775 -57.2146 4.35541 5.4549 -57.2132 6.78739 5.63848 -57.2159 4.33504 5.72465 -57.2144 6.76703 5.90823</float_array>
                    <technique_common>
                        <accessor count="32" source="#ID221" stride="3">
                            <param name="X" type="float"/>
                            <param name="Y" type="float"/>
                            <param name="Z" type="float"/>
                        </accessor>
                    </technique_common>
                </source>
                <source id="ID222">
                    <float_array id="ID223" count="126">0.0882618 -0.0750116 0.993269 0.1056 0.934706 0.339372 0.228438 0.889795 0.39507 0.772233 -0.630451 -0.0786591 0.7766 0.629991 0.00218101 0.769419 0.436329 -0.466489 0.766207 -0.370704 -0.524886 0.198491 -0.651743 -0.732005 0.339619 0.719386 -0.605923 -0.0949032 0.0749795 -0.992659 -0.184689 -0.603848 -0.775408 -0.557613 -0.39882 -0.728018 -0.614303 0.0597523 -0.786805 -0.599034 0.0606207 -0.798425 -0.329573 -0.808474 -0.487597 0.174091 0.976043 0.130508 -0.0900454 -0.989199 -0.115662 0.0719363 -0.996311 -0.0468024 -0.50552 0.506183 0.698733 0.576092 0.470343 0.668502 0.573221 -0.560087 0.598097 -0.500547 -0.601437 0.622677 -0.997582 -0.00623245 0.069218 -0.015767 -0.0752559 0.99704 0.00645745 -0.0752764 0.997142 0.0504412 0.992415 0.112112 0.149578 0.971386 0.184488 0.733918 0.050705 -0.677343 0.999989 -0.000928266 0.00459835 0.000579525 0.997163 0.0752739 0.000579489 0.997163 0.0752733 -0.727563 0.0520633 -0.684063 -0.999989 0.00093047 -0.00459641 -0.000579494 -0.997163 -0.0752738 -0.000579521 -0.997163 -0.0752734 0.0726291 0.0750334 -0.994533 0.000579586 0.997163 0.0752741 -0.0268771 -0.0752317 0.996804 -0.000579608 -0.997163 -0.0752731 -0.000579554 -0.997163 -0.0752739 0.017569 -0.0752728 0.997008 0.000579513 0.997163 0.0752729</float_array>
                    <technique_common>
                        <accessor count="42" source="#ID223" stride="3">
                            <param name="X" type="float"/>
                            <param name="Y" type="float"/>
                            <param name="Z" type="float"/>
                        </accessor>
                    </technique_common>
                </source>
                <source id="ID224">
                    <float_array id="ID225" count="2">0 1</float_array>
                    <technique_common>
                        <accessor count="1" source="#ID225" stride="2">
                            <param name="S" type="float"/>
                            <param name="T" type="float"/>
                        </accessor>
                    </technique_common>
                </source>
                <vertices id="ID226">
                    <input semantic="POSITION" source="#ID220"/>
                </vertices>
                <polylist count="30" material="Material1">
                    <input offset="0" semantic="VERTEX" source="#ID226"/>
                    <input offset="1" semantic="NORMAL" source="#ID222"/>
                    <input offset="2" semantic="TEXCOORD" source="#ID224" set="0"/>
                    <vcount>4 4 4 4 4 4 4 4 4 4 4 4 4 4 4 4 4 4 4 4 4 4 4 4 4 4 4 4 4 4</vcount>
                    <p>2 0 0 3 2 0 1 1 0 0 0 0 10 6 0 11 5 0 9 4 0 8 3 0 6 10 0 7 9 0 5 8 0 4 7 0 16 14 0 17 13 0 19 12 0 18 11 0 3 2 0 5 8 0 7 15 0 1 1 0 4 7 0 2 17 0 0 16 0 6 10 0 4 7 0 10 6 0 8 3 0 2 17 0 5 8 0 11 5 0 10 6 0 4 7 0 3 2 0 9 4 0 11 5 0 5 8 0 12 21 0 14 20 0 15 19 0 13 18 0 2 22 0 12 21 0 13 18 0 3 22 0 8 3 0 14 20 0 12 21 0 2 17 0 9 4 0 15 19 0 14 20 0 8 3 0 3 2 0 13 18 0 15 19 0 9 4 0 0 16 0 16 14 0 18 11 0 6 10 0 21 23 0 23 24 0 22 24 0 20 23 0 7 15 0 19 26 0 17 25 0 1 1 0 6 10 0 18 11 0 19 12 0 7 9 0 25 27 0 27 28 0 26 28 0 24 27 0 17 25 0 23 30 0 21 29 0 1 1 0 28 31 0 30 32 0 31 32 0 29 31 0 0 16 0 20 34 0 22 33 0 16 14 0 1 35 0 25 27 0 24 27 0 0 35 0 21 29 0 27 36 0 25 36 0 1 1 0 20 23 0 26 37 0 27 37 0 21 23 0 0 16 0 24 38 0 26 38 0 20 34 0 16 14 0 28 31 0 29 31 0 17 13 0 22 33 0 30 39 0 28 39 0 16 14 0 23 24 0 31 40 0 30 40 0 22 24 0 17 25 0 29 41 0 31 41 0 23 30 0</p>
                </polylist>
            </mesh>
        </geometry>
        <geometry id="ID228">
            <mesh>
                <source id="ID229">
                    <float_array id="ID230" count="84">-18.406 -29.1282 9.22318 -21.337 -15.5509 11.0772 18.406 -29.1282 9.22318 21.337 -15.5509 11.0772 18.406 -29.1282 7.86605 21.337 -15.5509 7.52175 -18.406 -29.1282 7.86605 -21.337 -15.5509 7.52175 0.884358 -19.5316 7.71203 0.904576 -18.1018 7.67577 -0.884358 -19.5316 7.71203 -0.904576 -18.1018 7.67577 0.884358 -12.9542 0.150306 0.904576 -12.2234 1.37985 -0.884358 -12.9542 0.150306 -0.904576 -12.2234 1.37985 0.884358 0.803415 -0.429075 0.904576 0.632671 0.990992 -0.884358 0.803415 -0.429075 -0.904576 0.632671 0.990992 -17.2738 -27.7411 9.4126 -19.6059 -16.9381 10.8878 17.2738 -27.7411 9.4126 19.6059 -16.9381 10.8878 -16.7201 -27.2478 8.56431 -18.6198 -17.4313 9.76598 16.7201 -27.2478 8.56431 18.6198 -17.4313 9.76598</float_array>
                    <technique_common>
                        <accessor count="28" source="#ID230" stride="3">
                            <param name="X" type="float"/>
                            <param name="Y" type="float"/>
                            <param name="Z" type="float"/>
                        </accessor>
                    </technique_common>
                </source>
                <source id="ID231">
                    <float_array id="ID232" count="108">0.239138 -0.335659 0.911124 0.513839 -0.544434 0.662994 0.473582 0.570045 0.671393 0.240824 0.207014 0.948235 0.367428 -0.556924 0.744871 0.432236 -0.212963 0.876253 0.977484 -0.211012 -0 0.628088 -0.778143 -0 0 0.992849 0.119376 0 0.674794 0.738006 -0.628088 -0.778143 -0 -0.977484 -0.211012 -0 -0.432236 -0.212963 0.876253 -0.367428 -0.556924 0.744871 0 1 -0 -0.00223419 -0.0204378 -0.999789 0.336361 -0.273034 -0.901284 -0.336225 -0.273094 -0.901317 0.00238739 -0.0204389 -0.999788 0.00238775 -0.042557 -0.999091 -0.00223452 -0.0425558 -0.999092 0.731013 -0.296004 -0.614819 -0.730927 -0.296058 -0.614895 -0.999887 -0.00670015 -0.0134367 -0.99985 -0.0128545 -0.0116435 0 0.730929 0.682453 0 0.412284 0.911055 0.999857 -0.012608 -0.0113104 0.999891 -0.00658105 -0.0132372 0 -0.0420763 -0.999114 -0.999884 -0.00054553 -0.0152293 0.999885 -0.000553815 -0.0151635 -0.241671 0.207127 0.947994 -0.239966 -0.335894 0.910819 -0.475188 0.570307 0.670034 -0.515535 -0.54474 0.661424</float_array>
                    <technique_common>
                        <accessor count="36" source="#ID232" stride="3">
                            <param name="X" type="float"/>
                            <param name="Y" type="float"/>
                            <param name="Z" type="float"/>
                        </accessor>
                    </technique_common>
                </source>
                <source id="ID233">
                    <float_array id="ID234" count="2">0 1</float_array>
                    <technique_common>
                        <accessor count="1" source="#ID234" stride="2">
                            <param name="S" type="float"/>
                            <param name="T" type="float"/>
                        </accessor>
                    </technique_common>
                </source>
                <vertices id="ID235">
                    <input semantic="POSITION" source="#ID229"/>
                </vertices>
                <polylist count="25" material="Material1">
                    <input offset="0" semantic="VERTEX" source="#ID235"/>
                    <input offset="1" semantic="NORMAL" source="#ID231"/>
                    <input offset="2" semantic="TEXCOORD" source="#ID233" set="0"/>
                    <vcount>4 4 4 4 4 4 4 4 4 4 4 4 4 4 4 4 4 4 4 4 4 4 4 4 4</vcount>
                    <p>20 3 0 24 2 0 25 1 0 21 0 0 4 7 0 5 6 0 3 5 0 2 4 0 18 8 0 19 9 0 17 9 0 16 8 0 0 13 0 1 12 0 7 11 0 6 10 0 3 14 0 5 14 0 7 14 0 1 14 0 4 7 0 2 4 0 0 13 0 6 10 0 6 18 0 10 17 0 8 16 0 4 15 0 7 19 0 11 19 0 10 17 0 6 18 0 5 20 0 9 20 0 11 19 0 7 19 0 4 15 0 8 16 0 9 20 0 5 20 0 10 17 0 14 22 0 12 21 0 8 16 0 11 24 0 15 23 0 14 22 0 10 17 0 9 25 0 13 26 0 15 26 0 11 25 0 8 16 0 12 21 0 13 28 0 9 27 0 14 22 0 18 29 0 16 29 0 12 21 0 15 23 0 19 30 0 18 30 0 14 22 0 13 26 0 17 9 0 19 9 0 15 26 0 12 21 0 16 31 0 17 31 0 13 28 0 2 4 0 22 32 0 20 3 0 0 13 0 3 5 0 23 33 0 22 32 0 2 4 0 1 12 0 21 0 0 23 33 0 3 5 0 0 13 0 20 3 0 21 0 0 1 12 0 22 32 0 26 34 0 24 2 0 20 3 0 23 33 0 27 35 0 26 34 0 22 32 0 21 0 0 25 1 0 27 35 0 23 33 0</p>
                </polylist>
            </mesh>
        </geometry>
        <geometry id="ID237">
            <mesh>
                <source id="ID238">
                    <float_array id="ID239" count="12">-16.7201 -27.2478 8.5643 -18.6198 -17.4314 9.76597 16.7201 -27.2478 8.5643 18.6198 -17.4314 9.76597</float_array>
                    <technique_common>
                        <accessor count="4" source="#ID239" stride="3">
                            <param name="X" type="float"/>
                            <param name="Y" type="float"/>
                            <param name="Z" type="float"/>
                        </accessor>
                    </technique_common>
                </source>
                <source id="ID240">
                    <float_array id="ID241" count="3">0 -0.121507 0.992591</float_array>
                    <technique_common>
                        <accessor count="1" source="#ID241" stride="3">
                            <param name="X" type="float"/>
                            <param name="Y" type="float"/>
                            <param name="Z" type="float"/>
                        </accessor>
                    </technique_common>
                </source>
                <source id="ID242">
                    <float_array id="ID243" count="2">0 1</float_array>
                    <technique_common>
                        <accessor count="1" source="#ID243" stride="2">
                            <param name="S" type="float"/>
                            <param name="T" type="float"/>
                        </accessor>
                    </technique_common>
                </source>
                <vertices id="ID244">
                    <input semantic="POSITION" source="#ID238"/>
                </vertices>
                <polylist count="1" material="Material1">
                    <input offset="0" semantic="VERTEX" source="#ID244"/>
                    <input offset="1" semantic="NORMAL" source="#ID240"/>
                    <input offset="2" semantic="TEXCOORD" source="#ID242" set="0"/>
                    <vcount>4</vcount>
                    <p>2 0 0 3 0 0 1 0 0 0 0 0</p>
                </polylist>
            </mesh>
        </geometry>
        <geometry id="ID246">
            <mesh>
                <source id="ID247">
                    <float_array id="ID248" count="96">-14.0276 -4.09982 2.28639 -14.0276 4.09982 2.28639 -10.82 -5.43637 2.28639 -10.82 5.43637 2.28639 10.82 -5.43637 2.28639 10.82 5.43637 2.28639 14.0276 -4.09982 2.28639 14.0276 4.09982 2.28639 14.0276 -4.09982 -2.28641 14.0276 4.09982 -2.28641 10.82 -5.43637 -2.28641 10.82 5.43637 -2.28641 -10.82 -5.43637 -2.28641 -10.82 5.43637 -2.28641 -14.0276 -4.09982 -2.28641 -14.0276 4.09982 -2.28641 12.4555 -3.05176 -2.28641 12.4555 3.05176 -2.28641 10.5056 -3.86426 -2.28641 10.5056 3.86426 -2.28641 -10.5055 -3.86426 -2.28641 -10.5055 3.86426 -2.28641 -12.4555 -3.05176 -2.28641 -12.4555 3.05176 -2.28641 12.2741 -3.35862 -0.379499 12.2741 2.50304 -0.379499 10.4693 -4.11066 -0.379499 10.4693 3.25507 -0.379499 -10.4693 -4.11066 -0.379499 -10.4693 3.25507 -0.379499 -12.2741 -3.35862 -0.379499 -12.2741 2.50304 -0.379499</float_array>
                    <technique_common>
                        <accessor count="32" source="#ID248" stride="3">
                            <param name="X" type="float"/>
                            <param name="Y" type="float"/>
                            <param name="Z" type="float"/>
                        </accessor>
                    </technique_common>
                </source>
                <source id="ID249">
                    <float_array id="ID250" count="69">-0.832052 -0.554698 -0 -0.196119 -0.98058 -0 0.196119 -0.98058 -0 0.832052 -0.554698 -0 0.832052 0.554698 -0 0.194852 0.97321 0.122043 0.832329 0.554192 0.0100048 0.533314 0.355098 -0.767777 0.816732 -0.529207 -0.229975 0.472664 -0.306266 -0.826311 0.187409 -0.934655 -0.302155 0.115089 -0.573978 -0.810743 -0.832052 0.554698 -0 -0.196119 0.98058 -0 0.196119 0.98058 -0 0 0 -1 -0.533314 0.355098 -0.767777 -0.115089 -0.573978 -0.810743 -0.472664 -0.306266 -0.826311 -0.832329 0.554192 0.0100048 -0.194852 0.97321 0.122043 -0.187409 -0.934655 -0.302155 -0.816732 -0.529207 -0.229975</float_array>
                    <technique_common>
                        <accessor count="23" source="#ID250" stride="3">
                            <param name="X" type="float"/>
                            <param name="Y" type="float"/>
                            <param name="Z" type="float"/>
                        </accessor>
                    </technique_common>
                </source>
                <source id="ID251">
                    <float_array id="ID252" count="2">0 1</float_array>
                    <technique_common>
                        <accessor count="1" source="#ID252" stride="2">
                            <param name="S" type="float"/>
                            <param name="T" type="float"/>
                        </accessor>
                    </technique_common>
                </source>
                <vertices id="ID253">
                    <input semantic="POSITION" source="#ID247"/>
                </vertices>
                <polylist count="24" material="Material1">
                    <input offset="0" semantic="VERTEX" source="#ID253"/>
                    <input offset="1" semantic="NORMAL" source="#ID249"/>
                    <input offset="2" semantic="TEXCOORD" source="#ID251" set="0"/>
                    <vcount>4 4 4 4 4 4 4 4 4 4 4 4 4 4 4 4 4 4 4 4 4 4 4 4</vcount>
                    <p>12 1 0 2 1 0 0 0 0 14 0 0 10 2 0 4 2 0 2 1 0 12 1 0 8 3 0 6 3 0 4 2 0 10 2 0 8 3 0 9 4 0 7 4 0 6 3 0 22 7 0 30 6 0 28 5 0 20 5 0 23 9 0 31 8 0 30 6 0 22 7 0 21 11 0 29 10 0 31 8 0 23 9 0 0 0 0 1 12 0 15 12 0 14 0 0 3 13 0 13 13 0 15 12 0 1 12 0 5 14 0 11 14 0 13 13 0 3 13 0 7 4 0 9 4 0 11 14 0 5 14 0 10 15 0 18 15 0 16 16 0 8 15 0 9 15 0 17 18 0 19 17 0 11 15 0 8 15 0 16 16 0 17 18 0 9 15 0 12 15 0 20 15 0 18 15 0 10 15 0 11 15 0 19 17 0 21 11 0 13 15 0 14 15 0 22 7 0 20 15 0 12 15 0 15 15 0 23 9 0 22 7 0 14 15 0 13 15 0 21 11 0 23 9 0 15 15 0 18 20 0 26 20 0 24 19 0 16 16 0 17 18 0 25 22 0 27 21 0 19 17 0 16 16 0 24 19 0 25 22 0 17 18 0 20 5 0 28 5 0 26 20 0 18 20 0 19 17 0 27 21 0 29 10 0 21 11 0</p>
                </polylist>
            </mesh>
        </geometry>
        <geometry id="ID255">
            <mesh>
                <source id="ID256">
                    <float_array id="ID257" count="24">12.2741 -3.35862 -0.379499 12.2741 2.50304 -0.379499 10.4693 -4.11066 -0.379499 10.4693 3.25507 -0.379499 -10.4693 -4.11066 -0.379499 -10.4693 3.25507 -0.379499 -12.2741 -3.35862 -0.379499 -12.2741 2.50304 -0.379499</float_array>
                    <technique_common>
                        <accessor count="8" source="#ID257" stride="3">
                            <param name="X" type="float"/>
                            <param name="Y" type="float"/>
                            <param name="Z" type="float"/>
                        </accessor>
                    </technique_common>
                </source>
                <source id="ID258">
                    <float_array id="ID259" count="3">0 0 -1</float_array>
                    <technique_common>
                        <accessor count="1" source="#ID259" stride="3">
                            <param name="X" type="float"/>
                            <param name="Y" type="float"/>
                            <param name="Z" type="float"/>
                        </accessor>
                    </technique_common>
                </source>
                <source id="ID260">
                    <float_array id="ID261" count="2">0 1</float_array>
                    <technique_common>
                        <accessor count="1" source="#ID261" stride="2">
                            <param name="S" type="float"/>
                            <param name="T" type="float"/>
                        </accessor>
                    </technique_common>
                </source>
                <vertices id="ID262">
                    <input semantic="POSITION" source="#ID256"/>
                </vertices>
                <polylist count="3" material="Material1">
                    <input offset="0" semantic="VERTEX" source="#ID262"/>
                    <input offset="1" semantic="NORMAL" source="#ID258"/>
                    <input offset="2" semantic="TEXCOORD" source="#ID260" set="0"/>
                    <vcount>4 4 4</vcount>
                    <p>2 0 0 3 0 0 1 0 0 0 0 0 4 0 0 5 0 0 3 0 0 2 0 0 6 0 0 7 0 0 5 0 0 4 0 0</p>
                </polylist>
            </mesh>
        </geometry>
        <geometry id="ID264">
            <mesh>
                <source id="ID265">
                    <float_array id="ID266" count="96">-14.0276 -4.09982 2.28639 -14.0276 4.09982 2.28639 -10.82 -5.43637 2.28639 -10.82 5.43637 2.28639 10.82 -5.43637 2.28639 10.82 5.43637 2.28639 14.0276 -4.09982 2.28639 14.0276 4.09982 2.28639 14.0276 -4.09982 -2.28641 14.0276 4.09982 -2.28641 10.82 -5.43637 -2.28641 10.82 5.43637 -2.28641 -10.82 -5.43637 -2.28641 -10.82 5.43637 -2.28641 -14.0276 -4.09982 -2.28641 -14.0276 4.09982 -2.28641 12.4555 -3.05176 -2.28641 12.4555 3.05176 -2.28641 10.5056 -3.86426 -2.28641 10.5056 3.86426 -2.28641 -10.5055 -3.86426 -2.28641 -10.5055 3.86426 -2.28641 -12.4555 -3.05176 -2.28641 -12.4555 3.05176 -2.28641 12.2741 -3.35862 -0.379499 12.2741 2.50304 -0.379499 10.4693 -4.11066 -0.379499 10.4693 3.25507 -0.379499 -10.4693 -4.11066 -0.379499 -10.4693 3.25507 -0.379499 -12.2741 -3.35862 -0.379499 -12.2741 2.50304 -0.379499</float_array>
                    <technique_common>
                        <accessor count="32" source="#ID266" stride="3">
                            <param name="X" type="float"/>
                            <param name="Y" type="float"/>
                            <param name="Z" type="float"/>
                        </accessor>
                    </technique_common>
                </source>
                <source id="ID267">
                    <float_array id="ID268" count="69">-0.832052 -0.554698 -0 -0.196119 -0.98058 -0 0.196119 -0.98058 -0 0.832052 -0.554698 -0 0.832052 0.554698 -0 0.194852 0.97321 0.122043 0.832329 0.554192 0.0100048 0.533314 0.355098 -0.767777 0.816732 -0.529207 -0.229975 0.472664 -0.306266 -0.826311 0.187409 -0.934655 -0.302155 0.115089 -0.573978 -0.810743 -0.832052 0.554698 -0 -0.196119 0.98058 -0 0.196119 0.98058 -0 0 0 -1 -0.533314 0.355098 -0.767777 -0.115089 -0.573978 -0.810743 -0.472664 -0.306266 -0.826311 -0.832329 0.554192 0.0100048 -0.194852 0.97321 0.122043 -0.187409 -0.934655 -0.302155 -0.816732 -0.529207 -0.229975</float_array>
                    <technique_common>
                        <accessor count="23" source="#ID268" stride="3">
                            <param name="X" type="float"/>
                            <param name="Y" type="float"/>
                            <param name="Z" type="float"/>
                        </accessor>
                    </technique_common>
                </source>
                <source id="ID269">
                    <float_array id="ID270" count="2">0 1</float_array>
                    <technique_common>
                        <accessor count="1" source="#ID270" stride="2">
                            <param name="S" type="float"/>
                            <param name="T" type="float"/>
                        </accessor>
                    </technique_common>
                </source>
                <vertices id="ID271">
                    <input semantic="POSITION" source="#ID265"/>
                </vertices>
                <polylist count="24" material="Material1">
                    <input offset="0" semantic="VERTEX" source="#ID271"/>
                    <input offset="1" semantic="NORMAL" source="#ID267"/>
                    <input offset="2" semantic="TEXCOORD" source="#ID269" set="0"/>
                    <vcount>4 4 4 4 4 4 4 4 4 4 4 4 4 4 4 4 4 4 4 4 4 4 4 4</vcount>
                    <p>12 1 0 2 1 0 0 0 0 14 0 0 10 2 0 4 2 0 2 1 0 12 1 0 8 3 0 6 3 0 4 2 0 10 2 0 8 3 0 9 4 0 7 4 0 6 3 0 22 7 0 30 6 0 28 5 0 20 5 0 23 9 0 31 8 0 30 6 0 22 7 0 21 11 0 29 10 0 31 8 0 23 9 0 0 0 0 1 12 0 15 12 0 14 0 0 3 13 0 13 13 0 15 12 0 1 12 0 5 14 0 11 14 0 13 13 0 3 13 0 7 4 0 9 4 0 11 14 0 5 14 0 10 15 0 18 15 0 16 16 0 8 15 0 9 15 0 17 18 0 19 17 0 11 15 0 8 15 0 16 16 0 17 18 0 9 15 0 12 15 0 20 15 0 18 15 0 10 15 0 11 15 0 19 17 0 21 11 0 13 15 0 14 15 0 22 7 0 20 15 0 12 15 0 15 15 0 23 9 0 22 7 0 14 15 0 13 15 0 21 11 0 23 9 0 15 15 0 18 20 0 26 20 0 24 19 0 16 16 0 17 18 0 25 22 0 27 21 0 19 17 0 16 16 0 24 19 0 25 22 0 17 18 0 20 5 0 28 5 0 26 20 0 18 20 0 19 17 0 27 21 0 29 10 0 21 11 0</p>
                </polylist>
            </mesh>
        </geometry>
        <geometry id="ID273">
            <mesh>
                <source id="ID274">
                    <float_array id="ID275" count="24">12.2741 -3.35862 -0.379499 12.2741 2.50304 -0.379499 10.4693 -4.11066 -0.379499 10.4693 3.25507 -0.379499 -10.4693 -4.11066 -0.379499 -10.4693 3.25507 -0.379499 -12.2741 -3.35862 -0.379499 -12.2741 2.50304 -0.379499</float_array>
                    <technique_common>
                        <accessor count="8" source="#ID275" stride="3">
                            <param name="X" type="float"/>
                            <param name="Y" type="float"/>
                            <param name="Z" type="float"/>
                        </accessor>
                    </technique_common>
                </source>
                <source id="ID276">
                    <float_array id="ID277" count="3">0 0 -1</float_array>
                    <technique_common>
                        <accessor count="1" source="#ID277" stride="3">
                            <param name="X" type="float"/>
                            <param name="Y" type="float"/>
                            <param name="Z" type="float"/>
                        </accessor>
                    </technique_common>
                </source>
                <source id="ID278">
                    <float_array id="ID279" count="2">0 1</float_array>
                    <technique_common>
                        <accessor count="1" source="#ID279" stride="2">
                            <param name="S" type="float"/>
                            <param name="T" type="float"/>
                        </accessor>
                    </technique_common>
                </source>
                <vertices id="ID280">
                    <input semantic="POSITION" source="#ID274"/>
                </vertices>
                <polylist count="3" material="Material1">
                    <input offset="0" semantic="VERTEX" source="#ID280"/>
                    <input offset="1" semantic="NORMAL" source="#ID276"/>
                    <input offset="2" semantic="TEXCOORD" source="#ID278" set="0"/>
                    <vcount>4 4 4</vcount>
                    <p>2 0 0 3 0 0 1 0 0 0 0 0 4 0 0 5 0 0 3 0 0 2 0 0 6 0 0 7 0 0 5 0 0 4 0 0</p>
                </polylist>
            </mesh>
        </geometry>
        <geometry id="ID282">
            <mesh>
                <source id="ID283">
                    <float_array id="ID284" count="96">-17.5937 -6.92483 2.86766 -17.5937 6.92484 2.86766 -13.5706 -9.18233 2.86766 -13.5706 9.18234 2.86766 13.5706 -9.18233 2.86766 13.5706 9.18234 2.86766 17.5937 -6.92484 2.86766 17.5937 6.92484 2.86766 17.5937 -6.92484 -2.86763 17.5937 6.92484 -2.86763 13.5706 -9.18233 -2.86763 13.5706 9.18234 -2.86763 -13.5706 -9.18233 -2.86763 -13.5706 9.18234 -2.86763 -17.5937 -6.92483 -2.86763 -17.5937 6.92484 -2.86763 15.622 -5.1546 -2.86763 15.622 5.1546 -2.86763 13.1763 -6.52696 -2.86763 13.1763 6.52696 -2.86763 -13.1763 -6.52696 -2.86763 -13.1763 6.52696 -2.86763 -15.622 -5.1546 -2.86763 -15.622 5.1546 -2.86763 15.3945 -5.67291 -0.475951 15.3945 4.22778 -0.475951 13.1308 -6.94314 -0.475951 13.1308 5.49801 -0.475951 -13.1308 -6.94313 -0.475951 -13.1308 5.49801 -0.475951 -15.3944 -5.6729 -0.475951 -15.3944 4.22778 -0.475951</float_array>
                    <technique_common>
                        <accessor count="32" source="#ID284" stride="3">
                            <param name="X" type="float"/>
                            <param name="Y" type="float"/>
                            <param name="Z" type="float"/>
                        </accessor>
                    </technique_common>
                </source>
                <source id="ID285">
                    <float_array id="ID286" count="69">-0.862947 -0.505294 -0 -0.252899 -0.967493 -0 0.252899 -0.967493 -0 0.862947 -0.505294 -0 0.862947 0.505294 -0 0.250193 0.954655 0.16136 0.86345 0.50371 0.027024 0.569532 0.332247 -0.751828 0.841643 -0.471738 -0.26287 0.489788 -0.274524 -0.827493 0.234957 -0.891249 -0.387906 0.139016 -0.527319 -0.838218 -0.862947 0.505294 -0 -0.252899 0.967493 -0 0.252899 0.967493 -0 0 0 -1 -0.569532 0.332247 -0.751828 -0.139016 -0.527319 -0.838218 -0.489788 -0.274524 -0.827493 -0.86345 0.50371 0.0270241 -0.250193 0.954655 0.16136 -0.234957 -0.891249 -0.387906 -0.841643 -0.471738 -0.26287</float_array>
                    <technique_common>
                        <accessor count="23" source="#ID286" stride="3">
                            <param name="X" type="float"/>
                            <param name="Y" type="float"/>
                            <param name="Z" type="float"/>
                        </accessor>
                    </technique_common>
                </source>
                <source id="ID287">
                    <float_array id="ID288" count="2">0 1</float_array>
                    <technique_common>
                        <accessor count="1" source="#ID288" stride="2">
                            <param name="S" type="float"/>
                            <param name="T" type="float"/>
                        </accessor>
                    </technique_common>
                </source>
                <vertices id="ID289">
                    <input semantic="POSITION" source="#ID283"/>
                </vertices>
                <polylist count="24" material="Material1">
                    <input offset="0" semantic="VERTEX" source="#ID289"/>
                    <input offset="1" semantic="NORMAL" source="#ID285"/>
                    <input offset="2" semantic="TEXCOORD" source="#ID287" set="0"/>
                    <vcount>4 4 4 4 4 4 4 4 4 4 4 4 4 4 4 4 4 4 4 4 4 4 4 4</vcount>
                    <p>12 1 0 2 1 0 0 0 0 14 0 0 10 2 0 4 2 0 2 1 0 12 1 0 8 3 0 6 3 0 4 2 0 10 2 0 8 3 0 9 4 0 7 4 0 6 3 0 22 7 0 30 6 0 28 5 0 20 5 0 23 9 0 31 8 0 30 6 0 22 7 0 21 11 0 29 10 0 31 8 0 23 9 0 0 0 0 1 12 0 15 12 0 14 0 0 3 13 0 13 13 0 15 12 0 1 12 0 5 14 0 11 14 0 13 13 0 3 13 0 7 4 0 9 4 0 11 14 0 5 14 0 10 15 0 18 15 0 16 16 0 8 15 0 9 15 0 17 18 0 19 17 0 11 15 0 8 15 0 16 16 0 17 18 0 9 15 0 12 15 0 20 15 0 18 15 0 10 15 0 11 15 0 19 17 0 21 11 0 13 15 0 14 15 0 22 7 0 20 15 0 12 15 0 15 15 0 23 9 0 22 7 0 14 15 0 13 15 0 21 11 0 23 9 0 15 15 0 18 20 0 26 20 0 24 19 0 16 16 0 17 18 0 25 22 0 27 21 0 19 17 0 16 16 0 24 19 0 25 22 0 17 18 0 20 5 0 28 5 0 26 20 0 18 20 0 19 17 0 27 21 0 29 10 0 21 11 0</p>
                </polylist>
            </mesh>
        </geometry>
        <geometry id="ID291">
            <mesh>
                <source id="ID292">
                    <float_array id="ID293" count="24">15.3945 -5.67291 -0.475915 15.3945 4.22778 -0.475915 13.1308 -6.94314 -0.475915 13.1308 5.49801 -0.475915 -13.1308 -6.94313 -0.475915 -13.1308 5.49801 -0.475915 -15.3944 -5.6729 -0.475915 -15.3944 4.22778 -0.475915</float_array>
                    <technique_common>
                        <accessor count="8" source="#ID293" stride="3">
                            <param name="X" type="float"/>
                            <param name="Y" type="float"/>
                            <param name="Z" type="float"/>
                        </accessor>
                    </technique_common>
                </source>
                <source id="ID294">
                    <float_array id="ID295" count="3">0 0 -1</float_array>
                    <technique_common>
                        <accessor count="1" source="#ID295" stride="3">
                            <param name="X" type="float"/>
                            <param name="Y" type="float"/>
                            <param name="Z" type="float"/>
                        </accessor>
                    </technique_common>
                </source>
                <source id="ID296">
                    <float_array id="ID297" count="2">0 1</float_array>
                    <technique_common>
                        <accessor count="1" source="#ID297" stride="2">
                            <param name="S" type="float"/>
                            <param name="T" type="float"/>
                        </accessor>
                    </technique_common>
                </source>
                <vertices id="ID298">
                    <input semantic="POSITION" source="#ID292"/>
                </vertices>
                <polylist count="3" material="Material1">
                    <input offset="0" semantic="VERTEX" source="#ID298"/>
                    <input offset="1" semantic="NORMAL" source="#ID294"/>
                    <input offset="2" semantic="TEXCOORD" source="#ID296" set="0"/>
                    <vcount>4 4 4</vcount>
                    <p>2 0 0 3 0 0 1 0 0 0 0 0 4 0 0 5 0 0 3 0 0 2 0 0 6 0 0 7 0 0 5 0 0 4 0 0</p>
                </polylist>
            </mesh>
        </geometry>
        <geometry id="ID300">
            <mesh>
                <source id="ID301">
                    <float_array id="ID302" count="96">-17.5937 -6.92483 2.86766 -17.5937 6.92484 2.86766 -13.5706 -9.18233 2.86766 -13.5706 9.18234 2.86766 13.5706 -9.18233 2.86766 13.5706 9.18234 2.86766 17.5937 -6.92484 2.86766 17.5937 6.92484 2.86766 17.5937 -6.92484 -2.86763 17.5937 6.92484 -2.86763 13.5706 -9.18233 -2.86763 13.5706 9.18234 -2.86763 -13.5706 -9.18233 -2.86763 -13.5706 9.18234 -2.86763 -17.5937 -6.92483 -2.86763 -17.5937 6.92484 -2.86763 15.622 -5.1546 -2.86763 15.622 5.1546 -2.86763 13.1763 -6.52696 -2.86763 13.1763 6.52696 -2.86763 -13.1763 -6.52696 -2.86763 -13.1763 6.52696 -2.86763 -15.622 -5.1546 -2.86763 -15.622 5.1546 -2.86763 15.3945 -5.67291 -0.475951 15.3945 4.22778 -0.475951 13.1308 -6.94314 -0.475951 13.1308 5.49801 -0.475951 -13.1308 -6.94313 -0.475951 -13.1308 5.49801 -0.475951 -15.3944 -5.6729 -0.475951 -15.3944 4.22778 -0.475951</float_array>
                    <technique_common>
                        <accessor count="32" source="#ID302" stride="3">
                            <param name="X" type="float"/>
                            <param name="Y" type="float"/>
                            <param name="Z" type="float"/>
                        </accessor>
                    </technique_common>
                </source>
                <source id="ID303">
                    <float_array id="ID304" count="69">-0.862947 -0.505294 -0 -0.252899 -0.967493 -0 0.252899 -0.967493 -0 0.862947 -0.505294 -0 0.862947 0.505294 -0 0.250193 0.954655 0.16136 0.86345 0.50371 0.027024 0.569532 0.332247 -0.751828 0.841643 -0.471738 -0.26287 0.489788 -0.274524 -0.827493 0.234957 -0.891249 -0.387906 0.139016 -0.527319 -0.838218 -0.862947 0.505294 -0 -0.252899 0.967493 -0 0.252899 0.967493 -0 0 0 -1 -0.569532 0.332247 -0.751828 -0.139016 -0.527319 -0.838218 -0.489788 -0.274524 -0.827493 -0.86345 0.50371 0.0270241 -0.250193 0.954655 0.16136 -0.234957 -0.891249 -0.387906 -0.841643 -0.471738 -0.26287</float_array>
                    <technique_common>
                        <accessor count="23" source="#ID304" stride="3">
                            <param name="X" type="float"/>
                            <param name="Y" type="float"/>
                            <param name="Z" type="float"/>
                        </accessor>
                    </technique_common>
                </source>
                <source id="ID305">
                    <float_array id="ID306" count="2">0 1</float_array>
                    <technique_common>
                        <accessor count="1" source="#ID306" stride="2">
                            <param name="S" type="float"/>
                            <param name="T" type="float"/>
                        </accessor>
                    </technique_common>
                </source>
                <vertices id="ID307">
                    <input semantic="POSITION" source="#ID301"/>
                </vertices>
                <polylist count="24" material="Material1">
                    <input offset="0" semantic="VERTEX" source="#ID307"/>
                    <input offset="1" semantic="NORMAL" source="#ID303"/>
                    <input offset="2" semantic="TEXCOORD" source="#ID305" set="0"/>
                    <vcount>4 4 4 4 4 4 4 4 4 4 4 4 4 4 4 4 4 4 4 4 4 4 4 4</vcount>
                    <p>12 1 0 2 1 0 0 0 0 14 0 0 10 2 0 4 2 0 2 1 0 12 1 0 8 3 0 6 3 0 4 2 0 10 2 0 8 3 0 9 4 0 7 4 0 6 3 0 22 7 0 30 6 0 28 5 0 20 5 0 23 9 0 31 8 0 30 6 0 22 7 0 21 11 0 29 10 0 31 8 0 23 9 0 0 0 0 1 12 0 15 12 0 14 0 0 3 13 0 13 13 0 15 12 0 1 12 0 5 14 0 11 14 0 13 13 0 3 13 0 7 4 0 9 4 0 11 14 0 5 14 0 10 15 0 18 15 0 16 16 0 8 15 0 9 15 0 17 18 0 19 17 0 11 15 0 8 15 0 16 16 0 17 18 0 9 15 0 12 15 0 20 15 0 18 15 0 10 15 0 11 15 0 19 17 0 21 11 0 13 15 0 14 15 0 22 7 0 20 15 0 12 15 0 15 15 0 23 9 0 22 7 0 14 15 0 13 15 0 21 11 0 23 9 0 15 15 0 18 20 0 26 20 0 24 19 0 16 16 0 17 18 0 25 22 0 27 21 0 19 17 0 16 16 0 24 19 0 25 22 0 17 18 0 20 5 0 28 5 0 26 20 0 18 20 0 19 17 0 27 21 0 29 10 0 21 11 0</p>
                </polylist>
            </mesh>
        </geometry>
        <geometry id="ID309">
            <mesh>
                <source id="ID310">
                    <float_array id="ID311" count="24">15.3945 -5.67291 -0.475915 15.3945 4.22778 -0.475915 13.1308 -6.94314 -0.475915 13.1308 5.49801 -0.475915 -13.1308 -6.94313 -0.475915 -13.1308 5.49801 -0.475915 -15.3944 -5.6729 -0.475915 -15.3944 4.22778 -0.475915</float_array>
                    <technique_common>
                        <accessor count="8" source="#ID311" stride="3">
                            <param name="X" type="float"/>
                            <param name="Y" type="float"/>
                            <param name="Z" type="float"/>
                        </accessor>
                    </technique_common>
                </source>
                <source id="ID312">
                    <float_array id="ID313" count="3">0 0 -1</float_array>
                    <technique_common>
                        <accessor count="1" source="#ID313" stride="3">
                            <param name="X" type="float"/>
                            <param name="Y" type="float"/>
                            <param name="Z" type="float"/>
                        </accessor>
                    </technique_common>
                </source>
                <source id="ID314">
                    <float_array id="ID315" count="2">0 1</float_array>
                    <technique_common>
                        <accessor count="1" source="#ID315" stride="2">
                            <param name="S" type="float"/>
                            <param name="T" type="float"/>
                        </accessor>
                    </technique_common>
                </source>
                <vertices id="ID316">
                    <input semantic="POSITION" source="#ID310"/>
                </vertices>
                <polylist count="3" material="Material1">
                    <input offset="0" semantic="VERTEX" source="#ID316"/>
                    <input offset="1" semantic="NORMAL" source="#ID312"/>
                    <input offset="2" semantic="TEXCOORD" source="#ID314" set="0"/>
                    <vcount>4 4 4</vcount>
                    <p>2 0 0 3 0 0 1 0 0 0 0 0 4 0 0 5 0 0 3 0 0 2 0 0 6 0 0 7 0 0 5 0 0 4 0 0</p>
                </polylist>
            </mesh>
        </geometry>
        <geometry id="ID318">
            <mesh>
                <source id="ID319">
                    <float_array id="ID320" count="576">-39.0286 -0.805918 1.69489 -39.0286 0.805929 1.69489 39.0286 -0.805918 1.69489 39.0286 0.805929 1.69489 39.0286 -0.805918 -1.6949 39.0286 0.805929 -1.6949 -39.0286 -0.805918 -1.6949 -39.0286 0.805929 -1.6949 -39.0286 2.70083 0.207962 -39.0286 4.31267 0.207962 39.0286 2.70083 0.207962 39.0286 4.31267 0.207962 39.0286 2.70083 -3.18184 39.0286 4.31267 -3.18184 -39.0286 2.70083 -3.18184 -39.0286 4.31267 -3.18184 -39.0286 5.86823 -1.093 -39.0286 7.48007 -1.093 39.0286 5.86823 -1.093 39.0286 7.48007 -1.093 39.0286 5.86823 -4.4828 39.0286 7.48007 -4.4828 -39.0286 5.86823 -4.4828 -39.0286 7.48007 -4.4828 -39.0286 -4.80592 1.69489 -39.0286 -3.19407 1.69489 39.0286 -4.80592 1.69489 39.0286 -3.19407 1.69489 39.0286 -4.80592 -1.6949 39.0286 -3.19407 -1.6949 -39.0286 -4.80592 -1.6949 -39.0286 -3.19407 -1.6949 -39.0286 -1.29917 0.207962 -39.0286 0.312672 0.207962 39.0286 -1.29917 0.207962 39.0286 0.312672 0.207962 39.0286 -1.29917 -3.18184 39.0286 0.312672 -3.18184 -39.0286 -1.29917 -3.18184 -39.0286 0.312672 -3.18184 -39.0286 1.86822 -1.093 -39.0286 3.48007 -1.093 39.0286 1.86822 -1.093 39.0286 3.48007 -1.093 39.0286 1.86822 -4.4828 39.0286 3.48007 -4.4828 -39.0286 1.86822 -4.4828 -39.0286 3.48007 -4.4828 -39.0286 -8.80592 1.69489 -39.0286 -7.19407 1.69489 39.0286 -8.80592 1.69489 39.0286 -7.19407 1.69489 39.0286 -8.80592 -1.6949 39.0286 -7.19407 -1.6949 -39.0286 -8.80592 -1.6949 -39.0286 -7.19407 -1.6949 -39.0286 -5.29917 0.207962 -39.0286 -3.68733 0.207962 39.0286 -5.29917 0.207962 39.0286 -3.68733 0.207962 39.0286 -5.29917 -3.18184 39.0286 -3.68733 -3.18184 -39.0286 -5.29917 -3.18184 -39.0286 -3.68733 -3.18184 -39.0286 -2.13178 -1.093 -39.0286 -0.519932 -1.093 39.0286 -2.13178 -1.093 39.0286 -0.519932 -1.093 39.0286 -2.13178 -4.4828 39.0286 -0.519932 -4.4828 -39.0286 -2.13178 -4.4828 -39.0286 -0.519932 -4.4828 -39.0286 -12.8059 1.69489 -39.0286 -11.1941 1.69489 39.0286 -12.8059 1.69489 39.0286 -11.1941 1.69489 39.0286 -12.8059 -1.6949 39.0286 -11.1941 -1.6949 -39.0286 -12.8059 -1.6949 -39.0286 -11.1941 -1.6949 -39.0286 -9.29918 0.207962 -39.0286 -7.68733 0.207962 39.0286 -9.29918 0.207962 39.0286 -7.68733 0.207962 39.0286 -9.29918 -3.18184 39.0286 -7.68733 -3.18184 -39.0286 -9.29918 -3.18184 -39.0286 -7.68733 -3.18184 -39.0286 -6.13178 -1.093 -39.0286 -4.51993 -1.093 39.0286 -6.13177 -1.093 39.0286 -4.51993 -1.093 39.0286 -6.13177 -4.4828 39.0286 -4.51993 -4.4828 -39.0286 -6.13178 -4.4828 -39.0286 -4.51993 -4.4828 -39.0286 -16.8059 1.69489 -39.0286 -15.1941 1.69489 39.0286 -16.8059 1.69489 39.0286 -15.1941 1.69489 39.0286 -16.8059 -1.6949 39.0286 -15.1941 -1.6949 -39.0286 -16.8059 -1.6949 -39.0286 -15.1941 -1.6949 -39.0286 -13.2992 0.207962 -39.0286 -11.6873 0.207962 39.0286 -13.2992 0.207962 39.0286 -11.6873 0.207962 39.0286 -13.2992 -3.18184 39.0286 -11.6873 -3.18184 -39.0286 -13.2992 -3.18184 -39.0286 -11.6873 -3.18184 -39.0286 -10.1318 -1.093 -39.0286 -8.51993 -1.093 39.0286 -10.1318 -1.093 39.0286 -8.51993 -1.093 39.0286 -10.1318 -4.4828 39.0286 -8.51993 -4.4828 -39.0286 -10.1318 -4.4828 -39.0286 -8.51993 -4.4828 -39.0286 -20.8059 1.69489 -39.0286 -19.1941 1.69489 39.0287 -20.8059 1.69489 39.0286 -19.1941 1.69489 39.0287 -20.8059 -1.6949 39.0286 -19.1941 -1.6949 -39.0286 -20.8059 -1.6949 -39.0286 -19.1941 -1.6949 -39.0286 -17.2992 0.207962 -39.0286 -15.6873 0.207962 39.0286 -17.2992 0.207962 39.0286 -15.6873 0.207962 39.0286 -17.2992 -3.18184 39.0286 -15.6873 -3.18184 -39.0286 -17.2992 -3.18184 -39.0286 -15.6873 -3.18184 -39.0286 -14.1318 -1.093 -39.0286 -12.5199 -1.093 39.0286 -14.1318 -1.093 39.0286 -12.5199 -1.093 39.0286 -14.1318 -4.4828 39.0286 -12.5199 -4.4828 -39.0286 -14.1318 -4.4828 -39.0286 -12.5199 -4.4828 -39.0286 -24.8059 1.69489 -39.0286 -23.1941 1.69489 39.0287 -24.8059 1.69489 39.0287 -23.1941 1.69489 39.0287 -24.8059 -1.6949 39.0287 -23.1941 -1.6949 -39.0286 -24.8059 -1.6949 -39.0286 -23.1941 -1.6949 -39.0286 -21.2992 0.207962 -39.0286 -19.6873 0.207962 39.0287 -21.2992 0.207962 39.0286 -19.6873 0.207962 39.0287 -21.2992 -3.18184 39.0286 -19.6873 -3.18184 -39.0286 -21.2992 -3.18184 -39.0286 -19.6873 -3.18184 -39.0286 -18.1318 -1.093 -39.0286 -16.5199 -1.093 39.0286 -18.1318 -1.093 39.0286 -16.5199 -1.093 39.0286 -18.1318 -4.4828 39.0286 -16.5199 -4.4828 -39.0286 -18.1318 -4.4828 -39.0286 -16.5199 -4.4828 -39.0286 -28.8059 1.69489 -39.0286 -27.1941 1.69489 39.0287 -28.8059 1.69489 39.0287 -27.1941 1.69489 39.0287 -28.8059 -1.6949 39.0287 -27.1941 -1.6949 -39.0286 -28.8059 -1.6949 -39.0286 -27.1941 -1.6949 -39.0286 -25.2992 0.207962 -39.0286 -23.6873 0.207962 39.0287 -25.2992 0.207962 39.0287 -23.6873 0.207962 39.0287 -25.2992 -3.18184 39.0287 -23.6873 -3.18184 -39.0286 -25.2992 -3.18184 -39.0286 -23.6873 -3.18184 -39.0286 -22.1318 -1.093 -39.0286 -20.5199 -1.093 39.0287 -22.1318 -1.093 39.0287 -20.5199 -1.093 39.0287 -22.1318 -4.4828 39.0287 -20.5199 -4.4828 -39.0286 -22.1318 -4.4828 -39.0286 -20.5199 -4.4828</float_array>
                    <technique_common>
                        <accessor count="192" source="#ID320" stride="3">
                            <param name="X" type="float"/>
                            <param name="Y" type="float"/>
                            <param name="Z" type="float"/>
                        </accessor>
                    </technique_common>
                </source>
                <source id="ID321">
                    <float_array id="ID322" count="27">0 0 1 1 0 -0 0 0 -1 -1 0 -0 0 1 -0 0 -1 -0 1 2.36666e-006 -0 -1 -2.36666e-006 -0 1.22176e-008 -1 -0</float_array>
                    <technique_common>
                        <accessor count="9" source="#ID322" stride="3">
                            <param name="X" type="float"/>
                            <param name="Y" type="float"/>
                            <param name="Z" type="float"/>
                        </accessor>
                    </technique_common>
                </source>
                <source id="ID323">
                    <float_array id="ID324" count="2">0 1</float_array>
                    <technique_common>
                        <accessor count="1" source="#ID324" stride="2">
                            <param name="S" type="float"/>
                            <param name="T" type="float"/>
                        </accessor>
                    </technique_common>
                </source>
                <vertices id="ID325">
                    <input semantic="POSITION" source="#ID319"/>
                </vertices>
                <polylist count="42" material="Material1">
                    <input offset="0" semantic="VERTEX" source="#ID325"/>
                    <input offset="1" semantic="NORMAL" source="#ID321"/>
                    <input offset="2" semantic="TEXCOORD" source="#ID323" set="0"/>
                    <vcount>4 4 4 4 4 4 4 4 4 4 4 4 4 4 4 4 4 4 4 4 4 4 4 4 4 4 4 4 4 4 4 4 4 4 4 4 4 4 4 4 4 4</vcount>
                    <p>2 0 0 3 0 0 1 0 0 0 0 0 4 1 0 5 1 0 3 1 0 2 1 0 6 2 0 7 2 0 5 2 0 4 2 0 0 3 0 1 3 0 7 3 0 6 3 0 3 4 0 5 4 0 7 4 0 1 4 0 4 5 0 2 5 0 0 5 0 6 5 0 26 0 0 27 0 0 25 0 0 24 0 0 28 6 0 29 6 0 27 6 0 26 6 0 30 2 0 31 2 0 29 2 0 28 2 0 24 7 0 25 7 0 31 7 0 30 7 0 27 4 0 29 4 0 31 4 0 25 4 0 28 5 0 26 5 0 24 5 0 30 5 0 50 0 0 51 0 0 49 0 0 48 0 0 52 1 0 53 1 0 51 1 0 50 1 0 54 2 0 55 2 0 53 2 0 52 2 0 48 3 0 49 3 0 55 3 0 54 3 0 51 4 0 53 4 0 55 4 0 49 4 0 52 5 0 50 5 0 48 5 0 54 5 0 74 0 0 75 0 0 73 0 0 72 0 0 76 1 0 77 1 0 75 1 0 74 1 0 78 2 0 79 2 0 77 2 0 76 2 0 72 3 0 73 3 0 79 3 0 78 3 0 75 4 0 77 4 0 79 4 0 73 4 0 76 8 0 74 8 0 72 8 0 78 8 0 98 0 0 99 0 0 97 0 0 96 0 0 100 1 0 101 1 0 99 1 0 98 1 0 102 2 0 103 2 0 101 2 0 100 2 0 96 3 0 97 3 0 103 3 0 102 3 0 99 4 0 101 4 0 103 4 0 97 4 0 100 5 0 98 5 0 96 5 0 102 5 0 122 0 0 123 0 0 121 0 0 120 0 0 124 6 0 125 6 0 123 6 0 122 6 0 126 2 0 127 2 0 125 2 0 124 2 0 120 7 0 121 7 0 127 7 0 126 7 0 123 4 0 125 4 0 127 4 0 121 4 0 124 5 0 122 5 0 120 5 0 126 5 0 146 0 0 147 0 0 145 0 0 144 0 0 148 1 0 149 1 0 147 1 0 146 1 0 150 2 0 151 2 0 149 2 0 148 2 0 144 3 0 145 3 0 151 3 0 150 3 0 147 4 0 149 4 0 151 4 0 145 4 0 148 5 0 146 5 0 144 5 0 150 5 0</p>
                </polylist>
            </mesh>
        </geometry>
        <geometry id="ID327">
            <mesh>
                <source id="ID328">
                    <float_array id="ID329" count="72">-93.5692 -6.06017 21.182 -93.5692 6.06017 21.182 -97.8554 -6.06017 18.904 -97.8554 6.06017 18.904 0.0124101 -6.06017 0.937229 0.0124101 6.06017 0.937229 0.0124101 -6.06017 -5.24036 0.012418 6.06017 -5.24036 -90.9549 -6.06017 5.18417 -90.9549 6.06017 5.18417 -96.0844 -6.06017 1.31409 -96.0844 6.06017 1.31409 93.57 -6.06017 21.182 93.57 6.06017 21.182 97.8562 -6.06017 18.904 97.8562 6.06017 18.904 -0.0116624 -6.06017 0.937228 -0.0116624 6.06017 0.937228 -0.0116624 -6.06017 -5.24036 -0.0116703 6.06017 -5.24036 90.9557 -6.06017 5.18417 90.9557 6.06017 5.18417 96.0852 -6.06017 1.31409 96.0852 6.06017 1.31409</float_array>
                    <technique_common>
                        <accessor count="24" source="#ID329" stride="3">
                            <param name="X" type="float"/>
                            <param name="Y" type="float"/>
                            <param name="Z" type="float"/>
                        </accessor>
                    </technique_common>
                </source>
                <source id="ID330">
                    <float_array id="ID331" count="48">-0.695616 1.71059e-008 -0.718414 -0.0680486 2.61408e-008 -0.997682 0 -1 -0 -0.881876 0 0.471482 -0.469311 0 0.883033 0.665178 0 0.746685 0.986909 0 0.161276 0.0466357 0 0.998912 0 1 -0 0.695615 1.71059e-008 -0.718414 0.0680486 2.61408e-008 -0.997682 0.881876 0 0.471482 0.46931 0 0.883033 -0.665178 0 0.746684 -0.986909 0 0.161276 -0.0466357 0 0.998912</float_array>
                    <technique_common>
                        <accessor count="16" source="#ID331" stride="3">
                            <param name="X" type="float"/>
                            <param name="Y" type="float"/>
                            <param name="Z" type="float"/>
                        </accessor>
                    </technique_common>
                </source>
                <source id="ID332">
                    <float_array id="ID333" count="2">0 1</float_array>
                    <technique_common>
                        <accessor count="1" source="#ID333" stride="2">
                            <param name="S" type="float"/>
                            <param name="T" type="float"/>
                        </accessor>
                    </technique_common>
                </source>
                <vertices id="ID334">
                    <input semantic="POSITION" source="#ID328"/>
                </vertices>
                <polylist count="18" material="Material1">
                    <input offset="0" semantic="VERTEX" source="#ID334"/>
                    <input offset="1" semantic="NORMAL" source="#ID330"/>
                    <input offset="2" semantic="TEXCOORD" source="#ID332" set="0"/>
                    <vcount>4 4 4 4 4 4 4 4 4 4 4 4 4 4 4 4 4 4</vcount>
                    <p>11 0 0 7 1 0 6 1 0 10 0 0 10 2 0 6 2 0 4 2 0 8 2 0 10 0 0 2 3 0 3 3 0 11 0 0 0 4 0 1 4 0 3 3 0 2 3 0 9 5 0 1 6 0 0 6 0 8 5 0 10 2 0 8 2 0 0 2 0 2 2 0 5 7 0 9 5 0 8 5 0 4 7 0 11 8 0 3 8 0 1 8 0 9 8 0 7 8 0 11 8 0 9 8 0 5 8 0 18 10 0 19 10 0 23 9 0 22 9 0 16 2 0 18 2 0 22 2 0 20 2 0 15 11 0 14 11 0 22 9 0 23 9 0 15 11 0 13 12 0 12 12 0 14 11 0 12 14 0 13 14 0 21 13 0 20 13 0 12 2 0 20 2 0 22 2 0 14 2 0 20 13 0 21 13 0 17 15 0 16 15 0 13 8 0 15 8 0 23 8 0 21 8 0 21 8 0 23 8 0 19 8 0 17 8 0</p>
                </polylist>
            </mesh>
        </geometry>
        <geometry id="ID336">
            <mesh>
                <source id="ID337">
                    <float_array id="ID338" count="72">-93.5692 -6.06017 21.182 -93.5692 6.06017 21.182 -97.8554 -6.06017 18.904 -97.8554 6.06017 18.904 0.0124101 -6.06017 0.937229 0.0124101 6.06017 0.937229 0.0124101 -6.06017 -5.24036 0.012418 6.06017 -5.24036 -90.9549 -6.06017 5.18417 -90.9549 6.06017 5.18417 -96.0844 -6.06017 1.31409 -96.0844 6.06017 1.31409 93.57 -6.06017 21.182 93.57 6.06017 21.182 97.8562 -6.06017 18.904 97.8562 6.06017 18.904 -0.0116624 -6.06017 0.937228 -0.0116624 6.06017 0.937228 -0.0116624 -6.06017 -5.24036 -0.0116703 6.06017 -5.24036 90.9557 -6.06017 5.18417 90.9557 6.06017 5.18417 96.0852 -6.06017 1.31409 96.0852 6.06017 1.31409</float_array>
                    <technique_common>
                        <accessor count="24" source="#ID338" stride="3">
                            <param name="X" type="float"/>
                            <param name="Y" type="float"/>
                            <param name="Z" type="float"/>
                        </accessor>
                    </technique_common>
                </source>
                <source id="ID339">
                    <float_array id="ID340" count="48">-0.695616 1.71059e-008 -0.718414 -0.0680486 2.61408e-008 -0.997682 0 -1 -0 -0.881876 0 0.471482 -0.469311 0 0.883033 0.665178 0 0.746685 0.986909 0 0.161276 0.0466357 0 0.998912 0 1 -0 0.695615 1.71059e-008 -0.718414 0.0680486 2.61408e-008 -0.997682 0.881876 0 0.471482 0.46931 0 0.883033 -0.665178 0 0.746684 -0.986909 0 0.161276 -0.0466357 0 0.998912</float_array>
                    <technique_common>
                        <accessor count="16" source="#ID340" stride="3">
                            <param name="X" type="float"/>
                            <param name="Y" type="float"/>
                            <param name="Z" type="float"/>
                        </accessor>
                    </technique_common>
                </source>
                <source id="ID341">
                    <float_array id="ID342" count="2">0 1</float_array>
                    <technique_common>
                        <accessor count="1" source="#ID342" stride="2">
                            <param name="S" type="float"/>
                            <param name="T" type="float"/>
                        </accessor>
                    </technique_common>
                </source>
                <vertices id="ID343">
                    <input semantic="POSITION" source="#ID337"/>
                </vertices>
                <polylist count="18" material="Material1">
                    <input offset="0" semantic="VERTEX" source="#ID343"/>
                    <input offset="1" semantic="NORMAL" source="#ID339"/>
                    <input offset="2" semantic="TEXCOORD" source="#ID341" set="0"/>
                    <vcount>4 4 4 4 4 4 4 4 4 4 4 4 4 4 4 4 4 4</vcount>
                    <p>11 0 0 7 1 0 6 1 0 10 0 0 10 2 0 6 2 0 4 2 0 8 2 0 10 0 0 2 3 0 3 3 0 11 0 0 0 4 0 1 4 0 3 3 0 2 3 0 9 5 0 1 6 0 0 6 0 8 5 0 10 2 0 8 2 0 0 2 0 2 2 0 5 7 0 9 5 0 8 5 0 4 7 0 11 8 0 3 8 0 1 8 0 9 8 0 7 8 0 11 8 0 9 8 0 5 8 0 18 10 0 19 10 0 23 9 0 22 9 0 16 2 0 18 2 0 22 2 0 20 2 0 15 11 0 14 11 0 22 9 0 23 9 0 15 11 0 13 12 0 12 12 0 14 11 0 12 14 0 13 14 0 21 13 0 20 13 0 12 2 0 20 2 0 22 2 0 14 2 0 20 13 0 21 13 0 17 15 0 16 15 0 13 8 0 15 8 0 23 8 0 21 8 0 21 8 0 23 8 0 19 8 0 17 8 0</p>
                </polylist>
            </mesh>
        </geometry>
        <geometry id="ID346">
            <mesh>
                <source id="ID347">
                    <float_array id="ID348" count="90">-21.9284 132.813 60.6259 -0.0128021 8.63759 -0.0160522 -0.0128021 8.63759 82.0536 -0.0128021 -14.5441 -0.0160522 -0.996727 14.2126 81.2243 -0.996727 14.2126 -0.325185 -21.3395 129.477 64.0796 -21.3395 129.477 -6.71657 -0.0128021 -14.5441 51.1816 -21.9284 132.813 49.6331 -4.9128 8.20851 65.8105 -0.0128021 2.30952 65.8105 -0.996727 14.2126 65.0842 -21.3395 129.477 50.0677 -21.9284 132.813 -5.21549 -26.7538 131.962 60.6259 -4.93792 8.3508 -0.0160522 -4.9128 8.20851 82.0536 -4.9128 -14.5441 -0.0160522 -5.82215 13.361 81.2243 -5.82215 13.361 -0.325185 -26.165 128.625 64.0796 -26.165 128.625 -6.71657 -4.9128 -14.5441 51.1816 -26.7538 131.962 49.6331 -0.0128021 8.63759 65.8105 -4.9128 2.30952 65.8105 -5.82215 13.361 65.0842 -26.165 128.625 50.0677 -26.7538 131.962 -5.21549</float_array>
                    <technique_common>
                        <accessor count="30" source="#ID348" stride="3">
                            <param name="X" type="float"/>
                            <param name="Y" type="float"/>
                            <param name="Z" type="float"/>
                        </accessor>
                    </technique_common>
                </source>
                <source id="ID349">
                    <float_array id="ID350" count="117">-0.998298 -0.0583138 0.000174596 -0.996188 -0.0872335 9.57664e-005 -1 -0.000182835 0.000173994 -0.984781 -0.173802 -0 -0.984781 -0.173802 9.88156e-009 -0.984781 -0.173802 1.92584e-008 -0.984781 -0.173802 -0 -0.996188 -0.0872335 9.91937e-009 -0.984781 -0.173802 -0 -1 -0.000548505 0.000140434 -0.984781 -0.173802 3.80121e-008 0.843283 -0.44114 0.307031 0.996188 0.0872338 -8.95498e-009 0.998309 0.0581311 -4.95307e-009 0.984781 0.173802 -0 0.984781 0.173802 -1.18945e-008 0.984781 0.173802 -1.04373e-008 0.984781 0.173802 -0 0.805956 -0.245769 0.538547 0.984781 0.173802 -0 1 0 -0 0.984781 0.173803 -1.48089e-008 -0.0223193 0.14618 0.989006 -0.0787476 0.446195 0.891464 0.130481 -0.739325 -0.660586 0.0221168 -0.125316 -0.99187 0.0209956 -0.820593 0.571128 0.0136759 -0.50555 0.862689 -0.160889 0.91162 0.378237 -0.173801 0.984781 -0 0 -1 -0 0 -0.909809 0.415028 0.00343455 -0.0286448 -0.999584 0 0 -1 -0.145676 0.825422 -0.545396 0.173801 -0.984781 -0 -0.0704042 0.398921 -0.914279 0.00686624 -0.0572657 -0.998335 -0.173803 0.984781 -1.86573e-007</float_array>
                    <technique_common>
                        <accessor count="39" source="#ID350" stride="3">
                            <param name="X" type="float"/>
                            <param name="Y" type="float"/>
                            <param name="Z" type="float"/>
                        </accessor>
                    </technique_common>
                </source>
                <source id="ID351">
                    <float_array id="ID352" count="2">0 1</float_array>
                    <technique_common>
                        <accessor count="1" source="#ID352" stride="2">
                            <param name="S" type="float"/>
                            <param name="T" type="float"/>
                        </accessor>
                    </technique_common>
                </source>
                <vertices id="ID353">
                    <input semantic="POSITION" source="#ID347"/>
                </vertices>
                <polylist count="30" material="Material1">
                    <input offset="0" semantic="VERTEX" source="#ID353"/>
                    <input offset="1" semantic="NORMAL" source="#ID349"/>
                    <input offset="2" semantic="TEXCOORD" source="#ID351" set="0"/>
                    <vcount>3 4 3 4 4 4 4 4 3 4 3 4 4 4 4 4 4 4 4 4 4 4 4 4 4 4 4 4 4 4</vcount>
                    <p>26 2 0 10 1 0 16 0 0 28 6 0 27 5 0 19 4 0 21 3 0 10 1 0 26 2 0 17 7 0 24 8 0 28 6 0 21 3 0 15 8 0 23 9 0 26 2 0 16 0 0 18 9 0 17 7 0 19 4 0 27 5 0 10 1 0 29 8 0 22 8 0 28 6 0 24 8 0 10 1 0 27 5 0 20 10 0 16 0 0 1 13 0 25 12 0 11 11 0 6 17 0 4 16 0 12 15 0 13 14 0 2 18 0 11 11 0 25 12 0 0 19 0 6 17 0 13 14 0 9 19 0 3 20 0 1 13 0 11 11 0 8 20 0 25 12 0 12 15 0 4 16 0 2 18 0 9 19 0 13 14 0 7 19 0 14 19 0 1 13 0 5 21 0 12 15 0 25 12 0 6 23 0 21 23 0 19 22 0 4 22 0 12 25 0 27 25 0 28 24 0 13 24 0 2 18 0 17 27 0 26 26 0 11 11 0 9 29 0 24 29 0 15 28 0 0 28 0 0 28 0 15 28 0 21 23 0 6 23 0 8 31 0 23 31 0 18 30 0 3 30 0 3 33 0 18 33 0 16 32 0 1 32 0 11 11 0 26 26 0 23 31 0 8 31 0 4 22 0 19 22 0 17 27 0 2 18 0 14 34 0 29 34 0 24 29 0 9 29 0 13 24 0 28 24 0 22 35 0 7 35 0 7 36 0 22 36 0 29 34 0 14 34 0 1 32 0 16 32 0 20 37 0 5 37 0 5 38 0 20 38 0 27 38 0 12 38 0</p>
                </polylist>
            </mesh>
        </geometry>
        <geometry id="ID355">
            <mesh>
                <source id="ID356">
                    <float_array id="ID357" count="24">-2.60898 -2.60898 5.16969 -2.60898 2.60898 5.16969 2.60898 -2.60898 5.16969 2.60898 2.60898 5.16969 2.60898 -2.60898 -5.16969 2.60898 2.60898 -5.16969 -2.60898 -2.60898 -5.16969 -2.60898 2.60898 -5.16969</float_array>
                    <technique_common>
                        <accessor count="8" source="#ID357" stride="3">
                            <param name="X" type="float"/>
                            <param name="Y" type="float"/>
                            <param name="Z" type="float"/>
                        </accessor>
                    </technique_common>
                </source>
                <source id="ID358">
                    <float_array id="ID359" count="18">0 0 1 1 0 -0 0 0 -1 -1 0 -0 0 1 -0 0 -1 -0</float_array>
                    <technique_common>
                        <accessor count="6" source="#ID359" stride="3">
                            <param name="X" type="float"/>
                            <param name="Y" type="float"/>
                            <param name="Z" type="float"/>
                        </accessor>
                    </technique_common>
                </source>
                <source id="ID360">
                    <float_array id="ID361" count="2">0 1</float_array>
                    <technique_common>
                        <accessor count="1" source="#ID361" stride="2">
                            <param name="S" type="float"/>
                            <param name="T" type="float"/>
                        </accessor>
                    </technique_common>
                </source>
                <vertices id="ID362">
                    <input semantic="POSITION" source="#ID356"/>
                </vertices>
                <polylist count="6" material="Material1">
                    <input offset="0" semantic="VERTEX" source="#ID362"/>
                    <input offset="1" semantic="NORMAL" source="#ID358"/>
                    <input offset="2" semantic="TEXCOORD" source="#ID360" set="0"/>
                    <vcount>4 4 4 4 4 4</vcount>
                    <p>2 0 0 3 0 0 1 0 0 0 0 0 4 1 0 5 1 0 3 1 0 2 1 0 6 2 0 7 2 0 5 2 0 4 2 0 0 3 0 1 3 0 7 3 0 6 3 0 3 4 0 5 4 0 7 4 0 1 4 0 4 5 0 2 5 0 0 5 0 6 5 0</p>
                </polylist>
            </mesh>
        </geometry>
        <geometry id="ID364">
            <mesh>
                <source id="ID365">
                    <float_array id="ID366" count="24">90.9053 31.6387 -12.5234 70.5625 146.903 -18.9147 90.9053 31.6387 52.886 70.5625 146.903 37.8696 86.0798 30.7871 -12.5234 65.737 146.051 -18.9147 86.0798 30.7871 52.886 65.737 146.051 37.8696</float_array>
                    <technique_common>
                        <accessor count="8" source="#ID366" stride="3">
                            <param name="X" type="float"/>
                            <param name="Y" type="float"/>
                            <param name="Z" type="float"/>
                        </accessor>
                    </technique_common>
                </source>
                <source id="ID367">
                    <float_array id="ID368" count="24">-0.984781 -0.173802 1.59446e-008 0.984781 0.173802 -1.52043e-008 0.00947647 -0.0536948 -0.998513 0.126203 -0.715077 -0.687559 -0.130481 0.739325 0.660586 -0.173801 0.984781 -0 -0.0221168 0.125316 0.99187 0.173802 -0.984781 1.72439e-007</float_array>
                    <technique_common>
                        <accessor count="8" source="#ID368" stride="3">
                            <param name="X" type="float"/>
                            <param name="Y" type="float"/>
                            <param name="Z" type="float"/>
                        </accessor>
                    </technique_common>
                </source>
                <source id="ID369">
                    <float_array id="ID370" count="2">0 1</float_array>
                    <technique_common>
                        <accessor count="1" source="#ID370" stride="2">
                            <param name="S" type="float"/>
                            <param name="T" type="float"/>
                        </accessor>
                    </technique_common>
                </source>
                <vertices id="ID371">
                    <input semantic="POSITION" source="#ID365"/>
                </vertices>
                <polylist count="6" material="Material1">
                    <input offset="0" semantic="VERTEX" source="#ID371"/>
                    <input offset="1" semantic="NORMAL" source="#ID367"/>
                    <input offset="2" semantic="TEXCOORD" source="#ID369" set="0"/>
                    <vcount>4 4 4 4 4 4</vcount>
                    <p>4 0 0 6 0 0 7 0 0 5 0 0 1 1 0 3 1 0 2 1 0 0 1 0 0 3 0 4 3 0 5 2 0 1 2 0 1 5 0 5 5 0 7 4 0 3 4 0 3 4 0 7 4 0 6 6 0 2 6 0 2 7 0 6 7 0 4 3 0 0 3 0</p>
                </polylist>
            </mesh>
        </geometry>
        <geometry id="ID373">
            <mesh>
                <source id="ID374">
                    <float_array id="ID375" count="90">21.9284 132.813 60.6259 0.0128021 8.63759 -0.0160522 0.0128021 8.63759 82.0536 0.0128021 -14.5441 -0.0160522 0.996719 14.2126 81.2243 0.996719 14.2126 -0.325185 21.3396 129.477 64.0796 21.3396 129.477 -6.71657 0.0128021 -14.5441 51.1816 21.9284 132.813 49.6331 4.9128 8.20851 65.8105 0.0128021 2.30952 65.8105 0.996719 14.2126 65.0842 21.3396 129.477 50.0677 21.9284 132.813 -5.21549 26.7538 131.962 60.6259 4.93791 8.3508 -0.0160522 4.9128 8.20851 82.0536 4.9128 -14.5441 -0.0160522 5.82216 13.361 81.2243 5.82216 13.361 -0.325185 26.165 128.625 64.0796 26.165 128.625 -6.71657 4.9128 -14.5441 51.1816 26.7538 131.962 49.6331 0.0128021 8.63759 65.8105 4.9128 2.30952 65.8105 5.82216 13.361 65.0842 26.165 128.625 50.0677 26.7538 131.962 -5.21549</float_array>
                    <technique_common>
                        <accessor count="30" source="#ID375" stride="3">
                            <param name="X" type="float"/>
                            <param name="Y" type="float"/>
                            <param name="Z" type="float"/>
                        </accessor>
                    </technique_common>
                </source>
                <source id="ID376">
                    <float_array id="ID377" count="126">0.98478 -0.173804 -0 0.98478 -0.173804 6.8463e-009 0.98478 -0.173804 -0 0.996188 -0.087235 9.57661e-005 0.998298 -0.0583147 0.000174596 1 -0.000182835 0.000173994 0.98478 -0.173803 1.02695e-008 0.98478 -0.173804 -0 1 -0.000548505 0.000140434 0.996188 -0.087235 1.03089e-008 0.98478 -0.173803 2.05391e-008 0.98478 -0.173804 2.5612e-008 0.98478 -0.173805 3.57578e-008 -0.984781 0.1738 -0 -0.984781 0.173801 -0 -0.843312 -0.441097 0.307015 -0.998309 0.0581307 -4.95308e-009 -0.996188 0.0872331 -8.95499e-009 -0.984781 0.1738 -0 -0.984781 0.173801 -0 -1 0 -0 -0.805924 -0.245802 0.538579 -0.984781 0.173802 -1.18945e-008 -0.984781 0.173802 -1.04373e-008 -0.984781 0.173801 -1.48089e-008 0.0704044 0.398921 -0.914279 0.145676 0.825422 -0.545396 -0.130481 -0.739325 -0.660586 -0.173801 -0.984781 -0 0.173801 0.984781 -0 0.160889 0.91162 0.378237 0.0787477 0.446195 0.891464 -0.0211783 -0.820577 0.571143 0 -0.909809 0.415028 0 0 -1 -0.00325793 -0.0286759 -0.999583 0 -1 -0 -0.0135813 -0.505569 0.862679 0.0225695 0.146136 0.989007 -0.0221168 -0.125316 -0.99187 0.173802 0.984781 -1.86573e-007 -0.00651315 -0.0573279 -0.998334</float_array>
                    <technique_common>
                        <accessor count="42" source="#ID377" stride="3">
                            <param name="X" type="float"/>
                            <param name="Y" type="float"/>
                            <param name="Z" type="float"/>
                        </accessor>
                    </technique_common>
                </source>
                <source id="ID378">
                    <float_array id="ID379" count="2">0 1</float_array>
                    <technique_common>
                        <accessor count="1" source="#ID379" stride="2">
                            <param name="S" type="float"/>
                            <param name="T" type="float"/>
                        </accessor>
                    </technique_common>
                </source>
                <vertices id="ID380">
                    <input semantic="POSITION" source="#ID374"/>
                </vertices>
                <polylist count="30" material="Material1">
                    <input offset="0" semantic="VERTEX" source="#ID380"/>
                    <input offset="1" semantic="NORMAL" source="#ID376"/>
                    <input offset="2" semantic="TEXCOORD" source="#ID378" set="0"/>
                    <vcount>4 3 4 4 3 4 4 4 4 3 4 4 3 4 4 4 4 4 4 4 4 4 4 4 4 4 4 4 4 4</vcount>
                    <p>29 0 0 24 2 0 28 1 0 22 0 0 26 5 0 16 4 0 10 3 0 24 2 0 15 7 0 21 6 0 28 1 0 23 8 0 18 8 0 16 4 0 26 5 0 10 3 0 17 9 0 26 5 0 17 9 0 10 3 0 27 11 0 19 10 0 28 1 0 21 6 0 19 10 0 27 11 0 16 4 0 20 12 0 27 11 0 10 3 0 7 13 0 13 14 0 9 13 0 14 13 0 25 17 0 1 16 0 11 15 0 13 14 0 6 19 0 0 18 0 9 13 0 11 15 0 1 16 0 3 20 0 8 20 0 11 15 0 2 21 0 25 17 0 4 23 0 12 22 0 25 17 0 2 21 0 12 22 0 4 23 0 6 19 0 13 14 0 25 17 0 12 22 0 5 24 0 1 16 0 14 26 0 29 26 0 22 25 0 7 25 0 7 28 0 22 28 0 28 27 0 13 27 0 9 29 0 24 29 0 29 26 0 14 26 0 6 31 0 21 31 0 15 30 0 0 30 0 0 30 0 15 30 0 24 29 0 9 29 0 8 33 0 23 33 0 26 32 0 11 15 0 1 35 0 16 35 0 18 34 0 3 34 0 3 36 0 18 36 0 23 33 0 8 33 0 11 15 0 26 32 0 17 37 0 2 21 0 2 21 0 17 37 0 19 38 0 4 38 0 13 27 0 28 27 0 27 39 0 12 39 0 4 38 0 19 38 0 21 31 0 6 31 0 12 40 0 27 40 0 20 40 0 5 40 0 5 41 0 20 41 0 16 35 0 1 35 0</p>
                </polylist>
            </mesh>
        </geometry>
        <geometry id="ID382">
            <mesh>
                <source id="ID383">
                    <float_array id="ID384" count="24">-2.60898 -2.60898 5.16969 -2.60898 2.60898 5.16969 2.60898 -2.60898 5.16969 2.60898 2.60898 5.16969 2.60898 -2.60898 -5.16969 2.60898 2.60898 -5.16969 -2.60898 -2.60898 -5.16969 -2.60898 2.60898 -5.16969</float_array>
                    <technique_common>
                        <accessor count="8" source="#ID384" stride="3">
                            <param name="X" type="float"/>
                            <param name="Y" type="float"/>
                            <param name="Z" type="float"/>
                        </accessor>
                    </technique_common>
                </source>
                <source id="ID385">
                    <float_array id="ID386" count="18">0 0 1 1 0 -0 0 0 -1 -1 0 -0 0 1 -0 0 -1 -0</float_array>
                    <technique_common>
                        <accessor count="6" source="#ID386" stride="3">
                            <param name="X" type="float"/>
                            <param name="Y" type="float"/>
                            <param name="Z" type="float"/>
                        </accessor>
                    </technique_common>
                </source>
                <source id="ID387">
                    <float_array id="ID388" count="2">0 1</float_array>
                    <technique_common>
                        <accessor count="1" source="#ID388" stride="2">
                            <param name="S" type="float"/>
                            <param name="T" type="float"/>
                        </accessor>
                    </technique_common>
                </source>
                <vertices id="ID389">
                    <input semantic="POSITION" source="#ID383"/>
                </vertices>
                <polylist count="6" material="Material1">
                    <input offset="0" semantic="VERTEX" source="#ID389"/>
                    <input offset="1" semantic="NORMAL" source="#ID385"/>
                    <input offset="2" semantic="TEXCOORD" source="#ID387" set="0"/>
                    <vcount>4 4 4 4 4 4</vcount>
                    <p>2 0 0 3 0 0 1 0 0 0 0 0 4 1 0 5 1 0 3 1 0 2 1 0 6 2 0 7 2 0 5 2 0 4 2 0 0 3 0 1 3 0 7 3 0 6 3 0 3 4 0 5 4 0 7 4 0 1 4 0 4 5 0 2 5 0 0 5 0 6 5 0</p>
                </polylist>
            </mesh>
        </geometry>
        <geometry id="ID391">
            <mesh>
                <source id="ID392">
                    <float_array id="ID393" count="24">-90.9053 31.6387 -12.5234 -70.5625 146.903 -18.9147 -90.9053 31.6387 52.886 -70.5625 146.903 37.8696 -86.0798 30.7871 -12.5234 -65.737 146.051 -18.9147 -86.0798 30.7871 52.886 -65.737 146.051 37.8696</float_array>
                    <technique_common>
                        <accessor count="8" source="#ID393" stride="3">
                            <param name="X" type="float"/>
                            <param name="Y" type="float"/>
                            <param name="Z" type="float"/>
                        </accessor>
                    </technique_common>
                </source>
                <source id="ID394">
                    <float_array id="ID395" count="24">0.984781 -0.173802 1.52043e-008 -0.984781 0.173802 -1.52043e-008 -0.173802 -0.984781 1.71696e-007 -0.126203 -0.715077 -0.687559 0.130481 0.739325 0.660586 0.0221166 0.125316 0.99187 0.173801 0.984781 -0 -0.00947646 -0.0536948 -0.998513</float_array>
                    <technique_common>
                        <accessor count="8" source="#ID395" stride="3">
                            <param name="X" type="float"/>
                            <param name="Y" type="float"/>
                            <param name="Z" type="float"/>
                        </accessor>
                    </technique_common>
                </source>
                <source id="ID396">
                    <float_array id="ID397" count="2">0 1</float_array>
                    <technique_common>
                        <accessor count="1" source="#ID397" stride="2">
                            <param name="S" type="float"/>
                            <param name="T" type="float"/>
                        </accessor>
                    </technique_common>
                </source>
                <vertices id="ID398">
                    <input semantic="POSITION" source="#ID392"/>
                </vertices>
                <polylist count="6" material="Material1">
                    <input offset="0" semantic="VERTEX" source="#ID398"/>
                    <input offset="1" semantic="NORMAL" source="#ID394"/>
                    <input offset="2" semantic="TEXCOORD" source="#ID396" set="0"/>
                    <vcount>4 4 4 4 4 4</vcount>
                    <p>4 0 0 5 0 0 7 0 0 6 0 0 2 1 0 3 1 0 1 1 0 0 1 0 0 3 0 4 3 0 6 2 0 2 2 0 2 5 0 6 5 0 7 4 0 3 4 0 3 4 0 7 4 0 5 6 0 1 6 0 1 7 0 5 7 0 4 3 0 0 3 0</p>
                </polylist>
            </mesh>
        </geometry>
        <geometry id="ID400">
            <mesh>
                <source id="ID401">
                    <float_array id="ID402" count="90">21.9284 127.501 16.9613 21.9284 127.501 78.3386 21.3395 124.165 16.6627 0.0128021 -19.6593 85.7014 0.0128021 3.3254 -0.195847 0.0128021 -19.2918 3.08851 0.0128021 3.3254 85.6369 0.996727 8.9004 85.3988 4.9128 2.89632 3.08604 21.3395 124.165 80.4763 0.996727 8.90041 0.46489 21.3395 124.165 14.1257 0.996727 8.90041 3.71242 0.0128021 -19.2772 -0.195847 21.9284 127.501 14.5211 26.7538 126.65 16.9613 26.7538 126.65 78.3386 26.165 123.313 16.6627 4.9128 -19.6593 85.7014 4.9128 2.89632 -0.195847 4.9128 -19.2918 3.08851 4.9128 2.89632 85.6369 5.82215 8.04877 85.3988 0.0128021 3.3254 3.08604 26.165 123.313 80.4763 5.82215 8.04878 0.46489 26.165 123.313 14.1257 5.82215 8.04878 3.71242 4.9128 -19.2772 -0.195847 26.7538 126.65 14.5211</float_array>
                    <technique_common>
                        <accessor count="30" source="#ID402" stride="3">
                            <param name="X" type="float"/>
                            <param name="Y" type="float"/>
                            <param name="Z" type="float"/>
                        </accessor>
                    </technique_common>
                </source>
                <source id="ID403">
                    <float_array id="ID404" count="120">0.996188 -0.0872336 -4.05987e-009 0.996188 -0.0872335 -0 1 0 -0 0.984781 -0.173802 -0 0.984781 -0.173802 -0 0.984781 -0.173802 -0 0.984781 -0.173802 -5.39252e-009 0.984781 -0.173801 -0 0.996188 -0.0872336 -8.11973e-009 0.984781 -0.173802 -1.61776e-008 -1 0 -0 -0.996188 0.0872337 -0 -0.996188 0.0872338 3.56454e-009 -0.984781 0.173802 4.7346e-009 -0.984781 0.173802 -0 -0.984781 0.173802 -0 -0.984781 0.173802 -0 -0.984781 0.173801 -0 -0.984781 0.173801 -0 -0.984781 0.173803 1.42038e-008 -0.996188 0.0872338 7.12908e-009 -0.984781 0.173801 -0 0 0 -1 0.00779423 0.0599726 -0.99817 0 -0.99999 -0.00444837 0 -0.99999 -0.00444841 -0.129477 -0.733636 0.667094 -0.0191132 -0.108298 0.993935 0.0178542 0.116945 -0.992978 0.0201481 0.114162 -0.993258 -0.173801 -0.984781 -0 0.152194 0.862354 0.48289 0.0927462 0.525514 0.845715 0.173801 0.984781 -0 0.124302 0.711632 0.691469 0.00295829 0.0231169 0.999728 0.173803 0.984781 1.72211e-007 0 -0.99999 -0.00444833 0.000125112 0.00283083 0.999996 0.129824 0.735601 -0.664859</float_array>
                    <technique_common>
                        <accessor count="40" source="#ID404" stride="3">
                            <param name="X" type="float"/>
                            <param name="Y" type="float"/>
                            <param name="Z" type="float"/>
                        </accessor>
                    </technique_common>
                </source>
                <source id="ID405">
                    <float_array id="ID406" count="2">0 1</float_array>
                    <technique_common>
                        <accessor count="1" source="#ID406" stride="2">
                            <param name="S" type="float"/>
                            <param name="T" type="float"/>
                        </accessor>
                    </technique_common>
                </source>
                <vertices id="ID407">
                    <input semantic="POSITION" source="#ID401"/>
                </vertices>
                <polylist count="28" material="Material1">
                    <input offset="0" semantic="VERTEX" source="#ID407"/>
                    <input offset="1" semantic="NORMAL" source="#ID403"/>
                    <input offset="2" semantic="TEXCOORD" source="#ID405" set="0"/>
                    <vcount>4 4 4 4 4 4 4 4 4 4 4 4 4 4 4 4 4 4 4 4 4 4 4 4 4 4 4 4</vcount>
                    <p>20 2 0 28 2 0 19 1 0 8 0 0 27 6 0 25 5 0 26 4 0 17 3 0 15 7 0 16 7 0 24 7 0 17 3 0 27 6 0 22 9 0 21 8 0 8 0 0 8 0 0 19 1 0 25 5 0 27 6 0 21 8 0 18 2 0 20 2 0 8 0 0 17 3 0 26 4 0 29 7 0 15 7 0 23 12 0 4 11 0 13 10 0 5 10 0 2 16 0 11 15 0 10 14 0 12 13 0 2 16 0 9 18 0 1 18 0 0 17 0 23 12 0 6 20 0 7 19 0 12 13 0 12 13 0 10 14 0 4 11 0 23 12 0 23 12 0 5 10 0 3 10 0 6 20 0 0 17 0 14 21 0 11 15 0 2 16 0 4 23 0 19 23 0 28 22 0 13 22 0 13 25 0 28 25 0 20 24 0 5 24 0 12 27 0 27 27 0 17 26 0 2 26 0 11 29 0 26 29 0 25 28 0 10 28 0 2 26 0 17 26 0 24 30 0 9 30 0 9 32 0 24 32 0 16 31 0 1 31 0 1 31 0 16 31 0 15 33 0 0 33 0 6 35 0 21 35 0 22 34 0 7 34 0 7 34 0 22 34 0 27 36 0 12 36 0 10 28 0 25 28 0 19 23 0 4 23 0 5 24 0 20 24 0 18 37 0 3 37 0 3 38 0 18 38 0 21 35 0 6 35 0 0 33 0 15 33 0 29 39 0 14 39 0 14 39 0 29 39 0 26 29 0 11 29 0</p>
                </polylist>
            </mesh>
        </geometry>
        <geometry id="ID409">
            <mesh>
                <source id="ID410">
                    <float_array id="ID411" count="24">-2.60898 -2.60898 5.16969 -2.60898 2.60898 5.16969 2.60898 -2.60898 5.16969 2.60898 2.60898 5.16969 2.60898 -2.60898 -5.16969 2.60898 2.60898 -5.16969 -2.60898 -2.60898 -5.16969 -2.60898 2.60898 -5.16969</float_array>
                    <technique_common>
                        <accessor count="8" source="#ID411" stride="3">
                            <param name="X" type="float"/>
                            <param name="Y" type="float"/>
                            <param name="Z" type="float"/>
                        </accessor>
                    </technique_common>
                </source>
                <source id="ID412">
                    <float_array id="ID413" count="18">0 0 1 1 0 -0 0 0 -1 -1 0 -0 0 1 -0 0 -1 -0</float_array>
                    <technique_common>
                        <accessor count="6" source="#ID413" stride="3">
                            <param name="X" type="float"/>
                            <param name="Y" type="float"/>
                            <param name="Z" type="float"/>
                        </accessor>
                    </technique_common>
                </source>
                <source id="ID414">
                    <float_array id="ID415" count="2">0 1</float_array>
                    <technique_common>
                        <accessor count="1" source="#ID415" stride="2">
                            <param name="S" type="float"/>
                            <param name="T" type="float"/>
                        </accessor>
                    </technique_common>
                </source>
                <vertices id="ID416">
                    <input semantic="POSITION" source="#ID410"/>
                </vertices>
                <polylist count="6" material="Material1">
                    <input offset="0" semantic="VERTEX" source="#ID416"/>
                    <input offset="1" semantic="NORMAL" source="#ID412"/>
                    <input offset="2" semantic="TEXCOORD" source="#ID414" set="0"/>
                    <vcount>4 4 4 4 4 4</vcount>
                    <p>2 0 0 3 0 0 1 0 0 0 0 0 4 1 0 5 1 0 3 1 0 2 1 0 6 2 0 7 2 0 5 2 0 4 2 0 0 3 0 1 3 0 7 3 0 6 3 0 3 4 0 5 4 0 7 4 0 1 4 0 4 5 0 2 5 0 0 5 0 6 5 0</p>
                </polylist>
            </mesh>
        </geometry>
        <geometry id="ID418">
            <mesh>
                <source id="ID419">
                    <float_array id="ID420" count="24">-70.5625 146.903 -87.9729 -90.9053 31.6387 -19.2367 -70.5625 146.903 -24.1593 -90.9053 31.6387 -100.923 -65.737 146.051 -87.9729 -86.0798 30.7871 -19.2367 -65.737 146.051 -24.1593 -86.0798 30.7871 -100.923</float_array>
                    <technique_common>
                        <accessor count="8" source="#ID420" stride="3">
                            <param name="X" type="float"/>
                            <param name="Y" type="float"/>
                            <param name="Z" type="float"/>
                        </accessor>
                    </technique_common>
                </source>
                <source id="ID421">
                    <float_array id="ID422" count="21">0.984781 -0.173802 -1.42038e-008 -0.984781 0.173802 2.55349e-008 0.0191133 0.108298 -0.993935 0.129477 0.733636 -0.667094 -0.173802 -0.984781 -1.61489e-007 0.125451 0.710825 0.692091 0.00730297 0.0413796 0.999117</float_array>
                    <technique_common>
                        <accessor count="7" source="#ID422" stride="3">
                            <param name="X" type="float"/>
                            <param name="Y" type="float"/>
                            <param name="Z" type="float"/>
                        </accessor>
                    </technique_common>
                </source>
                <source id="ID423">
                    <float_array id="ID424" count="2">0 1</float_array>
                    <technique_common>
                        <accessor count="1" source="#ID424" stride="2">
                            <param name="S" type="float"/>
                            <param name="T" type="float"/>
                        </accessor>
                    </technique_common>
                </source>
                <vertices id="ID425">
                    <input semantic="POSITION" source="#ID419"/>
                </vertices>
                <polylist count="6" material="Material1">
                    <input offset="0" semantic="VERTEX" source="#ID425"/>
                    <input offset="1" semantic="NORMAL" source="#ID421"/>
                    <input offset="2" semantic="TEXCOORD" source="#ID423" set="0"/>
                    <vcount>4 4 4 4 4 4</vcount>
                    <p>4 0 0 6 0 0 5 0 0 7 0 0 3 1 0 1 1 0 2 1 0 0 1 0 0 3 0 4 3 0 7 2 0 3 2 0 3 4 0 7 4 0 5 4 0 1 4 0 1 6 0 5 6 0 6 5 0 2 5 0 2 5 0 6 5 0 4 3 0 0 3 0</p>
                </polylist>
            </mesh>
        </geometry>
        <geometry id="ID427">
            <mesh>
                <source id="ID428">
                    <float_array id="ID429" count="90">-21.9285 127.501 16.9613 -21.9285 127.501 78.3386 -21.3396 124.165 16.6627 -0.0129013 -19.6593 85.7014 -0.0129013 3.3254 -0.195847 -0.0129013 -19.2918 3.08851 -0.0129013 3.3254 85.6369 -0.996826 8.9004 85.3988 -4.9129 2.89632 3.08604 -21.3396 124.165 80.4763 -0.996826 8.90041 0.46489 -21.3396 124.165 14.1257 -0.996826 8.90041 3.71242 -0.0129013 -19.2772 -0.195847 -21.9285 127.501 14.5211 -26.7539 126.65 16.9613 -26.7539 126.65 78.3386 -26.1651 123.313 16.6627 -4.9129 -19.6593 85.7014 -4.9129 2.89632 -0.195847 -4.9129 -19.2918 3.08851 -4.9129 2.89632 85.6369 -5.82225 8.04877 85.3988 -0.0129013 3.3254 3.08604 -26.1651 123.313 80.4763 -5.82225 8.04878 0.46489 -26.1651 123.313 14.1257 -5.82225 8.04878 3.71242 -4.9129 -19.2772 -0.195847 -26.7539 126.65 14.5211</float_array>
                    <technique_common>
                        <accessor count="30" source="#ID429" stride="3">
                            <param name="X" type="float"/>
                            <param name="Y" type="float"/>
                            <param name="Z" type="float"/>
                        </accessor>
                    </technique_common>
                </source>
                <source id="ID430">
                    <float_array id="ID431" count="126">-1 0 -0 -0.996188 -0.0872336 -4.07374e-009 -0.996188 -0.0872336 -8.14749e-009 -0.984781 -0.173802 -0 -0.984781 -0.173801 -0 -0.984781 -0.173801 -0 -0.984781 -0.173802 -0 -0.996188 -0.0872335 -0 -0.984781 -0.173802 -0 -0.984781 -0.173802 -5.41095e-009 -0.984781 -0.173802 -1.62329e-008 -0.984781 -0.173801 -0 0.996188 0.0872338 7.12908e-009 0.996188 0.0872338 3.56454e-009 1 0 -0 0.984781 0.173802 -0 0.984781 0.173801 -0 0.984781 0.173801 -0 0.984781 0.173802 -0 0.984781 0.173802 4.7346e-009 0.984781 0.173802 -0 0.996188 0.0872337 -0 0.984781 0.173803 1.42038e-008 0.984781 0.173801 -0 -0.000122777 0.00283083 0.999996 -0.00288296 0.02313 0.999728 0 -0.99999 -0.00444837 0 -0.99999 -0.00444833 -0.129824 0.735601 -0.664859 -0.0201481 0.114162 -0.993258 -0.173801 0.984781 -0 -0.018056 0.116909 -0.992978 -0.00799648 0.0599371 -0.99817 -0.124199 0.71165 0.691468 -0.173803 0.984781 1.72806e-007 0 -0.99999 -0.00444841 0 0 -1 0.0191133 -0.108298 0.993935 0.129477 -0.733636 0.667094 -0.152194 0.862354 0.48289 -0.0927462 0.525514 0.845715 0.173801 -0.984781 -0</float_array>
                    <technique_common>
                        <accessor count="42" source="#ID431" stride="3">
                            <param name="X" type="float"/>
                            <param name="Y" type="float"/>
                            <param name="Z" type="float"/>
                        </accessor>
                    </technique_common>
                </source>
                <source id="ID432">
                    <float_array id="ID433" count="2">0 1</float_array>
                    <technique_common>
                        <accessor count="1" source="#ID433" stride="2">
                            <param name="S" type="float"/>
                            <param name="T" type="float"/>
                        </accessor>
                    </technique_common>
                </source>
                <vertices id="ID434">
                    <input semantic="POSITION" source="#ID428"/>
                </vertices>
                <polylist count="28" material="Material1">
                    <input offset="0" semantic="VERTEX" source="#ID434"/>
                    <input offset="1" semantic="NORMAL" source="#ID430"/>
                    <input offset="2" semantic="TEXCOORD" source="#ID432" set="0"/>
                    <vcount>4 4 4 4 4 4 4 4 4 4 4 4 4 4 4 4 4 4 4 4 4 4 4 4 4 4 4 4</vcount>
                    <p>21 2 0 8 1 0 20 0 0 18 0 0 17 6 0 15 5 0 29 4 0 26 3 0 8 1 0 27 9 0 25 8 0 19 7 0 27 9 0 8 1 0 21 2 0 22 10 0 20 0 0 8 1 0 19 7 0 28 0 0 27 9 0 17 6 0 26 3 0 25 8 0 15 5 0 17 6 0 24 11 0 16 11 0 3 14 0 5 14 0 23 13 0 6 12 0 11 18 0 14 17 0 0 16 0 2 15 0 4 21 0 10 20 0 12 19 0 23 13 0 7 22 0 6 12 0 23 13 0 12 19 0 13 14 0 4 21 0 23 13 0 5 14 0 10 20 0 11 18 0 2 15 0 12 19 0 1 23 0 9 23 0 2 15 0 0 16 0 6 25 0 21 25 0 18 24 0 3 24 0 3 27 0 18 27 0 20 26 0 5 26 0 11 29 0 26 29 0 29 28 0 14 28 0 14 28 0 29 28 0 15 30 0 0 30 0 4 32 0 19 32 0 25 31 0 10 31 0 12 34 0 27 34 0 22 33 0 7 33 0 7 33 0 22 33 0 21 25 0 6 25 0 5 26 0 20 26 0 28 35 0 13 35 0 13 36 0 28 36 0 19 32 0 4 32 0 10 31 0 25 31 0 26 29 0 11 29 0 2 38 0 17 38 0 27 37 0 12 37 0 0 30 0 15 30 0 16 39 0 1 39 0 1 39 0 16 39 0 24 40 0 9 40 0 9 41 0 24 41 0 17 38 0 2 38 0</p>
                </polylist>
            </mesh>
        </geometry>
        <geometry id="ID436">
            <mesh>
                <source id="ID437">
                    <float_array id="ID438" count="24">-2.60898 -2.60898 5.16969 -2.60898 2.60898 5.16969 2.60898 -2.60898 5.16969 2.60898 2.60898 5.16969 2.60898 -2.60898 -5.16969 2.60898 2.60898 -5.16969 -2.60898 -2.60898 -5.16969 -2.60898 2.60898 -5.16969</float_array>
                    <technique_common>
                        <accessor count="8" source="#ID438" stride="3">
                            <param name="X" type="float"/>
                            <param name="Y" type="float"/>
                            <param name="Z" type="float"/>
                        </accessor>
                    </technique_common>
                </source>
                <source id="ID439">
                    <float_array id="ID440" count="18">0 0 1 1 0 -0 0 0 -1 -1 0 -0 0 1 -0 0 -1 -0</float_array>
                    <technique_common>
                        <accessor count="6" source="#ID440" stride="3">
                            <param name="X" type="float"/>
                            <param name="Y" type="float"/>
                            <param name="Z" type="float"/>
                        </accessor>
                    </technique_common>
                </source>
                <source id="ID441">
                    <float_array id="ID442" count="2">0 1</float_array>
                    <technique_common>
                        <accessor count="1" source="#ID442" stride="2">
                            <param name="S" type="float"/>
                            <param name="T" type="float"/>
                        </accessor>
                    </technique_common>
                </source>
                <vertices id="ID443">
                    <input semantic="POSITION" source="#ID437"/>
                </vertices>
                <polylist count="6" material="Material1">
                    <input offset="0" semantic="VERTEX" source="#ID443"/>
                    <input offset="1" semantic="NORMAL" source="#ID439"/>
                    <input offset="2" semantic="TEXCOORD" source="#ID441" set="0"/>
                    <vcount>4 4 4 4 4 4</vcount>
                    <p>2 0 0 3 0 0 1 0 0 0 0 0 4 1 0 5 1 0 3 1 0 2 1 0 6 2 0 7 2 0 5 2 0 4 2 0 0 3 0 1 3 0 7 3 0 6 3 0 3 4 0 5 4 0 7 4 0 1 4 0 4 5 0 2 5 0 0 5 0 6 5 0</p>
                </polylist>
            </mesh>
        </geometry>
        <geometry id="ID445">
            <mesh>
                <source id="ID446">
                    <float_array id="ID447" count="24">70.5625 146.903 -87.9729 90.9053 31.6387 -19.2367 70.5625 146.903 -24.1593 90.9053 31.6387 -100.923 65.737 146.051 -87.9729 86.0798 30.7871 -19.2367 65.737 146.051 -24.1593 86.0798 30.7871 -100.923</float_array>
                    <technique_common>
                        <accessor count="8" source="#ID447" stride="3">
                            <param name="X" type="float"/>
                            <param name="Y" type="float"/>
                            <param name="Z" type="float"/>
                        </accessor>
                    </technique_common>
                </source>
                <source id="ID448">
                    <float_array id="ID449" count="21">-0.984781 -0.173802 -1.27675e-008 0.984781 0.173802 2.55349e-008 -0.125451 0.710825 0.692091 -0.129477 0.733636 -0.667094 -0.007303 0.0413796 0.999117 0.173802 -0.984781 -1.60893e-007 -0.0191132 0.108298 -0.993935</float_array>
                    <technique_common>
                        <accessor count="7" source="#ID449" stride="3">
                            <param name="X" type="float"/>
                            <param name="Y" type="float"/>
                            <param name="Z" type="float"/>
                        </accessor>
                    </technique_common>
                </source>
                <source id="ID450">
                    <float_array id="ID451" count="2">0 1</float_array>
                    <technique_common>
                        <accessor count="1" source="#ID451" stride="2">
                            <param name="S" type="float"/>
                            <param name="T" type="float"/>
                        </accessor>
                    </technique_common>
                </source>
                <vertices id="ID452">
                    <input semantic="POSITION" source="#ID446"/>
                </vertices>
                <polylist count="6" material="Material1">
                    <input offset="0" semantic="VERTEX" source="#ID452"/>
                    <input offset="1" semantic="NORMAL" source="#ID448"/>
                    <input offset="2" semantic="TEXCOORD" source="#ID450" set="0"/>
                    <vcount>4 4 4 4 4 4</vcount>
                    <p>4 0 0 7 0 0 5 0 0 6 0 0 2 1 0 1 1 0 3 1 0 0 1 0 0 3 0 4 3 0 6 2 0 2 2 0 2 2 0 6 2 0 5 4 0 1 4 0 1 5 0 5 5 0 7 5 0 3 5 0 3 6 0 7 6 0 4 3 0 0 3 0</p>
                </polylist>
            </mesh>
        </geometry>
        <geometry id="ID454">
            <mesh>
                <source id="ID455">
                    <float_array id="ID456" count="168">0 -121.349 56.0808 0 -147.26 57.7808 -52.2871 -120.963 57.7808 -84.5945 -120.963 57.7808 0 -116.122 53.5766 -83.6887 -115.388 55.1098 -51.7273 -116.122 53.5766 0 -0.12326 -0.11515 -40.1517 -0.12326 -0.11515 -52.2871 -147.26 57.7808 -64.9608 -0.12326 -0.11515 52.2871 -120.963 57.7808 84.5945 -120.963 57.7808 83.6887 -115.388 55.1098 51.7273 -116.122 53.5766 40.1517 -0.12326 -0.11515 52.2871 -147.26 57.7808 64.9608 -0.12326 -0.11515 0 -113.043 53.9864 -80.68 -113.043 53.9864 -51.7273 -113.043 53.9864 0 -2.46803 1.00826 -40.1517 -2.46803 1.00826 -62.714 -2.46803 1.00826 80.68 -113.043 53.9864 51.7273 -113.043 53.9864 40.1517 -2.46803 1.00826 62.714 -2.46803 1.00826 0 -120.963 57.7808 0 -147.26 56.0808 -52.2871 -121.469 56.1383 -84.5945 -121.697 56.2477 0 -115.388 55.1098 -83.6887 -116.122 53.5766 -51.7273 -115.388 55.1098 0 -0.857799 -1.64827 -40.1517 -0.857799 -1.64827 -52.2871 -147.26 56.0808 -64.9608 -0.8578 -1.64827 52.2871 -121.469 56.1383 84.5945 -121.697 56.2477 83.6887 -116.122 53.5766 51.7273 -115.388 55.1098 40.1517 -0.857799 -1.64827 52.2871 -147.26 56.0808 64.9608 -0.8578 -1.64827 0 -113.777 52.4532 -80.68 -113.777 52.4532 -51.7273 -113.777 52.4532 0 -3.20257 -0.524856 -40.1517 -3.20257 -0.524856 -62.714 -3.20257 -0.524856 80.68 -113.777 52.4532 51.7273 -113.777 52.4532 40.1517 -3.20257 -0.524856 62.714 -3.20257 -0.524856</float_array>
                    <technique_common>
                        <accessor count="56" source="#ID456" stride="3">
                            <param name="X" type="float"/>
                            <param name="Y" type="float"/>
                            <param name="Z" type="float"/>
                        </accessor>
                    </technique_common>
                </source>
                <source id="ID457">
                    <float_array id="ID458" count="171">5.88996e-007 -0.432082 -0.901834 5.94335e-007 -0.432083 -0.901834 3.92901e-007 -0.432082 -0.901834 -0.000552506 0.00111495 -0.999999 0 0.00111495 -0.999999 -1.04472e-010 -0.221003 -0.975273 0.00110058 -0.592534 -0.805544 9.52741e-010 -0.432082 -0.901834 -1.08181e-010 -0.432082 -0.901834 -5.19306e-008 -0.432082 -0.901834 0.00265118 -0.930301 -0.366788 -5.33865e-009 -0.432082 -0.901835 0 -0.432082 -0.901835 0.000552506 0.00111495 -0.999999 -0.00111472 -0.592534 -0.805545 -1.06092e-009 -0.432082 -0.901834 -0.0026804 -0.9303 -0.366789 0 -0.432083 -0.901834 -8.09149e-008 -0.432082 -0.901834 1.96365e-009 -0.432082 -0.901835 -8.28785e-008 -0.432082 -0.901834 -5.52524e-008 0.432082 0.901834 -8.28785e-008 0.432082 0.901834 -8.28785e-008 0.432082 0.901834 0 0.294552 0.955636 0 0.221546 0.97515 0 0 1 0 0.432082 0.901834 0 0.432082 0.901835 3.96223e-007 0.432082 0.901834 0 0.432082 0.901835 0 0.432082 0.901834 0 0.432083 0.901834 5.94335e-007 0.432082 0.901834 5.94335e-007 0.432083 0.901834 0.653843 0.682356 -0.326926 0.989435 0.130748 -0.0626431 -0.989435 -0.130748 0.0626435 -0.653843 -0.682356 0.326926 -1 0 -0 0 -1 -0 -0.989435 0.130748 -0.0626432 -0.989435 0.130748 -0.0626435 0.00388529 -0.93127 0.364308 7.7729e-009 0.901835 -0.432082 -7.76994e-009 -0.901835 0.432082 0 0.901835 -0.432081 0 -0.901835 0.432082 1 0 -0 -0.00392812 -0.931271 0.364306 0.989435 0.130748 -0.0626432 0 0.901834 -0.432083 -0.653843 0.682356 -0.326927 -7.7729e-009 0.901835 -0.432082 8.54694e-009 -0.901834 0.432082 0.653843 -0.682356 0.326926 0.989435 -0.130748 0.0626433</float_array>
                    <technique_common>
                        <accessor count="57" source="#ID458" stride="3">
                            <param name="X" type="float"/>
                            <param name="Y" type="float"/>
                            <param name="Z" type="float"/>
                        </accessor>
                    </technique_common>
                </source>
                <source id="ID459">
                    <float_array id="ID460" count="2">0 1</float_array>
                    <technique_common>
                        <accessor count="1" source="#ID460" stride="2">
                            <param name="S" type="float"/>
                            <param name="T" type="float"/>
                        </accessor>
                    </technique_common>
                </source>
                <vertices id="ID461">
                    <input semantic="POSITION" source="#ID455"/>
                </vertices>
                <polylist count="56" material="Material1">
                    <input offset="0" semantic="VERTEX" source="#ID461"/>
                    <input offset="1" semantic="NORMAL" source="#ID457"/>
                    <input offset="2" semantic="TEXCOORD" source="#ID459" set="0"/>
                    <vcount>4 4 4 4 4 4 4 4 4 4 4 4 4 4 4 4 4 4 4 4 4 4 4 4 4 4 4 4 4 4 4 4 4 4 4 4 4 4 4 4 4 4 4 4 4 4 4 4 4 4 4 4 4 4 4 4</vcount>
                    <p>41 2 0 52 1 0 55 0 0 45 0 0 30 6 0 0 5 0 29 4 0 37 3 0 4 8 0 0 5 0 30 6 0 6 7 0 30 6 0 31 10 0 33 9 0 6 7 0 45 0 0 55 0 0 54 11 0 43 11 0 43 11 0 54 11 0 49 12 0 35 12 0 39 14 0 44 13 0 29 4 0 0 5 0 4 8 0 14 15 0 39 14 0 0 5 0 39 14 0 14 15 0 41 2 0 40 16 0 4 8 0 46 17 0 53 17 0 14 15 0 36 19 0 50 19 0 51 18 0 38 18 0 38 18 0 51 18 0 47 20 0 33 9 0 33 9 0 47 20 0 48 17 0 6 7 0 6 7 0 48 17 0 46 17 0 4 8 0 35 12 0 49 12 0 50 19 0 36 19 0 14 15 0 53 17 0 52 1 0 41 2 0 17 23 0 27 23 0 24 22 0 13 21 0 9 26 0 1 26 0 28 25 0 2 24 0 34 27 0 2 24 0 28 25 0 32 27 0 34 27 0 5 29 0 3 28 0 2 24 0 15 30 0 26 30 0 27 23 0 17 23 0 7 30 0 21 30 0 26 30 0 15 30 0 28 25 0 1 26 0 16 26 0 11 24 0 28 25 0 11 24 0 42 31 0 32 27 0 12 28 0 13 21 0 42 31 0 11 24 0 42 31 0 25 32 0 18 32 0 32 27 0 10 33 0 23 33 0 22 30 0 8 30 0 5 29 0 19 34 0 23 33 0 10 33 0 34 27 0 20 32 0 19 34 0 5 29 0 32 27 0 18 32 0 20 32 0 34 27 0 8 30 0 22 30 0 21 30 0 7 30 0 13 21 0 24 22 0 25 32 0 42 31 0 13 36 0 41 36 0 45 35 0 17 35 0 27 38 0 55 38 0 52 37 0 24 37 0 2 39 0 30 39 0 37 39 0 9 39 0 9 40 0 37 40 0 29 40 0 1 40 0 5 42 0 33 42 0 31 41 0 3 41 0 3 43 0 31 10 0 30 6 0 2 43 0 17 35 0 45 35 0 43 44 0 15 44 0 26 45 0 54 45 0 55 38 0 27 38 0 15 44 0 43 44 0 35 46 0 7 46 0 21 47 0 49 47 0 54 45 0 26 45 0 1 40 0 29 40 0 44 40 0 16 40 0 16 48 0 44 48 0 39 48 0 11 48 0 11 49 0 39 14 0 40 16 0 12 49 0 12 50 0 40 50 0 41 36 0 13 36 0 25 51 0 53 51 0 46 51 0 18 51 0 8 53 0 36 53 0 38 52 0 10 52 0 23 55 0 51 55 0 50 54 0 22 54 0 10 52 0 38 52 0 33 42 0 5 42 0 19 56 0 47 56 0 51 55 0 23 55 0 20 51 0 48 51 0 47 51 0 19 51 0 18 51 0 46 51 0 48 51 0 20 51 0 7 46 0 35 46 0 36 53 0 8 53 0 22 54 0 50 54 0 49 47 0 21 47 0 24 51 0 52 51 0 53 51 0 25 51 0</p>
                </polylist>
            </mesh>
        </geometry>
        <geometry id="ID463">
            <mesh>
                <source id="ID464">
                    <float_array id="ID465" count="60">0 33.9835 151.566 -80.68 33.9835 151.566 -51.7273 33.9835 151.566 0 144.558 98.5881 -40.1517 144.558 98.5881 -62.714 144.558 98.5881 80.68 33.9835 151.566 51.7273 33.9835 151.566 40.1517 144.558 98.5881 62.714 144.558 98.5881 0 33.2489 150.033 -80.68 33.2489 150.033 -51.7273 33.2489 150.033 0 143.824 97.055 -40.1517 143.824 97.055 -62.714 143.824 97.055 80.68 33.2489 150.033 51.7273 33.2489 150.033 40.1517 143.824 97.055 62.714 143.824 97.055</float_array>
                    <technique_common>
                        <accessor count="20" source="#ID465" stride="3">
                            <param name="X" type="float"/>
                            <param name="Y" type="float"/>
                            <param name="Z" type="float"/>
                        </accessor>
                    </technique_common>
                </source>
                <source id="ID466">
                    <float_array id="ID467" count="30">0 -0.432082 -0.901834 0 0.432082 0.901834 0 0.432082 0.901834 -0.653843 0.682355 -0.326928 0 0.901834 -0.432083 -0.989435 0.130748 -0.0626434 0 -0.901834 0.432083 0 -0.901834 0.432083 0.653843 0.682355 -0.326927 0.989435 0.130748 -0.062643</float_array>
                    <technique_common>
                        <accessor count="10" source="#ID467" stride="3">
                            <param name="X" type="float"/>
                            <param name="Y" type="float"/>
                            <param name="Z" type="float"/>
                        </accessor>
                    </technique_common>
                </source>
                <source id="ID468">
                    <float_array id="ID469" count="2">0 1</float_array>
                    <technique_common>
                        <accessor count="1" source="#ID469" stride="2">
                            <param name="S" type="float"/>
                            <param name="T" type="float"/>
                        </accessor>
                    </technique_common>
                </source>
                <vertices id="ID470">
                    <input semantic="POSITION" source="#ID464"/>
                </vertices>
                <polylist count="18" material="Material1">
                    <input offset="0" semantic="VERTEX" source="#ID470"/>
                    <input offset="1" semantic="NORMAL" source="#ID466"/>
                    <input offset="2" semantic="TEXCOORD" source="#ID468" set="0"/>
                    <vcount>4 4 4 4 4 4 4 4 4 4 4 4 4 4 4 4 4 4</vcount>
                    <p>12 0 0 11 0 0 15 0 0 14 0 0 14 0 0 13 0 0 10 0 0 12 0 0 17 0 0 18 0 0 19 0 0 16 0 0 18 0 0 17 0 0 10 0 0 13 0 0 4 1 0 5 2 0 1 2 0 2 1 0 2 1 0 0 1 0 3 1 0 4 1 0 6 2 0 9 2 0 8 1 0 7 1 0 3 1 0 0 1 0 7 1 0 8 1 0 4 4 0 14 4 0 15 3 0 5 3 0 5 3 0 15 3 0 11 5 0 1 5 0 1 7 0 11 7 0 12 6 0 2 6 0 2 6 0 12 6 0 10 6 0 0 6 0 3 4 0 13 4 0 14 4 0 4 4 0 7 6 0 17 6 0 16 7 0 6 7 0 6 9 0 16 9 0 19 8 0 9 8 0 9 8 0 19 8 0 18 4 0 8 4 0 8 4 0 18 4 0 13 4 0 3 4 0 0 6 0 10 6 0 17 6 0 7 6 0</p>
                </polylist>
            </mesh>
        </geometry>
        <geometry id="ID472">
            <mesh>
                <source id="ID473">
                    <float_array id="ID474" count="120">0 2.04913 103.791 -84.5945 -0.13612 -0.0122986 -84.5945 2.04913 103.791 -52.2871 2.04913 103.791 0 -3.38446 35.9287 -84.5945 0.115454 35.9041 -52.2871 -3.38446 35.9287 0 -3.17311 66.1026 -84.5945 0.326332 66.0106 -52.2871 -3.17311 66.1026 0 -0.13612 -0.0122986 -52.2871 -0.13612 -0.0122986 84.5945 -0.13612 -0.0122986 84.5945 2.04913 103.791 52.2871 2.04913 103.791 84.5945 0.115454 35.9041 52.2871 -3.38446 35.9287 84.5945 0.326332 66.0106 52.2871 -3.17311 66.1026 52.2871 -0.13612 -0.0122986 0 -1.44724 103.951 -84.5945 -3.63603 0.0122163 -84.5945 -1.44724 103.951 -52.2871 -1.44724 103.951 0 0.115454 35.9041 -84.5945 -3.38446 35.9287 -52.2871 0.115454 35.9041 0 0.326332 66.0106 -84.5945 -3.17311 66.1026 -52.2871 0.326332 66.0106 0 -3.63603 0.0122163 -52.2871 -3.63603 0.0122163 84.5945 -3.63603 0.0122163 84.5945 -1.44724 103.951 52.2871 -1.44724 103.951 84.5945 -3.38446 35.9287 52.2871 0.115454 35.9041 84.5945 -3.17311 66.1026 52.2871 0.326332 66.0106 52.2871 -3.63603 0.0122163</float_array>
                    <technique_common>
                        <accessor count="40" source="#ID474" stride="3">
                            <param name="X" type="float"/>
                            <param name="Y" type="float"/>
                            <param name="Z" type="float"/>
                        </accessor>
                    </technique_common>
                </source>
                <source id="ID475">
                    <float_array id="ID476" count="129">-2.28003e-009 -0.999976 0.00700424 -1.14001e-009 -0.999975 0.00700424 2.55829e-012 -0.999975 0.00700425 5.11657e-012 -0.999976 0.00700424 -3.11705e-009 -0.999655 0.0262833 -6.23295e-009 -0.998962 0.0455526 -3.11647e-009 -0.998962 0.0455526 -1.55853e-009 -0.999655 0.0262833 0 -0.999976 0.00700423 0 -0.999975 0.00700424 0 -0.999655 0.0262833 0 -0.998962 0.0455526 1.14267e-009 -0.999976 0.00700424 2.28535e-009 -0.999976 0.00700424 3.68602e-009 -0.998962 0.0455526 7.37204e-009 -0.998962 0.0455526 3.6867e-009 -0.999655 0.0262833 1.84335e-009 -0.999655 0.0262833 4.03821e-013 -0.999976 0.00700423 2.01911e-013 -0.999975 0.00700424 0 0.999976 -0.00700424 0 0.999976 -0.00700425 0 0.999976 -0.00700425 0 0.999976 -0.00700424 0 0.999655 -0.0262833 0 0.998962 -0.0455525 0 0.998962 -0.0455526 0 0.999655 -0.0262833 0 0.999975 -0.00700425 0 0.999976 -0.00700424 0 0.999975 -0.00700425 4.31232e-011 -0.00700424 -0.999975 0 -0.00700424 -0.999975 -1 0 -0 2.63561e-010 0.0455518 0.998962 5.27121e-010 0.0455518 0.998962 6.58901e-011 -0.00700424 -0.999976 0 0.0455518 0.998962 -4.31232e-011 -0.00700424 -0.999975 -5.27121e-010 0.0455518 0.998962 -2.63561e-010 0.0455518 0.998962 1 0 -0 -6.58901e-011 -0.00700424 -0.999976</float_array>
                    <technique_common>
                        <accessor count="43" source="#ID476" stride="3">
                            <param name="X" type="float"/>
                            <param name="Y" type="float"/>
                            <param name="Z" type="float"/>
                        </accessor>
                    </technique_common>
                </source>
                <source id="ID477">
                    <float_array id="ID478" count="2">0 1</float_array>
                    <technique_common>
                        <accessor count="1" source="#ID478" stride="2">
                            <param name="S" type="float"/>
                            <param name="T" type="float"/>
                        </accessor>
                    </technique_common>
                </source>
                <vertices id="ID479">
                    <input semantic="POSITION" source="#ID473"/>
                </vertices>
                <polylist count="38" material="Material1">
                    <input offset="0" semantic="VERTEX" source="#ID479"/>
                    <input offset="1" semantic="NORMAL" source="#ID475"/>
                    <input offset="2" semantic="TEXCOORD" source="#ID477" set="0"/>
                    <vcount>4 4 4 4 4 4 4 4 4 4 4 4 4 4 4 4 4 4 4 4 4 4 4 4 4 4 4 4 4 4 4 4 4 4 4 4 4 4</vcount>
                    <p>30 3 0 4 2 0 6 1 0 31 0 0 9 7 0 23 6 0 22 5 0 28 4 0 25 9 0 21 8 0 31 0 0 6 1 0 28 4 0 25 9 0 6 1 0 9 7 0 9 7 0 6 1 0 4 2 0 7 10 0 7 10 0 20 11 0 23 6 0 9 7 0 30 3 0 39 13 0 16 12 0 4 2 0 18 17 0 37 16 0 33 15 0 34 14 0 35 19 0 16 12 0 39 13 0 32 18 0 37 16 0 18 17 0 16 12 0 35 19 0 18 17 0 7 10 0 4 2 0 16 12 0 7 10 0 18 17 0 34 14 0 20 11 0 11 23 0 26 22 0 24 21 0 10 20 0 8 27 0 2 26 0 3 25 0 29 24 0 26 22 0 11 23 0 1 29 0 5 28 0 29 24 0 26 22 0 5 28 0 8 27 0 27 24 0 24 21 0 26 22 0 29 24 0 29 24 0 3 25 0 0 25 0 27 24 0 24 21 0 36 30 0 19 23 0 10 20 0 14 25 0 13 26 0 17 27 0 38 24 0 12 29 0 19 23 0 36 30 0 15 28 0 15 28 0 36 30 0 38 24 0 17 27 0 36 30 0 24 21 0 27 24 0 38 24 0 0 25 0 14 25 0 38 24 0 27 24 0 10 32 0 30 32 0 31 31 0 11 31 0 8 33 0 28 33 0 22 33 0 2 33 0 2 35 0 22 35 0 23 34 0 3 34 0 11 31 0 31 31 0 21 36 0 1 36 0 1 33 0 21 33 0 25 33 0 5 33 0 5 33 0 25 33 0 28 33 0 8 33 0 3 34 0 23 34 0 20 37 0 0 37 0 19 38 0 39 38 0 30 32 0 10 32 0 14 40 0 34 40 0 33 39 0 13 39 0 13 41 0 33 41 0 37 41 0 17 41 0 15 41 0 35 41 0 32 41 0 12 41 0 12 42 0 32 42 0 39 38 0 19 38 0 17 41 0 37 41 0 35 41 0 15 41 0 0 37 0 20 37 0 34 40 0 14 40 0</p>
                </polylist>
            </mesh>
        </geometry>
        <geometry id="ID482">
            <mesh>
                <source id="ID483">
                    <float_array id="ID484" count="186">-10.4351 -9.53675e-007 7.62939e-006 7.48604 -9.53675e-007 7.62939e-006 -10.4351 -24.4163 7.76801e-006 10.4351 -24.4163 7.76801e-006 -10.4351 -19.7532 -14.3515 10.4351 -19.7532 -14.3515 -10.4351 -7.54505 -23.2213 10.4351 -7.54505 -23.2213 -10.4351 7.54505 -23.2213 10.4351 7.54505 -23.2213 -10.4351 19.7532 -14.3515 10.4351 19.7532 -14.3515 -10.4351 24.4163 9.90255e-006 10.4351 24.4163 9.90255e-006 -10.4351 19.7532 14.3515 10.4351 19.7532 14.3515 -10.4351 7.54504 23.2213 10.4351 7.54504 23.2213 -10.4351 -7.54505 23.2213 10.4351 -7.54505 23.2213 -10.4351 -19.7532 14.3515 10.4351 -19.7532 14.3515 10.4351 -12.0055 6.87524e-006 10.4351 -9.71268 -7.05666 10.4351 -3.70991 -11.4179 10.4351 3.70991 -11.4179 10.4351 9.71267 -7.05666 10.4351 12.0055 9.32745e-006 10.4351 9.71267 7.05668 10.4351 3.7099 11.4179 10.4351 -3.70991 11.4179 10.4351 -9.71267 7.05668 7.48604 -7.22758 6.87524e-006 7.48604 -5.84723 -4.24826 7.48604 -2.23345 -6.87383 7.48604 2.23344 -6.87383 7.48604 5.84723 -4.24825 7.48604 7.22758 9.25259e-006 7.48604 5.84723 4.24827 7.48604 2.23344 6.87384 7.48604 -2.23345 6.87384 7.48604 -5.84723 4.24827 -5.82407 -28.05 7.62939e-006 5.82407 -28.05 7.62939e-006 -5.82407 -22.6929 -16.4874 5.82407 -22.6929 -16.4874 -5.82407 -8.66792 -26.6771 5.82407 -8.66792 -26.6771 -5.82407 8.66792 -26.6771 5.82407 8.66792 -26.6771 -5.82407 22.6929 -16.4874 5.82407 22.6929 -16.4874 -5.82407 28.05 1.00816e-005 5.82407 28.05 1.00816e-005 -5.82407 22.6929 16.4874 5.82407 22.6929 16.4874 -5.82407 8.66791 26.6771 5.82407 8.66791 26.6771 -5.82407 -8.66793 26.6771 5.82407 -8.66793 26.6771 -5.82407 -22.6929 16.4874 5.82407 -22.6929 16.4874</float_array>
                    <technique_common>
                        <accessor count="62" source="#ID484" stride="3">
                            <param name="X" type="float"/>
                            <param name="Y" type="float"/>
                            <param name="Z" type="float"/>
                        </accessor>
                    </technique_common>
                </source>
                <source id="ID485">
                    <float_array id="ID486" count="156">-1 0 -0 -0.903022 -0.429595 2.52344e-008 -0.903022 -0.347549 -0.252509 -0.330594 -0.943773 1.64282e-008 0.330593 -0.943773 1.64282e-008 0.330593 -0.763529 -0.554736 -0.330593 -0.763529 -0.554736 0.962572 0.271027 7.80031e-009 1 0 -0 0.962572 0.219266 0.159306 -0.903022 -0.132752 -0.408569 0.330593 -0.291642 -0.897582 -0.330594 -0.291642 -0.897582 0.962572 0.083752 0.257762 -0.903022 0.132752 -0.408569 0.330594 0.291642 -0.897582 -0.330594 0.291642 -0.897582 0.962572 -0.083752 0.257762 -0.903022 0.347549 -0.252509 0.330594 0.763529 -0.554736 -0.330594 0.763529 -0.554736 0.962572 -0.219266 0.159306 -0.903022 0.429595 5.88803e-008 0.330593 0.943773 9.44621e-008 -0.330594 0.943773 1.06783e-007 0.962572 -0.271027 -1.17005e-008 -0.903022 0.347549 0.252509 0.330593 0.763528 0.554736 -0.330594 0.763529 0.554736 0.962572 -0.219266 -0.159306 -0.903022 0.132752 0.408569 0.330593 0.291642 0.897582 -0.330594 0.291642 0.897582 0.962572 -0.0837519 -0.257762 -0.903022 -0.132752 0.408569 0.330593 -0.291642 0.897582 -0.330594 -0.291642 0.897582 0.962572 0.083752 -0.257762 -0.903022 -0.347549 0.252509 0.330594 -0.763529 0.554736 -0.330594 -0.763529 0.554736 0.962572 0.219266 -0.159306 0.903022 -0.429595 1.68229e-008 0.903022 -0.347549 -0.252509 0.903022 -0.132752 -0.408569 0.903022 0.132752 -0.408569 0.903022 0.347549 -0.252509 0.903022 0.429595 4.62631e-008 0.903022 0.347549 0.25251 0.903022 0.132752 0.408569 0.903022 -0.132752 0.408569 0.903022 -0.347549 0.252509</float_array>
                    <technique_common>
                        <accessor count="52" source="#ID486" stride="3">
                            <param name="X" type="float"/>
                            <param name="Y" type="float"/>
                            <param name="Z" type="float"/>
                        </accessor>
                    </technique_common>
                </source>
                <source id="ID487">
                    <float_array id="ID488" count="2">0 1</float_array>
                    <technique_common>
                        <accessor count="1" source="#ID488" stride="2">
                            <param name="S" type="float"/>
                            <param name="T" type="float"/>
                        </accessor>
                    </technique_common>
                </source>
                <vertices id="ID489">
                    <input semantic="POSITION" source="#ID483"/>
                </vertices>
                <polylist count="70" material="Material1">
                    <input offset="0" semantic="VERTEX" source="#ID489"/>
                    <input offset="1" semantic="NORMAL" source="#ID485"/>
                    <input offset="2" semantic="TEXCOORD" source="#ID487" set="0"/>
                    <vcount>3 4 3 3 4 3 3 4 3 3 4 3 3 4 3 3 4 3 3 4 3 3 4 3 3 4 3 3 4 3 4 4 4 4 4 4 4 4 4 4 4 4 4 4 4 4 4 4 4 4 4 4 4 4 4 4 4 4 4 4 4 4 4 4 4 4 4 4 4 4</vcount>
                    <p>4 2 0 2 1 0 0 0 0 44 6 0 45 5 0 43 4 0 42 3 0 33 9 0 1 8 0 32 7 0 6 10 0 4 2 0 0 0 0 46 12 0 47 11 0 45 5 0 44 6 0 34 13 0 1 8 0 33 9 0 8 14 0 6 10 0 0 0 0 48 16 0 49 15 0 47 11 0 46 12 0 35 17 0 1 8 0 34 13 0 10 18 0 8 14 0 0 0 0 50 20 0 51 19 0 49 15 0 48 16 0 36 21 0 1 8 0 35 17 0 12 22 0 10 18 0 0 0 0 52 24 0 53 23 0 51 19 0 50 20 0 37 25 0 1 8 0 36 21 0 14 26 0 12 22 0 0 0 0 54 28 0 55 27 0 53 23 0 52 24 0 38 29 0 1 8 0 37 25 0 16 30 0 14 26 0 0 0 0 56 32 0 57 31 0 55 27 0 54 28 0 39 33 0 1 8 0 38 29 0 18 34 0 16 30 0 0 0 0 58 36 0 59 35 0 57 31 0 56 32 0 40 37 0 1 8 0 39 33 0 20 38 0 18 34 0 0 0 0 60 40 0 61 39 0 59 35 0 58 36 0 41 41 0 1 8 0 40 37 0 2 1 0 20 38 0 0 0 0 42 3 0 43 4 0 61 39 0 60 40 0 32 7 0 1 8 0 41 41 0 5 43 0 23 9 0 22 7 0 3 42 0 7 44 0 24 13 0 23 9 0 5 43 0 9 45 0 25 17 0 24 13 0 7 44 0 11 46 0 26 21 0 25 17 0 9 45 0 13 47 0 27 25 0 26 21 0 11 46 0 15 48 0 28 29 0 27 25 0 13 47 0 17 49 0 29 33 0 28 29 0 15 48 0 19 50 0 30 37 0 29 33 0 17 49 0 21 51 0 31 41 0 30 37 0 19 50 0 3 42 0 22 7 0 31 41 0 21 51 0 23 9 0 33 9 0 32 7 0 22 7 0 24 13 0 34 13 0 33 9 0 23 9 0 25 17 0 35 17 0 34 13 0 24 13 0 26 21 0 36 21 0 35 17 0 25 17 0 27 25 0 37 25 0 36 21 0 26 21 0 28 29 0 38 29 0 37 25 0 27 25 0 29 33 0 39 33 0 38 29 0 28 29 0 30 37 0 40 37 0 39 33 0 29 33 0 31 41 0 41 41 0 40 37 0 30 37 0 22 7 0 32 7 0 41 41 0 31 41 0 4 2 0 44 6 0 42 3 0 2 1 0 3 42 0 43 4 0 45 5 0 5 43 0 6 10 0 46 12 0 44 6 0 4 2 0 5 43 0 45 5 0 47 11 0 7 44 0 8 14 0 48 16 0 46 12 0 6 10 0 7 44 0 47 11 0 49 15 0 9 45 0 10 18 0 50 20 0 48 16 0 8 14 0 9 45 0 49 15 0 51 19 0 11 46 0 12 22 0 52 24 0 50 20 0 10 18 0 11 46 0 51 19 0 53 23 0 13 47 0 14 26 0 54 28 0 52 24 0 12 22 0 13 47 0 53 23 0 55 27 0 15 48 0 16 30 0 56 32 0 54 28 0 14 26 0 15 48 0 55 27 0 57 31 0 17 49 0 18 34 0 58 36 0 56 32 0 16 30 0 17 49 0 57 31 0 59 35 0 19 50 0 20 38 0 60 40 0 58 36 0 18 34 0 19 50 0 59 35 0 61 39 0 21 51 0 2 1 0 42 3 0 60 40 0 20 38 0 21 51 0 61 39 0 43 4 0 3 42 0</p>
                </polylist>
            </mesh>
        </geometry>
        <geometry id="ID491">
            <mesh>
                <source id="ID492">
                    <float_array id="ID493" count="186">-10.4351 -9.53673e-007 7.62939e-006 7.48604 -9.53673e-007 7.62939e-006 -10.4351 -24.4163 7.76801e-006 10.4351 -24.4163 7.76801e-006 -10.4351 -19.7532 -14.3515 10.4351 -19.7532 -14.3515 -10.4351 -7.54505 -23.2213 10.4351 -7.54505 -23.2213 -10.4351 7.54505 -23.2213 10.4351 7.54505 -23.2213 -10.4351 19.7532 -14.3515 10.4351 19.7532 -14.3515 -10.4351 24.4163 9.90255e-006 10.4351 24.4163 9.90255e-006 -10.4351 19.7532 14.3515 10.4351 19.7532 14.3515 -10.4351 7.54504 23.2213 10.4351 7.54504 23.2213 -10.4351 -7.54505 23.2213 10.4351 -7.54505 23.2213 -10.4351 -19.7532 14.3515 10.4351 -19.7532 14.3515 10.4351 -12.0055 6.87524e-006 10.4351 -9.71268 -7.05666 10.4351 -3.70991 -11.4179 10.4351 3.70991 -11.4179 10.4351 9.71267 -7.05666 10.4351 12.0055 9.32745e-006 10.4351 9.71267 7.05668 10.4351 3.7099 11.4179 10.4351 -3.70991 11.4179 10.4351 -9.71267 7.05668 7.48604 -7.22758 6.87524e-006 7.48604 -5.84723 -4.24826 7.48604 -2.23345 -6.87383 7.48604 2.23344 -6.87383 7.48604 5.84723 -4.24825 7.48604 7.22758 9.25259e-006 7.48604 5.84723 4.24827 7.48604 2.23344 6.87384 7.48604 -2.23345 6.87384 7.48604 -5.84723 4.24827 -5.82407 -28.05 7.62939e-006 5.82407 -28.05 7.62939e-006 -5.82407 -22.6929 -16.4874 5.82407 -22.6929 -16.4874 -5.82407 -8.66792 -26.6771 5.82407 -8.66792 -26.6771 -5.82407 8.66792 -26.6771 5.82407 8.66792 -26.6771 -5.82407 22.6929 -16.4874 5.82407 22.6929 -16.4874 -5.82407 28.05 1.00816e-005 5.82407 28.05 1.00816e-005 -5.82407 22.6929 16.4874 5.82407 22.6929 16.4874 -5.82407 8.66791 26.6771 5.82407 8.66791 26.6771 -5.82407 -8.66793 26.6771 5.82407 -8.66793 26.6771 -5.82407 -22.6929 16.4874 5.82407 -22.6929 16.4874</float_array>
                    <technique_common>
                        <accessor count="62" source="#ID493" stride="3">
                            <param name="X" type="float"/>
                            <param name="Y" type="float"/>
                            <param name="Z" type="float"/>
                        </accessor>
                    </technique_common>
                </source>
                <source id="ID494">
                    <float_array id="ID495" count="186">-1 0 -0 -0.903022 -0.429595 2.52344e-008 -0.903022 -0.347549 -0.252509 -0.330594 -0.943773 1.64282e-008 0.330594 -0.943773 3.28564e-008 0.330593 -0.763529 -0.554736 -0.330593 -0.763529 -0.554736 0.962572 0.271027 7.80031e-009 1 0 -0 0.962572 0.219266 0.159306 -0.903022 -0.132752 -0.408569 0.330593 -0.291642 -0.897582 -0.330594 -0.291642 -0.897582 0.962572 0.083752 0.257762 -0.903022 0.132752 -0.408569 0.330594 0.291642 -0.897582 -0.330594 0.291642 -0.897582 0.962572 -0.083752 0.257762 -0.903022 0.347549 -0.252509 0.330594 0.763529 -0.554736 -0.330594 0.763529 -0.554736 0.962572 -0.219266 0.159306 -0.903022 0.429595 4.20574e-008 0.330593 0.943773 9.85692e-008 -0.330594 0.943773 9.03551e-008 0.962572 -0.271027 -1.56006e-008 -0.903022 0.347549 0.252509 0.330593 0.763528 0.554736 -0.330594 0.763529 0.554736 0.962572 -0.219266 -0.159306 -0.903022 0.132752 0.408569 0.330593 0.291642 0.897582 -0.330594 0.291642 0.897582 0.962572 -0.0837519 -0.257762 -0.903022 -0.132752 0.408569 0.330594 -0.291642 0.897582 -0.330594 -0.291642 0.897582 0.962572 0.083752 -0.257762 -0.903022 -0.347549 0.252509 0.330594 -0.763529 0.554736 -0.330594 -0.763529 0.554736 0.962572 0.219266 -0.159306 0.903022 -0.429595 3.36459e-008 0.962572 0.271027 7.80031e-009 0.962572 0.219266 0.159306 0.903022 -0.347549 -0.252509 0.962572 0.083752 0.257762 0.903022 -0.132752 -0.408569 0.962572 -0.083752 0.257762 0.903022 0.132752 -0.408569 0.962572 -0.219266 0.159306 0.903022 0.347549 -0.252509 0.962572 -0.271027 -1.56006e-008 0.903022 0.429595 5.04688e-008 0.962572 -0.219266 -0.159306 0.903022 0.347549 0.25251 0.962572 -0.0837519 -0.257762 0.903022 0.132752 0.408569 0.962572 0.083752 -0.257762 0.903022 -0.132752 0.408569 0.962572 0.219266 -0.159306 0.903022 -0.347549 0.252509</float_array>
                    <technique_common>
                        <accessor count="62" source="#ID495" stride="3">
                            <param name="X" type="float"/>
                            <param name="Y" type="float"/>
                            <param name="Z" type="float"/>
                        </accessor>
                    </technique_common>
                </source>
                <source id="ID496">
                    <float_array id="ID497" count="2">0 1</float_array>
                    <technique_common>
                        <accessor count="1" source="#ID497" stride="2">
                            <param name="S" type="float"/>
                            <param name="T" type="float"/>
                        </accessor>
                    </technique_common>
                </source>
                <vertices id="ID498">
                    <input semantic="POSITION" source="#ID492"/>
                </vertices>
                <polylist count="70" material="Material1">
                    <input offset="0" semantic="VERTEX" source="#ID498"/>
                    <input offset="1" semantic="NORMAL" source="#ID494"/>
                    <input offset="2" semantic="TEXCOORD" source="#ID496" set="0"/>
                    <vcount>3 4 3 3 4 3 3 4 3 3 4 3 3 4 3 3 4 3 3 4 3 3 4 3 3 4 3 3 4 3 4 4 4 4 4 4 4 4 4 4 4 4 4 4 4 4 4 4 4 4 4 4 4 4 4 4 4 4 4 4 4 4 4 4 4 4 4 4 4 4</vcount>
                    <p>4 2 0 2 1 0 0 0 0 44 6 0 45 5 0 43 4 0 42 3 0 33 9 0 1 8 0 32 7 0 6 10 0 4 2 0 0 0 0 46 12 0 47 11 0 45 5 0 44 6 0 34 13 0 1 8 0 33 9 0 8 14 0 6 10 0 0 0 0 48 16 0 49 15 0 47 11 0 46 12 0 35 17 0 1 8 0 34 13 0 10 18 0 8 14 0 0 0 0 50 20 0 51 19 0 49 15 0 48 16 0 36 21 0 1 8 0 35 17 0 12 22 0 10 18 0 0 0 0 52 24 0 53 23 0 51 19 0 50 20 0 37 25 0 1 8 0 36 21 0 14 26 0 12 22 0 0 0 0 54 28 0 55 27 0 53 23 0 52 24 0 38 29 0 1 8 0 37 25 0 16 30 0 14 26 0 0 0 0 56 32 0 57 31 0 55 27 0 54 28 0 39 33 0 1 8 0 38 29 0 18 34 0 16 30 0 0 0 0 58 36 0 59 35 0 57 31 0 56 32 0 40 37 0 1 8 0 39 33 0 20 38 0 18 34 0 0 0 0 60 40 0 61 39 0 59 35 0 58 36 0 41 41 0 1 8 0 40 37 0 2 1 0 20 38 0 0 0 0 42 3 0 43 4 0 61 39 0 60 40 0 32 7 0 1 8 0 41 41 0 5 45 0 23 44 0 22 43 0 3 42 0 7 47 0 24 46 0 23 44 0 5 45 0 9 49 0 25 48 0 24 46 0 7 47 0 11 51 0 26 50 0 25 48 0 9 49 0 13 53 0 27 52 0 26 50 0 11 51 0 15 55 0 28 54 0 27 52 0 13 53 0 17 57 0 29 56 0 28 54 0 15 55 0 19 59 0 30 58 0 29 56 0 17 57 0 21 61 0 31 60 0 30 58 0 19 59 0 3 42 0 22 43 0 31 60 0 21 61 0 23 44 0 33 9 0 32 7 0 22 43 0 24 46 0 34 13 0 33 9 0 23 44 0 25 48 0 35 17 0 34 13 0 24 46 0 26 50 0 36 21 0 35 17 0 25 48 0 27 52 0 37 25 0 36 21 0 26 50 0 28 54 0 38 29 0 37 25 0 27 52 0 29 56 0 39 33 0 38 29 0 28 54 0 30 58 0 40 37 0 39 33 0 29 56 0 31 60 0 41 41 0 40 37 0 30 58 0 22 43 0 32 7 0 41 41 0 31 60 0 4 2 0 44 6 0 42 3 0 2 1 0 3 42 0 43 4 0 45 5 0 5 45 0 6 10 0 46 12 0 44 6 0 4 2 0 5 45 0 45 5 0 47 11 0 7 47 0 8 14 0 48 16 0 46 12 0 6 10 0 7 47 0 47 11 0 49 15 0 9 49 0 10 18 0 50 20 0 48 16 0 8 14 0 9 49 0 49 15 0 51 19 0 11 51 0 12 22 0 52 24 0 50 20 0 10 18 0 11 51 0 51 19 0 53 23 0 13 53 0 14 26 0 54 28 0 52 24 0 12 22 0 13 53 0 53 23 0 55 27 0 15 55 0 16 30 0 56 32 0 54 28 0 14 26 0 15 55 0 55 27 0 57 31 0 17 57 0 18 34 0 58 36 0 56 32 0 16 30 0 17 57 0 57 31 0 59 35 0 19 59 0 20 38 0 60 40 0 58 36 0 18 34 0 19 59 0 59 35 0 61 39 0 21 61 0 2 1 0 42 3 0 60 40 0 20 38 0 21 61 0 61 39 0 43 4 0 3 42 0</p>
                </polylist>
            </mesh>
        </geometry>
        <geometry id="ID500">
            <mesh>
                <source id="ID501">
                    <float_array id="ID502" count="186">-10.4351 -9.09495e-013 7.62939e-006 7.48604 -9.09495e-013 7.62939e-006 -10.4351 -24.4163 7.76801e-006 10.4351 -24.4163 7.76801e-006 -10.4351 -19.7532 -14.3515 10.4351 -19.7532 -14.3515 -10.4351 -7.54505 -23.2213 10.4351 -7.54505 -23.2213 -10.4351 7.54505 -23.2213 10.4351 7.54505 -23.2213 -10.4351 19.7532 -14.3515 10.4351 19.7532 -14.3515 -10.4351 24.4163 9.90255e-006 10.4351 24.4163 9.90255e-006 -10.4351 19.7532 14.3515 10.4351 19.7532 14.3515 -10.4351 7.54504 23.2213 10.4351 7.54504 23.2213 -10.4351 -7.54505 23.2213 10.4351 -7.54505 23.2213 -10.4351 -19.7532 14.3515 10.4351 -19.7532 14.3515 10.4351 -12.0055 6.87524e-006 10.4351 -9.71267 -7.05666 10.4351 -3.70991 -11.4179 10.4351 3.70991 -11.4179 10.4351 9.71267 -7.05666 10.4351 12.0055 9.32745e-006 10.4351 9.71267 7.05668 10.4351 3.70991 11.4179 10.4351 -3.70991 11.4179 10.4351 -9.71267 7.05668 7.48604 -7.22758 6.87524e-006 7.48604 -5.84723 -4.24826 7.48604 -2.23344 -6.87383 7.48604 2.23344 -6.87383 7.48604 5.84723 -4.24825 7.48604 7.22758 9.25259e-006 7.48604 5.84723 4.24827 7.48604 2.23344 6.87384 7.48604 -2.23345 6.87384 7.48604 -5.84723 4.24827 -5.82407 -28.05 7.62939e-006 5.82407 -28.05 7.62939e-006 -5.82407 -22.6929 -16.4874 5.82407 -22.6929 -16.4874 -5.82407 -8.66792 -26.6771 5.82407 -8.66792 -26.6771 -5.82407 8.66793 -26.6771 5.82407 8.66793 -26.6771 -5.82407 22.6929 -16.4874 5.82407 22.6929 -16.4874 -5.82407 28.05 1.00816e-005 5.82407 28.05 1.00816e-005 -5.82407 22.6929 16.4874 5.82407 22.6929 16.4874 -5.82407 8.66792 26.6771 5.82407 8.66792 26.6771 -5.82407 -8.66793 26.6771 5.82407 -8.66793 26.6771 -5.82407 -22.6929 16.4874 5.82407 -22.6929 16.4874</float_array>
                    <technique_common>
                        <accessor count="62" source="#ID502" stride="3">
                            <param name="X" type="float"/>
                            <param name="Y" type="float"/>
                            <param name="Z" type="float"/>
                        </accessor>
                    </technique_common>
                </source>
                <source id="ID503">
                    <float_array id="ID504" count="156">-1 0 -0 -0.903022 -0.429595 2.52344e-008 -0.903022 -0.347549 -0.252509 -0.330594 -0.943773 1.64282e-008 0.330593 -0.943773 1.64282e-008 0.330593 -0.763529 -0.554736 -0.330593 -0.763529 -0.554736 0.962572 0.271027 7.80031e-009 1 0 -0 0.962572 0.219266 0.159306 -0.903022 -0.132752 -0.408569 0.330593 -0.291642 -0.897582 -0.330594 -0.291642 -0.897582 0.962572 0.083752 0.257762 -0.903022 0.132752 -0.408569 0.330594 0.291642 -0.897582 -0.330594 0.291642 -0.897582 0.962572 -0.083752 0.257762 -0.903022 0.347549 -0.252509 0.330594 0.763529 -0.554736 -0.330594 0.763529 -0.554736 0.962572 -0.219266 0.159306 -0.903022 0.429595 5.88803e-008 0.330593 0.943773 9.44621e-008 -0.330594 0.943773 1.06783e-007 0.962572 -0.271027 -1.17005e-008 -0.903022 0.347549 0.252509 0.330593 0.763528 0.554736 -0.330594 0.763529 0.554736 0.962572 -0.219266 -0.159306 -0.903022 0.132752 0.408569 0.330593 0.291642 0.897582 -0.330594 0.291642 0.897582 0.962572 -0.0837519 -0.257762 -0.903022 -0.132752 0.408569 0.330593 -0.291642 0.897582 -0.330594 -0.291642 0.897582 0.962572 0.083752 -0.257762 -0.903022 -0.347549 0.252509 0.330594 -0.763529 0.554736 -0.330594 -0.763529 0.554736 0.962572 0.219266 -0.159306 0.903022 -0.429595 1.68229e-008 0.903022 -0.347549 -0.252509 0.903022 -0.132752 -0.408569 0.903022 0.132752 -0.408569 0.903022 0.347549 -0.252509 0.903022 0.429595 4.62631e-008 0.903022 0.347549 0.25251 0.903022 0.132752 0.408569 0.903022 -0.132752 0.408569 0.903022 -0.347549 0.252509</float_array>
                    <technique_common>
                        <accessor count="52" source="#ID504" stride="3">
                            <param name="X" type="float"/>
                            <param name="Y" type="float"/>
                            <param name="Z" type="float"/>
                        </accessor>
                    </technique_common>
                </source>
                <source id="ID505">
                    <float_array id="ID506" count="2">0 1</float_array>
                    <technique_common>
                        <accessor count="1" source="#ID506" stride="2">
                            <param name="S" type="float"/>
                            <param name="T" type="float"/>
                        </accessor>
                    </technique_common>
                </source>
                <vertices id="ID507">
                    <input semantic="POSITION" source="#ID501"/>
                </vertices>
                <polylist count="70" material="Material1">
                    <input offset="0" semantic="VERTEX" source="#ID507"/>
                    <input offset="1" semantic="NORMAL" source="#ID503"/>
                    <input offset="2" semantic="TEXCOORD" source="#ID505" set="0"/>
                    <vcount>3 4 3 3 4 3 3 4 3 3 4 3 3 4 3 3 4 3 3 4 3 3 4 3 3 4 3 3 4 3 4 4 4 4 4 4 4 4 4 4 4 4 4 4 4 4 4 4 4 4 4 4 4 4 4 4 4 4 4 4 4 4 4 4 4 4 4 4 4 4</vcount>
                    <p>4 2 0 2 1 0 0 0 0 44 6 0 45 5 0 43 4 0 42 3 0 33 9 0 1 8 0 32 7 0 6 10 0 4 2 0 0 0 0 46 12 0 47 11 0 45 5 0 44 6 0 34 13 0 1 8 0 33 9 0 8 14 0 6 10 0 0 0 0 48 16 0 49 15 0 47 11 0 46 12 0 35 17 0 1 8 0 34 13 0 10 18 0 8 14 0 0 0 0 50 20 0 51 19 0 49 15 0 48 16 0 36 21 0 1 8 0 35 17 0 12 22 0 10 18 0 0 0 0 52 24 0 53 23 0 51 19 0 50 20 0 37 25 0 1 8 0 36 21 0 14 26 0 12 22 0 0 0 0 54 28 0 55 27 0 53 23 0 52 24 0 38 29 0 1 8 0 37 25 0 16 30 0 14 26 0 0 0 0 56 32 0 57 31 0 55 27 0 54 28 0 39 33 0 1 8 0 38 29 0 18 34 0 16 30 0 0 0 0 58 36 0 59 35 0 57 31 0 56 32 0 40 37 0 1 8 0 39 33 0 20 38 0 18 34 0 0 0 0 60 40 0 61 39 0 59 35 0 58 36 0 41 41 0 1 8 0 40 37 0 2 1 0 20 38 0 0 0 0 42 3 0 43 4 0 61 39 0 60 40 0 32 7 0 1 8 0 41 41 0 5 43 0 23 9 0 22 7 0 3 42 0 7 44 0 24 13 0 23 9 0 5 43 0 9 45 0 25 17 0 24 13 0 7 44 0 11 46 0 26 21 0 25 17 0 9 45 0 13 47 0 27 25 0 26 21 0 11 46 0 15 48 0 28 29 0 27 25 0 13 47 0 17 49 0 29 33 0 28 29 0 15 48 0 19 50 0 30 37 0 29 33 0 17 49 0 21 51 0 31 41 0 30 37 0 19 50 0 3 42 0 22 7 0 31 41 0 21 51 0 23 9 0 33 9 0 32 7 0 22 7 0 24 13 0 34 13 0 33 9 0 23 9 0 25 17 0 35 17 0 34 13 0 24 13 0 26 21 0 36 21 0 35 17 0 25 17 0 27 25 0 37 25 0 36 21 0 26 21 0 28 29 0 38 29 0 37 25 0 27 25 0 29 33 0 39 33 0 38 29 0 28 29 0 30 37 0 40 37 0 39 33 0 29 33 0 31 41 0 41 41 0 40 37 0 30 37 0 22 7 0 32 7 0 41 41 0 31 41 0 4 2 0 44 6 0 42 3 0 2 1 0 3 42 0 43 4 0 45 5 0 5 43 0 6 10 0 46 12 0 44 6 0 4 2 0 5 43 0 45 5 0 47 11 0 7 44 0 8 14 0 48 16 0 46 12 0 6 10 0 7 44 0 47 11 0 49 15 0 9 45 0 10 18 0 50 20 0 48 16 0 8 14 0 9 45 0 49 15 0 51 19 0 11 46 0 12 22 0 52 24 0 50 20 0 10 18 0 11 46 0 51 19 0 53 23 0 13 47 0 14 26 0 54 28 0 52 24 0 12 22 0 13 47 0 53 23 0 55 27 0 15 48 0 16 30 0 56 32 0 54 28 0 14 26 0 15 48 0 55 27 0 57 31 0 17 49 0 18 34 0 58 36 0 56 32 0 16 30 0 17 49 0 57 31 0 59 35 0 19 50 0 20 38 0 60 40 0 58 36 0 18 34 0 19 50 0 59 35 0 61 39 0 21 51 0 2 1 0 42 3 0 60 40 0 20 38 0 21 51 0 61 39 0 43 4 0 3 42 0</p>
                </polylist>
            </mesh>
        </geometry>
        <geometry id="ID509">
            <mesh>
                <source id="ID510">
                    <float_array id="ID511" count="186">-10.4351 9.53677e-007 7.62939e-006 7.48605 9.53677e-007 7.62939e-006 -10.4351 -24.4163 7.76801e-006 10.4351 -24.4163 7.76801e-006 -10.4351 -19.7532 -14.3515 10.4351 -19.7532 -14.3515 -10.4351 -7.54505 -23.2213 10.4351 -7.54505 -23.2213 -10.4351 7.54505 -23.2213 10.4351 7.54505 -23.2213 -10.4351 19.7532 -14.3515 10.4351 19.7532 -14.3515 -10.4351 24.4163 9.90255e-006 10.4351 24.4163 9.90255e-006 -10.4351 19.7532 14.3515 10.4351 19.7532 14.3515 -10.4351 7.54504 23.2213 10.4351 7.54504 23.2213 -10.4351 -7.54505 23.2213 10.4351 -7.54505 23.2213 -10.4351 -19.7532 14.3515 10.4351 -19.7532 14.3515 10.4351 -12.0055 6.87524e-006 10.4351 -9.71267 -7.05666 10.4351 -3.70991 -11.4179 10.4351 3.70991 -11.4179 10.4351 9.71268 -7.05666 10.4351 12.0055 9.32745e-006 10.4351 9.71268 7.05668 10.4351 3.70991 11.4179 10.4351 -3.70991 11.4179 10.4351 -9.71267 7.05668 7.48605 -7.22758 6.87524e-006 7.48605 -5.84723 -4.24826 7.48605 -2.23344 -6.87383 7.48605 2.23344 -6.87383 7.48605 5.84723 -4.24825 7.48605 7.22758 9.25259e-006 7.48605 5.84723 4.24827 7.48605 2.23344 6.87384 7.48605 -2.23344 6.87384 7.48605 -5.84723 4.24827 -5.82407 -28.05 7.62939e-006 5.82407 -28.05 7.62939e-006 -5.82407 -22.6929 -16.4874 5.82407 -22.6929 -16.4874 -5.82407 -8.66792 -26.6771 5.82407 -8.66792 -26.6771 -5.82407 8.66793 -26.6771 5.82407 8.66793 -26.6771 -5.82407 22.6929 -16.4874 5.82407 22.6929 -16.4874 -5.82407 28.05 1.00816e-005 5.82407 28.05 1.00816e-005 -5.82407 22.6929 16.4874 5.82407 22.6929 16.4874 -5.82407 8.66792 26.6771 5.82407 8.66792 26.6771 -5.82407 -8.66793 26.6771 5.82407 -8.66793 26.6771 -5.82407 -22.6929 16.4874 5.82407 -22.6929 16.4874</float_array>
                    <technique_common>
                        <accessor count="62" source="#ID511" stride="3">
                            <param name="X" type="float"/>
                            <param name="Y" type="float"/>
                            <param name="Z" type="float"/>
                        </accessor>
                    </technique_common>
                </source>
                <source id="ID512">
                    <float_array id="ID513" count="183">-1 0 -0 -0.903022 -0.429595 2.10287e-008 -0.903022 -0.347549 -0.252509 -0.330594 -0.943773 3.69634e-008 0.330594 -0.943773 5.74987e-008 0.330594 -0.763529 -0.554736 -0.330594 -0.763529 -0.554736 0.962572 0.271027 -0 1 0 -0 0.962572 0.219266 0.159306 -0.903022 -0.132752 -0.408569 0.330594 -0.291642 -0.897582 -0.330594 -0.291642 -0.897582 0.962572 0.0837519 0.257762 -0.903022 0.132752 -0.408569 0.330594 0.291642 -0.897582 -0.330594 0.291642 -0.897582 0.962572 -0.083752 0.257762 -0.903022 0.347549 -0.252509 0.330594 0.763529 -0.554736 -0.330594 0.763529 -0.554736 0.962572 -0.219266 0.159306 -0.903022 0.429595 3.78516e-008 0.330594 0.943773 5.33916e-008 -0.330594 0.943773 5.74987e-008 0.962572 -0.271027 -7.80031e-009 -0.903022 0.347549 0.252509 0.330594 0.763528 0.554736 -0.330594 0.763529 0.554736 0.962572 -0.219265 -0.159306 -0.903022 0.132752 0.408569 0.330594 0.291642 0.897582 -0.330594 0.291642 0.897582 0.962572 -0.0837519 -0.257762 -0.903022 -0.132752 0.408569 0.330594 -0.291642 0.897582 -0.330594 -0.291642 0.897582 0.962572 0.083752 -0.257762 -0.903022 -0.347549 0.252509 0.330594 -0.763529 0.554736 -0.330594 -0.763529 0.554736 0.962572 0.219266 -0.159306 0.903022 -0.429595 2.94402e-008 0.962572 0.271027 -0 0.962572 0.219266 0.159306 0.903022 -0.347549 -0.252509 0.903022 -0.132752 -0.408569 0.962572 -0.083752 0.257762 0.903022 0.132752 -0.408569 0.962572 -0.219266 0.159306 0.903022 0.347549 -0.252509 0.962572 -0.271027 -7.80031e-009 0.903022 0.429595 2.94402e-008 0.962572 -0.219266 -0.159306 0.903022 0.347549 0.252509 0.962572 -0.0837519 -0.257762 0.903022 0.132752 0.408569 0.962572 0.083752 -0.257762 0.903022 -0.132752 0.408569 0.962572 0.219266 -0.159306 0.903022 -0.347549 0.252509</float_array>
                    <technique_common>
                        <accessor count="61" source="#ID513" stride="3">
                            <param name="X" type="float"/>
                            <param name="Y" type="float"/>
                            <param name="Z" type="float"/>
                        </accessor>
                    </technique_common>
                </source>
                <source id="ID514">
                    <float_array id="ID515" count="2">0 1</float_array>
                    <technique_common>
                        <accessor count="1" source="#ID515" stride="2">
                            <param name="S" type="float"/>
                            <param name="T" type="float"/>
                        </accessor>
                    </technique_common>
                </source>
                <vertices id="ID516">
                    <input semantic="POSITION" source="#ID510"/>
                </vertices>
                <polylist count="70" material="Material1">
                    <input offset="0" semantic="VERTEX" source="#ID516"/>
                    <input offset="1" semantic="NORMAL" source="#ID512"/>
                    <input offset="2" semantic="TEXCOORD" source="#ID514" set="0"/>
                    <vcount>3 4 3 3 4 3 3 4 3 3 4 3 3 4 3 3 4 3 3 4 3 3 4 3 3 4 3 3 4 3 4 4 4 4 4 4 4 4 4 4 4 4 4 4 4 4 4 4 4 4 4 4 4 4 4 4 4 4 4 4 4 4 4 4 4 4 4 4 4 4</vcount>
                    <p>4 2 0 2 1 0 0 0 0 44 6 0 45 5 0 43 4 0 42 3 0 33 9 0 1 8 0 32 7 0 6 10 0 4 2 0 0 0 0 46 12 0 47 11 0 45 5 0 44 6 0 34 13 0 1 8 0 33 9 0 8 14 0 6 10 0 0 0 0 48 16 0 49 15 0 47 11 0 46 12 0 35 17 0 1 8 0 34 13 0 10 18 0 8 14 0 0 0 0 50 20 0 51 19 0 49 15 0 48 16 0 36 21 0 1 8 0 35 17 0 12 22 0 10 18 0 0 0 0 52 24 0 53 23 0 51 19 0 50 20 0 37 25 0 1 8 0 36 21 0 14 26 0 12 22 0 0 0 0 54 28 0 55 27 0 53 23 0 52 24 0 38 29 0 1 8 0 37 25 0 16 30 0 14 26 0 0 0 0 56 32 0 57 31 0 55 27 0 54 28 0 39 33 0 1 8 0 38 29 0 18 34 0 16 30 0 0 0 0 58 36 0 59 35 0 57 31 0 56 32 0 40 37 0 1 8 0 39 33 0 20 38 0 18 34 0 0 0 0 60 40 0 61 39 0 59 35 0 58 36 0 41 41 0 1 8 0 40 37 0 2 1 0 20 38 0 0 0 0 42 3 0 43 4 0 61 39 0 60 40 0 32 7 0 1 8 0 41 41 0 5 45 0 23 44 0 22 43 0 3 42 0 7 46 0 24 13 0 23 44 0 5 45 0 9 48 0 25 47 0 24 13 0 7 46 0 11 50 0 26 49 0 25 47 0 9 48 0 13 52 0 27 51 0 26 49 0 11 50 0 15 54 0 28 53 0 27 51 0 13 52 0 17 56 0 29 55 0 28 53 0 15 54 0 19 58 0 30 57 0 29 55 0 17 56 0 21 60 0 31 59 0 30 57 0 19 58 0 3 42 0 22 43 0 31 59 0 21 60 0 23 44 0 33 9 0 32 7 0 22 43 0 24 13 0 34 13 0 33 9 0 23 44 0 25 47 0 35 17 0 34 13 0 24 13 0 26 49 0 36 21 0 35 17 0 25 47 0 27 51 0 37 25 0 36 21 0 26 49 0 28 53 0 38 29 0 37 25 0 27 51 0 29 55 0 39 33 0 38 29 0 28 53 0 30 57 0 40 37 0 39 33 0 29 55 0 31 59 0 41 41 0 40 37 0 30 57 0 22 43 0 32 7 0 41 41 0 31 59 0 4 2 0 44 6 0 42 3 0 2 1 0 3 42 0 43 4 0 45 5 0 5 45 0 6 10 0 46 12 0 44 6 0 4 2 0 5 45 0 45 5 0 47 11 0 7 46 0 8 14 0 48 16 0 46 12 0 6 10 0 7 46 0 47 11 0 49 15 0 9 48 0 10 18 0 50 20 0 48 16 0 8 14 0 9 48 0 49 15 0 51 19 0 11 50 0 12 22 0 52 24 0 50 20 0 10 18 0 11 50 0 51 19 0 53 23 0 13 52 0 14 26 0 54 28 0 52 24 0 12 22 0 13 52 0 53 23 0 55 27 0 15 54 0 16 30 0 56 32 0 54 28 0 14 26 0 15 54 0 55 27 0 57 31 0 17 56 0 18 34 0 58 36 0 56 32 0 16 30 0 17 56 0 57 31 0 59 35 0 19 58 0 20 38 0 60 40 0 58 36 0 18 34 0 19 58 0 59 35 0 61 39 0 21 60 0 2 1 0 42 3 0 60 40 0 20 38 0 21 60 0 61 39 0 43 4 0 3 42 0</p>
                </polylist>
            </mesh>
        </geometry>
    </library_geometries>
    <library_visual_scenes>
        <visual_scene id="ID3">
            <node id="ID4" name="Estate">
                <translate sid="translate">0 0 -0</translate>
                <rotate sid="rotateY">0 1 0 0</rotate>
                <rotate sid="rotateX">1 0 0 0</rotate>
                <rotate sid="rotateZ">0 0 1 -0</rotate>
                <scale sid="scale">1 1 1</scale>
                <node id="ID5" name="CarMesh">
                    <translate sid="translate">0 0 -0</translate>
                    <rotate sid="rotateY">0 1 0 0</rotate>
                    <rotate sid="rotateX">1 0 0 0</rotate>
                    <rotate sid="rotateZ">0 0 1 -0</rotate>
                    <scale sid="scale">1 1 1</scale>
                    <instance_geometry url="#ID6">
                        <bind_material>
                            <technique_common>
                                <instance_material symbol="Material1" target="#ID1">
                                    <bind_vertex_input semantic="UVSET0" input_semantic="TEXCOORD" input_set="0"/>
                                </instance_material>
                            </technique_common>
                        </bind_material>
                    </instance_geometry>
                </node>
                <node id="ID14" name="Interiors">
                    <translate sid="translate">0 0 -0</translate>
                    <rotate sid="rotateY">0 1 0 0</rotate>
                    <rotate sid="rotateX">1 0 0 0</rotate>
                    <rotate sid="rotateZ">0 0 1 -0</rotate>
                    <scale sid="scale">1 1 1</scale>
                    <node id="ID15" name="Interior">
                        <translate sid="translate">0 0 -0</translate>
                        <rotate sid="rotateY">0 1 0 0</rotate>
                        <rotate sid="rotateX">1 0 0 0</rotate>
                        <rotate sid="rotateZ">0 0 1 -0</rotate>
                        <scale sid="scale">1 1 1</scale>
                        <instance_geometry url="#ID16">
                            <bind_material>
                                <technique_common>
                                    <instance_material symbol="Material1" target="#ID1">
                                        <bind_vertex_input semantic="UVSET0" input_semantic="TEXCOORD" input_set="0"/>
                                    </instance_material>
                                </technique_common>
                            </bind_material>
                        </instance_geometry>
                        <node id="ID24" name="Instruments">
                            <translate sid="translate">0 -1.1012 -109.519</translate>
                            <rotate sid="rotateY">0 1 0 360</rotate>
                            <rotate sid="rotateX">1 0 0 1.01778e-013</rotate>
                            <rotate sid="rotateZ">0 0 1 -0</rotate>
                            <scale sid="scale">1 1 1</scale>
                            <node id="ID25" name="GearLever">
                                <translate sid="translate">-1.28295e-005 -11.146 26.6633</translate>
                                <rotate sid="rotateY">0 1 0 1.00179e-005</rotate>
                                <rotate sid="rotateX">1 0 0 0</rotate>
                                <rotate sid="rotateZ">0 0 1 -360</rotate>
                                <scale sid="scale">1 1 1</scale>
                                <instance_geometry url="#ID26">
                                    <bind_material>
                                        <technique_common>
                                            <instance_material symbol="Material1" target="#ID1">
                                                <bind_vertex_input semantic="UVSET0" input_semantic="TEXCOORD" input_set="0"/>
                                            </instance_material>
                                        </technique_common>
                                    </bind_material>
                                </instance_geometry>
                            </node>
                            <node id="ID34" name="Pedals">
                                <translate sid="translate">-4.47678e-007 14.7675 -0.308334</translate>
                                <rotate sid="rotateY">0 1 0 360</rotate>
                                <rotate sid="rotateX">1 0 0 0</rotate>
                                <rotate sid="rotateZ">0 0 1 -360</rotate>
                                <scale sid="scale">1 1 1</scale>
                                <node id="ID35" name="Clutch">
                                    <translate sid="translate">-53.8466 -4.18535 -3.85975</translate>
                                    <rotate sid="rotateY">0 1 0 360</rotate>
                                    <rotate sid="rotateX">1 0 0 -24.5825</rotate>
                                    <rotate sid="rotateZ">0 0 1 -0</rotate>
                                    <scale sid="scale">1 1 1</scale>
                                    <instance_geometry url="#ID36">
                                        <bind_material>
                                            <technique_common>
                                                <instance_material symbol="Material1" target="#ID1">
                                                    <bind_vertex_input semantic="UVSET0" input_semantic="TEXCOORD" input_set="0"/>
                                                </instance_material>
                                            </technique_common>
                                        </bind_material>
                                    </instance_geometry>
                                </node>
                                <node id="ID44" name="Brake">
                                    <translate sid="translate">-36.79 -4.18535 -3.85975</translate>
                                    <rotate sid="rotateY">0 1 0 360</rotate>
                                    <rotate sid="rotateX">1 0 0 -24.5825</rotate>
                                    <rotate sid="rotateZ">0 0 1 -0</rotate>
                                    <scale sid="scale">1 1 1</scale>
                                    <instance_geometry url="#ID45">
                                        <bind_material>
                                            <technique_common>
                                                <instance_material symbol="Material1" target="#ID1">
                                                    <bind_vertex_input semantic="UVSET0" input_semantic="TEXCOORD" input_set="0"/>
                                                </instance_material>
                                            </technique_common>
                                        </bind_material>
                                    </instance_geometry>
                                </node>
                                <node id="ID53" name="Gas">
                                    <translate sid="translate">-20.6378 -4.18544 -3.86018</translate>
                                    <rotate sid="rotateY">0 1 0 360</rotate>
                                    <rotate sid="rotateX">1 0 0 -24.5825</rotate>
                                    <rotate sid="rotateZ">0 0 1 -0</rotate>
                                    <scale sid="scale">1 1 1</scale>
                                    <instance_geometry url="#ID54">
                                        <bind_material>
                                            <technique_common>
                                                <instance_material symbol="Material1" target="#ID1">
                                                    <bind_vertex_input semantic="UVSET0" input_semantic="TEXCOORD" input_set="0"/>
                                                </instance_material>
                                            </technique_common>
                                        </bind_material>
                                    </instance_geometry>
                                </node>
                            </node>
                            <node id="ID62" name="SteeringWheel">
                                <translate sid="translate">-35.8959 24.4118 17.9155</translate>
                                <rotate sid="rotateY">0 1 0 180</rotate>
                                <rotate sid="rotateX">1 0 0 -79.039</rotate>
                                <rotate sid="rotateZ">0 0 1 -180</rotate>
                                <scale sid="scale">1 1 1</scale>
                                <node id="ID63" name="SteeringWheel.2">
                                    <translate sid="translate">-0.0823631 -0.121813 3.44702</translate>
                                    <rotate sid="rotateY">0 1 0 1.04379e-006</rotate>
                                    <rotate sid="rotateX">1 0 0 0.000273123</rotate>
                                    <rotate sid="rotateZ">0 0 1 -180</rotate>
                                    <scale sid="scale">1 1 1</scale>
                                    <instance_geometry url="#ID64">
                                        <bind_material>
                                            <technique_common>
                                                <instance_material symbol="Material1" target="#ID1">
                                                    <bind_vertex_input semantic="UVSET0" input_semantic="TEXCOORD" input_set="0"/>
                                                </instance_material>
                                            </technique_common>
                                        </bind_material>
                                    </instance_geometry>
                                    <node id="ID72" name="Torus">
                                        <translate sid="translate">0 -2.77619e-006 -1.36707</translate>
                                        <rotate sid="rotateY">0 1 0 0</rotate>
                                        <rotate sid="rotateX">1 0 0 1.83995e-012</rotate>
                                        <rotate sid="rotateZ">0 0 1 -0</rotate>
                                        <scale sid="scale">1 1 1</scale>
                                        <instance_geometry url="#ID73">
                                            <bind_material>
                                                <technique_common>
                                                    <instance_material symbol="Material1" target="#ID1">
                                                        <bind_vertex_input semantic="UVSET0" input_semantic="TEXCOORD" input_set="0"/>
                                                    </instance_material>
                                                </technique_common>
                                            </bind_material>
                                        </instance_geometry>
                                    </node>
                                </node>
                            </node>
                            <node id="ID81" name="Dash">
                                <translate sid="translate">-36.056 34.9486 7.58197</translate>
                                <rotate sid="rotateY">0 1 0 360</rotate>
                                <rotate sid="rotateX">1 0 0 0</rotate>
                                <rotate sid="rotateZ">0 0 1 -360</rotate>
                                <scale sid="scale">1 1 1</scale>
                                <instance_geometry url="#ID82">
                                    <bind_material>
                                        <technique_common>
                                            <instance_material symbol="Material1" target="#ID1">
                                                <bind_vertex_input semantic="UVSET0" input_semantic="TEXCOORD" input_set="0"/>
                                            </instance_material>
                                        </technique_common>
                                    </bind_material>
                                </instance_geometry>
                                <node id="ID90" name="InstrCLuster">
                                    <translate sid="translate">0 0 -0</translate>
                                    <rotate sid="rotateY">0 1 0 0</rotate>
                                    <rotate sid="rotateX">1 0 0 0</rotate>
                                    <rotate sid="rotateZ">0 0 1 -0</rotate>
                                    <scale sid="scale">1 1 1</scale>
                                    <instance_geometry url="#ID91">
                                        <bind_material>
                                            <technique_common>
                                                <instance_material symbol="Material1" target="#ID1">
                                                    <bind_vertex_input semantic="UVSET0" input_semantic="TEXCOORD" input_set="0"/>
                                                </instance_material>
                                            </technique_common>
                                        </bind_material>
                                    </instance_geometry>
                                </node>
                            </node>
                        </node>
                        <node id="ID99" name="SeatRear">
                            <translate sid="translate">0 -6.71317 48.5611</translate>
                            <rotate sid="rotateY">0 1 0 0</rotate>
                            <rotate sid="rotateX">1 0 0 0</rotate>
                            <rotate sid="rotateZ">0 0 1 -0</rotate>
                            <scale sid="scale">1 1 1</scale>
                            <instance_geometry url="#ID100">
                                <bind_material>
                                    <technique_common>
                                        <instance_material symbol="Material1" target="#ID1">
                                            <bind_vertex_input semantic="UVSET0" input_semantic="TEXCOORD" input_set="0"/>
                                        </instance_material>
                                    </technique_common>
                                </bind_material>
                            </instance_geometry>
                        </node>
                        <node id="ID108" name="SeatR">
                            <translate sid="translate">35.886 -6.71316 -43.9807</translate>
                            <rotate sid="rotateY">0 1 0 0</rotate>
                            <rotate sid="rotateX">1 0 0 0</rotate>
                            <rotate sid="rotateZ">0 0 1 -0</rotate>
                            <scale sid="scale">1 1 1</scale>
                            <instance_geometry url="#ID109">
                                <bind_material>
                                    <technique_common>
                                        <instance_material symbol="Material1" target="#ID1">
                                            <bind_vertex_input semantic="UVSET0" input_semantic="TEXCOORD" input_set="0"/>
                                        </instance_material>
                                    </technique_common>
                                </bind_material>
                            </instance_geometry>
                        </node>
                        <node id="ID117" name="SeatL">
                            <translate sid="translate">-35.8863 -6.71316 -43.9807</translate>
                            <rotate sid="rotateY">0 1 0 0</rotate>
                            <rotate sid="rotateX">1 0 0 0</rotate>
                            <rotate sid="rotateZ">0 0 1 -0</rotate>
                            <scale sid="scale">1 1 1</scale>
                            <instance_geometry url="#ID118">
                                <bind_material>
                                    <technique_common>
                                        <instance_material symbol="Material1" target="#ID1">
                                            <bind_vertex_input semantic="UVSET0" input_semantic="TEXCOORD" input_set="0"/>
                                        </instance_material>
                                    </technique_common>
                                </bind_material>
                            </instance_geometry>
                        </node>
                    </node>
                    <node id="ID126" name="EngineBay">
                        <translate sid="translate">0 0 -0</translate>
                        <rotate sid="rotateY">0 1 0 0</rotate>
                        <rotate sid="rotateX">1 0 0 0</rotate>
                        <rotate sid="rotateZ">0 0 1 -0</rotate>
                        <scale sid="scale">1 1 1</scale>
                        <instance_geometry url="#ID127">
                            <bind_material>
                                <technique_common>
                                    <instance_material symbol="Material1" target="#ID1">
                                        <bind_vertex_input semantic="UVSET0" input_semantic="TEXCOORD" input_set="0"/>
                                    </instance_material>
                                </technique_common>
                            </bind_material>
                        </instance_geometry>
                    </node>
                </node>
                <node id="ID135" name="Windows">
                    <translate sid="translate">0 0 -0</translate>
                    <rotate sid="rotateY">0 1 0 0</rotate>
                    <rotate sid="rotateX">1 0 0 0</rotate>
                    <rotate sid="rotateZ">0 0 1 -0</rotate>
                    <scale sid="scale">1 1 1</scale>
                    <node id="ID136" name="WindowBack">
                        <translate sid="translate">0 0 -0</translate>
                        <rotate sid="rotateY">0 1 0 0</rotate>
                        <rotate sid="rotateX">1 0 0 0</rotate>
                        <rotate sid="rotateZ">0 0 1 -0</rotate>
                        <scale sid="scale">1 1 1</scale>
                        <instance_geometry url="#ID137">
                            <bind_material>
                                <technique_common>
                                    <instance_material symbol="Material1" target="#ID1">
                                        <bind_vertex_input semantic="UVSET0" input_semantic="TEXCOORD" input_set="0"/>
                                    </instance_material>
                                </technique_common>
                            </bind_material>
                        </instance_geometry>
                    </node>
                    <node id="ID145" name="WindowFront">
                        <translate sid="translate">0 0 -0</translate>
                        <rotate sid="rotateY">0 1 0 0</rotate>
                        <rotate sid="rotateX">1 0 0 0</rotate>
                        <rotate sid="rotateZ">0 0 1 -0</rotate>
                        <scale sid="scale">1 1 1</scale>
                        <instance_geometry url="#ID146">
                            <bind_material>
                                <technique_common>
                                    <instance_material symbol="Material1" target="#ID1">
                                        <bind_vertex_input semantic="UVSET0" input_semantic="TEXCOORD" input_set="0"/>
                                    </instance_material>
                                </technique_common>
                            </bind_material>
                        </instance_geometry>
                    </node>
                </node>
                <node id="ID154" name="Details">
                    <translate sid="translate">0 0 -0</translate>
                    <rotate sid="rotateY">0 1 0 0</rotate>
                    <rotate sid="rotateX">1 0 0 0</rotate>
                    <rotate sid="rotateZ">0 0 1 -0</rotate>
                    <scale sid="scale">1 1 1</scale>
                    <node id="ID155" name="MirrorHolder.1">
                        <translate sid="translate">89.151 23.6818 -204.877</translate>
                        <rotate sid="rotateY">0 1 0 360</rotate>
                        <rotate sid="rotateX">1 0 0 1.00179e-005</rotate>
                        <rotate sid="rotateZ">0 0 1 -15</rotate>
                        <scale sid="scale">1 1 1</scale>
                        <instance_geometry url="#ID156">
                            <bind_material>
                                <technique_common>
                                    <instance_material symbol="Material1" target="#ID1">
                                        <bind_vertex_input semantic="UVSET0" input_semantic="TEXCOORD" input_set="0"/>
                                    </instance_material>
                                </technique_common>
                            </bind_material>
                        </instance_geometry>
                        <node id="ID164" name="MirrorCase">
                            <translate sid="translate">-0.468667 27.4541 13.2246</translate>
                            <rotate sid="rotateY">0 1 0 360</rotate>
                            <rotate sid="rotateX">1 0 0 -1.48876e-005</rotate>
                            <rotate sid="rotateZ">0 0 1 -345</rotate>
                            <scale sid="scale">1 1 1</scale>
                            <instance_geometry url="#ID165">
                                <bind_material>
                                    <technique_common>
                                        <instance_material symbol="Material1" target="#ID1">
                                            <bind_vertex_input semantic="UVSET0" input_semantic="TEXCOORD" input_set="0"/>
                                        </instance_material>
                                    </technique_common>
                                </bind_material>
                            </instance_geometry>
                            <node id="ID173" name="Mirror">
                                <translate sid="translate">2.28882e-005 3.81469e-006 4.57764e-005</translate>
                                <rotate sid="rotateY">0 1 0 270</rotate>
                                <rotate sid="rotateX">1 0 0 60</rotate>
                                <rotate sid="rotateZ">0 0 1 -90</rotate>
                                <scale sid="scale">1 1 1</scale>
                                <instance_geometry url="#ID174">
                                    <bind_material>
                                        <technique_common>
                                            <instance_material symbol="Material1" target="#ID1">
                                                <bind_vertex_input semantic="UVSET0" input_semantic="TEXCOORD" input_set="0"/>
                                            </instance_material>
                                        </technique_common>
                                    </bind_material>
                                </instance_geometry>
                            </node>
                        </node>
                    </node>
                    <node id="ID182" name="MirrorHolder">
                        <translate sid="translate">-89.1505 23.6818 -204.877</translate>
                        <rotate sid="rotateY">0 1 0 0</rotate>
                        <rotate sid="rotateX">1 0 0 0</rotate>
                        <rotate sid="rotateZ">0 0 1 -345</rotate>
                        <scale sid="scale">1 1 1</scale>
                        <instance_geometry url="#ID183">
                            <bind_material>
                                <technique_common>
                                    <instance_material symbol="Material1" target="#ID1">
                                        <bind_vertex_input semantic="UVSET0" input_semantic="TEXCOORD" input_set="0"/>
                                    </instance_material>
                                </technique_common>
                            </bind_material>
                        </instance_geometry>
                        <node id="ID191" name="MirrorCase.2">
                            <translate sid="translate">0.468126 27.4542 13.2246</translate>
                            <rotate sid="rotateY">0 1 0 5.73915e-006</rotate>
                            <rotate sid="rotateX">1 0 0 6.5931e-006</rotate>
                            <rotate sid="rotateZ">0 0 1 -15</rotate>
                            <scale sid="scale">1 1 1</scale>
                            <instance_geometry url="#ID192">
                                <bind_material>
                                    <technique_common>
                                        <instance_material symbol="Material1" target="#ID1">
                                            <bind_vertex_input semantic="UVSET0" input_semantic="TEXCOORD" input_set="0"/>
                                        </instance_material>
                                    </technique_common>
                                </bind_material>
                            </instance_geometry>
                            <node id="ID200" name="Mirror.2">
                                <translate sid="translate">1.52588e-005 3.8147e-006 1.62004e-012</translate>
                                <rotate sid="rotateY">0 1 0 270</rotate>
                                <rotate sid="rotateX">1 0 0 60</rotate>
                                <rotate sid="rotateZ">0 0 1 -90</rotate>
                                <scale sid="scale">1 1 1</scale>
                                <instance_geometry url="#ID201">
                                    <bind_material>
                                        <technique_common>
                                            <instance_material symbol="Material1" target="#ID1">
                                                <bind_vertex_input semantic="UVSET0" input_semantic="TEXCOORD" input_set="0"/>
                                            </instance_material>
                                        </technique_common>
                                    </bind_material>
                                </instance_geometry>
                            </node>
                        </node>
                    </node>
                    <node id="ID209" name="WiperL.1">
                        <translate sid="translate">66.4374 31.0596 -114.796</translate>
                        <rotate sid="rotateY">0 1 0 360</rotate>
                        <rotate sid="rotateX">1 0 0 1.51406e-005</rotate>
                        <rotate sid="rotateZ">0 0 1 -360</rotate>
                        <scale sid="scale">1 1 1</scale>
                        <instance_geometry url="#ID210">
                            <bind_material>
                                <technique_common>
                                    <instance_material symbol="Material1" target="#ID1">
                                        <bind_vertex_input semantic="UVSET0" input_semantic="TEXCOORD" input_set="0"/>
                                    </instance_material>
                                </technique_common>
                            </bind_material>
                        </instance_geometry>
                    </node>
                    <node id="ID218" name="WiperL">
                        <translate sid="translate">-16.146 31.0596 -114.796</translate>
                        <rotate sid="rotateY">0 1 0 360</rotate>
                        <rotate sid="rotateX">1 0 0 1.51406e-005</rotate>
                        <rotate sid="rotateZ">0 0 1 -360</rotate>
                        <scale sid="scale">1 1 1</scale>
                        <instance_geometry url="#ID219">
                            <bind_material>
                                <technique_common>
                                    <instance_material symbol="Material1" target="#ID1">
                                        <bind_vertex_input semantic="UVSET0" input_semantic="TEXCOORD" input_set="0"/>
                                    </instance_material>
                                </technique_common>
                            </bind_material>
                        </instance_geometry>
                    </node>
                    <node id="ID227" name="MirrorInterior">
                        <translate sid="translate">0 150.156 -88.028</translate>
                        <rotate sid="rotateY">0 1 0 0</rotate>
                        <rotate sid="rotateX">1 0 0 0</rotate>
                        <rotate sid="rotateZ">0 0 1 -0</rotate>
                        <scale sid="scale">0.993 0.993 0.993</scale>
                        <instance_geometry url="#ID228">
                            <bind_material>
                                <technique_common>
                                    <instance_material symbol="Material1" target="#ID1">
                                        <bind_vertex_input semantic="UVSET0" input_semantic="TEXCOORD" input_set="0"/>
                                    </instance_material>
                                </technique_common>
                            </bind_material>
                        </instance_geometry>
                        <node id="ID236" name="MirrorGlass">
                            <translate sid="translate">0 3.07327e-005 -0</translate>
                            <rotate sid="rotateY">0 1 0 0</rotate>
                            <rotate sid="rotateX">1 0 0 0</rotate>
                            <rotate sid="rotateZ">0 0 1 -0</rotate>
                            <scale sid="scale">1 1 1</scale>
                            <instance_geometry url="#ID237">
                                <bind_material>
                                    <technique_common>
                                        <instance_material symbol="Material1" target="#ID1">
                                            <bind_vertex_input semantic="UVSET0" input_semantic="TEXCOORD" input_set="0"/>
                                        </instance_material>
                                    </technique_common>
                                </bind_material>
                            </instance_geometry>
                        </node>
                    </node>
                    <node id="ID245" name="LightRearFrameR.1">
                        <translate sid="translate">-68.021 7.66271 156.581</translate>
                        <rotate sid="rotateY">0 1 0 180</rotate>
                        <rotate sid="rotateX">1 0 0 7.01671e-015</rotate>
                        <rotate sid="rotateZ">0 0 1 -0</rotate>
                        <scale sid="scale">1 1 1</scale>
                        <instance_geometry url="#ID246">
                            <bind_material>
                                <technique_common>
                                    <instance_material symbol="Material1" target="#ID1">
                                        <bind_vertex_input semantic="UVSET0" input_semantic="TEXCOORD" input_set="0"/>
                                    </instance_material>
                                </technique_common>
                            </bind_material>
                        </instance_geometry>
                        <node id="ID254" name="Light">
                            <translate sid="translate">0 0 -0</translate>
                            <rotate sid="rotateY">0 1 0 0</rotate>
                            <rotate sid="rotateX">1 0 0 1.41245e-030</rotate>
                            <rotate sid="rotateZ">0 0 1 -0</rotate>
                            <scale sid="scale">1 1 1</scale>
                            <instance_geometry url="#ID255">
                                <bind_material>
                                    <technique_common>
                                        <instance_material symbol="Material1" target="#ID1">
                                            <bind_vertex_input semantic="UVSET0" input_semantic="TEXCOORD" input_set="0"/>
                                        </instance_material>
                                    </technique_common>
                                </bind_material>
                            </instance_geometry>
                        </node>
                    </node>
                    <node id="ID263" name="LightRearFrameR">
                        <translate sid="translate">68.0215 7.66271 156.581</translate>
                        <rotate sid="rotateY">0 1 0 180</rotate>
                        <rotate sid="rotateX">1 0 0 7.01671e-015</rotate>
                        <rotate sid="rotateZ">0 0 1 -0</rotate>
                        <scale sid="scale">1 1 1</scale>
                        <instance_geometry url="#ID264">
                            <bind_material>
                                <technique_common>
                                    <instance_material symbol="Material1" target="#ID1">
                                        <bind_vertex_input semantic="UVSET0" input_semantic="TEXCOORD" input_set="0"/>
                                    </instance_material>
                                </technique_common>
                            </bind_material>
                        </instance_geometry>
                        <node id="ID272" name="Light.2">
                            <translate sid="translate">0 0 -0</translate>
                            <rotate sid="rotateY">0 1 0 0</rotate>
                            <rotate sid="rotateX">1 0 0 1.41245e-030</rotate>
                            <rotate sid="rotateZ">0 0 1 -0</rotate>
                            <scale sid="scale">1 1 1</scale>
                            <instance_geometry url="#ID273">
                                <bind_material>
                                    <technique_common>
                                        <instance_material symbol="Material1" target="#ID1">
                                            <bind_vertex_input semantic="UVSET0" input_semantic="TEXCOORD" input_set="0"/>
                                        </instance_material>
                                    </technique_common>
                                </bind_material>
                            </instance_geometry>
                        </node>
                    </node>
                    <node id="ID281" name="LightFrontFrame.1">
                        <translate sid="translate">66.072 10.6794 -223.38</translate>
                        <rotate sid="rotateY">0 1 0 1.00179e-005</rotate>
                        <rotate sid="rotateX">1 0 0 -9.54846</rotate>
                        <rotate sid="rotateZ">0 0 1 -1.0138e-005</rotate>
                        <scale sid="scale">1 1 1</scale>
                        <instance_geometry url="#ID282">
                            <bind_material>
                                <technique_common>
                                    <instance_material symbol="Material1" target="#ID1">
                                        <bind_vertex_input semantic="UVSET0" input_semantic="TEXCOORD" input_set="0"/>
                                    </instance_material>
                                </technique_common>
                            </bind_material>
                        </instance_geometry>
                        <node id="ID290" name="Light.3">
                            <translate sid="translate">-6.6791e-013 3.76185e-006 6.32788e-007</translate>
                            <rotate sid="rotateY">0 1 0 0</rotate>
                            <rotate sid="rotateX">1 0 0 1.59028e-015</rotate>
                            <rotate sid="rotateZ">0 0 1 -360</rotate>
                            <scale sid="scale">1 1 1</scale>
                            <instance_geometry url="#ID291">
                                <bind_material>
                                    <technique_common>
                                        <instance_material symbol="Material1" target="#ID1">
                                            <bind_vertex_input semantic="UVSET0" input_semantic="TEXCOORD" input_set="0"/>
                                        </instance_material>
                                    </technique_common>
                                </bind_material>
                            </instance_geometry>
                        </node>
                    </node>
                    <node id="ID299" name="LightFrontFrame">
                        <translate sid="translate">-66.0722 10.6794 -223.38</translate>
                        <rotate sid="rotateY">0 1 0 1.1705e-005</rotate>
                        <rotate sid="rotateX">1 0 0 -9.54846</rotate>
                        <rotate sid="rotateZ">0 0 1 -1.01739e-005</rotate>
                        <scale sid="scale">1 1 1</scale>
                        <instance_geometry url="#ID300">
                            <bind_material>
                                <technique_common>
                                    <instance_material symbol="Material1" target="#ID1">
                                        <bind_vertex_input semantic="UVSET0" input_semantic="TEXCOORD" input_set="0"/>
                                    </instance_material>
                                </technique_common>
                            </bind_material>
                        </instance_geometry>
                        <node id="ID308" name="Light.4">
                            <translate sid="translate">0 0 -0</translate>
                            <rotate sid="rotateY">0 1 0 1.51661e-021</rotate>
                            <rotate sid="rotateX">1 0 0 0</rotate>
                            <rotate sid="rotateZ">0 0 1 -360</rotate>
                            <scale sid="scale">1 1 1</scale>
                            <instance_geometry url="#ID309">
                                <bind_material>
                                    <technique_common>
                                        <instance_material symbol="Material1" target="#ID1">
                                            <bind_vertex_input semantic="UVSET0" input_semantic="TEXCOORD" input_set="0"/>
                                        </instance_material>
                                    </technique_common>
                                </bind_material>
                            </instance_geometry>
                        </node>
                    </node>
                    <node id="ID317" name="Grille">
                        <translate sid="translate">-2.18708 17.8928 -224.146</translate>
                        <rotate sid="rotateY">0 1 0 1.00179e-005</rotate>
                        <rotate sid="rotateX">1 0 0 -10.2901</rotate>
                        <rotate sid="rotateZ">0 0 1 -3.73325e-005</rotate>
                        <scale sid="scale">1 1 1</scale>
                        <instance_geometry url="#ID318">
                            <bind_material>
                                <technique_common>
                                    <instance_material symbol="Material1" target="#ID1">
                                        <bind_vertex_input semantic="UVSET0" input_semantic="TEXCOORD" input_set="0"/>
                                    </instance_material>
                                </technique_common>
                            </bind_material>
                        </instance_geometry>
                    </node>
                    <node id="ID326" name="BumperBack">
                        <translate sid="translate">5.93653e-005 -8.80399 163.25</translate>
                        <rotate sid="rotateY">0 1 0 180</rotate>
                        <rotate sid="rotateX">1 0 0 7.01671e-015</rotate>
                        <rotate sid="rotateZ">0 0 1 -0</rotate>
                        <scale sid="scale">1 1 1</scale>
                        <instance_geometry url="#ID327">
                            <bind_material>
                                <technique_common>
                                    <instance_material symbol="Material1" target="#ID1">
                                        <bind_vertex_input semantic="UVSET0" input_semantic="TEXCOORD" input_set="0"/>
                                    </instance_material>
                                </technique_common>
                            </bind_material>
                        </instance_geometry>
                    </node>
                    <node id="ID335" name="BumperFront">
                        <translate sid="translate">0 -14.2935 -229.909</translate>
                        <rotate sid="rotateY">0 1 0 0</rotate>
                        <rotate sid="rotateX">1 0 0 0</rotate>
                        <rotate sid="rotateZ">0 0 1 -0</rotate>
                        <scale sid="scale">1 1 1</scale>
                        <instance_geometry url="#ID336">
                            <bind_material>
                                <technique_common>
                                    <instance_material symbol="Material1" target="#ID1">
                                        <bind_vertex_input semantic="UVSET0" input_semantic="TEXCOORD" input_set="0"/>
                                    </instance_material>
                                </technique_common>
                            </bind_material>
                        </instance_geometry>
                    </node>
                </node>
                <node id="ID344" name="Doors">
                    <translate sid="translate">0 0 -0</translate>
                    <rotate sid="rotateY">0 1 0 0</rotate>
                    <rotate sid="rotateX">1 0 0 0</rotate>
                    <rotate sid="rotateZ">0 0 1 -0</rotate>
                    <scale sid="scale">1 1 1</scale>
                    <node id="ID345" name="DoorRR">
                        <translate sid="translate">91.902 17.4261 -12.1982</translate>
                        <rotate sid="rotateY">0 1 0 0</rotate>
                        <rotate sid="rotateX">1 0 0 0</rotate>
                        <rotate sid="rotateZ">0 0 1 -0</rotate>
                        <scale sid="scale">1 1 1</scale>
                        <instance_geometry url="#ID346">
                            <bind_material>
                                <technique_common>
                                    <instance_material symbol="Material1" target="#ID1">
                                        <bind_vertex_input semantic="UVSET0" input_semantic="TEXCOORD" input_set="0"/>
                                    </instance_material>
                                </technique_common>
                            </bind_material>
                        </instance_geometry>
                        <node id="ID354" name="Handle.3">
                            <translate sid="translate">1.324 1.58178 53.2826</translate>
                            <rotate sid="rotateY">0 1 0 0</rotate>
                            <rotate sid="rotateX">1 0 0 0</rotate>
                            <rotate sid="rotateZ">0 0 1 -0</rotate>
                            <scale sid="scale">1 1 1</scale>
                            <instance_geometry url="#ID355">
                                <bind_material>
                                    <technique_common>
                                        <instance_material symbol="Material1" target="#ID1">
                                            <bind_vertex_input semantic="UVSET0" input_semantic="TEXCOORD" input_set="0"/>
                                        </instance_material>
                                    </technique_common>
                                </bind_material>
                            </instance_geometry>
                        </node>
                        <node id="ID363" name="Window">
                            <translate sid="translate">-91.902 -17.4261 12.1982</translate>
                            <rotate sid="rotateY">0 1 0 0</rotate>
                            <rotate sid="rotateX">1 0 0 0</rotate>
                            <rotate sid="rotateZ">0 0 1 -0</rotate>
                            <scale sid="scale">1 1 1</scale>
                            <instance_geometry url="#ID364">
                                <bind_material>
                                    <technique_common>
                                        <instance_material symbol="Material1" target="#ID1">
                                            <bind_vertex_input semantic="UVSET0" input_semantic="TEXCOORD" input_set="0"/>
                                        </instance_material>
                                    </technique_common>
                                </bind_material>
                            </instance_geometry>
                        </node>
                    </node>
                    <node id="ID372" name="DoorRL">
                        <translate sid="translate">-91.902 17.4261 -12.1982</translate>
                        <rotate sid="rotateY">0 1 0 0</rotate>
                        <rotate sid="rotateX">1 0 0 0</rotate>
                        <rotate sid="rotateZ">0 0 1 -0</rotate>
                        <scale sid="scale">1 1 1</scale>
                        <instance_geometry url="#ID373">
                            <bind_material>
                                <technique_common>
                                    <instance_material symbol="Material1" target="#ID1">
                                        <bind_vertex_input semantic="UVSET0" input_semantic="TEXCOORD" input_set="0"/>
                                    </instance_material>
                                </technique_common>
                            </bind_material>
                        </instance_geometry>
                        <node id="ID381" name="Handle.1">
                            <translate sid="translate">-1.32408 1.58178 53.2826</translate>
                            <rotate sid="rotateY">0 1 0 0</rotate>
                            <rotate sid="rotateX">1 0 0 0</rotate>
                            <rotate sid="rotateZ">0 0 1 -0</rotate>
                            <scale sid="scale">1 1 1</scale>
                            <instance_geometry url="#ID382">
                                <bind_material>
                                    <technique_common>
                                        <instance_material symbol="Material1" target="#ID1">
                                            <bind_vertex_input semantic="UVSET0" input_semantic="TEXCOORD" input_set="0"/>
                                        </instance_material>
                                    </technique_common>
                                </bind_material>
                            </instance_geometry>
                        </node>
                        <node id="ID390" name="Window.2">
                            <translate sid="translate">91.902 -17.4261 12.1982</translate>
                            <rotate sid="rotateY">0 1 0 0</rotate>
                            <rotate sid="rotateX">1 0 0 0</rotate>
                            <rotate sid="rotateZ">0 0 1 -0</rotate>
                            <scale sid="scale">1 1 1</scale>
                            <instance_geometry url="#ID391">
                                <bind_material>
                                    <technique_common>
                                        <instance_material symbol="Material1" target="#ID1">
                                            <bind_vertex_input semantic="UVSET0" input_semantic="TEXCOORD" input_set="0"/>
                                        </instance_material>
                                    </technique_common>
                                </bind_material>
                            </instance_geometry>
                        </node>
                    </node>
                    <node id="ID399" name="DoorFL">
                        <translate sid="translate">-91.902 22.7383 -104.636</translate>
                        <rotate sid="rotateY">0 1 0 0</rotate>
                        <rotate sid="rotateX">1 0 0 0</rotate>
                        <rotate sid="rotateZ">0 0 1 -0</rotate>
                        <scale sid="scale">1 1 1</scale>
                        <instance_geometry url="#ID400">
                            <bind_material>
                                <technique_common>
                                    <instance_material symbol="Material1" target="#ID1">
                                        <bind_vertex_input semantic="UVSET0" input_semantic="TEXCOORD" input_set="0"/>
                                    </instance_material>
                                </technique_common>
                            </bind_material>
                        </instance_geometry>
                        <node id="ID408" name="Handle">
                            <translate sid="translate">-1.32407 -3.73041 75.6916</translate>
                            <rotate sid="rotateY">0 1 0 0</rotate>
                            <rotate sid="rotateX">1 0 0 0</rotate>
                            <rotate sid="rotateZ">0 0 1 -0</rotate>
                            <scale sid="scale">1 1 1</scale>
                            <instance_geometry url="#ID409">
                                <bind_material>
                                    <technique_common>
                                        <instance_material symbol="Material1" target="#ID1">
                                            <bind_vertex_input semantic="UVSET0" input_semantic="TEXCOORD" input_set="0"/>
                                        </instance_material>
                                    </technique_common>
                                </bind_material>
                            </instance_geometry>
                        </node>
                        <node id="ID417" name="Window.3">
                            <translate sid="translate">91.902 -22.7383 104.636</translate>
                            <rotate sid="rotateY">0 1 0 0</rotate>
                            <rotate sid="rotateX">1 0 0 0</rotate>
                            <rotate sid="rotateZ">0 0 1 -0</rotate>
                            <scale sid="scale">1 1 1</scale>
                            <instance_geometry url="#ID418">
                                <bind_material>
                                    <technique_common>
                                        <instance_material symbol="Material1" target="#ID1">
                                            <bind_vertex_input semantic="UVSET0" input_semantic="TEXCOORD" input_set="0"/>
                                        </instance_material>
                                    </technique_common>
                                </bind_material>
                            </instance_geometry>
                        </node>
                    </node>
                    <node id="ID426" name="DoorFR">
                        <translate sid="translate">91.9021 22.7383 -104.636</translate>
                        <rotate sid="rotateY">0 1 0 0</rotate>
                        <rotate sid="rotateX">1 0 0 0</rotate>
                        <rotate sid="rotateZ">0 0 1 -0</rotate>
                        <scale sid="scale">1 1 1</scale>
                        <instance_geometry url="#ID427">
                            <bind_material>
                                <technique_common>
                                    <instance_material symbol="Material1" target="#ID1">
                                        <bind_vertex_input semantic="UVSET0" input_semantic="TEXCOORD" input_set="0"/>
                                    </instance_material>
                                </technique_common>
                            </bind_material>
                        </instance_geometry>
                        <node id="ID435" name="Handle.2">
                            <translate sid="translate">1.3239 -3.73041 75.6916</translate>
                            <rotate sid="rotateY">0 1 0 0</rotate>
                            <rotate sid="rotateX">1 0 0 0</rotate>
                            <rotate sid="rotateZ">0 0 1 -0</rotate>
                            <scale sid="scale">1 1 1</scale>
                            <instance_geometry url="#ID436">
                                <bind_material>
                                    <technique_common>
                                        <instance_material symbol="Material1" target="#ID1">
                                            <bind_vertex_input semantic="UVSET0" input_semantic="TEXCOORD" input_set="0"/>
                                        </instance_material>
                                    </technique_common>
                                </bind_material>
                            </instance_geometry>
                        </node>
                        <node id="ID444" name="Window.4">
                            <translate sid="translate">-91.9021 -22.7383 104.636</translate>
                            <rotate sid="rotateY">0 1 0 0</rotate>
                            <rotate sid="rotateX">1 0 0 0</rotate>
                            <rotate sid="rotateZ">0 0 1 -0</rotate>
                            <scale sid="scale">1 1 1</scale>
                            <instance_geometry url="#ID445">
                                <bind_material>
                                    <technique_common>
                                        <instance_material symbol="Material1" target="#ID1">
                                            <bind_vertex_input semantic="UVSET0" input_semantic="TEXCOORD" input_set="0"/>
                                        </instance_material>
                                    </technique_common>
                                </bind_material>
                            </instance_geometry>
                        </node>
                    </node>
                    <node id="ID453" name="Trunk">
                        <translate sid="translate">0 147.026 97.5798</translate>
                        <rotate sid="rotateY">0 1 0 0</rotate>
                        <rotate sid="rotateX">1 0 0 0</rotate>
                        <rotate sid="rotateZ">0 0 1 -0</rotate>
                        <scale sid="scale">1 1 1</scale>
                        <instance_geometry url="#ID454">
                            <bind_material>
                                <technique_common>
                                    <instance_material symbol="Material1" target="#ID1">
                                        <bind_vertex_input semantic="UVSET0" input_semantic="TEXCOORD" input_set="0"/>
                                    </instance_material>
                                </technique_common>
                            </bind_material>
                        </instance_geometry>
                        <node id="ID462" name="WIndow">
                            <translate sid="translate">0 -147.026 -97.5798</translate>
                            <rotate sid="rotateY">0 1 0 0</rotate>
                            <rotate sid="rotateX">1 0 0 0</rotate>
                            <rotate sid="rotateZ">0 0 1 -0</rotate>
                            <scale sid="scale">1 1 1</scale>
                            <instance_geometry url="#ID463">
                                <bind_material>
                                    <technique_common>
                                        <instance_material symbol="Material1" target="#ID1">
                                            <bind_vertex_input semantic="UVSET0" input_semantic="TEXCOORD" input_set="0"/>
                                        </instance_material>
                                    </technique_common>
                                </bind_material>
                            </instance_geometry>
                        </node>
                    </node>
                    <node id="ID471" name="Hood">
                        <translate sid="translate">0 27.4173 -216.424</translate>
                        <rotate sid="rotateY">0 1 0 0</rotate>
                        <rotate sid="rotateX">1 0 0 0</rotate>
                        <rotate sid="rotateZ">0 0 1 -0</rotate>
                        <scale sid="scale">1 1 1</scale>
                        <instance_geometry url="#ID472">
                            <bind_material>
                                <technique_common>
                                    <instance_material symbol="Material1" target="#ID1">
                                        <bind_vertex_input semantic="UVSET0" input_semantic="TEXCOORD" input_set="0"/>
                                    </instance_material>
                                </technique_common>
                            </bind_material>
                        </instance_geometry>
                    </node>
                </node>
                <node id="ID480" name="WheelMeshes">
                    <translate sid="translate">0 1.80048 -34.9609</translate>
                    <rotate sid="rotateY">0 1 0 0</rotate>
                    <rotate sid="rotateX">1 0 0 0</rotate>
                    <rotate sid="rotateZ">0 0 1 -0</rotate>
                    <scale sid="scale">1 1 1</scale>
                    <node id="ID481" name="WheelRR">
                        <translate sid="translate">86.2529 -16.1493 104.54</translate>
                        <rotate sid="rotateY">0 1 0 1.50326e-012</rotate>
                        <rotate sid="rotateX">1 0 0 0</rotate>
                        <rotate sid="rotateZ">0 0 1 -360</rotate>
                        <scale sid="scale">1 1 1</scale>
                        <instance_geometry url="#ID482">
                            <bind_material>
                                <technique_common>
                                    <instance_material symbol="Material1" target="#ID1">
                                        <bind_vertex_input semantic="UVSET0" input_semantic="TEXCOORD" input_set="0"/>
                                    </instance_material>
                                </technique_common>
                            </bind_material>
                        </instance_geometry>
                    </node>
                    <node id="ID490" name="WheelRL">
                        <translate sid="translate">-87.3759 -16.1492 104.54</translate>
                        <rotate sid="rotateY">0 1 0 180</rotate>
                        <rotate sid="rotateX">1 0 0 8.21239e-013</rotate>
                        <rotate sid="rotateZ">0 0 1 -0</rotate>
                        <scale sid="scale">1 1 1</scale>
                        <instance_geometry url="#ID491">
                            <bind_material>
                                <technique_common>
                                    <instance_material symbol="Material1" target="#ID1">
                                        <bind_vertex_input semantic="UVSET0" input_semantic="TEXCOORD" input_set="0"/>
                                    </instance_material>
                                </technique_common>
                            </bind_material>
                        </instance_geometry>
                    </node>
                    <node id="ID499" name="WheelRR.2">
                        <translate sid="translate">82.4659 -16.1493 -142.636</translate>
                        <rotate sid="rotateY">0 1 0 1.50326e-012</rotate>
                        <rotate sid="rotateX">1 0 0 0</rotate>
                        <rotate sid="rotateZ">0 0 1 -360</rotate>
                        <scale sid="scale">1 1 1</scale>
                        <instance_geometry url="#ID500">
                            <bind_material>
                                <technique_common>
                                    <instance_material symbol="Material1" target="#ID1">
                                        <bind_vertex_input semantic="UVSET0" input_semantic="TEXCOORD" input_set="0"/>
                                    </instance_material>
                                </technique_common>
                            </bind_material>
                        </instance_geometry>
                    </node>
                    <node id="ID508" name="WheelFL">
                        <translate sid="translate">-83.5888 -16.1492 -142.636</translate>
                        <rotate sid="rotateY">0 1 0 180</rotate>
                        <rotate sid="rotateX">1 0 0 8.21239e-013</rotate>
                        <rotate sid="rotateZ">0 0 1 -0</rotate>
                        <scale sid="scale">1 1 1</scale>
                        <instance_geometry url="#ID509">
                            <bind_material>
                                <technique_common>
                                    <instance_material symbol="Material1" target="#ID1">
                                        <bind_vertex_input semantic="UVSET0" input_semantic="TEXCOORD" input_set="0"/>
                                    </instance_material>
                                </technique_common>
                            </bind_material>
                        </instance_geometry>
                    </node>
                </node>
            </node>
        </visual_scene>
    </library_visual_scenes>
    <scene>
        <instance_visual_scene url="#ID3"/>
    </scene>
</COLLADA>
