<?xml version="1.0"?>
<COLLADA xmlns="http://www.collada.org/2005/11/COLLADASchema" version="1.4.1">
    <asset>
        <contributor>
            <authoring_tool>CINEMA4D 11.530 COLLADA Exporter</authoring_tool>
        </contributor>
        <created>2016-02-09T19:41:19Z</created>
        <modified>2016-02-09T19:41:19Z</modified>
        <unit meter="0.01" name="centimeter"/>
        <up_axis>Y_UP</up_axis>
    </asset>
    <library_effects>
        <effect id="ID2">
            <profile_COMMON>
                <technique sid="COMMON">
                    <blinn>
                        <diffuse>
                            <color>0.8 0.8 0.8 1</color>
                        </diffuse>
                        <specular>
                            <color>0.2 0.2 0.2 1</color>
                        </specular>
                        <shininess>
                            <float>0.5</float>
                        </shininess>
                    </blinn>
                </technique>
            </profile_COMMON>
        </effect>
    </library_effects>
    <library_materials>
        <material id="ID1" name="Mat">
            <instance_effect url="#ID2"/>
        </material>
    </library_materials>
    <library_geometries>
        <geometry id="ID6">
            <mesh>
                <source id="ID7">
                    <float_array id="ID8" count="732">-50.2209 -14.1009 99.5606 -50.2209 29.2421 99.543 0 -14.3385 150.277 0 26.3029 152.155 0 -16.3369 -160.541 0 4.8671 -164.794 -77.241 -14.6322 138.309 -81.55 -15.0309 62.9807 -80.582 27.8376 -50.8533 -50.2209 23.4585 119.505 -55.2816 12.0069 -81.423 -78.0993 17.8061 -98.5107 0 138.852 30.9497 0 5.0712 151.174 0 -16.752 51.9195 0 138.852 41.1014 0 -6.21021 -162.572 0 138.092 -36.5699 -81.55 6.75852 146.507 0 138.852 20.6681 -72.1743 -6.16314 -161.116 -81.55 -11.6114 -58.5937 -81.55 -11.7708 51.9195 -77.241 5.0712 151.174 -68.59 -6.21021 -162.572 0 35.8674 146.38 -72.6656 -6.47713 -158.903 0 28.0603 -58.6348 -81.55 -12.3385 -54.5968 -80.9203 -1.92532 -65.7028 -75.2534 -6.25951 -129.686 -76.592 10.5315 -116.682 -78.0993 16.7364 -97.5543 -79.5817 12.9984 -80.8169 -81.55 6.47447 134.997 -81.55 4.69607 62.9395 -81.55 23.6439 78.3174 -81.55 30.7081 99.5139 -81.55 24.6805 120.318 -48.4803 -14.3385 150.277 -48.4803 26.3029 152.155 -43.0505 -16.3369 -160.541 -43.0505 4.8671 -164.794 0 136.877 44.8588 0 -15.5409 101.275 0 136.105 -37.6264 -43.0505 -6.21021 -162.572 0 -17.8671 -157.496 0 7.46697 -161.658 -48.4803 -16.752 51.9195 -29.4597 138.852 41.1014 -29.4597 138.092 -36.5699 -29.4597 138.852 20.6681 -47.9368 35.8674 146.38 -49.7294 -17.1851 -96.68 0 138.852 -34.4997 -47.9368 28.0603 -58.6348 -29.7933 136.877 44.8588 -29.7933 136.105 -37.6264 -43.1987 -17.8671 -157.496 -81.55 -12.8985 146.86 -81.1959 30.9215 145.3 -72.4164 -13.7636 -159.403 -71.9095 3.41554 -162.99 0 135.678 46.0639 -50.2209 22.4448 79.1472 -81.55 -15.3121 51.9195 -50.2144 4.20072 64.3405 -81.55 -13.1922 135.308 -46.9366 138.852 30.9497 0 37.0665 145.175 -47.0417 -17.562 -126.991 -46.9366 138.852 -34.4997 -50.1161 136.105 -34.8522 -49.8704 -13.4616 133.911 -80.6359 28.0603 -57.9645 -81.1388 27.731 51.5179 -76.3752 35.8674 146.38 -76.3752 28.0603 -58.6348 -81.3641 24.0841 -54.48 -77.241 -14.3385 150.277 -77.241 26.3029 152.155 -68.59 -16.3369 -160.541 -68.59 4.8671 -164.794 0 -16.4708 63.3788 -52.3985 9.58896 -116.024 -77.241 -16.752 51.9195 -46.9366 138.852 41.1014 -46.9366 138.092 -36.5699 -46.9366 138.852 20.6681 -50.1161 136.19 42.9431 -50.1161 136.105 -36.9561 -50.1161 136.105 21.2161 -72.6656 -16.4272 -156.652 -47.468 136.877 44.8588 -47.468 136.105 -37.6264 -56.5771 -2.32724 -66.792 -50.1161 136.148 32.1488 -53.8551 15.5976 -97.5006 -72.6656 6.75524 -161.365 -68.8261 -17.8671 -157.496 -68.8261 7.46697 -161.658 -43.1987 7.46697 -161.658 -50.5939 134.474 -33.4179 0 -16.8311 -65.5433 0 24.3091 -66.5209 -29.4597 138.852 -34.4997 -73.9726 18.5532 -99.0344 -80.9203 -15.3911 -65.5433 -80.9203 23.5436 -65.8773 -76.6446 -16.8311 -59.7864 -76.6446 24.3091 -66.5209 0 -17.5423 -128.091 0 12.7468 -131.834 -48.106 24.3091 -66.5209 -29.4597 138.852 30.9497 -44.737 12.7468 -131.834 0 -14.6322 138.309 -75.2534 -16.1024 -128.091 -75.2534 12.0182 -131.431 -71.2771 -17.5423 -128.324 -71.2771 12.7468 -131.834 -46.0769 135.678 46.0639 -48.4803 5.0712 151.174 -47.9368 37.0665 145.175 -74.2977 37.0665 145.175 -46.4289 18.5532 -99.0344 -52.394 -16.8112 -66.6434 -50.2234 5.97074 133.605 -50.5773 134.469 19.9196 -51.1428 -6.5579 -128.531 -80.5164 31.2738 47.9257 -29.7933 135.678 46.0639 -50.263 -14.9796 64.381 0 -17.1851 -96.68 0 18.5532 -99.0344 -80.8819 32.9765 98.8634 -78.247 40.9965 133.596 -80.1839 31.1505 52.013 -50.5192 134.847 42.3366 -50.5384 134.777 23.0397 -50.5079 134.804 32.154 50.2209 -14.1009 99.5606 50.2209 29.2421 99.543 77.241 -14.6322 138.309 81.55 -15.0309 62.9807 50.2209 23.4585 119.505 55.2816 12.0069 -81.423 78.0993 17.8061 -98.5107 81.55 6.75852 146.507 72.1743 -6.16314 -161.116 81.55 -11.6114 -58.5937 81.55 -11.7708 51.9195 77.241 5.0712 151.174 68.59 -6.21021 -162.572 72.6656 -6.47713 -158.903 81.55 -12.3385 -54.5968 80.9203 -1.92532 -65.7028 75.2534 -6.25951 -129.686 76.592 10.5315 -116.682 78.0993 16.7364 -97.5543 79.5817 12.9984 -80.8169 81.55 6.47447 134.997 81.55 4.69607 62.9395 81.55 23.6439 78.3174 81.55 30.7081 99.5139 81.55 24.6805 120.318 48.4803 -14.3385 150.277 48.4803 26.3029 152.155 43.0505 -16.3369 -160.541 43.0505 4.8671 -164.794 43.0505 -6.21021 -162.572 48.4803 -16.752 51.9195 29.4597 138.852 41.1014 29.4597 138.092 -36.5699 29.4597 138.852 20.6681 49.7294 -17.1851 -96.68 47.9368 28.0603 -58.6348 29.7933 136.877 44.8588 29.7933 136.105 -37.6264 43.1987 -17.8671 -157.496 81.55 -12.8985 146.86 81.1959 30.9215 145.3 72.4164 -13.7636 -159.403 71.9095 3.41554 -162.99 50.2209 22.4448 79.1472 81.55 -15.3121 51.9195 50.2144 4.20072 64.3405 81.55 -13.1922 135.308 46.9366 138.852 30.9497 47.0417 -17.562 -126.991 46.9366 138.852 -34.4997 50.1161 136.105 -34.8522 49.8704 -13.4616 133.911 80.6359 28.0603 -57.9645 81.1388 27.731 51.5179 76.3752 35.8674 146.38 76.3752 28.0603 -58.6348 81.3641 24.0841 -54.48 77.241 -14.3385 150.277 77.241 26.3029 152.155 68.59 -16.3369 -160.541 68.59 4.8671 -164.794 52.3985 9.58896 -116.024 77.241 -16.752 51.9195 46.9366 138.852 41.1014 46.9366 138.092 -36.5699 46.9366 138.852 20.6681 50.1161 136.19 42.9431 50.1161 136.105 -36.9561 50.1161 136.105 21.2161 72.6656 -16.4272 -156.652 47.468 136.877 44.8588 47.468 136.105 -37.6264 56.5771 -2.32724 -66.792 50.1161 136.148 32.1488 53.8551 15.5976 -97.5006 72.6656 6.75524 -161.365 68.8261 -17.8671 -157.496 68.8261 7.46697 -161.658 43.1987 7.46697 -161.658 29.4597 138.852 -34.4997 73.9726 18.5532 -99.0344 80.9203 -15.3911 -65.5433 80.9203 23.5436 -65.8773 76.6446 -16.8311 -59.7864 76.6446 24.3091 -66.5209 48.106 24.3091 -66.5209 29.4597 138.852 30.9497 75.2534 -16.1024 -128.091 75.2534 12.0182 -131.431 71.2771 -17.5423 -128.324 71.2771 12.7468 -131.834 48.4803 5.0712 151.174 52.394 -16.8112 -66.6434 50.2234 5.97074 133.605 51.1428 -6.5579 -128.531 50.263 -14.9796 64.381 80.8819 32.9765 98.8634 78.247 40.9965 133.596 80.1839 31.1505 52.013 50.5192 134.847 42.3366 50.5384 134.777 23.0397 50.5079 134.804 32.154</float_array>
                    <technique_common>
                        <accessor count="244" source="#ID8" stride="3">
                            <param name="X" type="float"/>
                            <param name="Y" type="float"/>
                            <param name="Z" type="float"/>
                        </accessor>
                    </technique_common>
                </source>
                <source id="ID9">
                    <float_array id="ID10" count="636">0.837197 0.546901 -0.00105674 0.840769 0.541362 -0.00595431 0.959919 0.280074 -0.0106785 0.957807 0.287411 -0.000543168 -0.714727 -0.589966 -0.375641 -0.662757 -0.646107 -0.378548 -0.688233 -0.725121 -0.0231325 -0.724925 -0.68836 -0.0253633 0.987921 -0.0223759 -0.153335 0.995978 -0.0126473 -0.0887008 0.862122 0.480997 -0.159335 0.7216 0.481062 -0.497869 -0.738 -0.56361 -0.371079 -0.896336 -0.443234 0.0111576 -0.738474 -0.674149 0.0133804 0 0.970868 0.239615 -0.299081 0.928342 0.220753 -0.345244 0.938513 -0.000790496 0 1 -0 -0.775491 0.607529 -0.171819 -0.865268 0.453426 -0.213813 -0.783587 0.595844 0.175959 -0.837197 0.546901 -0.00105674 -0.835954 -0.194561 -0.513154 -0.460117 -0.39613 -0.79459 -0.516385 -0.68997 -0.507236 -0.856023 -0.405563 0.320536 -0.350393 -0.706866 0.614464 -0.115294 -0.984052 -0.135455 -0.197843 0.962337 -0.186456 -0.123977 0.914801 -0.384408 -0.298863 -0.589943 -0.750099 -0.726708 -0.290507 -0.622496 -0.775277 -0.552887 -0.305389 -0.943342 0.232561 0.236687 -0.855377 -0.171426 -0.488818 -0.745903 -0.553788 -0.370064 -0.951929 -0.306292 0.00388869 -0.736978 -0.555819 0.384615 -0.319678 -0.873572 0.366984 -0.501209 -0.287939 0.816015 -0.347872 0.937542 -0.00039446 -0.840769 0.541362 -0.00595431 -0.499722 -0.299257 -0.812848 -0.197443 -0.192152 -0.961298 -0.258855 0.324765 -0.909682 -0.69038 0.0170984 -0.723245 -0.765837 -0.118291 -0.632061 -0.999718 -0.023325 -0.00437007 -0.992595 0.120211 -0.0174564 -0.858162 -0.168372 0.484983 0.00484113 -0.728031 0.685527 -0.407085 -0.0275674 0.912974 0 -0.0461538 0.998934 -0.7216 0.481062 -0.497869 -0.987921 -0.0223759 -0.153335 -0.99831 -0.024425 -0.0527264 -0.75698 0.500977 -0.419527 -0.989827 0.140512 -0.0223462 -0.996776 -0.0708268 -0.0377125 0 -0.046154 0.998934 0 -0.727937 0.685645 0 -0.606408 -0.795154 0 -0.19665 -0.980474 -0.934315 0.00173708 0.356444 -0.237647 -0.926344 -0.29225 -0.825623 -0.563295 -0.0323456 -0.995978 -0.0126473 -0.0887008 -0.556045 -0.431542 0.710342 -0.673557 -0.632738 0.382051 -0.256756 -0.823834 0.505345 -0.462708 -0.311417 0.830012 -0.748948 -0.572768 0.333187 -0.862122 0.480997 -0.159335 -0.745131 -0.547513 0.380801 -0.25083 -0.91195 -0.324703 -0.524498 0.151643 0.837799 0 -0.0461533 0.998934 -0.126295 -0.989613 -0.0686665 -0.801118 -0.511721 -0.310406 -0.161407 -0.985938 0.0432958 -0.00416197 -0.998316 0.057856 0 0.88517 0.465268 0 0.88517 0.465268 -2.32916e-010 -0.999992 0.00401185 0 -0.99973 0.0232432 -0.045328 -0.256968 0.965356 -3.02319e-008 0.984565 -0.175017 0 0.984565 -0.175017 0 -0.999937 0.0112489 0 -0.974222 -0.225592 -8.97434e-005 -0.974217 -0.225612 -0.131294 0.854511 -0.502567 -0.195325 0.962874 -0.186339 -0.195646 -0.952292 -0.234227 0 0.333772 -0.942654 0 0.769811 -0.638273 -0.328997 0.935482 -0.128975 -0.220201 0.757451 -0.614638 -1.13857e-007 0.753836 -0.657063 -0.722595 -0.591547 0.357671 -0.795867 -0.605438 0.00633235 0 -0.999128 0.0417432 0 -0.99998 0.00625098 -0.768601 0.63888 -0.0329251 -0.38104 0.809859 0.446023 0 -0.99855 0.0538247 -0.59796 0.5551 -0.578193 -0.622482 0.54611 0.560607 0 -0.19665 -0.980474 0 0.76981 -0.638272 -1.90168e-015 0.753836 -0.657063 -0.137372 0.408639 -0.902299 -0.0955483 0.74551 -0.65961 -0.959964 0.27997 -0.00928687 -0.957482 0.288392 0.0075739 -1.53178e-007 0.469577 -0.882892 -0.163161 -0.909101 0.383293 -0.95777 0.287517 0.00344487 0 0.469577 -0.882892 -0.957807 0.287411 -0.000543168 0 -0.999929 0.0119209 -4.85223e-008 0.903041 -0.429554 0 0.903041 -0.429554 -0.959919 0.280074 -0.0106785 -0.962099 0.271681 -0.0235487 4.85223e-008 0.903041 -0.429554 0.123977 0.914801 -0.384408 0.0955483 0.74551 -0.65961 0.714727 -0.589966 -0.375641 0.724925 -0.68836 -0.0253633 0.688233 -0.725121 -0.0231325 0.662757 -0.646107 -0.378548 0.825623 -0.563295 -0.0323456 0.256756 -0.823834 0.505345 0.738 -0.56361 -0.371079 0.738474 -0.674149 0.0133804 0.896336 -0.443234 0.0111576 0 0.970868 0.239614 0.345244 0.938513 -0.000790496 0.299081 0.928342 0.220753 0.865268 0.453426 -0.213813 0.775491 0.607529 -0.171819 0.783587 0.595844 0.175959 0.835954 -0.194561 -0.513154 0.460117 -0.39613 -0.79459 0.516385 -0.68997 -0.507236 0.115294 -0.984052 -0.135455 0.350393 -0.706866 0.614464 0.856023 -0.405563 0.320536 0.197843 0.962337 -0.186456 0.298863 -0.589943 -0.750099 0.775277 -0.552887 -0.305389 0.726708 -0.290507 -0.622496 0.943342 0.232561 0.236687 0.745903 -0.553788 -0.370064 0.855377 -0.171426 -0.488818 0.951929 -0.306292 0.00388869 0.736978 -0.555819 0.384615 0.501209 -0.287939 0.816015 0.319678 -0.873572 0.366984 0.347872 0.937542 -0.00039446 0.499722 -0.299257 -0.812848 0.197443 -0.192152 -0.961298 0.765837 -0.118291 -0.632061 0.69038 0.0170984 -0.723245 0.258855 0.324765 -0.909682 0.999718 -0.023325 -0.00437007 0.858162 -0.168372 0.484983 0.992595 0.120211 -0.0174564 -0.00484113 -0.728031 0.685527 0.407085 -0.0275674 0.912974 0.99831 -0.024425 -0.0527264 0.996776 -0.0708268 -0.0377125 0.989827 0.140512 -0.0223462 0.75698 0.500977 -0.419527 0 -0.19665 -0.980474 0.934315 0.00173708 0.356444 0.237647 -0.926344 -0.29225 0.556045 -0.431542 0.710341 0.673557 -0.632738 0.382051 0.462708 -0.311417 0.830012 0.748948 -0.572768 0.333187 0.745131 -0.547513 0.380801 0.25083 -0.91195 -0.324703 0.524498 0.151643 0.837799 0.126295 -0.989613 -0.0686665 0.801118 -0.511721 -0.310406 0.00416197 -0.998316 0.057856 0.161407 -0.985938 0.0432958 0.045328 -0.256968 0.965356 3.02319e-008 0.984565 -0.175017 8.97434e-005 -0.974217 -0.225612 0.195325 0.962874 -0.186339 0.131294 0.854511 -0.502567 0.195646 -0.952292 -0.234227 1.13857e-007 0.753836 -0.657063 0.220201 0.757451 -0.614638 0.328997 0.935482 -0.128975 0.722595 -0.591547 0.357671 0.795867 -0.605438 0.00633235 0.768601 0.63888 -0.0329251 0.38104 0.809859 0.446023 0.59796 0.5551 -0.578193 0.622482 0.54611 0.560607 0.137372 0.408639 -0.902299 0.957482 0.288392 0.0075739 0.959964 0.27997 -0.00928687 1.53178e-007 0.469577 -0.882892 0.163161 -0.909101 0.383293 0.95777 0.287517 0.00344487 0.962099 0.271681 -0.0235487</float_array>
                    <technique_common>
                        <accessor count="212" source="#ID10" stride="3">
                            <param name="X" type="float"/>
                            <param name="Y" type="float"/>
                            <param name="Z" type="float"/>
                        </accessor>
                    </technique_common>
                </source>
                <source id="ID11">
                    <float_array id="ID12" count="2">0 1</float_array>
                    <technique_common>
                        <accessor count="1" source="#ID12" stride="2">
                            <param name="S" type="float"/>
                            <param name="T" type="float"/>
                        </accessor>
                    </technique_common>
                </source>
                <vertices id="ID13">
                    <input semantic="POSITION" source="#ID7"/>
                </vertices>
                <polylist count="230" material="Material1">
                    <input offset="0" semantic="VERTEX" source="#ID13"/>
                    <input offset="1" semantic="NORMAL" source="#ID9"/>
                    <input offset="2" semantic="TEXCOORD" source="#ID11" set="0"/>
                    <vcount>4 4 4 3 4 4 4 4 4 4 3 3 4 4 4 4 4 3 4 4 4 4 4 4 4 4 4 4 4 3 4 3 3 3 4 4 4 3 4 4 4 4 4 4 4 4 4 4 4 4 3 3 4 3 4 3 4 4 3 4 3 4 4 3 4 4 4 4 4 4 4 4 4 4 4 4 3 4 4 4 4 4 4 3 4 3 4 4 4 3 3 4 4 4 3 3 4 4 3 4 3 4 3 4 4 4 4 4 4 3 4 3 3 4 4 4 4 4 4 4 3 4 4 4 4 4 4 3 3 4 4 4 4 4 3 4 4 4 4 4 4 4 4 4 4 4 3 4 3 3 3 4 4 4 3 4 4 4 4 4 4 4 4 4 4 4 4 3 3 4 3 4 3 4 4 3 4 3 4 4 3 4 4 4 4 4 4 4 4 4 4 4 4 3 4 4 4 4 4 4 3 4 3 4 4 4 3 3 4 4 4 3 3 4 4 3 4 3 4 3 4 4 4 4 4 4 3 4 3 3</vcount>
                    <p>243 3 0 242 2 0 210 1 0 215 0 0 32 7 0 98 6 0 10 5 0 33 4 0 217 11 0 230 10 0 158 9 0 155 8 0 1 14 0 0 13 0 9 12 0 115 18 0 69 17 0 87 16 0 50 15 0 33 4 0 109 20 0 11 19 0 32 7 0 97 22 0 90 21 0 87 16 0 69 17 0 33 4 0 10 5 0 96 24 0 29 23 0 6 28 0 80 27 0 60 26 0 68 25 0 111 30 0 107 29 0 11 19 0 109 20 0 93 33 0 62 32 0 82 31 0 38 36 0 34 35 0 61 34 0 37 37 0 1 14 0 9 12 0 38 36 0 67 40 0 133 39 0 0 13 0 65 38 0 92 42 0 97 22 0 69 17 0 89 41 0 38 36 0 9 12 0 128 43 0 34 35 0 20 47 0 63 46 0 83 45 0 24 44 0 35 50 0 76 49 0 22 48 0 123 53 0 23 52 0 80 27 0 39 51 0 26 55 0 99 54 0 63 46 0 20 47 0 28 59 0 79 58 0 75 57 0 21 56 0 39 51 0 2 61 0 13 60 0 123 53 0 46 63 0 41 62 0 82 31 0 24 44 0 18 64 0 60 26 0 80 27 0 23 52 0 10 5 0 54 66 0 127 65 0 96 24 0 21 56 0 75 57 0 109 20 0 29 23 0 26 55 0 93 33 0 118 68 0 30 67 0 130 71 0 71 70 0 54 66 0 85 69 0 32 7 0 11 19 0 119 73 0 31 72 0 98 6 0 54 66 0 10 5 0 34 35 0 68 25 0 60 26 0 18 64 0 36 74 0 76 49 0 35 50 0 37 37 0 76 49 0 36 74 0 38 36 0 61 34 0 37 37 0 9 12 0 0 13 0 74 75 0 128 43 0 40 77 0 81 76 0 23 52 0 123 53 0 52 18 0 89 41 0 69 17 0 115 18 0 108 79 0 127 65 0 110 78 0 49 81 0 86 80 0 110 78 0 127 65 0 57 83 0 43 82 0 15 15 0 50 15 0 0 13 0 44 85 0 117 84 0 74 75 0 30 86 0 130 71 0 85 69 0 31 72 0 52 18 0 19 18 0 55 88 0 106 87 0 71 70 0 59 91 0 47 90 0 112 89 0 121 93 0 101 92 0 99 54 0 119 73 0 59 91 0 100 94 0 82 31 0 41 62 0 46 63 0 24 44 0 83 45 0 42 95 0 42 95 0 83 45 0 101 92 0 102 96 0 51 99 0 88 98 0 72 97 0 106 87 0 74 75 0 117 84 0 2 61 0 39 51 0 31 72 0 119 73 0 30 67 0 98 6 0 85 69 0 54 66 0 24 44 0 82 31 0 62 32 0 20 47 0 22 48 0 66 101 0 7 100 0 118 68 0 71 70 0 130 71 0 30 86 0 65 38 0 0 13 0 1 14 0 31 72 0 85 69 0 98 6 0 32 7 0 26 55 0 20 47 0 62 32 0 93 33 0 111 30 0 109 20 0 75 57 0 127 65 0 104 103 0 14 102 0 49 81 0 28 59 0 21 56 0 108 79 0 89 41 0 72 97 0 73 104 0 92 42 0 57 83 0 50 15 0 87 16 0 94 105 0 86 80 0 7 100 0 66 101 0 115 18 0 12 18 0 19 18 0 52 18 0 133 39 0 84 106 0 44 85 0 0 13 0 29 23 0 96 24 0 127 65 0 108 79 0 28 59 0 108 79 0 66 101 0 22 48 0 72 97 0 88 98 0 91 107 0 73 104 0 110 78 0 86 80 0 66 101 0 108 79 0 106 87 0 72 97 0 89 41 0 52 18 0 34 35 0 128 43 0 74 75 0 68 25 0 79 58 0 73 104 0 91 107 0 75 57 0 50 15 0 15 15 0 12 18 0 115 18 0 77 108 0 94 105 0 90 21 0 61 34 0 36 74 0 65 38 0 1 14 0 37 37 0 68 25 0 74 75 0 6 28 0 107 29 0 121 93 0 119 73 0 11 19 0 49 81 0 14 102 0 84 106 0 133 39 0 59 91 0 41 62 0 4 62 0 47 90 0 46 63 0 42 95 0 5 95 0 16 109 0 23 52 0 81 76 0 61 34 0 18 64 0 46 63 0 16 109 0 4 62 0 41 62 0 100 94 0 93 33 0 82 31 0 102 96 0 48 110 0 5 95 0 42 95 0 34 35 0 18 64 0 61 34 0 106 87 0 55 88 0 17 111 0 51 99 0 35 50 0 67 40 0 65 38 0 36 74 0 6 28 0 74 75 0 39 51 0 80 27 0 95 112 0 91 107 0 88 98 0 75 57 0 78 113 0 111 30 0 7 100 0 133 39 0 67 40 0 35 50 0 61 34 0 137 115 0 136 114 0 37 37 0 58 116 0 95 112 0 88 98 0 51 99 0 33 4 0 29 23 0 109 20 0 101 92 0 83 45 0 99 54 0 100 94 0 120 117 0 118 68 0 93 33 0 90 21 0 139 118 0 137 115 0 61 34 0 94 105 0 87 16 0 90 21 0 95 112 0 78 113 0 75 57 0 91 107 0 63 46 0 99 54 0 83 45 0 133 39 0 7 100 0 86 80 0 49 81 0 81 76 0 77 108 0 61 34 0 51 99 0 17 111 0 45 119 0 58 116 0 97 22 0 141 120 0 139 118 0 90 21 0 54 66 0 134 121 0 104 103 0 127 65 0 56 122 0 27 123 0 105 123 0 114 122 0 76 49 0 138 125 0 140 124 0 92 42 0 71 70 0 120 117 0 100 94 0 59 91 0 120 117 0 71 70 0 118 68 0 37 37 0 136 114 0 138 125 0 76 49 0 29 23 0 108 79 0 21 56 0 7 100 0 35 50 0 22 48 0 114 122 0 111 30 0 78 113 0 56 122 0 71 70 0 112 89 0 134 121 0 54 66 0 92 42 0 140 124 0 141 120 0 97 22 0 30 67 0 119 73 0 99 54 0 26 55 0 197 128 0 226 127 0 227 126 0 177 126 0 147 132 0 216 131 0 160 130 0 161 129 0 134 121 0 112 89 0 190 134 0 176 133 0 142 137 0 143 136 0 146 135 0 205 140 0 189 139 0 228 18 0 173 138 0 148 142 0 224 141 0 161 129 0 160 130 0 205 140 0 208 143 0 215 0 0 189 139 0 214 145 0 147 132 0 161 129 0 157 144 0 181 149 0 199 148 0 144 147 0 188 146 0 148 142 0 222 150 0 226 127 0 224 141 0 183 153 0 211 152 0 201 151 0 162 156 0 166 155 0 182 154 0 146 135 0 143 136 0 165 157 0 166 155 0 142 137 0 237 160 0 187 159 0 185 158 0 189 139 0 215 0 0 210 1 0 207 161 0 235 162 0 146 135 0 166 155 0 162 156 0 202 166 0 184 165 0 150 164 0 154 163 0 195 169 0 163 168 0 152 167 0 199 148 0 153 171 0 233 53 0 167 170 0 184 165 0 217 11 0 155 8 0 150 164 0 194 175 0 198 174 0 156 173 0 151 172 0 13 60 0 2 61 0 167 170 0 233 53 0 201 151 0 169 62 0 171 176 0 154 163 0 199 148 0 181 149 0 149 177 0 153 171 0 234 178 0 176 133 0 147 132 0 214 145 0 224 141 0 194 175 0 151 172 0 157 144 0 229 179 0 211 152 0 155 8 0 158 9 0 176 133 0 190 134 0 236 181 0 203 180 0 230 10 0 148 142 0 160 130 0 159 182 0 176 133 0 216 131 0 147 132 0 181 149 0 188 146 0 162 156 0 149 177 0 195 169 0 164 183 0 163 168 0 195 169 0 165 157 0 164 183 0 182 154 0 166 155 0 165 157 0 193 184 0 142 137 0 146 135 0 235 162 0 153 171 0 200 185 0 168 77 0 233 53 0 189 139 0 207 161 0 175 18 0 228 18 0 234 178 0 223 187 0 225 186 0 225 186 0 204 189 0 172 188 0 234 178 0 15 15 0 43 82 0 178 83 0 173 138 0 117 84 0 44 85 0 142 137 0 193 184 0 203 180 0 236 181 0 158 190 0 159 182 0 55 88 0 19 18 0 175 18 0 221 191 0 47 90 0 180 192 0 190 134 0 112 89 0 217 11 0 219 194 0 232 193 0 230 10 0 201 151 0 218 195 0 180 192 0 169 62 0 202 166 0 154 163 0 171 176 0 170 95 0 219 194 0 202 166 0 170 95 0 220 96 0 191 198 0 206 197 0 174 196 0 221 191 0 2 61 0 117 84 0 193 184 0 167 170 0 230 10 0 159 182 0 158 9 0 203 180 0 216 131 0 176 133 0 183 153 0 201 151 0 154 163 0 150 164 0 186 200 0 152 167 0 145 199 0 236 181 0 190 134 0 229 179 0 158 190 0 142 137 0 185 158 0 143 136 0 216 131 0 203 180 0 159 182 0 160 130 0 183 153 0 150 164 0 155 8 0 211 152 0 224 141 0 226 127 0 194 175 0 14 102 0 104 103 0 234 178 0 172 188 0 151 172 0 156 173 0 223 187 0 192 201 0 191 198 0 207 161 0 210 1 0 205 140 0 173 138 0 178 83 0 212 202 0 145 199 0 204 189 0 186 200 0 19 18 0 12 18 0 228 18 0 175 18 0 44 85 0 84 106 0 237 160 0 142 137 0 234 178 0 214 145 0 157 144 0 223 187 0 186 200 0 223 187 0 156 173 0 152 167 0 209 203 0 206 197 0 191 198 0 192 201 0 186 200 0 204 189 0 225 186 0 223 187 0 207 161 0 191 198 0 221 191 0 175 18 0 193 184 0 235 162 0 162 156 0 188 146 0 209 203 0 192 201 0 198 174 0 194 175 0 12 18 0 15 15 0 173 138 0 228 18 0 208 143 0 212 202 0 196 204 0 182 154 0 143 136 0 185 158 0 164 183 0 165 157 0 193 184 0 188 146 0 144 147 0 230 10 0 232 193 0 222 150 0 148 142 0 84 106 0 14 102 0 172 188 0 237 160 0 4 62 0 169 62 0 180 192 0 47 90 0 5 95 0 170 95 0 171 176 0 16 109 0 182 154 0 200 185 0 153 171 0 149 177 0 4 62 0 16 109 0 171 176 0 169 62 0 211 152 0 218 195 0 201 151 0 5 95 0 48 110 0 220 96 0 170 95 0 149 177 0 162 156 0 182 154 0 17 111 0 55 88 0 221 191 0 174 196 0 185 158 0 187 159 0 163 168 0 164 183 0 167 170 0 193 184 0 144 147 0 199 148 0 209 203 0 213 205 0 206 197 0 197 128 0 194 175 0 226 127 0 187 159 0 237 160 0 145 199 0 163 168 0 238 207 0 239 206 0 182 154 0 165 157 0 206 197 0 213 205 0 179 208 0 174 196 0 157 144 0 161 129 0 224 141 0 202 166 0 219 194 0 217 11 0 229 179 0 231 209 0 218 195 0 211 152 0 239 206 0 241 210 0 208 143 0 182 154 0 205 140 0 212 202 0 208 143 0 194 175 0 197 128 0 213 205 0 209 203 0 217 11 0 184 165 0 202 166 0 204 189 0 145 199 0 237 160 0 172 188 0 196 204 0 200 185 0 182 154 0 45 119 0 17 111 0 174 196 0 179 208 0 241 210 0 243 3 0 215 0 0 208 143 0 104 103 0 134 121 0 176 133 0 234 178 0 105 123 0 27 123 0 177 126 0 227 126 0 242 2 0 240 211 0 195 169 0 210 1 0 218 195 0 231 209 0 190 134 0 180 192 0 190 134 0 231 209 0 229 179 0 240 211 0 238 207 0 165 157 0 195 169 0 223 187 0 157 144 0 151 172 0 163 168 0 145 199 0 152 167 0</p>
                </polylist>
            </mesh>
        </geometry>
        <geometry id="ID16">
            <mesh>
                <source id="ID17">
                    <float_array id="ID18" count="600">-50.2209 -14.1009 99.5606 -50.2209 29.2421 99.543 0 -14.3385 150.277 0 26.3029 152.155 77.241 26.3029 152.155 77.241 -16.752 51.9195 -77.241 -14.6322 138.309 -81.55 -15.0309 62.9807 -80.582 27.8376 -50.8533 -50.2209 23.4585 119.505 46.9366 138.852 41.1014 46.9366 138.092 -36.5699 0 138.852 30.9497 0 5.0712 151.174 0 -16.752 51.9195 0 138.852 41.1014 46.9366 138.852 20.6681 0 138.092 -36.5699 -81.55 6.75852 146.507 0 138.852 20.6681 50.1161 136.19 42.9431 -81.55 -11.6114 -58.5937 -81.55 -11.7708 51.9195 -77.241 5.0712 151.174 50.1161 136.105 -36.9561 45.3926 0.724969 130.059 50.1161 136.105 21.2161 77.0004 -12.6394 -54.8969 -81.55 -12.3385 -54.5968 47.468 136.877 44.8588 47.468 136.105 -37.6264 50.1161 136.148 32.1488 29.4597 138.852 -34.4997 76.6446 -16.8311 -59.7864 -81.55 6.47447 134.997 -81.55 4.69607 62.9395 -81.55 23.6439 78.3174 -81.55 30.7081 99.5139 -81.55 24.6805 120.318 -48.4803 -14.3385 150.277 -48.4803 26.3029 152.155 47.1849 136.36 21.4443 29.4597 138.852 30.9497 0 136.877 44.8588 0 -15.5409 101.275 0 136.105 -37.6264 48.4803 5.0712 151.174 50.2234 5.97074 133.605 50.263 -14.9796 64.381 -48.4803 -16.752 51.9195 -29.4597 138.852 41.1014 -29.4597 138.092 -36.5699 -29.4597 138.852 20.6681 -47.9368 33.619 141.74 80.8819 32.9765 98.8634 0 138.852 -34.4997 47.1902 136.364 -35.1062 -29.7933 136.877 44.8588 -29.7933 136.105 -37.6264 78.247 40.9965 133.596 -81.55 -12.8985 146.86 -81.1959 30.9215 145.3 80.1839 31.1505 52.013 50.5192 134.847 42.3366 0 135.678 46.0639 -50.2209 22.4448 79.1472 -81.55 -15.3121 51.9195 -50.2144 4.20072 64.3405 -81.55 -13.1922 135.308 -46.9366 138.852 30.9497 -45.2528 -0.135064 70.0634 50.5384 134.777 23.0397 -46.9366 138.852 -34.4997 -50.1161 136.105 -34.8522 -49.8704 -13.4616 133.911 -80.6359 28.0603 -57.9645 -81.1388 27.731 51.5179 -76.3752 35.8674 146.38 -76.3752 28.0603 -58.6348 -81.3641 24.0841 -54.48 -77.241 -14.3385 150.277 -77.241 26.3029 152.155 50.5079 134.804 32.154 47.6506 136.312 22.6489 0 -16.4708 63.3788 47.6231 136.34 32.1529 -77.241 -16.752 51.9195 -46.9366 138.852 41.1014 -46.9366 138.092 -36.5699 -46.9366 138.852 20.6681 -50.1161 136.19 42.9431 -50.1161 136.105 -36.9561 -50.1161 136.105 21.2161 75.8078 30.8529 51.7852 -47.468 136.877 44.8588 -47.468 136.105 -37.6264 47.6335 135.135 42.4665 -50.1161 136.148 32.1488 76.4725 32.6898 98.9042 73.9471 40.8321 134.165 -77.0151 -12.069 52.2226 -76.6353 27.7728 51.8175 -77.0004 -12.6394 -54.8969 -50.5939 134.474 -33.4179 -47.1849 136.36 21.4443 76.6353 27.7728 51.8175 -29.4597 138.852 -34.4997 -76.841 24.1091 -54.7798 -47.1902 136.364 -35.1062 -76.4725 32.6898 98.9042 -76.6446 -16.8311 -59.7864 -73.9471 40.8321 134.165 -75.8078 30.8529 51.7852 -47.6335 135.135 42.4665 77.0151 -12.069 52.2226 -29.4597 138.852 30.9497 -47.6506 136.312 22.6489 0 -14.6322 138.309 -47.6231 136.34 32.1529 47.4723 -12.5555 -66.2331 -49.7824 29.9224 142.363 -47.0522 27.9046 -58.5337 -46.0769 135.678 46.0639 -48.4803 5.0712 151.174 -47.9368 34.818 140.534 -74.2977 37.0665 145.175 28.4834 10.7651 151.437 50.0755 16.5512 67.152 -50.2234 5.97074 133.605 -50.5773 134.469 19.9196 -47.1168 26.8161 -61.4014 -80.5164 31.2738 47.9257 -29.7933 135.678 46.0639 -50.263 -14.9796 64.381 46.6268 -11.2465 52.1931 47.367 19.0389 -65.9225 -80.8819 32.9765 98.8634 -78.247 40.9965 133.596 -80.1839 31.1505 52.013 -50.5192 134.847 42.3366 -50.5384 134.777 23.0397 -50.5079 134.804 32.154 50.2209 -14.1009 99.5606 50.2209 29.2421 99.543 77.241 -14.6322 138.309 81.55 -15.0309 62.9807 50.2209 23.4585 119.505 49.7824 29.9224 142.363 47.0522 27.9046 -58.5337 81.55 6.75852 146.507 28.4834 20.6089 151.892 81.55 -11.6114 -58.5937 81.55 -11.7708 51.9195 77.241 5.0712 151.174 47.1168 26.8161 -61.4014 -45.4186 0.396712 99.7028 81.55 -12.3385 -54.5968 47.1189 33.8552 98.7407 50.683 33.9473 117.862 -46.6268 -11.2465 52.1931 -50.0755 16.5512 67.152 -47.4723 -12.5555 -66.2331 81.55 6.47447 134.997 81.55 4.69607 62.9395 81.55 23.6439 78.3174 81.55 30.7081 99.5139 81.55 24.6805 120.318 48.4803 -14.3385 150.277 48.4803 26.3029 152.155 -47.367 19.0389 -65.9225 -47.1189 33.8552 98.7407 -50.683 33.9473 117.862 48.4803 -16.752 51.9195 29.4597 138.852 41.1014 29.4597 138.092 -36.5699 29.4597 138.852 20.6681 -45.3926 0.724969 130.059 76.841 24.1091 -54.7798 29.7933 136.877 44.8588 29.7933 136.105 -37.6264 -28.4834 20.6089 151.892 81.55 -12.8985 146.86 81.1959 30.9215 145.3 -28.4834 10.7651 151.437 45.2528 -0.135064 70.0634 50.2209 22.4448 79.1472 81.55 -15.3121 51.9195 50.2144 4.20072 64.3405 81.55 -13.1922 135.308 46.9366 138.852 30.9497 45.4186 0.396712 99.7028 46.9366 138.852 -34.4997 50.1161 136.105 -34.8522 49.8704 -13.4616 133.911 80.6359 28.0603 -57.9645 81.1388 27.731 51.5179 76.3752 35.8674 146.38 76.3752 28.0603 -58.6348 81.3641 24.0841 -54.48 77.241 -14.3385 150.277</float_array>
                    <technique_common>
                        <accessor count="200" source="#ID18" stride="3">
                            <param name="X" type="float"/>
                            <param name="Y" type="float"/>
                            <param name="Z" type="float"/>
                        </accessor>
                    </technique_common>
                </source>
                <source id="ID19">
                    <float_array id="ID20" count="306">0 -0.808399 0.588635 0 -0.808399 0.588635 0.246033 -0.952157 0.181287 0.0243939 0.99968 -0.00674357 -0.00853238 0.999917 -0.00960896 0.302652 0.848747 -0.433625 0.124805 0.747876 -0.652001 -0.20107 -0.957068 0.208786 0 -0.994793 0.101916 0.201101 -0.957072 0.208739 0.761455 0.274446 -0.587253 0.450799 -0.0976829 -0.887264 0.432341 -0.839186 0.329922 -0.432589 -0.839895 0.327785 -0.300783 -0.928585 -0.217392 0.300782 -0.929018 -0.215536 0.0353565 0.993206 -0.11087 0.607597 0.794213 -0.00716856 0.543833 0.826138 -0.147448 -0.245285 -0.952197 0.18209 -0.611668 0.791086 -0.00677923 -0.648302 0.750833 -0.126307 -0.0353535 0.993206 -0.110869 -0.765102 0.264178 -0.587222 -0.627451 0.775323 -0.0719717 -0.469744 -0.882802 0.00117631 -0.19411 -0.980106 -0.0413908 -0.381404 -0.924084 -0.0245036 1.75227e-008 -0.994793 0.101916 0.627465 0.775527 -0.0696051 0.64288 0.757514 -0.113482 -0.463225 -0.100093 -0.880571 -0.632034 -0.631819 0.448706 -0.0585451 0.803772 0.59205 -0.0261432 0.261339 0.964893 0.586003 0.734315 0.342609 0.631792 0.511752 0.582193 -0.126128 0.761874 0.635327 -0.856875 0.480963 0.185579 -0.586003 0.734315 0.342609 -0.200455 -0.892629 -0.403772 -0.543869 0.826011 -0.148029 -0.0662472 0.988744 -0.134152 -0.627685 0.724886 -0.283816 -0.317777 0.845422 -0.429278 -0.084245 -0.70692 -0.702258 -0.066355 0.97113 -0.229135 0.0662399 -0.0108054 -0.997745 0.0753436 -0.151873 -0.985524 0.06581 0.997818 -0.00531104 0.105691 -0.798803 -0.592235 0.0753105 -0.0991931 0.992214 0.410376 -0.108175 0.905477 0.2129 -0.00553592 0.977058 0.0658723 -0.00349926 0.997822 -0.758205 0.650185 -0.0488194 0 0.979466 -0.201611 0.755162 0.653705 -0.0489903 0.627813 0.730746 -0.268069 0.650966 0.759107 0.000177645 -1.71737e-008 -0.994793 0.101916 0.180585 -0.00878426 0.98352 0.157727 -0.176241 0.971628 -0.125855 -0.162653 0.978624 -0.180821 -0.00877965 0.983477 -0.0753401 -0.0993313 0.992198 -0.384435 -0.0966135 0.918083 -0.110556 -0.768161 0.630639 0.110538 -0.768074 0.630749 -0.659209 0.751804 -0.0153237 -0.0641454 -0.320455 0.94509 -0.119461 0.0434254 0.991889 0.126128 0.761874 0.635327 0.616876 -0.78706 -0.000469595 0.0662547 0.988743 -0.134155 0.0663719 0.971128 -0.229141 0.0592785 0.803436 0.592433 0.0843123 -0.707073 -0.702096 0.202185 -0.890849 -0.406828 0.0272576 0.260329 0.965135 0.195052 -0.979844 -0.0431261 0.383172 -0.923256 -0.0279006 0.469729 -0.88281 0.00117654 -0.0753181 -0.151748 -0.985545 -0.145497 0.746852 -0.648879 -0.0662378 -0.0108052 -0.997745 -0.105669 -0.798729 -0.592339 -0.065809 0.997818 -0.00531101 -0.0249371 0.999667 -0.00670648 -0.0658749 -0.00349949 0.997822 -0.213135 -0.00553126 0.977007 0.128818 -0.346804 0.92905 0.800995 -0.163522 0.575906 -0.965858 -0.23808 -0.102161 -0.616704 -0.787195 -0.00015657 0.00798859 0.999922 -0.00957203 -0.989254 -0.00674816 0.146052 0.856875 0.480963 0.185579 0.989254 -0.00674814 0.146052 0 0.979466 -0.201611 -0.632206 0.511712 0.581779 0.631897 -0.631179 0.449799</float_array>
                    <technique_common>
                        <accessor count="102" source="#ID20" stride="3">
                            <param name="X" type="float"/>
                            <param name="Y" type="float"/>
                            <param name="Z" type="float"/>
                        </accessor>
                    </technique_common>
                </source>
                <source id="ID21">
                    <float_array id="ID22" count="2">0 1</float_array>
                    <technique_common>
                        <accessor count="1" source="#ID22" stride="2">
                            <param name="S" type="float"/>
                            <param name="T" type="float"/>
                        </accessor>
                    </technique_common>
                </source>
                <vertices id="ID23">
                    <input semantic="POSITION" source="#ID17"/>
                </vertices>
                <polylist count="91" material="Material1">
                    <input offset="0" semantic="VERTEX" source="#ID23"/>
                    <input offset="1" semantic="NORMAL" source="#ID19"/>
                    <input offset="2" semantic="TEXCOORD" source="#ID21" set="0"/>
                    <vcount>3 4 3 4 4 3 3 3 3 3 4 3 3 3 3 3 4 3 3 4 3 3 4 3 4 4 4 4 4 4 3 3 3 4 3 4 4 4 4 4 3 4 3 4 4 4 4 4 4 4 4 4 4 4 4 4 4 4 4 4 4 3 4 3 4 3 4 3 4 3 4 3 3 4 3 3 3 4 3 4 4 3 4 3 4 4 4 3 3 3 4</vcount>
                    <p>113 2 0 43 1 0 57 0 0 100 6 0 159 5 0 161 4 0 102 3 0 108 9 0 45 8 0 56 7 0 101 11 0 160 10 0 159 5 0 100 6 0 104 15 0 41 14 0 83 13 0 116 12 0 111 18 0 171 17 0 109 16 0 96 19 0 43 1 0 113 2 0 98 22 0 157 21 0 158 20 0 43 1 0 96 19 0 178 0 0 93 24 0 127 23 0 157 21 0 82 27 0 85 26 0 83 13 0 71 25 0 45 8 0 108 9 0 58 28 0 109 16 0 170 30 0 112 29 0 105 31 0 127 23 0 93 24 0 96 19 0 29 32 0 178 0 0 112 29 0 160 10 0 101 11 0 71 34 0 83 13 0 93 24 0 62 33 0 77 36 0 120 35 0 111 18 0 147 39 0 168 38 0 4 37 0 63 40 0 96 19 0 85 26 0 82 27 0 171 17 0 170 30 0 109 16 0 158 20 0 99 41 0 98 22 0 62 33 0 93 24 0 98 22 0 54 42 0 134 44 0 184 43 0 127 23 0 59 45 0 99 41 0 96 19 0 63 40 0 54 42 0 98 22 0 99 41 0 59 46 0 76 48 0 101 11 0 100 6 0 22 47 0 22 49 0 100 6 0 102 3 0 28 49 0 92 50 0 104 15 0 101 11 0 76 48 0 28 54 0 102 53 0 107 52 0 79 51 0 99 41 0 158 20 0 147 39 0 176 57 0 13 56 0 25 55 0 160 10 0 70 58 0 159 5 0 171 17 0 176 57 0 155 59 0 170 30 0 56 7 0 45 8 0 179 60 0 119 64 0 135 63 0 169 62 0 161 61 0 192 67 0 56 7 0 177 66 0 198 65 0 73 68 0 108 9 0 104 15 0 92 50 0 157 21 0 190 69 0 25 55 0 158 20 0 197 71 0 148 70 0 135 63 0 177 66 0 81 72 0 120 35 0 77 36 0 79 51 0 107 52 0 108 9 0 73 68 0 58 28 0 108 9 0 95 73 0 137 75 0 111 18 0 109 16 0 136 74 0 136 74 0 109 16 0 112 29 0 138 76 0 139 78 0 113 2 0 111 18 0 137 77 0 138 76 0 112 29 0 116 12 0 140 79 0 141 81 0 118 80 0 113 2 0 139 78 0 56 7 0 41 14 0 104 15 0 108 9 0 127 23 0 184 43 0 190 69 0 157 21 0 140 82 0 116 12 0 118 80 0 141 81 0 152 85 0 114 84 0 105 31 0 195 83 0 195 83 0 105 31 0 41 14 0 26 86 0 114 84 0 134 44 0 127 23 0 105 31 0 156 87 0 27 88 0 114 84 0 152 87 0 170 30 0 155 59 0 70 58 0 160 10 0 26 86 0 41 14 0 56 7 0 192 67 0 198 65 0 177 66 0 27 90 0 156 89 0 148 70 0 121 91 0 169 62 0 135 63 0 78 92 0 95 73 0 108 9 0 107 52 0 30 94 0 197 93 0 177 66 0 56 7 0 147 39 0 25 55 0 168 38 0 134 44 0 119 95 0 161 4 0 159 5 0 120 35 0 176 57 0 171 17 0 177 66 0 135 63 0 119 64 0 27 90 0 46 96 0 168 38 0 25 55 0 184 43 0 134 44 0 159 5 0 70 58 0 123 98 0 176 57 0 40 97 0 27 88 0 119 95 0 134 44 0 114 84 0 176 57 0 123 99 0 13 56 0 107 52 0 169 62 0 121 91 0 78 92 0 13 56 0 46 99 0 25 55 0 157 21 0 98 22 0 93 24 0 102 53 0 161 61 0 169 62 0 107 52 0 170 30 0 160 10 0 112 29 0 25 55 0 147 39 0 158 20 0 81 72 0 40 97 0 120 35 0 101 11 0 104 15 0 116 12 0 112 29 0 4 37 0 196 100 0 147 39 0 41 14 0 105 31 0 93 24 0 83 13 0 155 59 0 176 57 0 25 55 0 190 69 0 147 39 0 196 100 0 99 41 0 190 69 0 184 43 0 70 58 0 155 59 0 40 97 0 176 57 0 120 35 0 94 101 0 77 36 0 111 18 0 113 2 0 85 26 0 96 19 0 113 2 0 118 80 0 118 80 0 116 12 0 83 13 0 85 26 0 57 0 0 94 101 0 113 2 0 120 35 0 171 17 0 111 18 0 179 60 0 30 94 0 56 7 0 196 100 0 29 32 0 96 19 0 99 41 0</p>
                </polylist>
            </mesh>
        </geometry>
        <geometry id="ID25">
            <mesh>
                <source id="ID26">
                    <float_array id="ID27" count="24">-69.4661 -7.24771 3.74997 -69.4661 3.7499 1.96534 69.4661 -7.24771 3.74997 69.4661 3.7499 1.96534 69.4661 -7.46194 -9.03231 69.4661 -0.461613 -2.75064 -69.4661 -7.46194 -9.03231 -69.4661 -0.461613 -2.75064</float_array>
                    <technique_common>
                        <accessor count="8" source="#ID27" stride="3">
                            <param name="X" type="float"/>
                            <param name="Y" type="float"/>
                            <param name="Z" type="float"/>
                        </accessor>
                    </technique_common>
                </source>
                <source id="ID28">
                    <float_array id="ID29" count="21">0 0.16018 0.987088 1 0 -0 0 0.66787 -0.744278 0 0.707952 -0.70626 -1 0 -0 0 0.745874 -0.666087 0 -0.99986 0.0167578</float_array>
                    <technique_common>
                        <accessor count="7" source="#ID29" stride="3">
                            <param name="X" type="float"/>
                            <param name="Y" type="float"/>
                            <param name="Z" type="float"/>
                        </accessor>
                    </technique_common>
                </source>
                <source id="ID30">
                    <float_array id="ID31" count="2">0 1</float_array>
                    <technique_common>
                        <accessor count="1" source="#ID31" stride="2">
                            <param name="S" type="float"/>
                            <param name="T" type="float"/>
                        </accessor>
                    </technique_common>
                </source>
                <vertices id="ID32">
                    <input semantic="POSITION" source="#ID26"/>
                </vertices>
                <polylist count="6" material="Material1">
                    <input offset="0" semantic="VERTEX" source="#ID32"/>
                    <input offset="1" semantic="NORMAL" source="#ID28"/>
                    <input offset="2" semantic="TEXCOORD" source="#ID30" set="0"/>
                    <vcount>4 4 4 4 4 4</vcount>
                    <p>2 0 0 3 0 0 1 0 0 0 0 0 4 1 0 5 1 0 3 1 0 2 1 0 6 2 0 7 3 0 5 3 0 4 2 0 0 4 0 1 4 0 7 4 0 6 4 0 3 5 0 5 3 0 7 3 0 1 5 0 4 6 0 2 6 0 0 6 0 6 6 0</p>
                </polylist>
            </mesh>
        </geometry>
        <geometry id="ID34">
            <mesh>
                <source id="ID35">
                    <float_array id="ID36" count="138">-4.68238 26.5992 1.40196e-006 4.68238 26.5992 1.58495e-006 -3.78812 23.9407 -0.712329 -3.78812 24.8671 -2.13888 -3.78812 26.4551 -2.74846 -3.78812 28.0981 -2.30821 -3.78812 29.1686 -0.98631 -3.78812 29.2576 0.712332 -3.78812 28.3312 2.13889 -3.78812 26.7432 2.74846 -3.78812 25.1002 2.30822 -3.78812 24.0297 0.986313 -1.44693 22.2977 -1.15257 -1.44693 23.7967 -3.46079 -1.44693 26.3661 -4.4471 -1.44693 29.0245 -3.73477 -1.44693 30.7566 -1.59588 -1.44693 30.9006 1.15258 -1.44693 29.4017 3.46079 -1.44693 26.8322 4.4471 -1.44693 24.1738 3.73477 -1.44693 22.4417 1.59589 1.44693 22.2977 -1.15257 1.44693 23.7967 -3.46079 1.44693 26.3661 -4.4471 1.44693 29.0245 -3.73477 1.44693 30.7566 -1.59588 1.44693 30.9006 1.15258 1.44693 29.4017 3.46079 1.44693 26.8322 4.4471 1.44693 24.1738 3.73477 1.44693 22.4417 1.59589 3.78812 23.9407 -0.712329 3.78812 24.8671 -2.13888 3.78812 26.4551 -2.74846 3.78812 28.0981 -2.30821 3.78812 29.1686 -0.98631 3.78812 29.2576 0.712332 3.78812 28.3312 2.13889 3.78812 26.7432 2.74846 3.78812 25.1002 2.30822 3.78812 24.0297 0.986313 -1.44693 -1.11055 -1.15257 -1.44693 -0.966511 1.59589 1.44693 -1.11055 -1.15257 1.44693 -0.966511 1.59589</float_array>
                    <technique_common>
                        <accessor count="46" source="#ID36" stride="3">
                            <param name="X" type="float"/>
                            <param name="Y" type="float"/>
                            <param name="Z" type="float"/>
                        </accessor>
                    </technique_common>
                </source>
                <source id="ID37">
                    <float_array id="ID38" count="141">-0.811719 -0.564147 -0.151163 -0.573354 -0.630577 -0.523104 -0.311607 -0.597987 -0.738452 -0.811719 -0.367553 -0.45389 -0.311607 -0.0497301 -0.948909 -0.811719 -0.0305667 -0.583247 -0.311607 0.517522 -0.796914 -0.811719 0.318095 -0.489823 -0.311608 0.887098 -0.340525 -0.811719 0.545256 -0.209304 -0.311608 0.917833 0.245933 -0.811719 0.564147 0.151163 -0.311608 0.597987 0.738452 -0.811719 0.367553 0.45389 -0.311608 0.0497301 0.948909 -0.811719 0.0305667 0.583247 -0.311607 -0.517522 0.796914 -0.811719 -0.318095 0.489823 -0.56368 -0.590357 0.577706 -0.811719 -0.545256 0.209304 0.573354 -0.630577 -0.523104 0.311608 -0.597987 -0.738452 0.311608 -0.04973 -0.948909 0.311607 0.517522 -0.796914 0.311607 0.887098 -0.340525 0.311607 0.917833 0.245933 0.311607 0.597987 0.738452 0.311607 0.0497301 0.948909 0.311607 -0.517522 0.796914 0.56368 -0.590357 0.577706 0 -0.688355 0.725374 0 -0.99863 0.0523354 0.811719 -0.564147 -0.151163 0.811719 -0.367553 -0.45389 0.811719 -0.0305666 -0.583247 0.811719 0.318095 -0.489824 0.811719 0.545256 -0.209304 0.811719 0.564147 0.151163 0.811719 0.367553 0.45389 0.811719 0.0305667 0.583247 0.811719 -0.318095 0.489823 0.811719 -0.545255 0.209304 -1 -4.4091e-008 2.83442e-008 1 3.46429e-008 3.46429e-008 -1 0 -0 0 0 -1 1 0 -0</float_array>
                    <technique_common>
                        <accessor count="47" source="#ID38" stride="3">
                            <param name="X" type="float"/>
                            <param name="Y" type="float"/>
                            <param name="Z" type="float"/>
                        </accessor>
                    </technique_common>
                </source>
                <source id="ID39">
                    <float_array id="ID40" count="2">0 1</float_array>
                    <technique_common>
                        <accessor count="1" source="#ID40" stride="2">
                            <param name="S" type="float"/>
                            <param name="T" type="float"/>
                        </accessor>
                    </technique_common>
                </source>
                <vertices id="ID41">
                    <input semantic="POSITION" source="#ID35"/>
                </vertices>
                <polylist count="54" material="Material1">
                    <input offset="0" semantic="VERTEX" source="#ID41"/>
                    <input offset="1" semantic="NORMAL" source="#ID37"/>
                    <input offset="2" semantic="TEXCOORD" source="#ID39" set="0"/>
                    <vcount>4 4 4 4 4 4 4 4 4 4 4 4 4 4 4 4 4 4 4 4 4 4 4 4 4 4 4 4 4 4 3 3 3 3 3 3 3 3 3 3 3 3 3 3 3 3 3 3 3 3 4 4 4 4</vcount>
                    <p>3 3 0 13 2 0 12 1 0 2 0 0 4 5 0 14 4 0 13 2 0 3 3 0 5 7 0 15 6 0 14 4 0 4 5 0 6 9 0 16 8 0 15 6 0 5 7 0 7 11 0 17 10 0 16 8 0 6 9 0 8 13 0 18 12 0 17 10 0 7 11 0 9 15 0 19 14 0 18 12 0 8 13 0 10 17 0 20 16 0 19 14 0 9 15 0 11 19 0 21 18 0 20 16 0 10 17 0 2 0 0 12 1 0 21 18 0 11 19 0 13 2 0 23 21 0 22 20 0 12 1 0 14 4 0 24 22 0 23 21 0 13 2 0 15 6 0 25 23 0 24 22 0 14 4 0 16 8 0 26 24 0 25 23 0 15 6 0 17 10 0 27 25 0 26 24 0 16 8 0 18 12 0 28 26 0 27 25 0 17 10 0 19 14 0 29 27 0 28 26 0 18 12 0 20 16 0 30 28 0 29 27 0 19 14 0 21 18 0 31 29 0 30 28 0 20 16 0 42 31 0 44 31 0 45 30 0 43 30 0 23 21 0 33 33 0 32 32 0 22 20 0 24 22 0 34 34 0 33 33 0 23 21 0 25 23 0 35 35 0 34 34 0 24 22 0 26 24 0 36 36 0 35 35 0 25 23 0 27 25 0 37 37 0 36 36 0 26 24 0 28 26 0 38 38 0 37 37 0 27 25 0 29 27 0 39 39 0 38 38 0 28 26 0 30 28 0 40 40 0 39 39 0 29 27 0 31 29 0 41 41 0 40 40 0 30 28 0 22 20 0 32 32 0 41 41 0 31 29 0 3 3 0 2 0 0 0 42 0 1 43 0 32 32 0 33 33 0 4 5 0 3 3 0 0 42 0 1 43 0 33 33 0 34 34 0 5 7 0 4 5 0 0 42 0 1 43 0 34 34 0 35 35 0 6 9 0 5 7 0 0 42 0 1 43 0 35 35 0 36 36 0 7 11 0 6 9 0 0 42 0 1 43 0 36 36 0 37 37 0 8 13 0 7 11 0 0 42 0 1 43 0 37 37 0 38 38 0 9 15 0 8 13 0 0 42 0 1 43 0 38 38 0 39 39 0 10 17 0 9 15 0 0 42 0 1 43 0 39 39 0 40 40 0 11 19 0 10 17 0 0 42 0 1 43 0 40 40 0 41 41 0 2 0 0 11 19 0 0 42 0 1 43 0 41 41 0 32 32 0 12 1 0 42 44 0 43 44 0 21 18 0 22 20 0 44 45 0 42 45 0 12 1 0 31 29 0 45 46 0 44 46 0 22 20 0 21 18 0 43 30 0 45 30 0 31 29 0</p>
                </polylist>
            </mesh>
        </geometry>
        <geometry id="ID44">
            <mesh>
                <source id="ID45">
                    <float_array id="ID46" count="48">-2.59892 -17.7706 7.82764 -2.59892 -9.98139 7.82764 2.59892 -17.7706 7.82764 2.59892 -9.98139 7.82764 2.59892 -17.7706 6.61398 2.59892 -9.98139 6.61398 -2.59892 -17.7706 6.61398 -2.59892 -9.98139 6.61398 0.738922 -12.7165 6.61398 0.738922 -11.4123 6.61398 -0.738924 -12.7165 6.61398 -0.738924 -11.4123 6.61398 0.738922 -0.459418 -0.290055 0.738922 0.844758 -0.290055 -0.738924 -0.459418 -0.290055 -0.738924 0.844758 -0.290055</float_array>
                    <technique_common>
                        <accessor count="16" source="#ID46" stride="3">
                            <param name="X" type="float"/>
                            <param name="Y" type="float"/>
                            <param name="Z" type="float"/>
                        </accessor>
                    </technique_common>
                </source>
                <source id="ID47">
                    <float_array id="ID48" count="27">0 0 1 1 0 -0 0 -0.253683 -0.967287 0 0 -1 -1 0 -0 0 1 -0 0 -1 -0 0 -0.16848 -0.985705 0 0.490769 0.871289</float_array>
                    <technique_common>
                        <accessor count="9" source="#ID48" stride="3">
                            <param name="X" type="float"/>
                            <param name="Y" type="float"/>
                            <param name="Z" type="float"/>
                        </accessor>
                    </technique_common>
                </source>
                <source id="ID49">
                    <float_array id="ID50" count="2">0 1</float_array>
                    <technique_common>
                        <accessor count="1" source="#ID50" stride="2">
                            <param name="S" type="float"/>
                            <param name="T" type="float"/>
                        </accessor>
                    </technique_common>
                </source>
                <vertices id="ID51">
                    <input semantic="POSITION" source="#ID45"/>
                </vertices>
                <polylist count="14" material="Material1">
                    <input offset="0" semantic="VERTEX" source="#ID51"/>
                    <input offset="1" semantic="NORMAL" source="#ID47"/>
                    <input offset="2" semantic="TEXCOORD" source="#ID49" set="0"/>
                    <vcount>4 4 4 4 4 4 4 4 4 4 4 4 4 4</vcount>
                    <p>2 0 0 3 0 0 1 0 0 0 0 0 4 1 0 5 1 0 3 1 0 2 1 0 14 2 0 15 3 0 13 3 0 12 2 0 0 4 0 1 4 0 7 4 0 6 4 0 3 5 0 5 5 0 7 5 0 1 5 0 4 6 0 2 6 0 0 6 0 6 6 0 6 3 0 10 7 0 8 7 0 4 3 0 7 3 0 11 3 0 10 7 0 6 3 0 5 3 0 9 3 0 11 3 0 7 3 0 4 3 0 8 7 0 9 3 0 5 3 0 10 7 0 14 2 0 12 2 0 8 7 0 11 4 0 15 4 0 14 4 0 10 4 0 9 8 0 13 8 0 15 8 0 11 8 0 8 1 0 12 1 0 13 1 0 9 1 0</p>
                </polylist>
            </mesh>
        </geometry>
        <geometry id="ID53">
            <mesh>
                <source id="ID54">
                    <float_array id="ID55" count="48">-6.06979 -17.7332 7.82764 -6.06979 -10.0188 7.82764 6.06978 -17.7332 7.82764 6.06978 -10.0188 7.82764 6.06978 -17.7332 6.61398 6.06978 -10.0188 6.61398 -6.06979 -17.7332 6.61398 -6.06979 -10.0188 6.61398 0.867215 -12.7045 6.61398 0.867215 -11.4243 6.61398 -0.867216 -12.7045 6.61398 -0.867216 -11.4243 6.61398 0.867215 -0.447444 -0.290055 0.867215 0.832784 -0.290055 -0.867216 -0.447444 -0.290055 -0.867216 0.832784 -0.290055</float_array>
                    <technique_common>
                        <accessor count="16" source="#ID55" stride="3">
                            <param name="X" type="float"/>
                            <param name="Y" type="float"/>
                            <param name="Z" type="float"/>
                        </accessor>
                    </technique_common>
                </source>
                <source id="ID56">
                    <float_array id="ID57" count="27">0 0 1 1 0 -0 0 -0.253683 -0.967287 0 0 -1 -1 0 -0 0 1 -0 0 -1 -0 0 -0.16848 -0.985705 0 0.490769 0.87129</float_array>
                    <technique_common>
                        <accessor count="9" source="#ID57" stride="3">
                            <param name="X" type="float"/>
                            <param name="Y" type="float"/>
                            <param name="Z" type="float"/>
                        </accessor>
                    </technique_common>
                </source>
                <source id="ID58">
                    <float_array id="ID59" count="2">0 1</float_array>
                    <technique_common>
                        <accessor count="1" source="#ID59" stride="2">
                            <param name="S" type="float"/>
                            <param name="T" type="float"/>
                        </accessor>
                    </technique_common>
                </source>
                <vertices id="ID60">
                    <input semantic="POSITION" source="#ID54"/>
                </vertices>
                <polylist count="14" material="Material1">
                    <input offset="0" semantic="VERTEX" source="#ID60"/>
                    <input offset="1" semantic="NORMAL" source="#ID56"/>
                    <input offset="2" semantic="TEXCOORD" source="#ID58" set="0"/>
                    <vcount>4 4 4 4 4 4 4 4 4 4 4 4 4 4</vcount>
                    <p>2 0 0 3 0 0 1 0 0 0 0 0 4 1 0 5 1 0 3 1 0 2 1 0 14 2 0 15 3 0 13 3 0 12 2 0 0 4 0 1 4 0 7 4 0 6 4 0 3 5 0 5 5 0 7 5 0 1 5 0 4 6 0 2 6 0 0 6 0 6 6 0 6 3 0 10 7 0 8 7 0 4 3 0 7 3 0 11 3 0 10 7 0 6 3 0 5 3 0 9 3 0 11 3 0 7 3 0 4 3 0 8 7 0 9 3 0 5 3 0 10 7 0 14 2 0 12 2 0 8 7 0 11 4 0 15 4 0 14 4 0 10 4 0 9 8 0 13 8 0 15 8 0 11 8 0 8 1 0 12 1 0 13 1 0 9 1 0</p>
                </polylist>
            </mesh>
        </geometry>
        <geometry id="ID62">
            <mesh>
                <source id="ID63">
                    <float_array id="ID64" count="48">-2.59892 -22.1801 7.82807 -2.59892 -5.57205 7.82807 2.59892 -22.1801 7.82807 2.59892 -5.57205 7.82807 2.59892 -22.1801 6.6144 2.59892 -5.57205 6.6144 -2.59892 -22.1801 6.6144 -2.59892 -5.57205 6.6144 0.738922 -8.61525 6.6144 0.738922 -6.91962 6.6144 -0.738924 -8.61525 6.6144 -0.738924 -6.91962 6.6144 0.738922 -0.655252 -0.289628 0.738922 1.04038 -0.289628 -0.738924 -0.655252 -0.289628 -0.738924 1.04038 -0.289628</float_array>
                    <technique_common>
                        <accessor count="16" source="#ID64" stride="3">
                            <param name="X" type="float"/>
                            <param name="Y" type="float"/>
                            <param name="Z" type="float"/>
                        </accessor>
                    </technique_common>
                </source>
                <source id="ID65">
                    <float_array id="ID66" count="27">0 0 1 1 0 -0 0 -0.349688 -0.936866 0 0 -1 -1 0 -0 0 1 -0 0 -1 -0 0 -0.231342 -0.972873 0 0.655221 0.755437</float_array>
                    <technique_common>
                        <accessor count="9" source="#ID66" stride="3">
                            <param name="X" type="float"/>
                            <param name="Y" type="float"/>
                            <param name="Z" type="float"/>
                        </accessor>
                    </technique_common>
                </source>
                <source id="ID67">
                    <float_array id="ID68" count="2">0 1</float_array>
                    <technique_common>
                        <accessor count="1" source="#ID68" stride="2">
                            <param name="S" type="float"/>
                            <param name="T" type="float"/>
                        </accessor>
                    </technique_common>
                </source>
                <vertices id="ID69">
                    <input semantic="POSITION" source="#ID63"/>
                </vertices>
                <polylist count="14" material="Material1">
                    <input offset="0" semantic="VERTEX" source="#ID69"/>
                    <input offset="1" semantic="NORMAL" source="#ID65"/>
                    <input offset="2" semantic="TEXCOORD" source="#ID67" set="0"/>
                    <vcount>4 4 4 4 4 4 4 4 4 4 4 4 4 4</vcount>
                    <p>2 0 0 3 0 0 1 0 0 0 0 0 4 1 0 5 1 0 3 1 0 2 1 0 14 2 0 15 3 0 13 3 0 12 2 0 0 4 0 1 4 0 7 4 0 6 4 0 3 5 0 5 5 0 7 5 0 1 5 0 4 6 0 2 6 0 0 6 0 6 6 0 6 3 0 10 7 0 8 7 0 4 3 0 7 3 0 11 3 0 10 7 0 6 3 0 5 3 0 9 3 0 11 3 0 7 3 0 4 3 0 8 7 0 9 3 0 5 3 0 10 7 0 14 2 0 12 2 0 8 7 0 11 4 0 15 4 0 14 4 0 10 4 0 9 8 0 13 8 0 15 8 0 11 8 0 8 1 0 12 1 0 13 1 0 9 1 0</p>
                </polylist>
            </mesh>
        </geometry>
        <geometry id="ID72">
            <mesh>
                <source id="ID73">
                    <float_array id="ID74" count="96">-16.8861 -0.725442 2.35034 -16.8861 0.725426 2.35034 16.886 -0.725442 2.35034 16.886 0.725426 2.35034 16.886 -0.725442 -2.35034 16.886 0.725426 -2.35034 -16.8861 -0.725442 -2.35034 -16.8861 0.725426 -2.35034 -8.91457 -3.50391 2.35034 -8.91457 2.21985 2.35034 8.91457 -3.50391 2.35034 8.91457 2.21985 2.35034 8.91457 -3.50391 -2.35034 8.91457 2.21985 -2.35034 -8.91457 -3.50391 -2.35034 -8.91457 2.21985 -2.35034 -7.64638 -3.50391 2.35034 -7.64638 2.21985 2.35034 7.64638 -3.50391 2.35034 7.64638 2.21985 2.35034 5.10778 -3.50391 -9.24302 5.10778 2.21985 -9.24302 -5.10778 -3.50391 -9.24302 -5.10778 2.21985 -9.24302 -1.98427 -3.50391 -2.20609 1.98427 -3.50391 -2.20609 1.44111 -3.50391 -4.68659 -1.44112 -3.50391 -4.68659 -1.98427 -10.2507 -2.21817 1.98427 -10.2507 -2.21817 1.44111 -9.90531 -4.6745 -1.44112 -9.90531 -4.6745</float_array>
                    <technique_common>
                        <accessor count="32" source="#ID74" stride="3">
                            <param name="X" type="float"/>
                            <param name="Y" type="float"/>
                            <param name="Z" type="float"/>
                        </accessor>
                    </technique_common>
                </source>
                <source id="ID75">
                    <float_array id="ID76" count="99">0 0 1 0.815209 -0.579167 7.34384e-009 0.7695 0.638646 -8.09804e-009 0.508203 -1.21301e-007 -0.861237 -0.508203 -1.21301e-007 -0.861237 -0.815209 -0.579167 7.34384e-009 -0.7695 0.638646 -8.09804e-009 1.0519e-008 1 -1.31205e-008 -1.56575e-008 1 -1.54238e-008 -0.502871 -0.510859 -0.69724 -0.680481 -0.689974 -0.246743 0.680469 -0.689973 -0.246779 0.502857 -0.510852 -0.697255 0 0 -1 -0.508203 -2.45696e-008 -0.861237 0.508203 -2.45696e-008 -0.861237 0.0925277 0.99571 -1.14217e-008 -0.0925277 0.99571 -9.10843e-009 0.166907 -0.985973 8.95023e-009 -0.166907 -0.985973 1.12864e-008 -4.85459e-009 -1 2.536e-008 -4.85459e-009 -1 7.91804e-009 -5.26739e-009 -1 7.98731e-009 -5.26739e-009 -1 2.54292e-008 7.75639e-009 -1 3.30026e-008 -1.78009e-008 -1 3.5202e-008 -1.78009e-008 -1 9.03914e-009 7.75639e-009 -1 6.83969e-009 -0.626546 -0.00121649 -0.779383 0.626525 -0.00121895 -0.7794 0.976629 -1.23885e-005 -0.214933 0 -0.00179089 0.999998 -0.976641 -8.51529e-006 -0.214879</float_array>
                    <technique_common>
                        <accessor count="33" source="#ID76" stride="3">
                            <param name="X" type="float"/>
                            <param name="Y" type="float"/>
                            <param name="Z" type="float"/>
                        </accessor>
                    </technique_common>
                </source>
                <source id="ID77">
                    <float_array id="ID78" count="2">0 1</float_array>
                    <technique_common>
                        <accessor count="1" source="#ID78" stride="2">
                            <param name="S" type="float"/>
                            <param name="T" type="float"/>
                        </accessor>
                    </technique_common>
                </source>
                <vertices id="ID79">
                    <input semantic="POSITION" source="#ID73"/>
                </vertices>
                <polylist count="30" material="Material1">
                    <input offset="0" semantic="VERTEX" source="#ID79"/>
                    <input offset="1" semantic="NORMAL" source="#ID75"/>
                    <input offset="2" semantic="TEXCOORD" source="#ID77" set="0"/>
                    <vcount>4 4 4 4 4 4 4 4 4 4 4 4 4 4 4 4 4 4 4 4 4 4 4 4 4 4 4 4 4 4</vcount>
                    <p>18 0 0 19 0 0 17 0 0 16 0 0 4 1 0 5 2 0 3 2 0 2 1 0 22 4 0 23 4 0 21 3 0 20 3 0 0 5 0 1 6 0 7 6 0 6 5 0 19 8 0 21 8 0 23 7 0 17 7 0 30 12 0 29 11 0 28 10 0 31 9 0 3 0 0 11 0 0 10 0 0 2 0 0 0 0 0 8 0 0 9 0 0 1 0 0 7 13 0 15 14 0 14 14 0 6 13 0 4 13 0 12 15 0 13 15 0 5 13 0 5 2 0 13 16 0 11 16 0 3 2 0 1 6 0 9 17 0 15 17 0 7 6 0 2 1 0 10 18 0 12 18 0 4 1 0 6 5 0 14 19 0 8 19 0 0 5 0 11 0 0 19 0 0 18 0 0 10 0 0 8 0 0 16 0 0 17 0 0 9 0 0 15 14 0 23 4 0 22 4 0 14 14 0 12 15 0 20 3 0 21 3 0 13 15 0 13 16 0 21 8 0 19 8 0 11 16 0 9 17 0 17 7 0 23 7 0 15 17 0 10 18 0 18 21 0 20 20 0 12 18 0 14 19 0 22 23 0 16 22 0 8 19 0 20 20 0 26 25 0 27 24 0 22 23 0 18 21 0 25 26 0 26 25 0 20 20 0 16 22 0 24 27 0 25 26 0 18 21 0 22 23 0 27 24 0 24 27 0 16 22 0 26 29 0 30 12 0 31 9 0 27 28 0 25 30 0 29 11 0 30 12 0 26 29 0 24 31 0 28 31 0 29 31 0 25 31 0 27 28 0 31 9 0 28 10 0 24 32 0</p>
                </polylist>
            </mesh>
        </geometry>
        <geometry id="ID81">
            <mesh>
                <source id="ID82">
                    <float_array id="ID83" count="252">19.4247 3.6161e-006 -5.20482 18.6999 1.55809 -5.01062 17.0713 1.94291 -4.57425 15.7654 0.864678 -4.22432 15.7654 -0.864671 -4.22432 17.0713 -1.9429 -4.57425 18.6999 -1.55809 -5.01062 14.2198 3.0428e-006 -14.2198 13.6893 1.55809 -13.6893 12.4971 1.94291 -12.4971 11.541 0.864677 -11.541 11.541 -0.864672 -11.541 12.4971 -1.9429 -12.4971 13.6893 -1.55809 -13.6893 5.20482 2.67599e-006 -19.4247 5.01062 1.55809 -18.6999 4.57425 1.94291 -17.0713 4.22432 0.864677 -15.7654 4.22432 -0.864672 -15.7654 4.57425 -1.9429 -17.0713 5.01062 -1.55809 -18.6999 -5.20482 2.61398e-006 -19.4247 -5.01061 1.55809 -18.6999 -4.57425 1.94291 -17.0713 -4.22431 0.864677 -15.7654 -4.22431 -0.864672 -15.7654 -4.57425 -1.9429 -17.0713 -5.01061 -1.55809 -18.6999 -14.2198 2.87336e-006 -14.2198 -13.6893 1.55809 -13.6893 -12.4971 1.94291 -12.4971 -11.541 0.864677 -11.541 -11.541 -0.864672 -11.541 -12.4971 -1.9429 -12.4971 -13.6893 -1.55809 -13.6893 -19.4246 3.38465e-006 -5.20482 -18.6999 1.55809 -5.01062 -17.0713 1.94291 -4.57425 -15.7653 0.864678 -4.22431 -15.7653 -0.864671 -4.22431 -17.0713 -1.9429 -4.57425 -18.6999 -1.55809 -5.01062 -19.4246 4.01083e-006 5.20482 -18.6999 1.55809 5.01062 -17.0713 1.94291 4.57425 -15.7653 0.864678 4.22431 -15.7653 -0.864671 4.22431 -17.0713 -1.9429 4.57425 -18.6999 -1.55808 5.01062 -14.2198 4.58413e-006 14.2198 -13.6893 1.55809 13.6893 -12.4971 1.94291 12.4971 -11.541 0.864679 11.541 -11.541 -0.86467 11.541 -12.4971 -1.9429 12.4971 -13.6893 -1.55808 13.6893 -5.20481 4.95094e-006 19.4247 -5.01061 1.55809 18.6999 -4.57425 1.94291 17.0713 -4.22431 0.864679 15.7654 -4.22431 -0.86467 15.7654 -4.57425 -1.9429 17.0713 -5.01061 -1.55808 18.6999 5.20482 5.01296e-006 19.4247 5.01062 1.55809 18.6999 4.57425 1.94291 17.0713 4.22432 0.864679 15.7654 4.22432 -0.86467 15.7654 4.57425 -1.9429 17.0713 5.01062 -1.55808 18.6999 14.2198 4.75357e-006 14.2198 13.6893 1.55809 13.6893 12.4971 1.94291 12.4971 11.541 0.864679 11.541 11.541 -0.86467 11.541 12.4971 -1.9429 12.4971 13.6893 -1.55808 13.6893 19.4247 4.24229e-006 5.20481 18.6999 1.55809 5.01061 17.0713 1.94291 4.57424 15.7654 0.864678 4.22431 15.7654 -0.864671 4.22431 17.0713 -1.9429 4.57424 18.6999 -1.55808 5.01061</float_array>
                    <technique_common>
                        <accessor count="84" source="#ID83" stride="3">
                            <param name="X" type="float"/>
                            <param name="Y" type="float"/>
                            <param name="Z" type="float"/>
                        </accessor>
                    </technique_common>
                </source>
                <source id="ID84">
                    <float_array id="ID85" count="252">0.965926 3.40283e-007 -0.258819 0.597405 0.785801 -0.160074 0.437331 0.785801 -0.437331 0.707107 8.50708e-009 -0.707107 -0.212219 0.975566 0.0568639 -0.155355 0.975566 0.155355 -0.868149 0.438413 0.23262 -0.635529 0.438413 0.635529 -0.868149 -0.438413 0.23262 -0.635529 -0.438413 0.635529 -0.212219 -0.975566 0.056864 -0.155355 -0.975566 0.155355 0.597405 -0.785801 -0.160074 0.437331 -0.785801 -0.437331 0.160074 0.785801 -0.597405 0.258819 -1.53128e-007 -0.965926 -0.0568639 0.975566 0.212219 -0.23262 0.438413 0.868149 -0.23262 -0.438413 0.868149 -0.0568639 -0.975566 0.212219 0.160074 -0.785801 -0.597405 -0.160074 0.785801 -0.597405 -0.258819 -1.10592e-007 -0.965926 0.0568639 0.975566 0.212219 0.23262 0.438413 0.868148 0.23262 -0.438413 0.868149 0.0568639 -0.975566 0.212219 -0.160074 -0.785801 -0.597405 -0.437331 0.785801 -0.437331 -0.707107 2.55213e-007 -0.707107 0.155355 0.975566 0.155355 0.635529 0.438413 0.635529 0.635529 -0.438413 0.635529 0.155355 -0.975566 0.155355 -0.437331 -0.785801 -0.437331 -0.597405 0.785801 -0.160074 -0.965926 6.80567e-007 -0.258819 0.212219 0.975566 0.0568639 0.868149 0.438413 0.23262 0.868149 -0.438413 0.23262 0.212219 -0.975566 0.056864 -0.597406 -0.785801 -0.160074 -0.597405 0.785801 0.160074 -0.965926 4.50876e-007 0.258819 0.212219 0.975566 -0.0568641 0.868149 0.438413 -0.23262 0.868149 -0.438413 -0.23262 0.212219 -0.975566 -0.0568639 -0.597405 -0.785801 0.160074 -0.437331 0.785801 0.437331 -0.707107 3.99833e-007 0.707107 0.155355 0.975566 -0.155355 0.635529 0.438413 -0.635529 0.635529 -0.438413 -0.635529 0.155355 -0.975566 -0.155355 -0.437331 -0.785801 0.437331 -0.160074 0.785801 0.597405 -0.258819 8.42202e-007 0.965926 0.0568639 0.975566 -0.212219 0.23262 0.438413 -0.868149 0.23262 -0.438413 -0.868149 0.0568638 -0.975566 -0.212219 -0.160074 -0.785801 0.597406 0.160074 0.785801 0.597405 0.258819 8.67723e-007 0.965926 -0.0568641 0.975566 -0.212219 -0.23262 0.438413 -0.868149 -0.23262 -0.438413 -0.868149 -0.056864 -0.975566 -0.212219 0.160074 -0.785801 0.597405 0.437331 0.785801 0.437331 0.707107 5.18932e-007 0.707107 -0.155355 0.975566 -0.155355 -0.635529 0.438413 -0.635529 -0.635529 -0.438413 -0.635529 -0.155355 -0.975566 -0.155355 0.437331 -0.785801 0.437331 0.597405 0.785801 0.160074 0.965926 4.16847e-007 0.258819 -0.212219 0.975566 -0.056864 -0.868149 0.438413 -0.23262 -0.868149 -0.438413 -0.232619 -0.212219 -0.975566 -0.0568638 0.597406 -0.785801 0.160074</float_array>
                    <technique_common>
                        <accessor count="84" source="#ID85" stride="3">
                            <param name="X" type="float"/>
                            <param name="Y" type="float"/>
                            <param name="Z" type="float"/>
                        </accessor>
                    </technique_common>
                </source>
                <source id="ID86">
                    <float_array id="ID87" count="2">0 1</float_array>
                    <technique_common>
                        <accessor count="1" source="#ID87" stride="2">
                            <param name="S" type="float"/>
                            <param name="T" type="float"/>
                        </accessor>
                    </technique_common>
                </source>
                <vertices id="ID88">
                    <input semantic="POSITION" source="#ID82"/>
                </vertices>
                <polylist count="84" material="Material1">
                    <input offset="0" semantic="VERTEX" source="#ID88"/>
                    <input offset="1" semantic="NORMAL" source="#ID84"/>
                    <input offset="2" semantic="TEXCOORD" source="#ID86" set="0"/>
                    <vcount>4 4 4 4 4 4 4 4 4 4 4 4 4 4 4 4 4 4 4 4 4 4 4 4 4 4 4 4 4 4 4 4 4 4 4 4 4 4 4 4 4 4 4 4 4 4 4 4 4 4 4 4 4 4 4 4 4 4 4 4 4 4 4 4 4 4 4 4 4 4 4 4 4 4 4 4 4 4 4 4 4 4 4 4</vcount>
                    <p>7 3 0 8 2 0 1 1 0 0 0 0 8 2 0 9 5 0 2 4 0 1 1 0 9 5 0 10 7 0 3 6 0 2 4 0 10 7 0 11 9 0 4 8 0 3 6 0 11 9 0 12 11 0 5 10 0 4 8 0 12 11 0 13 13 0 6 12 0 5 10 0 13 13 0 7 3 0 0 0 0 6 12 0 14 15 0 15 14 0 8 2 0 7 3 0 15 14 0 16 16 0 9 5 0 8 2 0 16 16 0 17 17 0 10 7 0 9 5 0 17 17 0 18 18 0 11 9 0 10 7 0 18 18 0 19 19 0 12 11 0 11 9 0 19 19 0 20 20 0 13 13 0 12 11 0 20 20 0 14 15 0 7 3 0 13 13 0 21 22 0 22 21 0 15 14 0 14 15 0 22 21 0 23 23 0 16 16 0 15 14 0 23 23 0 24 24 0 17 17 0 16 16 0 24 24 0 25 25 0 18 18 0 17 17 0 25 25 0 26 26 0 19 19 0 18 18 0 26 26 0 27 27 0 20 20 0 19 19 0 27 27 0 21 22 0 14 15 0 20 20 0 28 29 0 29 28 0 22 21 0 21 22 0 29 28 0 30 30 0 23 23 0 22 21 0 30 30 0 31 31 0 24 24 0 23 23 0 31 31 0 32 32 0 25 25 0 24 24 0 32 32 0 33 33 0 26 26 0 25 25 0 33 33 0 34 34 0 27 27 0 26 26 0 34 34 0 28 29 0 21 22 0 27 27 0 35 36 0 36 35 0 29 28 0 28 29 0 36 35 0 37 37 0 30 30 0 29 28 0 37 37 0 38 38 0 31 31 0 30 30 0 38 38 0 39 39 0 32 32 0 31 31 0 39 39 0 40 40 0 33 33 0 32 32 0 40 40 0 41 41 0 34 34 0 33 33 0 41 41 0 35 36 0 28 29 0 34 34 0 42 43 0 43 42 0 36 35 0 35 36 0 43 42 0 44 44 0 37 37 0 36 35 0 44 44 0 45 45 0 38 38 0 37 37 0 45 45 0 46 46 0 39 39 0 38 38 0 46 46 0 47 47 0 40 40 0 39 39 0 47 47 0 48 48 0 41 41 0 40 40 0 48 48 0 42 43 0 35 36 0 41 41 0 49 50 0 50 49 0 43 42 0 42 43 0 50 49 0 51 51 0 44 44 0 43 42 0 51 51 0 52 52 0 45 45 0 44 44 0 52 52 0 53 53 0 46 46 0 45 45 0 53 53 0 54 54 0 47 47 0 46 46 0 54 54 0 55 55 0 48 48 0 47 47 0 55 55 0 49 50 0 42 43 0 48 48 0 56 57 0 57 56 0 50 49 0 49 50 0 57 56 0 58 58 0 51 51 0 50 49 0 58 58 0 59 59 0 52 52 0 51 51 0 59 59 0 60 60 0 53 53 0 52 52 0 60 60 0 61 61 0 54 54 0 53 53 0 61 61 0 62 62 0 55 55 0 54 54 0 62 62 0 56 57 0 49 50 0 55 55 0 63 64 0 64 63 0 57 56 0 56 57 0 64 63 0 65 65 0 58 58 0 57 56 0 65 65 0 66 66 0 59 59 0 58 58 0 66 66 0 67 67 0 60 60 0 59 59 0 67 67 0 68 68 0 61 61 0 60 60 0 68 68 0 69 69 0 62 62 0 61 61 0 69 69 0 63 64 0 56 57 0 62 62 0 70 71 0 71 70 0 64 63 0 63 64 0 71 70 0 72 72 0 65 65 0 64 63 0 72 72 0 73 73 0 66 66 0 65 65 0 73 73 0 74 74 0 67 67 0 66 66 0 74 74 0 75 75 0 68 68 0 67 67 0 75 75 0 76 76 0 69 69 0 68 68 0 76 76 0 70 71 0 63 64 0 69 69 0 77 78 0 78 77 0 71 70 0 70 71 0 78 77 0 79 79 0 72 72 0 71 70 0 79 79 0 80 80 0 73 73 0 72 72 0 80 80 0 81 81 0 74 74 0 73 73 0 81 81 0 82 82 0 75 75 0 74 74 0 82 82 0 83 83 0 76 76 0 75 75 0 83 83 0 77 78 0 70 71 0 76 76 0 0 0 0 1 1 0 78 77 0 77 78 0 1 1 0 2 4 0 79 79 0 78 77 0 2 4 0 3 6 0 80 80 0 79 79 0 3 6 0 4 8 0 81 81 0 80 80 0 4 8 0 5 10 0 82 82 0 81 81 0 5 10 0 6 12 0 83 83 0 82 82 0 6 12 0 0 0 0 77 78 0 83 83 0</p>
                </polylist>
            </mesh>
        </geometry>
        <geometry id="ID90">
            <mesh>
                <source id="ID91">
                    <float_array id="ID92" count="48">-31.7103 -12.587 1.99819 -26.3582 8.23811 2.70641 31.7103 -12.587 1.99819 26.3582 8.23811 2.70641 31.7103 -9.06938 -5.59408 26.3582 8.23811 -1.4923 -31.7103 -9.06938 -5.59408 -26.3582 8.23811 -1.4923 -30.0858 -11.3278 2.04102 -25.381 6.97884 2.66359 30.0858 -11.3278 2.04102 25.381 6.97884 2.66359 -28.7259 -10.642 1.10085 -24.3736 6.29307 1.67678 28.7259 -10.642 1.10085 24.3736 6.29307 1.67678</float_array>
                    <technique_common>
                        <accessor count="16" source="#ID92" stride="3">
                            <param name="X" type="float"/>
                            <param name="Y" type="float"/>
                            <param name="Z" type="float"/>
                        </accessor>
                    </technique_common>
                </source>
                <source id="ID93">
                    <float_array id="ID94" count="54">0.174494 -0.30224 0.937125 0.348192 -0.564947 0.748062 0.38482 0.386193 0.838313 0.179706 0.160655 0.970513 0.422307 0.0832981 0.902617 0.375501 0.463539 0.802577 0.483501 0.746597 -0.456969 0.964126 0.258146 0.0618272 0 -0.436865 -0.899527 -0.479633 0.748866 -0.457331 -0.961169 0.270099 0.0565692 -0.374314 0.46815 0.800453 -0.42193 0.0887269 0.902276 0 -0.907344 -0.420389 -0.179706 0.160655 0.970513 -0.174494 -0.30224 0.937125 -0.38482 0.386193 0.838313 -0.348192 -0.564947 0.748062</float_array>
                    <technique_common>
                        <accessor count="18" source="#ID94" stride="3">
                            <param name="X" type="float"/>
                            <param name="Y" type="float"/>
                            <param name="Z" type="float"/>
                        </accessor>
                    </technique_common>
                </source>
                <source id="ID95">
                    <float_array id="ID96" count="2">0 1</float_array>
                    <technique_common>
                        <accessor count="1" source="#ID96" stride="2">
                            <param name="S" type="float"/>
                            <param name="T" type="float"/>
                        </accessor>
                    </technique_common>
                </source>
                <vertices id="ID97">
                    <input semantic="POSITION" source="#ID91"/>
                </vertices>
                <polylist count="13" material="Material1">
                    <input offset="0" semantic="VERTEX" source="#ID97"/>
                    <input offset="1" semantic="NORMAL" source="#ID93"/>
                    <input offset="2" semantic="TEXCOORD" source="#ID95" set="0"/>
                    <vcount>4 4 4 4 4 4 4 4 4 4 4 4 4</vcount>
                    <p>8 3 0 12 2 0 13 1 0 9 0 0 4 7 0 5 6 0 3 5 0 2 4 0 6 8 0 7 9 0 5 6 0 4 8 0 0 12 0 1 11 0 7 9 0 6 10 0 3 5 0 5 6 0 7 9 0 1 11 0 4 8 0 2 13 0 0 13 0 6 8 0 2 4 0 10 14 0 8 3 0 0 12 0 3 5 0 11 15 0 10 14 0 2 4 0 1 11 0 9 0 0 11 15 0 3 5 0 0 12 0 8 3 0 9 0 0 1 11 0 10 14 0 14 16 0 12 2 0 8 3 0 11 15 0 15 17 0 14 16 0 10 14 0 9 0 0 13 1 0 15 17 0 11 15 0</p>
                </polylist>
            </mesh>
        </geometry>
        <geometry id="ID99">
            <mesh>
                <source id="ID100">
                    <float_array id="ID101" count="12">-28.7259 -10.642 1.10085 -24.3736 6.29307 1.67678 28.7259 -10.642 1.10085 24.3736 6.29307 1.67678</float_array>
                    <technique_common>
                        <accessor count="4" source="#ID101" stride="3">
                            <param name="X" type="float"/>
                            <param name="Y" type="float"/>
                            <param name="Z" type="float"/>
                        </accessor>
                    </technique_common>
                </source>
                <source id="ID102">
                    <float_array id="ID103" count="3">0 -0.0339884 0.999422</float_array>
                    <technique_common>
                        <accessor count="1" source="#ID103" stride="3">
                            <param name="X" type="float"/>
                            <param name="Y" type="float"/>
                            <param name="Z" type="float"/>
                        </accessor>
                    </technique_common>
                </source>
                <source id="ID104">
                    <float_array id="ID105" count="2">0 1</float_array>
                    <technique_common>
                        <accessor count="1" source="#ID105" stride="2">
                            <param name="S" type="float"/>
                            <param name="T" type="float"/>
                        </accessor>
                    </technique_common>
                </source>
                <vertices id="ID106">
                    <input semantic="POSITION" source="#ID100"/>
                </vertices>
                <polylist count="1" material="Material1">
                    <input offset="0" semantic="VERTEX" source="#ID106"/>
                    <input offset="1" semantic="NORMAL" source="#ID102"/>
                    <input offset="2" semantic="TEXCOORD" source="#ID104" set="0"/>
                    <vcount>4</vcount>
                    <p>2 0 0 3 0 0 1 0 0 0 0 0</p>
                </polylist>
            </mesh>
        </geometry>
        <geometry id="ID108">
            <mesh>
                <source id="ID109">
                    <float_array id="ID110" count="288">-29.9574 -4.4337 22.7676 -29.9574 4.4337 22.7676 29.9574 -4.4337 22.7676 29.9574 4.4337 22.7676 29.9574 -4.4337 -22.7676 29.9574 4.4337 -22.7676 -29.9574 -4.4337 -22.7676 -29.9574 4.4337 -22.7676 -29.9574 -4.4337 -11.3767 -29.9574 6.98208 -11.3767 29.9574 -4.4337 -11.3767 29.9574 6.98208 -11.3767 -29.9574 -4.4337 7.91964 -29.9574 6.98208 7.91964 29.9574 -4.4337 7.91964 29.9574 6.98208 7.91964 -29.9574 -4.4337 32.324 -29.9574 4.4337 32.324 29.9574 -4.4337 32.324 29.9574 4.4337 32.324 -29.9574 87.1176 23.8946 29.9574 87.1176 23.8946 -29.9574 87.1176 36.3277 29.9574 87.1176 36.3277 -29.9574 43.7055 19.8164 29.9574 43.7055 19.8164 -29.9574 43.7055 31.2985 29.9574 43.7055 31.2985 -29.9574 62.1055 19.8164 29.9574 62.1055 19.8164 -29.9574 62.1055 30.1 29.9574 62.1055 30.1 -19.1819 -4.4337 22.7676 -19.1819 4.4337 22.7676 19.1819 -4.4337 22.7676 19.1819 4.4337 22.7676 19.1819 -4.4337 -22.7676 19.1819 4.4337 -22.7676 -19.1819 -4.4337 -22.7676 -19.1819 4.4337 -22.7676 -19.1819 -4.4337 -11.3767 -19.1819 6.98208 -11.3767 19.1819 -4.4337 -11.3767 19.1819 6.98208 -11.3767 -19.1819 -4.4337 7.91964 -19.1819 6.98208 7.91964 19.1819 -4.4337 7.91964 19.1819 6.98208 7.91964 -19.1819 -4.4337 32.324 -19.1819 4.4337 32.324 19.1819 -4.4337 32.324 19.1819 4.4337 32.324 -19.1819 89.1146 23.8946 19.1819 89.1146 23.8946 -19.1819 89.1146 39.5 19.1819 89.1146 39.5 -19.1819 43.7055 19.8164 19.1819 43.7055 19.8164 -19.1819 43.7055 31.2985 19.1819 43.7055 31.2985 -19.1819 62.1055 19.8164 19.1819 62.1055 19.8164 -19.1819 62.1055 33.2723 19.1819 62.1055 33.2723 -14.9878 -4.4337 22.7676 -14.9878 2.52483 24.6948 14.9878 -4.4337 22.7676 14.9878 2.52483 24.6948 14.9878 -4.4337 -22.7676 14.9878 2.52483 -22.7676 -14.9878 -4.4337 -22.7676 -14.9878 2.52483 -22.7676 -14.9878 -4.4337 -11.3767 -14.9878 5.07321 -11.3767 14.9878 -4.4337 -11.3767 14.9878 5.07321 -11.3767 -14.9878 -4.4337 7.91964 -14.9878 5.07321 7.91964 14.9878 -4.4337 7.91964 14.9878 5.07321 7.91964 -14.9878 -4.4337 32.324 -14.9878 4.4337 32.324 14.9878 -4.4337 32.324 14.9878 4.4337 32.324 -14.9878 89.4693 25.8217 14.9878 89.4693 25.8217 -14.9878 89.4693 40.0363 14.9878 89.4693 40.0363 -14.9878 43.7055 21.7436 14.9878 43.7055 21.7436 -14.9878 43.7055 31.2985 14.9878 43.7055 31.2985 -14.9878 62.1055 21.7436 14.9878 62.1055 21.7436 -14.9878 62.1055 33.8086 14.9878 62.1055 33.8086</float_array>
                    <technique_common>
                        <accessor count="96" source="#ID110" stride="3">
                            <param name="X" type="float"/>
                            <param name="Y" type="float"/>
                            <param name="Z" type="float"/>
                        </accessor>
                    </technique_common>
                </source>
                <source id="ID111">
                    <float_array id="ID112" count="228">0 0 1 8.09914e-010 0.0130537 0.999915 1 0 -0 0 0 -1 -0.131704 0.605999 -0.784487 0.131704 0.605999 -0.784487 -1 0 -0 0.193277 0.969315 0.151898 0.203188 0.976161 0.0763227 -0.204135 0.975971 0.0762182 -0.195165 0.968964 0.151721 0 -1 -0 0.210927 0.971577 -0.107461 -0.210927 0.971577 -0.107461 -0.108975 0.764937 -0.63482 0.0421759 0.99911 -0 -0.0421759 0.99911 -0 0.108953 0.764935 -0.634825 -0.211966 0.0725207 -0.974583 0.211949 0.0725225 -0.974586 -0.732809 0.00244927 0.68043 -0.0157983 -0.0510701 0.99857 0.0158531 -0.0510984 0.998568 0.776544 -0.0802955 0.624925 0.765626 0.403658 0.500876 0.621618 0.591631 -0.513385 0.210261 -0.035421 -0.977003 0.206556 -0.0707416 -0.975874 -0.206229 -0.0707567 -0.975942 -0.210097 -0.0354298 -0.977038 -0.776774 -0.0790917 0.624793 -0.0444721 -0.175292 0.983511 0.0444977 -0.175322 0.983505 0.732911 0.0012468 0.680323 -0.621965 0.591426 -0.513201 -0.765986 0.403537 0.500423 -0.057342 -0.222236 0.973305 0.0572841 -0.222239 0.973308 0 0.0130537 0.999915 0 0.0130537 0.999915 0 0.0130537 0.999915 0 0.62517 -0.780488 0 0.62517 -0.780488 -0.131704 0.605999 -0.784487 0 0.985589 0.169158 -0.195165 0.9674 0.161391 -0.204213 0.975561 0.081107 0 0.996391 0.0848854 0 0.996391 0.0848855 0.203266 0.97575 0.0812108 0.193277 0.967751 0.161564 0 0.985589 0.169158 0 0.993951 -0.109826 -0.210927 0.971577 -0.107461 0.210927 0.971577 -0.107461 0 0.993951 -0.109826 0.0431238 0.767765 -0.639279 -0.133413 0.991061 -0 0.133413 0.991061 -0 -0.0435079 0.767753 -0.639267 -0.00747618 0.0777843 -0.996942 0.20833 0.0745674 -0.975212 -0.20861 0.0745622 -0.975152 0.00693651 0.0777864 -0.996946 0.0517079 -0.0228293 0.998401 -0.0515313 -0.021919 0.998431 0 -0.0374942 -0.999297 -0.210104 -0.036315 -0.977004 -0.206229 -0.0725223 -0.975812 0 -0.0749357 -0.997188 0.206556 -0.0725074 -0.975745 0.210267 -0.0363063 -0.97697 0.144778 -0.148552 0.978249 -0.145016 -0.147617 0.978356 0.18519 -0.22424 0.956776 -0.185981 -0.22416 0.956642</float_array>
                    <technique_common>
                        <accessor count="76" source="#ID112" stride="3">
                            <param name="X" type="float"/>
                            <param name="Y" type="float"/>
                            <param name="Z" type="float"/>
                        </accessor>
                    </technique_common>
                </source>
                <source id="ID113">
                    <float_array id="ID114" count="2">0 1</float_array>
                    <technique_common>
                        <accessor count="1" source="#ID114" stride="2">
                            <param name="S" type="float"/>
                            <param name="T" type="float"/>
                        </accessor>
                    </technique_common>
                </source>
                <vertices id="ID115">
                    <input semantic="POSITION" source="#ID109"/>
                </vertices>
                <polylist count="94" material="Material1">
                    <input offset="0" semantic="VERTEX" source="#ID115"/>
                    <input offset="1" semantic="NORMAL" source="#ID111"/>
                    <input offset="2" semantic="TEXCOORD" source="#ID113" set="0"/>
                    <vcount>4 4 4 4 4 4 4 4 4 4 4 4 4 4 4 4 4 4 4 4 4 4 4 4 4 4 4 4 4 4 4 4 4 4 4 4 4 4 4 4 4 4 4 4 4 4 4 4 4 4 4 4 4 4 4 4 4 4 4 4 4 4 4 4 4 4 4 4 4 4 4 4 4 4 4 4 4 4 4 4 4 4 4 4 4 4 4 4 4 4 4 4 4 4</vcount>
                    <p>82 0 0 83 1 0 81 1 0 80 0 0 10 2 0 4 2 0 5 2 0 11 2 0 70 3 0 71 5 0 69 4 0 68 3 0 12 6 0 0 6 0 1 6 0 13 6 0 67 10 0 79 9 0 77 8 0 65 7 0 68 11 0 74 11 0 72 11 0 70 11 0 11 2 0 15 2 0 14 2 0 10 2 0 9 6 0 7 6 0 6 6 0 8 6 0 75 13 0 69 4 0 71 5 0 73 12 0 74 11 0 78 11 0 76 11 0 72 11 0 13 6 0 9 6 0 8 6 0 12 6 0 79 9 0 75 13 0 73 12 0 77 8 0 15 2 0 3 2 0 2 2 0 14 2 0 78 11 0 66 11 0 64 11 0 76 11 0 66 11 0 82 11 0 80 11 0 64 11 0 3 2 0 19 2 0 18 2 0 2 2 0 84 17 0 86 16 0 87 15 0 85 14 0 0 6 0 16 6 0 17 6 0 1 6 0 92 19 0 84 17 0 85 14 0 93 18 0 17 6 0 26 20 0 24 6 0 1 6 0 83 1 0 91 22 0 90 21 0 81 1 0 29 2 0 21 25 0 23 24 0 31 23 0 89 29 0 67 28 0 65 27 0 88 26 0 26 20 0 30 30 0 28 6 0 24 6 0 91 22 0 95 32 0 94 31 0 90 21 0 27 33 0 19 2 0 3 2 0 25 2 0 93 18 0 89 29 0 88 26 0 92 19 0 31 23 0 27 33 0 25 2 0 29 2 0 30 30 0 22 35 0 20 34 0 28 6 0 95 32 0 87 37 0 86 36 0 94 31 0 19 39 0 51 38 0 50 0 0 18 0 0 16 0 0 48 0 0 49 40 0 17 40 0 7 41 0 39 5 0 38 3 0 6 3 0 4 3 0 36 3 0 37 43 0 5 42 0 15 47 0 47 46 0 35 45 0 3 44 0 1 51 0 33 50 0 45 49 0 13 48 0 10 11 0 42 11 0 36 11 0 4 11 0 6 11 0 38 11 0 40 11 0 8 11 0 5 42 0 37 43 0 43 53 0 11 52 0 9 55 0 41 54 0 39 5 0 7 41 0 14 11 0 46 11 0 42 11 0 10 11 0 8 11 0 40 11 0 44 11 0 12 11 0 11 52 0 43 53 0 47 46 0 15 47 0 13 48 0 45 49 0 41 54 0 9 55 0 2 11 0 34 11 0 46 11 0 14 11 0 12 11 0 44 11 0 32 11 0 0 11 0 18 11 0 50 11 0 34 11 0 2 11 0 0 11 0 32 11 0 48 11 0 16 11 0 22 35 0 54 57 0 52 56 0 20 34 0 21 25 0 53 59 0 55 58 0 23 24 0 20 34 0 52 56 0 60 61 0 28 60 0 29 63 0 61 62 0 53 59 0 21 25 0 27 33 0 59 64 0 51 38 0 19 39 0 17 40 0 49 40 0 58 65 0 26 20 0 3 69 0 35 68 0 57 67 0 25 66 0 24 66 0 56 71 0 33 70 0 1 69 0 31 23 0 63 72 0 59 64 0 27 33 0 26 20 0 58 65 0 62 73 0 30 30 0 25 66 0 57 67 0 61 62 0 29 63 0 28 60 0 60 61 0 56 71 0 24 66 0 23 24 0 55 74 0 63 72 0 31 23 0 30 30 0 62 73 0 54 75 0 22 35 0 51 38 0 83 1 0 82 0 0 50 0 0 48 0 0 80 0 0 81 1 0 49 40 0 39 5 0 71 5 0 70 3 0 38 3 0 36 3 0 68 3 0 69 4 0 37 43 0 47 46 0 79 9 0 67 10 0 35 45 0 33 50 0 65 7 0 77 8 0 45 49 0 42 11 0 74 11 0 68 11 0 36 11 0 38 11 0 70 11 0 72 11 0 40 11 0 37 43 0 69 4 0 75 13 0 43 53 0 41 54 0 73 12 0 71 5 0 39 5 0 46 11 0 78 11 0 74 11 0 42 11 0 40 11 0 72 11 0 76 11 0 44 11 0 43 53 0 75 13 0 79 9 0 47 46 0 45 49 0 77 8 0 73 12 0 41 54 0 34 11 0 66 11 0 78 11 0 46 11 0 44 11 0 76 11 0 64 11 0 32 11 0 50 11 0 82 11 0 66 11 0 34 11 0 32 11 0 64 11 0 80 11 0 48 11 0 54 57 0 86 16 0 84 17 0 52 56 0 53 59 0 85 14 0 87 15 0 55 58 0 52 56 0 84 17 0 92 19 0 60 61 0 61 62 0 93 18 0 85 14 0 53 59 0 59 64 0 91 22 0 83 1 0 51 38 0 49 40 0 81 1 0 90 21 0 58 65 0 35 68 0 67 28 0 89 29 0 57 67 0 56 71 0 88 26 0 65 27 0 33 70 0 63 72 0 95 32 0 91 22 0 59 64 0 58 65 0 90 21 0 94 31 0 62 73 0 57 67 0 89 29 0 93 18 0 61 62 0 60 61 0 92 19 0 88 26 0 56 71 0 55 74 0 87 37 0 95 32 0 63 72 0 62 73 0 94 31 0 86 36 0 54 75 0</p>
                </polylist>
            </mesh>
        </geometry>
        <geometry id="ID117">
            <mesh>
                <source id="ID118">
                    <float_array id="ID119" count="288">-29.9574 -4.4337 22.7676 -29.9574 4.4337 22.7676 29.9574 -4.4337 22.7676 29.9574 4.4337 22.7676 29.9574 -4.4337 -22.7676 29.9574 4.4337 -22.7676 -29.9574 -4.4337 -22.7676 -29.9574 4.4337 -22.7676 -29.9574 -4.4337 -11.3767 -29.9574 6.98208 -11.3767 29.9574 -4.4337 -11.3767 29.9574 6.98208 -11.3767 -29.9574 -4.4337 7.91964 -29.9574 6.98208 7.91964 29.9574 -4.4337 7.91964 29.9574 6.98208 7.91964 -29.9574 -4.4337 32.324 -29.9574 4.4337 32.324 29.9574 -4.4337 32.324 29.9574 4.4337 32.324 -29.9574 87.1176 23.8946 29.9574 87.1176 23.8946 -29.9574 87.1176 36.3277 29.9574 87.1176 36.3277 -29.9574 43.7055 19.8164 29.9574 43.7055 19.8164 -29.9574 43.7055 31.2985 29.9574 43.7055 31.2985 -29.9574 62.1055 19.8164 29.9574 62.1055 19.8164 -29.9574 62.1055 30.1 29.9574 62.1055 30.1 -19.1819 -4.4337 22.7676 -19.1819 4.4337 22.7676 19.1819 -4.4337 22.7676 19.1819 4.4337 22.7676 19.1819 -4.4337 -22.7676 19.1819 4.4337 -22.7676 -19.1819 -4.4337 -22.7676 -19.1819 4.4337 -22.7676 -19.1819 -4.4337 -11.3767 -19.1819 6.98208 -11.3767 19.1819 -4.4337 -11.3767 19.1819 6.98208 -11.3767 -19.1819 -4.4337 7.91964 -19.1819 6.98208 7.91964 19.1819 -4.4337 7.91964 19.1819 6.98208 7.91964 -19.1819 -4.4337 32.324 -19.1819 4.4337 32.324 19.1819 -4.4337 32.324 19.1819 4.4337 32.324 -19.1819 89.1146 23.8946 19.1819 89.1146 23.8946 -19.1819 89.1146 39.5 19.1819 89.1146 39.5 -19.1819 43.7055 19.8164 19.1819 43.7055 19.8164 -19.1819 43.7055 31.2985 19.1819 43.7055 31.2985 -19.1819 62.1055 19.8164 19.1819 62.1055 19.8164 -19.1819 62.1055 33.2723 19.1819 62.1055 33.2723 -14.9878 -4.4337 22.7676 -14.9878 2.52483 24.6948 14.9878 -4.4337 22.7676 14.9878 2.52483 24.6948 14.9878 -4.4337 -22.7676 14.9878 2.52483 -22.7676 -14.9878 -4.4337 -22.7676 -14.9878 2.52483 -22.7676 -14.9878 -4.4337 -11.3767 -14.9878 5.07321 -11.3767 14.9878 -4.4337 -11.3767 14.9878 5.07321 -11.3767 -14.9878 -4.4337 7.91964 -14.9878 5.07321 7.91964 14.9878 -4.4337 7.91964 14.9878 5.07321 7.91964 -14.9878 -4.4337 32.324 -14.9878 4.4337 32.324 14.9878 -4.4337 32.324 14.9878 4.4337 32.324 -14.9878 89.4693 25.8217 14.9878 89.4693 25.8217 -14.9878 89.4693 40.0363 14.9878 89.4693 40.0363 -14.9878 43.7055 21.7436 14.9878 43.7055 21.7436 -14.9878 43.7055 31.2985 14.9878 43.7055 31.2985 -14.9878 62.1055 21.7436 14.9878 62.1055 21.7436 -14.9878 62.1055 33.8086 14.9878 62.1055 33.8086</float_array>
                    <technique_common>
                        <accessor count="96" source="#ID119" stride="3">
                            <param name="X" type="float"/>
                            <param name="Y" type="float"/>
                            <param name="Z" type="float"/>
                        </accessor>
                    </technique_common>
                </source>
                <source id="ID120">
                    <float_array id="ID121" count="228">0 0 1 8.09914e-010 0.0130537 0.999915 1 0 -0 0 0 -1 -0.131704 0.605999 -0.784487 0.131704 0.605999 -0.784487 -1 0 -0 0.193277 0.969315 0.151898 0.203188 0.976161 0.0763227 -0.204135 0.975971 0.0762182 -0.195165 0.968964 0.151721 0 -1 -0 0.210927 0.971577 -0.107461 -0.210927 0.971577 -0.107461 -0.108975 0.764937 -0.63482 0.0421759 0.99911 -0 -0.0421759 0.99911 -0 0.108953 0.764935 -0.634825 -0.211966 0.0725207 -0.974583 0.211949 0.0725225 -0.974586 -0.732809 0.00244927 0.68043 -0.0157983 -0.0510701 0.99857 0.0158531 -0.0510984 0.998568 0.776544 -0.0802955 0.624925 0.765626 0.403658 0.500876 0.621618 0.591631 -0.513385 0.210261 -0.035421 -0.977003 0.206556 -0.0707416 -0.975874 -0.206229 -0.0707567 -0.975942 -0.210097 -0.0354298 -0.977038 -0.776774 -0.0790917 0.624793 -0.0444721 -0.175292 0.983511 0.0444977 -0.175322 0.983505 0.732911 0.0012468 0.680323 -0.621965 0.591426 -0.513201 -0.765986 0.403537 0.500423 -0.057342 -0.222236 0.973305 0.0572841 -0.222239 0.973308 0 0.0130537 0.999915 0 0.0130537 0.999915 0 0.0130537 0.999915 0 0.62517 -0.780488 0 0.62517 -0.780488 -0.131704 0.605999 -0.784487 0 0.985589 0.169158 -0.195165 0.9674 0.161391 -0.204213 0.975561 0.081107 0 0.996391 0.0848854 0 0.996391 0.0848855 0.203266 0.97575 0.0812108 0.193277 0.967751 0.161564 0 0.985589 0.169158 0 0.993951 -0.109826 -0.210927 0.971577 -0.107461 0.210927 0.971577 -0.107461 0 0.993951 -0.109826 0.0431238 0.767765 -0.639279 -0.133413 0.991061 -0 0.133413 0.991061 -0 -0.0435079 0.767753 -0.639267 -0.00747618 0.0777843 -0.996942 0.20833 0.0745674 -0.975212 -0.20861 0.0745622 -0.975152 0.00693651 0.0777864 -0.996946 0.0517079 -0.0228293 0.998401 -0.0515313 -0.021919 0.998431 0 -0.0374942 -0.999297 -0.210104 -0.036315 -0.977004 -0.206229 -0.0725223 -0.975812 0 -0.0749357 -0.997188 0.206556 -0.0725074 -0.975745 0.210267 -0.0363063 -0.97697 0.144778 -0.148552 0.978249 -0.145016 -0.147617 0.978356 0.18519 -0.22424 0.956776 -0.185981 -0.22416 0.956642</float_array>
                    <technique_common>
                        <accessor count="76" source="#ID121" stride="3">
                            <param name="X" type="float"/>
                            <param name="Y" type="float"/>
                            <param name="Z" type="float"/>
                        </accessor>
                    </technique_common>
                </source>
                <source id="ID122">
                    <float_array id="ID123" count="2">0 1</float_array>
                    <technique_common>
                        <accessor count="1" source="#ID123" stride="2">
                            <param name="S" type="float"/>
                            <param name="T" type="float"/>
                        </accessor>
                    </technique_common>
                </source>
                <vertices id="ID124">
                    <input semantic="POSITION" source="#ID118"/>
                </vertices>
                <polylist count="94" material="Material1">
                    <input offset="0" semantic="VERTEX" source="#ID124"/>
                    <input offset="1" semantic="NORMAL" source="#ID120"/>
                    <input offset="2" semantic="TEXCOORD" source="#ID122" set="0"/>
                    <vcount>4 4 4 4 4 4 4 4 4 4 4 4 4 4 4 4 4 4 4 4 4 4 4 4 4 4 4 4 4 4 4 4 4 4 4 4 4 4 4 4 4 4 4 4 4 4 4 4 4 4 4 4 4 4 4 4 4 4 4 4 4 4 4 4 4 4 4 4 4 4 4 4 4 4 4 4 4 4 4 4 4 4 4 4 4 4 4 4 4 4 4 4 4 4</vcount>
                    <p>82 0 0 83 1 0 81 1 0 80 0 0 10 2 0 4 2 0 5 2 0 11 2 0 70 3 0 71 5 0 69 4 0 68 3 0 12 6 0 0 6 0 1 6 0 13 6 0 67 10 0 79 9 0 77 8 0 65 7 0 68 11 0 74 11 0 72 11 0 70 11 0 11 2 0 15 2 0 14 2 0 10 2 0 9 6 0 7 6 0 6 6 0 8 6 0 75 13 0 69 4 0 71 5 0 73 12 0 74 11 0 78 11 0 76 11 0 72 11 0 13 6 0 9 6 0 8 6 0 12 6 0 79 9 0 75 13 0 73 12 0 77 8 0 15 2 0 3 2 0 2 2 0 14 2 0 78 11 0 66 11 0 64 11 0 76 11 0 66 11 0 82 11 0 80 11 0 64 11 0 3 2 0 19 2 0 18 2 0 2 2 0 84 17 0 86 16 0 87 15 0 85 14 0 0 6 0 16 6 0 17 6 0 1 6 0 92 19 0 84 17 0 85 14 0 93 18 0 17 6 0 26 20 0 24 6 0 1 6 0 83 1 0 91 22 0 90 21 0 81 1 0 29 2 0 21 25 0 23 24 0 31 23 0 89 29 0 67 28 0 65 27 0 88 26 0 26 20 0 30 30 0 28 6 0 24 6 0 91 22 0 95 32 0 94 31 0 90 21 0 27 33 0 19 2 0 3 2 0 25 2 0 93 18 0 89 29 0 88 26 0 92 19 0 31 23 0 27 33 0 25 2 0 29 2 0 30 30 0 22 35 0 20 34 0 28 6 0 95 32 0 87 37 0 86 36 0 94 31 0 19 39 0 51 38 0 50 0 0 18 0 0 16 0 0 48 0 0 49 40 0 17 40 0 7 41 0 39 5 0 38 3 0 6 3 0 4 3 0 36 3 0 37 43 0 5 42 0 15 47 0 47 46 0 35 45 0 3 44 0 1 51 0 33 50 0 45 49 0 13 48 0 10 11 0 42 11 0 36 11 0 4 11 0 6 11 0 38 11 0 40 11 0 8 11 0 5 42 0 37 43 0 43 53 0 11 52 0 9 55 0 41 54 0 39 5 0 7 41 0 14 11 0 46 11 0 42 11 0 10 11 0 8 11 0 40 11 0 44 11 0 12 11 0 11 52 0 43 53 0 47 46 0 15 47 0 13 48 0 45 49 0 41 54 0 9 55 0 2 11 0 34 11 0 46 11 0 14 11 0 12 11 0 44 11 0 32 11 0 0 11 0 18 11 0 50 11 0 34 11 0 2 11 0 0 11 0 32 11 0 48 11 0 16 11 0 22 35 0 54 57 0 52 56 0 20 34 0 21 25 0 53 59 0 55 58 0 23 24 0 20 34 0 52 56 0 60 61 0 28 60 0 29 63 0 61 62 0 53 59 0 21 25 0 27 33 0 59 64 0 51 38 0 19 39 0 17 40 0 49 40 0 58 65 0 26 20 0 3 69 0 35 68 0 57 67 0 25 66 0 24 66 0 56 71 0 33 70 0 1 69 0 31 23 0 63 72 0 59 64 0 27 33 0 26 20 0 58 65 0 62 73 0 30 30 0 25 66 0 57 67 0 61 62 0 29 63 0 28 60 0 60 61 0 56 71 0 24 66 0 23 24 0 55 74 0 63 72 0 31 23 0 30 30 0 62 73 0 54 75 0 22 35 0 51 38 0 83 1 0 82 0 0 50 0 0 48 0 0 80 0 0 81 1 0 49 40 0 39 5 0 71 5 0 70 3 0 38 3 0 36 3 0 68 3 0 69 4 0 37 43 0 47 46 0 79 9 0 67 10 0 35 45 0 33 50 0 65 7 0 77 8 0 45 49 0 42 11 0 74 11 0 68 11 0 36 11 0 38 11 0 70 11 0 72 11 0 40 11 0 37 43 0 69 4 0 75 13 0 43 53 0 41 54 0 73 12 0 71 5 0 39 5 0 46 11 0 78 11 0 74 11 0 42 11 0 40 11 0 72 11 0 76 11 0 44 11 0 43 53 0 75 13 0 79 9 0 47 46 0 45 49 0 77 8 0 73 12 0 41 54 0 34 11 0 66 11 0 78 11 0 46 11 0 44 11 0 76 11 0 64 11 0 32 11 0 50 11 0 82 11 0 66 11 0 34 11 0 32 11 0 64 11 0 80 11 0 48 11 0 54 57 0 86 16 0 84 17 0 52 56 0 53 59 0 85 14 0 87 15 0 55 58 0 52 56 0 84 17 0 92 19 0 60 61 0 61 62 0 93 18 0 85 14 0 53 59 0 59 64 0 91 22 0 83 1 0 51 38 0 49 40 0 81 1 0 90 21 0 58 65 0 35 68 0 67 28 0 89 29 0 57 67 0 56 71 0 88 26 0 65 27 0 33 70 0 63 72 0 95 32 0 91 22 0 59 64 0 58 65 0 90 21 0 94 31 0 62 73 0 57 67 0 89 29 0 93 18 0 61 62 0 60 61 0 92 19 0 88 26 0 56 71 0 55 74 0 87 37 0 95 32 0 63 72 0 62 73 0 94 31 0 86 36 0 54 75 0</p>
                </polylist>
            </mesh>
        </geometry>
        <geometry id="ID126">
            <mesh>
                <source id="ID127">
                    <float_array id="ID128" count="129">0 7.46697 -161.658 -68.8261 7.46697 -161.658 -43.1987 7.46697 -161.658 0 24.3091 -66.5209 -73.9726 18.5532 -99.0344 -76.6446 24.3091 -66.5209 -48.106 24.3091 -66.5209 -71.2771 12.7468 -131.834 68.8261 7.46697 -161.658 43.1987 7.46697 -161.658 73.9726 18.5532 -99.0344 76.6446 24.3091 -66.5209 48.106 24.3091 -66.5209 71.2771 12.7468 -131.834 -49.8532 15.2994 -99.9079 -51.6315 20.5585 -69.6995 -48.0268 9.83456 -130.772 -32.5927 20.4752 -69.6689 -46.3897 4.98077 -158.528 0 20.4752 -69.6689 -29.268 5.02869 -158.564 32.5927 20.4752 -69.6689 0 5.02869 -158.564 51.6315 20.5585 -69.6995 29.268 5.02869 -158.564 49.8532 15.2994 -99.9079 46.3897 4.98077 -158.528 48.0268 9.83456 -130.772 -49.5537 -13.1455 -99.8909 -51.3136 -11.8904 -69.9945 -47.7273 -12.1951 -130.755 -32.5926 -11.9783 -69.9633 -46.1067 -12.3883 -158.234 0 -11.982 -69.9626 -29.2677 -12.3322 -158.271 32.5926 -11.9783 -69.9633 0 -12.3299 -158.272 51.3136 -11.8904 -69.9945 29.2677 -12.3322 -158.271 49.5537 -13.1455 -99.8909 46.1067 -12.3883 -158.234 47.7273 -12.1951 -130.755 -3.40598e-007 -16.2622 -114.179</float_array>
                    <technique_common>
                        <accessor count="43" source="#ID128" stride="3">
                            <param name="X" type="float"/>
                            <param name="Y" type="float"/>
                            <param name="Z" type="float"/>
                        </accessor>
                    </technique_common>
                </source>
                <source id="ID129">
                    <float_array id="ID130" count="129">0.127066 0.978323 -0.163522 0.74918 0.658634 -0.0702219 0.412875 0.602471 -0.683054 0.0683109 0.867524 -0.492682 0.129297 0.978033 -0.163504 0.749007 0.658844 -0.0700966 0.000993309 0.345548 -0.9384 0.00102562 0.641602 -0.767037 0.0712907 0.965245 0.251434 0.433681 0.688124 0.581726 1.25957e-009 0.341271 -0.939965 1.4746e-009 0.634589 -0.77285 -0.000225379 0.784391 0.620266 0.000453911 0.443306 0.89637 -0.000985707 0.344588 -0.938754 -0.00101198 0.640026 -0.768352 0 0.78549 0.618874 3.13375e-010 0.444086 0.895984 -0.41287 0.601329 -0.684063 -0.0683461 0.866505 -0.494468 0.000220603 0.784118 0.620612 -0.000456498 0.443108 0.896468 -0.749156 0.658647 -0.0703454 -0.127005 0.978333 -0.163505 -0.0712861 0.965133 0.251865 -0.433702 0.687951 0.581916 -0.748978 0.658857 -0.0702893 -0.129216 0.978047 -0.163483 0.724156 0.688571 0.03832 0.420201 0.800573 -0.427216 0.728535 0.683153 0.0503797 0.00223203 0.676165 -0.736747 0.421943 0.788928 0.446718 6.01904e-010 0.675526 -0.737336 -0.000369545 0.680796 0.732473 -0.00223203 0.676165 -0.736747 3.80742e-010 0.681152 0.732142 -0.420198 0.80056 -0.427244 0.000369556 0.680796 0.732473 -0.724165 0.688569 0.0381826 -0.421973 0.788964 0.446626 -0.728552 0.68315 0.0501709 -5.34175e-010 0.999998 -0.00221045</float_array>
                    <technique_common>
                        <accessor count="43" source="#ID130" stride="3">
                            <param name="X" type="float"/>
                            <param name="Y" type="float"/>
                            <param name="Z" type="float"/>
                        </accessor>
                    </technique_common>
                </source>
                <source id="ID131">
                    <float_array id="ID132" count="2">0 1</float_array>
                    <technique_common>
                        <accessor count="1" source="#ID132" stride="2">
                            <param name="S" type="float"/>
                            <param name="T" type="float"/>
                        </accessor>
                    </technique_common>
                </source>
                <vertices id="ID133">
                    <input semantic="POSITION" source="#ID127"/>
                </vertices>
                <polylist count="42" material="Material1">
                    <input offset="0" semantic="VERTEX" source="#ID133"/>
                    <input offset="1" semantic="NORMAL" source="#ID129"/>
                    <input offset="2" semantic="TEXCOORD" source="#ID131" set="0"/>
                    <vcount>4 4 4 4 4 4 4 4 4 4 4 4 4 4 4 4 4 4 4 4 4 4 4 4 4 4 4 4 3 3 3 3 3 3 3 3 3 3 3 3 3 3</vcount>
                    <p>5 3 0 15 2 0 14 1 0 4 0 0 4 0 0 14 1 0 16 5 0 7 4 0 6 7 0 17 6 0 15 2 0 5 3 0 7 4 0 16 5 0 18 9 0 1 8 0 3 11 0 19 10 0 17 6 0 6 7 0 1 8 0 18 9 0 20 13 0 2 12 0 12 15 0 21 14 0 19 10 0 3 11 0 2 12 0 20 13 0 22 17 0 0 16 0 11 19 0 23 18 0 21 14 0 12 15 0 0 16 0 22 17 0 24 21 0 9 20 0 10 23 0 25 22 0 23 18 0 11 19 0 9 20 0 24 21 0 26 25 0 8 24 0 13 27 0 27 26 0 25 22 0 10 23 0 8 24 0 26 25 0 27 26 0 13 27 0 15 2 0 29 29 0 28 28 0 14 1 0 14 1 0 28 28 0 30 30 0 16 5 0 17 6 0 31 31 0 29 29 0 15 2 0 16 5 0 30 30 0 32 32 0 18 9 0 19 10 0 33 33 0 31 31 0 17 6 0 18 9 0 32 32 0 34 34 0 20 13 0 21 14 0 35 35 0 33 33 0 19 10 0 20 13 0 34 34 0 36 36 0 22 17 0 23 18 0 37 37 0 35 35 0 21 14 0 22 17 0 36 36 0 38 38 0 24 21 0 25 22 0 39 39 0 37 37 0 23 18 0 24 21 0 38 38 0 40 40 0 26 25 0 27 26 0 41 41 0 39 39 0 25 22 0 26 25 0 40 40 0 41 41 0 27 26 0 29 29 0 42 42 0 28 28 0 28 28 0 42 42 0 30 30 0 31 31 0 42 42 0 29 29 0 30 30 0 42 42 0 32 32 0 33 33 0 42 42 0 31 31 0 32 32 0 42 42 0 34 34 0 35 35 0 42 42 0 33 33 0 34 34 0 42 42 0 36 36 0 37 37 0 42 42 0 35 35 0 36 36 0 42 42 0 38 38 0 39 39 0 42 42 0 37 37 0 38 38 0 42 42 0 40 40 0 41 41 0 42 42 0 39 39 0 40 40 0 42 42 0 41 41 0</p>
                </polylist>
            </mesh>
        </geometry>
        <geometry id="ID136">
            <mesh>
                <source id="ID137">
                    <float_array id="ID138" count="60">-3.48444 27.1677 3.95623 0.103912 -11.7708 106.666 0.103912 -12.3385 0.149632 -31.33 136.105 19.8942 -0.307243 27.731 106.264 -0.0820007 24.0841 0.266415 -31.33 136.105 75.9625 -33.4467 133.727 21.3867 -33.459 133.705 74.5947 -3.54718 30.5859 102.605 -0.864105 27.8376 3.89309 -2.596 -11.792 106.663 -2.596 -12.3598 0.14719 -33.9239 135.356 19.9739 -2.97083 27.2821 106.191 -2.74833 23.653 0.323868 -33.9163 135.33 75.8479 -30.8522 134.474 21.3285 -30.8688 134.469 74.666 -0.929649 31.2738 102.672</float_array>
                    <technique_common>
                        <accessor count="20" source="#ID138" stride="3">
                            <param name="X" type="float"/>
                            <param name="Y" type="float"/>
                            <param name="Z" type="float"/>
                        </accessor>
                    </technique_common>
                </source>
                <source id="ID139">
                    <float_array id="ID140" count="90">-0.602927 -0.689117 -0.401991 -0.628839 -0.659769 0.411418 -0.960762 -0.27643 0.0228667 -0.958178 -0.28449 -0.0309946 -0.894152 0.150496 0.421715 -0.987248 -0.158294 0.0168323 -0.887678 0.106136 -0.448065 -0.986302 -0.163812 -0.0193201 -0.999976 -0.00692179 -0.000874728 -0.0150227 0.0109673 0.999827 -0.0536142 0.128652 0.990239 0.794173 0.209646 0.570384 0.599994 0.690716 0.40363 0.626493 0.662621 -0.410415 0.960668 0.276667 -0.0239446 0.957835 0.285128 0.0354048 0.802384 0.177485 -0.569807 0.971931 0.233754 -0.026651 0.969637 0.242341 0.0327723 0.99997 0.00775274 0.000947039 0.00786218 -0.999955 0.00532973 -0.235442 0.758085 0.608173 -0.224646 0.73021 -0.645234 -0.0358337 0.080336 -0.996123 -0.0107211 0.00401082 -0.999935 0.0914802 -0.236125 -0.967407 0.234551 -0.755802 -0.61135 -0.250758 0.967461 -0.0337521 0.224869 -0.726303 0.649552 0.0621049 -0.144051 0.98762</float_array>
                    <technique_common>
                        <accessor count="30" source="#ID140" stride="3">
                            <param name="X" type="float"/>
                            <param name="Y" type="float"/>
                            <param name="Z" type="float"/>
                        </accessor>
                    </technique_common>
                </source>
                <source id="ID141">
                    <float_array id="ID142" count="2">0 1</float_array>
                    <technique_common>
                        <accessor count="1" source="#ID142" stride="2">
                            <param name="S" type="float"/>
                            <param name="T" type="float"/>
                        </accessor>
                    </technique_common>
                </source>
                <vertices id="ID143">
                    <input semantic="POSITION" source="#ID137"/>
                </vertices>
                <polylist count="20" material="Material1">
                    <input offset="0" semantic="VERTEX" source="#ID143"/>
                    <input offset="1" semantic="NORMAL" source="#ID139"/>
                    <input offset="2" semantic="TEXCOORD" source="#ID141" set="0"/>
                    <vcount>4 4 4 4 4 4 4 4 4 4 4 4 4 4 4 4 4 4 4 4</vcount>
                    <p>16 3 0 13 2 0 7 1 0 8 0 0 13 2 0 15 5 0 0 4 0 7 1 0 14 7 0 16 3 0 8 0 0 9 6 0 12 8 0 11 8 0 14 7 0 15 5 0 4 11 0 14 10 0 11 9 0 1 9 0 15 5 0 14 7 0 9 6 0 0 4 0 18 15 0 17 14 0 3 13 0 6 12 0 17 14 0 10 17 0 5 16 0 3 13 0 19 18 0 18 15 0 6 12 0 4 11 0 5 16 0 4 11 0 1 19 0 2 19 0 1 20 0 11 20 0 12 20 0 2 20 0 10 17 0 19 18 0 4 11 0 5 16 0 3 13 0 13 22 0 16 21 0 6 12 0 5 16 0 15 23 0 13 22 0 3 13 0 6 12 0 16 21 0 14 10 0 4 11 0 2 24 0 12 24 0 15 23 0 5 16 0 18 26 0 19 25 0 9 6 0 8 0 0 0 4 0 9 6 0 19 27 0 10 27 0 17 28 0 18 26 0 8 0 0 7 1 0 10 29 0 17 28 0 7 1 0 0 4 0</p>
                </polylist>
            </mesh>
        </geometry>
        <geometry id="ID145">
            <mesh>
                <source id="ID146">
                    <float_array id="ID147" count="24">-2.79314 -2.79314 8.79419 -2.79314 2.79314 8.79419 2.79314 -2.79314 8.79419 2.79314 2.79314 8.79419 2.79314 -2.79314 -8.79419 2.79314 2.79314 -8.79419 -2.79314 -2.79314 -8.79419 -2.79314 2.79314 -8.79419</float_array>
                    <technique_common>
                        <accessor count="8" source="#ID147" stride="3">
                            <param name="X" type="float"/>
                            <param name="Y" type="float"/>
                            <param name="Z" type="float"/>
                        </accessor>
                    </technique_common>
                </source>
                <source id="ID148">
                    <float_array id="ID149" count="18">0 0 1 1 0 -0 0 0 -1 -1 0 -0 0 1 -0 0 -1 -0</float_array>
                    <technique_common>
                        <accessor count="6" source="#ID149" stride="3">
                            <param name="X" type="float"/>
                            <param name="Y" type="float"/>
                            <param name="Z" type="float"/>
                        </accessor>
                    </technique_common>
                </source>
                <source id="ID150">
                    <float_array id="ID151" count="2">0 1</float_array>
                    <technique_common>
                        <accessor count="1" source="#ID151" stride="2">
                            <param name="S" type="float"/>
                            <param name="T" type="float"/>
                        </accessor>
                    </technique_common>
                </source>
                <vertices id="ID152">
                    <input semantic="POSITION" source="#ID146"/>
                </vertices>
                <polylist count="6" material="Material1">
                    <input offset="0" semantic="VERTEX" source="#ID152"/>
                    <input offset="1" semantic="NORMAL" source="#ID148"/>
                    <input offset="2" semantic="TEXCOORD" source="#ID150" set="0"/>
                    <vcount>4 4 4 4 4 4</vcount>
                    <p>2 0 0 3 0 0 1 0 0 0 0 0 4 1 0 5 1 0 3 1 0 2 1 0 6 2 0 7 2 0 5 2 0 4 2 0 0 3 0 1 3 0 7 3 0 6 3 0 3 4 0 5 4 0 7 4 0 1 4 0 4 5 0 2 5 0 0 5 0 6 5 0</p>
                </polylist>
            </mesh>
        </geometry>
        <geometry id="ID154">
            <mesh>
                <source id="ID155">
                    <float_array id="ID156" count="48">181.384 -7.24617 0.902248 185.87 4.61972 3.23244 155.461 -9.80035 -1.41378 149.889 10.0945 1.78849 155.397 -9.57171 -3.39469 149.825 10.3232 -0.192413 181.364 -7.20735 0.289151 185.85 4.65854 2.61934 180.577 -6.37262 1.00913 184.414 3.87273 3.01089 160.401 -8.37903 -0.813912 155.465 8.31896 1.84257 180.505 -6.28074 0.449606 184.277 3.7942 2.41697 160.473 -8.2727 -1.36084 155.604 8.198 1.26037</float_array>
                    <technique_common>
                        <accessor count="16" source="#ID156" stride="3">
                            <param name="X" type="float"/>
                            <param name="Y" type="float"/>
                            <param name="Z" type="float"/>
                        </accessor>
                    </technique_common>
                </source>
                <source id="ID157">
                    <float_array id="ID158" count="60">-0.539373 0.542723 0.643839 0.412151 0.566818 0.713337 0.414594 -0.509232 0.754185 -0.596036 -0.427671 0.679587 -0.373812 -0.605239 0.702816 -0.561775 -0.825101 -0.0601403 -0.962953 -0.26967 -5.77511e-006 -0.46975 -0.265764 0.841846 0.115838 0.165977 -0.979302 0.581499 -0.586501 -0.563805 0.694298 0.466556 -0.547974 0.177961 0.776592 -0.604347 0.345434 -0.636325 0.689758 0.937456 -0.344187 -0.052076 0.148024 0.985475 0.0832387 0.272255 0.341748 0.899492 -0.425856 0.343025 0.837246 0.252093 -0.407869 0.877549 -0.0628519 -0.172156 0.983063 -0.435423 -0.359258 0.825434</float_array>
                    <technique_common>
                        <accessor count="20" source="#ID158" stride="3">
                            <param name="X" type="float"/>
                            <param name="Y" type="float"/>
                            <param name="Z" type="float"/>
                        </accessor>
                    </technique_common>
                </source>
                <source id="ID159">
                    <float_array id="ID160" count="2">0 1</float_array>
                    <technique_common>
                        <accessor count="1" source="#ID160" stride="2">
                            <param name="S" type="float"/>
                            <param name="T" type="float"/>
                        </accessor>
                    </technique_common>
                </source>
                <vertices id="ID161">
                    <input semantic="POSITION" source="#ID155"/>
                </vertices>
                <polylist count="14" material="Material1">
                    <input offset="0" semantic="VERTEX" source="#ID161"/>
                    <input offset="1" semantic="NORMAL" source="#ID157"/>
                    <input offset="2" semantic="TEXCOORD" source="#ID159" set="0"/>
                    <vcount>4 4 4 4 4 4 4 4 4 4 4 4 4 4</vcount>
                    <p>13 3 0 15 2 0 14 1 0 12 0 0 3 7 0 5 6 0 4 5 0 2 4 0 5 11 0 7 10 0 6 9 0 4 8 0 7 10 0 1 13 0 0 12 0 6 9 0 7 10 0 5 11 0 3 14 0 1 14 0 0 12 0 2 4 0 4 5 0 6 9 0 8 16 0 10 15 0 2 4 0 0 12 0 10 15 0 11 17 0 3 7 0 2 4 0 11 17 0 9 19 0 1 18 0 3 7 0 9 19 0 8 16 0 0 12 0 1 18 0 12 0 0 14 1 0 10 15 0 8 16 0 14 1 0 15 2 0 11 17 0 10 15 0 15 2 0 13 3 0 9 19 0 11 17 0 13 3 0 12 0 0 8 16 0 9 19 0</p>
                </polylist>
            </mesh>
        </geometry>
        <geometry id="ID163">
            <mesh>
                <source id="ID164">
                    <float_array id="ID165" count="12">25.0576 2.14058 0.449548 28.8303 12.2155 2.41692 5.02627 0.148634 -1.3609 0.156886 16.6193 1.26032</float_array>
                    <technique_common>
                        <accessor count="4" source="#ID165" stride="3">
                            <param name="X" type="float"/>
                            <param name="Y" type="float"/>
                            <param name="Z" type="float"/>
                        </accessor>
                    </technique_common>
                </source>
                <source id="ID166">
                    <float_array id="ID167" count="3">-0.0682569 -0.172415 0.982657</float_array>
                    <technique_common>
                        <accessor count="1" source="#ID167" stride="3">
                            <param name="X" type="float"/>
                            <param name="Y" type="float"/>
                            <param name="Z" type="float"/>
                        </accessor>
                    </technique_common>
                </source>
                <source id="ID168">
                    <float_array id="ID169" count="2">0 1</float_array>
                    <technique_common>
                        <accessor count="1" source="#ID169" stride="2">
                            <param name="S" type="float"/>
                            <param name="T" type="float"/>
                        </accessor>
                    </technique_common>
                </source>
                <vertices id="ID170">
                    <input semantic="POSITION" source="#ID164"/>
                </vertices>
                <polylist count="1" material="Material1">
                    <input offset="0" semantic="VERTEX" source="#ID170"/>
                    <input offset="1" semantic="NORMAL" source="#ID166"/>
                    <input offset="2" semantic="TEXCOORD" source="#ID168" set="0"/>
                    <vcount>4</vcount>
                    <p>1 0 0 3 0 0 2 0 0 0 0 0</p>
                </polylist>
            </mesh>
        </geometry>
        <geometry id="ID172">
            <mesh>
                <source id="ID173">
                    <float_array id="ID174" count="24">78.741 27.39 -50.7948 48.7788 133.95 -33.3643 48.7665 133.927 19.8437 78.6783 30.8082 47.8544 80.2335 27.7381 -50.8513 50.2454 134.374 -33.4159 50.2288 134.37 19.9216 80.1679 31.1744 47.9277</float_array>
                    <technique_common>
                        <accessor count="8" source="#ID174" stride="3">
                            <param name="X" type="float"/>
                            <param name="Y" type="float"/>
                            <param name="Z" type="float"/>
                        </accessor>
                    </technique_common>
                </source>
                <source id="ID175">
                    <float_array id="ID176" count="30">-0.713325 0.480647 0.510045 -0.507612 -0.612455 0.605994 -0.482466 -0.664327 -0.570874 -0.716429 0.448972 -0.533998 0.961325 0.275383 -0.00425069 -0.234655 0.723421 -0.649307 -0.250449 0.751051 0.610899 -0.0728747 0.140975 -0.987327 -0.112511 0.229833 0.966705 0.232608 -0.97198 0.0338972</float_array>
                    <technique_common>
                        <accessor count="10" source="#ID176" stride="3">
                            <param name="X" type="float"/>
                            <param name="Y" type="float"/>
                            <param name="Z" type="float"/>
                        </accessor>
                    </technique_common>
                </source>
                <source id="ID177">
                    <float_array id="ID178" count="2">0 1</float_array>
                    <technique_common>
                        <accessor count="1" source="#ID178" stride="2">
                            <param name="S" type="float"/>
                            <param name="T" type="float"/>
                        </accessor>
                    </technique_common>
                </source>
                <vertices id="ID179">
                    <input semantic="POSITION" source="#ID173"/>
                </vertices>
                <polylist count="6" material="Material1">
                    <input offset="0" semantic="VERTEX" source="#ID179"/>
                    <input offset="1" semantic="NORMAL" source="#ID175"/>
                    <input offset="2" semantic="TEXCOORD" source="#ID177" set="0"/>
                    <vcount>4 4 4 4 4 4</vcount>
                    <p>1 3 0 0 2 0 3 1 0 2 0 0 6 4 0 7 4 0 4 4 0 5 4 0 1 3 0 2 0 0 6 6 0 5 5 0 0 2 0 1 3 0 5 5 0 4 7 0 7 8 0 6 6 0 2 0 0 3 1 0 4 9 0 7 9 0 3 1 0 0 2 0</p>
                </polylist>
            </mesh>
        </geometry>
        <geometry id="ID181">
            <mesh>
                <source id="ID182">
                    <float_array id="ID183" count="60">3.48436 27.1677 3.95623 -0.103989 -11.7708 106.666 -0.103989 -12.3385 0.149632 31.3299 136.105 19.8942 0.307167 27.731 106.264 0.0819244 24.0841 0.266415 31.3299 136.105 75.9625 33.4469 133.727 21.3867 33.4584 133.705 74.5947 3.5471 30.5859 102.605 0.864029 27.8376 3.89309 2.59592 -11.792 106.663 2.59592 -12.3598 0.14719 33.9238 135.356 19.9739 2.97075 27.2821 106.191 2.74825 23.653 0.323868 33.9162 135.33 75.8479 30.8521 134.474 21.3285 30.8687 134.469 74.666 0.929573 31.2738 102.672</float_array>
                    <technique_common>
                        <accessor count="20" source="#ID183" stride="3">
                            <param name="X" type="float"/>
                            <param name="Y" type="float"/>
                            <param name="Z" type="float"/>
                        </accessor>
                    </technique_common>
                </source>
                <source id="ID184">
                    <float_array id="ID185" count="90">0.999976 -0.00692179 -0.000874728 0.986299 -0.163824 -0.0193702 0.98725 -0.15829 0.0168043 -0.599986 0.69072 0.403636 0.23547 0.758076 0.608174 0.0537227 0.128646 0.990234 -0.794152 0.209653 0.570411 0.894165 0.150502 0.421684 0.62884 -0.659788 0.411388 0.960757 -0.276451 0.0228286 0.958162 -0.284534 -0.0310655 0.602892 -0.689124 -0.402031 0.887653 0.10612 -0.448119 -0.99997 0.00775274 0.000947039 -0.8024 0.177479 -0.569785 -0.626503 0.662616 -0.410407 0.224611 0.730221 -0.645234 -0.960668 0.276667 -0.0239446 -0.971931 0.233754 -0.026651 -0.969637 0.242341 0.0327723 -0.957835 0.285128 0.0354048 -0.00786219 -0.999955 0.00532973 0.0151779 0.0109769 0.999825 0.0105891 0.00400157 -0.999936 0.0357492 0.0803378 -0.996126 0.250762 0.96746 -0.0337521 -0.234548 -0.755803 -0.61135 -0.0914827 -0.236124 -0.967407 -0.224864 -0.726305 0.649552 -0.0621043 -0.144051 0.98762</float_array>
                    <technique_common>
                        <accessor count="30" source="#ID185" stride="3">
                            <param name="X" type="float"/>
                            <param name="Y" type="float"/>
                            <param name="Z" type="float"/>
                        </accessor>
                    </technique_common>
                </source>
                <source id="ID186">
                    <float_array id="ID187" count="2">0 1</float_array>
                    <technique_common>
                        <accessor count="1" source="#ID187" stride="2">
                            <param name="S" type="float"/>
                            <param name="T" type="float"/>
                        </accessor>
                    </technique_common>
                </source>
                <vertices id="ID188">
                    <input semantic="POSITION" source="#ID182"/>
                </vertices>
                <polylist count="20" material="Material1">
                    <input offset="0" semantic="VERTEX" source="#ID188"/>
                    <input offset="1" semantic="NORMAL" source="#ID184"/>
                    <input offset="2" semantic="TEXCOORD" source="#ID186" set="0"/>
                    <vcount>4 4 4 4 4 4 4 4 4 4 4 4 4 4 4 4 4 4 4 4</vcount>
                    <p>12 0 0 15 2 0 14 1 0 11 0 0 4 6 0 14 5 0 16 4 0 6 3 0 13 9 0 7 8 0 0 7 0 15 2 0 14 1 0 9 12 0 8 11 0 16 10 0 15 2 0 0 7 0 9 12 0 14 1 0 16 10 0 8 11 0 7 8 0 13 9 0 1 13 0 4 6 0 5 14 0 2 13 0 6 3 0 16 4 0 13 16 0 3 15 0 5 14 0 10 18 0 17 17 0 3 15 0 6 3 0 18 20 0 19 19 0 4 6 0 4 6 0 19 19 0 10 18 0 5 14 0 3 15 0 17 17 0 18 20 0 6 3 0 2 21 0 12 21 0 11 21 0 1 21 0 1 22 0 11 22 0 14 5 0 4 6 0 5 14 0 15 24 0 12 23 0 2 23 0 3 15 0 13 16 0 15 24 0 5 14 0 10 25 0 19 25 0 9 12 0 0 7 0 19 27 0 18 26 0 8 11 0 9 12 0 18 26 0 17 28 0 7 8 0 8 11 0 17 28 0 10 29 0 0 7 0 7 8 0</p>
                </polylist>
            </mesh>
        </geometry>
        <geometry id="ID190">
            <mesh>
                <source id="ID191">
                    <float_array id="ID192" count="24">-2.79314 -2.79314 8.79419 -2.79314 2.79314 8.79419 2.79314 -2.79314 8.79419 2.79314 2.79314 8.79419 2.79314 -2.79314 -8.79419 2.79314 2.79314 -8.79419 -2.79314 -2.79314 -8.79419 -2.79314 2.79314 -8.79419</float_array>
                    <technique_common>
                        <accessor count="8" source="#ID192" stride="3">
                            <param name="X" type="float"/>
                            <param name="Y" type="float"/>
                            <param name="Z" type="float"/>
                        </accessor>
                    </technique_common>
                </source>
                <source id="ID193">
                    <float_array id="ID194" count="18">0 0 1 1 0 -0 0 0 -1 -1 0 -0 0 1 -0 0 -1 -0</float_array>
                    <technique_common>
                        <accessor count="6" source="#ID194" stride="3">
                            <param name="X" type="float"/>
                            <param name="Y" type="float"/>
                            <param name="Z" type="float"/>
                        </accessor>
                    </technique_common>
                </source>
                <source id="ID195">
                    <float_array id="ID196" count="2">0 1</float_array>
                    <technique_common>
                        <accessor count="1" source="#ID196" stride="2">
                            <param name="S" type="float"/>
                            <param name="T" type="float"/>
                        </accessor>
                    </technique_common>
                </source>
                <vertices id="ID197">
                    <input semantic="POSITION" source="#ID191"/>
                </vertices>
                <polylist count="6" material="Material1">
                    <input offset="0" semantic="VERTEX" source="#ID197"/>
                    <input offset="1" semantic="NORMAL" source="#ID193"/>
                    <input offset="2" semantic="TEXCOORD" source="#ID195" set="0"/>
                    <vcount>4 4 4 4 4 4</vcount>
                    <p>2 0 0 3 0 0 1 0 0 0 0 0 4 1 0 5 1 0 3 1 0 2 1 0 6 2 0 7 2 0 5 2 0 4 2 0 0 3 0 1 3 0 7 3 0 6 3 0 3 4 0 5 4 0 7 4 0 1 4 0 4 5 0 2 5 0 0 5 0 6 5 0</p>
                </polylist>
            </mesh>
        </geometry>
        <geometry id="ID199">
            <mesh>
                <source id="ID200">
                    <float_array id="ID201" count="48">-29.3174 -7.24621 0.902233 -33.8034 4.61969 3.23242 -3.39414 -9.80037 -1.41379 2.17732 10.0945 1.78848 -3.33011 -9.57174 -3.3947 2.24135 10.3231 -0.192422 -29.2976 -7.20739 0.289136 -33.7836 4.6585 2.61933 -28.5103 -6.37265 1.00912 -32.3468 3.87269 3.01088 -8.3344 -8.37906 -0.81392 -3.39791 8.31893 1.84256 -28.4379 -6.28077 0.449588 -32.2107 3.79415 2.41696 -8.40659 -8.27273 -1.36085 -3.53719 8.19798 1.26036</float_array>
                    <technique_common>
                        <accessor count="16" source="#ID201" stride="3">
                            <param name="X" type="float"/>
                            <param name="Y" type="float"/>
                            <param name="Z" type="float"/>
                        </accessor>
                    </technique_common>
                </source>
                <source id="ID202">
                    <float_array id="ID203" count="60">0.539372 0.542723 0.64384 0.596038 -0.427669 0.679587 -0.414596 -0.509231 0.754184 -0.41215 0.566817 0.713338 0.373811 -0.605238 0.702817 0.469749 -0.265763 0.841847 0.962953 -0.26967 5.13311e-007 0.561775 -0.825101 -0.0601353 -0.115838 0.165976 -0.979303 -0.177961 0.776591 -0.604348 -0.694294 0.466554 -0.54798 -0.581497 -0.586498 -0.56381 -0.937456 -0.344184 -0.0520903 -0.345436 -0.636327 0.689755 -0.148025 0.985475 0.0832371 0.425855 0.343024 0.837247 -0.272255 0.341747 0.899492 -0.252093 -0.407868 0.877549 0.435423 -0.359257 0.825434 0.06285 -0.172157 0.983063</float_array>
                    <technique_common>
                        <accessor count="20" source="#ID203" stride="3">
                            <param name="X" type="float"/>
                            <param name="Y" type="float"/>
                            <param name="Z" type="float"/>
                        </accessor>
                    </technique_common>
                </source>
                <source id="ID204">
                    <float_array id="ID205" count="2">0 1</float_array>
                    <technique_common>
                        <accessor count="1" source="#ID205" stride="2">
                            <param name="S" type="float"/>
                            <param name="T" type="float"/>
                        </accessor>
                    </technique_common>
                </source>
                <vertices id="ID206">
                    <input semantic="POSITION" source="#ID200"/>
                </vertices>
                <polylist count="14" material="Material1">
                    <input offset="0" semantic="VERTEX" source="#ID206"/>
                    <input offset="1" semantic="NORMAL" source="#ID202"/>
                    <input offset="2" semantic="TEXCOORD" source="#ID204" set="0"/>
                    <vcount>4 4 4 4 4 4 4 4 4 4 4 4 4 4</vcount>
                    <p>14 3 0 15 2 0 13 1 0 12 0 0 4 7 0 5 6 0 3 5 0 2 4 0 6 11 0 7 10 0 5 9 0 4 8 0 0 13 0 1 12 0 7 10 0 6 11 0 3 14 0 5 9 0 7 10 0 1 14 0 4 7 0 2 4 0 0 13 0 6 11 0 2 4 0 10 16 0 8 15 0 0 13 0 3 5 0 11 17 0 10 16 0 2 4 0 1 19 0 9 18 0 11 17 0 3 5 0 0 13 0 8 15 0 9 18 0 1 19 0 10 16 0 14 3 0 12 0 0 8 15 0 11 17 0 15 2 0 14 3 0 10 16 0 9 18 0 13 1 0 15 2 0 11 17 0 8 15 0 12 0 0 13 1 0 9 18 0</p>
                </polylist>
            </mesh>
        </geometry>
        <geometry id="ID208">
            <mesh>
                <source id="ID209">
                    <float_array id="ID210" count="12">-28.4379 -6.28076 0.4496 -32.2107 3.79417 2.41698 -8.40659 -8.27272 -1.36084 -3.53718 8.19798 1.26037</float_array>
                    <technique_common>
                        <accessor count="4" source="#ID210" stride="3">
                            <param name="X" type="float"/>
                            <param name="Y" type="float"/>
                            <param name="Z" type="float"/>
                        </accessor>
                    </technique_common>
                </source>
                <source id="ID211">
                    <float_array id="ID212" count="3">0.0682567 -0.172415 0.982657</float_array>
                    <technique_common>
                        <accessor count="1" source="#ID212" stride="3">
                            <param name="X" type="float"/>
                            <param name="Y" type="float"/>
                            <param name="Z" type="float"/>
                        </accessor>
                    </technique_common>
                </source>
                <source id="ID213">
                    <float_array id="ID214" count="2">0 1</float_array>
                    <technique_common>
                        <accessor count="1" source="#ID214" stride="2">
                            <param name="S" type="float"/>
                            <param name="T" type="float"/>
                        </accessor>
                    </technique_common>
                </source>
                <vertices id="ID215">
                    <input semantic="POSITION" source="#ID209"/>
                </vertices>
                <polylist count="1" material="Material1">
                    <input offset="0" semantic="VERTEX" source="#ID215"/>
                    <input offset="1" semantic="NORMAL" source="#ID211"/>
                    <input offset="2" semantic="TEXCOORD" source="#ID213" set="0"/>
                    <vcount>4</vcount>
                    <p>2 0 0 3 0 0 1 0 0 0 0 0</p>
                </polylist>
            </mesh>
        </geometry>
        <geometry id="ID217">
            <mesh>
                <source id="ID218">
                    <float_array id="ID219" count="24">-78.6294 27.3582 -50.7941 -48.667 133.918 -33.3636 -48.6554 133.895 19.8444 -78.5667 30.7764 47.855 -80.0075 27.6737 -50.8499 -50.0194 134.31 -33.4145 -50.0028 134.305 19.923 -79.9419 31.1099 47.9291</float_array>
                    <technique_common>
                        <accessor count="8" source="#ID219" stride="3">
                            <param name="X" type="float"/>
                            <param name="Y" type="float"/>
                            <param name="Z" type="float"/>
                        </accessor>
                    </technique_common>
                </source>
                <source id="ID220">
                    <float_array id="ID221" count="30">-0.961325 0.275383 -0.00425077 0.484796 -0.663748 -0.569572 0.51065 -0.611842 0.604058 0.714887 0.479191 0.509227 0.717361 0.448108 -0.533472 0.253546 0.750112 0.610775 0.236565 0.722852 -0.649248 0.0749636 0.140376 -0.987256 0.116593 0.228597 0.966514 -0.229071 -0.972819 0.033924</float_array>
                    <technique_common>
                        <accessor count="10" source="#ID221" stride="3">
                            <param name="X" type="float"/>
                            <param name="Y" type="float"/>
                            <param name="Z" type="float"/>
                        </accessor>
                    </technique_common>
                </source>
                <source id="ID222">
                    <float_array id="ID223" count="2">0 1</float_array>
                    <technique_common>
                        <accessor count="1" source="#ID223" stride="2">
                            <param name="S" type="float"/>
                            <param name="T" type="float"/>
                        </accessor>
                    </technique_common>
                </source>
                <vertices id="ID224">
                    <input semantic="POSITION" source="#ID218"/>
                </vertices>
                <polylist count="6" material="Material1">
                    <input offset="0" semantic="VERTEX" source="#ID224"/>
                    <input offset="1" semantic="NORMAL" source="#ID220"/>
                    <input offset="2" semantic="TEXCOORD" source="#ID222" set="0"/>
                    <vcount>4 4 4 4 4 4</vcount>
                    <p>4 0 0 7 0 0 6 0 0 5 0 0 1 4 0 2 3 0 3 2 0 0 1 0 5 6 0 6 5 0 2 3 0 1 4 0 4 7 0 5 6 0 1 4 0 0 1 0 6 5 0 7 8 0 3 2 0 2 3 0 7 9 0 4 9 0 0 1 0 3 2 0</p>
                </polylist>
            </mesh>
        </geometry>
        <geometry id="ID226">
            <mesh>
                <source id="ID227">
                    <float_array id="ID228" count="168">0 -110.992 105.838 0 -131.838 106.376 6.76206e-016 -101.975 100.393 -48.4803 -110.606 107.357 0 -0.0325165 0.0606728 -47.9368 -101.975 100.393 -29.7933 -0.0325165 0.0606728 0 -1.23155 1.26579 0 -99.8428 100.377 -76.3752 -101.042 101.582 -77.241 -110.606 107.357 -47.468 -0.0325165 0.0606728 -46.0769 -1.23155 1.26579 -48.4803 -131.838 106.376 -47.9368 -99.8428 100.377 -74.2977 -99.8428 100.377 -29.7933 -1.23155 1.26579 48.4803 -110.606 107.357 47.9368 -101.975 100.393 29.7933 -0.0325165 0.0606728 76.3752 -101.042 101.582 77.241 -110.606 107.357 47.468 -0.0325165 0.0606728 46.0769 -1.23155 1.26579 48.4803 -131.838 106.376 47.9368 -99.8428 100.377 74.2977 -99.8428 100.377 29.7933 -1.23155 1.26579 0 -110.606 107.357 0 -131.769 104.878 0 -101.042 101.582 -48.4803 -111.13 105.921 0 -1.09586 -0.997303 -47.9368 -101.042 101.582 -29.7933 -1.09586 -0.997303 0 -2.29489 0.207813 0 -100.906 99.3188 -76.3752 -102.019 100.437 -77.241 -111.382 106.073 -47.468 -1.09586 -0.997303 -46.0769 -2.29489 0.207813 -48.4803 -131.769 104.878 -47.9368 -100.906 99.3188 -74.2977 -100.906 99.3188 -29.7933 -2.29489 0.207813 48.4803 -111.163 105.83 47.9368 -101.042 101.582 29.7933 -1.09586 -0.997303 76.3752 -102.029 100.426 77.241 -111.382 106.073 47.468 -1.09586 -0.997303 46.0769 -2.29489 0.207813 48.4803 -131.769 104.878 47.9368 -100.906 99.3188 74.2977 -100.906 99.3188 29.7933 -2.29489 0.207813</float_array>
                    <technique_common>
                        <accessor count="56" source="#ID228" stride="3">
                            <param name="X" type="float"/>
                            <param name="Y" type="float"/>
                            <param name="Z" type="float"/>
                        </accessor>
                    </technique_common>
                </source>
                <source id="ID229">
                    <float_array id="ID230" count="195">0 -0.708893 -0.705316 0 -0.708893 -0.705316 -0.00218625 -0.709183 -0.705021 -6.70444e-005 -0.617367 -0.786675 -8.86758e-005 -0.649025 -0.760767 0.00322927 -0.957951 -0.286915 0.00130215 -0.637622 -0.770349 -0.000927767 0.0483135 -0.998832 -0.000463946 0.0472333 -0.998884 -0.000495089 -0.244381 -0.969679 -0.00231504 -0.7076 -0.706609 -0.000128719 -0.707308 -0.706906 0.000120195 -0.614864 -0.788633 -0.000982706 -0.647129 -0.76238 8.99672e-007 -0.708893 -0.705317 -5.41582e-008 -0.708889 -0.70532 9.02025e-007 -0.708891 -0.705319 -0.000243708 -0.616641 -0.787245 0 -0.708889 -0.70532 -0.00159996 -0.635917 -0.771756 -0.0025491 -0.9574 -0.288752 -1.24344e-007 0.0461531 -0.998934 0 0.708893 0.705316 0 0.708893 0.705316 2.34353e-006 0.708893 0.705316 2.28854e-008 0.342294 0.939593 6.60318e-008 0.516892 0.856051 -1.48437e-006 0.649203 0.760615 8.05661e-008 0.617507 0.786566 0 0.245973 0.969277 0 -0.0461533 0.998934 1.48437e-006 0.649203 0.760615 -8.05661e-008 0.617507 0.786566 -1.26912e-007 0.708889 0.70532 2.24478e-006 0.70889 0.705319 -2.34353e-006 0.708893 0.705316 -2.24478e-006 0.70889 0.705319 1.26912e-007 0.708889 0.70532 0 0.617507 0.786565 0 0.70889 0.705319 -2.28854e-008 0.342294 0.939593 -6.60318e-008 0.516892 0.856051 0 0.705317 -0.708892 0 -0.705317 0.708892 0 -0.705317 0.708892 -0.633301 -0.545849 0.548615 0.63325 0.549561 -0.544956 -0.996924 0.063584 -0.0458286 -0.990393 0.104652 -0.0903913 0.00504726 -0.902044 0.431615 -1 1.83572e-007 -2.90272e-008 0 -0.998934 -0.0461529 -1.06867e-007 0.705321 -0.708888 -1.02067e-007 0.705321 -0.708889 -0.63325 0.549564 -0.544953 0.633301 -0.545849 0.548615 1.02067e-007 0.705321 -0.708889 1.07281e-007 0.705321 -0.708888 4.14467e-010 0.705322 -0.708887 0.980231 -0.139554 0.14026 -0.980231 -0.139554 0.14026 0.99039 0.104616 -0.0904573 -0.00546955 -0.902044 0.431609 0.996922 0.0635175 -0.0459556 1 1.83791e-007 -3.01559e-008</float_array>
                    <technique_common>
                        <accessor count="65" source="#ID230" stride="3">
                            <param name="X" type="float"/>
                            <param name="Y" type="float"/>
                            <param name="Z" type="float"/>
                        </accessor>
                    </technique_common>
                </source>
                <source id="ID231">
                    <float_array id="ID232" count="2">0 1</float_array>
                    <technique_common>
                        <accessor count="1" source="#ID232" stride="2">
                            <param name="S" type="float"/>
                            <param name="T" type="float"/>
                        </accessor>
                    </technique_common>
                </source>
                <vertices id="ID233">
                    <input semantic="POSITION" source="#ID227"/>
                </vertices>
                <polylist count="56" material="Material1">
                    <input offset="0" semantic="VERTEX" source="#ID233"/>
                    <input offset="1" semantic="NORMAL" source="#ID229"/>
                    <input offset="2" semantic="TEXCOORD" source="#ID231" set="0"/>
                    <vcount>4 4 4 4 4 4 4 4 4 4 4 4 4 4 4 4 4 4 4 4 4 4 4 4 4 4 4 4 4 4 4 4 4 4 4 4 4 4 4 4 4 4 4 4 4 4 4 4 4 4 4 4 4 4 4 4</vcount>
                    <p>32 0 0 35 0 0 44 0 0 34 0 0 47 1 0 50 2 0 51 2 0 55 1 0 31 6 0 38 5 0 37 4 0 5 3 0 31 6 0 0 9 0 29 8 0 41 7 0 48 13 0 18 12 0 53 11 0 54 10 0 34 0 0 44 0 0 40 14 0 39 14 0 37 4 0 43 16 0 42 15 0 5 3 0 2 17 0 0 9 0 31 6 0 5 3 0 5 3 0 42 15 0 36 18 0 2 17 0 39 14 0 40 14 0 43 16 0 37 4 0 18 12 0 2 17 0 36 18 0 53 11 0 32 0 0 47 1 0 55 1 0 35 0 0 50 2 0 48 13 0 54 10 0 51 2 0 2 17 0 18 12 0 45 19 0 0 9 0 45 19 0 18 12 0 48 13 0 49 20 0 45 19 0 52 21 0 29 8 0 0 9 0 6 23 0 16 23 0 7 22 0 4 22 0 27 23 0 23 24 0 22 24 0 19 23 0 33 28 0 9 27 0 10 26 0 3 25 0 13 30 0 1 30 0 28 29 0 3 25 0 26 34 0 25 33 0 46 32 0 20 31 0 11 35 0 12 35 0 16 23 0 6 23 0 33 28 0 14 37 0 15 36 0 9 27 0 33 28 0 3 25 0 28 29 0 30 38 0 30 38 0 8 39 0 14 37 0 33 28 0 9 27 0 15 36 0 12 35 0 11 35 0 25 33 0 8 39 0 30 38 0 46 32 0 7 22 0 27 23 0 19 23 0 4 22 0 23 24 0 26 34 0 20 31 0 22 24 0 28 29 0 17 40 0 46 32 0 30 38 0 21 41 0 20 31 0 46 32 0 17 40 0 28 29 0 1 30 0 24 30 0 17 40 0 4 42 0 32 42 0 34 42 0 6 42 0 16 44 0 44 44 0 35 43 0 7 43 0 27 44 0 55 44 0 51 45 0 23 45 0 22 46 0 50 46 0 47 42 0 19 42 0 9 48 0 37 48 0 38 47 0 10 47 0 10 49 0 38 5 0 31 6 0 3 49 0 3 50 0 31 50 0 41 50 0 13 50 0 13 51 0 41 51 0 29 51 0 1 51 0 26 53 0 54 53 0 53 52 0 25 52 0 6 42 0 34 42 0 39 54 0 11 54 0 12 55 0 40 55 0 44 44 0 16 44 0 14 57 0 42 57 0 43 56 0 15 56 0 8 58 0 36 58 0 42 57 0 14 57 0 11 54 0 39 54 0 37 48 0 9 48 0 15 59 0 43 59 0 40 55 0 12 55 0 25 52 0 53 52 0 36 58 0 8 58 0 7 43 0 35 43 0 55 44 0 27 44 0 19 42 0 47 42 0 32 42 0 4 42 0 23 45 0 51 45 0 54 60 0 26 60 0 20 61 0 48 61 0 50 46 0 22 46 0 17 62 0 45 19 0 49 20 0 21 62 0 21 63 0 49 63 0 48 61 0 20 61 0 1 51 0 29 51 0 52 51 0 24 51 0 24 64 0 52 64 0 45 64 0 17 64 0</p>
                </polylist>
            </mesh>
        </geometry>
        <geometry id="ID235">
            <mesh>
                <source id="ID236">
                    <float_array id="ID237" count="60">0 135.678 46.0639 0 37.0665 145.175 -46.0769 135.678 46.0639 -47.9368 37.0665 145.175 -74.2977 37.0665 145.175 -29.7933 135.678 46.0639 46.0769 135.678 46.0639 47.9368 37.0665 145.175 74.2977 37.0665 145.175 29.7933 135.678 46.0639 0 134.614 45.0059 0 36.0031 144.117 -46.0769 134.614 45.0059 -47.9368 36.0031 144.117 -74.2977 36.0031 144.117 -29.7933 134.614 45.0059 46.0769 134.614 45.0059 47.9368 36.0031 144.117 74.2977 36.0031 144.117 29.7933 134.614 45.0059</float_array>
                    <technique_common>
                        <accessor count="20" source="#ID237" stride="3">
                            <param name="X" type="float"/>
                            <param name="Y" type="float"/>
                            <param name="Z" type="float"/>
                        </accessor>
                    </technique_common>
                </source>
                <source id="ID238">
                    <float_array id="ID239" count="63">-8.03457e-008 -0.708892 -0.705317 2.23245e-008 -0.708892 -0.705317 -1.32485e-007 -0.708892 -0.705317 5.1292e-008 -0.708892 -0.705317 6.20735e-008 -0.708892 -0.705317 6.20735e-008 0.708892 0.705317 0 0.708892 0.705317 5.1292e-008 0.708892 0.705317 -6.20735e-008 0.708892 0.705317 -5.1292e-008 0.708892 0.705317 0 -0.705319 0.70889 -7.92662e-008 -0.705319 0.70889 0 0.705317 -0.708892 0 0.705317 -0.708892 -0.633301 0.545849 -0.548615 -0.98023 0.139554 -0.140261 -1.02285e-007 -0.705319 0.70889 1.02285e-007 -0.705319 0.70889 7.92662e-008 -0.705319 0.70889 0.633301 0.545849 -0.548615 0.980231 0.139554 -0.14026</float_array>
                    <technique_common>
                        <accessor count="21" source="#ID239" stride="3">
                            <param name="X" type="float"/>
                            <param name="Y" type="float"/>
                            <param name="Z" type="float"/>
                        </accessor>
                    </technique_common>
                </source>
                <source id="ID240">
                    <float_array id="ID241" count="2">0 1</float_array>
                    <technique_common>
                        <accessor count="1" source="#ID241" stride="2">
                            <param name="S" type="float"/>
                            <param name="T" type="float"/>
                        </accessor>
                    </technique_common>
                </source>
                <vertices id="ID242">
                    <input semantic="POSITION" source="#ID236"/>
                </vertices>
                <polylist count="18" material="Material1">
                    <input offset="0" semantic="VERTEX" source="#ID242"/>
                    <input offset="1" semantic="NORMAL" source="#ID238"/>
                    <input offset="2" semantic="TEXCOORD" source="#ID240" set="0"/>
                    <vcount>4 4 4 4 4 4 4 4 4 4 4 4 4 4 4 4 4 4</vcount>
                    <p>15 0 0 10 1 0 11 1 0 13 0 0 13 0 0 14 2 0 12 2 0 15 0 0 17 4 0 19 4 0 16 3 0 18 3 0 19 4 0 17 4 0 11 1 0 10 1 0 3 5 0 1 6 0 0 6 0 5 5 0 5 5 0 2 7 0 4 7 0 3 5 0 8 9 0 6 9 0 9 8 0 7 8 0 0 6 0 1 6 0 7 8 0 9 8 0 3 11 0 13 11 0 11 10 0 1 10 0 0 13 0 10 13 0 15 12 0 5 12 0 5 12 0 15 12 0 12 14 0 2 14 0 2 14 0 12 14 0 14 15 0 4 15 0 4 16 0 14 16 0 13 11 0 3 11 0 7 18 0 17 18 0 18 17 0 8 17 0 8 20 0 18 20 0 16 19 0 6 19 0 6 19 0 16 19 0 19 12 0 9 12 0 9 12 0 19 12 0 10 13 0 0 13 0 1 10 0 11 10 0 17 18 0 7 18 0</p>
                </polylist>
            </mesh>
        </geometry>
        <geometry id="ID244">
            <mesh>
                <source id="ID245">
                    <float_array id="ID246" count="120">0 -16.9487 -95.6766 -68.8261 -16.9487 -95.6766 -43.1987 -16.9487 -95.6766 0 -0.106531 -0.539154 -73.9726 -5.86238 -33.0527 -76.6446 -0.106531 -0.539146 0 -13.0474 -65.6081 -48.106 -0.106531 -0.539146 -44.737 -13.0474 -65.6081 -71.2771 -11.6688 -65.8521 -46.4289 -7.24094 -32.8086 -6.21725e-016 -7.24094 -32.8086 68.8261 -16.9487 -95.6766 43.1987 -16.9487 -95.6766 73.9726 -5.86238 -33.0527 76.6446 -0.106531 -0.539146 48.106 -0.106531 -0.539146 44.737 -13.0474 -65.6081 71.2771 -11.6688 -65.8521 46.4289 -7.24094 -32.8086 0 -18.3272 -95.4325 -68.8261 -18.3272 -95.4325 -43.1987 -18.3272 -95.4325 0 -1.4851 -0.295107 -73.9726 -7.24094 -32.8086 -76.6446 -1.4851 -0.2951 0 -11.6688 -65.8521 -48.106 -1.4851 -0.2951 -44.737 -11.6688 -65.8521 -71.2771 -13.0474 -65.6081 -46.4289 -5.86238 -33.0527 0 -5.86238 -33.0527 68.8261 -18.3272 -95.4325 43.1987 -18.3272 -95.4325 73.9726 -7.24094 -32.8086 76.6446 -1.4851 -0.2951 48.106 -1.4851 -0.2951 44.737 -11.6688 -65.8521 71.2771 -13.0474 -65.6081 46.4289 -5.86238 -33.0527</float_array>
                    <technique_common>
                        <accessor count="40" source="#ID246" stride="3">
                            <param name="X" type="float"/>
                            <param name="Y" type="float"/>
                            <param name="Z" type="float"/>
                        </accessor>
                    </technique_common>
                </source>
                <source id="ID247">
                    <float_array id="ID248" count="105">1.07689e-008 -0.984689 0.174319 0 -0.984689 0.174319 0 -0.984689 0.174319 1.43765e-008 -0.984689 0.174319 0 -0.984689 0.174319 0 -0.984689 0.174319 3.58061e-009 -0.984689 0.174319 -1.19342e-010 -0.984689 0.174319 -1.14047e-010 -0.984689 0.174319 1.05898e-011 -0.984689 0.174319 -3.69995e-009 -0.984689 0.174319 -1.08829e-008 -0.984689 0.174319 -1.43659e-008 -0.984689 0.174319 -1.19644e-008 0.984689 -0.174319 0 0.984689 -0.174319 0 0.984689 -0.174319 -9.68213e-009 0.984689 -0.174319 -3.69995e-009 0.984689 -0.174319 0 0.984689 -0.174319 9.68213e-009 0.984689 -0.174319 3.69995e-009 0.984689 -0.174319 1.19644e-008 0.984689 -0.174319 -0.996742 -0.0140605 -0.0794245 -0.996742 -0.0140605 -0.0794246 7.80934e-008 0.174319 0.984689 0 0.174319 0.984689 -0.67799 -0.128138 -0.723817 0 -0.174321 -0.984689 -0.996742 -0.0140606 -0.0794245 0 0.174319 0.984689 0.996742 -0.0140606 -0.0794245 0.996742 -0.0140605 -0.0794246 -7.80934e-008 0.174319 0.984689 0.996742 -0.0140604 -0.0794245 0.67799 -0.128138 -0.723817</float_array>
                    <technique_common>
                        <accessor count="35" source="#ID248" stride="3">
                            <param name="X" type="float"/>
                            <param name="Y" type="float"/>
                            <param name="Z" type="float"/>
                        </accessor>
                    </technique_common>
                </source>
                <source id="ID249">
                    <float_array id="ID250" count="2">0 1</float_array>
                    <technique_common>
                        <accessor count="1" source="#ID250" stride="2">
                            <param name="S" type="float"/>
                            <param name="T" type="float"/>
                        </accessor>
                    </technique_common>
                </source>
                <vertices id="ID251">
                    <input semantic="POSITION" source="#ID245"/>
                </vertices>
                <polylist count="38" material="Material1">
                    <input offset="0" semantic="VERTEX" source="#ID251"/>
                    <input offset="1" semantic="NORMAL" source="#ID247"/>
                    <input offset="2" semantic="TEXCOORD" source="#ID249" set="0"/>
                    <vcount>4 4 4 4 4 4 4 4 4 4 4 4 4 4 4 4 4 4 4 4 4 4 4 4 4 4 4 4 4 4 4 4 4 4 4 4 4 4</vcount>
                    <p>27 3 0 25 2 0 24 1 0 10 0 0 8 6 0 29 5 0 21 4 0 22 4 0 22 4 0 20 4 0 6 7 0 8 6 0 8 6 0 6 7 0 11 8 0 10 0 0 10 0 0 11 8 0 23 9 0 27 3 0 10 0 0 24 1 0 29 5 0 8 6 0 19 11 0 17 10 0 38 5 0 34 4 0 36 12 0 19 11 0 34 4 0 35 1 0 17 10 0 33 4 0 32 4 0 38 5 0 33 4 0 17 10 0 6 7 0 20 4 0 17 10 0 19 11 0 11 8 0 6 7 0 19 11 0 36 12 0 23 9 0 11 8 0 30 16 0 4 15 0 5 14 0 7 13 0 2 15 0 1 18 0 9 15 0 28 17 0 28 17 0 26 15 0 0 15 0 2 15 0 30 16 0 31 18 0 26 15 0 28 17 0 7 13 0 3 18 0 31 18 0 30 16 0 28 17 0 9 15 0 4 15 0 30 16 0 14 15 0 18 15 0 37 20 0 39 19 0 15 14 0 14 15 0 39 19 0 16 21 0 18 15 0 12 18 0 13 15 0 37 20 0 0 15 0 26 15 0 37 20 0 13 15 0 26 15 0 31 18 0 39 19 0 37 20 0 31 18 0 3 18 0 16 21 0 39 19 0 4 23 0 24 23 0 25 22 0 5 22 0 5 25 0 25 25 0 27 24 0 7 24 0 2 27 0 22 27 0 21 26 0 1 26 0 1 26 0 21 26 0 29 28 0 9 28 0 0 27 0 20 27 0 22 27 0 2 27 0 7 24 0 27 24 0 23 29 0 3 29 0 9 28 0 29 28 0 24 23 0 4 23 0 14 31 0 34 31 0 38 30 0 18 30 0 16 32 0 36 32 0 35 25 0 15 25 0 15 33 0 35 33 0 34 31 0 14 31 0 18 30 0 38 30 0 32 34 0 12 34 0 12 34 0 32 34 0 33 27 0 13 27 0 13 27 0 33 27 0 20 27 0 0 27 0 3 29 0 23 29 0 36 32 0 16 32 0</p>
                </polylist>
            </mesh>
        </geometry>
        <geometry id="ID254">
            <mesh>
                <source id="ID255">
                    <float_array id="ID256" count="36">80.8819 32.9765 98.8634 78.247 40.9965 133.596 80.1839 31.1505 52.013 50.5192 134.847 42.3366 50.5384 134.777 23.0397 50.5079 134.804 32.154 79.2497 32.501 98.8771 76.6189 40.5072 133.589 78.5481 30.6889 52.0478 48.8912 134.358 42.3293 48.9027 134.315 23.0745 48.8756 134.328 32.1678</float_array>
                    <technique_common>
                        <accessor count="12" source="#ID256" stride="3">
                            <param name="X" type="float"/>
                            <param name="Y" type="float"/>
                            <param name="Z" type="float"/>
                        </accessor>
                    </technique_common>
                </source>
                <source id="ID257">
                    <float_array id="ID258" count="42">-0.960012 -0.279919 0.00468647 -0.961881 -0.27324 0.0112153 -0.958057 -0.286572 -0.00184282 0.960533 0.277941 -0.0112289 0.959508 0.281642 -0.00472744 0.958428 0.285328 0.00177431 -0.279751 0.960068 -0.0030113 -0.275718 0.961234 -0.00297469 0.209012 -0.776014 -0.595077 0.277541 -0.951141 0.13528 0.0514915 -0.255219 -0.965511 -0.263551 0.879013 0.397338 -0.199285 0.65226 0.73133 0.276189 -0.931689 0.235956</float_array>
                    <technique_common>
                        <accessor count="14" source="#ID258" stride="3">
                            <param name="X" type="float"/>
                            <param name="Y" type="float"/>
                            <param name="Z" type="float"/>
                        </accessor>
                    </technique_common>
                </source>
                <source id="ID259">
                    <float_array id="ID260" count="2">0 1</float_array>
                    <technique_common>
                        <accessor count="1" source="#ID260" stride="2">
                            <param name="S" type="float"/>
                            <param name="T" type="float"/>
                        </accessor>
                    </technique_common>
                </source>
                <vertices id="ID261">
                    <input semantic="POSITION" source="#ID255"/>
                </vertices>
                <polylist count="10" material="Material1">
                    <input offset="0" semantic="VERTEX" source="#ID261"/>
                    <input offset="1" semantic="NORMAL" source="#ID257"/>
                    <input offset="2" semantic="TEXCOORD" source="#ID259" set="0"/>
                    <vcount>4 4 4 4 4 4 4 4 4 4</vcount>
                    <p>10 1 0 8 1 0 6 0 0 11 0 0 11 0 0 6 0 0 7 2 0 9 2 0 5 4 0 0 4 0 2 3 0 4 3 0 3 5 0 1 5 0 0 4 0 5 4 0 4 7 0 10 7 0 11 6 0 5 6 0 0 9 0 6 9 0 8 8 0 2 8 0 2 8 0 8 8 0 10 10 0 4 10 0 5 6 0 11 6 0 9 11 0 3 11 0 3 11 0 9 11 0 7 12 0 1 12 0 1 13 0 7 13 0 6 9 0 0 9 0</p>
                </polylist>
            </mesh>
        </geometry>
        <geometry id="ID263">
            <mesh>
                <source id="ID264">
                    <float_array id="ID265" count="36">-80.8819 32.9765 98.8634 -78.247 40.9965 133.596 -80.1839 31.1505 52.013 -50.5192 134.847 42.3366 -50.5384 134.777 23.0397 -50.5079 134.804 32.154 -79.2497 32.501 98.8771 -76.6189 40.5072 133.589 -78.5481 30.6889 52.0478 -48.8912 134.358 42.3293 -48.9027 134.315 23.0745 -48.8756 134.328 32.1678</float_array>
                    <technique_common>
                        <accessor count="12" source="#ID265" stride="3">
                            <param name="X" type="float"/>
                            <param name="Y" type="float"/>
                            <param name="Z" type="float"/>
                        </accessor>
                    </technique_common>
                </source>
                <source id="ID266">
                    <float_array id="ID267" count="42">0.961881 -0.27324 0.0112154 0.960012 -0.279919 0.00468651 0.958057 -0.286572 -0.00184278 -0.960533 0.277941 -0.0112289 -0.959508 0.281642 -0.00472744 -0.958428 0.285328 0.00177431 -0.209013 -0.776014 -0.595077 -0.0514916 -0.255219 -0.965511 -0.277543 -0.951141 0.13528 0.275709 0.961237 -0.00297442 0.279742 0.96007 -0.00301121 -0.276191 -0.931689 0.235956 0.263546 0.879014 0.397338 0.199283 0.65226 0.73133</float_array>
                    <technique_common>
                        <accessor count="14" source="#ID267" stride="3">
                            <param name="X" type="float"/>
                            <param name="Y" type="float"/>
                            <param name="Z" type="float"/>
                        </accessor>
                    </technique_common>
                </source>
                <source id="ID268">
                    <float_array id="ID269" count="2">0 1</float_array>
                    <technique_common>
                        <accessor count="1" source="#ID269" stride="2">
                            <param name="S" type="float"/>
                            <param name="T" type="float"/>
                        </accessor>
                    </technique_common>
                </source>
                <vertices id="ID270">
                    <input semantic="POSITION" source="#ID264"/>
                </vertices>
                <polylist count="10" material="Material1">
                    <input offset="0" semantic="VERTEX" source="#ID270"/>
                    <input offset="1" semantic="NORMAL" source="#ID266"/>
                    <input offset="2" semantic="TEXCOORD" source="#ID268" set="0"/>
                    <vcount>4 4 4 4 4 4 4 4 4 4</vcount>
                    <p>10 0 0 11 1 0 6 1 0 8 0 0 11 1 0 9 2 0 7 2 0 6 1 0 2 3 0 0 4 0 5 4 0 4 3 0 0 4 0 1 5 0 3 5 0 5 4 0 4 7 0 10 7 0 8 6 0 2 6 0 2 6 0 8 6 0 6 8 0 0 8 0 5 10 0 11 10 0 10 9 0 4 9 0 0 8 0 6 8 0 7 11 0 1 11 0 1 13 0 7 13 0 9 12 0 3 12 0 3 12 0 9 12 0 11 10 0 5 10 0</p>
                </polylist>
            </mesh>
        </geometry>
        <geometry id="ID272">
            <mesh>
                <source id="ID273">
                    <float_array id="ID274" count="60">0 27.1149 -57.3256 0 137.051 -36.3172 -48.4402 27.1149 -57.3256 -30.1061 137.051 -36.3172 -77.1771 27.1149 -57.3255 -47.9665 137.051 -36.3172 48.4402 27.1149 -57.3256 30.1061 137.051 -36.3172 77.1771 27.1149 -57.3255 47.9665 137.051 -36.3172 0 27.1149 -57.3256 0 137.051 -36.3172 -48.4402 27.1149 -57.3256 -30.1061 137.051 -36.3172 -77.1771 27.1149 -57.3255 -47.9665 137.051 -36.3172 48.4402 27.1149 -57.3256 30.1061 137.051 -36.3172 77.1771 27.1149 -57.3255 47.9665 137.051 -36.3172</float_array>
                    <technique_common>
                        <accessor count="20" source="#ID274" stride="3">
                            <param name="X" type="float"/>
                            <param name="Y" type="float"/>
                            <param name="Z" type="float"/>
                        </accessor>
                    </technique_common>
                </source>
                <source id="ID275">
                    <float_array id="ID276" count="30">1.3296e-007 -0.1877 0.982226 1.87323e-007 -0.1877 0.982226 -3.07296e-009 -0.1877 0.982226 -1.808e-007 -0.1877 0.982226 -1.32772e-007 -0.1877 0.982226 -1.28836e-007 0.1877 -0.982226 -1.42847e-007 0.1877 -0.982226 0 0.1877 -0.982226 1.28836e-007 0.1877 -0.982226 1.42847e-007 0.1877 -0.982226</float_array>
                    <technique_common>
                        <accessor count="10" source="#ID276" stride="3">
                            <param name="X" type="float"/>
                            <param name="Y" type="float"/>
                            <param name="Z" type="float"/>
                        </accessor>
                    </technique_common>
                </source>
                <source id="ID277">
                    <float_array id="ID278" count="2">0 1</float_array>
                    <technique_common>
                        <accessor count="1" source="#ID278" stride="2">
                            <param name="S" type="float"/>
                            <param name="T" type="float"/>
                        </accessor>
                    </technique_common>
                </source>
                <vertices id="ID279">
                    <input semantic="POSITION" source="#ID273"/>
                </vertices>
                <polylist count="8" material="Material1">
                    <input offset="0" semantic="VERTEX" source="#ID279"/>
                    <input offset="1" semantic="NORMAL" source="#ID275"/>
                    <input offset="2" semantic="TEXCOORD" source="#ID277" set="0"/>
                    <vcount>4 4 4 4 4 4 4 4</vcount>
                    <p>3 0 0 5 1 0 4 1 0 2 0 0 0 2 0 1 2 0 3 0 0 2 0 0 7 4 0 6 4 0 8 3 0 9 3 0 0 2 0 6 4 0 7 4 0 1 2 0 12 5 0 14 6 0 15 6 0 13 5 0 12 5 0 13 5 0 11 7 0 10 7 0 19 9 0 18 9 0 16 8 0 17 8 0 11 7 0 17 8 0 16 8 0 10 7 0</p>
                </polylist>
            </mesh>
        </geometry>
        <geometry id="ID282">
            <mesh>
                <source id="ID283">
                    <float_array id="ID284" count="96">-30.1653 4.76862 4.06504 -30.1615 7.20752 4.06473 -0.703134 -1.21945 0.922515 -0.703134 1.21945 0.922515 -0.703134 -1.21945 -0.922517 -0.703134 1.21945 -0.922517 -30.1897 4.76842 2.22018 -30.1859 7.20732 2.21986 0.741005 -0.853006 0.922515 0.741005 0.853007 0.922515 0.368217 -0.853006 -0.252995 0.368217 0.853007 -0.252995 -0.307441 -0.551192 5.43685 -0.307441 0.551193 5.43685 0.345311 -0.551192 5.43685 0.345311 0.551193 5.43685 -32.0161 4.77154 4.08953 -32.0123 7.21044 4.08921 -31.4228 5.15042 2.36847 -31.4189 7.58932 2.36816 -30.1465 4.76877 5.48872 -30.1427 7.20768 5.48841 -31.9973 4.7717 5.5132 -31.9934 7.2106 5.51289 -5.02691 4.72914 5.44429 -5.02306 7.16805 5.44398 -5.02333 4.72917 5.71479 -5.01948 7.16808 5.71448 -57.1093 4.81139 6.13322 -57.1054 7.25029 6.13291 -57.1057 4.81142 6.40372 -57.1018 7.25032 6.40341</float_array>
                    <technique_common>
                        <accessor count="32" source="#ID284" stride="3">
                            <param name="X" type="float"/>
                            <param name="Y" type="float"/>
                            <param name="Z" type="float"/>
                        </accessor>
                    </technique_common>
                </source>
                <source id="ID285">
                    <float_array id="ID286" count="126">0.106059 -1.9686e-005 0.99436 0.111332 0.957521 0.266006 0.235163 0.916814 0.322725 0.770922 -0.635358 -0.0447078 0.776293 0.627586 -0.0592008 0.760789 0.399157 -0.511736 0.756816 -0.409978 -0.509066 0.185581 -0.705262 -0.684226 0.328463 0.671328 -0.664402 -0.112689 4.02605e-005 -0.99363 -0.198332 -0.660391 -0.724257 -0.57042 -0.452002 -0.685795 -0.628314 0.00089139 -0.777959 -0.613257 0.000866087 -0.789883 -0.337968 -0.842597 -0.419295 0.176058 0.982929 0.0534287 -0.0917548 -0.995012 -0.0391384 0.0714364 -0.997075 0.0271538 -0.493106 0.557915 0.667516 0.587805 0.518817 0.620737 0.584035 -0.513985 0.628269 -0.489106 -0.552291 0.675092 -0.996181 0 0.0873178 0.00211466 0.000125016 0.999998 0.0243374 8.99568e-005 0.999704 0.0520924 0.997991 0.0360654 0.152517 0.982378 0.108036 0.721654 -0.00122727 -0.692253 0.999911 -0.00157896 -0.0132268 0.00157735 0.999999 -0.00012916 0.0015773 0.999999 -0.000129244 -0.739712 0.00108089 -0.672922 -0.999911 0.00157974 0.0132268 -0.00157733 -0.999999 0.000128801 -0.00157733 -0.999999 0.000129158 0.0547833 -0.000214696 -0.998498 0.00157745 0.999999 -0.00012944 -0.00899788 0.000142543 0.99996 -0.00157742 -0.999999 0.000129435 -0.00157741 -0.999999 0.000128722 0.0354448 7.2429e-005 0.999372 0.00157736 0.999999 -0.000129608</float_array>
                    <technique_common>
                        <accessor count="42" source="#ID286" stride="3">
                            <param name="X" type="float"/>
                            <param name="Y" type="float"/>
                            <param name="Z" type="float"/>
                        </accessor>
                    </technique_common>
                </source>
                <source id="ID287">
                    <float_array id="ID288" count="2">0 1</float_array>
                    <technique_common>
                        <accessor count="1" source="#ID288" stride="2">
                            <param name="S" type="float"/>
                            <param name="T" type="float"/>
                        </accessor>
                    </technique_common>
                </source>
                <vertices id="ID289">
                    <input semantic="POSITION" source="#ID283"/>
                </vertices>
                <polylist count="30" material="Material1">
                    <input offset="0" semantic="VERTEX" source="#ID289"/>
                    <input offset="1" semantic="NORMAL" source="#ID285"/>
                    <input offset="2" semantic="TEXCOORD" source="#ID287" set="0"/>
                    <vcount>4 4 4 4 4 4 4 4 4 4 4 4 4 4 4 4 4 4 4 4 4 4 4 4 4 4 4 4 4 4</vcount>
                    <p>2 0 0 3 2 0 1 1 0 0 0 0 10 6 0 11 5 0 9 4 0 8 3 0 6 10 0 7 9 0 5 8 0 4 7 0 16 14 0 17 13 0 19 12 0 18 11 0 3 2 0 5 8 0 7 15 0 1 1 0 4 7 0 2 17 0 0 16 0 6 10 0 4 7 0 10 6 0 8 3 0 2 17 0 5 8 0 11 5 0 10 6 0 4 7 0 3 2 0 9 4 0 11 5 0 5 8 0 12 21 0 14 20 0 15 19 0 13 18 0 2 22 0 12 21 0 13 18 0 3 22 0 8 3 0 14 20 0 12 21 0 2 17 0 9 4 0 15 19 0 14 20 0 8 3 0 3 2 0 13 18 0 15 19 0 9 4 0 0 16 0 16 14 0 18 11 0 6 10 0 21 23 0 23 24 0 22 24 0 20 23 0 7 15 0 19 26 0 17 25 0 1 1 0 6 10 0 18 11 0 19 12 0 7 9 0 25 27 0 27 28 0 26 28 0 24 27 0 17 25 0 23 30 0 21 29 0 1 1 0 28 31 0 30 32 0 31 32 0 29 31 0 0 16 0 20 34 0 22 33 0 16 14 0 1 35 0 25 27 0 24 27 0 0 35 0 21 29 0 27 36 0 25 36 0 1 1 0 20 23 0 26 37 0 27 37 0 21 23 0 0 16 0 24 38 0 26 38 0 20 34 0 16 14 0 28 31 0 29 31 0 17 13 0 22 33 0 30 39 0 28 39 0 16 14 0 23 24 0 31 40 0 30 40 0 22 24 0 17 25 0 29 41 0 31 41 0 23 30 0</p>
                </polylist>
            </mesh>
        </geometry>
        <geometry id="ID291">
            <mesh>
                <source id="ID292">
                    <float_array id="ID293" count="96">-30.1653 4.76862 4.06504 -30.1615 7.20752 4.06473 -0.703134 -1.21945 0.922515 -0.703134 1.21945 0.922515 -0.703134 -1.21945 -0.922517 -0.703134 1.21945 -0.922517 -30.1897 4.76842 2.22018 -30.1859 7.20732 2.21986 0.741005 -0.853006 0.922515 0.741005 0.853007 0.922515 0.368217 -0.853006 -0.252995 0.368217 0.853007 -0.252995 -0.307441 -0.551192 5.43685 -0.307441 0.551193 5.43685 0.345311 -0.551192 5.43685 0.345311 0.551193 5.43685 -32.0161 4.77154 4.08953 -32.0123 7.21044 4.08921 -31.4228 5.15042 2.36847 -31.4189 7.58932 2.36816 -30.1465 4.76877 5.48872 -30.1427 7.20768 5.48841 -31.9973 4.7717 5.5132 -31.9934 7.2106 5.51289 -5.02691 4.72914 5.44429 -5.02306 7.16805 5.44398 -5.02333 4.72917 5.71479 -5.01948 7.16808 5.71448 -57.1093 4.81139 6.13322 -57.1054 7.25029 6.13291 -57.1057 4.81142 6.40372 -57.1018 7.25032 6.40341</float_array>
                    <technique_common>
                        <accessor count="32" source="#ID293" stride="3">
                            <param name="X" type="float"/>
                            <param name="Y" type="float"/>
                            <param name="Z" type="float"/>
                        </accessor>
                    </technique_common>
                </source>
                <source id="ID294">
                    <float_array id="ID295" count="126">0.106059 -1.9686e-005 0.99436 0.111332 0.957521 0.266006 0.235163 0.916814 0.322725 0.770922 -0.635358 -0.0447078 0.776293 0.627586 -0.0592008 0.760789 0.399157 -0.511736 0.756816 -0.409978 -0.509066 0.185581 -0.705262 -0.684226 0.328463 0.671328 -0.664402 -0.112689 4.02605e-005 -0.99363 -0.198332 -0.660391 -0.724257 -0.57042 -0.452002 -0.685795 -0.628314 0.00089139 -0.777959 -0.613257 0.000866087 -0.789883 -0.337968 -0.842597 -0.419295 0.176058 0.982929 0.0534287 -0.0917548 -0.995012 -0.0391384 0.0714364 -0.997075 0.0271538 -0.493106 0.557915 0.667516 0.587805 0.518817 0.620737 0.584035 -0.513985 0.628269 -0.489106 -0.552291 0.675092 -0.996181 0 0.0873178 0.00211466 0.000125016 0.999998 0.0243374 8.99568e-005 0.999704 0.0520924 0.997991 0.0360654 0.152517 0.982378 0.108036 0.721654 -0.00122727 -0.692253 0.999911 -0.00157896 -0.0132268 0.00157735 0.999999 -0.00012916 0.0015773 0.999999 -0.000129244 -0.739712 0.00108089 -0.672922 -0.999911 0.00157974 0.0132268 -0.00157733 -0.999999 0.000128801 -0.00157733 -0.999999 0.000129158 0.0547833 -0.000214696 -0.998498 0.00157745 0.999999 -0.00012944 -0.00899788 0.000142543 0.99996 -0.00157742 -0.999999 0.000129435 -0.00157741 -0.999999 0.000128722 0.0354448 7.2429e-005 0.999372 0.00157736 0.999999 -0.000129608</float_array>
                    <technique_common>
                        <accessor count="42" source="#ID295" stride="3">
                            <param name="X" type="float"/>
                            <param name="Y" type="float"/>
                            <param name="Z" type="float"/>
                        </accessor>
                    </technique_common>
                </source>
                <source id="ID296">
                    <float_array id="ID297" count="2">0 1</float_array>
                    <technique_common>
                        <accessor count="1" source="#ID297" stride="2">
                            <param name="S" type="float"/>
                            <param name="T" type="float"/>
                        </accessor>
                    </technique_common>
                </source>
                <vertices id="ID298">
                    <input semantic="POSITION" source="#ID292"/>
                </vertices>
                <polylist count="30" material="Material1">
                    <input offset="0" semantic="VERTEX" source="#ID298"/>
                    <input offset="1" semantic="NORMAL" source="#ID294"/>
                    <input offset="2" semantic="TEXCOORD" source="#ID296" set="0"/>
                    <vcount>4 4 4 4 4 4 4 4 4 4 4 4 4 4 4 4 4 4 4 4 4 4 4 4 4 4 4 4 4 4</vcount>
                    <p>2 0 0 3 2 0 1 1 0 0 0 0 10 6 0 11 5 0 9 4 0 8 3 0 6 10 0 7 9 0 5 8 0 4 7 0 16 14 0 17 13 0 19 12 0 18 11 0 3 2 0 5 8 0 7 15 0 1 1 0 4 7 0 2 17 0 0 16 0 6 10 0 4 7 0 10 6 0 8 3 0 2 17 0 5 8 0 11 5 0 10 6 0 4 7 0 3 2 0 9 4 0 11 5 0 5 8 0 12 21 0 14 20 0 15 19 0 13 18 0 2 22 0 12 21 0 13 18 0 3 22 0 8 3 0 14 20 0 12 21 0 2 17 0 9 4 0 15 19 0 14 20 0 8 3 0 3 2 0 13 18 0 15 19 0 9 4 0 0 16 0 16 14 0 18 11 0 6 10 0 21 23 0 23 24 0 22 24 0 20 23 0 7 15 0 19 26 0 17 25 0 1 1 0 6 10 0 18 11 0 19 12 0 7 9 0 25 27 0 27 28 0 26 28 0 24 27 0 17 25 0 23 30 0 21 29 0 1 1 0 28 31 0 30 32 0 31 32 0 29 31 0 0 16 0 20 34 0 22 33 0 16 14 0 1 35 0 25 27 0 24 27 0 0 35 0 21 29 0 27 36 0 25 36 0 1 1 0 20 23 0 26 37 0 27 37 0 21 23 0 0 16 0 24 38 0 26 38 0 20 34 0 16 14 0 28 31 0 29 31 0 17 13 0 22 33 0 30 39 0 28 39 0 16 14 0 23 24 0 31 40 0 30 40 0 22 24 0 17 25 0 29 41 0 31 41 0 23 30 0</p>
                </polylist>
            </mesh>
        </geometry>
        <geometry id="ID300">
            <mesh>
                <source id="ID301">
                    <float_array id="ID302" count="84">-18.406 -29.1282 9.22318 -21.337 -15.5509 11.0772 18.406 -29.1282 9.22318 21.337 -15.5509 11.0772 18.406 -29.1282 7.86605 21.337 -15.5509 7.52174 -18.406 -29.1282 7.86605 -21.337 -15.5509 7.52174 0.884358 -19.5316 7.71203 0.904575 -18.1018 7.67577 -0.884358 -19.5316 7.71203 -0.904575 -18.1018 7.67577 0.884358 -12.9542 0.15031 0.904575 -12.2234 1.37985 -0.884358 -12.9542 0.15031 -0.904575 -12.2234 1.37985 0.884358 0.803399 -0.429071 0.904575 0.632656 0.990996 -0.884358 0.803399 -0.429071 -0.904575 0.632656 0.990996 -17.2738 -27.7411 9.4126 -19.6059 -16.9381 10.8878 17.2738 -27.7411 9.4126 19.6059 -16.9381 10.8878 -16.7201 -27.2478 8.56431 -18.6198 -17.4313 9.76598 16.7201 -27.2478 8.56431 18.6198 -17.4313 9.76598</float_array>
                    <technique_common>
                        <accessor count="28" source="#ID302" stride="3">
                            <param name="X" type="float"/>
                            <param name="Y" type="float"/>
                            <param name="Z" type="float"/>
                        </accessor>
                    </technique_common>
                </source>
                <source id="ID303">
                    <float_array id="ID304" count="108">0.239137 -0.335659 0.911124 0.513839 -0.544434 0.662995 0.473582 0.570045 0.671393 0.240824 0.207014 0.948235 0.367428 -0.556924 0.744871 0.432236 -0.212963 0.876253 0.977484 -0.211012 -0 0.628088 -0.778143 -0 0 0.992849 0.119376 0 0.674794 0.738006 -0.628088 -0.778143 -0 -0.977484 -0.211012 -0 -0.432236 -0.212963 0.876253 -0.367428 -0.556924 0.744871 0 1 -0 -0.00223419 -0.0204378 -0.999789 0.336361 -0.273034 -0.901284 -0.336225 -0.273094 -0.901317 0.00238739 -0.0204389 -0.999788 0.00238774 -0.042557 -0.999091 -0.00223452 -0.0425558 -0.999092 0.731013 -0.296004 -0.614819 -0.730927 -0.296058 -0.614895 -0.999887 -0.00670015 -0.0134367 -0.99985 -0.0128545 -0.0116435 0 0.730929 0.682453 0 0.412284 0.911055 0.999857 -0.012608 -0.0113104 0.999891 -0.00658105 -0.0132372 0 -0.0420763 -0.999114 -0.999884 -0.000545531 -0.0152293 0.999885 -0.000553815 -0.0151635 -0.241671 0.207127 0.947994 -0.239966 -0.335894 0.910819 -0.475188 0.570307 0.670034 -0.515535 -0.54474 0.661425</float_array>
                    <technique_common>
                        <accessor count="36" source="#ID304" stride="3">
                            <param name="X" type="float"/>
                            <param name="Y" type="float"/>
                            <param name="Z" type="float"/>
                        </accessor>
                    </technique_common>
                </source>
                <source id="ID305">
                    <float_array id="ID306" count="2">0 1</float_array>
                    <technique_common>
                        <accessor count="1" source="#ID306" stride="2">
                            <param name="S" type="float"/>
                            <param name="T" type="float"/>
                        </accessor>
                    </technique_common>
                </source>
                <vertices id="ID307">
                    <input semantic="POSITION" source="#ID301"/>
                </vertices>
                <polylist count="25" material="Material1">
                    <input offset="0" semantic="VERTEX" source="#ID307"/>
                    <input offset="1" semantic="NORMAL" source="#ID303"/>
                    <input offset="2" semantic="TEXCOORD" source="#ID305" set="0"/>
                    <vcount>4 4 4 4 4 4 4 4 4 4 4 4 4 4 4 4 4 4 4 4 4 4 4 4 4</vcount>
                    <p>20 3 0 24 2 0 25 1 0 21 0 0 4 7 0 5 6 0 3 5 0 2 4 0 18 8 0 19 9 0 17 9 0 16 8 0 0 13 0 1 12 0 7 11 0 6 10 0 3 14 0 5 14 0 7 14 0 1 14 0 4 7 0 2 4 0 0 13 0 6 10 0 6 18 0 10 17 0 8 16 0 4 15 0 7 19 0 11 19 0 10 17 0 6 18 0 5 20 0 9 20 0 11 19 0 7 19 0 4 15 0 8 16 0 9 20 0 5 20 0 10 17 0 14 22 0 12 21 0 8 16 0 11 24 0 15 23 0 14 22 0 10 17 0 9 25 0 13 26 0 15 26 0 11 25 0 8 16 0 12 21 0 13 28 0 9 27 0 14 22 0 18 29 0 16 29 0 12 21 0 15 23 0 19 30 0 18 30 0 14 22 0 13 26 0 17 9 0 19 9 0 15 26 0 12 21 0 16 31 0 17 31 0 13 28 0 2 4 0 22 32 0 20 3 0 0 13 0 3 5 0 23 33 0 22 32 0 2 4 0 1 12 0 21 0 0 23 33 0 3 5 0 0 13 0 20 3 0 21 0 0 1 12 0 22 32 0 26 34 0 24 2 0 20 3 0 23 33 0 27 35 0 26 34 0 22 32 0 21 0 0 25 1 0 27 35 0 23 33 0</p>
                </polylist>
            </mesh>
        </geometry>
        <geometry id="ID309">
            <mesh>
                <source id="ID310">
                    <float_array id="ID311" count="12">-16.7201 -27.2478 8.5643 -18.6198 -17.4313 9.76597 16.7201 -27.2478 8.5643 18.6198 -17.4313 9.76597</float_array>
                    <technique_common>
                        <accessor count="4" source="#ID311" stride="3">
                            <param name="X" type="float"/>
                            <param name="Y" type="float"/>
                            <param name="Z" type="float"/>
                        </accessor>
                    </technique_common>
                </source>
                <source id="ID312">
                    <float_array id="ID313" count="3">0 -0.121507 0.992591</float_array>
                    <technique_common>
                        <accessor count="1" source="#ID313" stride="3">
                            <param name="X" type="float"/>
                            <param name="Y" type="float"/>
                            <param name="Z" type="float"/>
                        </accessor>
                    </technique_common>
                </source>
                <source id="ID314">
                    <float_array id="ID315" count="2">0 1</float_array>
                    <technique_common>
                        <accessor count="1" source="#ID315" stride="2">
                            <param name="S" type="float"/>
                            <param name="T" type="float"/>
                        </accessor>
                    </technique_common>
                </source>
                <vertices id="ID316">
                    <input semantic="POSITION" source="#ID310"/>
                </vertices>
                <polylist count="1" material="Material1">
                    <input offset="0" semantic="VERTEX" source="#ID316"/>
                    <input offset="1" semantic="NORMAL" source="#ID312"/>
                    <input offset="2" semantic="TEXCOORD" source="#ID314" set="0"/>
                    <vcount>4</vcount>
                    <p>2 0 0 3 0 0 1 0 0 0 0 0</p>
                </polylist>
            </mesh>
        </geometry>
        <geometry id="ID318">
            <mesh>
                <source id="ID319">
                    <float_array id="ID320" count="24">-31.05 -1.13317 3.55523 -31.05 1.13317 3.55523 31.05 -1.13317 3.55523 31.05 1.13317 3.55523 31.05 -1.13317 -3.55523 31.05 1.13317 -3.55523 -31.05 -1.13317 -3.55523 -31.05 1.13317 -3.55523</float_array>
                    <technique_common>
                        <accessor count="8" source="#ID320" stride="3">
                            <param name="X" type="float"/>
                            <param name="Y" type="float"/>
                            <param name="Z" type="float"/>
                        </accessor>
                    </technique_common>
                </source>
                <source id="ID321">
                    <float_array id="ID322" count="18">0 0 1 1 0 -0 0 0 -1 -1 0 -0 0 1 -0 0 -1 -0</float_array>
                    <technique_common>
                        <accessor count="6" source="#ID322" stride="3">
                            <param name="X" type="float"/>
                            <param name="Y" type="float"/>
                            <param name="Z" type="float"/>
                        </accessor>
                    </technique_common>
                </source>
                <source id="ID323">
                    <float_array id="ID324" count="2">0 1</float_array>
                    <technique_common>
                        <accessor count="1" source="#ID324" stride="2">
                            <param name="S" type="float"/>
                            <param name="T" type="float"/>
                        </accessor>
                    </technique_common>
                </source>
                <vertices id="ID325">
                    <input semantic="POSITION" source="#ID319"/>
                </vertices>
                <polylist count="6" material="Material1">
                    <input offset="0" semantic="VERTEX" source="#ID325"/>
                    <input offset="1" semantic="NORMAL" source="#ID321"/>
                    <input offset="2" semantic="TEXCOORD" source="#ID323" set="0"/>
                    <vcount>4 4 4 4 4 4</vcount>
                    <p>2 0 0 3 0 0 1 0 0 0 0 0 4 1 0 5 1 0 3 1 0 2 1 0 6 2 0 7 2 0 5 2 0 4 2 0 0 3 0 1 3 0 7 3 0 6 3 0 3 4 0 5 4 0 7 4 0 1 4 0 4 5 0 2 5 0 0 5 0 6 5 0</p>
                </polylist>
            </mesh>
        </geometry>
        <geometry id="ID327">
            <mesh>
                <source id="ID328">
                    <float_array id="ID329" count="72">-83.6897 -4.61814 18.5323 -83.6897 4.61814 18.5323 -87.5233 -4.61814 16.5393 -87.5233 4.61814 16.5393 0.0107653 -4.61814 0.81999 0.0107653 4.61814 0.81999 0.0107653 -4.61814 -4.58485 0.0107724 4.61814 -4.58485 -81.3515 -4.61814 4.53568 -81.3515 4.61814 4.53568 -85.9393 -4.61814 1.14971 -85.9393 4.61814 1.14971 83.6897 -4.61814 18.5323 83.6897 4.61814 18.5323 87.5233 -4.61814 16.5393 87.5233 4.61814 16.5393 -0.0107653 -4.61814 0.819989 -0.0107653 4.61814 0.819989 -0.0107653 -4.61814 -4.58485 -0.0107724 4.61814 -4.58485 81.3515 -4.61814 4.53568 81.3515 4.61814 4.53568 85.9393 -4.61814 1.14971 85.9393 4.61814 1.14971</float_array>
                    <technique_common>
                        <accessor count="24" source="#ID329" stride="3">
                            <param name="X" type="float"/>
                            <param name="Y" type="float"/>
                            <param name="Z" type="float"/>
                        </accessor>
                    </technique_common>
                </source>
                <source id="ID330">
                    <float_array id="ID331" count="48">-0.694285 2.5092e-008 -0.7197 -0.0665715 3.83568e-008 -0.997782 0 -1 -0 -0.880254 0 0.474503 -0.461276 0 0.887257 0.663473 0 0.7482 0.986331 0 0.164775 0.045621 0 0.998959 0 1 -0 0.694285 1.2546e-008 -0.7197 0.0665715 1.91784e-008 -0.997782 0.880254 0 0.474503 0.461276 0 0.887257 -0.663473 0 0.7482 -0.986331 0 0.164775 -0.045621 0 0.998959</float_array>
                    <technique_common>
                        <accessor count="16" source="#ID331" stride="3">
                            <param name="X" type="float"/>
                            <param name="Y" type="float"/>
                            <param name="Z" type="float"/>
                        </accessor>
                    </technique_common>
                </source>
                <source id="ID332">
                    <float_array id="ID333" count="2">0 1</float_array>
                    <technique_common>
                        <accessor count="1" source="#ID333" stride="2">
                            <param name="S" type="float"/>
                            <param name="T" type="float"/>
                        </accessor>
                    </technique_common>
                </source>
                <vertices id="ID334">
                    <input semantic="POSITION" source="#ID328"/>
                </vertices>
                <polylist count="18" material="Material1">
                    <input offset="0" semantic="VERTEX" source="#ID334"/>
                    <input offset="1" semantic="NORMAL" source="#ID330"/>
                    <input offset="2" semantic="TEXCOORD" source="#ID332" set="0"/>
                    <vcount>4 4 4 4 4 4 4 4 4 4 4 4 4 4 4 4 4 4</vcount>
                    <p>11 0 0 7 1 0 6 1 0 10 0 0 10 2 0 6 2 0 4 2 0 8 2 0 10 0 0 2 3 0 3 3 0 11 0 0 0 4 0 1 4 0 3 3 0 2 3 0 9 5 0 1 6 0 0 6 0 8 5 0 10 2 0 8 2 0 0 2 0 2 2 0 5 7 0 9 5 0 8 5 0 4 7 0 11 8 0 3 8 0 1 8 0 9 8 0 7 8 0 11 8 0 9 8 0 5 8 0 18 10 0 19 10 0 23 9 0 22 9 0 16 2 0 18 2 0 22 2 0 20 2 0 15 11 0 14 11 0 22 9 0 23 9 0 15 11 0 13 12 0 12 12 0 14 11 0 12 14 0 13 14 0 21 13 0 20 13 0 12 2 0 20 2 0 22 2 0 14 2 0 20 13 0 21 13 0 17 15 0 16 15 0 13 8 0 15 8 0 23 8 0 21 8 0 21 8 0 23 8 0 19 8 0 17 8 0</p>
                </polylist>
            </mesh>
        </geometry>
        <geometry id="ID336">
            <mesh>
                <source id="ID337">
                    <float_array id="ID338" count="72">-74.1273 -4.09047 16.4148 -74.1273 4.09047 16.4148 -77.5229 -4.09047 14.6495 -77.5229 4.09047 14.6495 0.00953529 -4.09047 0.726297 0.00953529 4.09047 0.726297 0.00953529 -4.09047 -4.06098 0.00954154 4.09047 -4.06098 -72.0562 -4.09047 4.01744 -72.0562 4.09047 4.01744 -76.1199 -4.09047 1.01834 -76.1199 4.09047 1.01834 74.1273 -4.09047 16.4148 74.1273 4.09047 16.4148 77.5229 -4.09047 14.6495 77.5229 4.09047 14.6495 -0.00953529 -4.09047 0.726296 -0.00953529 4.09047 0.726296 -0.00953529 -4.09047 -4.06098 -0.00954154 4.09047 -4.06098 72.0562 -4.09047 4.01744 72.0562 4.09047 4.01744 76.1199 -4.09047 1.01834 76.1199 4.09047 1.01834</float_array>
                    <technique_common>
                        <accessor count="24" source="#ID338" stride="3">
                            <param name="X" type="float"/>
                            <param name="Y" type="float"/>
                            <param name="Z" type="float"/>
                        </accessor>
                    </technique_common>
                </source>
                <source id="ID339">
                    <float_array id="ID340" count="48">-0.694285 3.19833e-008 -0.7197 -0.0665715 4.88911e-008 -0.997782 0 -1 -0 -0.880254 0 0.474503 -0.461276 0 0.887257 0.663473 0 0.7482 0.986331 0 0.164775 0.045621 0 0.998959 0 1 -0 0.694285 1.59916e-008 -0.7197 0.0665715 2.44456e-008 -0.997782 0.880254 0 0.474503 0.461276 0 0.887257 -0.663473 0 0.7482 -0.986331 0 0.164775 -0.045621 0 0.998959</float_array>
                    <technique_common>
                        <accessor count="16" source="#ID340" stride="3">
                            <param name="X" type="float"/>
                            <param name="Y" type="float"/>
                            <param name="Z" type="float"/>
                        </accessor>
                    </technique_common>
                </source>
                <source id="ID341">
                    <float_array id="ID342" count="2">0 1</float_array>
                    <technique_common>
                        <accessor count="1" source="#ID342" stride="2">
                            <param name="S" type="float"/>
                            <param name="T" type="float"/>
                        </accessor>
                    </technique_common>
                </source>
                <vertices id="ID343">
                    <input semantic="POSITION" source="#ID337"/>
                </vertices>
                <polylist count="18" material="Material1">
                    <input offset="0" semantic="VERTEX" source="#ID343"/>
                    <input offset="1" semantic="NORMAL" source="#ID339"/>
                    <input offset="2" semantic="TEXCOORD" source="#ID341" set="0"/>
                    <vcount>4 4 4 4 4 4 4 4 4 4 4 4 4 4 4 4 4 4</vcount>
                    <p>11 0 0 7 1 0 6 1 0 10 0 0 10 2 0 6 2 0 4 2 0 8 2 0 10 0 0 2 3 0 3 3 0 11 0 0 0 4 0 1 4 0 3 3 0 2 3 0 9 5 0 1 6 0 0 6 0 8 5 0 10 2 0 8 2 0 0 2 0 2 2 0 5 7 0 9 5 0 8 5 0 4 7 0 11 8 0 3 8 0 1 8 0 9 8 0 7 8 0 11 8 0 9 8 0 5 8 0 18 10 0 19 10 0 23 9 0 22 9 0 16 2 0 18 2 0 22 2 0 20 2 0 15 11 0 14 11 0 22 9 0 23 9 0 15 11 0 13 12 0 12 12 0 14 11 0 12 14 0 13 14 0 21 13 0 20 13 0 12 2 0 20 2 0 22 2 0 14 2 0 20 13 0 21 13 0 17 15 0 16 15 0 13 8 0 15 8 0 23 8 0 21 8 0 21 8 0 23 8 0 19 8 0 17 8 0</p>
                </polylist>
            </mesh>
        </geometry>
        <geometry id="ID346">
            <mesh>
                <source id="ID347">
                    <float_array id="ID348" count="96">-12.4801 -3.64753 2.03416 -12.4801 3.64753 2.03416 -9.62632 -4.83663 2.03416 -9.62632 4.83663 2.03416 9.62632 -4.83663 2.03416 9.62632 4.83663 2.03416 12.4801 -3.64753 2.03416 12.4801 3.64753 2.03416 12.4801 -3.64753 -2.03417 12.4801 3.64753 -2.03417 9.62632 -4.83663 -2.03417 9.62632 4.83663 -2.03417 -9.62632 -4.83663 -2.03417 -9.62632 4.83663 -2.03417 -12.4801 -3.64753 -2.03417 -12.4801 3.64753 -2.03417 11.0814 -2.71509 -2.03417 11.0814 2.71509 -2.03417 9.34658 -3.43796 -2.03417 9.34658 3.43796 -2.03417 -9.34658 -3.43796 -2.03417 -9.34658 3.43796 -2.03417 -11.0814 -2.71509 -2.03417 -11.0814 2.71509 -2.03417 10.92 -2.9881 -0.337633 10.92 2.2269 -0.337633 9.3143 -3.65717 -0.337633 9.3143 2.89597 -0.337633 -9.31431 -3.65717 -0.337633 -9.31431 2.89597 -0.337633 -10.92 -2.9881 -0.337633 -10.92 2.2269 -0.337633</float_array>
                    <technique_common>
                        <accessor count="32" source="#ID348" stride="3">
                            <param name="X" type="float"/>
                            <param name="Y" type="float"/>
                            <param name="Z" type="float"/>
                        </accessor>
                    </technique_common>
                </source>
                <source id="ID349">
                    <float_array id="ID350" count="69">-0.832052 -0.554698 -0 -0.196119 -0.98058 -0 0.196119 -0.98058 -0 0.832052 -0.554698 -0 0.832052 0.554698 -0 0.194852 0.97321 0.122043 0.832329 0.554192 0.0100049 0.533314 0.355098 -0.767777 0.816732 -0.529207 -0.229975 0.472664 -0.306266 -0.826311 0.187409 -0.934655 -0.302155 0.115089 -0.573978 -0.810743 -0.832052 0.554698 -0 -0.196119 0.98058 -0 0.196119 0.98058 -0 0 0 -1 -0.533314 0.355098 -0.767777 -0.115089 -0.573978 -0.810743 -0.472664 -0.306266 -0.826311 -0.832329 0.554192 0.0100049 -0.194852 0.97321 0.122043 -0.187409 -0.934655 -0.302155 -0.816732 -0.529207 -0.229975</float_array>
                    <technique_common>
                        <accessor count="23" source="#ID350" stride="3">
                            <param name="X" type="float"/>
                            <param name="Y" type="float"/>
                            <param name="Z" type="float"/>
                        </accessor>
                    </technique_common>
                </source>
                <source id="ID351">
                    <float_array id="ID352" count="2">0 1</float_array>
                    <technique_common>
                        <accessor count="1" source="#ID352" stride="2">
                            <param name="S" type="float"/>
                            <param name="T" type="float"/>
                        </accessor>
                    </technique_common>
                </source>
                <vertices id="ID353">
                    <input semantic="POSITION" source="#ID347"/>
                </vertices>
                <polylist count="24" material="Material1">
                    <input offset="0" semantic="VERTEX" source="#ID353"/>
                    <input offset="1" semantic="NORMAL" source="#ID349"/>
                    <input offset="2" semantic="TEXCOORD" source="#ID351" set="0"/>
                    <vcount>4 4 4 4 4 4 4 4 4 4 4 4 4 4 4 4 4 4 4 4 4 4 4 4</vcount>
                    <p>12 1 0 2 1 0 0 0 0 14 0 0 10 2 0 4 2 0 2 1 0 12 1 0 8 3 0 6 3 0 4 2 0 10 2 0 8 3 0 9 4 0 7 4 0 6 3 0 22 7 0 30 6 0 28 5 0 20 5 0 23 9 0 31 8 0 30 6 0 22 7 0 21 11 0 29 10 0 31 8 0 23 9 0 0 0 0 1 12 0 15 12 0 14 0 0 3 13 0 13 13 0 15 12 0 1 12 0 5 14 0 11 14 0 13 13 0 3 13 0 7 4 0 9 4 0 11 14 0 5 14 0 10 15 0 18 15 0 16 16 0 8 15 0 9 15 0 17 18 0 19 17 0 11 15 0 8 15 0 16 16 0 17 18 0 9 15 0 12 15 0 20 15 0 18 15 0 10 15 0 11 15 0 19 17 0 21 11 0 13 15 0 14 15 0 22 7 0 20 15 0 12 15 0 15 15 0 23 9 0 22 7 0 14 15 0 13 15 0 21 11 0 23 9 0 15 15 0 18 20 0 26 20 0 24 19 0 16 16 0 17 18 0 25 22 0 27 21 0 19 17 0 16 16 0 24 19 0 25 22 0 17 18 0 20 5 0 28 5 0 26 20 0 18 20 0 19 17 0 27 21 0 29 10 0 21 11 0</p>
                </polylist>
            </mesh>
        </geometry>
        <geometry id="ID355">
            <mesh>
                <source id="ID356">
                    <float_array id="ID357" count="24">10.92 -2.9881 -0.337633 10.92 2.2269 -0.337633 9.3143 -3.65717 -0.337633 9.3143 2.89597 -0.337633 -9.31431 -3.65717 -0.337633 -9.31431 2.89597 -0.337633 -10.92 -2.9881 -0.337633 -10.92 2.2269 -0.337633</float_array>
                    <technique_common>
                        <accessor count="8" source="#ID357" stride="3">
                            <param name="X" type="float"/>
                            <param name="Y" type="float"/>
                            <param name="Z" type="float"/>
                        </accessor>
                    </technique_common>
                </source>
                <source id="ID358">
                    <float_array id="ID359" count="3">0 0 -1</float_array>
                    <technique_common>
                        <accessor count="1" source="#ID359" stride="3">
                            <param name="X" type="float"/>
                            <param name="Y" type="float"/>
                            <param name="Z" type="float"/>
                        </accessor>
                    </technique_common>
                </source>
                <source id="ID360">
                    <float_array id="ID361" count="2">0 1</float_array>
                    <technique_common>
                        <accessor count="1" source="#ID361" stride="2">
                            <param name="S" type="float"/>
                            <param name="T" type="float"/>
                        </accessor>
                    </technique_common>
                </source>
                <vertices id="ID362">
                    <input semantic="POSITION" source="#ID356"/>
                </vertices>
                <polylist count="3" material="Material1">
                    <input offset="0" semantic="VERTEX" source="#ID362"/>
                    <input offset="1" semantic="NORMAL" source="#ID358"/>
                    <input offset="2" semantic="TEXCOORD" source="#ID360" set="0"/>
                    <vcount>4 4 4</vcount>
                    <p>2 0 0 3 0 0 1 0 0 0 0 0 4 0 0 5 0 0 3 0 0 2 0 0 6 0 0 7 0 0 5 0 0 4 0 0</p>
                </polylist>
            </mesh>
        </geometry>
        <geometry id="ID364">
            <mesh>
                <source id="ID365">
                    <float_array id="ID366" count="96">-12.4801 -3.64753 2.03416 -12.4801 3.64753 2.03416 -9.62632 -4.83663 2.03416 -9.62632 4.83663 2.03416 9.62632 -4.83663 2.03416 9.62632 4.83663 2.03416 12.4801 -3.64753 2.03416 12.4801 3.64753 2.03416 12.4801 -3.64753 -2.03417 12.4801 3.64753 -2.03417 9.62632 -4.83663 -2.03417 9.62632 4.83663 -2.03417 -9.62632 -4.83663 -2.03417 -9.62632 4.83663 -2.03417 -12.4801 -3.64753 -2.03417 -12.4801 3.64753 -2.03417 11.0814 -2.71509 -2.03417 11.0814 2.71509 -2.03417 9.34658 -3.43796 -2.03417 9.34658 3.43796 -2.03417 -9.34658 -3.43796 -2.03417 -9.34658 3.43796 -2.03417 -11.0814 -2.71509 -2.03417 -11.0814 2.71509 -2.03417 10.92 -2.9881 -0.337633 10.92 2.2269 -0.337633 9.3143 -3.65717 -0.337633 9.3143 2.89597 -0.337633 -9.31431 -3.65717 -0.337633 -9.31431 2.89597 -0.337633 -10.92 -2.9881 -0.337633 -10.92 2.2269 -0.337633</float_array>
                    <technique_common>
                        <accessor count="32" source="#ID366" stride="3">
                            <param name="X" type="float"/>
                            <param name="Y" type="float"/>
                            <param name="Z" type="float"/>
                        </accessor>
                    </technique_common>
                </source>
                <source id="ID367">
                    <float_array id="ID368" count="69">-0.832052 -0.554698 -0 -0.196119 -0.98058 -0 0.196119 -0.98058 -0 0.832052 -0.554698 -0 0.832052 0.554698 -0 0.194852 0.97321 0.122043 0.832329 0.554192 0.0100049 0.533314 0.355098 -0.767777 0.816732 -0.529207 -0.229975 0.472664 -0.306266 -0.826311 0.187409 -0.934655 -0.302155 0.115089 -0.573978 -0.810743 -0.832052 0.554698 -0 -0.196119 0.98058 -0 0.196119 0.98058 -0 0 0 -1 -0.533314 0.355098 -0.767777 -0.115089 -0.573978 -0.810743 -0.472664 -0.306266 -0.826311 -0.832329 0.554192 0.0100049 -0.194852 0.97321 0.122043 -0.187409 -0.934655 -0.302155 -0.816732 -0.529207 -0.229975</float_array>
                    <technique_common>
                        <accessor count="23" source="#ID368" stride="3">
                            <param name="X" type="float"/>
                            <param name="Y" type="float"/>
                            <param name="Z" type="float"/>
                        </accessor>
                    </technique_common>
                </source>
                <source id="ID369">
                    <float_array id="ID370" count="2">0 1</float_array>
                    <technique_common>
                        <accessor count="1" source="#ID370" stride="2">
                            <param name="S" type="float"/>
                            <param name="T" type="float"/>
                        </accessor>
                    </technique_common>
                </source>
                <vertices id="ID371">
                    <input semantic="POSITION" source="#ID365"/>
                </vertices>
                <polylist count="24" material="Material1">
                    <input offset="0" semantic="VERTEX" source="#ID371"/>
                    <input offset="1" semantic="NORMAL" source="#ID367"/>
                    <input offset="2" semantic="TEXCOORD" source="#ID369" set="0"/>
                    <vcount>4 4 4 4 4 4 4 4 4 4 4 4 4 4 4 4 4 4 4 4 4 4 4 4</vcount>
                    <p>12 1 0 2 1 0 0 0 0 14 0 0 10 2 0 4 2 0 2 1 0 12 1 0 8 3 0 6 3 0 4 2 0 10 2 0 8 3 0 9 4 0 7 4 0 6 3 0 22 7 0 30 6 0 28 5 0 20 5 0 23 9 0 31 8 0 30 6 0 22 7 0 21 11 0 29 10 0 31 8 0 23 9 0 0 0 0 1 12 0 15 12 0 14 0 0 3 13 0 13 13 0 15 12 0 1 12 0 5 14 0 11 14 0 13 13 0 3 13 0 7 4 0 9 4 0 11 14 0 5 14 0 10 15 0 18 15 0 16 16 0 8 15 0 9 15 0 17 18 0 19 17 0 11 15 0 8 15 0 16 16 0 17 18 0 9 15 0 12 15 0 20 15 0 18 15 0 10 15 0 11 15 0 19 17 0 21 11 0 13 15 0 14 15 0 22 7 0 20 15 0 12 15 0 15 15 0 23 9 0 22 7 0 14 15 0 13 15 0 21 11 0 23 9 0 15 15 0 18 20 0 26 20 0 24 19 0 16 16 0 17 18 0 25 22 0 27 21 0 19 17 0 16 16 0 24 19 0 25 22 0 17 18 0 20 5 0 28 5 0 26 20 0 18 20 0 19 17 0 27 21 0 29 10 0 21 11 0</p>
                </polylist>
            </mesh>
        </geometry>
        <geometry id="ID373">
            <mesh>
                <source id="ID374">
                    <float_array id="ID375" count="24">10.92 -2.9881 -0.337633 10.92 2.2269 -0.337633 9.3143 -3.65717 -0.337633 9.3143 2.89597 -0.337633 -9.31431 -3.65717 -0.337633 -9.31431 2.89597 -0.337633 -10.92 -2.9881 -0.337633 -10.92 2.2269 -0.337633</float_array>
                    <technique_common>
                        <accessor count="8" source="#ID375" stride="3">
                            <param name="X" type="float"/>
                            <param name="Y" type="float"/>
                            <param name="Z" type="float"/>
                        </accessor>
                    </technique_common>
                </source>
                <source id="ID376">
                    <float_array id="ID377" count="3">0 0 -1</float_array>
                    <technique_common>
                        <accessor count="1" source="#ID377" stride="3">
                            <param name="X" type="float"/>
                            <param name="Y" type="float"/>
                            <param name="Z" type="float"/>
                        </accessor>
                    </technique_common>
                </source>
                <source id="ID378">
                    <float_array id="ID379" count="2">0 1</float_array>
                    <technique_common>
                        <accessor count="1" source="#ID379" stride="2">
                            <param name="S" type="float"/>
                            <param name="T" type="float"/>
                        </accessor>
                    </technique_common>
                </source>
                <vertices id="ID380">
                    <input semantic="POSITION" source="#ID374"/>
                </vertices>
                <polylist count="3" material="Material1">
                    <input offset="0" semantic="VERTEX" source="#ID380"/>
                    <input offset="1" semantic="NORMAL" source="#ID376"/>
                    <input offset="2" semantic="TEXCOORD" source="#ID378" set="0"/>
                    <vcount>4 4 4</vcount>
                    <p>2 0 0 3 0 0 1 0 0 0 0 0 4 0 0 5 0 0 3 0 0 2 0 0 6 0 0 7 0 0 5 0 0 4 0 0</p>
                </polylist>
            </mesh>
        </geometry>
        <geometry id="ID382">
            <mesh>
                <source id="ID383">
                    <float_array id="ID384" count="96">-16.2396 -4.7463 2.64693 -16.2396 4.7463 2.64693 -12.5261 -6.29359 2.64693 -12.5261 6.29359 2.64693 12.5261 -6.29359 2.64693 12.5261 6.29359 2.64693 16.2396 -4.7463 2.64693 16.2396 4.7463 2.64693 16.2396 -4.7463 -2.64693 16.2396 4.7463 -2.64693 12.5261 -6.29359 -2.64693 12.5261 6.29359 -2.64693 -12.5261 -6.29359 -2.64693 -12.5261 6.29359 -2.64693 -16.2396 -4.7463 -2.64693 -16.2396 4.7463 -2.64693 14.4196 -3.53297 -2.64693 14.4196 3.53297 -2.64693 12.1621 -4.47359 -2.64693 12.1621 4.47359 -2.64693 -12.1621 -4.47359 -2.64693 -12.1621 4.47359 -2.64693 -14.4196 -3.53297 -2.64693 -14.4196 3.53297 -2.64693 14.2096 -3.88822 -0.43933 14.2096 2.89773 -0.43933 12.1201 -4.75884 -0.43933 12.1201 3.76834 -0.43933 -12.1201 -4.75884 -0.43933 -12.1201 3.76834 -0.43933 -14.2096 -3.88822 -0.43933 -14.2096 2.89773 -0.43933</float_array>
                    <technique_common>
                        <accessor count="32" source="#ID384" stride="3">
                            <param name="X" type="float"/>
                            <param name="Y" type="float"/>
                            <param name="Z" type="float"/>
                        </accessor>
                    </technique_common>
                </source>
                <source id="ID385">
                    <float_array id="ID386" count="69">-0.832052 -0.554698 -0 -0.196119 -0.98058 -0 0.196119 -0.98058 -0 0.832052 -0.554698 -0 0.832052 0.554698 -0 0.194852 0.97321 0.122044 0.832329 0.554192 0.0100051 0.533314 0.355098 -0.767777 0.816732 -0.529207 -0.229975 0.472664 -0.306266 -0.826311 0.187409 -0.934655 -0.302155 0.115089 -0.573978 -0.810743 -0.832052 0.554698 -0 -0.196119 0.98058 -0 0.196119 0.98058 -0 0 0 -1 -0.533314 0.355098 -0.767777 -0.115089 -0.573978 -0.810743 -0.472664 -0.306266 -0.826311 -0.832329 0.554192 0.0100052 -0.194852 0.97321 0.122044 -0.187409 -0.934655 -0.302155 -0.816732 -0.529207 -0.229975</float_array>
                    <technique_common>
                        <accessor count="23" source="#ID386" stride="3">
                            <param name="X" type="float"/>
                            <param name="Y" type="float"/>
                            <param name="Z" type="float"/>
                        </accessor>
                    </technique_common>
                </source>
                <source id="ID387">
                    <float_array id="ID388" count="2">0 1</float_array>
                    <technique_common>
                        <accessor count="1" source="#ID388" stride="2">
                            <param name="S" type="float"/>
                            <param name="T" type="float"/>
                        </accessor>
                    </technique_common>
                </source>
                <vertices id="ID389">
                    <input semantic="POSITION" source="#ID383"/>
                </vertices>
                <polylist count="24" material="Material1">
                    <input offset="0" semantic="VERTEX" source="#ID389"/>
                    <input offset="1" semantic="NORMAL" source="#ID385"/>
                    <input offset="2" semantic="TEXCOORD" source="#ID387" set="0"/>
                    <vcount>4 4 4 4 4 4 4 4 4 4 4 4 4 4 4 4 4 4 4 4 4 4 4 4</vcount>
                    <p>12 1 0 2 1 0 0 0 0 14 0 0 10 2 0 4 2 0 2 1 0 12 1 0 8 3 0 6 3 0 4 2 0 10 2 0 8 3 0 9 4 0 7 4 0 6 3 0 22 7 0 30 6 0 28 5 0 20 5 0 23 9 0 31 8 0 30 6 0 22 7 0 21 11 0 29 10 0 31 8 0 23 9 0 0 0 0 1 12 0 15 12 0 14 0 0 3 13 0 13 13 0 15 12 0 1 12 0 5 14 0 11 14 0 13 13 0 3 13 0 7 4 0 9 4 0 11 14 0 5 14 0 10 15 0 18 15 0 16 16 0 8 15 0 9 15 0 17 18 0 19 17 0 11 15 0 8 15 0 16 16 0 17 18 0 9 15 0 12 15 0 20 15 0 18 15 0 10 15 0 11 15 0 19 17 0 21 11 0 13 15 0 14 15 0 22 7 0 20 15 0 12 15 0 15 15 0 23 9 0 22 7 0 14 15 0 13 15 0 21 11 0 23 9 0 15 15 0 18 20 0 26 20 0 24 19 0 16 16 0 17 18 0 25 22 0 27 21 0 19 17 0 16 16 0 24 19 0 25 22 0 17 18 0 20 5 0 28 5 0 26 20 0 18 20 0 19 17 0 27 21 0 29 10 0 21 11 0</p>
                </polylist>
            </mesh>
        </geometry>
        <geometry id="ID391">
            <mesh>
                <source id="ID392">
                    <float_array id="ID393" count="24">14.2096 -3.88823 -0.43933 14.2096 2.89772 -0.43933 12.1201 -4.75885 -0.43933 12.1201 3.76834 -0.43933 -12.1201 -4.75885 -0.43933 -12.1201 3.76834 -0.43933 -14.2096 -3.88823 -0.43933 -14.2096 2.89772 -0.43933</float_array>
                    <technique_common>
                        <accessor count="8" source="#ID393" stride="3">
                            <param name="X" type="float"/>
                            <param name="Y" type="float"/>
                            <param name="Z" type="float"/>
                        </accessor>
                    </technique_common>
                </source>
                <source id="ID394">
                    <float_array id="ID395" count="12">-7.29923e-009 1.35776e-008 -1 -3.64962e-009 1.37788e-008 -1 3.48199e-009 1.37788e-008 -1 6.96398e-009 1.35776e-008 -1</float_array>
                    <technique_common>
                        <accessor count="4" source="#ID395" stride="3">
                            <param name="X" type="float"/>
                            <param name="Y" type="float"/>
                            <param name="Z" type="float"/>
                        </accessor>
                    </technique_common>
                </source>
                <source id="ID396">
                    <float_array id="ID397" count="2">0 1</float_array>
                    <technique_common>
                        <accessor count="1" source="#ID397" stride="2">
                            <param name="S" type="float"/>
                            <param name="T" type="float"/>
                        </accessor>
                    </technique_common>
                </source>
                <vertices id="ID398">
                    <input semantic="POSITION" source="#ID392"/>
                </vertices>
                <polylist count="3" material="Material1">
                    <input offset="0" semantic="VERTEX" source="#ID398"/>
                    <input offset="1" semantic="NORMAL" source="#ID394"/>
                    <input offset="2" semantic="TEXCOORD" source="#ID396" set="0"/>
                    <vcount>4 4 4</vcount>
                    <p>2 1 0 3 1 0 1 0 0 0 0 0 4 2 0 5 2 0 3 1 0 2 1 0 6 3 0 7 3 0 5 2 0 4 2 0</p>
                </polylist>
            </mesh>
        </geometry>
        <geometry id="ID400">
            <mesh>
                <source id="ID401">
                    <float_array id="ID402" count="96">-16.2396 -4.7463 2.64693 -16.2396 4.7463 2.64693 -12.5261 -6.29359 2.64693 -12.5261 6.29359 2.64693 12.5261 -6.29359 2.64693 12.5261 6.29359 2.64693 16.2396 -4.7463 2.64693 16.2396 4.7463 2.64693 16.2396 -4.7463 -2.64693 16.2396 4.7463 -2.64693 12.5261 -6.29359 -2.64693 12.5261 6.29359 -2.64693 -12.5261 -6.29359 -2.64693 -12.5261 6.29359 -2.64693 -16.2396 -4.7463 -2.64693 -16.2396 4.7463 -2.64693 14.4196 -3.53297 -2.64693 14.4196 3.53297 -2.64693 12.1621 -4.47359 -2.64693 12.1621 4.47359 -2.64693 -12.1621 -4.47359 -2.64693 -12.1621 4.47359 -2.64693 -14.4196 -3.53297 -2.64693 -14.4196 3.53297 -2.64693 14.2096 -3.88822 -0.43933 14.2096 2.89773 -0.43933 12.1201 -4.75884 -0.43933 12.1201 3.76834 -0.43933 -12.1201 -4.75884 -0.43933 -12.1201 3.76834 -0.43933 -14.2096 -3.88822 -0.43933 -14.2096 2.89773 -0.43933</float_array>
                    <technique_common>
                        <accessor count="32" source="#ID402" stride="3">
                            <param name="X" type="float"/>
                            <param name="Y" type="float"/>
                            <param name="Z" type="float"/>
                        </accessor>
                    </technique_common>
                </source>
                <source id="ID403">
                    <float_array id="ID404" count="69">-0.832052 -0.554698 -0 -0.196119 -0.98058 -0 0.196119 -0.98058 -0 0.832052 -0.554698 -0 0.832052 0.554698 -0 0.194852 0.97321 0.122044 0.832329 0.554192 0.0100051 0.533314 0.355098 -0.767777 0.816732 -0.529207 -0.229975 0.472664 -0.306266 -0.826311 0.187409 -0.934655 -0.302155 0.115089 -0.573978 -0.810743 -0.832052 0.554698 -0 -0.196119 0.98058 -0 0.196119 0.98058 -0 0 0 -1 -0.533314 0.355098 -0.767777 -0.115089 -0.573978 -0.810743 -0.472664 -0.306266 -0.826311 -0.832329 0.554192 0.0100052 -0.194852 0.97321 0.122044 -0.187409 -0.934655 -0.302155 -0.816732 -0.529207 -0.229975</float_array>
                    <technique_common>
                        <accessor count="23" source="#ID404" stride="3">
                            <param name="X" type="float"/>
                            <param name="Y" type="float"/>
                            <param name="Z" type="float"/>
                        </accessor>
                    </technique_common>
                </source>
                <source id="ID405">
                    <float_array id="ID406" count="2">0 1</float_array>
                    <technique_common>
                        <accessor count="1" source="#ID406" stride="2">
                            <param name="S" type="float"/>
                            <param name="T" type="float"/>
                        </accessor>
                    </technique_common>
                </source>
                <vertices id="ID407">
                    <input semantic="POSITION" source="#ID401"/>
                </vertices>
                <polylist count="24" material="Material1">
                    <input offset="0" semantic="VERTEX" source="#ID407"/>
                    <input offset="1" semantic="NORMAL" source="#ID403"/>
                    <input offset="2" semantic="TEXCOORD" source="#ID405" set="0"/>
                    <vcount>4 4 4 4 4 4 4 4 4 4 4 4 4 4 4 4 4 4 4 4 4 4 4 4</vcount>
                    <p>12 1 0 2 1 0 0 0 0 14 0 0 10 2 0 4 2 0 2 1 0 12 1 0 8 3 0 6 3 0 4 2 0 10 2 0 8 3 0 9 4 0 7 4 0 6 3 0 22 7 0 30 6 0 28 5 0 20 5 0 23 9 0 31 8 0 30 6 0 22 7 0 21 11 0 29 10 0 31 8 0 23 9 0 0 0 0 1 12 0 15 12 0 14 0 0 3 13 0 13 13 0 15 12 0 1 12 0 5 14 0 11 14 0 13 13 0 3 13 0 7 4 0 9 4 0 11 14 0 5 14 0 10 15 0 18 15 0 16 16 0 8 15 0 9 15 0 17 18 0 19 17 0 11 15 0 8 15 0 16 16 0 17 18 0 9 15 0 12 15 0 20 15 0 18 15 0 10 15 0 11 15 0 19 17 0 21 11 0 13 15 0 14 15 0 22 7 0 20 15 0 12 15 0 15 15 0 23 9 0 22 7 0 14 15 0 13 15 0 21 11 0 23 9 0 15 15 0 18 20 0 26 20 0 24 19 0 16 16 0 17 18 0 25 22 0 27 21 0 19 17 0 16 16 0 24 19 0 25 22 0 17 18 0 20 5 0 28 5 0 26 20 0 18 20 0 19 17 0 27 21 0 29 10 0 21 11 0</p>
                </polylist>
            </mesh>
        </geometry>
        <geometry id="ID409">
            <mesh>
                <source id="ID410">
                    <float_array id="ID411" count="24">14.2096 -3.88822 -0.43933 14.2096 2.89773 -0.43933 12.1201 -4.75884 -0.43933 12.1201 3.76834 -0.43933 -12.1201 -4.75884 -0.43933 -12.1201 3.76834 -0.43933 -14.2096 -3.88822 -0.43933 -14.2096 2.89773 -0.43933</float_array>
                    <technique_common>
                        <accessor count="8" source="#ID411" stride="3">
                            <param name="X" type="float"/>
                            <param name="Y" type="float"/>
                            <param name="Z" type="float"/>
                        </accessor>
                    </technique_common>
                </source>
                <source id="ID412">
                    <float_array id="ID413" count="3">0 0 -1</float_array>
                    <technique_common>
                        <accessor count="1" source="#ID413" stride="3">
                            <param name="X" type="float"/>
                            <param name="Y" type="float"/>
                            <param name="Z" type="float"/>
                        </accessor>
                    </technique_common>
                </source>
                <source id="ID414">
                    <float_array id="ID415" count="2">0 1</float_array>
                    <technique_common>
                        <accessor count="1" source="#ID415" stride="2">
                            <param name="S" type="float"/>
                            <param name="T" type="float"/>
                        </accessor>
                    </technique_common>
                </source>
                <vertices id="ID416">
                    <input semantic="POSITION" source="#ID410"/>
                </vertices>
                <polylist count="3" material="Material1">
                    <input offset="0" semantic="VERTEX" source="#ID416"/>
                    <input offset="1" semantic="NORMAL" source="#ID412"/>
                    <input offset="2" semantic="TEXCOORD" source="#ID414" set="0"/>
                    <vcount>4 4 4</vcount>
                    <p>2 0 0 3 0 0 1 0 0 0 0 0 4 0 0 5 0 0 3 0 0 2 0 0 6 0 0 7 0 0 5 0 0 4 0 0</p>
                </polylist>
            </mesh>
        </geometry>
        <geometry id="ID419">
            <mesh>
                <source id="ID420">
                    <float_array id="ID421" count="186">-10.1747 -4.76833e-007 -7.62939e-006 7.29924 -4.76833e-007 -7.62939e-006 -10.1747 -23.807 -7.49424e-006 10.1747 -23.807 -7.49424e-006 -10.1747 -19.2603 -13.9934 10.1747 -19.2603 -13.9934 -10.1747 -7.35676 -22.6418 10.1747 -7.35676 -22.6418 -10.1747 7.35676 -22.6418 10.1747 7.35676 -22.6418 -10.1747 19.2603 -13.9934 10.1747 19.2603 -13.9934 -10.1747 23.807 -5.41297e-006 10.1747 23.807 -5.41297e-006 -10.1747 19.2602 13.9934 10.1747 19.2602 13.9934 -10.1747 7.35675 22.6418 10.1747 7.35675 22.6418 -10.1747 -7.35677 22.6418 10.1747 -7.35677 22.6418 -10.1747 -19.2602 13.9934 10.1747 -19.2602 13.9934 10.1747 -11.7059 -8.36473e-006 10.1747 -9.47029 -6.88058 10.1747 -3.61733 -11.133 10.1747 3.61733 -11.133 10.1747 9.47029 -6.88058 10.1747 11.7059 -5.97372e-006 10.1747 9.47029 6.88057 10.1747 3.61732 11.133 10.1747 -3.61733 11.133 10.1747 -9.47029 6.88057 7.29924 -7.04721 -8.36473e-006 7.29924 -5.70132 -4.14226 7.29924 -2.17771 -6.70231 7.29924 2.17771 -6.7023 7.29924 5.70131 -4.14225 7.29924 7.04721 -6.04671e-006 7.29924 5.70131 4.14224 7.29924 2.1777 6.70229 7.29924 -2.17771 6.70229 7.29924 -5.70131 4.14224 -5.67872 -27.35 -7.62939e-006 5.67874 -27.35 -7.62939e-006 -5.67872 -22.1266 -16.0759 5.67874 -22.1266 -16.0759 -5.67872 -8.45162 -26.0114 5.67874 -8.45162 -26.0114 -5.67872 8.45162 -26.0114 5.67874 8.45162 -26.0114 -5.67872 22.1266 -16.0759 5.67874 22.1266 -16.0759 -5.67872 27.35 -5.23838e-006 5.67874 27.35 -5.23838e-006 -5.67872 22.1266 16.0759 5.67874 22.1266 16.0759 -5.67872 8.45161 26.0114 5.67874 8.45161 26.0114 -5.67872 -8.45162 26.0114 5.67874 -8.45162 26.0114 -5.67872 -22.1266 16.0759 5.67874 -22.1266 16.0759</float_array>
                    <technique_common>
                        <accessor count="62" source="#ID421" stride="3">
                            <param name="X" type="float"/>
                            <param name="Y" type="float"/>
                            <param name="Z" type="float"/>
                        </accessor>
                    </technique_common>
                </source>
                <source id="ID422">
                    <float_array id="ID423" count="174">-1 0 -0 -0.903022 -0.429595 4.20574e-008 -0.903022 -0.347549 -0.252509 -0.330594 -0.943773 4.92846e-008 0.330594 -0.943773 3.28564e-008 0.330593 -0.763529 -0.554736 -0.330594 -0.763529 -0.554736 0.962572 0.271027 -0 1 0 -0 0.962572 0.219266 0.159306 -0.903022 -0.132752 -0.408569 0.330593 -0.291642 -0.897582 -0.330594 -0.291642 -0.897582 0.962572 0.083752 0.257762 -0.903022 0.132752 -0.408569 0.330593 0.291642 -0.897582 -0.330594 0.291642 -0.897582 0.962572 -0.083752 0.257762 -0.903022 0.347549 -0.252509 0.330593 0.763529 -0.554736 -0.330594 0.763529 -0.554736 0.962572 -0.219266 0.159306 -0.903022 0.429595 3.36459e-008 0.330593 0.943773 5.74987e-008 -0.330594 0.943773 4.10705e-008 0.962572 -0.271027 -1.95008e-008 -0.903022 0.347549 0.252509 0.330594 0.763529 0.554736 -0.330594 0.763528 0.554736 0.962572 -0.219265 -0.159306 -0.903022 0.132752 0.408569 0.330594 0.291642 0.897582 -0.330594 0.291642 0.897582 0.962572 -0.0837519 -0.257762 -0.903022 -0.132752 0.408569 0.330594 -0.291642 0.897582 -0.330594 -0.291642 0.897582 0.962572 0.0837521 -0.257762 -0.903022 -0.347549 0.252509 0.330594 -0.763529 0.554736 -0.330594 -0.763529 0.554736 0.962572 0.219266 -0.159306 0.903022 -0.429595 2.52344e-008 0.903022 -0.347549 -0.252509 0.962572 0.083752 0.257762 0.903022 -0.132752 -0.408569 0.962572 -0.083752 0.257762 0.903022 0.132752 -0.408569 0.962572 -0.219266 0.159306 0.903022 0.347549 -0.252509 0.903022 0.429595 4.20574e-008 0.962572 -0.219265 -0.159306 0.903022 0.347549 0.252509 0.962572 -0.0837519 -0.257762 0.903022 0.132752 0.408569 0.962572 0.0837521 -0.257762 0.903022 -0.132752 0.408569 0.903022 -0.347549 0.252509</float_array>
                    <technique_common>
                        <accessor count="58" source="#ID423" stride="3">
                            <param name="X" type="float"/>
                            <param name="Y" type="float"/>
                            <param name="Z" type="float"/>
                        </accessor>
                    </technique_common>
                </source>
                <source id="ID424">
                    <float_array id="ID425" count="2">0 1</float_array>
                    <technique_common>
                        <accessor count="1" source="#ID425" stride="2">
                            <param name="S" type="float"/>
                            <param name="T" type="float"/>
                        </accessor>
                    </technique_common>
                </source>
                <vertices id="ID426">
                    <input semantic="POSITION" source="#ID420"/>
                </vertices>
                <polylist count="70" material="Material1">
                    <input offset="0" semantic="VERTEX" source="#ID426"/>
                    <input offset="1" semantic="NORMAL" source="#ID422"/>
                    <input offset="2" semantic="TEXCOORD" source="#ID424" set="0"/>
                    <vcount>3 4 3 3 4 3 3 4 3 3 4 3 3 4 3 3 4 3 3 4 3 3 4 3 3 4 3 3 4 3 4 4 4 4 4 4 4 4 4 4 4 4 4 4 4 4 4 4 4 4 4 4 4 4 4 4 4 4 4 4 4 4 4 4 4 4 4 4 4 4</vcount>
                    <p>4 2 0 2 1 0 0 0 0 44 6 0 45 5 0 43 4 0 42 3 0 33 9 0 1 8 0 32 7 0 6 10 0 4 2 0 0 0 0 46 12 0 47 11 0 45 5 0 44 6 0 34 13 0 1 8 0 33 9 0 8 14 0 6 10 0 0 0 0 48 16 0 49 15 0 47 11 0 46 12 0 35 17 0 1 8 0 34 13 0 10 18 0 8 14 0 0 0 0 50 20 0 51 19 0 49 15 0 48 16 0 36 21 0 1 8 0 35 17 0 12 22 0 10 18 0 0 0 0 52 24 0 53 23 0 51 19 0 50 20 0 37 25 0 1 8 0 36 21 0 14 26 0 12 22 0 0 0 0 54 28 0 55 27 0 53 23 0 52 24 0 38 29 0 1 8 0 37 25 0 16 30 0 14 26 0 0 0 0 56 32 0 57 31 0 55 27 0 54 28 0 39 33 0 1 8 0 38 29 0 18 34 0 16 30 0 0 0 0 58 36 0 59 35 0 57 31 0 56 32 0 40 37 0 1 8 0 39 33 0 20 38 0 18 34 0 0 0 0 60 40 0 61 39 0 59 35 0 58 36 0 41 41 0 1 8 0 40 37 0 2 1 0 20 38 0 0 0 0 42 3 0 43 4 0 61 39 0 60 40 0 32 7 0 1 8 0 41 41 0 5 43 0 23 9 0 22 7 0 3 42 0 7 45 0 24 44 0 23 9 0 5 43 0 9 47 0 25 46 0 24 44 0 7 45 0 11 49 0 26 48 0 25 46 0 9 47 0 13 50 0 27 25 0 26 48 0 11 49 0 15 52 0 28 51 0 27 25 0 13 50 0 17 54 0 29 53 0 28 51 0 15 52 0 19 56 0 30 55 0 29 53 0 17 54 0 21 57 0 31 41 0 30 55 0 19 56 0 3 42 0 22 7 0 31 41 0 21 57 0 23 9 0 33 9 0 32 7 0 22 7 0 24 44 0 34 13 0 33 9 0 23 9 0 25 46 0 35 17 0 34 13 0 24 44 0 26 48 0 36 21 0 35 17 0 25 46 0 27 25 0 37 25 0 36 21 0 26 48 0 28 51 0 38 29 0 37 25 0 27 25 0 29 53 0 39 33 0 38 29 0 28 51 0 30 55 0 40 37 0 39 33 0 29 53 0 31 41 0 41 41 0 40 37 0 30 55 0 22 7 0 32 7 0 41 41 0 31 41 0 4 2 0 44 6 0 42 3 0 2 1 0 3 42 0 43 4 0 45 5 0 5 43 0 6 10 0 46 12 0 44 6 0 4 2 0 5 43 0 45 5 0 47 11 0 7 45 0 8 14 0 48 16 0 46 12 0 6 10 0 7 45 0 47 11 0 49 15 0 9 47 0 10 18 0 50 20 0 48 16 0 8 14 0 9 47 0 49 15 0 51 19 0 11 49 0 12 22 0 52 24 0 50 20 0 10 18 0 11 49 0 51 19 0 53 23 0 13 50 0 14 26 0 54 28 0 52 24 0 12 22 0 13 50 0 53 23 0 55 27 0 15 52 0 16 30 0 56 32 0 54 28 0 14 26 0 15 52 0 55 27 0 57 31 0 17 54 0 18 34 0 58 36 0 56 32 0 16 30 0 17 54 0 57 31 0 59 35 0 19 56 0 20 38 0 60 40 0 58 36 0 18 34 0 19 56 0 59 35 0 61 39 0 21 57 0 2 1 0 42 3 0 60 40 0 20 38 0 21 57 0 61 39 0 43 4 0 3 42 0</p>
                </polylist>
            </mesh>
        </geometry>
        <geometry id="ID428">
            <mesh>
                <source id="ID429">
                    <float_array id="ID430" count="186">-10.1747 -4.76836e-007 -7.62939e-006 7.29923 -4.76836e-007 -7.62939e-006 -10.1747 -23.807 -7.49424e-006 10.1747 -23.807 -7.49424e-006 -10.1747 -19.2603 -13.9934 10.1747 -19.2603 -13.9934 -10.1747 -7.35676 -22.6418 10.1747 -7.35676 -22.6418 -10.1747 7.35676 -22.6418 10.1747 7.35676 -22.6418 -10.1747 19.2603 -13.9934 10.1747 19.2603 -13.9934 -10.1747 23.807 -5.41297e-006 10.1747 23.807 -5.41297e-006 -10.1747 19.2602 13.9934 10.1747 19.2602 13.9934 -10.1747 7.35675 22.6418 10.1747 7.35675 22.6418 -10.1747 -7.35677 22.6418 10.1747 -7.35677 22.6418 -10.1747 -19.2602 13.9934 10.1747 -19.2602 13.9934 10.1747 -11.7059 -8.36473e-006 10.1747 -9.47029 -6.88058 10.1747 -3.61733 -11.133 10.1747 3.61733 -11.133 10.1747 9.47029 -6.88058 10.1747 11.7059 -5.97372e-006 10.1747 9.47029 6.88057 10.1747 3.61732 11.133 10.1747 -3.61733 11.133 10.1747 -9.47029 6.88057 7.29923 -7.04721 -8.36473e-006 7.29923 -5.70132 -4.14226 7.29923 -2.17771 -6.70231 7.29923 2.17771 -6.7023 7.29923 5.70131 -4.14225 7.29923 7.04721 -6.04671e-006 7.29923 5.70131 4.14224 7.29923 2.1777 6.70229 7.29923 -2.17771 6.70229 7.29923 -5.70131 4.14224 -5.67873 -27.35 -7.62939e-006 5.67873 -27.35 -7.62939e-006 -5.67873 -22.1266 -16.0759 5.67873 -22.1266 -16.0759 -5.67873 -8.45162 -26.0114 5.67873 -8.45162 -26.0114 -5.67873 8.45162 -26.0114 5.67873 8.45162 -26.0114 -5.67873 22.1266 -16.0759 5.67873 22.1266 -16.0759 -5.67873 27.35 -5.23838e-006 5.67873 27.35 -5.23838e-006 -5.67873 22.1266 16.0759 5.67873 22.1266 16.0759 -5.67873 8.45161 26.0114 5.67873 8.45161 26.0114 -5.67873 -8.45162 26.0114 5.67873 -8.45162 26.0114 -5.67873 -22.1266 16.0759 5.67873 -22.1266 16.0759</float_array>
                    <technique_common>
                        <accessor count="62" source="#ID430" stride="3">
                            <param name="X" type="float"/>
                            <param name="Y" type="float"/>
                            <param name="Z" type="float"/>
                        </accessor>
                    </technique_common>
                </source>
                <source id="ID431">
                    <float_array id="ID432" count="168">-1 0 -0 -0.903022 -0.429595 2.52344e-008 -0.903022 -0.347549 -0.252509 -0.330594 -0.943773 3.28564e-008 0.330594 -0.943773 4.10705e-008 0.330593 -0.763529 -0.554736 -0.330594 -0.763529 -0.554736 0.962572 0.271027 7.80031e-009 1 0 -0 0.962572 0.219266 0.159306 -0.903022 -0.132752 -0.408569 0.330594 -0.291642 -0.897582 -0.330594 -0.291642 -0.897582 0.962572 0.0837519 0.257762 -0.903022 0.132752 -0.408569 0.330594 0.291642 -0.897582 -0.330594 0.291642 -0.897582 0.962572 -0.083752 0.257762 -0.903022 0.347549 -0.252509 0.330594 0.763529 -0.554736 -0.330594 0.763529 -0.554736 0.962572 -0.219265 0.159306 -0.903022 0.429595 3.36459e-008 0.330594 0.943773 3.28564e-008 -0.330594 0.943773 4.10705e-008 0.962572 -0.271027 -1.17005e-008 -0.903022 0.347549 0.252509 0.330594 0.763528 0.554736 -0.330594 0.763528 0.554736 0.962572 -0.219265 -0.159306 -0.903022 0.132752 0.408569 0.330594 0.291642 0.897582 -0.330594 0.291642 0.897582 0.962572 -0.0837519 -0.257762 -0.903022 -0.132752 0.408569 0.330594 -0.291642 0.897582 -0.330594 -0.291642 0.897582 0.962572 0.083752 -0.257762 -0.903022 -0.347549 0.252509 0.330594 -0.763529 0.554736 -0.330594 -0.763529 0.554736 0.962572 0.219266 -0.159306 0.903022 -0.429595 3.36459e-008 0.903022 -0.347549 -0.252509 0.903022 -0.132752 -0.408569 0.903022 0.132752 -0.408569 0.903022 0.347549 -0.252509 0.962572 -0.271027 -1.17005e-008 0.903022 0.429595 2.10287e-008 0.962572 -0.219265 -0.159306 0.903022 0.347549 0.252509 0.903022 0.132752 0.408569 0.962572 0.083752 -0.257762 0.903022 -0.132752 0.408569 0.962572 0.219266 -0.159306 0.903022 -0.347549 0.252509</float_array>
                    <technique_common>
                        <accessor count="56" source="#ID432" stride="3">
                            <param name="X" type="float"/>
                            <param name="Y" type="float"/>
                            <param name="Z" type="float"/>
                        </accessor>
                    </technique_common>
                </source>
                <source id="ID433">
                    <float_array id="ID434" count="2">0 1</float_array>
                    <technique_common>
                        <accessor count="1" source="#ID434" stride="2">
                            <param name="S" type="float"/>
                            <param name="T" type="float"/>
                        </accessor>
                    </technique_common>
                </source>
                <vertices id="ID435">
                    <input semantic="POSITION" source="#ID429"/>
                </vertices>
                <polylist count="70" material="Material1">
                    <input offset="0" semantic="VERTEX" source="#ID435"/>
                    <input offset="1" semantic="NORMAL" source="#ID431"/>
                    <input offset="2" semantic="TEXCOORD" source="#ID433" set="0"/>
                    <vcount>3 4 3 3 4 3 3 4 3 3 4 3 3 4 3 3 4 3 3 4 3 3 4 3 3 4 3 3 4 3 4 4 4 4 4 4 4 4 4 4 4 4 4 4 4 4 4 4 4 4 4 4 4 4 4 4 4 4 4 4 4 4 4 4 4 4 4 4 4 4</vcount>
                    <p>4 2 0 2 1 0 0 0 0 44 6 0 45 5 0 43 4 0 42 3 0 33 9 0 1 8 0 32 7 0 6 10 0 4 2 0 0 0 0 46 12 0 47 11 0 45 5 0 44 6 0 34 13 0 1 8 0 33 9 0 8 14 0 6 10 0 0 0 0 48 16 0 49 15 0 47 11 0 46 12 0 35 17 0 1 8 0 34 13 0 10 18 0 8 14 0 0 0 0 50 20 0 51 19 0 49 15 0 48 16 0 36 21 0 1 8 0 35 17 0 12 22 0 10 18 0 0 0 0 52 24 0 53 23 0 51 19 0 50 20 0 37 25 0 1 8 0 36 21 0 14 26 0 12 22 0 0 0 0 54 28 0 55 27 0 53 23 0 52 24 0 38 29 0 1 8 0 37 25 0 16 30 0 14 26 0 0 0 0 56 32 0 57 31 0 55 27 0 54 28 0 39 33 0 1 8 0 38 29 0 18 34 0 16 30 0 0 0 0 58 36 0 59 35 0 57 31 0 56 32 0 40 37 0 1 8 0 39 33 0 20 38 0 18 34 0 0 0 0 60 40 0 61 39 0 59 35 0 58 36 0 41 41 0 1 8 0 40 37 0 2 1 0 20 38 0 0 0 0 42 3 0 43 4 0 61 39 0 60 40 0 32 7 0 1 8 0 41 41 0 5 43 0 23 9 0 22 7 0 3 42 0 7 44 0 24 13 0 23 9 0 5 43 0 9 45 0 25 17 0 24 13 0 7 44 0 11 46 0 26 21 0 25 17 0 9 45 0 13 48 0 27 47 0 26 21 0 11 46 0 15 50 0 28 49 0 27 47 0 13 48 0 17 51 0 29 33 0 28 49 0 15 50 0 19 53 0 30 52 0 29 33 0 17 51 0 21 55 0 31 54 0 30 52 0 19 53 0 3 42 0 22 7 0 31 54 0 21 55 0 23 9 0 33 9 0 32 7 0 22 7 0 24 13 0 34 13 0 33 9 0 23 9 0 25 17 0 35 17 0 34 13 0 24 13 0 26 21 0 36 21 0 35 17 0 25 17 0 27 47 0 37 25 0 36 21 0 26 21 0 28 49 0 38 29 0 37 25 0 27 47 0 29 33 0 39 33 0 38 29 0 28 49 0 30 52 0 40 37 0 39 33 0 29 33 0 31 54 0 41 41 0 40 37 0 30 52 0 22 7 0 32 7 0 41 41 0 31 54 0 4 2 0 44 6 0 42 3 0 2 1 0 3 42 0 43 4 0 45 5 0 5 43 0 6 10 0 46 12 0 44 6 0 4 2 0 5 43 0 45 5 0 47 11 0 7 44 0 8 14 0 48 16 0 46 12 0 6 10 0 7 44 0 47 11 0 49 15 0 9 45 0 10 18 0 50 20 0 48 16 0 8 14 0 9 45 0 49 15 0 51 19 0 11 46 0 12 22 0 52 24 0 50 20 0 10 18 0 11 46 0 51 19 0 53 23 0 13 48 0 14 26 0 54 28 0 52 24 0 12 22 0 13 48 0 53 23 0 55 27 0 15 50 0 16 30 0 56 32 0 54 28 0 14 26 0 15 50 0 55 27 0 57 31 0 17 51 0 18 34 0 58 36 0 56 32 0 16 30 0 17 51 0 57 31 0 59 35 0 19 53 0 20 38 0 60 40 0 58 36 0 18 34 0 19 53 0 59 35 0 61 39 0 21 55 0 2 1 0 42 3 0 60 40 0 20 38 0 21 55 0 61 39 0 43 4 0 3 42 0</p>
                </polylist>
            </mesh>
        </geometry>
        <geometry id="ID437">
            <mesh>
                <source id="ID438">
                    <float_array id="ID439" count="186">-12.5658 -5.88898e-007 -9.4223e-006 9.01455 -5.88898e-007 -9.4223e-006 -12.5658 -29.4016 -9.25538e-006 12.5658 -29.4016 -9.25538e-006 -12.5658 -23.7864 -17.2818 12.5658 -23.7864 -17.2818 -12.5658 -9.0856 -27.9626 12.5658 -9.0856 -27.9626 -12.5658 9.0856 -27.9626 12.5658 9.0856 -27.9626 -12.5658 23.7864 -17.2818 12.5658 23.7864 -17.2818 -12.5658 29.4016 -6.68501e-006 12.5658 29.4016 -6.68501e-006 -12.5658 23.7864 17.2818 12.5658 23.7864 17.2818 -12.5658 9.08559 27.9626 12.5658 9.08559 27.9626 -12.5658 -9.08561 27.9626 12.5658 -9.08561 27.9626 -12.5658 -23.7864 17.2818 12.5658 -23.7864 17.2818 12.5658 -14.4568 -1.03304e-005 12.5658 -11.6958 -8.49751 12.5658 -4.4674 -13.7493 12.5658 4.4674 -13.7493 12.5658 11.6958 -8.49751 12.5658 14.4568 -7.37754e-006 12.5658 11.6958 8.4975 12.5658 4.4674 13.7492 12.5658 -4.46741 13.7492 12.5658 -11.6958 8.4975 9.01455 -8.70331 -1.03304e-005 9.01455 -7.04112 -5.11569 9.01455 -2.68947 -8.27735 9.01455 2.68947 -8.27735 9.01455 7.04112 -5.11568 9.01455 8.70331 -7.46768e-006 9.01455 7.04112 5.11567 9.01455 2.68946 8.27733 9.01455 -2.68947 8.27733 9.01455 -7.04112 5.11567 -7.01324 -33.7773 -9.4223e-006 7.01323 -33.7773 -9.4223e-006 -7.01324 -27.3264 -19.8538 7.01323 -27.3264 -19.8538 -7.01324 -10.4377 -32.1241 7.01323 -10.4377 -32.1241 -7.01324 10.4377 -32.1241 7.01323 10.4377 -32.1241 -7.01324 27.3264 -19.8538 7.01323 27.3264 -19.8538 -7.01324 33.7773 -6.4694e-006 7.01323 33.7773 -6.4694e-006 -7.01324 27.3264 19.8538 7.01323 27.3264 19.8538 -7.01324 10.4377 32.1241 7.01323 10.4377 32.1241 -7.01324 -10.4378 32.1241 7.01323 -10.4378 32.1241 -7.01324 -27.3264 19.8538 7.01323 -27.3264 19.8538</float_array>
                    <technique_common>
                        <accessor count="62" source="#ID439" stride="3">
                            <param name="X" type="float"/>
                            <param name="Y" type="float"/>
                            <param name="Z" type="float"/>
                        </accessor>
                    </technique_common>
                </source>
                <source id="ID440">
                    <float_array id="ID441" count="156">-1 0 -0 -0.903022 -0.429595 1.68229e-008 -0.903022 -0.347549 -0.252509 -0.330594 -0.943773 3.28564e-008 0.330594 -0.943773 2.46423e-008 0.330593 -0.763529 -0.554736 -0.330593 -0.763529 -0.554736 0.962572 0.271027 3.90016e-009 1 0 -0 0.962572 0.219266 0.159306 -0.903022 -0.132752 -0.408569 0.330593 -0.291642 -0.897582 -0.330593 -0.291642 -0.897582 0.962572 0.0837519 0.257762 -0.903022 0.132752 -0.408569 0.330593 0.291642 -0.897582 -0.330593 0.291642 -0.897582 0.962572 -0.083752 0.257762 -0.903022 0.347549 -0.252509 0.330593 0.763529 -0.554736 -0.330593 0.763529 -0.554736 0.962572 -0.219265 0.159306 -0.903022 0.429595 1.26172e-008 0.330594 0.943773 4.10705e-008 -0.330594 0.943773 4.10705e-008 0.962572 -0.271027 -1.95008e-008 -0.903022 0.347549 0.252509 0.330594 0.763528 0.554736 -0.330594 0.763529 0.554736 0.962572 -0.219265 -0.159306 -0.903022 0.132752 0.408569 0.330594 0.291642 0.897582 -0.330594 0.291642 0.897582 0.962572 -0.0837519 -0.257762 -0.903022 -0.132752 0.408569 0.330594 -0.291642 0.897582 -0.330594 -0.291642 0.897582 0.962572 0.083752 -0.257762 -0.903022 -0.347549 0.252509 0.330594 -0.763529 0.554736 -0.330594 -0.763529 0.554736 0.962572 0.219266 -0.159306 0.903022 -0.429595 8.41147e-009 0.903022 -0.347549 -0.252509 0.903022 -0.132752 -0.408569 0.903022 0.132752 -0.408569 0.903022 0.347549 -0.252509 0.903022 0.429595 1.68229e-008 0.903022 0.347549 0.252509 0.903022 0.132752 0.408569 0.903022 -0.132752 0.408569 0.903022 -0.347549 0.252509</float_array>
                    <technique_common>
                        <accessor count="52" source="#ID441" stride="3">
                            <param name="X" type="float"/>
                            <param name="Y" type="float"/>
                            <param name="Z" type="float"/>
                        </accessor>
                    </technique_common>
                </source>
                <source id="ID442">
                    <float_array id="ID443" count="2">0 1</float_array>
                    <technique_common>
                        <accessor count="1" source="#ID443" stride="2">
                            <param name="S" type="float"/>
                            <param name="T" type="float"/>
                        </accessor>
                    </technique_common>
                </source>
                <vertices id="ID444">
                    <input semantic="POSITION" source="#ID438"/>
                </vertices>
                <polylist count="70" material="Material1">
                    <input offset="0" semantic="VERTEX" source="#ID444"/>
                    <input offset="1" semantic="NORMAL" source="#ID440"/>
                    <input offset="2" semantic="TEXCOORD" source="#ID442" set="0"/>
                    <vcount>3 4 3 3 4 3 3 4 3 3 4 3 3 4 3 3 4 3 3 4 3 3 4 3 3 4 3 3 4 3 4 4 4 4 4 4 4 4 4 4 4 4 4 4 4 4 4 4 4 4 4 4 4 4 4 4 4 4 4 4 4 4 4 4 4 4 4 4 4 4</vcount>
                    <p>4 2 0 2 1 0 0 0 0 44 6 0 45 5 0 43 4 0 42 3 0 33 9 0 1 8 0 32 7 0 6 10 0 4 2 0 0 0 0 46 12 0 47 11 0 45 5 0 44 6 0 34 13 0 1 8 0 33 9 0 8 14 0 6 10 0 0 0 0 48 16 0 49 15 0 47 11 0 46 12 0 35 17 0 1 8 0 34 13 0 10 18 0 8 14 0 0 0 0 50 20 0 51 19 0 49 15 0 48 16 0 36 21 0 1 8 0 35 17 0 12 22 0 10 18 0 0 0 0 52 24 0 53 23 0 51 19 0 50 20 0 37 25 0 1 8 0 36 21 0 14 26 0 12 22 0 0 0 0 54 28 0 55 27 0 53 23 0 52 24 0 38 29 0 1 8 0 37 25 0 16 30 0 14 26 0 0 0 0 56 32 0 57 31 0 55 27 0 54 28 0 39 33 0 1 8 0 38 29 0 18 34 0 16 30 0 0 0 0 58 36 0 59 35 0 57 31 0 56 32 0 40 37 0 1 8 0 39 33 0 20 38 0 18 34 0 0 0 0 60 40 0 61 39 0 59 35 0 58 36 0 41 41 0 1 8 0 40 37 0 2 1 0 20 38 0 0 0 0 42 3 0 43 4 0 61 39 0 60 40 0 32 7 0 1 8 0 41 41 0 5 43 0 23 9 0 22 7 0 3 42 0 7 44 0 24 13 0 23 9 0 5 43 0 9 45 0 25 17 0 24 13 0 7 44 0 11 46 0 26 21 0 25 17 0 9 45 0 13 47 0 27 25 0 26 21 0 11 46 0 15 48 0 28 29 0 27 25 0 13 47 0 17 49 0 29 33 0 28 29 0 15 48 0 19 50 0 30 37 0 29 33 0 17 49 0 21 51 0 31 41 0 30 37 0 19 50 0 3 42 0 22 7 0 31 41 0 21 51 0 23 9 0 33 9 0 32 7 0 22 7 0 24 13 0 34 13 0 33 9 0 23 9 0 25 17 0 35 17 0 34 13 0 24 13 0 26 21 0 36 21 0 35 17 0 25 17 0 27 25 0 37 25 0 36 21 0 26 21 0 28 29 0 38 29 0 37 25 0 27 25 0 29 33 0 39 33 0 38 29 0 28 29 0 30 37 0 40 37 0 39 33 0 29 33 0 31 41 0 41 41 0 40 37 0 30 37 0 22 7 0 32 7 0 41 41 0 31 41 0 4 2 0 44 6 0 42 3 0 2 1 0 3 42 0 43 4 0 45 5 0 5 43 0 6 10 0 46 12 0 44 6 0 4 2 0 5 43 0 45 5 0 47 11 0 7 44 0 8 14 0 48 16 0 46 12 0 6 10 0 7 44 0 47 11 0 49 15 0 9 45 0 10 18 0 50 20 0 48 16 0 8 14 0 9 45 0 49 15 0 51 19 0 11 46 0 12 22 0 52 24 0 50 20 0 10 18 0 11 46 0 51 19 0 53 23 0 13 47 0 14 26 0 54 28 0 52 24 0 12 22 0 13 47 0 53 23 0 55 27 0 15 48 0 16 30 0 56 32 0 54 28 0 14 26 0 15 48 0 55 27 0 57 31 0 17 49 0 18 34 0 58 36 0 56 32 0 16 30 0 17 49 0 57 31 0 59 35 0 19 50 0 20 38 0 60 40 0 58 36 0 18 34 0 19 50 0 59 35 0 61 39 0 21 51 0 2 1 0 42 3 0 60 40 0 20 38 0 21 51 0 61 39 0 43 4 0 3 42 0</p>
                </polylist>
            </mesh>
        </geometry>
        <geometry id="ID446">
            <mesh>
                <source id="ID447">
                    <float_array id="ID448" count="186">-12.5658 -5.88894e-007 -9.4223e-006 9.01456 -5.88894e-007 -9.4223e-006 -12.5658 -29.4016 -9.25538e-006 12.5658 -29.4016 -9.25538e-006 -12.5658 -23.7864 -17.2818 12.5658 -23.7864 -17.2818 -12.5658 -9.0856 -27.9626 12.5658 -9.0856 -27.9626 -12.5658 9.0856 -27.9626 12.5658 9.0856 -27.9626 -12.5658 23.7864 -17.2818 12.5658 23.7864 -17.2818 -12.5658 29.4016 -6.68501e-006 12.5658 29.4016 -6.68501e-006 -12.5658 23.7864 17.2818 12.5658 23.7864 17.2818 -12.5658 9.08559 27.9626 12.5658 9.08559 27.9626 -12.5658 -9.08561 27.9626 12.5658 -9.08561 27.9626 -12.5658 -23.7864 17.2818 12.5658 -23.7864 17.2818 12.5658 -14.4568 -1.03304e-005 12.5658 -11.6958 -8.49751 12.5658 -4.4674 -13.7493 12.5658 4.4674 -13.7493 12.5658 11.6958 -8.49751 12.5658 14.4568 -7.37754e-006 12.5658 11.6958 8.4975 12.5658 4.4674 13.7492 12.5658 -4.46741 13.7492 12.5658 -11.6958 8.4975 9.01456 -8.70331 -1.03304e-005 9.01456 -7.04112 -5.11569 9.01456 -2.68947 -8.27735 9.01456 2.68947 -8.27735 9.01456 7.04112 -5.11568 9.01456 8.70331 -7.46768e-006 9.01456 7.04112 5.11567 9.01456 2.68946 8.27733 9.01456 -2.68947 8.27733 9.01456 -7.04112 5.11567 -7.01323 -33.7773 -9.4223e-006 7.01324 -33.7773 -9.4223e-006 -7.01323 -27.3264 -19.8538 7.01324 -27.3264 -19.8538 -7.01323 -10.4377 -32.1241 7.01324 -10.4377 -32.1241 -7.01323 10.4377 -32.1241 7.01324 10.4377 -32.1241 -7.01323 27.3264 -19.8538 7.01324 27.3264 -19.8538 -7.01323 33.7773 -6.4694e-006 7.01324 33.7773 -6.4694e-006 -7.01323 27.3264 19.8538 7.01324 27.3264 19.8538 -7.01323 10.4377 32.1241 7.01324 10.4377 32.1241 -7.01323 -10.4378 32.1241 7.01324 -10.4378 32.1241 -7.01323 -27.3264 19.8538 7.01324 -27.3264 19.8538</float_array>
                    <technique_common>
                        <accessor count="62" source="#ID448" stride="3">
                            <param name="X" type="float"/>
                            <param name="Y" type="float"/>
                            <param name="Z" type="float"/>
                        </accessor>
                    </technique_common>
                </source>
                <source id="ID449">
                    <float_array id="ID450" count="156">-1 0 -0 -0.903022 -0.429595 1.68229e-008 -0.903022 -0.347549 -0.252509 -0.330594 -0.943773 3.28564e-008 0.330594 -0.943773 2.46423e-008 0.330593 -0.763529 -0.554736 -0.330593 -0.763529 -0.554736 0.962572 0.271027 3.90016e-009 1 0 -0 0.962572 0.219266 0.159306 -0.903022 -0.132752 -0.408569 0.330593 -0.291642 -0.897582 -0.330593 -0.291642 -0.897582 0.962572 0.0837519 0.257762 -0.903022 0.132752 -0.408569 0.330593 0.291642 -0.897582 -0.330593 0.291642 -0.897582 0.962572 -0.083752 0.257762 -0.903022 0.347549 -0.252509 0.330593 0.763529 -0.554736 -0.330593 0.763529 -0.554736 0.962572 -0.219265 0.159306 -0.903022 0.429595 1.26172e-008 0.330594 0.943773 4.10705e-008 -0.330594 0.943773 4.10705e-008 0.962572 -0.271027 -1.95008e-008 -0.903022 0.347549 0.252509 0.330594 0.763528 0.554736 -0.330594 0.763529 0.554736 0.962572 -0.219265 -0.159306 -0.903022 0.132752 0.408569 0.330594 0.291642 0.897582 -0.330594 0.291642 0.897582 0.962572 -0.0837519 -0.257762 -0.903022 -0.132752 0.408569 0.330594 -0.291642 0.897582 -0.330594 -0.291642 0.897582 0.962572 0.083752 -0.257762 -0.903022 -0.347549 0.252509 0.330594 -0.763529 0.554736 -0.330594 -0.763529 0.554736 0.962572 0.219266 -0.159306 0.903022 -0.429595 8.41147e-009 0.903022 -0.347549 -0.252509 0.903022 -0.132752 -0.408569 0.903022 0.132752 -0.408569 0.903022 0.347549 -0.252509 0.903022 0.429595 1.68229e-008 0.903022 0.347549 0.252509 0.903022 0.132752 0.408569 0.903022 -0.132752 0.408569 0.903022 -0.347549 0.252509</float_array>
                    <technique_common>
                        <accessor count="52" source="#ID450" stride="3">
                            <param name="X" type="float"/>
                            <param name="Y" type="float"/>
                            <param name="Z" type="float"/>
                        </accessor>
                    </technique_common>
                </source>
                <source id="ID451">
                    <float_array id="ID452" count="2">0 1</float_array>
                    <technique_common>
                        <accessor count="1" source="#ID452" stride="2">
                            <param name="S" type="float"/>
                            <param name="T" type="float"/>
                        </accessor>
                    </technique_common>
                </source>
                <vertices id="ID453">
                    <input semantic="POSITION" source="#ID447"/>
                </vertices>
                <polylist count="70" material="Material1">
                    <input offset="0" semantic="VERTEX" source="#ID453"/>
                    <input offset="1" semantic="NORMAL" source="#ID449"/>
                    <input offset="2" semantic="TEXCOORD" source="#ID451" set="0"/>
                    <vcount>3 4 3 3 4 3 3 4 3 3 4 3 3 4 3 3 4 3 3 4 3 3 4 3 3 4 3 3 4 3 4 4 4 4 4 4 4 4 4 4 4 4 4 4 4 4 4 4 4 4 4 4 4 4 4 4 4 4 4 4 4 4 4 4 4 4 4 4 4 4</vcount>
                    <p>4 2 0 2 1 0 0 0 0 44 6 0 45 5 0 43 4 0 42 3 0 33 9 0 1 8 0 32 7 0 6 10 0 4 2 0 0 0 0 46 12 0 47 11 0 45 5 0 44 6 0 34 13 0 1 8 0 33 9 0 8 14 0 6 10 0 0 0 0 48 16 0 49 15 0 47 11 0 46 12 0 35 17 0 1 8 0 34 13 0 10 18 0 8 14 0 0 0 0 50 20 0 51 19 0 49 15 0 48 16 0 36 21 0 1 8 0 35 17 0 12 22 0 10 18 0 0 0 0 52 24 0 53 23 0 51 19 0 50 20 0 37 25 0 1 8 0 36 21 0 14 26 0 12 22 0 0 0 0 54 28 0 55 27 0 53 23 0 52 24 0 38 29 0 1 8 0 37 25 0 16 30 0 14 26 0 0 0 0 56 32 0 57 31 0 55 27 0 54 28 0 39 33 0 1 8 0 38 29 0 18 34 0 16 30 0 0 0 0 58 36 0 59 35 0 57 31 0 56 32 0 40 37 0 1 8 0 39 33 0 20 38 0 18 34 0 0 0 0 60 40 0 61 39 0 59 35 0 58 36 0 41 41 0 1 8 0 40 37 0 2 1 0 20 38 0 0 0 0 42 3 0 43 4 0 61 39 0 60 40 0 32 7 0 1 8 0 41 41 0 5 43 0 23 9 0 22 7 0 3 42 0 7 44 0 24 13 0 23 9 0 5 43 0 9 45 0 25 17 0 24 13 0 7 44 0 11 46 0 26 21 0 25 17 0 9 45 0 13 47 0 27 25 0 26 21 0 11 46 0 15 48 0 28 29 0 27 25 0 13 47 0 17 49 0 29 33 0 28 29 0 15 48 0 19 50 0 30 37 0 29 33 0 17 49 0 21 51 0 31 41 0 30 37 0 19 50 0 3 42 0 22 7 0 31 41 0 21 51 0 23 9 0 33 9 0 32 7 0 22 7 0 24 13 0 34 13 0 33 9 0 23 9 0 25 17 0 35 17 0 34 13 0 24 13 0 26 21 0 36 21 0 35 17 0 25 17 0 27 25 0 37 25 0 36 21 0 26 21 0 28 29 0 38 29 0 37 25 0 27 25 0 29 33 0 39 33 0 38 29 0 28 29 0 30 37 0 40 37 0 39 33 0 29 33 0 31 41 0 41 41 0 40 37 0 30 37 0 22 7 0 32 7 0 41 41 0 31 41 0 4 2 0 44 6 0 42 3 0 2 1 0 3 42 0 43 4 0 45 5 0 5 43 0 6 10 0 46 12 0 44 6 0 4 2 0 5 43 0 45 5 0 47 11 0 7 44 0 8 14 0 48 16 0 46 12 0 6 10 0 7 44 0 47 11 0 49 15 0 9 45 0 10 18 0 50 20 0 48 16 0 8 14 0 9 45 0 49 15 0 51 19 0 11 46 0 12 22 0 52 24 0 50 20 0 10 18 0 11 46 0 51 19 0 53 23 0 13 47 0 14 26 0 54 28 0 52 24 0 12 22 0 13 47 0 53 23 0 55 27 0 15 48 0 16 30 0 56 32 0 54 28 0 14 26 0 15 48 0 55 27 0 57 31 0 17 49 0 18 34 0 58 36 0 56 32 0 16 30 0 17 49 0 57 31 0 59 35 0 19 50 0 20 38 0 60 40 0 58 36 0 18 34 0 19 50 0 59 35 0 61 39 0 21 51 0 2 1 0 42 3 0 60 40 0 20 38 0 21 51 0 61 39 0 43 4 0 3 42 0</p>
                </polylist>
            </mesh>
        </geometry>
    </library_geometries>
    <library_visual_scenes>
        <visual_scene id="ID3">
            <node id="ID4" name="Hatchback">
                <translate sid="translate">0 0 -0</translate>
                <rotate sid="rotateY">0 1 0 0</rotate>
                <rotate sid="rotateX">1 0 0 0</rotate>
                <rotate sid="rotateZ">0 0 1 -0</rotate>
                <scale sid="scale">1 1 1</scale>
                <node id="ID5" name="CarMesh">
                    <translate sid="translate">0 0 -0</translate>
                    <rotate sid="rotateY">0 1 0 0</rotate>
                    <rotate sid="rotateX">1 0 0 0</rotate>
                    <rotate sid="rotateZ">0 0 1 -0</rotate>
                    <scale sid="scale">1 1 1</scale>
                    <instance_geometry url="#ID6">
                        <bind_material>
                            <technique_common>
                                <instance_material symbol="Material1" target="#ID1">
                                    <bind_vertex_input semantic="UVSET0" input_semantic="TEXCOORD" input_set="0"/>
                                </instance_material>
                            </technique_common>
                        </bind_material>
                    </instance_geometry>
                </node>
                <node id="ID14" name="Interiors">
                    <translate sid="translate">0 0 -0</translate>
                    <rotate sid="rotateY">0 1 0 0</rotate>
                    <rotate sid="rotateX">1 0 0 0</rotate>
                    <rotate sid="rotateZ">0 0 1 -0</rotate>
                    <scale sid="scale">1 1 1</scale>
                    <node id="ID15" name="Interior">
                        <translate sid="translate">0 0 -0</translate>
                        <rotate sid="rotateY">0 1 0 0</rotate>
                        <rotate sid="rotateX">1 0 0 0</rotate>
                        <rotate sid="rotateZ">0 0 1 -0</rotate>
                        <scale sid="scale">1 1 1</scale>
                        <instance_geometry url="#ID16">
                            <bind_material>
                                <technique_common>
                                    <instance_material symbol="Material1" target="#ID1">
                                        <bind_vertex_input semantic="UVSET0" input_semantic="TEXCOORD" input_set="0"/>
                                    </instance_material>
                                </technique_common>
                            </bind_material>
                        </instance_geometry>
                        <node id="ID24" name="Dashboard">
                            <translate sid="translate">0 26.3079 -54.2352</translate>
                            <rotate sid="rotateY">0 1 0 0</rotate>
                            <rotate sid="rotateX">1 0 0 0</rotate>
                            <rotate sid="rotateZ">0 0 1 -0</rotate>
                            <scale sid="scale">1 1 1</scale>
                            <instance_geometry url="#ID25">
                                <bind_material>
                                    <technique_common>
                                        <instance_material symbol="Material1" target="#ID1">
                                            <bind_vertex_input semantic="UVSET0" input_semantic="TEXCOORD" input_set="0"/>
                                        </instance_material>
                                    </technique_common>
                                </bind_material>
                            </instance_geometry>
                            <node id="ID33" name="GearLever">
                                <translate sid="translate">-1.18412e-005 -40.3579 27.1436</translate>
                                <rotate sid="rotateY">0 1 0 1.00179e-005</rotate>
                                <rotate sid="rotateX">1 0 0 0</rotate>
                                <rotate sid="rotateZ">0 0 1 -360</rotate>
                                <scale sid="scale">1 1 1</scale>
                                <instance_geometry url="#ID34">
                                    <bind_material>
                                        <technique_common>
                                            <instance_material symbol="Material1" target="#ID1">
                                                <bind_vertex_input semantic="UVSET0" input_semantic="TEXCOORD" input_set="0"/>
                                            </instance_material>
                                        </technique_common>
                                    </bind_material>
                                </instance_geometry>
                            </node>
                            <node id="ID42" name="Pedals">
                                <translate sid="translate">-29.8224 -18.1804 -13.5981</translate>
                                <rotate sid="rotateY">0 1 0 360</rotate>
                                <rotate sid="rotateX">1 0 0 0</rotate>
                                <rotate sid="rotateZ">0 0 1 -0</rotate>
                                <scale sid="scale">1 1 1</scale>
                                <node id="ID43" name="Clutch">
                                    <translate sid="translate">-24.0242 0.0471973 0.631866</translate>
                                    <rotate sid="rotateY">0 1 0 0</rotate>
                                    <rotate sid="rotateX">1 0 0 -24.5825</rotate>
                                    <rotate sid="rotateZ">0 0 1 -0</rotate>
                                    <scale sid="scale">1 1 1</scale>
                                    <instance_geometry url="#ID44">
                                        <bind_material>
                                            <technique_common>
                                                <instance_material symbol="Material1" target="#ID1">
                                                    <bind_vertex_input semantic="UVSET0" input_semantic="TEXCOORD" input_set="0"/>
                                                </instance_material>
                                            </technique_common>
                                        </bind_material>
                                    </instance_geometry>
                                </node>
                                <node id="ID52" name="Brake">
                                    <translate sid="translate">-6.9676 0.0471973 0.631866</translate>
                                    <rotate sid="rotateY">0 1 0 0</rotate>
                                    <rotate sid="rotateX">1 0 0 -24.5825</rotate>
                                    <rotate sid="rotateZ">0 0 1 -0</rotate>
                                    <scale sid="scale">1 1 1</scale>
                                    <instance_geometry url="#ID53">
                                        <bind_material>
                                            <technique_common>
                                                <instance_material symbol="Material1" target="#ID1">
                                                    <bind_vertex_input semantic="UVSET0" input_semantic="TEXCOORD" input_set="0"/>
                                                </instance_material>
                                            </technique_common>
                                        </bind_material>
                                    </instance_geometry>
                                </node>
                                <node id="ID61" name="Gas">
                                    <translate sid="translate">9.18462 0.0471134 0.631432</translate>
                                    <rotate sid="rotateY">0 1 0 0</rotate>
                                    <rotate sid="rotateX">1 0 0 -24.5825</rotate>
                                    <rotate sid="rotateZ">0 0 1 -0</rotate>
                                    <scale sid="scale">1 1 1</scale>
                                    <instance_geometry url="#ID62">
                                        <bind_material>
                                            <technique_common>
                                                <instance_material symbol="Material1" target="#ID1">
                                                    <bind_vertex_input semantic="UVSET0" input_semantic="TEXCOORD" input_set="0"/>
                                                </instance_material>
                                            </technique_common>
                                        </bind_material>
                                    </instance_geometry>
                                </node>
                            </node>
                            <node id="ID70" name="SteeringWheel">
                                <translate sid="translate">-35.8959 -5.19343 13.5437</translate>
                                <rotate sid="rotateY">0 1 0 180</rotate>
                                <rotate sid="rotateX">1 0 0 -79.039</rotate>
                                <rotate sid="rotateZ">0 0 1 -180</rotate>
                                <scale sid="scale">1 1 1</scale>
                                <node id="ID71" name="SteeringWheel.2">
                                    <translate sid="translate">-0.0823631 -0.121817 3.44702</translate>
                                    <rotate sid="rotateY">0 1 0 1.04379e-006</rotate>
                                    <rotate sid="rotateX">1 0 0 0.000273123</rotate>
                                    <rotate sid="rotateZ">0 0 1 -180</rotate>
                                    <scale sid="scale">1 1 1</scale>
                                    <instance_geometry url="#ID72">
                                        <bind_material>
                                            <technique_common>
                                                <instance_material symbol="Material1" target="#ID1">
                                                    <bind_vertex_input semantic="UVSET0" input_semantic="TEXCOORD" input_set="0"/>
                                                </instance_material>
                                            </technique_common>
                                        </bind_material>
                                    </instance_geometry>
                                    <node id="ID80" name="Torus">
                                        <translate sid="translate">0 -7.97192e-006 -1.36707</translate>
                                        <rotate sid="rotateY">0 1 0 0</rotate>
                                        <rotate sid="rotateX">1 0 0 0</rotate>
                                        <rotate sid="rotateZ">0 0 1 -0</rotate>
                                        <scale sid="scale">1 1 1</scale>
                                        <instance_geometry url="#ID81">
                                            <bind_material>
                                                <technique_common>
                                                    <instance_material symbol="Material1" target="#ID1">
                                                        <bind_vertex_input semantic="UVSET0" input_semantic="TEXCOORD" input_set="0"/>
                                                    </instance_material>
                                                </technique_common>
                                            </bind_material>
                                        </instance_geometry>
                                    </node>
                                </node>
                            </node>
                            <node id="ID89" name="Dash">
                                <translate sid="translate">-36.056 7.18236 2.18088</translate>
                                <rotate sid="rotateY">0 1 0 360</rotate>
                                <rotate sid="rotateX">1 0 0 -2.35088</rotate>
                                <rotate sid="rotateZ">0 0 1 -0</rotate>
                                <scale sid="scale">1 1 1</scale>
                                <instance_geometry url="#ID90">
                                    <bind_material>
                                        <technique_common>
                                            <instance_material symbol="Material1" target="#ID1">
                                                <bind_vertex_input semantic="UVSET0" input_semantic="TEXCOORD" input_set="0"/>
                                            </instance_material>
                                        </technique_common>
                                    </bind_material>
                                </instance_geometry>
                                <node id="ID98" name="InstrCLuster">
                                    <translate sid="translate">0 0 -0</translate>
                                    <rotate sid="rotateY">0 1 0 0</rotate>
                                    <rotate sid="rotateX">1 0 0 0</rotate>
                                    <rotate sid="rotateZ">0 0 1 -0</rotate>
                                    <scale sid="scale">1 1 1</scale>
                                    <instance_geometry url="#ID99">
                                        <bind_material>
                                            <technique_common>
                                                <instance_material symbol="Material1" target="#ID1">
                                                    <bind_vertex_input semantic="UVSET0" input_semantic="TEXCOORD" input_set="0"/>
                                                </instance_material>
                                            </technique_common>
                                        </bind_material>
                                    </instance_geometry>
                                </node>
                            </node>
                        </node>
                        <node id="ID107" name="SeatR">
                            <translate sid="translate">35.8861 -9.86403 21.0276</translate>
                            <rotate sid="rotateY">0 1 0 0</rotate>
                            <rotate sid="rotateX">1 0 0 0</rotate>
                            <rotate sid="rotateZ">0 0 1 -0</rotate>
                            <scale sid="scale">1 1 1</scale>
                            <instance_geometry url="#ID108">
                                <bind_material>
                                    <technique_common>
                                        <instance_material symbol="Material1" target="#ID1">
                                            <bind_vertex_input semantic="UVSET0" input_semantic="TEXCOORD" input_set="0"/>
                                        </instance_material>
                                    </technique_common>
                                </bind_material>
                            </instance_geometry>
                        </node>
                        <node id="ID116" name="SeatL">
                            <translate sid="translate">-35.8863 -9.86403 21.0276</translate>
                            <rotate sid="rotateY">0 1 0 0</rotate>
                            <rotate sid="rotateX">1 0 0 0</rotate>
                            <rotate sid="rotateZ">0 0 1 -0</rotate>
                            <scale sid="scale">1 1 1</scale>
                            <instance_geometry url="#ID117">
                                <bind_material>
                                    <technique_common>
                                        <instance_material symbol="Material1" target="#ID1">
                                            <bind_vertex_input semantic="UVSET0" input_semantic="TEXCOORD" input_set="0"/>
                                        </instance_material>
                                    </technique_common>
                                </bind_material>
                            </instance_geometry>
                        </node>
                    </node>
                    <node id="ID125" name="EngineBay">
                        <translate sid="translate">0 0 -0</translate>
                        <rotate sid="rotateY">0 1 0 0</rotate>
                        <rotate sid="rotateX">1 0 0 0</rotate>
                        <rotate sid="rotateZ">0 0 1 -0</rotate>
                        <scale sid="scale">1 1 1</scale>
                        <instance_geometry url="#ID126">
                            <bind_material>
                                <technique_common>
                                    <instance_material symbol="Material1" target="#ID1">
                                        <bind_vertex_input semantic="UVSET0" input_semantic="TEXCOORD" input_set="0"/>
                                    </instance_material>
                                </technique_common>
                            </bind_material>
                        </instance_geometry>
                    </node>
                </node>
                <node id="ID134" name="Doors">
                    <translate sid="translate">0 0 -0</translate>
                    <rotate sid="rotateY">0 1 0 0</rotate>
                    <rotate sid="rotateX">1 0 0 0</rotate>
                    <rotate sid="rotateZ">0 0 1 -0</rotate>
                    <scale sid="scale">1 1 1</scale>
                    <node id="ID135" name="DoorR">
                        <translate sid="translate">81.4461 0 -54.7464</translate>
                        <rotate sid="rotateY">0 1 0 0</rotate>
                        <rotate sid="rotateX">1 0 0 0</rotate>
                        <rotate sid="rotateZ">0 0 1 -0</rotate>
                        <scale sid="scale">1 1 1</scale>
                        <instance_geometry url="#ID136">
                            <bind_material>
                                <technique_common>
                                    <instance_material symbol="Material1" target="#ID1">
                                        <bind_vertex_input semantic="UVSET0" input_semantic="TEXCOORD" input_set="0"/>
                                    </instance_material>
                                </technique_common>
                            </bind_material>
                        </instance_geometry>
                        <node id="ID144" name="Handle.1">
                            <translate sid="translate">1.95992 21.0648 89.038</translate>
                            <rotate sid="rotateY">0 1 0 0</rotate>
                            <rotate sid="rotateX">1 0 0 0</rotate>
                            <rotate sid="rotateZ">0 0 1 -0</rotate>
                            <scale sid="scale">1 1 1</scale>
                            <instance_geometry url="#ID145">
                                <bind_material>
                                    <technique_common>
                                        <instance_material symbol="Material1" target="#ID1">
                                            <bind_vertex_input semantic="UVSET0" input_semantic="TEXCOORD" input_set="0"/>
                                        </instance_material>
                                    </technique_common>
                                </bind_material>
                            </instance_geometry>
                        </node>
                        <node id="ID153" name="MirrorCaseR">
                            <translate sid="translate">-157.479 37.5578 4.79412</translate>
                            <rotate sid="rotateY">0 1 0 5.552e-006</rotate>
                            <rotate sid="rotateX">1 0 0 1.00179e-005</rotate>
                            <rotate sid="rotateZ">0 0 1 -5.97642e-006</rotate>
                            <scale sid="scale">1 1 1</scale>
                            <instance_geometry url="#ID154">
                                <bind_material>
                                    <technique_common>
                                        <instance_material symbol="Material1" target="#ID1">
                                            <bind_vertex_input semantic="UVSET0" input_semantic="TEXCOORD" input_set="0"/>
                                        </instance_material>
                                    </technique_common>
                                </bind_material>
                            </instance_geometry>
                            <node id="ID162" name="Mirror">
                                <translate sid="translate">155.447 -8.42134 5.46823e-005</translate>
                                <rotate sid="rotateY">0 1 0 360</rotate>
                                <rotate sid="rotateX">1 0 0 -2.8374e-005</rotate>
                                <rotate sid="rotateZ">0 0 1 -360</rotate>
                                <scale sid="scale">1 1 1</scale>
                                <instance_geometry url="#ID163">
                                    <bind_material>
                                        <technique_common>
                                            <instance_material symbol="Material1" target="#ID1">
                                                <bind_vertex_input semantic="UVSET0" input_semantic="TEXCOORD" input_set="0"/>
                                            </instance_material>
                                        </technique_common>
                                    </bind_material>
                                </instance_geometry>
                            </node>
                        </node>
                        <node id="ID171" name="Window">
                            <translate sid="translate">-81.4461 0 54.7464</translate>
                            <rotate sid="rotateY">0 1 0 0</rotate>
                            <rotate sid="rotateX">1 0 0 0</rotate>
                            <rotate sid="rotateZ">0 0 1 -0</rotate>
                            <scale sid="scale">1 1 1</scale>
                            <instance_geometry url="#ID172">
                                <bind_material>
                                    <technique_common>
                                        <instance_material symbol="Material1" target="#ID1">
                                            <bind_vertex_input semantic="UVSET0" input_semantic="TEXCOORD" input_set="0"/>
                                        </instance_material>
                                    </technique_common>
                                </bind_material>
                            </instance_geometry>
                        </node>
                    </node>
                    <node id="ID180" name="DoorL">
                        <translate sid="translate">-81.446 0 -54.7464</translate>
                        <rotate sid="rotateY">0 1 0 0</rotate>
                        <rotate sid="rotateX">1 0 0 0</rotate>
                        <rotate sid="rotateZ">0 0 1 -0</rotate>
                        <scale sid="scale">1 1 1</scale>
                        <instance_geometry url="#ID181">
                            <bind_material>
                                <technique_common>
                                    <instance_material symbol="Material1" target="#ID1">
                                        <bind_vertex_input semantic="UVSET0" input_semantic="TEXCOORD" input_set="0"/>
                                    </instance_material>
                                </technique_common>
                            </bind_material>
                        </instance_geometry>
                        <node id="ID189" name="Handle">
                            <translate sid="translate">-1.96024 21.0648 89.038</translate>
                            <rotate sid="rotateY">0 1 0 0</rotate>
                            <rotate sid="rotateX">1 0 0 0</rotate>
                            <rotate sid="rotateZ">0 0 1 -0</rotate>
                            <scale sid="scale">1 1 1</scale>
                            <instance_geometry url="#ID190">
                                <bind_material>
                                    <technique_common>
                                        <instance_material symbol="Material1" target="#ID1">
                                            <bind_vertex_input semantic="UVSET0" input_semantic="TEXCOORD" input_set="0"/>
                                        </instance_material>
                                    </technique_common>
                                </bind_material>
                            </instance_geometry>
                        </node>
                        <node id="ID198" name="MirrorCaseL">
                            <translate sid="translate">5.41265 37.5578 4.79412</translate>
                            <rotate sid="rotateY">0 1 0 5.552e-006</rotate>
                            <rotate sid="rotateX">1 0 0 1.00179e-005</rotate>
                            <rotate sid="rotateZ">0 0 1 -5.97642e-006</rotate>
                            <scale sid="scale">1 1 1</scale>
                            <instance_geometry url="#ID199">
                                <bind_material>
                                    <technique_common>
                                        <instance_material symbol="Material1" target="#ID1">
                                            <bind_vertex_input semantic="UVSET0" input_semantic="TEXCOORD" input_set="0"/>
                                        </instance_material>
                                    </technique_common>
                                </bind_material>
                            </instance_geometry>
                            <node id="ID207" name="Mirror.2">
                                <translate sid="translate">1.13687e-012 -3.8147e-006 -7.62939e-006</translate>
                                <rotate sid="rotateY">0 1 0 360</rotate>
                                <rotate sid="rotateX">1 0 0 -2.8374e-005</rotate>
                                <rotate sid="rotateZ">0 0 1 -360</rotate>
                                <scale sid="scale">1 1 1</scale>
                                <instance_geometry url="#ID208">
                                    <bind_material>
                                        <technique_common>
                                            <instance_material symbol="Material1" target="#ID1">
                                                <bind_vertex_input semantic="UVSET0" input_semantic="TEXCOORD" input_set="0"/>
                                            </instance_material>
                                        </technique_common>
                                    </bind_material>
                                </instance_geometry>
                            </node>
                        </node>
                        <node id="ID216" name="Window.2">
                            <translate sid="translate">81.446 0 54.7464</translate>
                            <rotate sid="rotateY">0 1 0 0</rotate>
                            <rotate sid="rotateX">1 0 0 0</rotate>
                            <rotate sid="rotateZ">0 0 1 -0</rotate>
                            <scale sid="scale">1 1 1</scale>
                            <instance_geometry url="#ID217">
                                <bind_material>
                                    <technique_common>
                                        <instance_material symbol="Material1" target="#ID1">
                                            <bind_vertex_input semantic="UVSET0" input_semantic="TEXCOORD" input_set="0"/>
                                        </instance_material>
                                    </technique_common>
                                </bind_material>
                            </instance_geometry>
                        </node>
                    </node>
                    <node id="ID225" name="Trunk">
                        <translate sid="translate">0 136.909 44.7981</translate>
                        <rotate sid="rotateY">0 1 0 0</rotate>
                        <rotate sid="rotateX">1 0 0 0</rotate>
                        <rotate sid="rotateZ">0 0 1 -0</rotate>
                        <scale sid="scale">1 1 1</scale>
                        <instance_geometry url="#ID226">
                            <bind_material>
                                <technique_common>
                                    <instance_material symbol="Material1" target="#ID1">
                                        <bind_vertex_input semantic="UVSET0" input_semantic="TEXCOORD" input_set="0"/>
                                    </instance_material>
                                </technique_common>
                            </bind_material>
                        </instance_geometry>
                        <node id="ID234" name="Window.3">
                            <translate sid="translate">0 -136.909 -44.7981</translate>
                            <rotate sid="rotateY">0 1 0 0</rotate>
                            <rotate sid="rotateX">1 0 0 0</rotate>
                            <rotate sid="rotateZ">0 0 1 -0</rotate>
                            <scale sid="scale">1 1 1</scale>
                            <instance_geometry url="#ID235">
                                <bind_material>
                                    <technique_common>
                                        <instance_material symbol="Material1" target="#ID1">
                                            <bind_vertex_input semantic="UVSET0" input_semantic="TEXCOORD" input_set="0"/>
                                        </instance_material>
                                    </technique_common>
                                </bind_material>
                            </instance_geometry>
                        </node>
                    </node>
                    <node id="ID243" name="Hood">
                        <translate sid="translate">0 24.4156 -65.9817</translate>
                        <rotate sid="rotateY">0 1 0 0</rotate>
                        <rotate sid="rotateX">1 0 0 0</rotate>
                        <rotate sid="rotateZ">0 0 1 -0</rotate>
                        <scale sid="scale">1 1 1</scale>
                        <instance_geometry url="#ID244">
                            <bind_material>
                                <technique_common>
                                    <instance_material symbol="Material1" target="#ID1">
                                        <bind_vertex_input semantic="UVSET0" input_semantic="TEXCOORD" input_set="0"/>
                                    </instance_material>
                                </technique_common>
                            </bind_material>
                        </instance_geometry>
                    </node>
                </node>
                <node id="ID252" name="Windows">
                    <translate sid="translate">0 0 -0</translate>
                    <rotate sid="rotateY">0 1 0 0</rotate>
                    <rotate sid="rotateX">1 0 0 0</rotate>
                    <rotate sid="rotateZ">0 0 1 -0</rotate>
                    <scale sid="scale">1 1 1</scale>
                    <node id="ID253" name="WindowR">
                        <translate sid="translate">0 0 -0</translate>
                        <rotate sid="rotateY">0 1 0 0</rotate>
                        <rotate sid="rotateX">1 0 0 0</rotate>
                        <rotate sid="rotateZ">0 0 1 -0</rotate>
                        <scale sid="scale">1 1 1</scale>
                        <instance_geometry url="#ID254">
                            <bind_material>
                                <technique_common>
                                    <instance_material symbol="Material1" target="#ID1">
                                        <bind_vertex_input semantic="UVSET0" input_semantic="TEXCOORD" input_set="0"/>
                                    </instance_material>
                                </technique_common>
                            </bind_material>
                        </instance_geometry>
                    </node>
                    <node id="ID262" name="WindowL">
                        <translate sid="translate">0 0 -0</translate>
                        <rotate sid="rotateY">0 1 0 0</rotate>
                        <rotate sid="rotateX">1 0 0 0</rotate>
                        <rotate sid="rotateZ">0 0 1 -0</rotate>
                        <scale sid="scale">1 1 1</scale>
                        <instance_geometry url="#ID263">
                            <bind_material>
                                <technique_common>
                                    <instance_material symbol="Material1" target="#ID1">
                                        <bind_vertex_input semantic="UVSET0" input_semantic="TEXCOORD" input_set="0"/>
                                    </instance_material>
                                </technique_common>
                            </bind_material>
                        </instance_geometry>
                    </node>
                    <node id="ID271" name="WindowFront.1">
                        <translate sid="translate">0 0 -0</translate>
                        <rotate sid="rotateY">0 1 0 0</rotate>
                        <rotate sid="rotateX">1 0 0 0</rotate>
                        <rotate sid="rotateZ">0 0 1 -0</rotate>
                        <scale sid="scale">1 1 1</scale>
                        <instance_geometry url="#ID272">
                            <bind_material>
                                <technique_common>
                                    <instance_material symbol="Material1" target="#ID1">
                                        <bind_vertex_input semantic="UVSET0" input_semantic="TEXCOORD" input_set="0"/>
                                    </instance_material>
                                </technique_common>
                            </bind_material>
                        </instance_geometry>
                    </node>
                </node>
                <node id="ID280" name="Details">
                    <translate sid="translate">0 0 -0</translate>
                    <rotate sid="rotateY">0 1 0 0</rotate>
                    <rotate sid="rotateX">1 0 0 0</rotate>
                    <rotate sid="rotateZ">0 0 1 -0</rotate>
                    <scale sid="scale">1 1 1</scale>
                    <node id="ID281" name="WiperL.1">
                        <translate sid="translate">70.1446 26.0944 -62.3572</translate>
                        <rotate sid="rotateY">0 1 0 358.947</rotate>
                        <rotate sid="rotateX">1 0 0 8.60341</rotate>
                        <rotate sid="rotateZ">0 0 1 -359.823</rotate>
                        <scale sid="scale">1 1 1</scale>
                        <instance_geometry url="#ID282">
                            <bind_material>
                                <technique_common>
                                    <instance_material symbol="Material1" target="#ID1">
                                        <bind_vertex_input semantic="UVSET0" input_semantic="TEXCOORD" input_set="0"/>
                                    </instance_material>
                                </technique_common>
                            </bind_material>
                        </instance_geometry>
                    </node>
                    <node id="ID290" name="WiperL">
                        <translate sid="translate">-10.5983 25.6301 -62.4353</translate>
                        <rotate sid="rotateY">0 1 0 358.947</rotate>
                        <rotate sid="rotateX">1 0 0 8.60341</rotate>
                        <rotate sid="rotateZ">0 0 1 -359.823</rotate>
                        <scale sid="scale">1 1 1</scale>
                        <instance_geometry url="#ID291">
                            <bind_material>
                                <technique_common>
                                    <instance_material symbol="Material1" target="#ID1">
                                        <bind_vertex_input semantic="UVSET0" input_semantic="TEXCOORD" input_set="0"/>
                                    </instance_material>
                                </technique_common>
                            </bind_material>
                        </instance_geometry>
                    </node>
                    <node id="ID299" name="MirrorInterior">
                        <translate sid="translate">0 136.543 -32.3956</translate>
                        <rotate sid="rotateY">0 1 0 0</rotate>
                        <rotate sid="rotateX">1 0 0 0</rotate>
                        <rotate sid="rotateZ">0 0 1 -0</rotate>
                        <scale sid="scale">0.993 0.993 0.993</scale>
                        <instance_geometry url="#ID300">
                            <bind_material>
                                <technique_common>
                                    <instance_material symbol="Material1" target="#ID1">
                                        <bind_vertex_input semantic="UVSET0" input_semantic="TEXCOORD" input_set="0"/>
                                    </instance_material>
                                </technique_common>
                            </bind_material>
                        </instance_geometry>
                        <node id="ID308" name="MirrorGlass">
                            <translate sid="translate">0 1.53664e-005 3.84159e-006</translate>
                            <rotate sid="rotateY">0 1 0 0</rotate>
                            <rotate sid="rotateX">1 0 0 0</rotate>
                            <rotate sid="rotateZ">0 0 1 -0</rotate>
                            <scale sid="scale">1 1 1</scale>
                            <instance_geometry url="#ID309">
                                <bind_material>
                                    <technique_common>
                                        <instance_material symbol="Material1" target="#ID1">
                                            <bind_vertex_input semantic="UVSET0" input_semantic="TEXCOORD" input_set="0"/>
                                        </instance_material>
                                    </technique_common>
                                </bind_material>
                            </instance_geometry>
                        </node>
                    </node>
                    <node id="ID317" name="Grille">
                        <translate sid="translate">0 -7.8225 -162.127</translate>
                        <rotate sid="rotateY">0 1 0 0</rotate>
                        <rotate sid="rotateX">1 0 0 0</rotate>
                        <rotate sid="rotateZ">0 0 1 -0</rotate>
                        <scale sid="scale">1 1 1</scale>
                        <instance_geometry url="#ID318">
                            <bind_material>
                                <technique_common>
                                    <instance_material symbol="Material1" target="#ID1">
                                        <bind_vertex_input semantic="UVSET0" input_semantic="TEXCOORD" input_set="0"/>
                                    </instance_material>
                                </technique_common>
                            </bind_material>
                        </instance_geometry>
                    </node>
                    <node id="ID326" name="BumperRear">
                        <translate sid="translate">2.82562e-005 -4.30493 155.903</translate>
                        <rotate sid="rotateY">0 1 0 180</rotate>
                        <rotate sid="rotateX">1 0 0 7.01671e-015</rotate>
                        <rotate sid="rotateZ">0 0 1 -0</rotate>
                        <scale sid="scale">1 1 1</scale>
                        <instance_geometry url="#ID327">
                            <bind_material>
                                <technique_common>
                                    <instance_material symbol="Material1" target="#ID1">
                                        <bind_vertex_input semantic="UVSET0" input_semantic="TEXCOORD" input_set="0"/>
                                    </instance_material>
                                </technique_common>
                            </bind_material>
                        </instance_geometry>
                    </node>
                    <node id="ID335" name="BumperFront">
                        <translate sid="translate">0 -17.9154 -167.31</translate>
                        <rotate sid="rotateY">0 1 0 0</rotate>
                        <rotate sid="rotateX">1 0 0 0</rotate>
                        <rotate sid="rotateZ">0 0 1 -0</rotate>
                        <scale sid="scale">1 1 1</scale>
                        <instance_geometry url="#ID336">
                            <bind_material>
                                <technique_common>
                                    <instance_material symbol="Material1" target="#ID1">
                                        <bind_vertex_input semantic="UVSET0" input_semantic="TEXCOORD" input_set="0"/>
                                    </instance_material>
                                </technique_common>
                            </bind_material>
                        </instance_geometry>
                    </node>
                </node>
                <node id="ID344" name="Lights">
                    <translate sid="translate">0 0 -0</translate>
                    <rotate sid="rotateY">0 1 0 0</rotate>
                    <rotate sid="rotateX">1 0 0 0</rotate>
                    <rotate sid="rotateZ">0 0 1 -0</rotate>
                    <scale sid="scale">1 1 1</scale>
                    <node id="ID345" name="LightRearFrameR">
                        <translate sid="translate">62.672 11.776 152.699</translate>
                        <rotate sid="rotateY">0 1 0 180</rotate>
                        <rotate sid="rotateX">1 0 0 7.01671e-015</rotate>
                        <rotate sid="rotateZ">0 0 1 -0</rotate>
                        <scale sid="scale">1 1 1</scale>
                        <instance_geometry url="#ID346">
                            <bind_material>
                                <technique_common>
                                    <instance_material symbol="Material1" target="#ID1">
                                        <bind_vertex_input semantic="UVSET0" input_semantic="TEXCOORD" input_set="0"/>
                                    </instance_material>
                                </technique_common>
                            </bind_material>
                        </instance_geometry>
                        <node id="ID354" name="Light">
                            <translate sid="translate">0 0 -0</translate>
                            <rotate sid="rotateY">0 1 0 0</rotate>
                            <rotate sid="rotateX">1 0 0 0</rotate>
                            <rotate sid="rotateZ">0 0 1 -0</rotate>
                            <scale sid="scale">1 1 1</scale>
                            <instance_geometry url="#ID355">
                                <bind_material>
                                    <technique_common>
                                        <instance_material symbol="Material1" target="#ID1">
                                            <bind_vertex_input semantic="UVSET0" input_semantic="TEXCOORD" input_set="0"/>
                                        </instance_material>
                                    </technique_common>
                                </bind_material>
                            </instance_geometry>
                        </node>
                    </node>
                    <node id="ID363" name="LightRearFrameL">
                        <translate sid="translate">-62.6724 11.776 152.699</translate>
                        <rotate sid="rotateY">0 1 0 180</rotate>
                        <rotate sid="rotateX">1 0 0 7.01671e-015</rotate>
                        <rotate sid="rotateZ">0 0 1 -0</rotate>
                        <scale sid="scale">1 1 1</scale>
                        <instance_geometry url="#ID364">
                            <bind_material>
                                <technique_common>
                                    <instance_material symbol="Material1" target="#ID1">
                                        <bind_vertex_input semantic="UVSET0" input_semantic="TEXCOORD" input_set="0"/>
                                    </instance_material>
                                </technique_common>
                            </bind_material>
                        </instance_geometry>
                        <node id="ID372" name="Light.2">
                            <translate sid="translate">0 0 -0</translate>
                            <rotate sid="rotateY">0 1 0 0</rotate>
                            <rotate sid="rotateX">1 0 0 0</rotate>
                            <rotate sid="rotateZ">0 0 1 -0</rotate>
                            <scale sid="scale">1 1 1</scale>
                            <instance_geometry url="#ID373">
                                <bind_material>
                                    <technique_common>
                                        <instance_material symbol="Material1" target="#ID1">
                                            <bind_vertex_input semantic="UVSET0" input_semantic="TEXCOORD" input_set="0"/>
                                        </instance_material>
                                    </technique_common>
                                </bind_material>
                            </instance_geometry>
                        </node>
                    </node>
                    <node id="ID381" name="LightFrontFrame.1">
                        <translate sid="translate">50.121 -3.64316 -163.975</translate>
                        <rotate sid="rotateY">0 1 0 0</rotate>
                        <rotate sid="rotateX">1 0 0 -12.6443</rotate>
                        <rotate sid="rotateZ">0 0 1 -0</rotate>
                        <scale sid="scale">1 1 1</scale>
                        <instance_geometry url="#ID382">
                            <bind_material>
                                <technique_common>
                                    <instance_material symbol="Material1" target="#ID1">
                                        <bind_vertex_input semantic="UVSET0" input_semantic="TEXCOORD" input_set="0"/>
                                    </instance_material>
                                </technique_common>
                            </bind_material>
                        </instance_geometry>
                        <node id="ID390" name="Light.3">
                            <translate sid="translate">0 3.72218e-006 8.35028e-007</translate>
                            <rotate sid="rotateY">0 1 0 0</rotate>
                            <rotate sid="rotateX">1 0 0 0</rotate>
                            <rotate sid="rotateZ">0 0 1 -0</rotate>
                            <scale sid="scale">1 1 1</scale>
                            <instance_geometry url="#ID391">
                                <bind_material>
                                    <technique_common>
                                        <instance_material symbol="Material1" target="#ID1">
                                            <bind_vertex_input semantic="UVSET0" input_semantic="TEXCOORD" input_set="0"/>
                                        </instance_material>
                                    </technique_common>
                                </bind_material>
                            </instance_geometry>
                        </node>
                    </node>
                    <node id="ID399" name="LightFrontFrame">
                        <translate sid="translate">-50.1211 -3.64316 -163.976</translate>
                        <rotate sid="rotateY">0 1 0 0</rotate>
                        <rotate sid="rotateX">1 0 0 -12.6443</rotate>
                        <rotate sid="rotateZ">0 0 1 -0</rotate>
                        <scale sid="scale">1 1 1</scale>
                        <instance_geometry url="#ID400">
                            <bind_material>
                                <technique_common>
                                    <instance_material symbol="Material1" target="#ID1">
                                        <bind_vertex_input semantic="UVSET0" input_semantic="TEXCOORD" input_set="0"/>
                                    </instance_material>
                                </technique_common>
                            </bind_material>
                        </instance_geometry>
                        <node id="ID408" name="Light.4">
                            <translate sid="translate">0 0 -0</translate>
                            <rotate sid="rotateY">0 1 0 0</rotate>
                            <rotate sid="rotateX">1 0 0 0</rotate>
                            <rotate sid="rotateZ">0 0 1 -0</rotate>
                            <scale sid="scale">1 1 1</scale>
                            <instance_geometry url="#ID409">
                                <bind_material>
                                    <technique_common>
                                        <instance_material symbol="Material1" target="#ID1">
                                            <bind_vertex_input semantic="UVSET0" input_semantic="TEXCOORD" input_set="0"/>
                                        </instance_material>
                                    </technique_common>
                                </bind_material>
                            </instance_geometry>
                        </node>
                    </node>
                </node>
                <node id="ID417" name="WheelMeshes">
                    <translate sid="translate">1.25134 1.80048 -0</translate>
                    <rotate sid="rotateY">0 1 0 0</rotate>
                    <rotate sid="rotateX">1 0 0 0</rotate>
                    <rotate sid="rotateZ">0 0 1 -0</rotate>
                    <scale sid="scale">1 1 1</scale>
                    <node id="ID418" name="WheelFR">
                        <translate sid="translate">70.9797 -16.1492 -97.7209</translate>
                        <rotate sid="rotateY">0 1 0 5.67935e-013</rotate>
                        <rotate sid="rotateX">1 0 0 -8.14222e-013</rotate>
                        <rotate sid="rotateZ">0 0 1 -360</rotate>
                        <scale sid="scale">1 1 1</scale>
                        <instance_geometry url="#ID419">
                            <bind_material>
                                <technique_common>
                                    <instance_material symbol="Material1" target="#ID1">
                                        <bind_vertex_input semantic="UVSET0" input_semantic="TEXCOORD" input_set="0"/>
                                    </instance_material>
                                </technique_common>
                            </bind_material>
                        </instance_geometry>
                    </node>
                    <node id="ID427" name="WheelFL">
                        <translate sid="translate">-73.4827 -16.1492 -97.7209</translate>
                        <rotate sid="rotateY">0 1 0 180</rotate>
                        <rotate sid="rotateX">1 0 0 8.21239e-013</rotate>
                        <rotate sid="rotateZ">0 0 1 -0</rotate>
                        <scale sid="scale">1 1 1</scale>
                        <instance_geometry url="#ID428">
                            <bind_material>
                                <technique_common>
                                    <instance_material symbol="Material1" target="#ID1">
                                        <bind_vertex_input semantic="UVSET0" input_semantic="TEXCOORD" input_set="0"/>
                                    </instance_material>
                                </technique_common>
                            </bind_material>
                        </instance_geometry>
                    </node>
                    <node id="ID436" name="WheelRR">
                        <translate sid="translate">70.9797 -10.4789 99.0606</translate>
                        <rotate sid="rotateY">0 1 0 360</rotate>
                        <rotate sid="rotateX">1 0 0 1.62844e-012</rotate>
                        <rotate sid="rotateZ">0 0 1 -360</rotate>
                        <scale sid="scale">1 1 1</scale>
                        <instance_geometry url="#ID437">
                            <bind_material>
                                <technique_common>
                                    <instance_material symbol="Material1" target="#ID1">
                                        <bind_vertex_input semantic="UVSET0" input_semantic="TEXCOORD" input_set="0"/>
                                    </instance_material>
                                </technique_common>
                            </bind_material>
                        </instance_geometry>
                    </node>
                    <node id="ID445" name="WheelRL">
                        <translate sid="translate">-73.4826 -10.4789 99.0606</translate>
                        <rotate sid="rotateY">0 1 0 180</rotate>
                        <rotate sid="rotateX">1 0 0 3.2639e-012</rotate>
                        <rotate sid="rotateZ">0 0 1 -0</rotate>
                        <scale sid="scale">1 1 1</scale>
                        <instance_geometry url="#ID446">
                            <bind_material>
                                <technique_common>
                                    <instance_material symbol="Material1" target="#ID1">
                                        <bind_vertex_input semantic="UVSET0" input_semantic="TEXCOORD" input_set="0"/>
                                    </instance_material>
                                </technique_common>
                            </bind_material>
                        </instance_geometry>
                    </node>
                </node>
            </node>
        </visual_scene>
    </library_visual_scenes>
    <scene>
        <instance_visual_scene url="#ID3"/>
    </scene>
</COLLADA>
