<?xml version="1.0"?>
<COLLADA xmlns="http://www.collada.org/2005/11/COLLADASchema" version="1.4.1">
    <asset>
        <contributor>
            <authoring_tool>CINEMA4D 11.530 COLLADA Exporter</authoring_tool>
        </contributor>
        <created>2016-02-09T19:41:44Z</created>
        <modified>2016-02-09T19:41:44Z</modified>
        <unit meter="0.01" name="centimeter"/>
        <up_axis>Y_UP</up_axis>
    </asset>
    <library_effects>
        <effect id="ID2">
            <profile_COMMON>
                <technique sid="COMMON">
                    <blinn>
                        <diffuse>
                            <color>0.8 0.8 0.8 1</color>
                        </diffuse>
                        <specular>
                            <color>0.2 0.2 0.2 1</color>
                        </specular>
                        <shininess>
                            <float>0.5</float>
                        </shininess>
                    </blinn>
                </technique>
            </profile_COMMON>
        </effect>
    </library_effects>
    <library_materials>
        <material id="ID1" name="Mat">
            <instance_effect url="#ID2"/>
        </material>
    </library_materials>
    <library_geometries>
        <geometry id="ID6">
            <mesh>
                <source id="ID7">
                    <float_array id="ID8" count="1071">0 27.6108 102.168 0 -0.578169 178.435 42.8128 -10.9791 127.699 51.4723 -0.622618 176.409 71.3681 27.0289 106.065 41.4043 -11.7207 160.627 0 -11.6136 111.625 0 -14.1335 163.269 71.494 21.6043 150.331 47.5922 -20.9195 -143.53 47.5929 -20.9445 -121.182 54.4721 21.9117 127.473 55.6186 -28.8232 107.988 83.05 31.6476 100 83.05 26.1545 -100 83.05 -24.4781 174.362 83.05 18.9172 170.144 83.05 -24.4781 -210.176 83.05 17.7764 -212 62.8273 135.619 59.3328 62.8273 134.691 -84.0927 83.05 -29.3321 -105.351 83.05 25.8343 -105.351 55.6312 -26.2527 147.093 83.05 26.1095 -122.543 55.3213 -27.4777 -146.011 83.05 25.8179 -146.095 55.3213 -2.62538 -178.983 83.05 24.4312 -166.947 83.05 -25.8064 -181.262 83.05 22.7839 -182.816 83.05 23.9868 100 83.05 -1.04016 178.108 83.05 -2.6132 -212 83.05 -1.65332 -105.351 83.05 18.0477 -122.12 83.05 22.7681 -146.095 83.05 16.1311 -168.758 83.05 -2.35053 -181.262 83.05 -29.5756 70.2279 83.05 19.8315 82.9934 62.8273 136.478 55.1972 83.05 -3.06862 70.2279 59.3881 137.316 -1.78475 83.05 16.0372 83.4587 78.5037 25.2587 151.041 83.05 29.9668 118.453 83.05 23.2245 118.453 59.3881 137.316 -81.2443 83.05 27.7558 133.299 83.05 16.7598 134.776 83.05 -26.1746 149.193 83.05 24.4212 151.041 83.05 -1.28588 147.9 83.05 -29.5756 -94.2624 83.05 15.3137 -93.8321 62.8273 136.478 -81.2443 83.05 -1.49873 -94.2624 83.05 -29.5756 -4.7277 83.05 17.5902 -4.72769 62.8273 136.478 -1.78475 83.05 0.162107 -4.7277 83.05 -29.5756 1.1582 83.05 17.7406 1.15884 55.3187 -29.3162 -107.63 83.05 0.271288 1.1582 63.8883 130.978 63.6088 63.8883 130.69 -86.6455 63.8883 130.935 54.0074 63.8883 130.698 -81.9047 63.8883 130.818 -4.7277 63.8883 130.826 1.15823 81.8328 37.9574 97.6883 81.8328 32.7949 -99.1517 81.8328 26.1904 81.1521 81.8328 21.9445 -93.0744 81.8328 24.0841 -4.72769 81.8328 24.2254 1.15881 55.6186 -29.5756 72.3279 0 -29.5756 64.8031 83.05 -20.1429 178.108 83.05 -20.4338 -212 83.05 -24.2125 -105.351 83.05 -23.8366 64.8031 83.05 -2.8063 64.8031 83.05 -21.4678 -181.262 83.05 -23.818 70.2279 55.6186 15.0266 133.538 55.6186 14.3714 84.8089 0 -28.8232 107.988 0 33.8322 101.255 55.3213 15.4953 -167.212 0 29.333 -101.084 0 -24.4781 174.362 0 -24.4781 -210.176 0 20.9549 -216.265 0 136.457 60.5875 0 135.528 -85.1765 0 -29.3321 -105.351 0 29.0128 -105.351 83.05 -24.3824 -94.2624 0 -27.4777 -146.095 83.05 -24.0752 -4.7277 0 -25.8064 -181.262 0 -1.04016 181.829 0 -2.6132 -216.265 0 -29.5756 70.2279 0 137.316 55.1972 83.05 -24.055 1.1582 78.5037 -20.1429 178.91 55.6186 21.1443 117.93 55.6186 -2.15106 145.8 0 -26.1746 149.193 0 -29.5756 -94.2624 0 137.316 -81.2443 0 -29.5756 -4.7277 0 137.316 -1.78475 0 -29.5756 1.1582 78.5037 30.8043 118.453 0 130.978 64.8635 0 130.69 -87.7292 0 37.9574 98.943 0 32.7949 -100.235 0 -20.1429 181.829 0 -20.4338 -216.265 78.5037 -20.4338 -213.196 55.3213 22.0541 -145.997 55.6186 21.8656 100.47 78.5037 28.5933 133.299 55.3239 -25.8223 -178.983 78.5037 32.4851 101.255 83.05 -29.5756 64.8031 78.5037 26.992 -101.084 78.5037 -24.4781 174.362 78.5037 19.7547 170.947 78.5037 -24.4781 -210.176 78.5037 18.6139 -213.196 59.3881 136.457 60.5875 59.3881 135.528 -85.1765 55.3213 17.397 -123.568 78.5037 26.6718 -105.351 77.3531 32.7949 -100.235 78.5037 26.947 -122.543 77.3531 37.9574 98.943 78.5037 26.6554 -146.095 60.3909 130.978 64.8635 78.5037 25.2687 -166.947 60.3909 130.69 -87.7292 78.5037 23.6214 -182.816 78.5037 -1.04016 178.91 78.5037 -2.6132 -213.196 55.6186 -3.81879 72.3279 59.3881 137.316 55.1972 55.3213 -1.94806 -107.63 83.05 -24.6167 -207.321 0 -24.6167 -207.321 0 21.351 -212.774 83.05 18.1725 -208.954 78.9782 -24.6167 -207.321 83.05 -2.58579 -208.954 0 -13.3358 136.443 83.05 -20.5418 -208.954 78.5037 19.01 -210.026 49.6608 15.0308 -208.415 49.6729 18.9531 -182.858 33.7732 15.619 -209.256 0 17.172 -211.085 49.6715 21.1958 -166.983 39.1146 -11.2935 114.516 39.5597 137.316 -1.78475 39.5597 137.316 -81.2443 71.5687 17.5673 167.442 55.3214 -29.5756 -94.2624 55.3214 -29.5756 -4.7277 55.3214 -29.5756 1.1582 49.6717 22.5858 -146.111 51.4623 17.8519 167.911 55.3214 -29.5756 64.8031 52.293 32.9349 101.255 52.293 -20.1429 179.885 52.293 27.7736 -101.084 52.293 -24.4781 174.362 52.293 19.7547 170.947 52.293 -24.4781 -210.176 52.293 19.3956 -214.221 39.5597 136.457 60.5875 39.5597 135.528 -85.1765 52.293 27.4534 -105.351 33.7262 -20.8039 -107.118 52.293 -1.04016 179.885 52.293 -2.6132 -214.221 39.5597 137.316 55.1972 52.293 -20.4338 -214.221 40.2277 130.978 64.8635 40.2277 130.69 -87.7292 51.5266 37.9574 98.943 51.5266 32.7949 -100.235 0 24.5089 -107.046 52.6091 -24.6167 -207.321 52.293 19.7916 -210.943 49.6718 22.8783 -122.542 49.6545 22.4252 -107.054 0 -20.3077 -204.368 33.805 22.9496 -107.046 47.7003 -20.1939 -201.087 47.5934 -20.5509 -178.381 33.6452 -20.1758 -202.579 0 -20.9397 -107.132 0 -22.734 -153.361 51.5621 24.8887 104.478 47.6893 -20.8155 -107.985 47.5918 -20.7461 -163.32 -55.6186 -28.8232 107.988 -83.05 31.6476 100 -83.05 26.1545 -100 -83.05 -24.4781 174.362 -83.05 18.9172 170.144 -83.05 -24.4781 -210.176 -83.05 17.7764 -212 -62.8273 135.619 59.3328 -62.8273 134.691 -84.0927 -83.05 -29.3321 -105.351 -83.05 25.8343 -105.351 -55.6312 -26.2527 147.093 -83.05 26.1095 -122.543 -55.3213 -27.4777 -146.011 -83.05 25.8179 -146.095 -55.3213 -2.62538 -178.983 -83.05 24.4312 -166.947 -83.05 -25.8064 -181.262 -83.05 22.7839 -182.816 -83.05 23.9868 100 -83.05 -1.04016 178.108 -83.05 -2.6132 -212 -83.05 -1.65332 -105.351 -83.05 18.0477 -122.12 -83.05 22.7681 -146.095 -83.05 16.1311 -168.758 -83.05 -2.35053 -181.262 -83.05 -29.5756 70.2279 -83.05 19.8315 82.9934 -62.8273 136.478 55.1972 -83.05 -3.06862 70.2279 -59.3881 137.316 -1.78475 -83.05 16.0372 83.4587 -78.5037 25.2587 151.041 -83.05 29.9668 118.453 -83.05 23.2245 118.453 -59.3881 137.316 -81.2443 -83.05 27.7558 133.299 -83.05 16.7598 134.776 -83.05 -26.1746 149.193 -83.05 24.4212 151.041 -83.05 -1.28588 147.9 -83.05 -29.5756 -94.2624 -83.05 15.3137 -93.8321 -62.8273 136.478 -81.2443 -83.05 -1.49873 -94.2624 -83.05 -29.5756 -4.7277 -83.05 17.5902 -4.72769 -62.8273 136.478 -1.78475 -83.05 0.162107 -4.7277 -83.05 -29.5756 1.1582 -83.05 17.7406 1.15884 -55.3187 -29.3162 -107.63 -83.05 0.271288 1.1582 -63.8883 130.978 63.6088 -63.8883 130.69 -86.6455 -63.8883 130.935 54.0074 -63.8883 130.698 -81.9047 -63.8883 130.818 -4.7277 -63.8883 130.826 1.15823 -81.8328 37.9574 97.6883 -81.8328 32.7949 -99.1517 -81.8328 26.1904 81.1521 -81.8328 21.9445 -93.0744 -81.8328 24.0841 -4.72769 -81.8328 24.2254 1.15881 -55.6186 -29.5756 72.3279 -83.05 -20.1429 178.108 -83.05 -20.4338 -212 -83.05 -24.2125 -105.351 -83.05 -23.8366 64.8031 -83.05 -2.8063 64.8031 -83.05 -21.4678 -181.262 -83.05 -23.818 70.2279 -55.6186 15.0266 133.538 -55.6186 14.3714 84.8089 -55.3213 15.4953 -167.212 -83.05 -24.3824 -94.2624 -83.05 -24.0752 -4.7277 -83.05 -24.055 1.1582 -78.5037 -20.1429 178.91 -55.6186 21.1443 117.93 -55.6186 -2.15106 145.8 -78.5037 30.8043 118.453 -78.5037 -20.4338 -213.196 -55.3213 22.0541 -145.997 -55.6186 21.8656 100.47 -78.5037 28.5933 133.299 -55.3239 -25.8223 -178.983 -78.5037 32.4851 101.255 -83.05 -29.5756 64.8031 -78.5037 26.992 -101.084 -78.5037 -24.4781 174.362 -78.5037 19.7547 170.947 -78.5037 -24.4781 -210.176 -78.5037 18.6139 -213.196 -59.3881 136.457 60.5875 -59.3881 135.528 -85.1765 -55.3213 17.397 -123.568 -78.5037 26.6718 -105.351 -77.3531 32.7949 -100.235 -78.5037 26.947 -122.543 -77.3531 37.9574 98.943 -78.5037 26.6554 -146.095 -60.3909 130.978 64.8635 -78.5037 25.2687 -166.947 -60.3909 130.69 -87.7292 -78.5037 23.6214 -182.816 -78.5037 -1.04016 178.91 -78.5037 -2.6132 -213.196 -55.6186 -3.81879 72.3279 -59.3881 137.316 55.1972 -55.3213 -1.94806 -107.63 -83.05 -24.6167 -207.321 -83.05 18.1725 -208.954 -78.9782 -24.6167 -207.321 -83.05 -2.58579 -208.954 -83.05 -20.5418 -208.954 -78.5037 19.01 -210.026 -39.5597 137.316 -1.78475 -39.5597 137.316 -81.2443 -55.3214 -29.5756 -94.2624 -55.3214 -29.5756 -4.7277 -55.3214 -29.5756 1.1582 -55.3214 -29.5756 64.8031 -52.293 32.9349 101.255 -52.293 -20.1429 179.885 -52.293 27.7736 -101.084 -52.293 -24.4781 174.362 -52.293 19.7547 170.947 -52.293 -24.4781 -210.176 -52.293 19.3956 -214.221 -39.5597 136.457 60.5875 -39.5597 135.528 -85.1765 -52.293 27.4534 -105.351 -52.293 -1.04016 179.885 -52.293 -2.6132 -214.221 -39.5597 137.316 55.1972 -52.293 -20.4338 -214.221 -40.2277 130.978 64.8635 -40.2277 130.69 -87.7292 -51.5266 37.9574 98.943 -51.5266 32.7949 -100.235 -52.6091 -24.6167 -207.321 -52.293 19.7916 -210.943</float_array>
                    <technique_common>
                        <accessor count="357" source="#ID8" stride="3">
                            <param name="X" type="float"/>
                            <param name="Y" type="float"/>
                            <param name="Z" type="float"/>
                        </accessor>
                    </technique_common>
                </source>
                <source id="ID9">
                    <float_array id="ID10" count="855">-1.02078e-008 0.977331 -0.211717 0 1 -0 0 0.977331 -0.211717 0.744976 -0.535649 0.397606 0.855004 -0.14974 0.496534 0.515335 -0.247411 0.820498 0.745012 -0.535623 0.397574 0.186239 0.975319 0.11861 0.181577 0.676611 0.713601 0.89179 0.394863 0.220893 0.770241 0.633089 0.0769908 0.735488 -1.32135e-006 -0.677538 1 0 -0 0.911115 -0.140876 -0.387328 0.901523 -0.0227967 -0.43213 0.855006 -0.172243 -0.489181 0.516507 -0.284263 -0.807722 0.733814 -0.035612 -0.678416 0.0265418 -0.441828 0.896707 0.031062 0.127531 0.991348 0.107985 0.187257 0.976358 0.0771609 -0.393581 0.916046 0.747495 -0.524416 -0.407723 0.747511 -0.52434 -0.407793 0 -1 -0 8.98108e-005 -0.999947 -0.0103421 0 -0.999947 -0.0103421 0.767749 0.631857 0.106391 0.738302 -0.659891 -0.139482 0.723606 0.687664 0.0592627 0.127208 0.988335 0.0837397 0.119147 0.992877 -0 0.807888 0.589336 -0.00013652 -3.36283e-005 -0.997843 0.0656395 5.63374e-005 -0.999088 0.0426999 0 -0.999088 0.0426999 0 -0.997852 0.0655143 -0.000391695 -0.998914 -0.0465993 0 -0.998893 -0.0470477 0.53739 -0.723025 -0.434103 0.0372444 -0.878987 -0.475388 0.774946 0.116852 0.621131 0.771759 -0.237699 0.589819 -1.09982e-008 0.86127 0.508148 -2.04677e-008 0.615289 0.788301 0 0.615289 0.788302 0 0.86127 0.508148 0.0488066 0.662908 -0.747108 0.0339976 0.9923 -0.119097 0 0.993207 -0.11636 0 0.664758 -0.747059 0.00347484 0.429435 0.903091 0 0.454283 0.890858 0.775881 0.623885 -0.0936837 0.1477 0.979356 -0.138012 0.178737 0.652881 -0.73607 0.708149 0.469189 -0.527623 0.984539 0.175133 -0.00333633 0.995703 0.0925742 -0.00229404 0.782052 -0.16663 -0.600524 -0.000132761 -0.999977 0.00683689 0.00302381 0.179262 -0.983797 0.0206942 0.743154 -0.6688 0.148223 0.734749 -0.661947 0.171483 0.168489 -0.970673 -0.000192877 -0.998932 -0.0462119 0.00792078 -0.917361 -0.397977 0 -0.933357 -0.358949 0 -0.998929 -0.046273 0 0.99688 0.0789288 0.130669 0.965433 -0.22553 0.00528938 -0.935854 0.352349 0 -0.945719 0.324985 0.717553 0.675045 -0.171559 0.791962 0 -0.610571 0.742788 -0.575517 -0.342119 0.728304 -0.684517 0.0317773 0.728306 -0.684514 0.0317993 0.742764 -0.575538 -0.342137 0.0188927 -0.915445 0.402 0.494966 -0.786779 0.368765 -5.27254e-010 -0.468571 0.883426 0 0 1 0.147611 0 -0.989046 0.112894 -0.306472 -0.945161 0.771254 0.630539 -0.0871083 0.153667 0.726403 -0.66987 0.578607 0.630813 -0.516999 0.000307504 -0.999946 -0.0103421 0.160153 0.859752 0.484951 0.208242 0.558762 0.802758 0.197105 0.398652 -0.895671 0.768509 0.352387 -0.534058 0.735492 1.55906e-006 0.677534 0.735492 0 0.677533 0.735516 5.1341e-005 0.677507 0 0.99688 0.0789288 0.133266 0.990196 -0.0418614 0.181167 0.983451 0.00178285 0.76852 0.639825 0.0011599 0.769798 0.638078 -0.0163644 0.983884 0.178807 -0.000847534 0.98131 0.192231 -0.00878554 0.733598 -1.1292e-007 0.679584 0.733598 0 0.679584 0 0 -1 0 -0.428339 -0.903618 0.029282 -0.388305 -0.921066 0.0390604 0 -0.999237 0.998892 0.0384944 -0.0270738 0.745098 -0.507002 0.433333 0.743715 -0.654779 0.134731 5.10239e-005 -0.998962 -0.0455576 -0.000783389 -0.999 -0.0447072 0.52098 -0.291776 -0.802151 0.509856 -0.706699 -0.490534 0.775359 0.426953 0.465328 0.611253 0.71197 0.345642 0.827415 0.219578 -0.516885 0 0.727608 -0.685993 0 0.466672 -0.884431 0 0.466672 -0.884431 -1.05429e-008 0.727608 -0.685993 0.190547 0.397095 0.897779 0 0.202428 -0.979297 0 0.751087 -0.660204 0.189184 0.972703 -0.134378 0.984326 0.15667 -0.0809782 0.795213 0.342342 0.500438 0.771007 0.620003 0.145409 0.188083 0.956208 0.224258 0.178733 0.97024 0.163368 0 -0.99886 -0.0477318 0 -0.999433 -0.0336722 8.40789e-005 -0.99886 -0.0477318 0.977292 0.21189 -0.00157171 0.913555 0.350897 -0.205644 0.98411 0.177559 -0.000830355 0 0.997197 -0.0748216 0.0297236 0.996756 -0.0747885 0.85601 -0.153639 0.493601 0.604537 -0.558346 -0.568141 0.970257 0.151769 0.188593 0.768544 0.639301 -0.0251968 0.768333 0.637744 -0.0542883 0.181031 0.982715 -0.0387319 0.180535 0.980024 -0.0834251 0.150397 0.615762 0.773445 0.621264 0.580359 0.526512 0.500433 -1.43858e-007 0.865775 1 5.01901e-005 -3.54033e-005 -0.000570069 -0.997782 0.0665712 0.517928 -0.254231 0.816773 1 8.9665e-006 3.08928e-005 0 -0.998922 -0.0464313 0.988907 0.0730144 0.129354 0 -0.999947 0.0102554 0.017353 0.37628 0.926344 1.02078e-008 0.977331 -0.211717 -0.744976 -0.535649 0.397606 -0.745012 -0.535623 0.397574 -0.515335 -0.247411 0.820498 -0.855004 -0.14974 0.496534 -0.186239 0.975319 0.11861 -0.770241 0.633089 0.0769908 -0.89179 0.394863 0.220893 -0.181577 0.676611 0.713601 -0.735488 -1.32135e-006 -0.677538 -0.911115 -0.140876 -0.387328 -1 0 -0 -0.901523 -0.0227967 -0.43213 -0.733814 -0.035612 -0.678416 -0.516507 -0.284263 -0.807722 -0.855006 -0.172243 -0.489181 -0.0265418 -0.441828 0.896707 -0.0771609 -0.393581 0.916046 -0.107985 0.187257 0.976358 -0.031062 0.127531 0.991348 -0.747511 -0.52434 -0.407793 -0.747495 -0.524416 -0.407723 -8.98108e-005 -0.999947 -0.0103421 -0.738302 -0.659891 -0.139482 -0.767749 0.631857 0.106391 -0.723606 0.687664 0.0592627 -0.807888 0.589336 -0.00013652 -0.119147 0.992877 -0 -0.127208 0.988335 0.0837397 3.36283e-005 -0.997843 0.0656395 -5.63374e-005 -0.999088 0.0426999 0.000391695 -0.998914 -0.0465993 -0.0372444 -0.878987 -0.475388 -0.53739 -0.723025 -0.434103 -0.771759 -0.237699 0.589819 -0.774946 0.116852 0.621131 1.09982e-008 0.86127 0.508148 2.04677e-008 0.615289 0.788301 -0.0488066 0.662908 -0.747108 -0.0339976 0.9923 -0.119097 -0.00347484 0.429435 0.903091 -0.775881 0.623885 -0.0936837 -0.708149 0.469189 -0.527623 -0.178737 0.652881 -0.73607 -0.1477 0.979356 -0.138012 -0.984539 0.175133 -0.00333633 -0.995703 0.0925742 -0.00229404 -0.782052 -0.16663 -0.600524 0.000132761 -0.999977 0.00683689 -0.00302381 0.179262 -0.983797 -0.171483 0.168489 -0.970673 -0.148223 0.734749 -0.661947 -0.0206942 0.743154 -0.6688 0.000192877 -0.998932 -0.0462119 -0.00792078 -0.917361 -0.397977 -0.130669 0.965433 -0.22553 -0.00528938 -0.935854 0.352349 -0.717553 0.675045 -0.171559 -0.791962 0 -0.610571 -0.742788 -0.575517 -0.342119 -0.742764 -0.575538 -0.342137 -0.728306 -0.684514 0.0317993 -0.728304 -0.684517 0.0317773 -0.0188927 -0.915445 0.402 -0.494966 -0.786779 0.368765 -0.147611 0 -0.989046 -0.112894 -0.306472 -0.945161 -0.771254 0.630538 -0.0871083 -0.578607 0.630813 -0.516999 -0.153667 0.726403 -0.66987 -0.000307504 -0.999946 -0.0103421 -0.160153 0.859752 0.484951 -0.208242 0.558762 0.802758 -0.768509 0.352387 -0.534058 -0.197105 0.398652 -0.895671 -0.735492 1.55906e-006 0.677534 -0.735516 5.1341e-005 0.677507 -0.735492 0 0.677533 -0.133266 0.990196 -0.0418614 -0.769798 0.638078 -0.0163644 -0.76852 0.639825 0.0011599 -0.181167 0.983451 0.00178285 -0.98131 0.192231 -0.00878554 -0.983884 0.178807 -0.000847534 -0.733598 -1.1292e-007 0.679584 -0.733598 0 0.679584 -0.0390604 0 -0.999237 -0.029282 -0.388305 -0.921066 -0.998892 0.0384944 -0.0270738 -0.743715 -0.654779 0.134731 -0.745098 -0.507002 0.433333 0.000783389 -0.999 -0.0447072 -5.10239e-005 -0.998962 -0.0455576 -0.509856 -0.706699 -0.490534 -0.52098 -0.291776 -0.802151 -0.775359 0.426953 0.465328 -0.611253 0.71197 0.345642 -0.827415 0.219578 -0.516885 1.05429e-008 0.727608 -0.685993 -0.190547 0.397095 0.897779 -0.189184 0.972703 -0.134378 -0.795213 0.342342 0.500438 -0.984326 0.15667 -0.0809782 -0.771007 0.620003 0.145409 -0.178733 0.97024 0.163368 -0.188083 0.956208 0.224258 -8.40789e-005 -0.99886 -0.0477318 -0.977292 0.21189 -0.00157171 -0.913555 0.350897 -0.205644 -0.98411 0.177559 -0.000830355 -0.0297236 0.996756 -0.0747885 -0.85601 -0.153639 0.493601 -0.604537 -0.558346 -0.568141 -0.970257 0.151769 0.188593 -0.768544 0.639301 -0.0251968 -0.768333 0.637744 -0.0542883 -0.181031 0.982715 -0.0387319 -0.180535 0.980024 -0.0834251 -0.621264 0.580359 0.526511 -0.150397 0.615762 0.773445 -0.500433 -1.43858e-007 0.865775 -1 5.01901e-005 -3.54033e-005 0.000570069 -0.997782 0.0665712 -0.517928 -0.254231 0.816773 -1 8.9665e-006 3.08928e-005 -0.988907 0.0730144 0.129354 -0.017353 0.37628 0.926344</float_array>
                    <technique_common>
                        <accessor count="285" source="#ID10" stride="3">
                            <param name="X" type="float"/>
                            <param name="Y" type="float"/>
                            <param name="Z" type="float"/>
                        </accessor>
                    </technique_common>
                </source>
                <source id="ID11">
                    <float_array id="ID12" count="2">0 1</float_array>
                    <technique_common>
                        <accessor count="1" source="#ID12" stride="2">
                            <param name="S" type="float"/>
                            <param name="T" type="float"/>
                        </accessor>
                    </technique_common>
                </source>
                <vertices id="ID13">
                    <input semantic="POSITION" source="#ID7"/>
                </vertices>
                <polylist count="294" material="Material1">
                    <input offset="0" semantic="VERTEX" source="#ID13"/>
                    <input offset="1" semantic="NORMAL" source="#ID9"/>
                    <input offset="2" semantic="TEXCOORD" source="#ID11" set="0"/>
                    <vcount>4 4 4 4 4 4 4 4 4 4 4 4 4 4 4 4 4 4 4 4 4 4 4 4 4 4 4 4 4 4 4 4 4 4 4 4 4 3 4 4 4 4 4 4 4 4 4 4 4 4 4 4 4 4 4 4 4 4 4 4 4 4 4 4 4 4 4 4 4 4 3 3 4 4 4 4 4 4 4 3 4 4 4 4 4 4 4 3 4 4 3 3 3 4 4 3 3 4 4 3 4 4 4 4 4 4 3 4 4 4 4 4 4 3 4 3 4 4 4 4 4 4 3 4 4 4 4 4 4 4 4 4 4 4 4 4 4 4 4 4 4 4 4 4 4 4 4 4 4 4 4 4 4 4 4 4 4 4 4 4 4 4 4 4 4 4 4 4 4 4 4 4 4 4 4 4 4 4 4 4 4 4 4 4 3 4 4 4 4 4 4 4 4 4 4 4 4 4 4 4 4 4 4 4 4 4 4 4 4 4 4 4 4 4 4 4 4 3 3 4 4 4 4 4 4 4 3 4 4 4 4 4 4 4 3 4 4 3 3 3 4 4 3 3 4 4 3 4 4 4 4 4 4 3 4 4 4 4 4 4 3 4 3 4 4 4 4 4 4 3 4 4 4 4 4 4 4 4 4 4 4 4 4 4 4 4 4 4 4 4 4 4 4 4</vcount>
                    <p>114 2 0 116 1 0 169 1 0 170 0 0 91 6 0 27 5 0 38 4 0 37 3 0 46 10 0 13 9 0 130 8 0 118 7 0 34 13 0 57 12 0 100 12 0 82 11 0 23 17 0 111 16 0 53 15 0 51 14 0 109 21 0 149 20 0 189 19 0 179 18 0 111 16 0 87 23 0 50 22 0 53 15 0 115 24 0 113 26 0 172 25 0 173 24 0 47 28 0 46 10 0 49 27 0 50 22 0 60 32 0 43 31 0 152 30 0 41 29 0 112 36 0 89 35 0 12 34 0 23 33 0 135 40 0 17 39 0 154 38 0 158 37 0 80 42 0 32 41 0 149 20 0 109 21 0 96 46 0 119 45 0 193 44 0 185 43 0 95 50 0 156 49 0 199 48 0 184 47 0 121 52 0 90 52 0 178 51 0 195 51 0 18 56 0 136 55 0 162 54 0 157 53 0 63 58 0 59 58 0 76 57 0 77 57 0 17 39 0 81 59 0 161 12 0 154 12 0 39 24 0 78 60 0 177 24 0 131 24 0 141 64 0 132 63 0 180 62 0 196 61 0 62 12 0 58 12 0 102 12 0 108 12 0 155 68 0 94 67 0 183 66 0 198 65 0 169 1 0 191 69 0 152 30 0 43 31 0 170 0 0 169 1 0 43 31 0 48 70 0 93 72 0 112 36 0 23 33 0 181 71 0 56 73 0 48 70 0 43 31 0 60 32 0 81 59 0 33 74 0 159 12 0 161 12 0 139 78 0 126 77 0 36 76 0 35 75 0 15 80 0 80 42 0 109 21 0 133 79 0 179 18 0 189 19 0 104 82 0 123 81 0 33 74 0 81 59 0 125 84 0 150 83 0 30 85 0 38 4 0 159 12 0 157 53 0 56 73 0 20 87 0 138 86 0 48 70 0 173 24 0 172 25 0 54 88 0 58 24 0 185 43 0 193 44 0 145 90 0 137 89 0 20 87 0 67 92 0 147 91 0 138 86 0 129 95 0 29 94 0 85 93 0 184 47 0 199 48 0 162 54 0 136 55 0 116 1 0 107 96 0 191 69 0 169 1 0 22 100 0 24 99 0 142 98 0 140 97 0 174 24 0 173 24 0 58 24 0 62 24 0 41 29 0 68 102 0 71 101 0 60 32 0 39 104 0 131 12 0 83 12 0 86 103 0 190 108 0 192 107 0 124 106 0 105 105 0 13 9 0 31 111 0 44 110 0 40 109 0 29 113 0 129 112 0 198 65 0 158 37 0 61 12 0 59 58 0 63 58 0 65 12 0 87 23 0 110 28 0 47 28 0 50 22 0 64 115 0 153 114 0 34 13 0 82 11 0 19 117 0 137 89 0 145 90 0 66 116 0 62 12 0 108 12 0 83 12 0 131 12 0 67 92 0 73 118 0 141 64 0 147 91 0 186 122 0 194 121 0 120 120 0 97 119 0 195 51 0 178 51 0 130 8 0 143 123 0 80 42 0 51 14 0 53 15 0 32 41 0 92 125 0 122 124 0 196 61 0 180 62 0 110 28 0 127 111 0 31 111 0 47 28 0 157 53 0 162 54 0 148 126 0 30 85 0 72 128 0 74 127 0 68 102 0 66 116 0 72 128 0 143 123 0 130 8 0 13 9 0 49 27 0 128 131 0 45 130 0 52 129 0 25 134 0 64 115 0 98 133 0 101 132 0 50 22 0 49 27 0 52 129 0 53 15 0 20 87 0 56 73 0 69 135 0 67 92 0 73 118 0 14 136 0 132 63 0 141 64 0 60 32 0 70 137 0 69 135 0 56 73 0 117 24 0 115 24 0 173 24 0 174 24 0 24 99 0 22 100 0 34 13 0 35 75 0 180 62 0 187 139 0 99 138 0 92 125 0 60 32 0 71 101 0 70 137 0 42 140 0 84 12 0 40 109 0 172 25 0 64 115 0 21 141 0 54 88 0 67 92 0 69 135 0 75 142 0 73 118 0 26 143 0 24 99 0 35 75 0 36 76 0 70 137 0 71 101 0 77 57 0 76 57 0 150 83 0 125 84 0 192 107 0 190 108 0 126 77 0 91 6 0 37 3 0 36 76 0 138 86 0 147 91 0 194 121 0 186 122 0 64 115 0 82 11 0 21 141 0 28 144 0 26 143 0 36 76 0 37 3 0 26 143 0 28 144 0 146 146 0 144 145 0 13 9 0 40 109 0 74 127 0 72 128 0 14 136 0 22 100 0 140 97 0 132 63 0 30 85 0 28 144 0 37 3 0 38 4 0 28 144 0 30 85 0 148 126 0 146 146 0 183 66 0 192 107 0 125 84 0 135 40 0 29 113 0 158 37 0 154 38 0 154 12 0 161 12 0 85 93 0 29 94 0 16 148 0 134 147 0 149 20 0 32 41 0 15 80 0 51 14 0 80 42 0 78 149 0 39 104 0 86 103 0 12 150 0 88 110 0 127 111 0 38 4 0 85 93 0 161 12 0 159 12 0 16 148 0 32 41 0 53 15 0 52 129 0 133 79 0 51 151 0 15 80 0 14 136 0 34 13 0 22 100 0 88 110 0 151 152 0 42 140 0 44 110 0 113 26 0 98 133 0 64 115 0 172 25 0 153 114 0 64 115 0 139 78 0 126 77 0 139 78 0 64 115 0 25 153 0 81 59 0 17 39 0 135 40 0 125 84 0 91 6 0 126 77 0 25 153 0 129 95 0 16 148 0 52 129 0 45 130 0 134 147 0 24 99 0 26 143 0 144 145 0 142 98 0 19 117 0 41 29 0 152 30 0 137 89 0 129 95 0 27 5 0 91 6 0 103 154 0 155 68 0 198 65 0 129 112 0 190 108 0 184 47 0 136 55 0 150 83 0 58 12 0 54 12 0 100 12 0 102 12 0 18 56 0 157 53 0 159 12 0 33 74 0 151 152 0 88 110 0 12 150 0 78 149 0 34 13 0 14 136 0 55 155 0 57 12 0 110 28 0 12 150 0 127 111 0 89 35 0 106 156 0 78 60 0 12 34 0 87 23 0 12 150 0 110 28 0 135 40 0 158 37 0 198 65 0 183 66 0 87 23 0 111 16 0 23 17 0 12 150 0 182 157 0 189 19 0 149 20 0 134 147 0 54 12 0 21 141 0 82 11 0 100 12 0 129 112 0 25 134 0 101 132 0 103 154 0 132 63 0 140 97 0 187 139 0 180 62 0 42 140 0 40 109 0 44 110 0 72 128 0 66 116 0 145 90 0 143 123 0 151 152 0 78 149 0 86 103 0 42 140 0 18 56 0 33 74 0 150 83 0 136 55 0 153 114 0 139 78 0 35 75 0 34 13 0 94 67 0 124 106 0 192 107 0 183 66 0 61 12 0 65 12 0 108 12 0 102 12 0 19 117 0 66 116 0 68 102 0 41 29 0 42 140 0 86 103 0 83 12 0 84 12 0 133 79 0 109 21 0 179 18 0 181 71 0 185 43 0 191 69 0 107 96 0 96 46 0 123 81 0 93 72 0 181 71 0 179 18 0 27 5 0 129 95 0 85 93 0 38 4 0 137 89 0 152 30 0 191 69 0 185 43 0 14 136 0 73 118 0 75 142 0 55 155 0 62 24 0 131 24 0 177 24 0 174 24 0 127 111 0 88 110 0 44 110 0 31 111 0 170 0 0 186 122 0 97 119 0 114 2 0 48 70 0 138 86 0 186 122 0 170 0 0 51 151 0 133 79 0 181 71 0 23 33 0 31 111 0 13 9 0 46 10 0 47 28 0 105 105 0 95 50 0 184 47 0 190 108 0 106 156 0 79 24 0 177 24 0 78 60 0 46 10 0 118 7 0 128 131 0 49 27 0 117 24 0 174 24 0 177 24 0 79 24 0 331 1 0 116 1 0 114 2 0 332 158 0 238 162 0 227 161 0 288 160 0 237 159 0 301 166 0 213 165 0 246 164 0 295 163 0 289 169 0 257 169 0 234 168 0 281 167 0 253 173 0 294 172 0 223 171 0 251 170 0 347 177 0 320 176 0 292 175 0 338 174 0 250 179 0 286 178 0 294 172 0 253 173 0 333 180 0 113 26 0 115 24 0 334 24 0 249 182 0 246 164 0 247 181 0 250 179 0 323 186 0 243 185 0 260 184 0 241 183 0 212 188 0 89 35 0 112 36 0 223 187 0 325 38 0 217 191 0 306 190 0 327 189 0 320 176 0 232 193 0 279 192 0 292 175 0 351 195 0 119 45 0 96 46 0 344 194 0 356 197 0 156 49 0 95 50 0 343 196 0 337 198 0 90 52 0 121 52 0 353 198 0 330 202 0 307 201 0 218 200 0 326 199 0 276 203 0 259 204 0 263 204 0 277 203 0 329 169 0 280 205 0 217 191 0 325 169 0 336 24 0 278 206 0 239 24 0 302 24 0 339 210 0 303 209 0 312 208 0 354 207 0 290 169 0 258 169 0 262 169 0 291 169 0 342 212 0 94 67 0 155 68 0 355 211 0 323 186 0 349 96 0 331 1 0 243 185 0 243 185 0 331 1 0 332 158 0 248 213 0 223 187 0 112 36 0 93 72 0 340 214 0 243 185 0 248 213 0 256 215 0 260 184 0 328 169 0 233 216 0 280 205 0 329 169 0 236 220 0 297 219 0 310 218 0 235 217 0 292 175 0 279 192 0 215 222 0 304 221 0 104 82 0 347 177 0 338 174 0 123 81 0 296 224 0 280 205 0 233 216 0 321 223 0 328 169 0 238 162 0 230 225 0 326 199 0 309 227 0 220 226 0 256 215 0 248 213 0 254 228 0 333 180 0 334 24 0 258 24 0 316 230 0 351 195 0 344 194 0 308 229 0 318 232 0 267 231 0 220 226 0 309 227 0 229 235 0 300 234 0 284 233 0 330 202 0 356 197 0 343 196 0 307 201 0 349 96 0 107 96 0 116 1 0 331 1 0 313 239 0 224 238 0 222 237 0 311 236 0 258 24 0 334 24 0 335 24 0 262 24 0 271 241 0 268 240 0 241 183 0 260 184 0 282 169 0 302 169 0 239 243 0 285 242 0 124 106 0 350 245 0 348 244 0 105 105 0 244 248 0 231 247 0 213 165 0 240 246 0 355 211 0 300 250 0 229 249 0 327 189 0 263 204 0 259 204 0 261 169 0 265 169 0 247 181 0 293 181 0 286 178 0 250 179 0 234 168 0 324 252 0 264 251 0 281 167 0 316 230 0 308 229 0 219 254 0 266 253 0 282 169 0 291 169 0 262 169 0 302 169 0 312 208 0 273 255 0 267 231 0 318 232 0 120 120 0 352 121 0 345 256 0 97 119 0 301 166 0 337 198 0 353 198 0 314 257 0 253 173 0 251 170 0 279 192 0 232 193 0 354 207 0 122 124 0 92 125 0 339 210 0 231 247 0 298 247 0 293 181 0 247 181 0 319 258 0 330 202 0 326 199 0 230 225 0 268 240 0 274 260 0 272 259 0 266 253 0 301 166 0 314 257 0 272 259 0 213 165 0 245 263 0 299 262 0 249 182 0 252 261 0 98 133 0 264 251 0 225 264 0 101 132 0 252 261 0 249 182 0 250 179 0 253 173 0 269 265 0 256 215 0 220 226 0 267 231 0 303 209 0 214 266 0 273 255 0 312 208 0 269 265 0 270 267 0 260 184 0 256 215 0 334 24 0 115 24 0 117 24 0 335 24 0 234 168 0 222 237 0 224 238 0 235 217 0 99 138 0 346 268 0 339 210 0 92 125 0 271 241 0 260 184 0 270 267 0 283 169 0 242 269 0 240 246 0 221 270 0 264 251 0 333 180 0 254 228 0 275 271 0 269 265 0 267 231 0 273 255 0 235 217 0 224 238 0 226 272 0 236 220 0 277 203 0 271 241 0 270 267 0 276 203 0 350 245 0 296 224 0 321 223 0 348 244 0 237 159 0 288 160 0 297 219 0 236 220 0 352 121 0 318 232 0 309 227 0 345 256 0 281 167 0 264 251 0 221 270 0 236 220 0 226 272 0 228 273 0 237 159 0 317 275 0 228 273 0 226 272 0 315 274 0 274 260 0 240 246 0 213 165 0 272 259 0 311 236 0 222 237 0 214 266 0 303 209 0 237 159 0 228 273 0 230 225 0 238 162 0 319 258 0 230 225 0 228 273 0 317 275 0 296 224 0 350 245 0 342 212 0 306 190 0 327 189 0 229 249 0 325 38 0 284 233 0 329 169 0 325 169 0 229 235 0 320 176 0 305 277 0 216 276 0 232 193 0 251 170 0 215 222 0 279 192 0 239 243 0 278 278 0 285 242 0 287 248 0 212 279 0 298 247 0 329 169 0 284 233 0 238 162 0 328 169 0 253 173 0 232 193 0 216 276 0 252 261 0 251 280 0 304 221 0 215 222 0 234 168 0 214 266 0 222 237 0 242 269 0 322 281 0 287 248 0 244 248 0 264 251 0 98 133 0 113 26 0 333 180 0 264 251 0 324 252 0 310 218 0 264 251 0 310 218 0 297 219 0 225 282 0 306 190 0 217 191 0 280 205 0 296 224 0 225 282 0 297 219 0 288 160 0 300 234 0 245 263 0 252 261 0 216 276 0 305 277 0 315 274 0 226 272 0 224 238 0 313 239 0 323 186 0 241 183 0 219 254 0 308 229 0 227 161 0 300 234 0 288 160 0 355 211 0 155 68 0 103 154 0 300 250 0 307 201 0 343 196 0 348 244 0 321 223 0 289 169 0 254 169 0 258 169 0 290 169 0 328 169 0 326 199 0 218 200 0 233 216 0 212 279 0 287 248 0 322 281 0 278 278 0 255 283 0 214 266 0 234 168 0 257 169 0 212 279 0 293 181 0 298 247 0 278 206 0 106 156 0 89 35 0 212 188 0 212 279 0 286 178 0 293 181 0 355 211 0 327 189 0 306 190 0 342 212 0 223 171 0 294 172 0 286 178 0 212 279 0 320 176 0 347 177 0 341 284 0 305 277 0 281 167 0 221 270 0 254 169 0 289 169 0 101 132 0 225 264 0 300 250 0 103 154 0 346 268 0 311 236 0 303 209 0 339 210 0 240 246 0 242 269 0 244 248 0 316 230 0 266 253 0 272 259 0 314 257 0 285 242 0 278 278 0 322 281 0 242 269 0 321 223 0 233 216 0 218 200 0 307 201 0 235 217 0 310 218 0 324 252 0 234 168 0 350 245 0 124 106 0 94 67 0 342 212 0 291 169 0 265 169 0 261 169 0 290 169 0 268 240 0 266 253 0 219 254 0 241 183 0 282 169 0 285 242 0 242 269 0 283 169 0 338 174 0 292 175 0 304 221 0 340 214 0 107 96 0 349 96 0 344 194 0 96 46 0 340 214 0 93 72 0 123 81 0 338 174 0 284 233 0 300 234 0 227 161 0 238 162 0 349 96 0 323 186 0 308 229 0 344 194 0 275 271 0 273 255 0 214 266 0 255 283 0 336 24 0 302 24 0 262 24 0 335 24 0 244 248 0 287 248 0 298 247 0 231 247 0 97 119 0 345 256 0 332 158 0 114 2 0 345 256 0 309 227 0 248 213 0 332 158 0 340 214 0 304 221 0 251 280 0 223 187 0 246 164 0 213 165 0 231 247 0 247 181 0 343 196 0 95 50 0 105 105 0 348 244 0 336 24 0 79 24 0 106 156 0 278 206 0 299 262 0 295 163 0 246 164 0 249 182 0 336 24 0 335 24 0 117 24 0 79 24 0</p>
                </polylist>
            </mesh>
        </geometry>
        <geometry id="ID16">
            <mesh>
                <source id="ID17">
                    <float_array id="ID18" count="84">0.611008 28.6465 82.1585 20.894 138.129 52.1183 3.46425 36.0941 78.4806 0.611008 26.5556 0.323914 0.611008 9.08629 0.323265 19.7727 139.75 53.1725 3.46971 34.2087 1.72845 19.7727 139.641 0.323299 1.8282 35.0054 80.3172 20.8881 138.027 1.72589 1.8282 33.0404 0.323875 0.611008 -15.0216 63.9682 0.611008 6.0087 63.9682 0.611008 -15.24 0.323265 2.011 28.5154 82.1617 19.5152 138.372 52.1157 2.08542 36.3368 78.4761 2.011 26.4246 0.327198 2.011 9.08629 0.323265 21.1507 139.503 53.1745 2.09071 34.4504 1.72387 21.151 139.394 0.325371 3.20543 34.7539 80.3227 19.5091 138.269 1.7233 3.20561 32.7899 0.329417 2.011 -15.0216 63.9682 2.011 6.0087 63.9682 2.011 -15.24 0.323265</float_array>
                    <technique_common>
                        <accessor count="28" source="#ID18" stride="3">
                            <param name="X" type="float"/>
                            <param name="Y" type="float"/>
                            <param name="Z" type="float"/>
                        </accessor>
                    </technique_common>
                </source>
                <source id="ID19">
                    <float_array id="ID20" count="105">0.98371 -0.179726 0.0037254 0.984241 -0.1768 0.00326284 0.984455 -0.175605 0.00345455 0.983854 -0.178929 0.00385322 0.984175 -0.177195 0.00113002 0.984389 -0.176 0.00132171 0.995645 -0.0931919 0.00233536 0 0 -1 0.000587359 6.59878e-005 -1 1 0 -0 -0.983844 0.178983 -0.0040495 -0.984442 0.175673 -0.00374919 -0.984237 0.176821 -0.003476 -0.983705 0.179748 -0.00386737 -0.984199 0.177063 -0.00134129 -0.984404 0.175915 -0.00161445 -0.750334 -0.0635365 0.657998 -0.995644 0.0932044 -0.00233516 0 -0.999994 0.00343102 -0.73273 -0.226365 0.641768 -1 0 -0 0.138167 0.778227 0.612595 0.0381969 0.259087 0.965098 0.00289593 -0.000442795 -0.999996 0.00267805 -0.000472489 -0.999996 0.00255242 -0.19895 0.980006 0.00214427 -0.000140563 -0.999998 0.176506 0.984297 -0.00202832 -0.0160621 -0.332592 0.942934 0 -7.25562e-007 1 0.173033 0.984619 -0.0241809 -0.00252673 0.000439009 0.999997 -0.135352 -0.778497 -0.612881 -0.0403679 -0.243469 -0.969068 -0.173198 -0.984885 0.00203239</float_array>
                    <technique_common>
                        <accessor count="35" source="#ID20" stride="3">
                            <param name="X" type="float"/>
                            <param name="Y" type="float"/>
                            <param name="Z" type="float"/>
                        </accessor>
                    </technique_common>
                </source>
                <source id="ID21">
                    <float_array id="ID22" count="2">0 1</float_array>
                    <technique_common>
                        <accessor count="1" source="#ID22" stride="2">
                            <param name="S" type="float"/>
                            <param name="T" type="float"/>
                        </accessor>
                    </technique_common>
                </source>
                <vertices id="ID23">
                    <input semantic="POSITION" source="#ID17"/>
                </vertices>
                <polylist count="28" material="Material1">
                    <input offset="0" semantic="VERTEX" source="#ID23"/>
                    <input offset="1" semantic="NORMAL" source="#ID19"/>
                    <input offset="2" semantic="TEXCOORD" source="#ID21" set="0"/>
                    <vcount>4 4 4 4 4 4 4 4 4 4 4 4 4 4 4 4 4 4 4 4 4 4 4 4 4 4 4 4</vcount>
                    <p>24 3 0 6 2 0 2 1 0 22 0 0 22 0 0 2 1 0 1 4 0 19 4 0 21 5 0 9 5 0 6 2 0 24 3 0 14 6 0 17 6 0 24 3 0 22 0 0 19 4 0 1 4 0 9 5 0 21 5 0 4 8 0 18 8 0 27 7 0 13 7 0 17 6 0 14 6 0 26 9 0 18 9 0 25 9 0 27 9 0 18 9 0 26 9 0 8 13 0 16 12 0 20 11 0 10 10 0 5 14 0 15 14 0 16 12 0 8 13 0 10 10 0 20 11 0 23 15 0 7 15 0 8 13 0 10 10 0 3 17 0 0 16 0 7 15 0 23 15 0 15 14 0 5 14 0 13 18 0 27 18 0 25 18 0 11 18 0 4 20 0 12 19 0 0 16 0 3 17 0 12 19 0 4 20 0 13 20 0 11 20 0 8 22 0 22 22 0 19 21 0 5 21 0 7 24 0 21 24 0 24 23 0 10 23 0 0 16 0 14 25 0 22 22 0 8 22 0 10 23 0 24 23 0 17 26 0 3 26 0 5 21 0 19 21 0 21 27 0 7 27 0 3 26 0 17 26 0 18 8 0 4 8 0 12 19 0 26 28 0 14 25 0 0 16 0 11 29 0 25 29 0 26 28 0 12 19 0 2 30 0 6 30 0 20 30 0 16 30 0 23 31 0 20 31 0 6 31 0 9 31 0 1 32 0 2 33 0 16 33 0 15 32 0 9 34 0 1 32 0 15 32 0 23 34 0</p>
                </polylist>
            </mesh>
        </geometry>
        <geometry id="ID25">
            <mesh>
                <source id="ID26">
                    <float_array id="ID27" count="24">-3.13137 -3.13137 7.30236 -3.13137 3.13137 7.30236 3.13137 -3.13137 7.30236 3.13137 3.13137 7.30236 3.13137 -3.13137 -7.30236 3.13137 3.13137 -7.30236 -3.13137 -3.13137 -7.30236 -3.13137 3.13137 -7.30236</float_array>
                    <technique_common>
                        <accessor count="8" source="#ID27" stride="3">
                            <param name="X" type="float"/>
                            <param name="Y" type="float"/>
                            <param name="Z" type="float"/>
                        </accessor>
                    </technique_common>
                </source>
                <source id="ID28">
                    <float_array id="ID29" count="18">0 0 1 1 0 -0 0 0 -1 -1 0 -0 0 1 -0 0 -1 -0</float_array>
                    <technique_common>
                        <accessor count="6" source="#ID29" stride="3">
                            <param name="X" type="float"/>
                            <param name="Y" type="float"/>
                            <param name="Z" type="float"/>
                        </accessor>
                    </technique_common>
                </source>
                <source id="ID30">
                    <float_array id="ID31" count="2">0 1</float_array>
                    <technique_common>
                        <accessor count="1" source="#ID31" stride="2">
                            <param name="S" type="float"/>
                            <param name="T" type="float"/>
                        </accessor>
                    </technique_common>
                </source>
                <vertices id="ID32">
                    <input semantic="POSITION" source="#ID26"/>
                </vertices>
                <polylist count="6" material="Material1">
                    <input offset="0" semantic="VERTEX" source="#ID32"/>
                    <input offset="1" semantic="NORMAL" source="#ID28"/>
                    <input offset="2" semantic="TEXCOORD" source="#ID30" set="0"/>
                    <vcount>4 4 4 4 4 4</vcount>
                    <p>2 0 0 3 0 0 1 0 0 0 0 0 4 1 0 5 1 0 3 1 0 2 1 0 6 2 0 7 2 0 5 2 0 4 2 0 0 3 0 1 3 0 7 3 0 6 3 0 3 4 0 5 4 0 7 4 0 1 4 0 4 5 0 2 5 0 0 5 0 6 5 0</p>
                </polylist>
            </mesh>
        </geometry>
        <geometry id="ID34">
            <mesh>
                <source id="ID35">
                    <float_array id="ID36" count="24">20.894 138.129 52.1183 3.46425 36.0941 78.4806 3.46971 34.2087 1.72845 20.8881 138.027 1.72589 19.5152 138.372 52.1157 2.08542 36.3368 78.4761 2.09071 34.4504 1.72387 19.5091 138.269 1.7233</float_array>
                    <technique_common>
                        <accessor count="8" source="#ID36" stride="3">
                            <param name="X" type="float"/>
                            <param name="Y" type="float"/>
                            <param name="Z" type="float"/>
                        </accessor>
                    </technique_common>
                </source>
                <source id="ID37">
                    <float_array id="ID38" count="21">0.986056 -0.166398 0.00220061 -0.985972 0.166895 -0.00218077 0.0403674 0.243468 0.969068 0.135352 0.778497 0.612881 -0.173033 -0.984619 0.0241809 0.00252672 -0.000439008 -0.999997 0.173198 0.984885 -0.00203239</float_array>
                    <technique_common>
                        <accessor count="7" source="#ID38" stride="3">
                            <param name="X" type="float"/>
                            <param name="Y" type="float"/>
                            <param name="Z" type="float"/>
                        </accessor>
                    </technique_common>
                </source>
                <source id="ID39">
                    <float_array id="ID40" count="2">0 1</float_array>
                    <technique_common>
                        <accessor count="1" source="#ID40" stride="2">
                            <param name="S" type="float"/>
                            <param name="T" type="float"/>
                        </accessor>
                    </technique_common>
                </source>
                <vertices id="ID41">
                    <input semantic="POSITION" source="#ID35"/>
                </vertices>
                <polylist count="6" material="Material1">
                    <input offset="0" semantic="VERTEX" source="#ID41"/>
                    <input offset="1" semantic="NORMAL" source="#ID37"/>
                    <input offset="2" semantic="TEXCOORD" source="#ID39" set="0"/>
                    <vcount>4 4 4 4 4 4</vcount>
                    <p>1 0 0 2 0 0 3 0 0 0 0 0 4 1 0 7 1 0 6 1 0 5 1 0 1 2 0 0 3 0 4 3 0 5 2 0 2 4 0 1 4 0 5 4 0 6 4 0 6 5 0 7 5 0 3 5 0 2 5 0 7 6 0 4 3 0 0 3 0 3 6 0</p>
                </polylist>
            </mesh>
        </geometry>
        <geometry id="ID43">
            <mesh>
                <source id="ID44">
                    <float_array id="ID45" count="84">20.9002 138.014 88.6092 3.46111 34.0032 88.6111 0.611435 24.1283 0.902534 0.611435 7.31588 0.47226 0.611435 26.4049 90.007 0.611435 8.97672 90.0069 19.7732 139.513 12.8299 19.7732 139.632 90.007 1.82864 30.7591 1.66019 1.82864 32.8987 90.007 3.467 31.9358 3.23476 20.8946 137.901 14.0838 0.611435 -15.5678 0.472275 0.611435 -15.2606 90.0069 19.5207 138.253 88.607 2.08157 34.2422 88.6069 2.01144 23.9994 0.905746 2.01144 7.31588 0.47226 2.01144 26.2759 90.0102 2.01144 8.97672 90.0069 21.1522 139.271 12.8316 21.1519 139.389 90.0087 3.2068 30.5127 1.66543 3.20656 32.651 90.0122 2.0872 32.1735 3.2306 19.5149 138.139 14.0816 2.01144 -15.5678 0.472275 2.01144 -15.2606 90.0069</float_array>
                    <technique_common>
                        <accessor count="28" source="#ID45" stride="3">
                            <param name="X" type="float"/>
                            <param name="Y" type="float"/>
                            <param name="Z" type="float"/>
                        </accessor>
                    </technique_common>
                </source>
                <source id="ID46">
                    <float_array id="ID47" count="102">0.00116246 0.0128904 -0.999916 0.0101836 0.0686562 -0.997588 0.984382 -0.176005 0.00369782 0.995783 -0.091709 0.00228151 0.984214 -0.176944 0.00370992 0.98474 -0.174025 0.0011863 0.984724 -0.174092 0.00329293 0.984989 -0.172616 0.00116809 0.984972 -0.172682 0.00327475 1 0 -0 -0.00207699 0.000153974 0.999998 -0.000576477 -4.65273e-005 1 -0.98421 0.176962 -0.00383262 -0.995784 0.0917019 -0.00228241 -0.984375 0.176041 -0.00390045 -0.984717 0.174126 -0.00347607 -0.984749 0.173974 -0.00136882 -0.984992 0.172592 -0.00147052 -0.98496 0.172744 -0.0035778 -1 0 -0 0.0190159 0.105135 -0.994276 -0.00273654 0.00041651 0.999996 -0.00247206 0.000432018 0.999997 0.130187 0.729876 -0.671068 0.173296 0.984869 -0.0015115 0 -0.999994 0.00343103 0 0 1 0 -6.66799e-007 -1 0.120564 0.688145 -0.715487 0.00225559 -0.000387575 -0.999997 0.17027 0.985109 -0.0238502 -0.127616 -0.730229 0.671178 -0.019289 -0.0987004 0.99493 -0.170173 -0.985413 0.00151549</float_array>
                    <technique_common>
                        <accessor count="34" source="#ID47" stride="3">
                            <param name="X" type="float"/>
                            <param name="Y" type="float"/>
                            <param name="Z" type="float"/>
                        </accessor>
                    </technique_common>
                </source>
                <source id="ID48">
                    <float_array id="ID49" count="2">0 1</float_array>
                    <technique_common>
                        <accessor count="1" source="#ID49" stride="2">
                            <param name="S" type="float"/>
                            <param name="T" type="float"/>
                        </accessor>
                    </technique_common>
                </source>
                <vertices id="ID50">
                    <input semantic="POSITION" source="#ID44"/>
                </vertices>
                <polylist count="28" material="Material1">
                    <input offset="0" semantic="VERTEX" source="#ID50"/>
                    <input offset="1" semantic="NORMAL" source="#ID46"/>
                    <input offset="2" semantic="TEXCOORD" source="#ID48" set="0"/>
                    <vcount>4 4 4 4 4 4 4 4 4 4 4 4 4 4 4 4 4 4 4 4 4 4 4 4 4 4 4 4</vcount>
                    <p>2 1 0 16 1 0 17 0 0 3 0 0 23 4 0 18 3 0 16 3 0 22 2 0 23 4 0 1 6 0 0 5 0 21 5 0 21 5 0 0 5 0 11 7 0 20 7 0 20 7 0 11 7 0 10 8 0 22 2 0 22 2 0 10 8 0 1 6 0 23 4 0 26 9 0 17 9 0 19 9 0 27 9 0 16 3 0 18 3 0 19 9 0 17 9 0 5 11 0 19 11 0 18 10 0 4 10 0 8 14 0 2 13 0 4 13 0 9 12 0 7 16 0 14 16 0 15 15 0 9 12 0 6 17 0 25 17 0 14 16 0 7 16 0 8 14 0 24 18 0 25 17 0 6 17 0 9 12 0 15 15 0 24 18 0 8 14 0 13 19 0 5 19 0 3 19 0 12 19 0 3 19 0 5 19 0 4 13 0 2 13 0 8 20 0 22 20 0 16 1 0 2 1 0 4 10 0 18 10 0 23 21 0 9 21 0 9 21 0 23 21 0 21 22 0 7 22 0 7 24 0 21 24 0 20 23 0 6 23 0 6 23 0 20 23 0 22 20 0 8 20 0 12 25 0 26 25 0 27 25 0 13 25 0 13 26 0 27 26 0 19 11 0 5 11 0 3 0 0 17 0 0 26 27 0 12 27 0 15 28 0 14 29 0 0 29 0 1 28 0 1 28 0 10 30 0 24 30 0 15 28 0 25 31 0 24 32 0 10 32 0 11 31 0 11 31 0 0 33 0 14 33 0 25 31 0</p>
                </polylist>
            </mesh>
        </geometry>
        <geometry id="ID52">
            <mesh>
                <source id="ID53">
                    <float_array id="ID54" count="24">-3.13137 -3.13137 7.30236 -3.13137 3.13137 7.30236 3.13137 -3.13137 7.30236 3.13137 3.13137 7.30236 3.13137 -3.13137 -7.30236 3.13137 3.13137 -7.30236 -3.13137 -3.13137 -7.30236 -3.13137 3.13137 -7.30236</float_array>
                    <technique_common>
                        <accessor count="8" source="#ID54" stride="3">
                            <param name="X" type="float"/>
                            <param name="Y" type="float"/>
                            <param name="Z" type="float"/>
                        </accessor>
                    </technique_common>
                </source>
                <source id="ID55">
                    <float_array id="ID56" count="18">0 0 1 1 0 -0 0 0 -1 -1 0 -0 0 1 -0 0 -1 -0</float_array>
                    <technique_common>
                        <accessor count="6" source="#ID56" stride="3">
                            <param name="X" type="float"/>
                            <param name="Y" type="float"/>
                            <param name="Z" type="float"/>
                        </accessor>
                    </technique_common>
                </source>
                <source id="ID57">
                    <float_array id="ID58" count="2">0 1</float_array>
                    <technique_common>
                        <accessor count="1" source="#ID58" stride="2">
                            <param name="S" type="float"/>
                            <param name="T" type="float"/>
                        </accessor>
                    </technique_common>
                </source>
                <vertices id="ID59">
                    <input semantic="POSITION" source="#ID53"/>
                </vertices>
                <polylist count="6" material="Material1">
                    <input offset="0" semantic="VERTEX" source="#ID59"/>
                    <input offset="1" semantic="NORMAL" source="#ID55"/>
                    <input offset="2" semantic="TEXCOORD" source="#ID57" set="0"/>
                    <vcount>4 4 4 4 4 4</vcount>
                    <p>2 0 0 3 0 0 1 0 0 0 0 0 4 1 0 5 1 0 3 1 0 2 1 0 6 2 0 7 2 0 5 2 0 4 2 0 0 3 0 1 3 0 7 3 0 6 3 0 3 4 0 5 4 0 7 4 0 1 4 0 4 5 0 2 5 0 0 5 0 6 5 0</p>
                </polylist>
            </mesh>
        </geometry>
        <geometry id="ID61">
            <mesh>
                <source id="ID62">
                    <float_array id="ID63" count="24">20.9002 138.014 88.6092 3.46111 34.0032 88.6111 3.467 31.9358 3.23476 20.8946 137.901 14.0838 19.5207 138.253 88.607 2.08157 34.2422 88.6069 2.0872 32.1735 3.2306 19.5149 138.139 14.0816</float_array>
                    <technique_common>
                        <accessor count="8" source="#ID63" stride="3">
                            <param name="X" type="float"/>
                            <param name="Y" type="float"/>
                            <param name="Z" type="float"/>
                        </accessor>
                    </technique_common>
                </source>
                <source id="ID64">
                    <float_array id="ID65" count="24">0.986455 -0.164021 0.00209188 -0.986486 0.16383 -0.00212213 0.019289 0.0987004 -0.99493 0.127616 0.730229 -0.671178 -0.120565 -0.688144 0.715487 -0.17027 -0.985109 0.0238502 -0.00225559 0.000387575 0.999997 0.170173 0.985413 -0.00151549</float_array>
                    <technique_common>
                        <accessor count="8" source="#ID65" stride="3">
                            <param name="X" type="float"/>
                            <param name="Y" type="float"/>
                            <param name="Z" type="float"/>
                        </accessor>
                    </technique_common>
                </source>
                <source id="ID66">
                    <float_array id="ID67" count="2">0 1</float_array>
                    <technique_common>
                        <accessor count="1" source="#ID67" stride="2">
                            <param name="S" type="float"/>
                            <param name="T" type="float"/>
                        </accessor>
                    </technique_common>
                </source>
                <vertices id="ID68">
                    <input semantic="POSITION" source="#ID62"/>
                </vertices>
                <polylist count="6" material="Material1">
                    <input offset="0" semantic="VERTEX" source="#ID68"/>
                    <input offset="1" semantic="NORMAL" source="#ID64"/>
                    <input offset="2" semantic="TEXCOORD" source="#ID66" set="0"/>
                    <vcount>4 4 4 4 4 4</vcount>
                    <p>0 0 0 1 0 0 2 0 0 3 0 0 7 1 0 6 1 0 5 1 0 4 1 0 6 2 0 7 3 0 3 3 0 2 2 0 5 4 0 6 5 0 2 5 0 1 4 0 1 4 0 0 6 0 4 6 0 5 4 0 0 7 0 3 3 0 7 3 0 4 7 0</p>
                </polylist>
            </mesh>
        </geometry>
        <geometry id="ID70">
            <mesh>
                <source id="ID71">
                    <float_array id="ID72" count="84">-0.611 28.6465 82.1584 -20.894 138.129 52.1182 -3.46424 36.0941 78.4806 -0.611 26.5556 0.323844 -0.611 9.08629 0.323196 -19.7727 139.75 53.1724 -3.46971 34.2087 1.72838 -19.7727 139.641 0.323229 -1.8282 35.0054 80.3171 -20.8881 138.027 1.72582 -1.8282 33.0404 0.323805 -0.611 -15.0216 63.9681 -0.611 6.0087 63.9681 -0.611 -15.24 0.323196 -2.011 28.5154 82.1617 -19.5152 138.372 52.1156 -2.08542 36.3368 78.476 -2.011 26.4246 0.327128 -2.011 9.08629 0.323196 -21.1507 139.503 53.1744 -2.09071 34.4504 1.7238 -21.151 139.394 0.325301 -3.20542 34.7539 80.3227 -19.5091 138.269 1.72323 -3.20562 32.7899 0.329348 -2.011 -15.0216 63.9681 -2.011 6.0087 63.9681 -2.011 -15.24 0.323196</float_array>
                    <technique_common>
                        <accessor count="28" source="#ID72" stride="3">
                            <param name="X" type="float"/>
                            <param name="Y" type="float"/>
                            <param name="Z" type="float"/>
                        </accessor>
                    </technique_common>
                </source>
                <source id="ID73">
                    <float_array id="ID74" count="105">-0.98371 -0.179725 0.00372458 -0.983854 -0.178928 0.00385377 -0.984455 -0.175603 0.00345533 -0.984242 -0.176799 0.00326156 -0.984175 -0.177196 0.00112865 -0.984389 -0.176001 0.00132239 -0.995645 -0.0931919 0.00233541 0 0 -1 -0.000587355 6.59878e-005 -1 -1 0 -0 0.983844 0.178983 -0.00405011 0.983705 0.179749 -0.00386738 0.984237 0.176821 -0.003476 0.984442 0.175673 -0.00375008 0.984199 0.177064 -0.00134123 0.984404 0.175915 -0.00161529 0.750334 -0.0635361 0.657998 0.995644 0.093205 -0.00233517 0 -0.999994 0.00343102 1 0 -0 0.73273 -0.226365 0.641768 -0.138167 0.778227 0.612595 -0.0381969 0.259087 0.965098 -0.00289592 -0.000442794 -0.999996 -0.00267804 -0.000472487 -0.999996 -0.00255255 -0.19895 0.980006 -0.00214425 -0.000140563 -0.999998 -0.176506 0.984298 -0.00202835 0.016062 -0.332592 0.942934 0 -7.25562e-007 1 0.00252672 0.000439007 0.999997 -0.173034 0.984619 -0.0241808 0.0403675 -0.243468 -0.969069 0.135352 -0.778497 -0.612881 0.173198 -0.984885 0.00203241</float_array>
                    <technique_common>
                        <accessor count="35" source="#ID74" stride="3">
                            <param name="X" type="float"/>
                            <param name="Y" type="float"/>
                            <param name="Z" type="float"/>
                        </accessor>
                    </technique_common>
                </source>
                <source id="ID75">
                    <float_array id="ID76" count="2">0 1</float_array>
                    <technique_common>
                        <accessor count="1" source="#ID76" stride="2">
                            <param name="S" type="float"/>
                            <param name="T" type="float"/>
                        </accessor>
                    </technique_common>
                </source>
                <vertices id="ID77">
                    <input semantic="POSITION" source="#ID71"/>
                </vertices>
                <polylist count="28" material="Material1">
                    <input offset="0" semantic="VERTEX" source="#ID77"/>
                    <input offset="1" semantic="NORMAL" source="#ID73"/>
                    <input offset="2" semantic="TEXCOORD" source="#ID75" set="0"/>
                    <vcount>4 4 4 4 4 4 4 4 4 4 4 4 4 4 4 4 4 4 4 4 4 4 4 4 4 4 4 4</vcount>
                    <p>2 3 0 6 2 0 24 1 0 22 0 0 1 4 0 2 3 0 22 0 0 19 4 0 6 2 0 9 5 0 21 5 0 24 1 0 24 1 0 17 6 0 14 6 0 22 0 0 9 5 0 1 4 0 19 4 0 21 5 0 27 7 0 18 8 0 4 8 0 13 7 0 26 9 0 14 6 0 17 6 0 18 9 0 18 9 0 27 9 0 25 9 0 26 9 0 20 13 0 16 12 0 8 11 0 10 10 0 16 12 0 15 14 0 5 14 0 8 11 0 23 15 0 20 13 0 10 10 0 7 15 0 3 17 0 10 10 0 8 11 0 0 16 0 15 14 0 23 15 0 7 15 0 5 14 0 25 18 0 27 18 0 13 18 0 11 18 0 0 16 0 12 20 0 4 19 0 3 17 0 13 19 0 4 19 0 12 20 0 11 19 0 19 21 0 22 22 0 8 22 0 5 21 0 24 23 0 21 24 0 7 24 0 10 23 0 22 22 0 14 25 0 0 16 0 8 22 0 17 26 0 24 23 0 10 23 0 3 26 0 21 27 0 19 21 0 5 21 0 7 27 0 18 8 0 17 26 0 3 26 0 4 8 0 14 25 0 26 28 0 12 20 0 0 16 0 26 28 0 25 29 0 11 29 0 12 20 0 20 30 0 23 30 0 9 30 0 6 30 0 16 31 0 20 31 0 6 31 0 2 31 0 2 32 0 1 33 0 15 33 0 16 32 0 1 33 0 9 34 0 23 34 0 15 33 0</p>
                </polylist>
            </mesh>
        </geometry>
        <geometry id="ID79">
            <mesh>
                <source id="ID80">
                    <float_array id="ID81" count="24">-3.13137 -3.13137 7.30236 -3.13137 3.13137 7.30236 3.13137 -3.13137 7.30236 3.13137 3.13137 7.30236 3.13137 -3.13137 -7.30236 3.13137 3.13137 -7.30236 -3.13137 -3.13137 -7.30236 -3.13137 3.13137 -7.30236</float_array>
                    <technique_common>
                        <accessor count="8" source="#ID81" stride="3">
                            <param name="X" type="float"/>
                            <param name="Y" type="float"/>
                            <param name="Z" type="float"/>
                        </accessor>
                    </technique_common>
                </source>
                <source id="ID82">
                    <float_array id="ID83" count="18">0 0 1 1 0 -0 0 0 -1 -1 0 -0 0 1 -0 0 -1 -0</float_array>
                    <technique_common>
                        <accessor count="6" source="#ID83" stride="3">
                            <param name="X" type="float"/>
                            <param name="Y" type="float"/>
                            <param name="Z" type="float"/>
                        </accessor>
                    </technique_common>
                </source>
                <source id="ID84">
                    <float_array id="ID85" count="2">0 1</float_array>
                    <technique_common>
                        <accessor count="1" source="#ID85" stride="2">
                            <param name="S" type="float"/>
                            <param name="T" type="float"/>
                        </accessor>
                    </technique_common>
                </source>
                <vertices id="ID86">
                    <input semantic="POSITION" source="#ID80"/>
                </vertices>
                <polylist count="6" material="Material1">
                    <input offset="0" semantic="VERTEX" source="#ID86"/>
                    <input offset="1" semantic="NORMAL" source="#ID82"/>
                    <input offset="2" semantic="TEXCOORD" source="#ID84" set="0"/>
                    <vcount>4 4 4 4 4 4</vcount>
                    <p>2 0 0 3 0 0 1 0 0 0 0 0 4 1 0 5 1 0 3 1 0 2 1 0 6 2 0 7 2 0 5 2 0 4 2 0 0 3 0 1 3 0 7 3 0 6 3 0 3 4 0 5 4 0 7 4 0 1 4 0 4 5 0 2 5 0 0 5 0 6 5 0</p>
                </polylist>
            </mesh>
        </geometry>
        <geometry id="ID88">
            <mesh>
                <source id="ID89">
                    <float_array id="ID90" count="24">-20.894 138.129 52.1182 -3.46424 36.0941 78.4806 -3.46971 34.2087 1.72838 -20.8881 138.027 1.72582 -19.5152 138.372 52.1156 -2.08542 36.3368 78.476 -2.09071 34.4504 1.7238 -19.5091 138.269 1.72323</float_array>
                    <technique_common>
                        <accessor count="8" source="#ID90" stride="3">
                            <param name="X" type="float"/>
                            <param name="Y" type="float"/>
                            <param name="Z" type="float"/>
                        </accessor>
                    </technique_common>
                </source>
                <source id="ID91">
                    <float_array id="ID92" count="21">-0.986056 -0.166398 0.00220066 0.985972 0.166895 -0.00218069 -0.00252672 -0.000439007 -0.999997 -0.135352 0.778497 0.612881 -0.173198 0.984885 -0.00203241 -0.0403675 0.243469 0.969068 0.173033 -0.984619 0.0241808</float_array>
                    <technique_common>
                        <accessor count="7" source="#ID92" stride="3">
                            <param name="X" type="float"/>
                            <param name="Y" type="float"/>
                            <param name="Z" type="float"/>
                        </accessor>
                    </technique_common>
                </source>
                <source id="ID93">
                    <float_array id="ID94" count="2">0 1</float_array>
                    <technique_common>
                        <accessor count="1" source="#ID94" stride="2">
                            <param name="S" type="float"/>
                            <param name="T" type="float"/>
                        </accessor>
                    </technique_common>
                </source>
                <vertices id="ID95">
                    <input semantic="POSITION" source="#ID89"/>
                </vertices>
                <polylist count="6" material="Material1">
                    <input offset="0" semantic="VERTEX" source="#ID95"/>
                    <input offset="1" semantic="NORMAL" source="#ID91"/>
                    <input offset="2" semantic="TEXCOORD" source="#ID93" set="0"/>
                    <vcount>4 4 4 4 4 4</vcount>
                    <p>3 0 0 2 0 0 1 0 0 0 0 0 6 1 0 7 1 0 4 1 0 5 1 0 2 2 0 3 2 0 7 2 0 6 2 0 4 3 0 7 4 0 3 4 0 0 3 0 5 5 0 4 3 0 0 3 0 1 5 0 6 6 0 5 6 0 1 6 0 2 6 0</p>
                </polylist>
            </mesh>
        </geometry>
        <geometry id="ID97">
            <mesh>
                <source id="ID98">
                    <float_array id="ID99" count="84">-20.8998 138.015 88.6095 -3.46068 34.0035 88.6115 -0.611 24.1287 0.902893 -0.611 7.31627 0.472618 -0.611 26.4052 90.0073 -0.611 8.97711 90.0073 -19.7727 139.513 12.8303 -19.7727 139.633 90.0073 -1.8282 30.7595 1.66055 -1.8282 32.8991 90.0073 -3.46656 31.9362 3.23512 -20.8942 137.902 14.0841 -0.611 -15.5674 0.472633 -0.611 -15.2602 90.0073 -19.5202 138.254 88.6073 -2.08113 34.2426 88.6073 -2.011 23.9997 0.906105 -2.011 7.31627 0.472618 -2.011 26.2763 90.0105 -2.011 8.97711 90.0073 -21.1518 139.272 12.832 -21.1514 139.389 90.0091 -3.20637 30.5131 1.66579 -3.20612 32.6514 90.0126 -2.08677 32.1739 3.23096 -19.5145 138.139 14.0819 -2.011 -15.5674 0.472633 -2.011 -15.2602 90.0073</float_array>
                    <technique_common>
                        <accessor count="28" source="#ID99" stride="3">
                            <param name="X" type="float"/>
                            <param name="Y" type="float"/>
                            <param name="Z" type="float"/>
                        </accessor>
                    </technique_common>
                </source>
                <source id="ID100">
                    <float_array id="ID101" count="102">-0.00116246 0.0128904 -0.999916 -0.0101836 0.0686562 -0.997588 -0.984382 -0.176005 0.00369768 -0.984214 -0.176944 0.00370992 -0.995783 -0.091709 0.00228151 -0.98474 -0.174025 0.00118629 -0.984724 -0.174092 0.00329292 -0.984989 -0.172616 0.00116789 -0.984972 -0.172682 0.00327455 -1 0 -0 0.00207699 0.000153974 0.999998 0.000576477 -4.65273e-005 1 0.98421 0.176962 -0.00383262 0.984375 0.176042 -0.00390045 0.995784 0.0917019 -0.00228241 0.984749 0.173974 -0.00136883 0.984717 0.174126 -0.00347608 0.984992 0.172592 -0.00147052 0.98496 0.172744 -0.0035778 1 0 -0 -0.0190159 0.105135 -0.994276 0.00273654 0.00041651 0.999996 0.00247207 0.000432019 0.999997 -0.130187 0.729876 -0.671068 -0.173296 0.984869 -0.0015115 0 -0.999994 0.00343103 0 0 1 0 -6.66799e-007 -1 -0.00225559 -0.000387575 -0.999997 -0.120563 0.688145 -0.715487 -0.170268 0.985109 -0.0238502 0.127616 -0.730229 0.671178 0.170173 -0.985413 0.00151549 0.019289 -0.0987004 0.99493</float_array>
                    <technique_common>
                        <accessor count="34" source="#ID101" stride="3">
                            <param name="X" type="float"/>
                            <param name="Y" type="float"/>
                            <param name="Z" type="float"/>
                        </accessor>
                    </technique_common>
                </source>
                <source id="ID102">
                    <float_array id="ID103" count="2">0 1</float_array>
                    <technique_common>
                        <accessor count="1" source="#ID103" stride="2">
                            <param name="S" type="float"/>
                            <param name="T" type="float"/>
                        </accessor>
                    </technique_common>
                </source>
                <vertices id="ID104">
                    <input semantic="POSITION" source="#ID98"/>
                </vertices>
                <polylist count="28" material="Material1">
                    <input offset="0" semantic="VERTEX" source="#ID104"/>
                    <input offset="1" semantic="NORMAL" source="#ID100"/>
                    <input offset="2" semantic="TEXCOORD" source="#ID102" set="0"/>
                    <vcount>4 4 4 4 4 4 4 4 4 4 4 4 4 4 4 4 4 4 4 4 4 4 4 4 4 4 4 4</vcount>
                    <p>17 0 0 16 1 0 2 1 0 3 0 0 16 4 0 18 4 0 23 3 0 22 2 0 0 5 0 1 6 0 23 3 0 21 5 0 11 7 0 0 5 0 21 5 0 20 7 0 10 8 0 11 7 0 20 7 0 22 2 0 1 6 0 10 8 0 22 2 0 23 3 0 19 9 0 17 9 0 26 9 0 27 9 0 19 9 0 18 4 0 16 4 0 17 9 0 18 10 0 19 11 0 5 11 0 4 10 0 4 14 0 2 14 0 8 13 0 9 12 0 15 16 0 14 15 0 7 15 0 9 12 0 14 15 0 25 17 0 6 17 0 7 15 0 25 17 0 24 18 0 8 13 0 6 17 0 24 18 0 15 16 0 9 12 0 8 13 0 3 19 0 5 19 0 13 19 0 12 19 0 4 14 0 5 19 0 3 19 0 2 14 0 16 1 0 22 20 0 8 20 0 2 1 0 23 21 0 18 10 0 4 10 0 9 21 0 21 22 0 23 21 0 9 21 0 7 22 0 20 23 0 21 24 0 7 24 0 6 23 0 22 20 0 20 23 0 6 23 0 8 20 0 27 25 0 26 25 0 12 25 0 13 25 0 19 11 0 27 26 0 13 26 0 5 11 0 26 27 0 17 0 0 3 0 0 12 27 0 14 28 0 15 29 0 1 29 0 0 28 0 10 30 0 1 29 0 15 29 0 24 30 0 25 31 0 14 32 0 0 32 0 11 31 0 11 31 0 10 33 0 24 33 0 25 31 0</p>
                </polylist>
            </mesh>
        </geometry>
        <geometry id="ID106">
            <mesh>
                <source id="ID107">
                    <float_array id="ID108" count="24">-3.13137 -3.13137 7.30236 -3.13137 3.13137 7.30236 3.13137 -3.13137 7.30236 3.13137 3.13137 7.30236 3.13137 -3.13137 -7.30236 3.13137 3.13137 -7.30236 -3.13137 -3.13137 -7.30236 -3.13137 3.13137 -7.30236</float_array>
                    <technique_common>
                        <accessor count="8" source="#ID108" stride="3">
                            <param name="X" type="float"/>
                            <param name="Y" type="float"/>
                            <param name="Z" type="float"/>
                        </accessor>
                    </technique_common>
                </source>
                <source id="ID109">
                    <float_array id="ID110" count="18">0 0 1 1 0 -0 0 0 -1 -1 0 -0 0 1 -0 0 -1 -0</float_array>
                    <technique_common>
                        <accessor count="6" source="#ID110" stride="3">
                            <param name="X" type="float"/>
                            <param name="Y" type="float"/>
                            <param name="Z" type="float"/>
                        </accessor>
                    </technique_common>
                </source>
                <source id="ID111">
                    <float_array id="ID112" count="2">0 1</float_array>
                    <technique_common>
                        <accessor count="1" source="#ID112" stride="2">
                            <param name="S" type="float"/>
                            <param name="T" type="float"/>
                        </accessor>
                    </technique_common>
                </source>
                <vertices id="ID113">
                    <input semantic="POSITION" source="#ID107"/>
                </vertices>
                <polylist count="6" material="Material1">
                    <input offset="0" semantic="VERTEX" source="#ID113"/>
                    <input offset="1" semantic="NORMAL" source="#ID109"/>
                    <input offset="2" semantic="TEXCOORD" source="#ID111" set="0"/>
                    <vcount>4 4 4 4 4 4</vcount>
                    <p>2 0 0 3 0 0 1 0 0 0 0 0 4 1 0 5 1 0 3 1 0 2 1 0 6 2 0 7 2 0 5 2 0 4 2 0 0 3 0 1 3 0 7 3 0 6 3 0 3 4 0 5 4 0 7 4 0 1 4 0 4 5 0 2 5 0 0 5 0 6 5 0</p>
                </polylist>
            </mesh>
        </geometry>
        <geometry id="ID115">
            <mesh>
                <source id="ID116">
                    <float_array id="ID117" count="24">-20.8998 138.015 88.6095 -3.46068 34.0035 88.6115 -3.46656 31.9362 3.23512 -20.8942 137.902 14.0841 -19.5202 138.254 88.6073 -2.08113 34.2426 88.6073 -2.08677 32.1739 3.23096 -19.5145 138.139 14.0819</float_array>
                    <technique_common>
                        <accessor count="8" source="#ID117" stride="3">
                            <param name="X" type="float"/>
                            <param name="Y" type="float"/>
                            <param name="Z" type="float"/>
                        </accessor>
                    </technique_common>
                </source>
                <source id="ID118">
                    <float_array id="ID119" count="24">-0.986455 -0.164021 0.00209188 0.986486 0.16383 -0.00212213 -0.019289 0.0987004 -0.99493 -0.127616 0.730229 -0.671178 -0.170173 0.985413 -0.00151549 0.120563 -0.688145 0.715487 0.00225559 0.000387575 0.999997 0.170268 -0.985109 0.0238502</float_array>
                    <technique_common>
                        <accessor count="8" source="#ID119" stride="3">
                            <param name="X" type="float"/>
                            <param name="Y" type="float"/>
                            <param name="Z" type="float"/>
                        </accessor>
                    </technique_common>
                </source>
                <source id="ID120">
                    <float_array id="ID121" count="2">0 1</float_array>
                    <technique_common>
                        <accessor count="1" source="#ID121" stride="2">
                            <param name="S" type="float"/>
                            <param name="T" type="float"/>
                        </accessor>
                    </technique_common>
                </source>
                <vertices id="ID122">
                    <input semantic="POSITION" source="#ID116"/>
                </vertices>
                <polylist count="6" material="Material1">
                    <input offset="0" semantic="VERTEX" source="#ID122"/>
                    <input offset="1" semantic="NORMAL" source="#ID118"/>
                    <input offset="2" semantic="TEXCOORD" source="#ID120" set="0"/>
                    <vcount>4 4 4 4 4 4</vcount>
                    <p>2 0 0 1 0 0 0 0 0 3 0 0 5 1 0 6 1 0 7 1 0 4 1 0 2 2 0 3 3 0 7 3 0 6 2 0 3 3 0 0 4 0 4 4 0 7 3 0 5 5 0 4 6 0 0 6 0 1 5 0 6 7 0 5 5 0 1 5 0 2 7 0</p>
                </polylist>
            </mesh>
        </geometry>
        <geometry id="ID124">
            <mesh>
                <source id="ID125">
                    <float_array id="ID126" count="168">-78.5037 -8.38167 49.844 0 0.191868 0.0574799 0 -15.5254 68.3156 0 -34.6805 80.6315 -78.5037 -2.83605 17.2559 -9.32184e-010 -3.47483 17.0111 9.31924e-010 -5.67284 31.7698 -9.35209e-010 -8.97722 49.3511 -78.5037 -5.04708 32.102 -78.5037 -1.15524 0.0574799 -78.5037 -13.8857 69.7497 -52.2679 -9.87702 49.3665 -52.293 -0.705471 0.0574799 -52.293 -13.8857 69.7497 -52.293 -34.6805 78.6876 -52.259 -4.3716 17.0112 -52.2592 -6.56962 31.7699 78.5037 -8.38167 49.844 78.5037 -2.83605 17.2559 78.5037 -5.04708 32.102 78.5037 -1.15524 0.0574799 78.5037 -13.8857 69.7497 52.2679 -9.8756 49.3669 52.293 -0.705471 0.0574799 52.293 -13.8857 69.7497 52.293 -34.6805 78.6876 52.259 -4.3716 17.0112 52.2592 -6.56962 31.7699 -78.4786 -10.3297 49.3817 0 -1.79894 -0.137085 0 -13.8857 69.7497 0 -35.541 78.8257 -78.4697 -4.82137 17.0112 0 -1.48894 17.2559 0 -3.69997 32.102 0 -7.03456 49.844 -78.4699 -7.01939 31.7699 -78.4696 -3.14547 -0.137024 -78.4872 -15.8076 69.1966 -52.293 -7.9319 49.844 -52.2589 -2.6957 -0.137024 -52.2648 -15.8805 68.4851 -52.2595 -35.5408 76.8823 -52.293 -2.38628 17.2559 -52.293 -4.59731 32.102 78.4786 -10.3297 49.3817 78.4697 -4.82137 17.0112 78.4699 -7.01939 31.7699 78.4696 -3.14547 -0.137024 78.4872 -15.8076 69.1966 52.293 -7.9319 49.844 52.2589 -2.6957 -0.137024 52.2681 -15.6456 68.634 52.2595 -35.5408 76.8823 52.293 -2.38628 17.2559 52.293 -4.59731 32.102</float_array>
                    <technique_common>
                        <accessor count="56" source="#ID126" stride="3">
                            <param name="X" type="float"/>
                            <param name="Y" type="float"/>
                            <param name="Z" type="float"/>
                        </accessor>
                    </technique_common>
                </source>
                <source id="ID127">
                    <float_array id="ID128" count="234">0.000646646 -0.968812 -0.247797 0.0118783 -0.970256 -0.241791 0.014532 -0.977823 -0.208929 0.00130219 -0.75019 -0.661221 0.0169192 -0.985978 -0.166016 3.4675e-006 -0.986121 -0.16603 0 -0.99249 -0.122325 0.0170285 -0.992346 -0.122307 0.00110761 -0.426772 -0.904359 -0.0140961 -0.424322 -0.905402 -0.0148933 -0.978553 -0.205457 0.0170284 -0.992346 -0.122307 0.0170759 -0.995113 -0.0972526 0.0170759 -0.995113 -0.0972527 0.00987069 -0.972143 -0.234181 0.00907718 -0.90866 0.417439 0.016311 -0.42912 -0.9031 0.0169192 -0.985978 -0.166016 -0.0169332 -0.985981 -0.165996 -0.0170284 -0.992346 -0.122307 -0.0170285 -0.992346 -0.122307 -0.0169227 -0.985981 -0.165996 -0.0125361 -0.972891 -0.230923 -0.0125639 -0.97105 -0.238545 0 -0.995258 -0.0972668 -0.0170759 -0.995113 -0.0972526 -0.0170759 -0.995113 -0.0972527 -0.0128578 -0.907241 0.420415 -2.53658e-010 0.752541 0.658545 -0.0120457 0.844445 0.535506 -0.0125342 0.971094 0.238367 0 0.969302 0.245874 -0.0170285 0.992346 0.122307 0 0.99249 0.122325 0 0.986119 0.16604 -0.0169192 0.985978 0.166016 0.0120457 0.844445 0.535506 0.0170811 0.429522 0.902895 0 0.429585 0.903027 -0.0170759 0.995113 0.0972527 -0.0170759 0.995113 0.0972527 -0.0170284 0.992346 0.122307 -0.0082197 0.960969 0.276535 -0.012555 0.972903 0.230871 -0.0170811 0.429522 0.902895 -0.0169192 0.985978 0.166016 0.0169192 0.985978 0.166016 0.0170285 0.992346 0.122307 0.0170284 0.992346 0.122307 0.0169192 0.985978 0.166016 0.0125342 0.971094 0.238367 0.012555 0.972903 0.230871 0 0.995258 0.0972669 0.0170759 0.995113 0.0972527 0.0170759 0.995113 0.0972527 0.0082197 0.960969 0.276535 0.0159905 -0.902677 0.430021 -9.31442e-010 -0.902793 0.430076 0.999879 -0.00624606 -0.0142597 -0.999855 -0.0168817 -0.00208467 -0.999855 -0.0169724 -0.00166117 -0.00166857 0.0972376 -0.99526 -0.001669 0.0972452 -0.995259 -0.999946 -0.00997486 -0.00297679 -0.999921 -0.0122082 -0.0029688 0.0108232 -0.409993 0.912024 -0.999878 -0.00627085 -0.0143244 -0.0159905 -0.902677 0.430021 -0.999874 -0.0156162 -0.00273448 0.999855 -0.0168819 -0.00208469 0.999874 -0.0156243 -0.00273599 0.999921 -0.0122209 -0.00297156 1.74623e-010 0.097253 -0.99526 0.001669 0.0972452 -0.995259 0.00166857 0.0972376 -0.99526 0.999855 -0.0169725 -0.00166118 -0.0112764 -0.410056 0.911991 0.999946 -0.00998448 -0.00297934</float_array>
                    <technique_common>
                        <accessor count="78" source="#ID128" stride="3">
                            <param name="X" type="float"/>
                            <param name="Y" type="float"/>
                            <param name="Z" type="float"/>
                        </accessor>
                    </technique_common>
                </source>
                <source id="ID129">
                    <float_array id="ID130" count="2">0 1</float_array>
                    <technique_common>
                        <accessor count="1" source="#ID130" stride="2">
                            <param name="S" type="float"/>
                            <param name="T" type="float"/>
                        </accessor>
                    </technique_common>
                </source>
                <vertices id="ID131">
                    <input semantic="POSITION" source="#ID125"/>
                </vertices>
                <polylist count="54" material="Material1">
                    <input offset="0" semantic="VERTEX" source="#ID131"/>
                    <input offset="1" semantic="NORMAL" source="#ID127"/>
                    <input offset="2" semantic="TEXCOORD" source="#ID129" set="0"/>
                    <vcount>4 4 4 4 4 4 4 4 4 4 4 4 4 4 4 4 4 4 4 4 4 4 4 4 4 4 4 4 4 4 4 4 4 4 4 4 4 4 4 4 4 4 4 4 4 4 4 4 4 4 4 4 4 4</vcount>
                    <p>2 3 0 41 2 0 11 1 0 7 0 0 15 7 0 5 6 0 6 5 0 16 4 0 16 4 0 6 5 0 7 0 0 11 1 0 52 10 0 53 9 0 31 8 0 2 3 0 37 13 0 40 12 0 15 7 0 32 11 0 41 2 0 38 15 0 28 14 0 11 1 0 41 2 0 2 3 0 31 8 0 42 16 0 16 4 0 36 17 0 32 11 0 15 7 0 27 21 0 26 20 0 46 19 0 47 18 0 11 1 0 28 14 0 36 17 0 16 4 0 22 23 0 27 21 0 47 18 0 45 22 0 40 12 0 29 24 0 5 6 0 15 7 0 2 3 0 7 0 0 22 23 0 52 10 0 51 25 0 26 20 0 5 6 0 29 24 0 26 20 0 27 21 0 6 5 0 5 6 0 27 21 0 22 23 0 7 0 0 6 5 0 48 26 0 46 19 0 26 20 0 51 25 0 52 10 0 22 23 0 45 22 0 49 27 0 35 31 0 39 30 0 13 29 0 30 28 0 44 35 0 34 34 0 33 33 0 43 32 0 39 30 0 35 31 0 34 34 0 44 35 0 30 28 0 3 38 0 25 37 0 24 36 0 4 41 0 43 32 0 12 40 0 9 39 0 39 30 0 0 43 0 10 42 0 13 29 0 14 44 0 3 38 0 30 28 0 13 29 0 43 32 0 4 41 0 8 45 0 44 35 0 19 49 0 18 48 0 54 47 0 55 46 0 44 35 0 8 45 0 0 43 0 39 30 0 17 51 0 19 49 0 55 46 0 50 50 0 43 32 0 33 33 0 1 52 0 12 40 0 24 36 0 50 50 0 35 31 0 30 28 0 1 52 0 33 33 0 54 47 0 23 53 0 33 33 0 34 34 0 55 46 0 54 47 0 34 34 0 35 31 0 50 50 0 55 46 0 23 53 0 54 47 0 18 48 0 20 54 0 21 55 0 17 51 0 50 50 0 24 36 0 3 57 0 31 57 0 53 56 0 25 56 0 25 58 0 53 58 0 52 58 0 24 58 0 9 60 0 37 60 0 32 59 0 4 59 0 12 62 0 40 62 0 37 61 0 9 61 0 0 64 0 28 64 0 38 63 0 10 63 0 10 65 0 38 15 0 41 2 0 13 65 0 13 66 0 41 66 0 42 66 0 14 66 0 14 67 0 42 67 0 31 57 0 3 57 0 4 59 0 32 59 0 36 68 0 8 68 0 19 70 0 47 70 0 46 69 0 18 69 0 8 68 0 36 68 0 28 64 0 0 64 0 17 71 0 45 71 0 47 70 0 19 70 0 1 72 0 29 72 0 40 62 0 12 62 0 23 73 0 51 73 0 29 72 0 1 72 0 20 74 0 48 74 0 51 73 0 23 73 0 18 69 0 46 69 0 48 75 0 20 75 0 24 76 0 52 10 0 49 27 0 21 76 0 21 77 0 49 77 0 45 71 0 17 71 0</p>
                </polylist>
            </mesh>
        </geometry>
        <geometry id="ID133">
            <mesh>
                <source id="ID134">
                    <float_array id="ID135" count="180">0 0.117592 0.0844574 -4.99454e-010 -0.707811 -18.0574 0 -0.998644 -40.9369 0 -2.37861 -61.1787 0 -4.02439 -76.6241 -78.5037 -2.22341 0.0844574 -78.5037 -1.94822 -17.1074 -78.5037 -2.23981 -40.6589 -78.5037 -3.62653 -61.5115 -78.5037 -5.27387 -77.3808 0 -7.54423 -107.339 -78.5037 -9.88523 -104.59 -52.293 -1.4418 0.0844574 -50.9015 -2.26623 -18.0574 -50.9015 -2.55706 -40.937 -50.9017 -3.93705 -61.1788 -50.9006 -5.58254 -76.6227 -52.293 -9.10363 -105.508 78.5037 -2.22341 0.0844574 78.5037 -1.94822 -17.1074 78.5037 -2.23981 -40.6589 78.5037 -3.62653 -61.5115 78.5037 -5.27387 -77.3808 78.5037 -9.88523 -104.59 52.293 -1.4418 0.0844574 50.9015 -2.26623 -18.0574 50.9015 -2.55706 -40.937 50.9017 -3.93705 -61.1788 50.9006 -5.58254 -76.6227 52.293 -9.10363 -105.508 0 -0.982757 -1.32777 0 0.392788 -17.1074 0 0.101196 -40.6589 0 -1.28552 -61.5115 0 -2.93287 -77.3808 -76.4307 -3.32278 -1.32775 -76.4307 -3.04784 -18.0574 -76.4307 -3.33867 -40.937 -76.4309 -4.71866 -61.1788 -76.4298 -6.36389 -76.6212 0 -8.63732 -105.816 -76.4286 -10.9765 -103.133 -50.9015 -2.54117 -1.32775 -52.293 -1.1666 -17.1074 -52.293 -1.4582 -40.6589 -52.293 -2.84492 -61.5115 -52.293 -4.49226 -77.3808 -50.8995 -10.1953 -104.03 76.4307 -3.32278 -1.32775 76.4307 -3.04784 -18.0574 76.4307 -3.33867 -40.937 76.4309 -4.71866 -61.1788 76.4298 -6.36389 -76.6212 76.4286 -10.9765 -103.133 50.9015 -2.54117 -1.32775 52.293 -1.1666 -17.1074 52.293 -1.4582 -40.6589 52.293 -2.84492 -61.5115 52.293 -4.49226 -77.3808 50.8995 -10.1953 -104.03</float_array>
                    <technique_common>
                        <accessor count="60" source="#ID135" stride="3">
                            <param name="X" type="float"/>
                            <param name="Y" type="float"/>
                            <param name="Z" type="float"/>
                        </accessor>
                    </technique_common>
                </source>
                <source id="ID136">
                    <float_array id="ID137" count="234">-0.225447 -0.97347 0.0391089 0.0305771 -0.998717 0.0403604 0.0304854 -0.995745 0.0869581 -0.230017 -0.969544 0.0841251 0.0317956 -0.990281 0.135395 -0.244092 -0.960606 0.132875 -0.15283 -0.963844 0.218283 0.0287833 -0.945485 0.324391 0.0306019 -0.99953 -0.00186033 -0.22756 -0.973762 -0.00178337 0.0198695 -0.972172 -0.233422 -0.179778 -0.977933 -0.106427 0 -0.999184 0.0403792 -9.31924e-010 -0.996208 0.0869999 -9.32154e-010 -0.991043 0.133541 2.35258e-006 -0.946936 0.321422 -4.65929e-010 -0.999998 -0.00186121 -3.83124e-006 -0.972607 -0.232454 -0.0304854 -0.995745 0.0869581 -0.0305771 -0.998717 0.0403604 0.225504 -0.973457 0.0391066 0.230113 -0.969521 0.0841191 -0.0317956 -0.990281 0.135395 0.24426 -0.960566 0.132853 -0.0306019 -0.99953 -0.00186033 -0.0287807 -0.945457 0.324473 0.152822 -0.963838 0.218317 0.227561 -0.973762 -0.00178364 0.179938 -0.977903 -0.106437 -0.0198745 -0.97219 -0.233347 -0.0296997 0.995957 -0.0847805 -0.0296997 0.995957 -0.0847805 -0.0297839 0.998781 -0.0393642 -0.029784 0.998781 -0.0393642 -0.0309535 0.990519 -0.133846 -0.0309187 0.990771 -0.13197 -0.029807 0.999554 0.00181203 -0.029807 0.999554 0.00181203 -0.0298032 0.999428 0.0159982 -0.0298032 0.999428 0.0159982 -0.0322295 0.985874 -0.164357 -0.0321635 0.986492 -0.160622 0 0.996396 -0.0848179 0 0.999224 -0.0393816 0 0.991494 -0.130156 4.65915e-010 0.999998 0.00181283 0 0.999872 0.0160053 0 0.987604 -0.156965 0.0296997 0.995957 -0.0847805 0.029784 0.998781 -0.0393642 0.0297839 0.998781 -0.0393642 0.0296997 0.995957 -0.0847805 0.0309535 0.990519 -0.133846 0.0309187 0.990771 -0.13197 0.029807 0.999554 0.00181203 0.0298032 0.999428 0.0159982 0.0298032 0.999428 0.0159982 0.029807 0.999554 0.00181203 0.0321635 0.986492 -0.160622 0.0322295 0.985874 -0.164357 -0.466528 -0.883803 0.0352694 -0.474748 -0.876875 0.0755265 -0.50123 -0.857204 0.118199 -0.24764 -0.907707 0.338735 -0.470401 -0.882451 -0.00158638 0.0235415 -0.778994 0.626589 -0.289876 -0.922399 -0.255248 0.00344671 -0.804072 -0.594522 4.42968e-006 -0.783308 0.621634 -7.06716e-006 -0.807611 -0.589716 0.474923 -0.876782 0.0755105 0.466632 -0.883748 0.0352636 0.50153 -0.857035 0.118143 0.247628 -0.907691 0.338787 -0.0235349 -0.778885 0.626725 0.470404 -0.88245 -0.00158689 0.290115 -0.92232 -0.255263 -0.00345703 -0.804163 -0.594398</float_array>
                    <technique_common>
                        <accessor count="78" source="#ID137" stride="3">
                            <param name="X" type="float"/>
                            <param name="Y" type="float"/>
                            <param name="Z" type="float"/>
                        </accessor>
                    </technique_common>
                </source>
                <source id="ID138">
                    <float_array id="ID139" count="2">0 1</float_array>
                    <technique_common>
                        <accessor count="1" source="#ID139" stride="2">
                            <param name="S" type="float"/>
                            <param name="T" type="float"/>
                        </accessor>
                    </technique_common>
                </source>
                <vertices id="ID140">
                    <input semantic="POSITION" source="#ID134"/>
                </vertices>
                <polylist count="58" material="Material1">
                    <input offset="0" semantic="VERTEX" source="#ID140"/>
                    <input offset="1" semantic="NORMAL" source="#ID136"/>
                    <input offset="2" semantic="TEXCOORD" source="#ID138" set="0"/>
                    <vcount>4 4 4 4 4 4 4 4 4 4 4 4 4 4 4 4 4 4 4 4 4 4 4 4 4 4 4 4 4 4 4 4 4 4 4 4 4 4 4 4 4 4 4 4 4 4 4 4 4 4 4 4 4 4 4 4 4 4</vcount>
                    <p>38 3 0 15 2 0 14 1 0 37 0 0 39 5 0 16 4 0 15 2 0 38 3 0 36 9 0 13 8 0 42 7 0 35 6 0 37 0 0 14 1 0 13 8 0 36 9 0 16 4 0 39 5 0 41 11 0 47 10 0 15 2 0 3 13 0 2 12 0 14 1 0 16 4 0 4 14 0 3 13 0 15 2 0 13 8 0 1 16 0 30 15 0 42 7 0 14 1 0 2 12 0 1 16 0 13 8 0 47 10 0 40 17 0 4 14 0 16 4 0 51 21 0 50 20 0 26 19 0 27 18 0 52 23 0 51 21 0 27 18 0 28 22 0 49 27 0 48 26 0 54 25 0 25 24 0 50 20 0 49 27 0 25 24 0 26 19 0 28 22 0 59 29 0 53 28 0 52 23 0 27 18 0 26 19 0 2 12 0 3 13 0 28 22 0 27 18 0 3 13 0 4 14 0 25 24 0 54 25 0 30 15 0 1 16 0 26 19 0 25 24 0 1 16 0 2 12 0 59 29 0 28 22 0 4 14 0 40 17 0 7 33 0 44 32 0 45 31 0 8 30 0 8 30 0 45 31 0 46 35 0 9 34 0 5 39 0 12 38 0 43 37 0 6 36 0 6 36 0 43 37 0 44 32 0 7 33 0 17 41 0 11 40 0 9 34 0 46 35 0 44 32 0 32 43 0 33 42 0 45 31 0 45 31 0 33 42 0 34 44 0 46 35 0 12 38 0 0 46 0 31 45 0 43 37 0 43 37 0 31 45 0 32 43 0 44 32 0 46 35 0 34 44 0 10 47 0 17 41 0 57 51 0 56 50 0 20 49 0 21 48 0 58 53 0 57 51 0 21 48 0 22 52 0 55 57 0 24 56 0 18 55 0 19 54 0 56 50 0 55 57 0 19 54 0 20 49 0 22 52 0 23 59 0 29 58 0 58 53 0 33 42 0 32 43 0 56 50 0 57 51 0 34 44 0 33 42 0 57 51 0 58 53 0 31 45 0 0 46 0 24 56 0 55 57 0 32 43 0 31 45 0 55 57 0 56 50 0 10 47 0 34 44 0 58 53 0 29 58 0 8 61 0 38 3 0 37 0 0 7 60 0 9 62 0 39 5 0 38 3 0 8 61 0 6 64 0 36 9 0 35 6 0 5 63 0 5 63 0 35 6 0 42 7 0 12 65 0 7 60 0 37 0 0 36 9 0 6 64 0 17 67 0 47 10 0 41 11 0 11 66 0 11 66 0 41 11 0 39 5 0 9 62 0 12 65 0 42 7 0 30 15 0 0 68 0 10 69 0 40 17 0 47 10 0 17 67 0 20 71 0 50 20 0 51 21 0 21 70 0 21 70 0 51 21 0 52 23 0 22 72 0 24 74 0 54 25 0 48 26 0 18 73 0 18 73 0 48 26 0 49 27 0 19 75 0 19 75 0 49 27 0 50 20 0 20 71 0 22 72 0 52 23 0 53 28 0 23 76 0 23 76 0 53 28 0 59 29 0 29 77 0 0 68 0 30 15 0 54 25 0 24 74 0 29 77 0 59 29 0 40 17 0 10 69 0</p>
                </polylist>
            </mesh>
        </geometry>
        <geometry id="ID143">
            <mesh>
                <source id="ID144">
                    <float_array id="ID145" count="687">-55.6186 -28.8232 107.988 -83.05 31.6476 100 -64.1408 129.439 -6.12769 -83.05 26.1545 -100 83.05 -29.3321 -105.351 83.05 25.8343 -105.351 55.6186 21.8656 100.47 76.7726 19.8532 82.8829 -62.8273 135.619 59.3328 -62.8273 134.691 -84.0927 -83.05 -29.3321 -105.351 -83.05 25.8343 -105.351 76.7799 17.7407 1.25884 78.5037 32.4851 101.255 83.05 -29.5756 64.8031 78.5037 26.992 -101.084 75.6503 26.1633 81.056 75.6547 24.2255 1.2588 59.3881 136.457 60.5875 59.3881 135.528 -85.1765 -83.05 23.9868 100 -81.5799 25.4276 -6.12769 59.0781 130.836 53.9298 78.5037 26.6718 -105.351 -83.05 -1.65332 -105.351 77.3531 32.7949 -100.235 77.3531 37.9574 98.943 60.3909 130.978 64.8635 60.3909 130.69 -87.7292 -83.05 -29.5756 70.2279 -83.05 19.8315 82.9934 -62.8273 136.478 55.1972 -83.05 -3.06862 70.2279 -59.3881 137.316 -1.78475 -64.1458 129.557 52.9506 -81.5756 27.5218 79.311 -83.05 16.0372 83.4587 59.0811 130.727 1.25823 76.7683 15.3057 -93.733 83.05 23.9868 100 -59.3881 137.316 -81.2443 75.6374 21.9308 -92.9771 83.05 -1.65332 -105.351 76.7797 -1.5 -104.328 59.074 130.599 -81.8145 76.7797 -24.282 -104.328 -83.05 -29.5756 -94.2624 -83.05 15.3137 -93.8321 -62.8273 136.478 -81.2443 -83.05 -1.49873 -94.2624 -83.05 -29.5756 -4.7277 -83.05 17.5902 -4.72769 -62.8273 136.478 -1.78475 -83.05 0.162107 -4.7277 -83.05 -29.5756 1.1582 -83.05 17.7406 1.15884 -55.3187 -29.3162 -107.63 -83.05 0.271288 1.1582 -63.8883 130.978 63.6088 -63.8883 130.69 -86.6455 -63.8883 130.935 54.0074 -81.5703 25.6354 2.5588 -63.8883 130.698 -81.9047 -63.8883 130.818 -4.7277 -63.8883 130.826 1.15823 -81.8328 37.9574 97.6883 -81.8328 32.7949 -99.1517 -81.8328 26.1904 81.1521 -64.1519 129.454 2.55823 -81.8328 21.9445 -93.0744 -81.8328 24.0841 -4.72769 -81.8328 24.2254 1.15881 -55.6186 -29.5756 72.3279 -81.5742 23.3589 -91.504 59.0807 130.719 -4.8277 83.05 -29.5756 70.2279 -83.05 -24.2125 -105.351 -83.05 -23.8366 64.8031 -83.05 -2.8063 64.8031 76.7797 -23.9546 1.2582 55.6186 -3.81879 72.3279 -83.05 -23.818 70.2279 83.05 19.8315 82.9934 -64.1465 129.324 -80.6531 -55.6186 14.3714 84.8089 59.3881 137.316 55.1972 -83.05 -24.3824 -94.2624 -83.05 -24.0752 -4.7277 -83.05 -24.055 1.1582 83.05 -24.0752 -4.7277 0 33.8322 101.255 62.8273 136.478 55.1972 0 29.333 -101.084 83.05 -3.06862 70.2279 55.3213 -1.94806 -107.63 59.3881 137.316 -1.78475 0 136.457 60.5875 0 135.528 -85.1765 55.6186 -28.8232 107.988 0 29.0128 -105.351 83.05 16.0372 83.4587 39.5597 137.316 -1.78475 59.3881 137.316 -81.2443 39.5597 137.316 -81.2443 83.05 -29.5756 -94.2624 55.3214 -29.5756 -94.2624 83.05 31.6476 100 0 137.316 55.1972 83.05 15.3137 -93.8321 55.3214 -29.5756 -4.7277 55.3214 -29.5756 1.1582 -55.6186 21.8656 100.47 62.8273 136.478 -81.2443 83.05 26.1545 -100 0 137.316 -81.2443 83.05 -24.055 1.1582 0 137.316 -1.78475 76.7795 17.5902 -4.82769 83.05 -1.49873 -94.2624 0 130.978 64.8635 0 130.69 -87.7292 0 37.9574 98.943 0 32.7949 -100.235 83.05 -29.5756 -4.7277 83.05 17.5902 -4.72769 55.3214 -29.5756 64.8031 -78.5037 32.4851 101.255 -83.05 -29.5756 64.8031 -78.5037 26.992 -101.084 62.8273 136.478 -1.78475 83.05 0.162107 -4.7277 52.293 32.9349 101.255 83.05 -29.5756 1.1582 -59.3881 136.457 60.5875 -59.3881 135.528 -85.1765 52.293 27.7736 -101.084 -78.5037 26.6718 -105.351 -77.3531 32.7949 -100.235 83.05 17.7406 1.15884 -77.3531 37.9574 98.943 55.3187 -29.3162 -107.63 -60.3909 130.978 64.8635 39.5597 136.457 60.5875 -60.3909 130.69 -87.7292 39.5597 135.528 -85.1765 83.05 0.271288 1.1582 52.293 27.4534 -105.351 -55.6186 -3.81879 72.3279 -59.3881 137.316 55.1972 -55.3213 -1.94806 -107.63 76.7797 -2.7711 64.7031 63.8883 130.978 63.6088 39.5597 137.316 55.1972 40.2277 130.978 64.8635 40.2277 130.69 -87.7292 51.5266 37.9574 98.943 51.5266 32.7949 -100.235 49.6545 22.4252 -107.054 33.805 22.9496 -107.046 -59.0781 130.836 53.9298 63.8883 130.69 -86.6455 -59.0811 130.727 1.25823 -75.6503 26.1633 81.056 63.8883 130.935 54.0074 -39.5597 137.316 -1.78475 -39.5597 137.316 -81.2443 -75.6547 24.2255 1.2588 -55.3214 -29.5756 -94.2624 -55.3214 -29.5756 -4.7277 -55.3214 -29.5756 1.1582 -76.7726 19.8532 82.8829 63.8883 130.698 -81.9047 -55.3214 -29.5756 64.8031 -52.293 32.9349 101.255 63.8883 130.818 -4.7277 -52.293 27.7736 -101.084 63.8883 130.826 1.15823 81.8328 37.9574 97.6883 -76.7799 17.7407 1.25884 -76.7797 -2.7711 64.7031 -39.5597 136.457 60.5875 -39.5597 135.528 -85.1765 -52.293 27.4534 -105.351 81.8328 32.7949 -99.1517 81.8328 26.1904 81.1521 -76.7797 0.271286 1.2582 -39.5597 137.316 55.1972 -76.7797 -23.737 64.7031 -40.2277 130.978 64.8635 -40.2277 130.69 -87.7292 -51.5266 37.9574 98.943 -51.5266 32.7949 -100.235 -76.7797 -23.9546 1.2582 -76.7797 0.162107 -4.8277 -76.7795 17.5902 -4.82769 -49.6545 22.4252 -107.054 -33.805 22.9496 -107.046 0 24.5089 -107.046 -76.7797 -23.9755 -4.8277 -75.6541 24.084 -4.82769 -76.7797 -24.282 -104.328 -59.0807 130.719 -4.8277 -76.7797 -1.5 -104.328 -59.074 130.599 -81.8145 -76.7683 15.3057 -93.733 -47.6893 -20.8155 -107.985 76.7797 0.271286 1.2582 62.8273 135.619 59.3328 -75.6374 21.9308 -92.9771 51.5621 24.8887 104.478 62.8273 134.691 -84.0927 -71.3681 27.0289 106.065 81.8328 21.9445 -93.0744 -51.5621 24.8887 104.478 81.8328 24.0841 -4.72769 0 27.6108 102.168 81.8328 24.2254 1.15881 55.6186 -29.5756 72.3279 76.7797 -23.9755 -4.8277 83.05 -24.2125 -105.351 83.05 -23.8366 64.8031 83.05 -2.8063 64.8031 71.3681 27.0289 106.065 75.6541 24.084 -4.82769 83.05 -23.818 70.2279 55.6186 14.3714 84.8089 76.7797 0.162107 -4.8277 83.05 -24.3824 -94.2624 76.7797 -23.737 64.7031</float_array>
                    <technique_common>
                        <accessor count="229" source="#ID145" stride="3">
                            <param name="X" type="float"/>
                            <param name="Y" type="float"/>
                            <param name="Z" type="float"/>
                        </accessor>
                    </technique_common>
                </source>
                <source id="ID146">
                    <float_array id="ID147" count="327">0.0261877 -0.740591 0.671445 -0.170206 -0.977712 0.12292 -0.293318 -0.956013 0.00195526 0.0205974 -0.999787 0.0015547 -0.0246797 -0.790321 -0.612196 0.17116 -0.974964 -0.14195 0.293338 -0.956006 0.002263 -0.020523 -0.999787 0.00207072 -0.0172534 -0.261677 -0.965001 -0.00711297 0.351112 -0.936306 -0.0184577 0.00298066 0.999825 -0.0172615 0.00294369 0.999847 -0.0180054 0.197617 -0.980114 -0.00900652 0.196947 -0.980373 -0.0160059 0.00143476 0.999871 -0.0168879 0.331979 -0.943136 -0.00844432 0.332015 -0.943236 -0.0159464 -1.86041e-005 0.999873 -0.015946 7.26541e-007 -0.999873 -0.00797325 7.2719e-007 -0.999968 -0.0159462 0 0.999873 -0.0159462 0.999867 -0.00343059 -0.00531555 0.99998 -0.00343091 -0.00797335 0.999962 -0.00343091 -0.0159461 2.65947e-007 -0.999873 -0.016005 0.00144941 -0.999871 0.0160059 0.0014356 0.999871 0.0172602 0.00295876 0.999847 0.0180057 0.197617 -0.980114 0.00900668 0.196947 -0.980373 0.00844428 0.332015 -0.943236 0.0168878 0.331979 -0.943136 0.0187233 0.999819 -0.00325518 0.00624133 0.999975 -0.00325562 0.00936205 0.999951 -0.00316797 -0.0159462 0 -0.999873 -0.0172588 0.00294898 -0.999847 0.0159464 -1.86039e-005 0.999873 0.0246805 -0.79033 -0.612185 -0.171289 -0.974967 -0.141772 0.00711353 0.351108 -0.936308 0.0172547 -0.261691 -0.964997 -0.0184449 0.999825 -0.00325521 -0.00922283 0.999953 -0.00316798 -0.00614853 0.999976 -0.00325563 -0.0184536 0.00299968 -0.999825 0.697682 -0.16758 0.696531 0.376591 -0.240312 0.894667 0.485417 5.88831e-007 0.874283 0.848784 3.59837e-007 0.52874 -0.0205971 -0.999787 0.00155471 0.293318 -0.956013 0.00195461 0.170096 -0.977846 0.122002 -0.0261888 -0.740601 0.671434 0.248454 -0.225984 0.941914 0.124217 -0.281886 0.951373 -0.00604748 0.238202 0.971197 -0.0170515 -0.104985 0.994328 0.0159462 0.999867 -0.00343059 0.00797335 0.999962 -0.00343091 0.00531555 0.99998 -0.00343091 0.00797325 7.2719e-007 -0.999968 0.015946 7.26541e-007 -0.999873 0.0184563 0.00297125 -0.999825 0.0172602 0.00293393 -0.999847 0.0159461 2.66078e-007 -0.999873 0.0159462 0 -0.999873 0.016005 0.00144857 -0.999871 0 -0.999881 -0.0154409 0.631518 -0.74609 -0.211033 0 0.555524 0.8315 0 0.555524 0.8315 0 0.555524 0.8315 0.018455 0.00300912 0.999825 0 0.555524 0.8315 0.00604703 0.238207 0.971196 0.0159462 0 0.999873 0.0205228 -0.999787 0.00207072 -0.293338 -0.956006 0.00226364 -0.631462 -0.74723 -0.207131 -0.227285 -0.15924 0.960721 -0.114455 -0.248269 0.961906 0.0170502 -0.10497 0.994329 -0.982072 -0.12059 0.14489 -0.655454 -0.747848 0.105374 0.981897 -0.123668 0.14347 0.654447 -0.748882 0.104283 -1.23312e-007 0.834853 -0.550474 -9.25593e-008 0.834853 -0.550473 0 0.834853 -0.550473 1.23312e-007 0.834853 -0.550474 9.25593e-008 0.834853 -0.550473 -0.679166 -0.102974 0.726725 -0.365466 -0.204767 0.908022 1.90871e-007 -0.999916 0.012992 -3.54703e-011 -0.999916 0.0129917 -1.90924e-007 -0.999916 0.012992 -0.986741 -0.162271 0.00307346 -0.996315 -0.0857445 0.00211494 -1 1.02198e-007 1.72536e-005 -1 0 -0 0.986741 -0.162271 0.00307232 0.996315 -0.0857445 0.00211482 1 1.01567e-007 1.72129e-005 1 0 -0 -0.485417 5.84794e-007 0.874283 0.946342 -0.118149 -0.300796 -0.848784 3.52777e-007 0.52874 -0.947621 -0.121471 -0.295395</float_array>
                    <technique_common>
                        <accessor count="109" source="#ID147" stride="3">
                            <param name="X" type="float"/>
                            <param name="Y" type="float"/>
                            <param name="Z" type="float"/>
                        </accessor>
                    </technique_common>
                </source>
                <source id="ID148">
                    <float_array id="ID149" count="2">0 1</float_array>
                    <technique_common>
                        <accessor count="1" source="#ID149" stride="2">
                            <param name="S" type="float"/>
                            <param name="T" type="float"/>
                        </accessor>
                    </technique_common>
                </source>
                <vertices id="ID150">
                    <input semantic="POSITION" source="#ID144"/>
                </vertices>
                <polylist count="84" material="Material1">
                    <input offset="0" semantic="VERTEX" source="#ID150"/>
                    <input offset="1" semantic="NORMAL" source="#ID146"/>
                    <input offset="2" semantic="TEXCOORD" source="#ID148" set="0"/>
                    <vcount>4 4 4 4 4 4 4 4 4 4 4 4 4 4 4 4 4 4 4 4 4 4 4 4 4 4 4 4 4 4 4 4 4 3 3 3 3 3 3 4 3 3 4 4 3 3 4 4 4 4 4 4 4 4 4 3 3 3 3 3 4 4 3 4 3 3 3 3 4 4 4 4 4 4 4 4 4 4 4 4 4 4 4 4</vcount>
                    <p>174 3 0 74 2 0 44 1 0 171 0 0 64 7 0 161 6 0 159 5 0 60 4 0 60 4 0 159 5 0 162 9 0 67 8 0 71 11 0 166 11 0 161 10 0 64 10 0 67 8 0 162 9 0 170 13 0 30 12 0 55 14 0 178 14 0 166 11 0 71 11 0 30 12 0 170 13 0 179 16 0 78 15 0 57 17 0 185 17 0 178 14 0 55 14 0 78 15 0 179 16 0 187 19 0 77 18 0 88 20 0 192 20 0 185 17 0 57 17 0 77 21 0 187 23 0 192 22 0 88 21 0 51 25 0 194 25 0 193 24 0 53 24 0 216 27 0 17 27 0 12 26 0 138 26 0 221 31 0 150 30 0 7 29 0 82 28 0 227 32 0 45 34 0 218 33 0 89 32 0 53 24 0 193 24 0 198 35 0 87 35 0 70 36 0 199 36 0 194 25 0 51 25 0 138 26 0 12 26 0 206 37 0 145 37 0 184 41 0 16 40 0 22 39 0 163 38 0 87 42 0 198 44 0 200 43 0 86 42 0 63 45 0 201 45 0 199 36 0 70 36 0 86 49 0 200 48 0 202 47 0 49 46 0 62 53 0 203 52 0 201 51 0 63 50 0 49 46 0 202 47 0 204 55 0 47 54 0 69 57 0 208 56 0 203 52 0 62 53 0 47 54 0 204 55 0 208 56 0 69 57 0 115 58 0 79 60 0 228 59 0 220 58 0 220 62 0 228 61 0 150 30 0 221 31 0 214 64 0 223 64 0 74 63 0 174 63 0 89 66 0 218 66 0 226 65 0 130 65 0 82 28 0 7 29 0 16 40 0 184 41 0 124 67 0 117 67 0 223 64 0 214 64 0 130 65 0 226 65 0 117 67 0 124 67 0 203 52 0 143 69 0 189 68 0 120 68 0 203 52 0 189 68 0 44 1 0 120 68 0 154 68 0 203 52 0 120 68 0 44 1 0 191 71 0 137 70 0 208 56 0 122 72 0 191 71 0 208 56 0 176 73 0 37 73 0 17 27 0 216 27 0 41 75 0 25 70 0 156 74 0 41 75 0 156 74 0 122 72 0 145 37 0 206 37 0 79 76 0 115 76 0 163 38 0 22 39 0 37 78 0 176 77 0 41 75 0 122 72 0 208 56 0 44 1 0 154 68 0 28 79 0 212 82 0 41 75 0 38 81 0 108 80 0 192 22 0 187 23 0 228 59 0 79 60 0 200 43 0 198 44 0 218 33 0 45 34 0 218 33 0 198 44 0 192 22 0 79 60 0 150 30 0 228 61 0 187 19 0 179 16 0 179 16 0 170 13 0 7 29 0 150 30 0 170 13 0 162 9 0 16 40 0 7 29 0 26 83 0 27 84 0 22 39 0 16 83 0 162 85 0 159 5 0 141 86 0 139 85 0 16 40 0 155 88 0 26 87 0 16 40 0 121 89 0 155 88 0 190 91 0 162 9 0 139 90 0 121 89 0 162 9 0 190 91 0 162 9 0 121 89 0 16 40 0 37 78 0 22 39 0 159 5 0 161 6 0 108 80 0 38 81 0 43 93 0 118 92 0 153 94 0 22 39 0 27 84 0 171 0 0 44 1 0 41 75 0 212 82 0 119 95 0 22 39 0 153 94 0 159 5 0 188 96 0 141 86 0 119 95 0 188 96 0 159 5 0 22 39 0 119 95 0 159 5 0 44 1 0 74 2 0 201 51 0 203 52 0 201 51 0 74 2 0 37 78 0 161 6 0 17 97 0 37 78 0 74 2 0 223 97 0 12 98 0 17 97 0 223 97 0 117 98 0 206 99 0 12 98 0 117 98 0 226 99 0 79 100 0 206 99 0 226 99 0 218 100 0 199 101 0 201 51 0 161 6 0 166 101 0 194 102 0 199 101 0 166 101 0 178 102 0 193 103 0 194 102 0 178 102 0 185 103 0 198 104 0 193 103 0 185 103 0 192 104 0 45 105 0 43 93 0 202 47 0 200 48 0 43 93 0 38 81 0 204 55 0 202 47 0 38 81 0 41 75 0 208 56 0 204 55 0 203 52 0 208 106 0 137 106 0 143 69 0 118 92 0 43 93 0 45 105 0 227 107 0 41 108 0 44 1 0 28 79 0 25 108 0</p>
                </polylist>
            </mesh>
        </geometry>
        <geometry id="ID152">
            <mesh>
                <source id="ID153">
                    <float_array id="ID154" count="54">77.3531 32.7949 -100.235 76.7683 15.3057 -93.733 75.6374 21.9308 -92.9771 0 32.7949 -100.235 -77.3531 32.7949 -100.235 51.5266 32.7949 -100.235 -51.5266 32.7949 -100.235 -76.7683 15.3057 -93.733 -75.6374 21.9308 -92.9771 70.0202 32.1354 -94.0604 69.4533 16.0955 -87.8765 68.5431 21.9076 -87.27 3.30734e-023 32.1297 -94.069 -70.0202 32.1354 -94.0604 47.1984 32.1297 -94.069 -47.1984 32.1297 -94.069 -69.4533 16.0955 -87.8765 -68.5431 21.9076 -87.27</float_array>
                    <technique_common>
                        <accessor count="18" source="#ID154" stride="3">
                            <param name="X" type="float"/>
                            <param name="Y" type="float"/>
                            <param name="Z" type="float"/>
                        </accessor>
                    </technique_common>
                </source>
                <source id="ID155">
                    <float_array id="ID156" count="54">-0.274897 -0.47285 0.837165 -0.21821 0.357733 0.907971 0.218228 0.357728 0.907969 0.274876 -0.472847 0.837173 -0.219069 0.741521 0.634157 0.000164235 0.854766 0.519014 0 0.802631 0.596476 -0.000164178 0.854775 0.518999 0.219128 0.741536 0.63412 -0.424839 -0.660365 0.619217 0.424809 -0.660365 0.619238 0.611381 0.208635 0.763338 -0.611338 0.208657 0.763367 7.22174e-005 0.994266 0.106937 -0.334857 0.809571 0.482147 0 0.994232 0.107251 0.334945 0.809579 0.482072 -7.21136e-005 0.994269 0.106903</float_array>
                    <technique_common>
                        <accessor count="18" source="#ID156" stride="3">
                            <param name="X" type="float"/>
                            <param name="Y" type="float"/>
                            <param name="Z" type="float"/>
                        </accessor>
                    </technique_common>
                </source>
                <source id="ID157">
                    <float_array id="ID158" count="2">0 1</float_array>
                    <technique_common>
                        <accessor count="1" source="#ID158" stride="2">
                            <param name="S" type="float"/>
                            <param name="T" type="float"/>
                        </accessor>
                    </technique_common>
                </source>
                <vertices id="ID159">
                    <input semantic="POSITION" source="#ID153"/>
                </vertices>
                <polylist count="15" material="Material1">
                    <input offset="0" semantic="VERTEX" source="#ID159"/>
                    <input offset="1" semantic="NORMAL" source="#ID155"/>
                    <input offset="2" semantic="TEXCOORD" source="#ID157" set="0"/>
                    <vcount>4 3 3 3 3 3 4 4 4 4 4 4 4 4 4</vcount>
                    <p>10 3 0 11 2 0 17 1 0 16 0 0 15 5 0 13 4 0 17 1 0 12 6 0 15 5 0 17 1 0 11 2 0 9 8 0 14 7 0 11 2 0 14 7 0 12 6 0 11 2 0 12 6 0 17 1 0 1 10 0 10 3 0 16 0 0 7 9 0 2 11 0 11 2 0 10 3 0 1 10 0 7 9 0 16 0 0 17 1 0 8 12 0 4 14 0 13 4 0 15 5 0 6 13 0 8 12 0 17 1 0 13 4 0 4 14 0 6 13 0 15 5 0 12 6 0 3 15 0 0 16 0 9 8 0 11 2 0 2 11 0 5 17 0 14 7 0 9 8 0 0 16 0 3 15 0 12 6 0 14 7 0 5 17 0</p>
                </polylist>
            </mesh>
        </geometry>
        <geometry id="ID161">
            <mesh>
                <source id="ID162">
                    <float_array id="ID163" count="138">-4.68238 26.5992 1.40196e-006 4.68238 26.5992 1.58495e-006 -3.78812 23.9407 -0.712329 -3.78812 24.8671 -2.13888 -3.78812 26.4551 -2.74846 -3.78812 28.0981 -2.30821 -3.78812 29.1686 -0.98631 -3.78812 29.2576 0.712332 -3.78812 28.3312 2.13889 -3.78812 26.7432 2.74846 -3.78812 25.1002 2.30822 -3.78812 24.0297 0.986313 -1.44693 22.2977 -1.15257 -1.44693 23.7967 -3.46079 -1.44693 26.3661 -4.4471 -1.44693 29.0245 -3.73477 -1.44693 30.7566 -1.59588 -1.44693 30.9006 1.15258 -1.44693 29.4017 3.46079 -1.44693 26.8322 4.4471 -1.44693 24.1738 3.73477 -1.44693 22.4417 1.59589 1.44693 22.2977 -1.15257 1.44693 23.7967 -3.46079 1.44693 26.3661 -4.4471 1.44693 29.0245 -3.73477 1.44693 30.7566 -1.59588 1.44693 30.9006 1.15258 1.44693 29.4017 3.46079 1.44693 26.8322 4.4471 1.44693 24.1738 3.73477 1.44693 22.4417 1.59589 3.78812 23.9407 -0.712329 3.78812 24.8671 -2.13888 3.78812 26.4551 -2.74846 3.78812 28.0981 -2.30821 3.78812 29.1686 -0.98631 3.78812 29.2576 0.712332 3.78812 28.3312 2.13889 3.78812 26.7432 2.74846 3.78812 25.1002 2.30822 3.78812 24.0297 0.986313 -1.44693 -1.11055 -1.15257 -1.44693 -0.966511 1.59589 1.44693 -1.11055 -1.15257 1.44693 -0.966511 1.59589</float_array>
                    <technique_common>
                        <accessor count="46" source="#ID163" stride="3">
                            <param name="X" type="float"/>
                            <param name="Y" type="float"/>
                            <param name="Z" type="float"/>
                        </accessor>
                    </technique_common>
                </source>
                <source id="ID164">
                    <float_array id="ID165" count="141">-0.811719 -0.564147 -0.151163 -0.573354 -0.630577 -0.523104 -0.311607 -0.597987 -0.738452 -0.811719 -0.367553 -0.45389 -0.311607 -0.0497301 -0.948909 -0.811719 -0.0305667 -0.583247 -0.311607 0.517522 -0.796914 -0.811719 0.318095 -0.489823 -0.311608 0.887098 -0.340525 -0.811719 0.545256 -0.209304 -0.311608 0.917833 0.245933 -0.811719 0.564147 0.151163 -0.311608 0.597987 0.738452 -0.811719 0.367553 0.45389 -0.311608 0.0497301 0.948909 -0.811719 0.0305667 0.583247 -0.311607 -0.517522 0.796914 -0.811719 -0.318095 0.489823 -0.56368 -0.590357 0.577706 -0.811719 -0.545256 0.209304 0.573354 -0.630577 -0.523104 0.311608 -0.597987 -0.738452 0.311608 -0.04973 -0.948909 0.311607 0.517522 -0.796914 0.311607 0.887098 -0.340525 0.311607 0.917833 0.245933 0.311607 0.597987 0.738452 0.311607 0.0497301 0.948909 0.311607 -0.517522 0.796914 0.56368 -0.590357 0.577706 0 -0.688355 0.725374 0 -0.99863 0.0523354 0.811719 -0.564147 -0.151163 0.811719 -0.367553 -0.45389 0.811719 -0.0305666 -0.583247 0.811719 0.318095 -0.489824 0.811719 0.545256 -0.209304 0.811719 0.564147 0.151163 0.811719 0.367553 0.45389 0.811719 0.0305667 0.583247 0.811719 -0.318095 0.489823 0.811719 -0.545255 0.209304 -1 -4.4091e-008 2.83442e-008 1 3.46429e-008 3.46429e-008 -1 0 -0 0 0 -1 1 0 -0</float_array>
                    <technique_common>
                        <accessor count="47" source="#ID165" stride="3">
                            <param name="X" type="float"/>
                            <param name="Y" type="float"/>
                            <param name="Z" type="float"/>
                        </accessor>
                    </technique_common>
                </source>
                <source id="ID166">
                    <float_array id="ID167" count="2">0 1</float_array>
                    <technique_common>
                        <accessor count="1" source="#ID167" stride="2">
                            <param name="S" type="float"/>
                            <param name="T" type="float"/>
                        </accessor>
                    </technique_common>
                </source>
                <vertices id="ID168">
                    <input semantic="POSITION" source="#ID162"/>
                </vertices>
                <polylist count="54" material="Material1">
                    <input offset="0" semantic="VERTEX" source="#ID168"/>
                    <input offset="1" semantic="NORMAL" source="#ID164"/>
                    <input offset="2" semantic="TEXCOORD" source="#ID166" set="0"/>
                    <vcount>4 4 4 4 4 4 4 4 4 4 4 4 4 4 4 4 4 4 4 4 4 4 4 4 4 4 4 4 4 4 3 3 3 3 3 3 3 3 3 3 3 3 3 3 3 3 3 3 3 3 4 4 4 4</vcount>
                    <p>3 3 0 13 2 0 12 1 0 2 0 0 4 5 0 14 4 0 13 2 0 3 3 0 5 7 0 15 6 0 14 4 0 4 5 0 6 9 0 16 8 0 15 6 0 5 7 0 7 11 0 17 10 0 16 8 0 6 9 0 8 13 0 18 12 0 17 10 0 7 11 0 9 15 0 19 14 0 18 12 0 8 13 0 10 17 0 20 16 0 19 14 0 9 15 0 11 19 0 21 18 0 20 16 0 10 17 0 2 0 0 12 1 0 21 18 0 11 19 0 13 2 0 23 21 0 22 20 0 12 1 0 14 4 0 24 22 0 23 21 0 13 2 0 15 6 0 25 23 0 24 22 0 14 4 0 16 8 0 26 24 0 25 23 0 15 6 0 17 10 0 27 25 0 26 24 0 16 8 0 18 12 0 28 26 0 27 25 0 17 10 0 19 14 0 29 27 0 28 26 0 18 12 0 20 16 0 30 28 0 29 27 0 19 14 0 21 18 0 31 29 0 30 28 0 20 16 0 42 31 0 44 31 0 45 30 0 43 30 0 23 21 0 33 33 0 32 32 0 22 20 0 24 22 0 34 34 0 33 33 0 23 21 0 25 23 0 35 35 0 34 34 0 24 22 0 26 24 0 36 36 0 35 35 0 25 23 0 27 25 0 37 37 0 36 36 0 26 24 0 28 26 0 38 38 0 37 37 0 27 25 0 29 27 0 39 39 0 38 38 0 28 26 0 30 28 0 40 40 0 39 39 0 29 27 0 31 29 0 41 41 0 40 40 0 30 28 0 22 20 0 32 32 0 41 41 0 31 29 0 3 3 0 2 0 0 0 42 0 1 43 0 32 32 0 33 33 0 4 5 0 3 3 0 0 42 0 1 43 0 33 33 0 34 34 0 5 7 0 4 5 0 0 42 0 1 43 0 34 34 0 35 35 0 6 9 0 5 7 0 0 42 0 1 43 0 35 35 0 36 36 0 7 11 0 6 9 0 0 42 0 1 43 0 36 36 0 37 37 0 8 13 0 7 11 0 0 42 0 1 43 0 37 37 0 38 38 0 9 15 0 8 13 0 0 42 0 1 43 0 38 38 0 39 39 0 10 17 0 9 15 0 0 42 0 1 43 0 39 39 0 40 40 0 11 19 0 10 17 0 0 42 0 1 43 0 40 40 0 41 41 0 2 0 0 11 19 0 0 42 0 1 43 0 41 41 0 32 32 0 12 1 0 42 44 0 43 44 0 21 18 0 22 20 0 44 45 0 42 45 0 12 1 0 31 29 0 45 46 0 44 46 0 22 20 0 21 18 0 43 30 0 45 30 0 31 29 0</p>
                </polylist>
            </mesh>
        </geometry>
        <geometry id="ID171">
            <mesh>
                <source id="ID172">
                    <float_array id="ID173" count="48">-2.59892 -17.7706 7.82764 -2.59892 -9.98139 7.82764 2.59892 -17.7706 7.82764 2.59892 -9.98139 7.82764 2.59892 -17.7706 6.61398 2.59892 -9.98139 6.61398 -2.59892 -17.7706 6.61398 -2.59892 -9.98139 6.61398 0.738922 -12.7165 6.61398 0.738922 -11.4123 6.61398 -0.738924 -12.7165 6.61398 -0.738924 -11.4123 6.61398 0.738922 -0.459418 -0.290055 0.738922 0.844758 -0.290055 -0.738924 -0.459418 -0.290055 -0.738924 0.844758 -0.290055</float_array>
                    <technique_common>
                        <accessor count="16" source="#ID173" stride="3">
                            <param name="X" type="float"/>
                            <param name="Y" type="float"/>
                            <param name="Z" type="float"/>
                        </accessor>
                    </technique_common>
                </source>
                <source id="ID174">
                    <float_array id="ID175" count="27">0 0 1 1 0 -0 0 -0.253683 -0.967287 0 0 -1 -1 0 -0 0 1 -0 0 -1 -0 0 -0.16848 -0.985705 0 0.490769 0.871289</float_array>
                    <technique_common>
                        <accessor count="9" source="#ID175" stride="3">
                            <param name="X" type="float"/>
                            <param name="Y" type="float"/>
                            <param name="Z" type="float"/>
                        </accessor>
                    </technique_common>
                </source>
                <source id="ID176">
                    <float_array id="ID177" count="2">0 1</float_array>
                    <technique_common>
                        <accessor count="1" source="#ID177" stride="2">
                            <param name="S" type="float"/>
                            <param name="T" type="float"/>
                        </accessor>
                    </technique_common>
                </source>
                <vertices id="ID178">
                    <input semantic="POSITION" source="#ID172"/>
                </vertices>
                <polylist count="14" material="Material1">
                    <input offset="0" semantic="VERTEX" source="#ID178"/>
                    <input offset="1" semantic="NORMAL" source="#ID174"/>
                    <input offset="2" semantic="TEXCOORD" source="#ID176" set="0"/>
                    <vcount>4 4 4 4 4 4 4 4 4 4 4 4 4 4</vcount>
                    <p>2 0 0 3 0 0 1 0 0 0 0 0 4 1 0 5 1 0 3 1 0 2 1 0 14 2 0 15 3 0 13 3 0 12 2 0 0 4 0 1 4 0 7 4 0 6 4 0 3 5 0 5 5 0 7 5 0 1 5 0 4 6 0 2 6 0 0 6 0 6 6 0 6 3 0 10 7 0 8 7 0 4 3 0 7 3 0 11 3 0 10 7 0 6 3 0 5 3 0 9 3 0 11 3 0 7 3 0 4 3 0 8 7 0 9 3 0 5 3 0 10 7 0 14 2 0 12 2 0 8 7 0 11 4 0 15 4 0 14 4 0 10 4 0 9 8 0 13 8 0 15 8 0 11 8 0 8 1 0 12 1 0 13 1 0 9 1 0</p>
                </polylist>
            </mesh>
        </geometry>
        <geometry id="ID180">
            <mesh>
                <source id="ID181">
                    <float_array id="ID182" count="48">-6.06979 -17.7332 7.82764 -6.06979 -10.0188 7.82764 6.06978 -17.7332 7.82764 6.06978 -10.0188 7.82764 6.06978 -17.7332 6.61398 6.06978 -10.0188 6.61398 -6.06979 -17.7332 6.61398 -6.06979 -10.0188 6.61398 0.867215 -12.7045 6.61398 0.867215 -11.4243 6.61398 -0.867216 -12.7045 6.61398 -0.867216 -11.4243 6.61398 0.867215 -0.447444 -0.290055 0.867215 0.832784 -0.290055 -0.867216 -0.447444 -0.290055 -0.867216 0.832784 -0.290055</float_array>
                    <technique_common>
                        <accessor count="16" source="#ID182" stride="3">
                            <param name="X" type="float"/>
                            <param name="Y" type="float"/>
                            <param name="Z" type="float"/>
                        </accessor>
                    </technique_common>
                </source>
                <source id="ID183">
                    <float_array id="ID184" count="27">0 0 1 1 0 -0 0 -0.253683 -0.967287 0 0 -1 -1 0 -0 0 1 -0 0 -1 -0 0 -0.16848 -0.985705 0 0.490769 0.87129</float_array>
                    <technique_common>
                        <accessor count="9" source="#ID184" stride="3">
                            <param name="X" type="float"/>
                            <param name="Y" type="float"/>
                            <param name="Z" type="float"/>
                        </accessor>
                    </technique_common>
                </source>
                <source id="ID185">
                    <float_array id="ID186" count="2">0 1</float_array>
                    <technique_common>
                        <accessor count="1" source="#ID186" stride="2">
                            <param name="S" type="float"/>
                            <param name="T" type="float"/>
                        </accessor>
                    </technique_common>
                </source>
                <vertices id="ID187">
                    <input semantic="POSITION" source="#ID181"/>
                </vertices>
                <polylist count="14" material="Material1">
                    <input offset="0" semantic="VERTEX" source="#ID187"/>
                    <input offset="1" semantic="NORMAL" source="#ID183"/>
                    <input offset="2" semantic="TEXCOORD" source="#ID185" set="0"/>
                    <vcount>4 4 4 4 4 4 4 4 4 4 4 4 4 4</vcount>
                    <p>2 0 0 3 0 0 1 0 0 0 0 0 4 1 0 5 1 0 3 1 0 2 1 0 14 2 0 15 3 0 13 3 0 12 2 0 0 4 0 1 4 0 7 4 0 6 4 0 3 5 0 5 5 0 7 5 0 1 5 0 4 6 0 2 6 0 0 6 0 6 6 0 6 3 0 10 7 0 8 7 0 4 3 0 7 3 0 11 3 0 10 7 0 6 3 0 5 3 0 9 3 0 11 3 0 7 3 0 4 3 0 8 7 0 9 3 0 5 3 0 10 7 0 14 2 0 12 2 0 8 7 0 11 4 0 15 4 0 14 4 0 10 4 0 9 8 0 13 8 0 15 8 0 11 8 0 8 1 0 12 1 0 13 1 0 9 1 0</p>
                </polylist>
            </mesh>
        </geometry>
        <geometry id="ID189">
            <mesh>
                <source id="ID190">
                    <float_array id="ID191" count="48">-2.59892 -22.1801 7.82807 -2.59892 -5.57205 7.82807 2.59892 -22.1801 7.82807 2.59892 -5.57205 7.82807 2.59892 -22.1801 6.6144 2.59892 -5.57205 6.6144 -2.59892 -22.1801 6.6144 -2.59892 -5.57205 6.6144 0.738922 -8.61525 6.6144 0.738922 -6.91962 6.6144 -0.738924 -8.61525 6.6144 -0.738924 -6.91962 6.6144 0.738922 -0.655252 -0.289628 0.738922 1.04038 -0.289628 -0.738924 -0.655252 -0.289628 -0.738924 1.04038 -0.289628</float_array>
                    <technique_common>
                        <accessor count="16" source="#ID191" stride="3">
                            <param name="X" type="float"/>
                            <param name="Y" type="float"/>
                            <param name="Z" type="float"/>
                        </accessor>
                    </technique_common>
                </source>
                <source id="ID192">
                    <float_array id="ID193" count="27">0 0 1 1 0 -0 0 -0.349688 -0.936866 0 0 -1 -1 0 -0 0 1 -0 0 -1 -0 0 -0.231342 -0.972873 0 0.655221 0.755437</float_array>
                    <technique_common>
                        <accessor count="9" source="#ID193" stride="3">
                            <param name="X" type="float"/>
                            <param name="Y" type="float"/>
                            <param name="Z" type="float"/>
                        </accessor>
                    </technique_common>
                </source>
                <source id="ID194">
                    <float_array id="ID195" count="2">0 1</float_array>
                    <technique_common>
                        <accessor count="1" source="#ID195" stride="2">
                            <param name="S" type="float"/>
                            <param name="T" type="float"/>
                        </accessor>
                    </technique_common>
                </source>
                <vertices id="ID196">
                    <input semantic="POSITION" source="#ID190"/>
                </vertices>
                <polylist count="14" material="Material1">
                    <input offset="0" semantic="VERTEX" source="#ID196"/>
                    <input offset="1" semantic="NORMAL" source="#ID192"/>
                    <input offset="2" semantic="TEXCOORD" source="#ID194" set="0"/>
                    <vcount>4 4 4 4 4 4 4 4 4 4 4 4 4 4</vcount>
                    <p>2 0 0 3 0 0 1 0 0 0 0 0 4 1 0 5 1 0 3 1 0 2 1 0 14 2 0 15 3 0 13 3 0 12 2 0 0 4 0 1 4 0 7 4 0 6 4 0 3 5 0 5 5 0 7 5 0 1 5 0 4 6 0 2 6 0 0 6 0 6 6 0 6 3 0 10 7 0 8 7 0 4 3 0 7 3 0 11 3 0 10 7 0 6 3 0 5 3 0 9 3 0 11 3 0 7 3 0 4 3 0 8 7 0 9 3 0 5 3 0 10 7 0 14 2 0 12 2 0 8 7 0 11 4 0 15 4 0 14 4 0 10 4 0 9 8 0 13 8 0 15 8 0 11 8 0 8 1 0 12 1 0 13 1 0 9 1 0</p>
                </polylist>
            </mesh>
        </geometry>
        <geometry id="ID199">
            <mesh>
                <source id="ID200">
                    <float_array id="ID201" count="96">-16.8861 -0.725445 2.35034 -16.8861 0.725423 2.35034 16.886 -0.725445 2.35034 16.886 0.725423 2.35034 16.886 -0.725445 -2.35034 16.886 0.725422 -2.35034 -16.8861 -0.725445 -2.35034 -16.8861 0.725422 -2.35034 -8.91457 -3.50391 2.35034 -8.91457 2.21985 2.35034 8.91457 -3.50391 2.35034 8.91457 2.21985 2.35034 8.91457 -3.50391 -2.35034 8.91457 2.21985 -2.35034 -8.91457 -3.50391 -2.35034 -8.91457 2.21985 -2.35034 -7.64638 -3.50391 2.35034 -7.64638 2.21985 2.35034 7.64638 -3.50391 2.35034 7.64638 2.21985 2.35034 5.10778 -3.50391 -9.24302 5.10778 2.21985 -9.24302 -5.10778 -3.50391 -9.24302 -5.10778 2.21985 -9.24302 -1.98427 -3.50391 -2.20609 1.98427 -3.50391 -2.20609 1.44111 -3.50391 -4.68659 -1.44112 -3.50391 -4.68659 -1.98427 -10.2507 -2.21817 1.98427 -10.2507 -2.21817 1.44111 -9.90532 -4.6745 -1.44112 -9.90532 -4.6745</float_array>
                    <technique_common>
                        <accessor count="32" source="#ID201" stride="3">
                            <param name="X" type="float"/>
                            <param name="Y" type="float"/>
                            <param name="Z" type="float"/>
                        </accessor>
                    </technique_common>
                </source>
                <source id="ID202">
                    <float_array id="ID203" count="93">0 0 1 0.815209 -0.579167 7.34384e-009 0.7695 0.638646 -8.09804e-009 0.508203 0 -0.861237 -0.508203 0 -0.861237 -0.815209 -0.579167 7.34384e-009 -0.7695 0.638646 -8.09804e-009 1.0519e-008 1 -1.31205e-008 -1.56575e-008 1 -1.54238e-008 -0.502871 -0.510859 -0.69724 -0.680481 -0.689974 -0.246743 0.680469 -0.689973 -0.246779 0.502857 -0.510852 -0.697255 0 0 -1 0.0925277 0.99571 -1.14217e-008 -0.0925277 0.99571 -9.10843e-009 0.166907 -0.985973 8.95023e-009 -0.166907 -0.985973 1.12864e-008 -4.8546e-009 -1 2.536e-008 -4.8546e-009 -1 7.91804e-009 -5.26739e-009 -1 7.98731e-009 -5.26739e-009 -1 2.54292e-008 7.75639e-009 -1 3.30026e-008 -1.78009e-008 -1 3.5202e-008 -1.78009e-008 -1 9.03914e-009 7.75639e-009 -1 6.83969e-009 -0.626546 -0.00121649 -0.779383 0.626525 -0.00121895 -0.7794 0.976629 -1.23885e-005 -0.214933 0 -0.00179089 0.999998 -0.976641 -8.51529e-006 -0.214879</float_array>
                    <technique_common>
                        <accessor count="31" source="#ID203" stride="3">
                            <param name="X" type="float"/>
                            <param name="Y" type="float"/>
                            <param name="Z" type="float"/>
                        </accessor>
                    </technique_common>
                </source>
                <source id="ID204">
                    <float_array id="ID205" count="2">0 1</float_array>
                    <technique_common>
                        <accessor count="1" source="#ID205" stride="2">
                            <param name="S" type="float"/>
                            <param name="T" type="float"/>
                        </accessor>
                    </technique_common>
                </source>
                <vertices id="ID206">
                    <input semantic="POSITION" source="#ID200"/>
                </vertices>
                <polylist count="30" material="Material1">
                    <input offset="0" semantic="VERTEX" source="#ID206"/>
                    <input offset="1" semantic="NORMAL" source="#ID202"/>
                    <input offset="2" semantic="TEXCOORD" source="#ID204" set="0"/>
                    <vcount>4 4 4 4 4 4 4 4 4 4 4 4 4 4 4 4 4 4 4 4 4 4 4 4 4 4 4 4 4 4</vcount>
                    <p>18 0 0 19 0 0 17 0 0 16 0 0 4 1 0 5 2 0 3 2 0 2 1 0 22 4 0 23 4 0 21 3 0 20 3 0 0 5 0 1 6 0 7 6 0 6 5 0 19 8 0 21 8 0 23 7 0 17 7 0 30 12 0 29 11 0 28 10 0 31 9 0 3 0 0 11 0 0 10 0 0 2 0 0 0 0 0 8 0 0 9 0 0 1 0 0 7 13 0 15 4 0 14 4 0 6 13 0 4 13 0 12 3 0 13 3 0 5 13 0 5 2 0 13 14 0 11 14 0 3 2 0 1 6 0 9 15 0 15 15 0 7 6 0 2 1 0 10 16 0 12 16 0 4 1 0 6 5 0 14 17 0 8 17 0 0 5 0 11 0 0 19 0 0 18 0 0 10 0 0 8 0 0 16 0 0 17 0 0 9 0 0 15 4 0 23 4 0 22 4 0 14 4 0 12 3 0 20 3 0 21 3 0 13 3 0 13 14 0 21 8 0 19 8 0 11 14 0 9 15 0 17 7 0 23 7 0 15 15 0 10 16 0 18 19 0 20 18 0 12 16 0 14 17 0 22 21 0 16 20 0 8 17 0 20 18 0 26 23 0 27 22 0 22 21 0 18 19 0 25 24 0 26 23 0 20 18 0 16 20 0 24 25 0 25 24 0 18 19 0 22 21 0 27 22 0 24 25 0 16 20 0 26 27 0 30 12 0 31 9 0 27 26 0 25 28 0 29 11 0 30 12 0 26 27 0 24 29 0 28 29 0 29 29 0 25 29 0 27 26 0 31 9 0 28 10 0 24 30 0</p>
                </polylist>
            </mesh>
        </geometry>
        <geometry id="ID208">
            <mesh>
                <source id="ID209">
                    <float_array id="ID210" count="252">19.4247 2.26896e-005 -5.20482 18.6999 1.55811 -5.01062 17.0713 1.94293 -4.57425 15.7654 0.864697 -4.22431 15.7654 -0.864652 -4.22431 17.0713 -1.94288 -4.57425 18.6999 -1.55807 -5.01062 14.2198 2.21163e-005 -14.2198 13.6893 1.55811 -13.6893 12.4971 1.94293 -12.4971 11.541 0.864696 -11.541 11.541 -0.864653 -11.541 12.4971 -1.94288 -12.4971 13.6893 -1.55807 -13.6893 5.20482 2.17495e-005 -19.4247 5.01062 1.55811 -18.6999 4.57425 1.94293 -17.0713 4.22431 0.864696 -15.7654 4.22431 -0.864653 -15.7654 4.57425 -1.94288 -17.0713 5.01062 -1.55807 -18.6999 -5.20482 2.16875e-005 -19.4247 -5.01062 1.55811 -18.6999 -4.57425 1.94293 -17.0713 -4.22431 0.864696 -15.7654 -4.22431 -0.864653 -15.7654 -4.57425 -1.94288 -17.0713 -5.01062 -1.55807 -18.6999 -14.2198 2.19468e-005 -14.2198 -13.6893 1.55811 -13.6893 -12.4971 1.94293 -12.4971 -11.541 0.864696 -11.541 -11.541 -0.864653 -11.541 -12.4971 -1.94288 -12.4971 -13.6893 -1.55807 -13.6893 -19.4246 2.24581e-005 -5.20481 -18.6999 1.55811 -5.01061 -17.0713 1.94293 -4.57425 -15.7653 0.864697 -4.22431 -15.7653 -0.864652 -4.22431 -17.0713 -1.94288 -4.57425 -18.6999 -1.55807 -5.01061 -19.4246 2.30843e-005 5.20482 -18.6999 1.55811 5.01062 -17.0713 1.94293 4.57425 -15.7653 0.864697 4.22431 -15.7653 -0.864652 4.22431 -17.0713 -1.94288 4.57425 -18.6999 -1.55807 5.01062 -14.2198 2.36576e-005 14.2198 -13.6893 1.55811 13.6893 -12.4971 1.94293 12.4971 -11.541 0.864698 11.541 -11.541 -0.864651 11.541 -12.4971 -1.94288 12.4971 -13.6893 -1.55807 13.6893 -5.20481 2.40244e-005 19.4247 -5.01061 1.55811 18.6999 -4.57425 1.94293 17.0713 -4.22431 0.864698 15.7654 -4.22431 -0.864651 15.7654 -4.57425 -1.94288 17.0713 -5.01061 -1.55807 18.6999 5.20482 2.40864e-005 19.4247 5.01062 1.55811 18.6999 4.57425 1.94293 17.0713 4.22432 0.864698 15.7654 4.22432 -0.864651 15.7654 4.57425 -1.94288 17.0713 5.01062 -1.55807 18.6999 14.2198 2.38271e-005 14.2198 13.6893 1.55811 13.6893 12.4971 1.94293 12.4971 11.541 0.864698 11.541 11.541 -0.864651 11.541 12.4971 -1.94288 12.4971 13.6893 -1.55807 13.6893 19.4247 2.33158e-005 5.20481 18.6999 1.55811 5.01061 17.0713 1.94293 4.57425 15.7654 0.864697 4.22431 15.7654 -0.864652 4.22431 17.0713 -1.94288 4.57425 18.6999 -1.55807 5.01061</float_array>
                    <technique_common>
                        <accessor count="84" source="#ID210" stride="3">
                            <param name="X" type="float"/>
                            <param name="Y" type="float"/>
                            <param name="Z" type="float"/>
                        </accessor>
                    </technique_common>
                </source>
                <source id="ID211">
                    <float_array id="ID212" count="252">0.965926 3.91326e-007 -0.258819 0.597405 0.785801 -0.160074 0.437331 0.785801 -0.437331 0.707107 -1.70142e-008 -0.707107 -0.212219 0.975566 0.0568639 -0.155355 0.975566 0.155355 -0.868149 0.438413 0.23262 -0.635529 0.438413 0.635529 -0.868149 -0.438413 0.23262 -0.635529 -0.438413 0.635529 -0.212219 -0.975566 0.056864 -0.155355 -0.975566 0.155355 0.597405 -0.785801 -0.160074 0.437331 -0.785801 -0.437331 0.160074 0.785801 -0.597405 0.258819 -4.84904e-007 -0.965926 -0.0568639 0.975566 0.212219 -0.23262 0.438413 0.868149 -0.23262 -0.438413 0.868149 -0.0568639 -0.975566 0.212219 0.160074 -0.785801 -0.597405 -0.160074 0.785801 -0.597405 -0.258819 -4.16847e-007 -0.965926 0.0568639 0.975566 0.212219 0.23262 0.438413 0.868149 0.23262 -0.438413 0.868149 0.0568639 -0.975566 0.212219 -0.160074 -0.785801 -0.597405 -0.437331 0.785801 -0.437331 -0.707107 2.0417e-007 -0.707107 0.155355 0.975566 0.155355 0.635529 0.438413 0.635529 0.635529 -0.438413 0.635529 0.155355 -0.975566 0.155355 -0.437331 -0.785801 -0.437331 -0.597405 0.785801 -0.160074 -0.965926 6.80567e-007 -0.258819 0.212219 0.975566 0.0568639 0.868149 0.438413 0.23262 0.868149 -0.438413 0.23262 0.212219 -0.975566 0.056864 -0.597406 -0.785801 -0.160074 -0.597405 0.785801 0.160074 -0.965926 4.93411e-007 0.258819 0.212219 0.975566 -0.056864 0.868149 0.438413 -0.23262 0.868149 -0.438413 -0.23262 0.212219 -0.975566 -0.0568639 -0.597405 -0.785801 0.160074 -0.437331 0.785801 0.437331 -0.707107 4.76397e-007 0.707107 0.155355 0.975566 -0.155355 0.635529 0.438413 -0.635529 0.635529 -0.438413 -0.635529 0.155355 -0.975566 -0.155355 -0.437331 -0.785801 0.437331 -0.160074 0.785801 0.597405 -0.258819 1.14846e-006 0.965926 0.0568639 0.975566 -0.212219 0.23262 0.438413 -0.868149 0.23262 -0.438413 -0.868148 0.0568638 -0.975566 -0.212219 -0.160074 -0.785801 0.597406 0.160074 0.785801 0.597405 0.258819 1.18249e-006 0.965926 -0.0568641 0.975566 -0.212219 -0.23262 0.438413 -0.868149 -0.23262 -0.438413 -0.868149 -0.0568639 -0.975566 -0.212219 0.160074 -0.785801 0.597406 0.437331 0.785801 0.437331 0.707107 5.10425e-007 0.707106 -0.155355 0.975566 -0.155355 -0.635529 0.438413 -0.635529 -0.635529 -0.438413 -0.635529 -0.155355 -0.975566 -0.155355 0.437331 -0.785801 0.437331 0.597405 0.785801 0.160074 0.965926 3.65805e-007 0.258819 -0.212219 0.975566 -0.056864 -0.868149 0.438413 -0.23262 -0.868149 -0.438413 -0.232619 -0.212219 -0.975566 -0.0568638 0.597406 -0.785801 0.160074</float_array>
                    <technique_common>
                        <accessor count="84" source="#ID212" stride="3">
                            <param name="X" type="float"/>
                            <param name="Y" type="float"/>
                            <param name="Z" type="float"/>
                        </accessor>
                    </technique_common>
                </source>
                <source id="ID213">
                    <float_array id="ID214" count="2">0 1</float_array>
                    <technique_common>
                        <accessor count="1" source="#ID214" stride="2">
                            <param name="S" type="float"/>
                            <param name="T" type="float"/>
                        </accessor>
                    </technique_common>
                </source>
                <vertices id="ID215">
                    <input semantic="POSITION" source="#ID209"/>
                </vertices>
                <polylist count="84" material="Material1">
                    <input offset="0" semantic="VERTEX" source="#ID215"/>
                    <input offset="1" semantic="NORMAL" source="#ID211"/>
                    <input offset="2" semantic="TEXCOORD" source="#ID213" set="0"/>
                    <vcount>4 4 4 4 4 4 4 4 4 4 4 4 4 4 4 4 4 4 4 4 4 4 4 4 4 4 4 4 4 4 4 4 4 4 4 4 4 4 4 4 4 4 4 4 4 4 4 4 4 4 4 4 4 4 4 4 4 4 4 4 4 4 4 4 4 4 4 4 4 4 4 4 4 4 4 4 4 4 4 4 4 4 4 4</vcount>
                    <p>7 3 0 8 2 0 1 1 0 0 0 0 8 2 0 9 5 0 2 4 0 1 1 0 9 5 0 10 7 0 3 6 0 2 4 0 10 7 0 11 9 0 4 8 0 3 6 0 11 9 0 12 11 0 5 10 0 4 8 0 12 11 0 13 13 0 6 12 0 5 10 0 13 13 0 7 3 0 0 0 0 6 12 0 14 15 0 15 14 0 8 2 0 7 3 0 15 14 0 16 16 0 9 5 0 8 2 0 16 16 0 17 17 0 10 7 0 9 5 0 17 17 0 18 18 0 11 9 0 10 7 0 18 18 0 19 19 0 12 11 0 11 9 0 19 19 0 20 20 0 13 13 0 12 11 0 20 20 0 14 15 0 7 3 0 13 13 0 21 22 0 22 21 0 15 14 0 14 15 0 22 21 0 23 23 0 16 16 0 15 14 0 23 23 0 24 24 0 17 17 0 16 16 0 24 24 0 25 25 0 18 18 0 17 17 0 25 25 0 26 26 0 19 19 0 18 18 0 26 26 0 27 27 0 20 20 0 19 19 0 27 27 0 21 22 0 14 15 0 20 20 0 28 29 0 29 28 0 22 21 0 21 22 0 29 28 0 30 30 0 23 23 0 22 21 0 30 30 0 31 31 0 24 24 0 23 23 0 31 31 0 32 32 0 25 25 0 24 24 0 32 32 0 33 33 0 26 26 0 25 25 0 33 33 0 34 34 0 27 27 0 26 26 0 34 34 0 28 29 0 21 22 0 27 27 0 35 36 0 36 35 0 29 28 0 28 29 0 36 35 0 37 37 0 30 30 0 29 28 0 37 37 0 38 38 0 31 31 0 30 30 0 38 38 0 39 39 0 32 32 0 31 31 0 39 39 0 40 40 0 33 33 0 32 32 0 40 40 0 41 41 0 34 34 0 33 33 0 41 41 0 35 36 0 28 29 0 34 34 0 42 43 0 43 42 0 36 35 0 35 36 0 43 42 0 44 44 0 37 37 0 36 35 0 44 44 0 45 45 0 38 38 0 37 37 0 45 45 0 46 46 0 39 39 0 38 38 0 46 46 0 47 47 0 40 40 0 39 39 0 47 47 0 48 48 0 41 41 0 40 40 0 48 48 0 42 43 0 35 36 0 41 41 0 49 50 0 50 49 0 43 42 0 42 43 0 50 49 0 51 51 0 44 44 0 43 42 0 51 51 0 52 52 0 45 45 0 44 44 0 52 52 0 53 53 0 46 46 0 45 45 0 53 53 0 54 54 0 47 47 0 46 46 0 54 54 0 55 55 0 48 48 0 47 47 0 55 55 0 49 50 0 42 43 0 48 48 0 56 57 0 57 56 0 50 49 0 49 50 0 57 56 0 58 58 0 51 51 0 50 49 0 58 58 0 59 59 0 52 52 0 51 51 0 59 59 0 60 60 0 53 53 0 52 52 0 60 60 0 61 61 0 54 54 0 53 53 0 61 61 0 62 62 0 55 55 0 54 54 0 62 62 0 56 57 0 49 50 0 55 55 0 63 64 0 64 63 0 57 56 0 56 57 0 64 63 0 65 65 0 58 58 0 57 56 0 65 65 0 66 66 0 59 59 0 58 58 0 66 66 0 67 67 0 60 60 0 59 59 0 67 67 0 68 68 0 61 61 0 60 60 0 68 68 0 69 69 0 62 62 0 61 61 0 69 69 0 63 64 0 56 57 0 62 62 0 70 71 0 71 70 0 64 63 0 63 64 0 71 70 0 72 72 0 65 65 0 64 63 0 72 72 0 73 73 0 66 66 0 65 65 0 73 73 0 74 74 0 67 67 0 66 66 0 74 74 0 75 75 0 68 68 0 67 67 0 75 75 0 76 76 0 69 69 0 68 68 0 76 76 0 70 71 0 63 64 0 69 69 0 77 78 0 78 77 0 71 70 0 70 71 0 78 77 0 79 79 0 72 72 0 71 70 0 79 79 0 80 80 0 73 73 0 72 72 0 80 80 0 81 81 0 74 74 0 73 73 0 81 81 0 82 82 0 75 75 0 74 74 0 82 82 0 83 83 0 76 76 0 75 75 0 83 83 0 77 78 0 70 71 0 76 76 0 0 0 0 1 1 0 78 77 0 77 78 0 1 1 0 2 4 0 79 79 0 78 77 0 2 4 0 3 6 0 80 80 0 79 79 0 3 6 0 4 8 0 81 81 0 80 80 0 4 8 0 5 10 0 82 82 0 81 81 0 5 10 0 6 12 0 83 83 0 82 82 0 6 12 0 0 0 0 77 78 0 83 83 0</p>
                </polylist>
            </mesh>
        </geometry>
        <geometry id="ID217">
            <mesh>
                <source id="ID218">
                    <float_array id="ID219" count="48">-31.7103 -12.587 1.99819 -26.3582 8.23811 2.70641 31.7103 -12.587 1.99819 26.3582 8.23811 2.70641 31.7103 -3.48465 -4.22319 26.3582 8.23811 -1.4923 -31.7103 -3.48465 -4.22319 -26.3582 8.23811 -1.4923 -30.0858 -11.3278 2.04102 -25.381 6.97884 2.66359 30.0858 -11.3278 2.04102 25.381 6.97884 2.66359 -28.7259 -10.642 1.10085 -24.3736 6.29307 1.67678 28.7259 -10.642 1.10085 24.3736 6.29307 1.67678</float_array>
                    <technique_common>
                        <accessor count="16" source="#ID219" stride="3">
                            <param name="X" type="float"/>
                            <param name="Y" type="float"/>
                            <param name="Z" type="float"/>
                        </accessor>
                    </technique_common>
                </source>
                <source id="ID220">
                    <float_array id="ID221" count="54">0.174494 -0.30224 0.937125 0.348192 -0.564947 0.748062 0.38482 0.386193 0.838313 0.179706 0.160655 0.970513 0.387271 0.0865662 0.917893 0.347361 0.44891 0.823298 0.485896 0.781074 -0.392209 0.935615 0.277113 0.218707 0 -0.184283 -0.982873 -0.469516 0.783524 -0.406995 -0.930477 0.325894 0.167348 -0.348209 0.470746 0.810647 -0.392334 0.10875 0.913371 0 -0.564279 -0.825584 -0.179706 0.160655 0.970513 -0.174494 -0.30224 0.937125 -0.38482 0.386193 0.838313 -0.348192 -0.564947 0.748062</float_array>
                    <technique_common>
                        <accessor count="18" source="#ID221" stride="3">
                            <param name="X" type="float"/>
                            <param name="Y" type="float"/>
                            <param name="Z" type="float"/>
                        </accessor>
                    </technique_common>
                </source>
                <source id="ID222">
                    <float_array id="ID223" count="2">0 1</float_array>
                    <technique_common>
                        <accessor count="1" source="#ID223" stride="2">
                            <param name="S" type="float"/>
                            <param name="T" type="float"/>
                        </accessor>
                    </technique_common>
                </source>
                <vertices id="ID224">
                    <input semantic="POSITION" source="#ID218"/>
                </vertices>
                <polylist count="13" material="Material1">
                    <input offset="0" semantic="VERTEX" source="#ID224"/>
                    <input offset="1" semantic="NORMAL" source="#ID220"/>
                    <input offset="2" semantic="TEXCOORD" source="#ID222" set="0"/>
                    <vcount>4 4 4 4 4 4 4 4 4 4 4 4 4</vcount>
                    <p>8 3 0 12 2 0 13 1 0 9 0 0 4 7 0 5 6 0 3 5 0 2 4 0 6 8 0 7 9 0 5 6 0 4 8 0 0 12 0 1 11 0 7 9 0 6 10 0 3 5 0 5 6 0 7 9 0 1 11 0 4 8 0 2 13 0 0 13 0 6 8 0 2 4 0 10 14 0 8 3 0 0 12 0 3 5 0 11 15 0 10 14 0 2 4 0 1 11 0 9 0 0 11 15 0 3 5 0 0 12 0 8 3 0 9 0 0 1 11 0 10 14 0 14 16 0 12 2 0 8 3 0 11 15 0 15 17 0 14 16 0 10 14 0 9 0 0 13 1 0 15 17 0 11 15 0</p>
                </polylist>
            </mesh>
        </geometry>
        <geometry id="ID226">
            <mesh>
                <source id="ID227">
                    <float_array id="ID228" count="12">-28.7259 -10.642 1.10085 -24.3736 6.29307 1.67678 28.7259 -10.642 1.10085 24.3736 6.29307 1.67678</float_array>
                    <technique_common>
                        <accessor count="4" source="#ID228" stride="3">
                            <param name="X" type="float"/>
                            <param name="Y" type="float"/>
                            <param name="Z" type="float"/>
                        </accessor>
                    </technique_common>
                </source>
                <source id="ID229">
                    <float_array id="ID230" count="3">0 -0.0339884 0.999422</float_array>
                    <technique_common>
                        <accessor count="1" source="#ID230" stride="3">
                            <param name="X" type="float"/>
                            <param name="Y" type="float"/>
                            <param name="Z" type="float"/>
                        </accessor>
                    </technique_common>
                </source>
                <source id="ID231">
                    <float_array id="ID232" count="2">0 1</float_array>
                    <technique_common>
                        <accessor count="1" source="#ID232" stride="2">
                            <param name="S" type="float"/>
                            <param name="T" type="float"/>
                        </accessor>
                    </technique_common>
                </source>
                <vertices id="ID233">
                    <input semantic="POSITION" source="#ID227"/>
                </vertices>
                <polylist count="1" material="Material1">
                    <input offset="0" semantic="VERTEX" source="#ID233"/>
                    <input offset="1" semantic="NORMAL" source="#ID229"/>
                    <input offset="2" semantic="TEXCOORD" source="#ID231" set="0"/>
                    <vcount>4</vcount>
                    <p>2 0 0 3 0 0 1 0 0 0 0 0</p>
                </polylist>
            </mesh>
        </geometry>
        <geometry id="ID235">
            <mesh>
                <source id="ID236">
                    <float_array id="ID237" count="288">-60.5778 -7.72891 20.8188 -60.5778 9.58469 20.8188 60.5775 -7.72891 20.8188 60.5775 9.58469 20.8188 60.5775 -7.72891 -16.4745 60.5775 9.58469 -16.4745 -60.5778 -7.72891 -16.4745 -60.5778 9.58469 -16.4745 -60.5778 -7.72891 -7.1454 -60.5778 14.5604 -7.1454 60.5775 -7.72891 -7.1454 60.5775 14.5604 -7.1454 -60.5778 -7.72891 8.65832 -60.5778 14.5604 8.65833 60.5775 -7.72891 8.65832 60.5775 14.5604 8.65832 -60.5778 -2.29214 30.6563 -60.5778 6.57525 30.6563 60.5775 -2.29214 30.6563 60.5775 6.57525 30.6563 -60.5778 68.1393 23.8946 60.5775 68.1393 23.8946 -60.5778 68.1393 36.3277 60.5775 68.1393 36.3277 -60.5778 24.7273 19.8164 60.5775 24.7273 19.8164 -60.5778 24.7273 31.2985 60.5775 24.7273 31.2985 -60.5778 43.1272 19.8164 60.5775 43.1272 19.8164 -60.5778 43.1272 30.1 60.5775 43.1272 30.1 -49.8023 -7.72891 20.8188 -49.8023 9.58469 20.8188 49.802 -7.72891 20.8188 49.802 9.58469 20.8188 49.802 -7.72891 -16.4745 49.802 9.58469 -16.4745 -49.8023 -7.72891 -16.4745 -49.8023 9.58469 -16.4745 -49.8023 -7.72891 -7.1454 -49.8023 14.5604 -7.1454 49.802 -7.72891 -7.1454 49.802 14.5604 -7.1454 -49.8023 -7.72891 8.65832 -49.8023 14.5604 8.65833 49.802 -7.72891 8.65832 49.802 14.5604 8.65832 -49.8023 -2.29214 30.6563 -49.8023 6.57525 30.6563 49.802 -2.29214 30.6563 49.802 6.57525 30.6563 -49.8023 70.1363 23.8946 49.802 70.1363 23.8946 -49.8023 70.1363 39.5 49.802 70.1363 39.5 -49.8023 24.7273 19.8164 49.802 24.7273 19.8164 -49.8023 24.7273 31.2985 49.802 24.7273 31.2985 -49.8023 43.1272 19.8164 49.802 43.1272 19.8164 -49.8023 43.1272 33.2723 49.802 43.1272 33.2723 -45.6082 -7.72891 20.8188 -45.6082 5.85762 22.3972 45.608 -7.72891 20.8188 45.608 5.85762 22.3972 45.608 -7.72891 -16.4745 45.608 5.85762 -16.4745 -45.6082 -7.72891 -16.4745 -45.6082 5.85762 -16.4745 -45.6082 -7.72891 -7.1454 -45.6082 10.8333 -7.1454 45.608 -7.72891 -7.1454 45.608 10.8333 -7.1454 -45.6082 -7.72891 8.65832 -45.6082 10.8333 8.65833 45.608 -7.72891 8.65832 45.608 10.8333 8.65832 -45.6082 -2.29214 30.6563 -45.6082 6.57525 30.6563 45.608 -2.29214 30.6563 45.608 6.57525 30.6563 -45.6082 70.491 25.8217 45.608 70.491 25.8217 -45.6082 70.491 40.0363 45.608 70.491 40.0363 -45.6082 24.7273 21.7436 45.608 24.7273 21.7436 -45.6082 24.7273 31.2985 45.608 24.7273 31.2985 -45.6082 43.1272 21.7436 45.608 43.1272 21.7436 -45.6082 43.1272 33.8086 45.608 43.1272 33.8086</float_array>
                    <technique_common>
                        <accessor count="96" source="#ID237" stride="3">
                            <param name="X" type="float"/>
                            <param name="Y" type="float"/>
                            <param name="Z" type="float"/>
                        </accessor>
                    </technique_common>
                </source>
                <source id="ID238">
                    <float_array id="ID239" count="237">0 -0.508082 0.861309 -2.15889e-010 -0.0176814 0.999844 -2.15889e-010 -0.0176814 0.999844 0 -0.508082 0.861309 1 0 -0 0 0 -1 -0.186574 0.476745 -0.859014 0.186574 0.476745 -0.859013 -1 0 -0 0.317759 0.888426 0.331254 0.341273 0.924607 0.169218 -0.342555 0.924228 0.168697 -0.320311 0.887823 0.330412 0 -1 -0 0.350037 0.908128 -0.229733 -0.350038 0.908128 -0.229733 0 -0.968305 0.249769 0 -0.968305 0.249769 -0.108975 0.764937 -0.63482 0.0421759 0.99911 -0 -0.0421758 0.99911 -0 0.108953 0.764935 -0.634825 -0.211966 0.0725207 -0.974583 0.211949 0.0725225 -0.974586 -0.732733 -0.0185719 0.680263 -0.0157683 -0.0817493 0.996528 0.0158229 -0.0817777 0.996525 0.776544 -0.0802955 0.624925 0.765626 0.403658 0.500876 0.621618 0.591631 -0.513385 0.201621 -0.0206958 -0.979245 0.189482 -0.0412751 -0.981016 -0.183314 -0.0416672 -0.982171 -0.198529 -0.0209057 -0.979872 -0.776774 -0.0790917 0.624793 -0.044472 -0.175292 0.983511 0.0444977 -0.175322 0.983505 0.732817 -0.019772 0.680138 -0.621965 0.591426 -0.513201 -0.765986 0.403537 0.500423 -0.057342 -0.222236 0.973305 0.0572841 -0.222239 0.973308 0 -0.508082 0.861309 0 -0.0176814 0.999844 0 -0.0176814 0.999844 0.186574 0.476745 -0.859013 0 0.51449 -0.857497 0 0.514489 -0.857497 -0.186574 0.476745 -0.859013 0 0.925521 0.378696 -0.320313 0.880059 0.350564 -0.343197 0.921987 0.179321 0 0.981204 0.192975 0 0.981204 0.192975 0.341911 0.922364 0.179838 0.317757 0.880659 0.351384 0 0.925521 0.378696 0 0.970141 -0.242543 0 0.970141 -0.242543 0.0431237 0.767765 -0.639279 -0.133413 0.991061 -0 0.133413 0.991061 -0 -0.043508 0.767753 -0.639267 -0.00747618 0.0777843 -0.996942 0.20833 0.0745674 -0.975212 -0.208611 0.0745622 -0.975152 0.00693651 0.0777864 -0.996946 0.0516544 -0.0536141 0.997225 -0.0514793 -0.0527058 0.997282 0 -0.0330432 -0.999454 -0.198568 -0.028934 -0.97966 -0.183314 -0.0576567 -0.981362 0 -0.0660502 -0.997816 0.189483 -0.0572839 -0.980212 0.201661 -0.0287284 -0.979034 0.144778 -0.148552 0.978249 -0.145016 -0.147617 0.978356 0.18519 -0.22424 0.956776 -0.185981 -0.22416 0.956642</float_array>
                    <technique_common>
                        <accessor count="79" source="#ID239" stride="3">
                            <param name="X" type="float"/>
                            <param name="Y" type="float"/>
                            <param name="Z" type="float"/>
                        </accessor>
                    </technique_common>
                </source>
                <source id="ID240">
                    <float_array id="ID241" count="2">0 1</float_array>
                    <technique_common>
                        <accessor count="1" source="#ID241" stride="2">
                            <param name="S" type="float"/>
                            <param name="T" type="float"/>
                        </accessor>
                    </technique_common>
                </source>
                <vertices id="ID242">
                    <input semantic="POSITION" source="#ID236"/>
                </vertices>
                <polylist count="94" material="Material1">
                    <input offset="0" semantic="VERTEX" source="#ID242"/>
                    <input offset="1" semantic="NORMAL" source="#ID238"/>
                    <input offset="2" semantic="TEXCOORD" source="#ID240" set="0"/>
                    <vcount>4 4 4 4 4 4 4 4 4 4 4 4 4 4 4 4 4 4 4 4 4 4 4 4 4 4 4 4 4 4 4 4 4 4 4 4 4 4 4 4 4 4 4 4 4 4 4 4 4 4 4 4 4 4 4 4 4 4 4 4 4 4 4 4 4 4 4 4 4 4 4 4 4 4 4 4 4 4 4 4 4 4 4 4 4 4 4 4 4 4 4 4 4 4</vcount>
                    <p>82 3 0 83 2 0 81 1 0 80 0 0 10 4 0 4 4 0 5 4 0 11 4 0 70 5 0 71 7 0 69 6 0 68 5 0 12 8 0 0 8 0 1 8 0 13 8 0 67 12 0 79 11 0 77 10 0 65 9 0 68 13 0 74 13 0 72 13 0 70 13 0 11 4 0 15 4 0 14 4 0 10 4 0 9 8 0 7 8 0 6 8 0 8 8 0 75 15 0 69 6 0 71 7 0 73 14 0 74 13 0 78 13 0 76 13 0 72 13 0 13 8 0 9 8 0 8 8 0 12 8 0 79 11 0 75 15 0 73 14 0 77 10 0 15 4 0 3 4 0 2 4 0 14 4 0 78 13 0 66 17 0 64 16 0 76 13 0 66 17 0 82 3 0 80 0 0 64 16 0 3 4 0 19 4 0 18 4 0 2 4 0 84 21 0 86 20 0 87 19 0 85 18 0 0 8 0 16 8 0 17 8 0 1 8 0 92 23 0 84 21 0 85 18 0 93 22 0 17 8 0 26 24 0 24 8 0 1 8 0 83 2 0 91 26 0 90 25 0 81 1 0 29 4 0 21 29 0 23 28 0 31 27 0 89 33 0 67 32 0 65 31 0 88 30 0 26 24 0 30 34 0 28 8 0 24 8 0 91 26 0 95 36 0 94 35 0 90 25 0 27 37 0 19 4 0 3 4 0 25 4 0 93 22 0 89 33 0 88 30 0 92 23 0 31 27 0 27 37 0 25 4 0 29 4 0 30 34 0 22 39 0 20 38 0 28 8 0 95 36 0 87 41 0 86 40 0 94 35 0 19 43 0 51 43 0 50 42 0 18 0 0 16 0 0 48 3 0 49 44 0 17 44 0 7 46 0 39 45 0 38 5 0 6 5 0 4 5 0 36 5 0 37 48 0 5 47 0 15 52 0 47 51 0 35 50 0 3 49 0 1 56 0 33 55 0 45 54 0 13 53 0 10 13 0 42 13 0 36 13 0 4 13 0 6 13 0 38 13 0 40 13 0 8 13 0 5 47 0 37 48 0 43 15 0 11 57 0 9 58 0 41 14 0 39 45 0 7 46 0 14 13 0 46 13 0 42 13 0 10 13 0 8 13 0 40 13 0 44 13 0 12 13 0 11 57 0 43 15 0 47 51 0 15 52 0 13 53 0 45 54 0 41 14 0 9 58 0 2 17 0 34 17 0 46 13 0 14 13 0 12 13 0 44 13 0 32 17 0 0 17 0 18 0 0 50 42 0 34 17 0 2 17 0 0 17 0 32 17 0 48 3 0 16 0 0 22 39 0 54 60 0 52 59 0 20 38 0 21 29 0 53 62 0 55 61 0 23 28 0 20 38 0 52 59 0 60 64 0 28 63 0 29 66 0 61 65 0 53 62 0 21 29 0 27 37 0 59 67 0 51 43 0 19 43 0 17 44 0 49 44 0 58 68 0 26 24 0 3 72 0 35 71 0 57 70 0 25 69 0 24 69 0 56 74 0 33 73 0 1 72 0 31 27 0 63 75 0 59 67 0 27 37 0 26 24 0 58 68 0 62 76 0 30 34 0 25 69 0 57 70 0 61 65 0 29 66 0 28 63 0 60 64 0 56 74 0 24 69 0 23 28 0 55 77 0 63 75 0 31 27 0 30 34 0 62 76 0 54 78 0 22 39 0 51 43 0 83 2 0 82 3 0 50 42 0 48 3 0 80 0 0 81 1 0 49 44 0 39 45 0 71 7 0 70 5 0 38 5 0 36 5 0 68 5 0 69 6 0 37 48 0 47 51 0 79 11 0 67 12 0 35 50 0 33 55 0 65 9 0 77 10 0 45 54 0 42 13 0 74 13 0 68 13 0 36 13 0 38 13 0 70 13 0 72 13 0 40 13 0 37 48 0 69 6 0 75 15 0 43 15 0 41 14 0 73 14 0 71 7 0 39 45 0 46 13 0 78 13 0 74 13 0 42 13 0 40 13 0 72 13 0 76 13 0 44 13 0 43 15 0 75 15 0 79 11 0 47 51 0 45 54 0 77 10 0 73 14 0 41 14 0 34 17 0 66 17 0 78 13 0 46 13 0 44 13 0 76 13 0 64 16 0 32 17 0 50 42 0 82 3 0 66 17 0 34 17 0 32 17 0 64 16 0 80 0 0 48 3 0 54 60 0 86 20 0 84 21 0 52 59 0 53 62 0 85 18 0 87 19 0 55 61 0 52 59 0 84 21 0 92 23 0 60 64 0 61 65 0 93 22 0 85 18 0 53 62 0 59 67 0 91 26 0 83 2 0 51 43 0 49 44 0 81 1 0 90 25 0 58 68 0 35 71 0 67 32 0 89 33 0 57 70 0 56 74 0 88 30 0 65 31 0 33 73 0 63 75 0 95 36 0 91 26 0 59 67 0 58 68 0 90 25 0 94 35 0 62 76 0 57 70 0 89 33 0 93 22 0 61 65 0 60 64 0 92 23 0 88 30 0 56 74 0 55 77 0 87 41 0 95 36 0 63 75 0 62 76 0 94 35 0 86 40 0 54 78 0</p>
                </polylist>
            </mesh>
        </geometry>
        <geometry id="ID244">
            <mesh>
                <source id="ID245">
                    <float_array id="ID246" count="288">-29.9574 -4.4337 22.7676 -29.9574 4.4337 22.7676 29.9574 -4.4337 22.7676 29.9574 4.4337 22.7676 29.9574 -4.4337 -22.7676 29.9574 4.4337 -22.7676 -29.9574 -4.4337 -22.7676 -29.9574 4.4337 -22.7676 -29.9574 -4.4337 -11.3767 -29.9574 6.98208 -11.3767 29.9574 -4.4337 -11.3767 29.9574 6.98208 -11.3767 -29.9574 -4.4337 7.91964 -29.9574 6.98208 7.91964 29.9574 -4.4337 7.91964 29.9574 6.98208 7.91964 -29.9574 -4.4337 32.324 -29.9574 4.4337 32.324 29.9574 -4.4337 32.324 29.9574 4.4337 32.324 -29.9574 87.1176 23.8946 29.9574 87.1176 23.8946 -29.9574 87.1176 36.3277 29.9574 87.1176 36.3277 -29.9574 43.7055 19.8164 29.9574 43.7055 19.8164 -29.9574 43.7055 31.2985 29.9574 43.7055 31.2985 -29.9574 62.1055 19.8164 29.9574 62.1055 19.8164 -29.9574 62.1055 30.1 29.9574 62.1055 30.1 -19.1819 -4.4337 22.7676 -19.1819 4.4337 22.7676 19.1819 -4.4337 22.7676 19.1819 4.4337 22.7676 19.1819 -4.4337 -22.7676 19.1819 4.4337 -22.7676 -19.1819 -4.4337 -22.7676 -19.1819 4.4337 -22.7676 -19.1819 -4.4337 -11.3767 -19.1819 6.98208 -11.3767 19.1819 -4.4337 -11.3767 19.1819 6.98208 -11.3767 -19.1819 -4.4337 7.91964 -19.1819 6.98208 7.91964 19.1819 -4.4337 7.91964 19.1819 6.98208 7.91964 -19.1819 -4.4337 32.324 -19.1819 4.4337 32.324 19.1819 -4.4337 32.324 19.1819 4.4337 32.324 -19.1819 89.1146 23.8946 19.1819 89.1146 23.8946 -19.1819 89.1146 39.5 19.1819 89.1146 39.5 -19.1819 43.7055 19.8164 19.1819 43.7055 19.8164 -19.1819 43.7055 31.2985 19.1819 43.7055 31.2985 -19.1819 62.1055 19.8164 19.1819 62.1055 19.8164 -19.1819 62.1055 33.2723 19.1819 62.1055 33.2723 -14.9878 -4.4337 22.7676 -14.9878 2.52483 24.6948 14.9878 -4.4337 22.7676 14.9878 2.52483 24.6948 14.9878 -4.4337 -22.7676 14.9878 2.52483 -22.7676 -14.9878 -4.4337 -22.7676 -14.9878 2.52483 -22.7676 -14.9878 -4.4337 -11.3767 -14.9878 5.07321 -11.3767 14.9878 -4.4337 -11.3767 14.9878 5.07321 -11.3767 -14.9878 -4.4337 7.91964 -14.9878 5.07321 7.91964 14.9878 -4.4337 7.91964 14.9878 5.07321 7.91964 -14.9878 -4.4337 32.324 -14.9878 4.4337 32.324 14.9878 -4.4337 32.324 14.9878 4.4337 32.324 -14.9878 89.4693 25.8217 14.9878 89.4693 25.8217 -14.9878 89.4693 40.0363 14.9878 89.4693 40.0363 -14.9878 43.7055 21.7436 14.9878 43.7055 21.7436 -14.9878 43.7055 31.2985 14.9878 43.7055 31.2985 -14.9878 62.1055 21.7436 14.9878 62.1055 21.7436 -14.9878 62.1055 33.8086 14.9878 62.1055 33.8086</float_array>
                    <technique_common>
                        <accessor count="96" source="#ID246" stride="3">
                            <param name="X" type="float"/>
                            <param name="Y" type="float"/>
                            <param name="Z" type="float"/>
                        </accessor>
                    </technique_common>
                </source>
                <source id="ID247">
                    <float_array id="ID248" count="228">0 0 1 8.09914e-010 0.0130537 0.999915 1 0 -0 0 0 -1 -0.131704 0.605999 -0.784487 0.131704 0.605999 -0.784487 -1 0 -0 0.193277 0.969315 0.151898 0.203188 0.976161 0.0763227 -0.204135 0.975971 0.0762182 -0.195165 0.968964 0.151721 0 -1 -0 0.210927 0.971577 -0.107461 -0.210927 0.971577 -0.107461 -0.108975 0.764937 -0.63482 0.0421759 0.99911 -0 -0.0421759 0.99911 -0 0.108953 0.764935 -0.634825 -0.211966 0.0725207 -0.974583 0.211949 0.0725225 -0.974586 -0.732809 0.00244927 0.68043 -0.0157983 -0.0510701 0.99857 0.0158531 -0.0510984 0.998568 0.776544 -0.0802955 0.624925 0.765626 0.403658 0.500876 0.621618 0.591631 -0.513385 0.210261 -0.035421 -0.977003 0.206556 -0.0707416 -0.975874 -0.206229 -0.0707567 -0.975942 -0.210097 -0.0354298 -0.977038 -0.776774 -0.0790917 0.624793 -0.0444721 -0.175292 0.983511 0.0444977 -0.175322 0.983505 0.732911 0.0012468 0.680323 -0.621965 0.591426 -0.513201 -0.765986 0.403537 0.500423 -0.057342 -0.222236 0.973305 0.0572841 -0.222239 0.973308 0 0.0130537 0.999915 0 0.0130537 0.999915 0 0.0130537 0.999915 0 0.62517 -0.780488 0 0.62517 -0.780488 -0.131704 0.605999 -0.784487 0 0.985589 0.169158 -0.195165 0.9674 0.161391 -0.204213 0.975561 0.081107 0 0.996391 0.0848854 0 0.996391 0.0848855 0.203266 0.97575 0.0812108 0.193277 0.967751 0.161564 0 0.985589 0.169158 0 0.993951 -0.109826 -0.210927 0.971577 -0.107461 0.210927 0.971577 -0.107461 0 0.993951 -0.109826 0.0431238 0.767765 -0.639279 -0.133413 0.991061 -0 0.133413 0.991061 -0 -0.0435079 0.767753 -0.639267 -0.00747618 0.0777843 -0.996942 0.20833 0.0745674 -0.975212 -0.20861 0.0745622 -0.975152 0.00693651 0.0777864 -0.996946 0.0517079 -0.0228293 0.998401 -0.0515313 -0.021919 0.998431 0 -0.0374942 -0.999297 -0.210104 -0.036315 -0.977004 -0.206229 -0.0725223 -0.975812 0 -0.0749357 -0.997188 0.206556 -0.0725074 -0.975745 0.210267 -0.0363063 -0.97697 0.144778 -0.148552 0.978249 -0.145016 -0.147617 0.978356 0.18519 -0.22424 0.956776 -0.185981 -0.22416 0.956642</float_array>
                    <technique_common>
                        <accessor count="76" source="#ID248" stride="3">
                            <param name="X" type="float"/>
                            <param name="Y" type="float"/>
                            <param name="Z" type="float"/>
                        </accessor>
                    </technique_common>
                </source>
                <source id="ID249">
                    <float_array id="ID250" count="2">0 1</float_array>
                    <technique_common>
                        <accessor count="1" source="#ID250" stride="2">
                            <param name="S" type="float"/>
                            <param name="T" type="float"/>
                        </accessor>
                    </technique_common>
                </source>
                <vertices id="ID251">
                    <input semantic="POSITION" source="#ID245"/>
                </vertices>
                <polylist count="94" material="Material1">
                    <input offset="0" semantic="VERTEX" source="#ID251"/>
                    <input offset="1" semantic="NORMAL" source="#ID247"/>
                    <input offset="2" semantic="TEXCOORD" source="#ID249" set="0"/>
                    <vcount>4 4 4 4 4 4 4 4 4 4 4 4 4 4 4 4 4 4 4 4 4 4 4 4 4 4 4 4 4 4 4 4 4 4 4 4 4 4 4 4 4 4 4 4 4 4 4 4 4 4 4 4 4 4 4 4 4 4 4 4 4 4 4 4 4 4 4 4 4 4 4 4 4 4 4 4 4 4 4 4 4 4 4 4 4 4 4 4 4 4 4 4 4 4</vcount>
                    <p>82 0 0 83 1 0 81 1 0 80 0 0 10 2 0 4 2 0 5 2 0 11 2 0 70 3 0 71 5 0 69 4 0 68 3 0 12 6 0 0 6 0 1 6 0 13 6 0 67 10 0 79 9 0 77 8 0 65 7 0 68 11 0 74 11 0 72 11 0 70 11 0 11 2 0 15 2 0 14 2 0 10 2 0 9 6 0 7 6 0 6 6 0 8 6 0 75 13 0 69 4 0 71 5 0 73 12 0 74 11 0 78 11 0 76 11 0 72 11 0 13 6 0 9 6 0 8 6 0 12 6 0 79 9 0 75 13 0 73 12 0 77 8 0 15 2 0 3 2 0 2 2 0 14 2 0 78 11 0 66 11 0 64 11 0 76 11 0 66 11 0 82 11 0 80 11 0 64 11 0 3 2 0 19 2 0 18 2 0 2 2 0 84 17 0 86 16 0 87 15 0 85 14 0 0 6 0 16 6 0 17 6 0 1 6 0 92 19 0 84 17 0 85 14 0 93 18 0 17 6 0 26 20 0 24 6 0 1 6 0 83 1 0 91 22 0 90 21 0 81 1 0 29 2 0 21 25 0 23 24 0 31 23 0 89 29 0 67 28 0 65 27 0 88 26 0 26 20 0 30 30 0 28 6 0 24 6 0 91 22 0 95 32 0 94 31 0 90 21 0 27 33 0 19 2 0 3 2 0 25 2 0 93 18 0 89 29 0 88 26 0 92 19 0 31 23 0 27 33 0 25 2 0 29 2 0 30 30 0 22 35 0 20 34 0 28 6 0 95 32 0 87 37 0 86 36 0 94 31 0 19 39 0 51 38 0 50 0 0 18 0 0 16 0 0 48 0 0 49 40 0 17 40 0 7 41 0 39 5 0 38 3 0 6 3 0 4 3 0 36 3 0 37 43 0 5 42 0 15 47 0 47 46 0 35 45 0 3 44 0 1 51 0 33 50 0 45 49 0 13 48 0 10 11 0 42 11 0 36 11 0 4 11 0 6 11 0 38 11 0 40 11 0 8 11 0 5 42 0 37 43 0 43 53 0 11 52 0 9 55 0 41 54 0 39 5 0 7 41 0 14 11 0 46 11 0 42 11 0 10 11 0 8 11 0 40 11 0 44 11 0 12 11 0 11 52 0 43 53 0 47 46 0 15 47 0 13 48 0 45 49 0 41 54 0 9 55 0 2 11 0 34 11 0 46 11 0 14 11 0 12 11 0 44 11 0 32 11 0 0 11 0 18 11 0 50 11 0 34 11 0 2 11 0 0 11 0 32 11 0 48 11 0 16 11 0 22 35 0 54 57 0 52 56 0 20 34 0 21 25 0 53 59 0 55 58 0 23 24 0 20 34 0 52 56 0 60 61 0 28 60 0 29 63 0 61 62 0 53 59 0 21 25 0 27 33 0 59 64 0 51 38 0 19 39 0 17 40 0 49 40 0 58 65 0 26 20 0 3 69 0 35 68 0 57 67 0 25 66 0 24 66 0 56 71 0 33 70 0 1 69 0 31 23 0 63 72 0 59 64 0 27 33 0 26 20 0 58 65 0 62 73 0 30 30 0 25 66 0 57 67 0 61 62 0 29 63 0 28 60 0 60 61 0 56 71 0 24 66 0 23 24 0 55 74 0 63 72 0 31 23 0 30 30 0 62 73 0 54 75 0 22 35 0 51 38 0 83 1 0 82 0 0 50 0 0 48 0 0 80 0 0 81 1 0 49 40 0 39 5 0 71 5 0 70 3 0 38 3 0 36 3 0 68 3 0 69 4 0 37 43 0 47 46 0 79 9 0 67 10 0 35 45 0 33 50 0 65 7 0 77 8 0 45 49 0 42 11 0 74 11 0 68 11 0 36 11 0 38 11 0 70 11 0 72 11 0 40 11 0 37 43 0 69 4 0 75 13 0 43 53 0 41 54 0 73 12 0 71 5 0 39 5 0 46 11 0 78 11 0 74 11 0 42 11 0 40 11 0 72 11 0 76 11 0 44 11 0 43 53 0 75 13 0 79 9 0 47 46 0 45 49 0 77 8 0 73 12 0 41 54 0 34 11 0 66 11 0 78 11 0 46 11 0 44 11 0 76 11 0 64 11 0 32 11 0 50 11 0 82 11 0 66 11 0 34 11 0 32 11 0 64 11 0 80 11 0 48 11 0 54 57 0 86 16 0 84 17 0 52 56 0 53 59 0 85 14 0 87 15 0 55 58 0 52 56 0 84 17 0 92 19 0 60 61 0 61 62 0 93 18 0 85 14 0 53 59 0 59 64 0 91 22 0 83 1 0 51 38 0 49 40 0 81 1 0 90 21 0 58 65 0 35 68 0 67 28 0 89 29 0 57 67 0 56 71 0 88 26 0 65 27 0 33 70 0 63 72 0 95 32 0 91 22 0 59 64 0 58 65 0 90 21 0 94 31 0 62 73 0 57 67 0 89 29 0 93 18 0 61 62 0 60 61 0 92 19 0 88 26 0 56 71 0 55 74 0 87 37 0 95 32 0 63 72 0 62 73 0 94 31 0 86 36 0 54 75 0</p>
                </polylist>
            </mesh>
        </geometry>
        <geometry id="ID253">
            <mesh>
                <source id="ID254">
                    <float_array id="ID255" count="288">-29.9574 -4.4337 22.7676 -29.9574 4.4337 22.7676 29.9574 -4.4337 22.7676 29.9574 4.4337 22.7676 29.9574 -4.4337 -22.7676 29.9574 4.4337 -22.7676 -29.9574 -4.4337 -22.7676 -29.9574 4.4337 -22.7676 -29.9574 -4.4337 -11.3767 -29.9574 6.98208 -11.3767 29.9574 -4.4337 -11.3767 29.9574 6.98208 -11.3767 -29.9574 -4.4337 7.91964 -29.9574 6.98208 7.91964 29.9574 -4.4337 7.91964 29.9574 6.98208 7.91964 -29.9574 -4.4337 32.324 -29.9574 4.4337 32.324 29.9574 -4.4337 32.324 29.9574 4.4337 32.324 -29.9574 87.1176 23.8946 29.9574 87.1176 23.8946 -29.9574 87.1176 36.3277 29.9574 87.1176 36.3277 -29.9574 43.7055 19.8164 29.9574 43.7055 19.8164 -29.9574 43.7055 31.2985 29.9574 43.7055 31.2985 -29.9574 62.1055 19.8164 29.9574 62.1055 19.8164 -29.9574 62.1055 30.1 29.9574 62.1055 30.1 -19.1819 -4.4337 22.7676 -19.1819 4.4337 22.7676 19.1819 -4.4337 22.7676 19.1819 4.4337 22.7676 19.1819 -4.4337 -22.7676 19.1819 4.4337 -22.7676 -19.1819 -4.4337 -22.7676 -19.1819 4.4337 -22.7676 -19.1819 -4.4337 -11.3767 -19.1819 6.98208 -11.3767 19.1819 -4.4337 -11.3767 19.1819 6.98208 -11.3767 -19.1819 -4.4337 7.91964 -19.1819 6.98208 7.91964 19.1819 -4.4337 7.91964 19.1819 6.98208 7.91964 -19.1819 -4.4337 32.324 -19.1819 4.4337 32.324 19.1819 -4.4337 32.324 19.1819 4.4337 32.324 -19.1819 89.1146 23.8946 19.1819 89.1146 23.8946 -19.1819 89.1146 39.5 19.1819 89.1146 39.5 -19.1819 43.7055 19.8164 19.1819 43.7055 19.8164 -19.1819 43.7055 31.2985 19.1819 43.7055 31.2985 -19.1819 62.1055 19.8164 19.1819 62.1055 19.8164 -19.1819 62.1055 33.2723 19.1819 62.1055 33.2723 -14.9878 -4.4337 22.7676 -14.9878 2.52483 24.6948 14.9878 -4.4337 22.7676 14.9878 2.52483 24.6948 14.9878 -4.4337 -22.7676 14.9878 2.52483 -22.7676 -14.9878 -4.4337 -22.7676 -14.9878 2.52483 -22.7676 -14.9878 -4.4337 -11.3767 -14.9878 5.07321 -11.3767 14.9878 -4.4337 -11.3767 14.9878 5.07321 -11.3767 -14.9878 -4.4337 7.91964 -14.9878 5.07321 7.91964 14.9878 -4.4337 7.91964 14.9878 5.07321 7.91964 -14.9878 -4.4337 32.324 -14.9878 4.4337 32.324 14.9878 -4.4337 32.324 14.9878 4.4337 32.324 -14.9878 89.4693 25.8217 14.9878 89.4693 25.8217 -14.9878 89.4693 40.0363 14.9878 89.4693 40.0363 -14.9878 43.7055 21.7436 14.9878 43.7055 21.7436 -14.9878 43.7055 31.2985 14.9878 43.7055 31.2985 -14.9878 62.1055 21.7436 14.9878 62.1055 21.7436 -14.9878 62.1055 33.8086 14.9878 62.1055 33.8086</float_array>
                    <technique_common>
                        <accessor count="96" source="#ID255" stride="3">
                            <param name="X" type="float"/>
                            <param name="Y" type="float"/>
                            <param name="Z" type="float"/>
                        </accessor>
                    </technique_common>
                </source>
                <source id="ID256">
                    <float_array id="ID257" count="228">0 0 1 8.09914e-010 0.0130537 0.999915 1 0 -0 0 0 -1 -0.131704 0.605999 -0.784487 0.131704 0.605999 -0.784487 -1 0 -0 0.193277 0.969315 0.151898 0.203188 0.976161 0.0763227 -0.204135 0.975971 0.0762182 -0.195165 0.968964 0.151721 0 -1 -0 0.210927 0.971577 -0.107461 -0.210927 0.971577 -0.107461 -0.108975 0.764937 -0.63482 0.0421759 0.99911 -0 -0.0421759 0.99911 -0 0.108953 0.764935 -0.634825 -0.211966 0.0725207 -0.974583 0.211949 0.0725225 -0.974586 -0.732809 0.00244927 0.68043 -0.0157983 -0.0510701 0.99857 0.0158531 -0.0510984 0.998568 0.776544 -0.0802955 0.624925 0.765626 0.403658 0.500876 0.621618 0.591631 -0.513385 0.210261 -0.035421 -0.977003 0.206556 -0.0707416 -0.975874 -0.206229 -0.0707567 -0.975942 -0.210097 -0.0354298 -0.977038 -0.776774 -0.0790917 0.624793 -0.0444721 -0.175292 0.983511 0.0444977 -0.175322 0.983505 0.732911 0.0012468 0.680323 -0.621965 0.591426 -0.513201 -0.765986 0.403537 0.500423 -0.057342 -0.222236 0.973305 0.0572841 -0.222239 0.973308 0 0.0130537 0.999915 0 0.0130537 0.999915 0 0.0130537 0.999915 0 0.62517 -0.780488 0 0.62517 -0.780488 -0.131704 0.605999 -0.784487 0 0.985589 0.169158 -0.195165 0.9674 0.161391 -0.204213 0.975561 0.081107 0 0.996391 0.0848854 0 0.996391 0.0848855 0.203266 0.97575 0.0812108 0.193277 0.967751 0.161564 0 0.985589 0.169158 0 0.993951 -0.109826 -0.210927 0.971577 -0.107461 0.210927 0.971577 -0.107461 0 0.993951 -0.109826 0.0431238 0.767765 -0.639279 -0.133413 0.991061 -0 0.133413 0.991061 -0 -0.0435079 0.767753 -0.639267 -0.00747618 0.0777843 -0.996942 0.20833 0.0745674 -0.975212 -0.20861 0.0745622 -0.975152 0.00693651 0.0777864 -0.996946 0.0517079 -0.0228293 0.998401 -0.0515313 -0.021919 0.998431 0 -0.0374942 -0.999297 -0.210104 -0.036315 -0.977004 -0.206229 -0.0725223 -0.975812 0 -0.0749357 -0.997188 0.206556 -0.0725074 -0.975745 0.210267 -0.0363063 -0.97697 0.144778 -0.148552 0.978249 -0.145016 -0.147617 0.978356 0.18519 -0.22424 0.956776 -0.185981 -0.22416 0.956642</float_array>
                    <technique_common>
                        <accessor count="76" source="#ID257" stride="3">
                            <param name="X" type="float"/>
                            <param name="Y" type="float"/>
                            <param name="Z" type="float"/>
                        </accessor>
                    </technique_common>
                </source>
                <source id="ID258">
                    <float_array id="ID259" count="2">0 1</float_array>
                    <technique_common>
                        <accessor count="1" source="#ID259" stride="2">
                            <param name="S" type="float"/>
                            <param name="T" type="float"/>
                        </accessor>
                    </technique_common>
                </source>
                <vertices id="ID260">
                    <input semantic="POSITION" source="#ID254"/>
                </vertices>
                <polylist count="94" material="Material1">
                    <input offset="0" semantic="VERTEX" source="#ID260"/>
                    <input offset="1" semantic="NORMAL" source="#ID256"/>
                    <input offset="2" semantic="TEXCOORD" source="#ID258" set="0"/>
                    <vcount>4 4 4 4 4 4 4 4 4 4 4 4 4 4 4 4 4 4 4 4 4 4 4 4 4 4 4 4 4 4 4 4 4 4 4 4 4 4 4 4 4 4 4 4 4 4 4 4 4 4 4 4 4 4 4 4 4 4 4 4 4 4 4 4 4 4 4 4 4 4 4 4 4 4 4 4 4 4 4 4 4 4 4 4 4 4 4 4 4 4 4 4 4 4</vcount>
                    <p>82 0 0 83 1 0 81 1 0 80 0 0 10 2 0 4 2 0 5 2 0 11 2 0 70 3 0 71 5 0 69 4 0 68 3 0 12 6 0 0 6 0 1 6 0 13 6 0 67 10 0 79 9 0 77 8 0 65 7 0 68 11 0 74 11 0 72 11 0 70 11 0 11 2 0 15 2 0 14 2 0 10 2 0 9 6 0 7 6 0 6 6 0 8 6 0 75 13 0 69 4 0 71 5 0 73 12 0 74 11 0 78 11 0 76 11 0 72 11 0 13 6 0 9 6 0 8 6 0 12 6 0 79 9 0 75 13 0 73 12 0 77 8 0 15 2 0 3 2 0 2 2 0 14 2 0 78 11 0 66 11 0 64 11 0 76 11 0 66 11 0 82 11 0 80 11 0 64 11 0 3 2 0 19 2 0 18 2 0 2 2 0 84 17 0 86 16 0 87 15 0 85 14 0 0 6 0 16 6 0 17 6 0 1 6 0 92 19 0 84 17 0 85 14 0 93 18 0 17 6 0 26 20 0 24 6 0 1 6 0 83 1 0 91 22 0 90 21 0 81 1 0 29 2 0 21 25 0 23 24 0 31 23 0 89 29 0 67 28 0 65 27 0 88 26 0 26 20 0 30 30 0 28 6 0 24 6 0 91 22 0 95 32 0 94 31 0 90 21 0 27 33 0 19 2 0 3 2 0 25 2 0 93 18 0 89 29 0 88 26 0 92 19 0 31 23 0 27 33 0 25 2 0 29 2 0 30 30 0 22 35 0 20 34 0 28 6 0 95 32 0 87 37 0 86 36 0 94 31 0 19 39 0 51 38 0 50 0 0 18 0 0 16 0 0 48 0 0 49 40 0 17 40 0 7 41 0 39 5 0 38 3 0 6 3 0 4 3 0 36 3 0 37 43 0 5 42 0 15 47 0 47 46 0 35 45 0 3 44 0 1 51 0 33 50 0 45 49 0 13 48 0 10 11 0 42 11 0 36 11 0 4 11 0 6 11 0 38 11 0 40 11 0 8 11 0 5 42 0 37 43 0 43 53 0 11 52 0 9 55 0 41 54 0 39 5 0 7 41 0 14 11 0 46 11 0 42 11 0 10 11 0 8 11 0 40 11 0 44 11 0 12 11 0 11 52 0 43 53 0 47 46 0 15 47 0 13 48 0 45 49 0 41 54 0 9 55 0 2 11 0 34 11 0 46 11 0 14 11 0 12 11 0 44 11 0 32 11 0 0 11 0 18 11 0 50 11 0 34 11 0 2 11 0 0 11 0 32 11 0 48 11 0 16 11 0 22 35 0 54 57 0 52 56 0 20 34 0 21 25 0 53 59 0 55 58 0 23 24 0 20 34 0 52 56 0 60 61 0 28 60 0 29 63 0 61 62 0 53 59 0 21 25 0 27 33 0 59 64 0 51 38 0 19 39 0 17 40 0 49 40 0 58 65 0 26 20 0 3 69 0 35 68 0 57 67 0 25 66 0 24 66 0 56 71 0 33 70 0 1 69 0 31 23 0 63 72 0 59 64 0 27 33 0 26 20 0 58 65 0 62 73 0 30 30 0 25 66 0 57 67 0 61 62 0 29 63 0 28 60 0 60 61 0 56 71 0 24 66 0 23 24 0 55 74 0 63 72 0 31 23 0 30 30 0 62 73 0 54 75 0 22 35 0 51 38 0 83 1 0 82 0 0 50 0 0 48 0 0 80 0 0 81 1 0 49 40 0 39 5 0 71 5 0 70 3 0 38 3 0 36 3 0 68 3 0 69 4 0 37 43 0 47 46 0 79 9 0 67 10 0 35 45 0 33 50 0 65 7 0 77 8 0 45 49 0 42 11 0 74 11 0 68 11 0 36 11 0 38 11 0 70 11 0 72 11 0 40 11 0 37 43 0 69 4 0 75 13 0 43 53 0 41 54 0 73 12 0 71 5 0 39 5 0 46 11 0 78 11 0 74 11 0 42 11 0 40 11 0 72 11 0 76 11 0 44 11 0 43 53 0 75 13 0 79 9 0 47 46 0 45 49 0 77 8 0 73 12 0 41 54 0 34 11 0 66 11 0 78 11 0 46 11 0 44 11 0 76 11 0 64 11 0 32 11 0 50 11 0 82 11 0 66 11 0 34 11 0 32 11 0 64 11 0 80 11 0 48 11 0 54 57 0 86 16 0 84 17 0 52 56 0 53 59 0 85 14 0 87 15 0 55 58 0 52 56 0 84 17 0 92 19 0 60 61 0 61 62 0 93 18 0 85 14 0 53 59 0 59 64 0 91 22 0 83 1 0 51 38 0 49 40 0 81 1 0 90 21 0 58 65 0 35 68 0 67 28 0 89 29 0 57 67 0 56 71 0 88 26 0 65 27 0 33 70 0 63 72 0 95 32 0 91 22 0 59 64 0 58 65 0 90 21 0 94 31 0 62 73 0 57 67 0 89 29 0 93 18 0 61 62 0 60 61 0 92 19 0 88 26 0 56 71 0 55 74 0 87 37 0 95 32 0 63 72 0 62 73 0 94 31 0 86 36 0 54 75 0</p>
                </polylist>
            </mesh>
        </geometry>
        <geometry id="ID262">
            <mesh>
                <source id="ID263">
                    <float_array id="ID264" count="147">-55.6186 -28.8232 107.988 -55.6312 -26.2527 147.093 -78.5037 25.2587 151.041 -83.05 16.7598 134.776 -83.05 -1.28588 147.9 -55.6186 15.0266 133.538 0 33.8322 101.255 -55.6186 -2.15106 145.8 0 -1.04016 181.829 -78.5037 30.8043 118.453 -78.5037 28.5933 133.299 -78.5037 32.4851 101.255 -78.5037 19.7547 170.947 0 -13.3358 136.443 -39.1146 -11.2935 114.516 71.5687 17.5673 167.442 -52.293 32.9349 101.255 -52.293 19.7547 170.947 -41.4043 -11.7207 160.627 -52.293 -1.04016 179.885 51.5621 24.8887 104.478 -71.3681 27.0289 106.065 -71.494 21.6043 150.331 -51.5621 24.8887 104.478 -71.5687 17.5673 167.442 0 27.6108 102.168 -51.4623 17.8519 167.911 -51.4723 -0.622618 176.409 0 -0.578169 178.435 42.8128 -10.9791 127.699 -54.4721 21.9117 127.473 51.4723 -0.622618 176.409 71.3681 27.0289 106.065 41.4043 -11.7207 160.627 0 -11.6136 111.625 0 -14.1335 163.269 71.494 21.6043 150.331 -42.8128 -10.9791 127.699 54.4721 21.9117 127.473 78.5037 25.2587 151.041 78.5037 30.8043 118.453 78.5037 28.5933 133.299 78.5037 32.4851 101.255 78.5037 19.7547 170.947 39.1146 -11.2935 114.516 51.4623 17.8519 167.911 52.293 32.9349 101.255 52.293 19.7547 170.947 52.293 -1.04016 179.885</float_array>
                    <technique_common>
                        <accessor count="49" source="#ID264" stride="3">
                            <param name="X" type="float"/>
                            <param name="Y" type="float"/>
                            <param name="Z" type="float"/>
                        </accessor>
                    </technique_common>
                </source>
                <source id="ID265">
                    <float_array id="ID266" count="147">0.67332 0.736829 0.0610084 0.360143 0.901384 -0.240422 0 0.952368 -0.30495 0 0.966122 -0.258088 0.689982 0.694013 0.2056 0.532661 0.836864 0.126221 0.539428 0.823437 0.175979 -0.64393 0.728481 0.233814 0 0.991974 0.12644 -0.67332 0.736829 0.0610084 4.66372e-010 0.999612 0.027861 0 0.260177 0.965561 -0.0341807 0.395951 0.917635 -0.284716 0.581223 0.76231 9.31987e-010 0.257829 0.966191 -0.338084 0.851185 0.401477 -0.532661 0.836864 0.126221 0 0.77097 0.636871 0.374312 0.855569 -0.35762 -0.356877 0.767438 0.532614 -0.365824 0.871796 0.3258 0.284716 0.581223 0.76231 0.338084 0.851185 0.401477 -0.242076 0.955308 -0.169665 -0.000168614 0.847989 -0.530014 -0.0104151 0.589146 -0.80796 -0.374312 0.855569 -0.35762 -0.452599 0.870359 0.193985 -0.539428 0.823437 0.175979 -0.933221 0.148324 0.32726 -0.883322 0.195486 0.42606 -0.360143 0.901384 -0.240422 0.567455 0.817786 0.0960293 0.365824 0.871796 0.325799 0.517331 0.844602 0.137899 0.356877 0.767438 0.532614 0.452599 0.870359 0.193985 0.0341807 0.395951 0.917635 0.242076 0.955308 -0.169665 0.0104151 0.589146 -0.80796 0.000168614 0.847989 -0.530014 0.96961 0.0990148 0.223723 0.933221 0.148324 0.32726 0.64393 0.728481 0.233814 -0.689982 0.694013 0.2056 -0.96961 0.0990148 0.223723 0.883322 0.195486 0.42606 -0.567455 0.817786 0.0960293 -0.517331 0.844602 0.137899</float_array>
                    <technique_common>
                        <accessor count="49" source="#ID266" stride="3">
                            <param name="X" type="float"/>
                            <param name="Y" type="float"/>
                            <param name="Z" type="float"/>
                        </accessor>
                    </technique_common>
                </source>
                <source id="ID267">
                    <float_array id="ID268" count="2">0 1</float_array>
                    <technique_common>
                        <accessor count="1" source="#ID268" stride="2">
                            <param name="S" type="float"/>
                            <param name="T" type="float"/>
                        </accessor>
                    </technique_common>
                </source>
                <vertices id="ID269">
                    <input semantic="POSITION" source="#ID263"/>
                </vertices>
                <polylist count="42" material="Material1">
                    <input offset="0" semantic="VERTEX" source="#ID269"/>
                    <input offset="1" semantic="NORMAL" source="#ID265"/>
                    <input offset="2" semantic="TEXCOORD" source="#ID267" set="0"/>
                    <vcount>4 4 4 3 3 4 3 3 3 4 4 4 3 3 4 3 3 4 3 3 4 4 4 4 4 4 4 4 4 3 3 3 4 4 3 4 3 4 4 3 4 3</vcount>
                    <p>28 3 0 35 2 0 18 1 0 27 0 0 22 6 0 18 1 0 37 5 0 30 4 0 31 9 0 28 3 0 8 8 0 48 7 0 35 2 0 13 10 0 18 1 0 18 1 0 13 10 0 37 5 0 25 14 0 20 13 0 46 12 0 6 11 0 13 10 0 29 16 0 44 15 0 13 10 0 44 15 0 34 17 0 24 18 0 18 1 0 22 6 0 20 13 0 32 20 0 42 19 0 46 12 0 30 4 0 37 5 0 14 22 0 23 21 0 15 26 0 45 25 0 47 24 0 43 23 0 37 5 0 13 10 0 14 22 0 14 22 0 13 10 0 34 17 0 36 28 0 15 26 0 43 23 0 39 27 0 33 30 0 31 9 0 45 29 0 33 31 0 45 25 0 15 26 0 10 34 0 22 6 0 21 33 0 9 32 0 9 32 0 21 33 0 11 35 0 2 36 0 22 6 0 10 34 0 11 35 0 21 33 0 23 21 0 16 37 0 12 38 0 24 18 0 22 6 0 2 36 0 16 37 0 23 21 0 25 14 0 6 11 0 17 40 0 26 39 0 24 18 0 12 38 0 19 43 0 27 0 0 26 42 0 17 41 0 8 8 0 28 3 0 27 0 0 19 43 0 22 6 0 30 4 0 23 21 0 21 33 0 20 13 0 38 44 0 36 28 0 32 20 0 45 29 0 31 9 0 48 7 0 47 45 0 27 0 0 18 46 0 26 42 0 26 39 0 18 1 0 24 18 0 33 31 0 15 26 0 36 28 0 44 15 0 29 16 0 38 44 0 20 13 0 32 20 0 36 28 0 41 48 0 40 47 0 32 20 0 40 47 0 42 19 0 34 17 0 44 15 0 20 13 0 25 14 0 36 28 0 39 27 0 41 48 0 33 31 0 35 2 0 28 3 0 31 9 0 29 16 0 33 31 0 36 28 0 38 44 0 13 10 0 35 2 0 33 31 0 23 21 0 14 22 0 34 17 0 25 14 0 13 10 0 33 31 0 29 16 0</p>
                </polylist>
            </mesh>
        </geometry>
        <geometry id="ID271">
            <mesh>
                <source id="ID272">
                    <float_array id="ID273" count="165">0 29.0128 -105.351 -78.5037 26.6718 -105.351 -78.5037 26.947 -122.543 -78.5037 26.6554 -146.095 -78.5037 24.6626 -166.947 -78.5037 22.4091 -182.816 0 21.351 -212.774 -78.5037 19.01 -210.026 -49.6608 15.0308 -208.415 -49.6729 18.347 -182.858 -33.7732 15.619 -209.256 -49.6715 20.5897 -166.983 0 17.172 -211.085 -49.6717 22.5858 -146.111 -52.293 27.4534 -105.351 -52.293 19.7916 -210.943 -49.6718 22.8783 -122.542 -49.6545 22.4252 -107.054 -33.805 22.9496 -107.046 0 24.5089 -107.046 -47.7003 -20.1939 -201.087 -47.5934 -20.5509 -178.381 -33.6452 -20.1758 -202.579 -47.5918 -20.7461 -163.32 0 -20.3077 -204.368 -47.5922 -20.9195 -143.53 -47.5929 -20.9445 -121.182 -47.6893 -20.8155 -107.985 -33.7262 -20.8039 -107.118 0 -20.9397 -107.132 0 -22.734 -153.361 78.5037 26.6718 -105.351 78.5037 26.947 -122.543 78.5037 26.6554 -146.095 78.5037 24.6626 -166.947 78.5037 22.4091 -182.816 78.5037 19.01 -210.026 49.6608 15.0308 -208.415 49.6729 18.347 -182.858 33.7732 15.619 -209.256 49.6715 20.5897 -166.983 49.6717 22.5858 -146.111 52.293 27.4534 -105.351 52.293 19.7916 -210.943 49.6718 22.8783 -122.542 49.6545 22.4252 -107.054 33.805 22.9496 -107.046 47.7003 -20.1939 -201.087 47.5934 -20.5509 -178.381 33.6452 -20.1758 -202.579 47.5918 -20.7461 -163.32 47.5922 -20.9195 -143.53 47.5929 -20.9445 -121.182 47.6893 -20.8155 -107.985 33.7262 -20.8039 -107.118</float_array>
                    <technique_common>
                        <accessor count="55" source="#ID273" stride="3">
                            <param name="X" type="float"/>
                            <param name="Y" type="float"/>
                            <param name="Z" type="float"/>
                        </accessor>
                    </technique_common>
                </source>
                <source id="ID274">
                    <float_array id="ID275" count="165">0.410569 0.827742 0.38246 1.03568e-010 0.999987 0.0051466 0.702049 0.712096 0.00681202 0.13867 0.983451 -0.116599 0.737904 0.670459 -0.0773443 0.73903 0.672746 -0.0353201 0.139541 0.988781 -0.0533023 0.73988 0.672725 0.00431891 0.141441 0.989934 0.00502251 0.442584 0.519076 -0.731218 0.0830645 0.812626 -0.576836 0.00229871 0.166542 -0.986032 -0.0109532 0.32142 -0.946873 -5.90187e-011 0.166714 -0.986005 0 0.327114 -0.944985 0.0423672 0.75472 0.654677 0.453405 0.627166 0.633314 0.737193 0.669901 -0.0882027 0.703302 0.71087 0.00555748 0 0.752976 0.658048 0.0431561 0.318601 0.946906 0.0126712 0.695635 -0.718283 0 0.693888 -0.720083 0.703882 0.710313 0.00257327 0 0.296789 0.954943 0.702749 0.711435 -0.00175179 0.418225 0.809774 -0.411525 0.0987071 0.884608 0.455769 0.139287 0.981419 -0.13197 -0.0126712 0.695635 -0.718283 -0.0987071 0.884608 0.455769 -0.139287 0.981419 -0.13197 -0.737193 0.669901 -0.0882027 -0.453405 0.627166 0.633314 -0.0241034 0.444221 0.895593 -0.0431561 0.318601 0.946906 0.0241034 0.444221 0.895593 -0.13867 0.983451 -0.116599 -0.737904 0.670459 -0.0773443 0 0.409224 0.912434 -0.410569 0.827742 0.38246 -0.702049 0.712096 0.00681202 -0.139541 0.988781 -0.0533023 -0.73903 0.672746 -0.0353201 -0.141441 0.989934 0.00502251 -0.73988 0.672725 0.00431891 -0.0830645 0.812626 -0.576836 -0.442584 0.519076 -0.731218 0.0109532 0.32142 -0.946873 -0.00229871 0.166542 -0.986032 -0.0423672 0.75472 0.654677 -0.703302 0.71087 0.00555748 -0.703881 0.710313 0.00257327 -0.702749 0.711435 -0.00175179 -0.418225 0.809774 -0.411525</float_array>
                    <technique_common>
                        <accessor count="55" source="#ID275" stride="3">
                            <param name="X" type="float"/>
                            <param name="Y" type="float"/>
                            <param name="Z" type="float"/>
                        </accessor>
                    </technique_common>
                </source>
                <source id="ID276">
                    <float_array id="ID277" count="2">0 1</float_array>
                    <technique_common>
                        <accessor count="1" source="#ID277" stride="2">
                            <param name="S" type="float"/>
                            <param name="T" type="float"/>
                        </accessor>
                    </technique_common>
                </source>
                <vertices id="ID278">
                    <input semantic="POSITION" source="#ID272"/>
                </vertices>
                <polylist count="54" material="Material1">
                    <input offset="0" semantic="VERTEX" source="#ID278"/>
                    <input offset="1" semantic="NORMAL" source="#ID274"/>
                    <input offset="2" semantic="TEXCOORD" source="#ID276" set="0"/>
                    <vcount>3 4 4 4 4 4 3 4 3 3 4 3 3 4 4 4 4 4 4 4 4 3 3 3 3 4 4 4 4 4 3 4 4 4 4 4 4 3 4 3 3 4 3 4 4 4 4 4 4 4 4 3 3 3</vcount>
                    <p>21 2 0 30 1 0 20 0 0 3 6 0 13 5 0 11 4 0 4 3 0 2 8 0 16 7 0 13 5 0 3 6 0 1 10 0 17 9 0 16 7 0 2 8 0 14 12 0 18 11 0 17 9 0 1 10 0 0 14 0 19 13 0 18 11 0 14 12 0 20 0 0 30 1 0 22 15 0 9 17 0 21 2 0 20 0 0 8 16 0 23 18 0 30 1 0 21 2 0 22 15 0 30 1 0 24 19 0 8 16 0 20 0 0 22 15 0 10 20 0 29 22 0 30 1 0 28 21 0 25 23 0 30 1 0 23 18 0 11 4 0 23 18 0 21 2 0 9 17 0 10 20 0 22 15 0 24 19 0 12 24 0 13 5 0 25 23 0 23 18 0 11 4 0 16 7 0 26 25 0 25 23 0 13 5 0 17 9 0 27 26 0 26 25 0 16 7 0 5 28 0 9 17 0 8 16 0 7 27 0 18 11 0 28 21 0 27 26 0 17 9 0 19 13 0 29 22 0 28 21 0 18 11 0 26 25 0 30 1 0 25 23 0 27 26 0 30 1 0 26 25 0 28 21 0 30 1 0 27 26 0 30 1 0 29 22 0 54 29 0 37 33 0 38 32 0 35 31 0 36 30 0 39 35 0 37 33 0 36 30 0 43 34 0 7 27 0 8 16 0 10 20 0 15 36 0 38 32 0 40 38 0 34 37 0 35 31 0 12 24 0 39 35 0 43 34 0 6 39 0 30 1 0 48 41 0 47 40 0 40 38 0 41 43 0 33 42 0 34 37 0 4 3 0 11 4 0 9 17 0 5 28 0 41 43 0 44 45 0 32 44 0 33 42 0 44 45 0 45 47 0 31 46 0 32 44 0 45 47 0 46 49 0 42 48 0 31 46 0 46 49 0 19 13 0 0 14 0 42 48 0 30 1 0 47 40 0 49 50 0 47 40 0 48 41 0 38 32 0 37 33 0 30 1 0 50 51 0 48 41 0 30 1 0 49 50 0 24 19 0 49 50 0 47 40 0 37 33 0 39 35 0 30 1 0 51 52 0 50 51 0 48 41 0 50 51 0 40 38 0 38 32 0 24 19 0 49 50 0 39 35 0 12 24 0 50 51 0 51 52 0 41 43 0 40 38 0 15 36 0 10 20 0 12 24 0 6 39 0 51 52 0 52 53 0 44 45 0 41 43 0 52 53 0 53 54 0 45 47 0 44 45 0 53 54 0 54 29 0 46 49 0 45 47 0 54 29 0 29 22 0 19 13 0 46 49 0 30 1 0 52 53 0 51 52 0 30 1 0 53 54 0 52 53 0 30 1 0 54 29 0 53 54 0</p>
                </polylist>
            </mesh>
        </geometry>
        <geometry id="ID281">
            <mesh>
                <source id="ID282">
                    <float_array id="ID283" count="96">-30.1653 4.76862 4.06504 -30.1615 7.20752 4.06473 -0.703134 -1.21945 0.922515 -0.703134 1.21945 0.922515 -0.703134 -1.21945 -0.922517 -0.703134 1.21945 -0.922517 -30.1897 4.76842 2.22018 -30.1859 7.20732 2.21986 0.741005 -0.853006 0.922515 0.741005 0.853007 0.922515 0.368217 -0.853006 -0.252995 0.368217 0.853007 -0.252995 -0.307441 -0.551192 5.43685 -0.307441 0.551193 5.43685 0.345311 -0.551192 5.43685 0.345311 0.551193 5.43685 -32.0161 4.77154 4.08953 -32.0123 7.21044 4.08921 -31.4228 5.15042 2.36847 -31.4189 7.58932 2.36816 -30.1465 4.76877 5.48872 -30.1427 7.20768 5.48841 -31.9973 4.7717 5.5132 -31.9934 7.2106 5.51289 -5.02691 4.72914 5.44429 -5.02306 7.16805 5.44398 -5.02333 4.72917 5.71479 -5.01948 7.16808 5.71448 -57.1093 4.81139 6.13322 -57.1054 7.25029 6.13291 -57.1057 4.81142 6.40372 -57.1018 7.25032 6.40341</float_array>
                    <technique_common>
                        <accessor count="32" source="#ID283" stride="3">
                            <param name="X" type="float"/>
                            <param name="Y" type="float"/>
                            <param name="Z" type="float"/>
                        </accessor>
                    </technique_common>
                </source>
                <source id="ID284">
                    <float_array id="ID285" count="126">0.106059 -1.9686e-005 0.99436 0.111332 0.957521 0.266006 0.235163 0.916814 0.322725 0.770922 -0.635358 -0.0447078 0.776293 0.627586 -0.0592008 0.760789 0.399157 -0.511736 0.756816 -0.409978 -0.509066 0.185581 -0.705262 -0.684226 0.328463 0.671328 -0.664402 -0.112689 4.02605e-005 -0.99363 -0.198332 -0.660391 -0.724257 -0.57042 -0.452002 -0.685795 -0.628314 0.00089139 -0.777959 -0.613257 0.000866087 -0.789883 -0.337968 -0.842597 -0.419295 0.176058 0.982929 0.0534287 -0.0917548 -0.995012 -0.0391384 0.0714364 -0.997075 0.0271538 -0.493106 0.557915 0.667516 0.587805 0.518817 0.620737 0.584035 -0.513985 0.628269 -0.489106 -0.552291 0.675092 -0.996181 0 0.0873178 0.00211466 0.000125016 0.999998 0.0243374 8.99568e-005 0.999704 0.0520924 0.997991 0.0360654 0.152517 0.982378 0.108036 0.721654 -0.00122727 -0.692253 0.999911 -0.00157896 -0.0132268 0.00157735 0.999999 -0.00012916 0.0015773 0.999999 -0.000129244 -0.739712 0.00108089 -0.672922 -0.999911 0.00157974 0.0132268 -0.00157733 -0.999999 0.000128801 -0.00157733 -0.999999 0.000129158 0.0547833 -0.000214696 -0.998498 0.00157745 0.999999 -0.00012944 -0.00899788 0.000142543 0.99996 -0.00157742 -0.999999 0.000129435 -0.00157741 -0.999999 0.000128722 0.0354448 7.2429e-005 0.999372 0.00157736 0.999999 -0.000129608</float_array>
                    <technique_common>
                        <accessor count="42" source="#ID285" stride="3">
                            <param name="X" type="float"/>
                            <param name="Y" type="float"/>
                            <param name="Z" type="float"/>
                        </accessor>
                    </technique_common>
                </source>
                <source id="ID286">
                    <float_array id="ID287" count="2">0 1</float_array>
                    <technique_common>
                        <accessor count="1" source="#ID287" stride="2">
                            <param name="S" type="float"/>
                            <param name="T" type="float"/>
                        </accessor>
                    </technique_common>
                </source>
                <vertices id="ID288">
                    <input semantic="POSITION" source="#ID282"/>
                </vertices>
                <polylist count="30" material="Material1">
                    <input offset="0" semantic="VERTEX" source="#ID288"/>
                    <input offset="1" semantic="NORMAL" source="#ID284"/>
                    <input offset="2" semantic="TEXCOORD" source="#ID286" set="0"/>
                    <vcount>4 4 4 4 4 4 4 4 4 4 4 4 4 4 4 4 4 4 4 4 4 4 4 4 4 4 4 4 4 4</vcount>
                    <p>2 0 0 3 2 0 1 1 0 0 0 0 10 6 0 11 5 0 9 4 0 8 3 0 6 10 0 7 9 0 5 8 0 4 7 0 16 14 0 17 13 0 19 12 0 18 11 0 3 2 0 5 8 0 7 15 0 1 1 0 4 7 0 2 17 0 0 16 0 6 10 0 4 7 0 10 6 0 8 3 0 2 17 0 5 8 0 11 5 0 10 6 0 4 7 0 3 2 0 9 4 0 11 5 0 5 8 0 12 21 0 14 20 0 15 19 0 13 18 0 2 22 0 12 21 0 13 18 0 3 22 0 8 3 0 14 20 0 12 21 0 2 17 0 9 4 0 15 19 0 14 20 0 8 3 0 3 2 0 13 18 0 15 19 0 9 4 0 0 16 0 16 14 0 18 11 0 6 10 0 21 23 0 23 24 0 22 24 0 20 23 0 7 15 0 19 26 0 17 25 0 1 1 0 6 10 0 18 11 0 19 12 0 7 9 0 25 27 0 27 28 0 26 28 0 24 27 0 17 25 0 23 30 0 21 29 0 1 1 0 28 31 0 30 32 0 31 32 0 29 31 0 0 16 0 20 34 0 22 33 0 16 14 0 1 35 0 25 27 0 24 27 0 0 35 0 21 29 0 27 36 0 25 36 0 1 1 0 20 23 0 26 37 0 27 37 0 21 23 0 0 16 0 24 38 0 26 38 0 20 34 0 16 14 0 28 31 0 29 31 0 17 13 0 22 33 0 30 39 0 28 39 0 16 14 0 23 24 0 31 40 0 30 40 0 22 24 0 17 25 0 29 41 0 31 41 0 23 30 0</p>
                </polylist>
            </mesh>
        </geometry>
        <geometry id="ID290">
            <mesh>
                <source id="ID291">
                    <float_array id="ID292" count="96">-30.1653 4.76862 4.06504 -30.1615 7.20752 4.06473 -0.703134 -1.21945 0.922515 -0.703134 1.21945 0.922515 -0.703134 -1.21945 -0.922517 -0.703134 1.21945 -0.922517 -30.1897 4.76842 2.22018 -30.1859 7.20732 2.21986 0.741005 -0.853006 0.922515 0.741005 0.853007 0.922515 0.368217 -0.853006 -0.252995 0.368217 0.853007 -0.252995 -0.307441 -0.551192 5.43685 -0.307441 0.551193 5.43685 0.345311 -0.551192 5.43685 0.345311 0.551193 5.43685 -32.0161 4.77154 4.08953 -32.0123 7.21044 4.08921 -31.4228 5.15042 2.36847 -31.4189 7.58932 2.36816 -30.1465 4.76877 5.48872 -30.1427 7.20768 5.48841 -31.9973 4.7717 5.5132 -31.9934 7.2106 5.51289 -5.02691 4.72914 5.44429 -5.02306 7.16805 5.44398 -5.02333 4.72917 5.71479 -5.01948 7.16808 5.71448 -57.1093 4.81139 6.13322 -57.1054 7.25029 6.13291 -57.1057 4.81142 6.40372 -57.1018 7.25032 6.40341</float_array>
                    <technique_common>
                        <accessor count="32" source="#ID292" stride="3">
                            <param name="X" type="float"/>
                            <param name="Y" type="float"/>
                            <param name="Z" type="float"/>
                        </accessor>
                    </technique_common>
                </source>
                <source id="ID293">
                    <float_array id="ID294" count="126">0.106059 -1.9686e-005 0.99436 0.111332 0.957521 0.266006 0.235163 0.916814 0.322725 0.770922 -0.635358 -0.0447078 0.776293 0.627586 -0.0592008 0.760789 0.399157 -0.511736 0.756816 -0.409978 -0.509066 0.185581 -0.705262 -0.684226 0.328463 0.671328 -0.664402 -0.112689 4.02605e-005 -0.99363 -0.198332 -0.660391 -0.724257 -0.57042 -0.452002 -0.685795 -0.628314 0.00089139 -0.777959 -0.613257 0.000866087 -0.789883 -0.337968 -0.842597 -0.419295 0.176058 0.982929 0.0534287 -0.0917548 -0.995012 -0.0391384 0.0714364 -0.997075 0.0271538 -0.493106 0.557915 0.667516 0.587805 0.518817 0.620737 0.584035 -0.513985 0.628269 -0.489106 -0.552291 0.675092 -0.996181 0 0.0873178 0.00211466 0.000125016 0.999998 0.0243374 8.99568e-005 0.999704 0.0520924 0.997991 0.0360654 0.152517 0.982378 0.108036 0.721654 -0.00122727 -0.692253 0.999911 -0.00157896 -0.0132268 0.00157735 0.999999 -0.00012916 0.0015773 0.999999 -0.000129244 -0.739712 0.00108089 -0.672922 -0.999911 0.00157974 0.0132268 -0.00157733 -0.999999 0.000128801 -0.00157733 -0.999999 0.000129158 0.0547833 -0.000214696 -0.998498 0.00157745 0.999999 -0.00012944 -0.00899788 0.000142543 0.99996 -0.00157742 -0.999999 0.000129435 -0.00157741 -0.999999 0.000128722 0.0354448 7.2429e-005 0.999372 0.00157736 0.999999 -0.000129608</float_array>
                    <technique_common>
                        <accessor count="42" source="#ID294" stride="3">
                            <param name="X" type="float"/>
                            <param name="Y" type="float"/>
                            <param name="Z" type="float"/>
                        </accessor>
                    </technique_common>
                </source>
                <source id="ID295">
                    <float_array id="ID296" count="2">0 1</float_array>
                    <technique_common>
                        <accessor count="1" source="#ID296" stride="2">
                            <param name="S" type="float"/>
                            <param name="T" type="float"/>
                        </accessor>
                    </technique_common>
                </source>
                <vertices id="ID297">
                    <input semantic="POSITION" source="#ID291"/>
                </vertices>
                <polylist count="30" material="Material1">
                    <input offset="0" semantic="VERTEX" source="#ID297"/>
                    <input offset="1" semantic="NORMAL" source="#ID293"/>
                    <input offset="2" semantic="TEXCOORD" source="#ID295" set="0"/>
                    <vcount>4 4 4 4 4 4 4 4 4 4 4 4 4 4 4 4 4 4 4 4 4 4 4 4 4 4 4 4 4 4</vcount>
                    <p>2 0 0 3 2 0 1 1 0 0 0 0 10 6 0 11 5 0 9 4 0 8 3 0 6 10 0 7 9 0 5 8 0 4 7 0 16 14 0 17 13 0 19 12 0 18 11 0 3 2 0 5 8 0 7 15 0 1 1 0 4 7 0 2 17 0 0 16 0 6 10 0 4 7 0 10 6 0 8 3 0 2 17 0 5 8 0 11 5 0 10 6 0 4 7 0 3 2 0 9 4 0 11 5 0 5 8 0 12 21 0 14 20 0 15 19 0 13 18 0 2 22 0 12 21 0 13 18 0 3 22 0 8 3 0 14 20 0 12 21 0 2 17 0 9 4 0 15 19 0 14 20 0 8 3 0 3 2 0 13 18 0 15 19 0 9 4 0 0 16 0 16 14 0 18 11 0 6 10 0 21 23 0 23 24 0 22 24 0 20 23 0 7 15 0 19 26 0 17 25 0 1 1 0 6 10 0 18 11 0 19 12 0 7 9 0 25 27 0 27 28 0 26 28 0 24 27 0 17 25 0 23 30 0 21 29 0 1 1 0 28 31 0 30 32 0 31 32 0 29 31 0 0 16 0 20 34 0 22 33 0 16 14 0 1 35 0 25 27 0 24 27 0 0 35 0 21 29 0 27 36 0 25 36 0 1 1 0 20 23 0 26 37 0 27 37 0 21 23 0 0 16 0 24 38 0 26 38 0 20 34 0 16 14 0 28 31 0 29 31 0 17 13 0 22 33 0 30 39 0 28 39 0 16 14 0 23 24 0 31 40 0 30 40 0 22 24 0 17 25 0 29 41 0 31 41 0 23 30 0</p>
                </polylist>
            </mesh>
        </geometry>
        <geometry id="ID300">
            <mesh>
                <source id="ID301">
                    <float_array id="ID302" count="60">0 131.989 -85.8348 0 29.6401 -98.8977 -77.3531 29.6401 -98.8977 -60.3909 131.989 -85.8348 -40.2277 131.989 -85.8348 -51.5266 29.6401 -98.8977 77.3531 29.6401 -98.8977 60.3909 131.989 -85.8348 40.2277 131.989 -85.8348 51.5266 29.6401 -98.8977 0 131.989 -85.8348 0 29.6401 -98.8977 -77.3531 29.6401 -98.8977 -60.3909 131.989 -85.8348 -40.2277 131.989 -85.8348 -51.5266 29.6401 -98.8977 77.3531 29.6401 -98.8977 60.3909 131.989 -85.8348 40.2277 131.989 -85.8348 51.5266 29.6401 -98.8977</float_array>
                    <technique_common>
                        <accessor count="20" source="#ID302" stride="3">
                            <param name="X" type="float"/>
                            <param name="Y" type="float"/>
                            <param name="Z" type="float"/>
                        </accessor>
                    </technique_common>
                </source>
                <source id="ID303">
                    <float_array id="ID304" count="15">0 -0.126604 0.991953 0 -0.126604 0.991953 0 -0.126604 0.991953 0 -0.126604 0.991953 0 0.126604 -0.991953</float_array>
                    <technique_common>
                        <accessor count="5" source="#ID304" stride="3">
                            <param name="X" type="float"/>
                            <param name="Y" type="float"/>
                            <param name="Z" type="float"/>
                        </accessor>
                    </technique_common>
                </source>
                <source id="ID305">
                    <float_array id="ID306" count="2">0 1</float_array>
                    <technique_common>
                        <accessor count="1" source="#ID306" stride="2">
                            <param name="S" type="float"/>
                            <param name="T" type="float"/>
                        </accessor>
                    </technique_common>
                </source>
                <vertices id="ID307">
                    <input semantic="POSITION" source="#ID301"/>
                </vertices>
                <polylist count="8" material="Material1">
                    <input offset="0" semantic="VERTEX" source="#ID307"/>
                    <input offset="1" semantic="NORMAL" source="#ID303"/>
                    <input offset="2" semantic="TEXCOORD" source="#ID305" set="0"/>
                    <vcount>4 4 4 4 4 4 4 4</vcount>
                    <p>4 0 0 3 1 0 2 1 0 5 0 0 5 0 0 1 2 0 0 2 0 4 0 0 8 2 0 9 2 0 6 3 0 7 3 0 9 2 0 8 2 0 0 2 0 1 2 0 15 4 0 12 4 0 13 4 0 14 4 0 14 4 0 10 4 0 11 4 0 15 4 0 17 4 0 16 4 0 19 4 0 18 4 0 11 4 0 10 4 0 18 4 0 19 4 0</p>
                </polylist>
            </mesh>
        </geometry>
        <geometry id="ID309">
            <mesh>
                <source id="ID310">
                    <float_array id="ID311" count="60">0 131.859 63.0129 0 35.2226 98.4338 -77.3531 35.2226 98.4338 -60.3909 131.859 63.0129 -40.2277 131.859 63.0129 -51.5266 35.2226 98.4338 77.3531 35.2226 98.4338 60.3909 131.859 63.0129 40.2277 131.859 63.0129 51.5266 35.2226 98.4338 0 131.859 63.0129 0 35.2226 98.4338 -77.3531 35.2226 98.4338 -60.3909 131.859 63.0129 -40.2277 131.859 63.0129 -51.5266 35.2226 98.4338 77.3531 35.2226 98.4338 60.3909 131.859 63.0129 40.2277 131.859 63.0129 51.5266 35.2226 98.4338</float_array>
                    <technique_common>
                        <accessor count="20" source="#ID311" stride="3">
                            <param name="X" type="float"/>
                            <param name="Y" type="float"/>
                            <param name="Z" type="float"/>
                        </accessor>
                    </technique_common>
                </source>
                <source id="ID312">
                    <float_array id="ID313" count="30">-1.45897e-008 -0.344149 -0.938915 -4.5923e-008 -0.344149 -0.938915 7.99802e-009 -0.344149 -0.938915 2.54162e-008 -0.344149 -0.938915 1.23343e-008 -0.344149 -0.938915 2.38432e-008 0.344149 0.938915 2.54162e-008 0.344149 0.938915 0 0.344149 0.938915 -2.38432e-008 0.344149 0.938915 -2.54162e-008 0.344149 0.938915</float_array>
                    <technique_common>
                        <accessor count="10" source="#ID313" stride="3">
                            <param name="X" type="float"/>
                            <param name="Y" type="float"/>
                            <param name="Z" type="float"/>
                        </accessor>
                    </technique_common>
                </source>
                <source id="ID314">
                    <float_array id="ID315" count="2">0 1</float_array>
                    <technique_common>
                        <accessor count="1" source="#ID315" stride="2">
                            <param name="S" type="float"/>
                            <param name="T" type="float"/>
                        </accessor>
                    </technique_common>
                </source>
                <vertices id="ID316">
                    <input semantic="POSITION" source="#ID310"/>
                </vertices>
                <polylist count="8" material="Material1">
                    <input offset="0" semantic="VERTEX" source="#ID316"/>
                    <input offset="1" semantic="NORMAL" source="#ID312"/>
                    <input offset="2" semantic="TEXCOORD" source="#ID314" set="0"/>
                    <vcount>4 4 4 4 4 4 4 4</vcount>
                    <p>5 0 0 2 1 0 3 1 0 4 0 0 4 0 0 0 2 0 1 2 0 5 0 0 9 4 0 8 4 0 7 3 0 6 3 0 8 4 0 9 4 0 1 2 0 0 2 0 14 5 0 13 6 0 12 6 0 15 5 0 15 5 0 11 7 0 10 7 0 14 5 0 16 9 0 17 9 0 18 8 0 19 8 0 10 7 0 11 7 0 19 8 0 18 8 0</p>
                </polylist>
            </mesh>
        </geometry>
        <geometry id="ID318">
            <mesh>
                <source id="ID319">
                    <float_array id="ID320" count="84">-18.406 -29.1282 9.22318 -21.337 -15.5509 11.0772 18.406 -29.1282 9.22318 21.337 -15.5509 11.0772 18.406 -29.1282 7.86604 21.337 -15.5509 7.52174 -18.406 -29.1282 7.86604 -21.337 -15.5509 7.52174 0.884358 -19.5317 7.71202 0.904575 -18.1018 7.67577 -0.884358 -19.5317 7.71202 -0.904575 -18.1018 7.67577 0.884358 -12.9542 0.15031 0.904575 -12.2235 1.37985 -0.884358 -12.9542 0.15031 -0.904575 -12.2235 1.37985 0.884358 0.803384 -0.429071 0.904575 0.63264 0.990995 -0.884358 0.803384 -0.429071 -0.904575 0.63264 0.990995 -17.2738 -27.7411 9.4126 -19.6059 -16.9381 10.8878 17.2738 -27.7411 9.4126 19.6059 -16.9381 10.8878 -16.7201 -27.2478 8.5643 -18.6198 -17.4313 9.76598 16.7201 -27.2478 8.5643 18.6198 -17.4313 9.76598</float_array>
                    <technique_common>
                        <accessor count="28" source="#ID320" stride="3">
                            <param name="X" type="float"/>
                            <param name="Y" type="float"/>
                            <param name="Z" type="float"/>
                        </accessor>
                    </technique_common>
                </source>
                <source id="ID321">
                    <float_array id="ID322" count="108">0.239137 -0.335659 0.911124 0.513838 -0.544434 0.662995 0.473582 0.570045 0.671393 0.240824 0.207014 0.948235 0.367428 -0.556924 0.744871 0.432236 -0.212963 0.876253 0.977484 -0.211012 -0 0.628088 -0.778143 -0 0 0.992849 0.119376 0 0.674794 0.738006 -0.628088 -0.778143 -0 -0.977484 -0.211012 -0 -0.432236 -0.212963 0.876253 -0.367428 -0.556924 0.744871 0 1 -0 -0.00223419 -0.0204378 -0.999789 0.336361 -0.273034 -0.901284 -0.336225 -0.273094 -0.901317 0.00238739 -0.0204389 -0.999788 0.00238774 -0.042557 -0.999091 -0.00223452 -0.0425558 -0.999092 0.731013 -0.296004 -0.614819 -0.730927 -0.296058 -0.614895 -0.999887 -0.00670015 -0.0134367 -0.99985 -0.0128545 -0.0116435 0 0.730929 0.682453 0 0.412284 0.911055 0.999857 -0.012608 -0.0113104 0.999891 -0.00658105 -0.0132372 0 -0.0420763 -0.999114 -0.999884 -0.000545531 -0.0152293 0.999885 -0.000553815 -0.0151635 -0.241671 0.207127 0.947995 -0.239966 -0.335894 0.910819 -0.475188 0.570307 0.670034 -0.515535 -0.54474 0.661425</float_array>
                    <technique_common>
                        <accessor count="36" source="#ID322" stride="3">
                            <param name="X" type="float"/>
                            <param name="Y" type="float"/>
                            <param name="Z" type="float"/>
                        </accessor>
                    </technique_common>
                </source>
                <source id="ID323">
                    <float_array id="ID324" count="2">0 1</float_array>
                    <technique_common>
                        <accessor count="1" source="#ID324" stride="2">
                            <param name="S" type="float"/>
                            <param name="T" type="float"/>
                        </accessor>
                    </technique_common>
                </source>
                <vertices id="ID325">
                    <input semantic="POSITION" source="#ID319"/>
                </vertices>
                <polylist count="25" material="Material1">
                    <input offset="0" semantic="VERTEX" source="#ID325"/>
                    <input offset="1" semantic="NORMAL" source="#ID321"/>
                    <input offset="2" semantic="TEXCOORD" source="#ID323" set="0"/>
                    <vcount>4 4 4 4 4 4 4 4 4 4 4 4 4 4 4 4 4 4 4 4 4 4 4 4 4</vcount>
                    <p>20 3 0 24 2 0 25 1 0 21 0 0 4 7 0 5 6 0 3 5 0 2 4 0 18 8 0 19 9 0 17 9 0 16 8 0 0 13 0 1 12 0 7 11 0 6 10 0 3 14 0 5 14 0 7 14 0 1 14 0 4 7 0 2 4 0 0 13 0 6 10 0 6 18 0 10 17 0 8 16 0 4 15 0 7 19 0 11 19 0 10 17 0 6 18 0 5 20 0 9 20 0 11 19 0 7 19 0 4 15 0 8 16 0 9 20 0 5 20 0 10 17 0 14 22 0 12 21 0 8 16 0 11 24 0 15 23 0 14 22 0 10 17 0 9 25 0 13 26 0 15 26 0 11 25 0 8 16 0 12 21 0 13 28 0 9 27 0 14 22 0 18 29 0 16 29 0 12 21 0 15 23 0 19 30 0 18 30 0 14 22 0 13 26 0 17 9 0 19 9 0 15 26 0 12 21 0 16 31 0 17 31 0 13 28 0 2 4 0 22 32 0 20 3 0 0 13 0 3 5 0 23 33 0 22 32 0 2 4 0 1 12 0 21 0 0 23 33 0 3 5 0 0 13 0 20 3 0 21 0 0 1 12 0 22 32 0 26 34 0 24 2 0 20 3 0 23 33 0 27 35 0 26 34 0 22 32 0 21 0 0 25 1 0 27 35 0 23 33 0</p>
                </polylist>
            </mesh>
        </geometry>
        <geometry id="ID327">
            <mesh>
                <source id="ID328">
                    <float_array id="ID329" count="12">-16.7201 -27.2478 8.5643 -18.6198 -17.4313 9.76598 16.7201 -27.2478 8.5643 18.6198 -17.4313 9.76598</float_array>
                    <technique_common>
                        <accessor count="4" source="#ID329" stride="3">
                            <param name="X" type="float"/>
                            <param name="Y" type="float"/>
                            <param name="Z" type="float"/>
                        </accessor>
                    </technique_common>
                </source>
                <source id="ID330">
                    <float_array id="ID331" count="3">0 -0.121507 0.992591</float_array>
                    <technique_common>
                        <accessor count="1" source="#ID331" stride="3">
                            <param name="X" type="float"/>
                            <param name="Y" type="float"/>
                            <param name="Z" type="float"/>
                        </accessor>
                    </technique_common>
                </source>
                <source id="ID332">
                    <float_array id="ID333" count="2">0 1</float_array>
                    <technique_common>
                        <accessor count="1" source="#ID333" stride="2">
                            <param name="S" type="float"/>
                            <param name="T" type="float"/>
                        </accessor>
                    </technique_common>
                </source>
                <vertices id="ID334">
                    <input semantic="POSITION" source="#ID328"/>
                </vertices>
                <polylist count="1" material="Material1">
                    <input offset="0" semantic="VERTEX" source="#ID334"/>
                    <input offset="1" semantic="NORMAL" source="#ID330"/>
                    <input offset="2" semantic="TEXCOORD" source="#ID332" set="0"/>
                    <vcount>4</vcount>
                    <p>2 0 0 3 0 0 1 0 0 0 0 0</p>
                </polylist>
            </mesh>
        </geometry>
        <geometry id="ID336">
            <mesh>
                <source id="ID337">
                    <float_array id="ID338" count="72">-25.0608 -3.06532 7.6491 -23.2277 14.8847 6.15244 0.152948 0.361859 0.153429 0.152948 20.6225 -0.730949 0.152946 -0.321613 -6.66945 0.152946 20.062 -6.66945 -25.0608 -3.10579 5.49277 -23.2277 14.8847 4.28716 -23.211 -1.09826 7.02318 -21.7247 13.5035 5.78852 -1.48326 1.85497 0.550093 -1.47853 18.4719 -0.158708 190.181 38.5236 1.86717 181.723 54.4851 0.646957 165.153 32.243 -4.27885 157.564 51.0374 -4.9594 165.054 31.5404 -11.0991 157.466 50.4579 -10.8952 190.085 38.4645 -0.28656 181.626 54.4665 -1.21572 187.703 39.6543 1.35753 180.825 52.6402 0.347534 166.133 34.2418 -3.95249 159.906 49.6546 -4.4939</float_array>
                    <technique_common>
                        <accessor count="24" source="#ID338" stride="3">
                            <param name="X" type="float"/>
                            <param name="Y" type="float"/>
                            <param name="Z" type="float"/>
                        </accessor>
                    </technique_common>
                </source>
                <source id="ID339">
                    <float_array id="ID340" count="102">0.273003 0.0498594 0.96072 0.27702 0.0493012 0.959599 0.308111 -0.389904 0.867781 0.616879 -0.325902 0.716413 0.62667 0.0358622 0.778459 1 -9.79068e-009 -2.02989e-007 0.757686 -0.651474 0.0386468 -0.428659 -0.00814261 -0.90343 -0.439193 0.641478 -0.628979 -0.700281 0.353163 -0.620389 -0.844293 0.0503318 -0.533512 -0.754989 0.655124 -0.0283466 -0.994845 0.101401 -0.000951725 -0.239645 0.969799 -0.045398 0.148175 -0.987226 0.0585644 0.277512 0.0437063 0.959727 0.273497 0.0442648 0.960854 -0.221824 -0.0457491 0.974013 -0.0954557 -0.46788 0.878622 -0.225396 -0.047775 0.973095 -0.413246 -0.524942 0.744085 -0.457606 -0.886292 0.071293 -0.92668 -0.372272 0.0517557 -0.553783 -0.192223 0.810169 0.353504 0.142987 -0.92444 0.485354 0.582251 -0.652238 0.135634 0.752546 -0.644421 0.73604 0.355683 -0.575965 0.884104 0.464451 -0.0514275 0.454282 0.888779 -0.0608321 -0.141304 0.9888 -0.0480397 0.233237 -0.97079 0.0562797 -0.223764 -0.05315 0.973193 -0.220193 -0.0511243 0.974116</float_array>
                    <technique_common>
                        <accessor count="34" source="#ID340" stride="3">
                            <param name="X" type="float"/>
                            <param name="Y" type="float"/>
                            <param name="Z" type="float"/>
                        </accessor>
                    </technique_common>
                </source>
                <source id="ID341">
                    <float_array id="ID342" count="2">0 1</float_array>
                    <technique_common>
                        <accessor count="1" source="#ID342" stride="2">
                            <param name="S" type="float"/>
                            <param name="T" type="float"/>
                        </accessor>
                    </technique_common>
                </source>
                <vertices id="ID343">
                    <input semantic="POSITION" source="#ID337"/>
                </vertices>
                <polylist count="20" material="Material1">
                    <input offset="0" semantic="VERTEX" source="#ID343"/>
                    <input offset="1" semantic="NORMAL" source="#ID339"/>
                    <input offset="2" semantic="TEXCOORD" source="#ID341" set="0"/>
                    <vcount>4 4 3 4 4 4 3 4 4 4 4 4 3 4 4 4 3 4 4 4</vcount>
                    <p>0 2 0 8 1 0 9 0 0 1 0 0 4 6 0 5 5 0 3 4 0 2 3 0 7 9 0 5 8 0 4 7 0 0 12 0 1 11 0 7 9 0 6 10 0 3 13 0 5 8 0 7 9 0 1 11 0 4 6 0 2 3 0 0 2 0 6 14 0 4 7 0 6 10 0 7 9 0 2 3 0 10 15 0 8 1 0 0 2 0 3 4 0 11 16 0 10 15 0 2 3 0 1 0 0 9 0 0 11 16 0 3 4 0 21 17 0 20 19 0 12 18 0 13 17 0 15 23 0 17 22 0 16 21 0 14 20 0 17 26 0 19 25 0 16 24 0 19 25 0 13 29 0 12 28 0 18 27 0 19 25 0 17 26 0 15 30 0 13 29 0 12 18 0 14 20 0 16 21 0 18 31 0 18 27 0 16 24 0 19 25 0 20 19 0 22 32 0 14 20 0 12 18 0 22 32 0 23 33 0 15 23 0 14 20 0 23 33 0 21 17 0 13 17 0 15 23 0</p>
                </polylist>
            </mesh>
        </geometry>
        <geometry id="ID345">
            <mesh>
                <source id="ID346">
                    <float_array id="ID347" count="24">-23.211 -1.09826 7.02318 -21.7247 13.5035 5.78852 -1.48326 1.85497 0.550093 -1.47853 18.4719 -0.158708 187.703 39.6543 1.35753 180.825 52.6401 0.347534 166.133 34.2417 -3.95249 159.906 49.6546 -4.4939</float_array>
                    <technique_common>
                        <accessor count="8" source="#ID347" stride="3">
                            <param name="X" type="float"/>
                            <param name="Y" type="float"/>
                            <param name="Z" type="float"/>
                        </accessor>
                    </technique_common>
                </source>
                <source id="ID348">
                    <float_array id="ID349" count="6">0.274713 0.0473671 0.960359 -0.222501 -0.0487043 0.973715</float_array>
                    <technique_common>
                        <accessor count="2" source="#ID349" stride="3">
                            <param name="X" type="float"/>
                            <param name="Y" type="float"/>
                            <param name="Z" type="float"/>
                        </accessor>
                    </technique_common>
                </source>
                <source id="ID350">
                    <float_array id="ID351" count="2">0 1</float_array>
                    <technique_common>
                        <accessor count="1" source="#ID351" stride="2">
                            <param name="S" type="float"/>
                            <param name="T" type="float"/>
                        </accessor>
                    </technique_common>
                </source>
                <vertices id="ID352">
                    <input semantic="POSITION" source="#ID346"/>
                </vertices>
                <polylist count="2" material="Material1">
                    <input offset="0" semantic="VERTEX" source="#ID352"/>
                    <input offset="1" semantic="NORMAL" source="#ID348"/>
                    <input offset="2" semantic="TEXCOORD" source="#ID350" set="0"/>
                    <vcount>4 4</vcount>
                    <p>2 0 0 3 0 0 1 0 0 0 0 0 5 1 0 7 1 0 6 1 0 4 1 0</p>
                </polylist>
            </mesh>
        </geometry>
        <geometry id="ID355">
            <mesh>
                <source id="ID356">
                    <float_array id="ID357" count="153">6.69172 -1.58256e-006 3.58578e-006 6.67195 1.45702 4.34986e-006 -1.72039 0.54103 6.09354e-006 3.32687 -1.72964e-006 3.65844e-006 4.16808 -1.45702 3.80759e-006 5.85051 -1.45702 3.77126e-006 5.08515 -1.01477e-006 -3.72322 5.06915 1.45702 -3.71447 -0.160704 -2.28087e-006 3.61458 2.36293 -1.38897e-006 -2.23393 3.04348 -1.45702 -2.60625 4.40459 -1.45702 -3.3509 0.879091 -6.63849e-007 -6.02429 0.872981 1.45702 -6.01014 0.0992449 -1.45702 4.21701 -0.160704 -1.17842e-006 -3.61458 0.0992446 -1.45702 -4.21701 0.619142 -1.45702 -5.42186 -13.5762 5.37748 -6.0243 -12.9582 6.69695 -6.01014 0.619143 -1.45702 5.42187 -12.6327 4.94039 -3.61458 -13.4811 3.72763 -4.21701 -13.9528 3.94617 -5.42187 -17.3926 7.14554 -3.72322 -16.7656 8.46086 -3.71447 5.08515 -2.15036e-006 3.72322 -14.9226 6.00123 -2.23394 -16.1526 4.96527 -2.60626 -17.3876 5.53743 -3.3509 -18.8503 7.82088 -3.67467e-006 -18.2199 9.13461 -2.89951e-006 5.06915 1.45702 3.71448 -15.7972 6.40643 -3.28398e-006 -17.173 5.43801 -3.22355e-006 -18.6995 6.14523 -3.41889e-006 -17.3926 7.14554 3.72322 -16.7656 8.46086 3.71447 2.36293 -2.07032e-006 2.23394 -14.9226 6.00123 2.23393 -16.1526 4.96527 2.60625 -17.3876 5.53743 3.3509 -13.5762 5.37748 6.02429 -12.9582 6.69695 6.01014 3.04348 -1.45702 2.60626 -12.6327 4.94039 3.61458 -13.4811 3.72762 4.21701 -13.9528 3.94617 5.42187 0.879091 -2.50127e-006 6.0243 0.872982 1.45702 6.01015 4.40459 -1.45702 3.3509</float_array>
                    <technique_common>
                        <accessor count="51" source="#ID357" stride="3">
                            <param name="X" type="float"/>
                            <param name="Y" type="float"/>
                            <param name="Z" type="float"/>
                        </accessor>
                    </technique_common>
                </source>
                <source id="ID358">
                    <float_array id="ID359" count="150">0.966961 -0.254923 6.66563e-008 0.999908 0.0135667 9.73739e-008 0.739235 0.0121582 -0.673338 0.71747 -0.231592 -0.656964 -0.022784 -0.938566 -0.344347 -0.701239 -0.624251 0.344347 -0.44097 -0.713493 0.544494 -0.211097 -0.844275 -0.492583 -0.748354 0.0914589 0.656964 -0.298033 -0.0852423 0.950742 -0.866025 -0.5 -6.36304e-008 -0.48358 -0.8753 -1.24357e-007 -0.373863 -0.861192 0.344347 -0.653474 -0.459031 0.601882 0.48358 -0.8753 -6.57453e-008 0.373863 -0.861192 -0.344347 0.249398 0.0103017 -0.968346 0.209691 -0.198207 -0.957467 -0.296866 -0.400209 -0.867008 -0.283662 -0.824114 -0.490278 -0.373863 -0.861192 -0.344347 -0.653474 -0.459032 -0.601882 -0.220605 0.1139 0.96869 0.249394 0.0102943 0.968347 0.20969 -0.198207 0.957467 -0.283345 -0.823456 0.491565 -0.29643 -0.399432 0.867516 -0.0139269 -0.829699 -0.558037 -0.2206 0.113907 -0.96869 -0.298033 -0.0852425 -0.950742 -0.0138625 -0.829104 0.558922 0.373863 -0.861192 0.344347 -0.2108 -0.843598 0.493869 0.0398106 -0.478667 0.877094 -0.441267 -0.713985 -0.543608 -0.66564 0.321776 -0.673338 -0.748354 0.091459 -0.656964 0.71747 -0.231593 0.656964 0.0393387 -0.479491 -0.876665 -0.0227839 -0.938566 0.344346 0.399975 -0.6912 0.601882 -0.701239 -0.624251 -0.344347 -0.901572 0.43263 6.49159e-008 -0.984539 0.175166 5.83242e-008 0.739235 0.0121573 0.673338 0.070838 -0.997488 -8.9727e-008 0.575614 -0.817722 -0 -0.806722 -0.590931 -6.21786e-008 -0.66564 0.321775 0.673338 0.399975 -0.691201 -0.601882</float_array>
                    <technique_common>
                        <accessor count="50" source="#ID359" stride="3">
                            <param name="X" type="float"/>
                            <param name="Y" type="float"/>
                            <param name="Z" type="float"/>
                        </accessor>
                    </technique_common>
                </source>
                <source id="ID360">
                    <float_array id="ID361" count="2">0 1</float_array>
                    <technique_common>
                        <accessor count="1" source="#ID361" stride="2">
                            <param name="S" type="float"/>
                            <param name="T" type="float"/>
                        </accessor>
                    </technique_common>
                </source>
                <vertices id="ID362">
                    <input semantic="POSITION" source="#ID356"/>
                </vertices>
                <polylist count="40" material="Material1">
                    <input offset="0" semantic="VERTEX" source="#ID362"/>
                    <input offset="1" semantic="NORMAL" source="#ID358"/>
                    <input offset="2" semantic="TEXCOORD" source="#ID360" set="0"/>
                    <vcount>4 4 4 4 4 4 4 4 4 4 4 4 4 4 4 4 4 4 4 4 4 4 4 4 4 4 4 4 4 4 4 4 4 4 4 4 4 4 4 4</vcount>
                    <p>6 3 0 7 2 0 1 1 0 0 0 0 46 7 0 47 6 0 41 5 0 40 4 0 47 6 0 42 9 0 36 8 0 41 5 0 9 13 0 10 12 0 4 11 0 3 10 0 10 12 0 11 15 0 5 14 0 4 11 0 11 15 0 6 3 0 0 0 0 5 14 0 12 17 0 13 16 0 7 2 0 6 3 0 38 21 0 44 20 0 14 19 0 8 18 0 48 24 0 49 23 0 43 22 0 42 9 0 15 26 0 16 25 0 10 12 0 9 13 0 16 25 0 17 27 0 11 15 0 10 12 0 17 27 0 12 17 0 6 3 0 11 15 0 18 29 0 19 28 0 13 16 0 12 17 0 44 20 0 50 31 0 20 30 0 14 19 0 4 11 0 5 14 0 50 31 0 44 20 0 21 33 0 22 32 0 16 25 0 15 26 0 22 32 0 23 34 0 17 27 0 16 25 0 23 34 0 18 29 0 12 17 0 17 27 0 24 36 0 25 35 0 19 28 0 18 29 0 50 31 0 26 37 0 48 24 0 20 30 0 8 18 0 14 19 0 46 7 0 45 38 0 27 40 0 28 39 0 22 32 0 21 33 0 28 39 0 29 41 0 23 34 0 22 32 0 29 41 0 24 36 0 18 29 0 23 34 0 30 43 0 31 42 0 25 35 0 24 36 0 0 0 0 1 1 0 32 44 0 26 37 0 14 19 0 20 30 0 47 6 0 46 7 0 33 46 0 34 45 0 28 39 0 27 40 0 34 45 0 35 47 0 29 41 0 28 39 0 35 47 0 30 43 0 24 36 0 29 41 0 36 8 0 37 48 0 31 42 0 30 43 0 20 30 0 48 24 0 42 9 0 47 6 0 26 37 0 32 44 0 49 23 0 48 24 0 39 49 0 40 4 0 34 45 0 33 46 0 40 4 0 41 5 0 35 47 0 34 45 0 41 5 0 36 8 0 30 43 0 35 47 0 42 9 0 43 22 0 37 48 0 36 8 0 3 10 0 4 11 0 44 20 0 38 21 0 5 14 0 0 0 0 26 37 0 50 31 0 45 38 0 46 7 0 40 4 0 39 49 0</p>
                </polylist>
            </mesh>
        </geometry>
        <geometry id="ID364">
            <mesh>
                <source id="ID365">
                    <float_array id="ID366" count="33">-1.72039 0.54103 6.09354e-006 3.32687 -1.72964e-006 3.65844e-006 -0.160704 -2.28087e-006 3.61458 2.36293 -1.38897e-006 -2.23393 -0.160704 -1.17842e-006 -3.61458 -12.6327 4.94039 -3.61458 -14.9226 6.00123 -2.23394 -15.7972 6.40643 -3.28398e-006 2.36293 -2.07032e-006 2.23394 -14.9226 6.00123 2.23393 -12.6327 4.94039 3.61458</float_array>
                    <technique_common>
                        <accessor count="11" source="#ID366" stride="3">
                            <param name="X" type="float"/>
                            <param name="Y" type="float"/>
                            <param name="Z" type="float"/>
                        </accessor>
                    </technique_common>
                </source>
                <source id="ID367">
                    <float_array id="ID368" count="33">-0.220097 -0.974152 0.0508393 -0.379449 -0.925003 0.0197138 -0.266517 -0.96383 -2.01604e-007 -0.220097 -0.974152 -0.0508396 -0.0861253 -0.992819 -0.0830236 -0.106582 -0.994304 -1.62221e-007 -0.0861252 -0.992819 0.0830232 -0.387394 -0.921131 0.0380006 -0.384619 -0.923076 -2.05851e-007 -0.387394 -0.921131 -0.0380011 -0.379449 -0.925003 -0.0197142</float_array>
                    <technique_common>
                        <accessor count="11" source="#ID368" stride="3">
                            <param name="X" type="float"/>
                            <param name="Y" type="float"/>
                            <param name="Z" type="float"/>
                        </accessor>
                    </technique_common>
                </source>
                <source id="ID369">
                    <float_array id="ID370" count="2">0 1</float_array>
                    <technique_common>
                        <accessor count="1" source="#ID370" stride="2">
                            <param name="S" type="float"/>
                            <param name="T" type="float"/>
                        </accessor>
                    </technique_common>
                </source>
                <vertices id="ID371">
                    <input semantic="POSITION" source="#ID365"/>
                </vertices>
                <polylist count="10" material="Material1">
                    <input offset="0" semantic="VERTEX" source="#ID371"/>
                    <input offset="1" semantic="NORMAL" source="#ID367"/>
                    <input offset="2" semantic="TEXCOORD" source="#ID369" set="0"/>
                    <vcount>3 3 3 3 3 3 3 3 3 3</vcount>
                    <p>0 2 0 5 1 0 4 0 0 0 2 0 8 4 0 2 3 0 0 2 0 3 6 0 1 5 0 0 2 0 6 7 0 5 1 0 0 2 0 7 8 0 6 7 0 0 2 0 1 5 0 8 4 0 0 2 0 9 9 0 7 8 0 0 2 0 10 10 0 9 9 0 0 2 0 4 0 0 3 6 0 0 2 0 2 3 0 10 10 0</p>
                </polylist>
            </mesh>
        </geometry>
        <geometry id="ID373">
            <mesh>
                <source id="ID374">
                    <float_array id="ID375" count="153">6.69172 -1.58256e-006 3.7921e-006 6.67195 1.45702 4.55618e-006 -1.72039 0.54103 6.29986e-006 3.32687 -1.72964e-006 3.86476e-006 4.16808 -1.45702 4.01391e-006 5.85051 -1.45702 3.97758e-006 5.08515 -1.01477e-006 -3.72322 5.06915 1.45702 -3.71447 -0.160704 -2.28087e-006 3.61458 2.36293 -1.38897e-006 -2.23393 3.04348 -1.45702 -2.60625 4.40459 -1.45702 -3.35089 0.879091 -6.63849e-007 -6.02429 0.872981 1.45702 -6.01014 0.099245 -1.45702 4.21701 -0.160704 -1.17842e-006 -3.61458 0.0992446 -1.45702 -4.21701 0.619142 -1.45702 -5.42186 -13.5762 5.37748 -6.0243 -12.9582 6.69695 -6.01014 0.619143 -1.45702 5.42187 -12.6327 4.94039 -3.61458 -13.4811 3.72763 -4.21701 -13.9528 3.94617 -5.42187 -17.3926 7.14554 -3.72322 -16.7656 8.46086 -3.71447 5.08515 -2.15036e-006 3.72323 -14.9226 6.00123 -2.23394 -16.1526 4.96527 -2.60626 -17.3876 5.53743 -3.3509 -18.8503 7.82088 -3.46835e-006 -18.2199 9.13461 -2.69319e-006 5.06915 1.45702 3.71448 -15.7972 6.40643 -3.07767e-006 -17.173 5.43801 -3.01723e-006 -18.6995 6.14523 -3.21258e-006 -17.3926 7.14554 3.72322 -16.7656 8.46086 3.71447 2.36293 -2.07032e-006 2.23394 -14.9226 6.00123 2.23393 -16.1526 4.96527 2.60625 -17.3876 5.53743 3.3509 -13.5762 5.37748 6.02429 -12.9582 6.69695 6.01014 3.04348 -1.45702 2.60626 -12.6327 4.94039 3.61458 -13.4811 3.72762 4.21701 -13.9528 3.94617 5.42187 0.879091 -2.50127e-006 6.0243 0.872982 1.45702 6.01015 4.40459 -1.45702 3.3509</float_array>
                    <technique_common>
                        <accessor count="51" source="#ID375" stride="3">
                            <param name="X" type="float"/>
                            <param name="Y" type="float"/>
                            <param name="Z" type="float"/>
                        </accessor>
                    </technique_common>
                </source>
                <source id="ID376">
                    <float_array id="ID377" count="150">0.966961 -0.254923 6.66563e-008 0.999908 0.0135667 9.73739e-008 0.739235 0.0121582 -0.673338 0.71747 -0.231592 -0.656964 -0.022784 -0.938566 -0.344347 -0.701239 -0.624251 0.344347 -0.44097 -0.713493 0.544494 -0.211097 -0.844275 -0.492583 -0.748354 0.0914589 0.656964 -0.298033 -0.0852423 0.950742 -0.866025 -0.5 -6.36304e-008 -0.48358 -0.8753 -1.24357e-007 -0.373863 -0.861192 0.344347 -0.653474 -0.459032 0.601882 0.48358 -0.8753 -6.57453e-008 0.373863 -0.861192 -0.344347 0.249398 0.0103017 -0.968346 0.209691 -0.198207 -0.957467 -0.296866 -0.400209 -0.867009 -0.283662 -0.824114 -0.490278 -0.373863 -0.861192 -0.344347 -0.653474 -0.459032 -0.601882 -0.220605 0.1139 0.96869 0.249394 0.0102943 0.968347 0.20969 -0.198207 0.957467 -0.283345 -0.823456 0.491564 -0.29643 -0.399432 0.867516 -0.0139269 -0.829699 -0.558037 -0.2206 0.113907 -0.96869 -0.298033 -0.0852425 -0.950742 -0.0138625 -0.829104 0.558922 0.373863 -0.861192 0.344347 -0.2108 -0.843598 0.493869 0.0398105 -0.478667 0.877094 -0.441267 -0.713985 -0.543608 -0.66564 0.321776 -0.673338 -0.748354 0.091459 -0.656964 0.71747 -0.231593 0.656964 0.0393387 -0.479491 -0.876665 -0.0227839 -0.938566 0.344346 0.399975 -0.6912 0.601882 -0.701239 -0.624251 -0.344347 -0.901572 0.43263 3.2458e-008 -0.984539 0.175166 4.16602e-008 0.739235 0.0121573 0.673338 0.070838 -0.997488 -8.9727e-008 0.575614 -0.817722 -0 -0.806722 -0.590931 -6.21786e-008 -0.66564 0.321775 0.673338 0.399975 -0.691201 -0.601882</float_array>
                    <technique_common>
                        <accessor count="50" source="#ID377" stride="3">
                            <param name="X" type="float"/>
                            <param name="Y" type="float"/>
                            <param name="Z" type="float"/>
                        </accessor>
                    </technique_common>
                </source>
                <source id="ID378">
                    <float_array id="ID379" count="2">0 1</float_array>
                    <technique_common>
                        <accessor count="1" source="#ID379" stride="2">
                            <param name="S" type="float"/>
                            <param name="T" type="float"/>
                        </accessor>
                    </technique_common>
                </source>
                <vertices id="ID380">
                    <input semantic="POSITION" source="#ID374"/>
                </vertices>
                <polylist count="40" material="Material1">
                    <input offset="0" semantic="VERTEX" source="#ID380"/>
                    <input offset="1" semantic="NORMAL" source="#ID376"/>
                    <input offset="2" semantic="TEXCOORD" source="#ID378" set="0"/>
                    <vcount>4 4 4 4 4 4 4 4 4 4 4 4 4 4 4 4 4 4 4 4 4 4 4 4 4 4 4 4 4 4 4 4 4 4 4 4 4 4 4 4</vcount>
                    <p>6 3 0 7 2 0 1 1 0 0 0 0 46 7 0 47 6 0 41 5 0 40 4 0 47 6 0 42 9 0 36 8 0 41 5 0 9 13 0 10 12 0 4 11 0 3 10 0 10 12 0 11 15 0 5 14 0 4 11 0 11 15 0 6 3 0 0 0 0 5 14 0 12 17 0 13 16 0 7 2 0 6 3 0 38 21 0 44 20 0 14 19 0 8 18 0 48 24 0 49 23 0 43 22 0 42 9 0 15 26 0 16 25 0 10 12 0 9 13 0 16 25 0 17 27 0 11 15 0 10 12 0 17 27 0 12 17 0 6 3 0 11 15 0 18 29 0 19 28 0 13 16 0 12 17 0 44 20 0 50 31 0 20 30 0 14 19 0 4 11 0 5 14 0 50 31 0 44 20 0 21 33 0 22 32 0 16 25 0 15 26 0 22 32 0 23 34 0 17 27 0 16 25 0 23 34 0 18 29 0 12 17 0 17 27 0 24 36 0 25 35 0 19 28 0 18 29 0 50 31 0 26 37 0 48 24 0 20 30 0 8 18 0 14 19 0 46 7 0 45 38 0 27 40 0 28 39 0 22 32 0 21 33 0 28 39 0 29 41 0 23 34 0 22 32 0 29 41 0 24 36 0 18 29 0 23 34 0 30 43 0 31 42 0 25 35 0 24 36 0 0 0 0 1 1 0 32 44 0 26 37 0 14 19 0 20 30 0 47 6 0 46 7 0 33 46 0 34 45 0 28 39 0 27 40 0 34 45 0 35 47 0 29 41 0 28 39 0 35 47 0 30 43 0 24 36 0 29 41 0 36 8 0 37 48 0 31 42 0 30 43 0 20 30 0 48 24 0 42 9 0 47 6 0 26 37 0 32 44 0 49 23 0 48 24 0 39 49 0 40 4 0 34 45 0 33 46 0 40 4 0 41 5 0 35 47 0 34 45 0 41 5 0 36 8 0 30 43 0 35 47 0 42 9 0 43 22 0 37 48 0 36 8 0 3 10 0 4 11 0 44 20 0 38 21 0 5 14 0 0 0 0 26 37 0 50 31 0 45 38 0 46 7 0 40 4 0 39 49 0</p>
                </polylist>
            </mesh>
        </geometry>
        <geometry id="ID382">
            <mesh>
                <source id="ID383">
                    <float_array id="ID384" count="33">-1.72039 0.54103 6.29986e-006 3.32687 -1.72964e-006 3.86476e-006 -0.160704 -2.28087e-006 3.61458 2.36293 -1.38897e-006 -2.23393 -0.160704 -1.17842e-006 -3.61458 -12.6327 4.94039 -3.61458 -14.9226 6.00123 -2.23394 -15.7972 6.40643 -3.07767e-006 2.36293 -2.07032e-006 2.23394 -14.9226 6.00123 2.23393 -12.6327 4.94039 3.61458</float_array>
                    <technique_common>
                        <accessor count="11" source="#ID384" stride="3">
                            <param name="X" type="float"/>
                            <param name="Y" type="float"/>
                            <param name="Z" type="float"/>
                        </accessor>
                    </technique_common>
                </source>
                <source id="ID385">
                    <float_array id="ID386" count="33">-0.220097 -0.974152 0.0508393 -0.379449 -0.925003 0.0197138 -0.266517 -0.96383 -1.99339e-007 -0.220097 -0.974152 -0.0508396 -0.0861253 -0.992819 -0.0830236 -0.106582 -0.994304 -1.62221e-007 -0.0861252 -0.992819 0.0830232 -0.387394 -0.921131 0.0380006 -0.384619 -0.923076 -2.05851e-007 -0.387394 -0.921131 -0.0380011 -0.379449 -0.925003 -0.0197142</float_array>
                    <technique_common>
                        <accessor count="11" source="#ID386" stride="3">
                            <param name="X" type="float"/>
                            <param name="Y" type="float"/>
                            <param name="Z" type="float"/>
                        </accessor>
                    </technique_common>
                </source>
                <source id="ID387">
                    <float_array id="ID388" count="2">0 1</float_array>
                    <technique_common>
                        <accessor count="1" source="#ID388" stride="2">
                            <param name="S" type="float"/>
                            <param name="T" type="float"/>
                        </accessor>
                    </technique_common>
                </source>
                <vertices id="ID389">
                    <input semantic="POSITION" source="#ID383"/>
                </vertices>
                <polylist count="10" material="Material1">
                    <input offset="0" semantic="VERTEX" source="#ID389"/>
                    <input offset="1" semantic="NORMAL" source="#ID385"/>
                    <input offset="2" semantic="TEXCOORD" source="#ID387" set="0"/>
                    <vcount>3 3 3 3 3 3 3 3 3 3</vcount>
                    <p>0 2 0 5 1 0 4 0 0 0 2 0 8 4 0 2 3 0 0 2 0 3 6 0 1 5 0 0 2 0 6 7 0 5 1 0 0 2 0 7 8 0 6 7 0 0 2 0 1 5 0 8 4 0 0 2 0 9 9 0 7 8 0 0 2 0 10 10 0 9 9 0 0 2 0 4 0 0 3 6 0 0 2 0 2 3 0 10 10 0</p>
                </polylist>
            </mesh>
        </geometry>
        <geometry id="ID391">
            <mesh>
                <source id="ID392">
                    <float_array id="ID393" count="153">12.2447 3.36838e-006 -3.42822e-007 12.2159 2.12085 1.45681e-006 2.60037e-006 0.78753 4.27382e-006 7.34683 3.15428e-006 -3.42822e-007 8.5713 -2.12084 -3.42822e-007 11.0202 -2.12084 -3.42822e-007 9.90618 3.36838e-006 -7.19726 9.8829 2.12085 -7.18034 2.27029 3.15428e-006 6.98725 5.94371 3.15428e-006 -4.31836 6.93432 -2.12084 -5.03808 8.91556 -2.12084 -6.47753 3.78382 3.36838e-006 -11.6454 3.77493 2.12085 -11.618 2.64868 -2.12084 8.15179 2.27029 3.15428e-006 -6.98725 2.64868 -2.12084 -8.15179 3.40544 -2.12084 -10.4809 -3.78382 3.36838e-006 -11.6454 -3.77493 2.12085 -11.618 3.40544 -2.12084 10.4809 -2.27029 3.15428e-006 -6.98725 -2.64868 -2.12084 -8.15179 -3.40544 -2.12084 -10.4809 -9.90618 3.36838e-006 -7.19726 -9.8829 2.12085 -7.18034 9.90618 3.36838e-006 7.19726 -5.94371 3.15428e-006 -4.31836 -6.93433 -2.12084 -5.03808 -8.91556 -2.12084 -6.47753 -12.2447 3.36838e-006 7.27646e-007 -12.2159 2.12085 2.52476e-006 9.8829 2.12085 7.18035 -7.34683 3.15428e-006 2.99459e-007 -8.5713 -2.12084 4.06505e-007 -11.0202 -2.12084 6.20599e-007 -9.90618 3.36838e-006 7.19726 -9.8829 2.12085 7.18035 5.94371 3.15428e-006 4.31836 -5.94371 3.15429e-006 4.31836 -6.93432 -2.12084 5.03808 -8.91556 -2.12084 6.47753 -3.78382 3.36838e-006 11.6454 -3.77493 2.12085 11.618 6.93432 -2.12084 5.03808 -2.27029 3.15428e-006 6.98725 -2.64867 -2.12084 8.15179 -3.40544 -2.12084 10.4809 3.78382 3.36838e-006 11.6454 3.77493 2.12085 11.618 8.91556 -2.12084 6.47753</float_array>
                    <technique_common>
                        <accessor count="51" source="#ID393" stride="3">
                            <param name="X" type="float"/>
                            <param name="Y" type="float"/>
                            <param name="Z" type="float"/>
                        </accessor>
                    </technique_common>
                </source>
                <source id="ID394">
                    <float_array id="ID395" count="150">0.967239 -0.253868 4.03809e-008 0.999908 0.0135666 4.70036e-008 0.808943 0.013567 -0.587731 0.782513 -0.253868 -0.568529 0.396779 -0.871471 -0.288277 -0.396779 -0.871471 0.288277 -0.151556 -0.871471 0.466442 0.151556 -0.871471 -0.466442 -0.782512 -0.253869 0.568529 -0.298893 -0.253869 0.919899 -0.866025 -0.5 3.09597e-008 -0.490446 -0.871471 1.75331e-008 -0.396779 -0.871471 0.288277 -0.700629 -0.5 0.509037 0.490446 -0.871471 1.75331e-008 0.39678 -0.871471 -0.288277 0.308989 0.013567 -0.950969 0.298893 -0.253868 -0.919899 -0.267617 -0.5 -0.823639 -0.151556 -0.871471 -0.466442 -0.396779 -0.871471 -0.288277 -0.700629 -0.5 -0.509037 -0.308988 0.0135651 0.950969 0.308989 0.0135653 0.950969 0.298893 -0.253868 0.919899 -0.151556 -0.871471 0.466442 -0.267617 -0.5 0.823639 0.151556 -0.871471 -0.466442 -0.308989 0.0135669 -0.950969 -0.298893 -0.253868 -0.919899 0.151556 -0.871471 0.466442 0.396779 -0.871471 0.288277 0.151556 -0.871471 0.466442 0.267617 -0.5 0.823639 -0.151556 -0.871471 -0.466442 -0.808943 0.0135665 -0.587731 -0.782513 -0.253868 -0.568529 0.782513 -0.253868 0.568529 0.267616 -0.5 -0.823639 0.39678 -0.871471 0.288277 0.700629 -0.5 0.509037 -0.39678 -0.871471 -0.288277 -0.999908 0.0135659 1.09675e-007 -0.967239 -0.253868 9.69142e-008 0.808943 0.013566 0.587731 0.490446 -0.871471 -4.38327e-008 0.866025 -0.5 -7.73993e-008 -0.490446 -0.871471 4.38327e-008 -0.808942 0.0135654 0.587731 0.700629 -0.5 -0.509037</float_array>
                    <technique_common>
                        <accessor count="50" source="#ID395" stride="3">
                            <param name="X" type="float"/>
                            <param name="Y" type="float"/>
                            <param name="Z" type="float"/>
                        </accessor>
                    </technique_common>
                </source>
                <source id="ID396">
                    <float_array id="ID397" count="2">0 1</float_array>
                    <technique_common>
                        <accessor count="1" source="#ID397" stride="2">
                            <param name="S" type="float"/>
                            <param name="T" type="float"/>
                        </accessor>
                    </technique_common>
                </source>
                <vertices id="ID398">
                    <input semantic="POSITION" source="#ID392"/>
                </vertices>
                <polylist count="40" material="Material1">
                    <input offset="0" semantic="VERTEX" source="#ID398"/>
                    <input offset="1" semantic="NORMAL" source="#ID394"/>
                    <input offset="2" semantic="TEXCOORD" source="#ID396" set="0"/>
                    <vcount>4 4 4 4 4 4 4 4 4 4 4 4 4 4 4 4 4 4 4 4 4 4 4 4 4 4 4 4 4 4 4 4 4 4 4 4 4 4 4 4</vcount>
                    <p>6 3 0 7 2 0 1 1 0 0 0 0 46 7 0 47 6 0 41 5 0 40 4 0 47 6 0 42 9 0 36 8 0 41 5 0 9 13 0 10 12 0 4 11 0 3 10 0 10 12 0 11 15 0 5 14 0 4 11 0 11 15 0 6 3 0 0 0 0 5 14 0 12 17 0 13 16 0 7 2 0 6 3 0 38 21 0 44 20 0 14 19 0 8 18 0 48 24 0 49 23 0 43 22 0 42 9 0 15 26 0 16 25 0 10 12 0 9 13 0 16 25 0 17 27 0 11 15 0 10 12 0 17 27 0 12 17 0 6 3 0 11 15 0 18 29 0 19 28 0 13 16 0 12 17 0 44 20 0 50 31 0 20 30 0 14 19 0 4 11 0 5 14 0 50 31 0 44 20 0 21 33 0 22 32 0 16 25 0 15 26 0 22 32 0 23 34 0 17 27 0 16 25 0 23 34 0 18 29 0 12 17 0 17 27 0 24 36 0 25 35 0 19 28 0 18 29 0 50 31 0 26 37 0 48 24 0 20 30 0 8 18 0 14 19 0 46 7 0 45 38 0 27 40 0 28 39 0 22 32 0 21 33 0 28 39 0 29 41 0 23 34 0 22 32 0 29 41 0 24 36 0 18 29 0 23 34 0 30 43 0 31 42 0 25 35 0 24 36 0 0 0 0 1 1 0 32 44 0 26 37 0 14 19 0 20 30 0 47 6 0 46 7 0 33 46 0 34 45 0 28 39 0 27 40 0 34 45 0 35 47 0 29 41 0 28 39 0 35 47 0 30 43 0 24 36 0 29 41 0 36 8 0 37 48 0 31 42 0 30 43 0 20 30 0 48 24 0 42 9 0 47 6 0 26 37 0 32 44 0 49 23 0 48 24 0 39 49 0 40 4 0 34 45 0 33 46 0 40 4 0 41 5 0 35 47 0 34 45 0 41 5 0 36 8 0 30 43 0 35 47 0 42 9 0 43 22 0 37 48 0 36 8 0 3 10 0 4 11 0 44 20 0 38 21 0 5 14 0 0 0 0 26 37 0 50 31 0 45 38 0 46 7 0 40 4 0 39 49 0</p>
                </polylist>
            </mesh>
        </geometry>
        <geometry id="ID400">
            <mesh>
                <source id="ID401">
                    <float_array id="ID402" count="33">2.60037e-006 0.78753 4.27382e-006 7.34683 3.15428e-006 -3.42822e-007 2.27029 3.15428e-006 6.98725 5.94371 3.15428e-006 -4.31836 2.27029 3.15428e-006 -6.98725 -2.27029 3.15428e-006 -6.98725 -5.94371 3.15428e-006 -4.31836 -7.34683 3.15428e-006 2.99459e-007 5.94371 3.15428e-006 4.31836 -5.94371 3.15429e-006 4.31836 -2.27029 3.15428e-006 6.98725</float_array>
                    <technique_common>
                        <accessor count="11" source="#ID402" stride="3">
                            <param name="X" type="float"/>
                            <param name="Y" type="float"/>
                            <param name="Z" type="float"/>
                        </accessor>
                    </technique_common>
                </source>
                <source id="ID403">
                    <float_array id="ID404" count="33">-0.0329357 -0.994304 0.101366 0.0329357 -0.994304 0.101366 -2.54924e-008 -1 -4.3487e-008 -0.0329358 -0.994304 -0.101366 -0.0862269 -0.994304 -0.0626475 -0.106582 -0.994304 -7.45505e-009 -0.0862269 -0.994304 0.0626475 0.0862268 -0.994304 0.0626474 0.106582 -0.994304 -2.60927e-008 0.0862269 -0.994304 -0.0626475 0.0329357 -0.994304 -0.101366</float_array>
                    <technique_common>
                        <accessor count="11" source="#ID404" stride="3">
                            <param name="X" type="float"/>
                            <param name="Y" type="float"/>
                            <param name="Z" type="float"/>
                        </accessor>
                    </technique_common>
                </source>
                <source id="ID405">
                    <float_array id="ID406" count="2">0 1</float_array>
                    <technique_common>
                        <accessor count="1" source="#ID406" stride="2">
                            <param name="S" type="float"/>
                            <param name="T" type="float"/>
                        </accessor>
                    </technique_common>
                </source>
                <vertices id="ID407">
                    <input semantic="POSITION" source="#ID401"/>
                </vertices>
                <polylist count="10" material="Material1">
                    <input offset="0" semantic="VERTEX" source="#ID407"/>
                    <input offset="1" semantic="NORMAL" source="#ID403"/>
                    <input offset="2" semantic="TEXCOORD" source="#ID405" set="0"/>
                    <vcount>3 3 3 3 3 3 3 3 3 3</vcount>
                    <p>0 2 0 5 1 0 4 0 0 0 2 0 8 4 0 2 3 0 0 2 0 3 6 0 1 5 0 0 2 0 6 7 0 5 1 0 0 2 0 7 8 0 6 7 0 0 2 0 1 5 0 8 4 0 0 2 0 9 9 0 7 8 0 0 2 0 10 10 0 9 9 0 0 2 0 4 0 0 3 6 0 0 2 0 2 3 0 10 10 0</p>
                </polylist>
            </mesh>
        </geometry>
        <geometry id="ID409">
            <mesh>
                <source id="ID410">
                    <float_array id="ID411" count="153">12.2447 3.36838e-006 -8.17392e-007 12.2159 2.12085 9.82234e-007 2.81583e-006 0.78753 3.79925e-006 7.34683 3.15428e-006 -8.17392e-007 8.5713 -2.12084 -8.17392e-007 11.0202 -2.12084 -8.17392e-007 9.90618 3.36838e-006 -7.19726 9.8829 2.12085 -7.18035 2.27029 3.15428e-006 6.98725 5.94371 3.15428e-006 -4.31836 6.93432 -2.12084 -5.03808 8.91556 -2.12084 -6.47753 3.78382 3.36838e-006 -11.6454 3.77493 2.12085 -11.618 2.64868 -2.12084 8.15179 2.27029 3.15428e-006 -6.98725 2.64868 -2.12084 -8.15179 3.40544 -2.12084 -10.4809 -3.78382 3.36838e-006 -11.6454 -3.77493 2.12085 -11.618 3.40544 -2.12084 10.4809 -2.27029 3.15428e-006 -6.98725 -2.64868 -2.12084 -8.15179 -3.40544 -2.12084 -10.4809 -9.90618 3.36838e-006 -7.19726 -9.8829 2.12085 -7.18034 9.90618 3.36838e-006 7.19726 -5.94371 3.15428e-006 -4.31836 -6.93433 -2.12084 -5.03808 -8.91556 -2.12084 -6.47753 -12.2447 3.36838e-006 2.53075e-007 -12.2159 2.12085 2.05019e-006 9.8829 2.12085 7.18035 -7.34683 3.15428e-006 -1.75112e-007 -8.5713 -2.12084 -6.80653e-008 -11.0202 -2.12084 1.46028e-007 -9.90618 3.36838e-006 7.19726 -9.8829 2.12085 7.18035 5.94371 3.15428e-006 4.31836 -5.94371 3.15429e-006 4.31836 -6.93432 -2.12084 5.03808 -8.91556 -2.12084 6.47753 -3.78382 3.36838e-006 11.6454 -3.77493 2.12085 11.618 6.93432 -2.12084 5.03808 -2.27029 3.15428e-006 6.98725 -2.64867 -2.12084 8.15179 -3.40544 -2.12084 10.4809 3.78382 3.36838e-006 11.6454 3.77493 2.12085 11.618 8.91556 -2.12084 6.47753</float_array>
                    <technique_common>
                        <accessor count="51" source="#ID411" stride="3">
                            <param name="X" type="float"/>
                            <param name="Y" type="float"/>
                            <param name="Z" type="float"/>
                        </accessor>
                    </technique_common>
                </source>
                <source id="ID412">
                    <float_array id="ID413" count="150">0.967239 -0.253868 4.03809e-008 0.999908 0.0135666 4.70036e-008 0.808943 0.013567 -0.587731 0.782513 -0.253868 -0.568529 0.396779 -0.871472 -0.288277 -0.396779 -0.871471 0.288277 -0.151556 -0.871471 0.466442 0.151556 -0.871471 -0.466442 -0.782512 -0.253869 0.568529 -0.298893 -0.253869 0.919899 -0.866025 -0.5 3.09597e-008 -0.490446 -0.871471 1.75331e-008 -0.396779 -0.871471 0.288277 -0.700629 -0.5 0.509037 0.490446 -0.871471 1.75331e-008 0.39678 -0.871471 -0.288277 0.308988 0.013567 -0.950969 0.298893 -0.253868 -0.919899 -0.267617 -0.5 -0.823639 -0.151556 -0.871471 -0.466442 -0.396779 -0.871471 -0.288277 -0.700629 -0.5 -0.509037 -0.308988 0.0135651 0.950969 0.308989 0.0135653 0.950969 0.298893 -0.253869 0.919899 -0.151556 -0.871471 0.466442 -0.267617 -0.5 0.823639 0.151556 -0.871471 -0.466442 -0.308989 0.0135669 -0.950969 -0.298893 -0.253868 -0.919899 0.151556 -0.871471 0.466442 0.39678 -0.871471 0.288277 0.151556 -0.871471 0.466442 0.267617 -0.5 0.823639 -0.151556 -0.871471 -0.466442 -0.808943 0.0135666 -0.587731 -0.782513 -0.253868 -0.568529 0.782513 -0.253868 0.568529 0.267616 -0.5 -0.823639 0.396779 -0.871471 0.288277 0.700629 -0.5 0.509037 -0.396779 -0.871471 -0.288277 -0.999908 0.0135659 1.09675e-007 -0.967239 -0.253868 9.69142e-008 0.808943 0.013566 0.587731 0.490446 -0.871471 -4.38327e-008 0.866025 -0.5 -7.73993e-008 -0.490446 -0.871471 4.38327e-008 -0.808942 0.0135653 0.587731 0.700629 -0.5 -0.509037</float_array>
                    <technique_common>
                        <accessor count="50" source="#ID413" stride="3">
                            <param name="X" type="float"/>
                            <param name="Y" type="float"/>
                            <param name="Z" type="float"/>
                        </accessor>
                    </technique_common>
                </source>
                <source id="ID414">
                    <float_array id="ID415" count="2">0 1</float_array>
                    <technique_common>
                        <accessor count="1" source="#ID415" stride="2">
                            <param name="S" type="float"/>
                            <param name="T" type="float"/>
                        </accessor>
                    </technique_common>
                </source>
                <vertices id="ID416">
                    <input semantic="POSITION" source="#ID410"/>
                </vertices>
                <polylist count="40" material="Material1">
                    <input offset="0" semantic="VERTEX" source="#ID416"/>
                    <input offset="1" semantic="NORMAL" source="#ID412"/>
                    <input offset="2" semantic="TEXCOORD" source="#ID414" set="0"/>
                    <vcount>4 4 4 4 4 4 4 4 4 4 4 4 4 4 4 4 4 4 4 4 4 4 4 4 4 4 4 4 4 4 4 4 4 4 4 4 4 4 4 4</vcount>
                    <p>6 3 0 7 2 0 1 1 0 0 0 0 46 7 0 47 6 0 41 5 0 40 4 0 47 6 0 42 9 0 36 8 0 41 5 0 9 13 0 10 12 0 4 11 0 3 10 0 10 12 0 11 15 0 5 14 0 4 11 0 11 15 0 6 3 0 0 0 0 5 14 0 12 17 0 13 16 0 7 2 0 6 3 0 38 21 0 44 20 0 14 19 0 8 18 0 48 24 0 49 23 0 43 22 0 42 9 0 15 26 0 16 25 0 10 12 0 9 13 0 16 25 0 17 27 0 11 15 0 10 12 0 17 27 0 12 17 0 6 3 0 11 15 0 18 29 0 19 28 0 13 16 0 12 17 0 44 20 0 50 31 0 20 30 0 14 19 0 4 11 0 5 14 0 50 31 0 44 20 0 21 33 0 22 32 0 16 25 0 15 26 0 22 32 0 23 34 0 17 27 0 16 25 0 23 34 0 18 29 0 12 17 0 17 27 0 24 36 0 25 35 0 19 28 0 18 29 0 50 31 0 26 37 0 48 24 0 20 30 0 8 18 0 14 19 0 46 7 0 45 38 0 27 40 0 28 39 0 22 32 0 21 33 0 28 39 0 29 41 0 23 34 0 22 32 0 29 41 0 24 36 0 18 29 0 23 34 0 30 43 0 31 42 0 25 35 0 24 36 0 0 0 0 1 1 0 32 44 0 26 37 0 14 19 0 20 30 0 47 6 0 46 7 0 33 46 0 34 45 0 28 39 0 27 40 0 34 45 0 35 47 0 29 41 0 28 39 0 35 47 0 30 43 0 24 36 0 29 41 0 36 8 0 37 48 0 31 42 0 30 43 0 20 30 0 48 24 0 42 9 0 47 6 0 26 37 0 32 44 0 49 23 0 48 24 0 39 49 0 40 4 0 34 45 0 33 46 0 40 4 0 41 5 0 35 47 0 34 45 0 41 5 0 36 8 0 30 43 0 35 47 0 42 9 0 43 22 0 37 48 0 36 8 0 3 10 0 4 11 0 44 20 0 38 21 0 5 14 0 0 0 0 26 37 0 50 31 0 45 38 0 46 7 0 40 4 0 39 49 0</p>
                </polylist>
            </mesh>
        </geometry>
        <geometry id="ID418">
            <mesh>
                <source id="ID419">
                    <float_array id="ID420" count="33">2.81583e-006 0.78753 3.79925e-006 7.34683 3.15428e-006 -8.17392e-007 2.27029 3.15428e-006 6.98725 5.94371 3.15428e-006 -4.31836 2.27029 3.15428e-006 -6.98725 -2.27029 3.15428e-006 -6.98725 -5.94371 3.15428e-006 -4.31836 -7.34683 3.15428e-006 -1.75112e-007 5.94371 3.15428e-006 4.31836 -5.94371 3.15429e-006 4.31836 -2.27029 3.15428e-006 6.98725</float_array>
                    <technique_common>
                        <accessor count="11" source="#ID420" stride="3">
                            <param name="X" type="float"/>
                            <param name="Y" type="float"/>
                            <param name="Z" type="float"/>
                        </accessor>
                    </technique_common>
                </source>
                <source id="ID421">
                    <float_array id="ID422" count="33">-0.0329357 -0.994304 0.101366 0.0329357 -0.994304 0.101366 -2.77417e-008 -1 -4.04879e-008 -0.0329358 -0.994304 -0.101366 -0.086227 -0.994304 -0.0626475 -0.106582 -0.994304 -5.59129e-009 -0.0862269 -0.994304 0.0626475 0.0862268 -0.994304 0.0626474 0.106582 -0.994304 -2.42289e-008 0.0862269 -0.994304 -0.0626475 0.0329357 -0.994304 -0.101366</float_array>
                    <technique_common>
                        <accessor count="11" source="#ID422" stride="3">
                            <param name="X" type="float"/>
                            <param name="Y" type="float"/>
                            <param name="Z" type="float"/>
                        </accessor>
                    </technique_common>
                </source>
                <source id="ID423">
                    <float_array id="ID424" count="2">0 1</float_array>
                    <technique_common>
                        <accessor count="1" source="#ID424" stride="2">
                            <param name="S" type="float"/>
                            <param name="T" type="float"/>
                        </accessor>
                    </technique_common>
                </source>
                <vertices id="ID425">
                    <input semantic="POSITION" source="#ID419"/>
                </vertices>
                <polylist count="10" material="Material1">
                    <input offset="0" semantic="VERTEX" source="#ID425"/>
                    <input offset="1" semantic="NORMAL" source="#ID421"/>
                    <input offset="2" semantic="TEXCOORD" source="#ID423" set="0"/>
                    <vcount>3 3 3 3 3 3 3 3 3 3</vcount>
                    <p>0 2 0 5 1 0 4 0 0 0 2 0 8 4 0 2 3 0 0 2 0 3 6 0 1 5 0 0 2 0 6 7 0 5 1 0 0 2 0 7 8 0 6 7 0 0 2 0 1 5 0 8 4 0 0 2 0 9 9 0 7 8 0 0 2 0 10 10 0 9 9 0 0 2 0 4 0 0 3 6 0 0 2 0 2 3 0 10 10 0</p>
                </polylist>
            </mesh>
        </geometry>
        <geometry id="ID427">
            <mesh>
                <source id="ID428">
                    <float_array id="ID429" count="72">-43.35 -1.55464 3.9397 -43.35 1.55464 3.9397 43.35 -1.55464 3.9397 43.35 1.55464 3.9397 43.35 -1.55464 -3.93971 43.35 1.55464 -3.93971 -43.35 -1.55464 -3.93971 -43.35 1.55464 -3.93971 -43.35 4.13575 3.9397 -43.35 7.24503 3.9397 43.35 4.13575 3.9397 43.35 7.24503 3.9397 43.35 4.13575 -3.93971 43.35 7.24503 -3.93971 -43.35 4.13575 -3.93971 -43.35 7.24503 -3.93971 -43.35 9.80702 3.9397 -43.35 12.9163 3.9397 43.35 9.80702 3.9397 43.35 12.9163 3.9397 43.35 9.80702 -3.93971 43.35 12.9163 -3.93971 -43.35 9.80702 -3.93971 -43.35 12.9163 -3.93971</float_array>
                    <technique_common>
                        <accessor count="24" source="#ID429" stride="3">
                            <param name="X" type="float"/>
                            <param name="Y" type="float"/>
                            <param name="Z" type="float"/>
                        </accessor>
                    </technique_common>
                </source>
                <source id="ID430">
                    <float_array id="ID431" count="18">0 0 1 1 0 -0 0 0 -1 -1 0 -0 0 1 -0 0 -1 -0</float_array>
                    <technique_common>
                        <accessor count="6" source="#ID431" stride="3">
                            <param name="X" type="float"/>
                            <param name="Y" type="float"/>
                            <param name="Z" type="float"/>
                        </accessor>
                    </technique_common>
                </source>
                <source id="ID432">
                    <float_array id="ID433" count="2">0 1</float_array>
                    <technique_common>
                        <accessor count="1" source="#ID433" stride="2">
                            <param name="S" type="float"/>
                            <param name="T" type="float"/>
                        </accessor>
                    </technique_common>
                </source>
                <vertices id="ID434">
                    <input semantic="POSITION" source="#ID428"/>
                </vertices>
                <polylist count="18" material="Material1">
                    <input offset="0" semantic="VERTEX" source="#ID434"/>
                    <input offset="1" semantic="NORMAL" source="#ID430"/>
                    <input offset="2" semantic="TEXCOORD" source="#ID432" set="0"/>
                    <vcount>4 4 4 4 4 4 4 4 4 4 4 4 4 4 4 4 4 4</vcount>
                    <p>2 0 0 3 0 0 1 0 0 0 0 0 4 1 0 5 1 0 3 1 0 2 1 0 6 2 0 7 2 0 5 2 0 4 2 0 0 3 0 1 3 0 7 3 0 6 3 0 3 4 0 5 4 0 7 4 0 1 4 0 4 5 0 2 5 0 0 5 0 6 5 0 10 0 0 11 0 0 9 0 0 8 0 0 12 1 0 13 1 0 11 1 0 10 1 0 14 2 0 15 2 0 13 2 0 12 2 0 8 3 0 9 3 0 15 3 0 14 3 0 11 4 0 13 4 0 15 4 0 9 4 0 12 5 0 10 5 0 8 5 0 14 5 0 18 0 0 19 0 0 17 0 0 16 0 0 20 1 0 21 1 0 19 1 0 18 1 0 22 2 0 23 2 0 21 2 0 20 2 0 16 3 0 17 3 0 23 3 0 22 3 0 19 4 0 21 4 0 23 4 0 17 4 0 20 5 0 18 5 0 16 5 0 22 5 0</p>
                </polylist>
            </mesh>
        </geometry>
        <geometry id="ID436">
            <mesh>
                <source id="ID437">
                    <float_array id="ID438" count="72">-86.3336 -5.62003 19.6435 -86.3336 5.62003 19.6435 -90.2884 -5.62003 17.531 -90.2884 5.62003 17.531 0.0111054 -5.62003 0.869157 0.0111054 5.62003 0.869157 0.0111054 -5.62003 -4.85976 0.0111127 5.62003 -4.85976 -83.9215 -5.62003 4.80765 -83.9215 5.62003 4.80765 -88.6543 -5.62003 1.21864 -88.6543 5.62003 1.21864 86.3336 -5.62003 19.6435 86.3336 5.62003 19.6435 90.2884 -5.62003 17.531 90.2884 5.62003 17.531 -0.0111054 -5.62003 0.869156 -0.0111054 5.62003 0.869156 -0.0111054 -5.62003 -4.85976 -0.0111127 5.62003 -4.85976 83.9215 -5.62003 4.80765 83.9215 5.62003 4.80765 88.6543 -5.62003 1.21864 88.6543 5.62003 1.21864</float_array>
                    <technique_common>
                        <accessor count="24" source="#ID438" stride="3">
                            <param name="X" type="float"/>
                            <param name="Y" type="float"/>
                            <param name="Z" type="float"/>
                        </accessor>
                    </technique_common>
                </source>
                <source id="ID439">
                    <float_array id="ID440" count="48">-0.695921 1.99925e-008 -0.718118 -0.0683938 3.05498e-008 -0.997658 0 -1 -0 -0.882254 0 0.470774 -0.471174 0 0.882041 0.665568 0 0.746337 0.987039 0 0.16048 0.0468729 0 0.998901 0 1 -0 0.695921 1.99925e-008 -0.718118 0.0683938 3.05498e-008 -0.997658 0.882254 0 0.470774 0.471174 0 0.882041 -0.665568 0 0.746337 -0.987039 0 0.16048 -0.0468729 0 0.998901</float_array>
                    <technique_common>
                        <accessor count="16" source="#ID440" stride="3">
                            <param name="X" type="float"/>
                            <param name="Y" type="float"/>
                            <param name="Z" type="float"/>
                        </accessor>
                    </technique_common>
                </source>
                <source id="ID441">
                    <float_array id="ID442" count="2">0 1</float_array>
                    <technique_common>
                        <accessor count="1" source="#ID442" stride="2">
                            <param name="S" type="float"/>
                            <param name="T" type="float"/>
                        </accessor>
                    </technique_common>
                </source>
                <vertices id="ID443">
                    <input semantic="POSITION" source="#ID437"/>
                </vertices>
                <polylist count="18" material="Material1">
                    <input offset="0" semantic="VERTEX" source="#ID443"/>
                    <input offset="1" semantic="NORMAL" source="#ID439"/>
                    <input offset="2" semantic="TEXCOORD" source="#ID441" set="0"/>
                    <vcount>4 4 4 4 4 4 4 4 4 4 4 4 4 4 4 4 4 4</vcount>
                    <p>11 0 0 7 1 0 6 1 0 10 0 0 10 2 0 6 2 0 4 2 0 8 2 0 10 0 0 2 3 0 3 3 0 11 0 0 0 4 0 1 4 0 3 3 0 2 3 0 9 5 0 1 6 0 0 6 0 8 5 0 10 2 0 8 2 0 0 2 0 2 2 0 5 7 0 9 5 0 8 5 0 4 7 0 11 8 0 3 8 0 1 8 0 9 8 0 7 8 0 11 8 0 9 8 0 5 8 0 18 10 0 19 10 0 23 9 0 22 9 0 16 2 0 18 2 0 22 2 0 20 2 0 15 11 0 14 11 0 22 9 0 23 9 0 15 11 0 13 12 0 12 12 0 14 11 0 12 14 0 13 14 0 21 13 0 20 13 0 12 2 0 20 2 0 22 2 0 14 2 0 20 13 0 21 13 0 17 15 0 16 15 0 13 8 0 15 8 0 23 8 0 21 8 0 21 8 0 23 8 0 19 8 0 17 8 0</p>
                </polylist>
            </mesh>
        </geometry>
        <geometry id="ID445">
            <mesh>
                <source id="ID446">
                    <float_array id="ID447" count="72">-86.3336 -5.62003 19.6435 -86.3336 5.62003 19.6435 -90.2884 -5.62003 17.531 -90.2884 5.62003 17.531 0.0111054 -5.62003 0.869157 0.0111054 5.62003 0.869157 0.0111054 -5.62003 -4.85976 0.0111127 5.62003 -4.85976 -83.9215 -5.62003 4.80765 -83.9215 5.62003 4.80765 -88.6543 -5.62003 1.21864 -88.6543 5.62003 1.21864 86.3336 -5.62003 19.6435 86.3336 5.62003 19.6435 90.2884 -5.62003 17.531 90.2884 5.62003 17.531 -0.0111054 -5.62003 0.869156 -0.0111054 5.62003 0.869156 -0.0111054 -5.62003 -4.85976 -0.0111127 5.62003 -4.85976 83.9215 -5.62003 4.80765 83.9215 5.62003 4.80765 88.6543 -5.62003 1.21864 88.6543 5.62003 1.21864</float_array>
                    <technique_common>
                        <accessor count="24" source="#ID447" stride="3">
                            <param name="X" type="float"/>
                            <param name="Y" type="float"/>
                            <param name="Z" type="float"/>
                        </accessor>
                    </technique_common>
                </source>
                <source id="ID448">
                    <float_array id="ID449" count="48">-0.695921 1.99925e-008 -0.718118 -0.0683938 3.05498e-008 -0.997658 0 -1 -0 -0.882254 0 0.470774 -0.471174 0 0.882041 0.665568 0 0.746337 0.987039 0 0.16048 0.0468729 0 0.998901 0 1 -0 0.695921 1.99925e-008 -0.718118 0.0683938 3.05498e-008 -0.997658 0.882254 0 0.470774 0.471174 0 0.882041 -0.665568 0 0.746337 -0.987039 0 0.16048 -0.0468729 0 0.998901</float_array>
                    <technique_common>
                        <accessor count="16" source="#ID449" stride="3">
                            <param name="X" type="float"/>
                            <param name="Y" type="float"/>
                            <param name="Z" type="float"/>
                        </accessor>
                    </technique_common>
                </source>
                <source id="ID450">
                    <float_array id="ID451" count="2">0 1</float_array>
                    <technique_common>
                        <accessor count="1" source="#ID451" stride="2">
                            <param name="S" type="float"/>
                            <param name="T" type="float"/>
                        </accessor>
                    </technique_common>
                </source>
                <vertices id="ID452">
                    <input semantic="POSITION" source="#ID446"/>
                </vertices>
                <polylist count="18" material="Material1">
                    <input offset="0" semantic="VERTEX" source="#ID452"/>
                    <input offset="1" semantic="NORMAL" source="#ID448"/>
                    <input offset="2" semantic="TEXCOORD" source="#ID450" set="0"/>
                    <vcount>4 4 4 4 4 4 4 4 4 4 4 4 4 4 4 4 4 4</vcount>
                    <p>11 0 0 7 1 0 6 1 0 10 0 0 10 2 0 6 2 0 4 2 0 8 2 0 10 0 0 2 3 0 3 3 0 11 0 0 0 4 0 1 4 0 3 3 0 2 3 0 9 5 0 1 6 0 0 6 0 8 5 0 10 2 0 8 2 0 0 2 0 2 2 0 5 7 0 9 5 0 8 5 0 4 7 0 11 8 0 3 8 0 1 8 0 9 8 0 7 8 0 11 8 0 9 8 0 5 8 0 18 10 0 19 10 0 23 9 0 22 9 0 16 2 0 18 2 0 22 2 0 20 2 0 15 11 0 14 11 0 22 9 0 23 9 0 15 11 0 13 12 0 12 12 0 14 11 0 12 14 0 13 14 0 21 13 0 20 13 0 12 2 0 20 2 0 22 2 0 14 2 0 20 13 0 21 13 0 17 15 0 16 15 0 13 8 0 15 8 0 23 8 0 21 8 0 21 8 0 23 8 0 19 8 0 17 8 0</p>
                </polylist>
            </mesh>
        </geometry>
        <geometry id="ID454">
            <mesh>
                <source id="ID455">
                    <float_array id="ID456" count="150">0 2.2614 -26.9641 0 -0.709126 -15.7264 5.62501 0 11.25 5.62501 0 11.25 5.62501 2.90935 -38.531 5.62501 -0.709126 -15.7264 3.97748 -3.97748 11.25 3.97748 -3.97748 11.25 3.97748 -1.06813 -38.531 3.97748 -4.68661 -15.7264 -2.45877e-007 -5.62501 11.25 -2.45877e-007 -5.62501 11.25 -2.45877e-007 -2.71566 -38.531 -2.45877e-007 -6.33413 -15.7264 -3.97748 -3.97748 11.25 -3.97748 -3.97748 11.25 -3.97748 -1.06813 -38.531 -3.97748 -4.68661 -15.7264 -5.62501 4.91754e-007 11.25 -5.62501 4.91754e-007 11.25 -5.62501 2.90935 -38.531 -5.62501 -0.709126 -15.7264 -3.97748 3.97748 11.25 -3.97748 3.97748 11.25 -3.97748 6.88683 -38.531 -3.97748 3.26835 -15.7264 6.70775e-008 5.62501 11.25 6.70775e-008 5.62501 11.25 6.70775e-008 8.53435 -38.531 6.70775e-008 4.91588 -15.7264 3.97748 3.97748 11.25 3.97748 3.97748 11.25 3.97748 6.88683 -38.531 3.97748 3.26835 -15.7264 3.54681 1.67595e-007 11.25 2.50798 -2.50798 11.25 -1.78839e-007 -3.54681 11.25 -2.50798 -2.50798 11.25 -3.54681 2.23602e-007 11.25 -2.50798 2.50798 11.25 -1.00517e-007 3.54681 11.25 2.50798 2.50797 11.25 3.20045 2.2614 -26.9641 2.26306 -0.00165558 -26.9641 -1.62079e-007 -0.939045 -26.9641 -2.26306 -0.00165558 -26.9641 -3.20045 2.2614 -26.9641 -2.26306 4.52446 -26.9641 -1.34036e-007 5.46185 -26.9641 2.26306 4.52446 -26.9641</float_array>
                    <technique_common>
                        <accessor count="50" source="#ID456" stride="3">
                            <param name="X" type="float"/>
                            <param name="Y" type="float"/>
                            <param name="Z" type="float"/>
                        </accessor>
                    </technique_common>
                </source>
                <source id="ID457">
                    <float_array id="ID458" count="66">-0.467684 0.467393 0.750211 -0.706412 0.705973 0.0508296 -0.999959 -7.84061e-005 0.0090588 -0.675436 -5.29605e-005 0.737419 1 -8.06647e-008 -6.04985e-009 0.70668 -0.706328 -0.0412798 -0.70668 0.706328 0.0412798 1.28999e-007 0.998297 0.0583433 2.11797e-008 0.655276 0.75539 3.22469e-008 0.99768 0.0680826 -1.61249e-008 -0.998297 -0.0583433 -0.706869 -0.706585 -0.0327548 -1.77385e-007 -0.998747 -0.0500505 0.467684 0.467393 0.750211 0.706412 0.705973 0.0508296 -0.70668 -0.706328 -0.0412798 0.706681 0.706328 0.0412798 0.675436 -5.31239e-005 0.737419 0.999959 -7.86481e-005 0.00905878 -1 1.29063e-007 6.04985e-009 0.706869 -0.706586 -0.0327548 0 0 1</float_array>
                    <technique_common>
                        <accessor count="22" source="#ID458" stride="3">
                            <param name="X" type="float"/>
                            <param name="Y" type="float"/>
                            <param name="Z" type="float"/>
                        </accessor>
                    </technique_common>
                </source>
                <source id="ID459">
                    <float_array id="ID460" count="2">0 1</float_array>
                    <technique_common>
                        <accessor count="1" source="#ID460" stride="2">
                            <param name="S" type="float"/>
                            <param name="T" type="float"/>
                        </accessor>
                    </technique_common>
                </source>
                <vertices id="ID461">
                    <input semantic="POSITION" source="#ID455"/>
                </vertices>
                <polylist count="24" material="Material1">
                    <input offset="0" semantic="VERTEX" source="#ID461"/>
                    <input offset="1" semantic="NORMAL" source="#ID457"/>
                    <input offset="2" semantic="TEXCOORD" source="#ID459" set="0"/>
                    <vcount>4 4 4 4 4 4 4 4 4 4 4 4 4 4 4 4 4 4 4 4 4 4 4 4</vcount>
                    <p>34 3 0 42 2 0 43 1 0 35 0 0 7 5 0 8 5 0 4 4 0 3 4 0 27 7 0 28 7 0 24 6 0 23 6 0 35 0 0 43 1 0 44 9 0 36 8 0 11 10 0 12 10 0 8 5 0 7 5 0 40 12 0 48 12 0 49 11 0 41 11 0 36 8 0 44 9 0 45 14 0 37 13 0 15 15 0 16 15 0 12 10 0 11 10 0 31 16 0 32 16 0 28 7 0 27 7 0 37 13 0 45 14 0 46 18 0 38 17 0 19 19 0 20 19 0 16 15 0 15 15 0 41 11 0 49 11 0 42 2 0 34 3 0 38 17 0 46 18 0 47 20 0 39 20 0 23 6 0 24 6 0 20 19 0 19 19 0 3 4 0 4 4 0 32 16 0 31 16 0 39 20 0 47 20 0 48 12 0 40 12 0 2 21 0 34 3 0 35 0 0 6 21 0 6 21 0 35 0 0 36 8 0 10 21 0 26 21 0 40 21 0 41 21 0 30 21 0 10 21 0 36 8 0 37 13 0 14 21 0 14 21 0 37 13 0 38 17 0 18 21 0 30 21 0 41 21 0 34 3 0 2 21 0 18 21 0 38 17 0 39 21 0 22 21 0 22 21 0 39 21 0 40 21 0 26 21 0</p>
                </polylist>
            </mesh>
        </geometry>
        <geometry id="ID464">
            <mesh>
                <source id="ID465">
                    <float_array id="ID466" count="186">-13.2625 -2.0262e-012 -5.67088e-033 9.51437 -2.0262e-012 -5.67088e-033 -13.2625 -31.0318 1.76172e-007 13.2625 -31.0318 1.76172e-007 -13.2625 -25.1052 -18.24 13.2625 -25.1052 -18.24 -13.2625 -9.58934 -29.513 13.2625 -9.58934 -29.513 -13.2625 9.58934 -29.513 13.2625 9.58934 -29.513 -13.2625 25.1052 -18.24 13.2625 25.1052 -18.24 -13.2625 31.0318 2.88905e-006 13.2625 31.0318 2.88905e-006 -13.2625 25.1052 18.24 13.2625 25.1052 18.24 -13.2625 9.58933 29.513 13.2625 9.58933 29.513 -13.2625 -9.58934 29.513 13.2625 -9.58934 29.513 -13.2625 -25.1052 18.24 13.2625 -25.1052 18.24 13.2625 -15.2584 -9.58489e-007 13.2625 -12.3443 -8.96864 13.2625 -4.71509 -14.5116 13.2625 4.71509 -14.5116 13.2625 12.3443 -8.96864 13.2625 15.2584 2.15813e-006 13.2625 12.3443 8.96864 13.2625 4.71509 14.5116 13.2625 -4.7151 14.5116 13.2625 -12.3443 8.96864 9.51437 -9.18585 -9.58489e-007 9.51437 -7.43151 -5.39931 9.51437 -2.83858 -8.73627 9.51437 2.83858 -8.73626 9.51437 7.43151 -5.39931 9.51437 9.18585 2.06299e-006 9.51437 7.43151 5.39931 9.51437 2.83858 8.73627 9.51437 -2.83859 8.73627 9.51437 -7.43151 5.39931 -7.40205 -35.65 -1.69407e-019 7.40209 -35.65 -1.69407e-019 -7.40205 -28.8415 -20.9545 7.40209 -28.8415 -20.9545 -7.40205 -11.0165 -33.9052 7.40209 -11.0165 -33.9052 -7.40205 11.0165 -33.9052 7.40209 11.0165 -33.9052 -7.40205 28.8415 -20.9545 7.40209 28.8415 -20.9545 -7.40205 35.65 3.11662e-006 7.40209 35.65 3.11662e-006 -7.40205 28.8415 20.9545 7.40209 28.8415 20.9545 -7.40205 11.0164 33.9052 7.40209 11.0164 33.9052 -7.40205 -11.0165 33.9052 7.40209 -11.0165 33.9052 -7.40205 -28.8415 20.9545 7.40209 -28.8415 20.9545</float_array>
                    <technique_common>
                        <accessor count="62" source="#ID466" stride="3">
                            <param name="X" type="float"/>
                            <param name="Y" type="float"/>
                            <param name="Z" type="float"/>
                        </accessor>
                    </technique_common>
                </source>
                <source id="ID467">
                    <float_array id="ID468" count="174">-1 0 -0 -0.903022 -0.429595 3.78516e-008 -0.903022 -0.347549 -0.252509 -0.330594 -0.943773 7.39269e-008 0.330594 -0.943773 7.39269e-008 0.330594 -0.763529 -0.554736 -0.330594 -0.763529 -0.554736 0.962572 0.271027 3.90016e-009 1 0 -0 0.962572 0.219266 0.159306 -0.903022 -0.132752 -0.408569 0.330593 -0.291642 -0.897582 -0.330594 -0.291642 -0.897582 0.962572 0.083752 0.257762 -0.903022 0.132752 -0.408569 0.330594 0.291642 -0.897582 -0.330594 0.291642 -0.897582 0.962572 -0.083752 0.257762 -0.903022 0.347549 -0.252509 0.330594 0.763529 -0.554736 -0.330594 0.763529 -0.554736 0.962572 -0.219266 0.159306 -0.903022 0.429595 4.62631e-008 0.330594 0.943773 9.44621e-008 -0.330594 0.943773 9.03551e-008 0.962572 -0.271027 -1.95008e-008 -0.903022 0.347549 0.252509 0.330594 0.763528 0.554736 -0.330594 0.763528 0.554736 0.962572 -0.219266 -0.159306 -0.903022 0.132752 0.408569 0.330594 0.291642 0.897582 -0.330594 0.291642 0.897582 0.962572 -0.0837519 -0.257762 -0.903022 -0.132752 0.408569 0.330594 -0.291642 0.897582 -0.330594 -0.291642 0.897582 0.962572 0.083752 -0.257762 -0.903022 -0.347549 0.252509 0.330594 -0.763528 0.554736 -0.330594 -0.763529 0.554736 0.962572 0.219266 -0.159306 0.903022 -0.429595 2.94402e-008 0.903022 -0.347549 -0.252509 0.903022 -0.132752 -0.408569 0.962572 -0.083752 0.257762 0.903022 0.132752 -0.408569 0.962572 -0.219266 0.159306 0.903022 0.347549 -0.252509 0.962572 -0.271027 -1.95008e-008 0.903022 0.429595 5.46746e-008 0.962572 -0.219266 -0.159306 0.903022 0.347549 0.252509 0.903022 0.132752 0.408569 0.962572 0.083752 -0.257762 0.903022 -0.132752 0.408569 0.962572 0.219266 -0.159306 0.903022 -0.347549 0.252509</float_array>
                    <technique_common>
                        <accessor count="58" source="#ID468" stride="3">
                            <param name="X" type="float"/>
                            <param name="Y" type="float"/>
                            <param name="Z" type="float"/>
                        </accessor>
                    </technique_common>
                </source>
                <source id="ID469">
                    <float_array id="ID470" count="2">0 1</float_array>
                    <technique_common>
                        <accessor count="1" source="#ID470" stride="2">
                            <param name="S" type="float"/>
                            <param name="T" type="float"/>
                        </accessor>
                    </technique_common>
                </source>
                <vertices id="ID471">
                    <input semantic="POSITION" source="#ID465"/>
                </vertices>
                <polylist count="70" material="Material1">
                    <input offset="0" semantic="VERTEX" source="#ID471"/>
                    <input offset="1" semantic="NORMAL" source="#ID467"/>
                    <input offset="2" semantic="TEXCOORD" source="#ID469" set="0"/>
                    <vcount>3 4 3 3 4 3 3 4 3 3 4 3 3 4 3 3 4 3 3 4 3 3 4 3 3 4 3 3 4 3 4 4 4 4 4 4 4 4 4 4 4 4 4 4 4 4 4 4 4 4 4 4 4 4 4 4 4 4 4 4 4 4 4 4 4 4 4 4 4 4</vcount>
                    <p>4 2 0 2 1 0 0 0 0 44 6 0 45 5 0 43 4 0 42 3 0 33 9 0 1 8 0 32 7 0 6 10 0 4 2 0 0 0 0 46 12 0 47 11 0 45 5 0 44 6 0 34 13 0 1 8 0 33 9 0 8 14 0 6 10 0 0 0 0 48 16 0 49 15 0 47 11 0 46 12 0 35 17 0 1 8 0 34 13 0 10 18 0 8 14 0 0 0 0 50 20 0 51 19 0 49 15 0 48 16 0 36 21 0 1 8 0 35 17 0 12 22 0 10 18 0 0 0 0 52 24 0 53 23 0 51 19 0 50 20 0 37 25 0 1 8 0 36 21 0 14 26 0 12 22 0 0 0 0 54 28 0 55 27 0 53 23 0 52 24 0 38 29 0 1 8 0 37 25 0 16 30 0 14 26 0 0 0 0 56 32 0 57 31 0 55 27 0 54 28 0 39 33 0 1 8 0 38 29 0 18 34 0 16 30 0 0 0 0 58 36 0 59 35 0 57 31 0 56 32 0 40 37 0 1 8 0 39 33 0 20 38 0 18 34 0 0 0 0 60 40 0 61 39 0 59 35 0 58 36 0 41 41 0 1 8 0 40 37 0 2 1 0 20 38 0 0 0 0 42 3 0 43 4 0 61 39 0 60 40 0 32 7 0 1 8 0 41 41 0 5 43 0 23 9 0 22 7 0 3 42 0 7 44 0 24 13 0 23 9 0 5 43 0 9 46 0 25 45 0 24 13 0 7 44 0 11 48 0 26 47 0 25 45 0 9 46 0 13 50 0 27 49 0 26 47 0 11 48 0 15 52 0 28 51 0 27 49 0 13 50 0 17 53 0 29 33 0 28 51 0 15 52 0 19 55 0 30 54 0 29 33 0 17 53 0 21 57 0 31 56 0 30 54 0 19 55 0 3 42 0 22 7 0 31 56 0 21 57 0 23 9 0 33 9 0 32 7 0 22 7 0 24 13 0 34 13 0 33 9 0 23 9 0 25 45 0 35 17 0 34 13 0 24 13 0 26 47 0 36 21 0 35 17 0 25 45 0 27 49 0 37 25 0 36 21 0 26 47 0 28 51 0 38 29 0 37 25 0 27 49 0 29 33 0 39 33 0 38 29 0 28 51 0 30 54 0 40 37 0 39 33 0 29 33 0 31 56 0 41 41 0 40 37 0 30 54 0 22 7 0 32 7 0 41 41 0 31 56 0 4 2 0 44 6 0 42 3 0 2 1 0 3 42 0 43 4 0 45 5 0 5 43 0 6 10 0 46 12 0 44 6 0 4 2 0 5 43 0 45 5 0 47 11 0 7 44 0 8 14 0 48 16 0 46 12 0 6 10 0 7 44 0 47 11 0 49 15 0 9 46 0 10 18 0 50 20 0 48 16 0 8 14 0 9 46 0 49 15 0 51 19 0 11 48 0 12 22 0 52 24 0 50 20 0 10 18 0 11 48 0 51 19 0 53 23 0 13 50 0 14 26 0 54 28 0 52 24 0 12 22 0 13 50 0 53 23 0 55 27 0 15 52 0 16 30 0 56 32 0 54 28 0 14 26 0 15 52 0 55 27 0 57 31 0 17 53 0 18 34 0 58 36 0 56 32 0 16 30 0 17 53 0 57 31 0 59 35 0 19 55 0 20 38 0 60 40 0 58 36 0 18 34 0 19 55 0 59 35 0 61 39 0 21 57 0 2 1 0 42 3 0 60 40 0 20 38 0 21 57 0 61 39 0 43 4 0 3 42 0</p>
                </polylist>
            </mesh>
        </geometry>
        <geometry id="ID473">
            <mesh>
                <source id="ID474">
                    <float_array id="ID475" count="186">-13.2625 -1.98616e-013 -5.67088e-033 9.51436 -1.98616e-013 -5.67088e-033 -13.2625 -31.0318 1.76172e-007 13.2625 -31.0318 1.76172e-007 -13.2625 -25.1052 -18.24 13.2625 -25.1052 -18.24 -13.2625 -9.58934 -29.513 13.2625 -9.58934 -29.513 -13.2625 9.58934 -29.513 13.2625 9.58934 -29.513 -13.2625 25.1052 -18.24 13.2625 25.1052 -18.24 -13.2625 31.0318 2.88905e-006 13.2625 31.0318 2.88905e-006 -13.2625 25.1052 18.24 13.2625 25.1052 18.24 -13.2625 9.58933 29.513 13.2625 9.58933 29.513 -13.2625 -9.58934 29.513 13.2625 -9.58934 29.513 -13.2625 -25.1052 18.24 13.2625 -25.1052 18.24 13.2625 -15.2584 -9.58489e-007 13.2625 -12.3443 -8.96864 13.2625 -4.71509 -14.5116 13.2625 4.71509 -14.5116 13.2625 12.3443 -8.96864 13.2625 15.2584 2.15813e-006 13.2625 12.3443 8.96864 13.2625 4.71509 14.5116 13.2625 -4.7151 14.5116 13.2625 -12.3443 8.96864 9.51436 -9.18585 -9.58489e-007 9.51436 -7.43151 -5.39931 9.51436 -2.83858 -8.73627 9.51436 2.83858 -8.73626 9.51436 7.43151 -5.39931 9.51436 9.18585 2.06299e-006 9.51436 7.43151 5.39931 9.51436 2.83858 8.73627 9.51436 -2.83859 8.73627 9.51436 -7.43151 5.39931 -7.40206 -35.65 -1.69407e-019 7.40208 -35.65 -1.69407e-019 -7.40206 -28.8415 -20.9545 7.40208 -28.8415 -20.9545 -7.40206 -11.0165 -33.9052 7.40208 -11.0165 -33.9052 -7.40206 11.0165 -33.9052 7.40208 11.0165 -33.9052 -7.40206 28.8415 -20.9545 7.40208 28.8415 -20.9545 -7.40206 35.65 3.11662e-006 7.40208 35.65 3.11662e-006 -7.40206 28.8415 20.9545 7.40208 28.8415 20.9545 -7.40206 11.0164 33.9052 7.40208 11.0164 33.9052 -7.40206 -11.0165 33.9052 7.40208 -11.0165 33.9052 -7.40206 -28.8415 20.9545 7.40208 -28.8415 20.9545</float_array>
                    <technique_common>
                        <accessor count="62" source="#ID475" stride="3">
                            <param name="X" type="float"/>
                            <param name="Y" type="float"/>
                            <param name="Z" type="float"/>
                        </accessor>
                    </technique_common>
                </source>
                <source id="ID476">
                    <float_array id="ID477" count="174">-1 0 -0 -0.903022 -0.429594 3.78516e-008 -0.903022 -0.347549 -0.252509 -0.330594 -0.943773 8.6248e-008 0.330594 -0.943773 7.39269e-008 0.330593 -0.763529 -0.554736 -0.330594 -0.763529 -0.554736 0.962572 0.271027 3.90016e-009 1 0 -0 0.962572 0.219266 0.159306 -0.903022 -0.132752 -0.408569 0.330593 -0.291642 -0.897582 -0.330594 -0.291642 -0.897582 0.962572 0.083752 0.257762 -0.903022 0.132752 -0.408569 0.330594 0.291642 -0.897582 -0.330594 0.291642 -0.897582 0.962572 -0.083752 0.257762 -0.903022 0.347549 -0.252509 0.330594 0.763529 -0.554736 -0.330594 0.763529 -0.554736 0.962572 -0.219266 0.159306 -0.903022 0.429594 3.78516e-008 0.330594 0.943773 9.03551e-008 -0.330594 0.943773 9.03551e-008 0.962572 -0.271027 -1.95008e-008 -0.903022 0.347549 0.252509 0.330594 0.763528 0.554736 -0.330594 0.763528 0.554736 0.962572 -0.219266 -0.159306 -0.903022 0.132752 0.408569 0.330594 0.291642 0.897582 -0.330594 0.291642 0.897582 0.962572 -0.0837519 -0.257762 -0.903022 -0.132752 0.408569 0.330594 -0.291642 0.897582 -0.330594 -0.291642 0.897582 0.962572 0.083752 -0.257762 -0.903022 -0.347549 0.252509 0.330594 -0.763528 0.554736 -0.330594 -0.763528 0.554736 0.962572 0.219266 -0.159306 0.903022 -0.429595 3.36459e-008 0.903022 -0.347549 -0.252509 0.903022 -0.132752 -0.408569 0.962572 -0.083752 0.257762 0.903022 0.132752 -0.408569 0.962572 -0.219266 0.159306 0.903022 0.347549 -0.252509 0.962572 -0.271027 -1.95008e-008 0.903022 0.429595 5.04688e-008 0.962572 -0.219266 -0.159306 0.903022 0.347549 0.252509 0.903022 0.132752 0.408569 0.962572 0.083752 -0.257762 0.903022 -0.132752 0.408569 0.962572 0.219266 -0.159306 0.903022 -0.347549 0.252509</float_array>
                    <technique_common>
                        <accessor count="58" source="#ID477" stride="3">
                            <param name="X" type="float"/>
                            <param name="Y" type="float"/>
                            <param name="Z" type="float"/>
                        </accessor>
                    </technique_common>
                </source>
                <source id="ID478">
                    <float_array id="ID479" count="2">0 1</float_array>
                    <technique_common>
                        <accessor count="1" source="#ID479" stride="2">
                            <param name="S" type="float"/>
                            <param name="T" type="float"/>
                        </accessor>
                    </technique_common>
                </source>
                <vertices id="ID480">
                    <input semantic="POSITION" source="#ID474"/>
                </vertices>
                <polylist count="70" material="Material1">
                    <input offset="0" semantic="VERTEX" source="#ID480"/>
                    <input offset="1" semantic="NORMAL" source="#ID476"/>
                    <input offset="2" semantic="TEXCOORD" source="#ID478" set="0"/>
                    <vcount>3 4 3 3 4 3 3 4 3 3 4 3 3 4 3 3 4 3 3 4 3 3 4 3 3 4 3 3 4 3 4 4 4 4 4 4 4 4 4 4 4 4 4 4 4 4 4 4 4 4 4 4 4 4 4 4 4 4 4 4 4 4 4 4 4 4 4 4 4 4</vcount>
                    <p>4 2 0 2 1 0 0 0 0 44 6 0 45 5 0 43 4 0 42 3 0 33 9 0 1 8 0 32 7 0 6 10 0 4 2 0 0 0 0 46 12 0 47 11 0 45 5 0 44 6 0 34 13 0 1 8 0 33 9 0 8 14 0 6 10 0 0 0 0 48 16 0 49 15 0 47 11 0 46 12 0 35 17 0 1 8 0 34 13 0 10 18 0 8 14 0 0 0 0 50 20 0 51 19 0 49 15 0 48 16 0 36 21 0 1 8 0 35 17 0 12 22 0 10 18 0 0 0 0 52 24 0 53 23 0 51 19 0 50 20 0 37 25 0 1 8 0 36 21 0 14 26 0 12 22 0 0 0 0 54 28 0 55 27 0 53 23 0 52 24 0 38 29 0 1 8 0 37 25 0 16 30 0 14 26 0 0 0 0 56 32 0 57 31 0 55 27 0 54 28 0 39 33 0 1 8 0 38 29 0 18 34 0 16 30 0 0 0 0 58 36 0 59 35 0 57 31 0 56 32 0 40 37 0 1 8 0 39 33 0 20 38 0 18 34 0 0 0 0 60 40 0 61 39 0 59 35 0 58 36 0 41 41 0 1 8 0 40 37 0 2 1 0 20 38 0 0 0 0 42 3 0 43 4 0 61 39 0 60 40 0 32 7 0 1 8 0 41 41 0 5 43 0 23 9 0 22 7 0 3 42 0 7 44 0 24 13 0 23 9 0 5 43 0 9 46 0 25 45 0 24 13 0 7 44 0 11 48 0 26 47 0 25 45 0 9 46 0 13 50 0 27 49 0 26 47 0 11 48 0 15 52 0 28 51 0 27 49 0 13 50 0 17 53 0 29 33 0 28 51 0 15 52 0 19 55 0 30 54 0 29 33 0 17 53 0 21 57 0 31 56 0 30 54 0 19 55 0 3 42 0 22 7 0 31 56 0 21 57 0 23 9 0 33 9 0 32 7 0 22 7 0 24 13 0 34 13 0 33 9 0 23 9 0 25 45 0 35 17 0 34 13 0 24 13 0 26 47 0 36 21 0 35 17 0 25 45 0 27 49 0 37 25 0 36 21 0 26 47 0 28 51 0 38 29 0 37 25 0 27 49 0 29 33 0 39 33 0 38 29 0 28 51 0 30 54 0 40 37 0 39 33 0 29 33 0 31 56 0 41 41 0 40 37 0 30 54 0 22 7 0 32 7 0 41 41 0 31 56 0 4 2 0 44 6 0 42 3 0 2 1 0 3 42 0 43 4 0 45 5 0 5 43 0 6 10 0 46 12 0 44 6 0 4 2 0 5 43 0 45 5 0 47 11 0 7 44 0 8 14 0 48 16 0 46 12 0 6 10 0 7 44 0 47 11 0 49 15 0 9 46 0 10 18 0 50 20 0 48 16 0 8 14 0 9 46 0 49 15 0 51 19 0 11 48 0 12 22 0 52 24 0 50 20 0 10 18 0 11 48 0 51 19 0 53 23 0 13 50 0 14 26 0 54 28 0 52 24 0 12 22 0 13 50 0 53 23 0 55 27 0 15 52 0 16 30 0 56 32 0 54 28 0 14 26 0 15 52 0 55 27 0 57 31 0 17 53 0 18 34 0 58 36 0 56 32 0 16 30 0 17 53 0 57 31 0 59 35 0 19 55 0 20 38 0 60 40 0 58 36 0 18 34 0 19 55 0 59 35 0 61 39 0 21 57 0 2 1 0 42 3 0 60 40 0 20 38 0 21 57 0 61 39 0 43 4 0 3 42 0</p>
                </polylist>
            </mesh>
        </geometry>
        <geometry id="ID482">
            <mesh>
                <source id="ID483">
                    <float_array id="ID484" count="186">-13.2625 -1.87236e-012 -5.67088e-033 9.51437 -1.87236e-012 -5.67088e-033 -13.2625 -31.0318 1.76172e-007 13.2625 -31.0318 1.76172e-007 -13.2625 -25.1052 -18.24 13.2625 -25.1052 -18.24 -13.2625 -9.58934 -29.513 13.2625 -9.58934 -29.513 -13.2625 9.58934 -29.513 13.2625 9.58934 -29.513 -13.2625 25.1052 -18.24 13.2625 25.1052 -18.24 -13.2625 31.0318 2.88905e-006 13.2625 31.0318 2.88905e-006 -13.2625 25.1052 18.24 13.2625 25.1052 18.24 -13.2625 9.58933 29.513 13.2625 9.58933 29.513 -13.2625 -9.58934 29.513 13.2625 -9.58934 29.513 -13.2625 -25.1052 18.24 13.2625 -25.1052 18.24 13.2625 -15.2584 -9.58489e-007 13.2625 -12.3443 -8.96864 13.2625 -4.71509 -14.5116 13.2625 4.71509 -14.5116 13.2625 12.3443 -8.96864 13.2625 15.2584 2.15813e-006 13.2625 12.3443 8.96864 13.2625 4.71509 14.5116 13.2625 -4.7151 14.5116 13.2625 -12.3443 8.96864 9.51437 -9.18585 -9.58489e-007 9.51437 -7.43151 -5.39931 9.51437 -2.83858 -8.73627 9.51437 2.83858 -8.73626 9.51437 7.43151 -5.39931 9.51437 9.18585 2.06299e-006 9.51437 7.43151 5.39931 9.51437 2.83858 8.73627 9.51437 -2.83859 8.73627 9.51437 -7.43151 5.39931 -7.40205 -35.65 -1.69407e-019 7.40209 -35.65 -1.69407e-019 -7.40205 -28.8415 -20.9545 7.40209 -28.8415 -20.9545 -7.40205 -11.0165 -33.9052 7.40209 -11.0165 -33.9052 -7.40205 11.0165 -33.9052 7.40209 11.0165 -33.9052 -7.40205 28.8415 -20.9545 7.40209 28.8415 -20.9545 -7.40205 35.65 3.11662e-006 7.40209 35.65 3.11662e-006 -7.40205 28.8415 20.9545 7.40209 28.8415 20.9545 -7.40205 11.0164 33.9052 7.40209 11.0164 33.9052 -7.40205 -11.0165 33.9052 7.40209 -11.0165 33.9052 -7.40205 -28.8415 20.9545 7.40209 -28.8415 20.9545</float_array>
                    <technique_common>
                        <accessor count="62" source="#ID484" stride="3">
                            <param name="X" type="float"/>
                            <param name="Y" type="float"/>
                            <param name="Z" type="float"/>
                        </accessor>
                    </technique_common>
                </source>
                <source id="ID485">
                    <float_array id="ID486" count="174">-1 0 -0 -0.903022 -0.429594 3.78516e-008 -0.903022 -0.347549 -0.252509 -0.330594 -0.943773 8.6248e-008 0.330594 -0.943773 7.39269e-008 0.330593 -0.763529 -0.554736 -0.330594 -0.763529 -0.554736 0.962572 0.271027 3.90016e-009 1 0 -0 0.962572 0.219266 0.159306 -0.903022 -0.132752 -0.408569 0.330593 -0.291642 -0.897582 -0.330594 -0.291642 -0.897582 0.962572 0.083752 0.257762 -0.903022 0.132752 -0.408569 0.330594 0.291642 -0.897582 -0.330594 0.291642 -0.897582 0.962572 -0.083752 0.257762 -0.903022 0.347549 -0.252509 0.330594 0.763529 -0.554736 -0.330594 0.763529 -0.554736 0.962572 -0.219266 0.159306 -0.903022 0.429594 3.78516e-008 0.330594 0.943773 9.03551e-008 -0.330594 0.943773 9.03551e-008 0.962572 -0.271027 -1.95008e-008 -0.903022 0.347549 0.252509 0.330594 0.763528 0.554736 -0.330594 0.763528 0.554736 0.962572 -0.219266 -0.159306 -0.903022 0.132752 0.408569 0.330594 0.291642 0.897582 -0.330594 0.291642 0.897582 0.962572 -0.0837519 -0.257762 -0.903022 -0.132752 0.408569 0.330594 -0.291642 0.897582 -0.330594 -0.291642 0.897582 0.962572 0.083752 -0.257762 -0.903022 -0.347549 0.252509 0.330594 -0.763528 0.554736 -0.330594 -0.763528 0.554736 0.962572 0.219266 -0.159306 0.903022 -0.429595 3.36459e-008 0.903022 -0.347549 -0.252509 0.903022 -0.132752 -0.408569 0.962572 -0.083752 0.257762 0.903022 0.132752 -0.408569 0.962572 -0.219266 0.159306 0.903022 0.347549 -0.252509 0.962572 -0.271027 -1.95008e-008 0.903022 0.429595 5.04688e-008 0.962572 -0.219266 -0.159306 0.903022 0.347549 0.252509 0.903022 0.132752 0.408569 0.962572 0.083752 -0.257762 0.903022 -0.132752 0.408569 0.962572 0.219266 -0.159306 0.903022 -0.347549 0.252509</float_array>
                    <technique_common>
                        <accessor count="58" source="#ID486" stride="3">
                            <param name="X" type="float"/>
                            <param name="Y" type="float"/>
                            <param name="Z" type="float"/>
                        </accessor>
                    </technique_common>
                </source>
                <source id="ID487">
                    <float_array id="ID488" count="2">0 1</float_array>
                    <technique_common>
                        <accessor count="1" source="#ID488" stride="2">
                            <param name="S" type="float"/>
                            <param name="T" type="float"/>
                        </accessor>
                    </technique_common>
                </source>
                <vertices id="ID489">
                    <input semantic="POSITION" source="#ID483"/>
                </vertices>
                <polylist count="70" material="Material1">
                    <input offset="0" semantic="VERTEX" source="#ID489"/>
                    <input offset="1" semantic="NORMAL" source="#ID485"/>
                    <input offset="2" semantic="TEXCOORD" source="#ID487" set="0"/>
                    <vcount>3 4 3 3 4 3 3 4 3 3 4 3 3 4 3 3 4 3 3 4 3 3 4 3 3 4 3 3 4 3 4 4 4 4 4 4 4 4 4 4 4 4 4 4 4 4 4 4 4 4 4 4 4 4 4 4 4 4 4 4 4 4 4 4 4 4 4 4 4 4</vcount>
                    <p>4 2 0 2 1 0 0 0 0 44 6 0 45 5 0 43 4 0 42 3 0 33 9 0 1 8 0 32 7 0 6 10 0 4 2 0 0 0 0 46 12 0 47 11 0 45 5 0 44 6 0 34 13 0 1 8 0 33 9 0 8 14 0 6 10 0 0 0 0 48 16 0 49 15 0 47 11 0 46 12 0 35 17 0 1 8 0 34 13 0 10 18 0 8 14 0 0 0 0 50 20 0 51 19 0 49 15 0 48 16 0 36 21 0 1 8 0 35 17 0 12 22 0 10 18 0 0 0 0 52 24 0 53 23 0 51 19 0 50 20 0 37 25 0 1 8 0 36 21 0 14 26 0 12 22 0 0 0 0 54 28 0 55 27 0 53 23 0 52 24 0 38 29 0 1 8 0 37 25 0 16 30 0 14 26 0 0 0 0 56 32 0 57 31 0 55 27 0 54 28 0 39 33 0 1 8 0 38 29 0 18 34 0 16 30 0 0 0 0 58 36 0 59 35 0 57 31 0 56 32 0 40 37 0 1 8 0 39 33 0 20 38 0 18 34 0 0 0 0 60 40 0 61 39 0 59 35 0 58 36 0 41 41 0 1 8 0 40 37 0 2 1 0 20 38 0 0 0 0 42 3 0 43 4 0 61 39 0 60 40 0 32 7 0 1 8 0 41 41 0 5 43 0 23 9 0 22 7 0 3 42 0 7 44 0 24 13 0 23 9 0 5 43 0 9 46 0 25 45 0 24 13 0 7 44 0 11 48 0 26 47 0 25 45 0 9 46 0 13 50 0 27 49 0 26 47 0 11 48 0 15 52 0 28 51 0 27 49 0 13 50 0 17 53 0 29 33 0 28 51 0 15 52 0 19 55 0 30 54 0 29 33 0 17 53 0 21 57 0 31 56 0 30 54 0 19 55 0 3 42 0 22 7 0 31 56 0 21 57 0 23 9 0 33 9 0 32 7 0 22 7 0 24 13 0 34 13 0 33 9 0 23 9 0 25 45 0 35 17 0 34 13 0 24 13 0 26 47 0 36 21 0 35 17 0 25 45 0 27 49 0 37 25 0 36 21 0 26 47 0 28 51 0 38 29 0 37 25 0 27 49 0 29 33 0 39 33 0 38 29 0 28 51 0 30 54 0 40 37 0 39 33 0 29 33 0 31 56 0 41 41 0 40 37 0 30 54 0 22 7 0 32 7 0 41 41 0 31 56 0 4 2 0 44 6 0 42 3 0 2 1 0 3 42 0 43 4 0 45 5 0 5 43 0 6 10 0 46 12 0 44 6 0 4 2 0 5 43 0 45 5 0 47 11 0 7 44 0 8 14 0 48 16 0 46 12 0 6 10 0 7 44 0 47 11 0 49 15 0 9 46 0 10 18 0 50 20 0 48 16 0 8 14 0 9 46 0 49 15 0 51 19 0 11 48 0 12 22 0 52 24 0 50 20 0 10 18 0 11 48 0 51 19 0 53 23 0 13 50 0 14 26 0 54 28 0 52 24 0 12 22 0 13 50 0 53 23 0 55 27 0 15 52 0 16 30 0 56 32 0 54 28 0 14 26 0 15 52 0 55 27 0 57 31 0 17 53 0 18 34 0 58 36 0 56 32 0 16 30 0 17 53 0 57 31 0 59 35 0 19 55 0 20 38 0 60 40 0 58 36 0 18 34 0 19 55 0 59 35 0 61 39 0 21 57 0 2 1 0 42 3 0 60 40 0 20 38 0 21 57 0 61 39 0 43 4 0 3 42 0</p>
                </polylist>
            </mesh>
        </geometry>
        <geometry id="ID491">
            <mesh>
                <source id="ID492">
                    <float_array id="ID493" count="186">-13.2625 -2.38677e-012 -5.67088e-033 9.51436 -2.38677e-012 -5.67088e-033 -13.2625 -31.0318 1.76172e-007 13.2625 -31.0318 1.76172e-007 -13.2625 -25.1052 -18.24 13.2625 -25.1052 -18.24 -13.2625 -9.58934 -29.513 13.2625 -9.58934 -29.513 -13.2625 9.58934 -29.513 13.2625 9.58934 -29.513 -13.2625 25.1052 -18.24 13.2625 25.1052 -18.24 -13.2625 31.0318 2.88905e-006 13.2625 31.0318 2.88905e-006 -13.2625 25.1052 18.24 13.2625 25.1052 18.24 -13.2625 9.58933 29.513 13.2625 9.58933 29.513 -13.2625 -9.58934 29.513 13.2625 -9.58934 29.513 -13.2625 -25.1052 18.24 13.2625 -25.1052 18.24 13.2625 -15.2584 -9.58489e-007 13.2625 -12.3443 -8.96864 13.2625 -4.71509 -14.5116 13.2625 4.71509 -14.5116 13.2625 12.3443 -8.96864 13.2625 15.2584 2.15813e-006 13.2625 12.3443 8.96864 13.2625 4.71509 14.5116 13.2625 -4.7151 14.5116 13.2625 -12.3443 8.96864 9.51436 -9.18585 -9.58489e-007 9.51436 -7.43151 -5.39931 9.51436 -2.83858 -8.73627 9.51436 2.83858 -8.73626 9.51436 7.43151 -5.39931 9.51436 9.18585 2.06299e-006 9.51436 7.43151 5.39931 9.51436 2.83858 8.73627 9.51436 -2.83859 8.73627 9.51436 -7.43151 5.39931 -7.40206 -35.65 -1.69407e-019 7.40208 -35.65 -1.69407e-019 -7.40206 -28.8415 -20.9545 7.40208 -28.8415 -20.9545 -7.40206 -11.0165 -33.9052 7.40208 -11.0165 -33.9052 -7.40206 11.0165 -33.9052 7.40208 11.0165 -33.9052 -7.40206 28.8415 -20.9545 7.40208 28.8415 -20.9545 -7.40206 35.65 3.11662e-006 7.40208 35.65 3.11662e-006 -7.40206 28.8415 20.9545 7.40208 28.8415 20.9545 -7.40206 11.0164 33.9052 7.40208 11.0164 33.9052 -7.40206 -11.0165 33.9052 7.40208 -11.0165 33.9052 -7.40206 -28.8415 20.9545 7.40208 -28.8415 20.9545</float_array>
                    <technique_common>
                        <accessor count="62" source="#ID493" stride="3">
                            <param name="X" type="float"/>
                            <param name="Y" type="float"/>
                            <param name="Z" type="float"/>
                        </accessor>
                    </technique_common>
                </source>
                <source id="ID494">
                    <float_array id="ID495" count="174">-1 0 -0 -0.903022 -0.429595 3.78516e-008 -0.903022 -0.347549 -0.252509 -0.330594 -0.943773 7.39269e-008 0.330594 -0.943773 7.39269e-008 0.330594 -0.763529 -0.554736 -0.330594 -0.763529 -0.554736 0.962572 0.271027 3.90016e-009 1 0 -0 0.962572 0.219266 0.159306 -0.903022 -0.132752 -0.408569 0.330593 -0.291642 -0.897582 -0.330594 -0.291642 -0.897582 0.962572 0.083752 0.257762 -0.903022 0.132752 -0.408569 0.330594 0.291642 -0.897582 -0.330594 0.291642 -0.897582 0.962572 -0.083752 0.257762 -0.903022 0.347549 -0.252509 0.330594 0.763529 -0.554736 -0.330594 0.763529 -0.554736 0.962572 -0.219266 0.159306 -0.903022 0.429595 4.62631e-008 0.330594 0.943773 9.44621e-008 -0.330594 0.943773 9.03551e-008 0.962572 -0.271027 -1.95008e-008 -0.903022 0.347549 0.252509 0.330594 0.763528 0.554736 -0.330594 0.763528 0.554736 0.962572 -0.219266 -0.159306 -0.903022 0.132752 0.408569 0.330594 0.291642 0.897582 -0.330594 0.291642 0.897582 0.962572 -0.0837519 -0.257762 -0.903022 -0.132752 0.408569 0.330594 -0.291642 0.897582 -0.330594 -0.291642 0.897582 0.962572 0.083752 -0.257762 -0.903022 -0.347549 0.252509 0.330594 -0.763528 0.554736 -0.330594 -0.763529 0.554736 0.962572 0.219266 -0.159306 0.903022 -0.429595 2.94402e-008 0.903022 -0.347549 -0.252509 0.903022 -0.132752 -0.408569 0.962572 -0.083752 0.257762 0.903022 0.132752 -0.408569 0.962572 -0.219266 0.159306 0.903022 0.347549 -0.252509 0.962572 -0.271027 -1.95008e-008 0.903022 0.429595 5.46746e-008 0.962572 -0.219266 -0.159306 0.903022 0.347549 0.252509 0.903022 0.132752 0.408569 0.962572 0.083752 -0.257762 0.903022 -0.132752 0.408569 0.962572 0.219266 -0.159306 0.903022 -0.347549 0.252509</float_array>
                    <technique_common>
                        <accessor count="58" source="#ID495" stride="3">
                            <param name="X" type="float"/>
                            <param name="Y" type="float"/>
                            <param name="Z" type="float"/>
                        </accessor>
                    </technique_common>
                </source>
                <source id="ID496">
                    <float_array id="ID497" count="2">0 1</float_array>
                    <technique_common>
                        <accessor count="1" source="#ID497" stride="2">
                            <param name="S" type="float"/>
                            <param name="T" type="float"/>
                        </accessor>
                    </technique_common>
                </source>
                <vertices id="ID498">
                    <input semantic="POSITION" source="#ID492"/>
                </vertices>
                <polylist count="70" material="Material1">
                    <input offset="0" semantic="VERTEX" source="#ID498"/>
                    <input offset="1" semantic="NORMAL" source="#ID494"/>
                    <input offset="2" semantic="TEXCOORD" source="#ID496" set="0"/>
                    <vcount>3 4 3 3 4 3 3 4 3 3 4 3 3 4 3 3 4 3 3 4 3 3 4 3 3 4 3 3 4 3 4 4 4 4 4 4 4 4 4 4 4 4 4 4 4 4 4 4 4 4 4 4 4 4 4 4 4 4 4 4 4 4 4 4 4 4 4 4 4 4</vcount>
                    <p>4 2 0 2 1 0 0 0 0 44 6 0 45 5 0 43 4 0 42 3 0 33 9 0 1 8 0 32 7 0 6 10 0 4 2 0 0 0 0 46 12 0 47 11 0 45 5 0 44 6 0 34 13 0 1 8 0 33 9 0 8 14 0 6 10 0 0 0 0 48 16 0 49 15 0 47 11 0 46 12 0 35 17 0 1 8 0 34 13 0 10 18 0 8 14 0 0 0 0 50 20 0 51 19 0 49 15 0 48 16 0 36 21 0 1 8 0 35 17 0 12 22 0 10 18 0 0 0 0 52 24 0 53 23 0 51 19 0 50 20 0 37 25 0 1 8 0 36 21 0 14 26 0 12 22 0 0 0 0 54 28 0 55 27 0 53 23 0 52 24 0 38 29 0 1 8 0 37 25 0 16 30 0 14 26 0 0 0 0 56 32 0 57 31 0 55 27 0 54 28 0 39 33 0 1 8 0 38 29 0 18 34 0 16 30 0 0 0 0 58 36 0 59 35 0 57 31 0 56 32 0 40 37 0 1 8 0 39 33 0 20 38 0 18 34 0 0 0 0 60 40 0 61 39 0 59 35 0 58 36 0 41 41 0 1 8 0 40 37 0 2 1 0 20 38 0 0 0 0 42 3 0 43 4 0 61 39 0 60 40 0 32 7 0 1 8 0 41 41 0 5 43 0 23 9 0 22 7 0 3 42 0 7 44 0 24 13 0 23 9 0 5 43 0 9 46 0 25 45 0 24 13 0 7 44 0 11 48 0 26 47 0 25 45 0 9 46 0 13 50 0 27 49 0 26 47 0 11 48 0 15 52 0 28 51 0 27 49 0 13 50 0 17 53 0 29 33 0 28 51 0 15 52 0 19 55 0 30 54 0 29 33 0 17 53 0 21 57 0 31 56 0 30 54 0 19 55 0 3 42 0 22 7 0 31 56 0 21 57 0 23 9 0 33 9 0 32 7 0 22 7 0 24 13 0 34 13 0 33 9 0 23 9 0 25 45 0 35 17 0 34 13 0 24 13 0 26 47 0 36 21 0 35 17 0 25 45 0 27 49 0 37 25 0 36 21 0 26 47 0 28 51 0 38 29 0 37 25 0 27 49 0 29 33 0 39 33 0 38 29 0 28 51 0 30 54 0 40 37 0 39 33 0 29 33 0 31 56 0 41 41 0 40 37 0 30 54 0 22 7 0 32 7 0 41 41 0 31 56 0 4 2 0 44 6 0 42 3 0 2 1 0 3 42 0 43 4 0 45 5 0 5 43 0 6 10 0 46 12 0 44 6 0 4 2 0 5 43 0 45 5 0 47 11 0 7 44 0 8 14 0 48 16 0 46 12 0 6 10 0 7 44 0 47 11 0 49 15 0 9 46 0 10 18 0 50 20 0 48 16 0 8 14 0 9 46 0 49 15 0 51 19 0 11 48 0 12 22 0 52 24 0 50 20 0 10 18 0 11 48 0 51 19 0 53 23 0 13 50 0 14 26 0 54 28 0 52 24 0 12 22 0 13 50 0 53 23 0 55 27 0 15 52 0 16 30 0 56 32 0 54 28 0 14 26 0 15 52 0 55 27 0 57 31 0 17 53 0 18 34 0 58 36 0 56 32 0 16 30 0 17 53 0 57 31 0 59 35 0 19 55 0 20 38 0 60 40 0 58 36 0 18 34 0 19 55 0 59 35 0 61 39 0 21 57 0 2 1 0 42 3 0 60 40 0 20 38 0 21 57 0 61 39 0 43 4 0 3 42 0</p>
                </polylist>
            </mesh>
        </geometry>
    </library_geometries>
    <library_visual_scenes>
        <visual_scene id="ID3">
            <node id="ID4" name="Sedan">
                <translate sid="translate">0 0 -0</translate>
                <rotate sid="rotateY">0 1 0 0</rotate>
                <rotate sid="rotateX">1 0 0 0</rotate>
                <rotate sid="rotateZ">0 0 1 -0</rotate>
                <scale sid="scale">1 1 1</scale>
                <node id="ID5" name="CarMesh">
                    <translate sid="translate">0 0 -0</translate>
                    <rotate sid="rotateY">0 1 0 0</rotate>
                    <rotate sid="rotateX">1 0 0 0</rotate>
                    <rotate sid="rotateZ">0 0 1 -0</rotate>
                    <scale sid="scale">1 1 1</scale>
                    <instance_geometry url="#ID6">
                        <bind_material>
                            <technique_common>
                                <instance_material symbol="Material1" target="#ID1">
                                    <bind_vertex_input semantic="UVSET0" input_semantic="TEXCOORD" input_set="0"/>
                                </instance_material>
                            </technique_common>
                        </bind_material>
                    </instance_geometry>
                </node>
                <node id="ID14" name="Doors">
                    <translate sid="translate">0 0 -0</translate>
                    <rotate sid="rotateY">0 1 0 0</rotate>
                    <rotate sid="rotateX">1 0 0 0</rotate>
                    <rotate sid="rotateZ">0 0 1 -0</rotate>
                    <scale sid="scale">1 1 1</scale>
                    <node id="ID15" name="DoorRL">
                        <translate sid="translate">-83.661 -8.815 0.83493</translate>
                        <rotate sid="rotateY">0 1 0 0</rotate>
                        <rotate sid="rotateX">1 0 0 0</rotate>
                        <rotate sid="rotateZ">0 0 1 -0</rotate>
                        <scale sid="scale">1 1 1</scale>
                        <instance_geometry url="#ID16">
                            <bind_material>
                                <technique_common>
                                    <instance_material symbol="Material1" target="#ID1">
                                        <bind_vertex_input semantic="UVSET0" input_semantic="TEXCOORD" input_set="0"/>
                                    </instance_material>
                                </technique_common>
                            </bind_material>
                        </instance_geometry>
                        <node id="ID24" name="Handle">
                            <translate sid="translate">-0.149483 25.0931 62.145</translate>
                            <rotate sid="rotateY">0 1 0 0</rotate>
                            <rotate sid="rotateX">1 0 0 0</rotate>
                            <rotate sid="rotateZ">0 0 1 -0</rotate>
                            <scale sid="scale">1 1 1</scale>
                            <instance_geometry url="#ID25">
                                <bind_material>
                                    <technique_common>
                                        <instance_material symbol="Material1" target="#ID1">
                                            <bind_vertex_input semantic="UVSET0" input_semantic="TEXCOORD" input_set="0"/>
                                        </instance_material>
                                    </technique_common>
                                </bind_material>
                            </instance_geometry>
                        </node>
                        <node id="ID33" name="Glass">
                            <translate sid="translate">0 0 -0</translate>
                            <rotate sid="rotateY">0 1 0 0</rotate>
                            <rotate sid="rotateX">1 0 0 0</rotate>
                            <rotate sid="rotateZ">0 0 1 -0</rotate>
                            <scale sid="scale">1 1 1</scale>
                            <instance_geometry url="#ID34">
                                <bind_material>
                                    <technique_common>
                                        <instance_material symbol="Material1" target="#ID1">
                                            <bind_vertex_input semantic="UVSET0" input_semantic="TEXCOORD" input_set="0"/>
                                        </instance_material>
                                    </technique_common>
                                </bind_material>
                            </instance_geometry>
                        </node>
                    </node>
                    <node id="ID42" name="DoorFL">
                        <translate sid="translate">-83.6614 -8.81461 -94.7346</translate>
                        <rotate sid="rotateY">0 1 0 0</rotate>
                        <rotate sid="rotateX">1 0 0 0</rotate>
                        <rotate sid="rotateZ">0 0 1 -0</rotate>
                        <scale sid="scale">1 1 1</scale>
                        <instance_geometry url="#ID43">
                            <bind_material>
                                <technique_common>
                                    <instance_material symbol="Material1" target="#ID1">
                                        <bind_vertex_input semantic="UVSET0" input_semantic="TEXCOORD" input_set="0"/>
                                    </instance_material>
                                </technique_common>
                            </bind_material>
                        </instance_geometry>
                        <node id="ID51" name="Handle.2">
                            <translate sid="translate">-0.149048 22.7187 78.2833</translate>
                            <rotate sid="rotateY">0 1 0 0</rotate>
                            <rotate sid="rotateX">1 0 0 0</rotate>
                            <rotate sid="rotateZ">0 0 1 -0</rotate>
                            <scale sid="scale">1 1 1</scale>
                            <instance_geometry url="#ID52">
                                <bind_material>
                                    <technique_common>
                                        <instance_material symbol="Material1" target="#ID1">
                                            <bind_vertex_input semantic="UVSET0" input_semantic="TEXCOORD" input_set="0"/>
                                        </instance_material>
                                    </technique_common>
                                </bind_material>
                            </instance_geometry>
                        </node>
                        <node id="ID60" name="Glass.2">
                            <translate sid="translate">0 0 -0</translate>
                            <rotate sid="rotateY">0 1 0 0</rotate>
                            <rotate sid="rotateX">1 0 0 0</rotate>
                            <rotate sid="rotateZ">0 0 1 -0</rotate>
                            <scale sid="scale">1 1 1</scale>
                            <instance_geometry url="#ID61">
                                <bind_material>
                                    <technique_common>
                                        <instance_material symbol="Material1" target="#ID1">
                                            <bind_vertex_input semantic="UVSET0" input_semantic="TEXCOORD" input_set="0"/>
                                        </instance_material>
                                    </technique_common>
                                </bind_material>
                            </instance_geometry>
                        </node>
                    </node>
                    <node id="ID69" name="DoorRR">
                        <translate sid="translate">83.661 -8.815 0.835</translate>
                        <rotate sid="rotateY">0 1 0 0</rotate>
                        <rotate sid="rotateX">1 0 0 0</rotate>
                        <rotate sid="rotateZ">0 0 1 -0</rotate>
                        <scale sid="scale">1 1 1</scale>
                        <instance_geometry url="#ID70">
                            <bind_material>
                                <technique_common>
                                    <instance_material symbol="Material1" target="#ID1">
                                        <bind_vertex_input semantic="UVSET0" input_semantic="TEXCOORD" input_set="0"/>
                                    </instance_material>
                                </technique_common>
                            </bind_material>
                        </instance_geometry>
                        <node id="ID78" name="Handle.3">
                            <translate sid="translate">0.148994 25.0931 62.1449</translate>
                            <rotate sid="rotateY">0 1 0 0</rotate>
                            <rotate sid="rotateX">1 0 0 0</rotate>
                            <rotate sid="rotateZ">0 0 1 -0</rotate>
                            <scale sid="scale">1 1 1</scale>
                            <instance_geometry url="#ID79">
                                <bind_material>
                                    <technique_common>
                                        <instance_material symbol="Material1" target="#ID1">
                                            <bind_vertex_input semantic="UVSET0" input_semantic="TEXCOORD" input_set="0"/>
                                        </instance_material>
                                    </technique_common>
                                </bind_material>
                            </instance_geometry>
                        </node>
                        <node id="ID87" name="Glass.3">
                            <translate sid="translate">0 0 -0</translate>
                            <rotate sid="rotateY">0 1 0 0</rotate>
                            <rotate sid="rotateX">1 0 0 0</rotate>
                            <rotate sid="rotateZ">0 0 1 -0</rotate>
                            <scale sid="scale">1 1 1</scale>
                            <instance_geometry url="#ID88">
                                <bind_material>
                                    <technique_common>
                                        <instance_material symbol="Material1" target="#ID1">
                                            <bind_vertex_input semantic="UVSET0" input_semantic="TEXCOORD" input_set="0"/>
                                        </instance_material>
                                    </technique_common>
                                </bind_material>
                            </instance_geometry>
                        </node>
                    </node>
                    <node id="ID96" name="DoorFR">
                        <translate sid="translate">83.661 -8.815 -94.735</translate>
                        <rotate sid="rotateY">0 1 0 0</rotate>
                        <rotate sid="rotateX">1 0 0 0</rotate>
                        <rotate sid="rotateZ">0 0 1 -0</rotate>
                        <scale sid="scale">1 1 1</scale>
                        <instance_geometry url="#ID97">
                            <bind_material>
                                <technique_common>
                                    <instance_material symbol="Material1" target="#ID1">
                                        <bind_vertex_input semantic="UVSET0" input_semantic="TEXCOORD" input_set="0"/>
                                    </instance_material>
                                </technique_common>
                            </bind_material>
                        </instance_geometry>
                        <node id="ID105" name="Handle.4">
                            <translate sid="translate">0.148994 22.7191 78.2837</translate>
                            <rotate sid="rotateY">0 1 0 0</rotate>
                            <rotate sid="rotateX">1 0 0 0</rotate>
                            <rotate sid="rotateZ">0 0 1 -0</rotate>
                            <scale sid="scale">1 1 1</scale>
                            <instance_geometry url="#ID106">
                                <bind_material>
                                    <technique_common>
                                        <instance_material symbol="Material1" target="#ID1">
                                            <bind_vertex_input semantic="UVSET0" input_semantic="TEXCOORD" input_set="0"/>
                                        </instance_material>
                                    </technique_common>
                                </bind_material>
                            </instance_geometry>
                        </node>
                        <node id="ID114" name="Glass.4">
                            <translate sid="translate">0 0 -0</translate>
                            <rotate sid="rotateY">0 1 0 0</rotate>
                            <rotate sid="rotateX">1 0 0 0</rotate>
                            <rotate sid="rotateZ">0 0 1 -0</rotate>
                            <scale sid="scale">1 1 1</scale>
                            <instance_geometry url="#ID115">
                                <bind_material>
                                    <technique_common>
                                        <instance_material symbol="Material1" target="#ID1">
                                            <bind_vertex_input semantic="UVSET0" input_semantic="TEXCOORD" input_set="0"/>
                                        </instance_material>
                                    </technique_common>
                                </bind_material>
                            </instance_geometry>
                        </node>
                    </node>
                    <node id="ID123" name="Trunk">
                        <translate sid="translate">0 33.6404 101.197</translate>
                        <rotate sid="rotateY">0 1 0 0</rotate>
                        <rotate sid="rotateX">1 0 0 0</rotate>
                        <rotate sid="rotateZ">0 0 1 -0</rotate>
                        <scale sid="scale">1 1 1</scale>
                        <instance_geometry url="#ID124">
                            <bind_material>
                                <technique_common>
                                    <instance_material symbol="Material1" target="#ID1">
                                        <bind_vertex_input semantic="UVSET0" input_semantic="TEXCOORD" input_set="0"/>
                                    </instance_material>
                                </technique_common>
                            </bind_material>
                        </instance_geometry>
                    </node>
                    <node id="ID132" name="Hood">
                        <translate sid="translate">0 28.8952 -105.436</translate>
                        <rotate sid="rotateY">0 1 0 0</rotate>
                        <rotate sid="rotateX">1 0 0 0</rotate>
                        <rotate sid="rotateZ">0 0 1 -0</rotate>
                        <scale sid="scale">1 1 1</scale>
                        <instance_geometry url="#ID133">
                            <bind_material>
                                <technique_common>
                                    <instance_material symbol="Material1" target="#ID1">
                                        <bind_vertex_input semantic="UVSET0" input_semantic="TEXCOORD" input_set="0"/>
                                    </instance_material>
                                </technique_common>
                            </bind_material>
                        </instance_geometry>
                    </node>
                </node>
                <node id="ID141" name="Interiors">
                    <translate sid="translate">0 0 -0</translate>
                    <rotate sid="rotateY">0 1 0 0</rotate>
                    <rotate sid="rotateX">1 0 0 0</rotate>
                    <rotate sid="rotateZ">0 0 1 -0</rotate>
                    <scale sid="scale">1 1 1</scale>
                    <node id="ID142" name="Interior">
                        <translate sid="translate">4.47678e-007 0 3.42907e-007</translate>
                        <rotate sid="rotateY">0 1 0 2.61093e-021</rotate>
                        <rotate sid="rotateX">1 0 0 1.01778e-013</rotate>
                        <rotate sid="rotateZ">0 0 1 -360</rotate>
                        <scale sid="scale">1 1 1</scale>
                        <instance_geometry url="#ID143">
                            <bind_material>
                                <technique_common>
                                    <instance_material symbol="Material1" target="#ID1">
                                        <bind_vertex_input semantic="UVSET0" input_semantic="TEXCOORD" input_set="0"/>
                                    </instance_material>
                                </technique_common>
                            </bind_material>
                        </instance_geometry>
                        <node id="ID151" name="Instruments">
                            <translate sid="translate">0 0 -0</translate>
                            <rotate sid="rotateY">0 1 0 0</rotate>
                            <rotate sid="rotateX">1 0 0 0</rotate>
                            <rotate sid="rotateZ">0 0 1 -0</rotate>
                            <scale sid="scale">1 1 1</scale>
                            <instance_geometry url="#ID152">
                                <bind_material>
                                    <technique_common>
                                        <instance_material symbol="Material1" target="#ID1">
                                            <bind_vertex_input semantic="UVSET0" input_semantic="TEXCOORD" input_set="0"/>
                                        </instance_material>
                                    </technique_common>
                                </bind_material>
                            </instance_geometry>
                            <node id="ID160" name="GearLever">
                                <translate sid="translate">-1.18412e-005 -24.7787 -65.1636</translate>
                                <rotate sid="rotateY">0 1 0 1.00179e-005</rotate>
                                <rotate sid="rotateX">1 0 0 0</rotate>
                                <rotate sid="rotateZ">0 0 1 -360</rotate>
                                <scale sid="scale">1 1 1</scale>
                                <instance_geometry url="#ID161">
                                    <bind_material>
                                        <technique_common>
                                            <instance_material symbol="Material1" target="#ID1">
                                                <bind_vertex_input semantic="UVSET0" input_semantic="TEXCOORD" input_set="0"/>
                                            </instance_material>
                                        </technique_common>
                                    </bind_material>
                                </instance_geometry>
                            </node>
                            <node id="ID169" name="Pedals">
                                <translate sid="translate">-4.47678e-007 -6.09126e-022 -3.42907e-007</translate>
                                <rotate sid="rotateY">0 1 0 360</rotate>
                                <rotate sid="rotateX">1 0 0 0</rotate>
                                <rotate sid="rotateZ">0 0 1 -0</rotate>
                                <scale sid="scale">1 1 1</scale>
                                <node id="ID170" name="Clutch">
                                    <translate sid="translate">-53.8466 -4.18535 -105.273</translate>
                                    <rotate sid="rotateY">0 1 0 0</rotate>
                                    <rotate sid="rotateX">1 0 0 -24.5825</rotate>
                                    <rotate sid="rotateZ">0 0 1 -0</rotate>
                                    <scale sid="scale">1 1 1</scale>
                                    <instance_geometry url="#ID171">
                                        <bind_material>
                                            <technique_common>
                                                <instance_material symbol="Material1" target="#ID1">
                                                    <bind_vertex_input semantic="UVSET0" input_semantic="TEXCOORD" input_set="0"/>
                                                </instance_material>
                                            </technique_common>
                                        </bind_material>
                                    </instance_geometry>
                                </node>
                                <node id="ID179" name="Brake">
                                    <translate sid="translate">-36.79 -4.18535 -105.273</translate>
                                    <rotate sid="rotateY">0 1 0 0</rotate>
                                    <rotate sid="rotateX">1 0 0 -24.5825</rotate>
                                    <rotate sid="rotateZ">0 0 1 -0</rotate>
                                    <scale sid="scale">1 1 1</scale>
                                    <instance_geometry url="#ID180">
                                        <bind_material>
                                            <technique_common>
                                                <instance_material symbol="Material1" target="#ID1">
                                                    <bind_vertex_input semantic="UVSET0" input_semantic="TEXCOORD" input_set="0"/>
                                                </instance_material>
                                            </technique_common>
                                        </bind_material>
                                    </instance_geometry>
                                </node>
                                <node id="ID188" name="Gas">
                                    <translate sid="translate">-20.6378 -4.18544 -105.274</translate>
                                    <rotate sid="rotateY">0 1 0 0</rotate>
                                    <rotate sid="rotateX">1 0 0 -24.5825</rotate>
                                    <rotate sid="rotateZ">0 0 1 -0</rotate>
                                    <scale sid="scale">1 1 1</scale>
                                    <instance_geometry url="#ID189">
                                        <bind_material>
                                            <technique_common>
                                                <instance_material symbol="Material1" target="#ID1">
                                                    <bind_vertex_input semantic="UVSET0" input_semantic="TEXCOORD" input_set="0"/>
                                                </instance_material>
                                            </technique_common>
                                        </bind_material>
                                    </instance_geometry>
                                </node>
                            </node>
                            <node id="ID197" name="SteeringWheel">
                                <translate sid="translate">-35.8959 20.282 -78.7635</translate>
                                <rotate sid="rotateY">0 1 0 180</rotate>
                                <rotate sid="rotateX">1 0 0 -79.039</rotate>
                                <rotate sid="rotateZ">0 0 1 -180</rotate>
                                <scale sid="scale">1 1 1</scale>
                                <node id="ID198" name="SteeringWheel.2">
                                    <translate sid="translate">-0.0823631 -0.121822 3.44702</translate>
                                    <rotate sid="rotateY">0 1 0 1.04379e-006</rotate>
                                    <rotate sid="rotateX">1 0 0 0.000273123</rotate>
                                    <rotate sid="rotateZ">0 0 1 -180</rotate>
                                    <scale sid="scale">1 1 1</scale>
                                    <instance_geometry url="#ID199">
                                        <bind_material>
                                            <technique_common>
                                                <instance_material symbol="Material1" target="#ID1">
                                                    <bind_vertex_input semantic="UVSET0" input_semantic="TEXCOORD" input_set="0"/>
                                                </instance_material>
                                            </technique_common>
                                        </bind_material>
                                    </instance_geometry>
                                    <node id="ID207" name="Torus">
                                        <translate sid="translate">0 -4.58947e-006 -1.36708</translate>
                                        <rotate sid="rotateY">0 1 0 0</rotate>
                                        <rotate sid="rotateX">1 0 0 0</rotate>
                                        <rotate sid="rotateZ">0 0 1 -0</rotate>
                                        <scale sid="scale">1 1 1</scale>
                                        <instance_geometry url="#ID208">
                                            <bind_material>
                                                <technique_common>
                                                    <instance_material symbol="Material1" target="#ID1">
                                                        <bind_vertex_input semantic="UVSET0" input_semantic="TEXCOORD" input_set="0"/>
                                                    </instance_material>
                                                </technique_common>
                                            </bind_material>
                                        </instance_geometry>
                                    </node>
                                </node>
                            </node>
                            <node id="ID216" name="Dash">
                                <translate sid="translate">-36.056 34.9486 -89.8969</translate>
                                <rotate sid="rotateY">0 1 0 360</rotate>
                                <rotate sid="rotateX">1 0 0 0</rotate>
                                <rotate sid="rotateZ">0 0 1 -0</rotate>
                                <scale sid="scale">1 1 1</scale>
                                <instance_geometry url="#ID217">
                                    <bind_material>
                                        <technique_common>
                                            <instance_material symbol="Material1" target="#ID1">
                                                <bind_vertex_input semantic="UVSET0" input_semantic="TEXCOORD" input_set="0"/>
                                            </instance_material>
                                        </technique_common>
                                    </bind_material>
                                </instance_geometry>
                                <node id="ID225" name="InstrCLuster">
                                    <translate sid="translate">0 0 -0</translate>
                                    <rotate sid="rotateY">0 1 0 0</rotate>
                                    <rotate sid="rotateX">1 0 0 0</rotate>
                                    <rotate sid="rotateZ">0 0 1 -0</rotate>
                                    <scale sid="scale">1 1 1</scale>
                                    <instance_geometry url="#ID226">
                                        <bind_material>
                                            <technique_common>
                                                <instance_material symbol="Material1" target="#ID1">
                                                    <bind_vertex_input semantic="UVSET0" input_semantic="TEXCOORD" input_set="0"/>
                                                </instance_material>
                                            </technique_common>
                                        </bind_material>
                                    </instance_geometry>
                                </node>
                            </node>
                        </node>
                        <node id="ID234" name="SeatRear">
                            <translate sid="translate">-4.47678e-007 -20.1421 40.2401</translate>
                            <rotate sid="rotateY">0 1 0 360</rotate>
                            <rotate sid="rotateX">1 0 0 0</rotate>
                            <rotate sid="rotateZ">0 0 1 -0</rotate>
                            <scale sid="scale">1 1 1</scale>
                            <instance_geometry url="#ID235">
                                <bind_material>
                                    <technique_common>
                                        <instance_material symbol="Material1" target="#ID1">
                                            <bind_vertex_input semantic="UVSET0" input_semantic="TEXCOORD" input_set="0"/>
                                        </instance_material>
                                    </technique_common>
                                </bind_material>
                            </instance_geometry>
                        </node>
                        <node id="ID243" name="SeatR">
                            <translate sid="translate">35.886 -20.1421 -33.7478</translate>
                            <rotate sid="rotateY">0 1 0 360</rotate>
                            <rotate sid="rotateX">1 0 0 0</rotate>
                            <rotate sid="rotateZ">0 0 1 -0</rotate>
                            <scale sid="scale">1 1 1</scale>
                            <instance_geometry url="#ID244">
                                <bind_material>
                                    <technique_common>
                                        <instance_material symbol="Material1" target="#ID1">
                                            <bind_vertex_input semantic="UVSET0" input_semantic="TEXCOORD" input_set="0"/>
                                        </instance_material>
                                    </technique_common>
                                </bind_material>
                            </instance_geometry>
                        </node>
                        <node id="ID252" name="SeatL">
                            <translate sid="translate">-35.8863 -20.1421 -33.7478</translate>
                            <rotate sid="rotateY">0 1 0 360</rotate>
                            <rotate sid="rotateX">1 0 0 0</rotate>
                            <rotate sid="rotateZ">0 0 1 -0</rotate>
                            <scale sid="scale">1 1 1</scale>
                            <instance_geometry url="#ID253">
                                <bind_material>
                                    <technique_common>
                                        <instance_material symbol="Material1" target="#ID1">
                                            <bind_vertex_input semantic="UVSET0" input_semantic="TEXCOORD" input_set="0"/>
                                        </instance_material>
                                    </technique_common>
                                </bind_material>
                            </instance_geometry>
                        </node>
                    </node>
                    <node id="ID261" name="TrunkInter">
                        <translate sid="translate">0 0 -0</translate>
                        <rotate sid="rotateY">0 1 0 0</rotate>
                        <rotate sid="rotateX">1 0 0 0</rotate>
                        <rotate sid="rotateZ">0 0 1 -0</rotate>
                        <scale sid="scale">1 1 1</scale>
                        <instance_geometry url="#ID262">
                            <bind_material>
                                <technique_common>
                                    <instance_material symbol="Material1" target="#ID1">
                                        <bind_vertex_input semantic="UVSET0" input_semantic="TEXCOORD" input_set="0"/>
                                    </instance_material>
                                </technique_common>
                            </bind_material>
                        </instance_geometry>
                    </node>
                    <node id="ID270" name="Enginebay">
                        <translate sid="translate">0 0 -0</translate>
                        <rotate sid="rotateY">0 1 0 0</rotate>
                        <rotate sid="rotateX">1 0 0 0</rotate>
                        <rotate sid="rotateZ">0 0 1 -0</rotate>
                        <scale sid="scale">1 1 1</scale>
                        <instance_geometry url="#ID271">
                            <bind_material>
                                <technique_common>
                                    <instance_material symbol="Material1" target="#ID1">
                                        <bind_vertex_input semantic="UVSET0" input_semantic="TEXCOORD" input_set="0"/>
                                    </instance_material>
                                </technique_common>
                            </bind_material>
                        </instance_geometry>
                    </node>
                </node>
                <node id="ID279" name="Details">
                    <translate sid="translate">0 0 -0</translate>
                    <rotate sid="rotateY">0 1 0 0</rotate>
                    <rotate sid="rotateX">1 0 0 0</rotate>
                    <rotate sid="rotateZ">0 0 1 -0</rotate>
                    <scale sid="scale">1 1 1</scale>
                    <node id="ID280" name="WiperL">
                        <translate sid="translate">65.564 30.4076 -103.159</translate>
                        <rotate sid="rotateY">0 1 0 358.947</rotate>
                        <rotate sid="rotateX">1 0 0 8.60341</rotate>
                        <rotate sid="rotateZ">0 0 1 -359.823</rotate>
                        <scale sid="scale">1 1 1</scale>
                        <instance_geometry url="#ID281">
                            <bind_material>
                                <technique_common>
                                    <instance_material symbol="Material1" target="#ID1">
                                        <bind_vertex_input semantic="UVSET0" input_semantic="TEXCOORD" input_set="0"/>
                                    </instance_material>
                                </technique_common>
                            </bind_material>
                        </instance_geometry>
                    </node>
                    <node id="ID289" name="WiperL.2">
                        <translate sid="translate">-15.1524 30.1615 -104.679</translate>
                        <rotate sid="rotateY">0 1 0 358.947</rotate>
                        <rotate sid="rotateX">1 0 0 8.60341</rotate>
                        <rotate sid="rotateZ">0 0 1 -359.823</rotate>
                        <scale sid="scale">1 1 1</scale>
                        <instance_geometry url="#ID290">
                            <bind_material>
                                <technique_common>
                                    <instance_material symbol="Material1" target="#ID1">
                                        <bind_vertex_input semantic="UVSET0" input_semantic="TEXCOORD" input_set="0"/>
                                    </instance_material>
                                </technique_common>
                            </bind_material>
                        </instance_geometry>
                    </node>
                    <node id="ID298" name="Windows">
                        <translate sid="translate">0 0 -0</translate>
                        <rotate sid="rotateY">0 1 0 0</rotate>
                        <rotate sid="rotateX">1 0 0 0</rotate>
                        <rotate sid="rotateZ">0 0 1 -0</rotate>
                        <scale sid="scale">1 1 1</scale>
                        <node id="ID299" name="WindowFront.1">
                            <translate sid="translate">0 0 -0</translate>
                            <rotate sid="rotateY">0 1 0 0</rotate>
                            <rotate sid="rotateX">1 0 0 0</rotate>
                            <rotate sid="rotateZ">0 0 1 -0</rotate>
                            <scale sid="scale">1 1 1</scale>
                            <instance_geometry url="#ID300">
                                <bind_material>
                                    <technique_common>
                                        <instance_material symbol="Material1" target="#ID1">
                                            <bind_vertex_input semantic="UVSET0" input_semantic="TEXCOORD" input_set="0"/>
                                        </instance_material>
                                    </technique_common>
                                </bind_material>
                            </instance_geometry>
                        </node>
                        <node id="ID308" name="WindowRear.1">
                            <translate sid="translate">0 0 -0</translate>
                            <rotate sid="rotateY">0 1 0 0</rotate>
                            <rotate sid="rotateX">1 0 0 0</rotate>
                            <rotate sid="rotateZ">0 0 1 -0</rotate>
                            <scale sid="scale">1 1 1</scale>
                            <instance_geometry url="#ID309">
                                <bind_material>
                                    <technique_common>
                                        <instance_material symbol="Material1" target="#ID1">
                                            <bind_vertex_input semantic="UVSET0" input_semantic="TEXCOORD" input_set="0"/>
                                        </instance_material>
                                    </technique_common>
                                </bind_material>
                            </instance_geometry>
                        </node>
                    </node>
                    <node id="ID317" name="MirrorInterior">
                        <translate sid="translate">0 130.664 -82.1577</translate>
                        <rotate sid="rotateY">0 1 0 0</rotate>
                        <rotate sid="rotateX">1 0 0 0</rotate>
                        <rotate sid="rotateZ">0 0 1 -0</rotate>
                        <scale sid="scale">0.993 0.993 0.993</scale>
                        <instance_geometry url="#ID318">
                            <bind_material>
                                <technique_common>
                                    <instance_material symbol="Material1" target="#ID1">
                                        <bind_vertex_input semantic="UVSET0" input_semantic="TEXCOORD" input_set="0"/>
                                    </instance_material>
                                </technique_common>
                            </bind_material>
                        </instance_geometry>
                        <node id="ID326" name="MirrorGlass">
                            <translate sid="translate">0 0 -0</translate>
                            <rotate sid="rotateY">0 1 0 0</rotate>
                            <rotate sid="rotateX">1 0 0 0</rotate>
                            <rotate sid="rotateZ">0 0 1 -0</rotate>
                            <scale sid="scale">1 1 1</scale>
                            <instance_geometry url="#ID327">
                                <bind_material>
                                    <technique_common>
                                        <instance_material symbol="Material1" target="#ID1">
                                            <bind_vertex_input semantic="UVSET0" input_semantic="TEXCOORD" input_set="0"/>
                                        </instance_material>
                                    </technique_common>
                                </bind_material>
                            </instance_geometry>
                        </node>
                    </node>
                    <node id="ID335" name="MirrorCaseSides">
                        <translate sid="translate">-84.2696 26.2828 -92.4952</translate>
                        <rotate sid="rotateY">0 1 0 358.475</rotate>
                        <rotate sid="rotateX">1 0 0 7.76741</rotate>
                        <rotate sid="rotateZ">0 0 1 -11.142</rotate>
                        <scale sid="scale">1 1 1</scale>
                        <instance_geometry url="#ID336">
                            <bind_material>
                                <technique_common>
                                    <instance_material symbol="Material1" target="#ID1">
                                        <bind_vertex_input semantic="UVSET0" input_semantic="TEXCOORD" input_set="0"/>
                                    </instance_material>
                                </technique_common>
                            </bind_material>
                        </instance_geometry>
                        <node id="ID344" name="Mirror">
                            <translate sid="translate">7.48824e-006 1.44687e-006 -2.01152e-007</translate>
                            <rotate sid="rotateY">0 1 0 8.75532e-008</rotate>
                            <rotate sid="rotateX">1 0 0 8.45728e-007</rotate>
                            <rotate sid="rotateZ">0 0 1 -0</rotate>
                            <scale sid="scale">1 1 1</scale>
                            <instance_geometry url="#ID345">
                                <bind_material>
                                    <technique_common>
                                        <instance_material symbol="Material1" target="#ID1">
                                            <bind_vertex_input semantic="UVSET0" input_semantic="TEXCOORD" input_set="0"/>
                                        </instance_material>
                                    </technique_common>
                                </bind_material>
                            </instance_geometry>
                        </node>
                    </node>
                    <node id="ID353" name="Lights">
                        <translate sid="translate">0 0 -0</translate>
                        <rotate sid="rotateY">0 1 0 0</rotate>
                        <rotate sid="rotateX">1 0 0 0</rotate>
                        <rotate sid="rotateZ">0 0 1 -0</rotate>
                        <scale sid="scale">1 1 1</scale>
                        <node id="ID354" name="LightRearL">
                            <translate sid="translate">-68.82 -0.317394 180.13</translate>
                            <rotate sid="rotateY">0 1 0 90</rotate>
                            <rotate sid="rotateX">1 0 0 -5.00896e-006</rotate>
                            <rotate sid="rotateZ">0 0 1 -90</rotate>
                            <scale sid="scale">1 1 1</scale>
                            <instance_geometry url="#ID355">
                                <bind_material>
                                    <technique_common>
                                        <instance_material symbol="Material1" target="#ID1">
                                            <bind_vertex_input semantic="UVSET0" input_semantic="TEXCOORD" input_set="0"/>
                                        </instance_material>
                                    </technique_common>
                                </bind_material>
                            </instance_geometry>
                            <node id="ID363" name="LightRearL.2">
                                <translate sid="translate">0 0 -0</translate>
                                <rotate sid="rotateY">0 1 0 8.65958e-022</rotate>
                                <rotate sid="rotateX">1 0 0 0</rotate>
                                <rotate sid="rotateZ">0 0 1 -0</rotate>
                                <scale sid="scale">1 1 1</scale>
                                <instance_geometry url="#ID364">
                                    <bind_material>
                                        <technique_common>
                                            <instance_material symbol="Material1" target="#ID1">
                                                <bind_vertex_input semantic="UVSET0" input_semantic="TEXCOORD" input_set="0"/>
                                            </instance_material>
                                        </technique_common>
                                    </bind_material>
                                </instance_geometry>
                            </node>
                        </node>
                        <node id="ID372" name="LightRearR">
                            <translate sid="translate">68.8196 -0.317394 180.13</translate>
                            <rotate sid="rotateY">0 1 0 90</rotate>
                            <rotate sid="rotateX">1 0 0 -5.00896e-006</rotate>
                            <rotate sid="rotateZ">0 0 1 -90</rotate>
                            <scale sid="scale">1 1 1</scale>
                            <instance_geometry url="#ID373">
                                <bind_material>
                                    <technique_common>
                                        <instance_material symbol="Material1" target="#ID1">
                                            <bind_vertex_input semantic="UVSET0" input_semantic="TEXCOORD" input_set="0"/>
                                        </instance_material>
                                    </technique_common>
                                </bind_material>
                            </instance_geometry>
                            <node id="ID381" name="LightRearR.2">
                                <translate sid="translate">0 0 -0</translate>
                                <rotate sid="rotateY">0 1 0 8.65958e-022</rotate>
                                <rotate sid="rotateX">1 0 0 0</rotate>
                                <rotate sid="rotateZ">0 0 1 -0</rotate>
                                <scale sid="scale">1 1 1</scale>
                                <instance_geometry url="#ID382">
                                    <bind_material>
                                        <technique_common>
                                            <instance_material symbol="Material1" target="#ID1">
                                                <bind_vertex_input semantic="UVSET0" input_semantic="TEXCOORD" input_set="0"/>
                                            </instance_material>
                                        </technique_common>
                                    </bind_material>
                                </instance_geometry>
                            </node>
                        </node>
                        <node id="ID390" name="LightFrontR">
                            <translate sid="translate">59.874 5.93769 -215.283</translate>
                            <rotate sid="rotateY">0 1 0 270</rotate>
                            <rotate sid="rotateX">1 0 0 -5.00896e-006</rotate>
                            <rotate sid="rotateZ">0 0 1 -90</rotate>
                            <scale sid="scale">1 1 1</scale>
                            <instance_geometry url="#ID391">
                                <bind_material>
                                    <technique_common>
                                        <instance_material symbol="Material1" target="#ID1">
                                            <bind_vertex_input semantic="UVSET0" input_semantic="TEXCOORD" input_set="0"/>
                                        </instance_material>
                                    </technique_common>
                                </bind_material>
                            </instance_geometry>
                            <node id="ID399" name="LightFrontR.2">
                                <translate sid="translate">0 0 -0</translate>
                                <rotate sid="rotateY">0 1 0 360</rotate>
                                <rotate sid="rotateX">1 0 0 0</rotate>
                                <rotate sid="rotateZ">0 0 1 -0</rotate>
                                <scale sid="scale">1 1 1</scale>
                                <instance_geometry url="#ID400">
                                    <bind_material>
                                        <technique_common>
                                            <instance_material symbol="Material1" target="#ID1">
                                                <bind_vertex_input semantic="UVSET0" input_semantic="TEXCOORD" input_set="0"/>
                                            </instance_material>
                                        </technique_common>
                                    </bind_material>
                                </instance_geometry>
                            </node>
                        </node>
                        <node id="ID408" name="LightFrontL">
                            <translate sid="translate">-59.8742 5.93769 -215.283</translate>
                            <rotate sid="rotateY">0 1 0 270</rotate>
                            <rotate sid="rotateX">1 0 0 -5.00896e-006</rotate>
                            <rotate sid="rotateZ">0 0 1 -90</rotate>
                            <scale sid="scale">1 1 1</scale>
                            <instance_geometry url="#ID409">
                                <bind_material>
                                    <technique_common>
                                        <instance_material symbol="Material1" target="#ID1">
                                            <bind_vertex_input semantic="UVSET0" input_semantic="TEXCOORD" input_set="0"/>
                                        </instance_material>
                                    </technique_common>
                                </bind_material>
                            </instance_geometry>
                            <node id="ID417" name="LightFrontL.2">
                                <translate sid="translate">0 0 -0</translate>
                                <rotate sid="rotateY">0 1 0 360</rotate>
                                <rotate sid="rotateX">1 0 0 0</rotate>
                                <rotate sid="rotateZ">0 0 1 -0</rotate>
                                <scale sid="scale">1 1 1</scale>
                                <instance_geometry url="#ID418">
                                    <bind_material>
                                        <technique_common>
                                            <instance_material symbol="Material1" target="#ID1">
                                                <bind_vertex_input semantic="UVSET0" input_semantic="TEXCOORD" input_set="0"/>
                                            </instance_material>
                                        </technique_common>
                                    </bind_material>
                                </instance_geometry>
                            </node>
                        </node>
                    </node>
                    <node id="ID426" name="Grille">
                        <translate sid="translate">0 -0.34243 -214.437</translate>
                        <rotate sid="rotateY">0 1 0 0</rotate>
                        <rotate sid="rotateX">1 0 0 0</rotate>
                        <rotate sid="rotateZ">0 0 1 -0</rotate>
                        <scale sid="scale">1 1 1</scale>
                        <instance_geometry url="#ID427">
                            <bind_material>
                                <technique_common>
                                    <instance_material symbol="Material1" target="#ID1">
                                        <bind_vertex_input semantic="UVSET0" input_semantic="TEXCOORD" input_set="0"/>
                                    </instance_material>
                                </technique_common>
                            </bind_material>
                        </instance_geometry>
                    </node>
                    <node id="ID435" name="BumperBack">
                        <translate sid="translate">-1.97024e-006 -15.626 184.91</translate>
                        <rotate sid="rotateY">0 1 0 180</rotate>
                        <rotate sid="rotateX">1 0 0 -8.14222e-013</rotate>
                        <rotate sid="rotateZ">0 0 1 -0</rotate>
                        <scale sid="scale">1 1 1</scale>
                        <instance_geometry url="#ID436">
                            <bind_material>
                                <technique_common>
                                    <instance_material symbol="Material1" target="#ID1">
                                        <bind_vertex_input semantic="UVSET0" input_semantic="TEXCOORD" input_set="0"/>
                                    </instance_material>
                                </technique_common>
                            </bind_material>
                        </instance_geometry>
                    </node>
                    <node id="ID444" name="BumperFront">
                        <translate sid="translate">0 -13.2284 -221.803</translate>
                        <rotate sid="rotateY">0 1 0 0</rotate>
                        <rotate sid="rotateX">1 0 0 0</rotate>
                        <rotate sid="rotateZ">0 0 1 -0</rotate>
                        <scale sid="scale">1 1 1</scale>
                        <instance_geometry url="#ID445">
                            <bind_material>
                                <technique_common>
                                    <instance_material symbol="Material1" target="#ID1">
                                        <bind_vertex_input semantic="UVSET0" input_semantic="TEXCOORD" input_set="0"/>
                                    </instance_material>
                                </technique_common>
                            </bind_material>
                        </instance_geometry>
                    </node>
                    <node id="ID453" name="Exhaust">
                        <translate sid="translate">50.0152 -29.3488 168.555</translate>
                        <rotate sid="rotateY">0 1 0 0</rotate>
                        <rotate sid="rotateX">1 0 0 9.0016</rotate>
                        <rotate sid="rotateZ">0 0 1 -0</rotate>
                        <scale sid="scale">1 1 1</scale>
                        <instance_geometry url="#ID454">
                            <bind_material>
                                <technique_common>
                                    <instance_material symbol="Material1" target="#ID1">
                                        <bind_vertex_input semantic="UVSET0" input_semantic="TEXCOORD" input_set="0"/>
                                    </instance_material>
                                </technique_common>
                            </bind_material>
                        </instance_geometry>
                    </node>
                </node>
                <node id="ID462" name="WheelMeshes">
                    <translate sid="translate">0 0 -0</translate>
                    <rotate sid="rotateY">0 1 0 0</rotate>
                    <rotate sid="rotateX">1 0 0 0</rotate>
                    <rotate sid="rotateZ">0 0 1 -0</rotate>
                    <scale sid="scale">1 1 1</scale>
                    <node id="ID463" name="WheelFR">
                        <translate sid="translate">74.897 -17.2826 -143.152</translate>
                        <rotate sid="rotateY">0 1 0 1.62844e-012</rotate>
                        <rotate sid="rotateX">1 0 0 8.14221e-013</rotate>
                        <rotate sid="rotateZ">0 0 1 -360</rotate>
                        <scale sid="scale">1 1 1</scale>
                        <instance_geometry url="#ID464">
                            <bind_material>
                                <technique_common>
                                    <instance_material symbol="Material1" target="#ID1">
                                        <bind_vertex_input semantic="UVSET0" input_semantic="TEXCOORD" input_set="0"/>
                                    </instance_material>
                                </technique_common>
                            </bind_material>
                        </instance_geometry>
                    </node>
                    <node id="ID472" name="WheelFL">
                        <translate sid="translate">-74.897 -17.2827 -143.152</translate>
                        <rotate sid="rotateY">0 1 0 180</rotate>
                        <rotate sid="rotateX">1 0 0 8.21239e-013</rotate>
                        <rotate sid="rotateZ">0 0 1 -0</rotate>
                        <scale sid="scale">1 1 1</scale>
                        <instance_geometry url="#ID473">
                            <bind_material>
                                <technique_common>
                                    <instance_material symbol="Material1" target="#ID1">
                                        <bind_vertex_input semantic="UVSET0" input_semantic="TEXCOORD" input_set="0"/>
                                    </instance_material>
                                </technique_common>
                            </bind_material>
                        </instance_geometry>
                    </node>
                    <node id="ID481" name="WheelRR">
                        <translate sid="translate">74.897 -17.2826 109.499</translate>
                        <rotate sid="rotateY">0 1 0 1.62844e-012</rotate>
                        <rotate sid="rotateX">1 0 0 0</rotate>
                        <rotate sid="rotateZ">0 0 1 -360</rotate>
                        <scale sid="scale">1 1 1</scale>
                        <instance_geometry url="#ID482">
                            <bind_material>
                                <technique_common>
                                    <instance_material symbol="Material1" target="#ID1">
                                        <bind_vertex_input semantic="UVSET0" input_semantic="TEXCOORD" input_set="0"/>
                                    </instance_material>
                                </technique_common>
                            </bind_material>
                        </instance_geometry>
                    </node>
                    <node id="ID490" name="WheelRL">
                        <translate sid="translate">-74.897 -17.2827 109.499</translate>
                        <rotate sid="rotateY">0 1 0 180</rotate>
                        <rotate sid="rotateX">1 0 0 8.21239e-013</rotate>
                        <rotate sid="rotateZ">0 0 1 -0</rotate>
                        <scale sid="scale">1 1 1</scale>
                        <instance_geometry url="#ID491">
                            <bind_material>
                                <technique_common>
                                    <instance_material symbol="Material1" target="#ID1">
                                        <bind_vertex_input semantic="UVSET0" input_semantic="TEXCOORD" input_set="0"/>
                                    </instance_material>
                                </technique_common>
                            </bind_material>
                        </instance_geometry>
                    </node>
                </node>
            </node>
        </visual_scene>
    </library_visual_scenes>
    <scene>
        <instance_visual_scene url="#ID3"/>
    </scene>
</COLLADA>
