<?xml version="1.0"?>
<COLLADA xmlns="http://www.collada.org/2005/11/COLLADASchema" version="1.4.1">
    <asset>
        <contributor>
            <authoring_tool>CINEMA4D 11.530 COLLADA Exporter</authoring_tool>
        </contributor>
        <created>2016-02-09T19:41:55Z</created>
        <modified>2016-02-09T19:41:55Z</modified>
        <unit meter="0.01" name="centimeter"/>
        <up_axis>Y_UP</up_axis>
    </asset>
    <library_effects>
        <effect id="ID2">
            <profile_COMMON>
                <technique sid="COMMON">
                    <blinn>
                        <diffuse>
                            <color>0.8 0.8 0.8 1</color>
                        </diffuse>
                        <specular>
                            <color>0.2 0.2 0.2 1</color>
                        </specular>
                        <shininess>
                            <float>0.5</float>
                        </shininess>
                    </blinn>
                </technique>
            </profile_COMMON>
        </effect>
    </library_effects>
    <library_materials>
        <material id="ID1" name="Mat">
            <instance_effect url="#ID2"/>
        </material>
    </library_materials>
    <library_geometries>
        <geometry id="ID6">
            <mesh>
                <source id="ID7">
                    <float_array id="ID8" count="330">-63.9 -20.4756 68.3 -62.7827 25.8904 66.9095 -35.1078 150.188 5.9266 -60.7914 19.2721 -83.0306 -30.1945 3.64912 -221.115 0 -20.4756 70.4362 -63.9 -20.4756 -67.7581 -63.9 20.4756 -68.3 0 25.7791 69.0825 0 -20.4756 -67.7581 -32.0778 -16.6946 -219.093 -32.172 8.34695 -217.858 -37.2975 149.401 35.1923 0 21.2628 -70.3222 0 -16.6946 -221.115 -63.9 -20.4756 19.7486 -62.7507 26.0454 19.3504 0 8.8939 -219.8 0 150.188 37.3285 -37.2975 149.401 10.5314 0 149.401 -43.0891 -63.9 17.6616 68.3 0 -20.4756 19.7486 0 150.188 5.9266 -63.9 -4.27011 -68.3 0 17.5432 70.4362 -32.0778 3.11064 -219.093 -63.9 18.0145 19.7486 0 3.64912 -221.115 -35.1078 150.188 -40.4619 -35.1078 149.401 -43.0891 -60.1485 17.6616 70.4362 -63.9 20.4756 3.25201 0 20.261 -82.5841 -37.2975 149.401 1.32185 -59.2011 5.72384 -90.5664 -63.9 -4.27011 3.25201 -60.1485 -20.4756 19.7486 -63.9 20.4756 -67.2162 -35.1078 150.188 37.3285 -37.2975 149.401 -40.4619 0 150.188 -40.4619 -63.9 -4.27011 -67.2162 -60.1485 -20.4756 70.4362 -59.1421 25.6887 69.1056 -57.7127 20.261 -82.5841 -60.1485 -20.4756 -67.7581 -60.1485 21.2628 -70.3222 -30.1945 -16.6946 -221.115 -30.4508 8.89132 -219.825 63.9 -20.4756 68.3 62.7827 25.8904 66.9095 35.1078 150.188 5.9266 60.7914 19.2721 -83.0306 30.1945 3.64912 -221.115 63.9 -20.4756 -67.7581 63.9 20.4756 -68.3 32.0778 -16.6946 -219.093 32.172 8.34695 -217.858 37.2975 149.401 35.1923 63.9 -20.4756 19.7486 62.7507 26.0454 19.3504 37.2975 149.401 10.5314 63.9 17.6616 68.3 63.9 -4.27011 -68.3 32.0778 3.11064 -219.093 63.9 18.0145 19.7486 35.1078 150.188 -40.4619 35.1078 149.401 -43.0891 60.1485 17.6616 70.4362 63.9 20.4756 3.25201 37.2975 149.401 1.32185 59.2011 5.72384 -90.5664 63.9 -4.27011 3.25201 60.1485 -20.4756 19.7486 63.9 20.4756 -67.2162 35.1078 150.188 37.3285 37.2975 149.401 -40.4619 63.9 -4.27011 -67.2162 60.1485 -20.4756 70.4362 59.1421 25.6887 69.1056 57.7127 20.261 -82.5841 60.1485 -20.4756 -67.7581 60.1485 21.2628 -70.3222 30.1945 -16.6946 -221.115 30.4508 8.89132 -219.825 -34.9107 9.39243 -204.956 -35.0456 -17.0472 -204.979 0 -17.0924 -204.979 0 10.1217 -204.979 -35.0578 3.39775 -204.972 -33.3998 10.1212 -204.979 -33.3461 -17.0924 -204.98 34.9058 9.39054 -204.979 35.0441 -17.047 -204.986 35.0563 3.3976 -204.979 33.3998 10.1212 -204.979 33.3462 -17.0924 -204.979 -26.7945 0.249124 -221.115 0 -13.2946 -221.115 0 0.249124 -221.115 -26.7945 -13.2946 -221.115 26.7945 0.249124 -221.115 26.7945 -13.2946 -221.115 -26.7945 0.249124 -211.692 0 -13.2946 -211.692 0 0.249124 -211.692 -26.7945 -13.2946 -211.692 26.7945 0.249124 -211.692 26.7945 -13.2946 -211.692</float_array>
                    <technique_common>
                        <accessor count="110" source="#ID8" stride="3">
                            <param name="X" type="float"/>
                            <param name="Y" type="float"/>
                            <param name="Z" type="float"/>
                        </accessor>
                    </technique_common>
                </source>
                <source id="ID9">
                    <float_array id="ID10" count="240">0.380252 0.712307 -0.589938 0.325509 0.0814581 -0.942024 0.891574 0.041038 -0.451011 0.831825 0.396506 -0.388395 -0.978339 0.00842575 -0.206839 -0.978309 -0.00233976 -0.20714 -0.88786 -0.449319 -0.0990809 -0.697382 -0.697678 -0.164024 -1 0 -0 -0.990417 0.138112 0.000401082 -0.850964 0.19756 0.486652 -0.861987 0.0996007 0.49705 -0.998935 0.0461357 0.00013398 -0.231359 0.96453 -0.127099 -0.381065 0.711748 -0.590088 2.90968e-009 0.761641 -0.647999 4.72846e-009 0.996586 -0.0825616 0 -1 -0 0.00332311 -0.999909 -0.0130639 4.26614e-009 -0.999924 -0.0123247 0 0.996679 -0.0814258 -0.350262 0.862632 -0.364943 -0.141016 0.983961 -0.109253 -0.779622 0.589425 -0.211584 -0.929619 0.275501 -0.244759 -0.00332325 -0.99991 -0.0130143 0.929619 0.275501 -0.244759 0.978309 -0.00233977 -0.20714 0.994516 -0.00176101 -0.104567 0 0.121471 -0.992595 -0.824519 0.523277 -0.215293 -0.832327 0.395527 -0.388316 -0.891605 0.0409427 -0.450959 0 0 1 -0.255933 -1.27999e-008 0.966695 -0.256008 0.0957674 0.961919 0 0.0816929 0.996658 -0.994516 -0.00176101 -0.104567 -0.994829 0.101567 -0 -0.748437 0.538644 -0.386918 -0.355638 0.801771 -0.480296 -0.165062 0.944786 -0.283078 -0.325509 0.0814581 -0.942024 -0.788533 -0.452787 -0.416172 -0.219307 -0.575395 -0.787924 0.355638 0.801771 -0.480296 0.350262 0.862632 -0.364943 0.748437 0.538644 -0.386918 -0.253729 0.190661 0.948299 0 0.16284 0.986653 0.255933 -1.27999e-008 0.966695 0.256008 0.0957674 0.961919 0.861987 0.0996007 0.49705 0.864528 -1.43126e-008 0.502585 -0.864528 -1.43126e-008 0.502585 -0.0108294 -0.99958 -0.0268919 0.229882 0.964936 -0.126698 0.0109731 -0.999576 -0.0269846 0.219457 -0.575348 -0.787917 4.66887e-009 -0.698338 -0.715768 7.60764e-009 -0.999696 -0.0246476 0.165062 0.944786 -0.283078 0 0.957926 -0.287015 0 0 -1 0.887857 -0.449316 -0.0991249 0.697474 -0.697561 -0.164131 0.788608 -0.452671 -0.416157 1 0 -0 0.990417 0.138112 0.000401082 0.998935 0.0461357 0.00013398 0.850964 0.19756 0.486652 0.823586 0.524782 -0.215196 0.978321 0.00854931 -0.206917 0.994829 0.101567 -0 0.141016 0.983961 -0.109253 0.779622 0.589425 -0.211584 0.253729 0.190661 0.948299 1 1.40829e-007 -0 0 1 -0 -1 1.40829e-007 -0</float_array>
                    <technique_common>
                        <accessor count="80" source="#ID10" stride="3">
                            <param name="X" type="float"/>
                            <param name="Y" type="float"/>
                            <param name="Z" type="float"/>
                        </accessor>
                    </technique_common>
                </source>
                <source id="ID11">
                    <float_array id="ID12" count="2">0 1</float_array>
                    <technique_common>
                        <accessor count="1" source="#ID12" stride="2">
                            <param name="S" type="float"/>
                            <param name="T" type="float"/>
                        </accessor>
                    </technique_common>
                </source>
                <vertices id="ID13">
                    <input semantic="POSITION" source="#ID7"/>
                </vertices>
                <polylist count="84" material="Material1">
                    <input offset="0" semantic="VERTEX" source="#ID13"/>
                    <input offset="1" semantic="NORMAL" source="#ID9"/>
                    <input offset="2" semantic="TEXCOORD" source="#ID11" set="0"/>
                    <vcount>4 4 4 4 4 4 4 3 3 4 3 4 4 4 4 4 3 4 4 4 4 4 4 4 3 4 4 4 4 4 3 3 4 4 4 4 4 4 3 4 4 4 4 4 4 4 4 4 4 4 4 3 4 3 3 4 4 3 4 4 4 4 3 4 4 4 4 4 4 4 3 4 4 4 4 4 4 4 4 4 4 4 4 4</vcount>
                    <p>58 3 0 65 2 0 54 1 0 85 0 0 87 7 0 6 6 0 35 5 0 90 4 0 36 8 0 42 8 0 6 6 0 15 8 0 27 12 0 21 11 0 1 10 0 16 9 0 89 16 0 17 15 0 49 14 0 91 13 0 22 17 0 9 19 0 82 18 0 74 17 0 45 22 0 47 21 0 13 20 0 33 20 0 35 5 0 7 24 0 3 23 0 15 8 0 27 12 0 36 8 0 37 17 0 15 17 0 6 6 0 46 25 0 64 28 0 72 27 0 56 26 0 28 29 0 17 15 0 85 0 0 54 1 0 91 13 0 49 14 0 11 31 0 86 30 0 86 30 0 11 31 0 26 32 0 90 4 0 25 36 0 31 35 0 43 34 0 5 33 0 42 8 0 38 38 0 7 24 0 24 37 0 29 41 0 30 40 0 40 39 0 37 17 0 22 17 0 5 17 0 43 17 0 48 44 0 10 43 0 26 32 0 4 42 0 77 47 0 56 26 0 83 46 0 68 45 0 31 35 0 25 36 0 8 49 0 44 48 0 50 53 0 63 52 0 69 51 0 79 50 0 90 4 0 26 32 0 10 43 0 87 7 0 27 12 0 15 8 0 0 54 0 21 11 0 35 5 0 6 6 0 24 37 0 45 22 0 3 23 0 7 24 0 47 21 0 4 42 0 26 32 0 11 31 0 49 14 0 92 55 0 46 25 0 6 6 0 87 7 0 96 56 0 85 0 0 17 15 0 89 16 0 88 60 0 14 59 0 84 58 0 97 57 0 40 39 0 7 24 0 38 38 0 42 8 0 24 37 0 6 6 0 87 7 0 10 43 0 48 44 0 92 55 0 20 62 0 41 62 0 67 61 0 68 45 0 46 25 0 9 19 0 22 17 0 37 17 0 49 14 0 17 15 0 28 29 0 4 42 0 92 55 0 48 44 0 14 59 0 88 60 0 60 17 0 50 17 0 79 17 0 74 17 0 35 5 0 24 37 0 7 24 0 47 21 0 7 24 0 40 39 0 30 40 0 31 35 0 21 11 0 0 54 0 43 34 0 29 41 0 41 62 0 20 62 0 30 40 0 43 17 0 0 17 0 15 17 0 37 17 0 104 63 0 106 63 0 105 63 0 107 63 0 44 48 0 1 10 0 21 11 0 31 35 0 105 63 0 106 63 0 108 63 0 109 63 0 94 65 0 55 64 0 82 18 0 97 57 0 97 57 0 84 58 0 57 66 0 94 65 0 55 64 0 78 67 0 73 67 0 60 67 0 51 70 0 63 52 0 66 69 0 61 68 0 95 72 0 65 2 0 58 3 0 93 71 0 56 26 0 77 47 0 75 73 0 13 20 0 83 46 0 81 74 0 33 20 0 56 26 0 72 27 0 53 75 0 66 69 0 60 67 0 73 67 0 55 64 0 60 17 0 74 17 0 82 18 0 63 52 0 51 70 0 80 76 0 69 51 0 64 28 0 78 67 0 55 64 0 88 60 0 9 19 0 46 25 0 92 55 0 94 65 0 57 66 0 65 2 0 95 72 0 79 50 0 69 51 0 25 36 0 5 33 0 56 26 0 75 73 0 78 67 0 64 28 0 68 45 0 67 61 0 77 47 0 5 17 0 22 17 0 74 17 0 79 17 0 65 2 0 57 66 0 84 58 0 54 1 0 93 71 0 58 3 0 85 0 0 96 56 0 8 49 0 25 36 0 69 51 0 80 76 0 97 57 0 82 18 0 9 19 0 88 60 0 94 65 0 95 72 0 72 27 0 55 64 0 50 53 0 60 67 0 66 69 0 63 52 0 55 64 0 72 27 0 64 28 0 56 26 0 53 75 0 81 74 0 83 46 0 4 42 0 98 63 0 101 63 0 48 44 0 28 29 0 100 63 0 98 63 0 4 42 0 48 44 0 101 63 0 99 63 0 14 59 0 14 59 0 99 63 0 103 63 0 84 58 0 54 1 0 102 63 0 100 63 0 28 29 0 84 58 0 103 63 0 102 63 0 54 1 0 98 77 0 104 77 0 107 77 0 101 77 0 100 17 0 106 17 0 104 17 0 98 17 0 101 78 0 107 78 0 105 78 0 99 78 0 99 78 0 105 78 0 109 78 0 103 78 0 102 17 0 108 17 0 106 17 0 100 17 0 103 79 0 109 79 0 108 79 0 102 79 0</p>
                </polylist>
            </mesh>
        </geometry>
        <geometry id="ID23">
            <mesh>
                <source id="ID24">
                    <float_array id="ID25" count="84">-60.7914 9.67854 121.862 0 10.6674 122.309 -59.2011 -3.86975 114.326 -57.7127 10.6674 122.309 60.7914 9.67854 121.862 59.2011 -3.86975 114.326 57.7127 10.6674 122.309 -34.9107 -0.201172 -0.0630188 0 0.528064 -0.0862885 -35.0578 -6.19585 -0.0789795 -33.3998 0.527613 -0.0862732 34.9058 -0.203056 -0.0862732 35.0563 -6.19599 -0.0862579 33.3998 0.527614 -0.0862579 -60.2142 9.26591 122.017 0 10.0694 122.358 -58.6141 -3.87451 114.451 -57.6091 10.0712 122.379 60.2142 9.26591 122.017 58.6141 -3.87451 114.451 57.6091 10.0712 122.379 -34.3336 -0.613807 0.0919342 0 -0.0698881 -0.0367584 -34.4709 -6.2006 0.0455017 -33.2962 -0.0686083 -0.0158539 34.3286 -0.615688 0.0686798 34.4694 -6.20075 0.0382233 33.2962 -0.0686073 -0.0158386</float_array>
                    <technique_common>
                        <accessor count="28" source="#ID25" stride="3">
                            <param name="X" type="float"/>
                            <param name="Y" type="float"/>
                            <param name="Z" type="float"/>
                        </accessor>
                    </technique_common>
                </source>
                <source id="ID26">
                    <float_array id="ID27" count="132">0.641536 -0.443216 -0.626092 0.806059 -0.551791 0.214001 0.191707 -0.974174 0.119304 0.147908 -0.777154 -0.611682 -0.14876 -0.772096 -0.617849 2.23892e-007 -0.76869 -0.639621 -6.63476e-009 -0.996586 0.0825601 -0.191815 -0.974062 0.120045 -0.845582 -0.0111655 -0.533729 -0.643992 -0.433868 -0.630105 -0.806034 -0.551508 0.214821 -0.978037 -0.012762 0.208043 0.845377 -0.00915713 -0.534091 0.978037 -0.01276 0.208042 -0.182743 0.976024 -0.118245 -0.189727 0.758458 0.623494 -0.776838 0.226142 0.587693 -0.800906 0.559294 -0.213868 0.189761 0.758808 0.623057 1.58575e-008 0.76869 0.639621 2.03954e-010 0.996586 -0.0825614 0.182717 0.976094 -0.11771 0.644967 -0.707533 0.288815 0.775873 0.227198 0.588559 0.800953 0.559458 -0.213261 0.978193 0.0126335 -0.207313 -0.646201 -0.706698 0.288099 -0.978193 0.0126281 -0.207312 0.139925 -0.100984 -0.984999 0.0223737 -0.150085 -0.98842 -0.0859099 0.101358 0.991134 -0.281956 -0.205874 0.937079 3.26021e-007 -0.0999643 -0.994991 -0.0218849 -0.134691 -0.990646 0.0862616 0.102876 0.990947 2.24172e-008 0.0999625 0.994991 0.0118867 -0.999771 0.0178189 0.213034 -0.858375 0.4667 -0.139649 -0.0869126 -0.986379 -0.233029 -0.00322956 -0.972465 0.280577 -0.204775 0.937733 0.232227 -0.000349612 -0.972661 -0.215086 -0.858143 0.466184 -0.0118848 -0.999771 0.0178193</float_array>
                    <technique_common>
                        <accessor count="44" source="#ID27" stride="3">
                            <param name="X" type="float"/>
                            <param name="Y" type="float"/>
                            <param name="Z" type="float"/>
                        </accessor>
                    </technique_common>
                </source>
                <source id="ID28">
                    <float_array id="ID29" count="2">0 1</float_array>
                    <technique_common>
                        <accessor count="1" source="#ID29" stride="2">
                            <param name="S" type="float"/>
                            <param name="T" type="float"/>
                        </accessor>
                    </technique_common>
                </source>
                <vertices id="ID30">
                    <input semantic="POSITION" source="#ID24"/>
                </vertices>
                <polylist count="26" material="Material1">
                    <input offset="0" semantic="VERTEX" source="#ID30"/>
                    <input offset="1" semantic="NORMAL" source="#ID26"/>
                    <input offset="2" semantic="TEXCOORD" source="#ID28" set="0"/>
                    <vcount>4 4 4 4 4 4 4 4 4 4 4 4 4 4 4 4 4 4 4 4 4 4 4 4 4 4</vcount>
                    <p>24 3 0 17 2 0 14 1 0 21 0 0 20 7 0 15 6 0 22 5 0 27 4 0 19 11 0 18 10 0 25 9 0 26 8 0 25 9 0 18 10 0 20 7 0 27 4 0 22 5 0 15 6 0 17 2 0 24 3 0 21 0 0 14 1 0 16 13 0 23 12 0 7 17 0 0 16 0 3 15 0 10 14 0 13 21 0 8 20 0 1 19 0 6 18 0 12 25 0 11 24 0 4 23 0 5 22 0 13 21 0 6 18 0 4 23 0 11 24 0 10 14 0 3 15 0 1 19 0 8 20 0 9 27 0 2 26 0 0 16 0 7 17 0 10 29 0 24 3 0 21 0 0 7 28 0 0 16 0 14 31 0 17 30 0 3 15 0 13 33 0 27 4 0 22 5 0 8 32 0 1 19 0 15 35 0 20 34 0 6 18 0 5 22 0 19 37 0 26 36 0 12 36 0 12 39 0 26 8 0 25 9 0 11 38 0 4 23 0 18 40 0 19 37 0 5 22 0 11 38 0 25 9 0 27 4 0 13 33 0 6 18 0 20 34 0 18 40 0 4 23 0 8 32 0 22 5 0 24 3 0 10 29 0 3 15 0 17 30 0 15 35 0 1 19 0 7 28 0 21 0 0 23 12 0 9 41 0 9 43 0 23 43 0 16 42 0 2 26 0 2 26 0 16 42 0 14 31 0 0 16 0</p>
                </polylist>
            </mesh>
        </geometry>
        <geometry id="ID32">
            <mesh>
                <source id="ID33">
                    <float_array id="ID34" count="60">-28.5712 150.188 72.7946 -0.928284 26.0454 86.2184 -26.3815 149.401 77.3994 0.221004 18.0145 86.6166 -28.5712 150.188 26.4061 -1.17649 20.3205 70.1182 -26.3815 149.401 68.1899 0.221004 -4.27011 70.12 0.221004 20.4756 -0.348152 -26.3815 149.401 26.4061 0.221004 -4.27011 -0.348152 -2.32327 25.8782 86.2147 -27.7526 149.118 77.3994 -1.17811 17.9654 86.6093 0.221004 20.4756 70.12 -27.7526 149.118 68.1899 -1.179 -4.29469 70.1164 -1.179 20.3327 -0.348152 -27.7526 149.118 26.4061 -1.179 -4.27011 -0.348152</float_array>
                    <technique_common>
                        <accessor count="20" source="#ID34" stride="3">
                            <param name="X" type="float"/>
                            <param name="Y" type="float"/>
                            <param name="Z" type="float"/>
                        </accessor>
                    </technique_common>
                </source>
                <source id="ID35">
                    <float_array id="ID36" count="51">-0.759994 0.639213 -0.117543 -0.730699 -0.61652 0.293227 -1 5.09693e-005 1.78223e-005 -0.743601 0.668623 7.09195e-005 0.99639 0.0660771 -0.0532988 0.999097 0.0330684 -0.0266735 -0.46382 -0.289175 0.837406 -0.764986 0.598927 -0.236819 0.00877824 -0.999961 -0.000174434 0.0119227 -0.893051 0.449797 0 0 -1 0.00256171 -0.290192 0.956965 -0.00769195 0.0485581 0.998791 1 0 -0 -0.105936 0.994373 8.76542e-005 -0.108274 0.979795 -0.168163 -0.107523 0.937267 -0.331617</float_array>
                    <technique_common>
                        <accessor count="17" source="#ID36" stride="3">
                            <param name="X" type="float"/>
                            <param name="Y" type="float"/>
                            <param name="Z" type="float"/>
                        </accessor>
                    </technique_common>
                </source>
                <source id="ID37">
                    <float_array id="ID38" count="2">0 1</float_array>
                    <technique_common>
                        <accessor count="1" source="#ID38" stride="2">
                            <param name="S" type="float"/>
                            <param name="T" type="float"/>
                        </accessor>
                    </technique_common>
                </source>
                <vertices id="ID39">
                    <input semantic="POSITION" source="#ID33"/>
                </vertices>
                <polylist count="10" material="Material1">
                    <input offset="0" semantic="VERTEX" source="#ID39"/>
                    <input offset="1" semantic="NORMAL" source="#ID35"/>
                    <input offset="2" semantic="TEXCOORD" source="#ID37" set="0"/>
                    <vcount>4 4 4 4 4 4 4 4 4 4</vcount>
                    <p>17 3 0 19 2 0 16 1 0 5 0 0 3 4 0 7 5 0 14 5 0 1 4 0 11 7 0 5 0 0 16 1 0 13 6 0 7 9 0 16 1 0 19 8 0 10 8 0 10 10 0 19 10 0 17 10 0 8 10 0 1 12 0 11 12 0 13 6 0 3 11 0 14 5 0 7 5 0 10 13 0 8 13 0 3 11 0 13 6 0 16 1 0 7 9 0 17 3 0 5 0 0 14 15 0 8 14 0 5 0 0 11 7 0 1 16 0 14 15 0</p>
                </polylist>
            </mesh>
        </geometry>
        <geometry id="ID41">
            <mesh>
                <source id="ID42">
                    <float_array id="ID43" count="24">-2.60898 -2.60898 5.16969 -2.60898 2.60898 5.16969 2.60898 -2.60898 5.16969 2.60898 2.60898 5.16969 2.60898 -2.60898 -5.16969 2.60898 2.60898 -5.16969 -2.60898 -2.60898 -5.16969 -2.60898 2.60898 -5.16969</float_array>
                    <technique_common>
                        <accessor count="8" source="#ID43" stride="3">
                            <param name="X" type="float"/>
                            <param name="Y" type="float"/>
                            <param name="Z" type="float"/>
                        </accessor>
                    </technique_common>
                </source>
                <source id="ID44">
                    <float_array id="ID45" count="18">0 0 1 1 0 -0 0 0 -1 -1 0 -0 0 1 -0 0 -1 -0</float_array>
                    <technique_common>
                        <accessor count="6" source="#ID45" stride="3">
                            <param name="X" type="float"/>
                            <param name="Y" type="float"/>
                            <param name="Z" type="float"/>
                        </accessor>
                    </technique_common>
                </source>
                <source id="ID46">
                    <float_array id="ID47" count="2">0 1</float_array>
                    <technique_common>
                        <accessor count="1" source="#ID47" stride="2">
                            <param name="S" type="float"/>
                            <param name="T" type="float"/>
                        </accessor>
                    </technique_common>
                </source>
                <vertices id="ID48">
                    <input semantic="POSITION" source="#ID42"/>
                </vertices>
                <polylist count="6" material="Material1">
                    <input offset="0" semantic="VERTEX" source="#ID48"/>
                    <input offset="1" semantic="NORMAL" source="#ID44"/>
                    <input offset="2" semantic="TEXCOORD" source="#ID46" set="0"/>
                    <vcount>4 4 4 4 4 4</vcount>
                    <p>2 0 0 3 0 0 1 0 0 0 0 0 4 1 0 5 1 0 3 1 0 2 1 0 6 2 0 7 2 0 5 2 0 4 2 0 0 3 0 1 3 0 7 3 0 6 3 0 3 4 0 5 4 0 7 4 0 1 4 0 4 5 0 2 5 0 0 5 0 6 5 0</p>
                </polylist>
            </mesh>
        </geometry>
        <geometry id="ID50">
            <mesh>
                <source id="ID51">
                    <float_array id="ID52" count="42">-28.5712 150.188 72.7946 -0.928284 26.0454 86.2184 -26.3815 149.401 77.3994 -28.5712 150.188 26.4061 -1.17649 20.3205 70.1182 -26.3815 149.401 68.1899 0.221004 20.4756 -0.348152 -26.3815 149.401 26.4061 -2.32327 25.8782 86.2147 -27.7526 149.118 77.3994 0.221004 20.4756 70.12 -27.7526 149.118 68.1899 -1.179 20.3327 -0.348152 -27.7526 149.118 26.4061</float_array>
                    <technique_common>
                        <accessor count="14" source="#ID52" stride="3">
                            <param name="X" type="float"/>
                            <param name="Y" type="float"/>
                            <param name="Z" type="float"/>
                        </accessor>
                    </technique_common>
                </source>
                <source id="ID53">
                    <float_array id="ID54" count="57">-0.0303108 0.197202 -0.979894 -0.979368 -0.202084 -9.08506e-010 -0.909692 -0.415284 -4.65974e-010 -0.909692 -0.415284 -8.04651e-008 -0.979368 -0.202084 -7.46349e-008 -0.0125192 0.0687536 0.997555 -0.127887 0.624762 0.770271 0.406277 0.79039 0.4585 -0.979368 -0.202084 -1.48361e-007 -0.909692 -0.415284 -1.60464e-007 0.755361 0.655308 1.68394e-008 0.167013 0.98198 0.0884465 0.338291 0.941042 -0 0.755361 0.655309 -0 -0.79425 -0.607592 -0 -0.79425 -0.607592 -8.22472e-008 0.979368 0.202084 2.93748e-008 0.979368 0.202084 -0 0.979368 0.202084 5.87496e-008</float_array>
                    <technique_common>
                        <accessor count="19" source="#ID54" stride="3">
                            <param name="X" type="float"/>
                            <param name="Y" type="float"/>
                            <param name="Z" type="float"/>
                        </accessor>
                    </technique_common>
                </source>
                <source id="ID55">
                    <float_array id="ID56" count="2">0 1</float_array>
                    <technique_common>
                        <accessor count="1" source="#ID56" stride="2">
                            <param name="S" type="float"/>
                            <param name="T" type="float"/>
                        </accessor>
                    </technique_common>
                </source>
                <vertices id="ID57">
                    <input semantic="POSITION" source="#ID51"/>
                </vertices>
                <polylist count="11" material="Material1">
                    <input offset="0" semantic="VERTEX" source="#ID57"/>
                    <input offset="1" semantic="NORMAL" source="#ID53"/>
                    <input offset="2" semantic="TEXCOORD" source="#ID55" set="0"/>
                    <vcount>4 4 4 4 3 4 4 4 3 4 3</vcount>
                    <p>6 0 0 12 0 0 13 0 0 7 0 0 4 4 0 11 3 0 13 2 0 12 1 0 2 7 0 9 6 0 8 5 0 1 5 0 9 9 0 11 3 0 4 4 0 8 8 0 0 11 0 2 7 0 5 10 0 5 10 0 7 13 0 3 12 0 0 11 0 0 15 0 3 14 0 13 2 0 11 3 0 6 17 0 7 13 0 5 10 0 10 16 0 0 15 0 11 3 0 9 9 0 1 18 0 10 16 0 5 10 0 2 7 0 2 7 0 0 11 0 9 6 0</p>
                </polylist>
            </mesh>
        </geometry>
        <geometry id="ID59">
            <mesh>
                <source id="ID60">
                    <float_array id="ID61" count="60">28.5714 150.188 72.7946 0.928467 26.0454 86.2184 26.3817 149.401 77.3994 -0.220821 18.0145 86.6166 28.5714 150.188 26.4061 1.17667 20.3205 70.1182 26.3817 149.401 68.1899 -0.220821 -4.27011 70.12 -0.220821 20.4756 -0.348152 26.3817 149.401 26.4061 -0.220821 -4.27011 -0.348152 2.32346 25.8782 86.2147 27.7528 149.118 77.3994 1.1783 17.9654 86.6093 -0.220821 20.4756 70.12 27.7528 149.118 68.1899 1.17918 -4.29469 70.1164 1.17918 20.3327 -0.348152 27.7528 149.118 26.4061 1.17918 -4.27011 -0.348152</float_array>
                    <technique_common>
                        <accessor count="20" source="#ID61" stride="3">
                            <param name="X" type="float"/>
                            <param name="Y" type="float"/>
                            <param name="Z" type="float"/>
                        </accessor>
                    </technique_common>
                </source>
                <source id="ID62">
                    <float_array id="ID63" count="51">-1 0 -0 -0.999097 0.0330684 -0.0266735 0.759994 0.639212 -0.117543 0.730698 -0.616521 0.293228 0.463823 -0.289176 0.837404 0.764986 0.598926 -0.236818 -0.00255755 -0.290194 0.956965 -0.0119247 -0.893051 0.449797 0.00770292 0.0485553 0.998791 1 5.09693e-005 1.78223e-005 0.743601 0.668623 7.09701e-005 0 0 -1 -0.0087787 -0.999961 -0.000174407 -0.99639 0.0660771 -0.0532988 0.108275 0.979795 -0.168163 0.105936 0.994373 8.77294e-005 0.107525 0.937267 -0.331617</float_array>
                    <technique_common>
                        <accessor count="17" source="#ID63" stride="3">
                            <param name="X" type="float"/>
                            <param name="Y" type="float"/>
                            <param name="Z" type="float"/>
                        </accessor>
                    </technique_common>
                </source>
                <source id="ID64">
                    <float_array id="ID65" count="2">0 1</float_array>
                    <technique_common>
                        <accessor count="1" source="#ID65" stride="2">
                            <param name="S" type="float"/>
                            <param name="T" type="float"/>
                        </accessor>
                    </technique_common>
                </source>
                <vertices id="ID66">
                    <input semantic="POSITION" source="#ID60"/>
                </vertices>
                <polylist count="10" material="Material1">
                    <input offset="0" semantic="VERTEX" source="#ID66"/>
                    <input offset="1" semantic="NORMAL" source="#ID62"/>
                    <input offset="2" semantic="TEXCOORD" source="#ID64" set="0"/>
                    <vcount>4 4 4 4 4 4 4 4 4 4</vcount>
                    <p>10 0 0 7 1 0 14 1 0 8 0 0 11 5 0 13 4 0 16 3 0 5 2 0 7 7 0 16 3 0 13 4 0 3 6 0 3 6 0 13 4 0 11 8 0 1 8 0 17 10 0 5 2 0 16 3 0 19 9 0 8 11 0 17 11 0 19 11 0 10 11 0 10 12 0 19 12 0 16 3 0 7 7 0 14 1 0 7 1 0 3 13 0 1 13 0 8 15 0 14 14 0 5 2 0 17 10 0 14 14 0 1 16 0 11 5 0 5 2 0</p>
                </polylist>
            </mesh>
        </geometry>
        <geometry id="ID68">
            <mesh>
                <source id="ID69">
                    <float_array id="ID70" count="24">-2.60898 -2.60898 5.16969 -2.60898 2.60898 5.16969 2.60898 -2.60898 5.16969 2.60898 2.60898 5.16969 2.60898 -2.60898 -5.16969 2.60898 2.60898 -5.16969 -2.60898 -2.60898 -5.16969 -2.60898 2.60898 -5.16969</float_array>
                    <technique_common>
                        <accessor count="8" source="#ID70" stride="3">
                            <param name="X" type="float"/>
                            <param name="Y" type="float"/>
                            <param name="Z" type="float"/>
                        </accessor>
                    </technique_common>
                </source>
                <source id="ID71">
                    <float_array id="ID72" count="18">0 0 1 1 0 -0 0 0 -1 -1 0 -0 0 1 -0 0 -1 -0</float_array>
                    <technique_common>
                        <accessor count="6" source="#ID72" stride="3">
                            <param name="X" type="float"/>
                            <param name="Y" type="float"/>
                            <param name="Z" type="float"/>
                        </accessor>
                    </technique_common>
                </source>
                <source id="ID73">
                    <float_array id="ID74" count="2">0 1</float_array>
                    <technique_common>
                        <accessor count="1" source="#ID74" stride="2">
                            <param name="S" type="float"/>
                            <param name="T" type="float"/>
                        </accessor>
                    </technique_common>
                </source>
                <vertices id="ID75">
                    <input semantic="POSITION" source="#ID69"/>
                </vertices>
                <polylist count="6" material="Material1">
                    <input offset="0" semantic="VERTEX" source="#ID75"/>
                    <input offset="1" semantic="NORMAL" source="#ID71"/>
                    <input offset="2" semantic="TEXCOORD" source="#ID73" set="0"/>
                    <vcount>4 4 4 4 4 4</vcount>
                    <p>2 0 0 3 0 0 1 0 0 0 0 0 4 1 0 5 1 0 3 1 0 2 1 0 6 2 0 7 2 0 5 2 0 4 2 0 0 3 0 1 3 0 7 3 0 6 3 0 3 4 0 5 4 0 7 4 0 1 4 0 4 5 0 2 5 0 0 5 0 6 5 0</p>
                </polylist>
            </mesh>
        </geometry>
        <geometry id="ID77">
            <mesh>
                <source id="ID78">
                    <float_array id="ID79" count="42">28.5714 150.188 72.7946 0.928467 26.0454 86.2184 26.3817 149.401 77.3994 28.5714 150.188 26.4061 1.17667 20.3205 70.1182 26.3817 149.401 68.1899 -0.220821 20.4756 -0.348152 26.3817 149.401 26.4061 2.32346 25.8782 86.2147 27.7528 149.118 77.3994 -0.220821 20.4756 70.12 27.7528 149.118 68.1899 1.17918 20.3327 -0.348152 27.7528 149.118 26.4061</float_array>
                    <technique_common>
                        <accessor count="14" source="#ID79" stride="3">
                            <param name="X" type="float"/>
                            <param name="Y" type="float"/>
                            <param name="Z" type="float"/>
                        </accessor>
                    </technique_common>
                </source>
                <source id="ID80">
                    <float_array id="ID81" count="57">0.909692 -0.415284 -8.62836e-008 0.909692 -0.415284 -6.75621e-009 0.979368 -0.202084 -1.31725e-008 0.979368 -0.202084 -8.59792e-008 0.0303006 0.197204 -0.979894 -0.755361 0.655309 1.68394e-008 -0.167013 0.98198 0.0884465 -0.406277 0.79039 0.4585 -0.755361 0.655309 -0 -0.338291 0.941042 -0 0.79425 -0.607592 -8.22472e-008 0.79425 -0.607592 -0 0.979368 -0.202084 -1.58786e-007 0.909692 -0.415284 -1.65811e-007 -0.979368 0.202084 2.93748e-008 -0.979368 0.202084 -0 0.127888 0.624762 0.770271 -0.979368 0.202084 5.87496e-008 0.0125207 0.0687532 0.997555</float_array>
                    <technique_common>
                        <accessor count="19" source="#ID81" stride="3">
                            <param name="X" type="float"/>
                            <param name="Y" type="float"/>
                            <param name="Z" type="float"/>
                        </accessor>
                    </technique_common>
                </source>
                <source id="ID82">
                    <float_array id="ID83" count="2">0 1</float_array>
                    <technique_common>
                        <accessor count="1" source="#ID83" stride="2">
                            <param name="S" type="float"/>
                            <param name="T" type="float"/>
                        </accessor>
                    </technique_common>
                </source>
                <vertices id="ID84">
                    <input semantic="POSITION" source="#ID78"/>
                </vertices>
                <polylist count="11" material="Material1">
                    <input offset="0" semantic="VERTEX" source="#ID84"/>
                    <input offset="1" semantic="NORMAL" source="#ID80"/>
                    <input offset="2" semantic="TEXCOORD" source="#ID82" set="0"/>
                    <vcount>4 4 3 4 4 4 4 3 3 4 4</vcount>
                    <p>4 3 0 12 2 0 13 1 0 11 0 0 7 4 0 13 4 0 12 4 0 6 4 0 2 7 0 0 6 0 5 5 0 3 9 0 7 8 0 5 5 0 0 6 0 3 11 0 0 10 0 11 0 0 13 1 0 9 13 0 8 12 0 4 3 0 11 0 0 5 5 0 7 8 0 6 15 0 10 14 0 0 10 0 9 13 0 11 0 0 2 7 0 9 16 0 0 6 0 5 5 0 10 14 0 1 17 0 2 7 0 1 18 0 8 18 0 9 16 0 2 7 0</p>
                </polylist>
            </mesh>
        </geometry>
        <geometry id="ID87">
            <mesh>
                <source id="ID88">
                    <float_array id="ID89" count="348">-63.9 -20.4756 68.3 -62.7827 25.8904 66.9095 -35.1078 150.188 5.9266 -60.7914 19.2721 -83.0306 -30.1945 3.64912 -221.115 0 -20.4756 70.4362 -63.9 -20.4756 -67.7581 -63.9 20.4756 -68.3 0 25.7791 69.0825 0 -20.4756 -67.7581 -32.0778 -16.6946 -219.093 -32.172 8.34695 -217.858 -37.2975 149.401 35.1923 0 21.2628 -70.3222 0 -16.6946 -221.115 -63.9 -20.4756 19.7486 -62.7507 26.0454 19.3504 0 8.8939 -219.8 0 150.188 37.3285 -37.2975 149.401 10.5314 0 149.401 -43.0891 -63.9 17.6616 68.3 0 -20.4756 19.7486 0 150.188 5.9266 -63.9 -4.27011 -68.3 0 17.5432 70.4362 -32.0778 3.11064 -219.093 -63.9 18.0145 19.7486 0 3.64912 -221.115 -35.1078 150.188 -40.4619 -35.1078 149.401 -43.0891 -60.1485 17.6616 70.4362 -63.9 20.4756 3.25201 0 20.261 -82.5841 -37.2975 149.401 1.32185 -59.2011 5.72384 -90.5664 -63.9 -4.27011 3.25201 -60.1485 -20.4756 19.7486 -63.9 20.4756 -67.2162 -35.1078 150.188 37.3285 -37.2975 149.401 -40.4619 0 150.188 -40.4619 -63.9 -4.27011 -67.2162 -60.1485 -20.4756 70.4362 -59.1421 25.6887 69.1056 -57.7127 20.261 -82.5841 -60.1485 -20.4756 -67.7581 -60.1485 21.2628 -70.3222 -30.1945 -16.6946 -221.115 -30.4508 8.89132 -219.825 63.9 -20.4756 68.3 62.7827 25.8904 66.9095 35.1078 150.188 5.9266 60.7914 19.2721 -83.0306 30.1945 3.64912 -221.115 63.9 -20.4756 -67.7581 63.9 20.4756 -68.3 32.0778 -16.6946 -219.093 32.172 8.34695 -217.858 37.2975 149.401 35.1923 63.9 -20.4756 19.7486 62.7507 26.0454 19.3504 37.2975 149.401 10.5314 63.9 17.6616 68.3 63.9 -4.27011 -68.3 32.0778 3.11064 -219.093 63.9 18.0145 19.7486 35.1078 150.188 -40.4619 35.1078 149.401 -43.0891 60.1485 17.6616 70.4362 63.9 20.4756 3.25201 37.2975 149.401 1.32185 59.2011 5.72384 -90.5664 63.9 -4.27011 3.25201 60.1485 -20.4756 19.7486 63.9 20.4756 -67.2162 35.1078 150.188 37.3285 37.2975 149.401 -40.4619 63.9 -4.27011 -67.2162 60.1485 -20.4756 70.4362 59.1421 25.6887 69.1056 57.7127 20.261 -82.5841 60.1485 -20.4756 -67.7581 60.1485 21.2628 -70.3222 30.1945 -16.6946 -221.115 30.4508 8.89132 -219.825 -34.9107 9.39243 -204.956 -35.0456 -17.0472 -204.979 0 -17.0924 -204.979 0 10.1217 -204.979 -35.0578 3.39775 -204.972 -33.3998 10.1212 -204.979 -33.3461 -17.0924 -204.98 34.9058 9.39054 -204.979 35.0441 -17.047 -204.986 35.0563 3.3976 -204.979 33.3998 10.1212 -204.979 33.3462 -17.0924 -204.979 -60.1299 -11.7182 -66.9435 -60.1299 -11.7182 3.41551 -60.126 20.5158 -66.9435 -60.1379 17.8915 19.9501 -35.0818 149.479 -40.4489 -59.1004 25.6479 19.5693 -59.1305 25.4943 66.2355 60.1299 -11.7182 3.41551 60.1299 -11.7182 -66.9435 60.1379 17.8915 19.9501 60.126 20.5158 -66.9435 59.1004 25.6479 19.5693 35.0818 149.479 -40.4489 59.1305 25.4943 66.2355 -57.7295 -12.6276 -83.5516 -57.7264 14.8065 -83.5516 57.7295 -12.6276 -83.5516 57.7264 14.8065 -83.5516</float_array>
                    <technique_common>
                        <accessor count="116" source="#ID89" stride="3">
                            <param name="X" type="float"/>
                            <param name="Y" type="float"/>
                            <param name="Z" type="float"/>
                        </accessor>
                    </technique_common>
                </source>
                <source id="ID90">
                    <float_array id="ID91" count="171">0.89221 0.45162 -0 0.342093 0.939432 -0.0209618 0.405882 0.759689 -0.508066 0.73044 0.534257 -0.425472 -0.0531705 -0.0981966 0.993746 0.311247 -0.401849 0.861187 0.62689 -7.62111e-005 0.779108 -0.0720864 4.32299e-006 0.997398 0.123518 0.235024 -0.96411 0.248439 0.238377 -0.938858 -0.0185979 -0.0891186 0.995847 -0.0123906 -0.0532267 0.998506 0.026295 -0.0527681 -0.998261 0.0525715 -0.0564711 -0.997019 0.10826 0.994117 0.00332697 0.0542099 0.998524 0.00331386 0.0405061 0.998139 -0.045582 0.10189 0.994287 -0.0318047 -0.748567 0.513469 -0.41952 -0.420127 0.752117 -0.507753 -0.342093 0.939432 -0.0209618 -0.89221 0.45162 -0 -0.271263 0.222324 -0.936477 -0.135052 0.227389 -0.964394 0.0720778 4.32638e-006 0.997399 -0.626893 -7.62056e-005 0.779105 -0.311246 -0.401979 0.861127 0.0531564 -0.0984062 0.993726 -0.052609 -0.0564665 -0.997018 -0.0263138 -0.0527659 -0.99826 0.0337005 -0.195827 0.980059 -0.101892 0.994287 -0.0318047 -0.0405068 0.998139 -0.0455821 -0.0542116 0.998524 0.00331386 -0.108264 0.994117 0.00332697 0.654582 -7.66407e-005 0.755991 0.493043 -0.471164 0.731378 -0.493043 -0.471164 0.731378 -0.654582 -7.6638e-005 0.755991 0.0469743 0.996625 -0.067324 -0.0469743 0.996625 -0.067324 7.76192e-011 0.996933 -0.0782555 -0.9822 -0.186128 -0.0253045 -0.637927 -0.770092 0.00274883 -0.409919 -0.912013 0.0140935 0 0.976423 0.215866 0 0.976423 0.215866 0 0.976423 0.215866 0.637991 -0.770039 0.00268014 0.982228 -0.185961 -0.0254106 0.409956 -0.911997 0.0140501 0 -0.999564 0.0295369 -0.00325456 0.0182262 0.999829 0.00720581 0.420264 0.907373 0.0206912 0.980384 0.196006 0.0132791 0.64096 0.767459 0 0.998504 -0.0546703</float_array>
                    <technique_common>
                        <accessor count="57" source="#ID91" stride="3">
                            <param name="X" type="float"/>
                            <param name="Y" type="float"/>
                            <param name="Z" type="float"/>
                        </accessor>
                    </technique_common>
                </source>
                <source id="ID92">
                    <float_array id="ID93" count="2">0 1</float_array>
                    <technique_common>
                        <accessor count="1" source="#ID93" stride="2">
                            <param name="S" type="float"/>
                            <param name="T" type="float"/>
                        </accessor>
                    </technique_common>
                </source>
                <vertices id="ID94">
                    <input semantic="POSITION" source="#ID88"/>
                </vertices>
                <polylist count="37" material="Material1">
                    <input offset="0" semantic="VERTEX" source="#ID94"/>
                    <input offset="1" semantic="NORMAL" source="#ID90"/>
                    <input offset="2" semantic="TEXCOORD" source="#ID92" set="0"/>
                    <vcount>4 4 4 4 4 4 4 4 4 4 4 4 4 4 4 4 4 3 3 3 3 3 4 3 4 3 3 3 3 3 4 4 3 4 4 4 4</vcount>
                    <p>36 3 0 99 2 0 98 1 0 42 0 0 42 7 0 98 6 0 100 5 0 38 4 0 27 9 0 101 8 0 99 2 0 36 3 0 38 4 0 100 5 0 102 11 0 40 10 0 16 13 0 103 12 0 101 8 0 27 9 0 1 17 0 104 16 0 103 15 0 16 14 0 78 21 0 106 20 0 105 19 0 73 18 0 73 18 0 105 19 0 107 23 0 66 22 0 75 27 0 108 26 0 106 25 0 78 24 0 66 22 0 107 23 0 109 29 0 61 28 0 77 30 0 110 30 0 108 26 0 75 27 0 61 34 0 109 33 0 111 32 0 51 31 0 98 1 0 99 2 0 105 19 0 106 20 0 99 2 0 101 8 0 107 23 0 105 19 0 114 38 0 115 37 0 113 36 0 112 35 0 109 29 0 107 23 0 101 8 0 103 12 0 111 32 0 109 33 0 103 15 0 104 16 0 104 16 0 1 17 0 44 39 0 111 32 0 8 41 0 80 40 0 104 16 0 8 41 0 111 32 0 44 39 0 8 41 0 104 16 0 80 40 0 51 31 0 111 32 0 108 42 0 110 44 0 68 43 0 83 42 0 108 47 0 83 46 0 13 45 0 102 50 0 100 49 0 47 49 0 30 48 0 100 47 0 13 45 0 47 46 0 108 47 0 13 45 0 100 47 0 110 44 0 20 51 0 68 43 0 102 50 0 30 48 0 20 51 0 110 44 0 102 50 0 20 51 0 40 10 0 102 11 0 41 53 0 29 52 0 67 54 0 41 53 0 110 55 0 77 54 0 110 55 0 41 53 0 102 11 0 106 20 0 114 56 0 112 56 0 98 1 0 108 26 0 115 37 0 114 38 0 106 25 0 100 5 0 113 36 0 115 37 0 108 26 0 98 6 0 112 35 0 113 36 0 100 5 0</p>
                </polylist>
            </mesh>
        </geometry>
        <geometry id="ID96">
            <mesh>
                <source id="ID97">
                    <float_array id="ID98" count="24">-57.7295 14.82 -20.777 -57.7264 20.8505 -5.4216 57.7295 14.82 -20.777 57.7264 20.8505 -5.4216 -57.7295 11.2329 -1.55174 -57.7264 21.8578 -1.57214 57.7295 11.2329 -1.55174 57.7264 21.8578 -1.57214</float_array>
                    <technique_common>
                        <accessor count="8" source="#ID98" stride="3">
                            <param name="X" type="float"/>
                            <param name="Y" type="float"/>
                            <param name="Z" type="float"/>
                        </accessor>
                    </technique_common>
                </source>
                <source id="ID99">
                    <float_array id="ID100" count="21">0 0.00192012 0.999998 0 0.930794 -0.365544 0 0.950772 -0.30989 0 -0.983035 -0.183417 1 0.000925624 -0.000176124 0 0.967426 -0.253152 -1 0.000323348 -5.70214e-006</float_array>
                    <technique_common>
                        <accessor count="7" source="#ID100" stride="3">
                            <param name="X" type="float"/>
                            <param name="Y" type="float"/>
                            <param name="Z" type="float"/>
                        </accessor>
                    </technique_common>
                </source>
                <source id="ID101">
                    <float_array id="ID102" count="2">0 1</float_array>
                    <technique_common>
                        <accessor count="1" source="#ID102" stride="2">
                            <param name="S" type="float"/>
                            <param name="T" type="float"/>
                        </accessor>
                    </technique_common>
                </source>
                <vertices id="ID103">
                    <input semantic="POSITION" source="#ID97"/>
                </vertices>
                <polylist count="6" material="Material1">
                    <input offset="0" semantic="VERTEX" source="#ID103"/>
                    <input offset="1" semantic="NORMAL" source="#ID99"/>
                    <input offset="2" semantic="TEXCOORD" source="#ID101" set="0"/>
                    <vcount>4 4 4 4 4 4</vcount>
                    <p>6 0 0 7 0 0 5 0 0 4 0 0 0 1 0 1 2 0 3 2 0 2 1 0 2 3 0 6 3 0 4 3 0 0 3 0 3 4 0 7 4 0 6 4 0 2 4 0 1 2 0 5 5 0 7 5 0 3 2 0 0 6 0 4 6 0 5 6 0 1 6 0</p>
                </polylist>
            </mesh>
        </geometry>
        <geometry id="ID106">
            <mesh>
                <source id="ID107">
                    <float_array id="ID108" count="138">-3.55392 20.1888 1.06409e-006 3.55392 20.1888 1.20298e-006 -2.87518 18.171 -0.540658 -2.87518 18.8741 -1.62341 -2.87518 20.0794 -2.08608 -2.87518 21.3265 -1.75193 -2.87518 22.139 -0.748609 -2.87518 22.2065 0.54066 -2.87518 21.5034 1.62342 -2.87518 20.2981 2.08608 -2.87518 19.051 1.75194 -2.87518 18.2386 0.748611 -1.09822 16.924 -0.874803 -1.09822 18.0617 -2.62674 -1.09822 20.0119 -3.37535 -1.09822 22.0296 -2.83469 -1.09822 23.3442 -1.21128 -1.09822 23.4536 0.874805 -1.09822 22.3159 2.62674 -1.09822 20.3657 3.37535 -1.09822 18.3479 2.83469 -1.09822 17.0333 1.21128 1.09822 16.924 -0.874803 1.09822 18.0617 -2.62674 1.09822 20.0119 -3.37535 1.09822 22.0296 -2.83469 1.09822 23.3442 -1.21128 1.09822 23.4536 0.874805 1.09822 22.3159 2.62674 1.09822 20.3657 3.37535 1.09822 18.3479 2.83469 1.09822 17.0333 1.21128 2.87519 18.171 -0.540657 2.87519 18.8741 -1.62341 2.87519 20.0794 -2.08608 2.87519 21.3265 -1.75193 2.87519 22.139 -0.748609 2.87518 22.2065 0.54066 2.87519 21.5034 1.62342 2.87519 20.2981 2.08608 2.87519 19.051 1.75194 2.87519 18.2386 0.748612 -1.09822 -0.842907 -0.874803 -1.09822 -0.733582 1.21128 1.09822 -0.842907 -0.874803 1.09822 -0.733582 1.21128</float_array>
                    <technique_common>
                        <accessor count="46" source="#ID108" stride="3">
                            <param name="X" type="float"/>
                            <param name="Y" type="float"/>
                            <param name="Z" type="float"/>
                        </accessor>
                    </technique_common>
                </source>
                <source id="ID109">
                    <float_array id="ID110" count="141">-0.811719 -0.564147 -0.151163 -0.573354 -0.630577 -0.523104 -0.311607 -0.597987 -0.738452 -0.811719 -0.367553 -0.45389 -0.311607 -0.04973 -0.948909 -0.811719 -0.0305666 -0.583247 -0.311607 0.517522 -0.796914 -0.811719 0.318095 -0.489824 -0.311608 0.887098 -0.340525 -0.811719 0.545255 -0.209304 -0.311607 0.917833 0.245933 -0.811719 0.564147 0.151163 -0.311608 0.597987 0.738452 -0.811719 0.367553 0.45389 -0.311608 0.0497303 0.948909 -0.811719 0.0305668 0.583247 -0.311608 -0.517522 0.796914 -0.811719 -0.318095 0.489823 -0.56368 -0.590357 0.577706 -0.811719 -0.545256 0.209304 0.573354 -0.630577 -0.523104 0.311608 -0.597987 -0.738452 0.311608 -0.0497299 -0.948909 0.311607 0.517522 -0.796914 0.311607 0.887098 -0.340525 0.311607 0.917833 0.245933 0.311608 0.597987 0.738452 0.311607 0.0497303 0.948909 0.311608 -0.517522 0.796914 0.56368 -0.590357 0.577706 0 -0.688355 0.725374 0 -0.99863 0.0523354 0.811719 -0.564147 -0.151163 0.811719 -0.367553 -0.45389 0.811719 -0.0305664 -0.583247 0.811719 0.318095 -0.489824 0.811719 0.545256 -0.209304 0.811719 0.564147 0.151163 0.811719 0.367553 0.45389 0.811719 0.0305668 0.583247 0.811719 -0.318095 0.489823 0.811719 -0.545255 0.209304 -1 -6.29871e-009 9.44807e-009 1 1.29124e-007 3.14936e-008 -1 0 -0 0 0 -1 1 0 -0</float_array>
                    <technique_common>
                        <accessor count="47" source="#ID110" stride="3">
                            <param name="X" type="float"/>
                            <param name="Y" type="float"/>
                            <param name="Z" type="float"/>
                        </accessor>
                    </technique_common>
                </source>
                <source id="ID111">
                    <float_array id="ID112" count="2">0 1</float_array>
                    <technique_common>
                        <accessor count="1" source="#ID112" stride="2">
                            <param name="S" type="float"/>
                            <param name="T" type="float"/>
                        </accessor>
                    </technique_common>
                </source>
                <vertices id="ID113">
                    <input semantic="POSITION" source="#ID107"/>
                </vertices>
                <polylist count="54" material="Material1">
                    <input offset="0" semantic="VERTEX" source="#ID113"/>
                    <input offset="1" semantic="NORMAL" source="#ID109"/>
                    <input offset="2" semantic="TEXCOORD" source="#ID111" set="0"/>
                    <vcount>4 4 4 4 4 4 4 4 4 4 4 4 4 4 4 4 4 4 4 4 4 4 4 4 4 4 4 4 4 4 3 3 3 3 3 3 3 3 3 3 3 3 3 3 3 3 3 3 3 3 4 4 4 4</vcount>
                    <p>3 3 0 13 2 0 12 1 0 2 0 0 4 5 0 14 4 0 13 2 0 3 3 0 5 7 0 15 6 0 14 4 0 4 5 0 6 9 0 16 8 0 15 6 0 5 7 0 7 11 0 17 10 0 16 8 0 6 9 0 8 13 0 18 12 0 17 10 0 7 11 0 9 15 0 19 14 0 18 12 0 8 13 0 10 17 0 20 16 0 19 14 0 9 15 0 11 19 0 21 18 0 20 16 0 10 17 0 2 0 0 12 1 0 21 18 0 11 19 0 13 2 0 23 21 0 22 20 0 12 1 0 14 4 0 24 22 0 23 21 0 13 2 0 15 6 0 25 23 0 24 22 0 14 4 0 16 8 0 26 24 0 25 23 0 15 6 0 17 10 0 27 25 0 26 24 0 16 8 0 18 12 0 28 26 0 27 25 0 17 10 0 19 14 0 29 27 0 28 26 0 18 12 0 20 16 0 30 28 0 29 27 0 19 14 0 21 18 0 31 29 0 30 28 0 20 16 0 42 31 0 44 31 0 45 30 0 43 30 0 23 21 0 33 33 0 32 32 0 22 20 0 24 22 0 34 34 0 33 33 0 23 21 0 25 23 0 35 35 0 34 34 0 24 22 0 26 24 0 36 36 0 35 35 0 25 23 0 27 25 0 37 37 0 36 36 0 26 24 0 28 26 0 38 38 0 37 37 0 27 25 0 29 27 0 39 39 0 38 38 0 28 26 0 30 28 0 40 40 0 39 39 0 29 27 0 31 29 0 41 41 0 40 40 0 30 28 0 22 20 0 32 32 0 41 41 0 31 29 0 3 3 0 2 0 0 0 42 0 1 43 0 32 32 0 33 33 0 4 5 0 3 3 0 0 42 0 1 43 0 33 33 0 34 34 0 5 7 0 4 5 0 0 42 0 1 43 0 34 34 0 35 35 0 6 9 0 5 7 0 0 42 0 1 43 0 35 35 0 36 36 0 7 11 0 6 9 0 0 42 0 1 43 0 36 36 0 37 37 0 8 13 0 7 11 0 0 42 0 1 43 0 37 37 0 38 38 0 9 15 0 8 13 0 0 42 0 1 43 0 38 38 0 39 39 0 10 17 0 9 15 0 0 42 0 1 43 0 39 39 0 40 40 0 11 19 0 10 17 0 0 42 0 1 43 0 40 40 0 41 41 0 2 0 0 11 19 0 0 42 0 1 43 0 41 41 0 32 32 0 12 1 0 42 44 0 43 44 0 21 18 0 22 20 0 44 45 0 42 45 0 12 1 0 31 29 0 45 46 0 44 46 0 22 20 0 21 18 0 43 30 0 45 30 0 31 29 0</p>
                </polylist>
            </mesh>
        </geometry>
        <geometry id="ID116">
            <mesh>
                <source id="ID117">
                    <float_array id="ID118" count="48">-1.97258 -13.4879 5.94117 -1.97258 -7.57588 5.94117 1.97258 -13.4879 5.94117 1.97258 -7.57588 5.94117 1.97258 -13.4879 5.02 1.97258 -7.57588 5.02 -1.97258 -13.4879 5.02 -1.97258 -7.57588 5.02 0.560842 -9.65183 5.02 0.560842 -8.66196 5.02 -0.560843 -9.65183 5.02 -0.560843 -8.66196 5.02 0.560842 -0.348697 -0.220156 0.560842 0.641173 -0.220156 -0.560843 -0.348697 -0.220156 -0.560843 0.641173 -0.220156</float_array>
                    <technique_common>
                        <accessor count="16" source="#ID118" stride="3">
                            <param name="X" type="float"/>
                            <param name="Y" type="float"/>
                            <param name="Z" type="float"/>
                        </accessor>
                    </technique_common>
                </source>
                <source id="ID119">
                    <float_array id="ID120" count="27">0 0 1 1 0 -0 0 -0.253683 -0.967287 0 0 -1 -1 0 -0 0 1 -0 0 -1 -0 0 -0.16848 -0.985705 0 0.490769 0.87129</float_array>
                    <technique_common>
                        <accessor count="9" source="#ID120" stride="3">
                            <param name="X" type="float"/>
                            <param name="Y" type="float"/>
                            <param name="Z" type="float"/>
                        </accessor>
                    </technique_common>
                </source>
                <source id="ID121">
                    <float_array id="ID122" count="2">0 1</float_array>
                    <technique_common>
                        <accessor count="1" source="#ID122" stride="2">
                            <param name="S" type="float"/>
                            <param name="T" type="float"/>
                        </accessor>
                    </technique_common>
                </source>
                <vertices id="ID123">
                    <input semantic="POSITION" source="#ID117"/>
                </vertices>
                <polylist count="14" material="Material1">
                    <input offset="0" semantic="VERTEX" source="#ID123"/>
                    <input offset="1" semantic="NORMAL" source="#ID119"/>
                    <input offset="2" semantic="TEXCOORD" source="#ID121" set="0"/>
                    <vcount>4 4 4 4 4 4 4 4 4 4 4 4 4 4</vcount>
                    <p>2 0 0 3 0 0 1 0 0 0 0 0 4 1 0 5 1 0 3 1 0 2 1 0 14 2 0 15 3 0 13 3 0 12 2 0 0 4 0 1 4 0 7 4 0 6 4 0 3 5 0 5 5 0 7 5 0 1 5 0 4 6 0 2 6 0 0 6 0 6 6 0 6 3 0 10 7 0 8 7 0 4 3 0 7 3 0 11 3 0 10 7 0 6 3 0 5 3 0 9 3 0 11 3 0 7 3 0 4 3 0 8 7 0 9 3 0 5 3 0 10 7 0 14 2 0 12 2 0 8 7 0 11 4 0 15 4 0 14 4 0 10 4 0 9 8 0 13 8 0 15 8 0 11 8 0 8 1 0 12 1 0 13 1 0 9 1 0</p>
                </polylist>
            </mesh>
        </geometry>
        <geometry id="ID125">
            <mesh>
                <source id="ID126">
                    <float_array id="ID127" count="48">-4.60697 -13.4595 5.94117 -4.60697 -7.60423 5.94117 4.60697 -13.4595 5.94117 4.60697 -7.60423 5.94117 4.60697 -13.4595 5.02 4.60697 -7.60423 5.02 -4.60697 -13.4595 5.02 -4.60697 -7.60423 5.02 0.658216 -9.64274 5.02 0.658216 -8.67105 5.02 -0.658217 -9.64274 5.02 -0.658217 -8.67105 5.02 0.658216 -0.339608 -0.220156 0.658216 0.632085 -0.220156 -0.658217 -0.339608 -0.220156 -0.658217 0.632085 -0.220156</float_array>
                    <technique_common>
                        <accessor count="16" source="#ID127" stride="3">
                            <param name="X" type="float"/>
                            <param name="Y" type="float"/>
                            <param name="Z" type="float"/>
                        </accessor>
                    </technique_common>
                </source>
                <source id="ID128">
                    <float_array id="ID129" count="27">0 0 1 1 0 -0 0 -0.253683 -0.967287 0 0 -1 -1 0 -0 0 1 -0 0 -1 -0 0 -0.16848 -0.985705 0 0.490769 0.87129</float_array>
                    <technique_common>
                        <accessor count="9" source="#ID129" stride="3">
                            <param name="X" type="float"/>
                            <param name="Y" type="float"/>
                            <param name="Z" type="float"/>
                        </accessor>
                    </technique_common>
                </source>
                <source id="ID130">
                    <float_array id="ID131" count="2">0 1</float_array>
                    <technique_common>
                        <accessor count="1" source="#ID131" stride="2">
                            <param name="S" type="float"/>
                            <param name="T" type="float"/>
                        </accessor>
                    </technique_common>
                </source>
                <vertices id="ID132">
                    <input semantic="POSITION" source="#ID126"/>
                </vertices>
                <polylist count="14" material="Material1">
                    <input offset="0" semantic="VERTEX" source="#ID132"/>
                    <input offset="1" semantic="NORMAL" source="#ID128"/>
                    <input offset="2" semantic="TEXCOORD" source="#ID130" set="0"/>
                    <vcount>4 4 4 4 4 4 4 4 4 4 4 4 4 4</vcount>
                    <p>2 0 0 3 0 0 1 0 0 0 0 0 4 1 0 5 1 0 3 1 0 2 1 0 14 2 0 15 3 0 13 3 0 12 2 0 0 4 0 1 4 0 7 4 0 6 4 0 3 5 0 5 5 0 7 5 0 1 5 0 4 6 0 2 6 0 0 6 0 6 6 0 6 3 0 10 7 0 8 7 0 4 3 0 7 3 0 11 3 0 10 7 0 6 3 0 5 3 0 9 3 0 11 3 0 7 3 0 4 3 0 8 7 0 9 3 0 5 3 0 10 7 0 14 2 0 12 2 0 8 7 0 11 4 0 15 4 0 14 4 0 10 4 0 9 8 0 13 8 0 15 8 0 11 8 0 8 1 0 12 1 0 13 1 0 9 1 0</p>
                </polylist>
            </mesh>
        </geometry>
        <geometry id="ID134">
            <mesh>
                <source id="ID135">
                    <float_array id="ID136" count="48">-1.97258 -16.8347 5.94151 -1.97258 -4.22919 5.94151 1.97258 -16.8347 5.94151 1.97258 -4.22919 5.94151 1.97258 -16.8347 5.02034 1.97258 -4.22919 5.02034 -1.97258 -16.8347 5.02034 -1.97258 -4.22919 5.02034 0.560843 -6.53897 5.02034 0.560843 -5.25199 5.02034 -0.560842 -6.53897 5.02034 -0.560842 -5.25199 5.02034 0.560843 -0.497338 -0.21982 0.560843 0.789644 -0.21982 -0.560842 -0.497338 -0.21982 -0.560842 0.789644 -0.21982</float_array>
                    <technique_common>
                        <accessor count="16" source="#ID136" stride="3">
                            <param name="X" type="float"/>
                            <param name="Y" type="float"/>
                            <param name="Z" type="float"/>
                        </accessor>
                    </technique_common>
                </source>
                <source id="ID137">
                    <float_array id="ID138" count="27">0 0 1 1 0 -0 0 -0.349688 -0.936866 0 0 -1 -1 0 -0 0 1 -0 0 -1 -0 0 -0.231342 -0.972873 0 0.655221 0.755437</float_array>
                    <technique_common>
                        <accessor count="9" source="#ID138" stride="3">
                            <param name="X" type="float"/>
                            <param name="Y" type="float"/>
                            <param name="Z" type="float"/>
                        </accessor>
                    </technique_common>
                </source>
                <source id="ID139">
                    <float_array id="ID140" count="2">0 1</float_array>
                    <technique_common>
                        <accessor count="1" source="#ID140" stride="2">
                            <param name="S" type="float"/>
                            <param name="T" type="float"/>
                        </accessor>
                    </technique_common>
                </source>
                <vertices id="ID141">
                    <input semantic="POSITION" source="#ID135"/>
                </vertices>
                <polylist count="14" material="Material1">
                    <input offset="0" semantic="VERTEX" source="#ID141"/>
                    <input offset="1" semantic="NORMAL" source="#ID137"/>
                    <input offset="2" semantic="TEXCOORD" source="#ID139" set="0"/>
                    <vcount>4 4 4 4 4 4 4 4 4 4 4 4 4 4</vcount>
                    <p>2 0 0 3 0 0 1 0 0 0 0 0 4 1 0 5 1 0 3 1 0 2 1 0 14 2 0 15 3 0 13 3 0 12 2 0 0 4 0 1 4 0 7 4 0 6 4 0 3 5 0 5 5 0 7 5 0 1 5 0 4 6 0 2 6 0 0 6 0 6 6 0 6 3 0 10 7 0 8 7 0 4 3 0 7 3 0 11 3 0 10 7 0 6 3 0 5 3 0 9 3 0 11 3 0 7 3 0 4 3 0 8 7 0 9 3 0 5 3 0 10 7 0 14 2 0 12 2 0 8 7 0 11 4 0 15 4 0 14 4 0 10 4 0 9 8 0 13 8 0 15 8 0 11 8 0 8 1 0 12 1 0 13 1 0 9 1 0</p>
                </polylist>
            </mesh>
        </geometry>
        <geometry id="ID144">
            <mesh>
                <source id="ID145">
                    <float_array id="ID146" count="96">-10.9084 -0.468632 1.51833 -10.9084 0.468629 1.51833 10.9084 -0.468632 1.51833 10.9084 0.468629 1.51833 10.9084 -0.468632 -1.51832 10.9084 0.468629 -1.51832 -10.9084 -0.468632 -1.51832 -10.9084 0.468629 -1.51832 -5.75881 -2.26352 1.51833 -5.75881 1.43403 1.51833 5.75881 -2.26352 1.51833 5.75881 1.43403 1.51833 5.75881 -2.26352 -1.51832 5.75881 1.43403 -1.51832 -5.75881 -2.26352 -1.51832 -5.75881 1.43403 -1.51832 -4.93956 -2.26352 1.51833 -4.93956 1.43403 1.51833 4.93956 -2.26352 1.51833 4.93956 1.43403 1.51833 3.29963 -2.26352 -5.97099 3.29963 1.43403 -5.97099 -3.29963 -2.26352 -5.97099 -3.29963 1.43403 -5.97099 -1.28184 -2.26352 -1.42513 1.28184 -2.26352 -1.42513 0.930959 -2.26352 -3.02753 -0.930962 -2.26352 -3.02753 -1.28184 -6.62197 -1.43293 1.28184 -6.62197 -1.43293 0.930959 -6.39883 -3.01973 -0.930963 -6.39883 -3.01973</float_array>
                    <technique_common>
                        <accessor count="32" source="#ID146" stride="3">
                            <param name="X" type="float"/>
                            <param name="Y" type="float"/>
                            <param name="Z" type="float"/>
                        </accessor>
                    </technique_common>
                </source>
                <source id="ID147">
                    <float_array id="ID148" count="69">0 0 1 0.815209 -0.579167 2.84204e-009 0.7695 0.638646 -0 0.508203 0 -0.861237 -0.508203 0 -0.861237 -0.815209 -0.579167 2.84204e-009 -0.7695 0.638646 -0 0 1 -0 -0.502871 -0.510859 -0.69724 -0.680481 -0.689974 -0.246743 0.680469 -0.689973 -0.246779 0.502857 -0.510852 -0.697255 0 0 -1 0.0925277 0.99571 -0 -0.0925277 0.99571 -0 0.166907 -0.985973 2.34982e-009 -0.166907 -0.985973 2.34982e-009 0 -1 -0 -0.626546 -0.00121646 -0.779383 0.626525 -0.00121891 -0.7794 0.976629 -1.23757e-005 -0.214933 0 -0.00179091 0.999998 -0.976641 -8.51536e-006 -0.21488</float_array>
                    <technique_common>
                        <accessor count="23" source="#ID148" stride="3">
                            <param name="X" type="float"/>
                            <param name="Y" type="float"/>
                            <param name="Z" type="float"/>
                        </accessor>
                    </technique_common>
                </source>
                <source id="ID149">
                    <float_array id="ID150" count="2">0 1</float_array>
                    <technique_common>
                        <accessor count="1" source="#ID150" stride="2">
                            <param name="S" type="float"/>
                            <param name="T" type="float"/>
                        </accessor>
                    </technique_common>
                </source>
                <vertices id="ID151">
                    <input semantic="POSITION" source="#ID145"/>
                </vertices>
                <polylist count="30" material="Material1">
                    <input offset="0" semantic="VERTEX" source="#ID151"/>
                    <input offset="1" semantic="NORMAL" source="#ID147"/>
                    <input offset="2" semantic="TEXCOORD" source="#ID149" set="0"/>
                    <vcount>4 4 4 4 4 4 4 4 4 4 4 4 4 4 4 4 4 4 4 4 4 4 4 4 4 4 4 4 4 4</vcount>
                    <p>18 0 0 19 0 0 17 0 0 16 0 0 4 1 0 5 2 0 3 2 0 2 1 0 22 4 0 23 4 0 21 3 0 20 3 0 0 5 0 1 6 0 7 6 0 6 5 0 19 7 0 21 7 0 23 7 0 17 7 0 30 11 0 29 10 0 28 9 0 31 8 0 3 0 0 11 0 0 10 0 0 2 0 0 0 0 0 8 0 0 9 0 0 1 0 0 7 12 0 15 4 0 14 4 0 6 12 0 4 12 0 12 3 0 13 3 0 5 12 0 5 2 0 13 13 0 11 13 0 3 2 0 1 6 0 9 14 0 15 14 0 7 6 0 2 1 0 10 15 0 12 15 0 4 1 0 6 5 0 14 16 0 8 16 0 0 5 0 11 0 0 19 0 0 18 0 0 10 0 0 8 0 0 16 0 0 17 0 0 9 0 0 15 4 0 23 4 0 22 4 0 14 4 0 12 3 0 20 3 0 21 3 0 13 3 0 13 13 0 21 7 0 19 7 0 11 13 0 9 14 0 17 7 0 23 7 0 15 14 0 10 15 0 18 17 0 20 17 0 12 15 0 14 16 0 22 17 0 16 17 0 8 16 0 20 17 0 26 17 0 27 17 0 22 17 0 18 17 0 25 17 0 26 17 0 20 17 0 16 17 0 24 17 0 25 17 0 18 17 0 22 17 0 27 17 0 24 17 0 16 17 0 26 19 0 30 11 0 31 8 0 27 18 0 25 20 0 29 10 0 30 11 0 26 19 0 24 21 0 28 21 0 29 21 0 25 21 0 27 18 0 31 8 0 28 9 0 24 22 0</p>
                </polylist>
            </mesh>
        </geometry>
        <geometry id="ID153">
            <mesh>
                <source id="ID154">
                    <float_array id="ID155" count="252">12.5483 1.0043e-005 -3.36232 12.0801 1.00654 -3.23686 11.0281 1.25513 -2.95497 10.1844 0.55859 -2.72891 10.1844 -0.55857 -2.72891 11.0281 -1.25511 -2.95497 12.0801 -1.00652 -3.23686 9.18601 9.80693e-006 -9.18602 8.84327 1.00654 -8.84327 8.07312 1.25513 -8.07313 7.45551 0.55859 -7.45552 7.45551 -0.55857 -7.45552 8.07312 -1.25511 -8.07313 8.84327 -1.00652 -8.84327 3.36231 9.64754e-006 -12.5483 3.23686 1.00654 -12.0801 2.95497 1.25513 -11.0281 2.72891 0.55859 -10.1844 2.72891 -0.558571 -10.1844 2.95497 -1.25511 -11.0281 3.23686 -1.00652 -12.0801 -3.36232 9.60747e-006 -12.5483 -3.23686 1.00654 -12.0801 -2.95497 1.25513 -11.0281 -2.72891 0.558589 -10.1844 -2.72891 -0.558571 -10.1844 -2.95497 -1.25511 -11.0281 -3.23686 -1.00652 -12.0801 -9.18602 9.69748e-006 -9.18602 -8.84327 1.00654 -8.84327 -8.07312 1.25513 -8.07313 -7.45551 0.55859 -7.45552 -7.45551 -0.55857 -7.45552 -8.07312 -1.25511 -8.07313 -8.84327 -1.00652 -8.84327 -12.5483 9.89344e-006 -3.36232 -12.0801 1.00654 -3.23686 -11.0281 1.25513 -2.95497 -10.1844 0.55859 -2.72891 -10.1844 -0.55857 -2.72891 -11.0281 -1.25511 -2.95497 -12.0801 -1.00652 -3.23686 -12.5483 1.01428e-005 3.36231 -12.0801 1.00654 3.23686 -11.0281 1.25513 2.95497 -10.1844 0.55859 2.7289 -10.1844 -0.55857 2.7289 -11.0281 -1.25511 2.95497 -12.0801 -1.00652 3.23686 -9.18601 1.03789e-005 9.18602 -8.84327 1.00654 8.84327 -8.07312 1.25513 8.07312 -7.45551 0.55859 7.45551 -7.45551 -0.55857 7.45551 -8.07312 -1.25511 8.07312 -8.84327 -1.00652 8.84327 -3.36231 1.05383e-005 12.5483 -3.23686 1.00654 12.0801 -2.95497 1.25513 11.0281 -2.72891 0.55859 10.1844 -2.72891 -0.55857 10.1844 -2.95497 -1.25511 11.0281 -3.23686 -1.00652 12.0801 3.36231 1.05783e-005 12.5483 3.23686 1.00654 12.0801 2.95497 1.25513 11.0281 2.72891 0.55859 10.1844 2.72891 -0.55857 10.1844 2.95497 -1.25511 11.0281 3.23686 -1.00652 12.0801 9.18602 1.04883e-005 9.18601 8.84327 1.00654 8.84326 8.07312 1.25513 8.07312 7.45552 0.55859 7.45551 7.45552 -0.55857 7.45551 8.07312 -1.25511 8.07312 8.84327 -1.00652 8.84326 12.5483 1.02924e-005 3.36231 12.0801 1.00654 3.23685 11.0281 1.25513 2.95496 10.1844 0.55859 2.7289 10.1844 -0.55857 2.7289 11.0281 -1.25511 2.95496 12.0801 -1.00652 3.23685</float_array>
                    <technique_common>
                        <accessor count="84" source="#ID155" stride="3">
                            <param name="X" type="float"/>
                            <param name="Y" type="float"/>
                            <param name="Z" type="float"/>
                        </accessor>
                    </technique_common>
                </source>
                <source id="ID156">
                    <float_array id="ID157" count="252">0.965926 4.76397e-007 -0.258819 0.597405 0.785801 -0.160074 0.437331 0.785801 -0.437331 0.707107 2.80734e-007 -0.707107 -0.212219 0.975566 0.0568639 -0.155355 0.975566 0.155355 -0.868149 0.438413 0.23262 -0.635529 0.438413 0.635529 -0.868149 -0.438413 0.23262 -0.635529 -0.438413 0.635529 -0.212219 -0.975566 0.0568639 -0.155355 -0.975566 0.155355 0.597406 -0.785801 -0.160074 0.437331 -0.785801 -0.437331 0.160074 0.785801 -0.597405 0.258819 6.80567e-008 -0.965926 -0.0568639 0.975566 0.212219 -0.23262 0.438413 0.868149 -0.23262 -0.438413 0.868148 -0.0568639 -0.975566 0.212219 0.160074 -0.785801 -0.597405 -0.160074 0.785801 -0.597405 -0.258819 1.27606e-007 -0.965926 0.0568639 0.975566 0.212219 0.23262 0.438413 0.868149 0.23262 -0.438414 0.868148 0.0568639 -0.975566 0.212219 -0.160074 -0.785801 -0.597405 -0.437331 0.785801 -0.437331 -0.707107 4.50875e-007 -0.707107 0.155355 0.975566 0.155355 0.635529 0.438413 0.635529 0.635529 -0.438414 0.635529 0.155355 -0.975566 0.155355 -0.437331 -0.785801 -0.437331 -0.597405 0.785801 -0.160074 -0.965926 5.69975e-007 -0.258819 0.212219 0.975566 0.0568639 0.868149 0.438413 0.23262 0.868149 -0.438413 0.23262 0.212219 -0.975566 0.0568639 -0.597406 -0.785801 -0.160074 -0.597405 0.785801 0.160074 -0.965926 3.82819e-007 0.258819 0.212219 0.975566 -0.056864 0.868149 0.438413 -0.23262 0.868149 -0.438413 -0.23262 0.212219 -0.975566 -0.0568639 -0.597405 -0.785801 0.160074 -0.437331 0.785801 0.437331 -0.707107 3.23269e-007 0.707107 0.155355 0.975566 -0.155355 0.635529 0.438413 -0.635529 0.635529 -0.438413 -0.635529 0.155355 -0.975566 -0.155355 -0.437331 -0.785801 0.437331 -0.160074 0.785801 0.597405 -0.258819 7.82652e-007 0.965926 0.0568638 0.975566 -0.212219 0.23262 0.438413 -0.868149 0.23262 -0.438413 -0.868149 0.0568638 -0.975566 -0.212219 -0.160074 -0.785801 0.597405 0.160074 0.785801 0.597405 0.258819 8.33695e-007 0.965926 -0.0568641 0.975566 -0.212219 -0.23262 0.438413 -0.868149 -0.23262 -0.438413 -0.868149 -0.0568639 -0.975566 -0.212219 0.160074 -0.785801 0.597405 0.437331 0.785801 0.437331 0.707107 4.25354e-007 0.707107 -0.155355 0.975566 -0.155355 -0.635529 0.438413 -0.635529 -0.635529 -0.438413 -0.635529 -0.155355 -0.975566 -0.155355 0.437331 -0.785801 0.437331 0.597405 0.785801 0.160074 0.965926 4.42368e-007 0.258819 -0.212219 0.975566 -0.056864 -0.868149 0.438413 -0.23262 -0.868149 -0.438413 -0.23262 -0.212219 -0.975566 -0.0568639 0.597406 -0.785801 0.160074</float_array>
                    <technique_common>
                        <accessor count="84" source="#ID157" stride="3">
                            <param name="X" type="float"/>
                            <param name="Y" type="float"/>
                            <param name="Z" type="float"/>
                        </accessor>
                    </technique_common>
                </source>
                <source id="ID158">
                    <float_array id="ID159" count="2">0 1</float_array>
                    <technique_common>
                        <accessor count="1" source="#ID159" stride="2">
                            <param name="S" type="float"/>
                            <param name="T" type="float"/>
                        </accessor>
                    </technique_common>
                </source>
                <vertices id="ID160">
                    <input semantic="POSITION" source="#ID154"/>
                </vertices>
                <polylist count="84" material="Material1">
                    <input offset="0" semantic="VERTEX" source="#ID160"/>
                    <input offset="1" semantic="NORMAL" source="#ID156"/>
                    <input offset="2" semantic="TEXCOORD" source="#ID158" set="0"/>
                    <vcount>4 4 4 4 4 4 4 4 4 4 4 4 4 4 4 4 4 4 4 4 4 4 4 4 4 4 4 4 4 4 4 4 4 4 4 4 4 4 4 4 4 4 4 4 4 4 4 4 4 4 4 4 4 4 4 4 4 4 4 4 4 4 4 4 4 4 4 4 4 4 4 4 4 4 4 4 4 4 4 4 4 4 4 4</vcount>
                    <p>7 3 0 8 2 0 1 1 0 0 0 0 8 2 0 9 5 0 2 4 0 1 1 0 9 5 0 10 7 0 3 6 0 2 4 0 10 7 0 11 9 0 4 8 0 3 6 0 11 9 0 12 11 0 5 10 0 4 8 0 12 11 0 13 13 0 6 12 0 5 10 0 13 13 0 7 3 0 0 0 0 6 12 0 14 15 0 15 14 0 8 2 0 7 3 0 15 14 0 16 16 0 9 5 0 8 2 0 16 16 0 17 17 0 10 7 0 9 5 0 17 17 0 18 18 0 11 9 0 10 7 0 18 18 0 19 19 0 12 11 0 11 9 0 19 19 0 20 20 0 13 13 0 12 11 0 20 20 0 14 15 0 7 3 0 13 13 0 21 22 0 22 21 0 15 14 0 14 15 0 22 21 0 23 23 0 16 16 0 15 14 0 23 23 0 24 24 0 17 17 0 16 16 0 24 24 0 25 25 0 18 18 0 17 17 0 25 25 0 26 26 0 19 19 0 18 18 0 26 26 0 27 27 0 20 20 0 19 19 0 27 27 0 21 22 0 14 15 0 20 20 0 28 29 0 29 28 0 22 21 0 21 22 0 29 28 0 30 30 0 23 23 0 22 21 0 30 30 0 31 31 0 24 24 0 23 23 0 31 31 0 32 32 0 25 25 0 24 24 0 32 32 0 33 33 0 26 26 0 25 25 0 33 33 0 34 34 0 27 27 0 26 26 0 34 34 0 28 29 0 21 22 0 27 27 0 35 36 0 36 35 0 29 28 0 28 29 0 36 35 0 37 37 0 30 30 0 29 28 0 37 37 0 38 38 0 31 31 0 30 30 0 38 38 0 39 39 0 32 32 0 31 31 0 39 39 0 40 40 0 33 33 0 32 32 0 40 40 0 41 41 0 34 34 0 33 33 0 41 41 0 35 36 0 28 29 0 34 34 0 42 43 0 43 42 0 36 35 0 35 36 0 43 42 0 44 44 0 37 37 0 36 35 0 44 44 0 45 45 0 38 38 0 37 37 0 45 45 0 46 46 0 39 39 0 38 38 0 46 46 0 47 47 0 40 40 0 39 39 0 47 47 0 48 48 0 41 41 0 40 40 0 48 48 0 42 43 0 35 36 0 41 41 0 49 50 0 50 49 0 43 42 0 42 43 0 50 49 0 51 51 0 44 44 0 43 42 0 51 51 0 52 52 0 45 45 0 44 44 0 52 52 0 53 53 0 46 46 0 45 45 0 53 53 0 54 54 0 47 47 0 46 46 0 54 54 0 55 55 0 48 48 0 47 47 0 55 55 0 49 50 0 42 43 0 48 48 0 56 57 0 57 56 0 50 49 0 49 50 0 57 56 0 58 58 0 51 51 0 50 49 0 58 58 0 59 59 0 52 52 0 51 51 0 59 59 0 60 60 0 53 53 0 52 52 0 60 60 0 61 61 0 54 54 0 53 53 0 61 61 0 62 62 0 55 55 0 54 54 0 62 62 0 56 57 0 49 50 0 55 55 0 63 64 0 64 63 0 57 56 0 56 57 0 64 63 0 65 65 0 58 58 0 57 56 0 65 65 0 66 66 0 59 59 0 58 58 0 66 66 0 67 67 0 60 60 0 59 59 0 67 67 0 68 68 0 61 61 0 60 60 0 68 68 0 69 69 0 62 62 0 61 61 0 69 69 0 63 64 0 56 57 0 62 62 0 70 71 0 71 70 0 64 63 0 63 64 0 71 70 0 72 72 0 65 65 0 64 63 0 72 72 0 73 73 0 66 66 0 65 65 0 73 73 0 74 74 0 67 67 0 66 66 0 74 74 0 75 75 0 68 68 0 67 67 0 75 75 0 76 76 0 69 69 0 68 68 0 76 76 0 70 71 0 63 64 0 69 69 0 77 78 0 78 77 0 71 70 0 70 71 0 78 77 0 79 79 0 72 72 0 71 70 0 79 79 0 80 80 0 73 73 0 72 72 0 80 80 0 81 81 0 74 74 0 73 73 0 81 81 0 82 82 0 75 75 0 74 74 0 82 82 0 83 83 0 76 76 0 75 75 0 83 83 0 77 78 0 70 71 0 76 76 0 0 0 0 1 1 0 78 77 0 77 78 0 1 1 0 2 4 0 79 79 0 78 77 0 2 4 0 3 6 0 80 80 0 79 79 0 3 6 0 4 8 0 81 81 0 80 80 0 4 8 0 5 10 0 82 82 0 81 81 0 5 10 0 6 12 0 83 83 0 82 82 0 6 12 0 0 0 0 77 78 0 83 83 0</p>
                </polylist>
            </mesh>
        </geometry>
        <geometry id="ID162">
            <mesh>
                <source id="ID163">
                    <float_array id="ID164" count="48">-24.0681 -9.55355 1.51663 -20.0059 6.25272 2.05417 24.0681 -9.55355 1.51663 20.0059 6.25272 2.05417 24.0681 -2.64485 -3.2054 20.0059 6.25272 -1.13266 -24.0681 -2.64485 -3.2054 -20.0059 6.25272 -1.13266 -22.8351 -8.59776 1.54913 -19.2641 5.29694 2.02166 22.8351 -8.59776 1.54913 19.2641 5.29694 2.02166 -21.803 -8.07727 0.835546 -18.4995 4.77644 1.27268 21.803 -8.07727 0.835546 18.4995 4.77644 1.27268</float_array>
                    <technique_common>
                        <accessor count="16" source="#ID164" stride="3">
                            <param name="X" type="float"/>
                            <param name="Y" type="float"/>
                            <param name="Z" type="float"/>
                        </accessor>
                    </technique_common>
                </source>
                <source id="ID165">
                    <float_array id="ID166" count="54">0.174494 -0.30224 0.937125 0.348192 -0.564947 0.748062 0.38482 0.386193 0.838313 0.179706 0.160655 0.970513 0.387271 0.0865661 0.917893 0.347361 0.44891 0.823299 0.485896 0.781074 -0.392209 0.935615 0.277113 0.218707 0 -0.184283 -0.982873 -0.469516 0.783524 -0.406995 -0.930477 0.325894 0.167348 -0.348209 0.470746 0.810647 -0.392334 0.10875 0.913371 0 -0.564279 -0.825584 -0.179706 0.160655 0.970513 -0.174494 -0.30224 0.937125 -0.384821 0.386193 0.838313 -0.348192 -0.564947 0.748062</float_array>
                    <technique_common>
                        <accessor count="18" source="#ID166" stride="3">
                            <param name="X" type="float"/>
                            <param name="Y" type="float"/>
                            <param name="Z" type="float"/>
                        </accessor>
                    </technique_common>
                </source>
                <source id="ID167">
                    <float_array id="ID168" count="2">0 1</float_array>
                    <technique_common>
                        <accessor count="1" source="#ID168" stride="2">
                            <param name="S" type="float"/>
                            <param name="T" type="float"/>
                        </accessor>
                    </technique_common>
                </source>
                <vertices id="ID169">
                    <input semantic="POSITION" source="#ID163"/>
                </vertices>
                <polylist count="13" material="Material1">
                    <input offset="0" semantic="VERTEX" source="#ID169"/>
                    <input offset="1" semantic="NORMAL" source="#ID165"/>
                    <input offset="2" semantic="TEXCOORD" source="#ID167" set="0"/>
                    <vcount>4 4 4 4 4 4 4 4 4 4 4 4 4</vcount>
                    <p>8 3 0 12 2 0 13 1 0 9 0 0 4 7 0 5 6 0 3 5 0 2 4 0 6 8 0 7 9 0 5 6 0 4 8 0 0 12 0 1 11 0 7 9 0 6 10 0 3 5 0 5 6 0 7 9 0 1 11 0 4 8 0 2 13 0 0 13 0 6 8 0 2 4 0 10 14 0 8 3 0 0 12 0 3 5 0 11 15 0 10 14 0 2 4 0 1 11 0 9 0 0 11 15 0 3 5 0 0 12 0 8 3 0 9 0 0 1 11 0 10 14 0 14 16 0 12 2 0 8 3 0 11 15 0 15 17 0 14 16 0 10 14 0 9 0 0 13 1 0 15 17 0 11 15 0</p>
                </polylist>
            </mesh>
        </geometry>
        <geometry id="ID171">
            <mesh>
                <source id="ID172">
                    <float_array id="ID173" count="12">-21.803 -8.07727 0.835546 -18.4995 4.77644 1.27268 21.803 -8.07727 0.835546 18.4995 4.77644 1.27268</float_array>
                    <technique_common>
                        <accessor count="4" source="#ID173" stride="3">
                            <param name="X" type="float"/>
                            <param name="Y" type="float"/>
                            <param name="Z" type="float"/>
                        </accessor>
                    </technique_common>
                </source>
                <source id="ID174">
                    <float_array id="ID175" count="3">0 -0.0339884 0.999422</float_array>
                    <technique_common>
                        <accessor count="1" source="#ID175" stride="3">
                            <param name="X" type="float"/>
                            <param name="Y" type="float"/>
                            <param name="Z" type="float"/>
                        </accessor>
                    </technique_common>
                </source>
                <source id="ID176">
                    <float_array id="ID177" count="2">0 1</float_array>
                    <technique_common>
                        <accessor count="1" source="#ID177" stride="2">
                            <param name="S" type="float"/>
                            <param name="T" type="float"/>
                        </accessor>
                    </technique_common>
                </source>
                <vertices id="ID178">
                    <input semantic="POSITION" source="#ID172"/>
                </vertices>
                <polylist count="1" material="Material1">
                    <input offset="0" semantic="VERTEX" source="#ID178"/>
                    <input offset="1" semantic="NORMAL" source="#ID174"/>
                    <input offset="2" semantic="TEXCOORD" source="#ID176" set="0"/>
                    <vcount>4</vcount>
                    <p>2 0 0 3 0 0 1 0 0 0 0 0</p>
                </polylist>
            </mesh>
        </geometry>
        <geometry id="ID180">
            <mesh>
                <source id="ID181">
                    <float_array id="ID182" count="84">-18.4061 -49.9717 9.22318 -21.337 -36.3944 11.0772 18.4061 -49.9717 9.22318 21.337 -36.3944 11.0772 18.4061 -49.9717 7.86605 21.337 -36.3944 7.52174 -18.4061 -49.9717 7.86605 -21.337 -36.3944 7.52174 0.884359 -40.3751 7.71203 0.904576 -38.9453 7.67577 -0.884359 -40.3751 7.71203 -0.904576 -38.9453 7.67577 0.884359 -33.7976 0.150302 0.904576 -33.0669 1.37984 -0.884359 -33.7976 0.150302 -0.904576 -33.0669 1.37984 0.884359 0.885932 -0.0576475 0.904576 1.12788 1.36242 -0.884359 0.885932 -0.0576475 -0.904576 1.12788 1.36242 -17.2738 -48.5846 9.4126 -19.6059 -37.7815 10.8878 17.2738 -48.5846 9.4126 19.6059 -37.7815 10.8878 -16.7201 -48.0912 8.56431 -18.6198 -38.2748 9.76598 16.7201 -48.0912 8.56431 18.6198 -38.2748 9.76598</float_array>
                    <technique_common>
                        <accessor count="28" source="#ID182" stride="3">
                            <param name="X" type="float"/>
                            <param name="Y" type="float"/>
                            <param name="Z" type="float"/>
                        </accessor>
                    </technique_common>
                </source>
                <source id="ID183">
                    <float_array id="ID184" count="108">0.239138 -0.335659 0.911124 0.513839 -0.544434 0.662995 0.473583 0.570046 0.671392 0.240825 0.207015 0.948234 0.367428 -0.556924 0.744871 0.432235 -0.212963 0.876253 0.977484 -0.211012 -0 0.628088 -0.778143 -0 0 0.642703 -0.766116 0 0.985794 -0.167959 -0.628088 -0.778143 -0 -0.977484 -0.211012 -0 -0.432236 -0.212963 0.876253 -0.367428 -0.556924 0.744871 0 1 -0 -0.00223419 -0.0204378 -0.999789 0.336361 -0.273034 -0.901284 -0.336225 -0.273094 -0.901317 0.00238741 -0.0204389 -0.999788 0.00238776 -0.042557 -0.999091 -0.00223452 -0.0425558 -0.999092 0.733689 -0.283667 -0.617442 -0.733611 -0.283726 -0.617507 -0.999888 -0.0064508 -0.0134863 -0.99985 -0.0128545 -0.0116435 0 0.730929 0.682453 0 0.398697 0.917082 0.999857 -0.012608 -0.0113104 0.999891 -0.00633052 -0.0133097 -0.999883 -4.68156e-005 -0.0153284 0 0.000509516 1 0.999883 -5.27346e-005 -0.0153084 -0.241671 0.207128 0.947994 -0.239966 -0.335894 0.910819 -0.475189 0.570308 0.670033 -0.515535 -0.544739 0.661425</float_array>
                    <technique_common>
                        <accessor count="36" source="#ID184" stride="3">
                            <param name="X" type="float"/>
                            <param name="Y" type="float"/>
                            <param name="Z" type="float"/>
                        </accessor>
                    </technique_common>
                </source>
                <source id="ID185">
                    <float_array id="ID186" count="2">0 1</float_array>
                    <technique_common>
                        <accessor count="1" source="#ID186" stride="2">
                            <param name="S" type="float"/>
                            <param name="T" type="float"/>
                        </accessor>
                    </technique_common>
                </source>
                <vertices id="ID187">
                    <input semantic="POSITION" source="#ID181"/>
                </vertices>
                <polylist count="25" material="Material1">
                    <input offset="0" semantic="VERTEX" source="#ID187"/>
                    <input offset="1" semantic="NORMAL" source="#ID183"/>
                    <input offset="2" semantic="TEXCOORD" source="#ID185" set="0"/>
                    <vcount>4 4 4 4 4 4 4 4 4 4 4 4 4 4 4 4 4 4 4 4 4 4 4 4 4</vcount>
                    <p>20 3 0 24 2 0 25 1 0 21 0 0 4 7 0 5 6 0 3 5 0 2 4 0 18 8 0 19 9 0 17 9 0 16 8 0 0 13 0 1 12 0 7 11 0 6 10 0 3 14 0 5 14 0 7 14 0 1 14 0 4 7 0 2 4 0 0 13 0 6 10 0 6 18 0 10 17 0 8 16 0 4 15 0 7 19 0 11 19 0 10 17 0 6 18 0 5 20 0 9 20 0 11 19 0 7 19 0 4 15 0 8 16 0 9 20 0 5 20 0 10 17 0 14 22 0 12 21 0 8 16 0 11 24 0 15 23 0 14 22 0 10 17 0 9 25 0 13 26 0 15 26 0 11 25 0 8 16 0 12 21 0 13 28 0 9 27 0 14 22 0 18 8 0 16 8 0 12 21 0 15 23 0 19 29 0 18 29 0 14 22 0 13 26 0 17 30 0 19 30 0 15 26 0 12 21 0 16 31 0 17 31 0 13 28 0 2 4 0 22 32 0 20 3 0 0 13 0 3 5 0 23 33 0 22 32 0 2 4 0 1 12 0 21 0 0 23 33 0 3 5 0 0 13 0 20 3 0 21 0 0 1 12 0 22 32 0 26 34 0 24 2 0 20 3 0 23 33 0 27 35 0 26 34 0 22 32 0 21 0 0 25 1 0 27 35 0 23 33 0</p>
                </polylist>
            </mesh>
        </geometry>
        <geometry id="ID189">
            <mesh>
                <source id="ID190">
                    <float_array id="ID191" count="12">-16.7201 -48.0912 8.5643 -18.6198 -38.2748 9.76598 16.7201 -48.0912 8.5643 18.6198 -38.2748 9.76598</float_array>
                    <technique_common>
                        <accessor count="4" source="#ID191" stride="3">
                            <param name="X" type="float"/>
                            <param name="Y" type="float"/>
                            <param name="Z" type="float"/>
                        </accessor>
                    </technique_common>
                </source>
                <source id="ID192">
                    <float_array id="ID193" count="3">0 -0.121507 0.992591</float_array>
                    <technique_common>
                        <accessor count="1" source="#ID193" stride="3">
                            <param name="X" type="float"/>
                            <param name="Y" type="float"/>
                            <param name="Z" type="float"/>
                        </accessor>
                    </technique_common>
                </source>
                <source id="ID194">
                    <float_array id="ID195" count="2">0 1</float_array>
                    <technique_common>
                        <accessor count="1" source="#ID195" stride="2">
                            <param name="S" type="float"/>
                            <param name="T" type="float"/>
                        </accessor>
                    </technique_common>
                </source>
                <vertices id="ID196">
                    <input semantic="POSITION" source="#ID190"/>
                </vertices>
                <polylist count="1" material="Material1">
                    <input offset="0" semantic="VERTEX" source="#ID196"/>
                    <input offset="1" semantic="NORMAL" source="#ID192"/>
                    <input offset="2" semantic="TEXCOORD" source="#ID194" set="0"/>
                    <vcount>4</vcount>
                    <p>2 0 0 3 0 0 1 0 0 0 0 0</p>
                </polylist>
            </mesh>
        </geometry>
        <geometry id="ID198">
            <mesh>
                <source id="ID199">
                    <float_array id="ID200" count="288">-23.0672 -3.41395 17.5311 -23.0672 3.41395 17.5311 23.0672 -3.41395 17.5311 23.0672 3.41395 17.5311 23.0672 -3.41395 -17.5311 23.0672 3.41395 -17.5311 -23.0672 -3.41395 -17.5311 -23.0672 3.41395 -17.5311 -23.0672 -3.41395 -8.76008 -23.0672 5.3762 -8.76008 23.0672 -3.41395 -8.76008 23.0672 5.3762 -8.76008 -23.0672 -3.41395 6.09812 -23.0672 5.3762 6.09812 23.0672 -3.41395 6.09812 23.0672 5.3762 6.09812 -23.0672 -3.41395 24.8895 -23.0672 3.41395 24.8895 23.0672 -3.41395 24.8895 23.0672 3.41395 24.8895 -23.0672 67.0806 18.3988 23.0672 67.0806 18.3988 -23.0672 67.0806 27.9723 23.0672 67.0806 27.9723 -23.0672 33.6533 15.2587 23.0672 33.6533 15.2587 -23.0672 33.6533 24.0998 23.0672 33.6533 24.0998 -23.0672 47.8212 15.2587 23.0672 47.8212 15.2587 -23.0672 47.8212 23.177 23.0672 47.8212 23.177 -14.77 -3.41395 17.5311 -14.77 3.41395 17.5311 14.77 -3.41395 17.5311 14.77 3.41395 17.5311 14.77 -3.41395 -17.5311 14.77 3.41395 -17.5311 -14.77 -3.41395 -17.5311 -14.77 3.41395 -17.5311 -14.77 -3.41395 -8.76008 -14.77 5.3762 -8.76008 14.77 -3.41395 -8.76008 14.77 5.3762 -8.76008 -14.77 -3.41395 6.09812 -14.77 5.3762 6.09812 14.77 -3.41395 6.09812 14.77 5.3762 6.09812 -14.77 -3.41395 24.8895 -14.77 3.41395 24.8895 14.77 -3.41395 24.8895 14.77 3.41395 24.8895 -14.77 68.6182 18.3988 14.77 68.6182 18.3988 -14.77 68.6182 30.415 14.77 68.6182 30.415 -14.77 33.6533 15.2587 14.77 33.6533 15.2587 -14.77 33.6533 24.0998 14.77 33.6533 24.0998 -14.77 47.8212 15.2587 14.77 47.8212 15.2587 -14.77 47.8212 25.6197 14.77 47.8212 25.6197 -11.5406 -3.41395 17.5311 -11.5406 1.94412 19.015 11.5406 -3.41395 17.5311 11.5406 1.94412 19.015 11.5406 -3.41395 -17.5311 11.5406 1.94412 -17.5311 -11.5406 -3.41395 -17.5311 -11.5406 1.94412 -17.5311 -11.5406 -3.41395 -8.76008 -11.5406 3.90637 -8.76008 11.5406 -3.41395 -8.76008 11.5406 3.90637 -8.76008 -11.5406 -3.41395 6.09812 -11.5406 3.90637 6.09812 11.5406 -3.41395 6.09812 11.5406 3.90637 6.09812 -11.5406 -3.41395 24.8895 -11.5406 3.41395 24.8895 11.5406 -3.41395 24.8895 11.5406 3.41395 24.8895 -11.5406 68.8914 19.8827 11.5406 68.8914 19.8827 -11.5406 68.8914 30.828 11.5406 68.8914 30.828 -11.5406 33.6533 16.7426 11.5406 33.6533 16.7426 -11.5406 33.6533 24.0998 11.5406 33.6533 24.0998 -11.5406 47.8212 16.7426 11.5406 47.8212 16.7426 -11.5406 47.8212 26.0327 11.5406 47.8212 26.0327</float_array>
                    <technique_common>
                        <accessor count="96" source="#ID200" stride="3">
                            <param name="X" type="float"/>
                            <param name="Y" type="float"/>
                            <param name="Z" type="float"/>
                        </accessor>
                    </technique_common>
                </source>
                <source id="ID201">
                    <float_array id="ID202" count="225">0 0 1 0 0.0130537 0.999915 0 0.0130537 0.999915 1 0 -0 0 0 -1 -0.131704 0.605999 -0.784487 0.131704 0.605999 -0.784487 -1 0 -0 0.193277 0.969315 0.151898 0.203188 0.976161 0.0763227 -0.204135 0.975971 0.0762182 -0.195165 0.968964 0.151721 0 -1 -0 0.210927 0.971577 -0.107461 -0.210927 0.971577 -0.107461 -0.108974 0.764937 -0.63482 0.0421766 0.99911 -0 -0.0421766 0.99911 -0 0.108953 0.764935 -0.634826 -0.211966 0.0725207 -0.974583 0.211949 0.0725225 -0.974586 -0.732809 0.00244927 0.68043 -0.0157983 -0.0510701 0.99857 0.0158531 -0.0510985 0.998568 0.776544 -0.0802954 0.624925 0.765626 0.403659 0.500876 0.621618 0.591631 -0.513385 0.210261 -0.035421 -0.977003 0.206556 -0.0707417 -0.975874 -0.206229 -0.0707567 -0.975942 -0.210097 -0.0354298 -0.977038 -0.776774 -0.0790917 0.624793 -0.0444719 -0.175292 0.983511 0.0444976 -0.175322 0.983505 0.732911 0.00124679 0.680323 -0.621964 0.591426 -0.513201 -0.765986 0.403537 0.500423 -0.0573418 -0.222236 0.973305 0.0572839 -0.222238 0.973308 0 0.0130537 0.999915 0 0.62517 -0.780488 0 0.62517 -0.780488 -0.131704 0.605999 -0.784487 0 0.985589 0.169158 -0.195165 0.9674 0.161391 -0.204213 0.975561 0.081107 0 0.996391 0.0848854 0 0.996391 0.0848855 0.203266 0.97575 0.0812108 0.193277 0.967751 0.161564 0 0.985589 0.169158 0 0.993951 -0.109826 -0.210927 0.971577 -0.107461 0.210927 0.971577 -0.107461 0 0.993951 -0.109826 0.0431234 0.767765 -0.639279 -0.133413 0.99106 -0 0.133413 0.99106 -0 -0.0435076 0.767753 -0.639267 -0.00747615 0.0777843 -0.996942 0.20833 0.0745674 -0.975212 -0.20861 0.0745622 -0.975152 0.00693649 0.0777864 -0.996946 0.0517079 -0.0228293 0.998401 -0.0515313 -0.021919 0.998431 0 -0.0374942 -0.999297 -0.210104 -0.0363151 -0.977004 -0.206229 -0.0725223 -0.975812 0 -0.0749357 -0.997188 0.206556 -0.0725074 -0.975745 0.210267 -0.0363063 -0.97697 0.144778 -0.148552 0.978249 -0.145016 -0.147617 0.978356 0.18519 -0.22424 0.956776 -0.18598 -0.22416 0.956642</float_array>
                    <technique_common>
                        <accessor count="75" source="#ID202" stride="3">
                            <param name="X" type="float"/>
                            <param name="Y" type="float"/>
                            <param name="Z" type="float"/>
                        </accessor>
                    </technique_common>
                </source>
                <source id="ID203">
                    <float_array id="ID204" count="2">0 1</float_array>
                    <technique_common>
                        <accessor count="1" source="#ID204" stride="2">
                            <param name="S" type="float"/>
                            <param name="T" type="float"/>
                        </accessor>
                    </technique_common>
                </source>
                <vertices id="ID205">
                    <input semantic="POSITION" source="#ID199"/>
                </vertices>
                <polylist count="94" material="Material1">
                    <input offset="0" semantic="VERTEX" source="#ID205"/>
                    <input offset="1" semantic="NORMAL" source="#ID201"/>
                    <input offset="2" semantic="TEXCOORD" source="#ID203" set="0"/>
                    <vcount>4 4 4 4 4 4 4 4 4 4 4 4 4 4 4 4 4 4 4 4 4 4 4 4 4 4 4 4 4 4 4 4 4 4 4 4 4 4 4 4 4 4 4 4 4 4 4 4 4 4 4 4 4 4 4 4 4 4 4 4 4 4 4 4 4 4 4 4 4 4 4 4 4 4 4 4 4 4 4 4 4 4 4 4 4 4 4 4 4 4 4 4 4 4</vcount>
                    <p>82 0 0 83 2 0 81 1 0 80 0 0 10 3 0 4 3 0 5 3 0 11 3 0 70 4 0 71 6 0 69 5 0 68 4 0 12 7 0 0 7 0 1 7 0 13 7 0 67 11 0 79 10 0 77 9 0 65 8 0 68 12 0 74 12 0 72 12 0 70 12 0 11 3 0 15 3 0 14 3 0 10 3 0 9 7 0 7 7 0 6 7 0 8 7 0 75 14 0 69 5 0 71 6 0 73 13 0 74 12 0 78 12 0 76 12 0 72 12 0 13 7 0 9 7 0 8 7 0 12 7 0 79 10 0 75 14 0 73 13 0 77 9 0 15 3 0 3 3 0 2 3 0 14 3 0 78 12 0 66 12 0 64 12 0 76 12 0 66 12 0 82 12 0 80 12 0 64 12 0 3 3 0 19 3 0 18 3 0 2 3 0 84 18 0 86 17 0 87 16 0 85 15 0 0 7 0 16 7 0 17 7 0 1 7 0 92 20 0 84 18 0 85 15 0 93 19 0 17 7 0 26 21 0 24 7 0 1 7 0 83 2 0 91 23 0 90 22 0 81 1 0 29 3 0 21 26 0 23 25 0 31 24 0 89 30 0 67 29 0 65 28 0 88 27 0 26 21 0 30 31 0 28 7 0 24 7 0 91 23 0 95 33 0 94 32 0 90 22 0 27 34 0 19 3 0 3 3 0 25 3 0 93 19 0 89 30 0 88 27 0 92 20 0 31 24 0 27 34 0 25 3 0 29 3 0 30 31 0 22 36 0 20 35 0 28 7 0 95 33 0 87 38 0 86 37 0 94 32 0 19 1 0 51 39 0 50 0 0 18 0 0 16 0 0 48 0 0 49 39 0 17 1 0 7 40 0 39 6 0 38 4 0 6 4 0 4 4 0 36 4 0 37 42 0 5 41 0 15 46 0 47 45 0 35 44 0 3 43 0 1 50 0 33 49 0 45 48 0 13 47 0 10 12 0 42 12 0 36 12 0 4 12 0 6 12 0 38 12 0 40 12 0 8 12 0 5 41 0 37 42 0 43 52 0 11 51 0 9 54 0 41 53 0 39 6 0 7 40 0 14 12 0 46 12 0 42 12 0 10 12 0 8 12 0 40 12 0 44 12 0 12 12 0 11 51 0 43 52 0 47 45 0 15 46 0 13 47 0 45 48 0 41 53 0 9 54 0 2 12 0 34 12 0 46 12 0 14 12 0 12 12 0 44 12 0 32 12 0 0 12 0 18 12 0 50 12 0 34 12 0 2 12 0 0 12 0 32 12 0 48 12 0 16 12 0 22 36 0 54 56 0 52 55 0 20 35 0 21 26 0 53 58 0 55 57 0 23 25 0 20 35 0 52 55 0 60 60 0 28 59 0 29 62 0 61 61 0 53 58 0 21 26 0 27 34 0 59 63 0 51 39 0 19 1 0 17 1 0 49 39 0 58 64 0 26 21 0 3 68 0 35 67 0 57 66 0 25 65 0 24 65 0 56 70 0 33 69 0 1 68 0 31 24 0 63 71 0 59 63 0 27 34 0 26 21 0 58 64 0 62 72 0 30 31 0 25 65 0 57 66 0 61 61 0 29 62 0 28 59 0 60 60 0 56 70 0 24 65 0 23 25 0 55 73 0 63 71 0 31 24 0 30 31 0 62 72 0 54 74 0 22 36 0 51 39 0 83 2 0 82 0 0 50 0 0 48 0 0 80 0 0 81 1 0 49 39 0 39 6 0 71 6 0 70 4 0 38 4 0 36 4 0 68 4 0 69 5 0 37 42 0 47 45 0 79 10 0 67 11 0 35 44 0 33 49 0 65 8 0 77 9 0 45 48 0 42 12 0 74 12 0 68 12 0 36 12 0 38 12 0 70 12 0 72 12 0 40 12 0 37 42 0 69 5 0 75 14 0 43 52 0 41 53 0 73 13 0 71 6 0 39 6 0 46 12 0 78 12 0 74 12 0 42 12 0 40 12 0 72 12 0 76 12 0 44 12 0 43 52 0 75 14 0 79 10 0 47 45 0 45 48 0 77 9 0 73 13 0 41 53 0 34 12 0 66 12 0 78 12 0 46 12 0 44 12 0 76 12 0 64 12 0 32 12 0 50 12 0 82 12 0 66 12 0 34 12 0 32 12 0 64 12 0 80 12 0 48 12 0 54 56 0 86 17 0 84 18 0 52 55 0 53 58 0 85 15 0 87 16 0 55 57 0 52 55 0 84 18 0 92 20 0 60 60 0 61 61 0 93 19 0 85 15 0 53 58 0 59 63 0 91 23 0 83 2 0 51 39 0 49 39 0 81 1 0 90 22 0 58 64 0 35 67 0 67 29 0 89 30 0 57 66 0 56 70 0 88 27 0 65 28 0 33 69 0 63 71 0 95 33 0 91 23 0 59 63 0 58 64 0 90 22 0 94 32 0 62 72 0 57 66 0 89 30 0 93 19 0 61 61 0 60 60 0 92 20 0 88 27 0 56 70 0 55 73 0 87 38 0 95 33 0 63 71 0 62 72 0 94 32 0 86 37 0 54 74 0</p>
                </polylist>
            </mesh>
        </geometry>
        <geometry id="ID207">
            <mesh>
                <source id="ID208">
                    <float_array id="ID209" count="288">-23.0672 -3.41395 17.5311 -23.0672 3.41395 17.5311 23.0672 -3.41395 17.5311 23.0672 3.41395 17.5311 23.0672 -3.41395 -17.5311 23.0672 3.41395 -17.5311 -23.0672 -3.41395 -17.5311 -23.0672 3.41395 -17.5311 -23.0672 -3.41395 -8.76008 -23.0672 5.3762 -8.76008 23.0672 -3.41395 -8.76008 23.0672 5.3762 -8.76008 -23.0672 -3.41395 6.09812 -23.0672 5.3762 6.09812 23.0672 -3.41395 6.09812 23.0672 5.3762 6.09812 -23.0672 -3.41395 24.8895 -23.0672 3.41395 24.8895 23.0672 -3.41395 24.8895 23.0672 3.41395 24.8895 -23.0672 67.0806 18.3988 23.0672 67.0806 18.3988 -23.0672 67.0806 27.9723 23.0672 67.0806 27.9723 -23.0672 33.6533 15.2587 23.0672 33.6533 15.2587 -23.0672 33.6533 24.0998 23.0672 33.6533 24.0998 -23.0672 47.8212 15.2587 23.0672 47.8212 15.2587 -23.0672 47.8212 23.177 23.0672 47.8212 23.177 -14.77 -3.41395 17.5311 -14.77 3.41395 17.5311 14.77 -3.41395 17.5311 14.77 3.41395 17.5311 14.77 -3.41395 -17.5311 14.77 3.41395 -17.5311 -14.77 -3.41395 -17.5311 -14.77 3.41395 -17.5311 -14.77 -3.41395 -8.76008 -14.77 5.3762 -8.76008 14.77 -3.41395 -8.76008 14.77 5.3762 -8.76008 -14.77 -3.41395 6.09812 -14.77 5.3762 6.09812 14.77 -3.41395 6.09812 14.77 5.3762 6.09812 -14.77 -3.41395 24.8895 -14.77 3.41395 24.8895 14.77 -3.41395 24.8895 14.77 3.41395 24.8895 -14.77 68.6182 18.3988 14.77 68.6182 18.3988 -14.77 68.6182 30.415 14.77 68.6182 30.415 -14.77 33.6533 15.2587 14.77 33.6533 15.2587 -14.77 33.6533 24.0998 14.77 33.6533 24.0998 -14.77 47.8212 15.2587 14.77 47.8212 15.2587 -14.77 47.8212 25.6197 14.77 47.8212 25.6197 -11.5406 -3.41395 17.5311 -11.5406 1.94412 19.015 11.5406 -3.41395 17.5311 11.5406 1.94412 19.015 11.5406 -3.41395 -17.5311 11.5406 1.94412 -17.5311 -11.5406 -3.41395 -17.5311 -11.5406 1.94412 -17.5311 -11.5406 -3.41395 -8.76008 -11.5406 3.90637 -8.76008 11.5406 -3.41395 -8.76008 11.5406 3.90637 -8.76008 -11.5406 -3.41395 6.09812 -11.5406 3.90637 6.09812 11.5406 -3.41395 6.09812 11.5406 3.90637 6.09812 -11.5406 -3.41395 24.8895 -11.5406 3.41395 24.8895 11.5406 -3.41395 24.8895 11.5406 3.41395 24.8895 -11.5406 68.8914 19.8827 11.5406 68.8914 19.8827 -11.5406 68.8914 30.828 11.5406 68.8914 30.828 -11.5406 33.6533 16.7426 11.5406 33.6533 16.7426 -11.5406 33.6533 24.0998 11.5406 33.6533 24.0998 -11.5406 47.8212 16.7426 11.5406 47.8212 16.7426 -11.5406 47.8212 26.0327 11.5406 47.8212 26.0327</float_array>
                    <technique_common>
                        <accessor count="96" source="#ID209" stride="3">
                            <param name="X" type="float"/>
                            <param name="Y" type="float"/>
                            <param name="Z" type="float"/>
                        </accessor>
                    </technique_common>
                </source>
                <source id="ID210">
                    <float_array id="ID211" count="225">0 0 1 0 0.0130537 0.999915 0 0.0130537 0.999915 1 0 -0 0 0 -1 -0.131704 0.605999 -0.784487 0.131704 0.605999 -0.784487 -1 0 -0 0.193277 0.969315 0.151898 0.203188 0.976161 0.0763227 -0.204135 0.975971 0.0762182 -0.195165 0.968964 0.151721 0 -1 -0 0.210927 0.971577 -0.107461 -0.210927 0.971577 -0.107461 -0.108974 0.764937 -0.63482 0.0421766 0.99911 -0 -0.0421766 0.99911 -0 0.108953 0.764935 -0.634826 -0.211966 0.0725207 -0.974583 0.211949 0.0725225 -0.974586 -0.732809 0.00244927 0.68043 -0.0157983 -0.0510701 0.99857 0.0158531 -0.0510985 0.998568 0.776544 -0.0802954 0.624925 0.765626 0.403659 0.500876 0.621618 0.591631 -0.513385 0.210261 -0.035421 -0.977003 0.206556 -0.0707417 -0.975874 -0.206229 -0.0707567 -0.975942 -0.210097 -0.0354298 -0.977038 -0.776774 -0.0790917 0.624793 -0.0444719 -0.175292 0.983511 0.0444976 -0.175322 0.983505 0.732911 0.00124679 0.680323 -0.621964 0.591426 -0.513201 -0.765986 0.403537 0.500423 -0.0573418 -0.222236 0.973305 0.0572839 -0.222238 0.973308 0 0.0130537 0.999915 0 0.62517 -0.780488 0 0.62517 -0.780488 -0.131704 0.605999 -0.784487 0 0.985589 0.169158 -0.195165 0.9674 0.161391 -0.204213 0.975561 0.081107 0 0.996391 0.0848854 0 0.996391 0.0848855 0.203266 0.97575 0.0812108 0.193277 0.967751 0.161564 0 0.985589 0.169158 0 0.993951 -0.109826 -0.210927 0.971577 -0.107461 0.210927 0.971577 -0.107461 0 0.993951 -0.109826 0.0431234 0.767765 -0.639279 -0.133413 0.99106 -0 0.133413 0.99106 -0 -0.0435076 0.767753 -0.639267 -0.00747615 0.0777843 -0.996942 0.20833 0.0745674 -0.975212 -0.20861 0.0745622 -0.975152 0.00693649 0.0777864 -0.996946 0.0517079 -0.0228293 0.998401 -0.0515313 -0.021919 0.998431 0 -0.0374942 -0.999297 -0.210104 -0.0363151 -0.977004 -0.206229 -0.0725223 -0.975812 0 -0.0749357 -0.997188 0.206556 -0.0725074 -0.975745 0.210267 -0.0363063 -0.97697 0.144778 -0.148552 0.978249 -0.145016 -0.147617 0.978356 0.18519 -0.22424 0.956776 -0.18598 -0.22416 0.956642</float_array>
                    <technique_common>
                        <accessor count="75" source="#ID211" stride="3">
                            <param name="X" type="float"/>
                            <param name="Y" type="float"/>
                            <param name="Z" type="float"/>
                        </accessor>
                    </technique_common>
                </source>
                <source id="ID212">
                    <float_array id="ID213" count="2">0 1</float_array>
                    <technique_common>
                        <accessor count="1" source="#ID213" stride="2">
                            <param name="S" type="float"/>
                            <param name="T" type="float"/>
                        </accessor>
                    </technique_common>
                </source>
                <vertices id="ID214">
                    <input semantic="POSITION" source="#ID208"/>
                </vertices>
                <polylist count="94" material="Material1">
                    <input offset="0" semantic="VERTEX" source="#ID214"/>
                    <input offset="1" semantic="NORMAL" source="#ID210"/>
                    <input offset="2" semantic="TEXCOORD" source="#ID212" set="0"/>
                    <vcount>4 4 4 4 4 4 4 4 4 4 4 4 4 4 4 4 4 4 4 4 4 4 4 4 4 4 4 4 4 4 4 4 4 4 4 4 4 4 4 4 4 4 4 4 4 4 4 4 4 4 4 4 4 4 4 4 4 4 4 4 4 4 4 4 4 4 4 4 4 4 4 4 4 4 4 4 4 4 4 4 4 4 4 4 4 4 4 4 4 4 4 4 4 4</vcount>
                    <p>82 0 0 83 2 0 81 1 0 80 0 0 10 3 0 4 3 0 5 3 0 11 3 0 70 4 0 71 6 0 69 5 0 68 4 0 12 7 0 0 7 0 1 7 0 13 7 0 67 11 0 79 10 0 77 9 0 65 8 0 68 12 0 74 12 0 72 12 0 70 12 0 11 3 0 15 3 0 14 3 0 10 3 0 9 7 0 7 7 0 6 7 0 8 7 0 75 14 0 69 5 0 71 6 0 73 13 0 74 12 0 78 12 0 76 12 0 72 12 0 13 7 0 9 7 0 8 7 0 12 7 0 79 10 0 75 14 0 73 13 0 77 9 0 15 3 0 3 3 0 2 3 0 14 3 0 78 12 0 66 12 0 64 12 0 76 12 0 66 12 0 82 12 0 80 12 0 64 12 0 3 3 0 19 3 0 18 3 0 2 3 0 84 18 0 86 17 0 87 16 0 85 15 0 0 7 0 16 7 0 17 7 0 1 7 0 92 20 0 84 18 0 85 15 0 93 19 0 17 7 0 26 21 0 24 7 0 1 7 0 83 2 0 91 23 0 90 22 0 81 1 0 29 3 0 21 26 0 23 25 0 31 24 0 89 30 0 67 29 0 65 28 0 88 27 0 26 21 0 30 31 0 28 7 0 24 7 0 91 23 0 95 33 0 94 32 0 90 22 0 27 34 0 19 3 0 3 3 0 25 3 0 93 19 0 89 30 0 88 27 0 92 20 0 31 24 0 27 34 0 25 3 0 29 3 0 30 31 0 22 36 0 20 35 0 28 7 0 95 33 0 87 38 0 86 37 0 94 32 0 19 1 0 51 39 0 50 0 0 18 0 0 16 0 0 48 0 0 49 39 0 17 1 0 7 40 0 39 6 0 38 4 0 6 4 0 4 4 0 36 4 0 37 42 0 5 41 0 15 46 0 47 45 0 35 44 0 3 43 0 1 50 0 33 49 0 45 48 0 13 47 0 10 12 0 42 12 0 36 12 0 4 12 0 6 12 0 38 12 0 40 12 0 8 12 0 5 41 0 37 42 0 43 52 0 11 51 0 9 54 0 41 53 0 39 6 0 7 40 0 14 12 0 46 12 0 42 12 0 10 12 0 8 12 0 40 12 0 44 12 0 12 12 0 11 51 0 43 52 0 47 45 0 15 46 0 13 47 0 45 48 0 41 53 0 9 54 0 2 12 0 34 12 0 46 12 0 14 12 0 12 12 0 44 12 0 32 12 0 0 12 0 18 12 0 50 12 0 34 12 0 2 12 0 0 12 0 32 12 0 48 12 0 16 12 0 22 36 0 54 56 0 52 55 0 20 35 0 21 26 0 53 58 0 55 57 0 23 25 0 20 35 0 52 55 0 60 60 0 28 59 0 29 62 0 61 61 0 53 58 0 21 26 0 27 34 0 59 63 0 51 39 0 19 1 0 17 1 0 49 39 0 58 64 0 26 21 0 3 68 0 35 67 0 57 66 0 25 65 0 24 65 0 56 70 0 33 69 0 1 68 0 31 24 0 63 71 0 59 63 0 27 34 0 26 21 0 58 64 0 62 72 0 30 31 0 25 65 0 57 66 0 61 61 0 29 62 0 28 59 0 60 60 0 56 70 0 24 65 0 23 25 0 55 73 0 63 71 0 31 24 0 30 31 0 62 72 0 54 74 0 22 36 0 51 39 0 83 2 0 82 0 0 50 0 0 48 0 0 80 0 0 81 1 0 49 39 0 39 6 0 71 6 0 70 4 0 38 4 0 36 4 0 68 4 0 69 5 0 37 42 0 47 45 0 79 10 0 67 11 0 35 44 0 33 49 0 65 8 0 77 9 0 45 48 0 42 12 0 74 12 0 68 12 0 36 12 0 38 12 0 70 12 0 72 12 0 40 12 0 37 42 0 69 5 0 75 14 0 43 52 0 41 53 0 73 13 0 71 6 0 39 6 0 46 12 0 78 12 0 74 12 0 42 12 0 40 12 0 72 12 0 76 12 0 44 12 0 43 52 0 75 14 0 79 10 0 47 45 0 45 48 0 77 9 0 73 13 0 41 53 0 34 12 0 66 12 0 78 12 0 46 12 0 44 12 0 76 12 0 64 12 0 32 12 0 50 12 0 82 12 0 66 12 0 34 12 0 32 12 0 64 12 0 80 12 0 48 12 0 54 56 0 86 17 0 84 18 0 52 55 0 53 58 0 85 15 0 87 16 0 55 57 0 52 55 0 84 18 0 92 20 0 60 60 0 61 61 0 93 19 0 85 15 0 53 58 0 59 63 0 91 23 0 83 2 0 51 39 0 49 39 0 81 1 0 90 22 0 58 64 0 35 67 0 67 29 0 89 30 0 57 66 0 56 70 0 88 27 0 65 28 0 33 69 0 63 71 0 95 33 0 91 23 0 59 63 0 58 64 0 90 22 0 94 32 0 62 72 0 57 66 0 89 30 0 93 19 0 61 61 0 60 60 0 92 20 0 88 27 0 56 70 0 55 73 0 87 38 0 95 33 0 63 71 0 62 72 0 94 32 0 86 37 0 54 74 0</p>
                </polylist>
            </mesh>
        </geometry>
        <geometry id="ID216">
            <mesh>
                <source id="ID217">
                    <float_array id="ID218" count="336">-63.9 -20.4756 68.3 -62.7827 25.8904 66.9095 -35.1078 150.188 5.9266 -60.7914 19.2721 -83.0306 -30.1945 3.64912 -221.115 0 -20.4756 70.4362 -63.9 -20.4756 -67.7581 -63.9 20.4756 -68.3 0 25.7791 69.0825 0 -20.4756 -67.7581 -32.0778 -16.6946 -219.093 -32.172 8.34695 -217.858 -37.2975 149.401 35.1923 0 21.2628 -70.3222 0 -16.6946 -221.115 -63.9 -20.4756 19.7486 -62.7507 26.0454 19.3504 0 8.8939 -219.8 0 150.188 37.3285 -37.2975 149.401 10.5314 0 149.401 -43.0891 -63.9 17.6616 68.3 0 -20.4756 19.7486 0 150.188 5.9266 -63.9 -4.27011 -68.3 0 17.5432 70.4362 -32.0778 3.11064 -219.093 -63.9 18.0145 19.7486 0 3.64912 -221.115 -35.1078 150.188 -40.4619 -35.1078 149.401 -43.0891 -60.1485 17.6616 70.4362 -63.9 20.4756 3.25201 0 20.261 -82.5841 -37.2975 149.401 1.32185 -59.2011 5.72384 -90.5664 -63.9 -4.27011 3.25201 -60.1485 -20.4756 19.7486 -63.9 20.4756 -67.2162 -35.1078 150.188 37.3285 -37.2975 149.401 -40.4619 0 150.188 -40.4619 -63.9 -4.27011 -67.2162 -60.1485 -20.4756 70.4362 -59.1421 25.6887 69.1056 -57.7127 20.261 -82.5841 -60.1485 -20.4756 -67.7581 -60.1485 21.2628 -70.3222 -30.1945 -16.6946 -221.115 -30.4508 8.89132 -219.825 63.9 -20.4756 68.3 62.7827 25.8904 66.9095 35.1078 150.188 5.9266 60.7914 19.2721 -83.0306 30.1945 3.64912 -221.115 63.9 -20.4756 -67.7581 63.9 20.4756 -68.3 32.0778 -16.6946 -219.093 32.172 8.34695 -217.858 37.2975 149.401 35.1923 63.9 -20.4756 19.7486 62.7507 26.0454 19.3504 37.2975 149.401 10.5314 63.9 17.6616 68.3 63.9 -4.27011 -68.3 32.0778 3.11064 -219.093 63.9 18.0145 19.7486 35.1078 150.188 -40.4619 35.1078 149.401 -43.0891 60.1485 17.6616 70.4362 63.9 20.4756 3.25201 37.2975 149.401 1.32185 59.2011 5.72384 -90.5664 63.9 -4.27011 3.25201 60.1485 -20.4756 19.7486 63.9 20.4756 -67.2162 35.1078 150.188 37.3285 37.2975 149.401 -40.4619 63.9 -4.27011 -67.2162 60.1485 -20.4756 70.4362 59.1421 25.6887 69.1056 57.7127 20.261 -82.5841 60.1485 -20.4756 -67.7581 60.1485 21.2628 -70.3222 30.1945 -16.6946 -221.115 30.4508 8.89132 -219.825 -34.9107 9.39243 -204.956 -35.0456 -17.0472 -204.979 0 -17.0924 -204.979 0 10.1217 -204.979 -35.0578 3.39775 -204.972 -33.3998 10.1212 -204.979 -33.3461 -17.0924 -204.98 34.9058 9.39054 -204.979 35.0441 -17.047 -204.986 35.0563 3.3976 -204.979 33.3998 10.1212 -204.979 33.3462 -17.0924 -204.979 -33.128 -0.258292 -199.95 -56.0754 8.58263 -90.2016 -57.0832 -15.8604 -91.9442 0 -15.7419 -89.0703 -31.5922 4.90471 -199.959 33.3463 -16.0158 -198.554 4.32937e-008 4.91143 -199.96 0 12.5202 -87.6035 31.5909 4.90496 -199.959 56.0754 8.58263 -90.2016 57.0832 -15.8604 -91.9442 -33.3523 -16.0159 -198.544 33.1266 -0.258394 -199.956 -4.34811e-006 -15.9518 -198.71</float_array>
                    <technique_common>
                        <accessor count="112" source="#ID218" stride="3">
                            <param name="X" type="float"/>
                            <param name="Y" type="float"/>
                            <param name="Z" type="float"/>
                        </accessor>
                    </technique_common>
                </source>
                <source id="ID219">
                    <float_array id="ID220" count="96">0.107473 0.993888 -0.0252189 0.739446 0.660915 0.128102 0.182313 0.597419 -0.780931 -0.114264 0.8479 -0.517697 -0.608323 0.396745 0.687413 -0.31618 0.35293 0.880608 -0.603376 0.111522 0.78962 -0.838995 0.120295 0.530676 -0.177643 0.492991 -0.851706 -0.143537 0.660072 0.737362 -0.0258055 0.543038 -0.839311 -1.28337e-006 0.693606 0.720355 3.85755e-005 0.403168 0.915126 0.000124304 0.313375 -0.94963 -5.78848e-005 0.545207 -0.838301 0.149206 0.658418 0.737715 0.317518 0.354356 0.879554 -0.178359 0.596885 -0.782251 0.0257477 0.543029 -0.839319 0.60812 0.40006 0.685669 0.177644 0.492991 -0.851706 0.514624 0.783469 0.348335 0.0301266 0.582495 0.812276 0.123217 0.845261 -0.519953 0.976726 -0.0248338 0.213047 -0.101221 0.738034 0.667128 4.98197e-005 0.729842 0.683616 0.000129662 0.899487 -0.436948 0.0304129 0.727521 -0.685411 0.102245 0.73798 0.667031 -0.0300012 0.727584 -0.685362 -0.977196 -0.0255726 0.210793</float_array>
                    <technique_common>
                        <accessor count="32" source="#ID220" stride="3">
                            <param name="X" type="float"/>
                            <param name="Y" type="float"/>
                            <param name="Z" type="float"/>
                        </accessor>
                    </technique_common>
                </source>
                <source id="ID221">
                    <float_array id="ID222" count="2">0 1</float_array>
                    <technique_common>
                        <accessor count="1" source="#ID222" stride="2">
                            <param name="S" type="float"/>
                            <param name="T" type="float"/>
                        </accessor>
                    </technique_common>
                </source>
                <vertices id="ID223">
                    <input semantic="POSITION" source="#ID217"/>
                </vertices>
                <polylist count="26" material="Material1">
                    <input offset="0" semantic="VERTEX" source="#ID223"/>
                    <input offset="1" semantic="NORMAL" source="#ID219"/>
                    <input offset="2" semantic="TEXCOORD" source="#ID221" set="0"/>
                    <vcount>4 4 3 3 3 4 4 4 4 3 3 4 3 4 4 3 3 3 3 4 4 4 4 4 3 3</vcount>
                    <p>35 3 0 99 2 0 98 1 0 90 0 0 90 7 0 98 6 0 102 5 0 86 4 0 3 8 0 99 2 0 35 3 0 86 4 0 102 5 0 91 9 0 45 10 0 99 2 0 3 8 0 91 9 0 102 5 0 104 12 0 89 11 0 33 14 0 105 13 0 99 2 0 45 10 0 89 11 0 104 12 0 106 16 0 96 15 0 81 18 0 107 17 0 105 13 0 33 14 0 96 15 0 106 16 0 93 19 0 53 20 0 107 17 0 81 18 0 93 19 0 106 16 0 110 22 0 95 21 0 72 23 0 107 17 0 53 20 0 95 21 0 110 22 0 107 17 0 72 23 0 99 2 0 100 24 0 109 24 0 98 1 0 98 6 0 109 25 0 102 5 0 109 25 0 101 27 0 111 26 0 100 28 0 101 27 0 109 25 0 111 26 0 101 27 0 103 29 0 102 5 0 109 25 0 111 26 0 104 12 0 105 13 0 101 27 0 100 28 0 99 2 0 104 12 0 111 26 0 103 29 0 106 16 0 107 17 0 108 30 0 101 27 0 105 13 0 110 22 0 103 31 0 108 31 0 107 17 0 103 29 0 101 27 0 108 30 0 106 16 0 103 29 0 110 22 0</p>
                </polylist>
            </mesh>
        </geometry>
        <geometry id="ID226">
            <mesh>
                <source id="ID227">
                    <float_array id="ID228" count="186">-10.365 5.83956e-012 2.83024e-032 7.43575 5.83956e-012 2.83024e-032 -10.365 -24.2522 1.37683e-007 10.365 -24.2522 1.37683e-007 -10.365 -19.6205 -14.2551 10.365 -19.6205 -14.2551 -10.365 -7.49435 -23.0652 10.365 -7.49435 -23.0652 -10.365 7.49435 -23.0652 10.365 7.49435 -23.0652 -10.365 19.6205 -14.2551 10.365 19.6205 -14.2551 -10.365 24.2522 2.25788e-006 10.365 24.2522 2.25788e-006 -10.365 19.6205 14.2551 10.365 19.6205 14.2551 -10.365 7.49434 23.0652 10.365 7.49434 23.0652 -10.365 -7.49435 23.0652 10.365 -7.49435 23.0652 -10.365 -19.6205 14.2551 10.365 -19.6205 14.2551 10.365 -11.9249 -7.49087e-007 10.365 -9.64741 -7.00925 10.365 -3.68498 -11.3412 10.365 3.68498 -11.3412 10.365 9.64741 -7.00925 10.365 11.9249 1.68664e-006 10.365 9.64741 7.00925 10.365 3.68498 11.3412 10.365 -3.68498 11.3412 10.365 -9.64741 7.00925 7.43575 -7.17901 -7.49087e-007 7.43575 -5.80794 -4.21972 7.43575 -2.21844 -6.82764 7.43575 2.21844 -6.82764 7.43575 5.80794 -4.21972 7.43575 7.17901 1.61229e-006 7.43575 5.80794 4.21972 7.43575 2.21843 6.82765 7.43575 -2.21844 6.82764 7.43575 -5.80794 4.21972 -5.78493 -27.8615 -3.57787e-019 5.78494 -27.8615 -3.57787e-019 -5.78493 -22.5404 -16.3766 5.78494 -22.5404 -16.3766 -5.78493 -8.60968 -26.4979 5.78494 -8.60968 -26.4979 -5.78493 8.60968 -26.4979 5.78494 8.60968 -26.4979 -5.78493 22.5404 -16.3766 5.78494 22.5404 -16.3766 -5.78493 27.8615 2.43573e-006 5.78494 27.8615 2.43573e-006 -5.78493 22.5404 16.3766 5.78494 22.5404 16.3766 -5.78493 8.60967 26.4979 5.78494 8.60967 26.4979 -5.78493 -8.60968 26.4979 5.78494 -8.60968 26.4979 -5.78493 -22.5404 16.3766 5.78494 -22.5404 16.3766</float_array>
                    <technique_common>
                        <accessor count="62" source="#ID228" stride="3">
                            <param name="X" type="float"/>
                            <param name="Y" type="float"/>
                            <param name="Z" type="float"/>
                        </accessor>
                    </technique_common>
                </source>
                <source id="ID229">
                    <float_array id="ID230" count="156">-1 0 -0 -0.903022 -0.429595 2.52344e-008 -0.903022 -0.347549 -0.252509 -0.330594 -0.943773 4.92846e-008 0.330594 -0.943773 4.92846e-008 0.330594 -0.763529 -0.554736 -0.330594 -0.763529 -0.554736 0.962572 0.271027 3.90016e-009 1 0 -0 0.962572 0.219266 0.159306 -0.903022 -0.132752 -0.408569 0.330593 -0.291642 -0.897582 -0.330593 -0.291642 -0.897582 0.962572 0.0837519 0.257762 -0.903022 0.132752 -0.408569 0.330593 0.291642 -0.897582 -0.330593 0.291642 -0.897582 0.962572 -0.083752 0.257762 -0.903022 0.347549 -0.252509 0.330594 0.763529 -0.554736 -0.330594 0.763529 -0.554736 0.962572 -0.219265 0.159306 -0.903022 0.429595 2.52344e-008 0.330594 0.943773 4.92846e-008 -0.330594 0.943773 4.92846e-008 0.962572 -0.271027 -7.80031e-009 -0.903022 0.347549 0.252509 0.330594 0.763528 0.554736 -0.330594 0.763528 0.554736 0.962572 -0.219265 -0.159306 -0.903022 0.132752 0.408569 0.330594 0.291642 0.897582 -0.330593 0.291642 0.897582 0.962572 -0.0837519 -0.257762 -0.903022 -0.132752 0.408569 0.330593 -0.291642 0.897582 -0.330593 -0.291642 0.897582 0.962572 0.083752 -0.257762 -0.903022 -0.347549 0.252509 0.330594 -0.763528 0.554736 -0.330594 -0.763529 0.554736 0.962572 0.219265 -0.159306 0.903022 -0.429595 2.52344e-008 0.903022 -0.347549 -0.252509 0.903022 -0.132752 -0.408569 0.903022 0.132752 -0.408569 0.903022 0.347549 -0.252509 0.903022 0.429595 2.94402e-008 0.903022 0.347549 0.252509 0.903022 0.132752 0.408569 0.903022 -0.132752 0.408569 0.903022 -0.347549 0.252509</float_array>
                    <technique_common>
                        <accessor count="52" source="#ID230" stride="3">
                            <param name="X" type="float"/>
                            <param name="Y" type="float"/>
                            <param name="Z" type="float"/>
                        </accessor>
                    </technique_common>
                </source>
                <source id="ID231">
                    <float_array id="ID232" count="2">0 1</float_array>
                    <technique_common>
                        <accessor count="1" source="#ID232" stride="2">
                            <param name="S" type="float"/>
                            <param name="T" type="float"/>
                        </accessor>
                    </technique_common>
                </source>
                <vertices id="ID233">
                    <input semantic="POSITION" source="#ID227"/>
                </vertices>
                <polylist count="70" material="Material1">
                    <input offset="0" semantic="VERTEX" source="#ID233"/>
                    <input offset="1" semantic="NORMAL" source="#ID229"/>
                    <input offset="2" semantic="TEXCOORD" source="#ID231" set="0"/>
                    <vcount>3 4 3 3 4 3 3 4 3 3 4 3 3 4 3 3 4 3 3 4 3 3 4 3 3 4 3 3 4 3 4 4 4 4 4 4 4 4 4 4 4 4 4 4 4 4 4 4 4 4 4 4 4 4 4 4 4 4 4 4 4 4 4 4 4 4 4 4 4 4</vcount>
                    <p>4 2 0 2 1 0 0 0 0 44 6 0 45 5 0 43 4 0 42 3 0 33 9 0 1 8 0 32 7 0 6 10 0 4 2 0 0 0 0 46 12 0 47 11 0 45 5 0 44 6 0 34 13 0 1 8 0 33 9 0 8 14 0 6 10 0 0 0 0 48 16 0 49 15 0 47 11 0 46 12 0 35 17 0 1 8 0 34 13 0 10 18 0 8 14 0 0 0 0 50 20 0 51 19 0 49 15 0 48 16 0 36 21 0 1 8 0 35 17 0 12 22 0 10 18 0 0 0 0 52 24 0 53 23 0 51 19 0 50 20 0 37 25 0 1 8 0 36 21 0 14 26 0 12 22 0 0 0 0 54 28 0 55 27 0 53 23 0 52 24 0 38 29 0 1 8 0 37 25 0 16 30 0 14 26 0 0 0 0 56 32 0 57 31 0 55 27 0 54 28 0 39 33 0 1 8 0 38 29 0 18 34 0 16 30 0 0 0 0 58 36 0 59 35 0 57 31 0 56 32 0 40 37 0 1 8 0 39 33 0 20 38 0 18 34 0 0 0 0 60 40 0 61 39 0 59 35 0 58 36 0 41 41 0 1 8 0 40 37 0 2 1 0 20 38 0 0 0 0 42 3 0 43 4 0 61 39 0 60 40 0 32 7 0 1 8 0 41 41 0 5 43 0 23 9 0 22 7 0 3 42 0 7 44 0 24 13 0 23 9 0 5 43 0 9 45 0 25 17 0 24 13 0 7 44 0 11 46 0 26 21 0 25 17 0 9 45 0 13 47 0 27 25 0 26 21 0 11 46 0 15 48 0 28 29 0 27 25 0 13 47 0 17 49 0 29 33 0 28 29 0 15 48 0 19 50 0 30 37 0 29 33 0 17 49 0 21 51 0 31 41 0 30 37 0 19 50 0 3 42 0 22 7 0 31 41 0 21 51 0 23 9 0 33 9 0 32 7 0 22 7 0 24 13 0 34 13 0 33 9 0 23 9 0 25 17 0 35 17 0 34 13 0 24 13 0 26 21 0 36 21 0 35 17 0 25 17 0 27 25 0 37 25 0 36 21 0 26 21 0 28 29 0 38 29 0 37 25 0 27 25 0 29 33 0 39 33 0 38 29 0 28 29 0 30 37 0 40 37 0 39 33 0 29 33 0 31 41 0 41 41 0 40 37 0 30 37 0 22 7 0 32 7 0 41 41 0 31 41 0 4 2 0 44 6 0 42 3 0 2 1 0 3 42 0 43 4 0 45 5 0 5 43 0 6 10 0 46 12 0 44 6 0 4 2 0 5 43 0 45 5 0 47 11 0 7 44 0 8 14 0 48 16 0 46 12 0 6 10 0 7 44 0 47 11 0 49 15 0 9 45 0 10 18 0 50 20 0 48 16 0 8 14 0 9 45 0 49 15 0 51 19 0 11 46 0 12 22 0 52 24 0 50 20 0 10 18 0 11 46 0 51 19 0 53 23 0 13 47 0 14 26 0 54 28 0 52 24 0 12 22 0 13 47 0 53 23 0 55 27 0 15 48 0 16 30 0 56 32 0 54 28 0 14 26 0 15 48 0 55 27 0 57 31 0 17 49 0 18 34 0 58 36 0 56 32 0 16 30 0 17 49 0 57 31 0 59 35 0 19 50 0 20 38 0 60 40 0 58 36 0 18 34 0 19 50 0 59 35 0 61 39 0 21 51 0 2 1 0 42 3 0 60 40 0 20 38 0 21 51 0 61 39 0 43 4 0 3 42 0</p>
                </polylist>
            </mesh>
        </geometry>
        <geometry id="ID235">
            <mesh>
                <source id="ID236">
                    <float_array id="ID237" count="186">-10.365 7.60017e-012 2.83024e-032 7.43575 7.60017e-012 2.83024e-032 -10.365 -24.2522 1.37683e-007 10.365 -24.2522 1.37683e-007 -10.365 -19.6205 -14.2551 10.365 -19.6205 -14.2551 -10.365 -7.49435 -23.0652 10.365 -7.49435 -23.0652 -10.365 7.49435 -23.0652 10.365 7.49435 -23.0652 -10.365 19.6205 -14.2551 10.365 19.6205 -14.2551 -10.365 24.2522 2.25788e-006 10.365 24.2522 2.25788e-006 -10.365 19.6205 14.2551 10.365 19.6205 14.2551 -10.365 7.49434 23.0652 10.365 7.49434 23.0652 -10.365 -7.49435 23.0652 10.365 -7.49435 23.0652 -10.365 -19.6205 14.2551 10.365 -19.6205 14.2551 10.365 -11.9249 -7.49087e-007 10.365 -9.64741 -7.00925 10.365 -3.68498 -11.3412 10.365 3.68498 -11.3412 10.365 9.64741 -7.00925 10.365 11.9249 1.68664e-006 10.365 9.64741 7.00925 10.365 3.68498 11.3412 10.365 -3.68498 11.3412 10.365 -9.64741 7.00925 7.43575 -7.17901 -7.49087e-007 7.43575 -5.80794 -4.21972 7.43575 -2.21844 -6.82764 7.43575 2.21844 -6.82764 7.43575 5.80794 -4.21972 7.43575 7.17901 1.61229e-006 7.43575 5.80794 4.21972 7.43575 2.21843 6.82765 7.43575 -2.21844 6.82764 7.43575 -5.80794 4.21972 -5.78493 -27.8615 -3.57787e-019 5.78494 -27.8615 -3.57787e-019 -5.78493 -22.5404 -16.3766 5.78494 -22.5404 -16.3766 -5.78493 -8.60968 -26.4979 5.78494 -8.60968 -26.4979 -5.78493 8.60968 -26.4979 5.78494 8.60968 -26.4979 -5.78493 22.5404 -16.3766 5.78494 22.5404 -16.3766 -5.78493 27.8615 2.43573e-006 5.78494 27.8615 2.43573e-006 -5.78493 22.5404 16.3766 5.78494 22.5404 16.3766 -5.78493 8.60967 26.4979 5.78494 8.60967 26.4979 -5.78493 -8.60968 26.4979 5.78494 -8.60968 26.4979 -5.78493 -22.5404 16.3766 5.78494 -22.5404 16.3766</float_array>
                    <technique_common>
                        <accessor count="62" source="#ID237" stride="3">
                            <param name="X" type="float"/>
                            <param name="Y" type="float"/>
                            <param name="Z" type="float"/>
                        </accessor>
                    </technique_common>
                </source>
                <source id="ID238">
                    <float_array id="ID239" count="180">-1 0 -0 -0.903022 -0.429595 2.52344e-008 -0.903022 -0.347549 -0.252509 -0.330594 -0.943773 4.92846e-008 0.330594 -0.943773 4.92846e-008 0.330594 -0.763529 -0.554736 -0.330594 -0.763529 -0.554736 0.962572 0.271027 1.17005e-008 1 0 -0 0.962572 0.219266 0.159306 -0.903022 -0.132752 -0.408569 0.330593 -0.291642 -0.897582 -0.330593 -0.291642 -0.897582 0.962572 0.0837519 0.257762 -0.903022 0.132752 -0.408569 0.330593 0.291642 -0.897582 -0.330594 0.291642 -0.897582 0.962572 -0.083752 0.257762 -0.903022 0.347549 -0.252509 0.330593 0.763529 -0.554736 -0.330594 0.763529 -0.554736 0.962572 -0.219266 0.159306 -0.903022 0.429595 3.36459e-008 0.330594 0.943773 4.92846e-008 -0.330594 0.943773 5.74987e-008 0.962572 -0.271027 -1.95008e-008 -0.903022 0.347549 0.252509 0.330594 0.763528 0.554736 -0.330594 0.763528 0.554736 0.962572 -0.219265 -0.159306 -0.903022 0.132752 0.408569 0.330593 0.291642 0.897582 -0.330594 0.291642 0.897582 0.962572 -0.0837519 -0.257762 -0.903022 -0.132752 0.408569 0.330593 -0.291642 0.897582 -0.330594 -0.291642 0.897582 0.962572 0.083752 -0.257762 -0.903022 -0.347549 0.252509 0.330594 -0.763529 0.554736 -0.330594 -0.763528 0.554736 0.962572 0.219266 -0.159306 0.903022 -0.429595 2.52344e-008 0.962572 0.271027 1.17005e-008 0.962572 0.219266 0.159306 0.903022 -0.347549 -0.252509 0.962572 0.083752 0.257762 0.903022 -0.132752 -0.408569 0.962572 -0.083752 0.257762 0.903022 0.132752 -0.408569 0.962572 -0.219266 0.159306 0.903022 0.347549 -0.252509 0.962572 -0.271027 -1.95008e-008 0.903022 0.429595 2.52344e-008 0.903022 0.347549 0.252509 0.903022 0.132752 0.408569 0.962572 0.083752 -0.257762 0.903022 -0.132752 0.408569 0.962572 0.219266 -0.159306 0.903022 -0.347549 0.252509</float_array>
                    <technique_common>
                        <accessor count="60" source="#ID239" stride="3">
                            <param name="X" type="float"/>
                            <param name="Y" type="float"/>
                            <param name="Z" type="float"/>
                        </accessor>
                    </technique_common>
                </source>
                <source id="ID240">
                    <float_array id="ID241" count="2">0 1</float_array>
                    <technique_common>
                        <accessor count="1" source="#ID241" stride="2">
                            <param name="S" type="float"/>
                            <param name="T" type="float"/>
                        </accessor>
                    </technique_common>
                </source>
                <vertices id="ID242">
                    <input semantic="POSITION" source="#ID236"/>
                </vertices>
                <polylist count="70" material="Material1">
                    <input offset="0" semantic="VERTEX" source="#ID242"/>
                    <input offset="1" semantic="NORMAL" source="#ID238"/>
                    <input offset="2" semantic="TEXCOORD" source="#ID240" set="0"/>
                    <vcount>3 4 3 3 4 3 3 4 3 3 4 3 3 4 3 3 4 3 3 4 3 3 4 3 3 4 3 3 4 3 4 4 4 4 4 4 4 4 4 4 4 4 4 4 4 4 4 4 4 4 4 4 4 4 4 4 4 4 4 4 4 4 4 4 4 4 4 4 4 4</vcount>
                    <p>4 2 0 2 1 0 0 0 0 44 6 0 45 5 0 43 4 0 42 3 0 33 9 0 1 8 0 32 7 0 6 10 0 4 2 0 0 0 0 46 12 0 47 11 0 45 5 0 44 6 0 34 13 0 1 8 0 33 9 0 8 14 0 6 10 0 0 0 0 48 16 0 49 15 0 47 11 0 46 12 0 35 17 0 1 8 0 34 13 0 10 18 0 8 14 0 0 0 0 50 20 0 51 19 0 49 15 0 48 16 0 36 21 0 1 8 0 35 17 0 12 22 0 10 18 0 0 0 0 52 24 0 53 23 0 51 19 0 50 20 0 37 25 0 1 8 0 36 21 0 14 26 0 12 22 0 0 0 0 54 28 0 55 27 0 53 23 0 52 24 0 38 29 0 1 8 0 37 25 0 16 30 0 14 26 0 0 0 0 56 32 0 57 31 0 55 27 0 54 28 0 39 33 0 1 8 0 38 29 0 18 34 0 16 30 0 0 0 0 58 36 0 59 35 0 57 31 0 56 32 0 40 37 0 1 8 0 39 33 0 20 38 0 18 34 0 0 0 0 60 40 0 61 39 0 59 35 0 58 36 0 41 41 0 1 8 0 40 37 0 2 1 0 20 38 0 0 0 0 42 3 0 43 4 0 61 39 0 60 40 0 32 7 0 1 8 0 41 41 0 5 45 0 23 44 0 22 43 0 3 42 0 7 47 0 24 46 0 23 44 0 5 45 0 9 49 0 25 48 0 24 46 0 7 47 0 11 51 0 26 50 0 25 48 0 9 49 0 13 53 0 27 52 0 26 50 0 11 51 0 15 54 0 28 29 0 27 52 0 13 53 0 17 55 0 29 33 0 28 29 0 15 54 0 19 57 0 30 56 0 29 33 0 17 55 0 21 59 0 31 58 0 30 56 0 19 57 0 3 42 0 22 43 0 31 58 0 21 59 0 23 44 0 33 9 0 32 7 0 22 43 0 24 46 0 34 13 0 33 9 0 23 44 0 25 48 0 35 17 0 34 13 0 24 46 0 26 50 0 36 21 0 35 17 0 25 48 0 27 52 0 37 25 0 36 21 0 26 50 0 28 29 0 38 29 0 37 25 0 27 52 0 29 33 0 39 33 0 38 29 0 28 29 0 30 56 0 40 37 0 39 33 0 29 33 0 31 58 0 41 41 0 40 37 0 30 56 0 22 43 0 32 7 0 41 41 0 31 58 0 4 2 0 44 6 0 42 3 0 2 1 0 3 42 0 43 4 0 45 5 0 5 45 0 6 10 0 46 12 0 44 6 0 4 2 0 5 45 0 45 5 0 47 11 0 7 47 0 8 14 0 48 16 0 46 12 0 6 10 0 7 47 0 47 11 0 49 15 0 9 49 0 10 18 0 50 20 0 48 16 0 8 14 0 9 49 0 49 15 0 51 19 0 11 51 0 12 22 0 52 24 0 50 20 0 10 18 0 11 51 0 51 19 0 53 23 0 13 53 0 14 26 0 54 28 0 52 24 0 12 22 0 13 53 0 53 23 0 55 27 0 15 54 0 16 30 0 56 32 0 54 28 0 14 26 0 15 54 0 55 27 0 57 31 0 17 55 0 18 34 0 58 36 0 56 32 0 16 30 0 17 55 0 57 31 0 59 35 0 19 57 0 20 38 0 60 40 0 58 36 0 18 34 0 19 57 0 59 35 0 61 39 0 21 59 0 2 1 0 42 3 0 60 40 0 20 38 0 21 59 0 61 39 0 43 4 0 3 42 0</p>
                </polylist>
            </mesh>
        </geometry>
        <geometry id="ID244">
            <mesh>
                <source id="ID245">
                    <float_array id="ID246" count="186">-10.365 7.01139e-012 2.83024e-032 7.43575 7.01139e-012 2.83024e-032 -10.365 -24.2522 1.37683e-007 10.365 -24.2522 1.37683e-007 -10.365 -19.6205 -14.2551 10.365 -19.6205 -14.2551 -10.365 -7.49435 -23.0652 10.365 -7.49435 -23.0652 -10.365 7.49435 -23.0652 10.365 7.49435 -23.0652 -10.365 19.6205 -14.2551 10.365 19.6205 -14.2551 -10.365 24.2522 2.25788e-006 10.365 24.2522 2.25788e-006 -10.365 19.6205 14.2551 10.365 19.6205 14.2551 -10.365 7.49434 23.0652 10.365 7.49434 23.0652 -10.365 -7.49435 23.0652 10.365 -7.49435 23.0652 -10.365 -19.6205 14.2551 10.365 -19.6205 14.2551 10.365 -11.9249 -7.49087e-007 10.365 -9.64741 -7.00925 10.365 -3.68498 -11.3412 10.365 3.68498 -11.3412 10.365 9.64741 -7.00925 10.365 11.9249 1.68664e-006 10.365 9.64741 7.00925 10.365 3.68498 11.3412 10.365 -3.68498 11.3412 10.365 -9.64741 7.00925 7.43575 -7.17901 -7.49087e-007 7.43575 -5.80794 -4.21972 7.43575 -2.21844 -6.82764 7.43575 2.21844 -6.82764 7.43575 5.80794 -4.21972 7.43575 7.17901 1.61229e-006 7.43575 5.80794 4.21972 7.43575 2.21843 6.82765 7.43575 -2.21844 6.82764 7.43575 -5.80794 4.21972 -5.78492 -27.8615 -3.57787e-019 5.78494 -27.8615 -3.57787e-019 -5.78492 -22.5404 -16.3766 5.78494 -22.5404 -16.3766 -5.78492 -8.60968 -26.4979 5.78494 -8.60968 -26.4979 -5.78492 8.60968 -26.4979 5.78494 8.60968 -26.4979 -5.78492 22.5404 -16.3766 5.78494 22.5404 -16.3766 -5.78492 27.8615 2.43573e-006 5.78494 27.8615 2.43573e-006 -5.78492 22.5404 16.3766 5.78494 22.5404 16.3766 -5.78492 8.60967 26.4979 5.78494 8.60967 26.4979 -5.78492 -8.60968 26.4979 5.78494 -8.60968 26.4979 -5.78492 -22.5404 16.3766 5.78494 -22.5404 16.3766</float_array>
                    <technique_common>
                        <accessor count="62" source="#ID246" stride="3">
                            <param name="X" type="float"/>
                            <param name="Y" type="float"/>
                            <param name="Z" type="float"/>
                        </accessor>
                    </technique_common>
                </source>
                <source id="ID247">
                    <float_array id="ID248" count="171">-1 0 -0 -0.903022 -0.429594 2.52344e-008 -0.903022 -0.347549 -0.252509 -0.330594 -0.943773 4.10705e-008 0.330594 -0.943773 5.74987e-008 0.330593 -0.763529 -0.554736 -0.330594 -0.763529 -0.554736 0.962572 0.271027 1.17005e-008 1 0 -0 0.962572 0.219266 0.159306 -0.903022 -0.132752 -0.408569 0.330593 -0.291642 -0.897582 -0.330593 -0.291642 -0.897582 0.962572 0.083752 0.257762 -0.903022 0.132752 -0.408569 0.330593 0.291642 -0.897582 -0.330594 0.291642 -0.897582 0.962572 -0.083752 0.257762 -0.903022 0.347549 -0.252509 0.330593 0.763529 -0.554736 -0.330594 0.763528 -0.554736 0.962572 -0.219266 0.159306 -0.903022 0.429595 4.20574e-008 0.330594 0.943773 5.74987e-008 -0.330594 0.943773 6.57128e-008 0.962572 -0.271027 -7.80031e-009 -0.903022 0.347549 0.252509 0.330594 0.763528 0.554736 -0.330594 0.763528 0.554736 0.962572 -0.219266 -0.159306 -0.903022 0.132752 0.408569 0.330593 0.291642 0.897582 -0.330594 0.291642 0.897582 0.962572 -0.0837519 -0.257762 -0.903022 -0.132752 0.408569 0.330593 -0.291642 0.897582 -0.330594 -0.291642 0.897582 0.962572 0.0837521 -0.257762 -0.903022 -0.347549 0.252509 0.330594 -0.763529 0.554736 -0.330594 -0.763529 0.554736 0.962572 0.219266 -0.159306 0.903022 -0.429595 3.36459e-008 0.962572 0.271027 1.17005e-008 0.962572 0.219266 0.159306 0.903022 -0.347549 -0.252509 0.903022 -0.132752 -0.408569 0.903022 0.132752 -0.408569 0.903022 0.347549 -0.252509 0.962572 -0.271027 -7.80031e-009 0.903022 0.429595 2.52344e-008 0.962572 -0.219266 -0.159306 0.903022 0.347549 0.252509 0.962572 -0.0837519 -0.257762 0.903022 0.132752 0.408569 0.903022 -0.132752 0.408569 0.903022 -0.347549 0.252509</float_array>
                    <technique_common>
                        <accessor count="57" source="#ID248" stride="3">
                            <param name="X" type="float"/>
                            <param name="Y" type="float"/>
                            <param name="Z" type="float"/>
                        </accessor>
                    </technique_common>
                </source>
                <source id="ID249">
                    <float_array id="ID250" count="2">0 1</float_array>
                    <technique_common>
                        <accessor count="1" source="#ID250" stride="2">
                            <param name="S" type="float"/>
                            <param name="T" type="float"/>
                        </accessor>
                    </technique_common>
                </source>
                <vertices id="ID251">
                    <input semantic="POSITION" source="#ID245"/>
                </vertices>
                <polylist count="70" material="Material1">
                    <input offset="0" semantic="VERTEX" source="#ID251"/>
                    <input offset="1" semantic="NORMAL" source="#ID247"/>
                    <input offset="2" semantic="TEXCOORD" source="#ID249" set="0"/>
                    <vcount>3 4 3 3 4 3 3 4 3 3 4 3 3 4 3 3 4 3 3 4 3 3 4 3 3 4 3 3 4 3 4 4 4 4 4 4 4 4 4 4 4 4 4 4 4 4 4 4 4 4 4 4 4 4 4 4 4 4 4 4 4 4 4 4 4 4 4 4 4 4</vcount>
                    <p>4 2 0 2 1 0 0 0 0 44 6 0 45 5 0 43 4 0 42 3 0 33 9 0 1 8 0 32 7 0 6 10 0 4 2 0 0 0 0 46 12 0 47 11 0 45 5 0 44 6 0 34 13 0 1 8 0 33 9 0 8 14 0 6 10 0 0 0 0 48 16 0 49 15 0 47 11 0 46 12 0 35 17 0 1 8 0 34 13 0 10 18 0 8 14 0 0 0 0 50 20 0 51 19 0 49 15 0 48 16 0 36 21 0 1 8 0 35 17 0 12 22 0 10 18 0 0 0 0 52 24 0 53 23 0 51 19 0 50 20 0 37 25 0 1 8 0 36 21 0 14 26 0 12 22 0 0 0 0 54 28 0 55 27 0 53 23 0 52 24 0 38 29 0 1 8 0 37 25 0 16 30 0 14 26 0 0 0 0 56 32 0 57 31 0 55 27 0 54 28 0 39 33 0 1 8 0 38 29 0 18 34 0 16 30 0 0 0 0 58 36 0 59 35 0 57 31 0 56 32 0 40 37 0 1 8 0 39 33 0 20 38 0 18 34 0 0 0 0 60 40 0 61 39 0 59 35 0 58 36 0 41 41 0 1 8 0 40 37 0 2 1 0 20 38 0 0 0 0 42 3 0 43 4 0 61 39 0 60 40 0 32 7 0 1 8 0 41 41 0 5 45 0 23 44 0 22 43 0 3 42 0 7 46 0 24 13 0 23 44 0 5 45 0 9 47 0 25 17 0 24 13 0 7 46 0 11 48 0 26 21 0 25 17 0 9 47 0 13 50 0 27 49 0 26 21 0 11 48 0 15 52 0 28 51 0 27 49 0 13 50 0 17 54 0 29 53 0 28 51 0 15 52 0 19 55 0 30 37 0 29 53 0 17 54 0 21 56 0 31 41 0 30 37 0 19 55 0 3 42 0 22 43 0 31 41 0 21 56 0 23 44 0 33 9 0 32 7 0 22 43 0 24 13 0 34 13 0 33 9 0 23 44 0 25 17 0 35 17 0 34 13 0 24 13 0 26 21 0 36 21 0 35 17 0 25 17 0 27 49 0 37 25 0 36 21 0 26 21 0 28 51 0 38 29 0 37 25 0 27 49 0 29 53 0 39 33 0 38 29 0 28 51 0 30 37 0 40 37 0 39 33 0 29 53 0 31 41 0 41 41 0 40 37 0 30 37 0 22 43 0 32 7 0 41 41 0 31 41 0 4 2 0 44 6 0 42 3 0 2 1 0 3 42 0 43 4 0 45 5 0 5 45 0 6 10 0 46 12 0 44 6 0 4 2 0 5 45 0 45 5 0 47 11 0 7 46 0 8 14 0 48 16 0 46 12 0 6 10 0 7 46 0 47 11 0 49 15 0 9 47 0 10 18 0 50 20 0 48 16 0 8 14 0 9 47 0 49 15 0 51 19 0 11 48 0 12 22 0 52 24 0 50 20 0 10 18 0 11 48 0 51 19 0 53 23 0 13 50 0 14 26 0 54 28 0 52 24 0 12 22 0 13 50 0 53 23 0 55 27 0 15 52 0 16 30 0 56 32 0 54 28 0 14 26 0 15 52 0 55 27 0 57 31 0 17 54 0 18 34 0 58 36 0 56 32 0 16 30 0 17 54 0 57 31 0 59 35 0 19 55 0 20 38 0 60 40 0 58 36 0 18 34 0 19 55 0 59 35 0 61 39 0 21 56 0 2 1 0 42 3 0 60 40 0 20 38 0 21 56 0 61 39 0 43 4 0 3 42 0</p>
                </polylist>
            </mesh>
        </geometry>
        <geometry id="ID253">
            <mesh>
                <source id="ID254">
                    <float_array id="ID255" count="186">-10.365 5.28615e-012 2.83024e-032 7.43574 5.28615e-012 2.83024e-032 -10.365 -24.2522 1.37683e-007 10.365 -24.2522 1.37683e-007 -10.365 -19.6205 -14.2551 10.365 -19.6205 -14.2551 -10.365 -7.49435 -23.0652 10.365 -7.49435 -23.0652 -10.365 7.49435 -23.0652 10.365 7.49435 -23.0652 -10.365 19.6205 -14.2551 10.365 19.6205 -14.2551 -10.365 24.2522 2.25788e-006 10.365 24.2522 2.25788e-006 -10.365 19.6205 14.2551 10.365 19.6205 14.2551 -10.365 7.49434 23.0652 10.365 7.49434 23.0652 -10.365 -7.49435 23.0652 10.365 -7.49435 23.0652 -10.365 -19.6205 14.2551 10.365 -19.6205 14.2551 10.365 -11.9249 -7.49087e-007 10.365 -9.64741 -7.00925 10.365 -3.68498 -11.3412 10.365 3.68498 -11.3412 10.365 9.64741 -7.00925 10.365 11.9249 1.68664e-006 10.365 9.64741 7.00925 10.365 3.68498 11.3412 10.365 -3.68498 11.3412 10.365 -9.64741 7.00925 7.43574 -7.17901 -7.49087e-007 7.43574 -5.80794 -4.21972 7.43574 -2.21844 -6.82764 7.43574 2.21844 -6.82764 7.43574 5.80794 -4.21972 7.43574 7.17901 1.61229e-006 7.43574 5.80794 4.21972 7.43574 2.21843 6.82765 7.43574 -2.21844 6.82764 7.43574 -5.80794 4.21972 -5.78493 -27.8615 -3.57787e-019 5.78493 -27.8615 -3.57787e-019 -5.78493 -22.5404 -16.3766 5.78493 -22.5404 -16.3766 -5.78493 -8.60968 -26.4979 5.78493 -8.60968 -26.4979 -5.78493 8.60968 -26.4979 5.78493 8.60968 -26.4979 -5.78493 22.5404 -16.3766 5.78493 22.5404 -16.3766 -5.78493 27.8615 2.43573e-006 5.78493 27.8615 2.43573e-006 -5.78493 22.5404 16.3766 5.78493 22.5404 16.3766 -5.78493 8.60967 26.4979 5.78493 8.60967 26.4979 -5.78493 -8.60968 26.4979 5.78493 -8.60968 26.4979 -5.78493 -22.5404 16.3766 5.78493 -22.5404 16.3766</float_array>
                    <technique_common>
                        <accessor count="62" source="#ID255" stride="3">
                            <param name="X" type="float"/>
                            <param name="Y" type="float"/>
                            <param name="Z" type="float"/>
                        </accessor>
                    </technique_common>
                </source>
                <source id="ID256">
                    <float_array id="ID257" count="156">-1 0 -0 -0.903022 -0.429595 2.52344e-008 -0.903022 -0.347549 -0.252509 -0.330594 -0.943773 4.92846e-008 0.330594 -0.943773 4.92846e-008 0.330594 -0.763529 -0.554736 -0.330594 -0.763529 -0.554736 0.962572 0.271027 3.90016e-009 1 0 -0 0.962572 0.219266 0.159306 -0.903022 -0.132752 -0.408569 0.330593 -0.291642 -0.897582 -0.330593 -0.291642 -0.897582 0.962572 0.0837519 0.257762 -0.903022 0.132752 -0.408569 0.330593 0.291642 -0.897582 -0.330593 0.291642 -0.897582 0.962572 -0.083752 0.257762 -0.903022 0.347549 -0.252509 0.330594 0.763529 -0.554736 -0.330594 0.763529 -0.554736 0.962572 -0.219265 0.159306 -0.903022 0.429595 2.52344e-008 0.330594 0.943773 4.92846e-008 -0.330594 0.943773 4.92846e-008 0.962572 -0.271027 -7.80031e-009 -0.903022 0.347549 0.252509 0.330594 0.763528 0.554736 -0.330594 0.763528 0.554736 0.962572 -0.219265 -0.159306 -0.903022 0.132752 0.408569 0.330594 0.291642 0.897582 -0.330593 0.291642 0.897582 0.962572 -0.0837519 -0.257762 -0.903022 -0.132752 0.408569 0.330593 -0.291642 0.897582 -0.330593 -0.291642 0.897582 0.962572 0.083752 -0.257762 -0.903022 -0.347549 0.252509 0.330594 -0.763528 0.554736 -0.330594 -0.763529 0.554736 0.962572 0.219265 -0.159306 0.903022 -0.429595 2.52344e-008 0.903022 -0.347549 -0.252509 0.903022 -0.132752 -0.408569 0.903022 0.132752 -0.408569 0.903022 0.347549 -0.252509 0.903022 0.429595 2.94402e-008 0.903022 0.347549 0.252509 0.903022 0.132752 0.408569 0.903022 -0.132752 0.408569 0.903022 -0.347549 0.252509</float_array>
                    <technique_common>
                        <accessor count="52" source="#ID257" stride="3">
                            <param name="X" type="float"/>
                            <param name="Y" type="float"/>
                            <param name="Z" type="float"/>
                        </accessor>
                    </technique_common>
                </source>
                <source id="ID258">
                    <float_array id="ID259" count="2">0 1</float_array>
                    <technique_common>
                        <accessor count="1" source="#ID259" stride="2">
                            <param name="S" type="float"/>
                            <param name="T" type="float"/>
                        </accessor>
                    </technique_common>
                </source>
                <vertices id="ID260">
                    <input semantic="POSITION" source="#ID254"/>
                </vertices>
                <polylist count="70" material="Material1">
                    <input offset="0" semantic="VERTEX" source="#ID260"/>
                    <input offset="1" semantic="NORMAL" source="#ID256"/>
                    <input offset="2" semantic="TEXCOORD" source="#ID258" set="0"/>
                    <vcount>3 4 3 3 4 3 3 4 3 3 4 3 3 4 3 3 4 3 3 4 3 3 4 3 3 4 3 3 4 3 4 4 4 4 4 4 4 4 4 4 4 4 4 4 4 4 4 4 4 4 4 4 4 4 4 4 4 4 4 4 4 4 4 4 4 4 4 4 4 4</vcount>
                    <p>4 2 0 2 1 0 0 0 0 44 6 0 45 5 0 43 4 0 42 3 0 33 9 0 1 8 0 32 7 0 6 10 0 4 2 0 0 0 0 46 12 0 47 11 0 45 5 0 44 6 0 34 13 0 1 8 0 33 9 0 8 14 0 6 10 0 0 0 0 48 16 0 49 15 0 47 11 0 46 12 0 35 17 0 1 8 0 34 13 0 10 18 0 8 14 0 0 0 0 50 20 0 51 19 0 49 15 0 48 16 0 36 21 0 1 8 0 35 17 0 12 22 0 10 18 0 0 0 0 52 24 0 53 23 0 51 19 0 50 20 0 37 25 0 1 8 0 36 21 0 14 26 0 12 22 0 0 0 0 54 28 0 55 27 0 53 23 0 52 24 0 38 29 0 1 8 0 37 25 0 16 30 0 14 26 0 0 0 0 56 32 0 57 31 0 55 27 0 54 28 0 39 33 0 1 8 0 38 29 0 18 34 0 16 30 0 0 0 0 58 36 0 59 35 0 57 31 0 56 32 0 40 37 0 1 8 0 39 33 0 20 38 0 18 34 0 0 0 0 60 40 0 61 39 0 59 35 0 58 36 0 41 41 0 1 8 0 40 37 0 2 1 0 20 38 0 0 0 0 42 3 0 43 4 0 61 39 0 60 40 0 32 7 0 1 8 0 41 41 0 5 43 0 23 9 0 22 7 0 3 42 0 7 44 0 24 13 0 23 9 0 5 43 0 9 45 0 25 17 0 24 13 0 7 44 0 11 46 0 26 21 0 25 17 0 9 45 0 13 47 0 27 25 0 26 21 0 11 46 0 15 48 0 28 29 0 27 25 0 13 47 0 17 49 0 29 33 0 28 29 0 15 48 0 19 50 0 30 37 0 29 33 0 17 49 0 21 51 0 31 41 0 30 37 0 19 50 0 3 42 0 22 7 0 31 41 0 21 51 0 23 9 0 33 9 0 32 7 0 22 7 0 24 13 0 34 13 0 33 9 0 23 9 0 25 17 0 35 17 0 34 13 0 24 13 0 26 21 0 36 21 0 35 17 0 25 17 0 27 25 0 37 25 0 36 21 0 26 21 0 28 29 0 38 29 0 37 25 0 27 25 0 29 33 0 39 33 0 38 29 0 28 29 0 30 37 0 40 37 0 39 33 0 29 33 0 31 41 0 41 41 0 40 37 0 30 37 0 22 7 0 32 7 0 41 41 0 31 41 0 4 2 0 44 6 0 42 3 0 2 1 0 3 42 0 43 4 0 45 5 0 5 43 0 6 10 0 46 12 0 44 6 0 4 2 0 5 43 0 45 5 0 47 11 0 7 44 0 8 14 0 48 16 0 46 12 0 6 10 0 7 44 0 47 11 0 49 15 0 9 45 0 10 18 0 50 20 0 48 16 0 8 14 0 9 45 0 49 15 0 51 19 0 11 46 0 12 22 0 52 24 0 50 20 0 10 18 0 11 46 0 51 19 0 53 23 0 13 47 0 14 26 0 54 28 0 52 24 0 12 22 0 13 47 0 53 23 0 55 27 0 15 48 0 16 30 0 56 32 0 54 28 0 14 26 0 15 48 0 55 27 0 57 31 0 17 49 0 18 34 0 58 36 0 56 32 0 16 30 0 17 49 0 57 31 0 59 35 0 19 50 0 20 38 0 60 40 0 58 36 0 18 34 0 19 50 0 59 35 0 61 39 0 21 51 0 2 1 0 42 3 0 60 40 0 20 38 0 21 51 0 61 39 0 43 4 0 3 42 0</p>
                </polylist>
            </mesh>
        </geometry>
        <geometry id="ID262">
            <mesh>
                <source id="ID263">
                    <float_array id="ID264" count="60">12.1029 -10.3996 31.2632 -8.4434 -10.3996 31.2632 12.1029 9.61974 31.2632 -8.44341 9.61973 31.2632 12.1029 25.8157 19.5373 -8.44341 25.8157 19.5373 12.1029 32.002 0.56446 -8.44341 32.002 0.564457 12.1029 25.8157 -18.4084 -8.4434 25.8157 -18.4084 12.1029 -10.3996 32.9054 -8.4434 -10.3996 32.9054 12.1029 10.1518 32.9054 -8.44341 10.1518 32.9054 12.1029 27.2114 20.5542 -8.44341 27.2114 20.5542 12.1029 33.7293 0.56446 -8.44341 33.7293 0.564457 12.1029 27.377 -18.9175 -8.4434 27.377 -18.9175</float_array>
                    <technique_common>
                        <accessor count="20" source="#ID264" stride="3">
                            <param name="X" type="float"/>
                            <param name="Y" type="float"/>
                            <param name="Z" type="float"/>
                        </accessor>
                    </technique_common>
                </source>
                <source id="ID265">
                    <float_array id="ID266" count="66">-5.5699e-007 -1.16311e-013 1 -5.96154e-007 0.308225 0.951314 -4.59103e-007 0.808223 0.588876 -2.40026e-007 1 -0 -1.60496e-007 0.950737 -0.309998 5.7064e-007 -0.308225 -0.951314 5.5699e-007 1.5478e-013 -1 4.31766e-007 -0.808223 -0.588876 2.37652e-007 -1 1.56733e-008 1.59432e-007 -0.950737 0.309998 1 2.35105e-007 5.42143e-007 1 3.81353e-007 4.37256e-007 -1 -3.63568e-007 -4.52828e-007 -1 -2.35105e-007 -5.43142e-007 3.71327e-007 -1 3.23461e-013 1 3.94809e-007 2.20829e-007 -1 -3.84046e-007 -2.3819e-007 1 1.45823e-007 1.4903e-007 -1 -1.56065e-007 -1.75074e-007 1 2.9629e-008 1.88773e-007 2.63031e-007 -0.309998 -0.950737 -1 -3.60685e-008 -2.36282e-007</float_array>
                    <technique_common>
                        <accessor count="22" source="#ID266" stride="3">
                            <param name="X" type="float"/>
                            <param name="Y" type="float"/>
                            <param name="Z" type="float"/>
                        </accessor>
                    </technique_common>
                </source>
                <source id="ID267">
                    <float_array id="ID268" count="2">0 1</float_array>
                    <technique_common>
                        <accessor count="1" source="#ID268" stride="2">
                            <param name="S" type="float"/>
                            <param name="T" type="float"/>
                        </accessor>
                    </technique_common>
                </source>
                <vertices id="ID269">
                    <input semantic="POSITION" source="#ID263"/>
                </vertices>
                <polylist count="18" material="Material1">
                    <input offset="0" semantic="VERTEX" source="#ID269"/>
                    <input offset="1" semantic="NORMAL" source="#ID265"/>
                    <input offset="2" semantic="TEXCOORD" source="#ID267" set="0"/>
                    <vcount>4 4 4 4 4 4 4 4 4 4 4 4 4 4 4 4 4 4</vcount>
                    <p>12 1 0 13 1 0 11 0 0 10 0 0 14 2 0 15 2 0 13 1 0 12 1 0 16 3 0 17 3 0 15 2 0 14 2 0 18 4 0 19 4 0 17 3 0 16 3 0 0 6 0 1 6 0 3 5 0 2 5 0 2 5 0 3 5 0 5 7 0 4 7 0 4 7 0 5 7 0 7 8 0 6 8 0 6 8 0 7 8 0 9 9 0 8 9 0 2 11 0 12 11 0 10 10 0 0 10 0 1 13 0 11 13 0 13 12 0 3 12 0 0 14 0 10 14 0 11 14 0 1 14 0 4 15 0 14 15 0 12 11 0 2 11 0 3 12 0 13 12 0 15 16 0 5 16 0 6 17 0 16 17 0 14 15 0 4 15 0 5 16 0 15 16 0 17 18 0 7 18 0 8 19 0 18 19 0 16 17 0 6 17 0 9 20 0 19 20 0 18 20 0 8 20 0 7 18 0 17 18 0 19 21 0 9 21 0</p>
                </polylist>
            </mesh>
        </geometry>
        <geometry id="ID271">
            <mesh>
                <source id="ID272">
                    <float_array id="ID273" count="126">-6.84414e-007 -12.8461 3.59161e-008 6.75964e-006 2.11852 -1.93678e-006 7.55076 -10.3927 3.59161e-008 6.10869 -10.3927 -4.43822 2.33331 -10.3927 -7.1812 -2.33331 -10.3927 -7.1812 -6.10869 -10.3927 -4.43822 -7.55076 -10.3927 6.96024e-007 -6.10869 -10.3927 4.43822 -2.33331 -10.3927 7.1812 2.33331 -10.3927 7.1812 6.10869 -10.3927 4.43822 12.2174 -3.96967 3.59161e-008 9.88407 -3.96967 -7.1812 3.77538 -3.96967 -11.6194 -3.77538 -3.96967 -11.6194 -9.88407 -3.96967 -7.1812 -12.2174 -3.96967 1.10399e-006 -9.88407 -3.96967 7.1812 -3.77538 -3.96967 11.6194 3.77538 -3.96967 11.6194 9.88407 -3.96967 7.1812 12.2174 3.96967 3.59161e-008 9.88407 3.96967 -7.1812 3.77538 3.96967 -11.6194 -3.77538 3.96967 -11.6194 -9.88407 3.96967 -7.1812 -12.2174 3.96967 1.10399e-006 -9.88407 3.96967 7.1812 -3.77538 3.96967 11.6194 3.77538 3.96967 11.6194 9.88407 3.96967 7.1812 8.85973 -0.1105 -1.45595e-007 7.16767 -0.1105 -5.20762 2.73781 -0.1105 -8.4261 -2.7378 -0.1105 -8.4261 -7.16767 -0.1105 -5.20762 -8.85973 -0.1105 6.28947e-007 -7.16767 -0.1105 5.20762 -2.73781 -0.1105 8.4261 2.73781 -0.1105 8.4261 7.16767 -0.1105 5.20762</float_array>
                    <technique_common>
                        <accessor count="42" source="#ID273" stride="3">
                            <param name="X" type="float"/>
                            <param name="Y" type="float"/>
                            <param name="Z" type="float"/>
                        </accessor>
                    </technique_common>
                </source>
                <source id="ID274">
                    <float_array id="ID275" count="123">0.584048 -0.811719 4.99067e-008 0.950211 -0.311608 1.06185e-007 0.768737 -0.311607 -0.55852 0.472504 -0.811719 -0.343295 0.293631 -0.311607 -0.903704 0.180481 -0.811719 -0.555462 -0.293631 -0.311607 -0.903704 -0.180481 -0.811719 -0.555462 -0.768737 -0.311607 -0.55852 -0.472504 -0.811719 -0.343295 -0.950211 -0.311607 4.08402e-008 -0.584048 -0.811719 2.1959e-008 -0.768737 -0.311607 0.55852 -0.472504 -0.811719 0.343295 -0.293631 -0.311607 0.903704 -0.180481 -0.811719 0.555462 0.293631 -0.311607 0.903704 0.180481 -0.811719 0.555462 0.768737 -0.311607 0.55852 0.472504 -0.811719 0.343295 1 0 1.25344e-007 0.809017 0 -0.587785 0.309017 0 -0.951057 -0.309017 0 -0.951057 -0.809017 0 -0.587785 -1 0 3.1336e-008 -0.809017 0 0.587785 -0.309017 0 0.951057 0.309017 0 0.951056 0.809017 0 0.587785 -0.624692 0.635427 0.453865 -0.772161 0.635427 -7.68149e-008 -0.238611 0.635427 0.734369 0.238611 0.635427 0.734369 0.624691 0.635427 0.453865 0.772161 0.635427 -4.6089e-008 0.624691 0.635427 -0.453865 0.238611 0.635427 -0.734369 -0.238611 0.635427 -0.734369 -0.624691 0.635426 -0.453865 1.41721e-008 -1 1.88961e-008</float_array>
                    <technique_common>
                        <accessor count="41" source="#ID275" stride="3">
                            <param name="X" type="float"/>
                            <param name="Y" type="float"/>
                            <param name="Z" type="float"/>
                        </accessor>
                    </technique_common>
                </source>
                <source id="ID276">
                    <float_array id="ID277" count="2">0 1</float_array>
                    <technique_common>
                        <accessor count="1" source="#ID277" stride="2">
                            <param name="S" type="float"/>
                            <param name="T" type="float"/>
                        </accessor>
                    </technique_common>
                </source>
                <vertices id="ID278">
                    <input semantic="POSITION" source="#ID272"/>
                </vertices>
                <polylist count="40" material="Material1">
                    <input offset="0" semantic="VERTEX" source="#ID278"/>
                    <input offset="1" semantic="NORMAL" source="#ID274"/>
                    <input offset="2" semantic="TEXCOORD" source="#ID276" set="0"/>
                    <vcount>4 4 4 4 4 4 4 4 4 4 4 4 4 4 4 4 4 4 4 4 4 4 4 4 4 4 4 4 4 4 3 3 3 3 3 3 3 3 3 3</vcount>
                    <p>3 3 0 13 2 0 12 1 0 2 0 0 4 5 0 14 4 0 13 2 0 3 3 0 5 7 0 15 6 0 14 4 0 4 5 0 6 9 0 16 8 0 15 6 0 5 7 0 7 11 0 17 10 0 16 8 0 6 9 0 8 13 0 18 12 0 17 10 0 7 11 0 9 15 0 19 14 0 18 12 0 8 13 0 10 17 0 20 16 0 19 14 0 9 15 0 11 19 0 21 18 0 20 16 0 10 17 0 2 0 0 12 1 0 21 18 0 11 19 0 13 2 0 23 21 0 22 20 0 12 1 0 14 4 0 24 22 0 23 21 0 13 2 0 15 6 0 25 23 0 24 22 0 14 4 0 16 8 0 26 24 0 25 23 0 15 6 0 17 10 0 27 25 0 26 24 0 16 8 0 18 12 0 28 26 0 27 25 0 17 10 0 19 14 0 29 27 0 28 26 0 18 12 0 20 16 0 30 28 0 29 27 0 19 14 0 21 18 0 31 29 0 30 28 0 20 16 0 12 1 0 22 20 0 31 29 0 21 18 0 32 31 0 22 31 0 23 30 0 33 30 0 33 30 0 23 30 0 24 32 0 34 32 0 34 32 0 24 32 0 25 33 0 35 33 0 35 33 0 25 33 0 26 34 0 36 34 0 36 34 0 26 34 0 27 35 0 37 35 0 37 35 0 27 35 0 28 36 0 38 36 0 38 36 0 28 36 0 29 37 0 39 37 0 39 37 0 29 37 0 30 38 0 40 38 0 40 38 0 30 38 0 31 39 0 41 39 0 41 39 0 31 39 0 22 31 0 32 31 0 3 3 0 2 0 0 0 40 0 8 13 0 7 11 0 0 40 0 4 5 0 3 3 0 0 40 0 9 15 0 8 13 0 0 40 0 5 7 0 4 5 0 0 40 0 10 17 0 9 15 0 0 40 0 6 9 0 5 7 0 0 40 0 11 19 0 10 17 0 0 40 0 7 11 0 6 9 0 0 40 0 2 0 0 11 19 0 0 40 0</p>
                </polylist>
            </mesh>
        </geometry>
        <geometry id="ID280">
            <mesh>
                <source id="ID281">
                    <float_array id="ID282" count="33">6.75964e-006 2.11852 -1.93678e-006 8.85973 -0.1105 -1.45595e-007 7.16767 -0.1105 -5.20762 2.73781 -0.1105 -8.4261 -2.7378 -0.1105 -8.4261 -7.16767 -0.1105 -5.20762 -8.85973 -0.1105 6.28947e-007 -7.16767 -0.1105 5.20762 -2.73781 -0.1105 8.4261 2.73781 -0.1105 8.4261 7.16767 -0.1105 5.20762</float_array>
                    <technique_common>
                        <accessor count="11" source="#ID282" stride="3">
                            <param name="X" type="float"/>
                            <param name="Y" type="float"/>
                            <param name="Z" type="float"/>
                        </accessor>
                    </technique_common>
                </source>
                <source id="ID283">
                    <float_array id="ID284" count="33">0.243986 0.969779 -1.49479e-008 5.39481e-008 1 -7.70687e-010 0.197389 0.969779 -0.143412 0.0753959 0.969779 -0.232045 -0.075396 0.969779 -0.232045 -0.197389 0.969779 -0.143412 -0.243986 0.969779 -0 -0.197389 0.969779 0.143412 -0.0753959 0.969779 0.232045 0.0753959 0.969779 0.232045 0.197389 0.969779 0.143412</float_array>
                    <technique_common>
                        <accessor count="11" source="#ID284" stride="3">
                            <param name="X" type="float"/>
                            <param name="Y" type="float"/>
                            <param name="Z" type="float"/>
                        </accessor>
                    </technique_common>
                </source>
                <source id="ID285">
                    <float_array id="ID286" count="2">0 1</float_array>
                    <technique_common>
                        <accessor count="1" source="#ID286" stride="2">
                            <param name="S" type="float"/>
                            <param name="T" type="float"/>
                        </accessor>
                    </technique_common>
                </source>
                <vertices id="ID287">
                    <input semantic="POSITION" source="#ID281"/>
                </vertices>
                <polylist count="10" material="Material1">
                    <input offset="0" semantic="VERTEX" source="#ID287"/>
                    <input offset="1" semantic="NORMAL" source="#ID283"/>
                    <input offset="2" semantic="TEXCOORD" source="#ID285" set="0"/>
                    <vcount>3 3 3 3 3 3 3 3 3 3</vcount>
                    <p>2 2 0 0 1 0 1 0 0 3 3 0 0 1 0 2 2 0 4 4 0 0 1 0 3 3 0 5 5 0 0 1 0 4 4 0 6 6 0 0 1 0 5 5 0 7 7 0 0 1 0 6 6 0 8 8 0 0 1 0 7 7 0 9 9 0 0 1 0 8 8 0 10 10 0 0 1 0 9 9 0 1 0 0 0 1 0 10 10 0</p>
                </polylist>
            </mesh>
        </geometry>
        <geometry id="ID289">
            <mesh>
                <source id="ID290">
                    <float_array id="ID291" count="63">6.75964e-006 8.67473 -1.65019e-006 12.2174 3.96967 3.59161e-008 9.88407 3.96967 -7.1812 3.77538 3.96967 -11.6194 -3.77538 3.96967 -11.6194 -9.88407 3.96967 -7.1812 -12.2174 3.96967 1.10399e-006 -9.88407 3.96967 7.1812 -3.77538 3.96967 11.6194 3.77538 3.96967 11.6194 9.88407 3.96967 7.1812 8.85973 6.44571 1.40986e-007 7.16767 6.44571 -5.20762 2.73781 6.44571 -8.4261 -2.7378 6.44571 -8.4261 -7.16767 6.44571 -5.20762 -8.85973 6.44571 9.15528e-007 -7.16767 6.44571 5.20762 -2.73781 6.44571 8.4261 2.73781 6.44571 8.4261 7.16767 6.44571 5.20762</float_array>
                    <technique_common>
                        <accessor count="21" source="#ID291" stride="3">
                            <param name="X" type="float"/>
                            <param name="Y" type="float"/>
                            <param name="Z" type="float"/>
                        </accessor>
                    </technique_common>
                </source>
                <source id="ID292">
                    <float_array id="ID293" count="63">0.425445 0.904984 2.30254e-008 5.08653e-008 1 -7.70687e-010 0.344192 0.904985 -0.25007 0.13147 0.904985 -0.404622 -0.13147 0.904985 -0.404621 -0.344191 0.904985 -0.25007 -0.425444 0.904985 1.72691e-008 -0.344191 0.904985 0.25007 -0.131469 0.904985 0.404622 0.13147 0.904985 0.404622 0.344192 0.904985 0.25007 0.480158 0.804828 -0.348855 0.593508 0.804828 6.07028e-008 0.183404 0.804828 -0.564459 -0.183404 0.804829 -0.564459 -0.480157 0.804829 -0.348855 -0.593507 0.804829 3.03514e-008 -0.480157 0.804829 0.348855 -0.183404 0.804829 0.564459 0.183404 0.804828 0.564459 0.480158 0.804828 0.348855</float_array>
                    <technique_common>
                        <accessor count="21" source="#ID293" stride="3">
                            <param name="X" type="float"/>
                            <param name="Y" type="float"/>
                            <param name="Z" type="float"/>
                        </accessor>
                    </technique_common>
                </source>
                <source id="ID294">
                    <float_array id="ID295" count="2">0 1</float_array>
                    <technique_common>
                        <accessor count="1" source="#ID295" stride="2">
                            <param name="S" type="float"/>
                            <param name="T" type="float"/>
                        </accessor>
                    </technique_common>
                </source>
                <vertices id="ID296">
                    <input semantic="POSITION" source="#ID290"/>
                </vertices>
                <polylist count="20" material="Material1">
                    <input offset="0" semantic="VERTEX" source="#ID296"/>
                    <input offset="1" semantic="NORMAL" source="#ID292"/>
                    <input offset="2" semantic="TEXCOORD" source="#ID294" set="0"/>
                    <vcount>3 3 3 3 3 3 3 3 3 3 4 4 4 4 4 4 4 4 4 4</vcount>
                    <p>12 2 0 0 1 0 11 0 0 13 3 0 0 1 0 12 2 0 14 4 0 0 1 0 13 3 0 15 5 0 0 1 0 14 4 0 16 6 0 0 1 0 15 5 0 17 7 0 0 1 0 16 6 0 18 8 0 0 1 0 17 7 0 19 9 0 0 1 0 18 8 0 20 10 0 0 1 0 19 9 0 11 0 0 0 1 0 20 10 0 11 0 0 1 12 0 2 11 0 12 2 0 12 2 0 2 11 0 3 13 0 13 3 0 13 3 0 3 13 0 4 14 0 14 4 0 14 4 0 4 14 0 5 15 0 15 5 0 15 5 0 5 15 0 6 16 0 16 6 0 16 6 0 6 16 0 7 17 0 17 7 0 17 7 0 7 17 0 8 18 0 18 8 0 18 8 0 8 18 0 9 19 0 19 9 0 19 9 0 9 19 0 10 20 0 20 10 0 20 10 0 10 20 0 1 12 0 11 0 0</p>
                </polylist>
            </mesh>
        </geometry>
        <geometry id="ID298">
            <mesh>
                <source id="ID299">
                    <float_array id="ID300" count="60">12.1029 25.8157 19.5373 -8.44341 25.8157 19.5373 12.1029 32.002 0.56446 -8.44341 32.002 0.564457 12.1029 25.8157 -18.4084 -8.4434 25.8157 -18.4084 12.1029 9.61973 -30.1342 -8.4434 9.61972 -30.1342 12.1029 -10.3996 -30.1342 -8.44339 -10.3996 -30.1342 12.1029 27.377 20.0464 -8.44341 27.377 20.0464 12.1029 33.7293 0.56446 -8.44341 33.7293 0.564457 12.1029 27.2114 -19.4253 -8.4434 27.2114 -19.4253 12.1029 10.1518 -31.7764 -8.4434 10.1518 -31.7764 12.1029 -10.3996 -31.7764 -8.44339 -10.3996 -31.7764</float_array>
                    <technique_common>
                        <accessor count="20" source="#ID300" stride="3">
                            <param name="X" type="float"/>
                            <param name="Y" type="float"/>
                            <param name="Z" type="float"/>
                        </accessor>
                    </technique_common>
                </source>
                <source id="ID301">
                    <float_array id="ID302" count="66">-3.0773e-007 0.950737 0.309998 -2.42396e-007 1 -3.13465e-008 -3.75901e-008 0.808223 -0.588876 2.8689e-007 0.308224 -0.951314 4.64158e-007 1.55081e-013 -1 2.35524e-007 -1 1.56733e-008 2.8841e-007 -0.950737 -0.309998 3.24714e-008 -0.808223 0.588876 -2.95293e-007 -0.308224 0.951314 -4.64158e-007 -1.48147e-013 1 1 0 -0 1 2.95931e-008 8.83242e-008 -1 -3.51096e-008 -1.11019e-007 -1 0 -0 -2.22594e-007 -0.309999 0.950737 1 1.99997e-007 2.09684e-007 -1 -1.66037e-007 -2.07632e-007 1 3.46579e-007 2.96612e-007 -1 -2.83592e-007 -2.64947e-007 1 3.5235e-007 3.50505e-007 4.64158e-007 -1 1.34775e-013 -1 -3.05329e-007 -3.36668e-007</float_array>
                    <technique_common>
                        <accessor count="22" source="#ID302" stride="3">
                            <param name="X" type="float"/>
                            <param name="Y" type="float"/>
                            <param name="Z" type="float"/>
                        </accessor>
                    </technique_common>
                </source>
                <source id="ID303">
                    <float_array id="ID304" count="2">0 1</float_array>
                    <technique_common>
                        <accessor count="1" source="#ID304" stride="2">
                            <param name="S" type="float"/>
                            <param name="T" type="float"/>
                        </accessor>
                    </technique_common>
                </source>
                <vertices id="ID305">
                    <input semantic="POSITION" source="#ID299"/>
                </vertices>
                <polylist count="18" material="Material1">
                    <input offset="0" semantic="VERTEX" source="#ID305"/>
                    <input offset="1" semantic="NORMAL" source="#ID301"/>
                    <input offset="2" semantic="TEXCOORD" source="#ID303" set="0"/>
                    <vcount>4 4 4 4 4 4 4 4 4 4 4 4 4 4 4 4 4 4</vcount>
                    <p>12 1 0 13 1 0 11 0 0 10 0 0 14 2 0 15 2 0 13 1 0 12 1 0 16 3 0 17 3 0 15 2 0 14 2 0 18 4 0 19 4 0 17 3 0 16 3 0 0 6 0 1 6 0 3 5 0 2 5 0 2 5 0 3 5 0 5 7 0 4 7 0 4 7 0 5 7 0 7 8 0 6 8 0 6 8 0 7 8 0 9 9 0 8 9 0 2 11 0 12 11 0 10 10 0 0 10 0 1 13 0 11 13 0 13 12 0 3 12 0 0 14 0 10 14 0 11 14 0 1 14 0 4 15 0 14 15 0 12 11 0 2 11 0 3 12 0 13 12 0 15 16 0 5 16 0 6 17 0 16 17 0 14 15 0 4 15 0 5 16 0 15 16 0 17 18 0 7 18 0 8 19 0 18 19 0 16 17 0 6 17 0 9 20 0 19 20 0 18 20 0 8 20 0 7 18 0 17 18 0 19 21 0 9 21 0</p>
                </polylist>
            </mesh>
        </geometry>
        <geometry id="ID307">
            <mesh>
                <source id="ID308">
                    <float_array id="ID309" count="126">-6.84414e-007 -12.8461 9.33108e-007 6.75964e-006 2.11852 -1.03958e-006 7.55076 -10.3927 9.33108e-007 6.10869 -10.3927 -4.43822 2.33331 -10.3927 -7.1812 -2.33331 -10.3927 -7.1812 -6.10869 -10.3927 -4.43822 -7.55076 -10.3927 1.59322e-006 -6.10869 -10.3927 4.43823 -2.33331 -10.3927 7.1812 2.33331 -10.3927 7.1812 6.10869 -10.3927 4.43822 12.2174 -3.96967 9.33108e-007 9.88407 -3.96967 -7.1812 3.77538 -3.96967 -11.6194 -3.77538 -3.96967 -11.6194 -9.88407 -3.96967 -7.18119 -12.2174 -3.96967 2.00119e-006 -9.88407 -3.96967 7.1812 -3.77538 -3.96967 11.6194 3.77538 -3.96967 11.6194 9.88407 -3.96967 7.1812 12.2174 3.96967 9.33108e-007 9.88407 3.96967 -7.1812 3.77538 3.96967 -11.6194 -3.77538 3.96967 -11.6194 -9.88407 3.96967 -7.18119 -12.2174 3.96967 2.00119e-006 -9.88407 3.96967 7.1812 -3.77538 3.96967 11.6194 3.77538 3.96967 11.6194 9.88407 3.96967 7.1812 8.85973 -0.1105 7.51597e-007 7.16767 -0.1105 -5.20762 2.73781 -0.1105 -8.4261 -2.7378 -0.1105 -8.4261 -7.16767 -0.1105 -5.20762 -8.85973 -0.1105 1.52614e-006 -7.16767 -0.1105 5.20762 -2.73781 -0.1105 8.4261 2.73781 -0.1105 8.4261 7.16767 -0.1105 5.20762</float_array>
                    <technique_common>
                        <accessor count="42" source="#ID309" stride="3">
                            <param name="X" type="float"/>
                            <param name="Y" type="float"/>
                            <param name="Z" type="float"/>
                        </accessor>
                    </technique_common>
                </source>
                <source id="ID310">
                    <float_array id="ID311" count="123">0.584048 -0.811719 4.99067e-008 0.950211 -0.311608 1.06185e-007 0.768737 -0.311607 -0.55852 0.472504 -0.811719 -0.343295 0.293631 -0.311607 -0.903704 0.180481 -0.811719 -0.555462 -0.293631 -0.311607 -0.903704 -0.180481 -0.811719 -0.555462 -0.768737 -0.311607 -0.55852 -0.472504 -0.811719 -0.343295 -0.950211 -0.311607 4.08402e-008 -0.584048 -0.811719 2.1959e-008 -0.768737 -0.311607 0.55852 -0.472504 -0.811719 0.343295 -0.293631 -0.311607 0.903704 -0.180481 -0.811719 0.555462 0.293631 -0.311607 0.903704 0.180481 -0.811719 0.555462 0.768737 -0.311607 0.55852 0.472504 -0.811719 0.343295 1 0 1.25344e-007 0.809017 0 -0.587785 0.309017 0 -0.951057 -0.309017 0 -0.951057 -0.809017 0 -0.587785 -1 0 3.1336e-008 -0.809017 0 0.587785 -0.309017 0 0.951057 0.309017 0 0.951056 0.809017 0 0.587785 -0.624692 0.635427 0.453865 -0.772161 0.635427 -7.68149e-008 -0.238611 0.635427 0.734369 0.238611 0.635427 0.734369 0.624691 0.635427 0.453865 0.772161 0.635427 -4.6089e-008 0.624691 0.635427 -0.453865 0.238611 0.635427 -0.734369 -0.238611 0.635427 -0.734369 -0.624691 0.635426 -0.453865 1.41721e-008 -1 1.88961e-008</float_array>
                    <technique_common>
                        <accessor count="41" source="#ID311" stride="3">
                            <param name="X" type="float"/>
                            <param name="Y" type="float"/>
                            <param name="Z" type="float"/>
                        </accessor>
                    </technique_common>
                </source>
                <source id="ID312">
                    <float_array id="ID313" count="2">0 1</float_array>
                    <technique_common>
                        <accessor count="1" source="#ID313" stride="2">
                            <param name="S" type="float"/>
                            <param name="T" type="float"/>
                        </accessor>
                    </technique_common>
                </source>
                <vertices id="ID314">
                    <input semantic="POSITION" source="#ID308"/>
                </vertices>
                <polylist count="40" material="Material1">
                    <input offset="0" semantic="VERTEX" source="#ID314"/>
                    <input offset="1" semantic="NORMAL" source="#ID310"/>
                    <input offset="2" semantic="TEXCOORD" source="#ID312" set="0"/>
                    <vcount>4 4 4 4 4 4 4 4 4 4 4 4 4 4 4 4 4 4 4 4 4 4 4 4 4 4 4 4 4 4 3 3 3 3 3 3 3 3 3 3</vcount>
                    <p>3 3 0 13 2 0 12 1 0 2 0 0 4 5 0 14 4 0 13 2 0 3 3 0 5 7 0 15 6 0 14 4 0 4 5 0 6 9 0 16 8 0 15 6 0 5 7 0 7 11 0 17 10 0 16 8 0 6 9 0 8 13 0 18 12 0 17 10 0 7 11 0 9 15 0 19 14 0 18 12 0 8 13 0 10 17 0 20 16 0 19 14 0 9 15 0 11 19 0 21 18 0 20 16 0 10 17 0 2 0 0 12 1 0 21 18 0 11 19 0 13 2 0 23 21 0 22 20 0 12 1 0 14 4 0 24 22 0 23 21 0 13 2 0 15 6 0 25 23 0 24 22 0 14 4 0 16 8 0 26 24 0 25 23 0 15 6 0 17 10 0 27 25 0 26 24 0 16 8 0 18 12 0 28 26 0 27 25 0 17 10 0 19 14 0 29 27 0 28 26 0 18 12 0 20 16 0 30 28 0 29 27 0 19 14 0 21 18 0 31 29 0 30 28 0 20 16 0 12 1 0 22 20 0 31 29 0 21 18 0 32 31 0 22 31 0 23 30 0 33 30 0 33 30 0 23 30 0 24 32 0 34 32 0 34 32 0 24 32 0 25 33 0 35 33 0 35 33 0 25 33 0 26 34 0 36 34 0 36 34 0 26 34 0 27 35 0 37 35 0 37 35 0 27 35 0 28 36 0 38 36 0 38 36 0 28 36 0 29 37 0 39 37 0 39 37 0 29 37 0 30 38 0 40 38 0 40 38 0 30 38 0 31 39 0 41 39 0 41 39 0 31 39 0 22 31 0 32 31 0 3 3 0 2 0 0 0 40 0 8 13 0 7 11 0 0 40 0 4 5 0 3 3 0 0 40 0 9 15 0 8 13 0 0 40 0 5 7 0 4 5 0 0 40 0 10 17 0 9 15 0 0 40 0 6 9 0 5 7 0 0 40 0 11 19 0 10 17 0 0 40 0 7 11 0 6 9 0 0 40 0 2 0 0 11 19 0 0 40 0</p>
                </polylist>
            </mesh>
        </geometry>
        <geometry id="ID316">
            <mesh>
                <source id="ID317">
                    <float_array id="ID318" count="33">6.75964e-006 2.11852 -1.03958e-006 8.85973 -0.1105 7.51597e-007 7.16767 -0.1105 -5.20762 2.73781 -0.1105 -8.4261 -2.7378 -0.1105 -8.4261 -7.16767 -0.1105 -5.20762 -8.85973 -0.1105 1.52614e-006 -7.16767 -0.1105 5.20762 -2.73781 -0.1105 8.4261 2.73781 -0.1105 8.4261 7.16767 -0.1105 5.20762</float_array>
                    <technique_common>
                        <accessor count="11" source="#ID318" stride="3">
                            <param name="X" type="float"/>
                            <param name="Y" type="float"/>
                            <param name="Z" type="float"/>
                        </accessor>
                    </technique_common>
                </source>
                <source id="ID319">
                    <float_array id="ID320" count="33">0.243986 0.969779 -1.49479e-008 5.39481e-008 1 -7.70687e-010 0.197389 0.969779 -0.143412 0.0753959 0.969779 -0.232045 -0.075396 0.969779 -0.232045 -0.197389 0.969779 -0.143412 -0.243986 0.969779 -0 -0.197389 0.969779 0.143412 -0.0753959 0.969779 0.232045 0.0753959 0.969779 0.232045 0.197389 0.969779 0.143412</float_array>
                    <technique_common>
                        <accessor count="11" source="#ID320" stride="3">
                            <param name="X" type="float"/>
                            <param name="Y" type="float"/>
                            <param name="Z" type="float"/>
                        </accessor>
                    </technique_common>
                </source>
                <source id="ID321">
                    <float_array id="ID322" count="2">0 1</float_array>
                    <technique_common>
                        <accessor count="1" source="#ID322" stride="2">
                            <param name="S" type="float"/>
                            <param name="T" type="float"/>
                        </accessor>
                    </technique_common>
                </source>
                <vertices id="ID323">
                    <input semantic="POSITION" source="#ID317"/>
                </vertices>
                <polylist count="10" material="Material1">
                    <input offset="0" semantic="VERTEX" source="#ID323"/>
                    <input offset="1" semantic="NORMAL" source="#ID319"/>
                    <input offset="2" semantic="TEXCOORD" source="#ID321" set="0"/>
                    <vcount>3 3 3 3 3 3 3 3 3 3</vcount>
                    <p>2 2 0 0 1 0 1 0 0 3 3 0 0 1 0 2 2 0 4 4 0 0 1 0 3 3 0 5 5 0 0 1 0 4 4 0 6 6 0 0 1 0 5 5 0 7 7 0 0 1 0 6 6 0 8 8 0 0 1 0 7 7 0 9 9 0 0 1 0 8 8 0 10 10 0 0 1 0 9 9 0 1 0 0 0 1 0 10 10 0</p>
                </polylist>
            </mesh>
        </geometry>
        <geometry id="ID325">
            <mesh>
                <source id="ID326">
                    <float_array id="ID327" count="63">6.75964e-006 8.67473 -7.53002e-007 12.2174 3.96967 9.33108e-007 9.88407 3.96967 -7.1812 3.77538 3.96967 -11.6194 -3.77538 3.96967 -11.6194 -9.88407 3.96967 -7.18119 -12.2174 3.96967 2.00119e-006 -9.88407 3.96967 7.1812 -3.77538 3.96967 11.6194 3.77538 3.96967 11.6194 9.88407 3.96967 7.1812 8.85973 6.44571 1.03818e-006 7.16767 6.44571 -5.20762 2.73781 6.44571 -8.4261 -2.7378 6.44571 -8.4261 -7.16767 6.44571 -5.20762 -8.85973 6.44571 1.81272e-006 -7.16767 6.44571 5.20762 -2.73781 6.44571 8.4261 2.73781 6.44571 8.4261 7.16767 6.44571 5.20762</float_array>
                    <technique_common>
                        <accessor count="21" source="#ID327" stride="3">
                            <param name="X" type="float"/>
                            <param name="Y" type="float"/>
                            <param name="Z" type="float"/>
                        </accessor>
                    </technique_common>
                </source>
                <source id="ID328">
                    <float_array id="ID329" count="63">0.425445 0.904984 2.30254e-008 5.08653e-008 1 -7.70687e-010 0.344192 0.904985 -0.25007 0.13147 0.904985 -0.404622 -0.13147 0.904985 -0.404621 -0.344191 0.904985 -0.25007 -0.425444 0.904985 1.72691e-008 -0.344191 0.904985 0.25007 -0.131469 0.904985 0.404622 0.13147 0.904985 0.404622 0.344192 0.904985 0.25007 0.480158 0.804828 -0.348855 0.593508 0.804828 6.07028e-008 0.183404 0.804828 -0.564459 -0.183404 0.804829 -0.564459 -0.480157 0.804829 -0.348855 -0.593507 0.804829 3.03514e-008 -0.480157 0.804829 0.348855 -0.183404 0.804829 0.564459 0.183404 0.804828 0.564459 0.480158 0.804828 0.348855</float_array>
                    <technique_common>
                        <accessor count="21" source="#ID329" stride="3">
                            <param name="X" type="float"/>
                            <param name="Y" type="float"/>
                            <param name="Z" type="float"/>
                        </accessor>
                    </technique_common>
                </source>
                <source id="ID330">
                    <float_array id="ID331" count="2">0 1</float_array>
                    <technique_common>
                        <accessor count="1" source="#ID331" stride="2">
                            <param name="S" type="float"/>
                            <param name="T" type="float"/>
                        </accessor>
                    </technique_common>
                </source>
                <vertices id="ID332">
                    <input semantic="POSITION" source="#ID326"/>
                </vertices>
                <polylist count="20" material="Material1">
                    <input offset="0" semantic="VERTEX" source="#ID332"/>
                    <input offset="1" semantic="NORMAL" source="#ID328"/>
                    <input offset="2" semantic="TEXCOORD" source="#ID330" set="0"/>
                    <vcount>3 3 3 3 3 3 3 3 3 3 4 4 4 4 4 4 4 4 4 4</vcount>
                    <p>12 2 0 0 1 0 11 0 0 13 3 0 0 1 0 12 2 0 14 4 0 0 1 0 13 3 0 15 5 0 0 1 0 14 4 0 16 6 0 0 1 0 15 5 0 17 7 0 0 1 0 16 6 0 18 8 0 0 1 0 17 7 0 19 9 0 0 1 0 18 8 0 20 10 0 0 1 0 19 9 0 11 0 0 0 1 0 20 10 0 11 0 0 1 12 0 2 11 0 12 2 0 12 2 0 2 11 0 3 13 0 13 3 0 13 3 0 3 13 0 4 14 0 14 4 0 14 4 0 4 14 0 5 15 0 15 5 0 15 5 0 5 15 0 6 16 0 16 6 0 16 6 0 6 16 0 7 17 0 17 7 0 17 7 0 7 17 0 8 18 0 18 8 0 18 8 0 8 18 0 9 19 0 19 9 0 19 9 0 9 19 0 10 20 0 20 10 0 20 10 0 10 20 0 1 12 0 11 0 0</p>
                </polylist>
            </mesh>
        </geometry>
        <geometry id="ID335">
            <mesh>
                <source id="ID336">
                    <float_array id="ID337" count="36">0 21.2628 -70.3222 0 149.401 -43.0891 -35.1078 149.401 -43.0891 -60.1485 21.2628 -70.3222 35.1078 149.401 -43.0891 60.1485 21.2628 -70.3222 0 21.2628 -70.3222 0 149.401 -43.0891 -35.1078 149.401 -43.0891 -60.1485 21.2628 -70.3222 35.1078 149.401 -43.0891 60.1485 21.2628 -70.3222</float_array>
                    <technique_common>
                        <accessor count="12" source="#ID337" stride="3">
                            <param name="X" type="float"/>
                            <param name="Y" type="float"/>
                            <param name="Z" type="float"/>
                        </accessor>
                    </technique_common>
                </source>
                <source id="ID338">
                    <float_array id="ID339" count="9">0 -0.207886 0.978153 0 -0.207886 0.978153 0 0.207886 -0.978153</float_array>
                    <technique_common>
                        <accessor count="3" source="#ID339" stride="3">
                            <param name="X" type="float"/>
                            <param name="Y" type="float"/>
                            <param name="Z" type="float"/>
                        </accessor>
                    </technique_common>
                </source>
                <source id="ID340">
                    <float_array id="ID341" count="2">0 1</float_array>
                    <technique_common>
                        <accessor count="1" source="#ID341" stride="2">
                            <param name="S" type="float"/>
                            <param name="T" type="float"/>
                        </accessor>
                    </technique_common>
                </source>
                <vertices id="ID342">
                    <input semantic="POSITION" source="#ID336"/>
                </vertices>
                <polylist count="4" material="Material1">
                    <input offset="0" semantic="VERTEX" source="#ID342"/>
                    <input offset="1" semantic="NORMAL" source="#ID338"/>
                    <input offset="2" semantic="TEXCOORD" source="#ID340" set="0"/>
                    <vcount>4 4 4 4</vcount>
                    <p>1 0 0 2 1 0 3 1 0 0 0 0 1 0 0 0 0 0 5 0 0 4 0 0 6 2 0 9 2 0 8 2 0 7 2 0 10 2 0 11 2 0 6 2 0 7 2 0</p>
                </polylist>
            </mesh>
        </geometry>
        <geometry id="ID344">
            <mesh>
                <source id="ID345">
                    <float_array id="ID346" count="96">-10.3196 -3.01608 2.09205 -10.3196 3.01608 7.21397 -7.95982 -3.99932 2.09205 -7.95981 3.99932 7.21397 7.95983 -3.99932 2.09205 7.95984 3.99932 7.21397 10.3196 -3.01608 2.09205 10.3196 3.01608 7.21397 10.3196 -3.01608 -0.214028 10.3196 3.01608 -0.214028 7.95984 -3.99932 -0.214027 7.95984 3.99932 -0.214027 -7.95981 -3.99932 -0.214027 -7.95981 3.99932 -0.214027 -10.3196 -3.01608 -0.214026 -10.3196 3.01608 -0.214026 9.16305 -2.24506 -0.214027 9.16305 2.24506 -0.214027 7.72854 -2.84278 -0.214027 7.72854 2.84278 -0.214027 -7.7285 -2.84278 -0.214027 -7.7285 2.84278 -0.214027 -9.16302 -2.24506 -0.214027 -9.16302 2.24506 -0.214027 9.02961 -2.21472 1.53079 9.02961 2.09747 1.53079 7.70185 -2.76796 1.53079 7.70185 2.65071 1.53079 -7.70181 -2.76796 1.53079 -7.70181 2.65071 1.53079 -9.02957 -2.21472 1.53079 -9.02957 2.09747 1.53079</float_array>
                    <technique_common>
                        <accessor count="32" source="#ID346" stride="3">
                            <param name="X" type="float"/>
                            <param name="Y" type="float"/>
                            <param name="Z" type="float"/>
                        </accessor>
                    </technique_common>
                </source>
                <source id="ID347">
                    <float_array id="ID348" count="120">-0.832053 -0.554697 -2.40288e-006 -0.633491 -0.683683 0.362308 -0.116119 -0.874471 0.470975 -0.196119 -0.98058 -8.79132e-007 0.104101 -0.875643 0.471607 0.196119 -0.98058 8.79477e-007 0.621816 -0.691999 0.366718 0.832052 -0.554698 2.40328e-006 0.832052 0.554698 1.36681e-006 0.134181 0.670934 -0.729276 0.195909 0.979589 -0.0450046 0.82948 0.553736 -0.07307 0.512657 0.342235 -0.787437 0.827535 -0.55056 -0.109862 0.503339 -0.334873 -0.796561 0.19495 -0.974595 -0.110266 0.129554 -0.647666 -0.750829 -0.832051 0.554699 -1.36681e-006 -0.850694 0.199016 0.486532 -0.196119 0.98058 -0 0.196119 0.98058 -0 -1.46213e-007 4.29095e-008 -1 -0.512658 0.342235 -0.787437 -0.134181 0.670934 -0.729276 -6.59389e-008 4.28423e-008 -1 -5.81669e-008 -2.43241e-008 -1 -0.129554 -0.647666 -0.750829 -0.50334 -0.334873 -0.796561 -1.38441e-007 -2.42569e-008 -1 -5.81669e-008 -2.43241e-008 -1 -6.59389e-008 4.28423e-008 -1 -1.38441e-007 -2.42569e-008 -1 -1.46213e-007 4.29096e-008 -1 -0.82948 0.553736 -0.0730674 -0.195909 0.979589 -0.045004 -0.19495 -0.974595 -0.110265 -0.827535 -0.55056 -0.10986 -0.0106296 -0.56707 0.823601 -0.0212461 -0.594181 0.804051 -0.0106296 -0.56707 0.823601</float_array>
                    <technique_common>
                        <accessor count="40" source="#ID348" stride="3">
                            <param name="X" type="float"/>
                            <param name="Y" type="float"/>
                            <param name="Z" type="float"/>
                        </accessor>
                    </technique_common>
                </source>
                <source id="ID349">
                    <float_array id="ID350" count="2">0 1</float_array>
                    <technique_common>
                        <accessor count="1" source="#ID350" stride="2">
                            <param name="S" type="float"/>
                            <param name="T" type="float"/>
                        </accessor>
                    </technique_common>
                </source>
                <vertices id="ID351">
                    <input semantic="POSITION" source="#ID345"/>
                </vertices>
                <polylist count="27" material="Material1">
                    <input offset="0" semantic="VERTEX" source="#ID351"/>
                    <input offset="1" semantic="NORMAL" source="#ID347"/>
                    <input offset="2" semantic="TEXCOORD" source="#ID349" set="0"/>
                    <vcount>4 4 4 4 4 4 4 4 4 4 4 4 4 4 4 4 4 4 4 4 4 4 4 4 4 4 4</vcount>
                    <p>12 3 0 2 2 0 0 1 0 14 0 0 10 5 0 4 4 0 2 2 0 12 3 0 8 7 0 6 6 0 4 4 0 10 5 0 8 7 0 9 8 0 7 8 0 6 6 0 22 12 0 30 11 0 28 10 0 20 9 0 23 14 0 31 13 0 30 11 0 22 12 0 21 16 0 29 15 0 31 13 0 23 14 0 0 1 0 1 18 0 15 17 0 14 0 0 3 19 0 13 19 0 15 17 0 1 18 0 5 20 0 11 20 0 13 19 0 3 19 0 7 8 0 9 8 0 11 20 0 5 20 0 10 24 0 18 23 0 16 22 0 8 21 0 9 28 0 17 27 0 19 26 0 11 25 0 8 21 0 16 22 0 17 27 0 9 28 0 12 29 0 20 9 0 18 23 0 10 24 0 11 25 0 19 26 0 21 16 0 13 30 0 14 31 0 22 12 0 20 9 0 12 29 0 15 32 0 23 14 0 22 12 0 14 31 0 13 30 0 21 16 0 23 14 0 15 32 0 18 23 0 26 34 0 24 33 0 16 22 0 17 27 0 25 36 0 27 35 0 19 26 0 16 22 0 24 33 0 25 36 0 17 27 0 20 9 0 28 10 0 26 34 0 18 23 0 19 26 0 27 35 0 29 15 0 21 16 0 4 4 0 6 6 0 7 38 0 5 37 0 2 2 0 4 4 0 5 37 0 3 39 0 0 1 0 2 2 0 3 39 0 1 18 0</p>
                </polylist>
            </mesh>
        </geometry>
        <geometry id="ID353">
            <mesh>
                <source id="ID354">
                    <float_array id="ID355" count="24">9.0296 -2.4708 -0.347243 9.0296 1.84138 -0.347243 7.70183 -3.02405 -0.347242 7.70183 2.39463 -0.347242 -7.70182 -3.02405 -0.347242 -7.70182 2.39463 -0.347242 -9.02958 -2.4708 -0.347241 -9.02958 1.84138 -0.347241</float_array>
                    <technique_common>
                        <accessor count="8" source="#ID355" stride="3">
                            <param name="X" type="float"/>
                            <param name="Y" type="float"/>
                            <param name="Z" type="float"/>
                        </accessor>
                    </technique_common>
                </source>
                <source id="ID356">
                    <float_array id="ID357" count="12">-6.73367e-008 0 -1 -6.17223e-008 0 -1 -6.17222e-008 0 -1 -6.73365e-008 0 -1</float_array>
                    <technique_common>
                        <accessor count="4" source="#ID357" stride="3">
                            <param name="X" type="float"/>
                            <param name="Y" type="float"/>
                            <param name="Z" type="float"/>
                        </accessor>
                    </technique_common>
                </source>
                <source id="ID358">
                    <float_array id="ID359" count="2">0 1</float_array>
                    <technique_common>
                        <accessor count="1" source="#ID359" stride="2">
                            <param name="S" type="float"/>
                            <param name="T" type="float"/>
                        </accessor>
                    </technique_common>
                </source>
                <vertices id="ID360">
                    <input semantic="POSITION" source="#ID354"/>
                </vertices>
                <polylist count="3" material="Material1">
                    <input offset="0" semantic="VERTEX" source="#ID360"/>
                    <input offset="1" semantic="NORMAL" source="#ID356"/>
                    <input offset="2" semantic="TEXCOORD" source="#ID358" set="0"/>
                    <vcount>4 4 4</vcount>
                    <p>2 1 0 3 1 0 1 0 0 0 0 0 4 2 0 5 2 0 3 1 0 2 1 0 6 3 0 7 3 0 5 2 0 4 2 0</p>
                </polylist>
            </mesh>
        </geometry>
        <geometry id="ID362">
            <mesh>
                <source id="ID363">
                    <float_array id="ID364" count="96">-10.3196 -3.01608 2.09205 -10.3195 3.01608 7.21397 -7.95982 -3.99932 2.09205 -7.95981 3.99932 7.21397 7.95984 -3.99932 2.09205 7.95985 3.99932 7.21397 10.3196 -3.01608 2.09205 10.3196 3.01608 7.21397 10.3196 -3.01608 -0.214028 10.3196 3.01608 -0.214028 7.95985 -3.99932 -0.214027 7.95985 3.99932 -0.214027 -7.95981 -3.99932 -0.214027 -7.95981 3.99932 -0.214027 -10.3195 -3.01608 -0.214026 -10.3195 3.01608 -0.214026 9.16306 -2.24506 -0.214027 9.16306 2.24506 -0.214027 7.72854 -2.84278 -0.214027 7.72854 2.84278 -0.214027 -7.7285 -2.84278 -0.214027 -7.7285 2.84278 -0.214027 -9.16302 -2.24506 -0.214027 -9.16302 2.24506 -0.214027 9.02961 -2.21472 1.53079 9.02961 2.09747 1.53079 7.70185 -2.76796 1.53079 7.70185 2.65071 1.53079 -7.70181 -2.76796 1.53079 -7.70181 2.65071 1.53079 -9.02957 -2.21472 1.53079 -9.02957 2.09747 1.53079</float_array>
                    <technique_common>
                        <accessor count="32" source="#ID364" stride="3">
                            <param name="X" type="float"/>
                            <param name="Y" type="float"/>
                            <param name="Z" type="float"/>
                        </accessor>
                    </technique_common>
                </source>
                <source id="ID365">
                    <float_array id="ID366" count="117">-0.832053 -0.554697 -2.40288e-006 -0.633491 -0.683683 0.362308 -0.116119 -0.874471 0.470975 -0.196119 -0.98058 -8.79132e-007 0.104101 -0.875643 0.471607 0.196119 -0.98058 8.79478e-007 0.621816 -0.691999 0.366718 0.832052 -0.554698 2.40328e-006 0.832052 0.554698 1.36681e-006 0.134181 0.670934 -0.729276 0.195909 0.979589 -0.0450046 0.82948 0.553736 -0.0730704 0.512657 0.342235 -0.787437 0.827535 -0.55056 -0.109863 0.503339 -0.334872 -0.796562 0.19495 -0.974595 -0.110266 0.129554 -0.647666 -0.750829 -0.832051 0.554699 -1.36681e-006 -0.850694 0.199016 0.486532 -0.196119 0.98058 -0 0.196119 0.98058 -0 -1.46213e-007 4.29096e-008 -1 -0.512658 0.342235 -0.787437 -0.134181 0.670934 -0.729276 -6.59389e-008 4.28423e-008 -1 -5.81669e-008 -2.43241e-008 -1 -0.129554 -0.647666 -0.750829 -0.50334 -0.334873 -0.796561 -1.38441e-007 -2.42569e-008 -1 -5.81669e-008 -2.43241e-008 -1 -6.5939e-008 4.28423e-008 -1 -1.38441e-007 -2.42569e-008 -1 -1.46213e-007 4.29096e-008 -1 -0.82948 0.553736 -0.0730674 -0.195909 0.979589 -0.045004 -0.19495 -0.974595 -0.110265 -0.827535 -0.55056 -0.10986 -0.0106296 -0.56707 0.823601 -0.0212461 -0.594181 0.804051</float_array>
                    <technique_common>
                        <accessor count="39" source="#ID366" stride="3">
                            <param name="X" type="float"/>
                            <param name="Y" type="float"/>
                            <param name="Z" type="float"/>
                        </accessor>
                    </technique_common>
                </source>
                <source id="ID367">
                    <float_array id="ID368" count="2">0 1</float_array>
                    <technique_common>
                        <accessor count="1" source="#ID368" stride="2">
                            <param name="S" type="float"/>
                            <param name="T" type="float"/>
                        </accessor>
                    </technique_common>
                </source>
                <vertices id="ID369">
                    <input semantic="POSITION" source="#ID363"/>
                </vertices>
                <polylist count="27" material="Material1">
                    <input offset="0" semantic="VERTEX" source="#ID369"/>
                    <input offset="1" semantic="NORMAL" source="#ID365"/>
                    <input offset="2" semantic="TEXCOORD" source="#ID367" set="0"/>
                    <vcount>4 4 4 4 4 4 4 4 4 4 4 4 4 4 4 4 4 4 4 4 4 4 4 4 4 4 4</vcount>
                    <p>12 3 0 2 2 0 0 1 0 14 0 0 10 5 0 4 4 0 2 2 0 12 3 0 8 7 0 6 6 0 4 4 0 10 5 0 8 7 0 9 8 0 7 8 0 6 6 0 22 12 0 30 11 0 28 10 0 20 9 0 23 14 0 31 13 0 30 11 0 22 12 0 21 16 0 29 15 0 31 13 0 23 14 0 0 1 0 1 18 0 15 17 0 14 0 0 3 19 0 13 19 0 15 17 0 1 18 0 5 20 0 11 20 0 13 19 0 3 19 0 7 8 0 9 8 0 11 20 0 5 20 0 10 24 0 18 23 0 16 22 0 8 21 0 9 28 0 17 27 0 19 26 0 11 25 0 8 21 0 16 22 0 17 27 0 9 28 0 12 29 0 20 9 0 18 23 0 10 24 0 11 25 0 19 26 0 21 16 0 13 30 0 14 31 0 22 12 0 20 9 0 12 29 0 15 32 0 23 14 0 22 12 0 14 31 0 13 30 0 21 16 0 23 14 0 15 32 0 18 23 0 26 34 0 24 33 0 16 22 0 17 27 0 25 36 0 27 35 0 19 26 0 16 22 0 24 33 0 25 36 0 17 27 0 20 9 0 28 10 0 26 34 0 18 23 0 19 26 0 27 35 0 29 15 0 21 16 0 0 1 0 2 2 0 3 37 0 1 18 0 2 2 0 4 4 0 5 37 0 3 37 0 4 4 0 6 6 0 7 38 0 5 37 0</p>
                </polylist>
            </mesh>
        </geometry>
        <geometry id="ID371">
            <mesh>
                <source id="ID372">
                    <float_array id="ID373" count="24">9.0296 -2.4708 -0.347243 9.0296 1.84138 -0.347243 7.70184 -3.02405 -0.347242 7.70184 2.39463 -0.347242 -7.70182 -3.02405 -0.347242 -7.70182 2.39463 -0.347242 -9.02958 -2.4708 -0.347241 -9.02958 1.84138 -0.347241</float_array>
                    <technique_common>
                        <accessor count="8" source="#ID373" stride="3">
                            <param name="X" type="float"/>
                            <param name="Y" type="float"/>
                            <param name="Z" type="float"/>
                        </accessor>
                    </technique_common>
                </source>
                <source id="ID374">
                    <float_array id="ID375" count="12">-6.73366e-008 0 -1 -6.17223e-008 0 -1 -6.17223e-008 0 -1 -6.73366e-008 0 -1</float_array>
                    <technique_common>
                        <accessor count="4" source="#ID375" stride="3">
                            <param name="X" type="float"/>
                            <param name="Y" type="float"/>
                            <param name="Z" type="float"/>
                        </accessor>
                    </technique_common>
                </source>
                <source id="ID376">
                    <float_array id="ID377" count="2">0 1</float_array>
                    <technique_common>
                        <accessor count="1" source="#ID377" stride="2">
                            <param name="S" type="float"/>
                            <param name="T" type="float"/>
                        </accessor>
                    </technique_common>
                </source>
                <vertices id="ID378">
                    <input semantic="POSITION" source="#ID372"/>
                </vertices>
                <polylist count="3" material="Material1">
                    <input offset="0" semantic="VERTEX" source="#ID378"/>
                    <input offset="1" semantic="NORMAL" source="#ID374"/>
                    <input offset="2" semantic="TEXCOORD" source="#ID376" set="0"/>
                    <vcount>4 4 4</vcount>
                    <p>2 1 0 3 1 0 1 0 0 0 0 0 4 2 0 5 2 0 3 1 0 2 1 0 6 3 0 7 3 0 5 2 0 4 2 0</p>
                </polylist>
            </mesh>
        </geometry>
        <geometry id="ID381">
            <mesh>
                <source id="ID382">
                    <float_array id="ID383" count="204">-83.2598 60.3471 -0.0380043 -58.9292 60.3471 -0.0380043 -81.853 57.6915 -0.0380043 -71.2306 57.6915 -0.0380043 -81.853 58.4693 -1.9158 -71.2306 58.4693 -1.9158 -81.853 60.3471 -2.69361 -71.2306 60.3471 -2.69361 -81.853 62.2249 -1.9158 -71.2306 62.2249 -1.9158 -81.853 63.0027 -0.0380043 -71.2306 63.0027 -0.0380043 -81.853 62.2249 1.83979 -71.2306 62.2249 1.83979 -81.853 60.3471 2.6176 -71.2306 60.3471 2.6176 -81.853 58.4693 1.83979 -71.2306 58.4693 1.83979 -71.2306 59.5368 -0.0380043 -71.2306 59.7741 -0.610928 -71.2306 60.3471 -0.84824 -71.2306 60.92 -0.610928 -71.2306 61.1573 -0.0380043 -71.2306 60.92 0.534919 -71.2306 60.3471 0.772232 -71.2306 59.7741 0.534919 -59.3936 59.5368 -0.0380043 -59.3936 59.7741 -0.610928 -59.3936 60.3471 -0.84824 -59.3936 60.92 -0.610928 -59.3936 61.1573 -0.0380043 -59.3936 60.92 0.534919 -59.3936 60.3471 0.772232 -59.3936 59.7741 0.534919 -0.00025177 -22.9125 -0.0379944 -0.000255585 1.41811 -0.0379944 -2.65586 -21.5057 -0.0379944 -2.65586 -10.8833 -0.0379944 -1.87806 -21.5057 -1.91579 -1.87805 -10.8833 -1.91579 -0.00025177 -21.5057 -2.69359 -0.000255585 -10.8833 -2.69359 1.87755 -21.5057 -1.91579 1.87754 -10.8832 -1.91579 2.65535 -21.5057 -0.0379944 2.65534 -10.8832 -0.0379944 1.87755 -21.5057 1.83981 1.87754 -10.8832 1.83981 -0.00025177 -21.5057 2.61761 -0.000255585 -10.8833 2.61761 -1.87806 -21.5057 1.83981 -1.87805 -10.8833 1.83981 -0.810486 -10.8833 -0.0379944 -0.573177 -10.8833 -0.610916 -0.000255585 -10.8833 -0.848221 0.572666 -10.8832 -0.610916 0.809982 -10.8833 -0.0379944 0.572666 -10.8832 0.534927 -0.000255585 -10.8833 0.772247 -0.573177 -10.8833 0.534927 -0.81049 0.953682 -0.0379944 -0.573177 0.953682 -0.610916 -0.000255585 0.953682 -0.848221 0.57267 0.953678 -0.610916 0.809982 0.953678 -0.0379944 0.57267 0.953678 0.534927 -0.000255585 0.953682 0.772247 -0.573177 0.953682 0.534927</float_array>
                    <technique_common>
                        <accessor count="68" source="#ID383" stride="3">
                            <param name="X" type="float"/>
                            <param name="Y" type="float"/>
                            <param name="Z" type="float"/>
                        </accessor>
                    </technique_common>
                </source>
                <source id="ID384">
                    <float_array id="ID385" count="120">-2.16432e-006 -1 -1.0156e-006 -0.59907 -0.53125 -0.599073 -0.847215 -0.531251 -1.26843e-006 -0.707106 3.06095e-007 -0.707108 -1 5.38276e-007 -1.43547e-006 -0.856642 0.515911 9.04707e-009 -0.605734 0.515911 -0.60574 1.5914e-006 1 -2.32354e-006 -1.95282e-006 -0.53125 -0.847215 3.22578e-008 1.48915e-007 -1 9.04704e-007 0.515908 -0.856644 0.599069 -0.531252 -0.599072 0.707106 5.60389e-007 -0.707108 0.605734 0.51591 -0.605741 0.847214 -0.531251 -1.23649e-006 1 8.97124e-007 -1.38708e-006 0.856642 0.515911 -2.71412e-008 0.59907 -0.531253 0.599071 0.707107 5.60357e-007 0.707106 0.605742 0.515909 0.605735 -1.99389e-006 -0.531251 0.847215 -3.22578e-008 1.49244e-007 1 9.22806e-007 0.515914 0.856641 -0.599071 -0.531251 0.599071 -0.707107 3.06722e-007 0.707107 -0.605742 0.515911 0.605734 0 1 -0 -4.0474e-006 1 -7.18238e-007 -2.72693e-006 1 2.06395e-006 2.86871e-007 1 -9.75109e-007 -4.40338e-006 1 -1.40326e-006 -3.36979e-006 1 2.35403e-006 -1 -1.60768e-007 1.61289e-008 -0.707104 -8.05679e-008 -0.70711 -6.12895e-007 -3.35085e-008 -1 0.707101 -1.14077e-007 -0.707112 1 -1.61318e-007 -4.83868e-008 0.707109 -1.14123e-007 0.707104 -5.80643e-007 -3.33732e-008 1 -0.707112 -8.02007e-008 0.707102</float_array>
                    <technique_common>
                        <accessor count="40" source="#ID385" stride="3">
                            <param name="X" type="float"/>
                            <param name="Y" type="float"/>
                            <param name="Z" type="float"/>
                        </accessor>
                    </technique_common>
                </source>
                <source id="ID386">
                    <float_array id="ID387" count="2">0 1</float_array>
                    <technique_common>
                        <accessor count="1" source="#ID387" stride="2">
                            <param name="S" type="float"/>
                            <param name="T" type="float"/>
                        </accessor>
                    </technique_common>
                </source>
                <vertices id="ID388">
                    <input semantic="POSITION" source="#ID382"/>
                </vertices>
                <polylist count="40" material="Material1">
                    <input offset="0" semantic="VERTEX" source="#ID388"/>
                    <input offset="1" semantic="NORMAL" source="#ID384"/>
                    <input offset="2" semantic="TEXCOORD" source="#ID386" set="0"/>
                    <vcount>3 4 3 3 4 3 3 4 3 3 4 3 3 4 3 3 4 3 3 4 3 3 4 3 4 4 4 4 4 4 4 4 4 4 4 4 4 4 4 4</vcount>
                    <p>36 2 0 38 1 0 34 0 0 37 4 0 39 3 0 38 1 0 36 2 0 35 7 0 61 6 0 60 5 0 38 1 0 40 8 0 34 0 0 39 3 0 41 9 0 40 8 0 38 1 0 35 7 0 62 10 0 61 6 0 40 8 0 42 11 0 34 0 0 41 9 0 43 12 0 42 11 0 40 8 0 35 7 0 63 13 0 62 10 0 42 11 0 44 14 0 34 0 0 43 12 0 45 15 0 44 14 0 42 11 0 35 7 0 64 16 0 63 13 0 44 14 0 46 17 0 34 0 0 45 15 0 47 18 0 46 17 0 44 14 0 35 7 0 65 19 0 64 16 0 46 17 0 48 20 0 34 0 0 47 18 0 49 21 0 48 20 0 46 17 0 35 7 0 66 22 0 65 19 0 48 20 0 50 23 0 34 0 0 49 21 0 51 24 0 50 23 0 48 20 0 35 7 0 67 25 0 66 22 0 50 23 0 36 2 0 34 0 0 51 24 0 37 4 0 36 2 0 50 23 0 35 7 0 60 5 0 67 25 0 52 26 0 53 26 0 39 26 0 37 26 0 53 26 0 54 27 0 41 27 0 39 26 0 54 27 0 55 28 0 43 28 0 41 27 0 55 28 0 56 29 0 45 29 0 43 28 0 56 29 0 57 30 0 47 30 0 45 29 0 57 30 0 58 31 0 49 31 0 47 30 0 58 31 0 59 26 0 51 26 0 49 31 0 59 26 0 52 26 0 37 26 0 51 26 0 60 5 0 61 6 0 53 33 0 52 32 0 61 6 0 62 10 0 54 34 0 53 33 0 62 10 0 63 13 0 55 35 0 54 34 0 63 13 0 64 16 0 56 36 0 55 35 0 64 16 0 65 19 0 57 37 0 56 36 0 65 19 0 66 22 0 58 38 0 57 37 0 66 22 0 67 25 0 59 39 0 58 38 0 67 25 0 60 5 0 52 32 0 59 39 0</p>
                </polylist>
            </mesh>
        </geometry>
        <geometry id="ID390">
            <mesh>
                <source id="ID391">
                    <float_array id="ID392" count="96">2.17361 -5.20797 2.83215e-015 2.17361 5.20798 2.83215e-015 1.53697 -5.20797 -1.53698 1.53697 5.20798 -1.53698 -8.63582e-007 -5.20797 -2.17361 -8.63582e-007 5.20798 -2.17361 -1.53698 -5.20797 -1.53698 -1.53698 5.20798 -1.53698 -2.17361 -5.20797 2.56596e-015 -2.17361 5.20798 2.56596e-015 -1.53698 -5.20797 1.53698 -1.53698 5.20798 1.53698 -8.63582e-007 -5.20797 2.17361 -8.63582e-007 5.20798 2.17361 1.53697 -5.20797 1.53698 1.53697 5.20798 1.53698 71.9072 64.5257 1.52588e-005 61.4913 64.5257 1.52588e-005 71.9072 65.1623 -1.53696 61.4913 65.1623 -1.53696 71.9072 66.6993 -2.1736 61.4913 66.6993 -2.1736 71.9072 68.2362 -1.53696 61.4913 68.2362 -1.53696 71.9072 68.8729 1.52588e-005 61.4913 68.8729 1.52588e-005 71.9072 68.2362 1.53699 61.4913 68.2362 1.53699 71.9072 66.6993 2.17363 61.4913 66.6993 2.17363 71.9072 65.1623 1.53699 61.4913 65.1623 1.53699</float_array>
                    <technique_common>
                        <accessor count="32" source="#ID392" stride="3">
                            <param name="X" type="float"/>
                            <param name="Y" type="float"/>
                            <param name="Z" type="float"/>
                        </accessor>
                    </technique_common>
                </source>
                <source id="ID393">
                    <float_array id="ID394" count="24">-7.58504e-008 0.707108 -0.707106 0 1 -0 2.46077e-013 -1 -1.61289e-008 2.24311e-010 -0.707108 -0.707106 -7.53944e-008 0.707108 0.707106 -7.58684e-008 4.5161e-007 1 -7.53767e-008 4.5161e-007 -1 -2.2395e-010 -0.707108 0.707106</float_array>
                    <technique_common>
                        <accessor count="8" source="#ID394" stride="3">
                            <param name="X" type="float"/>
                            <param name="Y" type="float"/>
                            <param name="Z" type="float"/>
                        </accessor>
                    </technique_common>
                </source>
                <source id="ID395">
                    <float_array id="ID396" count="2">0 1</float_array>
                    <technique_common>
                        <accessor count="1" source="#ID396" stride="2">
                            <param name="S" type="float"/>
                            <param name="T" type="float"/>
                        </accessor>
                    </technique_common>
                </source>
                <vertices id="ID397">
                    <input semantic="POSITION" source="#ID391"/>
                </vertices>
                <polylist count="8" material="Material1">
                    <input offset="0" semantic="VERTEX" source="#ID397"/>
                    <input offset="1" semantic="NORMAL" source="#ID393"/>
                    <input offset="2" semantic="TEXCOORD" source="#ID395" set="0"/>
                    <vcount>4 4 4 4 4 4 4 4</vcount>
                    <p>23 0 0 25 1 0 24 1 0 22 0 0 17 2 0 19 3 0 18 3 0 16 2 0 25 1 0 27 4 0 26 4 0 24 1 0 27 4 0 29 5 0 28 5 0 26 4 0 19 3 0 21 6 0 20 6 0 18 3 0 29 5 0 31 7 0 30 7 0 28 5 0 31 7 0 17 2 0 16 2 0 30 7 0 21 6 0 23 0 0 22 0 0 20 6 0</p>
                </polylist>
            </mesh>
        </geometry>
        <geometry id="ID399">
            <mesh>
                <source id="ID400">
                    <float_array id="ID401" count="96">-93.7011 -0.970206 4.48052 -93.7011 0.970206 4.48052 -92.329 -0.970206 3.10844 -92.329 0.970206 3.10844 -92.329 -0.970206 -3.10844 -92.329 0.970206 -3.10844 -93.7011 -0.970206 -4.48052 -93.7011 0.970206 -4.48052 -75.2903 -0.970206 9.39017 -75.2903 0.970206 9.39017 -75.3918 -0.970206 7.52451 -75.3918 0.970206 7.52451 -71.8545 -0.970206 -7.52451 -71.8545 0.970206 -7.52451 -71.753 -0.970206 -9.39017 -71.753 0.970206 -9.39017 27.0671 -0.970206 4.48051 27.0671 0.970206 4.48051 25.695 -0.970206 3.10843 25.695 0.970206 3.10843 25.695 -0.970206 -3.10843 25.695 0.970206 -3.10843 27.0671 -0.970206 -4.48051 27.0671 0.970206 -4.48051 8.65627 -0.970206 9.39017 8.65627 0.970206 9.39017 8.7578 -0.970206 7.52451 8.7578 0.970206 7.52451 5.22048 -0.970206 -7.52451 5.22048 0.970206 -7.52451 5.11895 -0.970206 -9.39017 5.11895 0.970206 -9.39017</float_array>
                    <technique_common>
                        <accessor count="32" source="#ID401" stride="3">
                            <param name="X" type="float"/>
                            <param name="Y" type="float"/>
                            <param name="Z" type="float"/>
                        </accessor>
                    </technique_common>
                </source>
                <source id="ID402">
                    <float_array id="ID403" count="36">-0.998522 0 -0.054341 -0.774384 0 -0.632716 -0.791295 0 -0.611434 -0.778087 0 0.628157 -0.760725 0 0.649074 -0.998522 0 0.054341 0.78048 0 -0.625181 0.79299 0 0.609234 0 1 -0 0 -1 -0 0.257667 0 0.966234 0.218298 0 -0.975882</float_array>
                    <technique_common>
                        <accessor count="12" source="#ID403" stride="3">
                            <param name="X" type="float"/>
                            <param name="Y" type="float"/>
                            <param name="Z" type="float"/>
                        </accessor>
                    </technique_common>
                </source>
                <source id="ID404">
                    <float_array id="ID405" count="2">0 1</float_array>
                    <technique_common>
                        <accessor count="1" source="#ID405" stride="2">
                            <param name="S" type="float"/>
                            <param name="T" type="float"/>
                        </accessor>
                    </technique_common>
                </source>
                <vertices id="ID406">
                    <input semantic="POSITION" source="#ID400"/>
                </vertices>
                <polylist count="14" material="Material1">
                    <input offset="0" semantic="VERTEX" source="#ID406"/>
                    <input offset="1" semantic="NORMAL" source="#ID402"/>
                    <input offset="2" semantic="TEXCOORD" source="#ID404" set="0"/>
                    <vcount>4 4 4 4 4 4 4 4 4 4 4 4 4 4</vcount>
                    <p>25 0 0 27 1 0 26 1 0 24 0 0 19 2 0 21 3 0 20 3 0 18 2 0 29 4 0 31 5 0 30 5 0 28 4 0 23 6 0 17 7 0 16 7 0 22 6 0 23 8 0 21 8 0 19 8 0 17 8 0 16 9 0 18 9 0 20 9 0 22 9 0 24 9 0 26 9 0 18 9 0 16 9 0 26 1 0 27 1 0 19 2 0 18 2 0 27 8 0 25 8 0 17 8 0 19 8 0 25 10 0 24 10 0 16 7 0 17 7 0 28 9 0 30 9 0 22 9 0 20 9 0 30 11 0 31 11 0 23 6 0 22 6 0 31 8 0 29 8 0 21 8 0 23 8 0 29 4 0 28 4 0 20 3 0 21 3 0</p>
                </polylist>
            </mesh>
        </geometry>
        <geometry id="ID408">
            <mesh>
                <source id="ID409">
                    <float_array id="ID410" count="96">-93.7011 -0.970206 4.48052 -93.7011 0.970206 4.48052 -92.329 -0.970206 3.10844 -92.329 0.970206 3.10844 -92.329 -0.970206 -3.10844 -92.329 0.970206 -3.10844 -93.7011 -0.970206 -4.48052 -93.7011 0.970206 -4.48052 -75.2903 -0.970206 9.39017 -75.2903 0.970206 9.39017 -75.3918 -0.970206 7.52451 -75.3918 0.970206 7.52451 -71.8545 -0.970206 -7.52451 -71.8545 0.970206 -7.52451 -71.753 -0.970206 -9.39017 -71.753 0.970206 -9.39017 27.0671 -0.970206 4.48051 27.0671 0.970206 4.48051 25.695 -0.970206 3.10843 25.695 0.970206 3.10843 25.695 -0.970206 -3.10843 25.695 0.970206 -3.10843 27.0671 -0.970206 -4.48051 27.0671 0.970206 -4.48051 8.65627 -0.970206 9.39017 8.65627 0.970206 9.39017 8.7578 -0.970206 7.52451 8.7578 0.970206 7.52451 5.22048 -0.970206 -7.52451 5.22048 0.970206 -7.52451 5.11895 -0.970206 -9.39017 5.11895 0.970206 -9.39017</float_array>
                    <technique_common>
                        <accessor count="32" source="#ID410" stride="3">
                            <param name="X" type="float"/>
                            <param name="Y" type="float"/>
                            <param name="Z" type="float"/>
                        </accessor>
                    </technique_common>
                </source>
                <source id="ID411">
                    <float_array id="ID412" count="36">-0.998522 0 -0.054341 -0.774384 0 -0.632716 -0.791295 0 -0.611434 -0.778087 0 0.628157 -0.760725 0 0.649074 -0.998522 0 0.054341 0.78048 0 -0.625181 0.79299 0 0.609234 0 1 -0 0 -1 -0 0.257667 0 0.966234 0.218298 0 -0.975882</float_array>
                    <technique_common>
                        <accessor count="12" source="#ID412" stride="3">
                            <param name="X" type="float"/>
                            <param name="Y" type="float"/>
                            <param name="Z" type="float"/>
                        </accessor>
                    </technique_common>
                </source>
                <source id="ID413">
                    <float_array id="ID414" count="2">0 1</float_array>
                    <technique_common>
                        <accessor count="1" source="#ID414" stride="2">
                            <param name="S" type="float"/>
                            <param name="T" type="float"/>
                        </accessor>
                    </technique_common>
                </source>
                <vertices id="ID415">
                    <input semantic="POSITION" source="#ID409"/>
                </vertices>
                <polylist count="14" material="Material1">
                    <input offset="0" semantic="VERTEX" source="#ID415"/>
                    <input offset="1" semantic="NORMAL" source="#ID411"/>
                    <input offset="2" semantic="TEXCOORD" source="#ID413" set="0"/>
                    <vcount>4 4 4 4 4 4 4 4 4 4 4 4 4 4</vcount>
                    <p>25 0 0 27 1 0 26 1 0 24 0 0 19 2 0 21 3 0 20 3 0 18 2 0 29 4 0 31 5 0 30 5 0 28 4 0 23 6 0 17 7 0 16 7 0 22 6 0 23 8 0 21 8 0 19 8 0 17 8 0 16 9 0 18 9 0 20 9 0 22 9 0 24 9 0 26 9 0 18 9 0 16 9 0 26 1 0 27 1 0 19 2 0 18 2 0 27 8 0 25 8 0 17 8 0 19 8 0 25 10 0 24 10 0 16 7 0 17 7 0 28 9 0 30 9 0 22 9 0 20 9 0 30 11 0 31 11 0 23 6 0 22 6 0 31 8 0 29 8 0 21 8 0 23 8 0 29 4 0 28 4 0 20 3 0 21 3 0</p>
                </polylist>
            </mesh>
        </geometry>
        <geometry id="ID418">
            <mesh>
                <source id="ID419">
                    <float_array id="ID420" count="102">8.17546e-006 -22.9128 -0.0380348 8.17546e-006 1.41787 -0.0380348 2.65561 -21.5059 -0.0380348 2.65561 -10.8835 -0.0380348 1.8778 -21.5059 -1.91583 1.8778 -10.8835 -1.91583 8.17546e-006 -21.5059 -2.69364 8.17546e-006 -10.8835 -2.69364 -1.87779 -21.5059 -1.91583 -1.87779 -10.8835 -1.91583 -2.6556 -21.5059 -0.0380348 -2.6556 -10.8835 -0.0380348 -1.87779 -21.5059 1.83976 -1.87779 -10.8835 1.83976 8.17546e-006 -21.5059 2.61757 8.17546e-006 -10.8835 2.61757 1.8778 -21.5059 1.83976 1.8778 -10.8835 1.83976 0.810244 -10.8835 -0.0380348 0.572932 -10.8835 -0.610958 8.17546e-006 -10.8835 -0.848271 -0.572915 -10.8835 -0.610958 -0.810228 -10.8835 -0.0380348 -0.572915 -10.8835 0.534889 8.17546e-006 -10.8835 0.772201 0.572932 -10.8835 0.534889 0.810244 0.953439 -0.0380348 0.572932 0.953439 -0.610958 8.17546e-006 0.953439 -0.848271 -0.572915 0.953439 -0.610958 -0.810228 0.953439 -0.0380348 -0.572915 0.953439 0.534889 8.17546e-006 0.953439 0.772201 0.572932 0.953439 0.534889</float_array>
                    <technique_common>
                        <accessor count="34" source="#ID420" stride="3">
                            <param name="X" type="float"/>
                            <param name="Y" type="float"/>
                            <param name="Z" type="float"/>
                        </accessor>
                    </technique_common>
                </source>
                <source id="ID421">
                    <float_array id="ID422" count="105">-4.29428e-009 -1 -3.006e-008 0.847214 -0.531251 9.12536e-009 0.599071 -0.531251 -0.599071 1 0 1.61289e-008 0.707107 0 -0.707107 0.856643 0.51591 -0 -3.94563e-008 1 -2.84962e-008 0.605738 0.51591 -0.605738 9.12536e-009 -0.531251 -0.847214 1.61289e-008 0 -1 -1.35706e-008 0.51591 -0.856643 -0.599071 -0.531251 -0.599071 -0.707107 0 -0.707107 -0.605738 0.515911 -0.605738 -0.847215 -0.531251 9.12536e-009 -1 0 1.61289e-008 -0.856643 0.51591 -0 -0.599071 -0.531251 0.599071 -0.707107 0 0.707107 -0.605738 0.515911 0.605738 9.12536e-009 -0.531251 0.847214 1.61289e-008 0 1 -4.07118e-008 0.515911 0.856643 0.599071 -0.531251 0.599071 0.707107 0 0.707107 0.605738 0.515911 0.605738 0 1 -0 1 0 -0 0.707107 0 -0.707107 -1.61289e-008 0 -1 -0.707107 0 -0.707107 -1 0 -0 -0.707107 0 0.707107 -6.45156e-008 0 1 0.707107 0 0.707107</float_array>
                    <technique_common>
                        <accessor count="35" source="#ID422" stride="3">
                            <param name="X" type="float"/>
                            <param name="Y" type="float"/>
                            <param name="Z" type="float"/>
                        </accessor>
                    </technique_common>
                </source>
                <source id="ID423">
                    <float_array id="ID424" count="2">0 1</float_array>
                    <technique_common>
                        <accessor count="1" source="#ID424" stride="2">
                            <param name="S" type="float"/>
                            <param name="T" type="float"/>
                        </accessor>
                    </technique_common>
                </source>
                <vertices id="ID425">
                    <input semantic="POSITION" source="#ID419"/>
                </vertices>
                <polylist count="40" material="Material1">
                    <input offset="0" semantic="VERTEX" source="#ID425"/>
                    <input offset="1" semantic="NORMAL" source="#ID421"/>
                    <input offset="2" semantic="TEXCOORD" source="#ID423" set="0"/>
                    <vcount>3 4 3 3 4 3 3 4 3 3 4 3 3 4 3 3 4 3 3 4 3 3 4 3 4 4 4 4 4 4 4 4 4 4 4 4 4 4 4 4</vcount>
                    <p>4 2 0 2 1 0 0 0 0 4 2 0 5 4 0 3 3 0 2 1 0 27 7 0 1 6 0 26 5 0 6 8 0 4 2 0 0 0 0 6 8 0 7 9 0 5 4 0 4 2 0 28 10 0 1 6 0 27 7 0 8 11 0 6 8 0 0 0 0 8 11 0 9 12 0 7 9 0 6 8 0 29 13 0 1 6 0 28 10 0 10 14 0 8 11 0 0 0 0 10 14 0 11 15 0 9 12 0 8 11 0 30 16 0 1 6 0 29 13 0 12 17 0 10 14 0 0 0 0 12 17 0 13 18 0 11 15 0 10 14 0 31 19 0 1 6 0 30 16 0 14 20 0 12 17 0 0 0 0 14 20 0 15 21 0 13 18 0 12 17 0 32 22 0 1 6 0 31 19 0 16 23 0 14 20 0 0 0 0 16 23 0 17 24 0 15 21 0 14 20 0 33 25 0 1 6 0 32 22 0 2 1 0 16 23 0 0 0 0 2 1 0 3 3 0 17 24 0 16 23 0 26 5 0 1 6 0 33 25 0 5 26 0 19 26 0 18 26 0 3 26 0 7 26 0 20 26 0 19 26 0 5 26 0 9 26 0 21 26 0 20 26 0 7 26 0 11 26 0 22 26 0 21 26 0 9 26 0 13 26 0 23 26 0 22 26 0 11 26 0 15 26 0 24 26 0 23 26 0 13 26 0 17 26 0 25 26 0 24 26 0 15 26 0 3 26 0 18 26 0 25 26 0 17 26 0 19 28 0 27 7 0 26 5 0 18 27 0 20 29 0 28 10 0 27 7 0 19 28 0 21 30 0 29 13 0 28 10 0 20 29 0 22 31 0 30 16 0 29 13 0 21 30 0 23 32 0 31 19 0 30 16 0 22 31 0 24 33 0 32 22 0 31 19 0 23 32 0 25 34 0 33 25 0 32 22 0 24 33 0 18 27 0 26 5 0 33 25 0 25 34 0</p>
                </polylist>
            </mesh>
        </geometry>
        <geometry id="ID427">
            <mesh>
                <source id="ID428">
                    <float_array id="ID429" count="48">2.17361 -5.20797 2.83215e-015 2.17361 5.20798 2.83215e-015 1.53697 -5.20797 -1.53698 1.53697 5.20798 -1.53698 -8.63582e-007 -5.20797 -2.17361 -8.63582e-007 5.20798 -2.17361 -1.53698 -5.20797 -1.53698 -1.53698 5.20798 -1.53698 -2.17361 -5.20797 2.56596e-015 -2.17361 5.20798 2.56596e-015 -1.53698 -5.20797 1.53698 -1.53698 5.20798 1.53698 -8.63582e-007 -5.20797 2.17361 -8.63582e-007 5.20798 2.17361 1.53697 -5.20797 1.53698 1.53697 5.20798 1.53698</float_array>
                    <technique_common>
                        <accessor count="16" source="#ID429" stride="3">
                            <param name="X" type="float"/>
                            <param name="Y" type="float"/>
                            <param name="Z" type="float"/>
                        </accessor>
                    </technique_common>
                </source>
                <source id="ID430">
                    <float_array id="ID431" count="24">-0.707107 0 -0.707107 -1 0 -0 1 0 -0 0.707107 0 -0.707107 -0.707107 0 0.707107 0 0 1 0 0 -1 0.707107 0 0.707107</float_array>
                    <technique_common>
                        <accessor count="8" source="#ID431" stride="3">
                            <param name="X" type="float"/>
                            <param name="Y" type="float"/>
                            <param name="Z" type="float"/>
                        </accessor>
                    </technique_common>
                </source>
                <source id="ID432">
                    <float_array id="ID433" count="2">0 1</float_array>
                    <technique_common>
                        <accessor count="1" source="#ID433" stride="2">
                            <param name="S" type="float"/>
                            <param name="T" type="float"/>
                        </accessor>
                    </technique_common>
                </source>
                <vertices id="ID434">
                    <input semantic="POSITION" source="#ID428"/>
                </vertices>
                <polylist count="8" material="Material1">
                    <input offset="0" semantic="VERTEX" source="#ID434"/>
                    <input offset="1" semantic="NORMAL" source="#ID430"/>
                    <input offset="2" semantic="TEXCOORD" source="#ID432" set="0"/>
                    <vcount>4 4 4 4 4 4 4 4</vcount>
                    <p>8 1 0 9 1 0 7 0 0 6 0 0 2 3 0 3 3 0 1 2 0 0 2 0 10 4 0 11 4 0 9 1 0 8 1 0 12 5 0 13 5 0 11 4 0 10 4 0 4 6 0 5 6 0 3 3 0 2 3 0 14 7 0 15 7 0 13 5 0 12 5 0 0 2 0 1 2 0 15 7 0 14 7 0 6 0 0 7 0 0 5 6 0 4 6 0</p>
                </polylist>
            </mesh>
        </geometry>
        <geometry id="ID436">
            <mesh>
                <source id="ID437">
                    <float_array id="ID438" count="48">-27.0669 -0.970206 4.48052 -27.0669 0.970206 4.48052 -25.6948 -0.970206 3.10844 -25.6948 0.970206 3.10844 -25.6948 -0.970206 -3.10844 -25.6948 0.970206 -3.10844 -27.0669 -0.970206 -4.48052 -27.0669 0.970206 -4.48052 -8.65608 -0.970206 9.39017 -8.65608 0.970206 9.39017 -8.75762 -0.970206 7.52451 -8.75762 0.970206 7.52451 -5.22029 -0.970206 -7.52451 -5.22029 0.970206 -7.52451 -5.11876 -0.970206 -9.39017 -5.11876 0.970206 -9.39017</float_array>
                    <technique_common>
                        <accessor count="16" source="#ID438" stride="3">
                            <param name="X" type="float"/>
                            <param name="Y" type="float"/>
                            <param name="Z" type="float"/>
                        </accessor>
                    </technique_common>
                </source>
                <source id="ID439">
                    <float_array id="ID440" count="36">0.998522 0 -0.0543417 0.774384 0 -0.632716 0.791295 0 -0.611434 0.778087 0 0.628157 0.760725 0 0.649074 0.998522 0 0.0543414 -0.78048 0 -0.625181 -0.79299 0 0.609234 0 1 -0 0 -1 -0 -0.257667 0 0.966234 -0.218298 0 -0.975882</float_array>
                    <technique_common>
                        <accessor count="12" source="#ID440" stride="3">
                            <param name="X" type="float"/>
                            <param name="Y" type="float"/>
                            <param name="Z" type="float"/>
                        </accessor>
                    </technique_common>
                </source>
                <source id="ID441">
                    <float_array id="ID442" count="2">0 1</float_array>
                    <technique_common>
                        <accessor count="1" source="#ID442" stride="2">
                            <param name="S" type="float"/>
                            <param name="T" type="float"/>
                        </accessor>
                    </technique_common>
                </source>
                <vertices id="ID443">
                    <input semantic="POSITION" source="#ID437"/>
                </vertices>
                <polylist count="14" material="Material1">
                    <input offset="0" semantic="VERTEX" source="#ID443"/>
                    <input offset="1" semantic="NORMAL" source="#ID439"/>
                    <input offset="2" semantic="TEXCOORD" source="#ID441" set="0"/>
                    <vcount>4 4 4 4 4 4 4 4 4 4 4 4 4 4</vcount>
                    <p>10 1 0 11 1 0 9 0 0 8 0 0 4 3 0 5 3 0 3 2 0 2 2 0 14 5 0 15 5 0 13 4 0 12 4 0 0 7 0 1 7 0 7 6 0 6 6 0 3 8 0 5 8 0 7 8 0 1 8 0 4 9 0 2 9 0 0 9 0 6 9 0 2 9 0 10 9 0 8 9 0 0 9 0 3 2 0 11 1 0 10 1 0 2 2 0 1 8 0 9 8 0 11 8 0 3 8 0 0 7 0 8 10 0 9 10 0 1 7 0 6 9 0 14 9 0 12 9 0 4 9 0 7 6 0 15 11 0 14 11 0 6 6 0 5 8 0 13 8 0 15 8 0 7 8 0 4 3 0 12 4 0 13 4 0 5 3 0</p>
                </polylist>
            </mesh>
        </geometry>
        <geometry id="ID445">
            <mesh>
                <source id="ID446">
                    <float_array id="ID447" count="48">-27.0669 -0.970206 4.48052 -27.0669 0.970206 4.48052 -25.6948 -0.970206 3.10844 -25.6948 0.970206 3.10844 -25.6948 -0.970206 -3.10844 -25.6948 0.970206 -3.10844 -27.0669 -0.970206 -4.48052 -27.0669 0.970206 -4.48052 -8.65608 -0.970206 9.39017 -8.65608 0.970206 9.39017 -8.75762 -0.970206 7.52451 -8.75762 0.970206 7.52451 -5.22029 -0.970206 -7.52451 -5.22029 0.970206 -7.52451 -5.11876 -0.970206 -9.39017 -5.11876 0.970206 -9.39017</float_array>
                    <technique_common>
                        <accessor count="16" source="#ID447" stride="3">
                            <param name="X" type="float"/>
                            <param name="Y" type="float"/>
                            <param name="Z" type="float"/>
                        </accessor>
                    </technique_common>
                </source>
                <source id="ID448">
                    <float_array id="ID449" count="36">0.998522 0 -0.0543417 0.774384 0 -0.632716 0.791295 0 -0.611434 0.778087 0 0.628157 0.760725 0 0.649074 0.998522 0 0.0543414 -0.78048 0 -0.625181 -0.79299 0 0.609234 0 1 -0 0 -1 -0 -0.257667 0 0.966234 -0.218298 0 -0.975882</float_array>
                    <technique_common>
                        <accessor count="12" source="#ID449" stride="3">
                            <param name="X" type="float"/>
                            <param name="Y" type="float"/>
                            <param name="Z" type="float"/>
                        </accessor>
                    </technique_common>
                </source>
                <source id="ID450">
                    <float_array id="ID451" count="2">0 1</float_array>
                    <technique_common>
                        <accessor count="1" source="#ID451" stride="2">
                            <param name="S" type="float"/>
                            <param name="T" type="float"/>
                        </accessor>
                    </technique_common>
                </source>
                <vertices id="ID452">
                    <input semantic="POSITION" source="#ID446"/>
                </vertices>
                <polylist count="14" material="Material1">
                    <input offset="0" semantic="VERTEX" source="#ID452"/>
                    <input offset="1" semantic="NORMAL" source="#ID448"/>
                    <input offset="2" semantic="TEXCOORD" source="#ID450" set="0"/>
                    <vcount>4 4 4 4 4 4 4 4 4 4 4 4 4 4</vcount>
                    <p>10 1 0 11 1 0 9 0 0 8 0 0 4 3 0 5 3 0 3 2 0 2 2 0 14 5 0 15 5 0 13 4 0 12 4 0 0 7 0 1 7 0 7 6 0 6 6 0 3 8 0 5 8 0 7 8 0 1 8 0 4 9 0 2 9 0 0 9 0 6 9 0 2 9 0 10 9 0 8 9 0 0 9 0 3 2 0 11 1 0 10 1 0 2 2 0 1 8 0 9 8 0 11 8 0 3 8 0 0 7 0 8 10 0 9 10 0 1 7 0 6 9 0 14 9 0 12 9 0 4 9 0 7 6 0 15 11 0 14 11 0 6 6 0 5 8 0 13 8 0 15 8 0 7 8 0 4 3 0 12 4 0 13 4 0 5 3 0</p>
                </polylist>
            </mesh>
        </geometry>
        <geometry id="ID454">
            <mesh>
                <source id="ID455">
                    <float_array id="ID456" count="330">71.828 -15.3281 -11.8855 91.4903 -15.3281 -107.699 79.2385 -15.3281 -19.7781 79.2385 -15.3281 -92.0268 76.5577 -21.8002 -19.7781 76.5577 -21.8002 -92.0268 70.0856 -24.4811 -19.7781 70.0856 -24.4811 -92.0268 63.6135 -21.8002 -19.7781 63.6135 -21.8002 -92.0268 60.9326 -15.3281 -19.7781 60.9326 -15.3281 -92.0268 63.6135 -8.85604 -19.7781 63.6135 -8.85604 -92.0268 70.0856 -6.17521 -19.7781 70.0856 -6.17521 -92.0268 76.5577 -8.85604 -19.7781 76.5577 -8.85604 -92.0268 74.108 -15.3281 -19.7781 72.9298 -18.1724 -19.7781 70.0856 -19.3505 -19.7781 67.2413 -18.1724 -19.7781 66.0632 -15.3281 -19.7781 67.2413 -12.4839 -19.7781 70.0856 -11.3057 -19.7781 72.9298 -12.4839 -19.7781 74.108 -15.3281 -92.0268 72.9298 -18.1724 -92.0268 70.0856 -19.3505 -92.0268 67.2413 -18.1724 -92.0268 66.0632 -15.3281 -92.0268 67.2413 -12.4839 -92.0268 70.0856 -11.3057 -92.0268 72.9298 -12.4839 -92.0268 74.108 -15.3281 -13.1523 72.9298 -18.1724 -13.1523 70.0856 -19.3505 -13.1523 67.2413 -18.1724 -13.1523 66.0632 -15.3281 -13.1523 67.2413 -12.4839 -13.1523 70.0856 -11.3057 -13.1523 72.9298 -12.4839 -13.1523 74.108 -15.3281 -98.6526 72.9298 -18.1724 -98.6526 70.0856 -19.3505 -98.6526 67.2413 -18.1724 -98.6526 66.0632 -15.3281 -98.6526 67.2413 -12.4839 -98.6526 70.0856 -11.3057 -98.6526 72.9298 -12.4839 -98.6526 69.5185 -15.3281 -4.49133 68.6854 -18.1724 -5.3244 66.6742 -19.3505 -7.33559 64.663 -18.1724 -9.34679 63.83 -15.3281 -10.1799 64.663 -12.4839 -9.34679 66.6742 -11.3057 -7.33559 68.6854 -12.4839 -5.3244 76.3239 -15.3281 -101.825 75.4908 -18.1724 -102.658 73.4796 -19.3505 -104.669 71.4684 -18.1724 -106.68 70.6354 -15.3281 -107.514 71.4684 -12.4839 -106.68 73.4796 -11.3057 -104.669 75.4908 -12.4839 -102.658 59.7683 -15.3281 -0.345949 59.7683 -18.1724 -1.52408 59.7683 -19.3505 -4.36835 59.7683 -18.1724 -7.21261 59.7683 -15.3281 -8.39074 59.7683 -12.4839 -7.21261 59.7683 -11.3057 -4.36835 59.7683 -12.4839 -1.52408 81.7271 -15.3281 -103.676 81.7271 -18.1724 -104.855 81.7271 -19.3505 -107.699 81.7271 -18.1724 -110.543 81.7271 -15.3281 -111.721 81.7271 -12.4839 -110.543 81.7271 -11.3057 -107.699 81.7271 -12.4839 -104.855 59.7683 -15.3281 -1.64482 59.7683 -17.254 -2.44252 59.7683 -18.0517 -4.36835 59.7683 -17.254 -6.29417 59.7683 -15.3281 -7.09187 59.7683 -13.4023 -6.29417 59.7683 -12.6046 -4.36835 59.7683 -13.4023 -2.44252 71.828 -15.3281 -9.16193 71.828 -17.254 -9.95963 71.828 -18.0517 -11.8855 71.828 -17.254 -13.8113 71.828 -15.3281 -14.609 71.828 -13.4023 -13.8113 71.828 -12.6046 -11.8855 71.828 -13.4023 -9.95963 90.6738 -15.3281 -103.76 90.9129 -18.1724 -104.914 91.4903 -19.3505 -107.699 92.0676 -18.1724 -110.484 92.3068 -15.3281 -111.637 92.0676 -12.4839 -110.484 91.4903 -11.3057 -107.699 90.9129 -12.4839 -104.914 83.6914 -15.397 -19.7781 82.5132 -18.2413 -19.7781 83.6914 -15.397 -13.1523 82.5132 -18.2413 -13.1523</float_array>
                    <technique_common>
                        <accessor count="110" source="#ID456" stride="3">
                            <param name="X" type="float"/>
                            <param name="Y" type="float"/>
                            <param name="Z" type="float"/>
                        </accessor>
                    </technique_common>
                </source>
                <source id="ID457">
                    <float_array id="ID458" count="282">-1 0 -0 -0.882079 5.26095e-008 -0.471102 -0.848996 0.382456 -0.364599 1 1.61289e-008 -0 0.707107 -0.707107 -0 0.171072 -0.000273425 0.985258 0.00790381 5.27192e-005 0.999969 0.00463904 -0.704261 0.709926 0.123573 -0.700719 0.702654 -0.743787 0.668416 2.43832e-007 0 -1 -0 0.00127487 -0.999999 0.000119514 -0.000492219 -1 0.000422963 -0.707107 -0.707107 -0 0.00400968 -0.704543 -0.70965 -0.126986 -0.701896 -0.700868 0.00682439 3.94918e-005 -0.999977 -0.177202 -6.74785e-005 -0.984175 -0.707107 0.707107 -0 0.0040213 0.704646 -0.709547 -0.12708 0.701662 -0.701085 -0.743787 -0.668417 -4.43332e-008 2.09676e-007 1 -0 0.00127199 0.999999 0.000106499 -0.000439416 1 0.000616013 -0.848997 -0.382456 -0.364599 0.707107 0.707107 -0 0.00462379 0.704383 0.709805 0.123741 0.700196 0.703146 0 0 1 0 0 -1 0.397689 -0.815862 0.419778 -0.00718764 -0.999974 -0 0.191564 -0.98148 -0 0.00256959 -0.999986 -0.00474203 -0.66946 -0.712205 -0.211157 -0.951647 -0.00177374 -0.307188 -0.707107 0.707107 -0 -0.671926 0.709188 -0.213466 4.19351e-007 1 -0 0.00163365 0.999982 -0.00575098 0.707107 0.707107 -0 0.684787 0.706803 0.177474 0.558555 0.829468 -0 0.741169 0.397089 0.541284 1 8.06445e-008 -0 0.95631 -0.00147786 0.29235 0.673406 -0.71116 0.201928 0.707107 -0.707107 -0 -0.00218818 -0.999989 0.00405622 -0.685315 -0.70754 -0.172425 -0.707107 -0.707107 -0 -0.970945 -0.000296969 -0.239303 -0.686179 0.706538 -0.173096 -0.00138823 0.999987 0.00483657 4.3548e-007 1 -0 0.675525 0.708626 0.203752 0.475657 -0.707093 0.52323 0.674805 -0.00031837 0.737996 0.00213631 -0.999987 -0.0046369 -0.455035 -0.699793 -0.550667 -0.630674 -0.00160853 -0.776047 -0.457275 0.696828 -0.552568 0.00123263 0.999984 -0.00556643 0.476663 0.705978 0.52382 0.611791 -0.00179382 0.791017 0.438329 -0.70613 0.5561 -0.00334097 -0.999985 0.00444607 -0.465008 -0.710896 -0.527631 -0.663807 -0.000398626 -0.747904 -0.466021 0.709579 -0.528509 -0.00248431 0.999982 0.00543466 0.440579 0.702893 0.558418 0.285026 -0.686917 0.66851 0.391664 5.98628e-005 0.920108 -0.73902 -0.673683 0.000182588 -0.82042 -0.410399 -0.398101 -0.849073 0.000149473 -0.528275 -0.82038 0.410707 -0.397865 -0.7389 0.673815 0.000296576 0.284945 0.687126 0.668329 -1 2.3709e-007 7.32294e-007 -0.848997 0.382456 -0.364599 -0.743787 0.668417 7.88504e-007 -1 -7.32295e-007 2.37091e-007 -1 -4.6836e-008 5.87253e-007 -1 6.85459e-007 3.50162e-007 -0.743787 -0.668417 4.65502e-007 -1 -3.50161e-007 6.85459e-007 -0.848997 -0.382456 -0.364599 0.395106 0.664909 0.633866 0.528978 4.73849e-008 0.848636 0.395106 -0.66491 0.633866 0.00718754 0.999974 -0</float_array>
                    <technique_common>
                        <accessor count="94" source="#ID458" stride="3">
                            <param name="X" type="float"/>
                            <param name="Y" type="float"/>
                            <param name="Z" type="float"/>
                        </accessor>
                    </technique_common>
                </source>
                <source id="ID459">
                    <float_array id="ID460" count="2">0 1</float_array>
                    <technique_common>
                        <accessor count="1" source="#ID460" stride="2">
                            <param name="S" type="float"/>
                            <param name="T" type="float"/>
                        </accessor>
                    </technique_common>
                </source>
                <vertices id="ID461">
                    <input semantic="POSITION" source="#ID455"/>
                </vertices>
                <polylist count="107" material="Material1">
                    <input offset="0" semantic="VERTEX" source="#ID461"/>
                    <input offset="1" semantic="NORMAL" source="#ID457"/>
                    <input offset="2" semantic="TEXCOORD" source="#ID459" set="0"/>
                    <vcount>3 4 4 3 4 4 3 4 4 3 4 4 3 4 4 3 4 4 3 4 4 3 4 4 4 4 4 4 4 4 4 4 4 4 4 4 4 4 4 4 4 4 4 4 4 4 4 4 4 4 4 4 4 4 4 4 4 4 4 4 4 4 4 4 4 4 4 4 4 4 4 4 4 4 4 4 4 4 4 4 4 4 4 4 4 4 4 4 4 4 4 4 4 4 4 4 4 4 4 4 4 4 4 4 4 4 4</vcount>
                    <p>91 2 0 90 1 0 0 0 0 4 4 0 5 4 0 3 3 0 2 3 0 75 8 0 99 7 0 98 6 0 74 5 0 92 9 0 91 2 0 0 0 0 6 10 0 7 10 0 5 4 0 4 4 0 76 12 0 100 11 0 99 7 0 75 8 0 93 0 0 92 9 0 0 0 0 8 13 0 9 13 0 7 10 0 6 10 0 77 15 0 101 14 0 100 11 0 76 12 0 94 0 0 93 0 0 0 0 0 10 0 0 11 0 0 9 13 0 8 13 0 78 17 0 102 16 0 101 14 0 77 15 0 95 0 0 94 0 0 0 0 0 12 18 0 13 18 0 11 0 0 10 0 0 79 20 0 103 19 0 102 16 0 78 17 0 96 21 0 95 0 0 0 0 0 14 22 0 15 22 0 13 18 0 12 18 0 80 24 0 104 23 0 103 19 0 79 20 0 97 25 0 96 21 0 0 0 0 16 26 0 17 26 0 15 22 0 14 22 0 81 28 0 105 27 0 104 23 0 80 24 0 90 1 0 97 25 0 0 0 0 2 3 0 3 3 0 17 26 0 16 26 0 74 5 0 98 6 0 105 27 0 81 28 0 2 29 0 18 29 0 19 29 0 4 29 0 4 29 0 19 29 0 20 29 0 6 29 0 6 29 0 20 29 0 21 29 0 8 29 0 8 29 0 21 29 0 22 29 0 10 29 0 10 29 0 22 29 0 23 29 0 12 29 0 12 29 0 23 29 0 24 29 0 14 29 0 14 29 0 24 29 0 25 29 0 16 29 0 16 29 0 25 29 0 18 29 0 2 29 0 5 30 0 27 30 0 26 30 0 3 30 0 7 30 0 28 30 0 27 30 0 5 30 0 9 30 0 29 30 0 28 30 0 7 30 0 11 30 0 30 30 0 29 30 0 9 30 0 13 30 0 31 30 0 30 30 0 11 30 0 15 30 0 32 30 0 31 30 0 13 30 0 17 30 0 33 30 0 32 30 0 15 30 0 3 30 0 26 30 0 33 30 0 17 30 0 19 33 0 107 32 0 109 32 0 35 31 0 19 33 0 35 31 0 36 34 0 20 10 0 20 10 0 36 34 0 37 35 0 21 13 0 21 13 0 37 35 0 38 36 0 22 0 0 22 0 0 38 36 0 39 38 0 23 37 0 23 37 0 39 38 0 40 40 0 24 39 0 24 39 0 40 40 0 41 42 0 25 41 0 25 41 0 41 42 0 34 44 0 18 43 0 27 48 0 43 47 0 42 46 0 26 45 0 28 10 0 44 49 0 43 47 0 27 48 0 29 51 0 45 50 0 44 49 0 28 10 0 30 0 0 46 52 0 45 50 0 29 51 0 31 37 0 47 53 0 46 52 0 30 0 0 32 55 0 48 54 0 47 53 0 31 37 0 33 41 0 49 56 0 48 54 0 32 55 0 26 45 0 42 46 0 49 56 0 33 41 0 34 44 0 50 58 0 51 57 0 35 31 0 35 31 0 51 57 0 52 59 0 36 34 0 36 34 0 52 59 0 53 60 0 37 35 0 37 35 0 53 60 0 54 61 0 38 36 0 38 36 0 54 61 0 55 62 0 39 38 0 39 38 0 55 62 0 56 63 0 40 40 0 40 40 0 56 63 0 57 64 0 41 42 0 41 42 0 57 64 0 50 58 0 34 44 0 43 47 0 59 66 0 58 65 0 42 46 0 44 49 0 60 67 0 59 66 0 43 47 0 45 50 0 61 68 0 60 67 0 44 49 0 46 52 0 62 69 0 61 68 0 45 50 0 47 53 0 63 70 0 62 69 0 46 52 0 48 54 0 64 71 0 63 70 0 47 53 0 49 56 0 65 72 0 64 71 0 48 54 0 42 46 0 58 65 0 65 72 0 49 56 0 50 58 0 66 74 0 67 73 0 51 57 0 51 57 0 67 73 0 68 75 0 52 59 0 52 59 0 68 75 0 69 76 0 53 60 0 53 60 0 69 76 0 70 77 0 54 61 0 54 61 0 70 77 0 71 78 0 55 62 0 55 62 0 71 78 0 72 79 0 56 63 0 56 63 0 72 79 0 73 80 0 57 64 0 57 64 0 73 80 0 66 74 0 50 58 0 59 66 0 75 8 0 74 5 0 58 65 0 60 67 0 76 12 0 75 8 0 59 66 0 61 68 0 77 15 0 76 12 0 60 67 0 62 69 0 78 17 0 77 15 0 61 68 0 63 70 0 79 20 0 78 17 0 62 69 0 64 71 0 80 24 0 79 20 0 63 70 0 65 72 0 81 28 0 80 24 0 64 71 0 58 65 0 74 5 0 81 28 0 65 72 0 66 0 0 82 1 0 83 82 0 67 81 0 67 81 0 83 82 0 84 83 0 68 75 0 68 75 0 84 83 0 85 84 0 69 76 0 69 76 0 85 84 0 86 85 0 70 77 0 70 77 0 86 85 0 87 86 0 71 78 0 71 78 0 87 86 0 88 87 0 72 79 0 72 79 0 88 87 0 89 89 0 73 88 0 73 88 0 89 89 0 82 1 0 66 0 0 82 1 0 90 1 0 91 2 0 83 82 0 83 82 0 91 2 0 92 9 0 84 83 0 84 83 0 92 9 0 93 90 0 85 90 0 85 90 0 93 90 0 94 91 0 86 91 0 86 91 0 94 91 0 95 92 0 87 92 0 87 92 0 95 92 0 96 21 0 88 87 0 88 87 0 96 21 0 97 25 0 89 89 0 89 89 0 97 25 0 90 1 0 82 1 0 18 30 0 106 30 0 107 30 0 19 30 0 34 44 0 108 93 0 106 93 0 18 43 0 35 31 0 109 29 0 108 29 0 34 44 0</p>
                </polylist>
            </mesh>
        </geometry>
        <geometry id="ID463">
            <mesh>
                <source id="ID464">
                    <float_array id="ID465" count="657">71.828 -15.3281 -11.8855 91.4903 -15.3281 -107.699 79.2385 -15.3281 -19.7781 79.2385 -15.3281 -92.0268 76.5577 -21.8002 -19.7781 76.5577 -21.8002 -92.0268 70.0856 -24.4811 -19.7781 70.0856 -24.4811 -92.0268 63.6135 -21.8002 -19.7781 63.6135 -21.8002 -92.0268 60.9326 -15.3281 -19.7781 60.9326 -15.3281 -92.0268 63.6135 -8.85604 -19.7781 63.6135 -8.85604 -92.0268 70.0856 -6.17521 -19.7781 70.0856 -6.17521 -92.0268 76.5577 -8.85604 -19.7781 76.5577 -8.85604 -92.0268 74.108 -15.3281 -19.7781 72.9298 -18.1724 -19.7781 70.0856 -19.3505 -19.7781 67.2413 -18.1724 -19.7781 66.0632 -15.3281 -19.7781 67.2413 -12.4839 -19.7781 70.0856 -11.3057 -19.7781 72.9298 -12.4839 -19.7781 74.108 -15.3281 -92.0268 72.9298 -18.1724 -92.0268 70.0856 -19.3505 -92.0268 67.2413 -18.1724 -92.0268 66.0632 -15.3281 -92.0268 67.2413 -12.4839 -92.0268 70.0856 -11.3057 -92.0268 72.9298 -12.4839 -92.0268 74.108 -15.3281 -13.1523 72.9298 -18.1724 -13.1523 70.0856 -19.3505 -13.1523 67.2413 -18.1724 -13.1523 66.0632 -15.3281 -13.1523 67.2413 -12.4839 -13.1523 70.0856 -11.3057 -13.1523 72.9298 -12.4839 -13.1523 74.108 -15.3281 -98.6526 72.9298 -18.1724 -98.6526 70.0856 -19.3505 -98.6526 67.2413 -18.1724 -98.6526 66.0632 -15.3281 -98.6526 67.2413 -12.4839 -98.6526 70.0856 -11.3057 -98.6526 72.9298 -12.4839 -98.6526 69.5185 -15.3281 -4.49133 68.6854 -18.1724 -5.3244 66.6742 -19.3505 -7.33559 64.663 -18.1724 -9.34679 63.83 -15.3281 -10.1799 64.663 -12.4839 -9.34679 66.6742 -11.3057 -7.33559 68.6854 -12.4839 -5.3244 76.3239 -15.3281 -101.825 75.4908 -18.1724 -102.658 73.4796 -19.3505 -104.669 71.4684 -18.1724 -106.68 70.6354 -15.3281 -107.514 71.4684 -12.4839 -106.68 73.4796 -11.3057 -104.669 75.4908 -12.4839 -102.658 59.7683 -15.3281 -0.345949 59.7683 -18.1724 -1.52408 59.7683 -19.3505 -4.36835 59.7683 -18.1724 -7.21261 59.7683 -15.3281 -8.39074 59.7683 -12.4839 -7.21261 59.7683 -11.3057 -4.36835 59.7683 -12.4839 -1.52408 81.7271 -15.3281 -103.676 81.7271 -18.1724 -104.855 81.7271 -19.3505 -107.699 81.7271 -18.1724 -110.543 81.7271 -15.3281 -111.721 81.7271 -12.4839 -110.543 81.7271 -11.3057 -107.699 81.7271 -12.4839 -104.855 59.7683 -15.3281 -1.64482 59.7683 -17.254 -2.44252 59.7683 -18.0517 -4.36835 59.7683 -17.254 -6.29417 59.7683 -15.3281 -7.09187 59.7683 -13.4023 -6.29417 59.7683 -12.6046 -4.36835 59.7683 -13.4023 -2.44252 71.828 -15.3281 -9.16193 71.828 -17.254 -9.95963 71.828 -18.0517 -11.8855 71.828 -17.254 -13.8113 71.828 -15.3281 -14.609 71.828 -13.4023 -13.8113 71.828 -12.6046 -11.8855 71.828 -13.4023 -9.95963 90.6738 -15.3281 -103.76 90.9129 -18.1724 -104.914 91.4903 -19.3505 -107.699 92.0676 -18.1724 -110.484 92.3068 -15.3281 -111.637 92.0676 -12.4839 -110.484 91.4903 -11.3057 -107.699 90.9129 -12.4839 -104.914 83.6914 -15.397 -19.7781 82.5132 -18.2413 -19.7781 83.6914 -15.397 -13.1523 82.5132 -18.2413 -13.1523 219.499 -15.3281 -11.8855 212.088 -15.3281 -19.7781 212.088 -15.3281 -92.0268 214.769 -21.8002 -19.7781 214.769 -21.8002 -92.0268 221.241 -24.4811 -19.7781 221.241 -24.4811 -92.0268 227.714 -21.8002 -19.7781 227.714 -21.8002 -92.0268 230.394 -15.3281 -19.7781 230.394 -15.3281 -92.0268 227.714 -8.85604 -19.7781 227.714 -8.85604 -92.0268 221.241 -6.17521 -19.7781 221.241 -6.17521 -92.0268 214.769 -8.85604 -19.7781 214.769 -8.85604 -92.0268 217.219 -15.3281 -19.7781 218.397 -18.1724 -19.7781 221.241 -19.3505 -19.7781 224.086 -18.1724 -19.7781 225.264 -15.3281 -19.7781 224.086 -12.4839 -19.7781 221.241 -11.3057 -19.7781 218.397 -12.4839 -19.7781 217.219 -15.3281 -92.0268 218.397 -18.1724 -92.0268 221.241 -19.3505 -92.0268 224.086 -18.1724 -92.0268 225.264 -15.3281 -92.0268 224.086 -12.4839 -92.0268 221.241 -11.3057 -92.0268 218.397 -12.4839 -92.0268 217.219 -15.3281 -13.1523 218.397 -18.1724 -13.1523 221.241 -19.3505 -13.1523 224.086 -18.1724 -13.1523 225.264 -15.3281 -13.1523 224.086 -12.4839 -13.1523 221.241 -11.3057 -13.1523 218.397 -12.4839 -13.1523 217.219 -15.3281 -98.6526 218.397 -18.1724 -98.6526 221.241 -19.3505 -98.6526 224.086 -18.1724 -98.6526 225.264 -15.3281 -98.6526 224.086 -12.4839 -98.6526 221.241 -11.3057 -98.6526 218.397 -12.4839 -98.6526 221.808 -15.3281 -4.49133 222.642 -18.1724 -5.3244 224.653 -19.3505 -7.33559 226.664 -18.1724 -9.34679 227.497 -15.3281 -10.1799 226.664 -12.4839 -9.34679 224.653 -11.3057 -7.33559 222.642 -12.4839 -5.3244 215.003 -15.3281 -101.825 215.836 -18.1724 -102.658 217.847 -19.3505 -104.669 219.859 -18.1724 -106.68 220.692 -15.3281 -107.514 219.859 -12.4839 -106.68 217.847 -11.3057 -104.669 215.836 -12.4839 -102.658 231.559 -15.3281 -0.345949 231.559 -18.1724 -1.52408 231.559 -19.3505 -4.36835 231.559 -18.1724 -7.21261 231.559 -15.3281 -8.39074 231.559 -12.4839 -7.21261 231.559 -11.3057 -4.36835 231.559 -12.4839 -1.52408 209.6 -15.3281 -103.676 209.6 -18.1724 -104.855 209.6 -19.3505 -107.699 209.6 -18.1724 -110.543 209.6 -15.3281 -111.721 209.6 -12.4839 -110.543 209.6 -11.3057 -107.699 209.6 -12.4839 -104.855 231.559 -15.3281 -1.64482 231.559 -17.254 -2.44252 231.559 -18.0517 -4.36835 231.559 -17.254 -6.29417 231.559 -15.3281 -7.09187 231.559 -13.4023 -6.29417 231.559 -12.6046 -4.36835 231.559 -13.4023 -2.44252 219.499 -15.3281 -9.16193 219.499 -17.254 -9.95963 219.499 -18.0517 -11.8855 219.499 -17.254 -13.8113 219.499 -15.3281 -14.609 219.499 -13.4023 -13.8113 219.499 -12.6046 -11.8855 219.499 -13.4023 -9.95963 200.653 -15.3281 -103.76 200.414 -18.1724 -104.914 199.837 -19.3505 -107.699 199.259 -18.1724 -110.484 199.02 -15.3281 -111.637 199.259 -12.4839 -110.484 199.837 -11.3057 -107.699 200.414 -12.4839 -104.914 207.636 -15.397 -19.7781 208.814 -18.2413 -19.7781 207.636 -15.397 -13.1523 208.814 -18.2413 -13.1523</float_array>
                    <technique_common>
                        <accessor count="219" source="#ID465" stride="3">
                            <param name="X" type="float"/>
                            <param name="Y" type="float"/>
                            <param name="Z" type="float"/>
                        </accessor>
                    </technique_common>
                </source>
                <source id="ID466">
                    <float_array id="ID467" count="558">-1 0 -0 -0.882079 5.26095e-008 -0.471102 -0.848996 0.382456 -0.364599 1 1.61289e-008 -0 0.707107 -0.707107 -0 0.171072 -0.000273425 0.985258 0.00790381 5.27192e-005 0.999969 0.00463904 -0.704261 0.709926 0.123573 -0.700719 0.702654 -0.743787 0.668416 2.43832e-007 0 -1 -0 0.00127487 -0.999999 0.000119514 -0.000492219 -1 0.000422963 -0.707107 -0.707107 -0 0.00400968 -0.704543 -0.70965 -0.126986 -0.701896 -0.700868 0.00682439 3.94918e-005 -0.999977 -0.177202 -6.74785e-005 -0.984175 -0.707107 0.707107 -0 0.0040213 0.704646 -0.709547 -0.12708 0.701662 -0.701085 -0.743787 -0.668417 -4.43332e-008 2.09676e-007 1 -0 0.00127199 0.999999 0.000106499 -0.000439416 1 0.000616013 -0.848997 -0.382456 -0.364599 0.707107 0.707107 -0 0.00462379 0.704383 0.709805 0.123741 0.700196 0.703146 0 0 1 0 0 -1 0.397689 -0.815862 0.419778 -0.00718764 -0.999974 -0 0.191564 -0.98148 -0 0.00256959 -0.999986 -0.00474203 -0.66946 -0.712205 -0.211157 -0.951647 -0.00177374 -0.307188 -0.707107 0.707107 -0 -0.671926 0.709188 -0.213466 4.19351e-007 1 -0 0.00163365 0.999982 -0.00575098 0.707107 0.707107 -0 0.684787 0.706803 0.177474 0.558555 0.829468 -0 0.741169 0.397089 0.541284 1 8.06445e-008 -0 0.95631 -0.00147786 0.29235 0.673406 -0.71116 0.201928 0.707107 -0.707107 -0 -0.00218818 -0.999989 0.00405622 -0.685315 -0.70754 -0.172425 -0.707107 -0.707107 -0 -0.970945 -0.000296969 -0.239303 -0.686179 0.706538 -0.173096 -0.00138823 0.999987 0.00483657 4.3548e-007 1 -0 0.675525 0.708626 0.203752 0.475657 -0.707093 0.52323 0.674805 -0.00031837 0.737996 0.00213631 -0.999987 -0.0046369 -0.455035 -0.699793 -0.550667 -0.630674 -0.00160853 -0.776047 -0.457275 0.696828 -0.552568 0.00123263 0.999984 -0.00556643 0.476663 0.705978 0.52382 0.611791 -0.00179382 0.791017 0.438329 -0.70613 0.5561 -0.00334097 -0.999985 0.00444607 -0.465008 -0.710896 -0.527631 -0.663807 -0.000398626 -0.747904 -0.466021 0.709579 -0.528509 -0.00248431 0.999982 0.00543466 0.440579 0.702893 0.558418 0.285026 -0.686917 0.66851 0.391664 5.98628e-005 0.920108 -0.73902 -0.673683 0.000182588 -0.82042 -0.410399 -0.398101 -0.849073 0.000149473 -0.528275 -0.82038 0.410707 -0.397865 -0.7389 0.673815 0.000296576 0.284945 0.687126 0.668329 -1 2.3709e-007 7.32294e-007 -0.848997 0.382456 -0.364599 -0.743787 0.668417 7.88504e-007 -1 -7.32295e-007 2.37091e-007 -1 -4.6836e-008 5.87253e-007 -1 6.85459e-007 3.50162e-007 -0.743787 -0.668417 4.65502e-007 -1 -3.50161e-007 6.85459e-007 -0.848997 -0.382456 -0.364599 0.395106 0.664909 0.633866 0.528978 4.73849e-008 0.848636 0.395106 -0.66491 0.633866 0.00718754 0.999974 -0 1 0 -0 0.848996 0.382455 -0.364599 0.882079 -1.75365e-008 -0.471102 -1 1.61289e-008 -0 -0.707107 -0.707107 -0 -0.171072 -0.000273385 0.985259 -0.123573 -0.700719 0.702654 -0.00463904 -0.704261 0.709926 -0.00790381 5.27353e-005 0.999969 0.743787 0.668416 1.88416e-007 -4.19351e-007 -1 -0 0.000492262 -1 0.000423012 -0.00127487 -0.999999 0.000119498 0.707107 -0.707107 -0 0.126986 -0.701896 -0.700868 -0.00400968 -0.704543 -0.70965 0.177202 -6.74622e-005 -0.984175 -0.00682439 3.95079e-005 -0.999977 0.707107 0.707107 -0 0.127081 0.701662 -0.701085 -0.00402129 0.704646 -0.709547 0.743787 -0.668417 -1.33e-007 -5.96769e-007 1 -0 0.000439452 1 0.000616054 -0.00127199 0.999999 0.000106451 0.848996 -0.382456 -0.364599 -0.707107 0.707107 -0 -0.123741 0.700196 0.703146 -0.00462379 0.704383 0.709805 -0.397689 -0.815862 0.419778 -0.191565 -0.98148 -0 0.00718764 -0.999974 -0 -9.35476e-007 -1 -0 -0.00257015 -0.999985 -0.00474195 0.707106 -0.707107 -0 0.66946 -0.712205 -0.211158 0.951647 -0.00177374 -0.307188 0.707106 0.707107 -0 0.671926 0.709188 -0.213466 -1.37096e-006 1 -0 -0.0016343 0.999982 -0.0057508 -0.707107 0.707106 -0 -0.684787 0.706802 0.177474 -0.558555 0.829468 -0 -0.741169 0.397089 0.541284 -1 8.06445e-008 -0 -0.707107 -0.707106 -0 -0.673406 -0.71116 0.201928 -0.95631 -0.0014779 0.29235 -9.67734e-007 -1 -0 0.00218737 -0.999989 0.00405632 0.707107 -0.707107 -0 0.685315 -0.70754 -0.172425 0.970945 -0.000296961 -0.239303 0.707106 0.707107 -0 0.686179 0.706538 -0.173096 -1.35483e-006 1 -0 0.00138738 0.999987 0.00483669 -0.707107 0.707106 -0 -0.675525 0.708626 0.203752 -0.674804 -0.000318362 0.737997 -0.475658 -0.707093 0.52323 -0.00213638 -0.999987 -0.00463685 0.455035 -0.699793 -0.550667 0.630674 -0.00160857 -0.776046 0.457275 0.696828 -0.552567 -0.00123277 0.999984 -0.0055663 -0.476663 0.705978 0.523821 -0.43833 -0.70613 0.5561 -0.611791 -0.00179381 0.791017 0.00334069 -0.999985 0.00444622 0.465008 -0.710896 -0.527631 0.663807 -0.000398601 -0.747904 0.46602 0.709579 -0.528509 0.00248396 0.999982 0.00543485 -0.440579 0.702893 0.558418 -0.391664 5.98788e-005 0.920108 -0.285026 -0.686917 0.66851 0.73902 -0.673683 0.000182027 0.82042 -0.4104 -0.3981 0.849074 0.000149339 -0.528275 0.820379 0.410709 -0.397864 0.7389 0.673815 0.000296015 -0.284946 0.687126 0.668329 0.848997 0.382455 -0.364599 1 -2.92918e-006 9.48364e-007 1 -1.87344e-007 2.34901e-006 1 2.74184e-006 1.40065e-006 -0.395106 0.66491 0.633866 -0.528978 1.10565e-007 0.848636 -0.395106 -0.66491 0.633866 -0.00718754 0.999974 -0</float_array>
                    <technique_common>
                        <accessor count="186" source="#ID467" stride="3">
                            <param name="X" type="float"/>
                            <param name="Y" type="float"/>
                            <param name="Z" type="float"/>
                        </accessor>
                    </technique_common>
                </source>
                <source id="ID468">
                    <float_array id="ID469" count="2">0 1</float_array>
                    <technique_common>
                        <accessor count="1" source="#ID469" stride="2">
                            <param name="S" type="float"/>
                            <param name="T" type="float"/>
                        </accessor>
                    </technique_common>
                </source>
                <vertices id="ID470">
                    <input semantic="POSITION" source="#ID464"/>
                </vertices>
                <polylist count="214" material="Material1">
                    <input offset="0" semantic="VERTEX" source="#ID470"/>
                    <input offset="1" semantic="NORMAL" source="#ID466"/>
                    <input offset="2" semantic="TEXCOORD" source="#ID468" set="0"/>
                    <vcount>3 4 4 3 4 4 3 4 4 3 4 4 3 4 4 3 4 4 3 4 4 3 4 4 4 4 4 4 4 4 4 4 4 4 4 4 4 4 4 4 4 4 4 4 4 4 4 4 4 4 4 4 4 4 4 4 4 4 4 4 4 4 4 4 4 4 4 4 4 4 4 4 4 4 4 4 4 4 4 4 4 4 4 4 4 4 4 4 4 4 4 4 4 4 4 4 4 4 4 4 4 4 4 4 4 4 4 3 4 4 3 4 4 3 4 4 3 4 4 3 4 4 3 4 4 3 4 4 3 4 4 4 4 4 4 4 4 4 4 4 4 4 4 4 4 4 4 4 4 4 4 4 4 4 4 4 4 4 4 4 4 4 4 4 4 4 4 4 4 4 4 4 4 4 4 4 4 4 4 4 4 4 4 4 4 4 4 4 4 4 4 4 4 4 4 4 4 4 4 4 4 4 4 4 4 4 4 4 4 4 4 4 4 4</vcount>
                    <p>91 2 0 90 1 0 0 0 0 4 4 0 5 4 0 3 3 0 2 3 0 75 8 0 99 7 0 98 6 0 74 5 0 92 9 0 91 2 0 0 0 0 6 10 0 7 10 0 5 4 0 4 4 0 76 12 0 100 11 0 99 7 0 75 8 0 93 0 0 92 9 0 0 0 0 8 13 0 9 13 0 7 10 0 6 10 0 77 15 0 101 14 0 100 11 0 76 12 0 94 0 0 93 0 0 0 0 0 10 0 0 11 0 0 9 13 0 8 13 0 78 17 0 102 16 0 101 14 0 77 15 0 95 0 0 94 0 0 0 0 0 12 18 0 13 18 0 11 0 0 10 0 0 79 20 0 103 19 0 102 16 0 78 17 0 96 21 0 95 0 0 0 0 0 14 22 0 15 22 0 13 18 0 12 18 0 80 24 0 104 23 0 103 19 0 79 20 0 97 25 0 96 21 0 0 0 0 16 26 0 17 26 0 15 22 0 14 22 0 81 28 0 105 27 0 104 23 0 80 24 0 90 1 0 97 25 0 0 0 0 2 3 0 3 3 0 17 26 0 16 26 0 74 5 0 98 6 0 105 27 0 81 28 0 2 29 0 18 29 0 19 29 0 4 29 0 4 29 0 19 29 0 20 29 0 6 29 0 6 29 0 20 29 0 21 29 0 8 29 0 8 29 0 21 29 0 22 29 0 10 29 0 10 29 0 22 29 0 23 29 0 12 29 0 12 29 0 23 29 0 24 29 0 14 29 0 14 29 0 24 29 0 25 29 0 16 29 0 16 29 0 25 29 0 18 29 0 2 29 0 5 30 0 27 30 0 26 30 0 3 30 0 7 30 0 28 30 0 27 30 0 5 30 0 9 30 0 29 30 0 28 30 0 7 30 0 11 30 0 30 30 0 29 30 0 9 30 0 13 30 0 31 30 0 30 30 0 11 30 0 15 30 0 32 30 0 31 30 0 13 30 0 17 30 0 33 30 0 32 30 0 15 30 0 3 30 0 26 30 0 33 30 0 17 30 0 19 33 0 107 32 0 109 32 0 35 31 0 19 33 0 35 31 0 36 34 0 20 10 0 20 10 0 36 34 0 37 35 0 21 13 0 21 13 0 37 35 0 38 36 0 22 0 0 22 0 0 38 36 0 39 38 0 23 37 0 23 37 0 39 38 0 40 40 0 24 39 0 24 39 0 40 40 0 41 42 0 25 41 0 25 41 0 41 42 0 34 44 0 18 43 0 27 48 0 43 47 0 42 46 0 26 45 0 28 10 0 44 49 0 43 47 0 27 48 0 29 51 0 45 50 0 44 49 0 28 10 0 30 0 0 46 52 0 45 50 0 29 51 0 31 37 0 47 53 0 46 52 0 30 0 0 32 55 0 48 54 0 47 53 0 31 37 0 33 41 0 49 56 0 48 54 0 32 55 0 26 45 0 42 46 0 49 56 0 33 41 0 34 44 0 50 58 0 51 57 0 35 31 0 35 31 0 51 57 0 52 59 0 36 34 0 36 34 0 52 59 0 53 60 0 37 35 0 37 35 0 53 60 0 54 61 0 38 36 0 38 36 0 54 61 0 55 62 0 39 38 0 39 38 0 55 62 0 56 63 0 40 40 0 40 40 0 56 63 0 57 64 0 41 42 0 41 42 0 57 64 0 50 58 0 34 44 0 43 47 0 59 66 0 58 65 0 42 46 0 44 49 0 60 67 0 59 66 0 43 47 0 45 50 0 61 68 0 60 67 0 44 49 0 46 52 0 62 69 0 61 68 0 45 50 0 47 53 0 63 70 0 62 69 0 46 52 0 48 54 0 64 71 0 63 70 0 47 53 0 49 56 0 65 72 0 64 71 0 48 54 0 42 46 0 58 65 0 65 72 0 49 56 0 50 58 0 66 74 0 67 73 0 51 57 0 51 57 0 67 73 0 68 75 0 52 59 0 52 59 0 68 75 0 69 76 0 53 60 0 53 60 0 69 76 0 70 77 0 54 61 0 54 61 0 70 77 0 71 78 0 55 62 0 55 62 0 71 78 0 72 79 0 56 63 0 56 63 0 72 79 0 73 80 0 57 64 0 57 64 0 73 80 0 66 74 0 50 58 0 59 66 0 75 8 0 74 5 0 58 65 0 60 67 0 76 12 0 75 8 0 59 66 0 61 68 0 77 15 0 76 12 0 60 67 0 62 69 0 78 17 0 77 15 0 61 68 0 63 70 0 79 20 0 78 17 0 62 69 0 64 71 0 80 24 0 79 20 0 63 70 0 65 72 0 81 28 0 80 24 0 64 71 0 58 65 0 74 5 0 81 28 0 65 72 0 66 0 0 82 1 0 83 82 0 67 81 0 67 81 0 83 82 0 84 83 0 68 75 0 68 75 0 84 83 0 85 84 0 69 76 0 69 76 0 85 84 0 86 85 0 70 77 0 70 77 0 86 85 0 87 86 0 71 78 0 71 78 0 87 86 0 88 87 0 72 79 0 72 79 0 88 87 0 89 89 0 73 88 0 73 88 0 89 89 0 82 1 0 66 0 0 82 1 0 90 1 0 91 2 0 83 82 0 83 82 0 91 2 0 92 9 0 84 83 0 84 83 0 92 9 0 93 90 0 85 90 0 85 90 0 93 90 0 94 91 0 86 91 0 86 91 0 94 91 0 95 92 0 87 92 0 87 92 0 95 92 0 96 21 0 88 87 0 88 87 0 96 21 0 97 25 0 89 89 0 89 89 0 97 25 0 90 1 0 82 1 0 18 30 0 106 30 0 107 30 0 19 30 0 34 44 0 108 93 0 106 93 0 18 43 0 35 31 0 109 29 0 108 29 0 34 44 0 199 96 0 200 95 0 110 94 0 112 97 0 114 98 0 113 98 0 111 97 0 207 102 0 208 101 0 184 100 0 183 99 0 200 95 0 201 103 0 110 94 0 114 98 0 116 104 0 115 104 0 113 98 0 208 101 0 209 106 0 185 105 0 184 100 0 201 103 0 202 94 0 110 94 0 116 104 0 118 107 0 117 107 0 115 104 0 209 106 0 210 109 0 186 108 0 185 105 0 202 94 0 203 94 0 110 94 0 118 107 0 120 94 0 119 94 0 117 107 0 210 109 0 211 111 0 187 110 0 186 108 0 203 94 0 204 94 0 110 94 0 120 94 0 122 112 0 121 112 0 119 94 0 211 111 0 212 114 0 188 113 0 187 110 0 204 94 0 205 115 0 110 94 0 122 112 0 124 116 0 123 116 0 121 112 0 212 114 0 213 118 0 189 117 0 188 113 0 205 115 0 206 119 0 110 94 0 124 116 0 126 120 0 125 120 0 123 116 0 213 118 0 214 122 0 190 121 0 189 117 0 206 119 0 199 96 0 110 94 0 126 120 0 112 97 0 111 97 0 125 120 0 214 122 0 207 102 0 183 99 0 190 121 0 128 29 0 127 29 0 111 29 0 113 29 0 129 29 0 128 29 0 113 29 0 115 29 0 130 29 0 129 29 0 115 29 0 117 29 0 131 29 0 130 29 0 117 29 0 119 29 0 132 29 0 131 29 0 119 29 0 121 29 0 133 29 0 132 29 0 121 29 0 123 29 0 134 29 0 133 29 0 123 29 0 125 29 0 127 29 0 134 29 0 125 29 0 111 29 0 135 30 0 136 30 0 114 30 0 112 30 0 136 30 0 137 30 0 116 30 0 114 30 0 137 30 0 138 30 0 118 30 0 116 30 0 138 30 0 139 30 0 120 30 0 118 30 0 139 30 0 140 30 0 122 30 0 120 30 0 140 30 0 141 30 0 124 30 0 122 30 0 141 30 0 142 30 0 126 30 0 124 30 0 142 30 0 135 30 0 112 30 0 126 30 0 218 125 0 216 125 0 128 124 0 144 123 0 145 127 0 144 123 0 128 124 0 129 126 0 146 129 0 145 127 0 129 126 0 130 128 0 147 130 0 146 129 0 130 128 0 131 94 0 148 132 0 147 130 0 131 94 0 132 131 0 149 134 0 148 132 0 132 131 0 133 133 0 150 136 0 149 134 0 133 133 0 134 135 0 143 138 0 150 136 0 134 135 0 127 137 0 151 142 0 152 141 0 136 140 0 135 139 0 152 141 0 153 144 0 137 143 0 136 140 0 153 144 0 154 146 0 138 145 0 137 143 0 154 146 0 155 147 0 139 94 0 138 145 0 155 147 0 156 149 0 140 148 0 139 94 0 156 149 0 157 151 0 141 150 0 140 148 0 157 151 0 158 153 0 142 152 0 141 150 0 158 153 0 151 142 0 135 139 0 142 152 0 160 155 0 159 154 0 143 138 0 144 123 0 161 156 0 160 155 0 144 123 0 145 127 0 162 157 0 161 156 0 145 127 0 146 129 0 163 158 0 162 157 0 146 129 0 147 130 0 164 159 0 163 158 0 147 130 0 148 132 0 165 160 0 164 159 0 148 132 0 149 134 0 166 161 0 165 160 0 149 134 0 150 136 0 159 154 0 166 161 0 150 136 0 143 138 0 167 163 0 168 162 0 152 141 0 151 142 0 168 162 0 169 164 0 153 144 0 152 141 0 169 164 0 170 165 0 154 146 0 153 144 0 170 165 0 171 166 0 155 147 0 154 146 0 171 166 0 172 167 0 156 149 0 155 147 0 172 167 0 173 168 0 157 151 0 156 149 0 173 168 0 174 169 0 158 153 0 157 151 0 174 169 0 167 163 0 151 142 0 158 153 0 176 171 0 175 170 0 159 154 0 160 155 0 177 172 0 176 171 0 160 155 0 161 156 0 178 173 0 177 172 0 161 156 0 162 157 0 179 174 0 178 173 0 162 157 0 163 158 0 180 175 0 179 174 0 163 158 0 164 159 0 181 176 0 180 175 0 164 159 0 165 160 0 182 177 0 181 176 0 165 160 0 166 161 0 175 170 0 182 177 0 166 161 0 159 154 0 183 99 0 184 100 0 168 162 0 167 163 0 184 100 0 185 105 0 169 164 0 168 162 0 185 105 0 186 108 0 170 165 0 169 164 0 186 108 0 187 110 0 171 166 0 170 165 0 187 110 0 188 113 0 172 167 0 171 166 0 188 113 0 189 117 0 173 168 0 172 167 0 189 117 0 190 121 0 174 169 0 173 168 0 190 121 0 183 99 0 167 163 0 174 169 0 192 178 0 191 96 0 175 94 0 176 94 0 193 103 0 192 178 0 176 94 0 177 172 0 194 179 0 193 103 0 177 172 0 178 173 0 195 180 0 194 179 0 178 173 0 179 174 0 196 181 0 195 180 0 179 174 0 180 175 0 197 115 0 196 181 0 180 175 0 181 176 0 198 119 0 197 115 0 181 176 0 182 94 0 191 96 0 198 119 0 182 94 0 175 94 0 200 95 0 199 96 0 191 96 0 192 178 0 201 103 0 200 95 0 192 178 0 193 103 0 202 182 0 201 103 0 193 103 0 194 182 0 203 183 0 202 182 0 194 182 0 195 183 0 204 184 0 203 183 0 195 183 0 196 184 0 205 115 0 204 184 0 196 184 0 197 115 0 206 119 0 205 115 0 197 115 0 198 119 0 199 96 0 206 119 0 198 119 0 191 96 0 216 30 0 215 30 0 127 30 0 128 30 0 215 185 0 217 185 0 143 138 0 127 137 0 217 29 0 218 29 0 144 123 0 143 138 0</p>
                </polylist>
            </mesh>
        </geometry>
        <geometry id="ID472">
            <mesh>
                <source id="ID473">
                    <float_array id="ID474" count="168">11.6437 -4.98204 30.4533 -12.2311 0.855971 30.4533 11.6437 9.52953 30.4533 -12.2312 9.52952 30.4533 11.6437 25.5736 18.8374 -12.2312 25.5736 18.8374 11.6437 31.7019 0.0424784 -12.2312 31.7019 0.0424739 11.6437 25.5736 -18.7524 -12.2311 25.5736 -18.7524 11.6437 9.52952 -30.3683 -12.2311 9.52951 -30.3684 11.6437 -2.06935 -30.3683 -12.2311 -2.06936 -30.3684 11.6437 -4.98204 31.3533 -12.2311 0.855971 31.3533 11.6437 9.82113 31.3533 -12.2312 9.82112 31.3533 11.6437 26.3385 19.3947 -12.2312 26.3385 19.3947 11.6437 32.6485 0.0424784 -12.2312 32.6485 0.0424739 11.6437 26.3385 -19.3098 -12.2311 26.3385 -19.3098 11.6437 9.82111 -31.2683 -12.2311 9.82111 -31.2684 11.6437 -2.06935 -31.2683 -12.2311 -2.06936 -31.2684 138.561 -4.98202 30.4533 162.436 0.856002 30.4533 138.561 9.52955 30.4533 162.436 9.52955 30.4533 138.561 25.5736 18.8374 162.436 25.5736 18.8374 138.561 31.7019 0.0424767 162.436 31.7019 0.0424728 138.561 25.5736 -18.7524 162.436 25.5736 -18.7524 138.561 9.52954 -30.3683 162.436 9.52954 -30.3684 138.561 -2.06933 -30.3683 162.436 -2.06933 -30.3684 138.561 -4.98202 31.3533 162.436 0.856002 31.3533 138.561 9.82115 31.3533 162.436 9.82115 31.3533 138.561 26.3385 19.3947 162.436 26.3385 19.3947 138.561 32.6485 0.0424767 162.436 32.6485 0.0424728 138.561 26.3385 -19.3098 162.436 26.3385 -19.3098 138.561 9.82114 -31.2683 162.436 9.82114 -31.2684 138.561 -2.06933 -31.2683 162.436 -2.06933 -31.2684</float_array>
                    <technique_common>
                        <accessor count="56" source="#ID474" stride="3">
                            <param name="X" type="float"/>
                            <param name="Y" type="float"/>
                            <param name="Z" type="float"/>
                        </accessor>
                    </technique_common>
                </source>
                <source id="ID475">
                    <float_array id="ID476" count="162">-3.99448e-007 -1.66314e-013 1 -4.47133e-007 0.308225 0.951314 -3.98181e-007 0.808223 0.588876 -2.66977e-007 1 1.56733e-008 -9.76861e-008 0.808223 -0.588876 2.18267e-007 0.308224 -0.951314 3.99448e-007 1.47373e-013 -1 4.637e-007 -0.308225 -0.951314 3.99448e-007 1.359e-013 -1 3.92628e-007 -0.808223 -0.588876 2.25513e-007 -1 -3.13465e-008 6.78533e-008 -0.808223 0.588876 -2.28766e-007 -0.308224 0.951314 -3.99448e-007 -1.77353e-013 1 1 3.25355e-007 -5.32318e-008 1 2.58405e-007 -9.67068e-008 -1 -2.74158e-007 7.59761e-008 -0.786615 -0.617443 4.38151e-008 -0.237528 -0.971381 -0 1 9.57273e-008 -7.00909e-008 -1 -5.78304e-008 4.15104e-008 1 3.73416e-008 1.1285e-007 -1 -4.35194e-008 -1.35841e-007 1 1.91556e-007 2.23545e-007 -1 -1.58392e-007 -2.1995e-007 1 3.97854e-007 1.49674e-007 -1 -2.77299e-007 -1.10749e-007 1 4.87279e-007 7.79588e-008 3.99448e-007 -1 -0 -1 -3.24853e-007 -5.32791e-008 3.19558e-007 -4.36643e-013 1 2.89472e-007 0.308225 0.951314 1.2005e-007 0.808223 0.588876 -5.58176e-008 1 -1.56733e-008 -1.61321e-007 0.808223 -0.588876 -3.16933e-007 0.308224 -0.951314 -3.99448e-007 0 -1 -3.04628e-007 -0.308225 -0.951314 -3.19558e-007 4.49095e-013 -1 -1.17027e-007 -0.808223 -0.588876 9.36493e-008 -1 3.13465e-008 1.84439e-007 -0.808223 0.588876 3.20411e-007 -0.308224 0.951314 3.99448e-007 0 1 -1 1.04113e-006 -1.70341e-007 -1 5.20567e-007 -8.51704e-008 1 -5.56883e-007 -8.35264e-008 0.786615 -0.617444 1.7526e-007 0.237528 -0.971381 -0 -1 0 -0 1 3.08429e-007 -2.21389e-007 -1 1.19493e-007 3.61121e-007 1 0 -0 -7.98896e-008 -1 -0</float_array>
                    <technique_common>
                        <accessor count="54" source="#ID476" stride="3">
                            <param name="X" type="float"/>
                            <param name="Y" type="float"/>
                            <param name="Z" type="float"/>
                        </accessor>
                    </technique_common>
                </source>
                <source id="ID477">
                    <float_array id="ID478" count="2">0 1</float_array>
                    <technique_common>
                        <accessor count="1" source="#ID478" stride="2">
                            <param name="S" type="float"/>
                            <param name="T" type="float"/>
                        </accessor>
                    </technique_common>
                </source>
                <vertices id="ID479">
                    <input semantic="POSITION" source="#ID473"/>
                </vertices>
                <polylist count="52" material="Material1">
                    <input offset="0" semantic="VERTEX" source="#ID479"/>
                    <input offset="1" semantic="NORMAL" source="#ID475"/>
                    <input offset="2" semantic="TEXCOORD" source="#ID477" set="0"/>
                    <vcount>4 4 4 4 4 4 4 4 4 4 4 4 4 4 4 4 4 4 4 4 4 4 4 4 4 4 4 4 4 4 4 4 4 4 4 4 4 4 4 4 4 4 4 4 4 4 4 4 4 4 4 4</vcount>
                    <p>16 1 0 17 1 0 15 0 0 14 0 0 18 2 0 19 2 0 17 1 0 16 1 0 20 3 0 21 3 0 19 2 0 18 2 0 22 4 0 23 4 0 21 3 0 20 3 0 24 5 0 25 5 0 23 4 0 22 4 0 26 6 0 27 6 0 25 5 0 24 5 0 0 8 0 1 8 0 3 7 0 2 7 0 2 7 0 3 7 0 5 9 0 4 9 0 4 9 0 5 9 0 7 10 0 6 10 0 6 10 0 7 10 0 9 11 0 8 11 0 8 11 0 9 11 0 11 12 0 10 12 0 10 12 0 11 12 0 13 13 0 12 13 0 2 15 0 16 15 0 14 14 0 0 14 0 1 17 0 15 17 0 17 16 0 3 16 0 0 18 0 14 18 0 15 17 0 1 17 0 4 19 0 18 19 0 16 15 0 2 15 0 3 16 0 17 16 0 19 20 0 5 20 0 6 21 0 20 21 0 18 19 0 4 19 0 5 20 0 19 20 0 21 22 0 7 22 0 8 23 0 22 23 0 20 21 0 6 21 0 7 22 0 21 22 0 23 24 0 9 24 0 10 25 0 24 25 0 22 23 0 8 23 0 9 24 0 23 24 0 25 26 0 11 26 0 12 27 0 26 27 0 24 25 0 10 25 0 13 28 0 27 28 0 26 28 0 12 28 0 11 26 0 25 26 0 27 29 0 13 29 0 43 30 0 45 31 0 44 31 0 42 30 0 45 31 0 47 32 0 46 32 0 44 31 0 47 32 0 49 33 0 48 33 0 46 32 0 49 33 0 51 34 0 50 34 0 48 33 0 51 34 0 53 35 0 52 35 0 50 34 0 53 35 0 55 36 0 54 36 0 52 35 0 31 37 0 29 38 0 28 38 0 30 37 0 33 39 0 31 37 0 30 37 0 32 39 0 35 40 0 33 39 0 32 39 0 34 40 0 37 41 0 35 40 0 34 40 0 36 41 0 39 42 0 37 41 0 36 41 0 38 42 0 41 43 0 39 42 0 38 42 0 40 43 0 42 44 0 44 45 0 30 45 0 28 44 0 45 46 0 43 47 0 29 47 0 31 46 0 43 47 0 42 48 0 28 48 0 29 47 0 44 45 0 46 49 0 32 49 0 30 45 0 47 50 0 45 46 0 31 46 0 33 50 0 46 49 0 48 51 0 34 51 0 32 49 0 49 52 0 47 50 0 33 50 0 35 52 0 48 51 0 50 51 0 36 51 0 34 51 0 51 52 0 49 52 0 35 52 0 37 52 0 50 51 0 52 49 0 38 49 0 36 51 0 53 52 0 51 52 0 37 52 0 39 52 0 52 49 0 54 49 0 40 49 0 38 49 0 54 53 0 55 53 0 41 53 0 40 53 0 55 52 0 53 52 0 39 52 0 41 52 0</p>
                </polylist>
            </mesh>
        </geometry>
        <geometry id="ID481">
            <mesh>
                <source id="ID482">
                    <float_array id="ID483" count="156">-62.7827 25.8904 66.9095 -35.1078 150.188 5.9266 0 25.7791 69.0825 -36.4018 148.718 34.8404 -62.7507 26.0454 19.3504 0 149.188 36.5516 -37.2975 149.401 10.5314 0 149.188 5.9266 -35.1078 150.188 -40.4619 -34.8258 149.351 36.5099 0 150.188 -40.4619 -59.1421 25.6887 69.1056 62.7827 25.8904 66.9095 35.1078 150.188 5.9266 36.3502 148.678 34.8201 62.7507 26.0454 19.3504 37.2975 149.401 10.5314 35.1078 150.188 -40.4619 34.8258 149.351 36.5099 59.1421 25.6887 69.1056 0 37.5466 65.0469 0 137.926 39.4262 -24.8121 137.926 39.4262 -44.2032 37.479 65.0641 24.8121 137.926 39.4262 44.2032 37.479 65.0641 -61.826 25.5784 66.4524 -34.9904 149.167 5.9266 0 25.5318 68.1136 -37.2975 149.401 35.1923 -61.7713 25.8433 19.3504 0 150.188 37.3285 -36.4314 148.649 10.5314 0 150.188 5.9266 -35.1078 149.188 -40.4619 -35.1078 150.188 37.3285 0 149.188 -40.4619 -58.9325 25.4019 68.1467 61.826 25.5784 66.4524 34.9904 149.167 5.9266 37.2975 149.401 35.1923 61.7713 25.8433 19.3504 36.4314 148.649 10.5314 35.1078 149.188 -40.4619 35.1078 150.188 37.3285 58.9325 25.4019 68.1467 0 37.7939 66.0158 0 138.173 40.3951 -24.8121 138.173 40.3951 -44.2032 37.7264 66.0331 24.8121 138.173 40.3951 44.2032 37.7264 66.0331</float_array>
                    <technique_common>
                        <accessor count="52" source="#ID483" stride="3">
                            <param name="X" type="float"/>
                            <param name="Y" type="float"/>
                            <param name="Z" type="float"/>
                        </accessor>
                    </technique_common>
                </source>
                <source id="ID484">
                    <float_array id="ID485" count="204">0.979352 -0.202165 -0.000312611 0.87454 -0.279498 -0.396308 0.770978 -0.569847 -0.284372 0.22375 -0.746481 -0.626659 0 -0.999999 0.00139357 -0.388018 -0.916143 -0.100615 0.247205 -0.69544 -0.674725 4.73692e-011 -0.79064 -0.612281 -0.686468 -0.727159 0.000696328 0 -1 -0.000221291 0.848722 0.483599 0.214016 0.818913 0.246064 -0.518492 0.885256 -0.246666 -0.394305 -0.775901 -0.565106 -0.280416 -0.253158 -0.694689 -0.673289 -0.220978 -0.282533 -0.933458 -0.877221 -0.27874 -0.390879 -0.979286 -0.202476 -0.00151832 -0.226111 -0.742853 -0.630113 0.389695 -0.915497 -0.100015 0.686468 -0.727159 0.0007194 -0.848722 0.483599 0.214016 -0.767344 -0.528235 0.363527 -0.885305 -0.246583 -0.394247 0.216939 -0.281951 -0.934581 2.70033e-007 -0.247311 -0.968936 2.73374e-007 -0.247311 -0.968936 1.45471e-009 -0.247311 -0.968936 5.56382e-011 -0.247311 -0.968936 -2.34203e-007 -0.247311 -0.968936 -2.29463e-007 -0.247311 -0.968936 -0.817851 0.24098 -0.52254 0 0.789719 0.613469 -0.196672 0.62273 0.757316 -0.114271 0.99345 -0 0 1 -0 -8.16749e-008 0.247311 0.968936 -9.08118e-008 0.247311 0.968936 0.767232 -0.528447 0.363454 0.231927 -0.320993 0.918245 0.196672 0.62273 0.757316 0.114271 0.99345 -0 9.85565e-008 0.247311 0.968936 -0.231962 -0.320932 0.918257 -5.07985e-011 0.247311 0.968936 1.04876e-007 -0.501397 0.865218 0 0.247311 0.968936 9.33428e-008 0.247311 0.968936 -0.198442 -0.702832 -0.683116 -0.229511 -0.966077 0.118404 0 0 -1 -0.944604 -0.260388 -0.199802 -0.99836 -0.0572292 0.00123369 0.229144 -0.966189 0.118204 0.0982657 -0.962084 0.254438 0.198141 -0.702914 -0.683119 0.99836 -0.0572294 0.00126724 0.947749 -0.251395 -0.196397 -0.0983616 -0.962032 0.254598 1.49885e-007 -0.963647 0.26718 0.638803 -0.745471 0.190276 0.982952 -0.178151 0.0454712 -0.00157773 0.968935 -0.247311 -5.82077e-011 0.968936 -0.247311 0.00157773 0.968935 -0.247311 0 -0.968935 0.247314 -0.638803 -0.745471 0.190276 -0.982952 -0.178151 0.045472</float_array>
                    <technique_common>
                        <accessor count="68" source="#ID485" stride="3">
                            <param name="X" type="float"/>
                            <param name="Y" type="float"/>
                            <param name="Z" type="float"/>
                        </accessor>
                    </technique_common>
                </source>
                <source id="ID486">
                    <float_array id="ID487" count="2">0 1</float_array>
                    <technique_common>
                        <accessor count="1" source="#ID487" stride="2">
                            <param name="S" type="float"/>
                            <param name="T" type="float"/>
                        </accessor>
                    </technique_common>
                </source>
                <vertices id="ID488">
                    <input semantic="POSITION" source="#ID482"/>
                </vertices>
                <polylist count="56" material="Material1">
                    <input offset="0" semantic="VERTEX" source="#ID488"/>
                    <input offset="1" semantic="NORMAL" source="#ID484"/>
                    <input offset="2" semantic="TEXCOORD" source="#ID486" set="0"/>
                    <vcount>4 4 4 3 4 4 4 4 4 3 4 4 4 4 4 4 4 4 3 4 4 3 4 4 3 4 4 3 4 4 3 4 4 4 4 3 4 4 4 4 4 4 4 4 4 4 4 4 4 4 4 4 4 4 4 4</vcount>
                    <p>32 3 0 3 2 0 26 1 0 30 0 0 5 7 0 9 6 0 27 5 0 7 4 0 36 9 0 7 4 0 27 5 0 34 8 0 15 12 0 16 11 0 40 10 0 9 6 0 3 2 0 32 3 0 27 5 0 38 16 0 45 15 0 18 14 0 14 13 0 42 18 0 41 17 0 38 16 0 14 13 0 5 7 0 7 4 0 39 19 0 18 14 0 36 9 0 43 20 0 39 19 0 7 4 0 4 23 0 0 22 0 29 21 0 26 1 0 3 2 0 9 6 0 37 24 0 18 14 0 39 19 0 42 18 0 14 13 0 9 6 0 22 26 0 23 25 0 37 24 0 37 24 0 23 25 0 20 27 0 28 27 0 5 7 0 21 28 0 22 26 0 9 6 0 18 14 0 24 29 0 21 28 0 5 7 0 28 27 0 20 27 0 25 30 0 45 15 0 45 15 0 25 30 0 24 29 0 18 14 0 4 23 0 29 21 0 6 31 0 33 35 0 1 34 0 35 33 0 31 32 0 8 35 0 1 34 0 33 35 0 10 35 0 49 37 0 48 36 0 35 33 0 1 34 0 6 31 0 29 21 0 35 33 0 40 10 0 44 40 0 19 39 0 12 38 0 40 10 0 12 38 0 15 12 0 44 40 0 13 41 0 33 35 0 31 32 0 33 35 0 13 41 0 17 35 0 10 35 0 51 42 0 19 39 0 44 40 0 11 43 0 35 33 0 29 21 0 0 22 0 40 10 0 16 11 0 13 41 0 44 40 0 11 43 0 49 37 0 35 33 0 2 45 0 46 44 0 49 37 0 11 43 0 35 33 0 48 36 0 47 46 0 31 32 0 31 32 0 47 46 0 50 47 0 44 40 0 19 39 0 51 42 0 46 44 0 2 45 0 44 40 0 50 47 0 51 42 0 6 31 0 32 3 0 30 48 0 4 23 0 4 23 0 30 48 0 26 49 0 0 22 0 10 50 0 36 50 0 34 50 0 8 50 0 8 52 0 34 8 0 27 5 0 1 51 0 1 51 0 27 5 0 32 3 0 6 31 0 19 39 0 45 54 0 38 53 0 12 38 0 12 38 0 38 53 0 41 55 0 15 12 0 15 12 0 41 55 0 42 18 0 16 11 0 13 57 0 39 19 0 43 20 0 17 56 0 17 50 0 43 50 0 36 50 0 10 50 0 0 22 0 26 49 0 37 58 0 11 43 0 16 11 0 42 18 0 39 19 0 13 57 0 11 43 0 37 58 0 28 59 0 2 45 0 2 45 0 28 59 0 45 54 0 19 39 0 48 60 0 49 61 0 23 61 0 22 60 0 49 62 0 46 63 0 20 63 0 23 62 0 46 63 0 51 64 0 25 64 0 20 63 0 47 65 0 48 60 0 22 60 0 21 65 0 50 66 0 47 65 0 21 65 0 24 66 0 51 67 0 50 66 0 24 66 0 25 67 0</p>
                </polylist>
            </mesh>
        </geometry>
        <geometry id="ID496">
            <mesh>
                <source id="ID497">
                    <float_array id="ID498" count="156">-62.7827 25.8904 66.9095 -35.1078 150.188 5.9266 0 25.7791 69.0825 -36.4018 148.718 34.8404 -62.7507 26.0454 19.3504 0 149.188 36.5516 -37.2975 149.401 10.5314 0 149.188 5.9266 -35.1078 150.188 -40.4619 -34.8258 149.351 36.5099 0 150.188 -40.4619 -59.1421 25.6887 69.1056 62.7827 25.8904 66.9095 35.1078 150.188 5.9266 36.3502 148.678 34.8201 62.7507 26.0454 19.3504 37.2975 149.401 10.5314 35.1078 150.188 -40.4619 34.8258 149.351 36.5099 59.1421 25.6887 69.1056 0 37.5466 65.0469 0 137.926 39.4262 -24.8121 137.926 39.4262 -44.2032 37.479 65.0641 24.8121 137.926 39.4262 44.2032 37.479 65.0641 -61.826 25.5784 66.4524 -34.9904 149.167 5.9266 0 25.5318 68.1136 -37.2975 149.401 35.1923 -61.7713 25.8433 19.3504 0 150.188 37.3285 -36.4314 148.649 10.5314 0 150.188 5.9266 -35.1078 149.188 -40.4619 -35.1078 150.188 37.3285 0 149.188 -40.4619 -58.9325 25.4019 68.1467 61.826 25.5784 66.4524 34.9904 149.167 5.9266 37.2975 149.401 35.1923 61.7713 25.8433 19.3504 36.4314 148.649 10.5314 35.1078 149.188 -40.4619 35.1078 150.188 37.3285 58.9325 25.4019 68.1467 0 37.7939 66.0158 0 138.173 40.3951 -24.8121 138.173 40.3951 -44.2032 37.7264 66.0331 24.8121 138.173 40.3951 44.2032 37.7264 66.0331</float_array>
                    <technique_common>
                        <accessor count="52" source="#ID498" stride="3">
                            <param name="X" type="float"/>
                            <param name="Y" type="float"/>
                            <param name="Z" type="float"/>
                        </accessor>
                    </technique_common>
                </source>
                <source id="ID499">
                    <float_array id="ID500" count="42">-9.11123e-010 -0.247311 -0.968936 2.66568e-008 -0.247311 -0.968936 2.66468e-008 0.247311 0.968936 0 0.247311 0.968936 -2.66468e-008 0.247311 0.968936 -2.84791e-008 -0.247311 -0.968936 -0.982952 0.178151 -0.045472 -0.638803 0.745471 -0.190276 0 0.968935 -0.247314 0.638803 0.745471 -0.190276 0.982952 0.178151 -0.045472 0.00157773 -0.968935 0.247311 -5.82077e-011 -0.968936 0.247311 -0.00157773 -0.968935 0.247311</float_array>
                    <technique_common>
                        <accessor count="14" source="#ID500" stride="3">
                            <param name="X" type="float"/>
                            <param name="Y" type="float"/>
                            <param name="Z" type="float"/>
                        </accessor>
                    </technique_common>
                </source>
                <source id="ID501">
                    <float_array id="ID502" count="2">0 1</float_array>
                    <technique_common>
                        <accessor count="1" source="#ID502" stride="2">
                            <param name="S" type="float"/>
                            <param name="T" type="float"/>
                        </accessor>
                    </technique_common>
                </source>
                <vertices id="ID503">
                    <input semantic="POSITION" source="#ID497"/>
                </vertices>
                <polylist count="10" material="Material1">
                    <input offset="0" semantic="VERTEX" source="#ID503"/>
                    <input offset="1" semantic="NORMAL" source="#ID499"/>
                    <input offset="2" semantic="TEXCOORD" source="#ID501" set="0"/>
                    <vcount>4 4 4 4 4 4 4 4 4 4</vcount>
                    <p>24 1 0 25 1 0 20 0 0 21 0 0 49 2 0 46 3 0 47 3 0 48 2 0 47 3 0 46 3 0 51 4 0 50 4 0 22 5 0 21 0 0 20 0 0 23 5 0 49 6 0 48 7 0 22 7 0 23 6 0 48 7 0 47 8 0 21 8 0 22 7 0 47 8 0 50 9 0 24 9 0 21 8 0 25 10 0 24 9 0 50 9 0 51 10 0 23 11 0 20 12 0 46 12 0 49 11 0 20 12 0 25 13 0 51 13 0 46 12 0</p>
                </polylist>
            </mesh>
        </geometry>
    </library_geometries>
    <library_controllers>
        <controller id="ID480">
            <skin source="#ID481">
                <bind_shape_matrix>1 0 0 0 0 1 0 0 0 0 1 0 0 0 0 1</bind_shape_matrix>
                <source id="ID489">
                    <Name_array id="ID490" count="4">joint2 joint3 joint4 joint1</Name_array>
                    <technique_common>
                        <accessor count="4" source="#ID490">
                            <param name="JOINT" type="Name"/>
                        </accessor>
                    </technique_common>
                </source>
                <source id="ID491">
                    <float_array id="ID492" count="2">0 1</float_array>
                    <technique_common>
                        <accessor count="2" source="#ID492">
                            <param name="WEIGHT" type="float"/>
                        </accessor>
                    </technique_common>
                </source>
                <source id="ID493">
                    <float_array id="ID494" count="64">-1 -2.42657e-016 -2.34829e-017 7.0003e-015 2.27434e-016 0.0963242 -0.99535 21.8808 2.97261e-016 -0.99535 -0.0963242 28.7144 0 0 0 1 1 6.61104e-015 3.53047e-015 -1.08078e-012 -1.32247e-014 0.999848 0.0173892 -150.675 -5.25425e-015 -0.0173892 0.999848 -33.8902 0 0 0 1 1 -3.04417e-016 1.07941e-016 6.49728e-014 3.04417e-016 1 1.77636e-015 -151.392 -1.07941e-016 -1.77636e-015 1 39.9079 0 0 0 1 -1 3.29334e-024 3.1871e-025 -9.50081e-023 2.27434e-016 0.0963242 -0.99535 21.8808 5.34707e-017 -0.99535 -0.0963242 28.7144 0 0 0 1</float_array>
                    <technique_common>
                        <accessor count="4" source="#ID494" stride="16">
                            <param name="TRANSFORM" type="float4x4"/>
                        </accessor>
                    </technique_common>
                </source>
                <joints>
                    <input semantic="JOINT" source="#ID489"/>
                    <input semantic="INV_BIND_MATRIX" source="#ID493"/>
                </joints>
                <vertex_weights count="52">
                    <input offset="0" semantic="JOINT" source="#ID489"/>
                    <input offset="1" semantic="WEIGHT" source="#ID491"/>
                    <vcount>1 1 1 1 1 1 1 1 1 1 1 1 1 1 1 1 1 1 1 1 1 1 1 1 1 1 1 1 1 1 1 1 1 1 1 1 1 1 1 1 1 1 1 1 1 1 1 1 1 1 1 1</vcount>
                    <v>3 1 1 1 3 1 0 1 3 1 0 1 1 1 1 1 1 1 0 1 1 1 3 1 3 1 1 1 0 1 3 1 1 1 1 1 0 1 3 1 3 1 0 1 0 1 3 1 0 1 3 1 3 1 1 1 3 1 0 1 3 1 0 1 1 1 1 1 1 1 0 1 1 1 3 1 3 1 1 1 0 1 3 1 1 1 1 1 0 1 3 1 3 1 0 1 0 1 3 1 0 1 3 1</v>
                </vertex_weights>
            </skin>
        </controller>
        <controller id="ID495">
            <skin source="#ID496">
                <bind_shape_matrix>1 0 0 0 0 1 0 0 0 0 1 0 0 0 0 1</bind_shape_matrix>
                <source id="ID504">
                    <Name_array id="ID505" count="4">joint2 joint3 joint4 joint1</Name_array>
                    <technique_common>
                        <accessor count="4" source="#ID505">
                            <param name="JOINT" type="Name"/>
                        </accessor>
                    </technique_common>
                </source>
                <source id="ID506">
                    <float_array id="ID507" count="2">0 1</float_array>
                    <technique_common>
                        <accessor count="2" source="#ID507">
                            <param name="WEIGHT" type="float"/>
                        </accessor>
                    </technique_common>
                </source>
                <source id="ID508">
                    <float_array id="ID509" count="64">-1 -2.42657e-016 -2.34829e-017 7.0003e-015 2.27434e-016 0.0963242 -0.99535 21.8808 2.97261e-016 -0.99535 -0.0963242 28.7144 0 0 0 1 1 6.61104e-015 3.53047e-015 -1.08078e-012 -1.32247e-014 0.999848 0.0173892 -150.675 -5.25425e-015 -0.0173892 0.999848 -33.8902 0 0 0 1 1 -3.04417e-016 1.07941e-016 6.49728e-014 3.04417e-016 1 1.77636e-015 -151.392 -1.07941e-016 -1.77636e-015 1 39.9079 0 0 0 1 -1 3.29334e-024 3.1871e-025 -9.50081e-023 2.27434e-016 0.0963242 -0.99535 21.8808 5.34707e-017 -0.99535 -0.0963242 28.7144 0 0 0 1</float_array>
                    <technique_common>
                        <accessor count="4" source="#ID509" stride="16">
                            <param name="TRANSFORM" type="float4x4"/>
                        </accessor>
                    </technique_common>
                </source>
                <joints>
                    <input semantic="JOINT" source="#ID504"/>
                    <input semantic="INV_BIND_MATRIX" source="#ID508"/>
                </joints>
                <vertex_weights count="52">
                    <input offset="0" semantic="JOINT" source="#ID504"/>
                    <input offset="1" semantic="WEIGHT" source="#ID506"/>
                    <vcount>1 1 1 1 1 1 1 1 1 1 1 1 1 1 1 1 1 1 1 1 1 1 1 1 1 1 1 1 1 1 1 1 1 1 1 1 1 1 1 1 1 1 1 1 1 1 1 1 1 1 1 1</vcount>
                    <v>-1 1 1 1 -1 1 0 1 -1 1 0 1 1 1 1 1 1 1 0 1 1 1 -1 1 -1 1 1 1 0 1 -1 1 1 1 1 1 0 1 -1 1 3 1 0 1 0 1 3 1 0 1 3 1 -1 1 1 1 -1 1 0 1 -1 1 0 1 1 1 1 1 1 1 0 1 1 1 -1 1 -1 1 1 1 0 1 -1 1 1 1 1 1 0 1 -1 1 3 1 0 1 0 1 3 1 0 1 3 1 0 0 0 0 0 0 0 0 0 0 0 0 0 0 0 0 0 0 0 0 0 0 0 0 0 0 0 0</v>
                </vertex_weights>
            </skin>
        </controller>
    </library_controllers>
    <library_visual_scenes>
        <visual_scene id="ID3">
            <node id="ID4" name="Sportster">
                <translate sid="translate">0 0 -0</translate>
                <rotate sid="rotateY">0 1 0 0</rotate>
                <rotate sid="rotateX">1 0 0 0</rotate>
                <rotate sid="rotateZ">0 0 1 -0</rotate>
                <scale sid="scale">1 1 1</scale>
                <node id="ID5" name="CarMesh">
                    <translate sid="translate">0 0 -0</translate>
                    <rotate sid="rotateY">0 1 0 0</rotate>
                    <rotate sid="rotateX">1 0 0 0</rotate>
                    <rotate sid="rotateZ">0 0 1 -0</rotate>
                    <scale sid="scale">1 1 1</scale>
                    <instance_geometry url="#ID6">
                        <bind_material>
                            <technique_common>
                                <instance_material symbol="Material1" target="#ID1">
                                    <bind_vertex_input semantic="UVSET0" input_semantic="TEXCOORD" input_set="0"/>
                                </instance_material>
                            </technique_common>
                        </bind_material>
                    </instance_geometry>
                </node>
                <node id="ID14" name="Doors">
                    <translate sid="translate">0 0 -0</translate>
                    <rotate sid="rotateY">0 1 0 0</rotate>
                    <rotate sid="rotateX">1 0 0 0</rotate>
                    <rotate sid="rotateZ">0 0 1 -0</rotate>
                    <scale sid="scale">1 1 1</scale>
                    <node id="ID15" name="Roof">
                        <translate sid="translate">0 0 -0</translate>
                        <rotate sid="rotateY">0 1 0 0</rotate>
                        <rotate sid="rotateX">1 0 0 0</rotate>
                        <rotate sid="rotateZ">0 0 1 -0</rotate>
                        <scale sid="scale">1 1 1</scale>
                        <node id="ID16" name="Window">
                            <translate sid="translate">0 0 -0</translate>
                            <rotate sid="rotateY">0 1 0 0</rotate>
                            <rotate sid="rotateX">1 0 0 0</rotate>
                            <rotate sid="rotateZ">0 0 1 -0</rotate>
                            <scale sid="scale">1 1 1</scale>
                            <instance_controller url="#ID495">
                                <skeleton>#ID3</skeleton>
                                <bind_material>
                                    <technique_common>
                                        <instance_material symbol="Material1" target="#ID1">
                                            <bind_vertex_input semantic="UVSET0" input_semantic="TEXCOORD" input_set="0"/>
                                        </instance_material>
                                    </technique_common>
                                </bind_material>
                            </instance_controller>
                        </node>
                        <node id="ID17" name="Roof.2">
                            <translate sid="translate">0 0 -0</translate>
                            <rotate sid="rotateY">0 1 0 0</rotate>
                            <rotate sid="rotateX">1 0 0 0</rotate>
                            <rotate sid="rotateZ">0 0 1 -0</rotate>
                            <scale sid="scale">1 1 1</scale>
                            <instance_controller url="#ID480">
                                <skeleton>#ID3</skeleton>
                                <bind_material>
                                    <technique_common>
                                        <instance_material symbol="Material1" target="#ID1">
                                            <bind_vertex_input semantic="UVSET0" input_semantic="TEXCOORD" input_set="0"/>
                                        </instance_material>
                                    </technique_common>
                                </bind_material>
                            </instance_controller>
                        </node>
                        <node id="ID18" name="JointDontMove" sid="joint1" type="JOINT">
                            <translate sid="translate">0 26.4733 24.5449</translate>
                            <rotate sid="rotateY">0 1 0 180</rotate>
                            <rotate sid="rotateX">1 0 0 84.4725</rotate>
                            <rotate sid="rotateZ">0 0 1 -0</rotate>
                            <scale sid="scale">1 1 1</scale>
                            <node id="ID19" name="Joint" sid="joint2" type="JOINT">
                                <translate sid="translate">0 0 -0</translate>
                                <rotate sid="rotateY">0 1 0 0</rotate>
                                <rotate sid="rotateX">1 0 0 0</rotate>
                                <rotate sid="rotateZ">0 0 1 -0</rotate>
                                <scale sid="scale">1 1 1</scale>
                                <node id="ID20" name="Joint.1" sid="joint3" type="JOINT">
                                    <translate sid="translate">9.90781e-015 -3.83877e-006 -124.167</translate>
                                    <rotate sid="rotateY">0 1 0 180</rotate>
                                    <rotate sid="rotateX">1 0 0 85.4688</rotate>
                                    <rotate sid="rotateZ">0 0 1 -0</rotate>
                                    <scale sid="scale">1 1 1</scale>
                                    <node id="ID21" name="Joint.2" sid="joint4" type="JOINT">
                                        <translate sid="translate">-2.3539e-013 1.38137e-005 -76.4247</translate>
                                        <rotate sid="rotateY">0 1 0 360</rotate>
                                        <rotate sid="rotateX">1 0 0 -0.996367</rotate>
                                        <rotate sid="rotateZ">0 0 1 -0</rotate>
                                        <scale sid="scale">1 1 1</scale>
                                    </node>
                                </node>
                            </node>
                        </node>
                    </node>
                    <node id="ID22" name="Hood">
                        <translate sid="translate">0 9.5936 -204.893</translate>
                        <rotate sid="rotateY">0 1 0 0</rotate>
                        <rotate sid="rotateX">1 0 0 0</rotate>
                        <rotate sid="rotateZ">0 0 1 -0</rotate>
                        <scale sid="scale">1 1 1</scale>
                        <instance_geometry url="#ID23">
                            <bind_material>
                                <technique_common>
                                    <instance_material symbol="Material1" target="#ID1">
                                        <bind_vertex_input semantic="UVSET0" input_semantic="TEXCOORD" input_set="0"/>
                                    </instance_material>
                                </technique_common>
                            </bind_material>
                        </instance_geometry>
                    </node>
                    <node id="ID31" name="DoorR">
                        <translate sid="translate">63.679 0 -66.868</translate>
                        <rotate sid="rotateY">0 1 0 0</rotate>
                        <rotate sid="rotateX">1 0 0 0</rotate>
                        <rotate sid="rotateZ">0 0 1 -0</rotate>
                        <scale sid="scale">1 1 1</scale>
                        <instance_geometry url="#ID32">
                            <bind_material>
                                <technique_common>
                                    <instance_material symbol="Material1" target="#ID1">
                                        <bind_vertex_input semantic="UVSET0" input_semantic="TEXCOORD" input_set="0"/>
                                    </instance_material>
                                </technique_common>
                            </bind_material>
                        </instance_geometry>
                        <node id="ID40" name="Handle">
                            <translate sid="translate">2.121 17.4774 77.7637</translate>
                            <rotate sid="rotateY">0 1 0 0</rotate>
                            <rotate sid="rotateX">1 0 0 0</rotate>
                            <rotate sid="rotateZ">0 0 1 -0</rotate>
                            <scale sid="scale">1 1 1</scale>
                            <instance_geometry url="#ID41">
                                <bind_material>
                                    <technique_common>
                                        <instance_material symbol="Material1" target="#ID1">
                                            <bind_vertex_input semantic="UVSET0" input_semantic="TEXCOORD" input_set="0"/>
                                        </instance_material>
                                    </technique_common>
                                </bind_material>
                            </instance_geometry>
                        </node>
                        <node id="ID49" name="Window.2">
                            <translate sid="translate">0 0 -0</translate>
                            <rotate sid="rotateY">0 1 0 0</rotate>
                            <rotate sid="rotateX">1 0 0 0</rotate>
                            <rotate sid="rotateZ">0 0 1 -0</rotate>
                            <scale sid="scale">1 1 1</scale>
                            <instance_geometry url="#ID50">
                                <bind_material>
                                    <technique_common>
                                        <instance_material symbol="Material1" target="#ID1">
                                            <bind_vertex_input semantic="UVSET0" input_semantic="TEXCOORD" input_set="0"/>
                                        </instance_material>
                                    </technique_common>
                                </bind_material>
                            </instance_geometry>
                        </node>
                    </node>
                    <node id="ID58" name="DoorL">
                        <translate sid="translate">-63.6792 0 -66.868</translate>
                        <rotate sid="rotateY">0 1 0 0</rotate>
                        <rotate sid="rotateX">1 0 0 0</rotate>
                        <rotate sid="rotateZ">0 0 1 -0</rotate>
                        <scale sid="scale">1 1 1</scale>
                        <instance_geometry url="#ID59">
                            <bind_material>
                                <technique_common>
                                    <instance_material symbol="Material1" target="#ID1">
                                        <bind_vertex_input semantic="UVSET0" input_semantic="TEXCOORD" input_set="0"/>
                                    </instance_material>
                                </technique_common>
                            </bind_material>
                        </instance_geometry>
                        <node id="ID67" name="Handle.3">
                            <translate sid="translate">-2.1213 17.4774 77.7637</translate>
                            <rotate sid="rotateY">0 1 0 0</rotate>
                            <rotate sid="rotateX">1 0 0 0</rotate>
                            <rotate sid="rotateZ">0 0 1 -0</rotate>
                            <scale sid="scale">1 1 1</scale>
                            <instance_geometry url="#ID68">
                                <bind_material>
                                    <technique_common>
                                        <instance_material symbol="Material1" target="#ID1">
                                            <bind_vertex_input semantic="UVSET0" input_semantic="TEXCOORD" input_set="0"/>
                                        </instance_material>
                                    </technique_common>
                                </bind_material>
                            </instance_geometry>
                        </node>
                        <node id="ID76" name="Window.3">
                            <translate sid="translate">0 0 -0</translate>
                            <rotate sid="rotateY">0 1 0 0</rotate>
                            <rotate sid="rotateX">1 0 0 0</rotate>
                            <rotate sid="rotateZ">0 0 1 -0</rotate>
                            <scale sid="scale">1 1 1</scale>
                            <instance_geometry url="#ID77">
                                <bind_material>
                                    <technique_common>
                                        <instance_material symbol="Material1" target="#ID1">
                                            <bind_vertex_input semantic="UVSET0" input_semantic="TEXCOORD" input_set="0"/>
                                        </instance_material>
                                    </technique_common>
                                </bind_material>
                            </instance_geometry>
                        </node>
                    </node>
                </node>
                <node id="ID85" name="Interiors">
                    <translate sid="translate">0 0 -0</translate>
                    <rotate sid="rotateY">0 1 0 0</rotate>
                    <rotate sid="rotateX">1 0 0 0</rotate>
                    <rotate sid="rotateZ">0 0 1 -0</rotate>
                    <scale sid="scale">1 1 1</scale>
                    <node id="ID86" name="Interior">
                        <translate sid="translate">0 0 -0</translate>
                        <rotate sid="rotateY">0 1 0 0</rotate>
                        <rotate sid="rotateX">1 0 0 0</rotate>
                        <rotate sid="rotateZ">0 0 1 -0</rotate>
                        <scale sid="scale">1 1 1</scale>
                        <instance_geometry url="#ID87">
                            <bind_material>
                                <technique_common>
                                    <instance_material symbol="Material1" target="#ID1">
                                        <bind_vertex_input semantic="UVSET0" input_semantic="TEXCOORD" input_set="0"/>
                                    </instance_material>
                                </technique_common>
                            </bind_material>
                        </instance_geometry>
                        <node id="ID95" name="Dash">
                            <translate sid="translate">0 0 -64.3702</translate>
                            <rotate sid="rotateY">0 1 0 0</rotate>
                            <rotate sid="rotateX">1 0 0 0</rotate>
                            <rotate sid="rotateZ">0 0 1 -0</rotate>
                            <scale sid="scale">1 1 1</scale>
                            <instance_geometry url="#ID96">
                                <bind_material>
                                    <technique_common>
                                        <instance_material symbol="Material1" target="#ID1">
                                            <bind_vertex_input semantic="UVSET0" input_semantic="TEXCOORD" input_set="0"/>
                                        </instance_material>
                                    </technique_common>
                                </bind_material>
                            </instance_geometry>
                            <node id="ID104" name="Instruments">
                                <translate sid="translate">-0.145691 -3.09537 -7.28236</translate>
                                <rotate sid="rotateY">0 1 0 360</rotate>
                                <rotate sid="rotateX">1 0 0 1.01778e-013</rotate>
                                <rotate sid="rotateZ">0 0 1 -0</rotate>
                                <scale sid="scale">1 1 1</scale>
                                <node id="ID105" name="GearLever">
                                    <translate sid="translate">-8.50856e-006 -8.45978 26.1152</translate>
                                    <rotate sid="rotateY">0 1 0 1.00179e-005</rotate>
                                    <rotate sid="rotateX">1 0 0 0</rotate>
                                    <rotate sid="rotateZ">0 0 1 -360</rotate>
                                    <scale sid="scale">1 1 1</scale>
                                    <instance_geometry url="#ID106">
                                        <bind_material>
                                            <technique_common>
                                                <instance_material symbol="Material1" target="#ID1">
                                                    <bind_vertex_input semantic="UVSET0" input_semantic="TEXCOORD" input_set="0"/>
                                                </instance_material>
                                            </technique_common>
                                        </bind_material>
                                    </instance_geometry>
                                </node>
                                <node id="ID114" name="Pedals">
                                    <translate sid="translate">0 9.57058 -9.44724</translate>
                                    <rotate sid="rotateY">0 1 0 360</rotate>
                                    <rotate sid="rotateX">1 0 0 0</rotate>
                                    <rotate sid="rotateZ">0 0 1 -360</rotate>
                                    <scale sid="scale">1 1 1</scale>
                                    <node id="ID115" name="Clutch">
                                        <translate sid="translate">-40.8696 -3.17668 -2.92955</translate>
                                        <rotate sid="rotateY">0 1 0 360</rotate>
                                        <rotate sid="rotateX">1 0 0 -24.5825</rotate>
                                        <rotate sid="rotateZ">0 0 1 -0</rotate>
                                        <scale sid="scale">1 1 1</scale>
                                        <instance_geometry url="#ID116">
                                            <bind_material>
                                                <technique_common>
                                                    <instance_material symbol="Material1" target="#ID1">
                                                        <bind_vertex_input semantic="UVSET0" input_semantic="TEXCOORD" input_set="0"/>
                                                    </instance_material>
                                                </technique_common>
                                            </bind_material>
                                        </instance_geometry>
                                    </node>
                                    <node id="ID124" name="Brake">
                                        <translate sid="translate">-27.9236 -3.17668 -2.92955</translate>
                                        <rotate sid="rotateY">0 1 0 360</rotate>
                                        <rotate sid="rotateX">1 0 0 -24.5825</rotate>
                                        <rotate sid="rotateZ">0 0 1 -0</rotate>
                                        <scale sid="scale">1 1 1</scale>
                                        <instance_geometry url="#ID125">
                                            <bind_material>
                                                <technique_common>
                                                    <instance_material symbol="Material1" target="#ID1">
                                                        <bind_vertex_input semantic="UVSET0" input_semantic="TEXCOORD" input_set="0"/>
                                                    </instance_material>
                                                </technique_common>
                                            </bind_material>
                                        </instance_geometry>
                                    </node>
                                    <node id="ID133" name="Gas">
                                        <translate sid="translate">-15.6641 -3.17675 -2.92989</translate>
                                        <rotate sid="rotateY">0 1 0 360</rotate>
                                        <rotate sid="rotateX">1 0 0 -24.5825</rotate>
                                        <rotate sid="rotateZ">0 0 1 -0</rotate>
                                        <scale sid="scale">1 1 1</scale>
                                        <instance_geometry url="#ID134">
                                            <bind_material>
                                                <technique_common>
                                                    <instance_material symbol="Material1" target="#ID1">
                                                        <bind_vertex_input semantic="UVSET0" input_semantic="TEXCOORD" input_set="0"/>
                                                    </instance_material>
                                                </technique_common>
                                            </bind_material>
                                        </instance_geometry>
                                    </node>
                                </node>
                                <node id="ID142" name="SteeringWheel">
                                    <translate sid="translate">-27.245 18.4139 13.0059</translate>
                                    <rotate sid="rotateY">0 1 0 180</rotate>
                                    <rotate sid="rotateX">1 0 0 -79.039</rotate>
                                    <rotate sid="rotateZ">0 0 1 -180</rotate>
                                    <scale sid="scale">1 1 1</scale>
                                    <node id="ID143" name="SteeringWheel.2">
                                        <translate sid="translate">-0.0532074 -0.0786868 2.22678</translate>
                                        <rotate sid="rotateY">0 1 0 1.04379e-006</rotate>
                                        <rotate sid="rotateX">1 0 0 0.000273123</rotate>
                                        <rotate sid="rotateZ">0 0 1 -180</rotate>
                                        <scale sid="scale">1 1 1</scale>
                                        <instance_geometry url="#ID144">
                                            <bind_material>
                                                <technique_common>
                                                    <instance_material symbol="Material1" target="#ID1">
                                                        <bind_vertex_input semantic="UVSET0" input_semantic="TEXCOORD" input_set="0"/>
                                                    </instance_material>
                                                </technique_common>
                                            </bind_material>
                                        </instance_geometry>
                                        <node id="ID152" name="Torus">
                                            <translate sid="translate">0 1.27121e-006 -0.883126</translate>
                                            <rotate sid="rotateY">0 1 0 0</rotate>
                                            <rotate sid="rotateX">1 0 0 0</rotate>
                                            <rotate sid="rotateZ">0 0 1 -0</rotate>
                                            <scale sid="scale">1 1 1</scale>
                                            <instance_geometry url="#ID153">
                                                <bind_material>
                                                    <technique_common>
                                                        <instance_material symbol="Material1" target="#ID1">
                                                            <bind_vertex_input semantic="UVSET0" input_semantic="TEXCOORD" input_set="0"/>
                                                        </instance_material>
                                                    </technique_common>
                                                </bind_material>
                                            </instance_geometry>
                                        </node>
                                    </node>
                                </node>
                                <node id="ID161" name="Dash.2">
                                    <translate sid="translate">-27.3665 26.526 5.75471</translate>
                                    <rotate sid="rotateY">0 1 0 360</rotate>
                                    <rotate sid="rotateX">1 0 0 0</rotate>
                                    <rotate sid="rotateZ">0 0 1 -360</rotate>
                                    <scale sid="scale">1 1 1</scale>
                                    <instance_geometry url="#ID162">
                                        <bind_material>
                                            <technique_common>
                                                <instance_material symbol="Material1" target="#ID1">
                                                    <bind_vertex_input semantic="UVSET0" input_semantic="TEXCOORD" input_set="0"/>
                                                </instance_material>
                                            </technique_common>
                                        </bind_material>
                                    </instance_geometry>
                                    <node id="ID170" name="InstrCLuster">
                                        <translate sid="translate">0 0 -0</translate>
                                        <rotate sid="rotateY">0 1 0 0</rotate>
                                        <rotate sid="rotateX">1 0 0 0</rotate>
                                        <rotate sid="rotateZ">0 0 1 -0</rotate>
                                        <scale sid="scale">1 1 1</scale>
                                        <instance_geometry url="#ID171">
                                            <bind_material>
                                                <technique_common>
                                                    <instance_material symbol="Material1" target="#ID1">
                                                        <bind_vertex_input semantic="UVSET0" input_semantic="TEXCOORD" input_set="0"/>
                                                    </instance_material>
                                                </technique_common>
                                            </bind_material>
                                        </instance_geometry>
                                    </node>
                                </node>
                            </node>
                        </node>
                        <node id="ID179" name="MirrorInterior">
                            <translate sid="translate">0 148.657 -42.1326</translate>
                            <rotate sid="rotateY">0 1 0 0</rotate>
                            <rotate sid="rotateX">1 0 0 0</rotate>
                            <rotate sid="rotateZ">0 0 1 -0</rotate>
                            <scale sid="scale">0.993 0.993 0.993</scale>
                            <instance_geometry url="#ID180">
                                <bind_material>
                                    <technique_common>
                                        <instance_material symbol="Material1" target="#ID1">
                                            <bind_vertex_input semantic="UVSET0" input_semantic="TEXCOORD" input_set="0"/>
                                        </instance_material>
                                    </technique_common>
                                </bind_material>
                            </instance_geometry>
                            <node id="ID188" name="MirrorGlass">
                                <translate sid="translate">0 3.07327e-005 -3.84159e-006</translate>
                                <rotate sid="rotateY">0 1 0 0</rotate>
                                <rotate sid="rotateX">1 0 0 0</rotate>
                                <rotate sid="rotateZ">0 0 1 -0</rotate>
                                <scale sid="scale">1 1 1</scale>
                                <instance_geometry url="#ID189">
                                    <bind_material>
                                        <technique_common>
                                            <instance_material symbol="Material1" target="#ID1">
                                                <bind_vertex_input semantic="UVSET0" input_semantic="TEXCOORD" input_set="0"/>
                                            </instance_material>
                                        </technique_common>
                                    </bind_material>
                                </instance_geometry>
                            </node>
                        </node>
                        <node id="ID197" name="SeatL">
                            <translate sid="translate">-27.4825 -10.8674 -14.4984</translate>
                            <rotate sid="rotateY">0 1 0 0</rotate>
                            <rotate sid="rotateX">1 0 0 0</rotate>
                            <rotate sid="rotateZ">0 0 1 -0</rotate>
                            <scale sid="scale">1 1 1</scale>
                            <instance_geometry url="#ID198">
                                <bind_material>
                                    <technique_common>
                                        <instance_material symbol="Material1" target="#ID1">
                                            <bind_vertex_input semantic="UVSET0" input_semantic="TEXCOORD" input_set="0"/>
                                        </instance_material>
                                    </technique_common>
                                </bind_material>
                            </instance_geometry>
                        </node>
                        <node id="ID206" name="SeatR">
                            <translate sid="translate">27.482 -10.8674 -14.4984</translate>
                            <rotate sid="rotateY">0 1 0 0</rotate>
                            <rotate sid="rotateX">1 0 0 0</rotate>
                            <rotate sid="rotateZ">0 0 1 -0</rotate>
                            <scale sid="scale">1 1 1</scale>
                            <instance_geometry url="#ID207">
                                <bind_material>
                                    <technique_common>
                                        <instance_material symbol="Material1" target="#ID1">
                                            <bind_vertex_input semantic="UVSET0" input_semantic="TEXCOORD" input_set="0"/>
                                        </instance_material>
                                    </technique_common>
                                </bind_material>
                            </instance_geometry>
                        </node>
                    </node>
                    <node id="ID215" name="EngineBay">
                        <translate sid="translate">0 0 -0</translate>
                        <rotate sid="rotateY">0 1 0 0</rotate>
                        <rotate sid="rotateX">1 0 0 0</rotate>
                        <rotate sid="rotateZ">0 0 1 -0</rotate>
                        <scale sid="scale">1 1 1</scale>
                        <instance_geometry url="#ID216">
                            <bind_material>
                                <technique_common>
                                    <instance_material symbol="Material1" target="#ID1">
                                        <bind_vertex_input semantic="UVSET0" input_semantic="TEXCOORD" input_set="0"/>
                                    </instance_material>
                                </technique_common>
                            </bind_material>
                        </instance_geometry>
                    </node>
                </node>
                <node id="ID224" name="WheelMeshes">
                    <translate sid="translate">0 1.80048 -65.5856</translate>
                    <rotate sid="rotateY">0 1 0 0</rotate>
                    <rotate sid="rotateX">1 0 0 0</rotate>
                    <rotate sid="rotateZ">0 0 1 -0</rotate>
                    <scale sid="scale">1 1 1</scale>
                    <node id="ID225" name="WheelFL">
                        <translate sid="translate">-73.3978 -16.1492 -108.346</translate>
                        <rotate sid="rotateY">0 1 0 180</rotate>
                        <rotate sid="rotateX">1 0 0 8.21239e-013</rotate>
                        <rotate sid="rotateZ">0 0 1 -0</rotate>
                        <scale sid="scale">1 1 1</scale>
                        <instance_geometry url="#ID226">
                            <bind_material>
                                <technique_common>
                                    <instance_material symbol="Material1" target="#ID1">
                                        <bind_vertex_input semantic="UVSET0" input_semantic="TEXCOORD" input_set="0"/>
                                    </instance_material>
                                </technique_common>
                            </bind_material>
                        </instance_geometry>
                    </node>
                    <node id="ID234" name="WheelFR">
                        <translate sid="translate">73.398 -16.1492 -108.346</translate>
                        <rotate sid="rotateY">0 1 0 1.62844e-012</rotate>
                        <rotate sid="rotateX">1 0 0 -8.14222e-013</rotate>
                        <rotate sid="rotateZ">0 0 1 -360</rotate>
                        <scale sid="scale">1 1 1</scale>
                        <instance_geometry url="#ID235">
                            <bind_material>
                                <technique_common>
                                    <instance_material symbol="Material1" target="#ID1">
                                        <bind_vertex_input semantic="UVSET0" input_semantic="TEXCOORD" input_set="0"/>
                                    </instance_material>
                                </technique_common>
                            </bind_material>
                        </instance_geometry>
                    </node>
                    <node id="ID243" name="WheelRR">
                        <translate sid="translate">81.717 -16.1492 101.791</translate>
                        <rotate sid="rotateY">0 1 0 1.62844e-012</rotate>
                        <rotate sid="rotateX">1 0 0 -8.14222e-013</rotate>
                        <rotate sid="rotateZ">0 0 1 -360</rotate>
                        <scale sid="scale">1 1 1</scale>
                        <instance_geometry url="#ID244">
                            <bind_material>
                                <technique_common>
                                    <instance_material symbol="Material1" target="#ID1">
                                        <bind_vertex_input semantic="UVSET0" input_semantic="TEXCOORD" input_set="0"/>
                                    </instance_material>
                                </technique_common>
                            </bind_material>
                        </instance_geometry>
                    </node>
                    <node id="ID252" name="WheelRL">
                        <translate sid="translate">-81.7165 -16.1492 101.791</translate>
                        <rotate sid="rotateY">0 1 0 180</rotate>
                        <rotate sid="rotateX">1 0 0 8.21239e-013</rotate>
                        <rotate sid="rotateZ">0 0 1 -0</rotate>
                        <scale sid="scale">1 1 1</scale>
                        <instance_geometry url="#ID253">
                            <bind_material>
                                <technique_common>
                                    <instance_material symbol="Material1" target="#ID1">
                                        <bind_vertex_input semantic="UVSET0" input_semantic="TEXCOORD" input_set="0"/>
                                    </instance_material>
                                </technique_common>
                            </bind_material>
                        </instance_geometry>
                    </node>
                    <node id="ID261" name="FenderL">
                        <translate sid="translate">-73.3978 -16.1492 -108.346</translate>
                        <rotate sid="rotateY">0 1 0 0</rotate>
                        <rotate sid="rotateX">1 0 0 0</rotate>
                        <rotate sid="rotateZ">0 0 1 -1.00296e-005</rotate>
                        <scale sid="scale">1 1 1</scale>
                        <instance_geometry url="#ID262">
                            <bind_material>
                                <technique_common>
                                    <instance_material symbol="Material1" target="#ID1">
                                        <bind_vertex_input semantic="UVSET0" input_semantic="TEXCOORD" input_set="0"/>
                                    </instance_material>
                                </technique_common>
                            </bind_material>
                        </instance_geometry>
                        <node id="ID270" name="Light">
                            <translate sid="translate">1.41302 43.541 -6.7879</translate>
                            <rotate sid="rotateY">0 1 0 0</rotate>
                            <rotate sid="rotateX">1 0 0 -90</rotate>
                            <rotate sid="rotateZ">0 0 1 -1.00296e-005</rotate>
                            <scale sid="scale">1 1 1</scale>
                            <instance_geometry url="#ID271">
                                <bind_material>
                                    <technique_common>
                                        <instance_material symbol="Material1" target="#ID1">
                                            <bind_vertex_input semantic="UVSET0" input_semantic="TEXCOORD" input_set="0"/>
                                        </instance_material>
                                    </technique_common>
                                </bind_material>
                            </instance_geometry>
                            <node id="ID279" name="Light.2">
                                <translate sid="translate">0 0 -0</translate>
                                <rotate sid="rotateY">0 1 0 360</rotate>
                                <rotate sid="rotateX">1 0 0 0</rotate>
                                <rotate sid="rotateZ">0 0 1 -360</rotate>
                                <scale sid="scale">1 1 1</scale>
                                <instance_geometry url="#ID280">
                                    <bind_material>
                                        <technique_common>
                                            <instance_material symbol="Material1" target="#ID1">
                                                <bind_vertex_input semantic="UVSET0" input_semantic="TEXCOORD" input_set="0"/>
                                            </instance_material>
                                        </technique_common>
                                    </bind_material>
                                </instance_geometry>
                            </node>
                            <node id="ID288" name="Glass">
                                <translate sid="translate">0 0 -0</translate>
                                <rotate sid="rotateY">0 1 0 360</rotate>
                                <rotate sid="rotateX">1 0 0 0</rotate>
                                <rotate sid="rotateZ">0 0 1 -360</rotate>
                                <scale sid="scale">1 1 1</scale>
                                <instance_geometry url="#ID289">
                                    <bind_material>
                                        <technique_common>
                                            <instance_material symbol="Material1" target="#ID1">
                                                <bind_vertex_input semantic="UVSET0" input_semantic="TEXCOORD" input_set="0"/>
                                            </instance_material>
                                        </technique_common>
                                    </bind_material>
                                </instance_geometry>
                            </node>
                        </node>
                    </node>
                    <node id="ID297" name="FenderR">
                        <translate sid="translate">73.398 -16.1492 -108.346</translate>
                        <rotate sid="rotateY">0 1 0 180</rotate>
                        <rotate sid="rotateX">1 0 0 -1.62844e-012</rotate>
                        <rotate sid="rotateZ">0 0 1 -0</rotate>
                        <scale sid="scale">1 1 1</scale>
                        <instance_geometry url="#ID298">
                            <bind_material>
                                <technique_common>
                                    <instance_material symbol="Material1" target="#ID1">
                                        <bind_vertex_input semantic="UVSET0" input_semantic="TEXCOORD" input_set="0"/>
                                    </instance_material>
                                </technique_common>
                            </bind_material>
                        </instance_geometry>
                        <node id="ID306" name="Light.1">
                            <translate sid="translate">1.41299 43.541 6.78787</translate>
                            <rotate sid="rotateY">0 1 0 0</rotate>
                            <rotate sid="rotateX">1 0 0 -90</rotate>
                            <rotate sid="rotateZ">0 0 1 -180</rotate>
                            <scale sid="scale">1 1 1</scale>
                            <instance_geometry url="#ID307">
                                <bind_material>
                                    <technique_common>
                                        <instance_material symbol="Material1" target="#ID1">
                                            <bind_vertex_input semantic="UVSET0" input_semantic="TEXCOORD" input_set="0"/>
                                        </instance_material>
                                    </technique_common>
                                </bind_material>
                            </instance_geometry>
                            <node id="ID315" name="Light.3">
                                <translate sid="translate">0 0 -0</translate>
                                <rotate sid="rotateY">0 1 0 360</rotate>
                                <rotate sid="rotateX">1 0 0 0</rotate>
                                <rotate sid="rotateZ">0 0 1 -0</rotate>
                                <scale sid="scale">1 1 1</scale>
                                <instance_geometry url="#ID316">
                                    <bind_material>
                                        <technique_common>
                                            <instance_material symbol="Material1" target="#ID1">
                                                <bind_vertex_input semantic="UVSET0" input_semantic="TEXCOORD" input_set="0"/>
                                            </instance_material>
                                        </technique_common>
                                    </bind_material>
                                </instance_geometry>
                            </node>
                            <node id="ID324" name="Glass.2">
                                <translate sid="translate">0 0 -0</translate>
                                <rotate sid="rotateY">0 1 0 360</rotate>
                                <rotate sid="rotateX">1 0 0 0</rotate>
                                <rotate sid="rotateZ">0 0 1 -0</rotate>
                                <scale sid="scale">1 1 1</scale>
                                <instance_geometry url="#ID325">
                                    <bind_material>
                                        <technique_common>
                                            <instance_material symbol="Material1" target="#ID1">
                                                <bind_vertex_input semantic="UVSET0" input_semantic="TEXCOORD" input_set="0"/>
                                            </instance_material>
                                        </technique_common>
                                    </bind_material>
                                </instance_geometry>
                            </node>
                        </node>
                    </node>
                </node>
                <node id="ID333" name="Details">
                    <translate sid="translate">0 0 -0</translate>
                    <rotate sid="rotateY">0 1 0 0</rotate>
                    <rotate sid="rotateX">1 0 0 0</rotate>
                    <rotate sid="rotateZ">0 0 1 -0</rotate>
                    <scale sid="scale">1 1 1</scale>
                    <node id="ID334" name="WindowFront">
                        <translate sid="translate">0 0 -0</translate>
                        <rotate sid="rotateY">0 1 0 0</rotate>
                        <rotate sid="rotateX">1 0 0 0</rotate>
                        <rotate sid="rotateZ">0 0 1 -0</rotate>
                        <scale sid="scale">1 1 1</scale>
                        <instance_geometry url="#ID335">
                            <bind_material>
                                <technique_common>
                                    <instance_material symbol="Material1" target="#ID1">
                                        <bind_vertex_input semantic="UVSET0" input_semantic="TEXCOORD" input_set="0"/>
                                    </instance_material>
                                </technique_common>
                            </bind_material>
                        </instance_geometry>
                    </node>
                    <node id="ID343" name="LightRearFrameR.1">
                        <translate sid="translate">-75.5937 2.5549 66.9493</translate>
                        <rotate sid="rotateY">0 1 0 180</rotate>
                        <rotate sid="rotateX">1 0 0 7.01671e-015</rotate>
                        <rotate sid="rotateZ">0 0 1 -0</rotate>
                        <scale sid="scale">1 1 1</scale>
                        <instance_geometry url="#ID344">
                            <bind_material>
                                <technique_common>
                                    <instance_material symbol="Material1" target="#ID1">
                                        <bind_vertex_input semantic="UVSET0" input_semantic="TEXCOORD" input_set="0"/>
                                    </instance_material>
                                </technique_common>
                            </bind_material>
                        </instance_geometry>
                        <node id="ID352" name="Light.4">
                            <translate sid="translate">0 0 -0</translate>
                            <rotate sid="rotateY">0 1 0 0</rotate>
                            <rotate sid="rotateX">1 0 0 0</rotate>
                            <rotate sid="rotateZ">0 0 1 -0</rotate>
                            <scale sid="scale">1 1 1</scale>
                            <instance_geometry url="#ID353">
                                <bind_material>
                                    <technique_common>
                                        <instance_material symbol="Material1" target="#ID1">
                                            <bind_vertex_input semantic="UVSET0" input_semantic="TEXCOORD" input_set="0"/>
                                        </instance_material>
                                    </technique_common>
                                </bind_material>
                            </instance_geometry>
                        </node>
                    </node>
                    <node id="ID361" name="LightRearFrameR">
                        <translate sid="translate">75.594 2.5549 66.9493</translate>
                        <rotate sid="rotateY">0 1 0 180</rotate>
                        <rotate sid="rotateX">1 0 0 7.01671e-015</rotate>
                        <rotate sid="rotateZ">0 0 1 -0</rotate>
                        <scale sid="scale">1 1 1</scale>
                        <instance_geometry url="#ID362">
                            <bind_material>
                                <technique_common>
                                    <instance_material symbol="Material1" target="#ID1">
                                        <bind_vertex_input semantic="UVSET0" input_semantic="TEXCOORD" input_set="0"/>
                                    </instance_material>
                                </technique_common>
                            </bind_material>
                        </instance_geometry>
                        <node id="ID370" name="Light.5">
                            <translate sid="translate">0 0 -0</translate>
                            <rotate sid="rotateY">0 1 0 0</rotate>
                            <rotate sid="rotateX">1 0 0 0</rotate>
                            <rotate sid="rotateZ">0 0 1 -0</rotate>
                            <scale sid="scale">1 1 1</scale>
                            <instance_geometry url="#ID371">
                                <bind_material>
                                    <technique_common>
                                        <instance_material symbol="Material1" target="#ID1">
                                            <bind_vertex_input semantic="UVSET0" input_semantic="TEXCOORD" input_set="0"/>
                                        </instance_material>
                                    </technique_common>
                                </bind_material>
                            </instance_geometry>
                        </node>
                    </node>
                    <node id="ID379" name="SuspensionR">
                        <translate sid="translate">0 0 -0</translate>
                        <rotate sid="rotateY">0 1 0 0</rotate>
                        <rotate sid="rotateX">1 0 0 0</rotate>
                        <rotate sid="rotateZ">0 0 1 -0</rotate>
                        <scale sid="scale">1 1 1</scale>
                        <node id="ID380" name="Shock">
                            <translate sid="translate">42.672 0.708196 -172.004</translate>
                            <rotate sid="rotateY">0 1 0 0</rotate>
                            <rotate sid="rotateX">1 0 0 0</rotate>
                            <rotate sid="rotateZ">0 0 1 -315</rotate>
                            <scale sid="scale">1 1 1</scale>
                            <instance_geometry url="#ID381">
                                <bind_material>
                                    <technique_common>
                                        <instance_material symbol="Material1" target="#ID1">
                                            <bind_vertex_input semantic="UVSET0" input_semantic="TEXCOORD" input_set="0"/>
                                        </instance_material>
                                    </technique_common>
                                </bind_material>
                            </instance_geometry>
                            <node id="ID389" name="Spring.2">
                                <translate sid="translate">-66.6995 60.3471 -0.0380249</translate>
                                <rotate sid="rotateY">0 1 0 0</rotate>
                                <rotate sid="rotateX">1 0 0 0</rotate>
                                <rotate sid="rotateZ">0 0 1 -90</rotate>
                                <scale sid="scale">1 1 1</scale>
                                <instance_geometry url="#ID390">
                                    <bind_material>
                                        <technique_common>
                                            <instance_material symbol="Material1" target="#ID1">
                                                <bind_vertex_input semantic="UVSET0" input_semantic="TEXCOORD" input_set="0"/>
                                            </instance_material>
                                        </technique_common>
                                    </bind_material>
                                </instance_geometry>
                            </node>
                        </node>
                        <node id="ID398" name="WishboneUP">
                            <translate sid="translate">33.317 2.04598 -173.483</translate>
                            <rotate sid="rotateY">0 1 0 0</rotate>
                            <rotate sid="rotateX">1 0 0 0</rotate>
                            <rotate sid="rotateZ">0 0 1 -0</rotate>
                            <scale sid="scale">1 1 1</scale>
                            <instance_geometry url="#ID399">
                                <bind_material>
                                    <technique_common>
                                        <instance_material symbol="Material1" target="#ID1">
                                            <bind_vertex_input semantic="UVSET0" input_semantic="TEXCOORD" input_set="0"/>
                                        </instance_material>
                                    </technique_common>
                                </bind_material>
                            </instance_geometry>
                        </node>
                        <node id="ID407" name="WishboneDN">
                            <translate sid="translate">33.317 -14.1699 -173.483</translate>
                            <rotate sid="rotateY">0 1 0 0</rotate>
                            <rotate sid="rotateX">1 0 0 0</rotate>
                            <rotate sid="rotateZ">0 0 1 -0</rotate>
                            <scale sid="scale">1 1 1</scale>
                            <instance_geometry url="#ID408">
                                <bind_material>
                                    <technique_common>
                                        <instance_material symbol="Material1" target="#ID1">
                                            <bind_vertex_input semantic="UVSET0" input_semantic="TEXCOORD" input_set="0"/>
                                        </instance_material>
                                    </technique_common>
                                </bind_material>
                            </instance_geometry>
                        </node>
                    </node>
                    <node id="ID416" name="SuspensionL">
                        <translate sid="translate">0 0 -0</translate>
                        <rotate sid="rotateY">0 1 0 0</rotate>
                        <rotate sid="rotateX">1 0 0 0</rotate>
                        <rotate sid="rotateZ">0 0 1 -0</rotate>
                        <scale sid="scale">1 1 1</scale>
                        <node id="ID417" name="Shock.2">
                            <translate sid="translate">-42.6716 0.708196 -172.004</translate>
                            <rotate sid="rotateY">0 1 0 0</rotate>
                            <rotate sid="rotateX">1 0 0 0</rotate>
                            <rotate sid="rotateZ">0 0 1 -45</rotate>
                            <scale sid="scale">1 1 1</scale>
                            <instance_geometry url="#ID418">
                                <bind_material>
                                    <technique_common>
                                        <instance_material symbol="Material1" target="#ID1">
                                            <bind_vertex_input semantic="UVSET0" input_semantic="TEXCOORD" input_set="0"/>
                                        </instance_material>
                                    </technique_common>
                                </bind_material>
                            </instance_geometry>
                            <node id="ID426" name="Spring.2.2">
                                <translate sid="translate">-1.93876e-006 -6.35243 -0.0380554</translate>
                                <rotate sid="rotateY">0 1 0 0</rotate>
                                <rotate sid="rotateX">1 0 0 0</rotate>
                                <rotate sid="rotateZ">0 0 1 -0</rotate>
                                <scale sid="scale">1 1 1</scale>
                                <instance_geometry url="#ID427">
                                    <bind_material>
                                        <technique_common>
                                            <instance_material symbol="Material1" target="#ID1">
                                                <bind_vertex_input semantic="UVSET0" input_semantic="TEXCOORD" input_set="0"/>
                                            </instance_material>
                                        </technique_common>
                                    </bind_material>
                                </instance_geometry>
                            </node>
                        </node>
                        <node id="ID435" name="WishboneUP.2">
                            <translate sid="translate">-33.3172 2.04598 -173.483</translate>
                            <rotate sid="rotateY">0 1 0 0</rotate>
                            <rotate sid="rotateX">1 0 0 0</rotate>
                            <rotate sid="rotateZ">0 0 1 -0</rotate>
                            <scale sid="scale">1 1 1</scale>
                            <instance_geometry url="#ID436">
                                <bind_material>
                                    <technique_common>
                                        <instance_material symbol="Material1" target="#ID1">
                                            <bind_vertex_input semantic="UVSET0" input_semantic="TEXCOORD" input_set="0"/>
                                        </instance_material>
                                    </technique_common>
                                </bind_material>
                            </instance_geometry>
                        </node>
                        <node id="ID444" name="WishboneDN.2">
                            <translate sid="translate">-33.3172 -14.1699 -173.483</translate>
                            <rotate sid="rotateY">0 1 0 0</rotate>
                            <rotate sid="rotateX">1 0 0 0</rotate>
                            <rotate sid="rotateZ">0 0 1 -0</rotate>
                            <scale sid="scale">1 1 1</scale>
                            <instance_geometry url="#ID445">
                                <bind_material>
                                    <technique_common>
                                        <instance_material symbol="Material1" target="#ID1">
                                            <bind_vertex_input semantic="UVSET0" input_semantic="TEXCOORD" input_set="0"/>
                                        </instance_material>
                                    </technique_common>
                                </bind_material>
                            </instance_geometry>
                        </node>
                    </node>
                    <node id="ID453" name="ExhaustSingle">
                        <translate sid="translate">-145.663 0 -0</translate>
                        <rotate sid="rotateY">0 1 0 0</rotate>
                        <rotate sid="rotateX">1 0 0 0</rotate>
                        <rotate sid="rotateZ">0 0 1 -0</rotate>
                        <scale sid="scale">1 1 1</scale>
                        <instance_geometry url="#ID454">
                            <bind_material>
                                <technique_common>
                                    <instance_material symbol="Material1" target="#ID1">
                                        <bind_vertex_input semantic="UVSET0" input_semantic="TEXCOORD" input_set="0"/>
                                    </instance_material>
                                </technique_common>
                            </bind_material>
                        </instance_geometry>
                    </node>
                    <node id="ID462" name="ExhaustDouble">
                        <translate sid="translate">-145.663 0 -0</translate>
                        <rotate sid="rotateY">0 1 0 0</rotate>
                        <rotate sid="rotateX">1 0 0 0</rotate>
                        <rotate sid="rotateZ">0 0 1 -0</rotate>
                        <scale sid="scale">1 1 1</scale>
                        <instance_geometry url="#ID463">
                            <bind_material>
                                <technique_common>
                                    <instance_material symbol="Material1" target="#ID1">
                                        <bind_vertex_input semantic="UVSET0" input_semantic="TEXCOORD" input_set="0"/>
                                    </instance_material>
                                </technique_common>
                            </bind_material>
                        </instance_geometry>
                    </node>
                    <node id="ID471" name="FenderBack">
                        <translate sid="translate">-75.1023 -14.3488 36.6441</translate>
                        <rotate sid="rotateY">0 1 0 0</rotate>
                        <rotate sid="rotateX">1 0 0 0</rotate>
                        <rotate sid="rotateZ">0 0 1 -1.00296e-005</rotate>
                        <scale sid="scale">1 1 1</scale>
                        <instance_geometry url="#ID472">
                            <bind_material>
                                <technique_common>
                                    <instance_material symbol="Material1" target="#ID1">
                                        <bind_vertex_input semantic="UVSET0" input_semantic="TEXCOORD" input_set="0"/>
                                    </instance_material>
                                </technique_common>
                            </bind_material>
                        </instance_geometry>
                    </node>
                </node>
            </node>
        </visual_scene>
    </library_visual_scenes>
    <scene>
        <instance_visual_scene url="#ID3"/>
    </scene>
</COLLADA>
