<?xml version="1.0"?>
<COLLADA xmlns="http://www.collada.org/2005/11/COLLADASchema" version="1.4.1">
    <asset>
        <contributor>
            <authoring_tool>CINEMA4D 11.530 COLLADA Exporter</authoring_tool>
        </contributor>
        <created>2016-02-09T19:42:18Z</created>
        <modified>2016-02-09T19:42:18Z</modified>
        <unit meter="0.01" name="centimeter"/>
        <up_axis>Y_UP</up_axis>
    </asset>
    <library_effects>
        <effect id="ID2">
            <profile_COMMON>
                <technique sid="COMMON">
                    <blinn>
                        <diffuse>
                            <color>0.8 0.8 0.8 1</color>
                        </diffuse>
                        <specular>
                            <color>0.2 0.2 0.2 1</color>
                        </specular>
                        <shininess>
                            <float>0.5</float>
                        </shininess>
                    </blinn>
                </technique>
            </profile_COMMON>
        </effect>
    </library_effects>
    <library_materials>
        <material id="ID1" name="Mat">
            <instance_effect url="#ID2"/>
        </material>
    </library_materials>
    <library_geometries>
        <geometry id="ID6">
            <mesh>
                <source id="ID7">
                    <float_array id="ID8" count="729">-100 2.2484 271.537 0 215.51 222.898 -100 56.0888 270.37 -100 56.0888 -26.7784 -74.4022 31.63 238.871 -100 35.4285 -66.7548 -100 35.4285 -94.9787 -100 35.4285 -25.8138 -100 56.0888 -15.1441 -74.4022 15.119 252.109 -100 2.2484 -101.835 -100 35.4285 -101.835 -98.6861 213.223 237.121 -100 204.978 241.808 -100 204.978 -33.7295 -98.1204 213.122 -31.0855 -74.7604 28.9301 -81.9975 -74.7604 13.7801 -94.2787 -74.7604 13.7801 -38.1132 -100 204.978 -22.3321 0 215.51 -23.4928 -74.4022 35.8958 222.732 -100 29.5405 -49.9882 -55.8 38.6681 -28.9794 0 2.2484 275.495 0 2.2484 -97.8588 -55.8 2.2484 -105 -55.8 38.6681 -105 -74.7604 28.9247 -50.39 -100 32.6009 239.502 0 48.3433 -28.9794 -74.1205 2.10756 252.109 -74.617 2.17668 -94.2787 -74.7858 2.26107 -38.1132 0 2.2484 -105 0 48.3433 -105 0 215.51 239.787 0 215.51 -33.522 -93.3414 215.51 -23.4928 -52.3 48.3433 -28.9794 0 54.8419 274.631 0 56.0888 -29.369 -52.3 2.2484 -105 -52.3 48.3433 -105 -100 2.2484 -94.9787 0 204.978 245.766 0 204.972 -36.8568 0 2.2484 -68.4597 -93.3414 2.2484 275.495 0 48.3433 -98.1443 -93.3414 56.0888 274.328 -93.3414 56.0888 -29.944 -74.7604 2.2484 -66.7548 -93.3414 38.6681 -28.9794 -93.3414 2.2484 -105 -93.3414 38.6681 -105 -93.3414 215.51 239.787 -93.3414 204.978 245.766 -93.3414 204.98 -36.8951 -93.3414 215.51 -33.522 -100 29.5405 -82.4037 -100 2.2484 192.569 -93.3414 38.6681 -98.1443 -100 56.0888 191.456 -98.6861 213.223 167.019 -100 204.978 168.633 -93.3414 2.2484 256.923 0 2.2484 195.477 0 2.2484 65.6982 -100 204.978 65.6982 0 215.51 167.019 -74.4022 31.6314 206.331 0 48.3433 -69.9204 -93.3414 215.51 167.019 -100 15.5055 192.569 -74.4022 2.2484 222.642 -55.8 38.6681 -40.5788 -100 2.2484 -37.4132 -74.7604 33.393 -66.7482 -100 14.0281 -94.9787 -93.3414 215.51 222.898 0 2.2484 225.949 -100 56.0888 65.6982 -55.8 38.6681 -98.1443 -100 35.4285 -37.4132 -74.4022 15.1321 193.669 -52.3 48.3433 -40.5788 -100 204.978 224.824 -100 32.6009 205.688 -100 2.2484 65.6982 -93.3414 2.2484 -97.8588 -100 56.0888 221.601 -98.6861 213.223 194.816 -100 204.978 196.586 -100 15.5055 253.209 -93.3414 38.6681 -69.9204 -100 34.1204 -66.7548 0 48.3433 -40.5788 0 215.51 194.816 -98.6861 213.223 65.6982 -98.6861 213.223 -23.4928 -93.3414 215.51 194.816 -100 37.033 222.735 -100 2.2484 253.209 0 2.2484 -7.54664 -100 56.0888 245.206 0 2.2484 256.923 -100 15.5055 65.6982 -100 15.5055 271.537 -55.8 2.2484 -98.9488 -100 15.5055 -101.835 -93.3414 38.6681 -40.5788 0 15.5055 275.495 -55.8 15.5055 -105 -100 14.0281 -37.4132 0 15.5055 -105 -52.3 15.5055 -105 -93.3414 15.5055 275.495 -93.3414 15.5055 -105 -52.3 48.3433 -69.9204 -100 15.5055 -14.1716 -74.6295 2.36206 193.669 0 215.51 65.6982 -98.6861 213.223 222.898 -52.3 48.3433 -98.1443 -55.8 38.6681 -69.9204 -93.3414 215.51 65.6982 100 2.2484 271.537 100 56.0888 270.37 100 56.0888 -26.7784 74.4022 31.63 238.871 100 35.4285 -66.7548 100 35.4285 -94.9787 100 35.4285 -25.8138 100 56.0888 -15.1441 74.4022 15.119 252.109 100 2.2484 -101.835 100 35.4285 -101.835 98.6861 213.223 237.121 100 204.978 241.808 100 204.978 -33.7295 98.1204 213.122 -31.0855 74.7604 28.9301 -81.9975 74.7604 13.7801 -94.2787 74.7604 13.7801 -38.1132 100 204.978 -22.3321 74.4022 35.8958 222.732 100 29.5405 -49.9882 55.8 38.6681 -28.9794 55.8 2.2484 -105 55.8 38.6681 -105 74.7604 28.9247 -50.39 100 32.6009 239.502 74.1205 2.10756 252.109 74.617 2.17668 -94.2787 74.7858 2.26107 -38.1132 93.3414 215.51 -23.4928 52.3 48.3433 -28.9794 52.3 2.2484 -105 52.3 48.3433 -105 100 2.2484 -94.9787 93.3414 2.2484 275.495 93.3414 56.0888 274.328 93.3414 56.0888 -29.944 74.7604 2.2484 -66.7548 93.3414 38.6681 -28.9794 93.3414 2.2484 -105 93.3414 38.6681 -105 93.3414 215.51 239.787 93.3414 204.978 245.766 93.3414 204.98 -36.8951 93.3414 215.51 -33.522 100 29.5405 -82.4037 100 2.2484 192.569 93.3414 38.6681 -98.1443 100 56.0888 191.456 98.6861 213.223 167.019 100 204.978 168.633 93.3414 2.2484 256.923 100 204.978 65.6982 74.4022 31.6314 206.331 93.3414 215.51 167.019 100 15.5055 192.569 74.4022 2.2484 222.642 55.8 38.6681 -40.5788 100 2.2484 -37.4132 74.7604 33.393 -66.7482 100 14.0281 -94.9787 93.3414 215.51 222.898 100 56.0888 65.6982 55.8 38.6681 -98.1443 100 35.4285 -37.4132 74.4022 15.1321 193.669 52.3 48.3433 -40.5788 100 204.978 224.824 100 32.6009 205.688 100 2.2484 65.6982 93.3414 2.2484 -97.8588 100 56.0888 221.601 98.6861 213.223 194.816 100 204.978 196.586 100 15.5055 253.209 93.3414 38.6681 -69.9204 100 34.1204 -66.7548 98.6861 213.223 65.6982 98.6861 213.223 -23.4928 93.3414 215.51 194.816 100 37.033 222.735 100 2.2484 253.209 100 56.0888 245.206 100 15.5055 65.6982 100 15.5055 271.537 55.8 2.2484 -98.9488 100 15.5055 -101.835 93.3414 38.6681 -40.5788 55.8 15.5055 -105 100 14.0281 -37.4132 52.3 15.5055 -105 93.3414 15.5055 275.495 93.3414 15.5055 -105 52.3 48.3433 -69.9204 100 15.5055 -14.1716 74.6295 2.36206 193.669 98.6861 213.223 222.898 52.3 48.3433 -98.1443 55.8 38.6681 -69.9204 93.3414 215.51 65.6982 0 200.424 246.703 -56.8927 54.8419 274.631 -56.8927 200.424 246.703 0 20.1765 275.628 -56.8927 20.1765 275.628 56.8927 54.8419 274.631 56.8927 200.424 246.703 56.8927 20.1765 275.628 100 72.0888 191.456 100 188.978 168.633 100 188.978 81.6982 100 72.0888 81.6982 100 188.978 223.362 100 72.0888 221.601 100 188.978 196.586 100 72.0888 225.07</float_array>
                    <technique_common>
                        <accessor count="243" source="#ID8" stride="3">
                            <param name="X" type="float"/>
                            <param name="Y" type="float"/>
                            <param name="Z" type="float"/>
                        </accessor>
                    </technique_common>
                </source>
                <source id="ID9">
                    <float_array id="ID10" count="567">0.574379 0.818589 -0 0.298425 0.954433 -0 0.310732 0.65228 -0.691359 -0.907068 0.420983 -0 -0.951639 0.210478 -0.22379 -0.906882 -0.140758 -0.39718 0 0 -1 -0.853324 -0.172957 -0.491858 -0.869202 0.00710661 0.494405 -0.869203 0 0.494456 -0.722046 -0.000318347 -0.691844 0 -0.99996 0.00894737 -0.00131699 -0.999928 0.0119689 -0.00126425 -0.999953 0.00957664 0 -1 -0 0.000142404 -1 -0.000659398 0.000229957 -1 -0.000769949 0 -1 -0.000439599 -0.716815 -0.00011954 0.697264 -0.845387 0 -0.534154 -0.851134 -0.175402 0.494779 -0.168621 -0.0489042 -0.984467 0.0125465 -0.0474984 -0.998793 0 -0.0869623 -0.996212 -0.298425 0.954433 -0 -0.310732 0.65228 -0.691359 -0.896935 1.35051e-005 -0.442163 -0.717164 0.00097844 -0.696903 -0.488938 -0.290955 -0.822366 0.0110008 -0.0316308 -0.999439 -0.496453 -0.292185 -0.817412 -0.736818 -0.566748 -0.36864 -0.739665 -0.564132 -0.366947 0.000563878 -0.999999 -0.00156705 -0.733789 -0.568971 -0.371249 -0.734082 -0.568709 -0.371071 -0.730112 -0.6833 0.00617208 -0.292608 0 -0.956232 -0.56241 0.583406 -0.585946 -0.825897 0.397815 -0.399546 0.266013 0.105079 0.958225 0.00453045 0.108922 0.99404 0.000856302 0.194988 0.980805 0.21184 0.3157 0.924909 -0.994451 0.105202 -0 -0.99688 0.0789291 -0 -1 0 -0 -0.733501 -0.679687 -0.00137468 -0.788593 0.614915 -0 -0.790126 0.612701 -0.0172589 -0.210523 0.977571 -0.0059393 -0.200757 0.979641 -0 -0.993301 0.114859 -0.0126364 -0.000360226 -0.999992 -0.00401045 -0.00054034 -0.999982 -0.00601569 -0.21184 0.3157 0.924909 -0.26334 0.842639 0.469692 0 0.864206 0.503139 -2.28126e-010 0.351947 0.93602 -0.718957 -0.0095944 -0.694988 -0.999999 -0.0011385 -0.00119255 1 0 -0 0.951639 0.210478 -0.22379 0.906882 -0.140758 -0.39718 -0.86208 0.224205 0.454478 -0.742415 0.604864 0.288026 -0.574379 0.818589 -0 -0.284624 0.78356 -0.552288 -0.7533 0.560288 -0.344408 -0.848332 0.137349 -0.51134 -0.319263 0.203968 -0.925456 -0.266013 0.105079 0.958225 -0.00453045 0.108922 0.99404 -0.00366112 0.000181966 0.999993 -0.213131 0.00519168 0.97701 0.00169167 -0.999988 -0.00470124 0 1 -0 -0.00252834 -0.999987 0.00453208 -0.843782 -0.0261982 -0.536046 0 0.807274 -0.590177 0 0.303383 -0.952869 0.99688 0.0789291 -0 0.788593 0.614916 -0 0.788593 0.614916 -0 -0.868893 0.0540066 0.492045 -0.220076 0 -0.975483 -0.788593 0.614916 -0 -0.999999 -0.00120224 -0.000418733 -0.732818 -0.566466 0.376953 -0.732154 -0.56816 0.375693 -0.488696 -0.294432 0.821271 0.00448008 -0.99999 -0 0.00100994 -0.999999 -0.000454767 0.0012347 -0.999999 0.000199313 -0.0012347 -0.999999 0.000199313 0 -1 0.000298969 0 -1 -0.000682148 -0.00100994 -0.999999 -0.000454767 0 -1 0.000110551 0.0014296 -0.999999 0.000950028 0.999999 -0.0011385 -0.00119255 0.736818 -0.566748 -0.36864 0.733501 -0.679687 -0.00137468 -0.437497 0.89922 -0 -0.847791 0.530331 -0 -0.722191 0.000264908 0.691694 -0.852538 -0.167925 0.494955 0.00131699 -0.999928 0.0119689 -0.000215856 -0.999998 -0.0021813 0 -0.999998 -0.0021813 -0.717703 -0.00443625 0.696335 0.213131 0.00519168 0.97701 0.00366114 0.000181966 0.999993 -0.720793 0.0064142 0.693121 -0.497644 -0.274465 0.822812 -0.742004 -0.557183 0.372796 0.000215856 -0.999998 -0.0021813 -0.74109 -0.559645 0.370922 0.730112 -0.6833 0.0061721 0.999999 -0.00120224 -0.000418733 0.734082 -0.568709 -0.371071 0.74109 -0.559645 0.370922 0.845387 0 -0.534154 0.851134 -0.175402 0.494779 0.907068 0.420983 -0 0.825897 0.397815 -0.399546 -0.788593 0.614916 -0 -0.200757 0.979641 -0 0 -0.0141896 0.999899 0 -0.0283763 0.999597 0.722046 -0.000318347 -0.691844 0.853324 -0.172957 -0.491858 0.496453 -0.292185 -0.817412 0.718957 -0.0095944 -0.694988 0.292608 0 -0.956232 0.220076 0 -0.975483 0 0 1 -0.264986 0 0.964252 0.264986 0 0.964252 0.732818 -0.566466 0.376953 0.732154 -0.56816 0.375693 0.869202 0.00710661 0.494405 0.869203 0 0.494456 0.00126425 -0.999953 0.00957664 -0.000142404 -1 -0.000659398 -0.000229957 -1 -0.000769949 0.716815 -0.00011954 0.697264 0.168621 -0.0489042 -0.984467 -0.0125465 -0.0474984 -0.998793 0.896935 1.35051e-005 -0.442163 0.488938 -0.290955 -0.822366 0.717164 0.00097844 -0.696903 -0.0110008 -0.0316308 -0.999439 0.739665 -0.564132 -0.366947 -0.000563878 -0.999999 -0.00156705 0.733789 -0.568971 -0.371249 0.56241 0.583406 -0.585946 -4.50662e-010 0.201568 0.979475 0.998005 0.0631353 -0 0.200757 0.979641 -0 0.210523 0.977571 -0.0059393 0.790126 0.612701 -0.0172589 0.993301 0.114859 -0.0126364 0.000360226 -0.999992 -0.00401045 0.00054034 -0.999982 -0.00601569 0.26334 0.842639 0.469692 0.200757 0.979641 -0 0.86208 0.224205 0.454478 0.742415 0.604864 0.288026 0.284624 0.78356 -0.552288 0.319263 0.203968 -0.925456 0.848332 0.137349 -0.51134 0.7533 0.560288 -0.344408 -0.000856319 0.194988 0.980805 -0.00169167 -0.999988 -0.00470124 0.00252834 -0.999987 0.00453208 0.843782 -0.0261982 -0.536046 0.868893 0.0540066 0.492045 0.488696 -0.294432 0.821271 -0.00448008 -0.99999 -0 0.852538 -0.167925 0.494955 0.497644 -0.274465 0.822812 0.742004 -0.557183 0.372796 -0.0014296 -0.999999 0.000950028 0.437497 0.89922 -0 0.847791 0.530331 -0 0.722191 0.000264908 0.691694 0.720793 0.0064142 0.693121 0.717703 -0.00443625 0.696335</float_array>
                    <technique_common>
                        <accessor count="189" source="#ID10" stride="3">
                            <param name="X" type="float"/>
                            <param name="Y" type="float"/>
                            <param name="Z" type="float"/>
                        </accessor>
                    </technique_common>
                </source>
                <source id="ID11">
                    <float_array id="ID12" count="2">0 1</float_array>
                    <technique_common>
                        <accessor count="1" source="#ID12" stride="2">
                            <param name="S" type="float"/>
                            <param name="T" type="float"/>
                        </accessor>
                    </technique_common>
                </source>
                <vertices id="ID13">
                    <input semantic="POSITION" source="#ID7"/>
                </vertices>
                <polylist count="223" material="Material1">
                    <input offset="0" semantic="VERTEX" source="#ID13"/>
                    <input offset="1" semantic="NORMAL" source="#ID9"/>
                    <input offset="2" semantic="TEXCOORD" source="#ID11" set="0"/>
                    <vcount>4 3 4 4 3 4 3 4 4 4 4 3 4 4 3 4 4 4 4 4 4 4 4 4 4 4 4 4 4 4 4 4 4 4 4 4 3 3 3 4 4 4 4 4 4 4 4 4 4 4 4 3 3 4 4 3 4 4 4 3 3 3 4 4 4 4 4 4 4 4 4 4 4 4 4 4 4 4 4 4 4 4 4 4 3 4 3 4 4 4 3 3 3 4 4 4 4 4 4 4 4 4 4 3 4 3 4 4 4 4 4 4 4 4 4 4 4 4 4 4 4 4 4 3 4 4 3 4 3 4 4 4 4 3 4 4 3 4 4 4 4 4 4 4 4 4 4 4 4 4 4 4 4 4 4 4 4 4 3 3 3 4 4 4 4 4 4 4 4 4 4 4 4 3 3 4 4 4 4 4 4 3 3 3 4 4 4 4 4 4 4 4 4 4 4 4 4 4 4 4 4 4 4 4 4 4 3 4 4 4 4 4 3 3 3 4 4 4 4 4 4 4 4</vcount>
                    <p>148 0 0 165 2 0 214 1 0 184 0 0 114 5 0 7 4 0 84 3 0 115 6 0 34 6 0 42 6 0 116 6 0 103 10 0 0 9 0 108 8 0 94 7 0 66 13 0 31 12 0 106 11 0 106 11 0 24 14 0 48 14 0 66 13 0 104 17 0 77 16 0 33 15 0 79 20 0 110 19 0 10 19 0 44 18 0 41 23 0 30 23 0 39 22 0 51 21 0 84 3 0 7 4 0 53 25 0 111 24 0 114 5 0 18 28 0 33 27 0 77 26 0 51 21 0 23 29 0 53 25 0 29 32 0 4 31 0 9 30 0 94 7 0 109 33 0 42 14 0 34 14 0 25 14 0 51 21 0 39 22 0 23 29 0 96 36 0 78 36 0 28 35 0 22 34 0 110 19 0 11 39 0 55 38 0 118 37 0 169 43 0 233 42 0 232 41 0 162 40 0 82 46 0 63 46 0 65 45 0 69 44 0 102 47 0 21 47 0 4 31 0 29 32 0 126 51 0 38 50 0 100 49 0 99 48 0 19 52 0 69 44 0 99 48 0 100 49 0 44 54 0 10 14 0 54 14 0 90 53 0 45 58 0 36 57 0 56 56 0 57 55 0 9 30 0 4 31 0 75 60 0 31 59 0 216 63 0 133 62 0 134 61 0 221 61 0 57 55 0 56 56 0 12 65 0 13 64 0 76 66 0 23 66 0 39 66 0 86 66 0 58 70 0 14 69 0 15 68 0 59 67 0 22 34 0 28 35 0 18 28 0 114 5 0 117 74 0 231 73 0 228 72 0 50 71 0 90 53 0 109 33 0 32 75 0 44 54 0 113 6 0 116 6 0 42 6 0 26 6 0 122 76 0 20 76 0 38 50 0 126 51 0 97 76 0 86 66 0 39 66 0 30 76 0 66 13 0 48 14 0 0 14 0 103 77 0 22 34 0 114 5 0 84 3 0 8 46 0 3 78 0 7 4 0 109 33 0 26 14 0 42 14 0 46 80 0 58 70 0 59 67 0 37 79 0 177 81 0 176 83 0 199 82 0 200 81 0 57 55 0 13 64 0 2 84 0 50 71 0 53 25 0 7 4 0 3 78 0 51 21 0 117 74 0 50 71 0 2 84 0 108 8 0 118 37 0 113 6 0 26 6 0 54 85 0 51 21 0 3 78 0 14 69 0 58 70 0 80 51 0 123 86 0 12 65 0 56 56 0 107 46 0 120 46 0 77 26 0 89 46 0 52 87 0 33 27 0 18 28 0 28 35 0 87 45 0 93 45 0 91 46 0 105 46 0 79 20 0 17 90 0 16 89 0 60 88 0 120 46 0 114 5 0 77 26 0 89 93 0 121 92 0 61 91 0 222 97 0 67 96 0 68 95 0 196 94 0 52 99 0 109 33 0 25 14 0 47 98 0 146 102 0 130 101 0 183 100 0 105 46 0 2 84 0 13 64 0 87 45 0 20 76 0 37 79 0 59 67 0 38 50 0 6 3 0 5 104 0 95 103 0 62 103 0 52 87 0 78 36 0 16 89 0 6 3 0 79 20 0 60 88 0 105 46 0 29 32 0 94 7 0 104 17 0 68 95 0 89 93 0 77 16 0 96 36 0 22 34 0 84 3 0 5 104 0 74 106 0 107 46 0 89 46 0 61 105 0 69 44 0 65 45 0 64 86 0 99 48 0 100 49 0 15 68 0 14 69 0 19 52 0 81 109 0 183 108 0 153 107 0 106 11 0 44 18 0 32 110 0 17 90 0 79 20 0 5 104 0 6 3 0 60 88 0 96 36 0 19 52 0 14 69 0 3 78 0 8 46 0 80 51 0 56 56 0 36 57 0 1 76 0 126 51 0 73 51 0 70 76 0 122 76 0 107 46 0 74 106 0 63 46 0 82 46 0 38 50 0 59 67 0 15 68 0 100 49 0 99 48 0 64 86 0 73 51 0 126 51 0 162 40 0 232 41 0 234 112 0 218 111 0 71 115 0 85 114 0 121 113 0 75 60 0 75 116 0 121 92 0 67 96 0 81 109 0 87 45 0 13 64 0 12 65 0 123 86 0 90 53 0 54 14 0 26 14 0 109 33 0 63 46 0 91 46 0 93 45 0 65 45 0 62 103 0 55 38 0 11 39 0 6 3 0 5 104 0 84 3 0 111 24 0 95 103 0 63 46 0 74 106 0 88 117 0 47 98 0 104 17 0 33 15 0 52 99 0 151 120 0 164 119 0 186 118 0 198 61 0 207 102 0 195 121 0 175 61 0 88 117 0 71 115 0 21 47 0 102 47 0 137 125 0 132 124 0 187 123 0 213 122 0 21 47 0 71 115 0 75 60 0 103 77 0 31 12 0 66 13 0 109 33 0 52 99 0 32 75 0 101 127 0 73 51 0 64 86 0 92 126 0 94 7 0 108 8 0 2 84 0 105 46 0 16 89 0 17 90 0 32 110 0 52 87 0 218 111 0 234 112 0 230 129 0 112 128 0 98 76 0 70 76 0 73 51 0 101 127 0 153 133 0 135 132 0 201 131 0 208 130 0 92 126 0 64 86 0 65 45 0 93 45 0 111 24 0 53 25 0 23 66 0 76 66 0 8 46 0 7 4 0 114 5 0 120 46 0 68 95 0 67 96 0 121 92 0 89 93 0 4 31 0 21 47 0 75 60 0 31 12 0 75 116 0 81 109 0 106 11 0 52 87 0 28 35 0 78 36 0 136 122 0 166 135 0 219 134 0 213 122 0 88 117 0 102 47 0 91 46 0 63 46 0 79 20 0 6 3 0 11 39 0 110 19 0 94 7 0 9 30 0 31 59 0 103 10 0 118 37 0 54 85 0 10 19 0 110 19 0 117 74 0 48 137 0 24 136 0 112 128 0 60 88 0 16 89 0 78 36 0 96 36 0 24 136 0 161 138 0 218 111 0 112 128 0 108 8 0 0 9 0 48 137 0 117 74 0 186 118 0 142 140 0 172 139 0 203 118 0 80 51 0 101 127 0 92 126 0 123 86 0 74 106 0 85 114 0 71 115 0 88 117 0 1 76 0 98 76 0 101 127 0 80 51 0 61 105 0 121 113 0 85 114 0 74 106 0 123 86 0 92 126 0 93 45 0 87 45 0 105 46 0 91 46 0 102 47 0 29 32 0 161 138 0 127 142 0 211 141 0 218 111 0 133 62 0 216 63 0 191 124 0 158 6 0 34 6 0 115 6 0 217 6 0 211 141 0 127 142 0 208 130 0 201 131 0 153 107 0 178 143 0 106 11 0 161 14 0 24 14 0 106 11 0 178 143 0 185 145 0 104 17 0 155 144 0 136 122 0 213 122 0 187 123 0 160 146 0 157 148 0 30 23 0 41 23 0 163 147 0 165 2 0 133 62 0 191 124 0 214 1 0 155 151 0 144 150 0 216 63 0 185 149 0 148 152 0 163 147 0 165 2 0 135 132 0 130 101 0 152 153 0 201 131 0 34 14 0 158 14 0 212 154 0 25 14 0 157 148 0 163 147 0 148 152 0 151 120 0 186 118 0 203 118 0 147 155 0 167 156 0 137 125 0 213 122 0 219 134 0 45 58 0 227 157 0 233 42 0 169 43 0 209 61 0 242 61 0 239 61 0 194 158 0 130 101 0 146 102 0 207 102 0 152 153 0 205 161 0 156 160 0 226 159 0 204 83 0 204 83 0 179 81 0 145 162 0 205 161 0 166 14 0 136 14 0 160 164 0 197 163 0 168 165 0 36 57 0 45 58 0 169 43 0 183 100 0 130 101 0 135 132 0 153 133 0 199 82 0 206 166 0 188 159 0 223 83 0 138 168 0 168 165 0 169 43 0 139 167 0 157 0 0 148 0 0 184 0 0 193 0 0 141 172 0 140 171 0 170 170 0 171 169 0 144 150 0 151 120 0 147 155 0 216 63 0 50 71 0 228 72 0 229 173 0 57 55 0 154 174 0 212 154 0 197 163 0 160 164 0 158 6 0 217 6 0 215 6 0 149 6 0 156 160 0 20 76 0 122 76 0 226 159 0 157 0 0 193 0 0 97 76 0 30 76 0 127 14 0 161 14 0 178 143 0 208 175 0 216 63 0 147 155 0 191 124 0 129 176 0 134 61 0 133 62 0 149 14 0 212 154 0 158 14 0 171 169 0 170 170 0 46 80 0 37 79 0 181 159 0 70 76 0 98 76 0 206 166 0 128 177 0 139 167 0 169 43 0 162 40 0 129 176 0 133 62 0 165 2 0 163 147 0 128 177 0 162 40 0 218 111 0 211 141 0 149 6 0 215 6 0 219 134 0 166 135 0 140 171 0 129 176 0 163 147 0 170 170 0 138 168 0 223 83 0 188 159 0 168 165 0 185 149 0 221 61 0 210 61 0 196 61 0 144 150 0 155 151 0 164 119 0 151 120 0 200 81 0 241 61 0 236 61 0 177 81 0 142 140 0 143 178 0 187 123 0 172 139 0 216 63 0 221 61 0 185 149 0 222 97 0 196 94 0 173 179 0 180 182 0 192 181 0 182 180 0 195 121 0 25 14 0 212 154 0 164 183 0 47 98 0 206 166 0 98 76 0 1 76 0 188 159 0 139 167 0 128 177 0 209 61 0 194 158 0 171 169 0 37 79 0 20 76 0 156 160 0 202 184 0 131 185 0 132 124 0 174 184 0 186 118 0 164 119 0 142 140 0 187 123 0 132 124 0 172 139 0 152 153 0 209 61 0 201 131 0 196 94 0 68 95 0 104 17 0 185 145 0 191 124 0 147 155 0 203 118 0 131 185 0 196 61 0 210 61 0 182 180 0 173 186 0 176 83 0 177 81 0 179 81 0 204 83 0 140 171 0 141 172 0 205 161 0 145 162 0 192 181 0 222 187 0 173 186 0 182 180 0 143 178 0 154 188 0 160 146 0 187 123 0 172 139 0 132 124 0 131 185 0 203 118 0 129 176 0 140 171 0 145 162 0 134 61 0 36 57 0 168 165 0 188 159 0 1 76 0 70 76 0 181 159 0 226 159 0 122 76 0 175 61 0 182 180 0 210 61 0 189 61 0 141 172 0 171 169 0 156 160 0 205 161 0 181 159 0 176 83 0 204 83 0 226 159 0 57 55 0 229 173 0 227 157 0 45 58 0 222 187 0 192 181 0 180 182 0 183 100 0 67 96 0 222 97 0 183 108 0 81 109 0 138 168 0 139 167 0 194 158 0 223 83 0 149 14 0 166 14 0 197 163 0 212 154 0 175 61 0 235 61 0 240 61 0 198 61 0 137 125 0 167 156 0 174 184 0 132 124 0 214 1 0 191 124 0 131 185 0 202 184 0 182 180 0 175 61 0 195 121 0 155 144 0 104 17 0 47 98 0 164 183 0 200 81 0 199 82 0 223 83 0 194 158 0 207 102 0 198 61 0 209 61 0 152 153 0 146 102 0 180 182 0 195 121 0 207 102 0 112 128 0 230 129 0 231 73 0 117 74 0 180 182 0 146 102 0 183 100 0 153 107 0 208 175 0 178 143 0 164 183 0 212 154 0 154 174 0 176 83 0 181 159 0 206 166 0 199 82 0 128 177 0 211 141 0 201 131 0 209 61 0 154 188 0 143 178 0 142 140 0 164 119 0 177 81 0 236 61 0 237 61 0 179 81 0 189 61 0 238 61 0 235 61 0 175 61 0 179 81 0 237 61 0 238 61 0 189 61 0 198 61 0 240 61 0 242 61 0 209 61 0 194 158 0 239 61 0 241 61 0 200 81 0</p>
                </polylist>
            </mesh>
        </geometry>
        <geometry id="ID16">
            <mesh>
                <source id="ID17">
                    <float_array id="ID18" count="96">-30.2463 -7.31938 4.451 -30.2424 -4.88047 4.45069 -0.703136 -1.21945 0.922511 -0.703136 1.21945 0.922511 -0.703136 -1.21945 -0.92252 -0.703136 1.21945 -0.92252 -30.2707 -7.31957 2.60613 -30.2668 -4.88067 2.60582 0.741003 -0.853008 0.922511 0.741003 0.853005 0.922511 0.368215 -0.853008 -0.252999 0.368215 0.853005 -0.252999 -0.307443 -0.551194 5.43685 -0.307443 0.551191 5.43685 0.345309 -0.551194 5.43685 0.345309 0.551191 5.43685 -32.0971 -7.31645 4.47548 -32.0932 -4.87755 4.47517 -31.5037 -6.93758 2.75443 -31.4999 -4.49868 2.75412 -30.2275 -7.31922 5.87467 -30.2236 -4.88032 5.87436 -32.0782 -7.3163 5.89916 -32.0744 -4.8774 5.89884 -5.10787 -7.35885 5.83025 -5.10402 -4.91995 5.82993 -5.10429 -7.35882 6.10074 -5.10044 -4.91992 6.10043 -57.1902 -7.27661 6.51918 -57.1864 -4.83771 6.51886 -57.1866 -7.27658 6.78967 -57.1828 -4.83768 6.78936</float_array>
                    <technique_common>
                        <accessor count="32" source="#ID18" stride="3">
                            <param name="X" type="float"/>
                            <param name="Y" type="float"/>
                            <param name="Z" type="float"/>
                        </accessor>
                    </technique_common>
                </source>
                <source id="ID19">
                    <float_array id="ID20" count="123">0.0383093 -0.97771 0.206437 0.118601 -2.96773e-005 0.992942 0.228053 -0.914309 0.334709 0.770922 -0.635358 -0.0447078 0.776293 0.627586 -0.0592008 0.760789 0.399157 -0.511736 0.756816 -0.409978 -0.509066 0.315664 -0.680708 -0.661054 0.19174 0.698203 -0.689745 -0.105276 0.718639 -0.687368 -0.0682536 -0.671875 -0.737513 -0.57042 -0.452002 -0.685795 -0.628315 0.000891314 -0.777959 -0.613257 0.00086618 -0.789883 -0.337968 -0.842597 -0.419294 -0.0116914 0.999553 0.0275156 0.0821994 0.996548 0.0115856 -0.493106 0.557915 0.667516 0.587805 0.518817 0.620737 0.584035 -0.513985 0.628269 -0.489106 -0.552291 0.675092 -0.996181 0 0.0873178 0.00211449 0.000125114 0.999998 0.0243372 8.99126e-005 0.999704 0.0520924 0.997991 0.0360647 0.152517 0.982378 0.108036 0.721654 -0.00122727 -0.692253 0.999911 -0.00157896 -0.0132268 0.00157741 0.999999 -0.000129244 0.00157732 0.999999 -0.000130291 -0.739712 0.00108102 -0.672922 -0.999911 0.00157974 0.0132268 -0.0015773 -0.999999 0.000128696 -0.00157728 -0.999999 0.000130457 0.0547833 -0.000214695 -0.998498 0.00157745 0.999999 -0.00012944 -0.00899785 0.000142641 0.99996 -0.00157745 -0.999999 0.000131534 -0.0015775 -0.999999 0.000128012 0.0354448 7.22422e-005 0.999372 0.00157727 0.999999 -0.000131534</float_array>
                    <technique_common>
                        <accessor count="41" source="#ID20" stride="3">
                            <param name="X" type="float"/>
                            <param name="Y" type="float"/>
                            <param name="Z" type="float"/>
                        </accessor>
                    </technique_common>
                </source>
                <source id="ID21">
                    <float_array id="ID22" count="2">0 1</float_array>
                    <technique_common>
                        <accessor count="1" source="#ID22" stride="2">
                            <param name="S" type="float"/>
                            <param name="T" type="float"/>
                        </accessor>
                    </technique_common>
                </source>
                <vertices id="ID23">
                    <input semantic="POSITION" source="#ID17"/>
                </vertices>
                <polylist count="30" material="Material1">
                    <input offset="0" semantic="VERTEX" source="#ID23"/>
                    <input offset="1" semantic="NORMAL" source="#ID19"/>
                    <input offset="2" semantic="TEXCOORD" source="#ID21" set="0"/>
                    <vcount>4 4 4 4 4 4 4 4 4 4 4 4 4 4 4 4 4 4 4 4 4 4 4 4 4 4 4 4 4 4</vcount>
                    <p>2 2 0 3 1 0 1 1 0 0 0 0 10 6 0 11 5 0 9 4 0 8 3 0 6 10 0 7 9 0 5 8 0 4 7 0 16 14 0 17 13 0 19 12 0 18 11 0 3 16 0 5 8 0 7 9 0 1 15 0 4 7 0 2 2 0 0 0 0 6 10 0 4 7 0 10 6 0 8 3 0 2 2 0 5 8 0 11 5 0 10 6 0 4 7 0 3 16 0 9 4 0 11 5 0 5 8 0 12 20 0 14 19 0 15 18 0 13 17 0 2 21 0 12 20 0 13 17 0 3 21 0 8 3 0 14 19 0 12 20 0 2 2 0 9 4 0 15 18 0 14 19 0 8 3 0 3 16 0 13 17 0 15 18 0 9 4 0 0 0 0 16 14 0 18 11 0 6 10 0 21 22 0 23 23 0 22 23 0 20 22 0 7 9 0 19 25 0 17 24 0 1 15 0 6 10 0 18 11 0 19 12 0 7 9 0 25 26 0 27 27 0 26 27 0 24 26 0 17 24 0 23 29 0 21 28 0 1 15 0 28 30 0 30 31 0 31 31 0 29 30 0 0 0 0 20 33 0 22 32 0 16 14 0 1 34 0 25 26 0 24 26 0 0 34 0 21 28 0 27 35 0 25 35 0 1 15 0 20 22 0 26 36 0 27 36 0 21 22 0 0 0 0 24 37 0 26 37 0 20 33 0 16 14 0 28 30 0 29 30 0 17 13 0 22 32 0 30 38 0 28 38 0 16 14 0 23 23 0 31 39 0 30 39 0 22 23 0 17 24 0 29 40 0 31 40 0 23 29 0</p>
                </polylist>
            </mesh>
        </geometry>
        <geometry id="ID25">
            <mesh>
                <source id="ID26">
                    <float_array id="ID27" count="96">-30.2463 -7.31937 4.451 -30.2424 -4.88047 4.45069 -0.703135 -1.21945 0.922511 -0.703135 1.21946 0.922511 -0.703135 -1.21945 -0.92252 -0.703135 1.21946 -0.92252 -30.2707 -7.31957 2.60613 -30.2668 -4.88067 2.60582 0.741005 -0.853004 0.922511 0.741005 0.85301 0.922511 0.368216 -0.853004 -0.252999 0.368216 0.85301 -0.252999 -0.307441 -0.551189 5.43685 -0.307441 0.551196 5.43685 0.34531 -0.551189 5.43685 0.34531 0.551196 5.43685 -32.0971 -7.31645 4.47548 -32.0932 -4.87755 4.47517 -31.5037 -6.93757 2.75443 -31.4999 -4.49867 2.75412 -30.2275 -7.31922 5.87467 -30.2236 -4.88032 5.87436 -32.0782 -7.31629 5.89916 -32.0744 -4.87739 5.89884 -5.10786 -7.35885 5.83025 -5.10402 -4.91995 5.82993 -5.10429 -7.35882 6.10074 -5.10044 -4.91992 6.10043 -57.1902 -7.2766 6.51918 -57.1864 -4.8377 6.51886 -57.1866 -7.27657 6.78967 -57.1828 -4.83767 6.78936</float_array>
                    <technique_common>
                        <accessor count="32" source="#ID27" stride="3">
                            <param name="X" type="float"/>
                            <param name="Y" type="float"/>
                            <param name="Z" type="float"/>
                        </accessor>
                    </technique_common>
                </source>
                <source id="ID28">
                    <float_array id="ID29" count="123">0.0383093 -0.97771 0.206437 0.118601 -2.96772e-005 0.992942 0.228053 -0.914309 0.334709 0.770922 -0.635358 -0.0447078 0.776293 0.627586 -0.0592008 0.760789 0.399157 -0.511736 0.756816 -0.409978 -0.509066 0.315664 -0.680708 -0.661054 0.19174 0.698203 -0.689745 -0.105276 0.718639 -0.687368 -0.0682536 -0.671875 -0.737513 -0.57042 -0.452002 -0.685795 -0.628314 0.000891314 -0.777959 -0.613257 0.000866179 -0.789883 -0.337968 -0.842597 -0.419295 -0.0116914 0.999553 0.0275156 0.0821994 0.996548 0.0115856 -0.493106 0.557915 0.667516 0.587805 0.518817 0.620737 0.584035 -0.513985 0.628269 -0.489106 -0.552291 0.675092 -0.996181 0 0.0873178 0.00211447 0.000125113 0.999998 0.0243372 8.99128e-005 0.999704 0.0520924 0.997991 0.0360647 0.152517 0.982378 0.108036 0.721654 -0.00122725 -0.692253 0.999911 -0.00157896 -0.0132268 0.00157741 0.999999 -0.000129242 0.00157732 0.999999 -0.000130291 -0.739712 0.00108102 -0.672922 -0.999911 0.00157974 0.0132268 -0.0015773 -0.999999 0.000128696 -0.00157728 -0.999999 0.000130457 0.0547833 -0.000214664 -0.998498 0.00157745 0.999999 -0.000129435 -0.00899787 0.000142637 0.99996 -0.00157745 -0.999999 0.000131534 -0.0015775 -0.999999 0.000128012 0.0354448 7.22422e-005 0.999372 0.00157727 0.999999 -0.000131534</float_array>
                    <technique_common>
                        <accessor count="41" source="#ID29" stride="3">
                            <param name="X" type="float"/>
                            <param name="Y" type="float"/>
                            <param name="Z" type="float"/>
                        </accessor>
                    </technique_common>
                </source>
                <source id="ID30">
                    <float_array id="ID31" count="2">0 1</float_array>
                    <technique_common>
                        <accessor count="1" source="#ID31" stride="2">
                            <param name="S" type="float"/>
                            <param name="T" type="float"/>
                        </accessor>
                    </technique_common>
                </source>
                <vertices id="ID32">
                    <input semantic="POSITION" source="#ID26"/>
                </vertices>
                <polylist count="30" material="Material1">
                    <input offset="0" semantic="VERTEX" source="#ID32"/>
                    <input offset="1" semantic="NORMAL" source="#ID28"/>
                    <input offset="2" semantic="TEXCOORD" source="#ID30" set="0"/>
                    <vcount>4 4 4 4 4 4 4 4 4 4 4 4 4 4 4 4 4 4 4 4 4 4 4 4 4 4 4 4 4 4</vcount>
                    <p>2 2 0 3 1 0 1 1 0 0 0 0 10 6 0 11 5 0 9 4 0 8 3 0 6 10 0 7 9 0 5 8 0 4 7 0 16 14 0 17 13 0 19 12 0 18 11 0 3 16 0 5 8 0 7 9 0 1 15 0 4 7 0 2 2 0 0 0 0 6 10 0 4 7 0 10 6 0 8 3 0 2 2 0 5 8 0 11 5 0 10 6 0 4 7 0 3 16 0 9 4 0 11 5 0 5 8 0 12 20 0 14 19 0 15 18 0 13 17 0 2 21 0 12 20 0 13 17 0 3 21 0 8 3 0 14 19 0 12 20 0 2 2 0 9 4 0 15 18 0 14 19 0 8 3 0 3 16 0 13 17 0 15 18 0 9 4 0 0 0 0 16 14 0 18 11 0 6 10 0 21 22 0 23 23 0 22 23 0 20 22 0 7 9 0 19 25 0 17 24 0 1 15 0 6 10 0 18 11 0 19 12 0 7 9 0 25 26 0 27 27 0 26 27 0 24 26 0 17 24 0 23 29 0 21 28 0 1 15 0 28 30 0 30 31 0 31 31 0 29 30 0 0 0 0 20 33 0 22 32 0 16 14 0 1 34 0 25 26 0 24 26 0 0 34 0 21 28 0 27 35 0 25 35 0 1 15 0 20 22 0 26 36 0 27 36 0 21 22 0 0 0 0 24 37 0 26 37 0 20 33 0 16 14 0 28 30 0 29 30 0 17 13 0 22 32 0 30 38 0 28 38 0 16 14 0 23 23 0 31 39 0 30 39 0 22 23 0 17 24 0 29 40 0 31 40 0 23 29 0</p>
                </polylist>
            </mesh>
        </geometry>
        <geometry id="ID34">
            <mesh>
                <source id="ID35">
                    <float_array id="ID36" count="90">-34.4804 0.0571418 -2.81657 0.011975 -1.22557e-006 7.35358e-006 -32.42 -1.16102 2.36387 0.011975 -0.619618 7.35358e-006 -32.42 -0.319292 1.20533 0.011975 -0.191473 -0.589283 -32.42 1.04266 1.64785 0.011975 0.501279 -0.364194 -32.42 1.04266 3.07989 0.011975 0.501279 0.364209 -32.42 -0.319293 3.52242 0.011975 -0.191473 0.589298 -2.46649 -1.22557e-006 7.35358e-006 -33.8675 -1.16102 1.60162 -33.0483 -0.319292 0.7824 -33.3612 1.04266 1.09531 -34.3738 1.04266 2.10792 -34.6868 -0.319293 2.42083 -3.20278 -1.22557e-006 -0.387713 -34.4804 -1.16102 0.265609 -33.3218 -0.319292 0.265609 -33.7644 1.04266 0.265609 -35.1964 1.04266 0.265609 -35.6389 -0.319293 0.265608 -3.5145 -1.22456e-006 -1.06727 -34.4804 -1.16102 -2.81657 -33.3218 -0.319292 -2.81657 -33.7644 1.04266 -2.81657 -35.1964 1.04266 -2.81657 -35.6389 -0.319293 -2.81657</float_array>
                    <technique_common>
                        <accessor count="30" source="#ID36" stride="3">
                            <param name="X" type="float"/>
                            <param name="Y" type="float"/>
                            <param name="Z" type="float"/>
                        </accessor>
                    </technique_common>
                </source>
                <source id="ID37">
                    <float_array id="ID38" count="78">0 0 -1 0.0196495 -0.999784 0.00683952 0.0166607 -0.999861 -0.00041954 -0.0513331 -0.308961 -0.949689 0.236589 -0.321431 -0.916901 0.924129 -0.310899 -0.222098 0.951057 -0.309016 -0 7.36754e-008 -1 -0 -0.00179029 -0.999975 -0.00688578 -0.0229263 0.809083 -0.587246 0.149751 0.817351 -0.556339 0.565339 0.813624 -0.135672 0.587785 0.809018 -0 0.0625278 0.808167 0.585625 -0.101189 0.816285 0.568718 -0.571034 0.811879 0.121547 -0.587787 0.809016 -0 0.0868833 -0.308536 0.947237 -0.177343 -0.316564 0.931846 -0.929 -0.31103 0.200549 -0.951056 -0.309019 -0 0.70037 -0.313406 -0.641295 0.00957952 -0.999954 0.00018696 0.431416 0.81177 -0.393584 -0.413184 0.819354 0.397415 -0.684108 -0.318821 0.65601</float_array>
                    <technique_common>
                        <accessor count="26" source="#ID38" stride="3">
                            <param name="X" type="float"/>
                            <param name="Y" type="float"/>
                            <param name="Z" type="float"/>
                        </accessor>
                    </technique_common>
                </source>
                <source id="ID39">
                    <float_array id="ID40" count="2">0 1</float_array>
                    <technique_common>
                        <accessor count="1" source="#ID40" stride="2">
                            <param name="S" type="float"/>
                            <param name="T" type="float"/>
                        </accessor>
                    </technique_common>
                </source>
                <vertices id="ID41">
                    <input semantic="POSITION" source="#ID35"/>
                </vertices>
                <polylist count="25" material="Material1">
                    <input offset="0" semantic="VERTEX" source="#ID41"/>
                    <input offset="1" semantic="NORMAL" source="#ID37"/>
                    <input offset="2" semantic="TEXCOORD" source="#ID39" set="0"/>
                    <vcount>3 4 4 3 4 4 3 4 4 3 4 4 3 4 4 4 4 4 4 4 4 4 4 4 4</vcount>
                    <p>26 0 0 25 0 0 0 0 0 4 4 0 5 3 0 3 2 0 2 1 0 19 8 0 25 7 0 26 6 0 20 5 0 27 0 0 26 0 0 0 0 0 6 10 0 7 9 0 5 3 0 4 4 0 20 5 0 26 6 0 27 12 0 21 11 0 28 0 0 27 0 0 0 0 0 8 14 0 9 13 0 7 9 0 6 10 0 21 11 0 27 12 0 28 16 0 22 15 0 29 0 0 28 0 0 0 0 0 10 18 0 11 17 0 9 13 0 8 14 0 22 15 0 28 16 0 29 20 0 23 19 0 25 0 0 29 0 0 0 0 0 2 1 0 3 2 0 11 17 0 10 18 0 23 19 0 29 20 0 25 7 0 19 8 0 13 22 0 19 8 0 20 5 0 14 21 0 14 21 0 20 5 0 21 11 0 15 23 0 15 23 0 21 11 0 22 15 0 16 24 0 16 24 0 22 15 0 23 19 0 17 25 0 17 25 0 23 19 0 19 8 0 13 22 0 2 1 0 13 22 0 14 21 0 4 4 0 4 4 0 14 21 0 15 23 0 6 10 0 6 10 0 15 23 0 16 24 0 8 14 0 8 14 0 16 24 0 17 25 0 10 18 0 10 18 0 17 25 0 13 22 0 2 1 0</p>
                </polylist>
            </mesh>
        </geometry>
        <geometry id="ID43">
            <mesh>
                <source id="ID44">
                    <float_array id="ID45" count="96">-13.1965 -61.5284 3.3551 -13.1965 -5.37412 3.3551 15.8072 -61.5284 3.3551 15.8072 -5.37412 3.3551 15.8072 -61.5284 -0.0696373 15.8072 -5.37412 -0.0696373 -13.1965 -61.5284 -0.0696373 -13.1965 -5.37412 -0.0696373 -5.20938 -67.4667 3.3551 -5.20938 0.564192 3.3551 7.82002 -67.4667 3.3551 7.82002 0.564192 3.3551 7.82002 -67.4667 -2.65893 7.82002 0.564192 -2.65893 -5.20938 -67.4667 -2.65893 -5.20938 0.564192 -2.65893 -4.51426 -65.3667 3.3551 -4.51426 -1.53581 3.3551 7.1249 -65.3667 3.3551 7.1249 -1.53581 3.3551 -10.6965 -60.2718 1.55857 -10.6965 -6.63066 1.55857 13.3072 -60.2718 1.55857 13.3072 -6.63066 1.55857 -4.38186 -64.9667 1.55857 -4.38186 -1.93581 1.55857 6.99249 -64.9667 1.55857 6.99249 -1.93581 1.55857 -11.0965 -60.4729 3.3551 -11.0965 -6.42962 3.3551 13.7072 -60.4729 3.3551 13.7072 -6.42962 3.3551</float_array>
                    <technique_common>
                        <accessor count="32" source="#ID45" stride="3">
                            <param name="X" type="float"/>
                            <param name="Y" type="float"/>
                            <param name="Z" type="float"/>
                        </accessor>
                    </technique_common>
                </source>
                <source id="ID46">
                    <float_array id="ID47" count="111">0.520362 -0.261543 0.812908 0.866977 -0.435757 0.2418 0.866977 0.435757 0.2418 0.520362 0.261543 0.812908 0.89349 -0.449083 -0 0.89349 0.449083 -0 0.83718 0.352666 -0.418039 0.83718 -0.352666 -0.418039 0.322496 -0.642297 -0.695306 0.322496 0.642298 -0.695306 -0.322496 0.642298 -0.695306 -0.322496 -0.642298 -0.695306 -0.83718 -0.352666 -0.418039 -0.83718 0.352666 -0.418039 -0.89349 0.449083 -0 -0.89349 -0.449083 -0 0 0 1 0.190336 0.575013 0.795696 -0.190336 0.575013 0.795696 -0.314243 -0.949343 -0 0.314243 -0.949342 -0 0.305941 0.924263 0.228338 0.190336 -0.575014 0.795696 0.305941 -0.924263 0.228337 0.314243 0.949343 -0 -0.314243 0.949343 -0 -0.314243 -0.949343 -0 -0.322496 -0.642298 0.695306 0.322496 -0.642298 0.695306 0.314243 -0.949343 -0 -0.190336 -0.575014 0.795696 -0.520362 0.261543 0.812908 -0.520362 -0.261543 0.812908 -0.305942 0.924263 0.228338 -0.305941 -0.924263 0.228337 -0.866977 0.435757 0.2418 -0.866977 -0.435757 0.241799</float_array>
                    <technique_common>
                        <accessor count="37" source="#ID47" stride="3">
                            <param name="X" type="float"/>
                            <param name="Y" type="float"/>
                            <param name="Z" type="float"/>
                        </accessor>
                    </technique_common>
                </source>
                <source id="ID48">
                    <float_array id="ID49" count="2">0 1</float_array>
                    <technique_common>
                        <accessor count="1" source="#ID49" stride="2">
                            <param name="S" type="float"/>
                            <param name="T" type="float"/>
                        </accessor>
                    </technique_common>
                </source>
                <vertices id="ID50">
                    <input semantic="POSITION" source="#ID44"/>
                </vertices>
                <polylist count="27" material="Material1">
                    <input offset="0" semantic="VERTEX" source="#ID50"/>
                    <input offset="1" semantic="NORMAL" source="#ID46"/>
                    <input offset="2" semantic="TEXCOORD" source="#ID48" set="0"/>
                    <vcount>4 4 4 4 4 4 4 4 4 4 4 4 4 4 4 4 4 4 4 4 4 4 4 4 4 4 4</vcount>
                    <p>28 3 0 20 2 0 21 1 0 29 0 0 4 7 0 5 6 0 3 5 0 2 4 0 14 11 0 15 10 0 13 9 0 12 8 0 0 15 0 1 14 0 7 13 0 6 12 0 10 16 0 18 18 0 16 17 0 8 16 0 12 8 0 10 20 0 8 19 0 14 11 0 16 17 0 24 21 0 20 2 0 28 3 0 29 0 0 21 1 0 25 23 0 17 22 0 7 13 0 15 10 0 14 11 0 6 12 0 4 7 0 12 8 0 13 9 0 5 6 0 5 6 0 13 9 0 11 24 0 3 5 0 1 14 0 9 25 0 15 10 0 7 13 0 2 4 0 10 20 0 12 8 0 4 7 0 6 12 0 14 11 0 8 19 0 0 15 0 9 29 0 15 28 0 13 27 0 11 26 0 9 16 0 17 22 0 19 30 0 11 16 0 3 16 0 31 32 0 30 31 0 2 16 0 11 16 0 19 30 0 31 32 0 3 16 0 2 16 0 30 31 0 18 18 0 10 16 0 0 16 0 28 3 0 29 0 0 1 16 0 8 16 0 16 17 0 28 3 0 0 16 0 1 16 0 29 0 0 17 22 0 9 16 0 18 18 0 26 33 0 24 21 0 16 17 0 17 22 0 25 23 0 27 34 0 19 30 0 31 32 0 23 36 0 22 35 0 30 31 0 19 30 0 27 34 0 23 36 0 31 32 0 30 31 0 22 35 0 26 33 0 18 18 0</p>
                </polylist>
            </mesh>
        </geometry>
        <geometry id="ID52">
            <mesh>
                <source id="ID53">
                    <float_array id="ID54" count="24">-48.4563 -69.8527 -13.0218 -48.4563 -16.2116 -13.0218 -24.4527 -69.8527 -13.0218 -24.4527 -16.2116 -13.0218 -42.1417 -74.5476 -13.0218 -42.1417 -11.5167 -13.0218 -30.7673 -74.5476 -13.0218 -30.7673 -11.5167 -13.0218</float_array>
                    <technique_common>
                        <accessor count="8" source="#ID54" stride="3">
                            <param name="X" type="float"/>
                            <param name="Y" type="float"/>
                            <param name="Z" type="float"/>
                        </accessor>
                    </technique_common>
                </source>
                <source id="ID55">
                    <float_array id="ID56" count="3">0 0 1</float_array>
                    <technique_common>
                        <accessor count="1" source="#ID56" stride="3">
                            <param name="X" type="float"/>
                            <param name="Y" type="float"/>
                            <param name="Z" type="float"/>
                        </accessor>
                    </technique_common>
                </source>
                <source id="ID57">
                    <float_array id="ID58" count="2">0 1</float_array>
                    <technique_common>
                        <accessor count="1" source="#ID58" stride="2">
                            <param name="S" type="float"/>
                            <param name="T" type="float"/>
                        </accessor>
                    </technique_common>
                </source>
                <vertices id="ID59">
                    <input semantic="POSITION" source="#ID53"/>
                </vertices>
                <polylist count="3" material="Material1">
                    <input offset="0" semantic="VERTEX" source="#ID59"/>
                    <input offset="1" semantic="NORMAL" source="#ID55"/>
                    <input offset="2" semantic="TEXCOORD" source="#ID57" set="0"/>
                    <vcount>4 4 4</vcount>
                    <p>6 0 0 7 0 0 5 0 0 4 0 0 3 0 0 7 0 0 6 0 0 2 0 0 0 0 0 4 0 0 5 0 0 1 0 0</p>
                </polylist>
            </mesh>
        </geometry>
        <geometry id="ID61">
            <mesh>
                <source id="ID62">
                    <float_array id="ID63" count="78">20.0249 0.0571442 -2.81655 17.9645 -1.16103 2.36388 -14.4675 -0.619621 2.05083e-005 17.9645 -0.31929 1.20534 -14.4675 -0.191475 -0.589274 17.9645 1.04266 1.64786 -14.4675 0.501282 -0.364176 17.9645 1.04266 3.0799 -14.4675 0.501282 0.364217 17.9645 -0.31929 3.52244 -14.4675 -0.191475 0.589315 19.4121 -1.16103 1.60163 18.5929 -0.31929 0.782415 18.9058 1.04266 1.09533 19.9184 1.04266 2.10793 20.2313 -0.31929 2.42084 20.0249 -1.16103 0.265615 18.8663 -0.31929 0.265615 19.3089 1.04266 0.265615 20.7409 1.04266 0.265615 21.1834 -0.31929 0.265615 20.0249 -1.16103 -2.81655 18.8663 -0.31929 -2.81655 19.3089 1.04266 -2.81655 20.7409 1.04266 -2.81655 21.1834 -0.31929 -2.81655</float_array>
                    <technique_common>
                        <accessor count="26" source="#ID63" stride="3">
                            <param name="X" type="float"/>
                            <param name="Y" type="float"/>
                            <param name="Z" type="float"/>
                        </accessor>
                    </technique_common>
                </source>
                <source id="ID64">
                    <float_array id="ID65" count="78">0 0 -1 -0.0196489 -0.999784 0.00683764 -0.236585 -0.321429 -0.916903 0.0513331 -0.308958 -0.949689 -0.0166605 -0.999861 -0.000421052 -0.924129 -0.310901 -0.222093 0.00179249 -0.999975 -0.00688394 3.13121e-006 -1 -0 -0.951056 -0.309019 -0 -0.149749 0.817351 -0.556339 0.0229264 0.809085 -0.587245 -0.565342 0.813623 -0.13567 -0.587786 0.809016 -0 0.101188 0.816287 0.568715 -0.0625273 0.80817 0.585621 0.571033 0.811879 0.121546 0.587786 0.809016 -0 0.177342 -0.316561 0.931847 -0.0868834 -0.308532 0.947238 0.929001 -0.311027 0.200547 0.951057 -0.309016 -0 -0.70037 -0.313408 -0.641294 -0.00957838 -0.999954 0.0001877 -0.431418 0.81177 -0.393584 0.413183 0.819355 0.397413 0.684109 -0.318817 0.656011</float_array>
                    <technique_common>
                        <accessor count="26" source="#ID65" stride="3">
                            <param name="X" type="float"/>
                            <param name="Y" type="float"/>
                            <param name="Z" type="float"/>
                        </accessor>
                    </technique_common>
                </source>
                <source id="ID66">
                    <float_array id="ID67" count="2">0 1</float_array>
                    <technique_common>
                        <accessor count="1" source="#ID67" stride="2">
                            <param name="S" type="float"/>
                            <param name="T" type="float"/>
                        </accessor>
                    </technique_common>
                </source>
                <vertices id="ID68">
                    <input semantic="POSITION" source="#ID62"/>
                </vertices>
                <polylist count="25" material="Material1">
                    <input offset="0" semantic="VERTEX" source="#ID68"/>
                    <input offset="1" semantic="NORMAL" source="#ID64"/>
                    <input offset="2" semantic="TEXCOORD" source="#ID66" set="0"/>
                    <vcount>3 4 4 3 4 4 3 4 4 3 4 4 3 4 4 4 4 4 4 4 4 4 4 4 4</vcount>
                    <p>21 0 0 22 0 0 0 0 0 2 4 0 4 3 0 3 2 0 1 1 0 22 8 0 21 7 0 16 6 0 17 5 0 22 0 0 23 0 0 0 0 0 4 3 0 6 10 0 5 9 0 3 2 0 23 12 0 22 8 0 17 5 0 18 11 0 23 0 0 24 0 0 0 0 0 6 10 0 8 14 0 7 13 0 5 9 0 24 16 0 23 12 0 18 11 0 19 15 0 24 0 0 25 0 0 0 0 0 8 14 0 10 18 0 9 17 0 7 13 0 25 20 0 24 16 0 19 15 0 20 19 0 25 0 0 21 0 0 0 0 0 10 18 0 2 4 0 1 1 0 9 17 0 21 7 0 25 20 0 20 19 0 16 6 0 17 5 0 16 6 0 11 22 0 12 21 0 18 11 0 17 5 0 12 21 0 13 23 0 19 15 0 18 11 0 13 23 0 14 24 0 20 19 0 19 15 0 14 24 0 15 25 0 16 6 0 20 19 0 15 25 0 11 22 0 12 21 0 11 22 0 1 1 0 3 2 0 13 23 0 12 21 0 3 2 0 5 9 0 14 24 0 13 23 0 5 9 0 7 13 0 15 25 0 14 24 0 7 13 0 9 17 0 11 22 0 15 25 0 9 17 0 1 1 0</p>
                </polylist>
            </mesh>
        </geometry>
        <geometry id="ID70">
            <mesh>
                <source id="ID71">
                    <float_array id="ID72" count="96">14.3278 -61.5284 3.35512 14.3278 -5.37417 3.35512 -14.6759 -61.5284 3.35512 -14.6759 -5.37417 3.35512 -14.6759 -61.5284 -0.0696259 -14.6759 -5.37417 -0.0696259 14.3278 -61.5284 -0.0696259 14.3278 -5.37417 -0.0696259 6.34066 -67.4667 3.35512 6.34066 0.564137 3.35512 -6.68873 -67.4667 3.35512 -6.68873 0.564137 3.35512 -6.68873 -67.4667 -2.65892 -6.68873 0.564137 -2.65892 6.34066 -67.4667 -2.65892 6.34066 0.564137 -2.65892 5.64556 -65.3667 3.35512 5.64556 -1.53585 3.35512 -5.9936 -65.3667 3.35512 -5.9936 -1.53585 3.35512 11.8278 -60.2719 1.55859 11.8278 -6.63072 1.55859 -12.1759 -60.2719 1.55859 -12.1759 -6.63072 1.55859 5.51314 -64.9667 1.55859 5.51314 -1.93586 1.55859 -5.86122 -64.9667 1.55859 -5.86122 -1.93586 1.55859 12.2278 -60.4729 3.35512 12.2278 -6.42967 3.35512 -12.5759 -60.4729 3.35512 -12.5759 -6.42967 3.35512</float_array>
                    <technique_common>
                        <accessor count="32" source="#ID72" stride="3">
                            <param name="X" type="float"/>
                            <param name="Y" type="float"/>
                            <param name="Z" type="float"/>
                        </accessor>
                    </technique_common>
                </source>
                <source id="ID73">
                    <float_array id="ID74" count="111">-0.520362 -0.261542 0.812908 -0.520362 0.261542 0.812908 -0.866977 0.435757 0.241799 -0.866977 -0.435757 0.2418 -0.89349 -0.449083 -0 -0.83718 -0.352665 -0.418039 -0.83718 0.352665 -0.418039 -0.89349 0.449083 -0 -0.322496 -0.642297 -0.695306 0.322495 -0.642298 -0.695306 0.322495 0.642298 -0.695306 -0.322496 0.642298 -0.695306 0.83718 -0.352666 -0.418039 0.89349 -0.449084 -0 0.89349 0.449084 -0 0.837179 0.352666 -0.418039 0 0 1 0.190336 0.575013 0.795696 -0.190336 0.575013 0.795696 -0.314243 -0.949342 -0 0.314243 -0.949343 -0 -0.305942 0.924263 0.228339 -0.190335 -0.575012 0.795697 -0.305941 -0.924262 0.228342 -0.314243 0.949342 -0 0.314242 0.949343 -0 0.314243 -0.949342 -0 -0.314242 -0.949343 -0 -0.322495 -0.642298 0.695306 0.322496 -0.642298 0.695306 0.190336 -0.575012 0.795697 0.520361 -0.261542 0.812908 0.520361 0.261542 0.812908 0.305942 0.924263 0.228337 0.305942 -0.924262 0.22834 0.866976 -0.435757 0.241802 0.866976 0.435757 0.241801</float_array>
                    <technique_common>
                        <accessor count="37" source="#ID74" stride="3">
                            <param name="X" type="float"/>
                            <param name="Y" type="float"/>
                            <param name="Z" type="float"/>
                        </accessor>
                    </technique_common>
                </source>
                <source id="ID75">
                    <float_array id="ID76" count="2">0 1</float_array>
                    <technique_common>
                        <accessor count="1" source="#ID76" stride="2">
                            <param name="S" type="float"/>
                            <param name="T" type="float"/>
                        </accessor>
                    </technique_common>
                </source>
                <vertices id="ID77">
                    <input semantic="POSITION" source="#ID71"/>
                </vertices>
                <polylist count="27" material="Material1">
                    <input offset="0" semantic="VERTEX" source="#ID77"/>
                    <input offset="1" semantic="NORMAL" source="#ID73"/>
                    <input offset="2" semantic="TEXCOORD" source="#ID75" set="0"/>
                    <vcount>4 4 4 4 4 4 4 4 4 4 4 4 4 4 4 4 4 4 4 4 4 4 4 4 4 4 4</vcount>
                    <p>21 3 0 20 2 0 28 1 0 29 0 0 3 7 0 5 6 0 4 5 0 2 4 0 13 11 0 15 10 0 14 9 0 12 8 0 7 15 0 1 14 0 0 13 0 6 12 0 16 18 0 18 17 0 10 16 0 8 16 0 8 20 0 10 19 0 12 8 0 14 9 0 20 2 0 24 21 0 16 18 0 28 1 0 25 23 0 21 3 0 29 0 0 17 22 0 14 9 0 15 10 0 7 15 0 6 12 0 13 11 0 12 8 0 4 5 0 5 6 0 11 24 0 13 11 0 5 6 0 3 7 0 15 10 0 9 25 0 1 14 0 7 15 0 12 8 0 10 19 0 2 4 0 4 5 0 8 20 0 14 9 0 6 12 0 0 13 0 13 29 0 15 28 0 9 27 0 11 26 0 19 30 0 17 22 0 9 16 0 11 16 0 30 32 0 31 31 0 3 16 0 2 16 0 31 31 0 19 30 0 11 16 0 3 16 0 18 17 0 30 32 0 2 16 0 10 16 0 29 0 0 28 1 0 0 16 0 1 16 0 28 1 0 16 18 0 8 16 0 0 16 0 17 22 0 29 0 0 1 16 0 9 16 0 24 21 0 26 33 0 18 17 0 16 18 0 27 34 0 25 23 0 17 22 0 19 30 0 22 36 0 23 35 0 31 31 0 30 32 0 23 35 0 27 34 0 19 30 0 31 31 0 26 33 0 22 36 0 30 32 0 18 17 0</p>
                </polylist>
            </mesh>
        </geometry>
        <geometry id="ID79">
            <mesh>
                <source id="ID80">
                    <float_array id="ID81" count="24">29.7074 -69.8527 -13.0219 29.7074 -16.2116 -13.0219 5.70371 -69.8527 -13.0219 5.70371 -16.2116 -13.0219 23.3927 -74.5476 -13.0219 23.3927 -11.5167 -13.0219 12.0184 -74.5476 -13.0219 12.0184 -11.5167 -13.0219</float_array>
                    <technique_common>
                        <accessor count="8" source="#ID81" stride="3">
                            <param name="X" type="float"/>
                            <param name="Y" type="float"/>
                            <param name="Z" type="float"/>
                        </accessor>
                    </technique_common>
                </source>
                <source id="ID82">
                    <float_array id="ID83" count="3">0 0 1</float_array>
                    <technique_common>
                        <accessor count="1" source="#ID83" stride="3">
                            <param name="X" type="float"/>
                            <param name="Y" type="float"/>
                            <param name="Z" type="float"/>
                        </accessor>
                    </technique_common>
                </source>
                <source id="ID84">
                    <float_array id="ID85" count="2">0 1</float_array>
                    <technique_common>
                        <accessor count="1" source="#ID85" stride="2">
                            <param name="S" type="float"/>
                            <param name="T" type="float"/>
                        </accessor>
                    </technique_common>
                </source>
                <vertices id="ID86">
                    <input semantic="POSITION" source="#ID80"/>
                </vertices>
                <polylist count="3" material="Material1">
                    <input offset="0" semantic="VERTEX" source="#ID86"/>
                    <input offset="1" semantic="NORMAL" source="#ID82"/>
                    <input offset="2" semantic="TEXCOORD" source="#ID84" set="0"/>
                    <vcount>4 4 4</vcount>
                    <p>5 0 0 7 0 0 6 0 0 4 0 0 6 0 0 7 0 0 3 0 0 2 0 0 5 0 0 4 0 0 0 0 0 1 0 0</p>
                </polylist>
            </mesh>
        </geometry>
        <geometry id="ID88">
            <mesh>
                <source id="ID89">
                    <float_array id="ID90" count="24">-10.7373 -1.68572 40.8392 -10.7373 1.68572 40.8392 15.5339 -1.68572 49.7754 15.5339 1.68572 49.7754 15.5339 -1.68572 -49.7754 15.5339 1.68572 -49.7754 -10.7373 -1.68572 -40.8392 -10.7373 1.68572 -40.8392</float_array>
                    <technique_common>
                        <accessor count="8" source="#ID90" stride="3">
                            <param name="X" type="float"/>
                            <param name="Y" type="float"/>
                            <param name="Z" type="float"/>
                        </accessor>
                    </technique_common>
                </source>
                <source id="ID91">
                    <float_array id="ID92" count="21">-0.813029 0 0.582224 -0.322032 0 0.946729 1 0 -1.91596e-008 -0.322032 0 -0.946729 -0.813029 0 -0.582224 -7.71399e-008 1 1.39103e-015 7.71399e-008 -1 -1.39103e-015</float_array>
                    <technique_common>
                        <accessor count="7" source="#ID92" stride="3">
                            <param name="X" type="float"/>
                            <param name="Y" type="float"/>
                            <param name="Z" type="float"/>
                        </accessor>
                    </technique_common>
                </source>
                <source id="ID93">
                    <float_array id="ID94" count="2">0 1</float_array>
                    <technique_common>
                        <accessor count="1" source="#ID94" stride="2">
                            <param name="S" type="float"/>
                            <param name="T" type="float"/>
                        </accessor>
                    </technique_common>
                </source>
                <vertices id="ID95">
                    <input semantic="POSITION" source="#ID89"/>
                </vertices>
                <polylist count="6" material="Material1">
                    <input offset="0" semantic="VERTEX" source="#ID95"/>
                    <input offset="1" semantic="NORMAL" source="#ID91"/>
                    <input offset="2" semantic="TEXCOORD" source="#ID93" set="0"/>
                    <vcount>4 4 4 4 4 4</vcount>
                    <p>2 1 0 3 1 0 1 0 0 0 0 0 4 2 0 5 2 0 3 2 0 2 2 0 6 4 0 7 4 0 5 3 0 4 3 0 0 0 0 1 0 0 7 4 0 6 4 0 3 5 0 5 5 0 7 5 0 1 5 0 4 6 0 2 6 0 0 6 0 6 6 0</p>
                </polylist>
            </mesh>
        </geometry>
        <geometry id="ID97">
            <mesh>
                <source id="ID98">
                    <float_array id="ID99" count="24">-10.7373 -1.68572 76.167 -10.7373 1.68572 76.167 10.7373 -1.68572 51.3774 10.7373 1.68572 51.3774 10.7373 -1.68572 -51.3774 10.7373 1.68572 -51.3774 -10.7373 -1.68572 -76.167 -10.7373 1.68572 -76.167</float_array>
                    <technique_common>
                        <accessor count="8" source="#ID99" stride="3">
                            <param name="X" type="float"/>
                            <param name="Y" type="float"/>
                            <param name="Z" type="float"/>
                        </accessor>
                    </technique_common>
                </source>
                <source id="ID100">
                    <float_array id="ID101" count="21">0.755837 0 0.65476 0.936973 0 0.349402 0.936973 0 -0.349402 0.755836 0 -0.65476 -1 0 -0 -4.44095e-008 1 -0 4.44095e-008 -1 -0</float_array>
                    <technique_common>
                        <accessor count="7" source="#ID101" stride="3">
                            <param name="X" type="float"/>
                            <param name="Y" type="float"/>
                            <param name="Z" type="float"/>
                        </accessor>
                    </technique_common>
                </source>
                <source id="ID102">
                    <float_array id="ID103" count="2">0 1</float_array>
                    <technique_common>
                        <accessor count="1" source="#ID103" stride="2">
                            <param name="S" type="float"/>
                            <param name="T" type="float"/>
                        </accessor>
                    </technique_common>
                </source>
                <vertices id="ID104">
                    <input semantic="POSITION" source="#ID98"/>
                </vertices>
                <polylist count="6" material="Material1">
                    <input offset="0" semantic="VERTEX" source="#ID104"/>
                    <input offset="1" semantic="NORMAL" source="#ID100"/>
                    <input offset="2" semantic="TEXCOORD" source="#ID102" set="0"/>
                    <vcount>4 4 4 4 4 4</vcount>
                    <p>2 1 0 3 1 0 1 0 0 0 0 0 4 2 0 5 2 0 3 1 0 2 1 0 6 3 0 7 3 0 5 2 0 4 2 0 0 4 0 1 4 0 7 4 0 6 4 0 3 5 0 5 5 0 7 5 0 1 5 0 4 6 0 2 6 0 0 6 0 6 6 0</p>
                </polylist>
            </mesh>
        </geometry>
        <geometry id="ID106">
            <mesh>
                <source id="ID107">
                    <float_array id="ID108" count="24">-10.7373 -1.68572 35.6921 -10.7373 1.68572 35.6921 10.7373 -1.68572 24.0756 10.7373 1.68572 24.0756 10.7373 -1.68572 -24.0756 10.7373 1.68572 -24.0756 -10.7373 -1.68572 -35.6921 -10.7373 1.68572 -35.6921</float_array>
                    <technique_common>
                        <accessor count="8" source="#ID108" stride="3">
                            <param name="X" type="float"/>
                            <param name="Y" type="float"/>
                            <param name="Z" type="float"/>
                        </accessor>
                    </technique_common>
                </source>
                <source id="ID109">
                    <float_array id="ID110" count="21">0.475791 0 0.879559 0.859008 0 0.511962 0.859008 0 -0.511962 0.475791 0 -0.879559 -1 0 -0 -4.44095e-008 1 -0 4.44095e-008 -1 -0</float_array>
                    <technique_common>
                        <accessor count="7" source="#ID110" stride="3">
                            <param name="X" type="float"/>
                            <param name="Y" type="float"/>
                            <param name="Z" type="float"/>
                        </accessor>
                    </technique_common>
                </source>
                <source id="ID111">
                    <float_array id="ID112" count="2">0 1</float_array>
                    <technique_common>
                        <accessor count="1" source="#ID112" stride="2">
                            <param name="S" type="float"/>
                            <param name="T" type="float"/>
                        </accessor>
                    </technique_common>
                </source>
                <vertices id="ID113">
                    <input semantic="POSITION" source="#ID107"/>
                </vertices>
                <polylist count="6" material="Material1">
                    <input offset="0" semantic="VERTEX" source="#ID113"/>
                    <input offset="1" semantic="NORMAL" source="#ID109"/>
                    <input offset="2" semantic="TEXCOORD" source="#ID111" set="0"/>
                    <vcount>4 4 4 4 4 4</vcount>
                    <p>2 1 0 3 1 0 1 0 0 0 0 0 4 2 0 5 2 0 3 1 0 2 1 0 6 3 0 7 3 0 5 2 0 4 2 0 0 4 0 1 4 0 7 4 0 6 4 0 3 5 0 5 5 0 7 5 0 1 5 0 4 6 0 2 6 0 0 6 0 6 6 0</p>
                </polylist>
            </mesh>
        </geometry>
        <geometry id="ID115">
            <mesh>
                <source id="ID116">
                    <float_array id="ID117" count="24">-10.7373 -1.68572 24.0756 -10.7373 1.68572 24.0756 10.7373 -1.68572 35.6921 10.7373 1.68572 35.6921 10.7373 -1.68572 -35.6921 10.7373 1.68572 -35.6921 -10.7373 -1.68572 -24.0756 -10.7373 1.68572 -24.0756</float_array>
                    <technique_common>
                        <accessor count="8" source="#ID117" stride="3">
                            <param name="X" type="float"/>
                            <param name="Y" type="float"/>
                            <param name="Z" type="float"/>
                        </accessor>
                    </technique_common>
                </source>
                <source id="ID118">
                    <float_array id="ID119" count="21">-0.859008 0 0.511962 -0.475791 0 0.879559 1 0 -0 -0.475791 0 -0.879559 -0.859008 0 -0.511962 -4.44095e-008 1 -0 4.44095e-008 -1 -0</float_array>
                    <technique_common>
                        <accessor count="7" source="#ID119" stride="3">
                            <param name="X" type="float"/>
                            <param name="Y" type="float"/>
                            <param name="Z" type="float"/>
                        </accessor>
                    </technique_common>
                </source>
                <source id="ID120">
                    <float_array id="ID121" count="2">0 1</float_array>
                    <technique_common>
                        <accessor count="1" source="#ID121" stride="2">
                            <param name="S" type="float"/>
                            <param name="T" type="float"/>
                        </accessor>
                    </technique_common>
                </source>
                <vertices id="ID122">
                    <input semantic="POSITION" source="#ID116"/>
                </vertices>
                <polylist count="6" material="Material1">
                    <input offset="0" semantic="VERTEX" source="#ID122"/>
                    <input offset="1" semantic="NORMAL" source="#ID118"/>
                    <input offset="2" semantic="TEXCOORD" source="#ID120" set="0"/>
                    <vcount>4 4 4 4 4 4</vcount>
                    <p>2 1 0 3 1 0 1 0 0 0 0 0 4 2 0 5 2 0 3 2 0 2 2 0 6 4 0 7 4 0 5 3 0 4 3 0 0 0 0 1 0 0 7 4 0 6 4 0 3 5 0 5 5 0 7 5 0 1 5 0 4 6 0 2 6 0 0 6 0 6 6 0</p>
                </polylist>
            </mesh>
        </geometry>
        <geometry id="ID125">
            <mesh>
                <source id="ID126">
                    <float_array id="ID127" count="96">-14.9636 -4.37339 2.43896 -14.9636 4.37339 2.43896 -11.542 -5.79911 2.43896 -11.542 5.79911 2.43896 11.542 -5.79911 2.43896 11.542 5.79911 2.43896 14.9636 -4.37339 2.43896 14.9636 4.37339 2.43896 14.9636 -4.37339 -2.43897 14.9636 4.37339 -2.43897 11.542 -5.79911 -2.43897 11.542 5.79911 -2.43897 -11.542 -5.79911 -2.43897 -11.542 5.79911 -2.43897 -14.9636 -4.37339 -2.43897 -14.9636 4.37339 -2.43897 13.2866 -3.25539 -2.43897 13.2866 3.25539 -2.43897 11.2066 -4.12211 -2.43897 11.2066 4.12211 -2.43897 -11.2065 -4.12211 -2.43897 -11.2065 4.12211 -2.43897 -13.2866 -3.25539 -2.43897 -13.2866 3.25539 -2.43897 13.0931 -3.58273 -0.404822 13.0931 2.67006 -0.404822 11.1678 -4.38495 -0.404822 11.1678 3.47227 -0.404822 -11.1678 -4.38495 -0.404822 -11.1678 3.47227 -0.404822 -13.0931 -3.58273 -0.404822 -13.0931 2.67006 -0.404822</float_array>
                    <technique_common>
                        <accessor count="32" source="#ID127" stride="3">
                            <param name="X" type="float"/>
                            <param name="Y" type="float"/>
                            <param name="Z" type="float"/>
                        </accessor>
                    </technique_common>
                </source>
                <source id="ID128">
                    <float_array id="ID129" count="69">-0.832052 -0.554698 -0 -0.196119 -0.98058 -0 0.196119 -0.98058 -0 0.832052 -0.554698 -0 0.832052 0.554698 -0 0.194852 0.97321 0.122044 0.832329 0.554192 0.0100049 0.533314 0.355098 -0.767777 0.816732 -0.529207 -0.229975 0.472664 -0.306266 -0.826311 0.187409 -0.934655 -0.302155 0.115089 -0.573978 -0.810743 -0.832052 0.554698 -0 -0.196119 0.98058 -0 0.196119 0.98058 -0 0 0 -1 -0.533314 0.355098 -0.767777 -0.115089 -0.573978 -0.810743 -0.472664 -0.306266 -0.826311 -0.832329 0.554192 0.0100049 -0.194852 0.97321 0.122044 -0.187409 -0.934655 -0.302155 -0.816732 -0.529207 -0.229975</float_array>
                    <technique_common>
                        <accessor count="23" source="#ID129" stride="3">
                            <param name="X" type="float"/>
                            <param name="Y" type="float"/>
                            <param name="Z" type="float"/>
                        </accessor>
                    </technique_common>
                </source>
                <source id="ID130">
                    <float_array id="ID131" count="2">0 1</float_array>
                    <technique_common>
                        <accessor count="1" source="#ID131" stride="2">
                            <param name="S" type="float"/>
                            <param name="T" type="float"/>
                        </accessor>
                    </technique_common>
                </source>
                <vertices id="ID132">
                    <input semantic="POSITION" source="#ID126"/>
                </vertices>
                <polylist count="24" material="Material1">
                    <input offset="0" semantic="VERTEX" source="#ID132"/>
                    <input offset="1" semantic="NORMAL" source="#ID128"/>
                    <input offset="2" semantic="TEXCOORD" source="#ID130" set="0"/>
                    <vcount>4 4 4 4 4 4 4 4 4 4 4 4 4 4 4 4 4 4 4 4 4 4 4 4</vcount>
                    <p>12 1 0 2 1 0 0 0 0 14 0 0 10 2 0 4 2 0 2 1 0 12 1 0 8 3 0 6 3 0 4 2 0 10 2 0 8 3 0 9 4 0 7 4 0 6 3 0 22 7 0 30 6 0 28 5 0 20 5 0 23 9 0 31 8 0 30 6 0 22 7 0 21 11 0 29 10 0 31 8 0 23 9 0 0 0 0 1 12 0 15 12 0 14 0 0 3 13 0 13 13 0 15 12 0 1 12 0 5 14 0 11 14 0 13 13 0 3 13 0 7 4 0 9 4 0 11 14 0 5 14 0 10 15 0 18 15 0 16 16 0 8 15 0 9 15 0 17 18 0 19 17 0 11 15 0 8 15 0 16 16 0 17 18 0 9 15 0 12 15 0 20 15 0 18 15 0 10 15 0 11 15 0 19 17 0 21 11 0 13 15 0 14 15 0 22 7 0 20 15 0 12 15 0 15 15 0 23 9 0 22 7 0 14 15 0 13 15 0 21 11 0 23 9 0 15 15 0 18 20 0 26 20 0 24 19 0 16 16 0 17 18 0 25 22 0 27 21 0 19 17 0 16 16 0 24 19 0 25 22 0 17 18 0 20 5 0 28 5 0 26 20 0 18 20 0 19 17 0 27 21 0 29 10 0 21 11 0</p>
                </polylist>
            </mesh>
        </geometry>
        <geometry id="ID134">
            <mesh>
                <source id="ID135">
                    <float_array id="ID136" count="24">13.0931 -3.58273 -0.404822 13.0931 2.67006 -0.404822 11.1678 -4.38495 -0.404822 11.1678 3.47227 -0.404822 -11.1678 -4.38495 -0.404822 -11.1678 3.47227 -0.404822 -13.0931 -3.58273 -0.404822 -13.0931 2.67006 -0.404822</float_array>
                    <technique_common>
                        <accessor count="8" source="#ID136" stride="3">
                            <param name="X" type="float"/>
                            <param name="Y" type="float"/>
                            <param name="Z" type="float"/>
                        </accessor>
                    </technique_common>
                </source>
                <source id="ID137">
                    <float_array id="ID138" count="3">0 0 -1</float_array>
                    <technique_common>
                        <accessor count="1" source="#ID138" stride="3">
                            <param name="X" type="float"/>
                            <param name="Y" type="float"/>
                            <param name="Z" type="float"/>
                        </accessor>
                    </technique_common>
                </source>
                <source id="ID139">
                    <float_array id="ID140" count="2">0 1</float_array>
                    <technique_common>
                        <accessor count="1" source="#ID140" stride="2">
                            <param name="S" type="float"/>
                            <param name="T" type="float"/>
                        </accessor>
                    </technique_common>
                </source>
                <vertices id="ID141">
                    <input semantic="POSITION" source="#ID135"/>
                </vertices>
                <polylist count="3" material="Material1">
                    <input offset="0" semantic="VERTEX" source="#ID141"/>
                    <input offset="1" semantic="NORMAL" source="#ID137"/>
                    <input offset="2" semantic="TEXCOORD" source="#ID139" set="0"/>
                    <vcount>4 4 4</vcount>
                    <p>2 0 0 3 0 0 1 0 0 0 0 0 4 0 0 5 0 0 3 0 0 2 0 0 6 0 0 7 0 0 5 0 0 4 0 0</p>
                </polylist>
            </mesh>
        </geometry>
        <geometry id="ID143">
            <mesh>
                <source id="ID144">
                    <float_array id="ID145" count="96">-14.9636 -4.37339 2.43896 -14.9636 4.37339 2.43896 -11.542 -5.79911 2.43896 -11.542 5.79911 2.43896 11.542 -5.79911 2.43896 11.542 5.79911 2.43896 14.9636 -4.37339 2.43896 14.9636 4.37339 2.43896 14.9636 -4.37339 -2.43897 14.9636 4.37339 -2.43897 11.542 -5.79911 -2.43897 11.542 5.79911 -2.43897 -11.542 -5.79911 -2.43897 -11.542 5.79911 -2.43897 -14.9636 -4.37339 -2.43897 -14.9636 4.37339 -2.43897 13.2866 -3.25539 -2.43897 13.2866 3.25539 -2.43897 11.2066 -4.12211 -2.43897 11.2066 4.12211 -2.43897 -11.2065 -4.12211 -2.43897 -11.2065 4.12211 -2.43897 -13.2866 -3.25539 -2.43897 -13.2866 3.25539 -2.43897 13.0931 -3.58273 -0.404822 13.0931 2.67006 -0.404822 11.1678 -4.38495 -0.404822 11.1678 3.47227 -0.404822 -11.1678 -4.38495 -0.404822 -11.1678 3.47227 -0.404822 -13.0931 -3.58273 -0.404822 -13.0931 2.67006 -0.404822</float_array>
                    <technique_common>
                        <accessor count="32" source="#ID145" stride="3">
                            <param name="X" type="float"/>
                            <param name="Y" type="float"/>
                            <param name="Z" type="float"/>
                        </accessor>
                    </technique_common>
                </source>
                <source id="ID146">
                    <float_array id="ID147" count="69">-0.832052 -0.554698 -0 -0.196119 -0.98058 -0 0.196119 -0.98058 -0 0.832052 -0.554698 -0 0.832052 0.554698 -0 0.194852 0.97321 0.122044 0.832329 0.554192 0.0100049 0.533314 0.355098 -0.767777 0.816732 -0.529207 -0.229975 0.472664 -0.306266 -0.826311 0.187409 -0.934655 -0.302155 0.115089 -0.573978 -0.810743 -0.832052 0.554698 -0 -0.196119 0.98058 -0 0.196119 0.98058 -0 0 0 -1 -0.533314 0.355098 -0.767777 -0.115089 -0.573978 -0.810743 -0.472664 -0.306266 -0.826311 -0.832329 0.554192 0.0100049 -0.194852 0.97321 0.122044 -0.187409 -0.934655 -0.302155 -0.816732 -0.529207 -0.229975</float_array>
                    <technique_common>
                        <accessor count="23" source="#ID147" stride="3">
                            <param name="X" type="float"/>
                            <param name="Y" type="float"/>
                            <param name="Z" type="float"/>
                        </accessor>
                    </technique_common>
                </source>
                <source id="ID148">
                    <float_array id="ID149" count="2">0 1</float_array>
                    <technique_common>
                        <accessor count="1" source="#ID149" stride="2">
                            <param name="S" type="float"/>
                            <param name="T" type="float"/>
                        </accessor>
                    </technique_common>
                </source>
                <vertices id="ID150">
                    <input semantic="POSITION" source="#ID144"/>
                </vertices>
                <polylist count="24" material="Material1">
                    <input offset="0" semantic="VERTEX" source="#ID150"/>
                    <input offset="1" semantic="NORMAL" source="#ID146"/>
                    <input offset="2" semantic="TEXCOORD" source="#ID148" set="0"/>
                    <vcount>4 4 4 4 4 4 4 4 4 4 4 4 4 4 4 4 4 4 4 4 4 4 4 4</vcount>
                    <p>12 1 0 2 1 0 0 0 0 14 0 0 10 2 0 4 2 0 2 1 0 12 1 0 8 3 0 6 3 0 4 2 0 10 2 0 8 3 0 9 4 0 7 4 0 6 3 0 22 7 0 30 6 0 28 5 0 20 5 0 23 9 0 31 8 0 30 6 0 22 7 0 21 11 0 29 10 0 31 8 0 23 9 0 0 0 0 1 12 0 15 12 0 14 0 0 3 13 0 13 13 0 15 12 0 1 12 0 5 14 0 11 14 0 13 13 0 3 13 0 7 4 0 9 4 0 11 14 0 5 14 0 10 15 0 18 15 0 16 16 0 8 15 0 9 15 0 17 18 0 19 17 0 11 15 0 8 15 0 16 16 0 17 18 0 9 15 0 12 15 0 20 15 0 18 15 0 10 15 0 11 15 0 19 17 0 21 11 0 13 15 0 14 15 0 22 7 0 20 15 0 12 15 0 15 15 0 23 9 0 22 7 0 14 15 0 13 15 0 21 11 0 23 9 0 15 15 0 18 20 0 26 20 0 24 19 0 16 16 0 17 18 0 25 22 0 27 21 0 19 17 0 16 16 0 24 19 0 25 22 0 17 18 0 20 5 0 28 5 0 26 20 0 18 20 0 19 17 0 27 21 0 29 10 0 21 11 0</p>
                </polylist>
            </mesh>
        </geometry>
        <geometry id="ID152">
            <mesh>
                <source id="ID153">
                    <float_array id="ID154" count="24">13.0931 -3.58273 -0.404822 13.0931 2.67006 -0.404822 11.1678 -4.38495 -0.404822 11.1678 3.47227 -0.404822 -11.1678 -4.38495 -0.404822 -11.1678 3.47227 -0.404822 -13.0931 -3.58273 -0.404822 -13.0931 2.67006 -0.404822</float_array>
                    <technique_common>
                        <accessor count="8" source="#ID154" stride="3">
                            <param name="X" type="float"/>
                            <param name="Y" type="float"/>
                            <param name="Z" type="float"/>
                        </accessor>
                    </technique_common>
                </source>
                <source id="ID155">
                    <float_array id="ID156" count="3">0 0 -1</float_array>
                    <technique_common>
                        <accessor count="1" source="#ID156" stride="3">
                            <param name="X" type="float"/>
                            <param name="Y" type="float"/>
                            <param name="Z" type="float"/>
                        </accessor>
                    </technique_common>
                </source>
                <source id="ID157">
                    <float_array id="ID158" count="2">0 1</float_array>
                    <technique_common>
                        <accessor count="1" source="#ID158" stride="2">
                            <param name="S" type="float"/>
                            <param name="T" type="float"/>
                        </accessor>
                    </technique_common>
                </source>
                <vertices id="ID159">
                    <input semantic="POSITION" source="#ID153"/>
                </vertices>
                <polylist count="3" material="Material1">
                    <input offset="0" semantic="VERTEX" source="#ID159"/>
                    <input offset="1" semantic="NORMAL" source="#ID155"/>
                    <input offset="2" semantic="TEXCOORD" source="#ID157" set="0"/>
                    <vcount>4 4 4</vcount>
                    <p>2 0 0 3 0 0 1 0 0 0 0 0 4 0 0 5 0 0 3 0 0 2 0 0 6 0 0 7 0 0 5 0 0 4 0 0</p>
                </polylist>
            </mesh>
        </geometry>
        <geometry id="ID161">
            <mesh>
                <source id="ID162">
                    <float_array id="ID163" count="108">-103.002 -6.86933 10.7705 -103.002 6.86933 10.7705 -107.72 -6.86933 8.25012 -107.72 6.86933 8.25012 -0.00923086 -6.85903 1.03184 -0.00923086 6.85903 1.03184 -0.00799222 -6.85903 -5.79286 -100.124 -6.86933 5.73583 -100.124 6.86933 5.73583 -105.77 -6.86933 1.45392 -105.77 6.86933 1.45392 103.002 -6.86933 10.7705 103.002 6.86933 10.7705 107.72 -6.86933 8.25012 107.72 6.86933 8.25012 -0.00799745 6.85903 -5.79286 100.124 -6.86933 5.73583 100.124 6.86933 5.73583 105.77 -6.86933 1.45392 105.77 6.86933 1.45392 -88.9295 -6.9182 -0.155367 -88.9295 6.9182 -0.155367 -94.6954 -6.91772 -4.52781 -94.6954 6.91772 -4.52781 88.9294 -6.91819 -0.155315 88.9294 6.91819 -0.155315 94.6953 -6.9177 -4.52773 94.6953 6.9177 -4.52773 -61.1516 -6.91277 -0.656636 -61.1516 6.91277 -0.656636 -56.3834 -6.91222 -5.03234 -56.3834 6.91222 -5.03234 61.1516 -6.91275 -0.656594 61.1516 6.91275 -0.656594 56.3833 -6.91221 -5.03228 56.3833 6.91221 -5.03228</float_array>
                    <technique_common>
                        <accessor count="36" source="#ID163" stride="3">
                            <param name="X" type="float"/>
                            <param name="Y" type="float"/>
                            <param name="Z" type="float"/>
                        </accessor>
                    </technique_common>
                </source>
                <source id="ID164">
                    <float_array id="ID165" count="96">-0.00120652 -0.999998 0.00162336 0.000168394 -1 -0.000102114 0.248607 0 0.968604 0.371169 0 0.928565 -0.779165 0 -0.626819 -0.920901 0 0.389797 0.27679 0 0.96093 0.694685 0 0.719314 0 -1 -0 -0.00129072 -0.999998 0.00167442 -0.248604 -1.27596e-009 0.968605 -0.371168 -1.32757e-009 0.928566 -0.00129085 0.999998 0.00167459 0 1 -0 -0.00120761 0.999998 0.00159265 0.000166483 1 -0.00016388 -0.251466 0 -0.967866 -0.013168 0 -0.999913 0.251462 0 -0.967867 0.0131682 0 -0.999913 0.779162 0 -0.626823 0.920901 0 0.389797 -0.27679 0 0.96093 -0.694683 0 0.719316 0.00129055 -0.999998 0.0016742 0.00120619 0.999998 0.001623 -0.000168431 1 -0.000102065 0.0012904 0.999998 0.00167403 0.00120729 -0.999998 0.00159223 -0.000166518 -1 -0.000163937 0.676126 0 0.736786 -0.676123 0 0.736789</float_array>
                    <technique_common>
                        <accessor count="32" source="#ID165" stride="3">
                            <param name="X" type="float"/>
                            <param name="Y" type="float"/>
                            <param name="Z" type="float"/>
                        </accessor>
                    </technique_common>
                </source>
                <source id="ID166">
                    <float_array id="ID167" count="2">0 1</float_array>
                    <technique_common>
                        <accessor count="1" source="#ID167" stride="2">
                            <param name="S" type="float"/>
                            <param name="T" type="float"/>
                        </accessor>
                    </technique_common>
                </source>
                <vertices id="ID168">
                    <input semantic="POSITION" source="#ID162"/>
                </vertices>
                <polylist count="28" material="Material1">
                    <input offset="0" semantic="VERTEX" source="#ID168"/>
                    <input offset="1" semantic="NORMAL" source="#ID164"/>
                    <input offset="2" semantic="TEXCOORD" source="#ID166" set="0"/>
                    <vcount>4 4 4 4 4 4 4 4 4 4 4 4 4 4 4 4 4 4 4 4 4 4 4 4 4 4 4 4</vcount>
                    <p>22 0 0 30 1 0 28 1 0 20 0 0 20 2 0 28 3 0 29 3 0 21 2 0 9 4 0 2 5 0 3 5 0 10 4 0 0 6 0 1 6 0 3 5 0 2 5 0 8 7 0 1 6 0 0 6 0 7 7 0 9 9 0 7 9 0 0 8 0 2 8 0 25 10 0 33 11 0 32 11 0 24 10 0 10 12 0 3 13 0 1 13 0 8 12 0 21 14 0 29 15 0 31 15 0 23 14 0 23 16 0 31 17 0 30 17 0 22 16 0 26 18 0 34 19 0 35 19 0 27 18 0 14 21 0 13 21 0 18 20 0 19 20 0 14 21 0 12 22 0 11 22 0 13 21 0 11 22 0 12 22 0 17 23 0 16 23 0 11 8 0 16 24 0 18 24 0 13 8 0 27 25 0 35 26 0 33 26 0 25 25 0 12 13 0 14 13 0 19 27 0 17 27 0 24 28 0 32 29 0 34 29 0 26 28 0 10 4 0 23 16 0 22 16 0 9 4 0 9 9 0 22 0 0 20 0 0 7 9 0 7 7 0 20 2 0 21 2 0 8 7 0 8 12 0 21 14 0 23 14 0 10 12 0 18 20 0 26 18 0 27 18 0 19 20 0 16 24 0 24 28 0 26 28 0 18 24 0 17 23 0 25 10 0 24 10 0 16 23 0 19 27 0 27 25 0 25 25 0 17 27 0 30 30 0 31 30 0 29 3 0 28 3 0 32 11 0 33 11 0 35 31 0 34 31 0</p>
                </polylist>
            </mesh>
        </geometry>
        <geometry id="ID170">
            <mesh>
                <source id="ID171">
                    <float_array id="ID172" count="72">-101.579 -6.77449 10.6218 -101.579 6.77449 10.6218 -106.233 -6.77449 8.13621 -106.233 6.77449 8.13621 0.0130666 -6.77449 1.02264 0.0130666 6.77449 1.02264 0.0130666 -6.77449 -5.71795 0.0130751 6.77449 -5.71795 -98.7414 -6.77449 5.65664 -98.7414 6.77449 5.65664 -104.31 -6.77449 1.43385 -104.31 6.77449 1.43385 101.579 -6.77449 10.6218 101.579 6.77449 10.6218 106.233 -6.77449 8.13621 106.233 6.77449 8.13621 -0.0130666 -6.77449 1.02264 -0.0130666 6.77449 1.02264 -0.0130666 -6.77449 -5.71795 -0.0130751 6.77449 -5.71795 98.7414 -6.77449 5.65664 98.7414 6.77449 5.65664 104.31 -6.77449 1.43385 104.31 6.77449 1.43385</float_array>
                    <technique_common>
                        <accessor count="24" source="#ID172" stride="3">
                            <param name="X" type="float"/>
                            <param name="Y" type="float"/>
                            <param name="Z" type="float"/>
                        </accessor>
                    </technique_common>
                </source>
                <source id="ID173">
                    <float_array id="ID174" count="42">-0.62875 1.31536e-008 -0.777608 -0.0683938 2.154e-008 -0.997658 0 -1 -0 -0.920901 0 0.389797 0.27679 0 0.96093 0.522011 0 0.852938 0.0468729 0 0.998901 0 1 -0 0.62875 1.31536e-008 -0.777608 0.0683938 2.154e-008 -0.997658 0.920901 0 0.389797 -0.27679 0 0.96093 -0.522011 0 0.852938 -0.0468729 0 0.998901</float_array>
                    <technique_common>
                        <accessor count="14" source="#ID174" stride="3">
                            <param name="X" type="float"/>
                            <param name="Y" type="float"/>
                            <param name="Z" type="float"/>
                        </accessor>
                    </technique_common>
                </source>
                <source id="ID175">
                    <float_array id="ID176" count="2">0 1</float_array>
                    <technique_common>
                        <accessor count="1" source="#ID176" stride="2">
                            <param name="S" type="float"/>
                            <param name="T" type="float"/>
                        </accessor>
                    </technique_common>
                </source>
                <vertices id="ID177">
                    <input semantic="POSITION" source="#ID171"/>
                </vertices>
                <polylist count="18" material="Material1">
                    <input offset="0" semantic="VERTEX" source="#ID177"/>
                    <input offset="1" semantic="NORMAL" source="#ID173"/>
                    <input offset="2" semantic="TEXCOORD" source="#ID175" set="0"/>
                    <vcount>4 4 4 4 4 4 4 4 4 4 4 4 4 4 4 4 4 4</vcount>
                    <p>11 0 0 7 1 0 6 1 0 10 0 0 10 2 0 6 2 0 4 2 0 8 2 0 10 0 0 2 3 0 3 3 0 11 0 0 0 4 0 1 4 0 3 3 0 2 3 0 9 5 0 1 4 0 0 4 0 8 5 0 10 2 0 8 2 0 0 2 0 2 2 0 5 6 0 9 5 0 8 5 0 4 6 0 11 7 0 3 7 0 1 7 0 9 7 0 7 7 0 11 7 0 9 7 0 5 7 0 18 9 0 19 9 0 23 8 0 22 8 0 16 2 0 18 2 0 22 2 0 20 2 0 15 10 0 14 10 0 22 8 0 23 8 0 15 10 0 13 11 0 12 11 0 14 10 0 12 11 0 13 11 0 21 12 0 20 12 0 12 2 0 20 2 0 22 2 0 14 2 0 20 12 0 21 12 0 17 13 0 16 13 0 13 7 0 15 7 0 23 7 0 21 7 0 21 7 0 23 7 0 19 7 0 17 7 0</p>
                </polylist>
            </mesh>
        </geometry>
        <geometry id="ID180">
            <mesh>
                <source id="ID181">
                    <float_array id="ID182" count="1014">-100 2.2484 271.537 0 215.51 222.898 -100 56.0888 270.37 -100 56.0888 -26.7784 -74.4022 31.63 238.871 -100 35.4285 -66.7548 -100 35.4285 -94.9787 -100 35.4285 -25.8138 -100 56.0888 -15.1441 -74.4022 15.119 252.109 -100 2.2484 -101.835 -100 35.4285 -101.835 -98.6861 213.223 237.121 -100 204.978 241.808 -100 204.978 -33.7295 -98.1204 213.122 -31.0855 -74.7604 28.9301 -81.9975 -74.7604 13.7801 -94.2787 -74.7604 13.7801 -38.1132 -100 204.978 -22.3321 0 215.51 -23.4928 -74.4022 35.8958 222.732 -100 29.5405 -49.9882 -55.8 38.6681 -28.9794 0 2.2484 275.495 0 2.2484 -97.8588 -55.8 2.2484 -105 -55.8 38.6681 -105 -74.7604 28.9247 -50.39 -100 32.6009 239.502 0 48.3433 -28.9794 -74.1205 2.10756 252.109 -74.617 2.17668 -94.2787 -74.7858 2.26107 -38.1132 0 2.2484 -105 0 48.3433 -105 0 215.51 239.787 0 215.51 -33.522 -93.3414 215.51 -23.4928 -52.3 48.3433 -28.9794 0 54.8419 274.631 0 56.0888 -29.369 -52.3 2.2484 -105 -52.3 48.3433 -105 -100 2.2484 -94.9787 0 204.978 245.766 0 204.972 -36.8568 0 2.2484 -68.4597 -93.3414 2.2484 275.495 0 48.3433 -98.1443 -93.3414 56.0888 274.328 -93.3414 56.0888 -29.944 -74.7604 2.2484 -66.7548 -93.3414 38.6681 -28.9794 -93.3414 2.2484 -105 -93.3414 38.6681 -105 -93.3414 215.51 239.787 -93.3414 204.978 245.766 -93.3414 204.98 -36.8951 -93.3414 215.51 -33.522 -100 29.5405 -82.4037 -100 2.2484 192.569 -93.3414 38.6681 -98.1443 -100 56.0888 191.456 -98.6861 213.223 167.019 -100 204.978 168.633 -93.3414 2.2484 256.923 0 2.2484 195.477 0 2.2484 65.6982 -100 204.978 65.6982 0 215.51 167.019 -74.4022 31.6314 206.331 0 48.3433 -69.9204 -93.3414 215.51 167.019 -100 15.5055 192.569 -74.4022 2.2484 222.642 -55.8 38.6681 -40.5788 -100 2.2484 -37.4132 -74.7604 33.393 -66.7482 -100 14.0281 -94.9787 -93.3414 215.51 222.898 0 2.2484 225.949 -100 56.0888 65.6982 -55.8 38.6681 -98.1443 -100 35.4285 -37.4132 -74.4022 15.1321 193.669 -52.3 48.3433 -40.5788 -100 204.978 224.824 -100 32.6009 205.688 -100 2.2484 65.6982 -93.3414 2.2484 -97.8588 -100 56.0888 221.601 -98.6861 213.223 194.816 -100 204.978 196.586 -100 15.5055 253.209 -93.3414 38.6681 -69.9204 -100 34.1204 -66.7548 0 48.3433 -40.5788 0 215.51 194.816 -98.6861 213.223 65.6982 -98.6861 213.223 -23.4928 -93.3414 215.51 194.816 -100 37.033 222.735 -100 2.2484 253.209 0 2.2484 -7.54664 -100 56.0888 245.206 0 2.2484 256.923 -100 15.5055 65.6982 -100 15.5055 271.537 -55.8 2.2484 -98.9488 -100 15.5055 -101.835 -93.3414 38.6681 -40.5788 0 15.5055 275.495 -55.8 15.5055 -105 -100 14.0281 -37.4132 0 15.5055 -105 -52.3 15.5055 -105 -93.3414 15.5055 275.495 -93.3414 15.5055 -105 -52.3 48.3433 -69.9204 -100 15.5055 -14.1716 -74.6295 2.36206 193.669 0 215.51 65.6982 -98.6861 213.223 222.898 -52.3 48.3433 -98.1443 -55.8 38.6681 -69.9204 -93.3414 215.51 65.6982 100 2.2484 271.537 100 56.0888 270.37 100 56.0888 -26.7784 74.4022 31.63 238.871 100 35.4285 -66.7548 100 35.4285 -94.9787 100 35.4285 -25.8138 100 56.0888 -15.1441 74.4022 15.119 252.109 100 2.2484 -101.835 100 35.4285 -101.835 98.6861 213.223 237.121 100 204.978 241.808 100 204.978 -33.7295 98.1204 213.122 -31.0855 74.7604 28.9301 -81.9975 74.7604 13.7801 -94.2787 74.7604 13.7801 -38.1132 100 204.978 -22.3321 74.4022 35.8958 222.732 100 29.5405 -49.9882 55.8 38.6681 -28.9794 55.8 2.2484 -105 55.8 38.6681 -105 74.7604 28.9247 -50.39 100 32.6009 239.502 74.1205 2.10756 252.109 74.617 2.17668 -94.2787 74.7858 2.26107 -38.1132 93.3414 215.51 -23.4928 52.3 48.3433 -28.9794 52.3 2.2484 -105 52.3 48.3433 -105 100 2.2484 -94.9787 93.3414 2.2484 275.495 93.3414 56.0888 274.328 93.3414 56.0888 -29.944 74.7604 2.2484 -66.7548 93.3414 38.6681 -28.9794 93.3414 2.2484 -105 93.3414 38.6681 -105 93.3414 215.51 239.787 93.3414 204.978 245.766 93.3414 204.98 -36.8951 93.3414 215.51 -33.522 100 29.5405 -82.4037 100 2.2484 192.569 93.3414 38.6681 -98.1443 100 56.0888 191.456 98.6861 213.223 167.019 100 204.978 168.633 93.3414 2.2484 256.923 100 204.978 65.6982 74.4022 31.6314 206.331 93.3414 215.51 167.019 100 15.5055 192.569 74.4022 2.2484 222.642 55.8 38.6681 -40.5788 100 2.2484 -37.4132 74.7604 33.393 -66.7482 100 14.0281 -94.9787 93.3414 215.51 222.898 100 56.0888 65.6982 55.8 38.6681 -98.1443 100 35.4285 -37.4132 74.4022 15.1321 193.669 52.3 48.3433 -40.5788 100 204.978 224.824 100 32.6009 205.688 100 2.2484 65.6982 93.3414 2.2484 -97.8588 100 56.0888 221.601 98.6861 213.223 194.816 100 204.978 196.586 100 15.5055 253.209 93.3414 38.6681 -69.9204 100 34.1204 -66.7548 98.6861 213.223 65.6982 98.6861 213.223 -23.4928 93.3414 215.51 194.816 100 37.033 222.735 100 2.2484 253.209 100 56.0888 245.206 100 15.5055 65.6982 100 15.5055 271.537 55.8 2.2484 -98.9488 100 15.5055 -101.835 93.3414 38.6681 -40.5788 55.8 15.5055 -105 100 14.0281 -37.4132 52.3 15.5055 -105 93.3414 15.5055 275.495 93.3414 15.5055 -105 52.3 48.3433 -69.9204 100 15.5055 -14.1716 74.6295 2.36206 193.669 98.6861 213.223 222.898 52.3 48.3433 -98.1443 55.8 38.6681 -69.9204 93.3414 215.51 65.6982 0 200.424 246.703 -56.8927 54.8419 274.631 -56.8927 200.424 246.703 0 20.1765 275.628 -56.8927 20.1765 275.628 56.8927 54.8419 274.631 56.8927 200.424 246.703 56.8927 20.1765 275.628 100 72.0888 191.456 100 188.978 168.633 100 188.978 81.6982 100 72.0888 81.6982 100 188.978 223.362 100 72.0888 221.601 100 188.978 196.586 100 72.0888 225.07 -69.3353 48.9441 185.937 -100 56.0888 -15.1441 -62.4035 56.089 265.453 -62.4185 201.638 236.489 -68.6353 15.8055 255.837 -100 204.978 -22.3321 -94.2 56.0888 265.453 -94.2 15.8055 255.837 -94.2223 204.679 235.884 -94.2 15.8055 265.453 -62.4035 18.9055 265.453 -100 15.5055 -14.1716 -94.2 56.0888 255.837 0 55.765 -29.369 -94.2223 204.679 227.688 -68.6353 15.8055 185.937 0 201.315 236.489 0 204.648 -36.8568 0 15.4817 255.837 -93.3414 56.0888 -29.944 -56.8927 54.8419 274.631 -56.8927 200.424 246.703 0 18.5817 265.453 -93.3414 204.98 -36.8951 -56.8927 20.1765 275.628 0 19.8527 275.628 -94.2 56.0888 185.937 0 200.1 246.703 -100 204.978 65.6982 -94.2223 204.679 168.121 -94.2 15.8055 185.937 0 204.355 227.688 -69.3353 48.9441 255.837 -94.2 56.0888 65.3982 -94.2223 204.679 65.3982 0 204.355 168.121 -100 56.0888 65.6982 -94.2 15.8055 65.3982 -94.2223 204.679 -22.0173 -94.2 15.8055 -13.8787 -94.2 56.0996 -14.8442 0 204.355 65.3982 0 15.4817 185.937 0 15.4817 65.3982 0 204.355 -22.0173 0 15.4817 -13.8787 -100 15.5055 65.6982 0 55.7758 -14.8442 0 204.355 235.884 0 15.4817 265.453 69.3353 48.9441 185.937 100 56.0888 -15.1441 62.4035 56.089 265.453 62.4185 201.638 236.489 68.6353 15.8055 255.837 100 204.978 -22.3321 94.2 56.0888 265.453 94.2 15.8055 255.837 94.2223 204.679 235.884 94.2 15.8055 265.453 62.4035 18.9055 265.453 100 15.5055 -14.1716 94.2 56.0888 255.837 94.2223 204.679 227.688 68.6353 15.8055 185.937 93.3414 56.0888 -29.944 56.8927 54.8419 274.631 56.8927 200.424 246.703 93.3414 204.98 -36.8951 56.8927 20.1765 275.628 94.2 56.0888 185.937 100 204.978 65.6982 94.2223 204.679 168.121 94.2 15.8055 185.937 69.3353 48.9441 255.837 94.2 56.0888 65.3982 94.2223 204.679 65.3982 100 56.0888 65.6982 94.2 15.8055 65.3982 94.2223 204.679 -22.0173 94.2 15.8055 -13.8787 94.2 56.0996 -14.8442 100 15.5055 65.6982 -91.12 15.8976 -30.0917 -86.1302 49.1258 -12.5049 0 15.655 -30.0917 0 48.8832 -12.5049 91.12 15.8976 -30.0917 86.1302 49.1258 -12.5049 94.2024 72.0888 224.536 94.2199 188.679 223.748 94.2024 72.0888 185.937 94.2199 188.679 168.121 94.2024 72.0888 81.3982 94.2199 188.679 81.3982</float_array>
                    <technique_common>
                        <accessor count="338" source="#ID182" stride="3">
                            <param name="X" type="float"/>
                            <param name="Y" type="float"/>
                            <param name="Z" type="float"/>
                        </accessor>
                    </technique_common>
                </source>
                <source id="ID183">
                    <float_array id="ID184" count="375">1 7.50668e-005 -1.5294e-012 0.959537 0.281581 2.60434e-008 1 0.000150134 5.1895e-013 1 0.000150134 -3.0588e-012 0.792404 0.609996 -1.09998e-008 0.959537 0.281581 2.60443e-008 0.0946015 0.821129 0.562847 -3.37609e-009 0.999991 0.00423692 0 1 -0.00025007 -0.011038 0.999939 -0.000125029 0.998314 0.00282839 0.0579694 -0.0195267 -0.999809 7.42724e-008 -0.00343665 -0.999994 1.1138e-007 -5.8208e-011 -1 1.1138e-007 0 -1 1.1138e-007 1 0 -0 0 0 -1 -0.0517054 -1.87021e-006 -0.998662 -0.0517551 -3.92881e-006 -0.99866 1.18693e-007 -0.0980604 -0.99518 0.499585 -0.0870141 -0.861883 0.225416 -0.659308 -0.717287 -0.00178305 -0.579379 -0.815057 0 1 -0.000250003 0.316663 0.948538 -0.00015697 0 0 1 0.0724368 0.481424 0.873489 0.00347224 0.999994 -0.000519775 0 1 -0.000632436 0 1 1.58235e-007 -0.0516557 1.88391e-007 -0.998665 0.251336 0.565301 -0.785662 0.599916 0.675956 -0.428 0.864451 -0.0528739 -0.499928 -0.0516915 -0.998663 -0 -0.0155316 -0.999829 -0.0100406 -0.0721001 0.713664 0.696768 -0.051655 0.998665 -0 0 0.99999 0.00456921 0.00203883 0.999995 0.0022847 0.316663 0.948537 0.00143466 -1.16417e-010 0.999997 0.00228468 0 1 1.98339e-007 1 7.50668e-005 -0 1 0.000150134 -0 1 0.000150134 2.04835e-012 -1.23115e-007 0.81269 0.582696 -0.0517628 0.0481531 0.997498 -0.0517128 0.0360411 0.998011 0.562569 -0.719596 -0.407059 0 -0.774169 -0.632979 0 -0.735385 -0.67765 0 -0.999951 -0.00986466 5.8208e-011 -0.999798 -0.0200759 -0.0034366 -0.999994 -0 -5.8208e-011 -1 -0 0 0.661827 -0.749657 -2.1994e-007 -2.05182e-007 -1 0 0.992098 -0.125464 0 -0.993186 -0.116544 0 -0.46772 0.883877 0.210179 -0.391573 0.895821 0.148782 -0.160489 0.97576 -1.08897e-007 -0.080283 0.996772 -0.00354556 -0.999785 -0.0204233 -0.975638 0.219387 3.3417e-008 -1 0.000150171 2.87727e-008 -1 0.000150171 2.87706e-008 -1 0.000150159 1.91804e-008 -0.792404 0.609996 -1.09998e-008 -0.959537 0.281582 2.60473e-008 -0.120835 0.833669 0.538883 0.011038 0.999939 -0.000125029 -0.998314 0.00282839 0.0579694 0.0195267 -0.999809 7.42724e-008 0.00343665 -0.999994 1.1138e-007 -1 0 -0 -1 0.000100109 -3.20923e-009 0.0517054 -1.87021e-006 -0.998662 0.0517551 -3.92881e-006 -0.99866 -1.18693e-007 -0.0980604 -0.99518 0.00178305 -0.579379 -0.815057 -0.225416 -0.659308 -0.717287 -0.499585 -0.0870141 -0.861883 -0.316663 0.948538 -0.00015697 -0.094303 0.505816 0.857472 -0.00347224 0.999994 -0.000519775 0.0516557 1.88391e-007 -0.998665 -0.864451 -0.0528739 -0.499928 -0.599916 0.675956 -0.428 -0.251336 0.565301 -0.785662 0.0516915 -0.998663 -0 0.0155316 -0.999829 -0.0100406 0.0721001 0.713664 0.696768 0.051655 0.998665 -0 -0.316663 0.948537 0.00143466 -0.00203883 0.999995 0.0022847 -1 0.000150134 -0 -1 7.50668e-005 -0 0.0517628 0.0481531 0.997498 0.0517128 0.0360411 0.998011 -1 0.000150204 -1.22899e-011 -0.562569 -0.719596 -0.407059 0.0034366 -0.999994 -0 2.1994e-007 -2.05182e-007 -1 -0.186648 -0.111753 0.97605 -0.267654 -0.328395 0.905825 0.00354556 -0.999785 -0.0204233 0.0030498 0.99996 0.00843691 -6.6357e-009 0.999964 0.00847377 -0.00304981 0.999959 0.00851054 -0.899147 0.000133347 0.437646 -1 0.000150204 7.21006e-012 -1 0.000150164 -4.8313e-009 -1.31596e-006 1 -0 -9.87913e-007 1 1.82453e-008 -6.59868e-007 1 3.64906e-008 -0.0517552 3.95574e-006 0.99866 0.0516687 -0.998664 8.78573e-008 0.0516681 -0.998664 4.39286e-008 0.0516674 -0.998664 -0 0.0130162 -0.010696 -0.999858 0.0516674 -0.998664 -0 -0.0128071 0.0106761 0.999861 1.31596e-006 -1 -0</float_array>
                    <technique_common>
                        <accessor count="125" source="#ID184" stride="3">
                            <param name="X" type="float"/>
                            <param name="Y" type="float"/>
                            <param name="Z" type="float"/>
                        </accessor>
                    </technique_common>
                </source>
                <source id="ID185">
                    <float_array id="ID186" count="2">0 1</float_array>
                    <technique_common>
                        <accessor count="1" source="#ID186" stride="2">
                            <param name="S" type="float"/>
                            <param name="T" type="float"/>
                        </accessor>
                    </technique_common>
                </source>
                <vertices id="ID187">
                    <input semantic="POSITION" source="#ID181"/>
                </vertices>
                <polylist count="101" material="Material1">
                    <input offset="0" semantic="VERTEX" source="#ID187"/>
                    <input offset="1" semantic="NORMAL" source="#ID183"/>
                    <input offset="2" semantic="TEXCOORD" source="#ID185" set="0"/>
                    <vcount>4 4 4 4 4 4 4 4 4 4 4 3 3 4 4 4 4 4 3 4 3 4 4 4 4 4 4 3 4 4 4 3 4 4 3 3 4 4 3 3 4 4 4 4 4 4 4 4 4 4 4 4 3 3 4 4 4 4 4 3 4 3 4 4 4 4 4 4 3 4 4 4 3 4 4 3 3 4 4 3 3 4 4 4 4 4 4 4 4 4 4 4 4 4 4 4 4 4 3 4 3</vcount>
                    <p>277 3 0 272 2 0 269 1 0 276 0 0 269 1 0 255 5 0 275 4 0 243 4 0 280 9 0 286 8 0 288 7 0 282 6 0 262 10 0 266 10 0 281 10 0 283 10 0 284 14 0 278 13 0 272 12 0 277 11 0 273 15 0 280 15 0 276 0 0 269 1 0 273 16 0 269 16 0 243 16 0 258 16 0 271 18 0 277 18 0 276 17 0 279 17 0 251 22 0 246 21 0 245 20 0 249 19 0 258 24 0 285 23 0 286 8 0 280 9 0 275 25 0 255 25 0 250 25 0 247 25 0 256 28 0 262 27 0 283 26 0 258 24 0 280 9 0 273 29 0 279 17 0 276 17 0 280 30 0 289 30 0 263 33 0 267 32 0 253 31 0 245 20 0 248 34 0 281 35 0 277 11 0 271 34 0 289 37 0 280 9 0 282 6 0 254 36 0 261 41 0 247 40 0 252 39 0 292 38 0 247 40 0 250 42 0 252 39 0 257 45 0 251 44 0 249 43 0 255 5 0 283 26 0 290 46 0 256 28 0 244 48 0 283 26 0 281 47 0 248 47 0 272 2 0 257 45 0 255 5 0 269 1 0 264 49 0 263 33 0 245 20 0 246 21 0 259 51 0 246 21 0 251 22 0 291 50 0 254 36 0 282 6 0 283 26 0 244 48 0 284 14 0 277 11 0 281 35 0 287 52 0 287 52 0 281 35 0 260 53 0 274 55 0 257 54 0 272 12 0 278 13 0 292 16 0 252 57 0 253 31 0 265 56 0 285 23 0 258 24 0 247 40 0 261 41 0 268 58 0 253 31 0 267 32 0 291 50 0 251 22 0 257 54 0 274 55 0 249 19 0 245 20 0 253 31 0 252 57 0 270 59 0 246 21 0 259 51 0 246 21 0 270 59 0 264 49 0 329 63 0 327 62 0 326 61 0 328 60 0 255 5 0 249 43 0 252 15 0 250 15 0 281 35 0 266 64 0 260 53 0 265 56 0 253 31 0 268 58 0 258 24 0 243 4 0 275 4 0 247 40 0 306 68 0 333 67 0 332 66 0 305 65 0 317 69 0 305 65 0 313 70 0 293 69 0 288 7 0 286 8 0 321 72 0 323 71 0 322 73 0 311 73 0 308 73 0 324 73 0 315 75 0 278 13 0 284 14 0 319 74 0 318 77 0 321 76 0 316 76 0 313 70 0 293 16 0 313 16 0 316 16 0 307 16 0 318 78 0 319 79 0 314 79 0 320 78 0 295 83 0 296 82 0 301 81 0 299 80 0 286 8 0 285 23 0 307 84 0 321 72 0 300 25 0 305 25 0 317 25 0 297 25 0 308 86 0 256 28 0 324 85 0 321 72 0 307 84 0 316 29 0 321 87 0 318 78 0 320 78 0 325 87 0 303 90 0 312 89 0 309 88 0 295 83 0 319 74 0 322 92 0 298 91 0 314 91 0 323 71 0 321 72 0 325 94 0 304 93 0 302 96 0 297 95 0 261 41 0 292 38 0 300 42 0 297 95 0 302 96 0 299 98 0 301 97 0 306 68 0 305 65 0 290 46 0 324 85 0 256 28 0 322 99 0 324 85 0 294 100 0 298 99 0 315 101 0 335 101 0 333 67 0 306 68 0 295 83 0 309 88 0 310 102 0 296 82 0 301 81 0 296 82 0 259 51 0 291 50 0 324 85 0 323 71 0 304 93 0 294 100 0 322 92 0 319 74 0 284 14 0 287 52 0 322 92 0 287 52 0 260 53 0 315 75 0 306 103 0 274 55 0 278 13 0 303 90 0 302 104 0 292 16 0 265 56 0 297 95 0 307 84 0 285 23 0 261 41 0 303 90 0 268 58 0 312 89 0 306 103 0 301 81 0 291 50 0 274 55 0 303 90 0 295 83 0 299 80 0 302 104 0 296 82 0 270 59 0 259 51 0 270 59 0 296 82 0 310 102 0 330 106 0 331 105 0 329 63 0 328 60 0 302 76 0 299 98 0 305 65 0 300 76 0 311 107 0 322 92 0 260 53 0 303 90 0 265 56 0 268 58 0 317 69 0 293 69 0 307 84 0 297 95 0 283 26 0 327 62 0 329 63 0 290 46 0 282 6 0 326 61 0 327 62 0 283 26 0 288 7 0 328 109 0 326 108 0 282 6 0 323 71 0 330 110 0 328 109 0 288 7 0 324 85 0 331 105 0 330 106 0 323 71 0 290 46 0 329 63 0 331 105 0 324 85 0 313 70 0 334 112 0 336 111 0 318 77 0 319 113 0 337 111 0 335 101 0 315 101 0 318 77 0 336 111 0 337 111 0 319 113 0 305 65 0 332 66 0 334 112 0 313 70 0 240 114 0 235 115 0 334 115 0 332 114 0 235 115 0 238 116 0 336 116 0 334 115 0 238 117 0 237 117 0 337 111 0 336 111 0 237 118 0 236 119 0 335 119 0 337 118 0 236 119 0 241 120 0 333 120 0 335 119 0 332 121 0 333 121 0 239 121 0 242 121 0 239 122 0 333 120 0 241 120 0 242 123 0 239 123 0 333 123 0 332 123 0 242 124 0 332 124 0 240 124 0</p>
                </polylist>
            </mesh>
        </geometry>
        <geometry id="ID189">
            <mesh>
                <source id="ID190">
                    <float_array id="ID191" count="48">-28.7586 -10.8566 7.5779 -23.4 7.1721 2.40716 28.7586 -10.8566 7.5779 23.4 7.1721 2.40716 28.7586 -18.8164 -10.1824 23.4 -8.10666 -9.38333 -28.7586 -18.8164 -10.1824 -23.4 -8.10666 -9.38333 -26.0939 -8.9245 7.02376 -21.8838 5.24 2.9613 26.0939 -8.9245 7.02376 21.8838 5.24 2.9613 -25.8155 -9.51879 5.14769 -21.7254 4.24198 1.20103 25.8155 -9.51879 5.14769 21.7254 4.24198 1.20103</float_array>
                    <technique_common>
                        <accessor count="16" source="#ID191" stride="3">
                            <param name="X" type="float"/>
                            <param name="Y" type="float"/>
                            <param name="Z" type="float"/>
                        </accessor>
                    </technique_common>
                </source>
                <source id="ID192">
                    <float_array id="ID193" count="66">0.334392 -0.189978 0.923087 0.590788 -0.677904 0.437511 0.95176 -0.222193 0.211623 0.403322 0.139498 0.904362 0.960785 0.253044 -0.113408 0.66316 0.496637 -0.559973 0.686867 0.29782 -0.662961 0.27735 0.410201 -0.868799 -0.27735 0.410201 -0.868799 -0.686867 0.29782 -0.662961 -0.66316 0.496637 -0.559973 0 -0.912544 0.408979 -8.4333e-009 -0.153082 0.988214 4.68933e-009 -0.153082 0.988214 -0.960785 0.253044 -0.113408 -0.403322 0.139498 0.904363 -0.334392 -0.189978 0.923087 5.53172e-009 0.275691 0.961246 -9.94826e-009 0.275691 0.961246 0 0.953313 -0.301985 -0.951759 -0.222193 0.211623 -0.590788 -0.677904 0.437511</float_array>
                    <technique_common>
                        <accessor count="22" source="#ID193" stride="3">
                            <param name="X" type="float"/>
                            <param name="Y" type="float"/>
                            <param name="Z" type="float"/>
                        </accessor>
                    </technique_common>
                </source>
                <source id="ID194">
                    <float_array id="ID195" count="2">0 1</float_array>
                    <technique_common>
                        <accessor count="1" source="#ID195" stride="2">
                            <param name="S" type="float"/>
                            <param name="T" type="float"/>
                        </accessor>
                    </technique_common>
                </source>
                <vertices id="ID196">
                    <input semantic="POSITION" source="#ID190"/>
                </vertices>
                <polylist count="15" material="Material1">
                    <input offset="0" semantic="VERTEX" source="#ID196"/>
                    <input offset="1" semantic="NORMAL" source="#ID192"/>
                    <input offset="2" semantic="TEXCOORD" source="#ID194" set="0"/>
                    <vcount>4 3 4 3 4 4 3 3 4 4 4 4 4 4 4</vcount>
                    <p>8 3 0 12 2 0 13 1 0 9 0 0 4 6 0 3 5 0 2 4 0 6 9 0 7 8 0 5 7 0 4 6 0 1 10 0 7 8 0 6 9 0 3 5 0 5 7 0 7 8 0 1 10 0 4 11 0 2 13 0 0 12 0 6 11 0 4 6 0 5 7 0 3 5 0 6 9 0 0 14 0 1 10 0 2 13 0 10 15 0 8 3 0 0 12 0 3 17 0 11 16 0 10 15 0 2 13 0 1 18 0 9 0 0 11 16 0 3 17 0 0 12 0 8 3 0 9 0 0 1 18 0 10 19 0 14 19 0 12 19 0 8 19 0 11 16 0 15 21 0 14 20 0 10 15 0 9 0 0 13 1 0 15 21 0 11 16 0</p>
                </polylist>
            </mesh>
        </geometry>
        <geometry id="ID198">
            <mesh>
                <source id="ID199">
                    <float_array id="ID200" count="138">-4.68238 26.5992 1.40196e-006 4.68238 26.5992 1.58495e-006 -3.78812 23.9407 -0.712329 -3.78812 24.8671 -2.13888 -3.78812 26.4551 -2.74846 -3.78812 28.0981 -2.30821 -3.78812 29.1686 -0.98631 -3.78812 29.2576 0.712332 -3.78812 28.3312 2.13889 -3.78812 26.7432 2.74846 -3.78812 25.1002 2.30822 -3.78812 24.0297 0.986313 -1.44693 22.2977 -1.15257 -1.44693 23.7967 -3.46079 -1.44693 26.3661 -4.4471 -1.44693 29.0245 -3.73477 -1.44693 30.7566 -1.59588 -1.44693 30.9006 1.15258 -1.44693 29.4017 3.46079 -1.44693 26.8322 4.4471 -1.44693 24.1738 3.73477 -1.44693 22.4417 1.59589 1.44693 22.2977 -1.15257 1.44693 23.7967 -3.46079 1.44693 26.3661 -4.4471 1.44693 29.0245 -3.73477 1.44693 30.7566 -1.59588 1.44693 30.9006 1.15258 1.44693 29.4017 3.46079 1.44693 26.8322 4.4471 1.44693 24.1738 3.73477 1.44693 22.4417 1.59589 3.78812 23.9407 -0.712329 3.78812 24.8671 -2.13888 3.78812 26.4551 -2.74846 3.78812 28.0981 -2.30821 3.78812 29.1686 -0.98631 3.78812 29.2576 0.712332 3.78812 28.3312 2.13889 3.78812 26.7432 2.74846 3.78812 25.1002 2.30822 3.78812 24.0297 0.986313 -1.44693 -1.11055 -1.15257 -1.44693 -0.966511 1.59589 1.44693 -1.11055 -1.15257 1.44693 -0.966511 1.59589</float_array>
                    <technique_common>
                        <accessor count="46" source="#ID200" stride="3">
                            <param name="X" type="float"/>
                            <param name="Y" type="float"/>
                            <param name="Z" type="float"/>
                        </accessor>
                    </technique_common>
                </source>
                <source id="ID201">
                    <float_array id="ID202" count="141">-0.811719 -0.564147 -0.151163 -0.573354 -0.630577 -0.523104 -0.311607 -0.597987 -0.738452 -0.811719 -0.367553 -0.45389 -0.311607 -0.0497301 -0.948909 -0.811719 -0.0305667 -0.583247 -0.311607 0.517522 -0.796914 -0.811719 0.318095 -0.489823 -0.311608 0.887098 -0.340525 -0.811719 0.545256 -0.209304 -0.311608 0.917833 0.245933 -0.811719 0.564147 0.151163 -0.311608 0.597987 0.738452 -0.811719 0.367553 0.45389 -0.311608 0.0497301 0.948909 -0.811719 0.0305667 0.583247 -0.311607 -0.517522 0.796914 -0.811719 -0.318095 0.489823 -0.56368 -0.590357 0.577706 -0.811719 -0.545256 0.209304 0.573354 -0.630577 -0.523104 0.311608 -0.597987 -0.738452 0.311608 -0.04973 -0.948909 0.311607 0.517522 -0.796914 0.311607 0.887098 -0.340525 0.311607 0.917833 0.245933 0.311607 0.597987 0.738452 0.311607 0.0497301 0.948909 0.311607 -0.517522 0.796914 0.56368 -0.590357 0.577706 0 -0.688355 0.725374 0 -0.99863 0.0523354 0.811719 -0.564147 -0.151163 0.811719 -0.367553 -0.45389 0.811719 -0.0305666 -0.583247 0.811719 0.318095 -0.489824 0.811719 0.545256 -0.209304 0.811719 0.564147 0.151163 0.811719 0.367553 0.45389 0.811719 0.0305667 0.583247 0.811719 -0.318095 0.489823 0.811719 -0.545255 0.209304 -1 -4.4091e-008 2.83442e-008 1 3.46429e-008 3.46429e-008 -1 0 -0 0 0 -1 1 0 -0</float_array>
                    <technique_common>
                        <accessor count="47" source="#ID202" stride="3">
                            <param name="X" type="float"/>
                            <param name="Y" type="float"/>
                            <param name="Z" type="float"/>
                        </accessor>
                    </technique_common>
                </source>
                <source id="ID203">
                    <float_array id="ID204" count="2">0 1</float_array>
                    <technique_common>
                        <accessor count="1" source="#ID204" stride="2">
                            <param name="S" type="float"/>
                            <param name="T" type="float"/>
                        </accessor>
                    </technique_common>
                </source>
                <vertices id="ID205">
                    <input semantic="POSITION" source="#ID199"/>
                </vertices>
                <polylist count="54" material="Material1">
                    <input offset="0" semantic="VERTEX" source="#ID205"/>
                    <input offset="1" semantic="NORMAL" source="#ID201"/>
                    <input offset="2" semantic="TEXCOORD" source="#ID203" set="0"/>
                    <vcount>4 4 4 4 4 4 4 4 4 4 4 4 4 4 4 4 4 4 4 4 4 4 4 4 4 4 4 4 4 4 3 3 3 3 3 3 3 3 3 3 3 3 3 3 3 3 3 3 3 3 4 4 4 4</vcount>
                    <p>3 3 0 13 2 0 12 1 0 2 0 0 4 5 0 14 4 0 13 2 0 3 3 0 5 7 0 15 6 0 14 4 0 4 5 0 6 9 0 16 8 0 15 6 0 5 7 0 7 11 0 17 10 0 16 8 0 6 9 0 8 13 0 18 12 0 17 10 0 7 11 0 9 15 0 19 14 0 18 12 0 8 13 0 10 17 0 20 16 0 19 14 0 9 15 0 11 19 0 21 18 0 20 16 0 10 17 0 2 0 0 12 1 0 21 18 0 11 19 0 13 2 0 23 21 0 22 20 0 12 1 0 14 4 0 24 22 0 23 21 0 13 2 0 15 6 0 25 23 0 24 22 0 14 4 0 16 8 0 26 24 0 25 23 0 15 6 0 17 10 0 27 25 0 26 24 0 16 8 0 18 12 0 28 26 0 27 25 0 17 10 0 19 14 0 29 27 0 28 26 0 18 12 0 20 16 0 30 28 0 29 27 0 19 14 0 21 18 0 31 29 0 30 28 0 20 16 0 42 31 0 44 31 0 45 30 0 43 30 0 23 21 0 33 33 0 32 32 0 22 20 0 24 22 0 34 34 0 33 33 0 23 21 0 25 23 0 35 35 0 34 34 0 24 22 0 26 24 0 36 36 0 35 35 0 25 23 0 27 25 0 37 37 0 36 36 0 26 24 0 28 26 0 38 38 0 37 37 0 27 25 0 29 27 0 39 39 0 38 38 0 28 26 0 30 28 0 40 40 0 39 39 0 29 27 0 31 29 0 41 41 0 40 40 0 30 28 0 22 20 0 32 32 0 41 41 0 31 29 0 3 3 0 2 0 0 0 42 0 1 43 0 32 32 0 33 33 0 4 5 0 3 3 0 0 42 0 1 43 0 33 33 0 34 34 0 5 7 0 4 5 0 0 42 0 1 43 0 34 34 0 35 35 0 6 9 0 5 7 0 0 42 0 1 43 0 35 35 0 36 36 0 7 11 0 6 9 0 0 42 0 1 43 0 36 36 0 37 37 0 8 13 0 7 11 0 0 42 0 1 43 0 37 37 0 38 38 0 9 15 0 8 13 0 0 42 0 1 43 0 38 38 0 39 39 0 10 17 0 9 15 0 0 42 0 1 43 0 39 39 0 40 40 0 11 19 0 10 17 0 0 42 0 1 43 0 40 40 0 41 41 0 2 0 0 11 19 0 0 42 0 1 43 0 41 41 0 32 32 0 12 1 0 42 44 0 43 44 0 21 18 0 22 20 0 44 45 0 42 45 0 12 1 0 31 29 0 45 46 0 44 46 0 22 20 0 21 18 0 43 30 0 45 30 0 31 29 0</p>
                </polylist>
            </mesh>
        </geometry>
        <geometry id="ID207">
            <mesh>
                <source id="ID208">
                    <float_array id="ID209" count="12">-25.8155 -9.51879 5.14769 -21.7254 4.24198 1.20103 25.8155 -9.51879 5.14769 21.7254 4.24198 1.20103</float_array>
                    <technique_common>
                        <accessor count="4" source="#ID209" stride="3">
                            <param name="X" type="float"/>
                            <param name="Y" type="float"/>
                            <param name="Z" type="float"/>
                        </accessor>
                    </technique_common>
                </source>
                <source id="ID210">
                    <float_array id="ID211" count="3">0 0.275691 0.961246</float_array>
                    <technique_common>
                        <accessor count="1" source="#ID211" stride="3">
                            <param name="X" type="float"/>
                            <param name="Y" type="float"/>
                            <param name="Z" type="float"/>
                        </accessor>
                    </technique_common>
                </source>
                <source id="ID212">
                    <float_array id="ID213" count="2">0 1</float_array>
                    <technique_common>
                        <accessor count="1" source="#ID213" stride="2">
                            <param name="S" type="float"/>
                            <param name="T" type="float"/>
                        </accessor>
                    </technique_common>
                </source>
                <vertices id="ID214">
                    <input semantic="POSITION" source="#ID208"/>
                </vertices>
                <polylist count="1" material="Material1">
                    <input offset="0" semantic="VERTEX" source="#ID214"/>
                    <input offset="1" semantic="NORMAL" source="#ID210"/>
                    <input offset="2" semantic="TEXCOORD" source="#ID212" set="0"/>
                    <vcount>4</vcount>
                    <p>2 0 0 3 0 0 1 0 0 0 0 0</p>
                </polylist>
            </mesh>
        </geometry>
        <geometry id="ID217">
            <mesh>
                <source id="ID218">
                    <float_array id="ID219" count="96">-16.886 -0.725438 2.35034 -16.886 0.72543 2.35034 16.8861 -0.725438 2.35034 16.8861 0.72543 2.35034 16.8861 -0.725438 -2.35034 16.8861 0.72543 -2.35034 -16.886 -0.725438 -2.35034 -16.886 0.72543 -2.35034 -8.91456 -3.50391 2.35034 -8.91456 2.21986 2.35034 8.91457 -3.50391 2.35034 8.91457 2.21986 2.35034 8.91457 -3.50391 -2.35034 8.91457 2.21986 -2.35034 -8.91456 -3.50391 -2.35034 -8.91456 2.21986 -2.35034 -7.64637 -3.50391 2.35034 -7.64637 2.21986 2.35034 7.64638 -3.50391 2.35034 7.64638 2.21986 2.35034 5.10778 -3.50391 -9.24302 5.10778 2.21986 -9.24302 -5.10778 -3.50391 -9.24302 -5.10778 2.21986 -9.24302 -1.98427 -3.50391 -2.20609 1.98427 -3.50391 -2.20609 1.44112 -3.50391 -4.68659 -1.44111 -3.50391 -4.68659 -1.98427 -10.2507 -2.21817 1.98427 -10.2507 -2.21817 1.44112 -9.90531 -4.67451 -1.44111 -9.90531 -4.67451</float_array>
                    <technique_common>
                        <accessor count="32" source="#ID219" stride="3">
                            <param name="X" type="float"/>
                            <param name="Y" type="float"/>
                            <param name="Z" type="float"/>
                        </accessor>
                    </technique_common>
                </source>
                <source id="ID220">
                    <float_array id="ID221" count="102">0 4.16542e-008 1 0.815209 -0.579167 7.34383e-009 0.7695 0.638646 -8.09804e-009 0.508203 -1.27146e-007 -0.861237 -0.508203 -1.27146e-007 -0.861237 -0.815209 -0.579167 7.34384e-009 -0.7695 0.638646 -8.09804e-009 1.05191e-008 1 -1.31205e-008 -1.56575e-008 1 -1.54238e-008 -0.502871 -0.510859 -0.69724 -0.680481 -0.689974 -0.246743 0.680469 -0.689973 -0.246779 0.502857 -0.510852 -0.697255 7.69517e-009 2.08271e-008 1 3.84758e-009 3.12406e-008 1 -1.8859e-008 2.08271e-008 1 -9.42948e-009 3.12406e-008 1 7.69517e-009 -2.08271e-008 -1 -0.508203 -4.25066e-008 -0.861237 -1.8859e-008 -2.08271e-008 -1 0.508203 -4.25066e-008 -0.861237 0.0925277 0.99571 -1.14217e-008 -0.0925277 0.99571 -9.10843e-009 0.166907 -0.985973 8.95023e-009 -0.166907 -0.985973 1.12864e-008 1.93132e-008 -1 1.86455e-008 1.86223e-009 -1 2.5568e-008 1.84508e-008 -1 3.32107e-008 1.84508e-008 -1 2.51304e-008 -0.626546 -0.00121654 -0.779383 0.626525 -0.001219 -0.7794 0.976629 -1.23966e-005 -0.214933 0 -0.00179089 0.999998 -0.976641 -8.5226e-006 -0.214879</float_array>
                    <technique_common>
                        <accessor count="34" source="#ID221" stride="3">
                            <param name="X" type="float"/>
                            <param name="Y" type="float"/>
                            <param name="Z" type="float"/>
                        </accessor>
                    </technique_common>
                </source>
                <source id="ID222">
                    <float_array id="ID223" count="2">0 1</float_array>
                    <technique_common>
                        <accessor count="1" source="#ID223" stride="2">
                            <param name="S" type="float"/>
                            <param name="T" type="float"/>
                        </accessor>
                    </technique_common>
                </source>
                <vertices id="ID224">
                    <input semantic="POSITION" source="#ID218"/>
                </vertices>
                <polylist count="30" material="Material1">
                    <input offset="0" semantic="VERTEX" source="#ID224"/>
                    <input offset="1" semantic="NORMAL" source="#ID220"/>
                    <input offset="2" semantic="TEXCOORD" source="#ID222" set="0"/>
                    <vcount>4 4 4 4 4 4 4 4 4 4 4 4 4 4 4 4 4 4 4 4 4 4 4 4 4 4 4 4 4 4</vcount>
                    <p>18 0 0 19 0 0 17 0 0 16 0 0 4 1 0 5 2 0 3 2 0 2 1 0 22 4 0 23 4 0 21 3 0 20 3 0 0 5 0 1 6 0 7 6 0 6 5 0 19 8 0 21 8 0 23 7 0 17 7 0 30 12 0 29 11 0 28 10 0 31 9 0 3 13 0 11 14 0 10 14 0 2 13 0 0 15 0 8 16 0 9 16 0 1 15 0 7 17 0 15 18 0 14 18 0 6 17 0 4 19 0 12 20 0 13 20 0 5 19 0 5 2 0 13 21 0 11 21 0 3 2 0 1 6 0 9 22 0 15 22 0 7 6 0 2 1 0 10 23 0 12 23 0 4 1 0 6 5 0 14 24 0 8 24 0 0 5 0 11 14 0 19 0 0 18 0 0 10 14 0 8 16 0 16 0 0 17 0 0 9 16 0 15 18 0 23 4 0 22 4 0 14 18 0 12 20 0 20 3 0 21 3 0 13 20 0 13 21 0 21 8 0 19 8 0 11 21 0 9 22 0 17 7 0 23 7 0 15 22 0 10 23 0 18 25 0 20 25 0 12 23 0 14 24 0 22 26 0 16 26 0 8 24 0 20 25 0 26 28 0 27 27 0 22 26 0 18 25 0 25 28 0 26 28 0 20 25 0 16 26 0 24 27 0 25 28 0 18 25 0 22 26 0 27 27 0 24 27 0 16 26 0 26 30 0 30 12 0 31 9 0 27 29 0 25 31 0 29 11 0 30 12 0 26 30 0 24 32 0 28 32 0 29 32 0 25 32 0 27 29 0 31 9 0 28 10 0 24 33 0</p>
                </polylist>
            </mesh>
        </geometry>
        <geometry id="ID226">
            <mesh>
                <source id="ID227">
                    <float_array id="ID228" count="252">19.4247 6.16115e-006 -5.20483 18.6999 1.5581 -5.01062 17.0713 1.94291 -4.57426 15.7654 0.86468 -4.22432 15.7654 -0.864669 -4.22432 17.0713 -1.9429 -4.57426 18.6999 -1.55808 -5.01062 14.2198 5.45351e-006 -14.2198 13.6893 1.55809 -13.6893 12.4971 1.94291 -12.4971 11.541 0.86468 -11.541 11.541 -0.864669 -11.541 12.4971 -1.9429 -12.4971 13.6893 -1.55808 -13.6893 5.20482 5.00915e-006 -19.4247 5.01062 1.55809 -18.6999 4.57425 1.94291 -17.0713 4.22431 0.864679 -15.7654 4.22431 -0.86467 -15.7654 4.57425 -1.9429 -17.0713 5.01062 -1.55808 -18.6999 -5.20482 4.94713e-006 -19.4247 -5.01062 1.55809 -18.6999 -4.57425 1.94291 -17.0713 -4.22431 0.864679 -15.7654 -4.22431 -0.86467 -15.7654 -4.57425 -1.9429 -17.0713 -5.01062 -1.55808 -18.6999 -14.2198 5.28407e-006 -14.2198 -13.6893 1.55809 -13.6893 -12.4971 1.94291 -12.4971 -11.541 0.86468 -11.541 -11.541 -0.864669 -11.541 -12.4971 -1.9429 -12.4971 -13.6893 -1.55808 -13.6893 -19.4247 5.92969e-006 -5.20482 -18.6999 1.5581 -5.01062 -17.0713 1.94291 -4.57425 -15.7654 0.86468 -4.22432 -15.7654 -0.864669 -4.22432 -17.0713 -1.9429 -4.57425 -18.6999 -1.55808 -5.01062 -19.4247 6.71099e-006 5.20482 -18.6999 1.5581 5.01061 -17.0713 1.94291 4.57425 -15.7654 0.864681 4.22431 -15.7654 -0.864668 4.22431 -17.0713 -1.9429 4.57425 -18.6999 -1.55808 5.01061 -14.2198 7.41863e-006 14.2198 -13.6893 1.5581 13.6893 -12.4971 1.94291 12.4971 -11.541 0.864681 11.541 -11.541 -0.864668 11.541 -12.4971 -1.9429 12.4971 -13.6893 -1.55808 13.6893 -5.20482 7.86299e-006 19.4246 -5.01061 1.5581 18.6999 -4.57425 1.94291 17.0713 -4.22431 0.864682 15.7653 -4.22431 -0.864667 15.7653 -4.57425 -1.9429 17.0713 -5.01061 -1.55808 18.6999 5.20482 7.92501e-006 19.4246 5.01062 1.5581 18.6999 4.57425 1.94291 17.0713 4.22431 0.864682 15.7653 4.22431 -0.864667 15.7653 4.57425 -1.9429 17.0713 5.01062 -1.55808 18.6999 14.2198 7.58807e-006 14.2198 13.6893 1.5581 13.6893 12.4971 1.94291 12.4971 11.541 0.864681 11.541 11.541 -0.864668 11.541 12.4971 -1.9429 12.4971 13.6893 -1.55808 13.6893 19.4247 6.94245e-006 5.20481 18.6999 1.5581 5.01061 17.0713 1.94291 4.57424 15.7654 0.864681 4.2243 15.7654 -0.864668 4.2243 17.0713 -1.9429 4.57424 18.6999 -1.55808 5.01061</float_array>
                    <technique_common>
                        <accessor count="84" source="#ID228" stride="3">
                            <param name="X" type="float"/>
                            <param name="Y" type="float"/>
                            <param name="Z" type="float"/>
                        </accessor>
                    </technique_common>
                </source>
                <source id="ID229">
                    <float_array id="ID230" count="252">0.965926 3.99833e-007 -0.258819 0.597405 0.785801 -0.160074 0.437331 0.785801 -0.437331 0.707107 1.02085e-007 -0.707107 -0.212219 0.975566 0.0568639 -0.155355 0.975566 0.155355 -0.868149 0.438413 0.23262 -0.635529 0.438413 0.635529 -0.868149 -0.438413 0.23262 -0.635529 -0.438413 0.635529 -0.212219 -0.975566 0.056864 -0.155355 -0.975566 0.155355 0.597406 -0.785801 -0.160074 0.437331 -0.785801 -0.437331 0.160074 0.785801 -0.597406 0.258819 -1.02085e-007 -0.965926 -0.056864 0.975566 0.212219 -0.23262 0.438413 0.868149 -0.23262 -0.438413 0.868149 -0.0568639 -0.975566 0.212219 0.160074 -0.785801 -0.597405 -0.160074 0.785801 -0.597405 -0.258819 -8.50708e-009 -0.965926 0.056864 0.975566 0.212219 0.23262 0.438413 0.868149 0.23262 -0.438413 0.868149 0.0568639 -0.975566 0.212219 -0.160074 -0.785801 -0.597405 -0.437331 0.785801 -0.437331 -0.707107 3.65805e-007 -0.707107 0.155355 0.975566 0.155355 0.635529 0.438413 0.635529 0.635529 -0.438413 0.635529 0.155355 -0.975566 0.155355 -0.437331 -0.785801 -0.437331 -0.597405 0.785801 -0.160074 -0.965926 6.80567e-007 -0.258819 0.212219 0.975566 0.0568639 0.868149 0.438413 0.23262 0.868149 -0.438413 0.23262 0.212219 -0.975566 0.056864 -0.597406 -0.785801 -0.160074 -0.597405 0.785801 0.160074 -0.965926 3.99833e-007 0.258819 0.212219 0.975566 -0.0568641 0.868149 0.438413 -0.23262 0.868149 -0.438413 -0.23262 0.212219 -0.975566 -0.0568639 -0.597405 -0.785801 0.160074 -0.437331 0.785801 0.437331 -0.707107 3.06255e-007 0.707107 0.155355 0.975566 -0.155355 0.635529 0.438413 -0.635529 0.635529 -0.438413 -0.635529 0.155355 -0.975566 -0.155355 -0.437331 -0.785801 0.437331 -0.160074 0.785801 0.597405 -0.258819 7.74145e-007 0.965926 0.0568639 0.975566 -0.212219 0.23262 0.438413 -0.868149 0.23262 -0.438413 -0.868149 0.0568638 -0.975566 -0.212219 -0.160074 -0.785801 0.597405 0.160074 0.785801 0.597405 0.258819 7.48624e-007 0.965926 -0.0568641 0.975566 -0.212219 -0.23262 0.438413 -0.868149 -0.23262 -0.438413 -0.868149 -0.056864 -0.975566 -0.212219 0.160074 -0.785801 0.597405 0.437331 0.785801 0.437331 0.707107 3.74312e-007 0.707107 -0.155355 0.975566 -0.155355 -0.635529 0.438413 -0.635529 -0.635529 -0.438413 -0.635529 -0.155355 -0.975566 -0.155355 0.437331 -0.785801 0.437331 0.597405 0.785801 0.160074 0.965926 3.57298e-007 0.258819 -0.212219 0.975566 -0.056864 -0.868149 0.438413 -0.23262 -0.868149 -0.438413 -0.232619 -0.212219 -0.975566 -0.0568638 0.597405 -0.785801 0.160074</float_array>
                    <technique_common>
                        <accessor count="84" source="#ID230" stride="3">
                            <param name="X" type="float"/>
                            <param name="Y" type="float"/>
                            <param name="Z" type="float"/>
                        </accessor>
                    </technique_common>
                </source>
                <source id="ID231">
                    <float_array id="ID232" count="2">0 1</float_array>
                    <technique_common>
                        <accessor count="1" source="#ID232" stride="2">
                            <param name="S" type="float"/>
                            <param name="T" type="float"/>
                        </accessor>
                    </technique_common>
                </source>
                <vertices id="ID233">
                    <input semantic="POSITION" source="#ID227"/>
                </vertices>
                <polylist count="84" material="Material1">
                    <input offset="0" semantic="VERTEX" source="#ID233"/>
                    <input offset="1" semantic="NORMAL" source="#ID229"/>
                    <input offset="2" semantic="TEXCOORD" source="#ID231" set="0"/>
                    <vcount>4 4 4 4 4 4 4 4 4 4 4 4 4 4 4 4 4 4 4 4 4 4 4 4 4 4 4 4 4 4 4 4 4 4 4 4 4 4 4 4 4 4 4 4 4 4 4 4 4 4 4 4 4 4 4 4 4 4 4 4 4 4 4 4 4 4 4 4 4 4 4 4 4 4 4 4 4 4 4 4 4 4 4 4</vcount>
                    <p>7 3 0 8 2 0 1 1 0 0 0 0 8 2 0 9 5 0 2 4 0 1 1 0 9 5 0 10 7 0 3 6 0 2 4 0 10 7 0 11 9 0 4 8 0 3 6 0 11 9 0 12 11 0 5 10 0 4 8 0 12 11 0 13 13 0 6 12 0 5 10 0 13 13 0 7 3 0 0 0 0 6 12 0 14 15 0 15 14 0 8 2 0 7 3 0 15 14 0 16 16 0 9 5 0 8 2 0 16 16 0 17 17 0 10 7 0 9 5 0 17 17 0 18 18 0 11 9 0 10 7 0 18 18 0 19 19 0 12 11 0 11 9 0 19 19 0 20 20 0 13 13 0 12 11 0 20 20 0 14 15 0 7 3 0 13 13 0 21 22 0 22 21 0 15 14 0 14 15 0 22 21 0 23 23 0 16 16 0 15 14 0 23 23 0 24 24 0 17 17 0 16 16 0 24 24 0 25 25 0 18 18 0 17 17 0 25 25 0 26 26 0 19 19 0 18 18 0 26 26 0 27 27 0 20 20 0 19 19 0 27 27 0 21 22 0 14 15 0 20 20 0 28 29 0 29 28 0 22 21 0 21 22 0 29 28 0 30 30 0 23 23 0 22 21 0 30 30 0 31 31 0 24 24 0 23 23 0 31 31 0 32 32 0 25 25 0 24 24 0 32 32 0 33 33 0 26 26 0 25 25 0 33 33 0 34 34 0 27 27 0 26 26 0 34 34 0 28 29 0 21 22 0 27 27 0 35 36 0 36 35 0 29 28 0 28 29 0 36 35 0 37 37 0 30 30 0 29 28 0 37 37 0 38 38 0 31 31 0 30 30 0 38 38 0 39 39 0 32 32 0 31 31 0 39 39 0 40 40 0 33 33 0 32 32 0 40 40 0 41 41 0 34 34 0 33 33 0 41 41 0 35 36 0 28 29 0 34 34 0 42 43 0 43 42 0 36 35 0 35 36 0 43 42 0 44 44 0 37 37 0 36 35 0 44 44 0 45 45 0 38 38 0 37 37 0 45 45 0 46 46 0 39 39 0 38 38 0 46 46 0 47 47 0 40 40 0 39 39 0 47 47 0 48 48 0 41 41 0 40 40 0 48 48 0 42 43 0 35 36 0 41 41 0 49 50 0 50 49 0 43 42 0 42 43 0 50 49 0 51 51 0 44 44 0 43 42 0 51 51 0 52 52 0 45 45 0 44 44 0 52 52 0 53 53 0 46 46 0 45 45 0 53 53 0 54 54 0 47 47 0 46 46 0 54 54 0 55 55 0 48 48 0 47 47 0 55 55 0 49 50 0 42 43 0 48 48 0 56 57 0 57 56 0 50 49 0 49 50 0 57 56 0 58 58 0 51 51 0 50 49 0 58 58 0 59 59 0 52 52 0 51 51 0 59 59 0 60 60 0 53 53 0 52 52 0 60 60 0 61 61 0 54 54 0 53 53 0 61 61 0 62 62 0 55 55 0 54 54 0 62 62 0 56 57 0 49 50 0 55 55 0 63 64 0 64 63 0 57 56 0 56 57 0 64 63 0 65 65 0 58 58 0 57 56 0 65 65 0 66 66 0 59 59 0 58 58 0 66 66 0 67 67 0 60 60 0 59 59 0 67 67 0 68 68 0 61 61 0 60 60 0 68 68 0 69 69 0 62 62 0 61 61 0 69 69 0 63 64 0 56 57 0 62 62 0 70 71 0 71 70 0 64 63 0 63 64 0 71 70 0 72 72 0 65 65 0 64 63 0 72 72 0 73 73 0 66 66 0 65 65 0 73 73 0 74 74 0 67 67 0 66 66 0 74 74 0 75 75 0 68 68 0 67 67 0 75 75 0 76 76 0 69 69 0 68 68 0 76 76 0 70 71 0 63 64 0 69 69 0 77 78 0 78 77 0 71 70 0 70 71 0 78 77 0 79 79 0 72 72 0 71 70 0 79 79 0 80 80 0 73 73 0 72 72 0 80 80 0 81 81 0 74 74 0 73 73 0 81 81 0 82 82 0 75 75 0 74 74 0 82 82 0 83 83 0 76 76 0 75 75 0 83 83 0 77 78 0 70 71 0 76 76 0 0 0 0 1 1 0 78 77 0 77 78 0 1 1 0 2 4 0 79 79 0 78 77 0 2 4 0 3 6 0 80 80 0 79 79 0 3 6 0 4 8 0 81 81 0 80 80 0 4 8 0 5 10 0 82 82 0 81 81 0 5 10 0 6 12 0 83 83 0 82 82 0 6 12 0 0 0 0 77 78 0 83 83 0</p>
                </polylist>
            </mesh>
        </geometry>
        <geometry id="ID236">
            <mesh>
                <source id="ID237">
                    <float_array id="ID238" count="48">-2.59892 -17.7706 7.82764 -2.59892 -9.98139 7.82764 2.59892 -17.7706 7.82764 2.59892 -9.98139 7.82764 2.59892 -17.7706 6.61398 2.59892 -9.98139 6.61398 -2.59892 -17.7706 6.61398 -2.59892 -9.98139 6.61398 0.738922 -12.7165 6.61398 0.738922 -11.4123 6.61398 -0.738924 -12.7165 6.61398 -0.738924 -11.4123 6.61398 0.738922 -0.459418 -0.290055 0.738922 0.844758 -0.290055 -0.738924 -0.459418 -0.290055 -0.738924 0.844758 -0.290055</float_array>
                    <technique_common>
                        <accessor count="16" source="#ID238" stride="3">
                            <param name="X" type="float"/>
                            <param name="Y" type="float"/>
                            <param name="Z" type="float"/>
                        </accessor>
                    </technique_common>
                </source>
                <source id="ID239">
                    <float_array id="ID240" count="27">0 0 1 1 0 -0 0 -0.253683 -0.967287 0 0 -1 -1 0 -0 0 1 -0 0 -1 -0 0 -0.16848 -0.985705 0 0.490769 0.871289</float_array>
                    <technique_common>
                        <accessor count="9" source="#ID240" stride="3">
                            <param name="X" type="float"/>
                            <param name="Y" type="float"/>
                            <param name="Z" type="float"/>
                        </accessor>
                    </technique_common>
                </source>
                <source id="ID241">
                    <float_array id="ID242" count="2">0 1</float_array>
                    <technique_common>
                        <accessor count="1" source="#ID242" stride="2">
                            <param name="S" type="float"/>
                            <param name="T" type="float"/>
                        </accessor>
                    </technique_common>
                </source>
                <vertices id="ID243">
                    <input semantic="POSITION" source="#ID237"/>
                </vertices>
                <polylist count="14" material="Material1">
                    <input offset="0" semantic="VERTEX" source="#ID243"/>
                    <input offset="1" semantic="NORMAL" source="#ID239"/>
                    <input offset="2" semantic="TEXCOORD" source="#ID241" set="0"/>
                    <vcount>4 4 4 4 4 4 4 4 4 4 4 4 4 4</vcount>
                    <p>2 0 0 3 0 0 1 0 0 0 0 0 4 1 0 5 1 0 3 1 0 2 1 0 14 2 0 15 3 0 13 3 0 12 2 0 0 4 0 1 4 0 7 4 0 6 4 0 3 5 0 5 5 0 7 5 0 1 5 0 4 6 0 2 6 0 0 6 0 6 6 0 6 3 0 10 7 0 8 7 0 4 3 0 7 3 0 11 3 0 10 7 0 6 3 0 5 3 0 9 3 0 11 3 0 7 3 0 4 3 0 8 7 0 9 3 0 5 3 0 10 7 0 14 2 0 12 2 0 8 7 0 11 4 0 15 4 0 14 4 0 10 4 0 9 8 0 13 8 0 15 8 0 11 8 0 8 1 0 12 1 0 13 1 0 9 1 0</p>
                </polylist>
            </mesh>
        </geometry>
        <geometry id="ID245">
            <mesh>
                <source id="ID246">
                    <float_array id="ID247" count="48">-6.06979 -17.7332 7.82764 -6.06979 -10.0188 7.82764 6.06978 -17.7332 7.82764 6.06978 -10.0188 7.82764 6.06978 -17.7332 6.61398 6.06978 -10.0188 6.61398 -6.06979 -17.7332 6.61398 -6.06979 -10.0188 6.61398 0.867215 -12.7045 6.61398 0.867215 -11.4243 6.61398 -0.867216 -12.7045 6.61398 -0.867216 -11.4243 6.61398 0.867215 -0.447444 -0.290055 0.867215 0.832784 -0.290055 -0.867216 -0.447444 -0.290055 -0.867216 0.832784 -0.290055</float_array>
                    <technique_common>
                        <accessor count="16" source="#ID247" stride="3">
                            <param name="X" type="float"/>
                            <param name="Y" type="float"/>
                            <param name="Z" type="float"/>
                        </accessor>
                    </technique_common>
                </source>
                <source id="ID248">
                    <float_array id="ID249" count="27">0 0 1 1 0 -0 0 -0.253683 -0.967287 0 0 -1 -1 0 -0 0 1 -0 0 -1 -0 0 -0.16848 -0.985705 0 0.490769 0.87129</float_array>
                    <technique_common>
                        <accessor count="9" source="#ID249" stride="3">
                            <param name="X" type="float"/>
                            <param name="Y" type="float"/>
                            <param name="Z" type="float"/>
                        </accessor>
                    </technique_common>
                </source>
                <source id="ID250">
                    <float_array id="ID251" count="2">0 1</float_array>
                    <technique_common>
                        <accessor count="1" source="#ID251" stride="2">
                            <param name="S" type="float"/>
                            <param name="T" type="float"/>
                        </accessor>
                    </technique_common>
                </source>
                <vertices id="ID252">
                    <input semantic="POSITION" source="#ID246"/>
                </vertices>
                <polylist count="14" material="Material1">
                    <input offset="0" semantic="VERTEX" source="#ID252"/>
                    <input offset="1" semantic="NORMAL" source="#ID248"/>
                    <input offset="2" semantic="TEXCOORD" source="#ID250" set="0"/>
                    <vcount>4 4 4 4 4 4 4 4 4 4 4 4 4 4</vcount>
                    <p>2 0 0 3 0 0 1 0 0 0 0 0 4 1 0 5 1 0 3 1 0 2 1 0 14 2 0 15 3 0 13 3 0 12 2 0 0 4 0 1 4 0 7 4 0 6 4 0 3 5 0 5 5 0 7 5 0 1 5 0 4 6 0 2 6 0 0 6 0 6 6 0 6 3 0 10 7 0 8 7 0 4 3 0 7 3 0 11 3 0 10 7 0 6 3 0 5 3 0 9 3 0 11 3 0 7 3 0 4 3 0 8 7 0 9 3 0 5 3 0 10 7 0 14 2 0 12 2 0 8 7 0 11 4 0 15 4 0 14 4 0 10 4 0 9 8 0 13 8 0 15 8 0 11 8 0 8 1 0 12 1 0 13 1 0 9 1 0</p>
                </polylist>
            </mesh>
        </geometry>
        <geometry id="ID254">
            <mesh>
                <source id="ID255">
                    <float_array id="ID256" count="48">-2.59892 -22.1801 7.82807 -2.59892 -5.57205 7.82807 2.59892 -22.1801 7.82807 2.59892 -5.57205 7.82807 2.59892 -22.1801 6.6144 2.59892 -5.57205 6.6144 -2.59892 -22.1801 6.6144 -2.59892 -5.57205 6.6144 0.738922 -8.61525 6.6144 0.738922 -6.91962 6.6144 -0.738924 -8.61525 6.6144 -0.738924 -6.91962 6.6144 0.738922 -0.655252 -0.289628 0.738922 1.04038 -0.289628 -0.738924 -0.655252 -0.289628 -0.738924 1.04038 -0.289628</float_array>
                    <technique_common>
                        <accessor count="16" source="#ID256" stride="3">
                            <param name="X" type="float"/>
                            <param name="Y" type="float"/>
                            <param name="Z" type="float"/>
                        </accessor>
                    </technique_common>
                </source>
                <source id="ID257">
                    <float_array id="ID258" count="27">0 0 1 1 0 -0 0 -0.349688 -0.936866 0 0 -1 -1 0 -0 0 1 -0 0 -1 -0 0 -0.231342 -0.972873 0 0.655221 0.755437</float_array>
                    <technique_common>
                        <accessor count="9" source="#ID258" stride="3">
                            <param name="X" type="float"/>
                            <param name="Y" type="float"/>
                            <param name="Z" type="float"/>
                        </accessor>
                    </technique_common>
                </source>
                <source id="ID259">
                    <float_array id="ID260" count="2">0 1</float_array>
                    <technique_common>
                        <accessor count="1" source="#ID260" stride="2">
                            <param name="S" type="float"/>
                            <param name="T" type="float"/>
                        </accessor>
                    </technique_common>
                </source>
                <vertices id="ID261">
                    <input semantic="POSITION" source="#ID255"/>
                </vertices>
                <polylist count="14" material="Material1">
                    <input offset="0" semantic="VERTEX" source="#ID261"/>
                    <input offset="1" semantic="NORMAL" source="#ID257"/>
                    <input offset="2" semantic="TEXCOORD" source="#ID259" set="0"/>
                    <vcount>4 4 4 4 4 4 4 4 4 4 4 4 4 4</vcount>
                    <p>2 0 0 3 0 0 1 0 0 0 0 0 4 1 0 5 1 0 3 1 0 2 1 0 14 2 0 15 3 0 13 3 0 12 2 0 0 4 0 1 4 0 7 4 0 6 4 0 3 5 0 5 5 0 7 5 0 1 5 0 4 6 0 2 6 0 0 6 0 6 6 0 6 3 0 10 7 0 8 7 0 4 3 0 7 3 0 11 3 0 10 7 0 6 3 0 5 3 0 9 3 0 11 3 0 7 3 0 4 3 0 8 7 0 9 3 0 5 3 0 10 7 0 14 2 0 12 2 0 8 7 0 11 4 0 15 4 0 14 4 0 10 4 0 9 8 0 13 8 0 15 8 0 11 8 0 8 1 0 12 1 0 13 1 0 9 1 0</p>
                </polylist>
            </mesh>
        </geometry>
        <geometry id="ID263">
            <mesh>
                <source id="ID264">
                    <float_array id="ID265" count="288">-29.9574 -4.4337 22.7676 -29.9574 4.4337 22.7676 29.9574 -4.4337 22.7676 29.9574 4.4337 22.7676 29.9574 -4.4337 -22.7676 29.9574 4.4337 -22.7676 -29.9574 -4.4337 -22.7676 -29.9574 4.4337 -22.7676 -29.9574 -4.4337 -11.3767 -29.9574 6.98208 -11.3767 29.9574 -4.4337 -11.3767 29.9574 6.98208 -11.3767 -29.9574 -4.4337 7.91964 -29.9574 6.98208 7.91964 29.9574 -4.4337 7.91964 29.9574 6.98208 7.91964 -29.9574 -4.4337 32.324 -29.9574 4.4337 32.324 29.9574 -4.4337 32.324 29.9574 4.4337 32.324 -29.9574 87.1176 23.8946 29.9574 87.1176 23.8946 -29.9574 87.1176 36.3277 29.9574 87.1176 36.3277 -29.9574 43.7055 19.8164 29.9574 43.7055 19.8164 -29.9574 43.7055 31.2985 29.9574 43.7055 31.2985 -29.9574 62.1055 19.8164 29.9574 62.1055 19.8164 -29.9574 62.1055 30.1 29.9574 62.1055 30.1 -19.1819 -4.4337 22.7676 -19.1819 4.4337 22.7676 19.1819 -4.4337 22.7676 19.1819 4.4337 22.7676 19.1819 -4.4337 -22.7676 19.1819 4.4337 -22.7676 -19.1819 -4.4337 -22.7676 -19.1819 4.4337 -22.7676 -19.1819 -4.4337 -11.3767 -19.1819 6.98208 -11.3767 19.1819 -4.4337 -11.3767 19.1819 6.98208 -11.3767 -19.1819 -4.4337 7.91964 -19.1819 6.98208 7.91964 19.1819 -4.4337 7.91964 19.1819 6.98208 7.91964 -19.1819 -4.4337 32.324 -19.1819 4.4337 32.324 19.1819 -4.4337 32.324 19.1819 4.4337 32.324 -19.1819 89.1146 23.8946 19.1819 89.1146 23.8946 -19.1819 89.1146 39.5 19.1819 89.1146 39.5 -19.1819 43.7055 19.8164 19.1819 43.7055 19.8164 -19.1819 43.7055 31.2985 19.1819 43.7055 31.2985 -19.1819 62.1055 19.8164 19.1819 62.1055 19.8164 -19.1819 62.1055 33.2723 19.1819 62.1055 33.2723 -14.9878 -4.4337 22.7676 -14.9878 2.52483 24.6948 14.9878 -4.4337 22.7676 14.9878 2.52483 24.6948 14.9878 -4.4337 -22.7676 14.9878 2.52483 -22.7676 -14.9878 -4.4337 -22.7676 -14.9878 2.52483 -22.7676 -14.9878 -4.4337 -11.3767 -14.9878 5.07321 -11.3767 14.9878 -4.4337 -11.3767 14.9878 5.07321 -11.3767 -14.9878 -4.4337 7.91964 -14.9878 5.07321 7.91964 14.9878 -4.4337 7.91964 14.9878 5.07321 7.91964 -14.9878 -4.4337 32.324 -14.9878 4.4337 32.324 14.9878 -4.4337 32.324 14.9878 4.4337 32.324 -14.9878 89.4693 25.8217 14.9878 89.4693 25.8217 -14.9878 89.4693 40.0363 14.9878 89.4693 40.0363 -14.9878 43.7055 21.7436 14.9878 43.7055 21.7436 -14.9878 43.7055 31.2985 14.9878 43.7055 31.2985 -14.9878 62.1055 21.7436 14.9878 62.1055 21.7436 -14.9878 62.1055 33.8086 14.9878 62.1055 33.8086</float_array>
                    <technique_common>
                        <accessor count="96" source="#ID265" stride="3">
                            <param name="X" type="float"/>
                            <param name="Y" type="float"/>
                            <param name="Z" type="float"/>
                        </accessor>
                    </technique_common>
                </source>
                <source id="ID266">
                    <float_array id="ID267" count="228">0 0 1 8.09914e-010 0.0130537 0.999915 1 0 -0 0 0 -1 -0.131704 0.605999 -0.784487 0.131704 0.605999 -0.784487 -1 0 -0 0.193277 0.969315 0.151898 0.203188 0.976161 0.0763227 -0.204135 0.975971 0.0762182 -0.195165 0.968964 0.151721 0 -1 -0 0.210927 0.971577 -0.107461 -0.210927 0.971577 -0.107461 -0.108975 0.764937 -0.63482 0.0421759 0.99911 -0 -0.0421759 0.99911 -0 0.108953 0.764935 -0.634825 -0.211966 0.0725207 -0.974583 0.211949 0.0725225 -0.974586 -0.732809 0.00244927 0.68043 -0.0157983 -0.0510701 0.99857 0.0158531 -0.0510984 0.998568 0.776544 -0.0802955 0.624925 0.765626 0.403658 0.500876 0.621618 0.591631 -0.513385 0.210261 -0.035421 -0.977003 0.206556 -0.0707416 -0.975874 -0.206229 -0.0707567 -0.975942 -0.210097 -0.0354298 -0.977038 -0.776774 -0.0790917 0.624793 -0.0444721 -0.175292 0.983511 0.0444977 -0.175322 0.983505 0.732911 0.0012468 0.680323 -0.621965 0.591426 -0.513201 -0.765986 0.403537 0.500423 -0.057342 -0.222236 0.973305 0.0572841 -0.222239 0.973308 0 0.0130537 0.999915 0 0.0130537 0.999915 0 0.0130537 0.999915 0 0.62517 -0.780488 0 0.62517 -0.780488 -0.131704 0.605999 -0.784487 0 0.985589 0.169158 -0.195165 0.9674 0.161391 -0.204213 0.975561 0.081107 0 0.996391 0.0848854 0 0.996391 0.0848855 0.203266 0.97575 0.0812108 0.193277 0.967751 0.161564 0 0.985589 0.169158 0 0.993951 -0.109826 -0.210927 0.971577 -0.107461 0.210927 0.971577 -0.107461 0 0.993951 -0.109826 0.0431238 0.767765 -0.639279 -0.133413 0.991061 -0 0.133413 0.991061 -0 -0.0435079 0.767753 -0.639267 -0.00747618 0.0777843 -0.996942 0.20833 0.0745674 -0.975212 -0.20861 0.0745622 -0.975152 0.00693651 0.0777864 -0.996946 0.0517079 -0.0228293 0.998401 -0.0515313 -0.021919 0.998431 0 -0.0374942 -0.999297 -0.210104 -0.036315 -0.977004 -0.206229 -0.0725223 -0.975812 0 -0.0749357 -0.997188 0.206556 -0.0725074 -0.975745 0.210267 -0.0363063 -0.97697 0.144778 -0.148552 0.978249 -0.145016 -0.147617 0.978356 0.18519 -0.22424 0.956776 -0.185981 -0.22416 0.956642</float_array>
                    <technique_common>
                        <accessor count="76" source="#ID267" stride="3">
                            <param name="X" type="float"/>
                            <param name="Y" type="float"/>
                            <param name="Z" type="float"/>
                        </accessor>
                    </technique_common>
                </source>
                <source id="ID268">
                    <float_array id="ID269" count="2">0 1</float_array>
                    <technique_common>
                        <accessor count="1" source="#ID269" stride="2">
                            <param name="S" type="float"/>
                            <param name="T" type="float"/>
                        </accessor>
                    </technique_common>
                </source>
                <vertices id="ID270">
                    <input semantic="POSITION" source="#ID264"/>
                </vertices>
                <polylist count="94" material="Material1">
                    <input offset="0" semantic="VERTEX" source="#ID270"/>
                    <input offset="1" semantic="NORMAL" source="#ID266"/>
                    <input offset="2" semantic="TEXCOORD" source="#ID268" set="0"/>
                    <vcount>4 4 4 4 4 4 4 4 4 4 4 4 4 4 4 4 4 4 4 4 4 4 4 4 4 4 4 4 4 4 4 4 4 4 4 4 4 4 4 4 4 4 4 4 4 4 4 4 4 4 4 4 4 4 4 4 4 4 4 4 4 4 4 4 4 4 4 4 4 4 4 4 4 4 4 4 4 4 4 4 4 4 4 4 4 4 4 4 4 4 4 4 4 4</vcount>
                    <p>82 0 0 83 1 0 81 1 0 80 0 0 10 2 0 4 2 0 5 2 0 11 2 0 70 3 0 71 5 0 69 4 0 68 3 0 12 6 0 0 6 0 1 6 0 13 6 0 67 10 0 79 9 0 77 8 0 65 7 0 68 11 0 74 11 0 72 11 0 70 11 0 11 2 0 15 2 0 14 2 0 10 2 0 9 6 0 7 6 0 6 6 0 8 6 0 75 13 0 69 4 0 71 5 0 73 12 0 74 11 0 78 11 0 76 11 0 72 11 0 13 6 0 9 6 0 8 6 0 12 6 0 79 9 0 75 13 0 73 12 0 77 8 0 15 2 0 3 2 0 2 2 0 14 2 0 78 11 0 66 11 0 64 11 0 76 11 0 66 11 0 82 11 0 80 11 0 64 11 0 3 2 0 19 2 0 18 2 0 2 2 0 84 17 0 86 16 0 87 15 0 85 14 0 0 6 0 16 6 0 17 6 0 1 6 0 92 19 0 84 17 0 85 14 0 93 18 0 17 6 0 26 20 0 24 6 0 1 6 0 83 1 0 91 22 0 90 21 0 81 1 0 29 2 0 21 25 0 23 24 0 31 23 0 89 29 0 67 28 0 65 27 0 88 26 0 26 20 0 30 30 0 28 6 0 24 6 0 91 22 0 95 32 0 94 31 0 90 21 0 27 33 0 19 2 0 3 2 0 25 2 0 93 18 0 89 29 0 88 26 0 92 19 0 31 23 0 27 33 0 25 2 0 29 2 0 30 30 0 22 35 0 20 34 0 28 6 0 95 32 0 87 37 0 86 36 0 94 31 0 19 39 0 51 38 0 50 0 0 18 0 0 16 0 0 48 0 0 49 40 0 17 40 0 7 41 0 39 5 0 38 3 0 6 3 0 4 3 0 36 3 0 37 43 0 5 42 0 15 47 0 47 46 0 35 45 0 3 44 0 1 51 0 33 50 0 45 49 0 13 48 0 10 11 0 42 11 0 36 11 0 4 11 0 6 11 0 38 11 0 40 11 0 8 11 0 5 42 0 37 43 0 43 53 0 11 52 0 9 55 0 41 54 0 39 5 0 7 41 0 14 11 0 46 11 0 42 11 0 10 11 0 8 11 0 40 11 0 44 11 0 12 11 0 11 52 0 43 53 0 47 46 0 15 47 0 13 48 0 45 49 0 41 54 0 9 55 0 2 11 0 34 11 0 46 11 0 14 11 0 12 11 0 44 11 0 32 11 0 0 11 0 18 11 0 50 11 0 34 11 0 2 11 0 0 11 0 32 11 0 48 11 0 16 11 0 22 35 0 54 57 0 52 56 0 20 34 0 21 25 0 53 59 0 55 58 0 23 24 0 20 34 0 52 56 0 60 61 0 28 60 0 29 63 0 61 62 0 53 59 0 21 25 0 27 33 0 59 64 0 51 38 0 19 39 0 17 40 0 49 40 0 58 65 0 26 20 0 3 69 0 35 68 0 57 67 0 25 66 0 24 66 0 56 71 0 33 70 0 1 69 0 31 23 0 63 72 0 59 64 0 27 33 0 26 20 0 58 65 0 62 73 0 30 30 0 25 66 0 57 67 0 61 62 0 29 63 0 28 60 0 60 61 0 56 71 0 24 66 0 23 24 0 55 74 0 63 72 0 31 23 0 30 30 0 62 73 0 54 75 0 22 35 0 51 38 0 83 1 0 82 0 0 50 0 0 48 0 0 80 0 0 81 1 0 49 40 0 39 5 0 71 5 0 70 3 0 38 3 0 36 3 0 68 3 0 69 4 0 37 43 0 47 46 0 79 9 0 67 10 0 35 45 0 33 50 0 65 7 0 77 8 0 45 49 0 42 11 0 74 11 0 68 11 0 36 11 0 38 11 0 70 11 0 72 11 0 40 11 0 37 43 0 69 4 0 75 13 0 43 53 0 41 54 0 73 12 0 71 5 0 39 5 0 46 11 0 78 11 0 74 11 0 42 11 0 40 11 0 72 11 0 76 11 0 44 11 0 43 53 0 75 13 0 79 9 0 47 46 0 45 49 0 77 8 0 73 12 0 41 54 0 34 11 0 66 11 0 78 11 0 46 11 0 44 11 0 76 11 0 64 11 0 32 11 0 50 11 0 82 11 0 66 11 0 34 11 0 32 11 0 64 11 0 80 11 0 48 11 0 54 57 0 86 16 0 84 17 0 52 56 0 53 59 0 85 14 0 87 15 0 55 58 0 52 56 0 84 17 0 92 19 0 60 61 0 61 62 0 93 18 0 85 14 0 53 59 0 59 64 0 91 22 0 83 1 0 51 38 0 49 40 0 81 1 0 90 21 0 58 65 0 35 68 0 67 28 0 89 29 0 57 67 0 56 71 0 88 26 0 65 27 0 33 70 0 63 72 0 95 32 0 91 22 0 59 64 0 58 65 0 90 21 0 94 31 0 62 73 0 57 67 0 89 29 0 93 18 0 61 62 0 60 61 0 92 19 0 88 26 0 56 71 0 55 74 0 87 37 0 95 32 0 63 72 0 62 73 0 94 31 0 86 36 0 54 75 0</p>
                </polylist>
            </mesh>
        </geometry>
        <geometry id="ID272">
            <mesh>
                <source id="ID273">
                    <float_array id="ID274" count="288">-29.9574 -4.4337 22.7676 -29.9574 4.4337 22.7676 29.9574 -4.4337 22.7676 29.9574 4.4337 22.7676 29.9574 -4.4337 -22.7676 29.9574 4.4337 -22.7676 -29.9574 -4.4337 -22.7676 -29.9574 4.4337 -22.7676 -29.9574 -4.4337 -11.3767 -29.9574 6.98208 -11.3767 29.9574 -4.4337 -11.3767 29.9574 6.98208 -11.3767 -29.9574 -4.4337 7.91964 -29.9574 6.98208 7.91964 29.9574 -4.4337 7.91964 29.9574 6.98208 7.91964 -29.9574 -4.4337 32.324 -29.9574 4.4337 32.324 29.9574 -4.4337 32.324 29.9574 4.4337 32.324 -29.9574 87.1176 23.8946 29.9574 87.1176 23.8946 -29.9574 87.1176 36.3277 29.9574 87.1176 36.3277 -29.9574 43.7055 19.8164 29.9574 43.7055 19.8164 -29.9574 43.7055 31.2985 29.9574 43.7055 31.2985 -29.9574 62.1055 19.8164 29.9574 62.1055 19.8164 -29.9574 62.1055 30.1 29.9574 62.1055 30.1 -19.1819 -4.4337 22.7676 -19.1819 4.4337 22.7676 19.1819 -4.4337 22.7676 19.1819 4.4337 22.7676 19.1819 -4.4337 -22.7676 19.1819 4.4337 -22.7676 -19.1819 -4.4337 -22.7676 -19.1819 4.4337 -22.7676 -19.1819 -4.4337 -11.3767 -19.1819 6.98208 -11.3767 19.1819 -4.4337 -11.3767 19.1819 6.98208 -11.3767 -19.1819 -4.4337 7.91964 -19.1819 6.98208 7.91964 19.1819 -4.4337 7.91964 19.1819 6.98208 7.91964 -19.1819 -4.4337 32.324 -19.1819 4.4337 32.324 19.1819 -4.4337 32.324 19.1819 4.4337 32.324 -19.1819 89.1146 23.8946 19.1819 89.1146 23.8946 -19.1819 89.1146 39.5 19.1819 89.1146 39.5 -19.1819 43.7055 19.8164 19.1819 43.7055 19.8164 -19.1819 43.7055 31.2985 19.1819 43.7055 31.2985 -19.1819 62.1055 19.8164 19.1819 62.1055 19.8164 -19.1819 62.1055 33.2723 19.1819 62.1055 33.2723 -14.9878 -4.4337 22.7676 -14.9878 2.52483 24.6948 14.9878 -4.4337 22.7676 14.9878 2.52483 24.6948 14.9878 -4.4337 -22.7676 14.9878 2.52483 -22.7676 -14.9878 -4.4337 -22.7676 -14.9878 2.52483 -22.7676 -14.9878 -4.4337 -11.3767 -14.9878 5.07321 -11.3767 14.9878 -4.4337 -11.3767 14.9878 5.07321 -11.3767 -14.9878 -4.4337 7.91964 -14.9878 5.07321 7.91964 14.9878 -4.4337 7.91964 14.9878 5.07321 7.91964 -14.9878 -4.4337 32.324 -14.9878 4.4337 32.324 14.9878 -4.4337 32.324 14.9878 4.4337 32.324 -14.9878 89.4693 25.8217 14.9878 89.4693 25.8217 -14.9878 89.4693 40.0363 14.9878 89.4693 40.0363 -14.9878 43.7055 21.7436 14.9878 43.7055 21.7436 -14.9878 43.7055 31.2985 14.9878 43.7055 31.2985 -14.9878 62.1055 21.7436 14.9878 62.1055 21.7436 -14.9878 62.1055 33.8086 14.9878 62.1055 33.8086</float_array>
                    <technique_common>
                        <accessor count="96" source="#ID274" stride="3">
                            <param name="X" type="float"/>
                            <param name="Y" type="float"/>
                            <param name="Z" type="float"/>
                        </accessor>
                    </technique_common>
                </source>
                <source id="ID275">
                    <float_array id="ID276" count="228">0 0 1 8.09914e-010 0.0130537 0.999915 1 0 -0 0 0 -1 -0.131704 0.605999 -0.784487 0.131704 0.605999 -0.784487 -1 0 -0 0.193277 0.969315 0.151898 0.203188 0.976161 0.0763227 -0.204135 0.975971 0.0762182 -0.195165 0.968964 0.151721 0 -1 -0 0.210927 0.971577 -0.107461 -0.210927 0.971577 -0.107461 -0.108975 0.764937 -0.63482 0.0421759 0.99911 -0 -0.0421759 0.99911 -0 0.108953 0.764935 -0.634825 -0.211966 0.0725207 -0.974583 0.211949 0.0725225 -0.974586 -0.732809 0.00244927 0.68043 -0.0157983 -0.0510701 0.99857 0.0158531 -0.0510984 0.998568 0.776544 -0.0802955 0.624925 0.765626 0.403658 0.500876 0.621618 0.591631 -0.513385 0.210261 -0.035421 -0.977003 0.206556 -0.0707416 -0.975874 -0.206229 -0.0707567 -0.975942 -0.210097 -0.0354298 -0.977038 -0.776774 -0.0790917 0.624793 -0.0444721 -0.175292 0.983511 0.0444977 -0.175322 0.983505 0.732911 0.0012468 0.680323 -0.621965 0.591426 -0.513201 -0.765986 0.403537 0.500423 -0.057342 -0.222236 0.973305 0.0572841 -0.222239 0.973308 0 0.0130537 0.999915 0 0.0130537 0.999915 0 0.0130537 0.999915 0 0.62517 -0.780488 0 0.62517 -0.780488 -0.131704 0.605999 -0.784487 0 0.985589 0.169158 -0.195165 0.9674 0.161391 -0.204213 0.975561 0.081107 0 0.996391 0.0848854 0 0.996391 0.0848855 0.203266 0.97575 0.0812108 0.193277 0.967751 0.161564 0 0.985589 0.169158 0 0.993951 -0.109826 -0.210927 0.971577 -0.107461 0.210927 0.971577 -0.107461 0 0.993951 -0.109826 0.0431238 0.767765 -0.639279 -0.133413 0.991061 -0 0.133413 0.991061 -0 -0.0435079 0.767753 -0.639267 -0.00747618 0.0777843 -0.996942 0.20833 0.0745674 -0.975212 -0.20861 0.0745622 -0.975152 0.00693651 0.0777864 -0.996946 0.0517079 -0.0228293 0.998401 -0.0515313 -0.021919 0.998431 0 -0.0374942 -0.999297 -0.210104 -0.036315 -0.977004 -0.206229 -0.0725223 -0.975812 0 -0.0749357 -0.997188 0.206556 -0.0725074 -0.975745 0.210267 -0.0363063 -0.97697 0.144778 -0.148552 0.978249 -0.145016 -0.147617 0.978356 0.18519 -0.22424 0.956776 -0.185981 -0.22416 0.956642</float_array>
                    <technique_common>
                        <accessor count="76" source="#ID276" stride="3">
                            <param name="X" type="float"/>
                            <param name="Y" type="float"/>
                            <param name="Z" type="float"/>
                        </accessor>
                    </technique_common>
                </source>
                <source id="ID277">
                    <float_array id="ID278" count="2">0 1</float_array>
                    <technique_common>
                        <accessor count="1" source="#ID278" stride="2">
                            <param name="S" type="float"/>
                            <param name="T" type="float"/>
                        </accessor>
                    </technique_common>
                </source>
                <vertices id="ID279">
                    <input semantic="POSITION" source="#ID273"/>
                </vertices>
                <polylist count="94" material="Material1">
                    <input offset="0" semantic="VERTEX" source="#ID279"/>
                    <input offset="1" semantic="NORMAL" source="#ID275"/>
                    <input offset="2" semantic="TEXCOORD" source="#ID277" set="0"/>
                    <vcount>4 4 4 4 4 4 4 4 4 4 4 4 4 4 4 4 4 4 4 4 4 4 4 4 4 4 4 4 4 4 4 4 4 4 4 4 4 4 4 4 4 4 4 4 4 4 4 4 4 4 4 4 4 4 4 4 4 4 4 4 4 4 4 4 4 4 4 4 4 4 4 4 4 4 4 4 4 4 4 4 4 4 4 4 4 4 4 4 4 4 4 4 4 4</vcount>
                    <p>82 0 0 83 1 0 81 1 0 80 0 0 10 2 0 4 2 0 5 2 0 11 2 0 70 3 0 71 5 0 69 4 0 68 3 0 12 6 0 0 6 0 1 6 0 13 6 0 67 10 0 79 9 0 77 8 0 65 7 0 68 11 0 74 11 0 72 11 0 70 11 0 11 2 0 15 2 0 14 2 0 10 2 0 9 6 0 7 6 0 6 6 0 8 6 0 75 13 0 69 4 0 71 5 0 73 12 0 74 11 0 78 11 0 76 11 0 72 11 0 13 6 0 9 6 0 8 6 0 12 6 0 79 9 0 75 13 0 73 12 0 77 8 0 15 2 0 3 2 0 2 2 0 14 2 0 78 11 0 66 11 0 64 11 0 76 11 0 66 11 0 82 11 0 80 11 0 64 11 0 3 2 0 19 2 0 18 2 0 2 2 0 84 17 0 86 16 0 87 15 0 85 14 0 0 6 0 16 6 0 17 6 0 1 6 0 92 19 0 84 17 0 85 14 0 93 18 0 17 6 0 26 20 0 24 6 0 1 6 0 83 1 0 91 22 0 90 21 0 81 1 0 29 2 0 21 25 0 23 24 0 31 23 0 89 29 0 67 28 0 65 27 0 88 26 0 26 20 0 30 30 0 28 6 0 24 6 0 91 22 0 95 32 0 94 31 0 90 21 0 27 33 0 19 2 0 3 2 0 25 2 0 93 18 0 89 29 0 88 26 0 92 19 0 31 23 0 27 33 0 25 2 0 29 2 0 30 30 0 22 35 0 20 34 0 28 6 0 95 32 0 87 37 0 86 36 0 94 31 0 19 39 0 51 38 0 50 0 0 18 0 0 16 0 0 48 0 0 49 40 0 17 40 0 7 41 0 39 5 0 38 3 0 6 3 0 4 3 0 36 3 0 37 43 0 5 42 0 15 47 0 47 46 0 35 45 0 3 44 0 1 51 0 33 50 0 45 49 0 13 48 0 10 11 0 42 11 0 36 11 0 4 11 0 6 11 0 38 11 0 40 11 0 8 11 0 5 42 0 37 43 0 43 53 0 11 52 0 9 55 0 41 54 0 39 5 0 7 41 0 14 11 0 46 11 0 42 11 0 10 11 0 8 11 0 40 11 0 44 11 0 12 11 0 11 52 0 43 53 0 47 46 0 15 47 0 13 48 0 45 49 0 41 54 0 9 55 0 2 11 0 34 11 0 46 11 0 14 11 0 12 11 0 44 11 0 32 11 0 0 11 0 18 11 0 50 11 0 34 11 0 2 11 0 0 11 0 32 11 0 48 11 0 16 11 0 22 35 0 54 57 0 52 56 0 20 34 0 21 25 0 53 59 0 55 58 0 23 24 0 20 34 0 52 56 0 60 61 0 28 60 0 29 63 0 61 62 0 53 59 0 21 25 0 27 33 0 59 64 0 51 38 0 19 39 0 17 40 0 49 40 0 58 65 0 26 20 0 3 69 0 35 68 0 57 67 0 25 66 0 24 66 0 56 71 0 33 70 0 1 69 0 31 23 0 63 72 0 59 64 0 27 33 0 26 20 0 58 65 0 62 73 0 30 30 0 25 66 0 57 67 0 61 62 0 29 63 0 28 60 0 60 61 0 56 71 0 24 66 0 23 24 0 55 74 0 63 72 0 31 23 0 30 30 0 62 73 0 54 75 0 22 35 0 51 38 0 83 1 0 82 0 0 50 0 0 48 0 0 80 0 0 81 1 0 49 40 0 39 5 0 71 5 0 70 3 0 38 3 0 36 3 0 68 3 0 69 4 0 37 43 0 47 46 0 79 9 0 67 10 0 35 45 0 33 50 0 65 7 0 77 8 0 45 49 0 42 11 0 74 11 0 68 11 0 36 11 0 38 11 0 70 11 0 72 11 0 40 11 0 37 43 0 69 4 0 75 13 0 43 53 0 41 54 0 73 12 0 71 5 0 39 5 0 46 11 0 78 11 0 74 11 0 42 11 0 40 11 0 72 11 0 76 11 0 44 11 0 43 53 0 75 13 0 79 9 0 47 46 0 45 49 0 77 8 0 73 12 0 41 54 0 34 11 0 66 11 0 78 11 0 46 11 0 44 11 0 76 11 0 64 11 0 32 11 0 50 11 0 82 11 0 66 11 0 34 11 0 32 11 0 64 11 0 80 11 0 48 11 0 54 57 0 86 16 0 84 17 0 52 56 0 53 59 0 85 14 0 87 15 0 55 58 0 52 56 0 84 17 0 92 19 0 60 61 0 61 62 0 93 18 0 85 14 0 53 59 0 59 64 0 91 22 0 83 1 0 51 38 0 49 40 0 81 1 0 90 21 0 58 65 0 35 68 0 67 28 0 89 29 0 57 67 0 56 71 0 88 26 0 65 27 0 33 70 0 63 72 0 95 32 0 91 22 0 59 64 0 58 65 0 90 21 0 94 31 0 62 73 0 57 67 0 89 29 0 93 18 0 61 62 0 60 61 0 92 19 0 88 26 0 56 71 0 55 74 0 87 37 0 95 32 0 63 72 0 62 73 0 94 31 0 86 36 0 54 75 0</p>
                </polylist>
            </mesh>
        </geometry>
        <geometry id="ID281">
            <mesh>
                <source id="ID282">
                    <float_array id="ID283" count="141">-93.3414 38.6681 -105 -93.3414 38.6681 -98.1443 -55.8 38.6681 -40.5788 -52.3 48.3433 -40.5788 -93.3414 38.6681 -69.9204 0 48.3433 -40.5788 -93.3414 38.6681 -40.5788 -55.8 15.5055 -105 0 15.5055 -105 -52.3 15.5055 -105 -93.3414 15.5055 -105 93.3414 38.6681 -105 93.3414 38.6681 -98.1443 55.8 38.6681 -40.5788 52.3 48.3433 -40.5788 93.3414 38.6681 -69.9204 93.3414 38.6681 -40.5788 55.8 15.5055 -105 52.3 15.5055 -105 93.3414 15.5055 -105 40.8319 33.5332 -45.533 68.4531 36.1239 -45.533 67.1085 12.2091 -87.9726 68.6123 36.6795 -70.2566 0 32.0714 -45.533 -67.0838 12.0598 -40.8765 -40.8319 33.5332 -45.533 68.5078 36.7298 -94.081 -67.1085 12.2091 -87.9726 68.451 16.5707 -99.4801 -68.4531 36.1239 -45.533 40.8319 16.5707 -102.934 -68.6123 36.6795 -70.2566 -67.2175 12.1939 -64.2565 -40.8385 9.11346 -95.7017 0 16.5707 -102.934 -68.5078 36.7298 -94.081 -40.8319 16.5707 -102.934 -68.451 16.5707 -99.4801 40.8385 9.11346 -95.7017 39.9514 12.5746 -40.4202 67.0838 12.0598 -40.8765 -1.27157e-006 8.55361 -69.4039 67.2175 12.1939 -64.2565 0 13.3329 -40.6388 0 9.10809 -95.6832 -39.9514 12.5746 -40.4202</float_array>
                    <technique_common>
                        <accessor count="47" source="#ID283" stride="3">
                            <param name="X" type="float"/>
                            <param name="Y" type="float"/>
                            <param name="Z" type="float"/>
                        </accessor>
                    </technique_common>
                </source>
                <source id="ID284">
                    <float_array id="ID285" count="156">0.0764365 0.662463 -0.745184 -0.339257 0.733275 -0.589247 -0.0479833 0.972016 -0.22996 0.140059 0.206157 -0.968443 0.0451612 0.164588 -0.985328 -0.717377 0.696675 0.00375065 -0.0860346 0.996274 0.00602972 0.000305137 0.306318 -0.951929 4.56603e-005 0.0319192 -0.99949 -0.712215 0.646559 -0.273332 -0.0784089 0.996921 0.000614118 -0.139786 0.208278 -0.968029 -0.0456932 0.165576 -0.985138 -0.299669 0.527837 -0.794724 -0.0764365 0.662463 -0.745185 -0.524501 0.782608 -0.335296 -0.130153 0.595755 -0.792551 0.338066 0.73366 -0.589453 -0.019738 0.998365 0.0536375 0.00390275 0.925814 -0.37796 0.0849337 0.996368 0.00608108 0.716992 0.697072 0.0037872 0.0469582 0.972081 -0.229897 -6.15558e-007 0.888899 -0.458104 0.0783012 0.99693 0.000611197 0.712183 0.646589 -0.273344 5.99493e-008 0.986872 0.161502 4.44089e-015 0.8889 -0.458101 0.299669 0.527837 -0.794724 0.017571 0.997387 0.0700771 6.15558e-007 0.888899 -0.458104 0.52395 0.790465 -0.317241 -0.00822638 0.938784 -0.344408 0.128348 0.624524 -0.770388 0.0015208 -0.229356 -0.973341 -0.00145653 -0.213624 -0.976915 -0.613929 0.78876 0.0307957 4.6766e-010 0.997694 -0.0678682 -0.0817172 0.929154 0.360548 -0.451781 0.889437 -0.0692541 -0.7062 0.70801 0.00187318 -0.000217356 -0.244953 -0.969535 -0.00301949 -0.229191 -0.973377 0.0817172 0.929154 0.360548 0.613929 0.78876 0.0307955 5.20549e-008 0.916846 0.399241 -0.00110577 -0.213447 -0.976954 0.706201 0.708009 0.00187395 0.451782 0.889436 -0.0692533 -0.0178359 0.986716 -0.161474 0.0178359 0.986716 -0.161474 0 0.986476 -0.163903</float_array>
                    <technique_common>
                        <accessor count="52" source="#ID285" stride="3">
                            <param name="X" type="float"/>
                            <param name="Y" type="float"/>
                            <param name="Z" type="float"/>
                        </accessor>
                    </technique_common>
                </source>
                <source id="ID286">
                    <float_array id="ID287" count="2">0 1</float_array>
                    <technique_common>
                        <accessor count="1" source="#ID287" stride="2">
                            <param name="S" type="float"/>
                            <param name="T" type="float"/>
                        </accessor>
                    </technique_common>
                </source>
                <vertices id="ID288">
                    <input semantic="POSITION" source="#ID282"/>
                </vertices>
                <polylist count="52" material="Material1">
                    <input offset="0" semantic="VERTEX" source="#ID288"/>
                    <input offset="1" semantic="NORMAL" source="#ID284"/>
                    <input offset="2" semantic="TEXCOORD" source="#ID286" set="0"/>
                    <vcount>3 3 4 4 4 4 3 3 3 3 4 4 3 4 4 3 4 3 3 4 4 3 4 4 4 4 3 3 3 4 3 4 3 4 4 3 4 3 3 3 3 3 3 3 3 3 3 3 3 3 3 3</vcount>
                    <p>16 2 0 21 1 0 13 0 0 13 0 0 20 4 0 14 3 0 15 6 0 23 5 0 21 1 0 16 2 0 14 3 0 20 4 0 24 8 0 5 7 0 12 10 0 27 9 0 23 5 0 15 6 0 5 7 0 24 8 0 26 12 0 3 11 0 11 13 0 27 9 0 12 10 0 3 11 0 26 12 0 2 14 0 19 16 0 29 15 0 11 13 0 2 14 0 26 12 0 30 17 0 17 19 0 31 18 0 29 15 0 19 16 0 6 22 0 30 17 0 32 21 0 4 20 0 18 23 0 31 18 0 17 19 0 4 20 0 32 21 0 36 25 0 1 24 0 8 27 0 35 26 0 31 18 0 18 23 0 1 24 0 36 25 0 0 28 0 9 30 0 37 29 0 35 26 0 8 27 0 0 28 0 36 25 0 38 31 0 7 32 0 37 29 0 9 30 0 10 33 0 38 31 0 37 29 0 7 32 0 21 1 0 41 35 0 40 34 0 20 4 0 39 38 0 42 37 0 22 36 0 23 5 0 43 40 0 41 39 0 21 1 0 20 4 0 40 34 0 44 41 0 24 8 0 27 9 0 22 36 0 43 40 0 23 5 0 24 8 0 44 41 0 46 42 0 26 12 0 28 44 0 42 37 0 34 43 0 34 43 0 42 37 0 45 45 0 29 15 0 22 36 0 27 9 0 26 12 0 46 42 0 25 46 0 30 17 0 31 18 0 39 38 0 29 15 0 30 17 0 25 48 0 33 47 0 32 21 0 33 47 0 42 37 0 28 44 0 32 21 0 33 47 0 28 44 0 36 25 0 35 26 0 45 45 0 39 38 0 31 18 0 46 49 0 42 37 0 25 48 0 37 29 0 34 43 0 45 45 0 35 26 0 36 25 0 28 44 0 38 31 0 45 45 0 42 37 0 39 38 0 38 31 0 34 43 0 37 29 0 41 39 0 42 37 0 40 50 0 38 31 0 10 33 0 0 28 0 43 40 0 42 37 0 41 39 0 40 50 0 42 37 0 44 51 0 22 36 0 42 37 0 43 40 0 44 51 0 42 37 0 46 49 0 25 48 0 42 37 0 33 47 0 29 15 0 27 9 0 11 13 0 39 38 0 22 36 0 29 15 0 38 31 0 28 44 0 34 43 0 30 17 0 6 22 0 2 14 0 21 1 0 20 4 0 13 0 0</p>
                </polylist>
            </mesh>
        </geometry>
        <geometry id="ID291">
            <mesh>
                <source id="ID292">
                    <float_array id="ID293" count="42">-2.18056 -116.85 68.7964 -2.17372 -0.260513 68.0082 -2.18056 -116.85 30.1978 -2.17372 -0.260513 12.3812 -2.18056 -116.85 -74.3413 -2.17372 -0.260529 -74.3414 0.0834019 -116.85 35.7165 0.0834019 0.0385284 12.8936 0.0834019 0.0385284 -74.0414 0.0834019 -116.85 -74.0413 0.0834019 0.0385284 67.6226 0.0834019 -116.85 65.8614 0.0834019 0.0385284 40.8461 0.0834019 -116.85 69.3307</float_array>
                    <technique_common>
                        <accessor count="14" source="#ID293" stride="3">
                            <param name="X" type="float"/>
                            <param name="Y" type="float"/>
                            <param name="Z" type="float"/>
                        </accessor>
                    </technique_common>
                </source>
                <source id="ID294">
                    <float_array id="ID295" count="54">-1 5.862e-005 -3.75597e-012 -0.752092 0.659058 -5.79972e-008 -0.752092 0.659059 -2.89986e-008 -1 5.862e-005 -1.87798e-012 -0.502015 0.773126 0.38763 -0.718222 0.00745518 0.695774 0.752183 -2.60252e-006 -0.658954 1 0 -0 -0.131343 0.991337 -8.72392e-008 -0.131342 0.991337 -4.36196e-008 -0.13134 0.991337 -0 -0.13134 0.991337 -0 0.13156 -3.91515e-006 -0.991308 1.77392e-006 -1 -3.64906e-008 2.57193e-006 -1 -1.82453e-008 3.36993e-006 -1 -0 -0.0316851 0.0106503 0.999441 3.36993e-006 -1 -0</float_array>
                    <technique_common>
                        <accessor count="18" source="#ID295" stride="3">
                            <param name="X" type="float"/>
                            <param name="Y" type="float"/>
                            <param name="Z" type="float"/>
                        </accessor>
                    </technique_common>
                </source>
                <source id="ID296">
                    <float_array id="ID297" count="2">0 1</float_array>
                    <technique_common>
                        <accessor count="1" source="#ID297" stride="2">
                            <param name="S" type="float"/>
                            <param name="T" type="float"/>
                        </accessor>
                    </technique_common>
                </source>
                <vertices id="ID298">
                    <input semantic="POSITION" source="#ID292"/>
                </vertices>
                <polylist count="13" material="Material1">
                    <input offset="0" semantic="VERTEX" source="#ID298"/>
                    <input offset="1" semantic="NORMAL" source="#ID294"/>
                    <input offset="2" semantic="TEXCOORD" source="#ID296" set="0"/>
                    <vcount>4 4 4 4 4 4 4 3 4 4 4 4 3</vcount>
                    <p>2 3 0 3 2 0 5 1 0 4 0 0 0 5 0 1 4 0 3 2 0 2 3 0 7 7 0 6 7 0 9 6 0 8 6 0 11 7 0 12 7 0 10 7 0 13 7 0 12 7 0 11 7 0 6 7 0 7 7 0 5 1 0 3 2 0 7 9 0 8 8 0 3 2 0 1 4 0 12 10 0 7 9 0 10 11 0 12 10 0 1 4 0 4 12 0 5 12 0 8 6 0 9 6 0 9 13 0 6 14 0 2 14 0 4 13 0 6 14 0 11 15 0 0 15 0 2 14 0 13 16 0 10 16 0 1 4 0 0 5 0 13 17 0 0 15 0 11 15 0</p>
                </polylist>
            </mesh>
        </geometry>
        <geometry id="ID300">
            <mesh>
                <source id="ID301">
                    <float_array id="ID302" count="60">98.8 18.6719 -0.0912704 98.8 167.561 -7.27934 98.8 167.561 80.751 98.8 18.6719 80.751 98.8 -21.9114 80.751 98.8 -21.9114 0.881218 98.8 22.5719 3.62499 98.8 163.661 -3.18652 98.8 163.661 76.851 98.8 22.5719 76.851 96.4288 18.6719 -0.0912704 96.4288 167.561 -7.27934 96.4288 167.561 80.751 96.4288 18.6719 80.751 96.4288 -21.9114 80.751 96.4288 -21.9114 0.881218 96.4288 22.5719 3.62499 96.4288 163.661 -3.18652 96.4288 163.661 76.851 96.4288 22.5719 76.851</float_array>
                    <technique_common>
                        <accessor count="20" source="#ID302" stride="3">
                            <param name="X" type="float"/>
                            <param name="Y" type="float"/>
                            <param name="Z" type="float"/>
                        </accessor>
                    </technique_common>
                </source>
                <source id="ID303">
                    <float_array id="ID304" count="42">-1 0 -0 1 0 -0 0 -0.715526 -0.698586 0 -1 -0 0 -0.0360916 -0.999348 0 -1.87994e-007 1 0 -6.83757e-008 1 0 -0.0482219 -0.998837 0 0.723955 0.689847 0 0.0482219 0.998837 0 1 -0 0 5.12422e-008 1 0 -5.40751e-008 -1 0 1 -1.0419e-007</float_array>
                    <technique_common>
                        <accessor count="14" source="#ID304" stride="3">
                            <param name="X" type="float"/>
                            <param name="Y" type="float"/>
                            <param name="Z" type="float"/>
                        </accessor>
                    </technique_common>
                </source>
                <source id="ID305">
                    <float_array id="ID306" count="2">0 1</float_array>
                    <technique_common>
                        <accessor count="1" source="#ID306" stride="2">
                            <param name="S" type="float"/>
                            <param name="T" type="float"/>
                        </accessor>
                    </technique_common>
                </source>
                <vertices id="ID307">
                    <input semantic="POSITION" source="#ID301"/>
                </vertices>
                <polylist count="20" material="Material1">
                    <input offset="0" semantic="VERTEX" source="#ID307"/>
                    <input offset="1" semantic="NORMAL" source="#ID303"/>
                    <input offset="2" semantic="TEXCOORD" source="#ID305" set="0"/>
                    <vcount>4 4 4 4 4 4 4 4 4 4 4 4 4 4 4 4 4 4 4 4</vcount>
                    <p>14 0 0 13 0 0 10 0 0 15 0 0 10 0 0 16 0 0 17 0 0 11 0 0 11 0 0 17 0 0 18 0 0 12 0 0 12 0 0 18 0 0 19 0 0 13 0 0 13 0 0 19 0 0 16 0 0 10 0 0 5 1 0 0 1 0 3 1 0 4 1 0 1 1 0 7 1 0 6 1 0 0 1 0 2 1 0 8 1 0 7 1 0 1 1 0 3 1 0 9 1 0 8 1 0 2 1 0 0 1 0 6 1 0 9 1 0 3 1 0 4 3 0 14 3 0 15 2 0 5 2 0 5 2 0 15 2 0 10 4 0 0 4 0 3 6 0 13 6 0 14 5 0 4 5 0 0 4 0 10 4 0 11 7 0 1 7 0 7 9 0 17 9 0 16 8 0 6 8 0 1 10 0 11 10 0 12 10 0 2 10 0 8 3 0 18 3 0 17 3 0 7 3 0 2 11 0 12 11 0 13 6 0 3 6 0 9 12 0 19 12 0 18 12 0 8 12 0 6 8 0 16 8 0 19 13 0 9 13 0</p>
                </polylist>
            </mesh>
        </geometry>
        <geometry id="ID309">
            <mesh>
                <source id="ID310">
                    <float_array id="ID311" count="24">-2.32309 -5.72526 2.32309 -2.32309 5.72526 2.32309 2.32309 -5.72526 2.32309 2.32309 5.72526 2.32309 2.32309 -5.72526 -2.32309 2.32309 5.72526 -2.32309 -2.32309 -5.72526 -2.32309 -2.32309 5.72526 -2.32309</float_array>
                    <technique_common>
                        <accessor count="8" source="#ID311" stride="3">
                            <param name="X" type="float"/>
                            <param name="Y" type="float"/>
                            <param name="Z" type="float"/>
                        </accessor>
                    </technique_common>
                </source>
                <source id="ID312">
                    <float_array id="ID313" count="18">0 0 1 1 0 -0 0 0 -1 -1 0 -0 0 1 -0 0 -1 -0</float_array>
                    <technique_common>
                        <accessor count="6" source="#ID313" stride="3">
                            <param name="X" type="float"/>
                            <param name="Y" type="float"/>
                            <param name="Z" type="float"/>
                        </accessor>
                    </technique_common>
                </source>
                <source id="ID314">
                    <float_array id="ID315" count="2">0 1</float_array>
                    <technique_common>
                        <accessor count="1" source="#ID315" stride="2">
                            <param name="S" type="float"/>
                            <param name="T" type="float"/>
                        </accessor>
                    </technique_common>
                </source>
                <vertices id="ID316">
                    <input semantic="POSITION" source="#ID310"/>
                </vertices>
                <polylist count="6" material="Material1">
                    <input offset="0" semantic="VERTEX" source="#ID316"/>
                    <input offset="1" semantic="NORMAL" source="#ID312"/>
                    <input offset="2" semantic="TEXCOORD" source="#ID314" set="0"/>
                    <vcount>4 4 4 4 4 4</vcount>
                    <p>2 0 0 3 0 0 1 0 0 0 0 0 4 1 0 5 1 0 3 1 0 2 1 0 6 2 0 7 2 0 5 2 0 4 2 0 0 3 0 1 3 0 7 3 0 6 3 0 3 4 0 5 4 0 7 4 0 1 4 0 4 5 0 2 5 0 0 5 0 6 5 0</p>
                </polylist>
            </mesh>
        </geometry>
        <geometry id="ID318">
            <mesh>
                <source id="ID319">
                    <float_array id="ID320" count="24">98.8 22.5719 3.62499 98.8 163.661 -3.18652 98.8 163.661 76.851 98.8 22.5719 76.851 96.4288 22.5719 3.62499 96.4288 163.661 -3.18652 96.4288 163.661 76.851 96.4288 22.5719 76.851</float_array>
                    <technique_common>
                        <accessor count="8" source="#ID320" stride="3">
                            <param name="X" type="float"/>
                            <param name="Y" type="float"/>
                            <param name="Z" type="float"/>
                        </accessor>
                    </technique_common>
                </source>
                <source id="ID321">
                    <float_array id="ID322" count="21">-1 0 -0 1 0 -0 0 1 -0 0 5.40751e-008 1 0 -0.723955 -0.689847 0 -1 1.0419e-007 0 -0.0482219 -0.998837</float_array>
                    <technique_common>
                        <accessor count="7" source="#ID322" stride="3">
                            <param name="X" type="float"/>
                            <param name="Y" type="float"/>
                            <param name="Z" type="float"/>
                        </accessor>
                    </technique_common>
                </source>
                <source id="ID323">
                    <float_array id="ID324" count="2">0 1</float_array>
                    <technique_common>
                        <accessor count="1" source="#ID324" stride="2">
                            <param name="S" type="float"/>
                            <param name="T" type="float"/>
                        </accessor>
                    </technique_common>
                </source>
                <vertices id="ID325">
                    <input semantic="POSITION" source="#ID319"/>
                </vertices>
                <polylist count="6" material="Material1">
                    <input offset="0" semantic="VERTEX" source="#ID325"/>
                    <input offset="1" semantic="NORMAL" source="#ID321"/>
                    <input offset="2" semantic="TEXCOORD" source="#ID323" set="0"/>
                    <vcount>4 4 4 4 4 4</vcount>
                    <p>5 0 0 4 0 0 7 0 0 6 0 0 2 1 0 3 1 0 0 1 0 1 1 0 1 2 0 5 2 0 6 2 0 2 2 0 2 3 0 6 3 0 7 3 0 3 3 0 3 5 0 7 5 0 4 4 0 0 4 0 0 4 0 4 4 0 5 6 0 1 6 0</p>
                </polylist>
            </mesh>
        </geometry>
        <geometry id="ID327">
            <mesh>
                <source id="ID328">
                    <float_array id="ID329" count="60">-98.8 18.6719 -0.0912704 -98.8 167.561 -7.27934 -98.8 167.561 80.751 -98.8 18.6719 80.751 -98.8 -21.9114 80.751 -98.8 -21.9114 0.881218 -98.8 22.5719 3.62499 -98.8 163.661 -3.18652 -98.8 163.661 76.851 -98.8 22.5719 76.851 -96.4288 18.6719 -0.0912704 -96.4288 167.561 -7.27934 -96.4288 167.561 80.751 -96.4288 18.6719 80.751 -96.4288 -21.9114 80.751 -96.4288 -21.9114 0.881218 -96.4288 22.5719 3.62499 -96.4288 163.661 -3.18652 -96.4288 163.661 76.851 -96.4288 22.5719 76.851</float_array>
                    <technique_common>
                        <accessor count="20" source="#ID329" stride="3">
                            <param name="X" type="float"/>
                            <param name="Y" type="float"/>
                            <param name="Z" type="float"/>
                        </accessor>
                    </technique_common>
                </source>
                <source id="ID330">
                    <float_array id="ID331" count="42">1 0 -0 -1 0 -0 0 -6.83757e-008 1 0 -1.87994e-007 1 0 -0.715526 -0.698586 0 -0.0360916 -0.999348 0 -1 -0 0 1 -0 0 -0.0482219 -0.998837 0 0.0482219 0.998837 0 0.723955 0.689847 0 1 -1.0419e-007 0 5.12422e-008 1 0 -5.40751e-008 -1</float_array>
                    <technique_common>
                        <accessor count="14" source="#ID331" stride="3">
                            <param name="X" type="float"/>
                            <param name="Y" type="float"/>
                            <param name="Z" type="float"/>
                        </accessor>
                    </technique_common>
                </source>
                <source id="ID332">
                    <float_array id="ID333" count="2">0 1</float_array>
                    <technique_common>
                        <accessor count="1" source="#ID333" stride="2">
                            <param name="S" type="float"/>
                            <param name="T" type="float"/>
                        </accessor>
                    </technique_common>
                </source>
                <vertices id="ID334">
                    <input semantic="POSITION" source="#ID328"/>
                </vertices>
                <polylist count="20" material="Material1">
                    <input offset="0" semantic="VERTEX" source="#ID334"/>
                    <input offset="1" semantic="NORMAL" source="#ID330"/>
                    <input offset="2" semantic="TEXCOORD" source="#ID332" set="0"/>
                    <vcount>4 4 4 4 4 4 4 4 4 4 4 4 4 4 4 4 4 4 4 4</vcount>
                    <p>14 0 0 15 0 0 10 0 0 13 0 0 12 0 0 18 0 0 17 0 0 11 0 0 11 0 0 17 0 0 16 0 0 10 0 0 10 0 0 16 0 0 19 0 0 13 0 0 13 0 0 19 0 0 18 0 0 12 0 0 3 1 0 0 1 0 5 1 0 4 1 0 1 1 0 7 1 0 8 1 0 2 1 0 0 1 0 6 1 0 7 1 0 1 1 0 3 1 0 9 1 0 6 1 0 0 1 0 2 1 0 8 1 0 9 1 0 3 1 0 4 3 0 14 3 0 13 2 0 3 2 0 0 5 0 10 5 0 15 4 0 5 4 0 5 4 0 15 4 0 14 6 0 4 6 0 2 7 0 12 7 0 11 7 0 1 7 0 7 6 0 17 6 0 18 6 0 8 6 0 1 8 0 11 8 0 10 5 0 0 5 0 6 10 0 16 10 0 17 9 0 7 9 0 9 11 0 19 11 0 16 10 0 6 10 0 3 2 0 13 2 0 12 12 0 2 12 0 8 13 0 18 13 0 19 13 0 9 13 0</p>
                </polylist>
            </mesh>
        </geometry>
        <geometry id="ID336">
            <mesh>
                <source id="ID337">
                    <float_array id="ID338" count="24">-2.32309 -5.72526 2.32309 -2.32309 5.72526 2.32309 2.32309 -5.72526 2.32309 2.32309 5.72526 2.32309 2.32309 -5.72526 -2.32309 2.32309 5.72526 -2.32309 -2.32309 -5.72526 -2.32309 -2.32309 5.72526 -2.32309</float_array>
                    <technique_common>
                        <accessor count="8" source="#ID338" stride="3">
                            <param name="X" type="float"/>
                            <param name="Y" type="float"/>
                            <param name="Z" type="float"/>
                        </accessor>
                    </technique_common>
                </source>
                <source id="ID339">
                    <float_array id="ID340" count="18">0 0 1 1 0 -0 0 0 -1 -1 0 -0 0 1 -0 0 -1 -0</float_array>
                    <technique_common>
                        <accessor count="6" source="#ID340" stride="3">
                            <param name="X" type="float"/>
                            <param name="Y" type="float"/>
                            <param name="Z" type="float"/>
                        </accessor>
                    </technique_common>
                </source>
                <source id="ID341">
                    <float_array id="ID342" count="2">0 1</float_array>
                    <technique_common>
                        <accessor count="1" source="#ID342" stride="2">
                            <param name="S" type="float"/>
                            <param name="T" type="float"/>
                        </accessor>
                    </technique_common>
                </source>
                <vertices id="ID343">
                    <input semantic="POSITION" source="#ID337"/>
                </vertices>
                <polylist count="6" material="Material1">
                    <input offset="0" semantic="VERTEX" source="#ID343"/>
                    <input offset="1" semantic="NORMAL" source="#ID339"/>
                    <input offset="2" semantic="TEXCOORD" source="#ID341" set="0"/>
                    <vcount>4 4 4 4 4 4</vcount>
                    <p>2 0 0 3 0 0 1 0 0 0 0 0 4 1 0 5 1 0 3 1 0 2 1 0 6 2 0 7 2 0 5 2 0 4 2 0 0 3 0 1 3 0 7 3 0 6 3 0 3 4 0 5 4 0 7 4 0 1 4 0 4 5 0 2 5 0 0 5 0 6 5 0</p>
                </polylist>
            </mesh>
        </geometry>
        <geometry id="ID345">
            <mesh>
                <source id="ID346">
                    <float_array id="ID347" count="24">-98.8 22.5719 3.62499 -98.8 163.661 -3.18652 -98.8 163.661 76.851 -98.8 22.5719 76.851 -96.4288 22.5719 3.62499 -96.4288 163.661 -3.18652 -96.4288 163.661 76.851 -96.4288 22.5719 76.851</float_array>
                    <technique_common>
                        <accessor count="8" source="#ID347" stride="3">
                            <param name="X" type="float"/>
                            <param name="Y" type="float"/>
                            <param name="Z" type="float"/>
                        </accessor>
                    </technique_common>
                </source>
                <source id="ID348">
                    <float_array id="ID349" count="21">1 0 -0 -1 0 -0 0 -0.723955 -0.689847 0 -0.0482219 -0.998837 0 -1 1.0419e-007 0 5.40751e-008 1 0 1 -0</float_array>
                    <technique_common>
                        <accessor count="7" source="#ID349" stride="3">
                            <param name="X" type="float"/>
                            <param name="Y" type="float"/>
                            <param name="Z" type="float"/>
                        </accessor>
                    </technique_common>
                </source>
                <source id="ID350">
                    <float_array id="ID351" count="2">0 1</float_array>
                    <technique_common>
                        <accessor count="1" source="#ID351" stride="2">
                            <param name="S" type="float"/>
                            <param name="T" type="float"/>
                        </accessor>
                    </technique_common>
                </source>
                <vertices id="ID352">
                    <input semantic="POSITION" source="#ID346"/>
                </vertices>
                <polylist count="6" material="Material1">
                    <input offset="0" semantic="VERTEX" source="#ID352"/>
                    <input offset="1" semantic="NORMAL" source="#ID348"/>
                    <input offset="2" semantic="TEXCOORD" source="#ID350" set="0"/>
                    <vcount>4 4 4 4 4 4</vcount>
                    <p>5 0 0 6 0 0 7 0 0 4 0 0 0 1 0 3 1 0 2 1 0 1 1 0 1 3 0 5 3 0 4 2 0 0 2 0 0 2 0 4 2 0 7 4 0 3 4 0 3 5 0 7 5 0 6 5 0 2 5 0 2 6 0 6 6 0 5 6 0 1 6 0</p>
                </polylist>
            </mesh>
        </geometry>
        <geometry id="ID354">
            <mesh>
                <source id="ID355">
                    <float_array id="ID356" count="60">-56.6125 -4.08816 0.0187902 -56.6125 144.147 -0.601776 -56.6125 -38.3435 -5.38992 0.280239 -4.08816 0.018791 0.280239 144.147 -0.601791 0.280239 -38.3435 -5.38992 -49.6125 2.91178 -0.0105034 -49.6125 137.147 -0.572468 -6.71976 2.91178 -0.0105028 -6.71976 137.147 -0.572483 -56.6125 -3.92017 -3.38194 -56.6125 144.133 -4.00175 -56.6125 -37.8133 -8.74831 0.280238 -3.92017 -3.38194 0.280237 144.133 -4.00176 0.280239 -37.8133 -8.74831 -49.6125 2.89755 -3.41047 -49.6125 137.133 -3.97244 -6.71976 2.89755 -3.41047 -6.71976 137.133 -3.97245</float_array>
                    <technique_common>
                        <accessor count="20" source="#ID356" stride="3">
                            <param name="X" type="float"/>
                            <param name="Y" type="float"/>
                            <param name="Z" type="float"/>
                        </accessor>
                    </technique_common>
                </source>
                <source id="ID357">
                    <float_array id="ID358" count="72">-3.16992e-007 0.0494804 -0.998775 3.536e-007 0.0494805 -0.998775 4.01841e-009 0.156384 -0.987696 5.2686e-007 -0.00418556 -0.999991 3.60984e-007 -0.00418661 -0.999991 -4.76125e-007 -0.00418562 -0.999991 -6.42001e-007 -0.00418667 -0.999991 -3.86685e-009 -0.155962 0.987763 -3.34554e-007 -0.0493384 0.998782 3.39181e-007 -0.0493384 0.998782 -3.35706e-007 0.00418656 0.999991 -4.98457e-007 0.00418558 0.999991 5.09245e-007 0.00418564 0.999991 6.71996e-007 0.00418662 0.999991 1 2.21521e-008 -3.27634e-007 1 4.27359e-008 -1.64395e-007 -1 0 -0 0 -0.987763 -0.155962 1 0 -0 -8.60759e-008 0.999991 -0.00418561 1 1.56829e-009 -4.90873e-007 -1 8.66037e-010 6.3111e-007 -1.12001e-009 0.999991 -0.00418719 1.49834e-009 -0.999991 0.00418719</float_array>
                    <technique_common>
                        <accessor count="24" source="#ID358" stride="3">
                            <param name="X" type="float"/>
                            <param name="Y" type="float"/>
                            <param name="Z" type="float"/>
                        </accessor>
                    </technique_common>
                </source>
                <source id="ID359">
                    <float_array id="ID360" count="2">0 1</float_array>
                    <technique_common>
                        <accessor count="1" source="#ID360" stride="2">
                            <param name="S" type="float"/>
                            <param name="T" type="float"/>
                        </accessor>
                    </technique_common>
                </source>
                <vertices id="ID361">
                    <input semantic="POSITION" source="#ID355"/>
                </vertices>
                <polylist count="20" material="Material1">
                    <input offset="0" semantic="VERTEX" source="#ID361"/>
                    <input offset="1" semantic="NORMAL" source="#ID357"/>
                    <input offset="2" semantic="TEXCOORD" source="#ID359" set="0"/>
                    <vcount>4 4 4 4 4 4 4 4 4 4 4 4 4 4 4 4 4 4 4 4</vcount>
                    <p>15 2 0 12 2 0 10 1 0 13 0 0 11 4 0 17 4 0 16 3 0 10 1 0 10 1 0 16 3 0 18 5 0 13 0 0 13 0 0 18 5 0 19 6 0 14 6 0 14 6 0 19 6 0 17 4 0 11 4 0 3 9 0 0 8 0 2 7 0 5 7 0 0 8 0 6 11 0 7 10 0 1 10 0 3 9 0 8 12 0 6 11 0 0 8 0 4 13 0 9 13 0 8 12 0 3 9 0 1 10 0 7 10 0 9 13 0 4 13 0 5 15 0 15 15 0 13 14 0 3 14 0 0 16 0 10 16 0 12 16 0 2 16 0 2 17 0 12 17 0 15 17 0 5 17 0 1 16 0 11 16 0 10 16 0 0 16 0 6 18 0 16 18 0 17 18 0 7 18 0 8 19 0 18 19 0 16 19 0 6 19 0 3 14 0 13 14 0 14 20 0 4 20 0 9 21 0 19 21 0 18 21 0 8 21 0 4 22 0 14 22 0 11 22 0 1 22 0 7 23 0 17 23 0 19 23 0 9 23 0</p>
                </polylist>
            </mesh>
        </geometry>
        <geometry id="ID363">
            <mesh>
                <source id="ID364">
                    <float_array id="ID365" count="24">-2.32309 -5.72526 2.32309 -2.32309 5.72526 2.32309 2.32309 -5.72526 2.32309 2.32309 5.72526 2.32309 2.32309 -5.72526 -2.32309 2.32309 5.72526 -2.32309 -2.32309 -5.72526 -2.32309 -2.32309 5.72526 -2.32309</float_array>
                    <technique_common>
                        <accessor count="8" source="#ID365" stride="3">
                            <param name="X" type="float"/>
                            <param name="Y" type="float"/>
                            <param name="Z" type="float"/>
                        </accessor>
                    </technique_common>
                </source>
                <source id="ID366">
                    <float_array id="ID367" count="18">0 0 1 1 0 -0 0 0 -1 -1 0 -0 0 1 -0 0 -1 -0</float_array>
                    <technique_common>
                        <accessor count="6" source="#ID367" stride="3">
                            <param name="X" type="float"/>
                            <param name="Y" type="float"/>
                            <param name="Z" type="float"/>
                        </accessor>
                    </technique_common>
                </source>
                <source id="ID368">
                    <float_array id="ID369" count="2">0 1</float_array>
                    <technique_common>
                        <accessor count="1" source="#ID369" stride="2">
                            <param name="S" type="float"/>
                            <param name="T" type="float"/>
                        </accessor>
                    </technique_common>
                </source>
                <vertices id="ID370">
                    <input semantic="POSITION" source="#ID364"/>
                </vertices>
                <polylist count="6" material="Material1">
                    <input offset="0" semantic="VERTEX" source="#ID370"/>
                    <input offset="1" semantic="NORMAL" source="#ID366"/>
                    <input offset="2" semantic="TEXCOORD" source="#ID368" set="0"/>
                    <vcount>4 4 4 4 4 4</vcount>
                    <p>2 0 0 3 0 0 1 0 0 0 0 0 4 1 0 5 1 0 3 1 0 2 1 0 6 2 0 7 2 0 5 2 0 4 2 0 0 3 0 1 3 0 7 3 0 6 3 0 3 4 0 5 4 0 7 4 0 1 4 0 4 5 0 2 5 0 0 5 0 6 5 0</p>
                </polylist>
            </mesh>
        </geometry>
        <geometry id="ID372">
            <mesh>
                <source id="ID373">
                    <float_array id="ID374" count="24">7 61.7166 273.312 7 193.549 248.022 49.8927 61.7166 273.312 49.8927 193.549 248.022 7 61.076 269.973 7 192.909 244.683 49.8927 61.076 269.973 49.8927 192.909 244.683</float_array>
                    <technique_common>
                        <accessor count="8" source="#ID374" stride="3">
                            <param name="X" type="float"/>
                            <param name="Y" type="float"/>
                            <param name="Z" type="float"/>
                        </accessor>
                    </technique_common>
                </source>
                <source id="ID375">
                    <float_array id="ID376" count="18">-1.82431e-007 -0.1884 -0.982092 1.6123e-007 0.1884 0.982092 8.69951e-008 -0.982092 0.1884 1 0 -0 -6.70256e-008 0.982092 -0.188401 -1 2.64224e-008 1.37735e-007</float_array>
                    <technique_common>
                        <accessor count="6" source="#ID376" stride="3">
                            <param name="X" type="float"/>
                            <param name="Y" type="float"/>
                            <param name="Z" type="float"/>
                        </accessor>
                    </technique_common>
                </source>
                <source id="ID377">
                    <float_array id="ID378" count="2">0 1</float_array>
                    <technique_common>
                        <accessor count="1" source="#ID378" stride="2">
                            <param name="S" type="float"/>
                            <param name="T" type="float"/>
                        </accessor>
                    </technique_common>
                </source>
                <vertices id="ID379">
                    <input semantic="POSITION" source="#ID373"/>
                </vertices>
                <polylist count="6" material="Material1">
                    <input offset="0" semantic="VERTEX" source="#ID379"/>
                    <input offset="1" semantic="NORMAL" source="#ID375"/>
                    <input offset="2" semantic="TEXCOORD" source="#ID377" set="0"/>
                    <vcount>4 4 4 4 4 4</vcount>
                    <p>4 0 0 5 0 0 7 0 0 6 0 0 2 1 0 3 1 0 1 1 0 0 1 0 0 2 0 4 2 0 6 2 0 2 2 0 2 3 0 6 3 0 7 3 0 3 3 0 3 4 0 7 4 0 5 4 0 1 4 0 1 5 0 5 5 0 4 5 0 0 5 0</p>
                </polylist>
            </mesh>
        </geometry>
        <geometry id="ID381">
            <mesh>
                <source id="ID382">
                    <float_array id="ID383" count="60">56.613 -4.08816 0.0187902 56.613 144.147 -0.601776 -0.279743 -4.08816 0.018791 -0.279743 144.147 -0.601791 56.613 -38.3435 -5.38992 -0.279743 -38.3435 -5.38992 49.613 2.91178 -0.0105034 49.613 137.147 -0.572468 6.72026 2.91178 -0.0105028 6.72026 137.147 -0.572483 56.613 -3.92017 -3.38194 56.613 144.133 -4.00175 -0.279742 -3.92017 -3.38194 -0.279741 144.133 -4.00176 56.613 -37.8133 -8.74831 -0.279743 -37.8133 -8.74831 49.613 2.89755 -3.41047 49.613 137.133 -3.97244 6.72026 2.89755 -3.41047 6.72026 137.133 -3.97245</float_array>
                    <technique_common>
                        <accessor count="20" source="#ID383" stride="3">
                            <param name="X" type="float"/>
                            <param name="Y" type="float"/>
                            <param name="Z" type="float"/>
                        </accessor>
                    </technique_common>
                </source>
                <source id="ID384">
                    <float_array id="ID385" count="72">0 0.156384 -0.987696 -3.37515e-007 0.0494805 -0.998775 3.47485e-007 0.0494804 -0.998775 -5.04811e-007 -0.00418555 -0.999991 5.19724e-007 -0.00418561 -0.999991 -3.44162e-007 -0.00418658 -0.999991 6.80373e-007 -0.00418663 -0.999991 3.86685e-009 -0.155962 0.987763 -3.17813e-007 -0.0493384 0.998782 3.52291e-007 -0.0493384 0.998782 -4.77285e-007 0.00418564 0.999991 5.24987e-007 0.00418558 0.999991 3.62223e-007 0.00418661 0.999991 -6.40048e-007 0.00418666 0.999991 0 -0.987763 -0.155962 1 0 -0 -1 4.23861e-008 -1.62644e-007 -1 2.19776e-008 -3.26661e-007 8.61142e-008 0.999991 -0.00418561 -1 0 -0 1.12964e-009 0.999991 -0.00418719 -1.4728e-009 -0.999991 0.00418719 -1 1.5691e-009 -4.90678e-007 1 8.66037e-010 6.3111e-007</float_array>
                    <technique_common>
                        <accessor count="24" source="#ID385" stride="3">
                            <param name="X" type="float"/>
                            <param name="Y" type="float"/>
                            <param name="Z" type="float"/>
                        </accessor>
                    </technique_common>
                </source>
                <source id="ID386">
                    <float_array id="ID387" count="2">0 1</float_array>
                    <technique_common>
                        <accessor count="1" source="#ID387" stride="2">
                            <param name="S" type="float"/>
                            <param name="T" type="float"/>
                        </accessor>
                    </technique_common>
                </source>
                <vertices id="ID388">
                    <input semantic="POSITION" source="#ID382"/>
                </vertices>
                <polylist count="20" material="Material1">
                    <input offset="0" semantic="VERTEX" source="#ID388"/>
                    <input offset="1" semantic="NORMAL" source="#ID384"/>
                    <input offset="2" semantic="TEXCOORD" source="#ID386" set="0"/>
                    <vcount>4 4 4 4 4 4 4 4 4 4 4 4 4 4 4 4 4 4 4 4</vcount>
                    <p>15 0 0 12 2 0 10 1 0 14 0 0 12 2 0 18 4 0 16 3 0 10 1 0 10 1 0 16 3 0 17 5 0 11 5 0 11 5 0 17 5 0 19 6 0 13 6 0 13 6 0 19 6 0 18 4 0 12 2 0 4 7 0 0 9 0 2 8 0 5 7 0 0 9 0 6 11 0 8 10 0 2 8 0 1 12 0 7 12 0 6 11 0 0 9 0 3 13 0 9 13 0 7 12 0 1 12 0 2 8 0 8 10 0 9 13 0 3 13 0 5 14 0 15 14 0 14 14 0 4 14 0 4 15 0 14 15 0 10 15 0 0 15 0 2 17 0 12 17 0 15 16 0 5 16 0 6 18 0 16 18 0 18 18 0 8 18 0 0 15 0 10 15 0 11 15 0 1 15 0 7 19 0 17 19 0 16 19 0 6 19 0 1 20 0 11 20 0 13 20 0 3 20 0 9 21 0 19 21 0 17 21 0 7 21 0 3 22 0 13 22 0 12 17 0 2 17 0 8 23 0 18 23 0 19 23 0 9 23 0</p>
                </polylist>
            </mesh>
        </geometry>
        <geometry id="ID390">
            <mesh>
                <source id="ID391">
                    <float_array id="ID392" count="24">-2.32309 -5.72526 2.32309 -2.32309 5.72526 2.32309 2.32309 -5.72526 2.32309 2.32309 5.72526 2.32309 2.32309 -5.72526 -2.32309 2.32309 5.72526 -2.32309 -2.32309 -5.72526 -2.32309 -2.32309 5.72526 -2.32309</float_array>
                    <technique_common>
                        <accessor count="8" source="#ID392" stride="3">
                            <param name="X" type="float"/>
                            <param name="Y" type="float"/>
                            <param name="Z" type="float"/>
                        </accessor>
                    </technique_common>
                </source>
                <source id="ID393">
                    <float_array id="ID394" count="18">0 0 1 1 0 -0 0 0 -1 -1 0 -0 0 1 -0 0 -1 -0</float_array>
                    <technique_common>
                        <accessor count="6" source="#ID394" stride="3">
                            <param name="X" type="float"/>
                            <param name="Y" type="float"/>
                            <param name="Z" type="float"/>
                        </accessor>
                    </technique_common>
                </source>
                <source id="ID395">
                    <float_array id="ID396" count="2">0 1</float_array>
                    <technique_common>
                        <accessor count="1" source="#ID396" stride="2">
                            <param name="S" type="float"/>
                            <param name="T" type="float"/>
                        </accessor>
                    </technique_common>
                </source>
                <vertices id="ID397">
                    <input semantic="POSITION" source="#ID391"/>
                </vertices>
                <polylist count="6" material="Material1">
                    <input offset="0" semantic="VERTEX" source="#ID397"/>
                    <input offset="1" semantic="NORMAL" source="#ID393"/>
                    <input offset="2" semantic="TEXCOORD" source="#ID395" set="0"/>
                    <vcount>4 4 4 4 4 4</vcount>
                    <p>2 0 0 3 0 0 1 0 0 0 0 0 4 1 0 5 1 0 3 1 0 2 1 0 6 2 0 7 2 0 5 2 0 4 2 0 0 3 0 1 3 0 7 3 0 6 3 0 3 4 0 5 4 0 7 4 0 1 4 0 4 5 0 2 5 0 0 5 0 6 5 0</p>
                </polylist>
            </mesh>
        </geometry>
        <geometry id="ID399">
            <mesh>
                <source id="ID400">
                    <float_array id="ID401" count="24">-7 61.7166 273.312 -7 193.549 248.022 -49.8927 61.7166 273.312 -49.8927 193.549 248.022 -7 61.076 269.973 -7 192.909 244.683 -49.8927 61.076 269.973 -49.8927 192.909 244.683</float_array>
                    <technique_common>
                        <accessor count="8" source="#ID401" stride="3">
                            <param name="X" type="float"/>
                            <param name="Y" type="float"/>
                            <param name="Z" type="float"/>
                        </accessor>
                    </technique_common>
                </source>
                <source id="ID402">
                    <float_array id="ID403" count="18">1.74686e-007 -0.1884 -0.982092 -1.6123e-007 0.1884 0.982092 1 2.64224e-008 1.37735e-007 6.70256e-008 0.982092 -0.188401 -1 0 -0 -8.78125e-008 -0.982092 0.1884</float_array>
                    <technique_common>
                        <accessor count="6" source="#ID403" stride="3">
                            <param name="X" type="float"/>
                            <param name="Y" type="float"/>
                            <param name="Z" type="float"/>
                        </accessor>
                    </technique_common>
                </source>
                <source id="ID404">
                    <float_array id="ID405" count="2">0 1</float_array>
                    <technique_common>
                        <accessor count="1" source="#ID405" stride="2">
                            <param name="S" type="float"/>
                            <param name="T" type="float"/>
                        </accessor>
                    </technique_common>
                </source>
                <vertices id="ID406">
                    <input semantic="POSITION" source="#ID400"/>
                </vertices>
                <polylist count="6" material="Material1">
                    <input offset="0" semantic="VERTEX" source="#ID406"/>
                    <input offset="1" semantic="NORMAL" source="#ID402"/>
                    <input offset="2" semantic="TEXCOORD" source="#ID404" set="0"/>
                    <vcount>4 4 4 4 4 4</vcount>
                    <p>4 0 0 6 0 0 7 0 0 5 0 0 1 1 0 3 1 0 2 1 0 0 1 0 0 2 0 4 2 0 5 2 0 1 2 0 1 3 0 5 3 0 7 3 0 3 3 0 3 4 0 7 4 0 6 4 0 2 4 0 2 5 0 6 5 0 4 5 0 0 5 0</p>
                </polylist>
            </mesh>
        </geometry>
        <geometry id="ID408">
            <mesh>
                <source id="ID409">
                    <float_array id="ID410" count="210">-54.6716 21.6615 2.3351 0 30.5448 2.3351 -51.1716 31.3366 2.3351 0 30.5448 6.79121 -93.3414 23.2697 -0.0649033 -93.3414 23.2697 6.79121 0 30.5448 35.0151 -55.8 23.2697 64.3567 -54.116 20.8697 6.79121 -52.3 32.9448 64.3567 -93.3414 23.2697 35.0151 0 32.9448 64.3567 -93.3414 23.2697 64.3567 -55.8 0.107087 -0.0649033 0 0.107082 -0.0649033 -52.3 0.107082 -0.0649033 -93.3414 0.107087 -0.0649033 -50.616 30.5448 35.0151 -50.616 30.5448 6.79121 -54.116 20.8697 35.0151 54.6716 21.6615 2.3351 51.1716 31.3366 2.3351 93.3414 23.2697 -0.0649033 93.3414 23.2697 6.79121 55.8 23.2697 64.3567 54.116 20.8697 6.79121 52.3 32.9448 64.3567 93.3414 23.2697 35.0151 93.3414 23.2697 64.3567 55.8 0.107087 -0.0649033 52.3 0.107082 -0.0649033 93.3414 0.107087 -0.0649033 50.616 30.5448 35.0151 50.616 30.5448 6.79121 54.116 20.8697 35.0151 -55.8 23.2697 -0.0649033 0 32.9448 -0.0649033 -52.3 32.9448 -0.0649033 0 32.9448 6.79121 -93.3414 20.8697 2.3351 -93.3414 20.8697 6.79121 0 32.9448 35.0151 -54.116 20.8697 64.3567 -55.8 23.2697 6.79121 -50.616 30.5448 64.3567 -93.3414 20.8697 35.0151 0 30.5448 64.3567 -93.3414 20.8697 64.3567 -55.8 0.107087 2.3351 0 0.107082 2.3351 -52.3 0.107082 2.3351 -93.3414 0.107087 2.3351 -52.3 32.9448 35.0151 -52.3 32.9448 6.79121 -55.8 23.2697 35.0151 55.8 23.2697 -0.0649033 52.3 32.9448 -0.0649033 93.3414 20.8697 2.3351 93.3414 20.8697 6.79121 54.116 20.8697 64.3567 55.8 23.2697 6.79121 50.616 30.5448 64.3567 93.3414 20.8697 35.0151 93.3414 20.8697 64.3567 55.8 0.107087 2.3351 52.3 0.107082 2.3351 93.3414 0.107087 2.3351 52.3 32.9448 35.0151 52.3 32.9448 6.79121 55.8 23.2697 35.0151</float_array>
                    <technique_common>
                        <accessor count="70" source="#ID410" stride="3">
                            <param name="X" type="float"/>
                            <param name="Y" type="float"/>
                            <param name="Z" type="float"/>
                        </accessor>
                    </technique_common>
                </source>
                <source id="ID411">
                    <float_array id="ID412" count="102">0.572978 -0.815634 -0.0802332 0.569257 -0.81821 -0.0804854 0.560439 -0.812515 -0.160399 0.56793 -0.807492 -0.159412 0.00514298 -0.99902 -0.0439514 0.0102759 -0.996084 -0.0878166 0.574379 -0.818589 -0 0 -1 -0 0 -0.999034 -0.0439505 0 -0.996137 -0.0878173 -3.46376e-008 1.61571e-009 1 -2.22045e-016 -8.41296e-011 1 -3.69414e-008 1.65778e-009 1 0 0 1 -0.560439 -0.812515 -0.160399 -0.569257 -0.81821 -0.0804854 -0.572978 -0.815634 -0.0802332 -0.56793 -0.807492 -0.159412 -0.00514298 -0.99902 -0.0439514 -0.0102759 -0.996084 -0.0878166 -0.574379 -0.818589 -0 -0.574379 -0.818589 -0 3.46376e-008 1.61571e-009 1 3.69414e-008 1.65778e-009 1 -0.574379 0.818589 -0 -0.574379 0.818589 -0 0 1 -0 0 0 -1 0.574379 0.818589 -0 0.574379 0.818589 -0 -1 0 -0 -6.81196e-007 -1 -0 1 0 -0 6.81196e-007 -1 -0</float_array>
                    <technique_common>
                        <accessor count="34" source="#ID412" stride="3">
                            <param name="X" type="float"/>
                            <param name="Y" type="float"/>
                            <param name="Z" type="float"/>
                        </accessor>
                    </technique_common>
                </source>
                <source id="ID413">
                    <float_array id="ID414" count="2">0 1</float_array>
                    <technique_common>
                        <accessor count="1" source="#ID414" stride="2">
                            <param name="S" type="float"/>
                            <param name="T" type="float"/>
                        </accessor>
                    </technique_common>
                </source>
                <vertices id="ID415">
                    <input semantic="POSITION" source="#ID409"/>
                </vertices>
                <polylist count="68" material="Material1">
                    <input offset="0" semantic="VERTEX" source="#ID415"/>
                    <input offset="1" semantic="NORMAL" source="#ID411"/>
                    <input offset="2" semantic="TEXCOORD" source="#ID413" set="0"/>
                    <vcount>4 4 4 4 4 4 4 4 4 4 4 4 4 4 4 4 4 4 4 4 4 4 4 4 4 4 4 4 4 4 4 4 4 4 4 4 4 4 4 4 4 4 4 4 4 4 4 4 4 4 4 4 4 4 4 4 4 4 4 4 4 4 4 4 4 4 4 4</vcount>
                    <p>0 3 0 2 2 0 18 1 0 8 0 0 39 5 0 0 3 0 8 0 0 40 4 0 19 6 0 8 0 0 18 1 0 17 6 0 8 0 0 19 6 0 45 7 0 40 4 0 18 1 0 2 2 0 1 9 0 3 8 0 42 6 0 19 6 0 17 6 0 44 6 0 44 6 0 17 6 0 6 7 0 46 7 0 17 6 0 18 1 0 3 8 0 6 7 0 19 6 0 42 6 0 47 7 0 45 7 0 49 11 0 1 11 0 2 10 0 50 10 0 50 10 0 2 10 0 0 12 0 48 12 0 48 12 0 0 12 0 39 13 0 51 13 0 20 17 0 25 16 0 33 15 0 21 14 0 57 19 0 58 18 0 25 16 0 20 17 0 34 20 0 32 20 0 33 15 0 25 16 0 25 16 0 58 18 0 62 7 0 34 20 0 33 15 0 3 8 0 1 9 0 21 14 0 59 21 0 61 21 0 32 20 0 34 20 0 61 21 0 46 7 0 6 7 0 32 20 0 32 20 0 6 7 0 3 8 0 33 15 0 34 20 0 62 7 0 63 7 0 59 21 0 49 11 0 65 22 0 21 22 0 1 11 0 65 22 0 64 23 0 20 23 0 21 22 0 64 23 0 66 13 0 57 13 0 20 23 0 43 25 0 53 24 0 37 24 0 35 24 0 5 26 0 43 25 0 35 24 0 4 26 0 52 25 0 53 24 0 43 25 0 54 25 0 5 26 0 10 26 0 54 25 0 43 25 0 38 26 0 36 26 0 37 24 0 53 24 0 9 24 0 52 25 0 54 25 0 7 24 0 11 26 0 41 26 0 52 25 0 9 24 0 41 26 0 38 26 0 53 24 0 52 25 0 10 26 0 12 26 0 7 24 0 54 25 0 15 27 0 37 27 0 36 27 0 14 27 0 13 27 0 35 27 0 37 27 0 15 27 0 16 27 0 4 27 0 35 27 0 13 27 0 56 28 0 68 29 0 60 28 0 55 28 0 55 28 0 60 28 0 23 26 0 22 26 0 60 28 0 68 29 0 67 28 0 69 28 0 69 28 0 27 26 0 23 26 0 60 28 0 56 28 0 36 26 0 38 26 0 68 29 0 69 28 0 67 28 0 26 28 0 24 28 0 67 28 0 41 26 0 11 26 0 26 28 0 68 29 0 38 26 0 41 26 0 67 28 0 24 28 0 28 26 0 27 26 0 69 28 0 36 27 0 56 27 0 30 27 0 14 27 0 56 27 0 55 27 0 29 27 0 30 27 0 55 27 0 22 27 0 31 27 0 29 27 0 4 30 0 39 30 0 40 30 0 5 30 0 5 30 0 40 30 0 45 30 0 10 30 0 7 13 0 42 13 0 44 13 0 9 13 0 9 13 0 44 13 0 46 13 0 11 13 0 10 30 0 45 30 0 47 30 0 12 30 0 12 13 0 47 13 0 42 13 0 7 13 0 14 7 0 49 7 0 50 31 0 15 31 0 15 31 0 50 31 0 48 31 0 13 31 0 13 31 0 48 31 0 51 7 0 16 7 0 16 30 0 51 30 0 39 30 0 4 30 0 23 32 0 58 32 0 57 32 0 22 32 0 27 32 0 62 32 0 58 32 0 23 32 0 26 13 0 61 13 0 59 13 0 24 13 0 11 13 0 46 13 0 61 13 0 26 13 0 24 13 0 59 13 0 63 13 0 28 13 0 28 32 0 63 32 0 62 32 0 27 32 0 30 33 0 65 33 0 49 7 0 14 7 0 29 33 0 64 33 0 65 33 0 30 33 0 22 32 0 57 32 0 66 32 0 31 32 0 31 7 0 66 7 0 64 33 0 29 33 0</p>
                </polylist>
            </mesh>
        </geometry>
        <geometry id="ID417">
            <mesh>
                <source id="ID418">
                    <float_array id="ID419" count="288">46.65 -14.5385 3.62325 46.65 -12.726 3.62325 46.65 12.726 3.62325 46.65 14.5385 3.62325 38.1682 -14.5385 3.62325 38.1682 -12.726 3.62325 38.1682 12.726 3.62325 38.1682 14.5385 3.62325 29.6864 -14.5385 3.62325 29.6864 -12.726 3.62325 29.6864 12.726 3.62325 29.6864 14.5385 3.62325 21.2045 -14.5385 3.62325 21.2045 -12.726 3.62325 21.2045 12.726 3.62325 21.2045 14.5385 3.62325 12.7227 -14.5385 3.62325 12.7227 -12.726 3.62325 12.7227 12.726 3.62325 12.7227 14.5385 3.62325 4.24091 -14.5385 3.62325 4.24091 -12.726 3.62325 4.24091 12.726 3.62325 4.24091 14.5385 3.62325 -4.24091 -14.5385 3.62325 -4.24091 -12.726 3.62325 -4.24091 12.726 3.62325 -4.24091 14.5385 3.62325 -12.7227 -14.5385 3.62325 -12.7227 -12.726 3.62325 -12.7227 12.726 3.62325 -12.7227 14.5385 3.62325 -21.2045 -14.5385 3.62325 -21.2045 -12.726 3.62325 -21.2045 12.726 3.62325 -21.2045 14.5385 3.62325 -29.6864 -14.5385 3.62325 -29.6864 -12.726 3.62325 -29.6864 12.726 3.62325 -29.6864 14.5385 3.62325 -38.1682 -14.5385 3.62325 -38.1682 -12.726 3.62325 -38.1682 12.726 3.62325 -38.1682 14.5385 3.62325 -46.65 -14.5385 3.62325 -46.65 -12.726 3.62325 -46.65 12.726 3.62325 -46.65 14.5385 3.62325 46.65 -14.5385 -3.09435 46.65 -12.726 -3.09435 46.65 12.726 -3.09435 46.65 14.5385 -3.09435 38.1682 -14.5385 -3.09435 38.1682 -12.726 -3.09435 38.1682 12.726 -3.09435 38.1682 14.5385 -3.09435 29.6864 -14.5385 -3.09435 29.6864 -12.726 -3.09435 29.6864 12.726 -3.09435 29.6864 14.5385 -3.09435 21.2045 -14.5385 -3.09435 21.2045 -12.726 -3.09435 21.2045 12.726 -3.09435 21.2045 14.5385 -3.09435 12.7227 -14.5385 -3.09435 12.7227 -12.726 -3.09435 12.7227 12.726 -3.09435 12.7227 14.5385 -3.09435 4.24091 -14.5385 -3.09435 4.24091 -12.726 -3.09435 4.24091 12.726 -3.09435 4.24091 14.5385 -3.09435 -4.24091 -14.5385 -3.09435 -4.24091 -12.726 -3.09435 -4.24091 12.726 -3.09435 -4.24091 14.5385 -3.09435 -12.7227 -14.5385 -3.09435 -12.7227 -12.726 -3.09435 -12.7227 12.726 -3.09435 -12.7227 14.5385 -3.09435 -21.2045 -14.5385 -3.09435 -21.2045 -12.726 -3.09435 -21.2045 12.726 -3.09435 -21.2045 14.5385 -3.09435 -29.6864 -14.5385 -3.09435 -29.6864 -12.726 -3.09435 -29.6864 12.726 -3.09435 -29.6864 14.5385 -3.09435 -38.1682 -14.5385 -3.09435 -38.1682 -12.726 -3.09435 -38.1682 12.726 -3.09435 -38.1682 14.5385 -3.09435 -46.65 -14.5385 -3.09435 -46.65 -12.726 -3.09435 -46.65 12.726 -3.09435 -46.65 14.5385 -3.09435</float_array>
                    <technique_common>
                        <accessor count="96" source="#ID419" stride="3">
                            <param name="X" type="float"/>
                            <param name="Y" type="float"/>
                            <param name="Z" type="float"/>
                        </accessor>
                    </technique_common>
                </source>
                <source id="ID420">
                    <float_array id="ID421" count="15">0 1 -0 -1 0 -0 1 0 -0 0 -1 -0 0 0 1</float_array>
                    <technique_common>
                        <accessor count="5" source="#ID421" stride="3">
                            <param name="X" type="float"/>
                            <param name="Y" type="float"/>
                            <param name="Z" type="float"/>
                        </accessor>
                    </technique_common>
                </source>
                <source id="ID422">
                    <float_array id="ID423" count="2">0 1</float_array>
                    <technique_common>
                        <accessor count="1" source="#ID423" stride="2">
                            <param name="S" type="float"/>
                            <param name="T" type="float"/>
                        </accessor>
                    </technique_common>
                </source>
                <vertices id="ID424">
                    <input semantic="POSITION" source="#ID418"/>
                </vertices>
                <polylist count="76" material="Material1">
                    <input offset="0" semantic="VERTEX" source="#ID424"/>
                    <input offset="1" semantic="NORMAL" source="#ID420"/>
                    <input offset="2" semantic="TEXCOORD" source="#ID422" set="0"/>
                    <vcount>4 4 4 4 4 4 4 4 4 4 4 4 4 4 4 4 4 4 4 4 4 4 4 4 4 4 4 4 4 4 4 4 4 4 4 4 4 4 4 4 4 4 4 4 4 4 4 4 4 4 4 4 4 4 4 4 4 4 4 4 4 4 4 4 4 4 4 4 4 4 4 4 4 4 4 4</vcount>
                    <p>27 0 0 75 0 0 79 0 0 31 0 0 14 1 0 62 1 0 61 1 0 13 1 0 9 2 0 57 2 0 58 2 0 10 2 0 34 3 0 82 3 0 78 3 0 30 3 0 31 0 0 79 0 0 83 0 0 35 0 0 22 1 0 70 1 0 69 1 0 21 1 0 17 2 0 65 2 0 66 2 0 18 2 0 35 0 0 83 0 0 87 0 0 39 0 0 30 1 0 78 1 0 77 1 0 29 1 0 25 2 0 73 2 0 74 2 0 26 2 0 42 3 0 90 3 0 86 3 0 38 3 0 39 0 0 87 0 0 91 0 0 43 0 0 38 1 0 86 1 0 85 1 0 37 1 0 33 2 0 81 2 0 82 2 0 34 2 0 47 1 0 95 1 0 94 1 0 46 1 0 43 0 0 91 0 0 95 0 0 47 0 0 46 1 0 94 1 0 93 1 0 45 1 0 41 2 0 89 2 0 90 2 0 42 2 0 3 0 0 51 0 0 55 0 0 7 0 0 2 2 0 50 2 0 51 2 0 3 2 0 10 3 0 58 3 0 54 3 0 6 3 0 7 0 0 55 0 0 59 0 0 11 0 0 11 0 0 59 0 0 63 0 0 15 0 0 18 3 0 66 3 0 62 3 0 14 3 0 15 0 0 63 0 0 67 0 0 19 0 0 19 0 0 67 0 0 71 0 0 23 0 0 26 3 0 74 3 0 70 3 0 22 3 0 23 0 0 71 0 0 75 0 0 27 0 0 0 4 0 1 4 0 5 4 0 4 4 0 4 4 0 5 4 0 9 4 0 8 4 0 8 4 0 9 4 0 13 4 0 12 4 0 12 4 0 13 4 0 17 4 0 16 4 0 16 4 0 17 4 0 21 4 0 20 4 0 20 4 0 21 4 0 25 4 0 24 4 0 24 4 0 25 4 0 29 4 0 28 4 0 28 4 0 29 4 0 33 4 0 32 4 0 32 4 0 33 4 0 37 4 0 36 4 0 36 4 0 37 4 0 41 4 0 40 4 0 40 4 0 41 4 0 45 4 0 44 4 0 1 4 0 2 4 0 6 4 0 5 4 0 26 4 0 27 4 0 31 4 0 30 4 0 9 4 0 10 4 0 14 4 0 13 4 0 30 4 0 31 4 0 35 4 0 34 4 0 17 4 0 18 4 0 22 4 0 21 4 0 34 4 0 35 4 0 39 4 0 38 4 0 25 4 0 26 4 0 30 4 0 29 4 0 38 4 0 39 4 0 43 4 0 42 4 0 33 4 0 34 4 0 38 4 0 37 4 0 42 4 0 43 4 0 47 4 0 46 4 0 41 4 0 42 4 0 46 4 0 45 4 0 2 4 0 3 4 0 7 4 0 6 4 0 6 4 0 7 4 0 11 4 0 10 4 0 10 4 0 11 4 0 15 4 0 14 4 0 14 4 0 15 4 0 19 4 0 18 4 0 18 4 0 19 4 0 23 4 0 22 4 0 22 4 0 23 4 0 27 4 0 26 4 0 4 3 0 52 3 0 48 3 0 0 3 0 0 2 0 48 2 0 49 2 0 1 2 0 8 3 0 56 3 0 52 3 0 4 3 0 5 0 0 53 0 0 57 0 0 9 0 0 12 3 0 60 3 0 56 3 0 8 3 0 16 3 0 64 3 0 60 3 0 12 3 0 13 0 0 61 0 0 65 0 0 17 0 0 20 3 0 68 3 0 64 3 0 16 3 0 24 3 0 72 3 0 68 3 0 20 3 0 21 0 0 69 0 0 73 0 0 25 0 0 28 3 0 76 3 0 72 3 0 24 3 0 32 3 0 80 3 0 76 3 0 28 3 0 29 0 0 77 0 0 81 0 0 33 0 0 36 3 0 84 3 0 80 3 0 32 3 0 40 3 0 88 3 0 84 3 0 36 3 0 37 0 0 85 0 0 89 0 0 41 0 0 44 3 0 92 3 0 88 3 0 40 3 0 45 1 0 93 1 0 92 1 0 44 1 0 6 1 0 54 1 0 53 1 0 5 1 0 1 2 0 49 2 0 50 2 0 2 2 0</p>
                </polylist>
            </mesh>
        </geometry>
        <geometry id="ID426">
            <mesh>
                <source id="ID427">
                    <float_array id="ID428" count="96">-17.5937 -6.92484 2.86765 -17.5937 6.92484 2.86765 -13.5706 -9.18233 2.86765 -13.5706 9.18233 2.86765 13.5706 -9.18234 2.86765 13.5706 9.18233 2.86765 17.5937 -6.92484 2.86765 17.5937 6.92483 2.86765 17.5937 -6.92484 -2.86765 17.5937 6.92483 -2.86765 13.5706 -9.18234 -2.86765 13.5706 9.18233 -2.86765 -13.5706 -9.18233 -2.86765 -13.5706 9.18233 -2.86765 -17.5937 -6.92484 -2.86765 -17.5937 6.92484 -2.86765 15.622 -5.1546 -2.86765 15.622 5.1546 -2.86765 13.1763 -6.52696 -2.86765 13.1763 6.52696 -2.86765 -13.1763 -6.52696 -2.86765 -13.1763 6.52696 -2.86765 -15.622 -5.1546 -2.86765 -15.622 5.1546 -2.86765 15.3945 -5.67291 -0.475965 15.3945 4.22777 -0.475965 13.1308 -6.94314 -0.475965 13.1308 5.498 -0.475965 -13.1308 -6.94314 -0.475965 -13.1308 5.498 -0.475965 -15.3944 -5.67291 -0.475965 -15.3944 4.22777 -0.475965</float_array>
                    <technique_common>
                        <accessor count="32" source="#ID428" stride="3">
                            <param name="X" type="float"/>
                            <param name="Y" type="float"/>
                            <param name="Z" type="float"/>
                        </accessor>
                    </technique_common>
                </source>
                <source id="ID429">
                    <float_array id="ID430" count="69">-0.862947 -0.505294 -0 -0.252899 -0.967493 -0 0.252899 -0.967493 -0 0.862947 -0.505294 -0 0.862947 0.505294 -0 0.250193 0.954655 0.16136 0.86345 0.50371 0.027024 0.569532 0.332247 -0.751828 0.841643 -0.471738 -0.26287 0.489788 -0.274524 -0.827493 0.234957 -0.891249 -0.387906 0.139016 -0.527319 -0.838218 -0.862947 0.505294 -0 -0.252899 0.967493 -0 0.252899 0.967493 -0 0 0 -1 -0.569532 0.332247 -0.751828 -0.139016 -0.527319 -0.838218 -0.489788 -0.274524 -0.827493 -0.86345 0.50371 0.027024 -0.250193 0.954655 0.16136 -0.234957 -0.891249 -0.387906 -0.841643 -0.471738 -0.26287</float_array>
                    <technique_common>
                        <accessor count="23" source="#ID430" stride="3">
                            <param name="X" type="float"/>
                            <param name="Y" type="float"/>
                            <param name="Z" type="float"/>
                        </accessor>
                    </technique_common>
                </source>
                <source id="ID431">
                    <float_array id="ID432" count="2">0 1</float_array>
                    <technique_common>
                        <accessor count="1" source="#ID432" stride="2">
                            <param name="S" type="float"/>
                            <param name="T" type="float"/>
                        </accessor>
                    </technique_common>
                </source>
                <vertices id="ID433">
                    <input semantic="POSITION" source="#ID427"/>
                </vertices>
                <polylist count="24" material="Material1">
                    <input offset="0" semantic="VERTEX" source="#ID433"/>
                    <input offset="1" semantic="NORMAL" source="#ID429"/>
                    <input offset="2" semantic="TEXCOORD" source="#ID431" set="0"/>
                    <vcount>4 4 4 4 4 4 4 4 4 4 4 4 4 4 4 4 4 4 4 4 4 4 4 4</vcount>
                    <p>12 1 0 2 1 0 0 0 0 14 0 0 10 2 0 4 2 0 2 1 0 12 1 0 8 3 0 6 3 0 4 2 0 10 2 0 8 3 0 9 4 0 7 4 0 6 3 0 22 7 0 30 6 0 28 5 0 20 5 0 23 9 0 31 8 0 30 6 0 22 7 0 21 11 0 29 10 0 31 8 0 23 9 0 0 0 0 1 12 0 15 12 0 14 0 0 3 13 0 13 13 0 15 12 0 1 12 0 5 14 0 11 14 0 13 13 0 3 13 0 7 4 0 9 4 0 11 14 0 5 14 0 10 15 0 18 15 0 16 16 0 8 15 0 9 15 0 17 18 0 19 17 0 11 15 0 8 15 0 16 16 0 17 18 0 9 15 0 12 15 0 20 15 0 18 15 0 10 15 0 11 15 0 19 17 0 21 11 0 13 15 0 14 15 0 22 7 0 20 15 0 12 15 0 15 15 0 23 9 0 22 7 0 14 15 0 13 15 0 21 11 0 23 9 0 15 15 0 18 20 0 26 20 0 24 19 0 16 16 0 17 18 0 25 22 0 27 21 0 19 17 0 16 16 0 24 19 0 25 22 0 17 18 0 20 5 0 28 5 0 26 20 0 18 20 0 19 17 0 27 21 0 29 10 0 21 11 0</p>
                </polylist>
            </mesh>
        </geometry>
        <geometry id="ID435">
            <mesh>
                <source id="ID436">
                    <float_array id="ID437" count="24">15.3945 -5.67292 -0.476002 15.3945 4.22776 -0.476002 13.1308 -6.94315 -0.476002 13.1308 5.49799 -0.476002 -13.1308 -6.94315 -0.476002 -13.1308 5.49799 -0.476002 -15.3944 -5.67292 -0.476002 -15.3944 4.22776 -0.476002</float_array>
                    <technique_common>
                        <accessor count="8" source="#ID437" stride="3">
                            <param name="X" type="float"/>
                            <param name="Y" type="float"/>
                            <param name="Z" type="float"/>
                        </accessor>
                    </technique_common>
                </source>
                <source id="ID438">
                    <float_array id="ID439" count="12">-1.41647e-008 7.80106e-009 -1 -7.08233e-009 8.69146e-009 -1 6.08306e-009 8.69146e-009 -1 1.21661e-008 7.80106e-009 -1</float_array>
                    <technique_common>
                        <accessor count="4" source="#ID439" stride="3">
                            <param name="X" type="float"/>
                            <param name="Y" type="float"/>
                            <param name="Z" type="float"/>
                        </accessor>
                    </technique_common>
                </source>
                <source id="ID440">
                    <float_array id="ID441" count="2">0 1</float_array>
                    <technique_common>
                        <accessor count="1" source="#ID441" stride="2">
                            <param name="S" type="float"/>
                            <param name="T" type="float"/>
                        </accessor>
                    </technique_common>
                </source>
                <vertices id="ID442">
                    <input semantic="POSITION" source="#ID436"/>
                </vertices>
                <polylist count="3" material="Material1">
                    <input offset="0" semantic="VERTEX" source="#ID442"/>
                    <input offset="1" semantic="NORMAL" source="#ID438"/>
                    <input offset="2" semantic="TEXCOORD" source="#ID440" set="0"/>
                    <vcount>4 4 4</vcount>
                    <p>2 1 0 3 1 0 1 0 0 0 0 0 4 2 0 5 2 0 3 1 0 2 1 0 6 3 0 7 3 0 5 2 0 4 2 0</p>
                </polylist>
            </mesh>
        </geometry>
        <geometry id="ID444">
            <mesh>
                <source id="ID445">
                    <float_array id="ID446" count="96">-17.5937 -6.92483 2.86766 -17.5937 6.92484 2.86766 -13.5706 -9.18233 2.86766 -13.5706 9.18234 2.86766 13.5706 -9.18233 2.86766 13.5706 9.18234 2.86766 17.5937 -6.92484 2.86766 17.5937 6.92484 2.86766 17.5937 -6.92484 -2.86763 17.5937 6.92484 -2.86763 13.5706 -9.18233 -2.86763 13.5706 9.18234 -2.86763 -13.5706 -9.18233 -2.86763 -13.5706 9.18234 -2.86763 -17.5937 -6.92483 -2.86763 -17.5937 6.92484 -2.86763 15.622 -5.1546 -2.86763 15.622 5.1546 -2.86763 13.1763 -6.52696 -2.86763 13.1763 6.52696 -2.86763 -13.1763 -6.52696 -2.86763 -13.1763 6.52696 -2.86763 -15.622 -5.1546 -2.86763 -15.622 5.1546 -2.86763 15.3945 -5.67291 -0.475951 15.3945 4.22778 -0.475951 13.1308 -6.94314 -0.475951 13.1308 5.49801 -0.475951 -13.1308 -6.94313 -0.475951 -13.1308 5.49801 -0.475951 -15.3944 -5.6729 -0.475951 -15.3944 4.22778 -0.475951</float_array>
                    <technique_common>
                        <accessor count="32" source="#ID446" stride="3">
                            <param name="X" type="float"/>
                            <param name="Y" type="float"/>
                            <param name="Z" type="float"/>
                        </accessor>
                    </technique_common>
                </source>
                <source id="ID447">
                    <float_array id="ID448" count="69">-0.862947 -0.505294 -0 -0.252899 -0.967493 -0 0.252899 -0.967493 -0 0.862947 -0.505294 -0 0.862947 0.505294 -0 0.250193 0.954655 0.16136 0.86345 0.50371 0.027024 0.569532 0.332247 -0.751828 0.841643 -0.471738 -0.26287 0.489788 -0.274524 -0.827493 0.234957 -0.891249 -0.387906 0.139016 -0.527319 -0.838218 -0.862947 0.505294 -0 -0.252899 0.967493 -0 0.252899 0.967493 -0 0 0 -1 -0.569532 0.332247 -0.751828 -0.139016 -0.527319 -0.838218 -0.489788 -0.274524 -0.827493 -0.86345 0.50371 0.0270241 -0.250193 0.954655 0.16136 -0.234957 -0.891249 -0.387906 -0.841643 -0.471738 -0.26287</float_array>
                    <technique_common>
                        <accessor count="23" source="#ID448" stride="3">
                            <param name="X" type="float"/>
                            <param name="Y" type="float"/>
                            <param name="Z" type="float"/>
                        </accessor>
                    </technique_common>
                </source>
                <source id="ID449">
                    <float_array id="ID450" count="2">0 1</float_array>
                    <technique_common>
                        <accessor count="1" source="#ID450" stride="2">
                            <param name="S" type="float"/>
                            <param name="T" type="float"/>
                        </accessor>
                    </technique_common>
                </source>
                <vertices id="ID451">
                    <input semantic="POSITION" source="#ID445"/>
                </vertices>
                <polylist count="24" material="Material1">
                    <input offset="0" semantic="VERTEX" source="#ID451"/>
                    <input offset="1" semantic="NORMAL" source="#ID447"/>
                    <input offset="2" semantic="TEXCOORD" source="#ID449" set="0"/>
                    <vcount>4 4 4 4 4 4 4 4 4 4 4 4 4 4 4 4 4 4 4 4 4 4 4 4</vcount>
                    <p>12 1 0 2 1 0 0 0 0 14 0 0 10 2 0 4 2 0 2 1 0 12 1 0 8 3 0 6 3 0 4 2 0 10 2 0 8 3 0 9 4 0 7 4 0 6 3 0 22 7 0 30 6 0 28 5 0 20 5 0 23 9 0 31 8 0 30 6 0 22 7 0 21 11 0 29 10 0 31 8 0 23 9 0 0 0 0 1 12 0 15 12 0 14 0 0 3 13 0 13 13 0 15 12 0 1 12 0 5 14 0 11 14 0 13 13 0 3 13 0 7 4 0 9 4 0 11 14 0 5 14 0 10 15 0 18 15 0 16 16 0 8 15 0 9 15 0 17 18 0 19 17 0 11 15 0 8 15 0 16 16 0 17 18 0 9 15 0 12 15 0 20 15 0 18 15 0 10 15 0 11 15 0 19 17 0 21 11 0 13 15 0 14 15 0 22 7 0 20 15 0 12 15 0 15 15 0 23 9 0 22 7 0 14 15 0 13 15 0 21 11 0 23 9 0 15 15 0 18 20 0 26 20 0 24 19 0 16 16 0 17 18 0 25 22 0 27 21 0 19 17 0 16 16 0 24 19 0 25 22 0 17 18 0 20 5 0 28 5 0 26 20 0 18 20 0 19 17 0 27 21 0 29 10 0 21 11 0</p>
                </polylist>
            </mesh>
        </geometry>
        <geometry id="ID453">
            <mesh>
                <source id="ID454">
                    <float_array id="ID455" count="24">15.3945 -5.67291 -0.475915 15.3945 4.22778 -0.475915 13.1308 -6.94314 -0.475915 13.1308 5.49801 -0.475915 -13.1308 -6.94313 -0.475915 -13.1308 5.49801 -0.475915 -15.3944 -5.6729 -0.475915 -15.3944 4.22778 -0.475915</float_array>
                    <technique_common>
                        <accessor count="8" source="#ID455" stride="3">
                            <param name="X" type="float"/>
                            <param name="Y" type="float"/>
                            <param name="Z" type="float"/>
                        </accessor>
                    </technique_common>
                </source>
                <source id="ID456">
                    <float_array id="ID457" count="3">0 0 -1</float_array>
                    <technique_common>
                        <accessor count="1" source="#ID457" stride="3">
                            <param name="X" type="float"/>
                            <param name="Y" type="float"/>
                            <param name="Z" type="float"/>
                        </accessor>
                    </technique_common>
                </source>
                <source id="ID458">
                    <float_array id="ID459" count="2">0 1</float_array>
                    <technique_common>
                        <accessor count="1" source="#ID459" stride="2">
                            <param name="S" type="float"/>
                            <param name="T" type="float"/>
                        </accessor>
                    </technique_common>
                </source>
                <vertices id="ID460">
                    <input semantic="POSITION" source="#ID454"/>
                </vertices>
                <polylist count="3" material="Material1">
                    <input offset="0" semantic="VERTEX" source="#ID460"/>
                    <input offset="1" semantic="NORMAL" source="#ID456"/>
                    <input offset="2" semantic="TEXCOORD" source="#ID458" set="0"/>
                    <vcount>4 4 4</vcount>
                    <p>2 0 0 3 0 0 1 0 0 0 0 0 4 0 0 5 0 0 3 0 0 2 0 0 6 0 0 7 0 0 5 0 0 4 0 0</p>
                </polylist>
            </mesh>
        </geometry>
        <geometry id="ID463">
            <mesh>
                <source id="ID464">
                    <float_array id="ID465" count="36">0 56.0888 -29.369 0 204.972 -36.8568 -93.3414 56.0888 -29.944 -93.3414 204.98 -36.8951 93.3414 56.0888 -29.944 93.3414 204.98 -36.8951 0 56.0888 -29.369 0 204.972 -36.8568 -93.3414 56.0888 -29.944 -93.3414 204.98 -36.8951 93.3414 56.0888 -29.944 93.3414 204.98 -36.8951</float_array>
                    <technique_common>
                        <accessor count="12" source="#ID465" stride="3">
                            <param name="X" type="float"/>
                            <param name="Y" type="float"/>
                            <param name="Z" type="float"/>
                        </accessor>
                    </technique_common>
                </source>
                <source id="ID466">
                    <float_array id="ID467" count="18">-2.44473e-009 0.0484327 0.998827 -0.00327958 0.0484324 0.998821 0.00327958 0.0484324 0.998821 0.00327993 -0.0484324 -0.998821 0 -0.0484327 -0.998827 -0.00327993 -0.0484324 -0.998821</float_array>
                    <technique_common>
                        <accessor count="6" source="#ID467" stride="3">
                            <param name="X" type="float"/>
                            <param name="Y" type="float"/>
                            <param name="Z" type="float"/>
                        </accessor>
                    </technique_common>
                </source>
                <source id="ID468">
                    <float_array id="ID469" count="2">0 1</float_array>
                    <technique_common>
                        <accessor count="1" source="#ID469" stride="2">
                            <param name="S" type="float"/>
                            <param name="T" type="float"/>
                        </accessor>
                    </technique_common>
                </source>
                <vertices id="ID470">
                    <input semantic="POSITION" source="#ID464"/>
                </vertices>
                <polylist count="4" material="Material1">
                    <input offset="0" semantic="VERTEX" source="#ID470"/>
                    <input offset="1" semantic="NORMAL" source="#ID466"/>
                    <input offset="2" semantic="TEXCOORD" source="#ID468" set="0"/>
                    <vcount>4 4 4 4</vcount>
                    <p>3 1 0 2 1 0 0 0 0 1 0 0 5 2 0 1 0 0 0 0 0 4 2 0 7 4 0 6 4 0 8 3 0 9 3 0 10 5 0 6 4 0 7 4 0 11 5 0</p>
                </polylist>
            </mesh>
        </geometry>
        <geometry id="ID473">
            <mesh>
                <source id="ID474">
                    <float_array id="ID475" count="186">-9.82356 7.10014e-007 -7.46155e-006 7.04728 7.10014e-007 -7.46155e-006 -9.82356 -22.9853 -7.33106e-006 9.82353 -22.9853 -7.33106e-006 -9.82356 -18.5955 -13.5104 9.82353 -18.5955 -13.5104 -9.82356 -7.10284 -21.8603 9.82353 -7.10284 -21.8603 -9.82356 7.10284 -21.8603 9.82353 7.10284 -21.8603 -9.82356 18.5955 -13.5104 9.82353 18.5955 -13.5104 -9.82356 22.9853 -5.32162e-006 9.82353 22.9853 -5.32162e-006 -9.82356 18.5955 13.5104 9.82353 18.5955 13.5104 -9.82356 7.10283 21.8603 9.82353 7.10283 21.8603 -9.82356 -7.10284 21.8603 9.82353 -7.10284 21.8603 -9.82356 -18.5955 13.5104 9.82353 -18.5955 13.5104 9.82353 -11.3019 -8.1715e-006 9.82353 -9.14342 -6.64309 9.82353 -3.49248 -10.7487 9.82353 3.49248 -10.7487 9.82353 9.14342 -6.64309 9.82353 11.3019 -5.86302e-006 9.82353 9.14342 6.64308 9.82353 3.49247 10.7487 9.82353 -3.49248 10.7487 9.82353 -9.14342 6.64308 7.04728 -6.80397 -8.1715e-006 7.04728 -5.50453 -3.99928 7.04728 -2.10254 -6.47097 7.04728 2.10254 -6.47097 7.04728 5.50453 -3.99928 7.04728 6.80397 -5.93349e-006 7.04728 5.50453 3.99927 7.04728 2.10254 6.47096 7.04728 -2.10254 6.47096 7.04728 -5.50453 3.99927 -5.48274 -26.406 -7.46155e-006 5.48271 -26.406 -7.46155e-006 -5.48274 -21.3629 -15.5211 5.48271 -21.3629 -15.5211 -5.48274 -8.1599 -25.1136 5.48271 -8.1599 -25.1136 -5.48274 8.1599 -25.1136 5.48271 8.1599 -25.1136 -5.48274 21.3629 -15.5211 5.48271 21.3629 -15.5211 -5.48274 26.406 -5.15306e-006 5.48271 26.406 -5.15306e-006 -5.48274 21.3629 15.5211 5.48271 21.3629 15.5211 -5.48274 8.15989 25.1136 5.48271 8.15989 25.1136 -5.48274 -8.15991 25.1136 5.48271 -8.15991 25.1136 -5.48274 -21.3629 15.5211 5.48271 -21.3629 15.5211</float_array>
                    <technique_common>
                        <accessor count="62" source="#ID475" stride="3">
                            <param name="X" type="float"/>
                            <param name="Y" type="float"/>
                            <param name="Z" type="float"/>
                        </accessor>
                    </technique_common>
                </source>
                <source id="ID476">
                    <float_array id="ID477" count="156">-1 0 -0 -0.903022 -0.429595 2.94402e-008 -0.903022 -0.347549 -0.252509 -0.330593 -0.943773 4.92846e-008 0.330594 -0.943773 5.74987e-008 0.330594 -0.763529 -0.554736 -0.330593 -0.763529 -0.554736 0.962572 0.271027 -3.90016e-009 1 0 -0 0.962572 0.219265 0.159306 -0.903022 -0.132752 -0.408569 0.330594 -0.291642 -0.897582 -0.330593 -0.291642 -0.897582 0.962572 0.0837519 0.257762 -0.903022 0.132752 -0.408569 0.330594 0.291642 -0.897582 -0.330593 0.291642 -0.897582 0.962572 -0.083752 0.257762 -0.903022 0.347549 -0.252509 0.330594 0.763529 -0.554736 -0.330593 0.763529 -0.554736 0.962572 -0.219265 0.159306 -0.903022 0.429595 4.20574e-008 0.330594 0.943773 6.57128e-008 -0.330593 0.943773 8.2141e-008 0.962572 -0.271027 -1.17005e-008 -0.903022 0.347549 0.252509 0.330594 0.763528 0.554736 -0.330593 0.763528 0.554736 0.962572 -0.219265 -0.159306 -0.903022 0.132752 0.408569 0.330594 0.291642 0.897582 -0.330593 0.291642 0.897582 0.962572 -0.0837519 -0.257762 -0.903022 -0.132752 0.408569 0.330594 -0.291642 0.897582 -0.330593 -0.291642 0.897582 0.962572 0.083752 -0.257762 -0.903022 -0.347549 0.252509 0.330594 -0.763528 0.554736 -0.330593 -0.763529 0.554736 0.962572 0.219265 -0.159306 0.903022 -0.429595 3.78516e-008 0.903022 -0.347549 -0.252509 0.903022 -0.132752 -0.408569 0.903022 0.132752 -0.408569 0.903022 0.347549 -0.252509 0.903022 0.429595 2.52344e-008 0.903022 0.347549 0.252509 0.903022 0.132752 0.408569 0.903022 -0.132752 0.408569 0.903022 -0.347549 0.252509</float_array>
                    <technique_common>
                        <accessor count="52" source="#ID477" stride="3">
                            <param name="X" type="float"/>
                            <param name="Y" type="float"/>
                            <param name="Z" type="float"/>
                        </accessor>
                    </technique_common>
                </source>
                <source id="ID478">
                    <float_array id="ID479" count="2">0 1</float_array>
                    <technique_common>
                        <accessor count="1" source="#ID479" stride="2">
                            <param name="S" type="float"/>
                            <param name="T" type="float"/>
                        </accessor>
                    </technique_common>
                </source>
                <vertices id="ID480">
                    <input semantic="POSITION" source="#ID474"/>
                </vertices>
                <polylist count="70" material="Material1">
                    <input offset="0" semantic="VERTEX" source="#ID480"/>
                    <input offset="1" semantic="NORMAL" source="#ID476"/>
                    <input offset="2" semantic="TEXCOORD" source="#ID478" set="0"/>
                    <vcount>3 4 3 3 4 3 3 4 3 3 4 3 3 4 3 3 4 3 3 4 3 3 4 3 3 4 3 3 4 3 4 4 4 4 4 4 4 4 4 4 4 4 4 4 4 4 4 4 4 4 4 4 4 4 4 4 4 4 4 4 4 4 4 4 4 4 4 4 4 4</vcount>
                    <p>4 2 0 2 1 0 0 0 0 44 6 0 45 5 0 43 4 0 42 3 0 33 9 0 1 8 0 32 7 0 6 10 0 4 2 0 0 0 0 46 12 0 47 11 0 45 5 0 44 6 0 34 13 0 1 8 0 33 9 0 8 14 0 6 10 0 0 0 0 48 16 0 49 15 0 47 11 0 46 12 0 35 17 0 1 8 0 34 13 0 10 18 0 8 14 0 0 0 0 50 20 0 51 19 0 49 15 0 48 16 0 36 21 0 1 8 0 35 17 0 12 22 0 10 18 0 0 0 0 52 24 0 53 23 0 51 19 0 50 20 0 37 25 0 1 8 0 36 21 0 14 26 0 12 22 0 0 0 0 54 28 0 55 27 0 53 23 0 52 24 0 38 29 0 1 8 0 37 25 0 16 30 0 14 26 0 0 0 0 56 32 0 57 31 0 55 27 0 54 28 0 39 33 0 1 8 0 38 29 0 18 34 0 16 30 0 0 0 0 58 36 0 59 35 0 57 31 0 56 32 0 40 37 0 1 8 0 39 33 0 20 38 0 18 34 0 0 0 0 60 40 0 61 39 0 59 35 0 58 36 0 41 41 0 1 8 0 40 37 0 2 1 0 20 38 0 0 0 0 42 3 0 43 4 0 61 39 0 60 40 0 32 7 0 1 8 0 41 41 0 5 43 0 23 9 0 22 7 0 3 42 0 7 44 0 24 13 0 23 9 0 5 43 0 9 45 0 25 17 0 24 13 0 7 44 0 11 46 0 26 21 0 25 17 0 9 45 0 13 47 0 27 25 0 26 21 0 11 46 0 15 48 0 28 29 0 27 25 0 13 47 0 17 49 0 29 33 0 28 29 0 15 48 0 19 50 0 30 37 0 29 33 0 17 49 0 21 51 0 31 41 0 30 37 0 19 50 0 3 42 0 22 7 0 31 41 0 21 51 0 23 9 0 33 9 0 32 7 0 22 7 0 24 13 0 34 13 0 33 9 0 23 9 0 25 17 0 35 17 0 34 13 0 24 13 0 26 21 0 36 21 0 35 17 0 25 17 0 27 25 0 37 25 0 36 21 0 26 21 0 28 29 0 38 29 0 37 25 0 27 25 0 29 33 0 39 33 0 38 29 0 28 29 0 30 37 0 40 37 0 39 33 0 29 33 0 31 41 0 41 41 0 40 37 0 30 37 0 22 7 0 32 7 0 41 41 0 31 41 0 4 2 0 44 6 0 42 3 0 2 1 0 3 42 0 43 4 0 45 5 0 5 43 0 6 10 0 46 12 0 44 6 0 4 2 0 5 43 0 45 5 0 47 11 0 7 44 0 8 14 0 48 16 0 46 12 0 6 10 0 7 44 0 47 11 0 49 15 0 9 45 0 10 18 0 50 20 0 48 16 0 8 14 0 9 45 0 49 15 0 51 19 0 11 46 0 12 22 0 52 24 0 50 20 0 10 18 0 11 46 0 51 19 0 53 23 0 13 47 0 14 26 0 54 28 0 52 24 0 12 22 0 13 47 0 53 23 0 55 27 0 15 48 0 16 30 0 56 32 0 54 28 0 14 26 0 15 48 0 55 27 0 57 31 0 17 49 0 18 34 0 58 36 0 56 32 0 16 30 0 17 49 0 57 31 0 59 35 0 19 50 0 20 38 0 60 40 0 58 36 0 18 34 0 19 50 0 59 35 0 61 39 0 21 51 0 2 1 0 42 3 0 60 40 0 20 38 0 21 51 0 61 39 0 43 4 0 3 42 0</p>
                </polylist>
            </mesh>
        </geometry>
        <geometry id="ID482">
            <mesh>
                <source id="ID483">
                    <float_array id="ID484" count="186">-9.82356 7.10009e-007 -7.46155e-006 7.04728 7.10009e-007 -7.46155e-006 -9.82356 -22.9853 -7.33106e-006 9.82353 -22.9853 -7.33106e-006 -9.82356 -18.5955 -13.5104 9.82353 -18.5955 -13.5104 -9.82356 -7.10284 -21.8603 9.82353 -7.10284 -21.8603 -9.82356 7.10284 -21.8603 9.82353 7.10284 -21.8603 -9.82356 18.5955 -13.5104 9.82353 18.5955 -13.5104 -9.82356 22.9853 -5.32162e-006 9.82353 22.9853 -5.32162e-006 -9.82356 18.5955 13.5104 9.82353 18.5955 13.5104 -9.82356 7.10283 21.8603 9.82353 7.10283 21.8603 -9.82356 -7.10284 21.8603 9.82353 -7.10284 21.8603 -9.82356 -18.5955 13.5104 9.82353 -18.5955 13.5104 9.82353 -11.3019 -8.1715e-006 9.82353 -9.14342 -6.64309 9.82353 -3.49248 -10.7487 9.82353 3.49248 -10.7487 9.82353 9.14342 -6.64309 9.82353 11.3019 -5.86302e-006 9.82353 9.14342 6.64308 9.82353 3.49247 10.7487 9.82353 -3.49248 10.7487 9.82353 -9.14342 6.64308 7.04728 -6.80397 -8.1715e-006 7.04728 -5.50453 -3.99928 7.04728 -2.10254 -6.47097 7.04728 2.10254 -6.47097 7.04728 5.50453 -3.99928 7.04728 6.80397 -5.93349e-006 7.04728 5.50453 3.99927 7.04728 2.10254 6.47096 7.04728 -2.10254 6.47096 7.04728 -5.50453 3.99927 -5.48274 -26.406 -7.46155e-006 5.48271 -26.406 -7.46155e-006 -5.48274 -21.3629 -15.5211 5.48271 -21.3629 -15.5211 -5.48274 -8.1599 -25.1136 5.48271 -8.1599 -25.1136 -5.48274 8.1599 -25.1136 5.48271 8.1599 -25.1136 -5.48274 21.3629 -15.5211 5.48271 21.3629 -15.5211 -5.48274 26.406 -5.15306e-006 5.48271 26.406 -5.15306e-006 -5.48274 21.3629 15.5211 5.48271 21.3629 15.5211 -5.48274 8.15989 25.1136 5.48271 8.15989 25.1136 -5.48274 -8.15991 25.1136 5.48271 -8.15991 25.1136 -5.48274 -21.3629 15.5211 5.48271 -21.3629 15.5211</float_array>
                    <technique_common>
                        <accessor count="62" source="#ID484" stride="3">
                            <param name="X" type="float"/>
                            <param name="Y" type="float"/>
                            <param name="Z" type="float"/>
                        </accessor>
                    </technique_common>
                </source>
                <source id="ID485">
                    <float_array id="ID486" count="165">-1 0 -0 -0.903022 -0.429595 2.52344e-008 -0.903022 -0.347549 -0.252509 -0.330593 -0.943773 4.10705e-008 0.330594 -0.943773 5.74987e-008 0.330594 -0.763529 -0.554736 -0.330593 -0.763529 -0.554736 0.962572 0.271027 7.80031e-009 1 0 -0 0.962572 0.219266 0.159306 -0.903022 -0.132752 -0.408569 0.330594 -0.291642 -0.897582 -0.330594 -0.291642 -0.897582 0.962572 0.0837519 0.257762 -0.903022 0.132752 -0.408569 0.330594 0.291642 -0.897582 -0.330594 0.291642 -0.897582 0.962572 -0.083752 0.257762 -0.903022 0.347549 -0.252509 0.330594 0.763529 -0.554736 -0.330593 0.763529 -0.554736 0.962572 -0.219265 0.159306 -0.903022 0.429595 2.52344e-008 0.330594 0.943773 7.39269e-008 -0.330593 0.943773 6.57128e-008 0.962572 -0.271027 -1.95008e-008 -0.903022 0.347549 0.252509 0.330594 0.763528 0.554736 -0.330594 0.763529 0.554736 0.962572 -0.219265 -0.159306 -0.903022 0.132752 0.408569 0.330594 0.291642 0.897582 -0.330594 0.291642 0.897582 0.962572 -0.0837519 -0.257762 -0.903022 -0.132752 0.408569 0.330594 -0.291642 0.897582 -0.330594 -0.291642 0.897582 0.962572 0.083752 -0.257762 -0.903022 -0.347549 0.252509 0.330594 -0.763528 0.554736 -0.330594 -0.763529 0.554736 0.962572 0.219266 -0.159306 0.903022 -0.429595 3.36459e-008 0.903022 -0.347549 -0.252509 0.903022 -0.132752 -0.408569 0.903022 0.132752 -0.408569 0.962572 -0.219266 0.159306 0.903022 0.347549 -0.252509 0.962572 -0.271027 -1.95008e-008 0.903022 0.429595 3.36459e-008 0.962572 -0.219265 -0.159306 0.903022 0.347549 0.252509 0.903022 0.132752 0.408569 0.903022 -0.132752 0.408569 0.903022 -0.347549 0.252509</float_array>
                    <technique_common>
                        <accessor count="55" source="#ID486" stride="3">
                            <param name="X" type="float"/>
                            <param name="Y" type="float"/>
                            <param name="Z" type="float"/>
                        </accessor>
                    </technique_common>
                </source>
                <source id="ID487">
                    <float_array id="ID488" count="2">0 1</float_array>
                    <technique_common>
                        <accessor count="1" source="#ID488" stride="2">
                            <param name="S" type="float"/>
                            <param name="T" type="float"/>
                        </accessor>
                    </technique_common>
                </source>
                <vertices id="ID489">
                    <input semantic="POSITION" source="#ID483"/>
                </vertices>
                <polylist count="70" material="Material1">
                    <input offset="0" semantic="VERTEX" source="#ID489"/>
                    <input offset="1" semantic="NORMAL" source="#ID485"/>
                    <input offset="2" semantic="TEXCOORD" source="#ID487" set="0"/>
                    <vcount>3 4 3 3 4 3 3 4 3 3 4 3 3 4 3 3 4 3 3 4 3 3 4 3 3 4 3 3 4 3 4 4 4 4 4 4 4 4 4 4 4 4 4 4 4 4 4 4 4 4 4 4 4 4 4 4 4 4 4 4 4 4 4 4 4 4 4 4 4 4</vcount>
                    <p>4 2 0 2 1 0 0 0 0 44 6 0 45 5 0 43 4 0 42 3 0 33 9 0 1 8 0 32 7 0 6 10 0 4 2 0 0 0 0 46 12 0 47 11 0 45 5 0 44 6 0 34 13 0 1 8 0 33 9 0 8 14 0 6 10 0 0 0 0 48 16 0 49 15 0 47 11 0 46 12 0 35 17 0 1 8 0 34 13 0 10 18 0 8 14 0 0 0 0 50 20 0 51 19 0 49 15 0 48 16 0 36 21 0 1 8 0 35 17 0 12 22 0 10 18 0 0 0 0 52 24 0 53 23 0 51 19 0 50 20 0 37 25 0 1 8 0 36 21 0 14 26 0 12 22 0 0 0 0 54 28 0 55 27 0 53 23 0 52 24 0 38 29 0 1 8 0 37 25 0 16 30 0 14 26 0 0 0 0 56 32 0 57 31 0 55 27 0 54 28 0 39 33 0 1 8 0 38 29 0 18 34 0 16 30 0 0 0 0 58 36 0 59 35 0 57 31 0 56 32 0 40 37 0 1 8 0 39 33 0 20 38 0 18 34 0 0 0 0 60 40 0 61 39 0 59 35 0 58 36 0 41 41 0 1 8 0 40 37 0 2 1 0 20 38 0 0 0 0 42 3 0 43 4 0 61 39 0 60 40 0 32 7 0 1 8 0 41 41 0 5 43 0 23 9 0 22 7 0 3 42 0 7 44 0 24 13 0 23 9 0 5 43 0 9 45 0 25 17 0 24 13 0 7 44 0 11 47 0 26 46 0 25 17 0 9 45 0 13 49 0 27 48 0 26 46 0 11 47 0 15 51 0 28 50 0 27 48 0 13 49 0 17 52 0 29 33 0 28 50 0 15 51 0 19 53 0 30 37 0 29 33 0 17 52 0 21 54 0 31 41 0 30 37 0 19 53 0 3 42 0 22 7 0 31 41 0 21 54 0 23 9 0 33 9 0 32 7 0 22 7 0 24 13 0 34 13 0 33 9 0 23 9 0 25 17 0 35 17 0 34 13 0 24 13 0 26 46 0 36 21 0 35 17 0 25 17 0 27 48 0 37 25 0 36 21 0 26 46 0 28 50 0 38 29 0 37 25 0 27 48 0 29 33 0 39 33 0 38 29 0 28 50 0 30 37 0 40 37 0 39 33 0 29 33 0 31 41 0 41 41 0 40 37 0 30 37 0 22 7 0 32 7 0 41 41 0 31 41 0 4 2 0 44 6 0 42 3 0 2 1 0 3 42 0 43 4 0 45 5 0 5 43 0 6 10 0 46 12 0 44 6 0 4 2 0 5 43 0 45 5 0 47 11 0 7 44 0 8 14 0 48 16 0 46 12 0 6 10 0 7 44 0 47 11 0 49 15 0 9 45 0 10 18 0 50 20 0 48 16 0 8 14 0 9 45 0 49 15 0 51 19 0 11 47 0 12 22 0 52 24 0 50 20 0 10 18 0 11 47 0 51 19 0 53 23 0 13 49 0 14 26 0 54 28 0 52 24 0 12 22 0 13 49 0 53 23 0 55 27 0 15 51 0 16 30 0 56 32 0 54 28 0 14 26 0 15 51 0 55 27 0 57 31 0 17 52 0 18 34 0 58 36 0 56 32 0 16 30 0 17 52 0 57 31 0 59 35 0 19 53 0 20 38 0 60 40 0 58 36 0 18 34 0 19 53 0 59 35 0 61 39 0 21 54 0 2 1 0 42 3 0 60 40 0 20 38 0 21 54 0 61 39 0 43 4 0 3 42 0</p>
                </polylist>
            </mesh>
        </geometry>
        <geometry id="ID491">
            <mesh>
                <source id="ID492">
                    <float_array id="ID493" count="186">-9.82356 7.10014e-007 -7.46155e-006 7.04728 7.10014e-007 -7.46155e-006 -9.82356 -22.9853 -7.33106e-006 9.82353 -22.9853 -7.33106e-006 -9.82356 -18.5955 -13.5104 9.82353 -18.5955 -13.5104 -9.82356 -7.10284 -21.8603 9.82353 -7.10284 -21.8603 -9.82356 7.10284 -21.8603 9.82353 7.10284 -21.8603 -9.82356 18.5955 -13.5104 9.82353 18.5955 -13.5104 -9.82356 22.9853 -5.32162e-006 9.82353 22.9853 -5.32162e-006 -9.82356 18.5955 13.5104 9.82353 18.5955 13.5104 -9.82356 7.10283 21.8603 9.82353 7.10283 21.8603 -9.82356 -7.10284 21.8603 9.82353 -7.10284 21.8603 -9.82356 -18.5955 13.5104 9.82353 -18.5955 13.5104 9.82353 -11.3019 -8.1715e-006 9.82353 -9.14342 -6.64309 9.82353 -3.49248 -10.7487 9.82353 3.49248 -10.7487 9.82353 9.14342 -6.64309 9.82353 11.3019 -5.86302e-006 9.82353 9.14342 6.64308 9.82353 3.49247 10.7487 9.82353 -3.49248 10.7487 9.82353 -9.14342 6.64308 7.04728 -6.80397 -8.1715e-006 7.04728 -5.50453 -3.99928 7.04728 -2.10254 -6.47097 7.04728 2.10254 -6.47097 7.04728 5.50453 -3.99928 7.04728 6.80397 -5.93349e-006 7.04728 5.50453 3.99927 7.04728 2.10254 6.47096 7.04728 -2.10254 6.47096 7.04728 -5.50453 3.99927 -5.48274 -26.406 -7.46155e-006 5.48271 -26.406 -7.46155e-006 -5.48274 -21.3629 -15.5211 5.48271 -21.3629 -15.5211 -5.48274 -8.1599 -25.1136 5.48271 -8.1599 -25.1136 -5.48274 8.1599 -25.1136 5.48271 8.1599 -25.1136 -5.48274 21.3629 -15.5211 5.48271 21.3629 -15.5211 -5.48274 26.406 -5.15306e-006 5.48271 26.406 -5.15306e-006 -5.48274 21.3629 15.5211 5.48271 21.3629 15.5211 -5.48274 8.15989 25.1136 5.48271 8.15989 25.1136 -5.48274 -8.15991 25.1136 5.48271 -8.15991 25.1136 -5.48274 -21.3629 15.5211 5.48271 -21.3629 15.5211</float_array>
                    <technique_common>
                        <accessor count="62" source="#ID493" stride="3">
                            <param name="X" type="float"/>
                            <param name="Y" type="float"/>
                            <param name="Z" type="float"/>
                        </accessor>
                    </technique_common>
                </source>
                <source id="ID494">
                    <float_array id="ID495" count="156">-1 0 -0 -0.903022 -0.429595 2.94402e-008 -0.903022 -0.347549 -0.252509 -0.330593 -0.943773 4.92846e-008 0.330594 -0.943773 5.74987e-008 0.330594 -0.763529 -0.554736 -0.330593 -0.763529 -0.554736 0.962572 0.271027 -3.90016e-009 1 0 -0 0.962572 0.219265 0.159306 -0.903022 -0.132752 -0.408569 0.330594 -0.291642 -0.897582 -0.330593 -0.291642 -0.897582 0.962572 0.0837519 0.257762 -0.903022 0.132752 -0.408569 0.330594 0.291642 -0.897582 -0.330593 0.291642 -0.897582 0.962572 -0.083752 0.257762 -0.903022 0.347549 -0.252509 0.330594 0.763529 -0.554736 -0.330593 0.763529 -0.554736 0.962572 -0.219265 0.159306 -0.903022 0.429595 4.20574e-008 0.330594 0.943773 6.57128e-008 -0.330593 0.943773 8.2141e-008 0.962572 -0.271027 -1.17005e-008 -0.903022 0.347549 0.252509 0.330594 0.763528 0.554736 -0.330593 0.763528 0.554736 0.962572 -0.219265 -0.159306 -0.903022 0.132752 0.408569 0.330594 0.291642 0.897582 -0.330593 0.291642 0.897582 0.962572 -0.0837519 -0.257762 -0.903022 -0.132752 0.408569 0.330594 -0.291642 0.897582 -0.330593 -0.291642 0.897582 0.962572 0.083752 -0.257762 -0.903022 -0.347549 0.252509 0.330594 -0.763528 0.554736 -0.330593 -0.763529 0.554736 0.962572 0.219265 -0.159306 0.903022 -0.429595 3.78516e-008 0.903022 -0.347549 -0.252509 0.903022 -0.132752 -0.408569 0.903022 0.132752 -0.408569 0.903022 0.347549 -0.252509 0.903022 0.429595 2.52344e-008 0.903022 0.347549 0.252509 0.903022 0.132752 0.408569 0.903022 -0.132752 0.408569 0.903022 -0.347549 0.252509</float_array>
                    <technique_common>
                        <accessor count="52" source="#ID495" stride="3">
                            <param name="X" type="float"/>
                            <param name="Y" type="float"/>
                            <param name="Z" type="float"/>
                        </accessor>
                    </technique_common>
                </source>
                <source id="ID496">
                    <float_array id="ID497" count="2">0 1</float_array>
                    <technique_common>
                        <accessor count="1" source="#ID497" stride="2">
                            <param name="S" type="float"/>
                            <param name="T" type="float"/>
                        </accessor>
                    </technique_common>
                </source>
                <vertices id="ID498">
                    <input semantic="POSITION" source="#ID492"/>
                </vertices>
                <polylist count="70" material="Material1">
                    <input offset="0" semantic="VERTEX" source="#ID498"/>
                    <input offset="1" semantic="NORMAL" source="#ID494"/>
                    <input offset="2" semantic="TEXCOORD" source="#ID496" set="0"/>
                    <vcount>3 4 3 3 4 3 3 4 3 3 4 3 3 4 3 3 4 3 3 4 3 3 4 3 3 4 3 3 4 3 4 4 4 4 4 4 4 4 4 4 4 4 4 4 4 4 4 4 4 4 4 4 4 4 4 4 4 4 4 4 4 4 4 4 4 4 4 4 4 4</vcount>
                    <p>4 2 0 2 1 0 0 0 0 44 6 0 45 5 0 43 4 0 42 3 0 33 9 0 1 8 0 32 7 0 6 10 0 4 2 0 0 0 0 46 12 0 47 11 0 45 5 0 44 6 0 34 13 0 1 8 0 33 9 0 8 14 0 6 10 0 0 0 0 48 16 0 49 15 0 47 11 0 46 12 0 35 17 0 1 8 0 34 13 0 10 18 0 8 14 0 0 0 0 50 20 0 51 19 0 49 15 0 48 16 0 36 21 0 1 8 0 35 17 0 12 22 0 10 18 0 0 0 0 52 24 0 53 23 0 51 19 0 50 20 0 37 25 0 1 8 0 36 21 0 14 26 0 12 22 0 0 0 0 54 28 0 55 27 0 53 23 0 52 24 0 38 29 0 1 8 0 37 25 0 16 30 0 14 26 0 0 0 0 56 32 0 57 31 0 55 27 0 54 28 0 39 33 0 1 8 0 38 29 0 18 34 0 16 30 0 0 0 0 58 36 0 59 35 0 57 31 0 56 32 0 40 37 0 1 8 0 39 33 0 20 38 0 18 34 0 0 0 0 60 40 0 61 39 0 59 35 0 58 36 0 41 41 0 1 8 0 40 37 0 2 1 0 20 38 0 0 0 0 42 3 0 43 4 0 61 39 0 60 40 0 32 7 0 1 8 0 41 41 0 5 43 0 23 9 0 22 7 0 3 42 0 7 44 0 24 13 0 23 9 0 5 43 0 9 45 0 25 17 0 24 13 0 7 44 0 11 46 0 26 21 0 25 17 0 9 45 0 13 47 0 27 25 0 26 21 0 11 46 0 15 48 0 28 29 0 27 25 0 13 47 0 17 49 0 29 33 0 28 29 0 15 48 0 19 50 0 30 37 0 29 33 0 17 49 0 21 51 0 31 41 0 30 37 0 19 50 0 3 42 0 22 7 0 31 41 0 21 51 0 23 9 0 33 9 0 32 7 0 22 7 0 24 13 0 34 13 0 33 9 0 23 9 0 25 17 0 35 17 0 34 13 0 24 13 0 26 21 0 36 21 0 35 17 0 25 17 0 27 25 0 37 25 0 36 21 0 26 21 0 28 29 0 38 29 0 37 25 0 27 25 0 29 33 0 39 33 0 38 29 0 28 29 0 30 37 0 40 37 0 39 33 0 29 33 0 31 41 0 41 41 0 40 37 0 30 37 0 22 7 0 32 7 0 41 41 0 31 41 0 4 2 0 44 6 0 42 3 0 2 1 0 3 42 0 43 4 0 45 5 0 5 43 0 6 10 0 46 12 0 44 6 0 4 2 0 5 43 0 45 5 0 47 11 0 7 44 0 8 14 0 48 16 0 46 12 0 6 10 0 7 44 0 47 11 0 49 15 0 9 45 0 10 18 0 50 20 0 48 16 0 8 14 0 9 45 0 49 15 0 51 19 0 11 46 0 12 22 0 52 24 0 50 20 0 10 18 0 11 46 0 51 19 0 53 23 0 13 47 0 14 26 0 54 28 0 52 24 0 12 22 0 13 47 0 53 23 0 55 27 0 15 48 0 16 30 0 56 32 0 54 28 0 14 26 0 15 48 0 55 27 0 57 31 0 17 49 0 18 34 0 58 36 0 56 32 0 16 30 0 17 49 0 57 31 0 59 35 0 19 50 0 20 38 0 60 40 0 58 36 0 18 34 0 19 50 0 59 35 0 61 39 0 21 51 0 2 1 0 42 3 0 60 40 0 20 38 0 21 51 0 61 39 0 43 4 0 3 42 0</p>
                </polylist>
            </mesh>
        </geometry>
        <geometry id="ID500">
            <mesh>
                <source id="ID501">
                    <float_array id="ID502" count="186">-9.82356 7.10013e-007 -7.46155e-006 7.04728 7.10013e-007 -7.46155e-006 -9.82356 -22.9853 -7.33106e-006 9.82353 -22.9853 -7.33106e-006 -9.82356 -18.5955 -13.5104 9.82353 -18.5955 -13.5104 -9.82356 -7.10284 -21.8603 9.82353 -7.10284 -21.8603 -9.82356 7.10284 -21.8603 9.82353 7.10284 -21.8603 -9.82356 18.5955 -13.5104 9.82353 18.5955 -13.5104 -9.82356 22.9853 -5.32162e-006 9.82353 22.9853 -5.32162e-006 -9.82356 18.5955 13.5104 9.82353 18.5955 13.5104 -9.82356 7.10283 21.8603 9.82353 7.10283 21.8603 -9.82356 -7.10284 21.8603 9.82353 -7.10284 21.8603 -9.82356 -18.5955 13.5104 9.82353 -18.5955 13.5104 9.82353 -11.3019 -8.1715e-006 9.82353 -9.14342 -6.64309 9.82353 -3.49248 -10.7487 9.82353 3.49248 -10.7487 9.82353 9.14342 -6.64309 9.82353 11.3019 -5.86302e-006 9.82353 9.14342 6.64308 9.82353 3.49247 10.7487 9.82353 -3.49248 10.7487 9.82353 -9.14342 6.64308 7.04728 -6.80397 -8.1715e-006 7.04728 -5.50453 -3.99928 7.04728 -2.10254 -6.47097 7.04728 2.10254 -6.47097 7.04728 5.50453 -3.99928 7.04728 6.80397 -5.93349e-006 7.04728 5.50453 3.99927 7.04728 2.10254 6.47096 7.04728 -2.10254 6.47096 7.04728 -5.50453 3.99927 -5.48273 -26.406 -7.46155e-006 5.48271 -26.406 -7.46155e-006 -5.48273 -21.3629 -15.5211 5.48271 -21.3629 -15.5211 -5.48273 -8.1599 -25.1136 5.48271 -8.1599 -25.1136 -5.48273 8.1599 -25.1136 5.48271 8.1599 -25.1136 -5.48273 21.3629 -15.5211 5.48271 21.3629 -15.5211 -5.48273 26.406 -5.15306e-006 5.48271 26.406 -5.15306e-006 -5.48273 21.3629 15.5211 5.48271 21.3629 15.5211 -5.48273 8.15989 25.1136 5.48271 8.15989 25.1136 -5.48273 -8.15991 25.1136 5.48271 -8.15991 25.1136 -5.48273 -21.3629 15.5211 5.48271 -21.3629 15.5211</float_array>
                    <technique_common>
                        <accessor count="62" source="#ID502" stride="3">
                            <param name="X" type="float"/>
                            <param name="Y" type="float"/>
                            <param name="Z" type="float"/>
                        </accessor>
                    </technique_common>
                </source>
                <source id="ID503">
                    <float_array id="ID504" count="165">-1 0 -0 -0.903022 -0.429595 2.52344e-008 -0.903022 -0.347549 -0.252509 -0.330593 -0.943773 4.10705e-008 0.330594 -0.943773 5.74987e-008 0.330594 -0.763529 -0.554736 -0.330593 -0.763529 -0.554736 0.962572 0.271027 7.80031e-009 1 0 -0 0.962572 0.219266 0.159306 -0.903022 -0.132752 -0.408569 0.330594 -0.291642 -0.897582 -0.330594 -0.291642 -0.897582 0.962572 0.0837519 0.257762 -0.903022 0.132752 -0.408569 0.330594 0.291642 -0.897582 -0.330594 0.291642 -0.897582 0.962572 -0.083752 0.257762 -0.903022 0.347549 -0.252509 0.330594 0.763529 -0.554736 -0.330593 0.763529 -0.554736 0.962572 -0.219265 0.159306 -0.903022 0.429595 2.52344e-008 0.330594 0.943773 7.39269e-008 -0.330593 0.943773 6.57128e-008 0.962572 -0.271027 -1.95008e-008 -0.903022 0.347549 0.252509 0.330594 0.763528 0.554736 -0.330594 0.763529 0.554736 0.962572 -0.219265 -0.159306 -0.903022 0.132752 0.408569 0.330594 0.291642 0.897582 -0.330594 0.291642 0.897582 0.962572 -0.0837519 -0.257762 -0.903022 -0.132752 0.408569 0.330594 -0.291642 0.897582 -0.330594 -0.291642 0.897582 0.962572 0.083752 -0.257762 -0.903022 -0.347549 0.252509 0.330594 -0.763528 0.554736 -0.330594 -0.763529 0.554736 0.962572 0.219266 -0.159306 0.903022 -0.429595 3.36459e-008 0.903022 -0.347549 -0.252509 0.903022 -0.132752 -0.408569 0.903022 0.132752 -0.408569 0.962572 -0.219266 0.159306 0.903022 0.347549 -0.252509 0.962572 -0.271027 -1.95008e-008 0.903022 0.429595 3.36459e-008 0.962572 -0.219265 -0.159306 0.903022 0.347549 0.252509 0.903022 0.132752 0.408569 0.903022 -0.132752 0.408569 0.903022 -0.347549 0.252509</float_array>
                    <technique_common>
                        <accessor count="55" source="#ID504" stride="3">
                            <param name="X" type="float"/>
                            <param name="Y" type="float"/>
                            <param name="Z" type="float"/>
                        </accessor>
                    </technique_common>
                </source>
                <source id="ID505">
                    <float_array id="ID506" count="2">0 1</float_array>
                    <technique_common>
                        <accessor count="1" source="#ID506" stride="2">
                            <param name="S" type="float"/>
                            <param name="T" type="float"/>
                        </accessor>
                    </technique_common>
                </source>
                <vertices id="ID507">
                    <input semantic="POSITION" source="#ID501"/>
                </vertices>
                <polylist count="70" material="Material1">
                    <input offset="0" semantic="VERTEX" source="#ID507"/>
                    <input offset="1" semantic="NORMAL" source="#ID503"/>
                    <input offset="2" semantic="TEXCOORD" source="#ID505" set="0"/>
                    <vcount>3 4 3 3 4 3 3 4 3 3 4 3 3 4 3 3 4 3 3 4 3 3 4 3 3 4 3 3 4 3 4 4 4 4 4 4 4 4 4 4 4 4 4 4 4 4 4 4 4 4 4 4 4 4 4 4 4 4 4 4 4 4 4 4 4 4 4 4 4 4</vcount>
                    <p>4 2 0 2 1 0 0 0 0 44 6 0 45 5 0 43 4 0 42 3 0 33 9 0 1 8 0 32 7 0 6 10 0 4 2 0 0 0 0 46 12 0 47 11 0 45 5 0 44 6 0 34 13 0 1 8 0 33 9 0 8 14 0 6 10 0 0 0 0 48 16 0 49 15 0 47 11 0 46 12 0 35 17 0 1 8 0 34 13 0 10 18 0 8 14 0 0 0 0 50 20 0 51 19 0 49 15 0 48 16 0 36 21 0 1 8 0 35 17 0 12 22 0 10 18 0 0 0 0 52 24 0 53 23 0 51 19 0 50 20 0 37 25 0 1 8 0 36 21 0 14 26 0 12 22 0 0 0 0 54 28 0 55 27 0 53 23 0 52 24 0 38 29 0 1 8 0 37 25 0 16 30 0 14 26 0 0 0 0 56 32 0 57 31 0 55 27 0 54 28 0 39 33 0 1 8 0 38 29 0 18 34 0 16 30 0 0 0 0 58 36 0 59 35 0 57 31 0 56 32 0 40 37 0 1 8 0 39 33 0 20 38 0 18 34 0 0 0 0 60 40 0 61 39 0 59 35 0 58 36 0 41 41 0 1 8 0 40 37 0 2 1 0 20 38 0 0 0 0 42 3 0 43 4 0 61 39 0 60 40 0 32 7 0 1 8 0 41 41 0 5 43 0 23 9 0 22 7 0 3 42 0 7 44 0 24 13 0 23 9 0 5 43 0 9 45 0 25 17 0 24 13 0 7 44 0 11 47 0 26 46 0 25 17 0 9 45 0 13 49 0 27 48 0 26 46 0 11 47 0 15 51 0 28 50 0 27 48 0 13 49 0 17 52 0 29 33 0 28 50 0 15 51 0 19 53 0 30 37 0 29 33 0 17 52 0 21 54 0 31 41 0 30 37 0 19 53 0 3 42 0 22 7 0 31 41 0 21 54 0 23 9 0 33 9 0 32 7 0 22 7 0 24 13 0 34 13 0 33 9 0 23 9 0 25 17 0 35 17 0 34 13 0 24 13 0 26 46 0 36 21 0 35 17 0 25 17 0 27 48 0 37 25 0 36 21 0 26 46 0 28 50 0 38 29 0 37 25 0 27 48 0 29 33 0 39 33 0 38 29 0 28 50 0 30 37 0 40 37 0 39 33 0 29 33 0 31 41 0 41 41 0 40 37 0 30 37 0 22 7 0 32 7 0 41 41 0 31 41 0 4 2 0 44 6 0 42 3 0 2 1 0 3 42 0 43 4 0 45 5 0 5 43 0 6 10 0 46 12 0 44 6 0 4 2 0 5 43 0 45 5 0 47 11 0 7 44 0 8 14 0 48 16 0 46 12 0 6 10 0 7 44 0 47 11 0 49 15 0 9 45 0 10 18 0 50 20 0 48 16 0 8 14 0 9 45 0 49 15 0 51 19 0 11 47 0 12 22 0 52 24 0 50 20 0 10 18 0 11 47 0 51 19 0 53 23 0 13 49 0 14 26 0 54 28 0 52 24 0 12 22 0 13 49 0 53 23 0 55 27 0 15 51 0 16 30 0 56 32 0 54 28 0 14 26 0 15 51 0 55 27 0 57 31 0 17 52 0 18 34 0 58 36 0 56 32 0 16 30 0 17 52 0 57 31 0 59 35 0 19 53 0 20 38 0 60 40 0 58 36 0 18 34 0 19 53 0 59 35 0 61 39 0 21 54 0 2 1 0 42 3 0 60 40 0 20 38 0 21 54 0 61 39 0 43 4 0 3 42 0</p>
                </polylist>
            </mesh>
        </geometry>
    </library_geometries>
    <library_visual_scenes>
        <visual_scene id="ID3">
            <node id="ID4" name="Transporter">
                <translate sid="translate">0 0 -0</translate>
                <rotate sid="rotateY">0 1 0 0</rotate>
                <rotate sid="rotateX">1 0 0 0</rotate>
                <rotate sid="rotateZ">0 0 1 -0</rotate>
                <scale sid="scale">1 1 1</scale>
                <node id="ID5" name="CarMesh">
                    <translate sid="translate">0 4.22418 -0</translate>
                    <rotate sid="rotateY">0 1 0 0</rotate>
                    <rotate sid="rotateX">1 0 0 0</rotate>
                    <rotate sid="rotateZ">0 0 1 -0</rotate>
                    <scale sid="scale">1 1 1</scale>
                    <instance_geometry url="#ID6">
                        <bind_material>
                            <technique_common>
                                <instance_material symbol="Material1" target="#ID1">
                                    <bind_vertex_input semantic="UVSET0" input_semantic="TEXCOORD" input_set="0"/>
                                </instance_material>
                            </technique_common>
                        </bind_material>
                    </instance_geometry>
                </node>
                <node id="ID14" name="Details">
                    <translate sid="translate">0 0 -0</translate>
                    <rotate sid="rotateY">0 1 0 0</rotate>
                    <rotate sid="rotateX">1 0 0 0</rotate>
                    <rotate sid="rotateZ">0 0 1 -0</rotate>
                    <scale sid="scale">1 1 1</scale>
                    <node id="ID15" name="WiperR">
                        <translate sid="translate">55.091 211.132 -40.5299</translate>
                        <rotate sid="rotateY">0 1 0 358.906</rotate>
                        <rotate sid="rotateX">1 0 0 -4.98259</rotate>
                        <rotate sid="rotateZ">0 0 1 -359.825</rotate>
                        <scale sid="scale">1 1 1</scale>
                        <instance_geometry url="#ID16">
                            <bind_material>
                                <technique_common>
                                    <instance_material symbol="Material1" target="#ID1">
                                        <bind_vertex_input semantic="UVSET0" input_semantic="TEXCOORD" input_set="0"/>
                                    </instance_material>
                                </technique_common>
                            </bind_material>
                        </instance_geometry>
                    </node>
                    <node id="ID24" name="WiperL">
                        <translate sid="translate">-14.8719 210.919 -41.8477</translate>
                        <rotate sid="rotateY">0 1 0 358.906</rotate>
                        <rotate sid="rotateX">1 0 0 -4.98259</rotate>
                        <rotate sid="rotateZ">0 0 1 -359.825</rotate>
                        <scale sid="scale">1 1 1</scale>
                        <instance_geometry url="#ID25">
                            <bind_material>
                                <technique_common>
                                    <instance_material symbol="Material1" target="#ID1">
                                        <bind_vertex_input semantic="UVSET0" input_semantic="TEXCOORD" input_set="0"/>
                                    </instance_material>
                                </technique_common>
                            </bind_material>
                        </instance_geometry>
                    </node>
                    <node id="ID33" name="MirrorHolderL">
                        <translate sid="translate">-97.8062 201.082 -28.5625</translate>
                        <rotate sid="rotateY">0 1 0 0</rotate>
                        <rotate sid="rotateX">1 0 0 -90</rotate>
                        <rotate sid="rotateZ">0 0 1 -0</rotate>
                        <scale sid="scale">1 1 1</scale>
                        <instance_geometry url="#ID34">
                            <bind_material>
                                <technique_common>
                                    <instance_material symbol="Material1" target="#ID1">
                                        <bind_vertex_input semantic="UVSET0" input_semantic="TEXCOORD" input_set="0"/>
                                    </instance_material>
                                </technique_common>
                            </bind_material>
                        </instance_geometry>
                        <node id="ID42" name="MirrorCase">
                            <translate sid="translate">-35.6131 1.85669 -2.25505</translate>
                            <rotate sid="rotateY">0 1 0 90</rotate>
                            <rotate sid="rotateX">1 0 0 70</rotate>
                            <rotate sid="rotateZ">0 0 1 -270</rotate>
                            <scale sid="scale">1 1 1</scale>
                            <instance_geometry url="#ID43">
                                <bind_material>
                                    <technique_common>
                                        <instance_material symbol="Material1" target="#ID1">
                                            <bind_vertex_input semantic="UVSET0" input_semantic="TEXCOORD" input_set="0"/>
                                        </instance_material>
                                    </technique_common>
                                </bind_material>
                            </instance_geometry>
                            <node id="ID51" name="Mirror">
                                <translate sid="translate">37.7598 9.58089 14.5804</translate>
                                <rotate sid="rotateY">0 1 0 0</rotate>
                                <rotate sid="rotateX">1 0 0 0</rotate>
                                <rotate sid="rotateZ">0 0 1 -0</rotate>
                                <scale sid="scale">1 1 1</scale>
                                <instance_geometry url="#ID52">
                                    <bind_material>
                                        <technique_common>
                                            <instance_material symbol="Material1" target="#ID1">
                                                <bind_vertex_input semantic="UVSET0" input_semantic="TEXCOORD" input_set="0"/>
                                            </instance_material>
                                        </technique_common>
                                    </bind_material>
                                </instance_geometry>
                            </node>
                        </node>
                    </node>
                    <node id="ID60" name="MirrorHolderR">
                        <translate sid="translate">113.954 201.082 -28.5625</translate>
                        <rotate sid="rotateY">0 1 0 0</rotate>
                        <rotate sid="rotateX">1 0 0 -90</rotate>
                        <rotate sid="rotateZ">0 0 1 -0</rotate>
                        <scale sid="scale">1 1 1</scale>
                        <instance_geometry url="#ID61">
                            <bind_material>
                                <technique_common>
                                    <instance_material symbol="Material1" target="#ID1">
                                        <bind_vertex_input semantic="UVSET0" input_semantic="TEXCOORD" input_set="0"/>
                                    </instance_material>
                                </technique_common>
                            </bind_material>
                        </instance_geometry>
                        <node id="ID69" name="MirrorCase.2">
                            <translate sid="translate">20.0263 1.85669 -2.25505</translate>
                            <rotate sid="rotateY">0 1 0 270</rotate>
                            <rotate sid="rotateX">1 0 0 70</rotate>
                            <rotate sid="rotateZ">0 0 1 -90</rotate>
                            <scale sid="scale">1 1 1</scale>
                            <instance_geometry url="#ID70">
                                <bind_material>
                                    <technique_common>
                                        <instance_material symbol="Material1" target="#ID1">
                                            <bind_vertex_input semantic="UVSET0" input_semantic="TEXCOORD" input_set="0"/>
                                        </instance_material>
                                    </technique_common>
                                </bind_material>
                            </instance_geometry>
                            <node id="ID78" name="Mirror.2">
                                <translate sid="translate">-17.8796 9.58086 14.5804</translate>
                                <rotate sid="rotateY">0 1 0 0</rotate>
                                <rotate sid="rotateX">1 0 0 1.13745e-021</rotate>
                                <rotate sid="rotateZ">0 0 1 -360</rotate>
                                <scale sid="scale">1 1 1</scale>
                                <instance_geometry url="#ID79">
                                    <bind_material>
                                        <technique_common>
                                            <instance_material symbol="Material1" target="#ID1">
                                                <bind_vertex_input semantic="UVSET0" input_semantic="TEXCOORD" input_set="0"/>
                                            </instance_material>
                                        </technique_common>
                                    </bind_material>
                                </instance_geometry>
                            </node>
                        </node>
                    </node>
                    <node id="ID87" name="StepBac">
                        <translate sid="translate">2.35898e-006 11.6933 289.089</translate>
                        <rotate sid="rotateY">0 1 0 90</rotate>
                        <rotate sid="rotateX">1 0 0 0</rotate>
                        <rotate sid="rotateZ">0 0 1 -0</rotate>
                        <scale sid="scale">1 1 1</scale>
                        <instance_geometry url="#ID88">
                            <bind_material>
                                <technique_common>
                                    <instance_material symbol="Material1" target="#ID1">
                                        <bind_vertex_input semantic="UVSET0" input_semantic="TEXCOORD" input_set="0"/>
                                    </instance_material>
                                </technique_common>
                            </bind_material>
                        </instance_geometry>
                    </node>
                    <node id="ID96" name="StepW">
                        <translate sid="translate">108.672 70.5695 154.514</translate>
                        <rotate sid="rotateY">0 1 0 0</rotate>
                        <rotate sid="rotateX">1 0 0 0</rotate>
                        <rotate sid="rotateZ">0 0 1 -0</rotate>
                        <scale sid="scale">1 1 1</scale>
                        <instance_geometry url="#ID97">
                            <bind_material>
                                <technique_common>
                                    <instance_material symbol="Material1" target="#ID1">
                                        <bind_vertex_input semantic="UVSET0" input_semantic="TEXCOORD" input_set="0"/>
                                    </instance_material>
                                </technique_common>
                            </bind_material>
                        </instance_geometry>
                    </node>
                    <node id="ID105" name="StepR">
                        <translate sid="translate">108.672 9.03289 25.0727</translate>
                        <rotate sid="rotateY">0 1 0 0</rotate>
                        <rotate sid="rotateX">1 0 0 0</rotate>
                        <rotate sid="rotateZ">0 0 1 -0</rotate>
                        <scale sid="scale">1 1 1</scale>
                        <instance_geometry url="#ID106">
                            <bind_material>
                                <technique_common>
                                    <instance_material symbol="Material1" target="#ID1">
                                        <bind_vertex_input semantic="UVSET0" input_semantic="TEXCOORD" input_set="0"/>
                                    </instance_material>
                                </technique_common>
                            </bind_material>
                        </instance_geometry>
                    </node>
                    <node id="ID114" name="StepL">
                        <translate sid="translate">-108.672 9.03288 25.0727</translate>
                        <rotate sid="rotateY">0 1 0 0</rotate>
                        <rotate sid="rotateX">1 0 0 0</rotate>
                        <rotate sid="rotateZ">0 0 1 -0</rotate>
                        <scale sid="scale">1 1 1</scale>
                        <instance_geometry url="#ID115">
                            <bind_material>
                                <technique_common>
                                    <instance_material symbol="Material1" target="#ID1">
                                        <bind_vertex_input semantic="UVSET0" input_semantic="TEXCOORD" input_set="0"/>
                                    </instance_material>
                                </technique_common>
                            </bind_material>
                        </instance_geometry>
                    </node>
                    <node id="ID123" name="Lights">
                        <translate sid="translate">0.0635986 0 67.5294</translate>
                        <rotate sid="rotateY">0 1 0 0</rotate>
                        <rotate sid="rotateX">1 0 0 0</rotate>
                        <rotate sid="rotateZ">0 0 1 -0</rotate>
                        <scale sid="scale">1 1 1</scale>
                        <node id="ID124" name="LightRearFrameR">
                            <translate sid="translate">75.1438 49.3084 208.319</translate>
                            <rotate sid="rotateY">0 1 0 180</rotate>
                            <rotate sid="rotateX">1 0 0 7.01671e-015</rotate>
                            <rotate sid="rotateZ">0 0 1 -0</rotate>
                            <scale sid="scale">1 1 1</scale>
                            <instance_geometry url="#ID125">
                                <bind_material>
                                    <technique_common>
                                        <instance_material symbol="Material1" target="#ID1">
                                            <bind_vertex_input semantic="UVSET0" input_semantic="TEXCOORD" input_set="0"/>
                                        </instance_material>
                                    </technique_common>
                                </bind_material>
                            </instance_geometry>
                            <node id="ID133" name="Light">
                                <translate sid="translate">0 0 -0</translate>
                                <rotate sid="rotateY">0 1 0 0</rotate>
                                <rotate sid="rotateX">1 0 0 1.41245e-030</rotate>
                                <rotate sid="rotateZ">0 0 1 -0</rotate>
                                <scale sid="scale">1 1 1</scale>
                                <instance_geometry url="#ID134">
                                    <bind_material>
                                        <technique_common>
                                            <instance_material symbol="Material1" target="#ID1">
                                                <bind_vertex_input semantic="UVSET0" input_semantic="TEXCOORD" input_set="0"/>
                                            </instance_material>
                                        </technique_common>
                                    </bind_material>
                                </instance_geometry>
                            </node>
                        </node>
                        <node id="ID142" name="LightRearFrameL">
                            <translate sid="translate">-75.1442 49.3084 208.319</translate>
                            <rotate sid="rotateY">0 1 0 180</rotate>
                            <rotate sid="rotateX">1 0 0 7.01671e-015</rotate>
                            <rotate sid="rotateZ">0 0 1 -0</rotate>
                            <scale sid="scale">1 1 1</scale>
                            <instance_geometry url="#ID143">
                                <bind_material>
                                    <technique_common>
                                        <instance_material symbol="Material1" target="#ID1">
                                            <bind_vertex_input semantic="UVSET0" input_semantic="TEXCOORD" input_set="0"/>
                                        </instance_material>
                                    </technique_common>
                                </bind_material>
                            </instance_geometry>
                            <node id="ID151" name="Light.2">
                                <translate sid="translate">0 0 -0</translate>
                                <rotate sid="rotateY">0 1 0 0</rotate>
                                <rotate sid="rotateX">1 0 0 1.41245e-030</rotate>
                                <rotate sid="rotateZ">0 0 1 -0</rotate>
                                <scale sid="scale">1 1 1</scale>
                                <instance_geometry url="#ID152">
                                    <bind_material>
                                        <technique_common>
                                            <instance_material symbol="Material1" target="#ID1">
                                                <bind_vertex_input semantic="UVSET0" input_semantic="TEXCOORD" input_set="0"/>
                                            </instance_material>
                                        </technique_common>
                                    </bind_material>
                                </instance_geometry>
                            </node>
                        </node>
                    </node>
                    <node id="ID160" name="BumperRear">
                        <translate sid="translate">5.89697e-005 16.4891 279.164</translate>
                        <rotate sid="rotateY">0 1 0 180</rotate>
                        <rotate sid="rotateX">1 0 0 7.01671e-015</rotate>
                        <rotate sid="rotateZ">0 0 1 -0</rotate>
                        <scale sid="scale">1 1 1</scale>
                        <instance_geometry url="#ID161">
                            <bind_material>
                                <technique_common>
                                    <instance_material symbol="Material1" target="#ID1">
                                        <bind_vertex_input semantic="UVSET0" input_semantic="TEXCOORD" input_set="0"/>
                                    </instance_material>
                                </technique_common>
                            </bind_material>
                        </instance_geometry>
                    </node>
                    <node id="ID169" name="BumperFront">
                        <translate sid="translate">0 9.06467 -111.375</translate>
                        <rotate sid="rotateY">0 1 0 0</rotate>
                        <rotate sid="rotateX">1 0 0 0</rotate>
                        <rotate sid="rotateZ">0 0 1 -0</rotate>
                        <scale sid="scale">1 1 1</scale>
                        <instance_geometry url="#ID170">
                            <bind_material>
                                <technique_common>
                                    <instance_material symbol="Material1" target="#ID1">
                                        <bind_vertex_input semantic="UVSET0" input_semantic="TEXCOORD" input_set="0"/>
                                    </instance_material>
                                </technique_common>
                            </bind_material>
                        </instance_geometry>
                    </node>
                </node>
                <node id="ID178" name="Interiors">
                    <translate sid="translate">0 0 -0</translate>
                    <rotate sid="rotateY">0 1 0 0</rotate>
                    <rotate sid="rotateX">1 0 0 0</rotate>
                    <rotate sid="rotateZ">0 0 1 -0</rotate>
                    <scale sid="scale">1 1 1</scale>
                    <node id="ID179" name="Interior">
                        <translate sid="translate">0 4.22418 -0</translate>
                        <rotate sid="rotateY">0 1 0 0</rotate>
                        <rotate sid="rotateX">1 0 0 0</rotate>
                        <rotate sid="rotateZ">0 0 1 -0</rotate>
                        <scale sid="scale">1 1 1</scale>
                        <instance_geometry url="#ID180">
                            <bind_material>
                                <technique_common>
                                    <instance_material symbol="Material1" target="#ID1">
                                        <bind_vertex_input semantic="UVSET0" input_semantic="TEXCOORD" input_set="0"/>
                                    </instance_material>
                                </technique_common>
                            </bind_material>
                        </instance_geometry>
                        <node id="ID188" name="Instruments">
                            <translate sid="translate">-56.9339 62.6868 -18.0758</translate>
                            <rotate sid="rotateY">0 1 0 0</rotate>
                            <rotate sid="rotateX">1 0 0 0</rotate>
                            <rotate sid="rotateZ">0 0 1 -0</rotate>
                            <scale sid="scale">1 1 1</scale>
                            <instance_geometry url="#ID189">
                                <bind_material>
                                    <technique_common>
                                        <instance_material symbol="Material1" target="#ID1">
                                            <bind_vertex_input semantic="UVSET0" input_semantic="TEXCOORD" input_set="0"/>
                                        </instance_material>
                                    </technique_common>
                                </bind_material>
                            </instance_geometry>
                            <node id="ID197" name="GearLever">
                                <translate sid="translate">40.1713 -50.216 17.4875</translate>
                                <rotate sid="rotateY">0 1 0 1.00179e-005</rotate>
                                <rotate sid="rotateX">1 0 0 0</rotate>
                                <rotate sid="rotateZ">0 0 1 -360</rotate>
                                <scale sid="scale">1 1 1</scale>
                                <instance_geometry url="#ID198">
                                    <bind_material>
                                        <technique_common>
                                            <instance_material symbol="Material1" target="#ID1">
                                                <bind_vertex_input semantic="UVSET0" input_semantic="TEXCOORD" input_set="0"/>
                                            </instance_material>
                                        </technique_common>
                                    </bind_material>
                                </instance_geometry>
                            </node>
                            <node id="ID206" name="Dash">
                                <translate sid="translate">0 0 -0</translate>
                                <rotate sid="rotateY">0 1 0 0</rotate>
                                <rotate sid="rotateX">1 0 0 0</rotate>
                                <rotate sid="rotateZ">0 0 1 -0</rotate>
                                <scale sid="scale">1 1 1</scale>
                                <instance_geometry url="#ID207">
                                    <bind_material>
                                        <technique_common>
                                            <instance_material symbol="Material1" target="#ID1">
                                                <bind_vertex_input semantic="UVSET0" input_semantic="TEXCOORD" input_set="0"/>
                                            </instance_material>
                                        </technique_common>
                                    </bind_material>
                                </instance_geometry>
                            </node>
                        </node>
                        <node id="ID215" name="SteeringWheel">
                            <translate sid="translate">-56.4218 54.4439 -2.78065</translate>
                            <rotate sid="rotateY">0 1 0 180</rotate>
                            <rotate sid="rotateX">1 0 0 -74.3026</rotate>
                            <rotate sid="rotateZ">0 0 1 -180</rotate>
                            <scale sid="scale">1 1 1</scale>
                            <node id="ID216" name="SteeringWheel.2">
                                <translate sid="translate">-0.0823592 -0.12181 3.44702</translate>
                                <rotate sid="rotateY">0 1 0 1.54203e-006</rotate>
                                <rotate sid="rotateX">1 0 0 0.000274202</rotate>
                                <rotate sid="rotateZ">0 0 1 -180</rotate>
                                <scale sid="scale">1 1 1</scale>
                                <instance_geometry url="#ID217">
                                    <bind_material>
                                        <technique_common>
                                            <instance_material symbol="Material1" target="#ID1">
                                                <bind_vertex_input semantic="UVSET0" input_semantic="TEXCOORD" input_set="0"/>
                                            </instance_material>
                                        </technique_common>
                                    </bind_material>
                                </instance_geometry>
                                <node id="ID225" name="Torus">
                                    <translate sid="translate">3.8147e-006 -2.54963e-006 -1.36707</translate>
                                    <rotate sid="rotateY">0 1 0 0</rotate>
                                    <rotate sid="rotateX">1 0 0 1.90197e-012</rotate>
                                    <rotate sid="rotateZ">0 0 1 -0</rotate>
                                    <scale sid="scale">1 1 1</scale>
                                    <instance_geometry url="#ID226">
                                        <bind_material>
                                            <technique_common>
                                                <instance_material symbol="Material1" target="#ID1">
                                                    <bind_vertex_input semantic="UVSET0" input_semantic="TEXCOORD" input_set="0"/>
                                                </instance_material>
                                            </technique_common>
                                        </bind_material>
                                    </instance_geometry>
                                </node>
                            </node>
                        </node>
                        <node id="ID234" name="Pedals">
                            <translate sid="translate">-56.3124 36.504 -28.9557</translate>
                            <rotate sid="rotateY">0 1 0 0</rotate>
                            <rotate sid="rotateX">1 0 0 0</rotate>
                            <rotate sid="rotateZ">0 0 1 -0</rotate>
                            <scale sid="scale">1 1 1</scale>
                            <node id="ID235" name="Clutch">
                                <translate sid="translate">-15.9055 0.515419 -0.0245361</translate>
                                <rotate sid="rotateY">0 1 0 0</rotate>
                                <rotate sid="rotateX">1 0 0 -24.5825</rotate>
                                <rotate sid="rotateZ">0 0 1 -0</rotate>
                                <scale sid="scale">1 1 1</scale>
                                <instance_geometry url="#ID236">
                                    <bind_material>
                                        <technique_common>
                                            <instance_material symbol="Material1" target="#ID1">
                                                <bind_vertex_input semantic="UVSET0" input_semantic="TEXCOORD" input_set="0"/>
                                            </instance_material>
                                        </technique_common>
                                    </bind_material>
                                </instance_geometry>
                            </node>
                            <node id="ID244" name="Brake">
                                <translate sid="translate">1.1511 0.515419 -0.0245361</translate>
                                <rotate sid="rotateY">0 1 0 0</rotate>
                                <rotate sid="rotateX">1 0 0 -24.5825</rotate>
                                <rotate sid="rotateZ">0 0 1 -0</rotate>
                                <scale sid="scale">1 1 1</scale>
                                <instance_geometry url="#ID245">
                                    <bind_material>
                                        <technique_common>
                                            <instance_material symbol="Material1" target="#ID1">
                                                <bind_vertex_input semantic="UVSET0" input_semantic="TEXCOORD" input_set="0"/>
                                            </instance_material>
                                        </technique_common>
                                    </bind_material>
                                </instance_geometry>
                            </node>
                            <node id="ID253" name="Gas">
                                <translate sid="translate">17.3033 0.515335 -0.0249786</translate>
                                <rotate sid="rotateY">0 1 0 0</rotate>
                                <rotate sid="rotateX">1 0 0 -24.5825</rotate>
                                <rotate sid="rotateZ">0 0 1 -0</rotate>
                                <scale sid="scale">1 1 1</scale>
                                <instance_geometry url="#ID254">
                                    <bind_material>
                                        <technique_common>
                                            <instance_material symbol="Material1" target="#ID1">
                                                <bind_vertex_input semantic="UVSET0" input_semantic="TEXCOORD" input_set="0"/>
                                            </instance_material>
                                        </technique_common>
                                    </bind_material>
                                </instance_geometry>
                            </node>
                        </node>
                        <node id="ID262" name="SeatR">
                            <translate sid="translate">55.098 18.9956 41.9302</translate>
                            <rotate sid="rotateY">0 1 0 0</rotate>
                            <rotate sid="rotateX">1 0 0 0</rotate>
                            <rotate sid="rotateZ">0 0 1 -0</rotate>
                            <scale sid="scale">1 1 1</scale>
                            <instance_geometry url="#ID263">
                                <bind_material>
                                    <technique_common>
                                        <instance_material symbol="Material1" target="#ID1">
                                            <bind_vertex_input semantic="UVSET0" input_semantic="TEXCOORD" input_set="0"/>
                                        </instance_material>
                                    </technique_common>
                                </bind_material>
                            </instance_geometry>
                        </node>
                        <node id="ID271" name="SeatL">
                            <translate sid="translate">-55.0976 18.9956 41.9302</translate>
                            <rotate sid="rotateY">0 1 0 0</rotate>
                            <rotate sid="rotateX">1 0 0 0</rotate>
                            <rotate sid="rotateZ">0 0 1 -0</rotate>
                            <scale sid="scale">1 1 1</scale>
                            <instance_geometry url="#ID272">
                                <bind_material>
                                    <technique_common>
                                        <instance_material symbol="Material1" target="#ID1">
                                            <bind_vertex_input semantic="UVSET0" input_semantic="TEXCOORD" input_set="0"/>
                                        </instance_material>
                                    </technique_common>
                                </bind_material>
                            </instance_geometry>
                        </node>
                    </node>
                    <node id="ID280" name="EngineBay">
                        <translate sid="translate">0 4.22418 -0</translate>
                        <rotate sid="rotateY">0 1 0 0</rotate>
                        <rotate sid="rotateX">1 0 0 0</rotate>
                        <rotate sid="rotateZ">0 0 1 -0</rotate>
                        <scale sid="scale">1 1 1</scale>
                        <instance_geometry url="#ID281">
                            <bind_material>
                                <technique_common>
                                    <instance_material symbol="Material1" target="#ID1">
                                        <bind_vertex_input semantic="UVSET0" input_semantic="TEXCOORD" input_set="0"/>
                                    </instance_material>
                                </technique_common>
                            </bind_material>
                        </instance_geometry>
                    </node>
                </node>
                <node id="ID289" name="Doors">
                    <translate sid="translate">0 0 -0</translate>
                    <rotate sid="rotateY">0 1 0 0</rotate>
                    <rotate sid="rotateX">1 0 0 0</rotate>
                    <rotate sid="rotateZ">0 0 1 -0</rotate>
                    <scale sid="scale">1 1 1</scale>
                    <node id="ID290" name="WindowShutter">
                        <translate sid="translate">101.853 193.163 155.74</translate>
                        <rotate sid="rotateY">0 1 0 0</rotate>
                        <rotate sid="rotateX">1 0 0 0</rotate>
                        <rotate sid="rotateZ">0 0 1 -0</rotate>
                        <scale sid="scale">1 1 1</scale>
                        <instance_geometry url="#ID291">
                            <bind_material>
                                <technique_common>
                                    <instance_material symbol="Material1" target="#ID1">
                                        <bind_vertex_input semantic="UVSET0" input_semantic="TEXCOORD" input_set="0"/>
                                    </instance_material>
                                </technique_common>
                            </bind_material>
                        </instance_geometry>
                    </node>
                    <node id="ID299" name="DoorR">
                        <translate sid="translate">-6.54219e-006 41.6411 -15.0528</translate>
                        <rotate sid="rotateY">0 1 0 0</rotate>
                        <rotate sid="rotateX">1 0 0 0</rotate>
                        <rotate sid="rotateZ">0 0 1 -0</rotate>
                        <scale sid="scale">1 1 1</scale>
                        <instance_geometry url="#ID300">
                            <bind_material>
                                <technique_common>
                                    <instance_material symbol="Material1" target="#ID1">
                                        <bind_vertex_input semantic="UVSET0" input_semantic="TEXCOORD" input_set="0"/>
                                    </instance_material>
                                </technique_common>
                            </bind_material>
                        </instance_geometry>
                        <node id="ID308" name="Handle.1">
                            <translate sid="translate">100.176 9.13728 5.67929</translate>
                            <rotate sid="rotateY">0 1 0 0</rotate>
                            <rotate sid="rotateX">1 0 0 0</rotate>
                            <rotate sid="rotateZ">0 0 1 -0</rotate>
                            <scale sid="scale">1 1 1</scale>
                            <instance_geometry url="#ID309">
                                <bind_material>
                                    <technique_common>
                                        <instance_material symbol="Material1" target="#ID1">
                                            <bind_vertex_input semantic="UVSET0" input_semantic="TEXCOORD" input_set="0"/>
                                        </instance_material>
                                    </technique_common>
                                </bind_material>
                            </instance_geometry>
                        </node>
                        <node id="ID317" name="Window">
                            <translate sid="translate">0 0 -0</translate>
                            <rotate sid="rotateY">0 1 0 0</rotate>
                            <rotate sid="rotateX">1 0 0 0</rotate>
                            <rotate sid="rotateZ">0 0 1 -0</rotate>
                            <scale sid="scale">1 1 1</scale>
                            <instance_geometry url="#ID318">
                                <bind_material>
                                    <technique_common>
                                        <instance_material symbol="Material1" target="#ID1">
                                            <bind_vertex_input semantic="UVSET0" input_semantic="TEXCOORD" input_set="0"/>
                                        </instance_material>
                                    </technique_common>
                                </bind_material>
                            </instance_geometry>
                        </node>
                    </node>
                    <node id="ID326" name="DoorL">
                        <translate sid="translate">-6.54219e-006 41.6411 -15.0528</translate>
                        <rotate sid="rotateY">0 1 0 0</rotate>
                        <rotate sid="rotateX">1 0 0 0</rotate>
                        <rotate sid="rotateZ">0 0 1 -0</rotate>
                        <scale sid="scale">1 1 1</scale>
                        <instance_geometry url="#ID327">
                            <bind_material>
                                <technique_common>
                                    <instance_material symbol="Material1" target="#ID1">
                                        <bind_vertex_input semantic="UVSET0" input_semantic="TEXCOORD" input_set="0"/>
                                    </instance_material>
                                </technique_common>
                            </bind_material>
                        </instance_geometry>
                        <node id="ID335" name="Handle">
                            <translate sid="translate">-100.176 9.13728 5.67929</translate>
                            <rotate sid="rotateY">0 1 0 0</rotate>
                            <rotate sid="rotateX">1 0 0 0</rotate>
                            <rotate sid="rotateZ">0 0 1 -0</rotate>
                            <scale sid="scale">1 1 1</scale>
                            <instance_geometry url="#ID336">
                                <bind_material>
                                    <technique_common>
                                        <instance_material symbol="Material1" target="#ID1">
                                            <bind_vertex_input semantic="UVSET0" input_semantic="TEXCOORD" input_set="0"/>
                                        </instance_material>
                                    </technique_common>
                                </bind_material>
                            </instance_geometry>
                        </node>
                        <node id="ID344" name="Window.2">
                            <translate sid="translate">0 0 -0</translate>
                            <rotate sid="rotateY">0 1 0 0</rotate>
                            <rotate sid="rotateX">1 0 0 0</rotate>
                            <rotate sid="rotateZ">0 0 1 -0</rotate>
                            <scale sid="scale">1 1 1</scale>
                            <instance_geometry url="#ID345">
                                <bind_material>
                                    <technique_common>
                                        <instance_material symbol="Material1" target="#ID1">
                                            <bind_vertex_input semantic="UVSET0" input_semantic="TEXCOORD" input_set="0"/>
                                        </instance_material>
                                    </technique_common>
                                </bind_material>
                            </instance_geometry>
                        </node>
                    </node>
                    <node id="ID353" name="DoorBackR">
                        <translate sid="translate">56.6125 63.0808 273.859</translate>
                        <rotate sid="rotateY">0 1 0 0</rotate>
                        <rotate sid="rotateX">1 0 0 -10.6195</rotate>
                        <rotate sid="rotateZ">0 0 1 -0</rotate>
                        <scale sid="scale">1 1 1</scale>
                        <instance_geometry url="#ID354">
                            <bind_material>
                                <technique_common>
                                    <instance_material symbol="Material1" target="#ID1">
                                        <bind_vertex_input semantic="UVSET0" input_semantic="TEXCOORD" input_set="0"/>
                                    </instance_material>
                                </technique_common>
                            </bind_material>
                        </instance_geometry>
                        <node id="ID362" name="Handle.2">
                            <translate sid="translate">-49.2005 -12.4196 -0.518135</translate>
                            <rotate sid="rotateY">0 1 0 0</rotate>
                            <rotate sid="rotateX">1 0 0 10.6195</rotate>
                            <rotate sid="rotateZ">0 0 1 -0</rotate>
                            <scale sid="scale">1 1 1</scale>
                            <instance_geometry url="#ID363">
                                <bind_material>
                                    <technique_common>
                                        <instance_material symbol="Material1" target="#ID1">
                                            <bind_vertex_input semantic="UVSET0" input_semantic="TEXCOORD" input_set="0"/>
                                        </instance_material>
                                    </technique_common>
                                </bind_material>
                            </instance_geometry>
                        </node>
                        <node id="ID371" name="Window.3">
                            <translate sid="translate">-56.6125 -7.37997 -280.015</translate>
                            <rotate sid="rotateY">0 1 0 0</rotate>
                            <rotate sid="rotateX">1 0 0 10.6195</rotate>
                            <rotate sid="rotateZ">0 0 1 -0</rotate>
                            <scale sid="scale">1 1 1</scale>
                            <instance_geometry url="#ID372">
                                <bind_material>
                                    <technique_common>
                                        <instance_material symbol="Material1" target="#ID1">
                                            <bind_vertex_input semantic="UVSET0" input_semantic="TEXCOORD" input_set="0"/>
                                        </instance_material>
                                    </technique_common>
                                </bind_material>
                            </instance_geometry>
                        </node>
                    </node>
                    <node id="ID380" name="DoorBackL">
                        <translate sid="translate">-56.613 63.0808 273.859</translate>
                        <rotate sid="rotateY">0 1 0 0</rotate>
                        <rotate sid="rotateX">1 0 0 -10.6195</rotate>
                        <rotate sid="rotateZ">0 0 1 -0</rotate>
                        <scale sid="scale">1 1 1</scale>
                        <instance_geometry url="#ID381">
                            <bind_material>
                                <technique_common>
                                    <instance_material symbol="Material1" target="#ID1">
                                        <bind_vertex_input semantic="UVSET0" input_semantic="TEXCOORD" input_set="0"/>
                                    </instance_material>
                                </technique_common>
                            </bind_material>
                        </instance_geometry>
                        <node id="ID389" name="Handle.3">
                            <translate sid="translate">49.2007 -12.4196 -0.518135</translate>
                            <rotate sid="rotateY">0 1 0 0</rotate>
                            <rotate sid="rotateX">1 0 0 10.6195</rotate>
                            <rotate sid="rotateZ">0 0 1 -0</rotate>
                            <scale sid="scale">1 1 1</scale>
                            <instance_geometry url="#ID390">
                                <bind_material>
                                    <technique_common>
                                        <instance_material symbol="Material1" target="#ID1">
                                            <bind_vertex_input semantic="UVSET0" input_semantic="TEXCOORD" input_set="0"/>
                                        </instance_material>
                                    </technique_common>
                                </bind_material>
                            </instance_geometry>
                        </node>
                        <node id="ID398" name="Window.4">
                            <translate sid="translate">56.613 -7.37997 -280.015</translate>
                            <rotate sid="rotateY">0 1 0 0</rotate>
                            <rotate sid="rotateX">1 0 0 10.6195</rotate>
                            <rotate sid="rotateZ">0 0 1 -0</rotate>
                            <scale sid="scale">1 1 1</scale>
                            <instance_geometry url="#ID399">
                                <bind_material>
                                    <technique_common>
                                        <instance_material symbol="Material1" target="#ID1">
                                            <bind_vertex_input semantic="UVSET0" input_semantic="TEXCOORD" input_set="0"/>
                                        </instance_material>
                                    </technique_common>
                                </bind_material>
                            </instance_geometry>
                        </node>
                    </node>
                    <node id="ID407" name="Hood">
                        <translate sid="translate">0 19.6226 -104.935</translate>
                        <rotate sid="rotateY">0 1 0 0</rotate>
                        <rotate sid="rotateX">1 0 0 0</rotate>
                        <rotate sid="rotateZ">0 0 1 -0</rotate>
                        <scale sid="scale">1 1 1</scale>
                        <instance_geometry url="#ID408">
                            <bind_material>
                                <technique_common>
                                    <instance_material symbol="Material1" target="#ID1">
                                        <bind_vertex_input semantic="UVSET0" input_semantic="TEXCOORD" input_set="0"/>
                                    </instance_material>
                                </technique_common>
                            </bind_material>
                        </instance_geometry>
                        <node id="ID416" name="Grille">
                            <translate sid="translate">-1.56152e-005 16.2047 1.52067</translate>
                            <rotate sid="rotateY">0 1 0 180</rotate>
                            <rotate sid="rotateX">1 0 0 7.01671e-015</rotate>
                            <rotate sid="rotateZ">0 0 1 -0</rotate>
                            <scale sid="scale">1 1 1</scale>
                            <instance_geometry url="#ID417">
                                <bind_material>
                                    <technique_common>
                                        <instance_material symbol="Material1" target="#ID1">
                                            <bind_vertex_input semantic="UVSET0" input_semantic="TEXCOORD" input_set="0"/>
                                        </instance_material>
                                    </technique_common>
                                </bind_material>
                            </instance_geometry>
                        </node>
                        <node id="ID425" name="LightFrontFrame.1">
                            <translate sid="translate">74.3565 11.3854 -1.21267</translate>
                            <rotate sid="rotateY">0 1 0 2.03555e-013</rotate>
                            <rotate sid="rotateX">1 0 0 1.00179e-005</rotate>
                            <rotate sid="rotateZ">0 0 1 -1.00296e-005</rotate>
                            <scale sid="scale">1 1 1</scale>
                            <instance_geometry url="#ID426">
                                <bind_material>
                                    <technique_common>
                                        <instance_material symbol="Material1" target="#ID1">
                                            <bind_vertex_input semantic="UVSET0" input_semantic="TEXCOORD" input_set="0"/>
                                        </instance_material>
                                    </technique_common>
                                </bind_material>
                            </instance_geometry>
                            <node id="ID434" name="Light.3">
                                <translate sid="translate">-1.33582e-012 7.62939e-006 -7.6294e-006</translate>
                                <rotate sid="rotateY">0 1 0 7.23174e-028</rotate>
                                <rotate sid="rotateX">1 0 0 0</rotate>
                                <rotate sid="rotateZ">0 0 1 -360</rotate>
                                <scale sid="scale">1 1 1</scale>
                                <instance_geometry url="#ID435">
                                    <bind_material>
                                        <technique_common>
                                            <instance_material symbol="Material1" target="#ID1">
                                                <bind_vertex_input semantic="UVSET0" input_semantic="TEXCOORD" input_set="0"/>
                                            </instance_material>
                                        </technique_common>
                                    </bind_material>
                                </instance_geometry>
                            </node>
                        </node>
                        <node id="ID443" name="LightFrontFrame">
                            <translate sid="translate">-74.3569 11.3855 -1.2127</translate>
                            <rotate sid="rotateY">0 1 0 2.03555e-013</rotate>
                            <rotate sid="rotateX">1 0 0 1.00179e-005</rotate>
                            <rotate sid="rotateZ">0 0 1 -1.00296e-005</rotate>
                            <scale sid="scale">1 1 1</scale>
                            <instance_geometry url="#ID444">
                                <bind_material>
                                    <technique_common>
                                        <instance_material symbol="Material1" target="#ID1">
                                            <bind_vertex_input semantic="UVSET0" input_semantic="TEXCOORD" input_set="0"/>
                                        </instance_material>
                                    </technique_common>
                                </bind_material>
                            </instance_geometry>
                            <node id="ID452" name="Light.4">
                                <translate sid="translate">0 1.33227e-012 7.62939e-006</translate>
                                <rotate sid="rotateY">0 1 0 7.23174e-028</rotate>
                                <rotate sid="rotateX">1 0 0 0</rotate>
                                <rotate sid="rotateZ">0 0 1 -360</rotate>
                                <scale sid="scale">1 1 1</scale>
                                <instance_geometry url="#ID453">
                                    <bind_material>
                                        <technique_common>
                                            <instance_material symbol="Material1" target="#ID1">
                                                <bind_vertex_input semantic="UVSET0" input_semantic="TEXCOORD" input_set="0"/>
                                            </instance_material>
                                        </technique_common>
                                    </bind_material>
                                </instance_geometry>
                            </node>
                        </node>
                    </node>
                </node>
                <node id="ID461" name="WIndows">
                    <translate sid="translate">0 0 -0</translate>
                    <rotate sid="rotateY">0 1 0 0</rotate>
                    <rotate sid="rotateX">1 0 0 0</rotate>
                    <rotate sid="rotateZ">0 0 1 -0</rotate>
                    <scale sid="scale">1 1 1</scale>
                    <node id="ID462" name="WIndowFront.1">
                        <translate sid="translate">0 4.22418 1.4697</translate>
                        <rotate sid="rotateY">0 1 0 0</rotate>
                        <rotate sid="rotateX">1 0 0 0</rotate>
                        <rotate sid="rotateZ">0 0 1 -0</rotate>
                        <scale sid="scale">1 1 1</scale>
                        <instance_geometry url="#ID463">
                            <bind_material>
                                <technique_common>
                                    <instance_material symbol="Material1" target="#ID1">
                                        <bind_vertex_input semantic="UVSET0" input_semantic="TEXCOORD" input_set="0"/>
                                    </instance_material>
                                </technique_common>
                            </bind_material>
                        </instance_geometry>
                    </node>
                </node>
                <node id="ID471" name="WheelMeshes">
                    <translate sid="translate">0 29.1383 21.3171</translate>
                    <rotate sid="rotateY">0 1 0 0</rotate>
                    <rotate sid="rotateX">1 0 0 0</rotate>
                    <rotate sid="rotateZ">0 0 1 -0</rotate>
                    <scale sid="scale">1 1 1</scale>
                    <node id="ID472" name="WheelRR">
                        <translate sid="translate">94.037 -22.3454 201.234</translate>
                        <rotate sid="rotateY">0 1 0 6.91078e-013</rotate>
                        <rotate sid="rotateX">1 0 0 0</rotate>
                        <rotate sid="rotateZ">0 0 1 -360</rotate>
                        <scale sid="scale">1 1 1</scale>
                        <instance_geometry url="#ID473">
                            <bind_material>
                                <technique_common>
                                    <instance_material symbol="Material1" target="#ID1">
                                        <bind_vertex_input semantic="UVSET0" input_semantic="TEXCOORD" input_set="0"/>
                                    </instance_material>
                                </technique_common>
                            </bind_material>
                        </instance_geometry>
                    </node>
                    <node id="ID481" name="WheelFL">
                        <translate sid="translate">-94.0369 -22.3453 201.234</translate>
                        <rotate sid="rotateY">0 1 0 180</rotate>
                        <rotate sid="rotateX">1 0 0 8.21239e-013</rotate>
                        <rotate sid="rotateZ">0 0 1 -0</rotate>
                        <scale sid="scale">1 1 1</scale>
                        <instance_geometry url="#ID482">
                            <bind_material>
                                <technique_common>
                                    <instance_material symbol="Material1" target="#ID1">
                                        <bind_vertex_input semantic="UVSET0" input_semantic="TEXCOORD" input_set="0"/>
                                    </instance_material>
                                </technique_common>
                            </bind_material>
                        </instance_geometry>
                    </node>
                    <node id="ID490" name="WheelFR">
                        <translate sid="translate">94.037 -22.3454 -88.2511</translate>
                        <rotate sid="rotateY">0 1 0 6.91078e-013</rotate>
                        <rotate sid="rotateX">1 0 0 0</rotate>
                        <rotate sid="rotateZ">0 0 1 -360</rotate>
                        <scale sid="scale">1 1 1</scale>
                        <instance_geometry url="#ID491">
                            <bind_material>
                                <technique_common>
                                    <instance_material symbol="Material1" target="#ID1">
                                        <bind_vertex_input semantic="UVSET0" input_semantic="TEXCOORD" input_set="0"/>
                                    </instance_material>
                                </technique_common>
                            </bind_material>
                        </instance_geometry>
                    </node>
                    <node id="ID499" name="WheelFL.2">
                        <translate sid="translate">-94.0369 -22.3453 -88.2511</translate>
                        <rotate sid="rotateY">0 1 0 180</rotate>
                        <rotate sid="rotateX">1 0 0 8.21239e-013</rotate>
                        <rotate sid="rotateZ">0 0 1 -0</rotate>
                        <scale sid="scale">1 1 1</scale>
                        <instance_geometry url="#ID500">
                            <bind_material>
                                <technique_common>
                                    <instance_material symbol="Material1" target="#ID1">
                                        <bind_vertex_input semantic="UVSET0" input_semantic="TEXCOORD" input_set="0"/>
                                    </instance_material>
                                </technique_common>
                            </bind_material>
                        </instance_geometry>
                    </node>
                </node>
            </node>
        </visual_scene>
    </library_visual_scenes>
    <scene>
        <instance_visual_scene url="#ID3"/>
    </scene>
</COLLADA>
