# Blender 3.6.23
# www.blender.org
mtllib Human_Body_Base_Mesh_Male_3.6v.mtl
o Body
v 0.202957 1.539106 -0.036076
v 0.104241 1.131423 -0.030513
v 0.195829 1.529168 0.040982
v 0.134255 1.144179 0.100801
v 0.134350 1.004602 -0.051174
v 0.144324 1.031796 0.107670
v 0.149362 0.866810 -0.076870
v 0.132956 0.871916 0.117824
v 0.000000 1.145677 -0.045718
v 0.065516 1.518481 0.053271
v 0.000000 1.158620 0.174446
v 0.000000 0.969393 0.150886
v 0.000000 0.881852 -0.070751
v 0.000000 0.838816 0.070925
v 0.087650 1.558741 -0.040152
v 0.051307 0.979102 0.138828
v 0.039032 0.840952 0.060396
v 0.048237 1.146767 -0.048160
v 0.031541 0.822226 -0.089799
v 0.091559 0.197844 0.021980
v 0.118057 0.197587 0.044813
v 0.158817 0.194608 -0.027102
v 0.113431 0.197595 -0.045873
v 0.143639 1.297904 -0.081086
v 0.188301 1.300358 0.104253
v 0.000000 1.328030 -0.091134
v 0.000000 1.339301 0.164673
v 0.079844 1.327884 0.196790
v 0.078765 1.317694 -0.108148
v 0.191286 1.390067 -0.084789
v 0.227957 1.372427 0.067967
v 0.000000 1.401107 -0.091915
v 0.000000 1.405902 0.141645
v 0.088332 1.394713 0.176215
v 0.089528 1.401545 -0.112217
v 0.656192 1.419505 0.027189
v 0.152262 1.130940 0.007786
v 0.156495 1.035540 0.007606
v 0.201365 0.871849 0.013655
v 0.152425 0.193508 0.029839
v 0.179756 1.273814 0.022242
v 0.218345 1.381898 0.004694
v 0.188232 1.534304 0.006218
v 0.057079 1.563586 -0.044478
v 0.193295 1.275877 -0.016231
v 0.133564 1.209409 -0.061239
v 0.073562 1.565417 -0.030389
v 0.027836 1.320186 -0.101810
v 0.224301 1.361544 -0.027646
v 0.070246 1.243352 -0.090797
v 0.027821 1.409056 -0.110723
v 0.034924 1.270072 -0.091121
v 0.074602 1.280619 -0.099589
v 0.131221 1.115863 0.100650
v 0.102770 1.069082 -0.044687
v 0.000000 1.073355 -0.040666
v 0.000000 1.107454 0.149336
v 0.042712 1.086097 -0.050686
v 0.144039 1.103380 0.014217
v 0.000000 1.276208 -0.083172
v 0.015043 1.075055 -0.051088
v 0.019453 1.149703 -0.048207
v 0.159655 1.343743 -0.080076
v 0.216274 1.331107 0.093224
v 0.000000 1.363188 -0.091997
v 0.000000 1.371559 0.155370
v 0.083821 1.363380 0.185597
v 0.083577 1.355393 -0.106839
v 0.200327 1.321920 0.018867
v 0.029104 1.358694 -0.105135
v 0.207959 1.319675 -0.020514
v 0.205149 1.322899 0.057062
v 0.159199 1.264020 0.099756
v 0.175999 1.273595 0.074623
v 0.000000 1.295820 0.177786
v 0.071893 1.276026 0.183294
v 0.223820 1.373536 0.034887
v 0.102526 1.185370 0.151970
v 0.266188 1.524143 -0.020967
v 0.298809 1.409374 -0.081738
v 0.258059 1.523475 0.032026
v 0.297422 1.391260 0.032377
v 0.302377 1.375000 -0.012048
v 0.265689 1.521329 0.008666
v 0.301765 1.375701 -0.038789
v 0.300316 1.379200 0.009316
v 0.025358 1.439474 0.131906
v 0.025788 1.484519 0.084012
v 0.092761 1.437666 0.132829
v 0.256678 1.497760 0.075744
v 0.209728 1.502703 0.083482
v 0.028534 1.474153 -0.093451
v 0.000000 1.461881 -0.088974
v 0.317011 1.488002 -0.054392
v 0.326242 1.501661 -0.000231
v 0.305804 1.476954 0.047496
v 0.129174 1.534420 -0.051797
v 0.115918 1.476806 -0.104207
v 0.199153 1.478561 -0.093708
v 0.122467 1.544612 -0.017313
v 0.000000 1.450711 0.122753
v 0.170344 1.522433 0.045203
v 0.154805 1.506034 0.072859
v 0.093440 1.467045 0.104334
v 0.159578 1.204062 0.103780
v 0.162389 1.213269 -0.002239
v 0.000000 1.249066 0.185012
v 0.056522 1.234032 0.198352
v 0.175949 1.208251 0.055396
v 0.158443 1.055827 0.016763
v 0.144180 1.320889 0.162703
v 0.136856 1.063832 0.108440
v 0.155803 1.385153 0.147614
v 0.099857 1.035708 0.121792
v 0.093665 1.148099 0.142547
v 0.115143 1.210848 0.157345
v 0.149859 1.357731 0.155541
v 0.125178 1.261921 0.141601
v 0.089001 1.108472 0.138328
v 0.023420 1.004745 -0.113003
v 0.167306 1.500342 0.084298
v 0.056446 0.974945 -0.127863
v 0.000000 0.986753 -0.109743
v 0.000000 0.905487 -0.124343
v 0.125738 0.884584 -0.116055
v 0.114051 0.976280 -0.104095
v 0.045580 0.875373 -0.129775
v 0.000000 1.015644 -0.083360
v 0.056367 1.032304 -0.090551
v 0.026228 1.027595 -0.091747
v 0.100572 1.029023 -0.079700
v 0.117118 0.447406 0.066250
v 0.161241 0.455004 -0.034599
v 0.099696 0.464294 -0.039685
v 0.088365 0.461486 0.058916
v 0.150252 0.459032 0.043608
v 0.164315 0.519240 -0.048707
v 0.090872 0.514455 -0.049859
v 0.126783 0.516244 0.076549
v 0.076508 0.500980 0.059700
v 0.151211 0.492263 0.051564
v 0.132118 0.662449 -0.086461
v 0.061777 0.706060 -0.072896
v 0.123349 0.681151 0.119317
v 0.027961 0.661834 0.065998
v 0.196096 0.675997 0.013036
v 0.000000 0.848137 0.001000
v 0.012307 0.837797 0.008058
v 0.087499 0.199698 -0.002372
v 0.023848 0.656785 0.009300
v 0.111983 1.536248 0.008368
v 0.168922 1.530393 0.020620
v 0.096584 1.542742 0.008181
v 0.298427 1.509144 0.008578
v 0.208209 1.516694 -0.071936
v 0.283625 1.502692 0.046705
v 0.293171 1.512172 -0.037848
v 0.204249 1.517912 0.070209
v 0.100881 1.536740 -0.062784
v 0.022806 1.407374 0.166661
v 0.021508 1.463441 0.113449
v 0.020496 1.344519 0.189326
v 0.021168 1.376785 0.179585
v 0.020885 1.315203 0.195338
v 0.073117 1.289871 0.201771
v 0.130031 1.276149 0.163582
v 0.170475 1.277338 0.123609
v 0.049767 1.198142 0.192435
v 0.000000 1.205802 0.179069
v 0.147711 1.175647 0.103273
v 0.154935 1.169467 -0.000021
v 0.138259 1.248525 -0.078166
v 0.173342 1.240566 -0.021466
v 0.051756 1.291519 -0.103340
v 0.053950 1.357690 -0.109710
v 0.055646 1.409976 -0.118161
v 0.050981 1.322256 -0.109223
v 0.070995 1.479306 -0.103562
v 0.043566 1.542671 -0.067069
v 0.457038 1.435506 -0.054279
v 0.445859 1.395825 0.055723
v 0.461956 1.370185 0.004179
v 0.450241 1.485723 -0.007619
v 0.462144 1.397101 -0.043903
v 0.463551 1.375351 0.025852
v 0.459353 1.416666 -0.058945
v 0.417903 1.474349 0.025725
v 0.446641 1.417460 -0.051833
v 0.445491 1.430519 -0.050143
v 0.345937 1.383235 0.058531
v 0.418697 1.369467 -0.000476
v 0.415503 1.477164 -0.011641
v 0.449741 1.401313 -0.042960
v 0.426102 1.371897 0.031304
v 0.347567 1.481615 0.029110
v 0.471027 1.436157 -0.052433
v 0.508951 1.396627 0.051022
v 0.507265 1.370925 0.001552
v 0.498877 1.495201 -0.004529
v 0.473077 1.400288 -0.043411
v 0.510536 1.372793 0.031933
v 0.495658 1.489991 0.029188
v 0.501348 1.419588 -0.047793
v 0.432034 1.442582 -0.037601
v 0.454498 1.452100 -0.035134
v 0.430763 1.387382 -0.030121
v 0.461062 1.383150 -0.021687
v 0.426823 1.418310 -0.048512
v 0.490424 1.450132 -0.039948
v 0.489297 1.390573 -0.028826
v 0.474534 1.418211 -0.053370
v 0.326649 1.415856 -0.079081
v 0.339018 1.474970 -0.054741
v 0.331702 1.369694 -0.002915
v 0.345210 1.487123 -0.012042
v 0.329698 1.373347 -0.038569
v 0.336655 1.371312 0.027377
v 0.563982 1.461769 -0.032267
v 0.575845 1.403903 0.047968
v 0.574770 1.383623 0.002163
v 0.568514 1.484487 -0.001217
v 0.572263 1.392066 -0.021005
v 0.575418 1.386694 0.028055
v 0.569718 1.479333 0.021340
v 0.570092 1.424249 -0.042403
v 0.165924 0.509759 0.035632
v 0.158563 0.452501 0.028045
v 0.070404 0.456686 0.013561
v 0.078447 0.452401 0.042368
v 0.119308 0.437582 0.054412
v 0.118483 0.498239 0.082187
v 0.093762 0.489748 0.068425
v 0.056122 0.509276 0.020608
v 0.104135 1.006448 -0.089932
v 0.130352 1.020318 -0.050896
v 0.055751 1.008124 -0.111148
v 0.139409 1.013661 0.100666
v 0.145074 0.966475 -0.056039
v 0.157606 1.014947 0.001943
v 0.053697 0.915654 0.119214
v 0.000000 0.903758 0.135236
v 0.120762 0.944292 -0.114222
v 0.000000 0.952518 -0.120173
v 0.054280 0.942287 -0.134430
v 0.160189 1.529408 -0.044093
v 0.074963 1.139823 -0.041261
v 0.096049 0.835176 -0.097375
v 0.139155 0.196672 -0.044521
v 0.111104 1.308980 -0.096005
v 0.136330 1.394625 -0.100593
v 0.148031 1.536872 -0.012273
v 0.104364 1.223053 -0.079760
v 0.070147 1.079509 -0.039042
v 0.122079 1.351031 -0.099655
v 0.144931 1.529111 0.015748
v 0.144272 1.517406 0.034555
v 0.094310 1.526029 0.026511
v 0.167239 1.481427 -0.098077
v 0.000000 1.433733 0.132624
v 0.085161 1.008942 -0.100843
v 0.093561 0.876710 -0.122665
v 0.083111 1.030161 -0.084412
v 0.089674 0.973958 -0.121341
v 0.127450 0.456690 -0.043915
v 0.124390 0.518275 -0.057287
v 0.091153 0.708394 -0.087552
v 0.170850 1.515446 -0.074256
v 0.105885 1.265612 -0.090034
v 0.090510 0.942227 -0.128162
v 0.209383 1.449330 0.103339
v 0.302250 1.440708 0.065654
v 0.163062 1.466411 0.101979
v 0.433335 1.437804 0.056881
v 0.348342 1.443149 0.067818
v 0.499276 1.445947 0.046113
v 0.572652 1.447461 0.047078
v 0.068508 1.543876 -0.069363
v 0.236919 1.535685 -0.026717
v 0.095871 1.491926 0.066559
v 0.084332 1.518166 0.039899
v 0.090000 1.489351 0.089976
v 0.100607 1.503549 0.044778
v 0.106103 1.519910 0.027302
v 0.142339 1.507911 0.050813
v 0.252922 1.382529 -0.031256
v 0.143179 0.916375 -0.091926
v 0.003498 0.836489 0.006398
v 0.014347 0.892223 -0.130032
v 0.024959 0.981288 -0.131450
v 0.007887 0.851416 -0.080084
v 0.025030 0.836234 0.074466
v 0.022454 0.946229 -0.140091
v 0.000000 0.883476 -0.108508
v 0.140319 0.880555 -0.100173
v 0.151202 0.931389 -0.065970
v 0.007779 0.871390 -0.111482
v 0.098043 0.857046 -0.112435
v 0.069156 0.913154 0.106026
v 0.142072 0.981025 0.101848
v 0.030128 0.842071 -0.116700
v 0.171590 0.983581 0.000008
v 0.118701 1.011532 -0.070678
v 0.080972 1.054845 -0.065153
v 0.048506 1.056766 -0.064630
v 0.136669 0.947789 -0.085878
v 0.100328 1.046139 -0.066340
v 0.014449 1.044707 -0.065727
v 0.127400 0.980699 -0.077548
v 0.019081 0.915955 -0.138683
v 0.051553 0.908085 -0.133791
v 0.000000 0.925189 -0.133074
v 0.092220 0.907831 -0.125812
v 0.126822 0.909345 -0.115882
v 0.031577 0.604934 0.072996
v 0.094338 0.992291 0.117612
v 0.151926 0.604301 -0.075455
v 0.073386 0.853639 0.124613
v 0.195768 0.607270 0.013649
v 0.057947 0.674724 0.115474
v 0.078964 0.592155 -0.070192
v 0.102634 0.944959 0.105720
v 0.103289 0.593337 -0.080827
v 0.030246 0.600483 0.013263
v 0.130148 0.613419 0.109583
v 0.097952 0.961434 0.123625
v 0.069007 0.611882 0.115657
v 0.047092 0.558705 0.081137
v 0.100681 0.442141 0.052619
v 0.189213 0.556597 0.019609
v 0.037512 0.558298 0.016425
v 0.102936 0.198250 0.037978
v 0.105053 0.496771 0.081038
v 0.085995 0.559269 -0.060739
v 0.099701 0.514476 0.075764
v 0.112112 0.560410 -0.071142
v 0.161612 0.564136 -0.061586
v 0.102093 0.449866 0.062851
v 0.135143 0.554062 0.089062
v 0.090517 0.558464 0.101022
v 0.000000 1.025600 0.168363
v 0.249343 1.447998 0.075419
v 0.216004 1.409515 0.096431
v 0.161996 1.423211 0.125286
v 0.245997 1.396770 0.007330
v 0.261935 1.483416 -0.080083
v 0.249551 1.514942 0.067247
v 0.231358 1.530905 0.036785
v 0.255726 1.522167 -0.058046
v 0.242457 1.404924 0.026754
v 0.248569 1.401616 -0.006566
v 0.243811 1.410573 -0.073583
v 0.227009 1.534384 0.007313
v 0.020691 1.691692 0.101987
v 0.045769 1.694823 0.113023
v 0.021450 1.691728 0.112540
v 0.019590 1.671023 0.116696
v 0.041787 1.666509 0.116028
v 0.037203 1.695740 0.114389
v 0.010747 1.677024 0.120457
v 0.005874 1.682359 0.129566
v 0.012825 1.688187 0.116308
v 0.007502 1.690084 0.127214
v 0.018646 1.677082 0.106533
v 0.049445 1.670550 0.113792
v 0.049478 1.687444 0.095410
v 0.051394 1.679608 0.094036
v 0.005391 1.685681 0.127696
v 0.056348 1.682244 0.106529
v 0.050843 1.690750 0.109616
v 0.053645 1.675910 0.108123
v 0.009810 1.682485 0.117600
v 0.021301 1.679727 0.109908
v 0.019461 1.676588 0.107267
v 0.019202 1.677997 0.107675
v 0.032639 1.686159 0.112570
v 0.021988 1.676731 0.109986
v 0.035574 1.673953 0.110562
v 0.041027 1.675896 0.109316
v 0.038257 1.686062 0.112284
v 0.043419 1.684923 0.110548
v 0.047606 1.681699 0.107903
v 0.045656 1.678843 0.108693
v 0.022962 1.692455 0.081570
v 0.047045 1.677724 0.078349
v 0.020406 1.684001 0.109279
v 0.016614 1.680038 0.106557
v 0.037762 1.680388 0.072757
v 0.020795 1.671882 0.106870
v 0.032588 1.688841 0.111415
v 0.017361 1.674205 0.105708
v 0.037887 1.669058 0.108229
v 0.044713 1.672858 0.105504
v 0.039148 1.688456 0.110228
v 0.016070 1.677212 0.105586
v 0.044614 1.685488 0.108047
v 0.047539 1.681471 0.106919
v 0.047641 1.677553 0.105724
v 0.016422 1.687076 0.100454
v 0.051681 1.678379 0.088574
v 0.019716 1.665732 0.099920
v 0.033800 1.693901 0.105804
v 0.016114 1.670005 0.098974
v 0.038384 1.663033 0.103146
v 0.045455 1.668101 0.101471
v 0.040571 1.691819 0.104582
v 0.013916 1.680438 0.098786
v 0.046592 1.686921 0.101699
v 0.049659 1.680544 0.099398
v 0.049082 1.674948 0.099757
v 0.019855 1.688621 0.081755
v 0.021003 1.680133 0.076618
v 0.025457 1.665520 0.080231
v 0.037625 1.692823 0.077904
v 0.020719 1.667774 0.081632
v 0.040543 1.667570 0.078023
v 0.047094 1.670114 0.082466
v 0.046997 1.687854 0.080911
v 0.017535 1.678151 0.079849
v 0.050382 1.683413 0.084107
v 0.050336 1.677581 0.083771
v 0.049581 1.673004 0.085159
v 0.050722 1.685789 0.088786
v 0.022555 1.695673 0.088122
v 0.021681 1.695220 0.095553
v 0.017095 1.668472 0.086716
v 0.015858 1.668549 0.093746
v 0.017457 1.689898 0.087410
v 0.016335 1.689852 0.094200
v 0.012940 1.678689 0.094286
v 0.013652 1.678980 0.087561
v 0.023673 1.662271 0.087352
v 0.020122 1.663773 0.092256
v 0.039989 1.660813 0.096143
v 0.041273 1.662145 0.087291
v 0.047185 1.667095 0.089081
v 0.046434 1.666489 0.095865
v 0.050188 1.672990 0.094748
v 0.050201 1.672593 0.089344
v 0.042894 1.694666 0.098775
v 0.045639 1.693863 0.089393
v 0.035219 1.697575 0.099134
v 0.037039 1.698425 0.088387
v 0.026171 1.685170 0.111696
v 0.028444 1.674030 0.111394
v 0.029356 1.694510 0.114611
v 0.029764 1.667729 0.116791
v 0.026300 1.687614 0.110312
v 0.027745 1.669109 0.108764
v 0.026384 1.693805 0.104393
v 0.028261 1.662578 0.102401
v 0.028518 1.693404 0.078824
v 0.031253 1.666722 0.077051
v 0.028283 1.680434 0.072993
v 0.027767 1.697767 0.097437
v 0.028804 1.698440 0.088015
v 0.029268 1.659565 0.095015
v 0.031287 1.660503 0.085950
v 0.050365 1.697721 0.118506
v 0.024683 1.700501 0.125668
v 0.018504 1.669144 0.120236
v 0.044732 1.661257 0.119491
v 0.041671 1.700896 0.123338
v 0.009938 1.672660 0.123443
v 0.006208 1.678030 0.131279
v 0.015818 1.698306 0.131378
v 0.009395 1.697312 0.133708
v 0.055407 1.666947 0.114614
v 0.059938 1.682656 0.102261
v 0.056684 1.691557 0.108094
v 0.060789 1.674649 0.106372
v 0.033786 1.701343 0.124836
v 0.031637 1.663848 0.120022
v 0.018722 1.676435 0.111348
v 0.017639 1.677497 0.111086
v 0.018501 1.679064 0.112170
v 0.021262 1.682819 0.112531
v 0.033612 1.690261 0.115878
v 0.021710 1.675248 0.112379
v 0.043873 1.674856 0.112015
v 0.037609 1.672279 0.113264
v 0.039388 1.689721 0.115062
v 0.044385 1.687691 0.112556
v 0.048912 1.681949 0.109502
v 0.047947 1.678026 0.110319
v 0.029102 1.672624 0.113358
v 0.026220 1.688218 0.115292
v 0.000000 1.697152 0.133558
v 0.000000 1.688320 0.128284
v 0.000000 1.681638 0.131502
v 0.000000 1.685011 0.129243
v 0.000000 1.677735 0.134085
v 0.056456 1.705544 0.115533
v 0.028534 1.709916 0.126981
v 0.018606 1.665104 0.122184
v 0.050150 1.652046 0.117024
v 0.046961 1.710055 0.122604
v 0.009666 1.668956 0.126360
v 0.006228 1.673310 0.133751
v 0.020344 1.708201 0.132227
v 0.011433 1.707783 0.134059
v 0.061644 1.658506 0.107558
v 0.065021 1.682148 0.098119
v 0.061303 1.694500 0.101546
v 0.067266 1.671387 0.102135
v 0.037662 1.710809 0.126124
v 0.033481 1.658108 0.121630
v 0.000000 1.708426 0.133793
v 0.000000 1.672955 0.136608
v 0.005598 1.652878 0.151321
v 0.000000 1.652615 0.154194
v 0.000000 1.663456 0.142355
v 0.006096 1.663931 0.139994
v 0.018198 1.646667 0.130547
v 0.021422 1.655343 0.125833
v 0.033773 1.626790 0.122127
v 0.045892 1.638468 0.109860
v 0.039086 1.611143 0.118109
v 0.048977 1.618646 0.104363
v 0.030285 1.582213 0.122387
v 0.036987 1.576061 0.110992
v 0.000000 1.575136 0.134832
v 0.000000 1.563006 0.131598
v 0.007117 1.644609 0.155492
v 0.000000 1.642203 0.157633
v 0.009699 1.651277 0.137710
v 0.008477 1.660348 0.131931
v 0.016872 1.577055 0.128395
v 0.020613 1.567068 0.122250
v 0.000000 1.657968 0.147349
v 0.005445 1.657937 0.144765
v 0.021555 1.650874 0.128813
v 0.040450 1.632578 0.119488
v 0.044098 1.614384 0.114504
v 0.033159 1.578819 0.116860
v 0.000000 1.570006 0.134112
v 0.008535 1.656049 0.135194
v 0.019137 1.571495 0.125672
v 0.009380 1.646303 0.148644
v 0.008170 1.632299 0.137325
v 0.000000 1.631069 0.142901
v 0.011681 1.627281 0.134676
v 0.000000 1.626292 0.135919
v 0.012813 1.644697 0.142781
v 0.011993 1.633898 0.134639
v 0.013694 1.647153 0.139123
v 0.017288 1.628200 0.130159
v 0.004622 1.633323 0.141042
v 0.003733 1.626650 0.140343
v 0.008506 1.638853 0.145261
v 0.014131 1.638825 0.139336
v 0.005544 1.638241 0.148378
v 0.000000 1.635621 0.152554
v 0.027493 1.637090 0.125648
v 0.003307 1.630477 0.139545
v 0.008460 1.632167 0.136131
v 0.000000 1.629450 0.137543
v 0.009602 1.634167 0.136403
v 0.007751 1.633066 0.137974
v 0.008608 1.641023 0.147403
v 0.002804 1.631999 0.141131
v 0.004740 1.637619 0.151787
v 0.011177 1.637109 0.139912
v 0.012651 1.633897 0.133064
v 0.006705 1.640047 0.132192
v 0.015868 1.636497 0.130352
v 0.007958 1.639763 0.131231
v 0.007824 1.645786 0.136823
v 0.009385 1.644043 0.134395
v 0.022970 1.629935 0.125910
v 0.004188 1.640380 0.134020
v 0.005233 1.645649 0.140621
v 0.033683 1.647938 0.121353
v 0.031684 1.643535 0.125617
v 0.017358 1.644756 0.135688
v 0.000000 1.620248 0.138337
v 0.022609 1.619756 0.127916
v 0.030137 1.610079 0.123766
v 0.027603 1.600617 0.126611
v 0.000000 1.590035 0.130012
v 0.004468 1.622979 0.142116
v 0.012802 1.622555 0.135110
v 0.019458 1.593625 0.128236
v 0.010245 1.590958 0.129152
v 0.032542 1.569083 0.105005
v 0.000000 1.558125 0.124328
v 0.018682 1.562523 0.116413
v 0.070896 1.602573 0.064888
v 0.069726 1.600512 0.056346
v 0.065618 1.759429 0.071676
v 0.069850 1.765185 0.050346
v 0.000000 1.787125 0.088178
v 0.000000 1.797290 0.058801
v 0.080974 1.681455 0.052607
v 0.077282 1.681641 0.067440
v 0.078563 1.700424 0.053479
v 0.074573 1.697168 0.066930
v 0.000000 1.616380 0.143311
v 0.024215 1.612439 0.128178
v 0.027813 1.609252 0.124457
v 0.025491 1.602663 0.126956
v 0.000000 1.595614 0.132323
v 0.005076 1.620062 0.144117
v 0.014229 1.618170 0.138505
v 0.017160 1.598714 0.129174
v 0.009174 1.596685 0.132647
v 0.028493 1.566973 0.096978
v 0.010869 1.587942 0.130770
v 0.000000 1.587506 0.133430
v 0.021060 1.590394 0.128207
v 0.033126 1.610809 0.122416
v 0.016065 1.636409 0.133256
v 0.028486 1.622442 0.124007
v 0.036861 1.592883 0.119752
v 0.047193 1.595595 0.106515
v 0.042039 1.593653 0.116661
v 0.029132 1.597373 0.124975
v 0.000000 1.610703 0.136416
v 0.022988 1.609504 0.124163
v 0.024779 1.606624 0.122727
v 0.022034 1.602569 0.124817
v 0.000000 1.596311 0.131631
v 0.008730 1.615179 0.138636
v 0.015259 1.611626 0.130879
v 0.014663 1.599618 0.128676
v 0.008113 1.597633 0.132422
v 0.010950 1.635785 0.137247
v 0.002836 1.633916 0.146227
v 0.014842 1.636440 0.136006
v 0.004809 1.634931 0.144831
v 0.018027 1.639604 0.128387
v 0.006897 1.642601 0.134401
v 0.008506 1.642215 0.132754
v 0.004527 1.642773 0.137108
v 0.000000 1.632480 0.146174
v 0.014688 1.582709 0.129398
v 0.000000 1.582300 0.135235
v 0.024116 1.585006 0.125169
v 0.035906 1.611013 0.120841
v 0.017334 1.639099 0.132392
v 0.031608 1.624398 0.122674
v 0.024980 1.632766 0.124815
v 0.032984 1.594171 0.122535
v 0.000000 1.614200 0.128199
v 0.025112 1.608867 0.118273
v 0.025810 1.602064 0.118498
v 0.019408 1.595152 0.119795
v 0.000000 1.586580 0.121201
v 0.008194 1.613667 0.126732
v 0.016608 1.610808 0.122654
v 0.014817 1.588026 0.118939
v 0.007637 1.586387 0.120319
v 0.000000 1.599407 0.091188
v 0.017720 1.596990 0.090936
v 0.019292 1.593917 0.091090
v 0.017711 1.590482 0.091069
v 0.000000 1.584960 0.091203
v 0.006151 1.599289 0.090928
v 0.011470 1.599064 0.090767
v 0.012622 1.587445 0.091091
v 0.007133 1.585625 0.091263
v 0.013004 1.585674 0.107283
v 0.007109 1.583335 0.107246
v 0.006231 1.610338 0.110347
v 0.012271 1.607800 0.109812
v 0.018895 1.601893 0.109036
v 0.021434 1.596223 0.108853
v 0.019265 1.589253 0.108225
v 0.000000 1.608793 0.110412
v 0.000000 1.582581 0.107897
v 0.076247 1.633204 0.063503
v 0.080069 1.633974 0.054337
v 0.073662 1.613782 0.063279
v 0.077190 1.613611 0.053038
v 0.081797 1.651057 0.054409
v 0.079049 1.650530 0.065603
v 0.060528 1.640570 0.098077
v 0.044771 1.577567 0.090794
v 0.051442 1.585280 0.095729
v 0.056616 1.602351 0.095006
v 0.056744 1.623071 0.094627
v 0.032076 1.758051 0.108821
v 0.051409 1.752545 0.100702
v 0.022018 1.758669 0.112134
v 0.010478 1.760781 0.113485
v 0.042328 1.756601 0.104805
v 0.000000 1.760689 0.112635
v 0.015332 1.797264 0.058843
v 0.013253 1.786250 0.088660
v 0.026332 1.783263 0.087608
v 0.029074 1.793640 0.058353
v 0.038256 1.779686 0.083682
v 0.041516 1.788071 0.057140
v 0.005790 1.668620 0.136503
v 0.000000 1.668236 0.139266
v 0.019056 1.660567 0.123276
v 0.008863 1.664557 0.128634
v 0.068511 1.680780 0.090979
v 0.058683 1.747226 0.095995
v 0.066635 1.694779 0.091310
v 0.034076 1.652933 0.121166
v 0.049837 1.646637 0.111924
v 0.072170 1.662592 0.092212
v 0.065925 1.650677 0.099582
v 0.049115 1.774828 0.079153
v 0.058232 1.768053 0.075393
v 0.062344 1.774616 0.052357
v 0.052637 1.781900 0.054824
v 0.074123 1.710782 0.066376
v 0.064821 1.707627 0.093767
v 0.078672 1.713485 0.052154
v 0.074950 1.754206 0.049932
v 0.063627 1.743069 0.091345
v 0.071272 1.749896 0.068604
v 0.022957 1.605338 0.128016
v 0.017247 1.600691 0.132361
v 0.000000 1.615201 0.143300
v 0.005427 1.618843 0.146008
v 0.009700 1.595824 0.136091
v 0.000000 1.594988 0.138277
v 0.023822 1.610544 0.128695
v 0.026009 1.608607 0.125287
v 0.015555 1.616320 0.141348
v 0.021467 1.607196 0.127599
v 0.000000 1.607192 0.139493
v 0.007795 1.608202 0.139369
v 0.022282 1.608050 0.127855
v 0.015479 1.607870 0.134365
v 0.007395 1.607827 0.140275
v 0.000000 1.607036 0.139254
v 0.021858 1.607547 0.127546
v 0.014898 1.607735 0.135988
v 0.069834 1.758703 -0.012757
v 0.000000 1.778104 -0.036614
v 0.011615 1.778189 -0.035620
v 0.024557 1.777598 -0.033122
v 0.037825 1.775600 -0.029224
v 0.061079 1.765623 -0.018632
v 0.050256 1.771664 -0.024271
v 0.075064 1.753273 -0.007251
v 0.059011 1.646274 -0.005818
v 0.000000 1.662473 -0.061402
v 0.013667 1.662353 -0.058880
v 0.027110 1.660479 -0.051407
v 0.038899 1.658588 -0.042256
v 0.053606 1.652485 -0.019995
v 0.047921 1.656760 -0.032517
v 0.063917 1.638108 0.007267
v 0.056035 1.690564 -0.050726
v 0.066206 1.687286 -0.039719
v 0.044345 1.694295 -0.061519
v 0.015190 1.702333 -0.073327
v 0.030538 1.698613 -0.068776
v 0.073698 1.684711 -0.027276
v 0.080489 1.682533 -0.009072
v 0.000000 1.703950 -0.073752
v 0.055550 1.728892 -0.051001
v 0.042729 1.731992 -0.057255
v 0.013315 1.735671 -0.064426
v 0.075470 1.718282 -0.032047
v 0.000000 1.735806 -0.065500
v 0.066375 1.724081 -0.042941
v 0.028190 1.734107 -0.061537
v 0.081816 1.714913 -0.014918
v 0.061335 1.772254 -0.005596
v 0.063388 1.776723 0.027617
v 0.071554 1.767894 0.029003
v 0.070121 1.763878 -0.001460
v 0.076985 1.757160 0.031302
v 0.076567 1.755113 0.002472
v 0.011522 1.788439 -0.020492
v 0.014134 1.799475 0.026213
v 0.028662 1.796071 0.026403
v 0.024582 1.786897 -0.017671
v 0.037973 1.784044 -0.013931
v 0.041430 1.790377 0.026915
v 0.053252 1.784029 0.027199
v 0.050412 1.779257 -0.009779
v 0.000000 1.788773 -0.021777
v 0.000000 1.799812 0.026890
v 0.083242 1.681618 0.040788
v 0.081873 1.716171 0.036916
v 0.081636 1.702932 0.038970
v 0.084626 1.716285 0.005341
v 0.085583 1.703383 0.004531
v 0.067542 1.706580 -0.043965
v 0.029485 1.717541 -0.066754
v 0.082042 1.702254 -0.015417
v 0.056698 1.710045 -0.053381
v 0.043904 1.713706 -0.061345
v 0.013924 1.720877 -0.069853
v 0.076405 1.703510 -0.032655
v 0.000000 1.722309 -0.070397
v 0.081465 1.648961 0.044772
v 0.074645 1.635087 0.042030
v 0.071435 1.618439 0.043585
v 0.067009 1.600184 0.045249
v 0.048541 1.582401 0.069768
v 0.000000 1.558647 0.115082
v 0.016017 1.565226 0.105600
v 0.038289 1.573516 0.083171
v 0.000000 1.553478 0.086264
v 0.030840 1.551545 0.075103
v 0.018907 1.563436 0.084226
v 0.000000 1.560565 0.092560
v 0.000000 1.560240 0.102633
v 0.030948 1.567879 0.080618
v 0.016184 1.564819 0.095332
v 0.025202 1.565867 0.090771
v 0.000000 1.472520 0.103652
v 0.077528 1.531732 0.037744
v 0.041906 1.571815 0.067951
v 0.064570 1.584188 0.044145
v 0.068970 1.624274 0.031002
v 0.063699 1.673023 -0.034509
v 0.059837 1.662451 -0.028316
v 0.029977 1.681249 -0.066372
v 0.028774 1.669290 -0.060174
v 0.075337 1.667773 -0.004978
v 0.069476 1.652576 0.004306
v 0.052003 1.664624 -0.040064
v 0.054569 1.675525 -0.046133
v 0.041392 1.666621 -0.050629
v 0.043202 1.678245 -0.057658
v 0.014843 1.672068 -0.066364
v 0.015720 1.684525 -0.071098
v 0.065199 1.658863 -0.013876
v 0.069721 1.670353 -0.021444
v 0.000000 1.673546 -0.068292
v 0.000000 1.686354 -0.072251
v 0.026415 1.750702 -0.054329
v 0.064333 1.741039 -0.038111
v 0.000000 1.751102 -0.057042
v 0.073785 1.734770 -0.027991
v 0.012283 1.751018 -0.056434
v 0.068070 1.607590 0.030531
v 0.060642 1.620977 0.007322
v 0.053998 1.628932 -0.003247
v 0.045716 1.637261 -0.015180
v 0.025481 1.650858 -0.040200
v 0.040522 1.749414 -0.050705
v 0.053339 1.746326 -0.045402
v 0.064519 1.721506 0.092811
v 0.078744 1.727021 0.051338
v 0.074932 1.724084 0.066374
v 0.056463 1.721020 0.105156
v 0.013489 1.651275 -0.046671
v 0.000000 1.722611 0.128040
v 0.046926 1.722532 0.113162
v 0.039643 1.722906 0.117651
v 0.043625 1.649506 -0.026104
v 0.035962 1.650239 -0.032515
v 0.012293 1.722763 0.127832
v 0.020549 1.722457 0.125096
v 0.029826 1.723019 0.121415
v 0.081914 1.665649 0.068750
v 0.065577 1.584111 0.004404
v 0.000000 1.649938 -0.051437
v 0.080114 1.730933 -0.012743
v 0.081420 1.730089 0.035478
v 0.082874 1.730774 0.004712
v 0.019408 1.677040 0.110234
v 0.019082 1.678150 0.111580
v 0.021693 1.677348 0.112292
v 0.041876 1.676478 0.112274
v 0.043569 1.684270 0.114164
v 0.018514 1.677435 0.109578
v 0.021283 1.679394 0.113693
v 0.033570 1.685855 0.117578
v 0.035988 1.674654 0.114051
v 0.038501 1.685344 0.117039
v 0.047793 1.681936 0.110255
v 0.046600 1.678881 0.110633
v 0.027752 1.674448 0.113133
v 0.026480 1.684058 0.116095
v 0.062258 1.775914 0.009519
v 0.071042 1.766872 0.012554
v 0.077455 1.756776 0.015830
v 0.012108 1.796227 -0.000620
v 0.026163 1.793357 0.001338
v 0.039525 1.789187 0.004074
v 0.051722 1.783504 0.006766
v 0.000000 1.796187 -0.001442
v 0.084113 1.692205 0.022550
v 0.083906 1.717691 0.021812
v 0.084744 1.707222 0.020411
v 0.083027 1.731210 0.020502
v 0.016247 1.604887 0.134256
v 0.007639 1.612667 0.144592
v 0.000000 1.600837 0.142272
v 0.024023 1.607972 0.126305
v 0.015094 1.611745 0.137820
v 0.022192 1.607215 0.128261
v 0.000000 1.610912 0.142969
v 0.009243 1.602462 0.139831
v 0.023158 1.609048 0.128397
v 0.015751 1.678587 0.109456
v 0.022088 1.686903 0.111218
v 0.033909 1.691841 0.113745
v 0.039824 1.670811 0.112753
v 0.040584 1.691095 0.111835
v 0.049790 1.682078 0.108777
v 0.048999 1.677994 0.108990
v 0.030085 1.671294 0.113388
v 0.027397 1.690187 0.113875
v 0.017338 1.675610 0.111222
v 0.017877 1.681443 0.110431
v 0.021980 1.673669 0.112345
v 0.045621 1.673779 0.110925
v 0.046303 1.687926 0.109541
v 0.047948 1.681911 0.109232
v 0.049738 1.681888 0.108354
v 0.048678 1.681858 0.108867
v 0.047868 1.681765 0.108556
v 0.018232 1.677468 0.110656
v 0.021263 1.680740 0.114013
v 0.033721 1.687722 0.116968
v 0.036166 1.674117 0.114285
v 0.038765 1.687250 0.116632
v 0.048218 1.681828 0.110117
v 0.046933 1.678450 0.110625
v 0.027964 1.674168 0.113376
v 0.026400 1.686021 0.116106
v 0.019226 1.676887 0.111032
v 0.018873 1.678488 0.111975
v 0.021624 1.676741 0.112609
v 0.042223 1.675890 0.112375
v 0.043948 1.686263 0.113895
v 0.048157 1.681754 0.109355
v 0.014645 1.678905 0.109102
v 0.021819 1.689712 0.108883
v 0.034286 1.692420 0.111758
v 0.039522 1.669057 0.111743
v 0.041351 1.691325 0.109743
v 0.051491 1.682400 0.107847
v 0.050226 1.677443 0.108325
v 0.029014 1.669698 0.113216
v 0.028402 1.691903 0.111000
v 0.014707 1.675402 0.112579
v 0.016755 1.682185 0.109631
v 0.020828 1.671890 0.112314
v 0.046410 1.672926 0.109829
v 0.047663 1.687675 0.107713
v 0.051780 1.682446 0.107008
v 0.085199 1.682440 0.008728
v 0.075052 1.663068 0.013781
v 0.072673 1.641627 0.025974
v 0.093664 1.682849 0.005465
v 0.063342 1.560199 0.045476
v 0.083555 1.664400 0.004828
v 0.075530 1.645468 0.024487
v 0.090352 1.695685 0.016324
v 0.085638 1.694516 0.037502
v 0.091268 1.686793 -0.001206
v 0.075885 1.636466 0.038994
v 0.083077 1.664619 0.002382
v 0.078339 1.644914 0.022617
v 0.093722 1.700017 0.010374
v 0.090566 1.691076 0.032544
v 0.096726 1.683527 0.003895
v 0.077484 1.665910 0.035731
v 0.081935 1.645491 0.035534
v 0.093114 1.668405 0.008639
v 0.084904 1.648031 0.020903
v 0.099343 1.695457 0.009435
v 0.096454 1.685491 -0.001390
v 0.099215 1.700657 0.006849
v 0.088915 1.692772 0.037396
v 0.079341 1.640675 0.038236
v 0.090411 1.664528 0.002167
v 0.082034 1.645802 0.020899
v 0.078188 1.659733 0.036433
v 0.096721 1.690612 0.011772
v 0.097327 1.680483 0.015096
v 0.094874 1.669572 0.018198
v 0.086986 1.652509 0.024649
v 0.081953 1.651579 0.033889
v 0.091822 1.693461 0.017514
v 0.089692 1.686973 0.015868
v 0.088413 1.686637 0.020123
v 0.088528 1.689577 0.023715
v 0.087999 1.684255 0.027311
v 0.089804 1.679230 0.021109
v 0.087543 1.673400 0.021206
v 0.085718 1.663851 0.024901
v 0.075892 1.662027 0.024859
v 0.097069 1.693205 0.010381
v 0.086718 1.667787 0.006196
v 0.095049 1.683293 0.004690
v 0.084288 1.649999 0.021212
v 0.082131 1.646811 0.034190
v 0.086395 1.693339 0.031292
v 0.095052 1.704390 0.023825
v 0.097311 1.700387 0.021535
v 0.089988 1.702423 0.027175
v 0.093429 1.698141 0.019897
v 0.088466 1.691075 0.027506
v 0.073393 1.665796 0.029805
v 0.086384 1.681908 0.030657
v 0.083611 1.678365 0.035418
v 0.073224 1.665469 0.025029
v 0.082699 1.665195 0.032976
v 0.081768 1.656664 0.035782
v 0.081294 1.662043 0.026012
v 0.079152 1.669030 0.033755
v 0.077413 1.668922 0.026455
v 0.071249 1.661856 0.028806
v 0.071332 1.659447 0.032620
v 0.071194 1.660738 0.027051
v 0.071495 1.663546 0.027585
v 0.071457 1.663602 0.025270
v 0.072798 1.661200 0.026415
v 0.073564 1.659038 0.034998
v 0.073083 1.663704 0.030982
v 0.079542 1.667358 0.023286
v 0.075781 1.665451 0.023423
v 0.071124 1.662121 0.025735
v 0.081666 1.671837 0.026433
v 0.072783 1.663342 0.024627
v 0.069481 1.567840 0.031262
v 0.084419 1.667169 0.053647
v 0.083700 1.665285 0.043437
v 0.068616 1.588759 0.029971
v 0.061245 1.602354 0.005470
v 0.064766 1.627863 0.084137
v 0.069354 1.646936 0.086490
v 0.056417 1.586260 0.075529
v 0.064023 1.607777 0.085001
v 0.062978 1.593226 0.081928
v 0.000000 1.537101 0.089902
v 0.020276 1.535705 0.083793
v 0.000000 1.489294 0.085304
v 0.020165 1.491800 0.077432
v 0.026061 1.512045 0.076485
v 0.000000 1.512834 0.086128
v 0.084200 1.553346 0.006915
v 0.097363 1.554486 -0.013714
v 0.081965 1.546631 0.021960
v 0.037003 1.517083 0.067947
v 0.031484 1.739640 0.115510
v 0.039980 1.739863 0.112207
v 0.048265 1.738015 0.107674
v 0.000000 1.739136 0.122944
v 0.056842 1.735828 0.101162
v 0.077623 1.741516 0.050940
v 0.064210 1.734482 0.092541
v 0.051144 1.760932 -0.036539
v 0.038594 1.764259 -0.041734
v 0.011733 1.765638 -0.047315
v 0.071395 1.749160 -0.021088
v 0.000000 1.765416 -0.048037
v 0.079822 1.744568 0.033798
v 0.074067 1.737693 0.067209
v 0.021707 1.739517 0.118959
v 0.077520 1.744904 -0.009801
v 0.062195 1.755571 -0.029648
v 0.009955 1.740223 0.122402
v 0.080366 1.744418 0.004179
v 0.025139 1.765621 -0.045377
v 0.080984 1.745036 0.018639
v 0.000000 1.632337 -0.041438
v 0.035331 1.635599 -0.023253
v 0.025111 1.634859 -0.030476
v 0.014247 1.633886 -0.035698
v 0.030475 1.593567 -0.033166
v 0.027542 1.614917 -0.028059
v 0.037718 1.615280 -0.021487
v 0.042002 1.595372 -0.025709
v 0.018096 1.556270 -0.053723
v 0.000000 1.529119 -0.058970
v 0.000000 1.592768 -0.043183
v 0.000000 1.612829 -0.038788
v 0.015758 1.613366 -0.033014
v 0.016802 1.591064 -0.038136
v 0.019955 1.535770 -0.063039
v 0.046620 1.614185 -0.013546
v 0.051601 1.594295 -0.017617
v 0.059411 1.590518 -0.007656
v 0.054288 1.609249 -0.004384
v 0.000000 1.572043 -0.047957
v 0.063813 1.592949 0.064114
v 0.072850 1.680539 0.079169
v 0.000000 1.778189 0.100117
v 0.062193 1.754322 0.085839
v 0.070892 1.695649 0.079598
v 0.075192 1.649724 0.076210
v 0.070471 1.631495 0.073780
v 0.068338 1.611876 0.074348
v 0.011515 1.777802 0.100879
v 0.023932 1.774514 0.099867
v 0.035547 1.772013 0.096430
v 0.046829 1.768520 0.092264
v 0.055907 1.762708 0.088656
v 0.070054 1.708950 0.079693
v 0.067121 1.746042 0.082723
v 0.058301 1.589566 0.057446
v 0.070363 1.722401 0.080222
v 0.076940 1.663900 0.080529
v 0.068305 1.598826 0.071414
v 0.054678 1.577088 0.057151
v 0.054196 1.516066 0.060455
v 0.081808 1.562149 -0.011483
v 0.069596 1.735451 0.081400
v 0.090366 1.660876 0.020061
v 0.086642 1.669229 0.023728
v 0.078778 1.654843 0.011749
v 0.084344 1.655250 0.010702
v 0.088227 1.657607 0.014825
v 0.084614 1.658244 0.014176
v 0.078202 1.655401 0.013593
v 0.073829 1.653219 0.015933
v 0.067071 1.629999 0.018631
v 0.069707 1.576042 0.017566
v 0.065814 1.613564 0.018231
v 0.069457 1.642620 0.016541
v 0.066800 1.594860 0.017076
v 0.026919 1.509148 -0.077169
v 0.003773 1.637035 0.137022
v 0.007051 1.636492 0.133918
v 0.008286 1.644888 0.140527
v 0.005148 1.644444 0.145029
v 0.008692 1.637017 0.132371
v 0.010139 1.642015 0.135641
v 0.004171 1.640075 0.141093
v 0.009496 1.639357 0.133365
v 0.070723 1.661643 0.027433
v 0.080038 1.661551 0.031522
v 0.072875 1.659318 0.031437
v 0.071309 1.663588 0.026396
v 0.077298 1.661724 0.031100
v 0.078142 1.669010 0.030547
v 0.073361 1.666018 0.027053
v 0.070929 1.659747 0.029920
v 0.082747 1.674489 0.030010
v 0.085760 1.682300 0.028656
v 0.087168 1.679305 0.025973
v 0.085553 1.676249 0.025163
v 0.000000 1.584856 0.091735
v 0.050692 1.512757 -0.087206
v 0.062017 1.493119 0.061236
v 0.000000 1.499209 -0.066144
v 0.037486 1.560370 -0.051464
v 0.000000 1.552113 -0.055544
v 0.052934 1.549109 0.059277
v 0.504910 1.418364 0.049088
v 0.238030 1.422517 0.043806
v 0.574918 1.425106 0.051938
v 0.449453 1.419780 0.055898
v 0.346904 1.410839 0.065452
v 0.297697 1.413348 0.045876
v 0.134865 1.130393 -0.019762
v 0.149606 1.020193 -0.023251
v 0.185465 0.869022 -0.040453
v 0.167572 0.194403 -0.006198
v 0.179540 1.281780 -0.057129
v 0.216925 1.370463 -0.061977
v 0.655273 1.424622 -0.019203
v 0.131315 1.098940 -0.020537
v 0.193804 1.328635 -0.058361
v 0.300356 1.386929 -0.066967
v 0.153741 1.205064 -0.036604
v 0.176910 0.459601 -0.016627
v 0.177775 0.524085 -0.016631
v 0.178725 0.670011 -0.051690
v 0.164837 1.237037 -0.052886
v 0.461170 1.407437 -0.052408
v 0.427404 1.404691 -0.043844
v 0.495514 1.406049 -0.041993
v 0.448890 1.409734 -0.047866
v 0.473667 1.408907 -0.049066
v 0.326973 1.389477 -0.066970
v 0.571453 1.406224 -0.036025
v 0.146807 1.048571 -0.024284
v 0.153526 0.991315 -0.032100
v 0.168476 0.954380 -0.036954
v 0.182803 0.606458 -0.044958
v 0.183193 0.561611 -0.032208
v 0.250005 1.391866 -0.057879
v 0.189706 1.433309 -0.092988
v 0.000000 1.431664 -0.090684
v 0.107724 1.447140 -0.117883
v 0.030657 1.439913 -0.103965
v 0.304036 1.442730 -0.081673
v 0.056383 1.445715 -0.115739
v 0.458034 1.425926 -0.057990
v 0.429210 1.429757 -0.045287
v 0.501880 1.434773 -0.046993
v 0.446200 1.424236 -0.051507
v 0.473194 1.427439 -0.053818
v 0.331628 1.446655 -0.075140
v 0.567087 1.443639 -0.040554
v 0.148102 1.435863 -0.105715
v 0.250008 1.440698 -0.080000
v 0.302551 1.457178 0.058389
v 0.020750 1.479334 0.100398
v 0.433215 1.457465 0.039701
v 0.348379 1.464135 0.049790
v 0.496706 1.469891 0.038267
v 0.570690 1.465770 0.035840
v 0.209638 1.483637 0.092531
v 0.164400 1.485533 0.094144
v 0.091024 1.479957 0.098001
v 0.253649 1.475428 0.080021
v 0.000000 1.459101 0.115412
v 0.565822 1.476299 -0.018884
v 0.460789 1.463438 -0.028433
v 0.657566 1.473455 -0.008187
v 0.499257 1.474007 -0.025513
v 0.735753 1.466672 -0.021827
v 0.656746 1.464326 -0.017157
v 0.719690 1.462754 0.028582
v 0.658555 1.462574 0.023262
v 0.733508 1.424855 -0.019852
v 0.656979 1.411691 -0.011411
v 0.718720 1.401958 0.020546
v 0.656990 1.407583 0.017986
v 0.656001 1.451769 -0.021884
v 0.655364 1.437997 -0.022531
v 0.716618 1.446466 0.024559
v 0.716289 1.433612 0.025708
v 0.717289 1.418685 0.027982
v 0.655878 1.434224 0.029497
v 0.656875 1.449157 0.028052
v 0.733951 1.437506 -0.023120
v 0.735086 1.443349 -0.024037
v 0.735858 1.450208 -0.024318
v 0.671187 1.404688 -0.003956
v 0.751981 1.491012 0.021872
v 0.729755 1.402540 -0.008215
v 0.658425 1.476919 0.003463
v 0.741587 1.400714 -0.009797
v 0.746867 1.418225 -0.018715
v 0.753807 1.442919 -0.022721
v 0.658408 1.404261 0.002451
v 0.737147 1.491166 -0.014321
v 0.736549 1.445916 0.016966
v 0.754623 1.449637 -0.023042
v 0.734305 1.433128 0.020708
v 0.721333 1.395711 0.007627
v 0.659046 1.472521 0.015325
v 0.731716 1.409071 -0.013054
v 0.669419 1.408161 -0.010174
v 0.751639 1.486793 -0.014757
v 0.755705 1.470977 -0.021688
v 0.769485 1.482494 0.007660
v 0.765616 1.478764 -0.016743
v 0.784920 1.398761 -0.012707
v 0.789800 1.410624 -0.016676
v 0.792935 1.457373 -0.022141
v 0.793391 1.431828 -0.020124
v 0.792354 1.421969 -0.020202
v 0.790727 1.479141 -0.013465
v 0.786891 1.481533 0.004556
v 0.739080 1.462563 0.019859
v 0.764507 1.473572 0.012378
v 0.738470 1.394571 -0.001842
v 0.752155 1.436246 -0.021951
v 0.748297 1.423060 -0.019767
v 0.735877 1.401118 0.019178
v 0.735733 1.417209 0.024554
v 0.884253 1.470147 0.016379
v 0.881127 1.475226 0.015038
v 0.871687 1.478734 0.009251
v 0.888182 1.473085 0.006592
v 0.892015 1.471307 0.008653
v 0.873605 1.478947 0.005988
v 0.888176 1.470701 0.015916
v 0.884564 1.476801 0.014017
v 0.866505 1.478724 0.002713
v 0.890518 1.471026 0.013152
v 0.886962 1.477148 0.011789
v 0.864794 1.478310 0.006426
v 0.876043 1.469604 0.016395
v 0.876411 1.475937 0.014451
v 0.873016 1.470013 -0.003442
v 0.884077 1.474652 0.004331
v 0.879806 1.475607 0.002513
v 0.869997 1.473719 -0.004033
v 0.877381 1.478246 0.012040
v 0.863572 1.475784 0.009655
v 0.878810 1.478328 0.008800
v 0.861571 1.468724 0.011420
v 0.879854 1.470332 0.000696
v 0.870037 1.469481 0.014513
v 0.881907 1.474027 0.002874
v 0.871001 1.475776 0.012460
v 0.882395 1.477504 0.005374
v 0.879452 1.476359 0.002578
v 0.888873 1.476350 0.008339
v 0.889496 1.470428 0.006823
v 0.881012 1.470249 0.002190
v 0.884121 1.470801 0.003829
v 0.883176 1.476496 0.005209
v 0.888969 1.475385 0.007975
v 0.891407 1.471033 0.008259
v 0.879891 1.470226 0.001187
v 0.859960 1.478060 0.000127
v 0.857248 1.478481 0.003994
v 0.867286 1.469489 -0.006361
v 0.865267 1.475599 -0.004261
v 0.855163 1.476029 0.007662
v 0.853756 1.468873 0.009359
v 0.870264 1.476609 -0.002102
v 0.870844 1.469789 -0.005009
v 0.868266 1.469706 -0.006088
v 0.846856 1.478824 -0.004259
v 0.867698 1.473420 -0.005023
v 0.844827 1.479027 0.000196
v 0.850513 1.469779 -0.010364
v 0.848709 1.475703 -0.008588
v 0.843383 1.476344 0.004279
v 0.842462 1.468888 0.007148
v 0.838868 1.478956 -0.006677
v 0.835938 1.479359 -0.001067
v 0.846946 1.469419 -0.012552
v 0.841335 1.473402 -0.013836
v 0.834877 1.476897 0.003557
v 0.834504 1.469394 0.005736
v 0.824389 1.469366 0.005704
v 0.825069 1.477027 0.003056
v 0.830753 1.474773 -0.013619
v 0.830611 1.467912 -0.015825
v 0.825403 1.479609 -0.001783
v 0.826984 1.478357 -0.007799
v 0.842635 1.476100 -0.011794
v 0.843426 1.469304 -0.014551
v 0.836187 1.468723 -0.015810
v 0.835680 1.472760 -0.014969
v 0.793782 1.468852 0.013264
v 0.796963 1.477190 0.008810
v 0.804432 1.473398 -0.019961
v 0.806560 1.468734 -0.022710
v 0.798993 1.481167 0.001123
v 0.801470 1.480689 -0.007930
v 0.814706 1.477041 0.004020
v 0.803467 1.476002 0.006190
v 0.806001 1.480564 -0.000518
v 0.816367 1.479812 -0.001527
v 0.819018 1.477879 -0.008784
v 0.808820 1.479518 -0.008406
v 0.812085 1.474536 -0.015784
v 0.821751 1.473466 -0.014772
v 0.813193 1.469813 0.006785
v 0.801712 1.469247 0.009277
v 0.814492 1.467992 -0.019650
v 0.822521 1.467818 -0.017734
v 0.882638 1.464990 0.015011
v 0.873732 1.462612 0.009687
v 0.888056 1.467487 0.006839
v 0.875684 1.463041 0.006329
v 0.886450 1.464445 0.014012
v 0.866900 1.461446 0.003219
v 0.888425 1.464760 0.011708
v 0.865258 1.461251 0.007406
v 0.877421 1.463882 0.014564
v 0.883923 1.466747 0.004495
v 0.879592 1.466020 0.002909
v 0.870293 1.466038 -0.003787
v 0.879013 1.462346 0.012265
v 0.862630 1.462932 0.010319
v 0.880962 1.463235 0.009003
v 0.881365 1.467102 0.003133
v 0.871887 1.464535 0.012501
v 0.883300 1.464250 0.005455
v 0.879293 1.465533 0.002664
v 0.889680 1.465637 0.008538
v 0.883540 1.465063 0.005314
v 0.889442 1.466252 0.008237
v 0.861140 1.461977 0.001089
v 0.857844 1.461590 0.004686
v 0.865047 1.463673 -0.004154
v 0.854779 1.463182 0.007873
v 0.871139 1.463667 -0.001721
v 0.849844 1.460789 -0.002182
v 0.867435 1.466149 -0.004910
v 0.847913 1.461143 0.002576
v 0.850022 1.463493 -0.007539
v 0.843503 1.462837 0.005156
v 0.839392 1.459127 -0.004444
v 0.834885 1.459996 -0.000314
v 0.842710 1.464693 -0.012481
v 0.834054 1.462640 0.003878
v 0.823908 1.462053 0.003719
v 0.830781 1.461632 -0.012084
v 0.824507 1.458655 -0.000882
v 0.826879 1.458251 -0.006580
v 0.844936 1.461739 -0.009295
v 0.835882 1.464346 -0.013894
v 0.794366 1.458537 0.011124
v 0.805885 1.463386 -0.022223
v 0.804776 1.457050 0.000887
v 0.806460 1.455517 -0.012559
v 0.813262 1.462711 0.004184
v 0.802298 1.461962 0.006928
v 0.807086 1.457948 0.000146
v 0.814618 1.459262 -0.001741
v 0.817886 1.459019 -0.009177
v 0.809100 1.457962 -0.009756
v 0.813637 1.461838 -0.017232
v 0.820984 1.462404 -0.015132
v 0.884637 1.441849 0.029265
v 0.882247 1.447479 0.026631
v 0.871413 1.449803 0.016329
v 0.890670 1.442718 0.016483
v 0.894985 1.439373 0.020387
v 0.874899 1.448393 0.013326
v 0.889111 1.441311 0.028394
v 0.886835 1.447950 0.025215
v 0.867747 1.448300 0.007753
v 0.892344 1.440582 0.025492
v 0.890017 1.447141 0.022486
v 0.865104 1.449139 0.011868
v 0.874160 1.442568 0.027296
v 0.876407 1.448391 0.024790
v 0.874691 1.438398 0.004408
v 0.886213 1.443369 0.013959
v 0.881414 1.443713 0.011414
v 0.871813 1.442351 0.002063
v 0.879187 1.449239 0.022183
v 0.863963 1.447980 0.016225
v 0.882211 1.448141 0.018194
v 0.861253 1.442597 0.018493
v 0.882996 1.438533 0.011035
v 0.867178 1.442748 0.021468
v 0.882959 1.442028 0.011738
v 0.868998 1.448346 0.019433
v 0.885304 1.446180 0.014750
v 0.881995 1.444564 0.011926
v 0.891945 1.445428 0.018483
v 0.891951 1.439353 0.017674
v 0.882316 1.438646 0.011462
v 0.887053 1.439060 0.014223
v 0.885633 1.445284 0.014647
v 0.891787 1.444531 0.017998
v 0.894223 1.439327 0.019564
v 0.882375 1.438571 0.011120
v 0.863411 1.448574 0.003530
v 0.858246 1.449898 0.007192
v 0.864573 1.437970 -0.000917
v 0.865780 1.444944 0.000024
v 0.853396 1.448766 0.011950
v 0.849077 1.442908 0.014243
v 0.873182 1.445248 0.004015
v 0.872324 1.437962 0.002073
v 0.867678 1.437762 0.000083
v 0.848508 1.450354 -0.001701
v 0.868177 1.442086 0.000356
v 0.844227 1.451279 0.002325
v 0.852070 1.439048 -0.004669
v 0.852002 1.446144 -0.004297
v 0.840916 1.449332 0.007632
v 0.838524 1.443194 0.011533
v 0.839427 1.450146 -0.004820
v 0.835155 1.451566 0.000330
v 0.848566 1.438714 -0.007313
v 0.843603 1.443391 -0.009287
v 0.833171 1.450793 0.005811
v 0.831215 1.444091 0.008991
v 0.822476 1.444782 0.009376
v 0.824040 1.452029 0.005003
v 0.834741 1.446282 -0.011085
v 0.833802 1.439369 -0.012405
v 0.825865 1.452504 -0.001339
v 0.829403 1.450237 -0.007254
v 0.845361 1.446581 -0.007224
v 0.845636 1.438455 -0.009596
v 0.837295 1.438992 -0.012063
v 0.837828 1.443527 -0.011366
v 0.791236 1.447094 0.015435
v 0.781651 1.473331 0.013688
v 0.806733 1.445545 -0.022375
v 0.807130 1.440449 -0.023132
v 0.814468 1.452511 0.004560
v 0.804019 1.452921 0.006200
v 0.808463 1.455361 -0.001562
v 0.816613 1.454190 -0.002983
v 0.819448 1.451563 -0.009539
v 0.810224 1.452577 -0.010076
v 0.813497 1.447082 -0.015996
v 0.822474 1.446614 -0.013755
v 0.812833 1.444647 0.009655
v 0.801089 1.445196 0.011020
v 0.815219 1.440637 -0.018252
v 0.822673 1.440598 -0.015629
v 0.881768 1.436001 0.027340
v 0.871122 1.432597 0.019244
v 0.889898 1.435618 0.018694
v 0.874986 1.432032 0.016951
v 0.885900 1.434358 0.026687
v 0.867540 1.431557 0.013606
v 0.888487 1.433676 0.024658
v 0.862540 1.433087 0.015067
v 0.875518 1.435333 0.025602
v 0.886235 1.434602 0.016301
v 0.880590 1.434032 0.013007
v 0.871672 1.433880 0.004408
v 0.878056 1.432740 0.023166
v 0.860016 1.436236 0.017313
v 0.880719 1.432361 0.020018
v 0.882583 1.435302 0.013019
v 0.868259 1.435851 0.020893
v 0.885020 1.432297 0.017403
v 0.880454 1.433321 0.012636
v 0.890778 1.433630 0.021228
v 0.886050 1.433035 0.017580
v 0.890718 1.434103 0.020675
v 0.859078 1.430766 0.007984
v 0.855683 1.431859 0.012131
v 0.864306 1.431369 0.003502
v 0.850648 1.435400 0.014320
v 0.873367 1.431751 0.008221
v 0.844731 1.430507 0.002102
v 0.867927 1.433761 0.002540
v 0.840572 1.431804 0.006398
v 0.850133 1.432554 -0.002220
v 0.838785 1.435657 0.009916
v 0.838022 1.430126 -0.000833
v 0.832581 1.431663 0.003971
v 0.844078 1.433968 -0.008284
v 0.830826 1.435281 0.007702
v 0.822122 1.434717 0.007067
v 0.832648 1.432800 -0.008634
v 0.823940 1.430613 0.002045
v 0.828560 1.430090 -0.003563
v 0.845441 1.431153 -0.005384
v 0.837255 1.434513 -0.010008
v 0.791233 1.433956 0.015915
v 0.805991 1.435638 -0.021220
v 0.802333 1.430333 0.006997
v 0.806078 1.428505 -0.007639
v 0.813158 1.434794 0.007268
v 0.803770 1.435875 0.009617
v 0.806381 1.430957 0.001561
v 0.815009 1.430471 0.000087
v 0.818217 1.430519 -0.007495
v 0.810105 1.430607 -0.008045
v 0.812805 1.434289 -0.015129
v 0.820912 1.434477 -0.012720
v 0.865977 1.416212 0.035457
v 0.864555 1.421023 0.032689
v 0.855521 1.422377 0.023054
v 0.872420 1.417112 0.024454
v 0.875610 1.414678 0.027739
v 0.858941 1.421472 0.019783
v 0.869950 1.415911 0.034857
v 0.868954 1.421898 0.031905
v 0.851057 1.421480 0.014609
v 0.873261 1.415373 0.032251
v 0.872047 1.421255 0.029347
v 0.847368 1.422365 0.017993
v 0.856940 1.416507 0.033152
v 0.859124 1.421671 0.030481
v 0.855692 1.412435 0.010672
v 0.869317 1.417236 0.021167
v 0.863398 1.417906 0.018244
v 0.853346 1.415841 0.008676
v 0.862069 1.422853 0.027769
v 0.844052 1.421439 0.021701
v 0.865599 1.421711 0.024549
v 0.842535 1.416268 0.024163
v 0.864485 1.413329 0.017995
v 0.850489 1.416223 0.028719
v 0.865341 1.416586 0.018963
v 0.852612 1.421023 0.026328
v 0.868688 1.419906 0.021591
v 0.862636 1.418566 0.017508
v 0.873778 1.419816 0.025958
v 0.873510 1.414327 0.025316
v 0.865250 1.413635 0.018889
v 0.868795 1.413781 0.021512
v 0.868948 1.419029 0.021590
v 0.873513 1.419048 0.025550
v 0.875051 1.414599 0.026973
v 0.865113 1.413432 0.018696
v 0.842484 1.422016 0.009228
v 0.838550 1.423443 0.013185
v 0.848427 1.412459 0.005479
v 0.847630 1.418530 0.006479
v 0.835164 1.422686 0.017713
v 0.833451 1.417409 0.020868
v 0.854446 1.418441 0.010805
v 0.853856 1.412161 0.008162
v 0.851427 1.412201 0.006675
v 0.836079 1.422680 0.006132
v 0.851109 1.415823 0.007125
v 0.832126 1.423809 0.009820
v 0.841231 1.413111 0.002105
v 0.839326 1.418934 0.002601
v 0.829031 1.422947 0.014492
v 0.826399 1.418201 0.018404
v 0.830646 1.423267 0.003772
v 0.825357 1.424668 0.007789
v 0.836369 1.412949 -0.001977
v 0.832573 1.416735 -0.004101
v 0.822650 1.423452 0.012671
v 0.820666 1.417847 0.015672
v 0.813729 1.417940 0.014433
v 0.815580 1.424372 0.011253
v 0.824874 1.420099 -0.005332
v 0.824508 1.413863 -0.007581
v 0.817846 1.426665 0.005980
v 0.820908 1.424853 -0.000510
v 0.834955 1.419456 -0.000734
v 0.833604 1.412555 -0.004690
v 0.828575 1.412954 -0.006787
v 0.828907 1.416839 -0.006091
v 0.785545 1.420214 0.017822
v 0.790753 1.477547 0.009354
v 0.802519 1.420224 -0.016559
v 0.802510 1.415679 -0.016907
v 0.806170 1.425479 0.011393
v 0.797665 1.426219 0.013015
v 0.803406 1.428736 0.007602
v 0.808217 1.427654 0.005667
v 0.811644 1.425709 -0.001827
v 0.806820 1.426601 -0.003166
v 0.809272 1.421400 -0.009660
v 0.814294 1.420792 -0.007419
v 0.804007 1.418839 0.014106
v 0.794921 1.419599 0.014094
v 0.809539 1.415303 -0.012241
v 0.814705 1.415040 -0.009819
v 0.863546 1.410826 0.034138
v 0.853305 1.407611 0.024988
v 0.872119 1.411460 0.025800
v 0.856352 1.407160 0.022028
v 0.867539 1.409354 0.033456
v 0.849557 1.406803 0.016435
v 0.870635 1.409116 0.031271
v 0.847075 1.407740 0.019793
v 0.858321 1.410414 0.032821
v 0.868456 1.410438 0.022986
v 0.863683 1.409567 0.020641
v 0.852980 1.409073 0.009647
v 0.861263 1.407989 0.031165
v 0.844558 1.410221 0.023179
v 0.864008 1.407731 0.027211
v 0.865267 1.410751 0.020473
v 0.851146 1.410476 0.027668
v 0.867604 1.408059 0.023948
v 0.862285 1.408934 0.020013
v 0.872961 1.409205 0.028438
v 0.868015 1.408942 0.023813
v 0.872936 1.409914 0.027826
v 0.842713 1.406176 0.011777
v 0.839698 1.406781 0.015916
v 0.847399 1.407328 0.008303
v 0.836144 1.409991 0.020024
v 0.853448 1.407327 0.012294
v 0.835310 1.405928 0.007840
v 0.850853 1.409102 0.008149
v 0.831546 1.406457 0.012069
v 0.839283 1.408069 0.004078
v 0.828178 1.410585 0.016214
v 0.830041 1.405317 0.004664
v 0.824942 1.405567 0.009120
v 0.832700 1.408894 -0.002745
v 0.821675 1.409919 0.013421
v 0.814226 1.410393 0.011421
v 0.823804 1.407569 -0.004472
v 0.816614 1.405992 0.006115
v 0.820385 1.405256 0.000049
v 0.835091 1.407141 0.000808
v 0.828040 1.408932 -0.005216
v 0.785414 1.407065 0.017049
v 0.800370 1.411693 -0.015055
v 0.793786 1.406819 0.011222
v 0.798552 1.405735 -0.002168
v 0.803651 1.411640 0.011825
v 0.794439 1.412591 0.013755
v 0.797555 1.408425 0.008139
v 0.805335 1.407746 0.005605
v 0.809346 1.406919 -0.002643
v 0.801964 1.407573 -0.002129
v 0.806625 1.410124 -0.009844
v 0.812936 1.409785 -0.007967
v 0.845205 1.389941 0.035752
v 0.844754 1.394181 0.034428
v 0.837889 1.397599 0.026130
v 0.850967 1.390252 0.027338
v 0.852792 1.387713 0.030275
v 0.841073 1.395896 0.023625
v 0.848383 1.389319 0.035723
v 0.848244 1.394454 0.034034
v 0.834107 1.396357 0.018647
v 0.851097 1.388569 0.033923
v 0.850452 1.393498 0.031802
v 0.831308 1.397579 0.021868
v 0.838407 1.390617 0.033286
v 0.840527 1.395500 0.032417
v 0.836808 1.387517 0.014969
v 0.847636 1.390386 0.024646
v 0.844620 1.390928 0.022210
v 0.834810 1.390754 0.013175
v 0.843300 1.396596 0.030269
v 0.828196 1.396344 0.025075
v 0.845692 1.395048 0.027438
v 0.826328 1.390770 0.025411
v 0.845125 1.387418 0.021452
v 0.833487 1.390686 0.029522
v 0.845677 1.389807 0.022750
v 0.835012 1.396056 0.028817
v 0.847321 1.392564 0.024886
v 0.844571 1.391796 0.021874
v 0.851853 1.392069 0.028903
v 0.851587 1.387904 0.028103
v 0.845360 1.387559 0.022690
v 0.847497 1.387577 0.024924
v 0.847418 1.391779 0.024813
v 0.851729 1.391539 0.028454
v 0.852559 1.387775 0.029572
v 0.845177 1.387456 0.021964
v 0.828889 1.396430 0.014786
v 0.825282 1.398020 0.018023
v 0.829620 1.387765 0.009684
v 0.830871 1.393098 0.011372
v 0.821674 1.396833 0.021419
v 0.820121 1.391200 0.021992
v 0.836281 1.393086 0.015150
v 0.835233 1.387433 0.012966
v 0.832439 1.387594 0.011015
v 0.822674 1.397473 0.011448
v 0.832997 1.390721 0.011766
v 0.819238 1.398899 0.015082
v 0.824089 1.388474 0.007397
v 0.824609 1.393805 0.008403
v 0.816475 1.397403 0.018768
v 0.815456 1.391782 0.020654
v 0.817021 1.399041 0.008405
v 0.813441 1.400353 0.012873
v 0.821339 1.388752 0.004915
v 0.819066 1.392607 0.003497
v 0.811034 1.398572 0.017014
v 0.810598 1.392463 0.018713
v 0.803277 1.393330 0.017187
v 0.804207 1.399143 0.015418
v 0.813031 1.396230 0.001346
v 0.810516 1.390717 -0.000525
v 0.806560 1.401603 0.010675
v 0.810132 1.400763 0.005045
v 0.819775 1.395058 0.005027
v 0.819541 1.388829 0.003030
v 0.815181 1.389555 0.000931
v 0.815424 1.393204 0.001473
v 0.788117 1.395200 0.016066
v 0.798877 1.474480 -0.019644
v 0.794879 1.396996 -0.009737
v 0.793783 1.392792 -0.009002
v 0.796675 1.400106 0.014659
v 0.790551 1.402411 0.016047
v 0.794879 1.404981 0.010987
v 0.799337 1.402961 0.009971
v 0.802440 1.402485 0.003095
v 0.798080 1.403955 0.001951
v 0.800922 1.398885 -0.004022
v 0.805031 1.397881 -0.001179
v 0.795588 1.394225 0.015832
v 0.790760 1.395132 0.016140
v 0.800694 1.392641 -0.005068
v 0.804796 1.391991 -0.002520
v 0.842390 1.385727 0.033372
v 0.837553 1.382705 0.028233
v 0.850315 1.385588 0.028404
v 0.840048 1.382537 0.026622
v 0.845203 1.384192 0.033450
v 0.831025 1.381888 0.019143
v 0.847898 1.383587 0.032384
v 0.828338 1.382587 0.021723
v 0.839265 1.385301 0.032266
v 0.846586 1.384987 0.025484
v 0.843595 1.384490 0.023541
v 0.833808 1.384706 0.013616
v 0.840546 1.383043 0.031173
v 0.826404 1.385177 0.023943
v 0.842734 1.382674 0.028813
v 0.844997 1.385462 0.023675
v 0.835266 1.385230 0.028941
v 0.845215 1.383174 0.026313
v 0.843199 1.383768 0.023540
v 0.850107 1.383722 0.030394
v 0.845743 1.383880 0.026013
v 0.850470 1.384290 0.029924
v 0.824693 1.381980 0.014968
v 0.821850 1.382557 0.017775
v 0.828319 1.383295 0.011956
v 0.820282 1.385422 0.020534
v 0.834163 1.382915 0.016008
v 0.819434 1.381954 0.012315
v 0.831882 1.384756 0.012193
v 0.817594 1.382734 0.015423
v 0.822461 1.383797 0.009310
v 0.816647 1.385699 0.018400
v 0.814901 1.382153 0.010173
v 0.812900 1.383314 0.013691
v 0.818036 1.385503 0.004348
v 0.811659 1.386287 0.017030
v 0.803945 1.387190 0.015273
v 0.808902 1.385504 0.001810
v 0.804592 1.383932 0.011194
v 0.805800 1.383409 0.006208
v 0.818121 1.383462 0.006724
v 0.813168 1.386394 0.001883
v 0.786561 1.389234 0.011729
v 0.789721 1.390656 -0.007044
v 0.788689 1.386628 0.007241
v 0.790596 1.386770 0.001946
v 0.795810 1.388428 0.013390
v 0.790964 1.389149 0.012697
v 0.791991 1.386072 0.008001
v 0.796816 1.385286 0.009070
v 0.798809 1.384970 0.003896
v 0.794138 1.385905 0.002713
v 0.797544 1.388023 -0.002434
v 0.801974 1.387423 -0.000522
v 0.797121 1.477913 -0.013316
v 0.802025 1.455092 -0.020050
v 0.792799 1.481671 0.002777
v 0.801829 1.428621 -0.015852
v 0.795680 1.435026 -0.022324
v 0.796703 1.405897 -0.008380
v 0.798284 1.457544 -0.021235
v 0.802228 1.446467 -0.023222
v 0.801063 1.435169 -0.022018
v 0.797829 1.421350 -0.018887
v 0.794808 1.410339 -0.015535
v 0.773834 1.389190 -0.002057
v 0.792142 1.404899 -0.011513
v 0.797501 1.446946 -0.023794
v 0.779619 1.389169 -0.001274
v 0.783131 1.391232 -0.007352
v 0.783907 1.386784 0.005492
v 0.785671 1.387272 0.001809
v 0.799684 1.450906 -0.021699
v 0.800007 1.431687 -0.019254
v 0.792924 1.408252 -0.013554
v 0.779139 1.411669 -0.015556
v 0.784741 1.441979 -0.022114
v 0.787580 1.450727 -0.022627
v 0.759926 1.431744 0.011495
v 0.784123 1.477246 -0.016375
v 0.779240 1.481505 0.006180
v 0.779976 1.417984 -0.018261
v 0.763322 1.458732 0.012782
v 0.785656 1.433946 -0.020680
v 0.758931 1.402200 0.018077
v 0.762094 1.445838 0.011479
v 0.782258 1.469290 -0.022206
v 0.772921 1.470938 0.012746
v 0.758892 1.417569 0.015761
v 0.767760 1.390936 -0.004797
v 0.772103 1.396359 -0.010733
v 0.802500 1.511191 0.012547
v 0.796790 1.513998 0.016240
v 0.778596 1.514583 0.012924
v 0.804137 1.526833 0.004928
v 0.810258 1.525640 0.003228
v 0.780241 1.518659 0.010419
v 0.808333 1.516921 0.010491
v 0.801786 1.520286 0.015208
v 0.771630 1.518140 0.008950
v 0.811035 1.522005 0.007208
v 0.804367 1.525556 0.012487
v 0.771025 1.512569 0.012006
v 0.791797 1.505093 0.012655
v 0.788168 1.511098 0.016272
v 0.778916 1.517179 -0.005603
v 0.796473 1.525577 0.005258
v 0.787183 1.522346 0.004501
v 0.773248 1.520663 -0.001498
v 0.787897 1.516958 0.014935
v 0.773655 1.506208 0.013163
v 0.791534 1.522950 0.012839
v 0.778280 1.500533 0.009163
v 0.789800 1.519131 -0.002338
v 0.783775 1.503509 0.009840
v 0.789211 1.522433 0.003267
v 0.780064 1.508742 0.014052
v 0.794198 1.526479 0.008862
v 0.786168 1.522756 0.005697
v 0.804559 1.528632 0.008645
v 0.807835 1.524664 0.001452
v 0.791894 1.519615 -0.001191
v 0.799795 1.522236 0.000028
v 0.795524 1.526069 0.007274
v 0.804379 1.528138 0.007337
v 0.809318 1.525527 0.002722
v 0.790661 1.519212 -0.001813
v 0.763656 1.515388 0.008392
v 0.764754 1.510219 0.012238
v 0.766263 1.513588 -0.007435
v 0.765233 1.518439 0.001180
v 0.768654 1.503975 0.013862
v 0.773956 1.497626 0.009743
v 0.773795 1.521196 0.002748
v 0.776092 1.517576 -0.007080
v 0.771432 1.516365 -0.007812
v 0.754142 1.510591 0.008188
v 0.769474 1.519665 -0.002237
v 0.758375 1.506691 0.013948
v 0.754719 1.508184 -0.006524
v 0.753214 1.511762 0.000464
v 0.764217 1.500736 0.015670
v 0.769343 1.493486 0.011528
v 0.737867 1.496875 0.020490
v 0.728260 1.500652 0.012784
v 0.801219 1.507756 0.006538
v 0.788637 1.503006 -0.002936
v 0.808841 1.519693 -0.002679
v 0.790808 1.505699 -0.006801
v 0.806497 1.510900 0.002768
v 0.781597 1.504182 -0.009589
v 0.810435 1.514633 -0.001119
v 0.780219 1.500082 -0.004824
v 0.794710 1.504538 0.005047
v 0.801484 1.517271 -0.005128
v 0.793568 1.513457 -0.006849
v 0.777464 1.512723 -0.010952
v 0.796960 1.505807 -0.000699
v 0.779501 1.498755 0.001827
v 0.800700 1.509640 -0.004771
v 0.794998 1.515538 -0.005909
v 0.786533 1.502105 0.003020
v 0.801086 1.514149 -0.006822
v 0.792894 1.512133 -0.007627
v 0.810909 1.518000 -0.003811
v 0.801514 1.515375 -0.006212
v 0.809994 1.519064 -0.003459
v 0.774749 1.501914 -0.011627
v 0.775783 1.498463 -0.006437
v 0.772160 1.508034 -0.012498
v 0.775776 1.496857 0.000908
v 0.781290 1.510065 -0.011238
v 0.763834 1.497148 -0.010894
v 0.773794 1.511913 -0.011518
v 0.767480 1.493403 -0.005456
v 0.758902 1.502707 -0.011136
v 0.769684 1.492050 0.002582
v 0.763967 1.486133 0.004004
v 0.740113 1.506941 0.010946
v 0.761305 1.486283 -0.007161
v 0.743331 1.506255 -0.006376
v 0.764866 1.484085 0.012316
v 0.724945 1.501516 0.002766
v 0.729657 1.501166 -0.006979
v 0.709053 1.467179 -0.016878
v 0.703063 1.407764 0.018172
v 0.705569 1.466647 0.022673
v 0.711790 1.424621 -0.019507
v 0.721103 1.438520 -0.024136
v 0.709991 1.445263 -0.024550
v 0.721776 1.450354 -0.024796
v 0.705159 1.448825 0.024291
v 0.705463 1.435358 0.026252
v 0.703861 1.421157 0.026111
v 0.700136 1.477343 0.002770
v 0.708479 1.406191 -0.005713
v 0.716942 1.399471 -0.001906
v 0.700702 1.475762 0.012736
v 0.702498 1.474240 -0.006941
v 0.723298 1.420339 -0.017570
v 0.738138 1.508854 0.001894
v 0.723479 1.477700 0.028577
v 0.764920 1.483810 0.006603
v 0.758653 1.480421 -0.016419
v 0.746777 1.480110 -0.017941
v 0.730526 1.479404 -0.017004
v 0.740665 1.478455 0.028488
v 0.764284 1.479204 0.012876
v 0.722942 1.471655 -0.018910
v 0.712055 1.480189 0.021762
v 0.706223 1.483104 0.001893
v 0.706592 1.483744 0.011346
v 0.709794 1.480060 -0.006764
v 0.724732 1.488169 -0.012074
v 0.762926 1.489156 -0.005545
v 0.718342 1.494504 -0.001124
v 0.749203 1.498528 -0.011837
v 0.720891 1.492138 -0.007132
v 0.765167 1.488153 0.012478
v 0.765050 1.488018 0.003950
v 0.748400 1.501856 0.017840
v 0.757090 1.492262 -0.011751
v 0.758190 1.495237 0.018892
v 0.714309 1.492116 0.008108
v 0.729386 1.488093 0.024165
v 0.765469 1.482525 0.012230
v 0.760852 1.484779 -0.008559
v 0.732580 1.483840 -0.016015
v 0.721296 1.483622 -0.012698
v 0.715623 1.486224 -0.006596
v 0.712836 1.489352 0.000636
v 0.744370 1.486203 0.025616
v 0.747741 1.482850 -0.016737
v 0.764081 1.484744 0.004677
v 0.719089 1.491520 0.016894
v 0.683618 1.465763 -0.014365
v 0.683748 1.462907 0.020129
v 0.681854 1.421109 -0.017548
v 0.682534 1.432195 -0.021583
v 0.682950 1.444181 -0.022679
v 0.683258 1.455809 -0.020405
v 0.682997 1.450726 0.023536
v 0.681757 1.437503 0.024663
v 0.680446 1.424238 0.023193
v 0.683985 1.474691 0.004033
v 0.681050 1.404892 -0.003810
v 0.680620 1.407782 0.006083
v 0.683988 1.471337 0.013428
v 0.683867 1.472479 -0.005692
v 0.681373 1.409892 -0.011928
v 0.679754 1.412912 0.017249
v 0.785253 1.459738 -0.022893
v 0.755197 1.461270 -0.022893
v 0.734265 1.455185 -0.023948
v 0.749705 1.427819 -0.020592
v 0.731563 1.433499 -0.022217
v 0.794749 1.451281 -0.022649
v 0.800493 1.468486 -0.024487
v 0.783943 1.426056 -0.019582
v 0.811613 1.440492 -0.021050
v 0.806866 1.449447 -0.019374
v 0.806692 1.432825 -0.017044
v 0.802246 1.440231 -0.024086
v 0.797839 1.425209 -0.017724
v 0.793551 1.468675 -0.024250
v 0.792672 1.428928 -0.019123
v 0.721732 1.429709 -0.021642
v 0.722698 1.460167 -0.023263
v 0.720123 1.444215 -0.024876
v 0.774400 1.403049 -0.013691
v 0.743787 1.407673 -0.014794
v 0.733397 1.420203 -0.018200
v 0.750472 1.431858 -0.021297
v 0.733282 1.429391 -0.021176
v 0.783472 1.430402 -0.019816
v 0.806110 1.415349 -0.014663
v 0.804104 1.423330 -0.013723
v 0.801194 1.409482 -0.011226
v 0.797958 1.428682 -0.017941
v 0.796910 1.440579 -0.024324
v 0.789807 1.397845 -0.011820
v 0.791622 1.416428 -0.020120
v 0.792502 1.425688 -0.019293
v 0.788303 1.408378 -0.015298
v 0.714264 1.434474 -0.023184
v 0.722232 1.409533 -0.011811
v 0.721742 1.424958 -0.019819
v 0.776455 1.408022 -0.014949
v 0.745225 1.413472 -0.017301
v 0.731449 1.415143 -0.015882
v 0.735724 1.393344 0.008148
v 0.726549 1.397080 -0.001374
v 0.797455 1.392846 -0.007235
v 0.797804 1.400883 -0.007190
v 0.791576 1.388934 -0.003719
v 0.767410 1.390157 0.009770
v 0.777040 1.387563 0.006778
v 0.782999 1.394975 -0.012109
v 0.787044 1.404916 -0.013414
v 0.761601 1.391027 0.007785
v 0.706814 1.401324 0.004361
v 0.715718 1.415019 -0.014124
v 0.719178 1.403949 -0.007329
v 0.785012 1.454833 -0.022692
v 0.754578 1.455076 -0.023088
v 0.769378 1.483188 -0.005507
v 0.761607 1.483275 -0.009134
v 0.781234 1.481343 -0.005483
v 0.736574 1.459942 -0.023409
v 0.794813 1.481297 -0.005945
v 0.788801 1.481758 -0.005112
v 0.793241 1.454174 -0.021985
v 0.797586 1.454237 -0.021202
v 0.810924 1.468589 -0.021059
v 0.805601 1.475466 -0.015830
v 0.807095 1.460447 -0.019732
v 0.799964 1.462326 -0.022971
v 0.714244 1.455859 -0.023259
v 0.721352 1.465710 -0.021039
v 0.748196 1.476424 -0.019552
v 0.733206 1.473597 -0.019488
v 0.717640 1.476296 -0.014710
v 0.765929 1.403809 0.017392
v 0.768444 1.404587 0.017227
v 0.694547 1.465811 -0.014578
v 0.767735 1.404480 0.017082
v 0.777235 1.458574 0.014228
v 0.771056 1.458287 0.013259
v 0.692028 1.412359 0.016635
v 0.774565 1.458784 0.013761
v 0.771707 1.433758 0.016151
v 0.766621 1.432269 0.013781
v 0.769104 1.433383 0.014618
v 0.775141 1.448459 0.014951
v 0.770852 1.447733 0.013658
v 0.772857 1.448170 0.014165
v 0.764742 1.418181 0.016204
v 0.769773 1.419271 0.018509
v 0.767031 1.418703 0.016960
v 0.797026 1.415966 -0.019120
v 0.787567 1.393609 -0.010974
v 0.793973 1.462760 -0.023456
v 0.793642 1.474782 -0.019901
v 0.786315 1.417281 -0.019547
v 0.784478 1.412782 -0.016830
v 0.788079 1.422181 -0.020353
v 0.791800 1.435643 -0.022306
v 0.792882 1.440871 -0.024028
v 0.793531 1.447225 -0.023861
v 0.789731 1.474958 -0.019828
v 0.789931 1.462926 -0.023709
v 0.789032 1.469017 -0.023385
v 0.779863 1.392276 -0.007416
v 0.694324 1.463562 0.019781
v 0.696967 1.423859 -0.018428
v 0.696942 1.434609 -0.022471
v 0.695577 1.445766 -0.023392
v 0.695971 1.456428 -0.020947
v 0.695311 1.449999 0.022695
v 0.696247 1.436814 0.024450
v 0.694692 1.423615 0.023637
v 0.692149 1.474485 0.003414
v 0.693087 1.408330 -0.004542
v 0.690254 1.406772 0.005364
v 0.692672 1.471967 0.012539
v 0.692744 1.472142 -0.005870
v 0.694327 1.414749 -0.012564
v 0.791259 1.401074 -0.010889
v 0.785999 1.401570 -0.012357
v 0.777100 1.393400 -0.008662
v 0.780818 1.399943 -0.012580
v 0.779166 1.396556 -0.012295
v 0.781776 1.402693 -0.012535
v 0.760522 1.410018 -0.016942
v 0.768706 1.442751 -0.021939
v 0.769536 1.455094 -0.022952
v 0.748482 1.433291 0.015709
v 0.775386 1.482302 -0.005630
v 0.752586 1.456523 0.013990
v 0.766664 1.430513 -0.020418
v 0.748039 1.401576 0.017938
v 0.750725 1.443992 0.012929
v 0.770865 1.469922 -0.023076
v 0.749056 1.392280 0.008005
v 0.774440 1.481813 0.006758
v 0.763779 1.419980 -0.019573
v 0.767687 1.471727 0.012616
v 0.748909 1.416776 0.018634
v 0.756038 1.398156 -0.011120
v 0.769555 1.449856 -0.022400
v 0.767975 1.435598 -0.020983
v 0.762212 1.414587 -0.018267
v 0.765730 1.425730 -0.020141
v 0.758461 1.404800 -0.015066
v 0.752665 1.392471 -0.003285
v 0.770207 1.460965 -0.023644
v 0.774137 1.478348 -0.016778
v 0.466000 1.384118 0.036112
v 0.460899 1.464860 0.041331
v 0.454810 1.483369 0.028015
v 0.464369 1.443521 0.043627
v 0.431205 1.479113 -0.010315
v 0.471520 1.416779 0.038817
v 0.477197 1.396323 0.039032
v 0.000000 1.223355 -0.067819
v 0.143683 1.169013 -0.024169
v 0.034776 1.213430 -0.075787
v 0.067571 1.197356 -0.071983
v 0.096725 1.183042 -0.061621
v 0.123362 1.172973 -0.044401
v 0.134374 0.449466 0.061634
v 0.150041 1.028369 0.061023
v 0.175556 0.610883 0.078926
v 0.156454 1.134937 0.061252
v 0.135541 0.195703 0.041600
v 0.148983 0.518890 0.063543
v 0.136966 0.493190 0.074522
v 0.152902 1.047375 0.061830
v 0.140808 0.436511 0.047814
v 0.168986 0.552551 0.065843
v 0.175535 0.882873 0.070925
v 0.163403 1.170620 0.056592
v 0.161828 0.995893 0.066537
v 0.176896 0.679797 0.082951
v 0.154463 1.064453 0.065145
v 0.153115 1.108029 0.064363
v 0.133319 0.747597 -0.092544
v 0.051820 0.731489 -0.074253
v 0.126766 0.754341 0.121205
v 0.021236 0.720105 0.072466
v 0.201487 0.750074 0.018427
v 0.011807 0.713568 0.012853
v 0.087042 0.742440 -0.095534
v 0.061457 0.740592 0.117541
v 0.182065 0.744754 -0.044701
v 0.178211 0.753835 0.084926
v 0.121993 0.388988 0.048674
v 0.119753 0.295634 0.042648
v 0.084019 0.406518 0.032961
v 0.080450 0.297836 0.024168
v 0.166513 0.405716 0.026058
v 0.161795 0.302913 0.024120
v 0.179886 0.309992 -0.069417
v 0.169061 0.420463 -0.049664
v 0.087952 0.304780 -0.070347
v 0.083147 0.390297 -0.062320
v 0.069047 0.414629 0.002059
v 0.064423 0.300831 -0.001975
v 0.130090 0.394615 -0.065874
v 0.131550 0.306384 -0.083546
v 0.100967 0.393368 0.045989
v 0.099153 0.295574 0.038288
v 0.190987 0.425473 -0.022546
v 0.194724 0.309942 -0.028137
v 0.145223 0.394237 0.041935
v 0.141156 0.298479 0.037752
v 0.068161 0.462230 -0.015809
v 0.005225 0.860684 -0.045789
v 0.094909 0.197911 -0.028301
v 0.062360 0.510573 -0.020012
v 0.070882 0.420952 -0.032845
v 0.040606 0.654970 -0.042149
v 0.061601 0.304555 -0.039893
v 0.000000 0.862276 -0.051192
v 0.012293 0.844574 -0.040660
v 0.052276 0.559074 -0.024433
v 0.027637 0.717561 -0.040044
v 0.043308 0.598969 -0.030204
v 0.036724 0.860576 0.114518
v 0.051931 0.871585 0.096042
v 0.000000 0.844846 0.119103
v 0.151392 0.124266 -0.016343
v 0.123240 -0.003233 -0.005560
v 0.146822 0.127818 0.031762
v 0.145657 -0.003137 -0.006363
v 0.105631 0.130660 -0.018468
v 0.105257 0.007732 0.027409
v 0.103655 0.137003 0.041552
v 0.165096 0.003799 -0.002363
v 0.123055 0.003604 0.020253
v 0.144437 -0.000807 0.019393
v 0.130505 0.132458 0.042986
v 0.115458 0.137333 0.047650
v 0.123024 -0.002157 -0.031651
v 0.141126 0.001502 0.040030
v 0.120799 0.130824 -0.036453
v 0.136773 0.128864 -0.035795
v 0.163969 0.004542 -0.021575
v 0.146982 0.000034 -0.030265
v 0.161629 0.132185 0.001671
v 0.159786 0.121635 0.020885
v 0.094756 0.130444 0.026320
v 0.094808 0.140091 0.003650
v 0.103464 -0.001252 -0.022657
v 0.101512 0.000128 0.004893
v 0.153026 0.002683 0.039585
v 0.164414 0.002847 0.022565
v 0.115740 0.006226 0.041644
v 0.125632 0.004004 0.040331
v 0.164860 0.083647 -0.009458
v 0.087615 0.089889 0.002913
v 0.127423 0.103663 0.046677
v 0.165341 0.081977 0.021321
v 0.101277 0.111720 0.043999
v 0.170755 0.080983 0.003855
v 0.123108 0.088083 -0.036984
v 0.112031 0.113930 0.050407
v 0.086174 0.092149 0.020434
v 0.138867 0.087145 -0.035552
v 0.143226 0.094305 0.039159
v 0.095920 0.091798 -0.008850
v 0.166799 0.035187 0.123561
v 0.179173 0.003973 0.130994
v 0.090710 0.053858 0.126839
v 0.095024 0.001347 0.131207
v 0.115497 -0.000520 0.142421
v 0.114006 0.053377 0.127461
v 0.138940 -0.001832 0.141548
v 0.131746 0.046227 0.125825
v 0.160823 -0.001984 0.139669
v 0.145580 0.044456 0.126068
v 0.076199 0.003403 0.126696
v 0.076783 0.036754 0.130137
v 0.130032 0.073390 0.079706
v 0.128982 0.059848 0.102319
v 0.143099 0.056324 0.099615
v 0.142922 0.067427 0.077840
v 0.162537 0.045670 0.098358
v 0.156242 0.058283 0.071758
v 0.172215 0.007756 0.073135
v 0.173482 0.007576 0.100925
v 0.110376 0.066832 0.106530
v 0.108452 0.084059 0.081333
v 0.127163 0.003748 0.083693
v 0.122622 0.004680 0.109424
v 0.140796 -0.001334 0.107891
v 0.143782 0.000407 0.081696
v 0.159185 0.001892 0.076367
v 0.159426 0.000349 0.104922
v 0.115129 0.005053 0.082345
v 0.103380 0.000480 0.104553
v 0.093348 0.078658 0.076749
v 0.092626 0.067819 0.100257
v 0.082149 0.050594 0.096606
v 0.086020 0.060218 0.073055
v 0.087876 0.002201 0.099014
v 0.100945 0.008502 0.074679
v 0.166095 0.036286 0.018127
v 0.170980 0.021588 0.018579
v 0.094842 0.044973 0.005283
v 0.091038 0.018207 0.005029
v 0.165553 0.039300 -0.002418
v 0.169073 0.020366 -0.003014
v 0.146819 0.034463 -0.049196
v 0.147288 0.009819 -0.046327
v 0.101103 0.038812 -0.028452
v 0.095378 0.013390 -0.027979
v 0.165983 0.019759 -0.024470
v 0.161857 0.038909 -0.025092
v 0.117935 0.012004 -0.051493
v 0.117374 0.033295 -0.054335
v 0.091551 0.021638 0.025091
v 0.091597 0.044043 0.027631
v 0.177963 0.024373 0.124113
v 0.182980 0.016243 0.130662
v 0.134682 0.002071 0.156618
v 0.116230 0.000207 0.155895
v 0.172437 0.002968 0.153874
v 0.163716 0.031211 0.147749
v 0.067996 0.010472 0.125556
v 0.068874 0.025374 0.127336
v 0.083838 0.043142 0.072163
v 0.086741 0.022399 0.070863
v 0.077008 0.036826 0.095284
v 0.077673 0.011140 0.095574
v 0.175396 0.021071 0.071548
v 0.172563 0.031885 0.070100
v 0.177269 0.017599 0.099353
v 0.175072 0.027152 0.097375
v 0.074406 0.003274 0.150209
v 0.175604 0.022594 0.146462
v 0.179219 0.017787 0.148944
v 0.139304 0.031388 0.161103
v 0.142802 0.073924 0.062890
v 0.155061 0.067346 0.053185
v 0.109174 0.093653 0.065078
v 0.141815 0.003735 0.060504
v 0.091873 0.063641 0.051494
v 0.106522 0.013642 0.052182
v 0.127996 0.081817 0.066534
v 0.168296 0.006678 0.047703
v 0.126839 0.005862 0.061204
v 0.157020 0.003529 0.056132
v 0.118112 0.007846 0.059440
v 0.096877 0.088286 0.054955
v 0.170970 0.033078 0.043158
v 0.171124 0.022155 0.044222
v 0.093803 0.024702 0.048446
v 0.087385 0.042916 0.048892
v 0.164862 0.066681 0.018339
v 0.124761 0.064350 -0.042175
v 0.169236 0.064222 0.003915
v 0.089375 0.077739 0.020912
v 0.165195 0.067810 -0.007784
v 0.098352 0.079513 -0.009239
v 0.092643 0.075386 0.006457
v 0.143495 0.061082 -0.039497
v 0.160608 0.002908 0.190753
v 0.165090 0.003897 0.190614
v 0.171626 0.009068 0.184112
v 0.164636 0.011371 0.189887
v 0.161286 0.011815 0.191466
v 0.170643 0.012321 0.183833
v 0.160794 0.006036 0.192409
v 0.166313 0.007476 0.192122
v 0.172223 0.012864 0.181289
v 0.161093 0.009295 0.192390
v 0.166351 0.009541 0.191738
v 0.172648 0.008533 0.181397
v 0.161565 0.002750 0.185575
v 0.167057 0.003679 0.186509
v 0.165547 0.015662 0.179567
v 0.165848 0.011379 0.187950
v 0.166990 0.011948 0.185959
v 0.169361 0.008465 0.188683
v 0.169316 0.004121 0.179128
v 0.168557 0.010462 0.188028
v 0.163693 0.005221 0.177732
v 0.164476 0.014283 0.183885
v 0.162887 0.003663 0.180498
v 0.165862 0.011696 0.186548
v 0.168692 0.003659 0.181849
v 0.167151 0.011075 0.187957
v 0.168298 0.012994 0.184772
v 0.165894 0.010438 0.191072
v 0.162234 0.012752 0.189858
v 0.163674 0.012828 0.186320
v 0.163113 0.012477 0.187943
v 0.166603 0.011271 0.188000
v 0.165287 0.010976 0.190778
v 0.161656 0.012483 0.191076
v 0.164003 0.012644 0.185169
v 0.173474 0.014255 0.178393
v 0.173857 0.009596 0.178150
v 0.166400 0.017917 0.176943
v 0.171185 0.016491 0.177790
v 0.170303 0.005222 0.176132
v 0.164057 0.006793 0.175577
v 0.169979 0.014747 0.180235
v 0.174240 0.016763 0.174456
v 0.174717 0.010993 0.174735
v 0.167258 0.020384 0.174797
v 0.170762 0.020709 0.172783
v 0.171158 0.005147 0.173392
v 0.164161 0.008203 0.172972
v 0.164441 0.008705 0.169985
v 0.172355 0.004772 0.170939
v 0.171959 0.020661 0.169118
v 0.166720 0.024153 0.167025
v 0.174786 0.012152 0.171064
v 0.174074 0.018098 0.170100
v 0.172316 0.018716 0.173915
v 0.167403 0.021668 0.172790
v 0.166952 0.024255 0.169133
v 0.170460 0.022279 0.169875
v 0.175343 0.006593 0.164101
v 0.175453 0.015673 0.162425
v 0.173263 0.020449 0.161251
v 0.170841 0.024302 0.160716
v 0.167496 0.006004 0.163337
v 0.165845 0.026774 0.160509
v 0.157611 0.004694 0.188976
v 0.157420 0.012159 0.182098
v 0.159916 0.012527 0.189580
v 0.157990 0.014185 0.182911
v 0.156524 0.007350 0.190468
v 0.158768 0.014746 0.179749
v 0.156755 0.010322 0.190716
v 0.158135 0.012560 0.179565
v 0.157291 0.005805 0.185809
v 0.160117 0.013057 0.187464
v 0.160069 0.013359 0.185356
v 0.156413 0.009485 0.186485
v 0.159544 0.010061 0.179185
v 0.157180 0.011989 0.186851
v 0.160783 0.013249 0.186081
v 0.159057 0.008547 0.181453
v 0.158170 0.013318 0.187253
v 0.159752 0.015172 0.183640
v 0.158112 0.011698 0.190244
v 0.158909 0.012685 0.187435
v 0.159074 0.012235 0.190230
v 0.159370 0.015218 0.176672
v 0.159033 0.013133 0.176634
v 0.161362 0.017451 0.176743
v 0.160500 0.010677 0.176494
v 0.160696 0.016208 0.179599
v 0.159865 0.017256 0.172747
v 0.160252 0.014038 0.173054
v 0.163171 0.020474 0.172133
v 0.161856 0.011581 0.173365
v 0.162422 0.011773 0.169563
v 0.161448 0.020034 0.168123
v 0.161184 0.014252 0.169003
v 0.161029 0.017468 0.168340
v 0.161184 0.018995 0.172835
v 0.162800 0.021664 0.169246
v 0.163392 0.010588 0.164131
v 0.161687 0.014664 0.163805
v 0.161823 0.018588 0.161899
v 0.162559 0.023181 0.160738
v 0.091037 0.009880 0.211244
v 0.100600 0.011915 0.207648
v 0.105091 0.015914 0.192231
v 0.095040 0.026360 0.208850
v 0.088666 0.029723 0.212819
v 0.103067 0.022334 0.192397
v 0.090718 0.015143 0.214630
v 0.101119 0.016715 0.210545
v 0.102777 0.022567 0.183857
v 0.089711 0.022674 0.215734
v 0.100206 0.021476 0.211343
v 0.104556 0.015628 0.183570
v 0.090731 0.003590 0.201769
v 0.103557 0.009615 0.200936
v 0.087798 0.032375 0.185005
v 0.097096 0.026062 0.201773
v 0.097552 0.026586 0.193210
v 0.093351 0.034964 0.181508
v 0.104379 0.015661 0.201338
v 0.102107 0.009626 0.183323
v 0.102031 0.022068 0.201745
v 0.087257 0.002847 0.183797
v 0.087780 0.029690 0.190965
v 0.089331 0.002103 0.192528
v 0.095969 0.027252 0.196613
v 0.102769 0.009334 0.192200
v 0.100069 0.025588 0.201274
v 0.098572 0.026516 0.192131
v 0.098119 0.024553 0.209926
v 0.088496 0.030070 0.210493
v 0.087755 0.028608 0.195814
v 0.088195 0.028067 0.203126
v 0.099010 0.025652 0.201486
v 0.097130 0.025707 0.209945
v 0.088713 0.030408 0.212215
v 0.087570 0.028696 0.192449
v 0.099812 0.023435 0.171878
v 0.101892 0.015149 0.172703
v 0.089086 0.036734 0.171413
v 0.096960 0.034479 0.172294
v 0.098548 0.008884 0.172631
v 0.085326 0.007105 0.173619
v 0.098757 0.031873 0.183949
v 0.087509 0.034808 0.181940
v 0.087973 0.036895 0.177441
v 0.098600 0.027183 0.162687
v 0.093629 0.036382 0.177320
v 0.100715 0.015836 0.165752
v 0.091291 0.039447 0.163556
v 0.100803 0.034431 0.160037
v 0.096029 0.008303 0.166080
v 0.085604 0.006507 0.164629
v 0.079534 0.010930 0.208271
v 0.070088 0.013809 0.192853
v 0.079728 0.028097 0.209586
v 0.071964 0.021446 0.192872
v 0.078258 0.016472 0.210909
v 0.069257 0.021485 0.184718
v 0.076544 0.022537 0.211875
v 0.068740 0.013781 0.184938
v 0.076271 0.007966 0.201165
v 0.078681 0.026728 0.202196
v 0.077111 0.026849 0.193511
v 0.078477 0.032634 0.181626
v 0.073647 0.014946 0.201197
v 0.072271 0.007017 0.184456
v 0.074474 0.021927 0.201722
v 0.078908 0.027455 0.196595
v 0.073554 0.006076 0.192497
v 0.076256 0.026248 0.201513
v 0.075957 0.026730 0.192701
v 0.077137 0.026390 0.210574
v 0.077142 0.026472 0.201780
v 0.078079 0.027483 0.210648
v 0.071751 0.021614 0.174358
v 0.071083 0.014595 0.174617
v 0.078523 0.031626 0.173830
v 0.075277 0.009571 0.174475
v 0.074748 0.029139 0.185200
v 0.073498 0.021869 0.165784
v 0.078887 0.033627 0.177590
v 0.071175 0.013239 0.164753
v 0.079415 0.031771 0.166224
v 0.075592 0.008249 0.164294
v 0.113865 0.009771 0.210100
v 0.119770 0.010942 0.208419
v 0.122516 0.013548 0.197379
v 0.116618 0.021666 0.207048
v 0.114418 0.022199 0.209428
v 0.121692 0.018002 0.197659
v 0.113968 0.013989 0.211927
v 0.121004 0.014517 0.210224
v 0.121628 0.018158 0.192844
v 0.114539 0.017987 0.211326
v 0.121054 0.017878 0.210093
v 0.122177 0.013658 0.192407
v 0.114383 0.004502 0.203100
v 0.121192 0.009003 0.203832
v 0.113971 0.024405 0.193051
v 0.118011 0.021220 0.203772
v 0.118477 0.021112 0.201039
v 0.122560 0.013211 0.204101
v 0.121065 0.010163 0.191574
v 0.122101 0.017023 0.204036
v 0.115380 0.006480 0.189787
v 0.113465 0.023022 0.199550
v 0.114931 0.004561 0.194982
v 0.117179 0.021439 0.201798
v 0.121344 0.008897 0.196658
v 0.120509 0.019639 0.203921
v 0.119277 0.021707 0.200119
v 0.119185 0.020302 0.208713
v 0.114258 0.022396 0.207591
v 0.113902 0.021980 0.201578
v 0.114113 0.021983 0.203475
v 0.119659 0.020124 0.203921
v 0.118331 0.021236 0.208311
v 0.114398 0.022832 0.208838
v 0.113594 0.022080 0.200370
v 0.121818 0.019628 0.189581
v 0.122324 0.015348 0.189153
v 0.114113 0.026117 0.189324
v 0.119779 0.023004 0.189334
v 0.120916 0.011146 0.188044
v 0.115302 0.007739 0.186409
v 0.119977 0.022533 0.192701
v 0.122155 0.024586 0.183132
v 0.122233 0.019159 0.182855
v 0.113804 0.030428 0.184576
v 0.117020 0.030505 0.181713
v 0.120543 0.014345 0.182281
v 0.115054 0.010170 0.181245
v 0.114658 0.009746 0.175952
v 0.120640 0.014073 0.176054
v 0.119476 0.029748 0.176074
v 0.113658 0.032414 0.174667
v 0.122110 0.019121 0.176030
v 0.122053 0.025425 0.175932
v 0.119473 0.028036 0.183449
v 0.113713 0.031285 0.182031
v 0.113637 0.032407 0.177670
v 0.117059 0.031835 0.177840
v 0.120091 0.013730 0.166615
v 0.121052 0.019889 0.165437
v 0.121076 0.027586 0.163742
v 0.118650 0.033621 0.163612
v 0.114751 0.009600 0.166410
v 0.113613 0.037057 0.163030
v 0.107341 0.010344 0.207946
v 0.104632 0.013467 0.195802
v 0.111620 0.021909 0.206920
v 0.106043 0.018053 0.196680
v 0.106060 0.014524 0.209922
v 0.106609 0.018086 0.191342
v 0.106394 0.018361 0.210249
v 0.105708 0.013189 0.190841
v 0.106529 0.008033 0.202522
v 0.110310 0.021985 0.203948
v 0.109562 0.021321 0.201100
v 0.104399 0.013371 0.203054
v 0.107952 0.008716 0.189933
v 0.105432 0.018100 0.203501
v 0.110989 0.021685 0.202218
v 0.106687 0.007425 0.194908
v 0.107799 0.021082 0.203982
v 0.108647 0.021670 0.199837
v 0.108419 0.020773 0.208828
v 0.108688 0.021450 0.204036
v 0.109363 0.021489 0.208342
v 0.106474 0.019263 0.188305
v 0.105661 0.014729 0.187872
v 0.108848 0.022309 0.188564
v 0.108140 0.009732 0.186776
v 0.108422 0.022195 0.191971
v 0.105563 0.022911 0.182686
v 0.105405 0.017584 0.182309
v 0.110152 0.029388 0.181390
v 0.107512 0.012219 0.181562
v 0.107928 0.011938 0.176018
v 0.108668 0.028173 0.175171
v 0.105157 0.017403 0.175895
v 0.105438 0.023447 0.175235
v 0.107890 0.026561 0.182966
v 0.110019 0.030686 0.177413
v 0.108088 0.010333 0.166415
v 0.106389 0.017287 0.164594
v 0.107134 0.025715 0.161718
v 0.109609 0.033313 0.160675
v 0.130216 0.006777 0.204795
v 0.136071 0.006246 0.201707
v 0.138096 0.012314 0.191463
v 0.134332 0.018205 0.200487
v 0.131332 0.018744 0.204076
v 0.138004 0.016139 0.191952
v 0.130580 0.011840 0.206416
v 0.136965 0.010670 0.202836
v 0.138157 0.016859 0.188765
v 0.131060 0.015637 0.206129
v 0.137561 0.014623 0.202858
v 0.137901 0.013631 0.188548
v 0.129941 0.002817 0.196492
v 0.136844 0.005066 0.196504
v 0.131133 0.021490 0.188610
v 0.134847 0.018793 0.197948
v 0.135013 0.019169 0.195937
v 0.138640 0.009040 0.196494
v 0.136129 0.011341 0.187876
v 0.138172 0.014600 0.196760
v 0.130712 0.009020 0.186803
v 0.131733 0.020385 0.194437
v 0.130442 0.006644 0.189709
v 0.134053 0.019315 0.196635
v 0.136330 0.008870 0.190755
v 0.136783 0.017761 0.197428
v 0.135667 0.019486 0.195178
v 0.136868 0.016675 0.201975
v 0.131536 0.019202 0.201609
v 0.131625 0.020053 0.196459
v 0.131584 0.019888 0.198258
v 0.136148 0.018037 0.197652
v 0.136172 0.017588 0.201617
v 0.131423 0.019314 0.203585
v 0.131687 0.019808 0.195519
v 0.138212 0.018264 0.185556
v 0.138212 0.015274 0.185685
v 0.130900 0.023414 0.185070
v 0.135746 0.020912 0.185328
v 0.135875 0.012773 0.185171
v 0.130799 0.010617 0.184220
v 0.136351 0.020166 0.188600
v 0.138546 0.022798 0.180083
v 0.138406 0.018282 0.180159
v 0.131069 0.027640 0.181141
v 0.133838 0.028176 0.178285
v 0.135938 0.015337 0.180124
v 0.130995 0.013531 0.179837
v 0.130940 0.013278 0.174366
v 0.136314 0.015182 0.174421
v 0.135320 0.028032 0.174206
v 0.131223 0.030609 0.172637
v 0.138898 0.018848 0.174300
v 0.138924 0.024116 0.174052
v 0.135727 0.025703 0.180043
v 0.131177 0.029194 0.178527
v 0.131313 0.030036 0.175645
v 0.133708 0.029074 0.175960
v 0.136214 0.012713 0.166094
v 0.138517 0.017565 0.165827
v 0.139171 0.025458 0.164621
v 0.135838 0.032346 0.163805
v 0.131291 0.010520 0.165235
v 0.131144 0.035848 0.162764
v 0.124300 0.009526 0.202003
v 0.123399 0.014648 0.191554
v 0.128496 0.017972 0.201439
v 0.124086 0.018155 0.192183
v 0.124312 0.013727 0.203429
v 0.124143 0.018625 0.188499
v 0.124532 0.015940 0.204080
v 0.123603 0.014845 0.187958
v 0.123249 0.008883 0.196935
v 0.127911 0.019197 0.198716
v 0.127109 0.019606 0.196933
v 0.123022 0.013625 0.197428
v 0.124917 0.011644 0.187313
v 0.124093 0.017598 0.197770
v 0.128630 0.019739 0.197383
v 0.124515 0.010549 0.190684
v 0.125765 0.019452 0.198226
v 0.126247 0.020226 0.195714
v 0.125633 0.016967 0.203436
v 0.126410 0.019101 0.198572
v 0.126357 0.017547 0.203206
v 0.124161 0.020215 0.185236
v 0.123725 0.016481 0.185019
v 0.126077 0.022140 0.185072
v 0.125235 0.012624 0.184425
v 0.125939 0.021459 0.188367
v 0.123956 0.024471 0.180329
v 0.124034 0.019442 0.180086
v 0.128364 0.029028 0.178389
v 0.125720 0.015241 0.179810
v 0.126125 0.014994 0.174241
v 0.127151 0.029065 0.173716
v 0.124074 0.019447 0.174135
v 0.124350 0.025231 0.173895
v 0.126118 0.027002 0.180303
v 0.128796 0.029868 0.175721
v 0.127761 0.014350 0.165392
v 0.126025 0.020103 0.164786
v 0.125643 0.027704 0.162700
v 0.125777 0.033454 0.161551
v 0.144780 0.002835 0.198359
v 0.151919 0.003788 0.196370
v 0.156087 0.008811 0.187381
v 0.149134 0.014247 0.195469
v 0.145861 0.014557 0.198741
v 0.154429 0.013263 0.187824
v 0.145022 0.006131 0.200045
v 0.152364 0.007398 0.197491
v 0.155058 0.014752 0.185172
v 0.145611 0.011277 0.200115
v 0.152153 0.011232 0.197415
v 0.156204 0.010690 0.184768
v 0.145347 0.002147 0.192481
v 0.153301 0.003474 0.192238
v 0.147216 0.019150 0.184913
v 0.150418 0.014492 0.193020
v 0.150926 0.015396 0.191203
v 0.154924 0.006829 0.192156
v 0.154216 0.008141 0.183760
v 0.153726 0.011385 0.192119
v 0.146752 0.007933 0.183409
v 0.146789 0.017429 0.189088
v 0.146204 0.005290 0.186379
v 0.149457 0.015127 0.191597
v 0.153954 0.005635 0.186645
v 0.152718 0.013427 0.192569
v 0.151523 0.016519 0.190472
v 0.151473 0.013289 0.196586
v 0.145992 0.015286 0.196751
v 0.146234 0.015925 0.191441
v 0.146532 0.015233 0.193506
v 0.152059 0.013526 0.192733
v 0.150744 0.013595 0.196304
v 0.145847 0.015028 0.198117
v 0.146370 0.016296 0.190328
v 0.155158 0.016602 0.182730
v 0.156259 0.013052 0.182546
v 0.147004 0.021376 0.182357
v 0.152304 0.019051 0.182713
v 0.154200 0.010238 0.181475
v 0.147182 0.010102 0.181072
v 0.152569 0.018081 0.185076
v 0.155537 0.020297 0.177358
v 0.156432 0.015798 0.177617
v 0.147832 0.024905 0.177683
v 0.151151 0.025036 0.174957
v 0.154088 0.013557 0.177248
v 0.147539 0.013565 0.176855
v 0.149368 0.013455 0.171778
v 0.154218 0.013620 0.172178
v 0.154189 0.024172 0.170635
v 0.149424 0.027032 0.169445
v 0.156265 0.015752 0.172034
v 0.156528 0.019932 0.171268
v 0.152358 0.023230 0.177092
v 0.148374 0.025971 0.174935
v 0.148912 0.026563 0.172176
v 0.151845 0.025600 0.172259
v 0.155943 0.011577 0.166204
v 0.157546 0.014868 0.165383
v 0.157422 0.019144 0.163186
v 0.156912 0.024934 0.161092
v 0.150457 0.009668 0.164955
v 0.149836 0.031085 0.160407
v 0.139809 0.005602 0.196322
v 0.140072 0.013334 0.188070
v 0.143897 0.014219 0.196267
v 0.140777 0.015495 0.188402
v 0.140017 0.008849 0.197702
v 0.140913 0.016703 0.184853
v 0.141106 0.012553 0.198045
v 0.140407 0.013994 0.184928
v 0.139426 0.006891 0.192544
v 0.143374 0.014581 0.193677
v 0.143397 0.015822 0.190632
v 0.139189 0.010834 0.192791
v 0.141564 0.011504 0.184704
v 0.140714 0.013910 0.193030
v 0.143885 0.015289 0.191599
v 0.140908 0.009934 0.187639
v 0.141769 0.014959 0.193470
v 0.142286 0.016986 0.189534
v 0.141953 0.014357 0.197705
v 0.142277 0.014568 0.193606
v 0.142500 0.014275 0.197373
v 0.140908 0.018298 0.181964
v 0.140660 0.015468 0.182096
v 0.142768 0.019952 0.182062
v 0.142198 0.012701 0.182027
v 0.142541 0.018942 0.184606
v 0.140740 0.023260 0.176468
v 0.141191 0.018766 0.176555
v 0.145668 0.026227 0.174718
v 0.143836 0.015510 0.176731
v 0.144786 0.015346 0.171511
v 0.144716 0.026453 0.170961
v 0.143081 0.018767 0.171202
v 0.142530 0.023515 0.170985
v 0.143446 0.024994 0.176527
v 0.146157 0.026741 0.172523
v 0.146238 0.011755 0.165064
v 0.144575 0.016545 0.164827
v 0.143940 0.024516 0.162847
v 0.143150 0.030354 0.161745
v 0.180371 0.011220 0.150785
v 0.171502 0.026857 0.145926
v 0.164831 0.006909 0.159567
v 0.161120 0.029710 0.155971
v 0.087818 0.046874 0.148844
v 0.099153 0.045177 0.154768
v 0.095999 0.002835 0.159928
v 0.089253 0.000288 0.153566
v 0.068898 0.022939 0.151409
v 0.067846 0.009873 0.149384
v 0.074169 0.034729 0.151157
v 0.120357 0.006467 0.162576
v 0.119846 0.040771 0.156687
v 0.140916 0.036439 0.156147
v 0.113499 0.045605 0.149742
v 0.109595 0.003007 0.161273
v 0.106282 0.042646 0.151870
v 0.138605 0.006411 0.162330
v 0.137668 0.037809 0.156954
v 0.143881 0.005840 0.161522
v 0.132252 0.043288 0.150810
v 0.128560 0.007689 0.162168
v 0.126402 0.039585 0.156057
v 0.157374 0.007663 0.162647
v 0.154575 0.031753 0.155772
v 0.148443 0.036848 0.150111
v 0.148389 0.006151 0.161435
v 0.144301 0.035118 0.156206
v 0.160910 0.007192 0.161463
v 0.145225 0.001623 0.156581
v 0.155931 0.034040 0.144577
v 0.158097 0.030193 0.154999
v 0.156207 0.041267 0.124207
v 0.159620 0.014970 0.164193
v 0.163553 0.003009 0.154762
v 0.148354 0.064411 0.076822
v 0.159995 0.011752 0.165073
v 0.152065 0.052557 0.099466
v 0.159984 0.023053 0.160553
v 0.137772 0.045445 0.125739
v 0.136439 0.071404 0.076537
v 0.140497 0.017248 0.164821
v 0.140556 0.012177 0.165393
v 0.135736 0.058229 0.100175
v 0.139870 0.025439 0.162974
v 0.141302 0.039756 0.146104
v 0.159458 0.018782 0.162220
v 0.173443 0.029950 0.122777
v 0.170865 0.036287 0.097076
v 0.166631 0.050797 0.046405
v 0.165373 0.045160 0.070361
v 0.120639 0.063089 0.104509
v 0.123422 0.040207 0.155688
v 0.122497 0.033699 0.158620
v 0.123171 0.050191 0.126843
v 0.120173 0.078667 0.077650
v 0.122992 0.044623 0.148263
v 0.102628 0.055084 0.127182
v 0.099535 0.082023 0.077416
v 0.103461 0.046765 0.145823
v 0.101389 0.070073 0.103409
v 0.102814 0.044413 0.151206
v 0.103580 0.037843 0.156526
v 0.125823 0.000111 0.154040
v 0.103303 0.002214 0.159689
v 0.103637 0.015739 0.164720
v 0.106070 0.000056 0.152878
v 0.122838 0.015009 0.165931
v 0.123274 0.020101 0.165205
v 0.122663 0.027952 0.161231
v 0.102048 0.007772 0.163919
v 0.102745 0.026392 0.161383
v 0.123786 0.006370 0.161958
v 0.110907 -0.000156 0.154571
v 0.107253 0.002265 0.160003
v 0.149390 0.088341 -0.019304
v 0.165983 0.102853 0.002687
v 0.160315 0.101878 -0.008127
v 0.151647 0.061521 -0.015235
v 0.165997 0.099914 0.018231
v 0.156222 0.081092 0.035511
v 0.162537 0.053985 0.025572
v 0.160416 0.052814 0.002731
v 0.092117 0.110056 0.007446
v 0.100435 0.108132 -0.005396
v 0.095068 0.098815 0.030860
v 0.109830 0.091721 -0.019429
v 0.090850 0.106345 0.019270
v 0.094183 0.067886 0.028456
v 0.109161 0.071163 -0.018351
v 0.097879 0.065248 0.007053
v 0.164398 0.191867 0.013871
v 0.110530 0.000421 0.139953
v 0.105307 0.008836 0.164126
v 0.113178 -0.000032 0.140877
v 0.108365 0.000057 0.153638
v 0.104125 0.008170 0.163582
v 0.105593 0.002354 0.159775
v 0.138500 0.018536 0.169630
v 0.135623 0.030231 0.168724
v 0.131247 0.033610 0.167746
v 0.136178 0.014221 0.169614
v 0.138777 0.024848 0.169162
v 0.131108 0.012446 0.169206
v 0.125420 0.019855 0.169186
v 0.126808 0.031267 0.167339
v 0.126976 0.015001 0.169118
v 0.125694 0.026376 0.168237
v 0.121231 0.019575 0.170581
v 0.118894 0.031655 0.169810
v 0.114229 0.034532 0.169077
v 0.120238 0.013833 0.170663
v 0.121291 0.026464 0.169843
v 0.114774 0.009604 0.170610
v 0.105949 0.017401 0.169932
v 0.109261 0.030468 0.167981
v 0.108109 0.011460 0.170774
v 0.106385 0.024643 0.168219
v 0.156676 0.015344 0.168310
v 0.155758 0.024584 0.165617
v 0.150279 0.029711 0.164648
v 0.155078 0.012472 0.168530
v 0.156827 0.019685 0.166940
v 0.149886 0.011689 0.167976
v 0.144097 0.017829 0.167781
v 0.144105 0.028517 0.165984
v 0.145685 0.013748 0.167942
v 0.143530 0.024011 0.166724
v 0.174968 0.013836 0.166733
v 0.171100 0.022643 0.164791
v 0.166360 0.025460 0.163859
v 0.174528 0.004348 0.167705
v 0.173208 0.019344 0.165570
v 0.165903 0.007572 0.166343
v 0.161925 0.014356 0.165943
v 0.162208 0.021482 0.164290
v 0.163203 0.011316 0.166219
v 0.161934 0.017885 0.164854
v 0.139868 -0.001583 0.124719
v 0.126598 -0.001141 0.142008
v 0.149881 -0.001908 0.140608
v 0.127333 -0.000922 0.127406
v 0.149865 -0.000861 0.124895
v 0.132506 0.007492 0.162147
v 0.152069 0.007036 0.161739
v 0.154973 0.002978 0.155347
v 0.169998 0.000995 0.135331
v 0.160124 0.000666 0.122295
v 0.176327 0.005774 0.115959
v 0.168717 0.003042 0.121130
v 0.181076 0.010108 0.130828
v 0.177938 0.011416 0.112896
v 0.115523 0.005000 0.161983
v 0.173146 0.929417 0.059742
v 0.175791 0.912043 -0.034998
v 0.084937 0.898115 0.117195
v 0.144992 0.923861 0.103519
v 0.186198 0.923738 0.004081
v 0.152383 0.901917 -0.067910
v 0.613719 1.411605 0.034881
v 0.611002 1.415599 -0.026768
v 0.609610 1.476016 -0.013861
v 0.608355 1.463536 -0.025256
v 0.613936 1.394016 0.001809
v 0.611127 1.482146 0.001291
v 0.612195 1.401966 -0.015651
v 0.613536 1.397292 0.020835
v 0.611975 1.476794 0.017864
v 0.610433 1.431016 -0.031736
v 0.612852 1.448214 0.037113
v 0.613465 1.429419 0.039177
v 0.609441 1.447554 -0.031124
v 0.612453 1.464522 0.029158
v 0.429566 1.483392 0.017854
v 0.397410 1.386844 0.066156
v 0.382351 1.476707 0.025397
v 0.378567 1.463448 -0.045309
v 0.376175 1.365330 0.000871
v 0.378611 1.480411 -0.013090
v 0.375338 1.372629 -0.040065
v 0.382916 1.369490 0.036264
v 0.368681 1.418672 -0.067621
v 0.397574 1.441224 0.067860
v 0.399552 1.414383 0.071897
v 0.369346 1.393304 -0.061681
v 0.373267 1.442465 -0.060696
v 0.391830 1.461822 0.047374
v 0.116713 0.469349 0.077274
v 0.166287 0.484601 0.027545
v 0.159581 0.487654 -0.039350
v 0.094997 0.491377 -0.043295
v 0.067029 0.488455 0.017782
v 0.154216 0.478912 0.042720
v 0.076944 0.483529 0.052179
v 0.089939 0.478826 0.065725
v 0.126778 0.487908 -0.046408
v 0.105263 0.472315 0.073813
v 0.174956 0.491581 -0.007571
v 0.133646 0.468422 0.070608
v 0.066877 0.487449 -0.017844
v 0.144045 0.454050 -0.035621
v 0.137676 0.562342 -0.071965
v 0.143638 0.485465 -0.046469
v 0.127756 0.595553 -0.082892
v 0.144122 0.515963 -0.056681
v 0.059337 0.592127 -0.053592
v 0.076595 0.513905 -0.029044
v 0.082691 0.464628 -0.022473
v 0.067011 0.558749 -0.044829
v 0.077287 0.490156 -0.023665
v 0.126683 0.424533 -0.048725
v 0.082898 0.438873 -0.033468
v 0.096901 0.424589 -0.046621
v 0.145742 0.429737 -0.041815
v 0.094256 0.665119 -0.086838
v 0.116889 0.662845 -0.089237
v 0.055278 0.658907 -0.059355
v 0.070908 0.663694 -0.075260
v 0.121570 0.344941 0.046266
v 0.077613 0.348653 0.026035
v 0.167962 0.357847 0.026799
v 0.180622 0.375561 -0.062858
v 0.079690 0.354984 -0.070987
v 0.058207 0.355409 -0.003025
v 0.128651 0.362461 -0.076180
v 0.098890 0.344523 0.041344
v 0.201117 0.372258 -0.028764
v 0.145251 0.349954 0.041620
v 0.052675 0.363662 -0.043528
v 0.119113 0.247140 0.042748
v 0.085308 0.249314 0.022373
v 0.156724 0.248264 0.025194
v 0.075928 0.251345 -0.003266
v 0.139409 0.249571 -0.072179
v 0.100876 0.247776 0.037545
v 0.179009 0.250799 -0.018924
v 0.138613 0.247483 0.038218
v 0.173960 0.250043 -0.052096
v 0.101706 0.251446 -0.062280
v 0.080148 0.252307 -0.034873
v 0.188761 0.365628 0.002962
v 0.185019 0.416299 0.003128
v 0.170372 0.249158 0.006075
v 0.179786 0.307063 0.002609
v 0.181213 0.458311 0.006262
v 0.035387 1.141573 0.175963
v 0.058208 1.092831 0.155835
v 0.046119 1.037400 0.163682
v 0.000000 1.090805 0.139239
v 0.003937 1.089160 0.149895
v 0.000000 1.079994 0.145809
v 0.001620 1.100802 0.151849
v 0.001208 1.079764 0.151787
v 0.002839 1.097504 0.157889
v 0.015240 1.110589 0.164892
v 0.003865 1.087859 0.156664
v 0.019848 1.088213 0.160896
v 0.002622 1.079902 0.159400
v 0.017997 1.069559 0.163350
v 0.000000 1.102675 0.160360
v 0.000000 1.124784 0.166174
v 0.000000 1.061081 0.158870
v 0.000000 1.078336 0.156237
v 0.088867 1.510752 -0.083057
v 0.017025 1.485523 -0.082212
v 0.000000 1.480461 -0.077547
v 0.128311 1.509518 -0.082512
v 0.102456 1.546179 -0.040462
v 0.138668 0.810649 -0.087318
v 0.045058 0.785047 -0.079437
v 0.128830 0.816847 0.120077
v 0.027169 0.783702 0.068441
v 0.201446 0.813980 0.016836
v 0.011974 0.778293 0.011254
v 0.090045 0.796664 -0.096148
v 0.065434 0.801588 0.119899
v 0.183199 0.809492 -0.043285
v 0.177319 0.820163 0.080258
v 0.022521 0.783214 -0.040249
v 0.535720 1.421439 -0.045098
v 0.527746 1.457275 -0.036160
v 0.542909 1.399497 0.049495
v 0.541529 1.375519 0.001857
v 0.534252 1.492504 -0.002946
v 0.531291 1.390167 -0.024916
v 0.543488 1.378095 0.029994
v 0.533215 1.487366 0.025238
v 0.536475 1.447927 0.046595
v 0.540425 1.421888 0.050513
v 0.533483 1.404981 -0.039009
v 0.534483 1.439469 -0.043774
v 0.534214 1.469917 0.037046
v 0.533099 1.477151 -0.022277
v -0.202957 1.539106 -0.036076
v -0.104241 1.131423 -0.030513
v -0.195829 1.529168 0.040982
v -0.134255 1.144179 0.100801
v -0.134350 1.004602 -0.051174
v -0.144324 1.031796 0.107670
v -0.149362 0.866810 -0.076870
v -0.132956 0.871916 0.117824
v -0.065516 1.518481 0.053271
v -0.087650 1.558741 -0.040152
v -0.051307 0.979102 0.138828
v -0.039032 0.840952 0.060396
v -0.048237 1.146767 -0.048160
v -0.031541 0.822226 -0.089799
v -0.091559 0.197844 0.021980
v -0.118057 0.197587 0.044813
v -0.158817 0.194608 -0.027102
v -0.113431 0.197595 -0.045873
v -0.143639 1.297904 -0.081086
v -0.188301 1.300358 0.104253
v -0.079844 1.327884 0.196790
v -0.078765 1.317694 -0.108148
v -0.191286 1.390067 -0.084789
v -0.227957 1.372427 0.067967
v -0.088332 1.394713 0.176215
v -0.089528 1.401545 -0.112217
v -0.656192 1.419505 0.027189
v -0.152262 1.130940 0.007786
v -0.156495 1.035540 0.007606
v -0.201365 0.871849 0.013655
v -0.152425 0.193508 0.029839
v -0.179756 1.273814 0.022242
v -0.218345 1.381898 0.004694
v -0.188232 1.534304 0.006218
v -0.057079 1.563586 -0.044478
v -0.193295 1.275877 -0.016231
v -0.133564 1.209409 -0.061239
v -0.073562 1.565417 -0.030389
v -0.027836 1.320186 -0.101810
v -0.224301 1.361544 -0.027646
v -0.070246 1.243352 -0.090797
v -0.027821 1.409056 -0.110723
v -0.034924 1.270072 -0.091121
v -0.074602 1.280619 -0.099589
v -0.131221 1.115863 0.100650
v -0.102770 1.069082 -0.044687
v -0.042712 1.086097 -0.050686
v -0.144039 1.103380 0.014217
v -0.015043 1.075055 -0.051088
v -0.019453 1.149703 -0.048207
v -0.159655 1.343743 -0.080076
v -0.216274 1.331107 0.093224
v -0.083821 1.363380 0.185597
v -0.083577 1.355393 -0.106839
v -0.200327 1.321920 0.018867
v -0.029104 1.358694 -0.105135
v -0.207959 1.319675 -0.020514
v -0.205149 1.322899 0.057062
v -0.159199 1.264020 0.099756
v -0.175999 1.273595 0.074623
v -0.071893 1.276026 0.183294
v -0.223820 1.373536 0.034887
v -0.102526 1.185370 0.151970
v -0.266188 1.524143 -0.020967
v -0.298809 1.409374 -0.081738
v -0.258059 1.523475 0.032026
v -0.297422 1.391260 0.032377
v -0.302377 1.375000 -0.012048
v -0.265689 1.521329 0.008666
v -0.301765 1.375701 -0.038789
v -0.300316 1.379200 0.009316
v -0.025358 1.439474 0.131906
v -0.025788 1.484519 0.084012
v -0.092761 1.437666 0.132829
v -0.256678 1.497760 0.075744
v -0.209728 1.502703 0.083482
v -0.028534 1.474153 -0.093451
v -0.317011 1.488002 -0.054392
v -0.326242 1.501661 -0.000231
v -0.305804 1.476954 0.047496
v -0.129174 1.534420 -0.051797
v -0.115918 1.476806 -0.104207
v -0.199153 1.478561 -0.093708
v -0.122467 1.544612 -0.017313
v -0.170344 1.522433 0.045203
v -0.154805 1.506034 0.072859
v -0.093440 1.467045 0.104334
v -0.159578 1.204062 0.103780
v -0.162389 1.213269 -0.002239
v -0.056522 1.234032 0.198352
v -0.175949 1.208251 0.055396
v -0.158443 1.055827 0.016763
v -0.144180 1.320889 0.162703
v -0.136856 1.063832 0.108440
v -0.155803 1.385153 0.147614
v -0.099857 1.035708 0.121792
v -0.093665 1.148099 0.142547
v -0.115143 1.210848 0.157345
v -0.149859 1.357731 0.155541
v -0.125178 1.261921 0.141601
v -0.089001 1.108472 0.138328
v -0.023420 1.004745 -0.113003
v -0.167306 1.500342 0.084298
v -0.056446 0.974945 -0.127863
v -0.125738 0.884584 -0.116055
v -0.114051 0.976280 -0.104095
v -0.045580 0.875373 -0.129775
v -0.056367 1.032304 -0.090551
v -0.026228 1.027595 -0.091747
v -0.100572 1.029023 -0.079700
v -0.117118 0.447406 0.066250
v -0.161241 0.455004 -0.034599
v -0.099696 0.464294 -0.039685
v -0.088365 0.461486 0.058916
v -0.150252 0.459032 0.043608
v -0.164315 0.519240 -0.048707
v -0.090872 0.514455 -0.049859
v -0.126783 0.516244 0.076549
v -0.076508 0.500980 0.059700
v -0.151211 0.492263 0.051564
v -0.132118 0.662449 -0.086461
v -0.061777 0.706060 -0.072896
v -0.123349 0.681151 0.119317
v -0.027961 0.661834 0.065998
v -0.196096 0.675997 0.013036
v -0.012307 0.837797 0.008058
v -0.087499 0.199698 -0.002372
v -0.023848 0.656785 0.009300
v -0.111983 1.536248 0.008368
v -0.168922 1.530393 0.020620
v -0.096584 1.542742 0.008181
v -0.298427 1.509144 0.008578
v -0.208209 1.516694 -0.071936
v -0.283625 1.502692 0.046705
v -0.293171 1.512172 -0.037848
v -0.204249 1.517912 0.070209
v -0.100881 1.536740 -0.062784
v -0.022806 1.407374 0.166661
v -0.021508 1.463441 0.113449
v -0.020496 1.344519 0.189326
v -0.021168 1.376785 0.179585
v -0.020885 1.315203 0.195338
v -0.073117 1.289871 0.201771
v -0.130031 1.276149 0.163582
v -0.170475 1.277338 0.123609
v -0.049767 1.198142 0.192435
v -0.147711 1.175647 0.103273
v -0.154935 1.169467 -0.000021
v -0.138259 1.248525 -0.078166
v -0.173342 1.240566 -0.021466
v -0.051756 1.291519 -0.103340
v -0.053950 1.357690 -0.109710
v -0.055646 1.409976 -0.118161
v -0.050981 1.322256 -0.109223
v -0.070995 1.479306 -0.103562
v -0.043566 1.542671 -0.067069
v -0.457038 1.435506 -0.054279
v -0.445859 1.395825 0.055723
v -0.461956 1.370185 0.004179
v -0.450241 1.485723 -0.007619
v -0.462144 1.397101 -0.043903
v -0.463551 1.375351 0.025852
v -0.459353 1.416666 -0.058945
v -0.417903 1.474349 0.025725
v -0.446641 1.417460 -0.051833
v -0.445491 1.430519 -0.050143
v -0.345937 1.383235 0.058531
v -0.418697 1.369467 -0.000476
v -0.415503 1.477164 -0.011641
v -0.449741 1.401313 -0.042960
v -0.426102 1.371897 0.031304
v -0.347567 1.481615 0.029110
v -0.471027 1.436157 -0.052433
v -0.508951 1.396627 0.051022
v -0.507265 1.370925 0.001552
v -0.498877 1.495201 -0.004529
v -0.473077 1.400288 -0.043411
v -0.510536 1.372793 0.031933
v -0.495658 1.489991 0.029188
v -0.501348 1.419588 -0.047793
v -0.432034 1.442582 -0.037601
v -0.454498 1.452100 -0.035134
v -0.430763 1.387382 -0.030121
v -0.461062 1.383150 -0.021687
v -0.426823 1.418310 -0.048512
v -0.490424 1.450132 -0.039948
v -0.489297 1.390573 -0.028826
v -0.474534 1.418211 -0.053370
v -0.326649 1.415856 -0.079081
v -0.339018 1.474970 -0.054741
v -0.331702 1.369694 -0.002915
v -0.345210 1.487123 -0.012042
v -0.329698 1.373347 -0.038569
v -0.336655 1.371312 0.027377
v -0.563982 1.461769 -0.032267
v -0.575845 1.403903 0.047968
v -0.574770 1.383623 0.002163
v -0.568514 1.484487 -0.001217
v -0.572263 1.392066 -0.021005
v -0.575418 1.386694 0.028055
v -0.569718 1.479333 0.021340
v -0.570092 1.424249 -0.042403
v -0.165924 0.509759 0.035632
v -0.158563 0.452501 0.028045
v -0.070404 0.456686 0.013561
v -0.078447 0.452401 0.042368
v -0.119308 0.437582 0.054412
v -0.118483 0.498239 0.082187
v -0.093762 0.489748 0.068425
v -0.056122 0.509276 0.020608
v -0.104135 1.006448 -0.089932
v -0.130352 1.020318 -0.050896
v -0.055751 1.008124 -0.111148
v -0.139409 1.013661 0.100666
v -0.145074 0.966475 -0.056039
v -0.157606 1.014947 0.001943
v -0.053697 0.915654 0.119214
v -0.120762 0.944292 -0.114222
v -0.054280 0.942287 -0.134430
v -0.160189 1.529408 -0.044093
v -0.074963 1.139823 -0.041261
v -0.096049 0.835176 -0.097375
v -0.139155 0.196672 -0.044521
v -0.111104 1.308980 -0.096005
v -0.136330 1.394625 -0.100593
v -0.148031 1.536872 -0.012273
v -0.104364 1.223053 -0.079760
v -0.070147 1.079509 -0.039042
v -0.122079 1.351031 -0.099655
v -0.144931 1.529111 0.015748
v -0.144272 1.517406 0.034555
v -0.094310 1.526029 0.026511
v -0.167239 1.481427 -0.098077
v -0.085161 1.008942 -0.100843
v -0.093561 0.876710 -0.122665
v -0.083111 1.030161 -0.084412
v -0.089674 0.973958 -0.121341
v -0.127450 0.456690 -0.043915
v -0.124390 0.518275 -0.057287
v -0.091153 0.708394 -0.087552
v -0.170850 1.515446 -0.074256
v -0.105885 1.265612 -0.090034
v -0.090510 0.942227 -0.128162
v -0.209383 1.449330 0.103339
v -0.302250 1.440708 0.065654
v -0.163062 1.466411 0.101979
v -0.433335 1.437804 0.056881
v -0.348342 1.443149 0.067818
v -0.499276 1.445947 0.046113
v -0.572652 1.447461 0.047078
v -0.068508 1.543876 -0.069363
v -0.236919 1.535685 -0.026717
v -0.095871 1.491926 0.066559
v -0.084332 1.518166 0.039899
v -0.090000 1.489351 0.089976
v -0.100607 1.503549 0.044778
v -0.106103 1.519910 0.027302
v -0.142339 1.507911 0.050813
v -0.252922 1.382529 -0.031256
v -0.143179 0.916375 -0.091926
v -0.003498 0.836489 0.006398
v -0.014347 0.892223 -0.130032
v -0.024959 0.981288 -0.131450
v -0.007887 0.851416 -0.080084
v -0.025030 0.836234 0.074466
v -0.022454 0.946229 -0.140091
v -0.140319 0.880555 -0.100173
v -0.151202 0.931389 -0.065970
v -0.007779 0.871390 -0.111482
v -0.098043 0.857046 -0.112435
v -0.069156 0.913154 0.106026
v -0.142072 0.981025 0.101848
v -0.030128 0.842071 -0.116700
v -0.171590 0.983581 0.000008
v -0.118701 1.011532 -0.070678
v -0.080972 1.054845 -0.065153
v -0.048506 1.056766 -0.064630
v -0.136669 0.947789 -0.085878
v -0.100328 1.046139 -0.066340
v -0.014449 1.044707 -0.065727
v -0.127400 0.980699 -0.077548
v -0.019081 0.915955 -0.138683
v -0.051553 0.908085 -0.133791
v -0.092220 0.907831 -0.125812
v -0.126822 0.909345 -0.115882
v -0.031577 0.604934 0.072996
v -0.094338 0.992291 0.117612
v -0.151926 0.604301 -0.075455
v -0.073386 0.853639 0.124613
v -0.195768 0.607270 0.013649
v -0.057947 0.674724 0.115474
v -0.078964 0.592155 -0.070192
v -0.102634 0.944959 0.105720
v -0.103289 0.593337 -0.080827
v -0.030246 0.600483 0.013263
v -0.130148 0.613419 0.109583
v -0.097952 0.961434 0.123625
v -0.069007 0.611882 0.115657
v -0.047092 0.558705 0.081137
v -0.100681 0.442141 0.052619
v -0.189213 0.556597 0.019609
v -0.037512 0.558298 0.016425
v -0.102936 0.198250 0.037978
v -0.105053 0.496771 0.081038
v -0.085995 0.559269 -0.060739
v -0.099701 0.514476 0.075764
v -0.112112 0.560410 -0.071142
v -0.161612 0.564136 -0.061586
v -0.102093 0.449866 0.062851
v -0.135143 0.554062 0.089062
v -0.090517 0.558464 0.101022
v -0.249343 1.447998 0.075419
v -0.216004 1.409515 0.096431
v -0.161996 1.423211 0.125286
v -0.245997 1.396770 0.007330
v -0.261935 1.483416 -0.080083
v -0.249551 1.514942 0.067247
v -0.231358 1.530905 0.036785
v -0.255726 1.522167 -0.058046
v -0.242457 1.404924 0.026754
v -0.248569 1.401616 -0.006566
v -0.243811 1.410573 -0.073583
v -0.227009 1.534384 0.007313
v -0.020691 1.691692 0.101987
v -0.045769 1.694823 0.113023
v -0.021450 1.691728 0.112540
v -0.019590 1.671023 0.116696
v -0.041787 1.666509 0.116028
v -0.037203 1.695740 0.114389
v -0.010747 1.677024 0.120457
v -0.005874 1.682359 0.129566
v -0.012825 1.688187 0.116308
v -0.007502 1.690084 0.127214
v -0.018646 1.677082 0.106533
v -0.049445 1.670550 0.113792
v -0.049478 1.687444 0.095410
v -0.051394 1.679608 0.094036
v -0.005391 1.685681 0.127696
v -0.056348 1.682244 0.106529
v -0.050843 1.690750 0.109616
v -0.053645 1.675910 0.108123
v -0.009810 1.682485 0.117600
v -0.021301 1.679727 0.109908
v -0.019461 1.676588 0.107267
v -0.019202 1.677997 0.107675
v -0.032639 1.686159 0.112570
v -0.021988 1.676731 0.109986
v -0.035574 1.673953 0.110562
v -0.041027 1.675896 0.109316
v -0.038257 1.686062 0.112284
v -0.043419 1.684923 0.110548
v -0.047606 1.681699 0.107903
v -0.045656 1.678843 0.108693
v -0.022962 1.692455 0.081570
v -0.047045 1.677724 0.078349
v -0.020406 1.684001 0.109279
v -0.016614 1.680038 0.106557
v -0.037762 1.680388 0.072757
v -0.020795 1.671882 0.106870
v -0.032588 1.688841 0.111415
v -0.017361 1.674205 0.105708
v -0.037887 1.669058 0.108229
v -0.044713 1.672858 0.105504
v -0.039148 1.688456 0.110228
v -0.016070 1.677212 0.105586
v -0.044614 1.685488 0.108047
v -0.047539 1.681471 0.106919
v -0.047641 1.677553 0.105724
v -0.016422 1.687076 0.100454
v -0.051681 1.678379 0.088574
v -0.019716 1.665732 0.099920
v -0.033800 1.693901 0.105804
v -0.016114 1.670005 0.098974
v -0.038384 1.663033 0.103146
v -0.045455 1.668101 0.101471
v -0.040571 1.691819 0.104582
v -0.013916 1.680438 0.098786
v -0.046592 1.686921 0.101699
v -0.049659 1.680544 0.099398
v -0.049082 1.674948 0.099757
v -0.019855 1.688621 0.081755
v -0.021003 1.680133 0.076618
v -0.025457 1.665520 0.080231
v -0.037625 1.692823 0.077904
v -0.020719 1.667774 0.081632
v -0.040543 1.667570 0.078023
v -0.047094 1.670114 0.082466
v -0.046997 1.687854 0.080911
v -0.017535 1.678151 0.079849
v -0.050382 1.683413 0.084107
v -0.050336 1.677581 0.083771
v -0.049581 1.673004 0.085159
v -0.050722 1.685789 0.088786
v -0.022555 1.695673 0.088122
v -0.021681 1.695220 0.095553
v -0.017095 1.668472 0.086716
v -0.015858 1.668549 0.093746
v -0.017457 1.689898 0.087410
v -0.016335 1.689852 0.094200
v -0.012940 1.678689 0.094286
v -0.013652 1.678980 0.087561
v -0.023673 1.662271 0.087352
v -0.020122 1.663773 0.092256
v -0.039989 1.660813 0.096143
v -0.041273 1.662145 0.087291
v -0.047185 1.667095 0.089081
v -0.046434 1.666489 0.095865
v -0.050188 1.672990 0.094748
v -0.050201 1.672593 0.089344
v -0.042894 1.694666 0.098775
v -0.045639 1.693863 0.089393
v -0.035219 1.697575 0.099134
v -0.037039 1.698425 0.088387
v -0.026171 1.685170 0.111696
v -0.028444 1.674030 0.111394
v -0.029356 1.694510 0.114611
v -0.029764 1.667729 0.116791
v -0.026300 1.687614 0.110312
v -0.027745 1.669109 0.108764
v -0.026384 1.693805 0.104393
v -0.028261 1.662578 0.102401
v -0.028518 1.693404 0.078824
v -0.031253 1.666722 0.077051
v -0.028283 1.680434 0.072993
v -0.027767 1.697767 0.097437
v -0.028804 1.698440 0.088015
v -0.029268 1.659565 0.095015
v -0.031287 1.660503 0.085950
v -0.050365 1.697721 0.118506
v -0.024683 1.700501 0.125668
v -0.018504 1.669144 0.120236
v -0.044732 1.661257 0.119491
v -0.041671 1.700896 0.123338
v -0.009938 1.672660 0.123443
v -0.006208 1.678030 0.131279
v -0.015818 1.698306 0.131378
v -0.009395 1.697312 0.133708
v -0.055407 1.666947 0.114614
v -0.059938 1.682656 0.102261
v -0.056684 1.691557 0.108094
v -0.060789 1.674649 0.106372
v -0.033786 1.701343 0.124836
v -0.031637 1.663848 0.120022
v -0.018722 1.676435 0.111348
v -0.017639 1.677497 0.111086
v -0.018501 1.679064 0.112170
v -0.021262 1.682819 0.112531
v -0.033612 1.690261 0.115878
v -0.021710 1.675248 0.112379
v -0.043873 1.674856 0.112015
v -0.037609 1.672279 0.113264
v -0.039388 1.689721 0.115062
v -0.044385 1.687691 0.112556
v -0.048912 1.681949 0.109502
v -0.047947 1.678026 0.110319
v -0.029102 1.672624 0.113358
v -0.026220 1.688218 0.115292
v -0.056456 1.705544 0.115533
v -0.028534 1.709916 0.126981
v -0.018606 1.665104 0.122184
v -0.050150 1.652046 0.117024
v -0.046961 1.710055 0.122604
v -0.009666 1.668956 0.126360
v -0.006228 1.673310 0.133751
v -0.020344 1.708201 0.132227
v -0.011433 1.707783 0.134059
v -0.061644 1.658506 0.107558
v -0.065021 1.682148 0.098119
v -0.061303 1.694500 0.101546
v -0.067266 1.671387 0.102135
v -0.037662 1.710809 0.126124
v -0.033481 1.658108 0.121630
v -0.005598 1.652878 0.151321
v -0.006096 1.663931 0.139994
v -0.018198 1.646667 0.130547
v -0.021422 1.655343 0.125833
v -0.033773 1.626790 0.122127
v -0.045892 1.638468 0.109860
v -0.039086 1.611143 0.118109
v -0.048977 1.618646 0.104363
v -0.030285 1.582213 0.122387
v -0.036987 1.576061 0.110992
v -0.007117 1.644609 0.155492
v -0.009699 1.651277 0.137710
v -0.008477 1.660348 0.131931
v -0.016872 1.577055 0.128395
v -0.020613 1.567068 0.122250
v -0.005445 1.657937 0.144765
v -0.021555 1.650874 0.128813
v -0.040450 1.632578 0.119488
v -0.044098 1.614384 0.114504
v -0.033159 1.578819 0.116860
v -0.008535 1.656049 0.135194
v -0.019137 1.571495 0.125672
v -0.009380 1.646303 0.148644
v -0.008170 1.632299 0.137325
v -0.011681 1.627281 0.134676
v -0.012813 1.644697 0.142781
v -0.011993 1.633898 0.134639
v -0.013694 1.647153 0.139123
v -0.017288 1.628200 0.130159
v -0.004622 1.633323 0.141042
v -0.003733 1.626650 0.140343
v -0.008506 1.638853 0.145261
v -0.014131 1.638825 0.139336
v -0.005544 1.638241 0.148378
v -0.027493 1.637090 0.125648
v -0.003307 1.630477 0.139545
v -0.008460 1.632167 0.136131
v -0.009602 1.634167 0.136403
v -0.007751 1.633066 0.137974
v -0.008608 1.641023 0.147403
v -0.002804 1.631999 0.141131
v -0.004740 1.637619 0.151787
v -0.011177 1.637109 0.139912
v -0.012651 1.633897 0.133064
v -0.006705 1.640047 0.132192
v -0.015868 1.636497 0.130352
v -0.007958 1.639763 0.131231
v -0.007824 1.645786 0.136823
v -0.009385 1.644043 0.134395
v -0.022970 1.629935 0.125910
v -0.004188 1.640380 0.134020
v -0.005233 1.645649 0.140621
v -0.033683 1.647938 0.121353
v -0.031684 1.643535 0.125617
v -0.017358 1.644756 0.135688
v -0.022609 1.619756 0.127916
v -0.030137 1.610079 0.123766
v -0.027603 1.600617 0.126611
v -0.004468 1.622979 0.142116
v -0.012802 1.622555 0.135110
v -0.019458 1.593625 0.128236
v -0.010245 1.590958 0.129152
v -0.032542 1.569083 0.105005
v -0.018682 1.562523 0.116413
v -0.070896 1.602573 0.064888
v -0.069726 1.600512 0.056346
v -0.065618 1.759429 0.071676
v -0.069850 1.765185 0.050346
v -0.080974 1.681455 0.052607
v -0.077282 1.681641 0.067440
v -0.078563 1.700424 0.053479
v -0.074573 1.697168 0.066930
v -0.024215 1.612439 0.128178
v -0.027813 1.609252 0.124457
v -0.025491 1.602663 0.126956
v -0.005076 1.620062 0.144117
v -0.014229 1.618170 0.138505
v -0.017160 1.598714 0.129174
v -0.009174 1.596685 0.132647
v -0.028493 1.566973 0.096978
v -0.010869 1.587942 0.130770
v -0.021060 1.590394 0.128207
v -0.033126 1.610809 0.122416
v -0.016065 1.636409 0.133256
v -0.028486 1.622442 0.124007
v -0.036861 1.592883 0.119752
v -0.047193 1.595595 0.106515
v -0.042039 1.593653 0.116661
v -0.029132 1.597373 0.124975
v -0.022988 1.609504 0.124163
v -0.024779 1.606624 0.122727
v -0.022034 1.602569 0.124817
v -0.008730 1.615179 0.138636
v -0.015259 1.611626 0.130879
v -0.014663 1.599618 0.128676
v -0.008113 1.597633 0.132422
v -0.010950 1.635785 0.137247
v -0.002836 1.633916 0.146227
v -0.014842 1.636440 0.136006
v -0.004809 1.634931 0.144831
v -0.018027 1.639604 0.128387
v -0.006897 1.642601 0.134401
v -0.008506 1.642215 0.132754
v -0.004527 1.642773 0.137108
v -0.014688 1.582709 0.129398
v -0.024116 1.585006 0.125169
v -0.035906 1.611013 0.120841
v -0.017334 1.639099 0.132392
v -0.031608 1.624398 0.122674
v -0.024980 1.632766 0.124815
v -0.032984 1.594171 0.122535
v -0.025112 1.608867 0.118273
v -0.025810 1.602064 0.118498
v -0.019408 1.595152 0.119795
v -0.008194 1.613667 0.126732
v -0.016608 1.610808 0.122654
v -0.014817 1.588026 0.118939
v -0.007637 1.586387 0.120319
v -0.017720 1.596990 0.090936
v -0.019292 1.593917 0.091090
v -0.017711 1.590482 0.091069
v -0.006151 1.599289 0.090928
v -0.011470 1.599064 0.090767
v -0.012622 1.587445 0.091091
v -0.007133 1.585625 0.091263
v -0.013004 1.585674 0.107283
v -0.007109 1.583335 0.107246
v -0.006231 1.610338 0.110347
v -0.012271 1.607800 0.109812
v -0.018895 1.601893 0.109036
v -0.021434 1.596223 0.108853
v -0.019265 1.589253 0.108225
v -0.076247 1.633204 0.063503
v -0.080069 1.633974 0.054337
v -0.073662 1.613782 0.063279
v -0.077190 1.613611 0.053038
v -0.081797 1.651057 0.054409
v -0.079049 1.650530 0.065603
v -0.060528 1.640570 0.098077
v -0.044771 1.577567 0.090794
v -0.051442 1.585280 0.095729
v -0.056616 1.602351 0.095006
v -0.056744 1.623071 0.094627
v -0.032076 1.758051 0.108821
v -0.051409 1.752545 0.100702
v -0.022018 1.758669 0.112134
v -0.010478 1.760781 0.113485
v -0.042328 1.756601 0.104805
v -0.015332 1.797264 0.058843
v -0.013253 1.786250 0.088660
v -0.026332 1.783263 0.087608
v -0.029074 1.793640 0.058353
v -0.038256 1.779686 0.083682
v -0.041516 1.788071 0.057140
v -0.005790 1.668620 0.136503
v -0.019056 1.660567 0.123276
v -0.008863 1.664557 0.128634
v -0.068511 1.680780 0.090979
v -0.058683 1.747226 0.095995
v -0.066635 1.694779 0.091310
v -0.034076 1.652933 0.121166
v -0.049837 1.646637 0.111924
v -0.072170 1.662592 0.092212
v -0.065925 1.650677 0.099582
v -0.049115 1.774828 0.079153
v -0.058232 1.768053 0.075393
v -0.062344 1.774616 0.052357
v -0.052637 1.781900 0.054824
v -0.074123 1.710782 0.066376
v -0.064821 1.707627 0.093767
v -0.078672 1.713485 0.052154
v -0.074950 1.754206 0.049932
v -0.063627 1.743069 0.091345
v -0.071272 1.749896 0.068604
v -0.022957 1.605338 0.128016
v -0.017247 1.600691 0.132361
v -0.005427 1.618843 0.146008
v -0.009700 1.595824 0.136091
v -0.023822 1.610544 0.128695
v -0.026009 1.608607 0.125287
v -0.015555 1.616320 0.141348
v -0.021467 1.607196 0.127599
v -0.007795 1.608202 0.139369
v -0.022282 1.608050 0.127855
v -0.015479 1.607870 0.134365
v -0.007395 1.607827 0.140275
v -0.021858 1.607547 0.127546
v -0.014898 1.607735 0.135988
v -0.069834 1.758703 -0.012757
v -0.011615 1.778189 -0.035620
v -0.024557 1.777598 -0.033122
v -0.037825 1.775600 -0.029224
v -0.061079 1.765623 -0.018632
v -0.050256 1.771664 -0.024271
v -0.075064 1.753273 -0.007251
v -0.059011 1.646274 -0.005818
v -0.013667 1.662353 -0.058880
v -0.027110 1.660479 -0.051407
v -0.038899 1.658588 -0.042256
v -0.053606 1.652485 -0.019995
v -0.047921 1.656760 -0.032517
v -0.063917 1.638108 0.007267
v -0.056035 1.690564 -0.050726
v -0.066206 1.687286 -0.039719
v -0.044345 1.694295 -0.061519
v -0.015190 1.702333 -0.073327
v -0.030538 1.698613 -0.068776
v -0.073698 1.684711 -0.027276
v -0.080489 1.682533 -0.009072
v -0.055550 1.728892 -0.051001
v -0.042729 1.731992 -0.057255
v -0.013315 1.735671 -0.064426
v -0.075470 1.718282 -0.032047
v -0.066375 1.724081 -0.042941
v -0.028190 1.734107 -0.061537
v -0.081816 1.714913 -0.014918
v -0.061335 1.772254 -0.005596
v -0.063388 1.776723 0.027617
v -0.071554 1.767894 0.029003
v -0.070121 1.763878 -0.001460
v -0.076985 1.757160 0.031302
v -0.076567 1.755113 0.002472
v -0.011522 1.788439 -0.020492
v -0.014134 1.799475 0.026213
v -0.028662 1.796071 0.026403
v -0.024582 1.786897 -0.017671
v -0.037973 1.784044 -0.013931
v -0.041430 1.790377 0.026915
v -0.053252 1.784029 0.027199
v -0.050412 1.779257 -0.009779
v -0.083242 1.681618 0.040788
v -0.081873 1.716171 0.036916
v -0.081636 1.702932 0.038970
v -0.084626 1.716285 0.005341
v -0.085583 1.703383 0.004531
v -0.067542 1.706580 -0.043965
v -0.029485 1.717541 -0.066754
v -0.082042 1.702254 -0.015417
v -0.056698 1.710045 -0.053381
v -0.043904 1.713706 -0.061345
v -0.013924 1.720877 -0.069853
v -0.076405 1.703510 -0.032655
v -0.081465 1.648961 0.044772
v -0.074645 1.635087 0.042030
v -0.071435 1.618439 0.043585
v -0.067009 1.600184 0.045249
v -0.048541 1.582401 0.069768
v -0.016017 1.565226 0.105600
v -0.038289 1.573516 0.083171
v -0.030840 1.551545 0.075103
v -0.018907 1.563436 0.084226
v -0.030948 1.567879 0.080618
v -0.016184 1.564819 0.095332
v -0.025202 1.565867 0.090771
v -0.077528 1.531732 0.037744
v -0.041906 1.571815 0.067951
v -0.064570 1.584188 0.044145
v -0.068970 1.624274 0.031002
v -0.063699 1.673023 -0.034509
v -0.059837 1.662451 -0.028316
v -0.029977 1.681249 -0.066372
v -0.028774 1.669290 -0.060174
v -0.075337 1.667773 -0.004978
v -0.069476 1.652576 0.004306
v -0.052003 1.664624 -0.040064
v -0.054569 1.675525 -0.046133
v -0.041392 1.666621 -0.050629
v -0.043202 1.678245 -0.057658
v -0.014843 1.672068 -0.066364
v -0.015720 1.684525 -0.071098
v -0.065199 1.658863 -0.013876
v -0.069721 1.670353 -0.021444
v -0.026415 1.750702 -0.054329
v -0.064333 1.741039 -0.038111
v -0.073785 1.734770 -0.027991
v -0.012283 1.751018 -0.056434
v -0.068070 1.607590 0.030531
v -0.060642 1.620977 0.007322
v -0.053998 1.628932 -0.003247
v -0.045716 1.637261 -0.015180
v -0.025481 1.650858 -0.040200
v -0.040522 1.749414 -0.050705
v -0.053339 1.746326 -0.045402
v -0.064519 1.721506 0.092811
v -0.078744 1.727021 0.051338
v -0.074932 1.724084 0.066374
v -0.056463 1.721020 0.105156
v -0.013489 1.651275 -0.046671
v -0.046926 1.722532 0.113162
v -0.039643 1.722906 0.117651
v -0.043625 1.649506 -0.026104
v -0.035962 1.650239 -0.032515
v -0.012293 1.722763 0.127832
v -0.020549 1.722457 0.125096
v -0.029826 1.723019 0.121415
v -0.081914 1.665649 0.068750
v -0.065577 1.584111 0.004404
v -0.080114 1.730933 -0.012743
v -0.081420 1.730089 0.035478
v -0.082874 1.730774 0.004712
v -0.019408 1.677040 0.110234
v -0.019082 1.678150 0.111580
v -0.021693 1.677348 0.112292
v -0.041876 1.676478 0.112274
v -0.043569 1.684270 0.114164
v -0.018514 1.677435 0.109578
v -0.021283 1.679394 0.113693
v -0.033570 1.685855 0.117578
v -0.035988 1.674654 0.114051
v -0.038501 1.685344 0.117039
v -0.047793 1.681936 0.110255
v -0.046600 1.678881 0.110633
v -0.027752 1.674448 0.113133
v -0.026480 1.684058 0.116095
v -0.062258 1.775914 0.009519
v -0.071042 1.766872 0.012554
v -0.077455 1.756776 0.015830
v -0.012108 1.796227 -0.000620
v -0.026163 1.793357 0.001338
v -0.039525 1.789187 0.004074
v -0.051722 1.783504 0.006766
v -0.084113 1.692205 0.022550
v -0.083906 1.717691 0.021812
v -0.084744 1.707222 0.020411
v -0.083027 1.731210 0.020502
v -0.016247 1.604887 0.134256
v -0.007639 1.612667 0.144592
v -0.024023 1.607972 0.126305
v -0.015094 1.611745 0.137820
v -0.022192 1.607215 0.128261
v -0.009243 1.602462 0.139831
v -0.023158 1.609048 0.128397
v -0.015751 1.678587 0.109456
v -0.022088 1.686903 0.111218
v -0.033909 1.691841 0.113745
v -0.039824 1.670811 0.112753
v -0.040584 1.691095 0.111835
v -0.049790 1.682078 0.108777
v -0.048999 1.677994 0.108990
v -0.030085 1.671294 0.113388
v -0.027397 1.690187 0.113875
v -0.017338 1.675610 0.111222
v -0.017877 1.681443 0.110431
v -0.021980 1.673669 0.112345
v -0.045621 1.673779 0.110925
v -0.046303 1.687926 0.109541
v -0.047948 1.681911 0.109232
v -0.049738 1.681888 0.108354
v -0.048678 1.681858 0.108867
v -0.047868 1.681765 0.108556
v -0.018232 1.677468 0.110656
v -0.021263 1.680740 0.114013
v -0.033721 1.687722 0.116968
v -0.036166 1.674117 0.114285
v -0.038765 1.687250 0.116632
v -0.048218 1.681828 0.110117
v -0.046933 1.678450 0.110625
v -0.027964 1.674168 0.113376
v -0.026400 1.686021 0.116106
v -0.019226 1.676887 0.111032
v -0.018873 1.678488 0.111975
v -0.021624 1.676741 0.112609
v -0.042223 1.675890 0.112375
v -0.043948 1.686263 0.113895
v -0.048157 1.681754 0.109355
v -0.014645 1.678905 0.109102
v -0.021819 1.689712 0.108883
v -0.034286 1.692420 0.111758
v -0.039522 1.669057 0.111743
v -0.041351 1.691325 0.109743
v -0.051491 1.682400 0.107847
v -0.050226 1.677443 0.108325
v -0.029014 1.669698 0.113216
v -0.028402 1.691903 0.111000
v -0.014707 1.675402 0.112579
v -0.016755 1.682185 0.109631
v -0.020828 1.671890 0.112314
v -0.046410 1.672926 0.109829
v -0.047663 1.687675 0.107713
v -0.051780 1.682446 0.107008
v -0.085199 1.682440 0.008728
v -0.075052 1.663068 0.013781
v -0.072673 1.641627 0.025974
v -0.093664 1.682849 0.005465
v -0.063342 1.560199 0.045476
v -0.083555 1.664400 0.004828
v -0.075530 1.645468 0.024487
v -0.090352 1.695685 0.016324
v -0.085638 1.694516 0.037502
v -0.091268 1.686793 -0.001206
v -0.075885 1.636466 0.038994
v -0.083077 1.664619 0.002382
v -0.078339 1.644914 0.022617
v -0.093722 1.700017 0.010374
v -0.090566 1.691076 0.032544
v -0.096726 1.683527 0.003895
v -0.077484 1.665910 0.035731
v -0.081935 1.645491 0.035534
v -0.093114 1.668405 0.008639
v -0.084904 1.648031 0.020903
v -0.099343 1.695457 0.009435
v -0.096454 1.685491 -0.001390
v -0.099215 1.700657 0.006849
v -0.088915 1.692772 0.037396
v -0.079341 1.640675 0.038236
v -0.090411 1.664528 0.002167
v -0.082034 1.645802 0.020899
v -0.078188 1.659733 0.036433
v -0.096721 1.690612 0.011772
v -0.097327 1.680483 0.015096
v -0.094874 1.669572 0.018198
v -0.086986 1.652509 0.024649
v -0.081953 1.651579 0.033889
v -0.091822 1.693461 0.017514
v -0.089692 1.686973 0.015868
v -0.088413 1.686637 0.020123
v -0.088528 1.689577 0.023715
v -0.087999 1.684255 0.027311
v -0.089804 1.679230 0.021109
v -0.087543 1.673400 0.021206
v -0.085718 1.663851 0.024901
v -0.075892 1.662027 0.024859
v -0.097069 1.693205 0.010381
v -0.086718 1.667787 0.006196
v -0.095049 1.683293 0.004690
v -0.084288 1.649999 0.021212
v -0.082131 1.646811 0.034190
v -0.086395 1.693339 0.031292
v -0.095052 1.704390 0.023825
v -0.097311 1.700387 0.021535
v -0.089988 1.702423 0.027175
v -0.093429 1.698141 0.019897
v -0.088466 1.691075 0.027506
v -0.073393 1.665796 0.029805
v -0.086384 1.681908 0.030657
v -0.083611 1.678365 0.035418
v -0.073224 1.665469 0.025029
v -0.082699 1.665195 0.032976
v -0.081768 1.656664 0.035782
v -0.081294 1.662043 0.026012
v -0.079152 1.669030 0.033755
v -0.077413 1.668922 0.026455
v -0.071249 1.661856 0.028806
v -0.071332 1.659447 0.032620
v -0.071194 1.660738 0.027051
v -0.071495 1.663546 0.027585
v -0.071457 1.663602 0.025270
v -0.072798 1.661200 0.026415
v -0.073564 1.659038 0.034998
v -0.073083 1.663704 0.030982
v -0.079542 1.667358 0.023286
v -0.075781 1.665451 0.023423
v -0.071124 1.662121 0.025735
v -0.081666 1.671837 0.026433
v -0.072783 1.663342 0.024627
v -0.069481 1.567840 0.031262
v -0.084419 1.667169 0.053647
v -0.083700 1.665285 0.043437
v -0.068616 1.588759 0.029971
v -0.061245 1.602354 0.005470
v -0.064766 1.627863 0.084137
v -0.069354 1.646936 0.086490
v -0.056417 1.586260 0.075529
v -0.064023 1.607777 0.085001
v -0.062978 1.593226 0.081928
v -0.020276 1.535705 0.083793
v -0.020165 1.491800 0.077432
v -0.026061 1.512045 0.076485
v -0.084200 1.553346 0.006915
v -0.097363 1.554486 -0.013714
v -0.081965 1.546631 0.021960
v -0.037003 1.517083 0.067947
v -0.031484 1.739640 0.115510
v -0.039980 1.739863 0.112207
v -0.048265 1.738015 0.107674
v -0.056842 1.735828 0.101162
v -0.077623 1.741516 0.050940
v -0.064210 1.734482 0.092541
v -0.051144 1.760932 -0.036539
v -0.038594 1.764259 -0.041734
v -0.011733 1.765638 -0.047315
v -0.071395 1.749160 -0.021088
v -0.079822 1.744568 0.033798
v -0.074067 1.737693 0.067209
v -0.021707 1.739517 0.118959
v -0.077520 1.744904 -0.009801
v -0.062195 1.755571 -0.029648
v -0.009955 1.740223 0.122402
v -0.080366 1.744418 0.004179
v -0.025139 1.765621 -0.045377
v -0.080984 1.745036 0.018639
v -0.035331 1.635599 -0.023253
v -0.025111 1.634859 -0.030476
v -0.014247 1.633886 -0.035698
v -0.030475 1.593567 -0.033166
v -0.027542 1.614917 -0.028059
v -0.037718 1.615280 -0.021487
v -0.042002 1.595372 -0.025709
v -0.018096 1.556270 -0.053723
v -0.015758 1.613366 -0.033014
v -0.016802 1.591064 -0.038136
v -0.019955 1.535770 -0.063039
v -0.046620 1.614185 -0.013546
v -0.051601 1.594295 -0.017617
v -0.059411 1.590518 -0.007656
v -0.054288 1.609249 -0.004384
v -0.063813 1.592949 0.064114
v -0.072850 1.680539 0.079169
v -0.062193 1.754322 0.085839
v -0.070892 1.695649 0.079598
v -0.075192 1.649724 0.076210
v -0.070471 1.631495 0.073780
v -0.068338 1.611876 0.074348
v -0.011515 1.777802 0.100879
v -0.023932 1.774514 0.099867
v -0.035547 1.772013 0.096430
v -0.046829 1.768520 0.092264
v -0.055907 1.762708 0.088656
v -0.070054 1.708950 0.079693
v -0.067121 1.746042 0.082723
v -0.058301 1.589566 0.057446
v -0.070363 1.722401 0.080222
v -0.076940 1.663900 0.080529
v -0.068305 1.598826 0.071414
v -0.054678 1.577088 0.057151
v -0.054196 1.516066 0.060455
v -0.081808 1.562149 -0.011483
v -0.069596 1.735451 0.081400
v -0.090366 1.660876 0.020061
v -0.086642 1.669229 0.023728
v -0.078778 1.654843 0.011749
v -0.084344 1.655250 0.010702
v -0.088227 1.657607 0.014825
v -0.084614 1.658244 0.014176
v -0.078202 1.655401 0.013593
v -0.073829 1.653219 0.015933
v -0.067071 1.629999 0.018631
v -0.069707 1.576042 0.017566
v -0.065814 1.613564 0.018231
v -0.069457 1.642620 0.016541
v -0.066800 1.594860 0.017076
v -0.026919 1.509148 -0.077169
v -0.003773 1.637035 0.137022
v -0.007051 1.636492 0.133918
v -0.008286 1.644888 0.140527
v -0.005148 1.644444 0.145029
v -0.008692 1.637017 0.132371
v -0.010139 1.642015 0.135641
v -0.004171 1.640075 0.141093
v -0.009496 1.639357 0.133365
v -0.070723 1.661643 0.027433
v -0.080038 1.661551 0.031522
v -0.072875 1.659318 0.031437
v -0.071309 1.663588 0.026396
v -0.077298 1.661724 0.031100
v -0.078142 1.669010 0.030547
v -0.073361 1.666018 0.027053
v -0.070929 1.659747 0.029920
v -0.082747 1.674489 0.030010
v -0.085760 1.682300 0.028656
v -0.087168 1.679305 0.025973
v -0.085553 1.676249 0.025163
v -0.050692 1.512757 -0.087206
v -0.062017 1.493119 0.061236
v -0.037486 1.560370 -0.051464
v -0.052934 1.549109 0.059277
v -0.504910 1.418364 0.049088
v -0.238030 1.422517 0.043806
v -0.574918 1.425106 0.051938
v -0.449453 1.419780 0.055898
v -0.346904 1.410839 0.065452
v -0.297697 1.413348 0.045876
v -0.134865 1.130393 -0.019762
v -0.149606 1.020193 -0.023251
v -0.185465 0.869022 -0.040453
v -0.167572 0.194403 -0.006198
v -0.179540 1.281780 -0.057129
v -0.216925 1.370463 -0.061977
v -0.655273 1.424622 -0.019203
v -0.131315 1.098940 -0.020537
v -0.193804 1.328635 -0.058361
v -0.300356 1.386929 -0.066967
v -0.153741 1.205064 -0.036604
v -0.176910 0.459601 -0.016627
v -0.177775 0.524085 -0.016631
v -0.178725 0.670011 -0.051690
v -0.164837 1.237037 -0.052886
v -0.461170 1.407437 -0.052408
v -0.427404 1.404691 -0.043844
v -0.495514 1.406049 -0.041993
v -0.448890 1.409734 -0.047866
v -0.473667 1.408907 -0.049066
v -0.326973 1.389477 -0.066970
v -0.571453 1.406224 -0.036025
v -0.146807 1.048571 -0.024284
v -0.153526 0.991315 -0.032100
v -0.168476 0.954380 -0.036954
v -0.182803 0.606458 -0.044958
v -0.183193 0.561611 -0.032208
v -0.250005 1.391866 -0.057879
v -0.189706 1.433309 -0.092988
v -0.107724 1.447140 -0.117883
v -0.030657 1.439913 -0.103965
v -0.304036 1.442730 -0.081673
v -0.056383 1.445715 -0.115739
v -0.458034 1.425926 -0.057990
v -0.429210 1.429757 -0.045287
v -0.501880 1.434773 -0.046993
v -0.446200 1.424236 -0.051507
v -0.473194 1.427439 -0.053818
v -0.331628 1.446655 -0.075140
v -0.567087 1.443639 -0.040554
v -0.148102 1.435863 -0.105715
v -0.250008 1.440698 -0.080000
v -0.302551 1.457178 0.058389
v -0.020750 1.479334 0.100398
v -0.433215 1.457465 0.039701
v -0.348379 1.464135 0.049790
v -0.496706 1.469891 0.038267
v -0.570690 1.465770 0.035840
v -0.209638 1.483637 0.092531
v -0.164400 1.485533 0.094144
v -0.091024 1.479957 0.098001
v -0.253649 1.475428 0.080021
v -0.565822 1.476299 -0.018884
v -0.460789 1.463438 -0.028433
v -0.657566 1.473455 -0.008187
v -0.499257 1.474007 -0.025513
v -0.735753 1.466672 -0.021827
v -0.656746 1.464326 -0.017157
v -0.719690 1.462754 0.028582
v -0.658555 1.462574 0.023262
v -0.733508 1.424855 -0.019852
v -0.656979 1.411691 -0.011411
v -0.718720 1.401958 0.020546
v -0.656990 1.407583 0.017986
v -0.656001 1.451769 -0.021884
v -0.655364 1.437997 -0.022531
v -0.716618 1.446466 0.024559
v -0.716289 1.433612 0.025708
v -0.717289 1.418685 0.027982
v -0.655878 1.434224 0.029497
v -0.656875 1.449157 0.028052
v -0.733951 1.437506 -0.023120
v -0.735086 1.443349 -0.024037
v -0.735858 1.450208 -0.024318
v -0.671187 1.404688 -0.003956
v -0.751981 1.491012 0.021872
v -0.729755 1.402540 -0.008215
v -0.658425 1.476919 0.003463
v -0.741587 1.400714 -0.009797
v -0.746867 1.418225 -0.018715
v -0.753807 1.442919 -0.022721
v -0.658408 1.404261 0.002451
v -0.737147 1.491166 -0.014321
v -0.736549 1.445916 0.016966
v -0.754623 1.449637 -0.023042
v -0.734305 1.433128 0.020708
v -0.721333 1.395711 0.007627
v -0.659046 1.472521 0.015325
v -0.731716 1.409071 -0.013054
v -0.669419 1.408161 -0.010174
v -0.751639 1.486793 -0.014757
v -0.755705 1.470977 -0.021688
v -0.769485 1.482494 0.007660
v -0.765616 1.478764 -0.016743
v -0.784920 1.398761 -0.012707
v -0.789800 1.410624 -0.016676
v -0.792935 1.457373 -0.022141
v -0.793391 1.431828 -0.020124
v -0.792354 1.421969 -0.020202
v -0.790727 1.479141 -0.013465
v -0.786891 1.481533 0.004556
v -0.739080 1.462563 0.019859
v -0.764507 1.473572 0.012378
v -0.738470 1.394571 -0.001842
v -0.752155 1.436246 -0.021951
v -0.748297 1.423060 -0.019767
v -0.735877 1.401118 0.019178
v -0.735733 1.417209 0.024554
v -0.884253 1.470147 0.016379
v -0.881127 1.475226 0.015038
v -0.871687 1.478734 0.009251
v -0.888182 1.473085 0.006592
v -0.892015 1.471307 0.008653
v -0.873605 1.478947 0.005988
v -0.888176 1.470701 0.015916
v -0.884564 1.476801 0.014017
v -0.866505 1.478724 0.002713
v -0.890518 1.471026 0.013152
v -0.886962 1.477148 0.011789
v -0.864794 1.478310 0.006426
v -0.876043 1.469604 0.016395
v -0.876411 1.475937 0.014451
v -0.873016 1.470013 -0.003442
v -0.884077 1.474652 0.004331
v -0.879806 1.475607 0.002513
v -0.869997 1.473719 -0.004033
v -0.877381 1.478246 0.012040
v -0.863572 1.475784 0.009655
v -0.878810 1.478328 0.008800
v -0.861571 1.468724 0.011420
v -0.879854 1.470332 0.000696
v -0.870037 1.469481 0.014513
v -0.881907 1.474027 0.002874
v -0.871001 1.475776 0.012460
v -0.882395 1.477504 0.005374
v -0.879452 1.476359 0.002578
v -0.888873 1.476350 0.008339
v -0.889496 1.470428 0.006823
v -0.881012 1.470249 0.002190
v -0.884121 1.470801 0.003829
v -0.883176 1.476496 0.005209
v -0.888969 1.475385 0.007975
v -0.891407 1.471033 0.008259
v -0.879891 1.470226 0.001187
v -0.859960 1.478060 0.000127
v -0.857248 1.478481 0.003994
v -0.867286 1.469489 -0.006361
v -0.865267 1.475599 -0.004261
v -0.855163 1.476029 0.007662
v -0.853756 1.468873 0.009359
v -0.870264 1.476609 -0.002102
v -0.870844 1.469789 -0.005009
v -0.868266 1.469706 -0.006088
v -0.846856 1.478824 -0.004259
v -0.867698 1.473420 -0.005023
v -0.844827 1.479027 0.000196
v -0.850513 1.469779 -0.010364
v -0.848709 1.475703 -0.008588
v -0.843383 1.476344 0.004279
v -0.842462 1.468888 0.007148
v -0.838868 1.478956 -0.006677
v -0.835938 1.479359 -0.001067
v -0.846946 1.469419 -0.012552
v -0.841335 1.473402 -0.013836
v -0.834877 1.476897 0.003557
v -0.834504 1.469394 0.005736
v -0.824389 1.469366 0.005704
v -0.825069 1.477027 0.003056
v -0.830753 1.474773 -0.013619
v -0.830611 1.467912 -0.015825
v -0.825403 1.479609 -0.001783
v -0.826984 1.478357 -0.007799
v -0.842635 1.476100 -0.011794
v -0.843426 1.469304 -0.014551
v -0.836187 1.468723 -0.015810
v -0.835680 1.472760 -0.014969
v -0.793782 1.468852 0.013264
v -0.796963 1.477190 0.008810
v -0.804432 1.473398 -0.019961
v -0.806560 1.468734 -0.022710
v -0.798993 1.481167 0.001123
v -0.801470 1.480689 -0.007930
v -0.814706 1.477041 0.004020
v -0.803467 1.476002 0.006190
v -0.806001 1.480564 -0.000518
v -0.816367 1.479812 -0.001527
v -0.819018 1.477879 -0.008784
v -0.808820 1.479518 -0.008406
v -0.812085 1.474536 -0.015784
v -0.821751 1.473466 -0.014772
v -0.813193 1.469813 0.006785
v -0.801712 1.469247 0.009277
v -0.814492 1.467992 -0.019650
v -0.822521 1.467818 -0.017734
v -0.882638 1.464990 0.015011
v -0.873732 1.462612 0.009687
v -0.888056 1.467487 0.006839
v -0.875684 1.463041 0.006329
v -0.886450 1.464445 0.014012
v -0.866900 1.461446 0.003219
v -0.888425 1.464760 0.011708
v -0.865258 1.461251 0.007406
v -0.877421 1.463882 0.014564
v -0.883923 1.466747 0.004495
v -0.879592 1.466020 0.002909
v -0.870293 1.466038 -0.003787
v -0.879013 1.462346 0.012265
v -0.862630 1.462932 0.010319
v -0.880962 1.463235 0.009003
v -0.881365 1.467102 0.003133
v -0.871887 1.464535 0.012501
v -0.883300 1.464250 0.005455
v -0.879293 1.465533 0.002664
v -0.889680 1.465637 0.008538
v -0.883540 1.465063 0.005314
v -0.889442 1.466252 0.008237
v -0.861140 1.461977 0.001089
v -0.857844 1.461590 0.004686
v -0.865047 1.463673 -0.004154
v -0.854779 1.463182 0.007873
v -0.871139 1.463667 -0.001721
v -0.849844 1.460789 -0.002182
v -0.867435 1.466149 -0.004910
v -0.847913 1.461143 0.002576
v -0.850022 1.463493 -0.007539
v -0.843503 1.462837 0.005156
v -0.839392 1.459127 -0.004444
v -0.834885 1.459996 -0.000314
v -0.842710 1.464693 -0.012481
v -0.834054 1.462640 0.003878
v -0.823908 1.462053 0.003719
v -0.830781 1.461632 -0.012084
v -0.824507 1.458655 -0.000882
v -0.826879 1.458251 -0.006580
v -0.844936 1.461739 -0.009295
v -0.835882 1.464346 -0.013894
v -0.794366 1.458537 0.011124
v -0.805885 1.463386 -0.022223
v -0.804776 1.457050 0.000887
v -0.806460 1.455517 -0.012559
v -0.813262 1.462711 0.004184
v -0.802298 1.461962 0.006928
v -0.807086 1.457948 0.000146
v -0.814618 1.459262 -0.001741
v -0.817886 1.459019 -0.009177
v -0.809100 1.457962 -0.009756
v -0.813637 1.461838 -0.017232
v -0.820984 1.462404 -0.015132
v -0.884637 1.441849 0.029265
v -0.882247 1.447479 0.026631
v -0.871413 1.449803 0.016329
v -0.890670 1.442718 0.016483
v -0.894985 1.439373 0.020387
v -0.874899 1.448393 0.013326
v -0.889111 1.441311 0.028394
v -0.886835 1.447950 0.025215
v -0.867747 1.448300 0.007753
v -0.892344 1.440582 0.025492
v -0.890017 1.447141 0.022486
v -0.865104 1.449139 0.011868
v -0.874160 1.442568 0.027296
v -0.876407 1.448391 0.024790
v -0.874691 1.438398 0.004408
v -0.886213 1.443369 0.013959
v -0.881414 1.443713 0.011414
v -0.871813 1.442351 0.002063
v -0.879187 1.449239 0.022183
v -0.863963 1.447980 0.016225
v -0.882211 1.448141 0.018194
v -0.861253 1.442597 0.018493
v -0.882996 1.438533 0.011035
v -0.867178 1.442748 0.021468
v -0.882959 1.442028 0.011738
v -0.868998 1.448346 0.019433
v -0.885304 1.446180 0.014750
v -0.881995 1.444564 0.011926
v -0.891945 1.445428 0.018483
v -0.891951 1.439353 0.017674
v -0.882316 1.438646 0.011462
v -0.887053 1.439060 0.014223
v -0.885633 1.445284 0.014647
v -0.891787 1.444531 0.017998
v -0.894223 1.439327 0.019564
v -0.882375 1.438571 0.011120
v -0.863411 1.448574 0.003530
v -0.858246 1.449898 0.007192
v -0.864573 1.437970 -0.000917
v -0.865780 1.444944 0.000024
v -0.853396 1.448766 0.011950
v -0.849077 1.442908 0.014243
v -0.873182 1.445248 0.004015
v -0.872324 1.437962 0.002073
v -0.867678 1.437762 0.000083
v -0.848508 1.450354 -0.001701
v -0.868177 1.442086 0.000356
v -0.844227 1.451279 0.002325
v -0.852070 1.439048 -0.004669
v -0.852002 1.446144 -0.004297
v -0.840916 1.449332 0.007632
v -0.838524 1.443194 0.011533
v -0.839427 1.450146 -0.004820
v -0.835155 1.451566 0.000330
v -0.848566 1.438714 -0.007313
v -0.843603 1.443391 -0.009287
v -0.833171 1.450793 0.005811
v -0.831215 1.444091 0.008991
v -0.822476 1.444782 0.009376
v -0.824040 1.452029 0.005003
v -0.834741 1.446282 -0.011085
v -0.833802 1.439369 -0.012405
v -0.825865 1.452504 -0.001339
v -0.829403 1.450237 -0.007254
v -0.845361 1.446581 -0.007224
v -0.845636 1.438455 -0.009596
v -0.837295 1.438992 -0.012063
v -0.837828 1.443527 -0.011366
v -0.791236 1.447094 0.015435
v -0.781651 1.473331 0.013688
v -0.806733 1.445545 -0.022375
v -0.807130 1.440449 -0.023132
v -0.814468 1.452511 0.004560
v -0.804019 1.452921 0.006200
v -0.808463 1.455361 -0.001562
v -0.816613 1.454190 -0.002983
v -0.819448 1.451563 -0.009539
v -0.810224 1.452577 -0.010076
v -0.813497 1.447082 -0.015996
v -0.822474 1.446614 -0.013755
v -0.812833 1.444647 0.009655
v -0.801089 1.445196 0.011020
v -0.815219 1.440637 -0.018252
v -0.822673 1.440598 -0.015629
v -0.881768 1.436001 0.027340
v -0.871122 1.432597 0.019244
v -0.889898 1.435618 0.018694
v -0.874986 1.432032 0.016951
v -0.885900 1.434358 0.026687
v -0.867540 1.431557 0.013606
v -0.888487 1.433676 0.024658
v -0.862540 1.433087 0.015067
v -0.875518 1.435333 0.025602
v -0.886235 1.434602 0.016301
v -0.880590 1.434032 0.013007
v -0.871672 1.433880 0.004408
v -0.878056 1.432740 0.023166
v -0.860016 1.436236 0.017313
v -0.880719 1.432361 0.020018
v -0.882583 1.435302 0.013019
v -0.868259 1.435851 0.020893
v -0.885020 1.432297 0.017403
v -0.880454 1.433321 0.012636
v -0.890778 1.433630 0.021228
v -0.886050 1.433035 0.017580
v -0.890718 1.434103 0.020675
v -0.859078 1.430766 0.007984
v -0.855683 1.431859 0.012131
v -0.864306 1.431369 0.003502
v -0.850648 1.435400 0.014320
v -0.873367 1.431751 0.008221
v -0.844731 1.430507 0.002102
v -0.867927 1.433761 0.002540
v -0.840572 1.431804 0.006398
v -0.850133 1.432554 -0.002220
v -0.838785 1.435657 0.009916
v -0.838022 1.430126 -0.000833
v -0.832581 1.431663 0.003971
v -0.844078 1.433968 -0.008284
v -0.830826 1.435281 0.007702
v -0.822122 1.434717 0.007067
v -0.832648 1.432800 -0.008634
v -0.823940 1.430613 0.002045
v -0.828560 1.430090 -0.003563
v -0.845441 1.431153 -0.005384
v -0.837255 1.434513 -0.010008
v -0.791233 1.433956 0.015915
v -0.805991 1.435638 -0.021220
v -0.802333 1.430333 0.006997
v -0.806078 1.428505 -0.007639
v -0.813158 1.434794 0.007268
v -0.803770 1.435875 0.009617
v -0.806381 1.430957 0.001561
v -0.815009 1.430471 0.000087
v -0.818217 1.430519 -0.007495
v -0.810105 1.430607 -0.008045
v -0.812805 1.434289 -0.015129
v -0.820912 1.434477 -0.012720
v -0.865977 1.416212 0.035457
v -0.864555 1.421023 0.032689
v -0.855521 1.422377 0.023054
v -0.872420 1.417112 0.024454
v -0.875610 1.414678 0.027739
v -0.858941 1.421472 0.019783
v -0.869950 1.415911 0.034857
v -0.868954 1.421898 0.031905
v -0.851057 1.421480 0.014609
v -0.873261 1.415373 0.032251
v -0.872047 1.421255 0.029347
v -0.847368 1.422365 0.017993
v -0.856940 1.416507 0.033152
v -0.859124 1.421671 0.030481
v -0.855692 1.412435 0.010672
v -0.869317 1.417236 0.021167
v -0.863398 1.417906 0.018244
v -0.853346 1.415841 0.008676
v -0.862069 1.422853 0.027769
v -0.844052 1.421439 0.021701
v -0.865599 1.421711 0.024549
v -0.842535 1.416268 0.024163
v -0.864485 1.413329 0.017995
v -0.850489 1.416223 0.028719
v -0.865341 1.416586 0.018963
v -0.852612 1.421023 0.026328
v -0.868688 1.419906 0.021591
v -0.862636 1.418566 0.017508
v -0.873778 1.419816 0.025958
v -0.873510 1.414327 0.025316
v -0.865250 1.413635 0.018889
v -0.868795 1.413781 0.021512
v -0.868948 1.419029 0.021590
v -0.873513 1.419048 0.025550
v -0.875051 1.414599 0.026973
v -0.865113 1.413432 0.018696
v -0.842484 1.422016 0.009228
v -0.838550 1.423443 0.013185
v -0.848427 1.412459 0.005479
v -0.847630 1.418530 0.006479
v -0.835164 1.422686 0.017713
v -0.833451 1.417409 0.020868
v -0.854446 1.418441 0.010805
v -0.853856 1.412161 0.008162
v -0.851427 1.412201 0.006675
v -0.836079 1.422680 0.006132
v -0.851109 1.415823 0.007125
v -0.832126 1.423809 0.009820
v -0.841231 1.413111 0.002105
v -0.839326 1.418934 0.002601
v -0.829031 1.422947 0.014492
v -0.826399 1.418201 0.018404
v -0.830646 1.423267 0.003772
v -0.825357 1.424668 0.007789
v -0.836369 1.412949 -0.001977
v -0.832573 1.416735 -0.004101
v -0.822650 1.423452 0.012671
v -0.820666 1.417847 0.015672
v -0.813729 1.417940 0.014433
v -0.815580 1.424372 0.011253
v -0.824874 1.420099 -0.005332
v -0.824508 1.413863 -0.007581
v -0.817846 1.426665 0.005980
v -0.820908 1.424853 -0.000510
v -0.834955 1.419456 -0.000734
v -0.833604 1.412555 -0.004690
v -0.828575 1.412954 -0.006787
v -0.828907 1.416839 -0.006091
v -0.785545 1.420214 0.017822
v -0.790753 1.477547 0.009354
v -0.802519 1.420224 -0.016559
v -0.802510 1.415679 -0.016907
v -0.806170 1.425479 0.011393
v -0.797665 1.426219 0.013015
v -0.803406 1.428736 0.007602
v -0.808217 1.427654 0.005667
v -0.811644 1.425709 -0.001827
v -0.806820 1.426601 -0.003166
v -0.809272 1.421400 -0.009660
v -0.814294 1.420792 -0.007419
v -0.804007 1.418839 0.014106
v -0.794921 1.419599 0.014094
v -0.809539 1.415303 -0.012241
v -0.814705 1.415040 -0.009819
v -0.863546 1.410826 0.034138
v -0.853305 1.407611 0.024988
v -0.872119 1.411460 0.025800
v -0.856352 1.407160 0.022028
v -0.867539 1.409354 0.033456
v -0.849557 1.406803 0.016435
v -0.870635 1.409116 0.031271
v -0.847075 1.407740 0.019793
v -0.858321 1.410414 0.032821
v -0.868456 1.410438 0.022986
v -0.863683 1.409567 0.020641
v -0.852980 1.409073 0.009647
v -0.861263 1.407989 0.031165
v -0.844558 1.410221 0.023179
v -0.864008 1.407731 0.027211
v -0.865267 1.410751 0.020473
v -0.851146 1.410476 0.027668
v -0.867604 1.408059 0.023948
v -0.862285 1.408934 0.020013
v -0.872961 1.409205 0.028438
v -0.868015 1.408942 0.023813
v -0.872936 1.409914 0.027826
v -0.842713 1.406176 0.011777
v -0.839698 1.406781 0.015916
v -0.847399 1.407328 0.008303
v -0.836144 1.409991 0.020024
v -0.853448 1.407327 0.012294
v -0.835310 1.405928 0.007840
v -0.850853 1.409102 0.008149
v -0.831546 1.406457 0.012069
v -0.839283 1.408069 0.004078
v -0.828178 1.410585 0.016214
v -0.830041 1.405317 0.004664
v -0.824942 1.405567 0.009120
v -0.832700 1.408894 -0.002745
v -0.821675 1.409919 0.013421
v -0.814226 1.410393 0.011421
v -0.823804 1.407569 -0.004472
v -0.816614 1.405992 0.006115
v -0.820385 1.405256 0.000049
v -0.835091 1.407141 0.000808
v -0.828040 1.408932 -0.005216
v -0.785414 1.407065 0.017049
v -0.800370 1.411693 -0.015055
v -0.793786 1.406819 0.011222
v -0.798552 1.405735 -0.002168
v -0.803651 1.411640 0.011825
v -0.794439 1.412591 0.013755
v -0.797555 1.408425 0.008139
v -0.805335 1.407746 0.005605
v -0.809346 1.406919 -0.002643
v -0.801964 1.407573 -0.002129
v -0.806625 1.410124 -0.009844
v -0.812936 1.409785 -0.007967
v -0.845205 1.389941 0.035752
v -0.844754 1.394181 0.034428
v -0.837889 1.397599 0.026130
v -0.850967 1.390252 0.027338
v -0.852792 1.387713 0.030275
v -0.841073 1.395896 0.023625
v -0.848383 1.389319 0.035723
v -0.848244 1.394454 0.034034
v -0.834107 1.396357 0.018647
v -0.851097 1.388569 0.033923
v -0.850452 1.393498 0.031802
v -0.831308 1.397579 0.021868
v -0.838407 1.390617 0.033286
v -0.840527 1.395500 0.032417
v -0.836808 1.387517 0.014969
v -0.847636 1.390386 0.024646
v -0.844620 1.390928 0.022210
v -0.834810 1.390754 0.013175
v -0.843300 1.396596 0.030269
v -0.828196 1.396344 0.025075
v -0.845692 1.395048 0.027438
v -0.826328 1.390770 0.025411
v -0.845125 1.387418 0.021452
v -0.833487 1.390686 0.029522
v -0.845677 1.389807 0.022750
v -0.835012 1.396056 0.028817
v -0.847321 1.392564 0.024886
v -0.844571 1.391796 0.021874
v -0.851853 1.392069 0.028903
v -0.851587 1.387904 0.028103
v -0.845360 1.387559 0.022690
v -0.847497 1.387577 0.024924
v -0.847418 1.391779 0.024813
v -0.851729 1.391539 0.028454
v -0.852559 1.387775 0.029572
v -0.845177 1.387456 0.021964
v -0.828889 1.396430 0.014786
v -0.825282 1.398020 0.018023
v -0.829620 1.387765 0.009684
v -0.830871 1.393098 0.011372
v -0.821674 1.396833 0.021419
v -0.820121 1.391200 0.021992
v -0.836281 1.393086 0.015150
v -0.835233 1.387433 0.012966
v -0.832439 1.387594 0.011015
v -0.822674 1.397473 0.011448
v -0.832997 1.390721 0.011766
v -0.819238 1.398899 0.015082
v -0.824089 1.388474 0.007397
v -0.824609 1.393805 0.008403
v -0.816475 1.397403 0.018768
v -0.815456 1.391782 0.020654
v -0.817021 1.399041 0.008405
v -0.813441 1.400353 0.012873
v -0.821339 1.388752 0.004915
v -0.819066 1.392607 0.003497
v -0.811034 1.398572 0.017014
v -0.810598 1.392463 0.018713
v -0.803277 1.393330 0.017187
v -0.804207 1.399143 0.015418
v -0.813031 1.396230 0.001346
v -0.810516 1.390717 -0.000525
v -0.806560 1.401603 0.010675
v -0.810132 1.400763 0.005045
v -0.819775 1.395058 0.005027
v -0.819541 1.388829 0.003030
v -0.815181 1.389555 0.000931
v -0.815424 1.393204 0.001473
v -0.788117 1.395200 0.016066
v -0.798877 1.474480 -0.019644
v -0.794879 1.396996 -0.009737
v -0.793783 1.392792 -0.009002
v -0.796675 1.400106 0.014659
v -0.790551 1.402411 0.016047
v -0.794879 1.404981 0.010987
v -0.799337 1.402961 0.009971
v -0.802440 1.402485 0.003095
v -0.798080 1.403955 0.001951
v -0.800922 1.398885 -0.004022
v -0.805031 1.397881 -0.001179
v -0.795588 1.394225 0.015832
v -0.790760 1.395132 0.016140
v -0.800694 1.392641 -0.005068
v -0.804796 1.391991 -0.002520
v -0.842390 1.385727 0.033372
v -0.837553 1.382705 0.028233
v -0.850315 1.385588 0.028404
v -0.840048 1.382537 0.026622
v -0.845203 1.384192 0.033450
v -0.831025 1.381888 0.019143
v -0.847898 1.383587 0.032384
v -0.828338 1.382587 0.021723
v -0.839265 1.385301 0.032266
v -0.846586 1.384987 0.025484
v -0.843595 1.384490 0.023541
v -0.833808 1.384706 0.013616
v -0.840546 1.383043 0.031173
v -0.826404 1.385177 0.023943
v -0.842734 1.382674 0.028813
v -0.844997 1.385462 0.023675
v -0.835266 1.385230 0.028941
v -0.845215 1.383174 0.026313
v -0.843199 1.383768 0.023540
v -0.850107 1.383722 0.030394
v -0.845743 1.383880 0.026013
v -0.850470 1.384290 0.029924
v -0.824693 1.381980 0.014968
v -0.821850 1.382557 0.017775
v -0.828319 1.383295 0.011956
v -0.820282 1.385422 0.020534
v -0.834163 1.382915 0.016008
v -0.819434 1.381954 0.012315
v -0.831882 1.384756 0.012193
v -0.817594 1.382734 0.015423
v -0.822461 1.383797 0.009310
v -0.816647 1.385699 0.018400
v -0.814901 1.382153 0.010173
v -0.812900 1.383314 0.013691
v -0.818036 1.385503 0.004348
v -0.811659 1.386287 0.017030
v -0.803945 1.387190 0.015273
v -0.808902 1.385504 0.001810
v -0.804592 1.383932 0.011194
v -0.805800 1.383409 0.006208
v -0.818121 1.383462 0.006724
v -0.813168 1.386394 0.001883
v -0.786561 1.389234 0.011729
v -0.789721 1.390656 -0.007044
v -0.788689 1.386628 0.007241
v -0.790596 1.386770 0.001946
v -0.795810 1.388428 0.013390
v -0.790964 1.389149 0.012697
v -0.791991 1.386072 0.008001
v -0.796816 1.385286 0.009070
v -0.798809 1.384970 0.003896
v -0.794138 1.385905 0.002713
v -0.797544 1.388023 -0.002434
v -0.801974 1.387423 -0.000522
v -0.797121 1.477913 -0.013316
v -0.802025 1.455092 -0.020050
v -0.792799 1.481671 0.002777
v -0.801829 1.428621 -0.015852
v -0.795680 1.435026 -0.022324
v -0.796703 1.405897 -0.008380
v -0.798284 1.457544 -0.021235
v -0.802228 1.446467 -0.023222
v -0.801063 1.435169 -0.022018
v -0.797829 1.421350 -0.018887
v -0.794808 1.410339 -0.015535
v -0.773834 1.389190 -0.002057
v -0.792142 1.404899 -0.011513
v -0.797501 1.446946 -0.023794
v -0.779619 1.389169 -0.001274
v -0.783131 1.391232 -0.007352
v -0.783907 1.386784 0.005492
v -0.785671 1.387272 0.001809
v -0.799684 1.450906 -0.021699
v -0.800007 1.431687 -0.019254
v -0.792924 1.408252 -0.013554
v -0.779139 1.411669 -0.015556
v -0.784741 1.441979 -0.022114
v -0.787580 1.450727 -0.022627
v -0.759926 1.431744 0.011495
v -0.784123 1.477246 -0.016375
v -0.779240 1.481505 0.006180
v -0.779976 1.417984 -0.018261
v -0.763322 1.458732 0.012782
v -0.785656 1.433946 -0.020680
v -0.758931 1.402200 0.018077
v -0.762094 1.445838 0.011479
v -0.782258 1.469290 -0.022206
v -0.772921 1.470938 0.012746
v -0.758892 1.417569 0.015761
v -0.767760 1.390936 -0.004797
v -0.772103 1.396359 -0.010733
v -0.802500 1.511191 0.012547
v -0.796790 1.513998 0.016240
v -0.778596 1.514583 0.012924
v -0.804137 1.526833 0.004928
v -0.810258 1.525640 0.003228
v -0.780241 1.518659 0.010419
v -0.808333 1.516921 0.010491
v -0.801786 1.520286 0.015208
v -0.771630 1.518140 0.008950
v -0.811035 1.522005 0.007208
v -0.804367 1.525556 0.012487
v -0.771025 1.512569 0.012006
v -0.791797 1.505093 0.012655
v -0.788168 1.511098 0.016272
v -0.778916 1.517179 -0.005603
v -0.796473 1.525577 0.005258
v -0.787183 1.522346 0.004501
v -0.773248 1.520663 -0.001498
v -0.787897 1.516958 0.014935
v -0.773655 1.506208 0.013163
v -0.791534 1.522950 0.012839
v -0.778280 1.500533 0.009163
v -0.789800 1.519131 -0.002338
v -0.783775 1.503509 0.009840
v -0.789211 1.522433 0.003267
v -0.780064 1.508742 0.014052
v -0.794198 1.526479 0.008862
v -0.786168 1.522756 0.005697
v -0.804559 1.528632 0.008645
v -0.807835 1.524664 0.001452
v -0.791894 1.519615 -0.001191
v -0.799795 1.522236 0.000028
v -0.795524 1.526069 0.007274
v -0.804379 1.528138 0.007337
v -0.809318 1.525527 0.002722
v -0.790661 1.519212 -0.001813
v -0.763656 1.515388 0.008392
v -0.764754 1.510219 0.012238
v -0.766263 1.513588 -0.007435
v -0.765233 1.518439 0.001180
v -0.768654 1.503975 0.013862
v -0.773956 1.497626 0.009743
v -0.773795 1.521196 0.002748
v -0.776092 1.517576 -0.007080
v -0.771432 1.516365 -0.007812
v -0.754142 1.510591 0.008188
v -0.769474 1.519665 -0.002237
v -0.758375 1.506691 0.013948
v -0.754719 1.508184 -0.006524
v -0.753214 1.511762 0.000464
v -0.764217 1.500736 0.015670
v -0.769343 1.493486 0.011528
v -0.737867 1.496875 0.020490
v -0.728260 1.500652 0.012784
v -0.801219 1.507756 0.006538
v -0.788637 1.503006 -0.002936
v -0.808841 1.519693 -0.002679
v -0.790808 1.505699 -0.006801
v -0.806497 1.510900 0.002768
v -0.781597 1.504182 -0.009589
v -0.810435 1.514633 -0.001119
v -0.780219 1.500082 -0.004824
v -0.794710 1.504538 0.005047
v -0.801484 1.517271 -0.005128
v -0.793568 1.513457 -0.006849
v -0.777464 1.512723 -0.010952
v -0.796960 1.505807 -0.000699
v -0.779501 1.498755 0.001827
v -0.800700 1.509640 -0.004771
v -0.794998 1.515538 -0.005909
v -0.786533 1.502105 0.003020
v -0.801086 1.514149 -0.006822
v -0.792894 1.512133 -0.007627
v -0.810909 1.518000 -0.003811
v -0.801514 1.515375 -0.006212
v -0.809994 1.519064 -0.003459
v -0.774749 1.501914 -0.011627
v -0.775783 1.498463 -0.006437
v -0.772160 1.508034 -0.012498
v -0.775776 1.496857 0.000908
v -0.781290 1.510065 -0.011238
v -0.763834 1.497148 -0.010894
v -0.773794 1.511913 -0.011518
v -0.767480 1.493403 -0.005456
v -0.758902 1.502707 -0.011136
v -0.769684 1.492050 0.002582
v -0.763967 1.486133 0.004004
v -0.740113 1.506941 0.010946
v -0.761305 1.486283 -0.007161
v -0.743331 1.506255 -0.006376
v -0.764866 1.484085 0.012316
v -0.724945 1.501516 0.002766
v -0.729657 1.501166 -0.006979
v -0.709053 1.467179 -0.016878
v -0.703063 1.407764 0.018172
v -0.705569 1.466647 0.022673
v -0.711790 1.424621 -0.019507
v -0.721103 1.438520 -0.024136
v -0.709991 1.445263 -0.024550
v -0.721776 1.450354 -0.024796
v -0.705159 1.448825 0.024291
v -0.705463 1.435358 0.026252
v -0.703861 1.421157 0.026111
v -0.700136 1.477343 0.002770
v -0.708479 1.406191 -0.005713
v -0.716942 1.399471 -0.001906
v -0.700702 1.475762 0.012736
v -0.702498 1.474240 -0.006941
v -0.723298 1.420339 -0.017570
v -0.738138 1.508854 0.001894
v -0.723479 1.477700 0.028577
v -0.764920 1.483810 0.006603
v -0.758653 1.480421 -0.016419
v -0.746777 1.480110 -0.017941
v -0.730526 1.479404 -0.017004
v -0.740665 1.478455 0.028488
v -0.764284 1.479204 0.012876
v -0.722942 1.471655 -0.018910
v -0.712055 1.480189 0.021762
v -0.706223 1.483104 0.001893
v -0.706592 1.483744 0.011346
v -0.709794 1.480060 -0.006764
v -0.724732 1.488169 -0.012074
v -0.762926 1.489156 -0.005545
v -0.718342 1.494504 -0.001124
v -0.749203 1.498528 -0.011837
v -0.720891 1.492138 -0.007132
v -0.765167 1.488153 0.012478
v -0.765050 1.488018 0.003950
v -0.748400 1.501856 0.017840
v -0.757090 1.492262 -0.011751
v -0.758190 1.495237 0.018892
v -0.714309 1.492116 0.008108
v -0.729386 1.488093 0.024165
v -0.765469 1.482525 0.012230
v -0.760852 1.484779 -0.008559
v -0.732580 1.483840 -0.016015
v -0.721296 1.483622 -0.012698
v -0.715623 1.486224 -0.006596
v -0.712836 1.489352 0.000636
v -0.744370 1.486203 0.025616
v -0.747741 1.482850 -0.016737
v -0.764081 1.484744 0.004677
v -0.719089 1.491520 0.016894
v -0.683618 1.465763 -0.014365
v -0.683748 1.462907 0.020129
v -0.681854 1.421109 -0.017548
v -0.682534 1.432195 -0.021583
v -0.682950 1.444181 -0.022679
v -0.683258 1.455809 -0.020405
v -0.682997 1.450726 0.023536
v -0.681757 1.437503 0.024663
v -0.680446 1.424238 0.023193
v -0.683985 1.474691 0.004033
v -0.681050 1.404892 -0.003810
v -0.680620 1.407782 0.006083
v -0.683988 1.471337 0.013428
v -0.683867 1.472479 -0.005692
v -0.681373 1.409892 -0.011928
v -0.679754 1.412912 0.017249
v -0.785253 1.459738 -0.022893
v -0.755197 1.461270 -0.022893
v -0.734265 1.455185 -0.023948
v -0.749705 1.427819 -0.020592
v -0.731563 1.433499 -0.022217
v -0.794749 1.451281 -0.022649
v -0.800493 1.468486 -0.024487
v -0.783943 1.426056 -0.019582
v -0.811613 1.440492 -0.021050
v -0.806866 1.449447 -0.019374
v -0.806692 1.432825 -0.017044
v -0.802246 1.440231 -0.024086
v -0.797839 1.425209 -0.017724
v -0.793551 1.468675 -0.024250
v -0.792672 1.428928 -0.019123
v -0.721732 1.429709 -0.021642
v -0.722698 1.460167 -0.023263
v -0.720123 1.444215 -0.024876
v -0.774400 1.403049 -0.013691
v -0.743787 1.407673 -0.014794
v -0.733397 1.420203 -0.018200
v -0.750472 1.431858 -0.021297
v -0.733282 1.429391 -0.021176
v -0.783472 1.430402 -0.019816
v -0.806110 1.415349 -0.014663
v -0.804104 1.423330 -0.013723
v -0.801194 1.409482 -0.011226
v -0.797958 1.428682 -0.017941
v -0.796910 1.440579 -0.024324
v -0.789807 1.397845 -0.011820
v -0.791622 1.416428 -0.020120
v -0.792502 1.425688 -0.019293
v -0.788303 1.408378 -0.015298
v -0.714264 1.434474 -0.023184
v -0.722232 1.409533 -0.011811
v -0.721742 1.424958 -0.019819
v -0.776455 1.408022 -0.014949
v -0.745225 1.413472 -0.017301
v -0.731449 1.415143 -0.015882
v -0.735724 1.393344 0.008148
v -0.726549 1.397080 -0.001374
v -0.797455 1.392846 -0.007235
v -0.797804 1.400883 -0.007190
v -0.791576 1.388934 -0.003719
v -0.767410 1.390157 0.009770
v -0.777040 1.387563 0.006778
v -0.782999 1.394975 -0.012109
v -0.787044 1.404916 -0.013414
v -0.761601 1.391027 0.007785
v -0.706814 1.401324 0.004361
v -0.715718 1.415019 -0.014124
v -0.719178 1.403949 -0.007329
v -0.785012 1.454833 -0.022692
v -0.754578 1.455076 -0.023088
v -0.769378 1.483188 -0.005507
v -0.761607 1.483275 -0.009134
v -0.781234 1.481343 -0.005483
v -0.736574 1.459942 -0.023409
v -0.794813 1.481297 -0.005945
v -0.788801 1.481758 -0.005112
v -0.793241 1.454174 -0.021985
v -0.797586 1.454237 -0.021202
v -0.810924 1.468589 -0.021059
v -0.805601 1.475466 -0.015830
v -0.807095 1.460447 -0.019732
v -0.799964 1.462326 -0.022971
v -0.714244 1.455859 -0.023259
v -0.721352 1.465710 -0.021039
v -0.748196 1.476424 -0.019552
v -0.733206 1.473597 -0.019488
v -0.717640 1.476296 -0.014710
v -0.765929 1.403809 0.017392
v -0.768444 1.404587 0.017227
v -0.694547 1.465811 -0.014578
v -0.767735 1.404480 0.017082
v -0.777235 1.458574 0.014228
v -0.771056 1.458287 0.013259
v -0.692028 1.412359 0.016635
v -0.774565 1.458784 0.013761
v -0.771707 1.433758 0.016151
v -0.766621 1.432269 0.013781
v -0.769104 1.433383 0.014618
v -0.775141 1.448459 0.014951
v -0.770852 1.447733 0.013658
v -0.772857 1.448170 0.014165
v -0.764742 1.418181 0.016204
v -0.769773 1.419271 0.018509
v -0.767031 1.418703 0.016960
v -0.797026 1.415966 -0.019120
v -0.787567 1.393609 -0.010974
v -0.793973 1.462760 -0.023456
v -0.793642 1.474782 -0.019901
v -0.786315 1.417281 -0.019547
v -0.784478 1.412782 -0.016830
v -0.788079 1.422181 -0.020353
v -0.791800 1.435643 -0.022306
v -0.792882 1.440871 -0.024028
v -0.793531 1.447225 -0.023861
v -0.789731 1.474958 -0.019828
v -0.789931 1.462926 -0.023709
v -0.789032 1.469017 -0.023385
v -0.779863 1.392276 -0.007416
v -0.694324 1.463562 0.019781
v -0.696967 1.423859 -0.018428
v -0.696942 1.434609 -0.022471
v -0.695577 1.445766 -0.023392
v -0.695971 1.456428 -0.020947
v -0.695311 1.449999 0.022695
v -0.696247 1.436814 0.024450
v -0.694692 1.423615 0.023637
v -0.692149 1.474485 0.003414
v -0.693087 1.408330 -0.004542
v -0.690254 1.406772 0.005364
v -0.692672 1.471967 0.012539
v -0.692744 1.472142 -0.005870
v -0.694327 1.414749 -0.012564
v -0.791259 1.401074 -0.010889
v -0.785999 1.401570 -0.012357
v -0.777100 1.393400 -0.008662
v -0.780818 1.399943 -0.012580
v -0.779166 1.396556 -0.012295
v -0.781776 1.402693 -0.012535
v -0.760522 1.410018 -0.016942
v -0.768706 1.442751 -0.021939
v -0.769536 1.455094 -0.022952
v -0.748482 1.433291 0.015709
v -0.775386 1.482302 -0.005630
v -0.752586 1.456523 0.013990
v -0.766664 1.430513 -0.020418
v -0.748039 1.401576 0.017938
v -0.750725 1.443992 0.012929
v -0.770865 1.469922 -0.023076
v -0.749056 1.392280 0.008005
v -0.774440 1.481813 0.006758
v -0.763779 1.419980 -0.019573
v -0.767687 1.471727 0.012616
v -0.748909 1.416776 0.018634
v -0.756038 1.398156 -0.011120
v -0.769555 1.449856 -0.022400
v -0.767975 1.435598 -0.020983
v -0.762212 1.414587 -0.018267
v -0.765730 1.425730 -0.020141
v -0.758461 1.404800 -0.015066
v -0.752665 1.392471 -0.003285
v -0.770207 1.460965 -0.023644
v -0.774137 1.478348 -0.016778
v -0.466000 1.384118 0.036112
v -0.460899 1.464860 0.041331
v -0.454810 1.483369 0.028015
v -0.464369 1.443521 0.043627
v -0.431205 1.479113 -0.010315
v -0.471520 1.416779 0.038817
v -0.477197 1.396323 0.039032
v -0.143683 1.169013 -0.024169
v -0.034776 1.213430 -0.075787
v -0.067571 1.197356 -0.071983
v -0.096725 1.183042 -0.061621
v -0.123362 1.172973 -0.044401
v -0.134374 0.449466 0.061634
v -0.150041 1.028369 0.061023
v -0.175556 0.610883 0.078926
v -0.156454 1.134937 0.061252
v -0.135541 0.195703 0.041600
v -0.148983 0.518890 0.063543
v -0.136966 0.493190 0.074522
v -0.152902 1.047375 0.061830
v -0.140808 0.436511 0.047814
v -0.168986 0.552551 0.065843
v -0.175535 0.882873 0.070925
v -0.163403 1.170620 0.056592
v -0.161828 0.995893 0.066537
v -0.176896 0.679797 0.082951
v -0.154463 1.064453 0.065145
v -0.153115 1.108029 0.064363
v -0.133319 0.747597 -0.092544
v -0.051820 0.731489 -0.074253
v -0.126766 0.754341 0.121205
v -0.021236 0.720105 0.072466
v -0.201487 0.750074 0.018427
v -0.011807 0.713568 0.012853
v -0.087042 0.742440 -0.095534
v -0.061457 0.740592 0.117541
v -0.182065 0.744754 -0.044701
v -0.178211 0.753835 0.084926
v -0.121993 0.388988 0.048674
v -0.119753 0.295634 0.042648
v -0.084019 0.406518 0.032961
v -0.080450 0.297836 0.024168
v -0.166513 0.405716 0.026058
v -0.161795 0.302913 0.024120
v -0.179886 0.309992 -0.069417
v -0.169061 0.420463 -0.049664
v -0.087952 0.304780 -0.070347
v -0.083147 0.390297 -0.062320
v -0.069047 0.414629 0.002059
v -0.064423 0.300831 -0.001975
v -0.130090 0.394615 -0.065874
v -0.131550 0.306384 -0.083546
v -0.100967 0.393368 0.045989
v -0.099153 0.295574 0.038288
v -0.190987 0.425473 -0.022546
v -0.194724 0.309942 -0.028137
v -0.145223 0.394237 0.041935
v -0.141156 0.298479 0.037752
v -0.068161 0.462230 -0.015809
v -0.005225 0.860684 -0.045789
v -0.094909 0.197911 -0.028301
v -0.062360 0.510573 -0.020012
v -0.070882 0.420952 -0.032845
v -0.040606 0.654970 -0.042149
v -0.061601 0.304555 -0.039893
v -0.012293 0.844574 -0.040660
v -0.052276 0.559074 -0.024433
v -0.027637 0.717561 -0.040044
v -0.043308 0.598969 -0.030204
v -0.036724 0.860576 0.114518
v -0.051931 0.871585 0.096042
v -0.151392 0.124266 -0.016343
v -0.123240 -0.003233 -0.005560
v -0.146822 0.127818 0.031762
v -0.145657 -0.003137 -0.006363
v -0.105631 0.130660 -0.018468
v -0.105257 0.007732 0.027409
v -0.103655 0.137003 0.041552
v -0.165096 0.003799 -0.002363
v -0.123055 0.003604 0.020253
v -0.144437 -0.000807 0.019393
v -0.130505 0.132458 0.042986
v -0.115458 0.137333 0.047650
v -0.123024 -0.002157 -0.031651
v -0.141126 0.001502 0.040030
v -0.120799 0.130824 -0.036453
v -0.136773 0.128864 -0.035795
v -0.163969 0.004542 -0.021575
v -0.146982 0.000034 -0.030265
v -0.161629 0.132185 0.001671
v -0.159786 0.121635 0.020885
v -0.094756 0.130444 0.026320
v -0.094808 0.140091 0.003650
v -0.103464 -0.001252 -0.022657
v -0.101512 0.000128 0.004893
v -0.153026 0.002683 0.039585
v -0.164414 0.002847 0.022565
v -0.115740 0.006226 0.041644
v -0.125632 0.004004 0.040331
v -0.164860 0.083647 -0.009458
v -0.087615 0.089889 0.002913
v -0.127423 0.103663 0.046677
v -0.165341 0.081977 0.021321
v -0.101277 0.111720 0.043999
v -0.170755 0.080983 0.003855
v -0.123108 0.088083 -0.036984
v -0.112031 0.113930 0.050407
v -0.086174 0.092149 0.020434
v -0.138867 0.087145 -0.035552
v -0.143226 0.094305 0.039159
v -0.095920 0.091798 -0.008850
v -0.166799 0.035187 0.123561
v -0.179173 0.003973 0.130994
v -0.090710 0.053858 0.126839
v -0.095024 0.001347 0.131207
v -0.115497 -0.000520 0.142421
v -0.114006 0.053377 0.127461
v -0.138940 -0.001832 0.141548
v -0.131746 0.046227 0.125825
v -0.160823 -0.001984 0.139669
v -0.145580 0.044456 0.126068
v -0.076199 0.003403 0.126696
v -0.076783 0.036754 0.130137
v -0.130032 0.073390 0.079706
v -0.128982 0.059848 0.102319
v -0.143099 0.056324 0.099615
v -0.142922 0.067427 0.077840
v -0.162537 0.045670 0.098358
v -0.156242 0.058283 0.071758
v -0.172215 0.007756 0.073135
v -0.173482 0.007576 0.100925
v -0.110376 0.066832 0.106530
v -0.108452 0.084059 0.081333
v -0.127163 0.003748 0.083693
v -0.122622 0.004680 0.109424
v -0.140796 -0.001334 0.107891
v -0.143782 0.000407 0.081696
v -0.159185 0.001892 0.076367
v -0.159426 0.000349 0.104922
v -0.115129 0.005053 0.082345
v -0.103380 0.000480 0.104553
v -0.093348 0.078658 0.076749
v -0.092626 0.067819 0.100257
v -0.082149 0.050594 0.096606
v -0.086020 0.060218 0.073055
v -0.087876 0.002201 0.099014
v -0.100945 0.008502 0.074679
v -0.166095 0.036286 0.018127
v -0.170980 0.021588 0.018579
v -0.094842 0.044973 0.005283
v -0.091038 0.018207 0.005029
v -0.165553 0.039300 -0.002418
v -0.169073 0.020366 -0.003014
v -0.146819 0.034463 -0.049196
v -0.147288 0.009819 -0.046327
v -0.101103 0.038812 -0.028452
v -0.095378 0.013390 -0.027979
v -0.165983 0.019759 -0.024470
v -0.161857 0.038909 -0.025092
v -0.117935 0.012004 -0.051493
v -0.117374 0.033295 -0.054335
v -0.091551 0.021638 0.025091
v -0.091597 0.044043 0.027631
v -0.177963 0.024373 0.124113
v -0.182980 0.016243 0.130662
v -0.134682 0.002071 0.156618
v -0.116230 0.000207 0.155895
v -0.172437 0.002968 0.153874
v -0.163716 0.031211 0.147749
v -0.067996 0.010472 0.125556
v -0.068874 0.025374 0.127336
v -0.083838 0.043142 0.072163
v -0.086741 0.022399 0.070863
v -0.077008 0.036826 0.095284
v -0.077673 0.011140 0.095574
v -0.175396 0.021071 0.071548
v -0.172563 0.031885 0.070100
v -0.177269 0.017599 0.099353
v -0.175072 0.027152 0.097375
v -0.074406 0.003274 0.150209
v -0.175604 0.022594 0.146462
v -0.179219 0.017787 0.148944
v -0.139304 0.031388 0.161103
v -0.142802 0.073924 0.062890
v -0.155061 0.067346 0.053185
v -0.109174 0.093653 0.065078
v -0.141815 0.003735 0.060504
v -0.091873 0.063641 0.051494
v -0.106522 0.013642 0.052182
v -0.127996 0.081817 0.066534
v -0.168296 0.006678 0.047703
v -0.126839 0.005862 0.061204
v -0.157020 0.003529 0.056132
v -0.118112 0.007846 0.059440
v -0.096877 0.088286 0.054955
v -0.170970 0.033078 0.043158
v -0.171124 0.022155 0.044222
v -0.093803 0.024702 0.048446
v -0.087385 0.042916 0.048892
v -0.164862 0.066681 0.018339
v -0.124761 0.064350 -0.042175
v -0.169236 0.064222 0.003915
v -0.089375 0.077739 0.020912
v -0.165195 0.067810 -0.007784
v -0.098352 0.079513 -0.009239
v -0.092643 0.075386 0.006457
v -0.143495 0.061082 -0.039497
v -0.160608 0.002908 0.190753
v -0.165090 0.003897 0.190614
v -0.171626 0.009068 0.184112
v -0.164636 0.011371 0.189887
v -0.161286 0.011815 0.191466
v -0.170643 0.012321 0.183833
v -0.160794 0.006036 0.192409
v -0.166313 0.007476 0.192122
v -0.172223 0.012864 0.181289
v -0.161093 0.009295 0.192390
v -0.166351 0.009541 0.191738
v -0.172648 0.008533 0.181397
v -0.161565 0.002750 0.185575
v -0.167057 0.003679 0.186509
v -0.165547 0.015662 0.179567
v -0.165848 0.011379 0.187950
v -0.166990 0.011948 0.185959
v -0.169361 0.008465 0.188683
v -0.169316 0.004121 0.179128
v -0.168557 0.010462 0.188028
v -0.163693 0.005221 0.177732
v -0.164476 0.014283 0.183885
v -0.162887 0.003663 0.180498
v -0.165862 0.011696 0.186548
v -0.168692 0.003659 0.181849
v -0.167151 0.011075 0.187957
v -0.168298 0.012994 0.184772
v -0.165894 0.010438 0.191072
v -0.162234 0.012752 0.189858
v -0.163674 0.012828 0.186320
v -0.163113 0.012477 0.187943
v -0.166603 0.011271 0.188000
v -0.165287 0.010976 0.190778
v -0.161656 0.012483 0.191076
v -0.164003 0.012644 0.185169
v -0.173474 0.014255 0.178393
v -0.173857 0.009596 0.178150
v -0.166400 0.017917 0.176943
v -0.171185 0.016491 0.177790
v -0.170303 0.005222 0.176132
v -0.164057 0.006793 0.175577
v -0.169979 0.014747 0.180235
v -0.174240 0.016763 0.174456
v -0.174717 0.010993 0.174735
v -0.167258 0.020384 0.174797
v -0.170762 0.020709 0.172783
v -0.171158 0.005147 0.173392
v -0.164161 0.008203 0.172972
v -0.164441 0.008705 0.169985
v -0.172355 0.004772 0.170939
v -0.171959 0.020661 0.169118
v -0.166720 0.024153 0.167025
v -0.174786 0.012152 0.171064
v -0.174074 0.018098 0.170100
v -0.172316 0.018716 0.173915
v -0.167403 0.021668 0.172790
v -0.166952 0.024255 0.169133
v -0.170460 0.022279 0.169875
v -0.175343 0.006593 0.164101
v -0.175453 0.015673 0.162425
v -0.173263 0.020449 0.161251
v -0.170841 0.024302 0.160716
v -0.167496 0.006004 0.163337
v -0.165845 0.026774 0.160509
v -0.157611 0.004694 0.188976
v -0.157420 0.012159 0.182098
v -0.159916 0.012527 0.189580
v -0.157990 0.014185 0.182911
v -0.156524 0.007350 0.190468
v -0.158768 0.014746 0.179749
v -0.156755 0.010322 0.190716
v -0.158135 0.012560 0.179565
v -0.157291 0.005805 0.185809
v -0.160117 0.013057 0.187464
v -0.160069 0.013359 0.185356
v -0.156413 0.009485 0.186485
v -0.159544 0.010061 0.179185
v -0.157180 0.011989 0.186851
v -0.160783 0.013249 0.186081
v -0.159057 0.008547 0.181453
v -0.158170 0.013318 0.187253
v -0.159752 0.015172 0.183640
v -0.158112 0.011698 0.190244
v -0.158909 0.012685 0.187435
v -0.159074 0.012235 0.190230
v -0.159370 0.015218 0.176672
v -0.159033 0.013133 0.176634
v -0.161362 0.017451 0.176743
v -0.160500 0.010677 0.176494
v -0.160696 0.016208 0.179599
v -0.159865 0.017256 0.172747
v -0.160252 0.014038 0.173054
v -0.163171 0.020474 0.172133
v -0.161856 0.011581 0.173365
v -0.162422 0.011773 0.169563
v -0.161448 0.020034 0.168123
v -0.161184 0.014252 0.169003
v -0.161029 0.017468 0.168340
v -0.161184 0.018995 0.172835
v -0.162800 0.021664 0.169246
v -0.163392 0.010588 0.164131
v -0.161687 0.014664 0.163805
v -0.161823 0.018588 0.161899
v -0.162559 0.023181 0.160738
v -0.091037 0.009880 0.211244
v -0.100600 0.011915 0.207648
v -0.105091 0.015914 0.192231
v -0.095040 0.026360 0.208850
v -0.088666 0.029723 0.212819
v -0.103067 0.022334 0.192397
v -0.090718 0.015143 0.214630
v -0.101119 0.016715 0.210545
v -0.102777 0.022567 0.183857
v -0.089711 0.022674 0.215734
v -0.100206 0.021476 0.211343
v -0.104556 0.015628 0.183570
v -0.090731 0.003590 0.201769
v -0.103557 0.009615 0.200936
v -0.087798 0.032375 0.185005
v -0.097096 0.026062 0.201773
v -0.097552 0.026586 0.193210
v -0.093351 0.034964 0.181508
v -0.104379 0.015661 0.201338
v -0.102107 0.009626 0.183323
v -0.102031 0.022068 0.201745
v -0.087257 0.002847 0.183797
v -0.087780 0.029690 0.190965
v -0.089331 0.002103 0.192528
v -0.095969 0.027252 0.196613
v -0.102769 0.009334 0.192200
v -0.100069 0.025588 0.201274
v -0.098572 0.026516 0.192131
v -0.098119 0.024553 0.209926
v -0.088496 0.030070 0.210493
v -0.087755 0.028608 0.195814
v -0.088195 0.028067 0.203126
v -0.099010 0.025652 0.201486
v -0.097130 0.025707 0.209945
v -0.088713 0.030408 0.212215
v -0.087570 0.028696 0.192449
v -0.099812 0.023435 0.171878
v -0.101892 0.015149 0.172703
v -0.089086 0.036734 0.171413
v -0.096960 0.034479 0.172294
v -0.098548 0.008884 0.172631
v -0.085326 0.007105 0.173619
v -0.098757 0.031873 0.183949
v -0.087509 0.034808 0.181940
v -0.087973 0.036895 0.177441
v -0.098600 0.027183 0.162687
v -0.093629 0.036382 0.177320
v -0.100715 0.015836 0.165752
v -0.091291 0.039447 0.163556
v -0.100803 0.034431 0.160037
v -0.096029 0.008303 0.166080
v -0.085604 0.006507 0.164629
v -0.079534 0.010930 0.208271
v -0.070088 0.013809 0.192853
v -0.079728 0.028097 0.209586
v -0.071964 0.021446 0.192872
v -0.078258 0.016472 0.210909
v -0.069257 0.021485 0.184718
v -0.076544 0.022537 0.211875
v -0.068740 0.013781 0.184938
v -0.076271 0.007966 0.201165
v -0.078681 0.026728 0.202196
v -0.077111 0.026849 0.193511
v -0.078477 0.032634 0.181626
v -0.073647 0.014946 0.201197
v -0.072271 0.007017 0.184456
v -0.074474 0.021927 0.201722
v -0.078908 0.027455 0.196595
v -0.073554 0.006076 0.192497
v -0.076256 0.026248 0.201513
v -0.075957 0.026730 0.192701
v -0.077137 0.026390 0.210574
v -0.077142 0.026472 0.201780
v -0.078079 0.027483 0.210648
v -0.071751 0.021614 0.174358
v -0.071083 0.014595 0.174617
v -0.078523 0.031626 0.173830
v -0.075277 0.009571 0.174475
v -0.074748 0.029139 0.185200
v -0.073498 0.021869 0.165784
v -0.078887 0.033627 0.177590
v -0.071175 0.013239 0.164753
v -0.079415 0.031771 0.166224
v -0.075592 0.008249 0.164294
v -0.113865 0.009771 0.210100
v -0.119770 0.010942 0.208419
v -0.122516 0.013548 0.197379
v -0.116618 0.021666 0.207048
v -0.114418 0.022199 0.209428
v -0.121692 0.018002 0.197659
v -0.113968 0.013989 0.211927
v -0.121004 0.014517 0.210224
v -0.121628 0.018158 0.192844
v -0.114539 0.017987 0.211326
v -0.121054 0.017878 0.210093
v -0.122177 0.013658 0.192407
v -0.114383 0.004502 0.203100
v -0.121192 0.009003 0.203832
v -0.113971 0.024405 0.193051
v -0.118011 0.021220 0.203772
v -0.118477 0.021112 0.201039
v -0.122560 0.013211 0.204101
v -0.121065 0.010163 0.191574
v -0.122101 0.017023 0.204036
v -0.115380 0.006480 0.189787
v -0.113465 0.023022 0.199550
v -0.114931 0.004561 0.194982
v -0.117179 0.021439 0.201798
v -0.121344 0.008897 0.196658
v -0.120509 0.019639 0.203921
v -0.119277 0.021707 0.200119
v -0.119185 0.020302 0.208713
v -0.114258 0.022396 0.207591
v -0.113902 0.021980 0.201578
v -0.114113 0.021983 0.203475
v -0.119659 0.020124 0.203921
v -0.118331 0.021236 0.208311
v -0.114398 0.022832 0.208838
v -0.113594 0.022080 0.200370
v -0.121818 0.019628 0.189581
v -0.122324 0.015348 0.189153
v -0.114113 0.026117 0.189324
v -0.119779 0.023004 0.189334
v -0.120916 0.011146 0.188044
v -0.115302 0.007739 0.186409
v -0.119977 0.022533 0.192701
v -0.122155 0.024586 0.183132
v -0.122233 0.019159 0.182855
v -0.113804 0.030428 0.184576
v -0.117020 0.030505 0.181713
v -0.120543 0.014345 0.182281
v -0.115054 0.010170 0.181245
v -0.114658 0.009746 0.175952
v -0.120640 0.014073 0.176054
v -0.119476 0.029748 0.176074
v -0.113658 0.032414 0.174667
v -0.122110 0.019121 0.176030
v -0.122053 0.025425 0.175932
v -0.119473 0.028036 0.183449
v -0.113713 0.031285 0.182031
v -0.113637 0.032407 0.177670
v -0.117059 0.031835 0.177840
v -0.120091 0.013730 0.166615
v -0.121052 0.019889 0.165437
v -0.121076 0.027586 0.163742
v -0.118650 0.033621 0.163612
v -0.114751 0.009600 0.166410
v -0.113613 0.037057 0.163030
v -0.107341 0.010344 0.207946
v -0.104632 0.013467 0.195802
v -0.111620 0.021909 0.206920
v -0.106043 0.018053 0.196680
v -0.106060 0.014524 0.209922
v -0.106609 0.018086 0.191342
v -0.106394 0.018361 0.210249
v -0.105708 0.013189 0.190841
v -0.106529 0.008033 0.202522
v -0.110310 0.021985 0.203948
v -0.109562 0.021321 0.201100
v -0.104399 0.013371 0.203054
v -0.107952 0.008716 0.189933
v -0.105432 0.018100 0.203501
v -0.110989 0.021685 0.202218
v -0.106687 0.007425 0.194908
v -0.107799 0.021082 0.203982
v -0.108647 0.021670 0.199837
v -0.108419 0.020773 0.208828
v -0.108688 0.021450 0.204036
v -0.109363 0.021489 0.208342
v -0.106474 0.019263 0.188305
v -0.105661 0.014729 0.187872
v -0.108848 0.022309 0.188564
v -0.108140 0.009732 0.186776
v -0.108422 0.022195 0.191971
v -0.105563 0.022911 0.182686
v -0.105405 0.017584 0.182309
v -0.110152 0.029388 0.181390
v -0.107512 0.012219 0.181562
v -0.107928 0.011938 0.176018
v -0.108668 0.028173 0.175171
v -0.105157 0.017403 0.175895
v -0.105438 0.023447 0.175235
v -0.107890 0.026561 0.182966
v -0.110019 0.030686 0.177413
v -0.108088 0.010333 0.166415
v -0.106389 0.017287 0.164594
v -0.107134 0.025715 0.161718
v -0.109609 0.033313 0.160675
v -0.130216 0.006777 0.204795
v -0.136071 0.006246 0.201707
v -0.138096 0.012314 0.191463
v -0.134332 0.018205 0.200487
v -0.131332 0.018744 0.204076
v -0.138004 0.016139 0.191952
v -0.130580 0.011840 0.206416
v -0.136965 0.010670 0.202836
v -0.138157 0.016859 0.188765
v -0.131060 0.015637 0.206129
v -0.137561 0.014623 0.202858
v -0.137901 0.013631 0.188548
v -0.129941 0.002817 0.196492
v -0.136844 0.005066 0.196504
v -0.131133 0.021490 0.188610
v -0.134847 0.018793 0.197948
v -0.135013 0.019169 0.195937
v -0.138640 0.009040 0.196494
v -0.136129 0.011341 0.187876
v -0.138172 0.014600 0.196760
v -0.130712 0.009020 0.186803
v -0.131733 0.020385 0.194437
v -0.130442 0.006644 0.189709
v -0.134053 0.019315 0.196635
v -0.136330 0.008870 0.190755
v -0.136783 0.017761 0.197428
v -0.135667 0.019486 0.195178
v -0.136868 0.016675 0.201975
v -0.131536 0.019202 0.201609
v -0.131625 0.020053 0.196459
v -0.131584 0.019888 0.198258
v -0.136148 0.018037 0.197652
v -0.136172 0.017588 0.201617
v -0.131423 0.019314 0.203585
v -0.131687 0.019808 0.195519
v -0.138212 0.018264 0.185556
v -0.138212 0.015274 0.185685
v -0.130900 0.023414 0.185070
v -0.135746 0.020912 0.185328
v -0.135875 0.012773 0.185171
v -0.130799 0.010617 0.184220
v -0.136351 0.020166 0.188600
v -0.138546 0.022798 0.180083
v -0.138406 0.018282 0.180159
v -0.131069 0.027640 0.181141
v -0.133838 0.028176 0.178285
v -0.135938 0.015337 0.180124
v -0.130995 0.013531 0.179837
v -0.130940 0.013278 0.174366
v -0.136314 0.015182 0.174421
v -0.135320 0.028032 0.174206
v -0.131223 0.030609 0.172637
v -0.138898 0.018848 0.174300
v -0.138924 0.024116 0.174052
v -0.135727 0.025703 0.180043
v -0.131177 0.029194 0.178527
v -0.131313 0.030036 0.175645
v -0.133708 0.029074 0.175960
v -0.136214 0.012713 0.166094
v -0.138517 0.017565 0.165827
v -0.139171 0.025458 0.164621
v -0.135838 0.032346 0.163805
v -0.131291 0.010520 0.165235
v -0.131144 0.035848 0.162764
v -0.124300 0.009526 0.202003
v -0.123399 0.014648 0.191554
v -0.128496 0.017972 0.201439
v -0.124086 0.018155 0.192183
v -0.124312 0.013727 0.203429
v -0.124143 0.018625 0.188499
v -0.124532 0.015940 0.204080
v -0.123603 0.014845 0.187958
v -0.123249 0.008883 0.196935
v -0.127911 0.019197 0.198716
v -0.127109 0.019606 0.196933
v -0.123022 0.013625 0.197428
v -0.124917 0.011644 0.187313
v -0.124093 0.017598 0.197770
v -0.128630 0.019739 0.197383
v -0.124515 0.010549 0.190684
v -0.125765 0.019452 0.198226
v -0.126247 0.020226 0.195714
v -0.125633 0.016967 0.203436
v -0.126410 0.019101 0.198572
v -0.126357 0.017547 0.203206
v -0.124161 0.020215 0.185236
v -0.123725 0.016481 0.185019
v -0.126077 0.022140 0.185072
v -0.125235 0.012624 0.184425
v -0.125939 0.021459 0.188367
v -0.123956 0.024471 0.180329
v -0.124034 0.019442 0.180086
v -0.128364 0.029028 0.178389
v -0.125720 0.015241 0.179810
v -0.126125 0.014994 0.174241
v -0.127151 0.029065 0.173716
v -0.124074 0.019447 0.174135
v -0.124350 0.025231 0.173895
v -0.126118 0.027002 0.180303
v -0.128796 0.029868 0.175721
v -0.127761 0.014350 0.165392
v -0.126025 0.020103 0.164786
v -0.125643 0.027704 0.162700
v -0.125777 0.033454 0.161551
v -0.144780 0.002835 0.198359
v -0.151919 0.003788 0.196370
v -0.156087 0.008811 0.187381
v -0.149134 0.014247 0.195469
v -0.145861 0.014557 0.198741
v -0.154429 0.013263 0.187824
v -0.145022 0.006131 0.200045
v -0.152364 0.007398 0.197491
v -0.155058 0.014752 0.185172
v -0.145611 0.011277 0.200115
v -0.152153 0.011232 0.197415
v -0.156204 0.010690 0.184768
v -0.145347 0.002147 0.192481
v -0.153301 0.003474 0.192238
v -0.147216 0.019150 0.184913
v -0.150418 0.014492 0.193020
v -0.150926 0.015396 0.191203
v -0.154924 0.006829 0.192156
v -0.154216 0.008141 0.183760
v -0.153726 0.011385 0.192119
v -0.146752 0.007933 0.183409
v -0.146789 0.017429 0.189088
v -0.146204 0.005290 0.186379
v -0.149457 0.015127 0.191597
v -0.153954 0.005635 0.186645
v -0.152718 0.013427 0.192569
v -0.151523 0.016519 0.190472
v -0.151473 0.013289 0.196586
v -0.145992 0.015286 0.196751
v -0.146234 0.015925 0.191441
v -0.146532 0.015233 0.193506
v -0.152059 0.013526 0.192733
v -0.150744 0.013595 0.196304
v -0.145847 0.015028 0.198117
v -0.146370 0.016296 0.190328
v -0.155158 0.016602 0.182730
v -0.156259 0.013052 0.182546
v -0.147004 0.021376 0.182357
v -0.152304 0.019051 0.182713
v -0.154200 0.010238 0.181475
v -0.147182 0.010102 0.181072
v -0.152569 0.018081 0.185076
v -0.155537 0.020297 0.177358
v -0.156432 0.015798 0.177617
v -0.147832 0.024905 0.177683
v -0.151151 0.025036 0.174957
v -0.154088 0.013557 0.177248
v -0.147539 0.013565 0.176855
v -0.149368 0.013455 0.171778
v -0.154218 0.013620 0.172178
v -0.154189 0.024172 0.170635
v -0.149424 0.027032 0.169445
v -0.156265 0.015752 0.172034
v -0.156528 0.019932 0.171268
v -0.152358 0.023230 0.177092
v -0.148374 0.025971 0.174935
v -0.148912 0.026563 0.172176
v -0.151845 0.025600 0.172259
v -0.155943 0.011577 0.166204
v -0.157546 0.014868 0.165383
v -0.157422 0.019144 0.163186
v -0.156912 0.024934 0.161092
v -0.150457 0.009668 0.164955
v -0.149836 0.031085 0.160407
v -0.139809 0.005602 0.196322
v -0.140072 0.013334 0.188070
v -0.143897 0.014219 0.196267
v -0.140777 0.015495 0.188402
v -0.140017 0.008849 0.197702
v -0.140913 0.016703 0.184853
v -0.141106 0.012553 0.198045
v -0.140407 0.013994 0.184928
v -0.139426 0.006891 0.192544
v -0.143374 0.014581 0.193677
v -0.143397 0.015822 0.190632
v -0.139189 0.010834 0.192791
v -0.141564 0.011504 0.184704
v -0.140714 0.013910 0.193030
v -0.143885 0.015289 0.191599
v -0.140908 0.009934 0.187639
v -0.141769 0.014959 0.193470
v -0.142286 0.016986 0.189534
v -0.141953 0.014357 0.197705
v -0.142277 0.014568 0.193606
v -0.142500 0.014275 0.197373
v -0.140908 0.018298 0.181964
v -0.140660 0.015468 0.182096
v -0.142768 0.019952 0.182062
v -0.142198 0.012701 0.182027
v -0.142541 0.018942 0.184606
v -0.140740 0.023260 0.176468
v -0.141191 0.018766 0.176555
v -0.145668 0.026227 0.174718
v -0.143836 0.015510 0.176731
v -0.144786 0.015346 0.171511
v -0.144716 0.026453 0.170961
v -0.143081 0.018767 0.171202
v -0.142530 0.023515 0.170985
v -0.143446 0.024994 0.176527
v -0.146157 0.026741 0.172523
v -0.146238 0.011755 0.165064
v -0.144575 0.016545 0.164827
v -0.143940 0.024516 0.162847
v -0.143150 0.030354 0.161745
v -0.180371 0.011220 0.150785
v -0.171502 0.026857 0.145926
v -0.164831 0.006909 0.159567
v -0.161120 0.029710 0.155971
v -0.087818 0.046874 0.148844
v -0.099153 0.045177 0.154768
v -0.095999 0.002835 0.159928
v -0.089253 0.000288 0.153566
v -0.068898 0.022939 0.151409
v -0.067846 0.009873 0.149384
v -0.074169 0.034729 0.151157
v -0.120357 0.006467 0.162576
v -0.119846 0.040771 0.156687
v -0.140916 0.036439 0.156147
v -0.113499 0.045605 0.149742
v -0.109595 0.003007 0.161273
v -0.106282 0.042646 0.151870
v -0.138605 0.006411 0.162330
v -0.137668 0.037809 0.156954
v -0.143881 0.005840 0.161522
v -0.132252 0.043288 0.150810
v -0.128560 0.007689 0.162168
v -0.126402 0.039585 0.156057
v -0.157374 0.007663 0.162647
v -0.154575 0.031753 0.155772
v -0.148443 0.036848 0.150111
v -0.148389 0.006151 0.161435
v -0.144301 0.035118 0.156206
v -0.160910 0.007192 0.161463
v -0.145225 0.001623 0.156581
v -0.155931 0.034040 0.144577
v -0.158097 0.030193 0.154999
v -0.156207 0.041267 0.124207
v -0.159620 0.014970 0.164193
v -0.163553 0.003009 0.154762
v -0.148354 0.064411 0.076822
v -0.159995 0.011752 0.165073
v -0.152065 0.052557 0.099466
v -0.159984 0.023053 0.160553
v -0.137772 0.045445 0.125739
v -0.136439 0.071404 0.076537
v -0.140497 0.017248 0.164821
v -0.140556 0.012177 0.165393
v -0.135736 0.058229 0.100175
v -0.139870 0.025439 0.162974
v -0.141302 0.039756 0.146104
v -0.159458 0.018782 0.162220
v -0.173443 0.029950 0.122777
v -0.170865 0.036287 0.097076
v -0.166631 0.050797 0.046405
v -0.165373 0.045160 0.070361
v -0.120639 0.063089 0.104509
v -0.123422 0.040207 0.155688
v -0.122497 0.033699 0.158620
v -0.123171 0.050191 0.126843
v -0.120173 0.078667 0.077650
v -0.122992 0.044623 0.148263
v -0.102628 0.055084 0.127182
v -0.099535 0.082023 0.077416
v -0.103461 0.046765 0.145823
v -0.101389 0.070073 0.103409
v -0.102814 0.044413 0.151206
v -0.103580 0.037843 0.156526
v -0.125823 0.000111 0.154040
v -0.103303 0.002214 0.159689
v -0.103637 0.015739 0.164720
v -0.106070 0.000056 0.152878
v -0.122838 0.015009 0.165931
v -0.123274 0.020101 0.165205
v -0.122663 0.027952 0.161231
v -0.102048 0.007772 0.163919
v -0.102745 0.026392 0.161383
v -0.123786 0.006370 0.161958
v -0.110907 -0.000156 0.154571
v -0.107253 0.002265 0.160003
v -0.149390 0.088341 -0.019304
v -0.165983 0.102853 0.002687
v -0.160315 0.101878 -0.008127
v -0.151647 0.061521 -0.015235
v -0.165997 0.099914 0.018231
v -0.156222 0.081092 0.035511
v -0.162537 0.053985 0.025572
v -0.160416 0.052814 0.002731
v -0.092117 0.110056 0.007446
v -0.100435 0.108132 -0.005396
v -0.095068 0.098815 0.030860
v -0.109830 0.091721 -0.019429
v -0.090850 0.106345 0.019270
v -0.094183 0.067886 0.028456
v -0.109161 0.071163 -0.018351
v -0.097879 0.065248 0.007053
v -0.164398 0.191867 0.013871
v -0.110530 0.000421 0.139953
v -0.105307 0.008836 0.164126
v -0.113178 -0.000032 0.140877
v -0.108365 0.000057 0.153638
v -0.104125 0.008170 0.163582
v -0.105593 0.002354 0.159775
v -0.138500 0.018536 0.169630
v -0.135623 0.030231 0.168724
v -0.131247 0.033610 0.167746
v -0.136178 0.014221 0.169614
v -0.138777 0.024848 0.169162
v -0.131108 0.012446 0.169206
v -0.125420 0.019855 0.169186
v -0.126808 0.031267 0.167339
v -0.126976 0.015001 0.169118
v -0.125694 0.026376 0.168237
v -0.121231 0.019575 0.170581
v -0.118894 0.031655 0.169810
v -0.114229 0.034532 0.169077
v -0.120238 0.013833 0.170663
v -0.121291 0.026464 0.169843
v -0.114774 0.009604 0.170610
v -0.105949 0.017401 0.169932
v -0.109261 0.030468 0.167981
v -0.108109 0.011460 0.170774
v -0.106385 0.024643 0.168219
v -0.156676 0.015344 0.168310
v -0.155758 0.024584 0.165617
v -0.150279 0.029711 0.164648
v -0.155078 0.012472 0.168530
v -0.156827 0.019685 0.166940
v -0.149886 0.011689 0.167976
v -0.144097 0.017829 0.167781
v -0.144105 0.028517 0.165984
v -0.145685 0.013748 0.167942
v -0.143530 0.024011 0.166724
v -0.174968 0.013836 0.166733
v -0.171100 0.022643 0.164791
v -0.166360 0.025460 0.163859
v -0.174528 0.004348 0.167705
v -0.173208 0.019344 0.165570
v -0.165903 0.007572 0.166343
v -0.161925 0.014356 0.165943
v -0.162208 0.021482 0.164290
v -0.163203 0.011316 0.166219
v -0.161934 0.017885 0.164854
v -0.139868 -0.001583 0.124719
v -0.126598 -0.001141 0.142008
v -0.149881 -0.001908 0.140608
v -0.127333 -0.000922 0.127406
v -0.149865 -0.000861 0.124895
v -0.132506 0.007492 0.162147
v -0.152069 0.007036 0.161739
v -0.154973 0.002978 0.155347
v -0.169998 0.000995 0.135331
v -0.160124 0.000666 0.122295
v -0.176327 0.005774 0.115959
v -0.168717 0.003042 0.121130
v -0.181076 0.010108 0.130828
v -0.177938 0.011416 0.112896
v -0.115523 0.005000 0.161983
v -0.173146 0.929417 0.059742
v -0.175791 0.912043 -0.034998
v -0.084937 0.898115 0.117195
v -0.144992 0.923861 0.103519
v -0.186198 0.923738 0.004081
v -0.152383 0.901917 -0.067910
v -0.613719 1.411605 0.034881
v -0.611002 1.415599 -0.026768
v -0.609610 1.476016 -0.013861
v -0.608355 1.463536 -0.025256
v -0.613936 1.394016 0.001809
v -0.611127 1.482146 0.001291
v -0.612195 1.401966 -0.015651
v -0.613536 1.397292 0.020835
v -0.611975 1.476794 0.017864
v -0.610433 1.431016 -0.031736
v -0.612852 1.448214 0.037113
v -0.613465 1.429419 0.039177
v -0.609441 1.447554 -0.031124
v -0.612453 1.464522 0.029158
v -0.429566 1.483392 0.017854
v -0.397410 1.386844 0.066156
v -0.382351 1.476707 0.025397
v -0.378567 1.463448 -0.045309
v -0.376175 1.365330 0.000871
v -0.378611 1.480411 -0.013090
v -0.375338 1.372629 -0.040065
v -0.382916 1.369490 0.036264
v -0.368681 1.418672 -0.067621
v -0.397574 1.441224 0.067860
v -0.399552 1.414383 0.071897
v -0.369346 1.393304 -0.061681
v -0.373267 1.442465 -0.060696
v -0.391830 1.461822 0.047374
v -0.116713 0.469349 0.077274
v -0.166287 0.484601 0.027545
v -0.159581 0.487654 -0.039350
v -0.094997 0.491377 -0.043295
v -0.067029 0.488455 0.017782
v -0.154216 0.478912 0.042720
v -0.076944 0.483529 0.052179
v -0.089939 0.478826 0.065725
v -0.126778 0.487908 -0.046408
v -0.105263 0.472315 0.073813
v -0.174956 0.491581 -0.007571
v -0.133646 0.468422 0.070608
v -0.066877 0.487449 -0.017844
v -0.144045 0.454050 -0.035621
v -0.137676 0.562342 -0.071965
v -0.143638 0.485465 -0.046469
v -0.127756 0.595553 -0.082892
v -0.144122 0.515963 -0.056681
v -0.059337 0.592127 -0.053592
v -0.076595 0.513905 -0.029044
v -0.082691 0.464628 -0.022473
v -0.067011 0.558749 -0.044829
v -0.077287 0.490156 -0.023665
v -0.126683 0.424533 -0.048725
v -0.082898 0.438873 -0.033468
v -0.096901 0.424589 -0.046621
v -0.145742 0.429737 -0.041815
v -0.094256 0.665119 -0.086838
v -0.116889 0.662845 -0.089237
v -0.055278 0.658907 -0.059355
v -0.070908 0.663694 -0.075260
v -0.121570 0.344941 0.046266
v -0.077613 0.348653 0.026035
v -0.167962 0.357847 0.026799
v -0.180622 0.375561 -0.062858
v -0.079690 0.354984 -0.070987
v -0.058207 0.355409 -0.003025
v -0.128651 0.362461 -0.076180
v -0.098890 0.344523 0.041344
v -0.201117 0.372258 -0.028764
v -0.145251 0.349954 0.041620
v -0.052675 0.363662 -0.043528
v -0.119113 0.247140 0.042748
v -0.085308 0.249314 0.022373
v -0.156724 0.248264 0.025194
v -0.075928 0.251345 -0.003266
v -0.139409 0.249571 -0.072179
v -0.100876 0.247776 0.037545
v -0.179009 0.250799 -0.018924
v -0.138613 0.247483 0.038218
v -0.173960 0.250043 -0.052096
v -0.101706 0.251446 -0.062280
v -0.080148 0.252307 -0.034873
v -0.188761 0.365628 0.002962
v -0.185019 0.416299 0.003128
v -0.170372 0.249158 0.006075
v -0.179786 0.307063 0.002609
v -0.181213 0.458311 0.006262
v -0.035387 1.141573 0.175963
v -0.058208 1.092831 0.155835
v -0.046119 1.037400 0.163682
v -0.003937 1.089160 0.149895
v -0.001620 1.100802 0.151849
v -0.001208 1.079764 0.151787
v -0.002839 1.097504 0.157889
v -0.015240 1.110589 0.164892
v -0.003865 1.087859 0.156664
v -0.019848 1.088213 0.160896
v -0.002622 1.079902 0.159400
v -0.017997 1.069559 0.163350
v -0.088867 1.510752 -0.083057
v -0.017025 1.485523 -0.082212
v -0.128311 1.509518 -0.082512
v -0.102456 1.546179 -0.040462
v -0.138668 0.810649 -0.087318
v -0.045058 0.785047 -0.079437
v -0.128830 0.816847 0.120077
v -0.027169 0.783702 0.068441
v -0.201446 0.813980 0.016836
v -0.011974 0.778293 0.011254
v -0.090045 0.796664 -0.096148
v -0.065434 0.801588 0.119899
v -0.183199 0.809492 -0.043285
v -0.177319 0.820163 0.080258
v -0.022521 0.783214 -0.040249
v -0.535720 1.421439 -0.045098
v -0.527746 1.457275 -0.036160
v -0.542909 1.399497 0.049495
v -0.541529 1.375519 0.001857
v -0.534252 1.492504 -0.002946
v -0.531291 1.390167 -0.024916
v -0.543488 1.378095 0.029994
v -0.533215 1.487366 0.025238
v -0.536475 1.447927 0.046595
v -0.540425 1.421888 0.050513
v -0.533483 1.404981 -0.039009
v -0.534483 1.439469 -0.043774
v -0.534214 1.469917 0.037046
v -0.533099 1.477151 -0.022277
vn 0.1804 0.2222 -0.9582
vn 0.1269 0.5296 -0.8387
vn 0.0896 0.5592 -0.8242
vn 0.0940 0.2347 -0.9675
vn 0.2335 -0.0457 -0.9713
vn 0.1504 0.3280 -0.9326
vn 0.1829 0.2307 -0.9557
vn 0.2434 -0.1139 -0.9632
vn 0.9628 0.2363 -0.1312
vn 0.9838 0.0467 0.1732
vn 0.9220 0.2353 0.3075
vn 0.9414 0.3118 -0.1286
vn 0.9710 -0.0003 -0.2389
vn 0.9771 -0.0046 0.2125
vn 0.9779 0.0751 0.1951
vn 0.9902 0.0797 -0.1149
vn -0.2315 0.2784 -0.9322
vn 0.1086 0.2418 -0.9642
vn 0.0115 0.6249 -0.7806
vn -0.2875 0.5717 -0.7685
vn 0.6972 -0.0236 0.7165
vn 0.4048 0.0090 0.9144
vn 0.4052 0.0150 0.9141
vn 0.6763 -0.0058 0.7366
vn -0.5993 -0.5018 -0.6238
vn -0.8685 -0.4752 -0.1410
vn -0.7446 -0.4156 -0.5223
vn -0.3227 -0.5971 -0.7344
vn 0.5776 -0.0803 0.8124
vn 0.3929 -0.0927 0.9149
vn 0.3225 -0.1031 0.9409
vn 0.4696 -0.0883 0.8784
vn 0.9402 -0.1833 0.2872
vn 0.7106 -0.0689 0.7002
vn 0.3805 0.3419 0.8592
vn 0.5427 0.2582 0.7992
vn 0.1135 0.1043 -0.9880
vn 0.2558 -0.1818 -0.9495
vn 0.1382 -0.1235 -0.9827
vn 0.1965 0.2975 0.9343
vn 0.0914 0.5307 0.8427
vn -0.0568 0.6890 0.7226
vn 0.0247 0.4618 0.8867
vn -0.2578 0.6053 -0.7531
vn 0.1236 0.5781 -0.8065
vn 0.1739 0.3480 -0.9212
vn -0.2180 0.3939 -0.8929
vn 0.7464 -0.0214 0.6651
vn 0.7445 -0.0765 0.6632
vn 0.3964 -0.1156 0.9108
vn 0.4085 -0.2251 0.8845
vn 0.2177 0.3400 -0.9149
vn 0.3799 0.3985 -0.8348
vn 0.4562 0.5711 -0.6824
vn 0.1797 0.6700 -0.7203
vn -0.0000 -0.9734 -0.2289
vn -0.4248 -0.8966 -0.1252
vn 0.2567 -0.9483 0.1867
vn -0.0000 -0.9886 0.1502
vn -0.7461 -0.6651 -0.0300
vn -0.5487 -0.6314 0.5480
vn -0.0000 0.1643 -0.9864
vn -0.0000 0.3136 -0.9495
vn -0.3185 0.3520 -0.8801
vn -0.3786 0.2012 -0.9034
vn 0.2965 -0.4507 0.8420
vn 0.2809 -0.8554 0.4352
vn 0.2167 -0.8143 0.5385
vn 0.2170 -0.3898 0.8950
vn 0.1342 -0.3281 -0.9351
vn 0.7489 -0.3168 -0.5821
vn 0.8058 -0.2667 -0.5287
vn 0.3089 -0.3105 -0.8990
vn -0.0379 0.0143 0.9992
vn -0.5155 -0.0303 0.8563
vn -0.6147 0.0050 0.7887
vn -0.0842 0.0364 0.9958
vn -0.9681 -0.2226 0.1148
vn -0.8744 -0.2985 -0.3826
vn -0.8500 -0.2395 -0.4692
vn -0.9835 -0.1743 -0.0494
vn -0.1591 -0.1832 -0.9701
vn -0.1700 -0.3159 -0.9334
vn 0.0075 -0.3972 -0.9177
vn 0.0803 -0.2281 -0.9703
vn 0.7779 -0.2046 0.5941
vn 0.7864 -0.3281 0.5234
vn 0.5808 -0.3404 0.7395
vn 0.5990 -0.2418 0.7634
vn 0.1431 -0.2492 0.9578
vn 0.1446 -0.2535 0.9565
vn -0.0000 -0.1459 0.9893
vn -0.0000 -0.1962 0.9806
vn 0.2103 -0.2308 -0.9500
vn 0.2092 -0.4522 -0.8670
vn 0.4378 -0.4335 -0.7876
vn 0.3312 -0.1447 -0.9324
vn -0.0000 -0.0605 -0.9982
vn -0.0000 0.0263 -0.9997
vn -0.3951 0.0272 -0.9182
vn -0.3348 -0.0693 -0.9397
vn 0.8968 -0.2542 0.3622
vn 0.5808 0.0883 0.8092
vn 0.2016 0.2551 0.9457
vn 0.1820 0.4594 0.8694
vn -0.3278 0.5084 0.7963
vn -0.4289 0.3007 0.8519
vn 0.2933 -0.1411 -0.9456
vn 0.3321 -0.2826 -0.8999
vn 0.4068 -0.2207 -0.8865
vn 0.9295 -0.3619 0.0717
vn 0.7751 -0.6271 0.0776
vn 0.8650 -0.4896 -0.1096
vn 0.8884 -0.4527 -0.0758
vn 0.6867 -0.3286 -0.6485
vn 0.5529 -0.5304 -0.6427
vn 0.8243 -0.5658 0.0201
vn 0.9379 -0.3430 -0.0515
vn 0.3719 0.9211 0.1154
vn 0.3830 0.9026 0.1967
vn 0.5242 0.7149 0.4628
vn 0.4828 0.8547 0.1906
vn 0.2540 -0.9578 -0.1348
vn 0.2525 -0.7589 -0.6003
vn 0.0688 -0.7009 -0.7100
vn 0.1251 -0.9903 -0.0602
vn 0.9297 -0.3663 -0.0381
vn 0.9465 -0.3169 0.0618
vn 0.9496 -0.2849 -0.1304
vn 0.9091 -0.4109 -0.0687
vn 0.9768 -0.2108 0.0367
vn 0.8858 -0.0889 0.4554
vn 0.9076 -0.0472 0.4171
vn 0.9851 -0.1586 -0.0669
vn 0.8985 0.1544 -0.4110
vn 0.7966 0.2619 -0.5447
vn 0.7362 0.2835 -0.6146
vn 0.8112 0.2159 -0.5435
vn 0.8126 0.3211 -0.4864
vn 0.9958 0.0092 -0.0914
vn 0.3603 0.9328 -0.0107
vn 0.4248 0.8483 -0.3161
vn 0.1588 -0.0850 -0.9837
vn 0.7083 -0.1813 -0.6822
vn 0.9407 -0.1987 -0.2750
vn 0.7261 0.1271 -0.6757
vn 0.0556 0.9438 -0.3257
vn 0.2064 0.8805 -0.4269
vn 0.3077 0.9499 0.0555
vn 0.0904 0.9935 0.0688
vn -0.0518 -0.7662 -0.6405
vn 0.1548 -0.7645 -0.6258
vn 0.1295 -0.3541 -0.9262
vn -0.0033 -0.3152 -0.9490
vn -0.0929 0.4169 -0.9042
vn -0.1865 0.2140 -0.9589
vn 0.0028 -0.3033 -0.9529
vn -0.2320 -0.2577 -0.9380
vn -0.1534 -0.2400 -0.9586
vn 0.0783 -0.2416 -0.9672
vn -0.1101 -0.0400 -0.9931
vn -0.0689 -0.0799 -0.9944
vn 0.7406 -0.2685 -0.6160
vn 0.7540 -0.3842 -0.5328
vn 0.2140 -0.3622 -0.9072
vn 0.2565 -0.2125 -0.9429
vn -0.0000 -0.1402 -0.9901
vn -0.0000 0.2701 -0.9628
vn 0.7667 -0.0277 0.6414
vn 0.9643 -0.1812 0.1932
vn -0.0000 -0.2876 -0.9578
vn -0.0000 -0.2339 -0.9723
vn -0.0000 -0.1167 -0.9932
vn -0.3200 -0.1320 -0.9382
vn -0.1205 -0.1091 -0.9867
vn 0.9240 -0.3662 0.1104
vn 0.3085 -0.1424 -0.9405
vn 0.4381 -0.1538 -0.8857
vn 0.2278 0.1377 0.9639
vn -0.4363 0.2294 0.8701
vn 0.8200 -0.4271 0.3811
vn 0.6074 -0.0483 0.7929
vn -0.2094 -0.9356 0.2844
vn -0.3223 -0.9266 0.1938
vn -0.2435 -0.9669 0.0759
vn -0.1348 -0.9908 0.0104
vn 0.1872 -0.9822 -0.0162
vn 0.1003 -0.9778 0.1841
vn 0.1699 -0.3757 0.9110
vn 0.6193 -0.4294 0.6573
vn 0.4872 -0.5300 0.6941
vn 0.0838 -0.3702 0.9252
vn -0.0000 -0.0456 0.9990
vn -0.4212 -0.0956 0.9019
vn 0.8309 -0.3768 0.4095
vn 0.8430 -0.1862 0.5047
vn 0.9792 -0.1843 0.0850
vn 0.1031 -0.6544 -0.7491
vn 0.1972 -0.1500 -0.9688
vn 0.0084 0.9730 -0.2308
vn -0.0483 0.9921 0.1161
vn 0.1417 0.9849 0.0991
vn 0.1989 0.9737 -0.1108
vn 0.2036 -0.9764 0.0716
vn -0.0744 0.9531 0.2935
vn -0.0224 0.8173 0.5758
vn 0.3057 0.7554 0.5797
vn 0.1661 0.9587 0.2308
vn 0.4922 -0.6963 0.5225
vn 0.2450 0.3412 -0.9075
vn 0.1354 -0.0382 -0.9901
vn -0.2514 0.8772 0.4090
vn -0.2054 0.9022 0.3793
vn -0.2258 0.9050 0.3607
vn -0.1885 0.8498 0.4922
vn -0.1385 0.9489 0.2837
vn -0.0385 0.9133 0.4055
vn 0.3316 0.5341 -0.7777
vn 0.3405 0.3602 -0.8685
vn 0.0950 0.8173 -0.5683
vn 0.0913 0.8525 -0.5147
vn 0.0853 0.9953 -0.0449
vn 0.0989 0.8474 0.5216
vn 0.0956 0.8150 0.5715
vn 0.0917 0.9956 0.0177
vn 0.0008 -0.1449 0.9894
vn 0.4195 -0.2810 0.8632
vn 0.5354 -0.4621 0.7070
vn -0.2263 -0.5094 0.8303
vn 0.2027 0.2927 0.9345
vn 0.2625 -0.0241 0.9646
vn 0.2004 -0.0379 0.9790
vn 0.1670 0.2161 0.9620
vn -0.0000 0.4855 -0.8742
vn -0.3977 0.4211 -0.8151
vn 0.0839 0.5281 -0.8450
vn -0.1486 0.4465 -0.8824
vn 0.1105 0.6595 -0.7435
vn 0.2604 0.7307 -0.6311
vn 0.3766 0.6785 -0.6307
vn 0.2765 0.7811 -0.5599
vn 0.0893 0.6535 -0.7517
vn 0.1480 -0.1199 -0.9817
vn 0.1224 0.3891 0.9130
vn 0.0584 0.5483 0.8342
vn 0.1224 0.6376 0.7606
vn 0.1835 -0.0119 0.9829
vn 0.6501 -0.1495 0.7450
vn 0.7941 -0.4083 -0.4503
vn -0.0000 0.1000 0.9950
vn 0.7252 0.0424 0.6873
vn 0.5811 0.4678 -0.6659
vn 0.7346 0.3864 -0.5578
vn 0.7951 0.3465 -0.4978
vn 0.6415 0.3886 -0.6614
vn 0.7047 -0.5413 0.4588
vn -0.1379 -0.9785 -0.1534
vn -0.0000 -0.2382 0.9712
vn 0.4540 -0.3170 0.8327
vn 0.3394 -0.2327 0.9114
vn -0.0000 -0.2955 0.9554
vn 0.0786 0.4091 -0.9091
vn 0.0489 0.7259 -0.6860
vn -0.0000 0.2657 -0.9640
vn -0.0000 0.5301 -0.8480
vn -0.1813 0.1559 -0.9710
vn -0.0000 0.6719 -0.7406
vn 0.2914 0.1120 -0.9500
vn 0.6262 0.2183 -0.7484
vn 0.5909 0.0570 -0.8047
vn 0.2363 -0.0479 -0.9705
vn -0.2718 0.6824 -0.6786
vn 0.0427 0.6848 -0.7275
vn 0.9978 -0.0206 -0.0623
vn 0.8877 -0.0613 0.4564
vn 0.7830 -0.0347 0.6211
vn 0.9344 0.1260 0.3332
vn -0.9629 -0.2358 0.1314
vn -0.8184 -0.2083 -0.5356
vn -0.8947 0.0249 -0.4460
vn -0.9821 -0.0918 0.1647
vn 0.0293 -0.3187 0.9474
vn -0.4002 -0.2772 0.8735
vn -0.4195 -0.5475 0.7240
vn -0.0201 -0.6015 0.7987
vn -0.0349 -0.2450 -0.9689
vn 0.2159 -0.2650 -0.9398
vn 0.1953 0.0373 -0.9800
vn 0.0952 0.0122 -0.9954
vn 0.8152 -0.1775 0.5514
vn 0.5743 -0.2646 0.7747
vn 0.5266 -0.4437 0.7252
vn 0.8080 -0.1980 0.5549
vn 0.9996 -0.0252 0.0095
vn 0.8035 -0.0478 0.5934
vn 0.7889 -0.1197 0.6028
vn 0.9972 -0.0606 0.0443
vn -0.2289 -0.1180 -0.9663
vn 0.3871 -0.0307 -0.9215
vn 0.0382 -0.0255 -0.9989
vn -0.2386 -0.0527 -0.9697
vn 0.2707 -0.0506 0.9613
vn -0.4761 -0.0620 0.8772
vn -0.3528 -0.1723 0.9197
vn 0.3294 -0.1586 0.9308
vn -0.9834 -0.1418 -0.1133
vn -0.8603 -0.1443 -0.4890
vn -0.8842 -0.1836 -0.4295
vn -0.9793 -0.1670 -0.1148
vn 0.8351 -0.0046 -0.5500
vn 0.8706 -0.0476 -0.4897
vn 0.8532 -0.0150 -0.5214
vn 0.9994 -0.0205 0.0283
vn -0.9946 -0.0909 -0.0494
vn -0.8813 -0.1324 -0.4537
vn 0.2900 -0.0112 0.9570
vn -0.4606 0.0013 0.8876
vn -0.2010 -0.0961 -0.9749
vn 0.3809 -0.0232 -0.9243
vn 0.8015 -0.0110 0.5979
vn -0.9125 -0.0296 0.4079
vn -0.9328 -0.1015 0.3459
vn -0.9047 -0.1711 0.3901
vn -0.6379 -0.2133 0.7400
vn -0.6417 -0.3475 0.6837
vn -0.8389 -0.1173 0.5315
vn -0.9199 -0.0759 0.3847
vn -0.0000 -0.9546 -0.2980
vn -0.7706 -0.6153 -0.1660
vn -0.0000 -0.9461 -0.3239
vn 0.2182 0.8270 0.5180
vn 0.4663 0.8714 0.1528
vn 0.4721 0.7228 0.5047
vn -0.0881 0.9228 0.3752
vn 0.2501 0.7141 0.6539
vn 0.0970 0.7289 0.6778
vn -0.0705 0.8812 0.4674
vn -0.0000 0.5864 0.8100
vn -0.0927 0.6392 0.7634
vn -0.0077 0.6160 0.7877
vn -0.0000 0.5893 0.8079
vn 0.4560 0.8831 0.1107
vn 0.4113 0.6011 0.6852
vn 0.4082 0.4220 0.8095
vn -0.0000 0.2721 0.9623
vn -0.0000 0.3538 0.9353
vn -0.0000 0.5337 0.8456
vn 0.9375 -0.2152 -0.2735
vn 0.7570 -0.3192 -0.5702
vn -0.0000 0.2911 -0.9567
vn -0.0246 0.3889 -0.9210
vn -0.2915 0.3694 -0.8824
vn -0.0000 0.4091 -0.9125
vn 0.1343 0.4091 0.9026
vn 0.1072 -0.0379 0.9935
vn 0.4330 0.0900 0.8969
vn 0.2762 0.4311 0.8590
vn 0.0873 -0.5643 0.8210
vn 0.0245 -0.9518 0.3057
vn 0.1273 -0.9311 0.3418
vn 0.3441 -0.4167 0.8414
vn 0.2103 0.8697 0.4465
vn 0.0863 0.6798 0.7283
vn 0.1294 0.7405 0.6595
vn 0.1273 0.9293 0.3466
vn 0.2480 -0.5282 -0.8121
vn -0.0322 -0.5699 -0.8211
vn -0.0741 -0.2571 -0.9636
vn 0.2686 -0.2129 -0.9394
vn 0.0276 -0.8696 0.4930
vn 0.0189 -0.9011 0.4332
vn 0.0268 -0.9844 -0.1740
vn 0.0606 -0.9714 -0.2297
vn 0.1108 -0.9823 -0.1512
vn 0.1161 -0.7919 -0.5995
vn 0.0364 -0.8406 -0.5404
vn -0.3628 0.2075 -0.9085
vn -0.3418 0.4482 -0.8260
vn -0.1521 0.4998 -0.8527
vn -0.1270 0.1579 -0.9793
vn 0.3190 0.3440 -0.8831
vn 0.3037 0.6860 -0.6612
vn 0.0014 0.6023 -0.7982
vn 0.0347 0.3629 -0.9312
vn 0.0340 -0.9976 -0.0601
vn 0.1441 -0.8694 -0.4727
vn 0.2088 0.9545 -0.2129
vn -0.0047 0.9265 -0.3763
vn -0.2415 -0.5309 -0.8123
vn -0.3251 -0.1962 -0.9251
vn 0.1855 -0.8857 0.4256
vn 0.1627 -0.9634 -0.2128
vn 0.0788 -0.5416 -0.8369
vn 0.1411 -0.5546 -0.8201
vn 0.1447 -0.1911 -0.9708
vn 0.0847 -0.1463 -0.9856
vn -0.1592 0.9096 -0.3838
vn -0.1675 0.8354 0.5235
vn -0.0294 0.8276 0.5605
vn -0.0431 0.9531 -0.2996
vn -0.1317 0.6261 -0.7686
vn -0.1137 0.6050 -0.7881
vn -0.0327 0.6309 -0.7752
vn 0.0182 0.5204 -0.8538
vn 0.0904 -0.7792 -0.6203
vn 0.0970 0.2050 0.9739
vn -0.0961 0.3960 0.9132
vn -0.0563 0.8706 0.4888
vn 0.0736 0.5383 0.8395
vn 0.0986 0.5188 -0.8492
vn 0.2205 0.1950 -0.9557
vn -0.1327 -0.6558 -0.7432
vn 0.0140 -0.7154 -0.6986
vn 0.0982 -0.0526 -0.9938
vn 0.1295 -0.4805 -0.8674
vn 0.1914 -0.6872 -0.7008
vn 0.1112 0.2426 -0.9637
vn -0.2076 -0.2193 0.9533
vn -0.0585 0.2747 0.9598
vn 0.3374 0.9361 -0.0993
vn 0.3312 0.6961 -0.6370
vn -0.0306 -0.9480 -0.3168
vn -0.3317 -0.7201 0.6095
vn -0.2414 -0.6276 0.7401
vn 0.1236 0.1555 -0.9801
vn 0.2488 0.3145 -0.9161
vn 0.2219 -0.5219 -0.8236
vn 0.2875 -0.0541 -0.9563
vn 0.1305 -0.5654 0.8144
vn -0.2100 0.8585 -0.4679
vn -0.2639 0.9250 0.2735
vn 0.2610 -0.4474 -0.8554
vn 0.1922 -0.5166 -0.8344
vn 0.1752 -0.1194 -0.9773
vn 0.2357 -0.1069 -0.9659
vn 0.2698 -0.8676 0.4176
vn 0.2386 -0.9584 -0.1565
vn -0.0068 0.2838 0.9589
vn -0.0138 0.0522 0.9985
vn 0.1505 0.0125 0.9885
vn 0.1105 0.3254 0.9391
vn 0.1345 0.9639 -0.2300
vn 0.1415 0.8356 0.5308
vn 0.1466 0.8529 0.5011
vn 0.1344 0.9816 -0.1355
vn 0.0262 0.4950 -0.8685
vn 0.0635 0.6937 -0.7174
vn 0.0944 0.7667 -0.6351
vn 0.0809 0.5275 -0.8457
vn 0.0866 -0.7822 -0.6169
vn 0.1951 -0.7989 -0.5689
vn 0.0839 -0.3887 0.9175
vn 0.2252 -0.4418 0.8684
vn 0.0569 0.2515 -0.9662
vn 0.1235 0.2522 -0.9598
vn -0.4392 -0.4336 0.7868
vn 0.0412 -0.4605 0.8867
vn 0.5745 -0.2041 0.7927
vn 0.1128 0.0414 0.9928
vn 0.6065 -0.0943 0.7895
vn 0.6992 -0.2518 0.6692
vn 0.3092 -0.1144 0.9441
vn -0.8336 -0.2276 0.5032
vn -0.8411 -0.2332 0.4881
vn -0.7293 -0.3518 0.5868
vn -0.9290 -0.3654 0.0582
vn -0.6164 -0.1429 0.7744
vn -0.3496 -0.0226 0.9366
vn -0.2480 -0.2424 0.9379
vn 0.9836 -0.0750 0.1641
vn 0.7761 0.3155 -0.5460
vn 0.8356 0.2826 -0.4711
vn -0.0000 -0.3919 -0.9200
vn -0.0000 0.0183 -0.9998
vn -0.1952 -0.1096 -0.9746
vn -0.3880 -0.3228 -0.8633
vn 0.4874 -0.5610 0.6691
vn -0.0000 -0.7248 0.6890
vn 0.8610 0.0994 -0.4988
vn 0.8735 0.1782 -0.4529
vn 0.9755 0.2165 -0.0405
vn 0.9919 0.1227 0.0341
vn 0.4063 0.0996 0.9083
vn 0.5368 0.1164 0.8356
vn -0.2438 0.1705 0.9547
vn -0.4269 0.0773 0.9010
vn 0.1736 0.0734 -0.9821
vn -0.6324 -0.1514 -0.7597
vn -0.5834 -0.1589 -0.7965
vn -0.4826 -0.3295 -0.8115
vn -0.1600 -0.3196 -0.9339
vn -0.1023 -0.3199 -0.9419
vn -0.4890 -0.3095 -0.8155
vn -0.5163 -0.2299 -0.8250
vn -0.2305 -0.2199 -0.9479
vn 0.1232 -0.1123 -0.9860
vn 0.2435 -0.2942 -0.9242
vn -0.0175 -0.3052 -0.9521
vn -0.5635 -0.0941 -0.8208
vn 0.5001 0.5079 -0.7014
vn 0.2434 0.6101 -0.7540
vn 0.0875 0.7059 -0.7029
vn 0.4461 0.6081 0.6566
vn 0.1300 0.7501 0.6484
vn 0.0088 0.8135 0.5815
vn 0.4234 0.5268 0.7370
vn 0.3317 -0.5621 -0.7577
vn 0.7183 -0.0700 -0.6922
vn 0.2158 -0.3585 -0.9082
vn 0.7608 -0.2423 -0.6021
vn 0.4359 -0.2697 -0.8586
vn 0.4690 -0.4323 -0.7702
vn -0.4834 -0.3139 -0.8172
vn -0.4148 -0.2858 -0.8638
vn 0.0711 0.4941 0.8665
vn 0.1208 0.5753 0.8090
vn 0.2528 0.3639 0.8965
vn 0.1415 0.5645 0.8132
vn 0.1236 0.4899 0.8629
vn 0.3855 0.1540 0.9098
vn 0.6890 0.3280 0.6463
vn 0.6069 0.2002 0.7691
vn -0.0000 0.6933 0.7207
vn -0.0854 0.7634 0.6403
vn -0.0000 0.8221 0.5694
vn -0.0000 -0.6812 -0.7321
vn 0.4998 -0.2246 -0.8365
vn 0.8751 0.1238 -0.4678
vn 0.0692 -0.4059 0.9113
vn 0.2006 -0.2362 0.9508
vn -0.8541 -0.4888 -0.1775
vn 0.9100 0.1559 0.3842
vn 0.8434 0.2544 -0.4732
vn 0.8476 0.1803 -0.4991
vn 0.2945 -0.1607 0.9421
vn 0.8574 0.0930 -0.5062
vn 0.1264 -0.1807 -0.9754
vn 0.1977 -0.2672 -0.9431
vn -0.9521 -0.2995 -0.0620
vn -0.7454 -0.3790 0.5484
vn 0.6721 0.0114 0.7404
vn -0.8514 -0.2763 -0.4458
vn 0.9627 -0.2328 0.1378
vn 0.9208 -0.1772 -0.3474
vn 0.6869 -0.2484 -0.6830
vn 0.9567 -0.2295 -0.1790
vn 0.6500 -0.1841 -0.7373
vn 0.7759 -0.1659 0.6086
vn 0.6292 0.0329 0.7765
vn 0.8001 0.0914 0.5929
vn 0.9136 -0.0761 0.3994
vn -0.1398 -0.3706 0.9182
vn 0.3573 -0.3251 0.8756
vn 0.7528 -0.2848 0.5935
vn 0.2051 -0.3016 -0.9311
vn -0.3861 -0.0966 0.9174
vn -0.7651 -0.0751 0.6395
vn -0.8984 0.1044 0.4265
vn -0.4842 0.0685 0.8723
vn 0.9018 -0.2255 0.3687
vn -0.8076 -0.2958 -0.5102
vn -0.4754 -0.2410 -0.8461
vn -0.4138 0.0115 -0.9103
vn -0.0000 -0.1411 0.9900
vn 0.0046 0.6205 0.7842
vn 0.4225 0.0758 0.9032
vn 0.8027 -0.3247 -0.5003
vn 0.5967 0.2323 -0.7681
vn 0.8146 0.1246 -0.5666
vn 0.7746 -0.0916 -0.6258
vn 0.8837 -0.0142 0.4678
vn 0.6464 -0.5423 0.5367
vn 0.4752 -0.5324 0.7005
vn 0.5985 0.1811 0.7804
vn -0.5271 -0.7887 -0.3165
vn -0.2391 -0.8501 -0.4693
vn -0.3791 -0.6645 -0.6440
vn -0.7085 -0.5834 -0.3970
vn 0.7053 -0.5176 -0.4844
vn 0.5872 -0.3271 -0.7404
vn -0.5355 -0.8445 0.0045
vn -0.9273 -0.1543 -0.3409
vn 0.4720 -0.6158 -0.6308
vn 0.3362 -0.5325 -0.7768
vn -0.2240 0.7607 -0.6092
vn -0.4915 0.7148 -0.4975
vn -0.6176 0.4366 -0.6542
vn -0.2856 0.5127 -0.8096
vn 0.8166 0.4039 0.4124
vn 0.6354 0.4077 0.6557
vn 0.0839 -0.8235 -0.5611
vn 0.0208 -0.6234 -0.7816
vn -0.7217 0.6401 -0.2636
vn -0.8278 0.2971 -0.4759
vn 0.6053 0.6301 0.4864
vn 0.4653 0.2033 0.8615
vn 0.1200 -0.1183 0.9857
vn -0.0047 -0.1662 0.9861
vn 0.3743 -0.7504 0.5448
vn -0.1935 -0.0497 0.9798
vn 0.1022 0.1743 0.9794
vn 0.0571 -0.8007 0.5963
vn 0.1119 -0.8211 0.5596
vn 0.2516 0.6554 0.7121
vn 0.4348 0.7835 0.4440
vn 0.2104 0.2963 0.9316
vn 0.1112 0.3881 0.9149
vn 0.0281 0.6919 0.7215
vn 0.0243 0.6237 0.7813
vn 0.1058 0.5400 0.8350
vn 0.2062 0.8080 0.5520
vn 0.3853 0.0844 0.9189
vn 0.0082 -0.7616 0.6480
vn 0.3251 -0.0180 0.9455
vn 0.3024 -0.6656 0.6823
vn 0.3801 0.0190 0.9247
vn 0.1081 -0.5501 0.8281
vn 0.2430 -0.6301 0.7375
vn 0.2776 0.2387 0.9306
vn 0.2162 0.4563 0.8632
vn -0.0709 -0.8058 -0.5879
vn -0.4874 -0.7040 -0.5165
vn -0.7968 -0.4639 -0.3870
vn -0.7053 0.5354 -0.4647
vn -0.2945 0.7742 -0.5602
vn -0.9449 -0.1029 -0.3108
vn 0.8486 -0.4249 -0.3152
vn 0.6152 -0.6546 -0.4393
vn 0.7410 0.3005 -0.6005
vn 0.5258 0.4784 -0.7034
vn 0.5823 0.7132 -0.3903
vn 0.8446 0.4432 -0.3004
vn 0.9718 -0.0744 -0.2236
vn 0.1985 0.5686 -0.7983
vn 0.2125 0.8285 -0.5181
vn 0.5666 0.5750 -0.5902
vn 0.3653 0.8000 -0.4759
vn -0.7953 -0.5973 0.1037
vn 0.1831 0.7872 -0.5888
vn -0.9305 -0.3585 0.0748
vn -0.6588 -0.7428 0.1192
vn -0.6829 -0.4585 0.5687
vn -0.9042 -0.2155 0.3687
vn -0.4222 0.8649 0.2716
vn -0.7634 0.6305 0.1401
vn -0.7154 0.4790 0.5088
vn -0.3520 0.5763 0.7375
vn -0.9959 0.0561 0.0716
vn -0.9149 0.0956 0.3922
vn 0.5484 -0.8075 0.2173
vn 0.8287 -0.4932 0.2646
vn 0.7374 -0.4006 0.5439
vn 0.5387 -0.6148 0.5760
vn 0.8123 0.4910 0.3148
vn 0.4366 0.8553 0.2791
vn 0.3981 0.6388 0.6584
vn 0.6283 0.4982 0.5976
vn 0.9559 -0.0177 0.2932
vn 0.7511 0.0518 0.6582
vn 0.0362 0.9405 0.3377
vn 0.1009 0.5906 0.8006
vn -0.9281 0.3659 0.0695
vn -0.8872 0.3442 0.3072
vn -0.9049 0.2544 -0.3412
vn 0.3182 -0.7729 -0.5490
vn -0.2448 -0.0399 0.9688
vn -0.6713 0.0632 0.7385
vn 0.2357 -0.0366 0.9711
vn 0.2159 -0.6642 0.7157
vn 0.5358 -0.0530 0.8427
vn -0.2513 -0.6437 0.7228
vn -0.2450 -0.9505 0.1911
vn 0.1804 -0.9601 0.2136
vn 0.5830 -0.7997 -0.1435
vn 0.2342 -0.9414 -0.2426
vn 0.8702 0.4923 -0.0183
vn 0.9996 0.0139 -0.0227
vn -0.9824 -0.0224 -0.1856
vn -0.9305 0.3216 -0.1753
vn -0.1654 -0.9350 -0.3136
vn -0.5792 -0.7521 -0.3143
vn -0.7636 0.6207 -0.1779
vn -0.3812 0.9110 -0.1575
vn 0.1520 0.9818 -0.1135
vn 0.8563 -0.5147 -0.0441
vn 0.5982 0.8013 0.0041
vn -0.8803 -0.4088 -0.2406
vn 0.7626 0.3417 0.5493
vn 0.4142 0.5390 0.7334
vn 0.6333 -0.2941 0.7159
vn 0.3957 -0.5436 0.7402
vn 0.2553 0.2245 0.9404
vn 0.4647 0.2666 0.8444
vn 0.1895 0.4694 0.8624
vn 0.2411 -0.5269 0.8150
vn 0.1582 -0.5456 0.8230
vn 0.4585 -0.5106 0.7274
vn 0.2277 -0.4073 0.8844
vn 0.6458 0.1239 0.7534
vn 0.3835 -0.6055 0.6973
vn 0.5747 0.3131 0.7561
vn 0.6937 0.3282 0.6412
vn -0.5156 0.0444 0.8557
vn -0.3862 0.2380 0.8912
vn -0.4884 0.4812 0.7279
vn -0.6392 0.3527 0.6834
vn 0.0631 0.0445 0.9970
vn -0.1087 0.1154 0.9874
vn -0.0935 -0.1799 0.9792
vn 0.1398 -0.1651 0.9763
vn 0.3109 0.3049 0.9002
vn 0.6031 0.1969 0.7730
vn 0.6358 0.4907 0.5958
vn 0.3465 0.6418 0.6842
vn 0.3045 0.1973 0.9318
vn 0.2549 0.1046 0.9613
vn 0.3561 -0.0701 0.9318
vn 0.5410 -0.0005 0.8410
vn 0.4899 -0.6318 0.6007
vn 0.2240 -0.5835 0.7806
vn 0.5476 -0.5516 0.6292
vn 0.7032 -0.4875 0.5175
vn -0.0268 0.3188 0.9474
vn -0.0265 0.6329 0.7738
vn 0.4895 -0.0396 0.8711
vn -0.2624 -0.4939 0.8290
vn -0.5981 0.0916 0.7962
vn -0.3706 0.0368 0.9281
vn -0.2126 0.4010 0.8911
vn -0.2449 -0.0164 0.9694
vn -0.1086 0.7082 0.6976
vn -0.2155 0.2400 0.9466
vn -0.0000 -0.3308 0.9437
vn -0.0000 -0.2050 0.9788
vn -0.0000 0.3716 0.9284
vn -0.0000 0.4991 0.8666
vn -0.0000 0.4687 0.8833
vn 0.7670 0.0465 0.6399
vn 0.4954 0.2029 0.8446
vn 0.4094 0.0488 0.9111
vn 0.1335 0.1438 0.9806
vn 0.8308 0.1983 0.5201
vn 0.8612 -0.0394 0.5068
vn 0.7128 0.3067 0.6308
vn 0.7688 0.2597 0.5844
vn 0.8191 0.1586 0.5512
vn 0.3130 0.1032 0.9441
vn 0.7210 -0.1636 0.6734
vn 0.2603 0.1821 0.9482
vn 0.3556 0.3212 0.8777
vn -0.0000 0.4771 0.8789
vn 0.4439 -0.2900 0.8478
vn -0.0000 0.1890 0.9820
vn 0.1706 0.0082 0.9853
vn 0.6872 0.5210 0.5063
vn -0.0000 0.7342 0.6790
vn -0.0000 0.5722 0.8201
vn 0.6021 0.5555 0.5735
vn 0.7092 0.3468 0.6138
vn -0.0000 0.5406 0.8413
vn -0.0000 0.6133 0.7898
vn 0.7203 0.4061 0.5623
vn 0.7771 0.2860 0.5607
vn 0.7967 0.3563 0.4881
vn 0.4850 0.4331 0.7598
vn 0.3886 0.3080 0.8684
vn 0.5395 0.1471 0.8290
vn 0.2831 -0.1782 0.9424
vn 0.3972 -0.1092 0.9112
vn 0.6911 0.0334 0.7220
vn 0.5506 -0.0162 0.8346
vn 0.7651 -0.0277 0.6434
vn 0.7485 -0.1829 0.6375
vn 0.5860 -0.1367 0.7987
vn 0.5423 -0.2387 0.8056
vn 0.6763 -0.3661 0.6392
vn 0.5099 -0.3452 0.7879
vn 0.4355 -0.1559 0.8866
vn -0.0000 -0.1376 0.9905
vn -0.0000 -0.3177 0.9482
vn -0.0000 -0.1949 0.9808
vn 0.6907 -0.0152 0.7230
vn 0.7824 0.4304 0.4501
vn 0.8100 0.3116 0.4967
vn 0.7327 -0.5326 0.4237
vn 0.5498 -0.5862 0.5951
vn -0.0000 -0.6384 0.7697
vn 0.8338 -0.1714 0.5247
vn 0.7184 -0.1396 0.6815
vn 0.8173 -0.0426 0.5746
vn 0.5873 0.1570 0.7940
vn 0.6802 0.1140 0.7241
vn 0.5101 0.2931 0.8086
vn 0.2698 -0.5180 0.8117
vn -0.0000 -0.5017 0.8650
vn -0.0000 0.0877 0.9961
vn -0.1111 0.2140 0.9705
vn 0.9122 0.1410 0.3846
vn 0.7662 0.4845 0.4221
vn 0.8317 0.1777 0.5260
vn 0.6354 -0.3870 0.6682
vn 0.5862 0.1957 0.7862
vn 0.7924 -0.4408 0.4217
vn 0.7387 -0.4096 0.5352
vn 0.6132 -0.6157 0.4948
vn 0.7930 -0.2964 0.5323
vn 0.7312 -0.6599 0.1727
vn 0.5287 -0.7585 0.3809
vn 0.7154 -0.4115 0.5646
vn -0.3973 -0.5444 0.7388
vn 0.2182 0.1812 0.9589
vn 0.6892 -0.5650 0.4536
vn -0.0000 -0.7793 0.6267
vn -0.8900 -0.0104 0.4558
vn -0.9573 -0.2635 0.1194
vn -0.4971 -0.6850 0.5325
vn -0.2451 -0.5143 0.8218
vn 0.9063 0.3128 0.2843
vn 0.4537 0.6299 0.6303
vn 0.6262 -0.1156 0.7711
vn 0.8208 -0.1568 0.5493
vn 0.9056 -0.4154 0.0857
vn 0.7809 -0.6237 0.0350
vn 0.5504 -0.7674 0.3287
vn 0.6281 0.1247 0.7681
vn 0.5806 -0.5207 0.6259
vn 0.8663 -0.2829 0.4117
vn 0.4496 -0.7831 0.4295
vn -0.1103 -0.9939 0.0052
vn -0.3122 -0.8411 0.4417
vn 0.4750 -0.6470 0.5965
vn 0.8611 -0.4342 0.2647
vn 0.5854 0.1339 0.7996
vn -0.6605 -0.6836 -0.3105
vn 0.3258 -0.6804 -0.6564
vn 0.5308 -0.8462 -0.0461
vn -0.1438 -0.9476 0.2853
vn -0.0455 -0.0479 0.9978
vn -0.0000 -0.9201 0.3917
vn 0.9039 0.2088 0.3733
vn 0.9268 -0.3213 0.1945
vn 0.9931 -0.0698 -0.0938
vn -0.0000 0.5246 0.8513
vn -0.0863 0.5530 0.8287
vn 0.6140 0.3622 0.7013
vn 0.6036 0.1965 0.7727
vn -0.0000 0.4133 0.9106
vn 0.2242 0.2666 0.9374
vn 0.1557 0.0883 0.9839
vn -0.0000 0.1736 0.9848
vn 0.3347 -0.0495 0.9410
vn 0.2529 -0.0119 0.9674
vn 0.5348 -0.8367 0.1180
vn 0.6251 -0.7779 0.0634
vn 0.7827 -0.4944 0.3781
vn 0.9092 -0.3711 0.1888
vn 0.8276 -0.5483 -0.1200
vn 0.9513 -0.2822 -0.1243
vn 0.9245 -0.1902 0.3303
vn -0.0000 -0.9655 0.2605
vn 0.3966 -0.9029 0.1656
vn 0.9503 0.0938 0.2970
vn 0.9652 0.0714 0.2516
vn 0.9702 0.0105 0.2420
vn 0.9566 0.0032 0.2915
vn 0.1319 0.8715 0.4723
vn 0.1350 0.9687 0.2081
vn -0.0000 0.9784 0.2069
vn -0.0000 0.8875 0.4607
vn -0.0000 -0.1217 0.9926
vn -0.0000 0.4496 0.8932
vn 0.2392 0.3172 0.9177
vn 0.3644 0.0329 0.9306
vn 0.9324 0.2036 0.2988
vn 0.9693 0.1606 0.1860
vn 0.9399 0.0930 0.3286
vn 0.9433 0.0189 0.3313
vn 0.9149 0.1909 0.3556
vn 0.3205 -0.1033 0.9416
vn 0.5319 -0.4029 0.7448
vn 0.7230 0.1751 0.6683
vn 0.4921 0.0945 0.8654
vn 0.5123 0.0687 0.8560
vn 0.4358 -0.4203 0.7959
vn 0.2817 -0.8254 0.4893
vn -0.0000 0.6018 0.7986
vn -0.0824 0.7338 0.6744
vn 0.3748 0.0314 0.9266
vn 0.3918 0.0311 0.9195
vn 0.6235 0.5941 0.5082
vn -0.0000 -0.8761 0.4822
vn 0.3653 -0.0395 0.9300
vn 0.4214 -0.0903 0.9024
vn -0.0000 0.0544 0.9985
vn 0.5112 -0.0805 0.8557
vn 0.4672 -0.0662 0.8816
vn 0.6600 -0.2200 0.7184
vn 0.5308 0.0029 0.8475
vn 0.3983 -0.0188 0.9171
vn 0.4569 0.0667 0.8870
vn 0.4956 0.0264 0.8682
vn -0.0000 -0.9161 0.4010
vn 0.3273 -0.0875 0.9409
vn 0.5006 0.0892 0.8611
vn 0.1080 0.9876 0.1141
vn -0.5019 0.8186 -0.2792
vn -0.6898 0.4465 -0.5699
vn -0.5276 0.5342 -0.6605
vn 0.1630 -0.9855 0.0471
vn -0.0000 -0.9833 -0.1821
vn -0.0000 -0.8033 -0.5955
vn -0.1924 -0.8042 -0.5624
vn -0.0000 0.9889 0.1484
vn 0.1083 0.9535 0.2811
vn -0.2586 0.6149 -0.7450
vn -0.0000 0.6623 -0.7493
vn -0.8472 0.5310 -0.0172
vn -0.0521 -0.9800 0.1919
vn -0.6737 -0.7051 -0.2214
vn -0.9272 0.0383 -0.3726
vn 0.0109 -0.9926 0.1206
vn -0.4948 -0.8310 -0.2541
vn -0.2621 0.4964 0.8276
vn -0.0000 -0.9986 0.0536
vn -0.0810 -0.9889 0.1247
vn -0.2162 0.8603 -0.4617
vn -0.0000 0.8669 -0.4985
vn -0.7264 -0.6296 0.2755
vn -0.9830 0.1837 -0.0016
vn -0.5175 0.7625 -0.3883
vn -0.2587 -0.9414 0.2164
vn -0.7246 0.5720 -0.3844
vn -0.1998 0.9791 -0.0380
vn -0.4492 0.8929 -0.0302
vn -0.4273 0.8969 0.1143
vn -0.2208 0.9664 0.1320
vn -0.2879 -0.8744 0.3905
vn -0.0574 -0.9344 0.3517
vn -0.0400 -0.8851 0.4636
vn -0.3445 -0.8529 0.3923
vn -0.6585 -0.6084 0.4429
vn -0.7313 -0.6336 0.2525
vn -0.7693 0.6379 -0.0345
vn -0.9815 0.1148 0.1535
vn -0.9904 -0.0240 0.1359
vn -0.7673 0.6328 0.1040
vn -0.0000 -0.9318 0.3630
vn -0.0000 -0.8841 0.4673
vn -0.0000 0.9976 -0.0699
vn -0.0000 0.9900 0.1414
vn 0.6325 -0.7746 0.0004
vn 0.8393 -0.4530 0.3005
vn 0.8662 -0.0838 0.4926
vn 0.8032 -0.1075 0.5859
vn 0.8651 -0.1542 0.4772
vn 0.7804 -0.1068 0.6161
vn 0.9261 -0.0030 0.3773
vn 0.9564 0.0336 0.2901
vn 0.8936 -0.2489 0.3735
vn 0.9340 -0.1988 0.2967
vn 0.7531 -0.3231 0.5731
vn 0.8930 -0.1741 0.4150
vn 0.8691 -0.2972 0.3953
vn 0.7966 -0.3363 0.5023
vn 0.9094 -0.0561 0.4120
vn 0.2910 0.3191 0.9019
vn 0.3358 0.3023 0.8921
vn 0.3493 0.4499 0.8219
vn 0.2677 0.4518 0.8510
vn 0.1191 0.3507 0.9289
vn 0.0867 0.4944 0.8649
vn 0.4292 0.2879 0.8561
vn 0.4566 0.4369 0.7750
vn 0.5698 0.2421 0.7853
vn 0.6034 0.3675 0.7077
vn -0.0000 0.3524 0.9358
vn -0.0000 0.5070 0.8620
vn 0.3123 0.8268 0.4678
vn 0.3257 0.9229 0.2056
vn -0.0000 0.7142 0.7000
vn 0.1000 0.7040 0.7032
vn 0.4348 0.7943 0.4243
vn 0.4513 0.8698 0.1996
vn 0.2819 0.6694 0.6873
vn 0.5606 0.7384 0.3749
vn 0.5593 0.8058 0.1948
vn 0.3913 0.6611 0.6402
vn 0.9153 0.1812 0.3598
vn 0.9209 0.0747 0.3825
vn 0.9169 0.0602 0.3945
vn 0.7088 0.1687 0.6849
vn 0.7281 0.2861 0.6229
vn 0.8254 0.4645 0.3209
vn 0.8294 0.5195 0.2053
vn 0.6986 0.6872 0.1994
vn 0.7113 0.6139 0.3422
vn 0.5209 0.6343 0.5713
vn 0.6826 0.5352 0.4976
vn 0.7962 0.4112 0.4439
vn 0.9234 0.0925 0.3724
vn 0.9528 0.1191 0.2794
vn 0.9075 0.2972 0.2969
vn 0.8801 0.2653 0.3936
vn 0.9674 0.1525 0.2020
vn 0.9231 0.3259 0.2041
vn 0.8446 0.0992 0.5261
vn 0.8251 0.2168 0.5217
vn 0.5916 -0.0421 0.8052
vn 0.5888 -0.0106 0.8082
vn 0.6757 0.2068 0.7076
vn 0.7348 -0.2026 0.6474
vn -0.0061 0.3515 0.9362
vn 0.6337 -0.4550 0.6256
vn 0.3999 -0.8057 0.4370
vn -0.0000 -0.8848 0.4659
vn -0.0000 0.0108 0.9999
vn 0.5025 0.4461 0.7406
vn 0.5890 -0.1127 0.8002
vn 0.5826 -0.5339 0.6128
vn 0.5520 -0.4634 0.6932
vn 0.2101 -0.4245 0.8807
vn 0.4095 -0.0984 0.9070
vn 0.6456 0.0571 0.7616
vn -0.0000 -0.1587 0.9873
vn -0.0000 -0.5012 0.8653
vn 0.6606 0.6956 -0.2823
vn 0.7790 0.5846 -0.2268
vn 0.7800 0.5240 -0.3420
vn 0.6638 0.6255 -0.4100
vn 0.8953 0.4156 -0.1605
vn 0.8715 0.4149 -0.2614
vn 0.1222 0.8818 -0.4555
vn 0.2459 0.8737 -0.4196
vn 0.2186 0.7712 -0.5979
vn 0.1053 0.7590 -0.6425
vn 0.3680 0.8511 -0.3745
vn 0.5163 0.7906 -0.3292
vn 0.5184 0.7101 -0.4765
vn 0.3581 0.7610 -0.5409
vn -0.0000 0.8813 -0.4726
vn -0.0000 0.7491 -0.6624
vn 0.5424 -0.6166 -0.5707
vn 0.6290 -0.6147 -0.4760
vn 0.5912 -0.6082 -0.5296
vn 0.4688 -0.7088 -0.5271
vn 0.4478 -0.6083 -0.6553
vn 0.3802 -0.7323 -0.5649
vn 0.1646 -0.4912 -0.8554
vn 0.3249 -0.5704 -0.7543
vn 0.3021 -0.7150 -0.6305
vn 0.2074 -0.6566 -0.7252
vn 0.7076 -0.5725 -0.4141
vn 0.8432 -0.4247 -0.3296
vn 0.8418 -0.2945 -0.4524
vn 0.7228 -0.4577 -0.5177
vn -0.0000 -0.4427 -0.8967
vn -0.0000 -0.6260 -0.7798
vn -0.0000 0.2694 -0.9630
vn 0.1556 0.2561 -0.9541
vn 0.1597 0.0329 -0.9866
vn -0.0000 0.0497 -0.9988
vn 0.3208 0.2066 -0.9243
vn 0.4757 0.1168 -0.8718
vn 0.5347 -0.1096 -0.8379
vn 0.3594 -0.0214 -0.9329
vn 0.7289 -0.0494 -0.6828
vn 0.8723 -0.0840 -0.4818
vn 0.8446 -0.2988 -0.4443
vn 0.7311 -0.2713 -0.6259
vn 0.9615 -0.0590 -0.2683
vn 0.9198 -0.2836 -0.2713
vn 0.6129 0.0208 -0.7899
vn 0.6473 -0.1988 -0.7359
vn 0.5407 0.4107 -0.7341
vn 0.7090 0.3500 -0.6122
vn 0.7219 0.1829 -0.6674
vn 0.5682 0.2377 -0.7878
vn 0.3611 0.4456 -0.8192
vn 0.4049 0.2974 -0.8647
vn 0.1037 0.4918 -0.8645
vn 0.2155 0.4688 -0.8566
vn 0.2645 0.3550 -0.8967
vn 0.1377 0.3969 -0.9075
vn 0.8554 0.2641 -0.4455
vn 0.9509 0.1846 -0.2483
vn 0.9655 0.0935 -0.2430
vn 0.8728 0.1295 -0.4705
vn -0.0000 0.5030 -0.8643
vn -0.0000 0.4095 -0.9123
vn 0.6739 0.7387 0.0116
vn 0.5343 0.8453 0.0034
vn 0.5222 0.8375 -0.1608
vn 0.6639 0.7341 -0.1425
vn 0.4293 0.9031 -0.0099
vn 0.3112 0.9499 -0.0278
vn 0.2755 0.9343 -0.2262
vn 0.3941 0.8991 -0.1905
vn 0.1239 0.9918 -0.0315
vn -0.0000 0.9997 -0.0227
vn -0.0000 0.9694 -0.2457
vn 0.1199 0.9629 -0.2417
vn 0.9275 0.3643 0.0836
vn 0.8183 0.5734 0.0390
vn 0.7972 0.5937 -0.1099
vn 0.9163 0.3976 -0.0478
vn 0.9951 0.0344 0.0929
vn 0.9839 0.0434 0.1734
vn 0.9579 0.0630 0.2800
vn 0.5984 0.8012 -0.0025
vn 0.9920 0.1151 0.0517
vn 0.9859 0.0845 0.1443
vn 0.9849 0.0331 0.1699
vn 0.9943 0.0638 0.0860
vn 0.9863 0.1416 -0.0841
vn 0.9944 0.0856 -0.0616
vn 0.9972 -0.0023 -0.0747
vn 0.9752 0.1872 0.1185
vn 0.4439 0.1741 -0.8790
vn 0.9817 -0.1798 0.0633
vn 0.9780 -0.2042 -0.0417
vn 0.9986 -0.0475 -0.0233
vn 0.9933 0.0338 0.1105
vn 0.9839 -0.1781 -0.0152
vn 0.9106 -0.3381 -0.2375
vn 0.9227 -0.2135 -0.3210
vn 0.9531 -0.3005 -0.0354
vn 0.3672 -0.9300 -0.0134
vn 0.6003 -0.7978 0.0564
vn -0.0000 -0.9898 -0.1428
vn 0.2399 -0.9677 -0.0774
vn -0.0000 -1.0000 -0.0013
vn 0.2341 -0.9709 0.0501
vn 0.3343 -0.9405 0.0604
vn 0.7149 -0.3369 0.6127
vn 0.6877 -0.7024 0.1836
vn 0.6312 -0.6572 0.4119
vn 0.3986 -0.7508 0.5267
vn 0.5432 -0.0865 0.8351
vn -0.0000 -0.8900 0.4559
vn -0.0000 -0.1542 0.9880
vn 0.9941 -0.0566 -0.0929
vn 0.9962 0.0247 0.0831
vn 0.9572 -0.0064 -0.2892
vn 0.9736 0.1094 -0.2001
vn 0.7963 -0.5652 0.2155
vn 0.6919 -0.7199 -0.0554
vn 0.8522 -0.4479 -0.2706
vn 0.3465 -0.4276 -0.8349
vn 0.9259 -0.1837 -0.3300
vn 0.8836 -0.3308 -0.3314
vn 0.8094 -0.4619 -0.3625
vn 0.9615 -0.1700 -0.2158
vn 0.5768 -0.5698 -0.5853
vn 0.1601 -0.2383 -0.9579
vn -0.0000 -0.2080 -0.9781
vn 0.5308 -0.3587 -0.7679
vn 0.3582 -0.3036 -0.8829
vn 0.7891 -0.4603 -0.4067
vn 0.7174 -0.4370 -0.5425
vn 0.6330 -0.3978 -0.6641
vn 0.1460 0.3512 0.9248
vn -0.0000 0.3391 0.9407
vn 0.9753 0.0445 0.2166
vn 0.9598 0.0069 0.2807
vn 0.7681 0.2244 0.5998
vn 0.5630 0.3561 0.7457
vn 0.9349 0.0034 0.3548
vn 0.3749 0.3884 0.8418
vn 0.3154 -0.6044 -0.7316
vn -0.0000 -0.6084 -0.7937
vn 0.9763 0.2159 0.0124
vn -0.0000 0.6036 -0.7973
vn 0.0885 0.6084 -0.7887
vn 0.2005 0.6165 -0.7614
vn 0.3520 0.6141 -0.7064
vn 0.5226 -0.5907 -0.6147
vn 0.4650 -0.6184 -0.6335
vn 0.8784 -0.0474 -0.4756
vn 0.8042 -0.1374 -0.5782
vn 0.4447 0.0116 0.8956
vn -0.0000 0.0433 0.9991
vn 0.3900 -0.6205 -0.6803
vn 0.5263 0.5791 -0.6226
vn 0.6854 0.5058 -0.5238
vn 0.8179 0.3995 -0.4140
vn 0.6797 -0.2913 -0.6732
vn 0.9642 0.2394 -0.1137
vn 0.9200 0.2912 -0.2622
vn 0.8836 0.0721 0.4626
vn 0.5261 -0.1239 -0.8413
vn 0.9930 0.0832 -0.0841
vn 0.3055 0.3560 0.8831
vn 0.3135 0.3459 0.8844
vn 0.9857 0.1344 0.1021
vn 0.1906 0.9806 0.0454
vn 0.1936 -0.7819 0.5926
vn 0.3634 -0.8741 0.3223
vn -0.0046 -0.5940 0.8044
vn 0.1112 -0.6646 0.7389
vn 0.0485 0.9477 0.3153
vn -0.0822 0.8325 0.5479
vn -0.1326 0.7782 0.6139
vn 0.1860 0.8763 0.4444
vn 0.1496 -0.6397 0.7539
vn 0.0120 -0.8479 0.5300
vn 0.1997 -0.7389 0.6436
vn -0.3309 -0.7540 0.5674
vn -0.2137 0.5971 0.7732
vn -0.3885 0.7310 0.5610
vn -0.6082 0.4961 0.6196
vn -0.0008 -0.1745 0.9847
vn 0.2886 -0.3127 0.9050
vn 0.6447 0.5863 0.4906
vn 0.3748 0.8482 0.3742
vn 0.5179 -0.2826 0.8074
vn 0.5934 -0.0450 0.8037
vn 0.5443 -0.5412 0.6410
vn 0.6542 -0.4632 0.5979
vn -0.0024 0.8853 0.4650
vn -0.5831 0.2748 0.7645
vn -0.2746 0.3600 0.8916
vn -0.0983 0.0781 0.9921
vn -0.0613 0.3572 0.9320
vn -0.9198 0.3475 -0.1821
vn -0.9003 0.3429 -0.2679
vn -0.9170 0.3945 -0.0597
vn -0.8819 0.3714 -0.2903
vn -0.6932 -0.3004 -0.6552
vn -0.0878 -0.7750 -0.6259
vn 0.9150 0.1766 0.3629
vn 0.9534 0.2888 0.0877
vn -0.1572 -0.8280 -0.5382
vn 0.2549 -0.9412 -0.2218
vn -0.6915 0.3004 -0.6570
vn -0.7703 -0.1295 -0.6243
vn -0.4871 0.8343 0.2582
vn -0.6869 0.6187 -0.3812
vn -0.6793 -0.3813 -0.6271
vn 0.3405 -0.7211 -0.6033
vn 0.4566 -0.7840 -0.4206
vn 0.5468 0.6676 -0.5053
vn 0.5395 0.0448 -0.8408
vn 0.8011 -0.5973 0.0394
vn 0.4914 -0.5050 -0.7096
vn 0.4706 0.8539 0.2224
vn 0.7620 -0.1959 0.6172
vn 0.9514 -0.0865 0.2955
vn 0.9126 -0.2903 0.2880
vn 0.7656 0.0627 0.6403
vn 0.9429 -0.2532 0.2163
vn 0.9125 -0.2708 0.3066
vn 0.9593 -0.2722 0.0747
vn 0.7322 -0.0221 0.6807
vn 0.8396 0.0006 0.5432
vn 0.9510 -0.3092 -0.0024
vn 0.9275 -0.3400 0.1557
vn 0.9467 -0.2150 0.2398
vn 0.7633 0.0630 0.6430
vn 0.9311 0.0605 0.3598
vn 0.9848 0.0062 0.1734
vn 0.9745 -0.0217 0.2232
vn 0.3455 0.6008 0.7209
vn 0.6217 0.7473 0.2346
vn 0.9390 -0.3133 0.1421
vn 0.9105 0.0934 0.4028
vn 0.7265 -0.4718 0.4996
vn 0.9453 -0.2280 0.2332
vn 0.8609 -0.4575 -0.2226
vn 0.8799 -0.3523 -0.3189
vn 0.9994 -0.0037 0.0344
vn 0.8903 -0.4546 0.0255
vn 0.6148 -0.1638 0.7715
vn 0.7694 0.0117 0.6386
vn 0.7325 0.0709 0.6770
vn 0.9271 -0.1006 0.3610
vn 0.8191 -0.2870 0.4968
vn 0.9441 0.0229 0.3288
vn 0.9480 -0.2154 0.2344
vn 0.9274 -0.0865 0.3638
vn 0.8781 -0.4739 -0.0665
vn 0.7151 -0.6727 0.1902
vn -0.4606 0.5971 0.6567
vn 0.9511 -0.2570 0.1712
vn 0.9514 -0.2698 0.1483
vn 0.9196 -0.3737 0.1211
vn 0.8544 -0.2731 0.4420
vn 0.7990 -0.4249 0.4256
vn 0.8185 -0.5364 0.2057
vn 0.6432 -0.5677 0.5138
vn 0.3086 0.1758 0.9348
vn 0.2205 -0.1224 0.9677
vn 0.5616 -0.7598 0.3274
vn 0.6003 -0.6553 0.4585
vn 0.1053 0.5964 -0.7957
vn 0.2787 -0.3364 -0.8995
vn -0.0863 0.7435 0.6631
vn -0.0797 0.9650 0.2497
vn 0.9166 -0.1596 0.3665
vn 0.7227 -0.6312 -0.2817
vn 0.6730 -0.7392 -0.0236
vn 0.6779 -0.7351 -0.0115
vn 0.5554 -0.4800 -0.6791
vn 0.7404 -0.4279 -0.5184
vn 0.4986 0.6926 -0.5213
vn -0.1214 0.9721 0.2006
vn 0.7640 0.6394 0.0862
vn 0.8309 0.4222 -0.3623
vn -0.0893 0.8238 0.5597
vn 0.7022 0.2922 0.6493
vn 0.4634 0.7580 0.4591
vn 0.7504 -0.3357 0.5693
vn 0.4912 0.2221 0.8422
vn 0.4299 0.0270 0.9025
vn 0.1929 -0.1305 0.9725
vn 0.9113 -0.0954 0.4006
vn 0.8909 -0.4026 0.2101
vn 0.4835 0.1055 0.8690
vn 0.7196 0.6266 0.2991
vn 0.7654 0.4689 0.4408
vn 0.6871 0.4767 -0.5484
vn 0.4822 0.8018 -0.3530
vn 0.2470 0.7157 -0.6532
vn 0.4971 0.4379 -0.7491
vn 0.3059 0.3904 -0.8684
vn 0.0492 0.5761 -0.8159
vn 0.3951 -0.2926 -0.8708
vn -0.0000 -0.3229 -0.9464
vn 0.4907 -0.2699 -0.8284
vn 0.5896 -0.2459 -0.7693
vn 0.7378 0.1427 -0.6598
vn 0.5964 0.1321 -0.7917
vn 0.3715 0.8651 -0.3370
vn 0.6519 0.7572 0.0417
vn 0.4620 0.1056 -0.8806
vn 0.3573 0.0753 -0.9310
vn 0.2151 0.3264 -0.9204
vn -0.0000 0.0619 -0.9981
vn -0.0000 0.2878 -0.9577
vn 0.5231 0.1414 0.8405
vn 0.9084 0.1576 -0.3872
vn 0.8423 0.1666 -0.5126
vn 0.9142 0.3914 -0.1051
vn 0.8350 0.4626 -0.2980
vn -0.1819 0.5614 -0.8073
vn -0.3771 0.3953 -0.8376
vn -0.1395 0.0135 0.9901
vn -0.0843 -0.3180 0.9443
vn 0.1694 -0.0737 0.9828
vn 0.0087 -0.2928 0.9561
vn 0.6205 -0.1883 -0.7612
vn 0.5178 -0.0894 -0.8508
vn 0.9126 0.2112 -0.3500
vn 0.4687 0.1864 -0.8635
vn 0.1075 -0.0760 -0.9913
vn -0.0808 -0.5758 -0.8136
vn -0.1078 -0.4520 -0.8855
vn -0.1023 -0.7647 -0.6362
vn -0.1226 -0.9017 -0.4147
vn -0.2182 -0.2190 0.9510
vn -0.3347 -0.6967 0.6345
vn -0.1659 -0.6917 0.7028
vn 0.0052 -0.1427 0.9898
vn -0.0524 -0.4333 -0.8997
vn -0.0187 -0.3902 -0.9206
vn -0.0179 -0.2997 -0.9539
vn -0.0691 -0.3445 -0.9362
vn -0.0178 -0.1079 0.9940
vn -0.1459 0.1812 0.9726
vn -0.5221 0.4480 0.7258
vn -0.3795 0.2619 0.8873
vn -0.0880 0.2287 -0.9695
vn -0.1691 0.3582 -0.9182
vn -0.0466 0.2662 -0.9628
vn -0.0038 0.1445 -0.9895
vn 0.0105 -0.2991 -0.9542
vn 0.0166 -0.2480 -0.9686
vn 0.0191 -0.1951 -0.9806
vn -0.0110 -0.0487 -0.9988
vn 0.0569 -0.0917 -0.9942
vn 0.0497 -0.1860 -0.9813
vn -0.0082 0.0966 -0.9953
vn 0.0447 0.0284 -0.9986
vn -0.1560 0.0808 0.9845
vn 0.1199 -0.0009 0.9928
vn -0.0946 0.0776 0.9925
vn 0.1308 0.1356 0.9821
vn 0.0252 0.8855 0.4640
vn -0.0060 0.9317 0.3631
vn 0.0024 0.9867 -0.1623
vn 0.0425 0.9846 -0.1695
vn 0.0034 0.8053 -0.5929
vn 0.0377 0.9084 -0.4164
vn 0.0346 0.7329 -0.6795
vn -0.0712 0.6889 -0.7213
vn -0.0081 0.2685 0.9632
vn 0.0116 0.3851 0.9228
vn -0.1313 0.2934 -0.9469
vn -0.0265 0.2418 -0.9700
vn 0.0207 -0.2059 -0.9784
vn -0.0677 -0.1105 -0.9916
vn -0.1628 -0.2539 -0.9534
vn 0.0377 -0.2894 -0.9565
vn 0.0167 -0.5560 -0.8310
vn -0.1596 -0.4288 -0.8892
vn -0.7121 0.6387 0.2914
vn -0.5630 0.6830 0.4654
vn -0.2782 -0.8436 -0.4592
vn -0.2137 -0.6621 -0.7183
vn -0.1685 -0.6493 -0.7417
vn -0.1960 -0.8731 -0.4463
vn -0.3439 -0.9376 -0.0517
vn -0.2393 -0.9637 0.1182
vn -0.0333 0.0487 -0.9983
vn 0.0971 0.2702 -0.9579
vn 0.0784 0.2210 -0.9721
vn -0.0757 0.1463 -0.9863
vn -0.1322 -0.1187 -0.9841
vn 0.0102 -0.1328 -0.9911
vn -0.0003 -0.4716 -0.8818
vn -0.1300 -0.3750 -0.9179
vn 0.3601 -0.0000 0.9329
vn 0.6328 0.0326 0.7736
vn 0.2742 -0.0269 0.9613
vn 0.3308 -0.2535 0.9090
vn 0.0353 -0.3122 -0.9494
vn 0.0074 -0.1326 -0.9911
vn -0.0058 0.3125 -0.9499
vn -0.0109 0.4759 -0.8794
vn 0.1002 0.7093 -0.6977
vn 0.0816 0.7502 -0.6562
vn -0.0092 -0.0281 -0.9996
vn 0.1582 0.1169 -0.9805
vn 0.1231 0.1038 -0.9869
vn -0.0679 0.0520 -0.9963
vn -0.1528 -0.5247 -0.8374
vn -0.1512 -0.4883 -0.8595
vn 0.0816 -0.5920 0.8018
vn 0.2468 -0.0414 0.9682
vn 0.0119 -0.1683 -0.9857
vn -0.0196 -0.2102 -0.9775
vn -0.0976 -0.9700 0.2227
vn -0.1011 0.3499 -0.9313
vn -0.1392 -0.4468 -0.8837
vn -0.1782 -0.6397 -0.7477
vn 0.0571 -0.0979 -0.9936
vn 0.0506 -0.1533 -0.9869
vn 0.3265 -0.0243 0.9449
vn 0.0489 -0.0334 -0.9982
vn 0.3050 0.1895 0.9333
vn -0.0542 -0.2669 -0.9622
vn -0.0164 0.0722 -0.9973
vn -0.6984 0.6781 -0.2290
vn -0.5339 0.8370 -0.1197
vn -0.5508 0.5901 -0.5903
vn -0.3815 0.7462 -0.5455
vn 0.2820 0.7757 0.5646
vn 0.8561 0.5036 0.1160
vn -0.1715 -0.8978 -0.4057
vn -0.1698 0.5263 0.8332
vn -0.2986 0.5569 0.7751
vn -0.3176 -0.0140 0.9481
vn -0.1865 -0.0342 0.9819
vn 0.8599 0.0839 0.5035
vn 0.9585 0.1177 -0.2598
vn 0.6317 0.7196 -0.2883
vn 0.4778 0.8300 0.2877
vn 0.0834 -0.0061 0.9965
vn 0.5015 0.0494 0.8637
vn 0.2337 0.7359 0.6354
vn -0.0047 0.4576 0.8892
vn 0.0804 0.9879 -0.1327
vn 0.0235 0.9817 -0.1888
vn -0.1242 0.9460 0.2994
vn -0.1316 0.9306 0.3416
vn 0.7171 -0.0023 -0.6970
vn 0.5682 -0.0064 -0.8229
vn 0.2751 0.7269 -0.6292
vn 0.4026 0.6784 -0.6145
vn -0.0351 0.9008 0.4327
vn 0.1227 0.9917 -0.0397
vn -0.2512 0.5887 0.7683
vn -0.2767 -0.0040 0.9609
vn 0.3361 0.8167 -0.4691
vn 0.5653 -0.0397 -0.8240
vn 0.4921 -0.0311 -0.8700
vn 0.4882 0.3185 -0.8125
vn 0.5263 0.2587 -0.8100
vn 0.4738 -0.0710 -0.8777
vn 0.4652 0.2526 -0.8484
vn 0.6728 0.2970 -0.6776
vn 0.4678 0.4372 -0.7681
vn 0.5143 0.3306 -0.7914
vn 0.5804 0.0025 -0.8143
vn 0.7737 -0.0656 -0.6301
vn 0.5111 -0.0173 -0.8593
vn 0.2499 -0.0098 -0.9682
vn 0.2003 0.3927 -0.8976
vn 0.4285 0.4081 -0.8061
vn 0.1589 0.6824 -0.7135
vn 0.0650 0.9686 -0.2400
vn -0.1849 0.6067 0.7731
vn -0.2383 0.0107 0.9711
vn -0.0513 0.9645 0.2590
vn 0.1744 -0.0577 -0.9830
vn 0.2824 0.6781 -0.6786
vn 0.1198 0.9621 -0.2448
vn -0.0086 0.9729 0.2310
vn -0.1179 0.6384 0.7606
vn 0.3683 -0.0140 -0.9296
vn -0.1750 0.0070 0.9845
vn 0.5031 -0.0337 -0.8636
vn 0.2413 0.6948 -0.6775
vn -0.0002 0.9809 0.1948
vn -0.0397 0.6436 0.7644
vn 0.0503 0.9524 -0.3006
vn -0.0740 0.0261 0.9969
vn 0.0042 0.9910 0.1338
vn 0.0255 0.6562 0.7541
vn 0.0143 0.6498 -0.7600
vn -0.0084 0.9287 -0.3708
vn 0.3703 -0.0483 -0.9277
vn 0.0748 -0.0932 -0.9928
vn 0.0353 0.4069 -0.9128
vn 0.2361 0.4292 -0.8718
vn 0.0336 0.0138 0.9993
vn 0.1354 0.9646 0.2264
vn 0.1689 0.9498 0.2632
vn 0.2710 0.6121 0.7429
vn 0.2502 0.5900 0.7677
vn 0.0804 -0.1011 -0.9916
vn 0.1628 0.7236 -0.6708
vn 0.1650 0.8182 -0.5508
vn 0.0814 0.9539 -0.2888
vn 0.1165 0.9375 -0.3279
vn 0.2797 0.1028 0.9546
vn 0.3618 0.0395 0.9314
vn 0.2823 0.0846 -0.9556
vn 0.3952 0.2104 -0.8942
vn 0.2143 -0.0101 -0.9767
vn 0.1073 0.6523 -0.7503
vn 0.0945 0.6477 0.7560
vn 0.1491 0.0266 0.9885
vn 0.0576 0.9171 -0.3944
vn 0.0605 0.9859 0.1559
vn -0.1397 -0.6372 0.7579
vn -0.2055 -0.6434 0.7374
vn 0.6237 -0.7526 0.2112
vn 0.7176 -0.6161 -0.3247
vn 0.0839 -0.5226 0.8484
vn 0.4005 -0.7305 0.5532
vn 0.1732 -0.9658 -0.1929
vn -0.0010 -0.9797 0.2005
vn 0.0038 -0.9752 0.2213
vn 0.1157 -0.9798 -0.1632
vn 0.4883 -0.6308 -0.6031
vn 0.3584 -0.7470 -0.5600
vn 0.0373 -0.9672 0.2511
vn 0.1706 -0.9698 -0.1742
vn -0.1859 -0.6619 0.7262
vn 0.3710 -0.7153 -0.5922
vn 0.5210 -0.3017 -0.7985
vn 0.4541 -0.3287 -0.8281
vn 0.4337 -0.3287 -0.8390
vn 0.6773 -0.2572 -0.6893
vn 0.4668 -0.3130 -0.8272
vn 0.5342 -0.2686 -0.8016
vn 0.4472 -0.4258 -0.7866
vn 0.2642 -0.4363 -0.8602
vn 0.0595 -0.9796 -0.1919
vn 0.1803 -0.7426 -0.6450
vn -0.1840 -0.6557 0.7322
vn -0.0436 -0.9824 0.1816
vn 0.1417 -0.9829 -0.1179
vn 0.3019 -0.7105 -0.6357
vn -0.1197 -0.6349 0.7633
vn 0.0062 -0.9559 0.2937
vn 0.3123 -0.7554 -0.5760
vn -0.0324 -0.5990 0.8001
vn 0.0427 -0.9310 0.3625
vn 0.1240 -0.9861 -0.1103
vn 0.0096 -0.6056 0.7957
vn -0.0093 -0.9451 0.3267
vn 0.0469 -0.9844 -0.1693
vn 0.1174 -0.7469 -0.6545
vn 0.2962 -0.5323 -0.7930
vn 0.1146 -0.5548 -0.8241
vn 0.3767 -0.8465 0.3763
vn 0.4216 -0.4327 0.7969
vn 0.3656 0.0386 0.9300
vn 0.7889 0.0033 0.6146
vn 0.3297 -0.6703 -0.6648
vn 0.3733 -0.9237 -0.0859
vn 0.9102 -0.0310 -0.4130
vn 0.5114 -0.4343 -0.7415
vn 0.1799 -0.6983 -0.6928
vn 0.1341 -0.5940 0.7932
vn 0.0680 -0.9540 0.2920
vn 0.0761 -0.9717 -0.2238
vn -0.2437 0.7489 0.6162
vn -0.3690 0.7762 0.5112
vn -0.5260 0.1714 0.8330
vn -0.4246 0.1117 0.8985
vn 0.7982 0.0301 0.6017
vn 0.9897 -0.1184 -0.0803
vn 0.7086 0.6151 -0.3458
vn 0.5743 0.8017 0.1659
vn 0.0299 0.0975 0.9948
vn 0.4546 0.0759 0.8874
vn 0.3332 0.8280 0.4510
vn 0.0002 0.6929 0.7210
vn 0.2285 0.9278 -0.2950
vn 0.2312 0.9315 -0.2809
vn 0.0146 0.9994 0.0324
vn -0.0264 0.9995 0.0158
vn 0.9569 -0.2901 0.0127
vn 0.6808 -0.1700 -0.7125
vn 0.5110 0.5700 -0.6434
vn 0.5329 0.5309 -0.6589
vn 0.0609 0.9926 0.1049
vn 0.2220 0.9382 -0.2654
vn -0.2810 0.7937 0.5395
vn -0.3827 0.2061 0.9006
vn 0.4091 0.6709 -0.6185
vn 0.6222 -0.2258 -0.7496
vn 0.5494 -0.2132 -0.8079
vn 0.5062 0.2180 -0.8344
vn 0.5769 0.1569 -0.8016
vn 0.5035 -0.1865 -0.8436
vn 0.4929 0.1434 -0.8582
vn 0.8399 0.3538 0.4115
vn 0.5015 0.3111 -0.8073
vn 0.6292 0.2268 -0.7434
vn 0.7096 -0.2137 -0.6714
vn 0.8459 -0.3319 0.4175
vn 0.5730 -0.2156 -0.7907
vn 0.3117 -0.2525 -0.9160
vn 0.3649 0.1423 -0.9201
vn 0.5399 0.1625 -0.8259
vn 0.3418 0.4807 -0.8075
vn 0.2474 0.8966 -0.3672
vn -0.1527 0.8061 0.5717
vn -0.2935 0.2237 0.9294
vn 0.0724 0.9958 0.0559
vn 0.2650 -0.2323 -0.9358
vn 0.3553 0.4417 -0.8238
vn 0.1991 0.8932 -0.4032
vn 0.0482 0.9979 0.0444
vn -0.0986 0.8035 0.5870
vn 0.4217 -0.1808 -0.8885
vn -0.2649 0.1921 0.9450
vn 0.5773 -0.1266 -0.8066
vn 0.3586 0.5225 -0.7736
vn 0.0798 0.9967 -0.0154
vn 0.0048 0.8234 0.5674
vn 0.1435 0.8890 -0.4348
vn -0.1135 0.1802 0.9771
vn 0.1336 0.9896 -0.0536
vn 0.0630 0.8267 0.5591
vn 0.2121 0.5258 -0.8238
vn 0.1714 0.8748 -0.4532
vn 0.4710 -0.1109 -0.8752
vn 0.1444 -0.1434 -0.9791
vn 0.2339 0.2542 -0.9384
vn 0.3990 0.2769 -0.8741
vn 0.0108 0.1686 0.9856
vn 0.3545 0.9309 0.0877
vn 0.4054 0.5704 0.7144
vn 0.1392 -0.1571 -0.9777
vn 0.4046 0.5668 -0.7177
vn 0.5649 0.4193 -0.7107
vn 0.3854 0.8459 -0.3686
vn 0.2378 0.1354 0.9618
vn 0.3551 0.1471 0.9232
vn 0.4258 -0.0871 -0.9006
vn 0.5719 -0.1062 -0.8134
vn 0.2737 -0.1038 -0.9562
vn 0.2324 0.5335 -0.8133
vn 0.0975 0.8078 0.5813
vn 0.0931 0.1657 0.9818
vn 0.1721 0.8582 -0.4837
vn 0.1311 0.9896 -0.0594
vn -0.3539 -0.5063 0.7864
vn -0.4493 -0.4648 0.7630
vn 0.4093 -0.7825 0.4693
vn 0.6117 -0.7910 -0.0104
vn -0.1123 -0.4679 0.8766
vn 0.1825 -0.6874 0.7030
vn 0.0203 -0.9979 0.0617
vn -0.2286 -0.8796 0.4172
vn -0.1826 -0.8339 0.5208
vn -0.0100 -0.9889 0.1485
vn 0.5010 -0.7864 -0.3612
vn 0.3548 -0.8653 -0.3541
vn -0.1243 -0.8945 0.4295
vn 0.0364 -0.9963 0.0778
vn -0.3178 -0.4019 0.8588
vn 0.3924 -0.8420 -0.3703
vn 0.5554 -0.5055 -0.6604
vn 0.5129 -0.5234 -0.6804
vn 0.4742 -0.4878 -0.7329
vn 0.9018 -0.3695 -0.2242
vn 0.5415 -0.5481 -0.6375
vn 0.5787 -0.5593 -0.5935
vn 0.4897 -0.5873 -0.6444
vn 0.2967 -0.6087 -0.7358
vn 0.0010 -0.9981 0.0615
vn 0.1777 -0.8631 -0.4727
vn -0.2837 -0.4404 0.8518
vn -0.1369 -0.8611 0.4896
vn 0.0393 -0.9978 0.0541
vn 0.3060 -0.7962 -0.5220
vn -0.2683 -0.4614 0.8456
vn -0.1396 -0.8796 0.4547
vn 0.3207 -0.8186 -0.4765
vn -0.1255 -0.4953 0.8596
vn -0.0596 -0.8898 0.4525
vn 0.0220 -0.9994 -0.0257
vn -0.0194 -0.5485 0.8359
vn -0.0261 -0.9330 0.3590
vn 0.0325 -0.9882 -0.1497
vn 0.0830 -0.7630 -0.6411
vn 0.3291 -0.5301 -0.7814
vn 0.0895 -0.5521 -0.8290
vn 0.2759 -0.8957 0.3488
vn 0.3551 -0.3632 0.8614
vn 0.2792 0.0427 0.9593
vn 0.7644 -0.0046 0.6448
vn 0.3056 -0.7253 -0.6169
vn 0.2209 -0.9575 -0.1853
vn 0.9025 -0.3564 -0.2417
vn 0.4665 -0.6647 -0.5835
vn 0.1784 -0.6939 -0.6976
vn 0.0457 -0.5884 0.8072
vn -0.0233 -0.9664 0.2560
vn 0.0416 -0.9612 -0.2727
vn -0.2764 0.7819 0.5588
vn -0.3249 0.8046 0.4971
vn -0.5315 0.1649 0.8309
vn -0.4300 0.1952 0.8815
vn 0.7669 0.0312 0.6410
vn 0.9957 -0.0864 -0.0335
vn 0.7669 0.5751 -0.2848
vn 0.5825 0.7859 0.2074
vn -0.0309 0.1487 0.9884
vn 0.3983 0.0871 0.9131
vn 0.2883 0.8199 0.4947
vn -0.0871 0.7026 0.7062
vn 0.1949 0.9244 -0.3277
vn 0.2271 0.9263 -0.3006
vn 0.0481 0.9982 0.0363
vn -0.0319 0.9994 0.0110
vn 0.6910 -0.1869 -0.6983
vn 0.7305 -0.1781 -0.6593
vn 0.5158 0.5754 -0.6347
vn 0.5080 0.5226 -0.6847
vn -0.0076 0.9969 0.0779
vn 0.1926 0.9434 -0.2701
vn -0.1984 0.8134 0.5469
vn -0.4078 0.1344 0.9031
vn 0.4802 0.5655 -0.6706
vn 0.6929 -0.2149 -0.6883
vn 0.6009 -0.2425 -0.7617
vn 0.5974 0.0702 -0.7989
vn 0.6896 0.0412 -0.7230
vn 0.4879 -0.1876 -0.8525
vn 0.4730 0.0900 -0.8765
vn 0.6112 0.1059 -0.7843
vn 0.5910 0.1427 -0.7940
vn 0.7140 0.1169 -0.6903
vn 0.7652 -0.1854 -0.6165
vn 0.5712 -0.2641 -0.7772
vn 0.6809 -0.1609 -0.7145
vn 0.4285 -0.1662 -0.8881
vn 0.4563 0.2765 -0.8458
vn 0.6280 0.2729 -0.7288
vn 0.3935 0.5707 -0.7208
vn 0.2429 0.9120 -0.3304
vn -0.1468 0.8439 0.5161
vn -0.3538 0.1681 0.9201
vn 0.0821 0.9965 0.0183
vn 0.3656 -0.1571 -0.9174
vn 0.4565 0.5701 -0.6831
vn 0.2524 0.9132 -0.3198
vn 0.0855 0.9962 0.0142
vn -0.1332 0.8651 0.4836
vn 0.5252 -0.1213 -0.8423
vn -0.3645 0.1992 0.9097
vn 0.6731 -0.0946 -0.7334
vn 0.4798 0.6103 -0.6303
vn 0.1445 0.9854 0.0895
vn -0.0687 0.8037 0.5911
vn 0.2617 0.9172 -0.3005
vn -0.2727 0.1179 0.9548
vn 0.1392 0.9857 0.0946
vn 0.0284 0.7402 0.6718
vn 0.2576 0.6144 -0.7458
vn 0.2090 0.9002 -0.3821
vn 0.5650 -0.1334 -0.8142
vn 0.2507 -0.1236 -0.9601
vn 0.3154 0.3735 -0.8724
vn 0.4997 0.3802 -0.7783
vn -0.0891 0.0480 0.9949
vn 0.5193 0.7389 0.4294
vn 0.3844 0.2632 0.8849
vn 0.1587 -0.0476 -0.9862
vn 0.5726 0.5043 -0.6463
vn 0.7227 0.1279 -0.6792
vn 0.5991 0.7803 -0.1795
vn 0.1813 0.0097 0.9834
vn 0.2553 -0.0207 0.9666
vn 0.4709 -0.1164 -0.8745
vn 0.5712 -0.2290 -0.7883
vn 0.3015 -0.0354 -0.9528
vn 0.2858 0.6012 -0.7463
vn 0.1404 0.6478 0.7488
vn 0.0543 0.0261 0.9982
vn 0.2027 0.9033 -0.3781
vn 0.1672 0.9797 0.1103
vn -0.3658 -0.4695 0.8036
vn -0.4738 -0.5429 0.6933
vn 0.4611 -0.7557 0.4650
vn 0.7009 -0.7132 -0.0065
vn -0.1165 -0.3967 0.9105
vn 0.2115 -0.6858 0.6964
vn 0.0548 -0.9985 0.0058
vn -0.2121 -0.9258 0.3129
vn -0.1503 -0.9335 0.3256
vn 0.0505 -0.9980 0.0382
vn 0.4009 -0.8030 -0.4410
vn 0.3987 -0.8459 -0.3542
vn -0.1014 -0.8936 0.4373
vn 0.0915 -0.9952 0.0341
vn -0.3623 -0.5975 0.7153
vn 0.3936 -0.8134 -0.4284
vn 0.6384 -0.4407 -0.6311
vn 0.5553 -0.4770 -0.6812
vn 0.4659 -0.4940 -0.7341
vn 0.5204 -0.4750 -0.7096
vn 0.5584 -0.4771 -0.6786
vn 0.6816 -0.4465 -0.5797
vn 0.5651 -0.5842 -0.5825
vn 0.3640 -0.5927 -0.7185
vn 0.0547 -0.9979 -0.0348
vn 0.2422 -0.8272 -0.5070
vn -0.3110 -0.5861 0.7482
vn -0.1110 -0.9352 0.3362
vn 0.1116 -0.9928 -0.0441
vn 0.3640 -0.7693 -0.5251
vn -0.3149 -0.5634 0.7638
vn -0.1052 -0.9264 0.3615
vn 0.4075 -0.7892 -0.4595
vn -0.2590 -0.5866 0.7673
vn -0.1072 -0.9303 0.3507
vn 0.1057 -0.9906 -0.0868
vn -0.1559 -0.6177 0.7708
vn -0.1494 -0.9456 0.2889
vn -0.0195 -0.9787 -0.2045
vn 0.1090 -0.7557 -0.6458
vn 0.4193 -0.6323 -0.6515
vn 0.2052 -0.6164 -0.7602
vn 0.3156 -0.8373 0.4465
vn 0.3371 -0.3092 0.8893
vn 0.1902 -0.1064 0.9760
vn 0.7153 -0.0445 0.6974
vn 0.2320 -0.7791 -0.5824
vn 0.1786 -0.9814 -0.0707
vn 0.8987 -0.4360 -0.0483
vn 0.4075 -0.7676 -0.4947
vn 0.1175 -0.7041 -0.7003
vn 0.0131 -0.5852 0.8107
vn -0.0806 -0.9534 0.2906
vn -0.0726 -0.9716 -0.2252
vn -0.2678 0.6654 0.6968
vn -0.3585 0.6879 0.6311
vn -0.5361 0.0097 0.8441
vn -0.4824 0.0263 0.8755
vn 0.7280 -0.1173 0.6755
vn 0.9684 -0.2125 0.1303
vn 0.8468 0.4817 -0.2257
vn 0.7201 0.6637 0.2024
vn -0.1533 -0.0059 0.9882
vn 0.2965 -0.0640 0.9529
vn 0.3976 0.7074 0.5844
vn -0.0891 0.5701 0.8167
vn 0.3877 0.8407 -0.3781
vn 0.3191 0.8669 -0.3829
vn 0.0412 0.9990 0.0193
vn 0.0711 0.9967 0.0399
vn 0.8684 -0.2151 -0.4468
vn 0.6913 -0.2217 -0.6877
vn 0.5641 0.4947 -0.6611
vn 0.6685 0.3762 -0.6415
vn 0.1730 0.9726 0.1555
vn 0.4338 0.8548 -0.2848
vn -0.3385 0.6752 0.6553
vn -0.4867 -0.0111 0.8735
vn 0.6186 0.5037 -0.6030
vn 0.7358 -0.2253 -0.6386
vn 0.6520 -0.2507 -0.7155
vn 0.6562 0.0749 -0.7509
vn 0.6992 0.0608 -0.7123
vn 0.7137 -0.2441 -0.6565
vn 0.7026 0.0686 -0.7082
vn 0.9029 0.1004 -0.4180
vn 0.6651 0.1604 -0.7293
vn 0.7978 0.1668 -0.5793
vn 0.8876 -0.2238 -0.4026
vn 0.9239 -0.2305 -0.3054
vn 0.6836 -0.1944 -0.7035
vn 0.4664 -0.1589 -0.8702
vn 0.5144 0.2120 -0.8309
vn 0.6429 0.1956 -0.7405
vn 0.4412 0.4947 -0.7487
vn 0.3090 0.8680 -0.3887
vn -0.2649 0.6858 0.6779
vn -0.4313 -0.0195 0.9020
vn 0.0860 0.9955 0.0409
vn 0.3766 -0.1684 -0.9110
vn 0.5086 0.4605 -0.7275
vn 0.3653 0.8658 -0.3419
vn 0.1466 0.9811 0.1262
vn -0.1554 0.6831 0.7136
vn 0.4961 -0.1879 -0.8477
vn -0.3511 -0.0214 0.9361
vn 0.6594 -0.1955 -0.7259
vn 0.5577 0.4983 -0.6639
vn 0.1497 0.9709 0.1867
vn -0.0994 0.6751 0.7310
vn 0.3743 0.8763 -0.3034
vn -0.2686 -0.0079 0.9632
vn 0.1347 0.9658 0.2216
vn -0.0492 0.6293 0.7756
vn 0.3997 0.4863 -0.7770
vn 0.3124 0.8896 -0.3332
vn 0.5913 -0.1937 -0.7828
vn 0.3354 -0.1635 -0.9278
vn 0.4208 0.2262 -0.8785
vn 0.5930 0.2260 -0.7729
vn -0.1969 -0.0270 0.9800
vn 0.6132 0.6115 0.5001
vn 0.3155 0.2316 0.9203
vn 0.2573 -0.1415 -0.9559
vn 0.7118 0.3426 -0.6132
vn 0.7585 -0.0244 -0.6512
vn 0.7398 0.6728 0.0047
vn -0.0526 -0.3697 0.9277
vn 0.0165 -0.2275 0.9736
vn 0.4728 -0.2923 -0.8313
vn 0.4581 -0.4194 -0.7837
vn 0.3716 -0.1901 -0.9087
vn 0.4451 0.4913 -0.7487
vn 0.1747 0.4829 0.8581
vn -0.0704 -0.1319 0.9888
vn 0.3568 0.8958 -0.2649
vn 0.2767 0.9108 0.3064
vn -0.4453 -0.4182 0.7917
vn -0.5039 -0.4701 0.7246
vn 0.3209 -0.8238 0.4672
vn 0.5940 -0.8040 0.0272
vn -0.2609 -0.3807 0.8871
vn 0.0063 -0.6919 0.7220
vn 0.0629 -0.9977 -0.0240
vn -0.2611 -0.8858 0.3837
vn -0.2323 -0.8948 0.3812
vn 0.0469 -0.9982 -0.0363
vn 0.4488 -0.7915 -0.4149
vn 0.3752 -0.8308 -0.4111
vn -0.2223 -0.8242 0.5208
vn 0.0622 -0.9963 0.0595
vn -0.4403 -0.4959 0.7485
vn 0.3480 -0.8756 -0.3348
vn 0.6277 -0.5046 -0.5928
vn 0.5687 -0.5334 -0.6262
vn 0.6046 -0.5268 -0.5975
vn 0.7462 -0.5550 -0.3677
vn 0.5354 -0.6213 -0.5721
vn 0.6968 -0.5947 -0.4010
vn 0.5406 -0.5776 -0.6117
vn 0.3894 -0.5747 -0.7198
vn 0.0199 -0.9957 -0.0908
vn 0.2396 -0.7823 -0.5750
vn -0.4133 -0.5259 0.7434
vn -0.2332 -0.8987 0.3715
vn 0.0146 -0.9968 -0.0780
vn 0.2973 -0.7590 -0.5792
vn -0.3578 -0.5622 0.7455
vn -0.2312 -0.8940 0.3838
vn 0.2747 -0.8148 -0.5105
vn -0.2847 -0.5659 0.7738
vn -0.2145 -0.8962 0.3882
vn -0.0392 -0.9944 -0.0979
vn -0.2530 -0.5794 0.7748
vn -0.2206 -0.9171 0.3320
vn -0.1022 -0.9747 -0.1987
vn 0.0824 -0.7333 -0.6749
vn 0.4138 -0.6134 -0.6727
vn 0.2004 -0.5769 -0.7918
vn -0.1996 -0.9515 0.2343
vn -0.1653 -0.6828 0.7117
vn -0.1267 -0.7713 0.6237
vn -0.1329 -0.9710 0.1988
vn 0.1063 -0.7962 -0.5956
vn -0.1174 -0.9651 -0.2342
vn -0.1089 -0.9633 -0.2455
vn 0.0203 -0.8818 -0.4711
vn 0.1161 -0.7380 -0.6648
vn -0.2192 -0.6316 0.7437
vn -0.2247 -0.9352 0.2736
vn -0.1082 -0.9643 -0.2418
vn 0.4480 0.0129 -0.8940
vn 0.2136 0.1019 -0.9716
vn 0.1883 -0.2205 -0.9570
vn 0.0409 -0.8572 -0.5134
vn -0.0877 -0.8550 -0.5111
vn 0.0858 -0.5672 -0.8191
vn 0.3199 -0.5620 -0.7628
vn -0.0987 -0.9630 -0.2508
vn -0.1191 -0.9417 -0.3147
vn 0.5803 -0.3816 -0.7194
vn 0.6375 -0.4935 -0.5917
vn 0.4051 -0.1281 -0.9053
vn 0.1367 -0.1430 -0.9802
vn 0.2133 0.3126 -0.9256
vn 0.3957 0.3347 -0.8552
vn 0.0795 0.9564 0.2810
vn 0.1130 0.6762 0.7280
vn 0.3367 -0.3120 -0.8884
vn 0.1581 -0.3119 -0.9369
vn 0.1154 0.2124 -0.9703
vn 0.3657 0.2445 -0.8980
vn 0.4876 -0.2701 -0.8303
vn 0.2604 -0.2890 -0.9213
vn 0.3682 0.1513 -0.9173
vn 0.5482 0.1838 -0.8159
vn -0.1553 -0.9565 0.2469
vn -0.1115 -0.9916 0.0657
vn 0.2441 0.3302 -0.9118
vn 0.3086 -0.2887 -0.9063
vn 0.2264 -0.6072 -0.7616
vn 0.3459 -0.5734 -0.7427
vn 0.1471 -0.5423 -0.8272
vn 0.2826 -0.0751 -0.9563
vn 0.4752 -0.0651 -0.8774
vn 0.4043 0.1044 -0.9086
vn 0.3911 -0.4310 -0.8132
vn 0.2791 -0.6827 -0.6753
vn 0.0728 0.9783 -0.1939
vn 0.0927 0.8892 -0.4481
vn -0.1356 -0.8309 0.5396
vn 0.3324 -0.6695 -0.6643
vn 0.2099 -0.6775 -0.7049
vn 0.1049 0.7658 -0.6345
vn 0.2417 0.7268 -0.6430
vn -0.0605 -0.2525 -0.9657
vn 0.0314 -0.4550 -0.8899
vn 0.0726 -0.4979 -0.8642
vn -0.0203 -0.3447 -0.9385
vn -0.1014 -0.1032 -0.9895
vn 0.1076 -0.4521 0.8854
vn 0.0183 -0.3257 0.9453
vn 0.0679 0.1607 0.9847
vn 0.2696 0.0693 0.9605
vn 0.0285 -0.1184 -0.9926
vn 0.0210 -0.2131 -0.9768
vn -0.0625 -0.9431 0.3267
vn -0.1025 -0.9276 0.3591
vn 0.2189 -0.1162 0.9688
vn 0.0004 -0.0253 0.9997
vn 0.1523 0.1666 0.9742
vn -0.0394 -0.4119 -0.9104
vn -0.1100 -0.6266 -0.7716
vn 0.0206 -0.1023 -0.9945
vn -0.0534 -0.2481 -0.9673
vn 0.0270 -0.1509 -0.9882
vn 0.2500 0.0019 0.9683
vn -0.0321 -0.0032 0.9995
vn 0.0149 -0.0603 -0.9981
vn 0.3087 0.1752 0.9349
vn 0.0180 0.1568 0.9875
vn 0.0259 -0.2742 -0.9613
vn 0.0166 0.3382 -0.9409
vn -0.0319 0.3348 -0.9417
vn 0.0051 -0.0505 -0.9987
vn 0.0021 0.0138 -0.9999
vn 0.1508 0.8303 0.5365
vn 0.0807 0.7885 -0.6097
vn 0.1218 0.9796 -0.1601
vn -0.1376 -0.9172 -0.3739
vn -0.0758 -0.2008 0.9767
vn -0.1063 -0.2237 0.9688
vn 0.1639 -0.8020 0.5745
vn 0.1963 -0.7832 0.5900
vn 0.9120 0.0968 0.3986
vn 0.7340 0.6597 -0.1612
vn 0.2076 0.9599 0.1882
vn 0.3372 0.5463 0.7667
vn 0.5327 -0.5634 0.6315
vn 0.7500 -0.2978 0.5906
vn 0.2703 0.1594 0.9495
vn 0.1687 -0.1369 0.9761
vn -0.2804 0.7196 0.6352
vn -0.2523 0.7535 0.6071
vn -0.1497 0.3637 0.9194
vn -0.2425 0.3460 0.9064
vn 0.0437 0.7849 -0.6181
vn 0.2223 0.8044 -0.5509
vn -0.1496 0.9868 0.0622
vn -0.2529 0.9652 -0.0664
vn -0.2213 0.3544 0.9085
vn -0.2684 0.6839 0.6784
vn 0.0802 -0.1348 0.9876
vn 0.3619 -0.7122 0.6015
vn -0.2695 0.9575 0.1023
vn -0.0053 0.7479 -0.6638
vn -0.1121 0.7388 -0.6646
vn -0.1980 0.8519 -0.4847
vn -0.1019 0.8497 -0.5173
vn -0.1708 0.7377 -0.6532
vn -0.2330 0.8305 -0.5059
vn -0.1288 0.8878 -0.4418
vn -0.2251 0.8935 -0.3886
vn -0.0555 0.9141 -0.4016
vn 0.1703 0.8088 -0.5629
vn -0.0832 0.7640 -0.6399
vn 0.1789 0.7954 -0.5791
vn -0.2631 0.6746 -0.6897
vn -0.3377 0.8706 -0.3577
vn 0.0308 0.9593 -0.2806
vn -0.4288 0.9004 -0.0741
vn -0.3434 0.7670 0.5420
vn 0.2290 0.0341 0.9728
vn 0.5520 -0.5839 0.5953
vn -0.1065 0.4531 0.8851
vn -0.3900 0.6149 -0.6855
vn -0.3292 0.9319 -0.1526
vn -0.2574 0.8495 0.4606
vn -0.0267 0.5510 0.8341
vn 0.3249 0.1110 0.9392
vn -0.2540 0.6865 -0.6813
vn 0.6729 -0.4713 0.5702
vn 0.3554 -0.9288 0.1052
vn 0.3239 -0.9418 0.0899
vn 0.8463 -0.4709 -0.2492
vn 0.7141 0.0972 -0.6932
vn 0.5283 -0.8310 0.1743
vn 0.6805 -0.7316 0.0414
vn 0.3648 -0.6000 -0.7120
vn 0.3614 -0.8929 -0.2686
vn 0.4088 -0.8540 -0.3218
vn 0.3488 -0.5012 -0.7919
vn 0.1867 0.1793 -0.9659
vn 0.2568 0.1930 -0.9470
vn 0.4255 -0.8820 -0.2025
vn 0.4417 -0.6414 -0.6273
vn 0.4379 -0.8957 0.0767
vn 0.2262 0.0147 -0.9740
vn 0.0304 0.6538 -0.7560
vn -0.0332 0.6206 -0.7834
vn -0.0983 0.5964 -0.7966
vn -0.0220 0.5725 -0.8196
vn 0.0344 0.4727 -0.8806
vn 0.2054 0.5871 -0.7830
vn 0.1859 0.5048 -0.8430
vn -0.1088 0.4248 -0.8987
vn 0.2451 -0.4406 -0.8636
vn -0.0651 0.1499 -0.9866
vn 0.5322 -0.8462 -0.0271
vn 0.4249 -0.7979 -0.4276
vn 0.2193 -0.3460 -0.9122
vn -0.1028 0.2592 -0.9603
vn 0.6509 -0.7565 -0.0628
vn 0.5024 -0.7257 -0.4701
vn 0.7838 -0.3308 0.5255
vn 0.8802 -0.0608 0.4707
vn 0.9709 -0.1641 -0.1747
vn 0.8359 -0.5352 -0.1219
vn 0.3591 -0.0671 -0.9309
vn 0.3464 0.1509 -0.9259
vn -0.1149 0.3874 -0.9147
vn -0.0282 0.3711 -0.9282
vn -0.3405 0.9372 -0.0751
vn -0.5656 0.8229 -0.0544
vn -0.4158 0.7670 0.4886
vn -0.2547 0.8503 0.4606
vn 0.8375 -0.1277 -0.5313
vn 0.7111 -0.4960 -0.4983
vn 0.3660 0.1072 0.9244
vn 0.3325 0.1473 0.9315
vn -0.0093 0.5756 0.8176
vn -0.1199 0.5729 0.8108
vn -0.2142 0.7345 -0.6439
vn -0.3927 0.6782 -0.6211
vn 0.0015 -0.9019 -0.4320
vn 0.0415 -0.6319 -0.7739
vn -0.1014 -0.5366 -0.8377
vn -0.2245 -0.7592 -0.6109
vn -0.0989 0.6579 -0.7466
vn -0.1175 0.8822 -0.4559
vn -0.2505 0.5308 -0.8096
vn -0.1650 0.9863 -0.0047
vn -0.1840 0.8180 0.5451
vn -0.1874 -0.7136 0.6750
vn -0.1116 -0.9788 0.1716
vn -0.0942 0.0404 0.9947
vn -0.1572 -0.2602 0.9527
vn -0.0726 0.1519 0.9857
vn -0.1351 0.4144 0.9000
vn -0.0686 0.0574 -0.9960
vn -0.0887 0.3662 -0.9263
vn -0.1162 0.2632 -0.9577
vn -0.0717 0.0182 -0.9973
vn -0.0389 -0.2204 -0.9746
vn -0.0293 -0.2435 -0.9695
vn -0.0076 -0.4281 -0.9037
vn -0.0388 -0.4257 -0.9040
vn 0.2111 0.2978 -0.9310
vn 0.7317 0.2428 -0.6369
vn 0.9507 0.2623 -0.1657
vn 0.9368 -0.0222 0.3493
vn -0.1852 0.5116 0.8390
vn -0.4825 0.6628 0.5726
vn -0.4051 0.4175 -0.8134
vn -0.3651 0.4153 -0.8332
vn -0.1467 0.3323 -0.9317
vn -0.5947 0.5251 -0.6087
vn -0.5501 0.5479 -0.6303
vn -0.6688 0.7266 0.1572
vn -0.6983 0.6543 -0.2903
vn -0.6726 0.6674 -0.3196
vn 0.2509 0.2583 0.9329
vn 0.1274 0.9794 -0.1567
vn 0.4073 0.7715 -0.4887
vn -0.1879 0.3902 -0.9014
vn -0.3543 0.4649 -0.8114
vn -0.1694 0.3683 -0.9141
vn 0.0455 0.4791 -0.8766
vn -0.0817 -0.7257 -0.6831
vn 0.0838 -0.6812 -0.7273
vn 0.1233 -0.9740 -0.1899
vn -0.0078 -0.9809 -0.1944
vn 0.0083 -0.0604 -0.9981
vn 0.0361 -0.0386 -0.9986
vn 0.0095 0.0996 -0.9950
vn 0.0245 0.0024 -0.9997
vn 0.0345 -0.1678 -0.9852
vn 0.0377 -0.2391 -0.9703
vn 0.1138 0.0699 -0.9910
vn 0.0330 -0.1186 -0.9924
vn 0.1144 -0.1782 -0.9773
vn 0.0282 -0.1282 -0.9913
vn 0.0126 -0.3032 -0.9529
vn -0.0938 -0.3319 -0.9386
vn -0.1132 -0.4036 -0.9079
vn 0.1416 -0.3822 -0.9132
vn 0.0668 -0.2899 -0.9547
vn -0.1235 -0.9496 -0.2881
vn -0.0985 -0.8279 -0.5522
vn -0.0562 -0.5052 -0.8612
vn 0.3949 -0.0452 -0.9176
vn 0.0961 -0.0575 -0.9937
vn 0.1446 -0.1181 -0.9824
vn 0.0533 -0.2068 -0.9769
vn 0.0980 -0.1524 -0.9835
vn 0.0509 -0.2387 0.9698
vn -0.1093 -0.2233 0.9686
vn -0.1760 -0.2117 0.9614
vn -0.0583 0.0905 0.9942
vn -0.1865 0.0800 0.9792
vn -0.1431 0.0362 0.9890
vn -0.2358 0.0679 0.9694
vn -0.3698 0.1060 0.9230
vn -0.1746 0.1516 0.9729
vn -0.3025 0.1039 0.9475
vn -0.1458 0.1275 0.9811
vn -0.2395 0.0485 0.9697
vn -0.4084 0.1594 0.8988
vn -0.2485 0.1489 0.9571
vn -0.3065 0.1569 0.9388
vn 0.0955 -0.3126 0.9451
vn 0.0886 -0.7482 0.6575
vn 0.0164 -0.4424 -0.8967
vn 0.0445 0.8150 0.5778
vn 0.0708 0.4553 0.8875
vn -0.0194 0.3344 -0.9422
vn 0.0121 0.6455 -0.7637
vn -0.0099 -0.2594 -0.9657
vn -0.0277 0.0203 -0.9994
vn 0.0983 0.1844 0.9779
vn 0.0989 -0.0039 0.9951
vn 0.0401 0.8947 -0.4449
vn 0.0444 0.9978 0.0482
vn 0.0810 -0.9578 0.2757
vn 0.1181 -0.3735 -0.9201
vn -0.0614 0.1535 0.9862
vn 0.0016 0.3960 0.9183
vn 0.9627 -0.2499 0.1042
vn 0.4554 -0.0234 0.8900
vn 0.0578 -0.0798 0.9951
vn 0.8131 0.0430 0.5805
vn 0.8514 0.1091 0.5131
vn 0.3491 0.0112 0.9370
vn 0.8205 -0.1785 0.5430
vn 0.4637 0.0238 -0.8857
vn 0.8557 -0.0058 -0.5174
vn -0.6276 -0.1611 -0.7617
vn -0.0591 -0.0482 -0.9971
vn -0.9988 0.0168 0.0455
vn 0.9991 0.0129 0.0397
vn -0.9376 -0.1256 -0.3243
vn 0.4031 -0.0561 0.9134
vn -0.0020 -0.0391 0.9992
vn 0.4099 -0.0564 0.9104
vn 0.0210 -0.0656 0.9976
vn 0.9320 0.2853 -0.2236
vn 0.4146 0.4013 -0.8168
vn 0.5904 0.1894 -0.7846
vn 0.9935 0.0717 -0.0886
vn 0.9900 -0.1410 0.0060
vn 0.6712 -0.0894 -0.7359
vn -0.4397 -0.0503 0.8967
vn -0.7642 -0.0940 0.6380
vn -0.4116 -0.0588 0.9094
vn -0.7476 -0.0263 0.6636
vn 0.0389 0.3738 -0.9267
vn -0.2981 0.3705 -0.8797
vn -0.4821 0.0966 -0.8708
vn 0.0238 0.1845 -0.9825
vn 0.0335 -0.0740 -0.9967
vn -0.5124 -0.1597 -0.8438
vn -0.9715 0.0441 0.2327
vn -0.9536 0.0212 0.3004
vn -0.9508 -0.1685 0.2600
vn 0.8805 0.1067 0.4619
vn 0.8629 -0.0217 0.5049
vn 0.8569 -0.1215 0.5010
vn -0.8377 0.3058 -0.4524
vn -0.9373 0.0985 -0.3343
vn -0.9209 -0.2217 -0.3206
vn 0.0967 0.3783 -0.9206
vn 0.6902 0.0357 0.7228
vn 0.6757 -0.0432 0.7359
vn 0.6837 -0.0856 0.7247
vn -0.6670 -0.2592 -0.6985
vn -0.5922 -0.1868 -0.7838
vn -0.5791 0.0502 -0.8137
vn -0.5335 0.3171 -0.7841
vn -0.7008 -0.3051 -0.6448
vn -0.7263 -0.2233 -0.6500
vn -0.4013 0.3591 -0.8426
vn -0.7230 -0.1101 -0.6820
vn 0.9254 0.1421 0.3513
vn 0.9151 0.0388 0.4013
vn 0.9964 0.0368 -0.0769
vn 0.9700 0.1750 -0.1684
vn 0.9200 -0.0946 -0.3804
vn 0.7243 -0.6332 -0.2729
vn 0.3209 -0.8678 -0.3794
vn 0.4488 -0.4305 -0.7831
vn 0.7213 -0.6816 -0.1229
vn 0.6835 -0.7057 -0.1863
vn 0.2772 -0.9535 -0.1187
vn 0.2358 -0.9705 -0.0495
vn -0.0875 -0.9941 -0.0635
vn -0.0514 -0.9970 -0.0582
vn -0.1736 -0.9791 -0.1062
vn -0.0779 -0.9943 -0.0728
vn -0.1234 -0.9253 -0.3587
vn -0.3085 -0.4132 -0.8568
vn 0.2178 0.8393 0.4982
vn 0.2016 0.8901 0.4087
vn 0.3260 0.8845 0.3337
vn 0.3973 0.7989 0.4516
vn -0.5144 -0.8298 -0.2162
vn -0.8773 -0.2733 -0.3945
vn -0.0531 -0.9957 0.0761
vn -0.5139 -0.8445 0.1505
vn 0.3180 0.8587 0.4019
vn 0.2751 0.9065 0.3204
vn 0.4232 0.8604 0.2838
vn 0.4803 0.8196 0.3124
vn 0.7271 -0.6851 -0.0450
vn 0.1386 -0.9903 0.0045
vn -0.9753 -0.2206 -0.0124
vn 0.6483 -0.7611 0.0217
vn 0.0403 -0.9944 0.0979
vn -0.9576 0.0558 0.2828
vn -0.9347 0.0891 0.3441
vn -0.8075 0.2177 0.5483
vn -0.6899 0.0745 0.7200
vn -0.8319 0.1021 -0.5454
vn -0.7918 0.0132 -0.6106
vn -0.9414 -0.0209 -0.3367
vn -0.9524 0.1675 -0.2546
vn -0.1268 0.3367 0.9330
vn -0.0935 0.0776 0.9926
vn 0.6138 0.0565 0.7874
vn 0.6052 0.3553 0.7124
vn 0.8221 0.2844 0.4933
vn 0.8689 0.1104 0.4826
vn 0.4408 -0.0727 -0.8946
vn 0.5419 0.1023 -0.8342
vn -0.4180 0.0532 -0.9069
vn -0.3898 -0.1081 -0.9145
vn -0.7630 -0.0064 -0.6463
vn -0.8318 -0.0949 -0.5468
vn -0.1258 -0.9793 0.1584
vn -0.4950 -0.8453 0.2009
vn -0.1895 -0.9786 0.0797
vn -0.3254 -0.9373 0.1247
vn 0.9929 -0.0255 -0.1161
vn 0.9848 0.1737 0.0069
vn 0.9495 -0.3124 -0.0306
vn 0.9213 -0.3340 -0.1991
vn 0.9964 -0.0150 -0.0840
vn 0.1436 -0.9859 0.0855
vn -0.0448 -0.9951 0.0877
vn -0.9359 -0.3435 0.0779
vn 0.9980 -0.0323 -0.0535
vn 0.7711 0.0423 -0.6353
vn 0.7895 0.1342 -0.5989
vn -0.9730 0.0033 0.2309
vn -0.9698 0.1784 0.1663
vn 0.4811 0.3607 0.7990
vn 0.4205 0.0415 0.9063
vn 0.8178 -0.0180 -0.5752
vn 0.7586 0.0471 -0.6499
vn -0.0385 -0.9988 -0.0288
vn -0.1055 -0.9713 0.2130
vn -0.4578 -0.8780 0.1402
vn -0.4262 -0.9003 -0.0885
vn 0.0689 -0.9966 -0.0458
vn 0.1816 -0.9814 -0.0618
vn 0.1624 -0.9824 0.0927
vn 0.0449 -0.9943 0.0967
vn 0.0358 0.8772 0.4788
vn 0.1935 0.9159 0.3515
vn -0.9654 0.2471 -0.0830
vn -0.9474 0.2796 0.1558
vn -0.7651 0.6092 0.2086
vn -0.8271 0.5605 0.0414
vn -0.0289 -0.9970 -0.0721
vn 0.0047 -0.9963 -0.0852
vn -0.9045 0.4258 0.0263
vn -0.4859 0.8228 0.2947
vn -0.6309 0.7141 0.3034
vn -0.9656 0.1787 -0.1892
vn 0.3603 0.8165 0.4511
vn 0.3099 0.9022 0.3000
vn 0.2316 0.9202 0.3155
vn 0.2952 0.8452 0.4455
vn -0.0123 0.8982 0.4395
vn -0.1781 0.8575 0.4828
vn -0.3392 -0.9067 -0.2508
vn 0.1650 -0.9862 -0.0125
vn 0.2166 -0.9737 -0.0702
vn -0.0764 -0.9936 -0.0837
vn -0.0727 -0.9972 -0.0201
vn -0.2458 -0.9688 -0.0315
vn -0.0606 -0.9872 -0.1476
vn -0.3517 -0.8804 -0.3180
vn -0.5362 -0.8439 -0.0175
vn -0.8897 0.4026 0.2154
vn -0.3935 0.8318 0.3916
vn -0.0999 0.7585 0.6440
vn -0.7524 0.6364 0.1698
vn 0.4683 0.6971 0.5429
vn 0.4266 0.8030 0.4162
vn 0.5935 0.6853 0.4221
vn 0.3969 0.7934 0.4615
vn -0.9888 -0.0084 -0.1488
vn -0.9737 0.0519 -0.2217
vn -0.9520 0.2955 -0.0798
vn -0.9692 0.2137 -0.1225
vn -0.1694 -0.9855 -0.0123
vn -0.1296 -0.9884 -0.0792
vn 0.9941 -0.0485 -0.0967
vn 0.9952 -0.0303 -0.0935
vn 0.7524 -0.6527 -0.0888
vn 0.7164 -0.6961 -0.0477
vn 0.5519 0.7728 0.3134
vn 0.7290 0.6534 0.2042
vn 0.8018 0.5355 0.2654
vn 0.4172 0.8210 0.3898
vn 0.4125 0.7762 0.4767
vn 0.1068 0.8553 0.5069
vn 0.6685 0.7222 0.1776
vn 0.8206 0.5696 0.0464
vn 0.8683 0.4907 0.0723
vn 0.9553 0.2937 -0.0325
vn 0.9247 0.3785 -0.0407
vn 0.9281 0.3705 0.0359
vn 0.9705 0.2285 -0.0773
vn -0.8123 -0.4521 -0.3684
vn -0.8255 -0.4382 -0.3557
vn -0.8696 -0.4855 -0.0894
vn -0.9123 -0.3801 -0.1521
vn -0.9250 -0.3596 0.1232
vn 0.1108 -0.8972 0.4275
vn 0.0535 -0.7080 0.7042
vn 0.0501 -0.6632 0.7468
vn 0.0536 -0.8910 0.4508
vn -0.3402 0.8815 0.3276
vn 0.0383 0.9246 0.3789
vn 0.2744 0.3771 0.8846
vn 0.1715 0.4580 0.8722
vn 0.6192 0.5902 0.5180
vn 0.7564 0.2961 0.5832
vn -0.2918 -0.3488 0.8906
vn -0.4754 -0.6134 0.6307
vn -0.7756 0.0722 0.6271
vn 0.0390 0.0876 0.9954
vn 0.3596 0.7830 0.5075
vn 0.4120 0.5117 0.7539
vn -0.1061 0.6791 0.7263
vn 0.1957 0.8263 0.5281
vn -0.9999 0.0149 0.0029
vn 0.2257 0.9026 0.3665
vn 0.2817 0.9250 0.2550
vn 0.5617 0.8017 0.2041
vn 0.3734 0.8919 0.2550
vn 0.6404 0.7482 0.1731
vn 0.7375 0.6671 0.1055
vn 0.9380 -0.1613 0.3067
vn 0.9394 -0.3168 -0.1307
vn 0.9660 0.2466 -0.0777
vn 0.9462 0.3032 -0.1131
vn -0.8757 -0.3986 -0.2726
vn -0.9394 -0.2784 0.2000
vn -0.9699 0.1671 -0.1773
vn -0.9936 0.0558 -0.0981
vn 0.7420 -0.2640 -0.6162
vn 0.8902 0.2733 -0.3645
vn 0.8589 0.5119 0.0153
vn -0.7592 -0.2740 -0.5903
vn -0.8718 0.2253 -0.4349
vn -0.3262 0.3022 -0.8957
vn -0.8341 0.0761 -0.5463
vn -0.3581 0.1612 -0.9197
vn 0.5809 0.3090 -0.7530
vn 0.5232 0.1634 -0.8364
vn 0.8430 0.1084 -0.5269
vn 0.3184 0.8847 0.3405
vn 0.3823 0.8873 0.2578
vn 0.7649 0.6224 0.1658
vn 0.2673 0.5470 0.7934
vn 0.1439 0.3130 0.9388
vn -0.6785 0.3719 0.6335
vn -0.5286 0.5877 0.6125
vn 0.9893 0.1351 0.0559
vn 0.9823 -0.0166 -0.1866
vn -0.9579 -0.1189 -0.2612
vn 0.1544 -0.9026 0.4018
vn 0.2204 -0.9753 -0.0128
vn 0.6438 -0.7635 -0.0512
vn 0.3732 -0.9065 0.1976
vn 0.5078 -0.8361 0.2077
vn -0.2622 -0.9509 -0.1645
vn -0.3511 -0.8598 -0.3708
vn 0.4718 -0.8810 0.0341
vn -0.1193 0.2178 0.9687
vn 0.4249 0.3990 0.8126
vn 0.3539 0.6850 0.6367
vn -0.0801 0.5103 0.8562
vn -0.2328 -0.8410 0.4884
vn 0.3905 -0.7413 0.5459
vn 0.4877 -0.1679 0.8567
vn -0.1904 -0.2658 0.9450
vn 0.6535 0.5676 0.5007
vn 0.9000 -0.1223 0.4183
vn 0.9018 -0.3186 0.2919
vn 0.7413 0.4450 0.5024
vn 0.1164 0.8288 0.5473
vn 0.2346 0.8125 0.5337
vn 0.2781 0.7959 0.5378
vn 0.0961 0.8735 0.4772
vn 0.8481 -0.0965 0.5210
vn 0.6282 0.5583 0.5420
vn -0.4173 -0.7732 -0.4774
vn 0.3974 -0.9015 -0.1715
vn 0.2860 0.8480 0.4463
vn 0.2046 0.9626 0.1776
vn 0.3658 0.9074 0.2068
vn 0.2425 0.9428 0.2289
vn 0.2698 0.9437 0.1914
vn 0.2175 0.9367 0.2743
vn 0.2468 0.9552 0.1633
vn -0.0166 0.8718 0.4896
vn 0.1622 0.9351 0.3152
vn 0.3465 0.7735 0.5307
vn 0.0610 0.8229 0.5649
vn 0.1499 0.8557 0.4952
vn 0.7862 0.3971 0.4734
vn 0.3282 0.7228 0.6082
vn -0.5023 -0.7548 -0.4219
vn 0.3670 -0.9140 -0.1727
vn 0.9303 -0.2917 0.2224
vn 0.0106 0.8037 0.5949
vn 0.9676 -0.2033 0.1496
vn 0.8518 0.4368 0.2891
vn -0.6140 -0.7446 -0.2617
vn 0.3041 -0.9509 -0.0575
vn 0.5347 0.7216 0.4398
vn 0.0039 0.7933 0.6088
vn 0.3682 -0.9234 0.1084
vn 0.9907 -0.0655 0.1191
vn 0.8971 0.4334 0.0856
vn 0.7098 0.6924 0.1293
vn -0.0157 0.8251 0.5647
vn 0.4858 0.7441 0.4586
vn 0.5540 0.8214 0.1353
vn -0.0066 0.9927 0.1208
vn -0.6662 -0.7363 -0.1185
vn -0.0703 0.9902 0.1210
vn -0.1151 0.9296 0.3502
vn 0.6403 0.7345 0.2247
vn 0.6200 0.7537 0.2180
vn 0.1054 0.9207 0.3759
vn 0.5437 -0.8321 0.1094
vn -0.5846 -0.8098 -0.0485
vn -0.2603 -0.9640 0.0533
vn 0.8054 -0.5697 0.1636
vn 0.8791 0.4636 0.1104
vn 0.9855 0.1081 0.1312
vn 0.9213 0.2978 0.2499
vn 0.8129 0.5477 0.1981
vn -0.8150 -0.5090 -0.2770
vn -0.7929 -0.4227 -0.4389
vn -0.4162 0.6908 0.5913
vn -0.7513 0.3129 0.5810
vn -0.8446 -0.1686 0.5082
vn -0.7534 -0.6311 0.1848
vn -0.8113 0.5846 0.0061
vn -0.8225 0.5641 -0.0724
vn -0.9518 -0.0711 -0.2985
vn -0.9675 0.0377 -0.2500
vn -0.3136 0.9146 0.2552
vn -0.2085 0.9013 0.3798
vn -0.9898 -0.0190 -0.1411
vn -0.8764 0.4695 0.1069
vn -0.7960 -0.4478 -0.4073
vn -0.2728 0.8773 0.3949
vn -0.0784 0.9842 0.1585
vn -0.1328 0.9779 0.1617
vn 0.0482 0.9950 0.0875
vn 0.2392 0.8401 0.4869
vn 0.0530 0.9374 0.3441
vn -0.1970 0.8470 0.4938
vn -0.4293 0.8123 0.3948
vn -0.9196 0.3884 -0.0584
vn -0.7651 -0.4972 -0.4091
vn -0.9282 -0.1856 -0.3224
vn -0.9614 0.2706 -0.0505
vn -0.9184 -0.2835 -0.2760
vn -0.7954 -0.5247 -0.3034
vn -0.6852 0.6809 0.2587
vn -0.9309 -0.2911 -0.2208
vn -0.8401 -0.5161 -0.1670
vn -0.8695 0.4937 -0.0124
vn -0.9773 0.0713 -0.1994
vn -0.5830 0.7982 0.1512
vn -0.4649 0.7717 0.4339
vn -0.4126 0.6396 0.6486
vn -0.8831 0.4540 0.1186
vn -0.8619 -0.5032 -0.0627
vn -0.4912 -0.7081 0.5073
vn -0.9957 0.0499 -0.0781
vn -0.6023 0.3496 0.7176
vn -0.5640 0.1780 0.8064
vn -0.9670 -0.2369 -0.0938
vn 0.7664 -0.6009 0.2272
vn 0.1012 -0.9391 0.3284
vn 0.1055 -0.9939 0.0312
vn 0.7557 -0.6536 -0.0414
vn 0.0680 0.1474 0.9867
vn 0.7076 0.2820 0.6479
vn 0.6092 0.6322 0.4787
vn 0.0768 0.4535 0.8879
vn 0.0716 -0.6955 0.7149
vn 0.6179 -0.5411 0.5704
vn 0.7378 -0.1261 0.6632
vn 0.0608 -0.3437 0.9371
vn 0.8929 0.4462 0.0609
vn 1.0000 0.0053 -0.0044
vn 0.9868 -0.0648 -0.1487
vn 0.9365 0.3450 -0.0622
vn -0.0009 0.9050 0.4254
vn 0.5295 0.8102 0.2513
vn 0.6498 0.7203 0.2427
vn -0.0415 0.8379 0.5442
vn 0.9807 0.0127 0.1951
vn 0.8809 0.4478 0.1532
vn 0.0418 -0.9827 -0.1805
vn 0.7105 -0.6816 -0.1746
vn 0.5913 0.7976 0.1197
vn 0.0857 0.9842 -0.1548
vn 0.3461 0.9300 -0.1235
vn 0.2829 0.9583 0.0395
vn 0.0641 0.9972 -0.0392
vn 0.2606 0.9642 0.0497
vn 0.0235 0.9993 0.0294
vn 0.1868 0.9658 0.1801
vn 0.3347 0.9369 0.1011
vn 0.4797 0.7907 0.3804
vn 0.1365 0.8792 0.4565
vn 0.0121 0.9771 0.2123
vn -0.0978 0.8628 0.4960
vn 0.2262 0.8672 0.4437
vn 0.3010 0.9452 0.1266
vn -0.1271 0.9882 0.0858
vn 0.9734 0.2093 -0.0932
vn 0.7297 0.6789 0.0812
vn -0.0272 -0.9936 -0.1099
vn 0.6001 -0.7766 -0.1917
vn 0.9664 -0.1411 -0.2147
vn -0.0984 0.9951 0.0102
vn 0.8383 0.2078 0.5041
vn 0.5814 0.4841 0.6539
vn 0.3165 -0.8432 0.4346
vn 0.8362 -0.0382 0.5470
vn -0.0569 0.9104 0.4099
vn -0.0960 -0.9536 0.2853
vn -0.5924 -0.6866 0.4216
vn -0.6205 -0.7633 0.1799
vn -0.6727 0.5536 0.4908
vn -0.7156 0.1043 0.6907
vn -0.6243 -0.2972 0.7224
vn -0.4909 -0.6026 0.6292
vn -0.8991 0.3557 0.2551
vn -0.9392 0.3424 0.0259
vn -0.9803 -0.1945 -0.0340
vn -0.9519 -0.1366 0.2742
vn -0.6366 0.7479 0.1879
vn -0.5425 0.7959 0.2688
vn -0.9097 -0.1586 0.3838
vn -0.9460 0.2233 0.2351
vn -0.6374 -0.7582 -0.1374
vn -0.6885 0.7191 0.0944
vn -0.2279 0.9730 -0.0361
vn -0.2289 0.9678 -0.1050
vn -0.2166 0.9752 0.0458
vn -0.1822 0.9670 0.1783
vn -0.3758 0.9266 0.0141
vn -0.4048 0.8071 0.4297
vn -0.5600 0.8284 -0.0132
vn -0.4960 0.8181 0.2909
vn -0.6838 0.7202 -0.1172
vn -0.9227 0.3508 -0.1597
vn -0.5476 -0.8260 -0.1334
vn -0.9604 -0.2277 -0.1608
vn -0.6933 0.6982 0.1784
vn -0.9365 0.3388 0.0902
vn -0.9475 -0.2804 0.1539
vn -0.4949 -0.8384 0.2286
vn 0.7441 -0.6207 0.2472
vn 0.0672 -0.9586 0.2766
vn 0.1251 -0.9805 -0.1515
vn 0.8053 -0.5882 -0.0737
vn 0.0399 0.2786 0.9596
vn 0.6941 0.3401 0.6344
vn 0.5648 0.6737 0.4766
vn 0.0544 0.6094 0.7910
vn 0.0050 -0.6542 0.7563
vn 0.5605 -0.5623 0.6080
vn 0.6822 -0.1534 0.7149
vn -0.0009 -0.2045 0.9789
vn 0.9466 0.3219 0.0176
vn 0.9979 -0.0547 -0.0354
vn 0.9940 -0.0981 -0.0490
vn 0.9614 0.2669 0.0666
vn -0.0446 0.9256 0.3759
vn 0.5267 0.8049 0.2732
vn 0.6713 0.7202 0.1749
vn -0.0492 0.9787 0.1992
vn 0.9805 -0.1316 0.1456
vn 0.9449 0.3179 0.0779
vn 0.1759 -0.9309 -0.3200
vn 0.8101 -0.5557 -0.1870
vn 0.7092 0.6963 0.1102
vn 0.0568 0.9884 -0.1408
vn 0.3136 0.9420 -0.1192
vn 0.3514 0.9362 -0.0105
vn 0.0720 0.9963 -0.0463
vn 0.2527 0.9675 0.0045
vn 0.0450 0.9986 -0.0261
vn 0.2095 0.9072 0.3650
vn 0.4153 0.8995 0.1356
vn 0.4726 0.8341 0.2844
vn 0.0625 0.9533 0.2954
vn -0.0167 0.9271 0.3744
vn 0.9534 0.2626 0.1487
vn 0.6527 0.6613 0.3696
vn 0.1716 -0.9072 -0.3841
vn 0.7900 -0.5549 -0.2607
vn 0.9937 -0.1037 -0.0419
vn -0.0684 0.8644 0.4981
vn 0.9944 -0.1036 -0.0218
vn 0.9259 0.3361 0.1726
vn 0.1987 -0.9595 -0.1997
vn 0.8356 -0.5288 -0.1488
vn 0.6423 0.6762 0.3607
vn -0.0904 0.8249 0.5581
vn 0.8281 -0.5603 -0.0194
vn 0.9885 -0.1352 -0.0674
vn 0.9653 0.2608 -0.0169
vn 0.7152 0.6927 0.0935
vn -0.1243 0.9208 0.3696
vn 0.4429 0.8395 0.3149
vn 0.4302 0.9010 0.0562
vn -0.1285 0.9915 0.0182
vn 0.1591 -0.9863 0.0437
vn -0.1539 0.9868 0.0510
vn -0.0911 0.9438 0.3177
vn 0.7126 0.6792 0.1756
vn 0.6397 0.6221 0.4515
vn -0.1690 0.8345 0.5244
vn 0.8450 -0.5334 -0.0384
vn 0.2076 -0.9768 0.0523
vn 0.1922 -0.8274 0.5278
vn 0.6409 -0.4969 0.5851
vn 0.9757 0.2179 -0.0223
vn 0.9910 -0.1019 -0.0866
vn 0.8236 0.0948 0.5593
vn 0.8549 0.2988 0.4242
vn -0.6903 -0.6943 0.2037
vn -0.6923 -0.7037 -0.1598
vn -0.4753 0.7157 0.5117
vn -0.6482 0.3692 0.6660
vn -0.7112 -0.1377 0.6894
vn -0.5727 -0.5867 0.5726
vn -0.9127 0.4034 -0.0646
vn -0.9383 0.3459 0.0024
vn -0.9797 -0.1307 -0.1521
vn -0.9922 -0.0355 -0.1199
vn -0.6841 0.7236 0.0919
vn -0.5299 0.8392 0.1225
vn -0.9897 -0.0990 0.1039
vn -0.9066 0.4201 0.0396
vn -0.6340 -0.7117 -0.3027
vn -0.5781 0.8147 0.0461
vn -0.1635 0.9851 -0.0540
vn -0.1624 0.9851 -0.0569
vn -0.1428 0.9865 -0.0803
vn -0.1286 0.9761 0.1752
vn -0.2540 0.9669 0.0242
vn -0.3286 0.8894 0.3179
vn -0.6985 0.6316 0.3365
vn -0.9333 0.3071 0.1861
vn -0.6227 -0.7264 -0.2910
vn -0.9908 -0.1351 -0.0124
vn -0.9211 0.3345 0.1990
vn -0.9901 -0.1363 0.0339
vn -0.7074 -0.6973 -0.1156
vn -0.7340 0.5992 0.3197
vn -0.9810 -0.1899 -0.0388
vn -0.6600 -0.7512 0.0134
vn -0.7847 0.6184 0.0424
vn -0.9595 0.2813 -0.0157
vn -0.6493 0.7605 0.0078
vn -0.6410 0.7242 0.2543
vn -0.8034 0.5794 0.1374
vn -0.6776 -0.7349 0.0290
vn -0.9672 0.2509 -0.0399
vn -0.9852 -0.1542 -0.0754
vn 0.6491 -0.7587 -0.0552
vn -0.1835 -0.9810 -0.0638
vn -0.1043 -0.8370 -0.5372
vn 0.6323 -0.6179 -0.4672
vn 0.0882 0.2724 0.9581
vn 0.8037 0.2003 0.5603
vn 0.7220 0.5433 0.4285
vn 0.1022 0.6154 0.7816
vn -0.1102 -0.6418 0.7589
vn 0.5805 -0.6218 0.5257
vn 0.7635 -0.1756 0.6215
vn -0.0031 -0.1694 0.9855
vn 0.9643 0.2607 0.0463
vn 0.9644 -0.1888 -0.1854
vn 0.9393 -0.2952 -0.1749
vn 0.9685 0.2371 0.0761
vn 0.1107 0.9516 0.2869
vn 0.5262 0.8099 0.2590
vn 0.6168 0.7652 0.1847
vn 0.1131 0.9614 0.2507
vn 0.9741 -0.2260 -0.0073
vn 0.9757 0.2081 0.0683
vn -0.0037 -0.8432 -0.5376
vn 0.6370 -0.6358 -0.4357
vn 0.7700 0.6167 0.1638
vn 0.0311 0.9956 0.0888
vn 0.3515 0.9285 0.1193
vn 0.3766 0.9071 0.1880
vn 0.0852 0.9710 0.2234
vn 0.3180 0.9456 0.0682
vn 0.0795 0.9968 0.0064
vn 0.2753 0.9011 0.3349
vn 0.4503 0.8567 0.2514
vn 0.5222 0.7865 0.3298
vn 0.0646 0.9209 0.3844
vn 0.0963 0.9714 0.2170
vn 0.9461 0.2823 0.1587
vn 0.5389 0.7230 0.4323
vn 0.0373 -0.8672 -0.4966
vn 0.5823 -0.7110 -0.3942
vn 0.9322 -0.3333 -0.1413
vn 0.0951 0.8202 0.5641
vn 0.9537 -0.3001 -0.0197
vn 0.8816 0.3833 0.2754
vn 0.0364 -0.9652 -0.2588
vn 0.6040 -0.7757 -0.1828
vn 0.5723 0.6902 0.4428
vn 0.1059 0.7604 0.6408
vn 0.6217 -0.7802 0.0691
vn 0.9574 -0.2881 0.0195
vn 0.9391 0.3283 0.1018
vn 0.6562 0.7223 0.2184
vn 0.1335 0.8909 0.4342
vn 0.5109 0.7778 0.3659
vn 0.5126 0.8371 0.1913
vn 0.1400 0.9754 0.1703
vn -0.0308 -0.9968 0.0739
vn 0.0744 0.9502 0.3027
vn 0.0475 0.9032 0.4265
vn 0.6750 0.6754 0.2970
vn 0.5944 0.6451 0.4801
vn 0.0088 0.8492 0.5280
vn 0.6453 -0.7376 0.1990
vn -0.1379 -0.9641 0.2270
vn -0.1791 -0.7314 0.6580
vn 0.3482 -0.5994 0.7208
vn 0.9600 0.2615 0.1004
vn 0.9638 -0.2636 0.0401
vn 0.8145 -0.1082 0.5700
vn 0.8629 0.2582 0.4344
vn -0.8744 -0.4852 -0.0077
vn -0.8043 -0.5075 -0.3091
vn -0.4202 0.7213 0.5506
vn -0.6821 0.3481 0.6431
vn -0.7980 -0.0261 0.6021
vn -0.7696 -0.4095 0.4899
vn -0.9116 0.4086 0.0445
vn -0.9303 0.3592 0.0745
vn -0.9881 -0.1157 -0.1011
vn -0.9969 0.0064 -0.0789
vn -0.4785 0.8472 0.2309
vn -0.3511 0.9079 0.2289
vn -0.9976 0.0445 0.0523
vn -0.8770 0.4642 0.1238
vn -0.7319 -0.5938 -0.3341
vn -0.3685 0.8858 0.2821
vn -0.1115 0.9486 0.2963
vn -0.1988 0.9668 0.1603
vn -0.1155 0.9906 0.0730
vn 0.0603 0.9473 0.3147
vn -0.0326 0.9377 0.3460
vn -0.2266 0.8484 0.4784
vn -0.4582 0.7403 0.4919
vn -0.9234 0.3407 0.1765
vn -0.6630 -0.6381 -0.3914
vn -0.9860 -0.1237 -0.1121
vn -0.8957 0.3899 0.2139
vn -0.9883 -0.1402 -0.0594
vn -0.7142 -0.6649 -0.2188
vn -0.5278 0.7362 0.4235
vn -0.9743 -0.1842 -0.1296
vn -0.7061 -0.7062 -0.0511
vn -0.6569 0.7407 0.1408
vn -0.9586 0.2781 -0.0607
vn -0.3191 0.9347 0.1564
vn -0.3182 0.8804 0.3517
vn -0.5412 0.5664 0.6215
vn -0.7533 0.5964 0.2773
vn -0.7888 -0.6125 -0.0519
vn -0.4813 -0.5572 0.6767
vn -0.9871 0.1574 -0.0283
vn -0.7797 0.2424 0.5774
vn -0.7407 0.0746 0.6677
vn -0.9707 -0.1648 -0.1748
vn 0.5860 -0.8103 0.0102
vn -0.2325 -0.9499 -0.2091
vn -0.2711 -0.7867 -0.5546
vn 0.5077 -0.7610 -0.4039
vn 0.0103 0.1831 0.9830
vn 0.6941 0.2373 0.6796
vn 0.5735 0.6586 0.4872
vn 0.0813 0.7011 0.7084
vn -0.1843 -0.7937 0.5798
vn 0.5216 -0.6837 0.5104
vn 0.6850 -0.1284 0.7171
vn -0.0788 -0.2237 0.9715
vn 0.8688 0.3797 0.3179
vn 0.9884 -0.1482 0.0327
vn 0.9885 -0.1310 -0.0753
vn 0.8570 0.4052 0.3183
vn 0.0057 0.8501 0.5266
vn 0.3891 0.7380 0.5514
vn 0.5070 0.7597 0.4072
vn 0.0414 0.8933 0.4475
vn 0.9587 -0.1590 0.2360
vn 0.8980 0.3124 0.3098
vn -0.2667 -0.7214 -0.6391
vn 0.4810 -0.6668 -0.5692
vn 0.6844 0.6116 0.3970
vn 0.0034 0.9983 0.0577
vn 0.3341 0.9299 0.1537
vn 0.3188 0.8979 0.3034
vn 0.0201 0.9801 0.1976
vn 0.1939 0.8870 0.4191
vn -0.0180 0.9221 0.3866
vn 0.1032 0.7227 0.6834
vn 0.2501 0.8707 0.4234
vn 0.3547 0.8995 0.2551
vn 0.0486 0.9770 0.2078
vn -0.0214 0.7869 0.6167
vn 0.8212 0.4669 0.3280
vn 0.4516 0.7379 0.5016
vn -0.2170 -0.7483 -0.6269
vn 0.4587 -0.6790 -0.5732
vn 0.9924 -0.1105 -0.0536
vn 0.0252 0.8121 0.5830
vn 0.9803 -0.1976 0.0083
vn 0.8396 0.4659 0.2793
vn -0.2400 -0.9032 -0.3559
vn 0.4512 -0.8453 -0.2860
vn 0.5323 0.7332 0.4232
vn 0.0927 0.8367 0.5397
vn 0.4264 -0.8873 0.1759
vn 0.9412 -0.3194 0.1105
vn 0.9526 0.2690 0.1419
vn 0.7045 0.6650 0.2478
vn 0.1721 0.9214 0.3483
vn 0.4384 0.8311 0.3423
vn 0.4760 0.8558 0.2027
vn 0.1899 0.9694 0.1555
vn -0.1861 -0.9680 0.1683
vn 0.2438 0.9255 0.2899
vn 0.3096 0.8857 0.3460
vn 0.8019 0.5422 0.2510
vn 0.2962 0.8447 0.4458
vn 0.5010 -0.7544 0.4241
vn -0.1594 -0.8851 0.4373
vn -0.0798 -0.7613 0.6435
vn 0.3721 -0.5868 0.7192
vn 0.9691 0.1729 0.1758
vn 0.9433 -0.2306 0.2386
vn 0.7370 0.0974 0.6688
vn -0.8754 -0.4445 -0.1900
vn -0.8072 -0.4174 -0.4173
vn -0.3877 0.7604 0.5210
vn -0.6875 0.3435 0.6398
vn -0.7995 0.0014 0.6006
vn -0.7990 -0.5120 0.3154
vn -0.8752 0.4690 0.1185
vn -0.9071 0.4033 0.1209
vn -0.9802 -0.1061 -0.1674
vn -0.9906 0.0835 -0.1082
vn -0.4605 0.8066 0.3706
vn -0.3788 0.8283 0.4128
vn -0.9913 0.1314 0.0089
vn -0.8634 0.4759 0.1673
vn -0.7547 -0.4949 -0.4306
vn -0.2802 0.9043 0.3221
vn -0.0818 0.9744 0.2092
vn -0.1858 0.9825 0.0102
vn -0.0843 0.9258 0.3685
vn 0.1102 0.8335 0.5415
vn 0.2589 0.9337 0.2472
vn 0.0339 0.9903 0.1347
vn -0.4155 0.7442 0.5230
vn -0.9161 0.3537 0.1889
vn -0.6545 -0.5846 -0.4795
vn -0.9515 -0.2178 -0.2174
vn -0.9003 0.4258 0.0904
vn -0.9330 -0.2687 -0.2395
vn -0.6373 -0.6882 -0.3467
vn -0.4360 0.8336 0.3391
vn -0.9271 -0.2952 -0.2309
vn -0.7055 -0.7072 -0.0458
vn -0.5255 0.8390 0.1411
vn -0.9567 0.2383 -0.1670
vn -0.1187 0.9825 0.1436
vn -0.1476 0.9490 0.2787
vn -0.6638 0.6814 0.3084
vn -0.7336 -0.6526 0.1898
vn -0.2900 -0.5850 0.7574
vn -0.9974 0.0454 -0.0566
vn -0.6977 0.1387 0.7029
vn -0.6826 -0.0732 0.7271
vn -0.9618 -0.2477 -0.1165
vn 0.1706 0.2479 0.9536
vn 0.1841 0.3661 0.9122
vn 0.2719 0.1284 0.9537
vn 0.4023 0.2667 0.8758
vn 0.3235 0.3331 0.8856
vn 0.1539 -0.0964 0.9834
vn 0.1688 0.4830 0.8592
vn 0.1757 -0.4285 0.8863
vn 0.1091 -0.2375 0.9652
vn 0.2853 -0.1836 0.9407
vn 0.1173 -0.6190 0.7766
vn -0.0550 -0.6156 0.7862
vn 0.0116 0.8126 0.5828
vn -0.1757 0.7531 0.6340
vn -0.0995 0.7457 0.6588
vn 0.1211 0.7411 0.6604
vn 0.3046 0.7302 0.6116
vn -0.1517 -0.8612 0.4852
vn 0.0228 -0.7642 0.6446
vn -0.1014 -0.6596 0.7447
vn -0.0582 -0.7426 0.6672
vn 0.1434 -0.6851 0.7142
vn -0.1407 -0.8105 0.5686
vn 0.1728 0.8311 0.5287
vn 0.2792 0.7924 0.5423
vn 0.4222 0.7489 0.5108
vn 0.4426 0.7823 0.4383
vn 0.1198 -0.7445 0.6567
vn 0.9379 -0.2619 0.2276
vn 0.0938 -0.7382 0.6680
vn -0.0095 -0.6522 0.7580
vn 0.2002 -0.6175 0.7607
vn -0.0039 -0.8462 0.5329
vn 0.2950 0.8219 0.4873
vn 0.9148 0.3421 0.2150
vn -0.0092 -0.8791 0.4766
vn 0.0356 -0.9280 0.3710
vn -0.0387 -0.9917 0.1224
vn 0.0357 -0.8193 0.5723
vn -0.0137 -0.3964 0.9180
vn -0.0458 -0.7982 0.6006
vn 0.0636 -0.9269 0.3698
vn -0.0996 -0.9855 0.1374
vn -0.0672 -0.9974 0.0274
vn -0.0045 -0.9953 0.0962
vn -0.1033 -0.9934 -0.0501
vn -0.0566 -0.9782 0.1999
vn 0.9845 -0.0082 -0.1750
vn -0.9821 -0.0627 -0.1774
vn -0.0992 -0.9888 -0.1112
vn 0.0175 0.3841 -0.9231
vn -0.9800 0.0347 0.1958
vn -0.0000 0.0007 1.0000
vn -0.0000 0.7272 0.6865
vn -0.8012 0.5742 0.1682
vn -0.9638 -0.2534 0.0835
vn -0.0000 -0.9389 0.3443
vn -0.0000 -0.4941 0.8694
vn -0.7527 -0.3023 0.5848
vn -0.0770 -0.2715 0.9593
vn -0.0000 -0.2580 0.9661
vn -0.7812 0.0548 0.6219
vn -0.0529 -0.0426 0.9977
vn -0.5321 0.2570 0.8067
vn -0.0574 0.1221 0.9909
vn -0.0000 0.7013 0.7129
vn -0.0000 0.0909 0.9959
vn 0.3794 0.8674 -0.3221
vn -0.0000 0.2485 -0.9686
vn -0.0000 0.3216 -0.9469
vn -0.1804 0.2222 -0.9582
vn -0.0940 0.2347 -0.9675
vn -0.0896 0.5592 -0.8242
vn -0.1269 0.5296 -0.8387
vn -0.2335 -0.0457 -0.9713
vn -0.2434 -0.1139 -0.9632
vn -0.1829 0.2307 -0.9557
vn -0.1504 0.3280 -0.9326
vn -0.9628 0.2363 -0.1312
vn -0.9414 0.3118 -0.1286
vn -0.9220 0.2353 0.3075
vn -0.9838 0.0467 0.1732
vn -0.9710 -0.0003 -0.2389
vn -0.9902 0.0797 -0.1149
vn -0.9779 0.0751 0.1951
vn -0.9771 -0.0046 0.2125
vn 0.2315 0.2784 -0.9322
vn 0.2875 0.5717 -0.7685
vn -0.0115 0.6249 -0.7806
vn -0.1086 0.2418 -0.9642
vn -0.6972 -0.0236 0.7165
vn -0.6763 -0.0058 0.7366
vn -0.4052 0.0150 0.9141
vn -0.4048 0.0090 0.9144
vn 0.5993 -0.5018 -0.6238
vn 0.3227 -0.5971 -0.7344
vn 0.7446 -0.4156 -0.5223
vn 0.8685 -0.4752 -0.1410
vn -0.5776 -0.0803 0.8124
vn -0.4696 -0.0883 0.8784
vn -0.3225 -0.1031 0.9409
vn -0.3929 -0.0927 0.9149
vn -0.9402 -0.1833 0.2872
vn -0.5427 0.2582 0.7992
vn -0.3805 0.3419 0.8592
vn -0.7106 -0.0689 0.7002
vn -0.1135 0.1043 -0.9880
vn -0.1382 -0.1235 -0.9827
vn -0.2558 -0.1818 -0.9495
vn -0.1965 0.2975 0.9343
vn -0.0247 0.4618 0.8867
vn 0.0568 0.6890 0.7226
vn -0.0914 0.5307 0.8427
vn 0.2578 0.6053 -0.7531
vn 0.2180 0.3939 -0.8929
vn -0.1739 0.3480 -0.9212
vn -0.1236 0.5781 -0.8065
vn -0.7464 -0.0214 0.6651
vn -0.4085 -0.2251 0.8845
vn -0.3964 -0.1156 0.9108
vn -0.7445 -0.0765 0.6632
vn -0.2177 0.3400 -0.9149
vn -0.1797 0.6700 -0.7203
vn -0.4562 0.5711 -0.6824
vn -0.3799 0.3985 -0.8348
vn -0.2567 -0.9483 0.1867
vn 0.4248 -0.8966 -0.1252
vn 0.5487 -0.6314 0.5480
vn 0.7461 -0.6651 -0.0300
vn 0.3786 0.2012 -0.9034
vn 0.3185 0.3520 -0.8801
vn -0.2965 -0.4507 0.8420
vn -0.2170 -0.3898 0.8950
vn -0.2167 -0.8143 0.5385
vn -0.2809 -0.8554 0.4352
vn -0.1342 -0.3281 -0.9351
vn -0.3089 -0.3105 -0.8990
vn -0.8058 -0.2667 -0.5287
vn -0.7489 -0.3168 -0.5821
vn 0.0379 0.0143 0.9992
vn 0.0842 0.0364 0.9958
vn 0.6147 0.0050 0.7887
vn 0.5155 -0.0303 0.8563
vn 0.9681 -0.2226 0.1148
vn 0.9835 -0.1743 -0.0494
vn 0.8500 -0.2395 -0.4692
vn 0.8744 -0.2985 -0.3826
vn 0.1591 -0.1832 -0.9701
vn -0.0803 -0.2281 -0.9703
vn -0.0075 -0.3972 -0.9177
vn 0.1700 -0.3159 -0.9334
vn -0.7779 -0.2046 0.5941
vn -0.5990 -0.2418 0.7634
vn -0.5808 -0.3404 0.7395
vn -0.7864 -0.3281 0.5234
vn -0.1431 -0.2492 0.9578
vn -0.1446 -0.2535 0.9565
vn -0.2103 -0.2308 -0.9500
vn -0.3312 -0.1447 -0.9324
vn -0.4378 -0.4335 -0.7876
vn -0.2092 -0.4522 -0.8670
vn 0.3348 -0.0693 -0.9397
vn 0.3951 0.0272 -0.9182
vn -0.8968 -0.2542 0.3622
vn -0.5808 0.0883 0.8092
vn -0.2016 0.2551 0.9457
vn 0.4289 0.3007 0.8519
vn 0.3278 0.5084 0.7963
vn -0.1820 0.4594 0.8694
vn -0.2933 -0.1411 -0.9456
vn -0.4068 -0.2207 -0.8865
vn -0.3321 -0.2826 -0.8999
vn -0.9295 -0.3619 0.0717
vn -0.8884 -0.4527 -0.0758
vn -0.8650 -0.4896 -0.1096
vn -0.7751 -0.6271 0.0776
vn -0.6867 -0.3286 -0.6485
vn -0.9379 -0.3430 -0.0515
vn -0.8243 -0.5658 0.0201
vn -0.5529 -0.5304 -0.6427
vn -0.3719 0.9211 0.1154
vn -0.4828 0.8547 0.1906
vn -0.5242 0.7149 0.4628
vn -0.3830 0.9026 0.1967
vn -0.2540 -0.9578 -0.1348
vn -0.1251 -0.9903 -0.0602
vn -0.0688 -0.7009 -0.7100
vn -0.2525 -0.7589 -0.6003
vn -0.9297 -0.3663 -0.0381
vn -0.9091 -0.4109 -0.0687
vn -0.9496 -0.2849 -0.1304
vn -0.9465 -0.3169 0.0618
vn -0.9768 -0.2108 0.0367
vn -0.9851 -0.1586 -0.0669
vn -0.9076 -0.0472 0.4171
vn -0.8858 -0.0889 0.4554
vn -0.8985 0.1544 -0.4110
vn -0.8112 0.2159 -0.5435
vn -0.7362 0.2835 -0.6146
vn -0.7967 0.2619 -0.5447
vn -0.8126 0.3211 -0.4864
vn -0.9958 0.0092 -0.0914
vn -0.3603 0.9328 -0.0107
vn -0.4248 0.8483 -0.3161
vn -0.1588 -0.0850 -0.9837
vn -0.7083 -0.1813 -0.6822
vn -0.7261 0.1271 -0.6757
vn -0.9407 -0.1987 -0.2750
vn -0.0556 0.9438 -0.3257
vn -0.0904 0.9935 0.0688
vn -0.3077 0.9499 0.0555
vn -0.2064 0.8805 -0.4269
vn 0.0518 -0.7662 -0.6405
vn 0.0033 -0.3152 -0.9490
vn -0.1295 -0.3541 -0.9262
vn -0.1548 -0.7645 -0.6258
vn 0.1865 0.2140 -0.9589
vn 0.0929 0.4169 -0.9042
vn -0.0028 -0.3033 -0.9529
vn -0.0783 -0.2416 -0.9672
vn 0.1534 -0.2400 -0.9586
vn 0.2320 -0.2577 -0.9380
vn 0.0689 -0.0799 -0.9944
vn 0.1101 -0.0400 -0.9931
vn -0.7406 -0.2685 -0.6160
vn -0.7540 -0.3842 -0.5328
vn -0.2140 -0.3622 -0.9072
vn -0.2565 -0.2125 -0.9429
vn -0.7667 -0.0277 0.6414
vn -0.9643 -0.1812 0.1932
vn 0.3200 -0.1320 -0.9382
vn 0.1205 -0.1091 -0.9867
vn -0.9240 -0.3662 0.1104
vn -0.3085 -0.1424 -0.9405
vn -0.4381 -0.1538 -0.8857
vn -0.2278 0.1377 0.9639
vn 0.4363 0.2294 0.8701
vn -0.8200 -0.4271 0.3811
vn -0.6074 -0.0483 0.7929
vn 0.2094 -0.9356 0.2844
vn 0.1348 -0.9908 0.0104
vn 0.2435 -0.9669 0.0759
vn 0.3223 -0.9266 0.1938
vn -0.1003 -0.9778 0.1841
vn -0.1872 -0.9822 -0.0162
vn -0.1699 -0.3757 0.9110
vn -0.0838 -0.3702 0.9252
vn -0.4872 -0.5300 0.6941
vn -0.6193 -0.4294 0.6573
vn 0.4212 -0.0956 0.9019
vn -0.9792 -0.1843 0.0850
vn -0.8430 -0.1862 0.5047
vn -0.8309 -0.3768 0.4095
vn -0.1031 -0.6544 -0.7491
vn -0.1972 -0.1500 -0.9688
vn -0.0084 0.9730 -0.2308
vn -0.1989 0.9737 -0.1108
vn -0.1417 0.9849 0.0991
vn 0.0483 0.9921 0.1161
vn -0.2036 -0.9764 0.0716
vn 0.0744 0.9531 0.2935
vn -0.1661 0.9587 0.2308
vn -0.3057 0.7554 0.5797
vn 0.0224 0.8173 0.5758
vn -0.4922 -0.6963 0.5225
vn -0.1354 -0.0382 -0.9901
vn -0.2450 0.3412 -0.9075
vn 0.2514 0.8772 0.4090
vn 0.1885 0.8498 0.4922
vn 0.2258 0.9050 0.3607
vn 0.2054 0.9022 0.3793
vn 0.0385 0.9133 0.4055
vn 0.1385 0.9489 0.2837
vn -0.3405 0.3602 -0.8685
vn -0.3316 0.5341 -0.7777
vn -0.0913 0.8525 -0.5147
vn -0.0950 0.8173 -0.5683
vn -0.0853 0.9953 -0.0449
vn -0.0917 0.9956 0.0177
vn -0.0956 0.8150 0.5715
vn -0.0989 0.8474 0.5216
vn -0.0008 -0.1449 0.9894
vn 0.2263 -0.5094 0.8303
vn -0.5354 -0.4621 0.7070
vn -0.4195 -0.2810 0.8632
vn -0.2027 0.2927 0.9345
vn -0.1670 0.2161 0.9620
vn -0.2004 -0.0379 0.9790
vn -0.2625 -0.0241 0.9646
vn 0.3977 0.4211 -0.8151
vn -0.0839 0.5281 -0.8450
vn -0.2604 0.7307 -0.6311
vn -0.1105 0.6595 -0.7435
vn 0.1486 0.4465 -0.8824
vn -0.3766 0.6785 -0.6307
vn -0.2765 0.7811 -0.5599
vn -0.0893 0.6535 -0.7517
vn -0.1480 -0.1199 -0.9817
vn -0.1224 0.6376 0.7606
vn -0.0584 0.5483 0.8342
vn -0.1224 0.3891 0.9130
vn -0.1835 -0.0119 0.9829
vn -0.6501 -0.1495 0.7450
vn -0.7941 -0.4083 -0.4503
vn -0.7252 0.0424 0.6873
vn -0.5811 0.4678 -0.6659
vn -0.6415 0.3886 -0.6614
vn -0.7951 0.3465 -0.4978
vn -0.7346 0.3864 -0.5578
vn -0.7047 -0.5413 0.4588
vn 0.1379 -0.9785 -0.1534
vn -0.3394 -0.2327 0.9114
vn -0.4540 -0.3170 0.8327
vn -0.0786 0.4091 -0.9091
vn -0.0489 0.7259 -0.6860
vn 0.1813 0.1559 -0.9710
vn -0.2914 0.1120 -0.9500
vn -0.2363 -0.0479 -0.9705
vn -0.5909 0.0570 -0.8047
vn -0.6262 0.2183 -0.7484
vn 0.2718 0.6824 -0.6786
vn -0.0427 0.6848 -0.7275
vn -0.9978 -0.0206 -0.0623
vn -0.9344 0.1260 0.3332
vn -0.7830 -0.0347 0.6211
vn -0.8877 -0.0613 0.4564
vn 0.9629 -0.2358 0.1314
vn 0.9821 -0.0918 0.1647
vn 0.8947 0.0249 -0.4460
vn 0.8184 -0.2083 -0.5356
vn -0.0293 -0.3187 0.9474
vn 0.0201 -0.6015 0.7987
vn 0.4195 -0.5475 0.7240
vn 0.4002 -0.2772 0.8735
vn 0.0349 -0.2450 -0.9689
vn -0.0952 0.0122 -0.9954
vn -0.1953 0.0373 -0.9800
vn -0.2159 -0.2650 -0.9398
vn -0.8152 -0.1775 0.5514
vn -0.8080 -0.1980 0.5549
vn -0.5266 -0.4437 0.7252
vn -0.5743 -0.2646 0.7747
vn -0.9996 -0.0252 0.0095
vn -0.9972 -0.0606 0.0443
vn -0.7889 -0.1197 0.6028
vn -0.8035 -0.0478 0.5934
vn 0.2289 -0.1180 -0.9663
vn 0.2386 -0.0527 -0.9697
vn -0.0382 -0.0255 -0.9989
vn -0.3871 -0.0307 -0.9215
vn -0.2707 -0.0506 0.9613
vn -0.3294 -0.1586 0.9308
vn 0.3528 -0.1723 0.9197
vn 0.4761 -0.0620 0.8772
vn 0.9834 -0.1418 -0.1133
vn 0.9793 -0.1670 -0.1148
vn 0.8842 -0.1836 -0.4295
vn 0.8603 -0.1443 -0.4890
vn -0.8351 -0.0046 -0.5500
vn -0.8706 -0.0476 -0.4897
vn -0.8532 -0.0150 -0.5214
vn -0.9994 -0.0205 0.0283
vn 0.9946 -0.0909 -0.0494
vn 0.8813 -0.1324 -0.4537
vn -0.2900 -0.0112 0.9570
vn 0.4606 0.0013 0.8876
vn 0.2010 -0.0961 -0.9749
vn -0.3809 -0.0232 -0.9243
vn -0.8015 -0.0110 0.5979
vn 0.9125 -0.0296 0.4079
vn 0.9328 -0.1015 0.3459
vn 0.9047 -0.1711 0.3901
vn 0.6379 -0.2133 0.7400
vn 0.6417 -0.3475 0.6837
vn 0.8389 -0.1173 0.5315
vn 0.9199 -0.0759 0.3847
vn 0.7706 -0.6153 -0.1660
vn -0.2182 0.8270 0.5180
vn -0.4721 0.7228 0.5047
vn -0.4663 0.8714 0.1528
vn 0.0881 0.9228 0.3752
vn 0.0705 0.8812 0.4674
vn -0.0970 0.7289 0.6778
vn -0.2501 0.7141 0.6539
vn 0.0077 0.6160 0.7877
vn 0.0927 0.6392 0.7634
vn -0.4560 0.8831 0.1107
vn -0.4113 0.6011 0.6852
vn -0.4082 0.4220 0.8095
vn -0.7570 -0.3192 -0.5702
vn -0.9375 -0.2152 -0.2735
vn 0.2915 0.3694 -0.8824
vn 0.0246 0.3889 -0.9210
vn -0.1343 0.4091 0.9026
vn -0.2762 0.4311 0.8590
vn -0.4330 0.0900 0.8969
vn -0.1072 -0.0379 0.9935
vn -0.0873 -0.5643 0.8210
vn -0.3441 -0.4167 0.8414
vn -0.1273 -0.9311 0.3418
vn -0.0245 -0.9518 0.3057
vn -0.2103 0.8697 0.4465
vn -0.1273 0.9293 0.3466
vn -0.1294 0.7405 0.6595
vn -0.0863 0.6798 0.7283
vn -0.2480 -0.5282 -0.8121
vn -0.2686 -0.2129 -0.9394
vn 0.0741 -0.2570 -0.9636
vn 0.0322 -0.5699 -0.8211
vn -0.0276 -0.8696 0.4930
vn -0.0606 -0.9714 -0.2297
vn -0.0268 -0.9844 -0.1740
vn -0.0189 -0.9011 0.4332
vn -0.1108 -0.9823 -0.1512
vn -0.0364 -0.8406 -0.5404
vn -0.1161 -0.7919 -0.5995
vn 0.3628 0.2075 -0.9085
vn 0.1270 0.1579 -0.9793
vn 0.1521 0.4998 -0.8527
vn 0.3418 0.4482 -0.8260
vn -0.3190 0.3440 -0.8831
vn -0.0347 0.3629 -0.9312
vn -0.0014 0.6023 -0.7982
vn -0.3037 0.6860 -0.6612
vn -0.0340 -0.9976 -0.0601
vn -0.1441 -0.8694 -0.4727
vn 0.0047 0.9265 -0.3763
vn -0.2088 0.9545 -0.2129
vn 0.3251 -0.1962 -0.9251
vn 0.2415 -0.5309 -0.8123
vn -0.1855 -0.8857 0.4256
vn -0.1627 -0.9634 -0.2128
vn -0.0788 -0.5416 -0.8369
vn -0.0847 -0.1463 -0.9856
vn -0.1447 -0.1911 -0.9708
vn -0.1411 -0.5546 -0.8201
vn 0.1592 0.9096 -0.3838
vn 0.0431 0.9531 -0.2996
vn 0.0294 0.8276 0.5605
vn 0.1675 0.8354 0.5235
vn 0.1317 0.6261 -0.7686
vn -0.0182 0.5204 -0.8538
vn 0.0327 0.6309 -0.7752
vn 0.1137 0.6050 -0.7881
vn -0.0904 -0.7792 -0.6203
vn -0.0970 0.2050 0.9739
vn -0.0736 0.5383 0.8395
vn 0.0563 0.8706 0.4888
vn 0.0961 0.3960 0.9132
vn -0.2205 0.1950 -0.9557
vn -0.0986 0.5188 -0.8492
vn 0.1327 -0.6558 -0.7432
vn -0.0140 -0.7154 -0.6986
vn -0.0982 -0.0526 -0.9938
vn -0.1295 -0.4805 -0.8674
vn -0.1914 -0.6872 -0.7008
vn -0.1112 0.2426 -0.9637
vn 0.0585 0.2747 0.9598
vn 0.2076 -0.2193 0.9533
vn -0.3374 0.9361 -0.0993
vn -0.3312 0.6961 -0.6370
vn 0.0306 -0.9480 -0.3168
vn 0.3317 -0.7201 0.6095
vn 0.2414 -0.6276 0.7401
vn -0.1236 0.1555 -0.9801
vn -0.2488 0.3145 -0.9161
vn -0.2219 -0.5219 -0.8236
vn -0.2875 -0.0541 -0.9563
vn -0.1305 -0.5654 0.8144
vn 0.2639 0.9250 0.2735
vn 0.2100 0.8585 -0.4679
vn -0.2610 -0.4474 -0.8554
vn -0.2357 -0.1069 -0.9659
vn -0.1752 -0.1194 -0.9773
vn -0.1922 -0.5166 -0.8344
vn -0.2386 -0.9584 -0.1565
vn -0.2698 -0.8676 0.4176
vn 0.0068 0.2838 0.9589
vn -0.1105 0.3254 0.9391
vn -0.1505 0.0125 0.9885
vn 0.0138 0.0522 0.9985
vn -0.1345 0.9639 -0.2300
vn -0.1344 0.9816 -0.1355
vn -0.1466 0.8529 0.5011
vn -0.1415 0.8356 0.5307
vn -0.0262 0.4950 -0.8685
vn -0.0809 0.5275 -0.8457
vn -0.0944 0.7667 -0.6351
vn -0.0635 0.6937 -0.7174
vn -0.1951 -0.7989 -0.5689
vn -0.0866 -0.7822 -0.6169
vn -0.0839 -0.3887 0.9175
vn -0.2252 -0.4418 0.8684
vn -0.0569 0.2515 -0.9662
vn -0.1235 0.2522 -0.9598
vn -0.0412 -0.4605 0.8867
vn 0.4392 -0.4336 0.7868
vn -0.5745 -0.2041 0.7927
vn -0.1128 0.0414 0.9928
vn -0.3092 -0.1144 0.9441
vn -0.6992 -0.2518 0.6692
vn -0.6065 -0.0943 0.7895
vn 0.8336 -0.2276 0.5032
vn 0.9290 -0.3654 0.0582
vn 0.7293 -0.3518 0.5868
vn 0.8411 -0.2332 0.4881
vn 0.2480 -0.2424 0.9379
vn 0.3496 -0.0226 0.9366
vn 0.6164 -0.1429 0.7744
vn -0.9836 -0.0750 0.1641
vn -0.8356 0.2826 -0.4711
vn -0.7761 0.3155 -0.5460
vn 0.3880 -0.3228 -0.8633
vn 0.1952 -0.1096 -0.9746
vn -0.4874 -0.5610 0.6691
vn -0.8610 0.0994 -0.4988
vn -0.9919 0.1227 0.0341
vn -0.9755 0.2165 -0.0405
vn -0.8735 0.1782 -0.4529
vn -0.4063 0.0996 0.9083
vn 0.4269 0.0773 0.9010
vn 0.2438 0.1705 0.9547
vn -0.5368 0.1164 0.8356
vn -0.1736 0.0734 -0.9821
vn 0.6324 -0.1514 -0.7597
vn 0.5834 -0.1589 -0.7965
vn 0.4826 -0.3295 -0.8115
vn 0.4890 -0.3095 -0.8155
vn 0.1023 -0.3199 -0.9419
vn 0.1600 -0.3196 -0.9339
vn 0.5163 -0.2299 -0.8250
vn 0.2305 -0.2199 -0.9479
vn -0.1232 -0.1123 -0.9860
vn 0.0175 -0.3052 -0.9521
vn -0.2435 -0.2942 -0.9242
vn 0.5635 -0.0941 -0.8208
vn -0.5001 0.5079 -0.7014
vn -0.2434 0.6101 -0.7540
vn -0.0875 0.7059 -0.7029
vn -0.4461 0.6081 0.6566
vn -0.1300 0.7501 0.6484
vn -0.4234 0.5268 0.7370
vn -0.0088 0.8135 0.5815
vn -0.3317 -0.5621 -0.7577
vn -0.7183 -0.0700 -0.6922
vn -0.7608 -0.2423 -0.6021
vn -0.2158 -0.3585 -0.9082
vn -0.4359 -0.2697 -0.8586
vn -0.4690 -0.4323 -0.7702
vn 0.4834 -0.3139 -0.8172
vn 0.4148 -0.2858 -0.8638
vn -0.0711 0.4941 0.8665
vn -0.1208 0.5753 0.8090
vn -0.2528 0.3639 0.8965
vn -0.1415 0.5645 0.8132
vn -0.1236 0.4899 0.8629
vn -0.3855 0.1540 0.9098
vn -0.6890 0.3280 0.6463
vn -0.6069 0.2002 0.7691
vn 0.0854 0.7634 0.6403
vn -0.8751 0.1238 -0.4678
vn -0.4998 -0.2246 -0.8365
vn -0.2006 -0.2362 0.9508
vn -0.0692 -0.4059 0.9113
vn 0.8541 -0.4888 -0.1775
vn -0.9100 0.1559 0.3842
vn -0.8434 0.2544 -0.4732
vn -0.8476 0.1803 -0.4991
vn -0.2945 -0.1607 0.9421
vn -0.8574 0.0930 -0.5062
vn -0.1977 -0.2672 -0.9431
vn -0.1264 -0.1807 -0.9754
vn 0.7454 -0.3790 0.5484
vn 0.9521 -0.2995 -0.0620
vn -0.6721 0.0114 0.7404
vn 0.8514 -0.2763 -0.4458
vn -0.9208 -0.1772 -0.3474
vn -0.9627 -0.2328 0.1378
vn -0.6869 -0.2484 -0.6830
vn -0.6500 -0.1841 -0.7373
vn -0.9567 -0.2295 -0.1790
vn -0.7759 -0.1659 0.6086
vn -0.9136 -0.0761 0.3994
vn -0.8001 0.0914 0.5929
vn -0.6292 0.0329 0.7765
vn -0.3573 -0.3251 0.8756
vn 0.1398 -0.3706 0.9182
vn -0.7528 -0.2848 0.5935
vn -0.2051 -0.3016 -0.9311
vn 0.3861 -0.0966 0.9174
vn 0.7651 -0.0751 0.6395
vn 0.8984 0.1044 0.4265
vn 0.4842 0.0685 0.8723
vn -0.9018 -0.2255 0.3687
vn 0.8076 -0.2958 -0.5102
vn 0.4754 -0.2410 -0.8461
vn 0.4138 0.0115 -0.9103
vn -0.0046 0.6205 0.7842
vn -0.4225 0.0758 0.9032
vn -0.8027 -0.3247 -0.5002
vn -0.7746 -0.0916 -0.6258
vn -0.8146 0.1246 -0.5666
vn -0.5967 0.2323 -0.7681
vn -0.8837 -0.0142 0.4678
vn -0.5985 0.1811 0.7804
vn -0.4752 -0.5324 0.7005
vn -0.6464 -0.5423 0.5367
vn 0.5271 -0.7887 -0.3165
vn 0.7085 -0.5834 -0.3970
vn 0.3791 -0.6645 -0.6440
vn 0.2391 -0.8501 -0.4693
vn -0.7053 -0.5176 -0.4844
vn -0.5873 -0.3271 -0.7404
vn 0.5356 -0.8445 0.0045
vn 0.9273 -0.1543 -0.3409
vn -0.4720 -0.6158 -0.6308
vn -0.3362 -0.5325 -0.7768
vn 0.2240 0.7607 -0.6092
vn 0.2856 0.5127 -0.8096
vn 0.6176 0.4366 -0.6542
vn 0.4915 0.7148 -0.4975
vn -0.8166 0.4039 0.4124
vn -0.6354 0.4077 0.6557
vn -0.0208 -0.6234 -0.7816
vn -0.0839 -0.8235 -0.5611
vn 0.8278 0.2971 -0.4759
vn 0.7217 0.6401 -0.2636
vn -0.6053 0.6301 0.4864
vn -0.4653 0.2033 0.8615
vn -0.1200 -0.1183 0.9857
vn -0.3743 -0.7504 0.5448
vn 0.0047 -0.1662 0.9861
vn 0.1935 -0.0497 0.9798
vn -0.1119 -0.8211 0.5596
vn -0.0571 -0.8007 0.5963
vn -0.1022 0.1743 0.9794
vn -0.2516 0.6554 0.7121
vn -0.4348 0.7835 0.4440
vn -0.2104 0.2963 0.9316
vn -0.0243 0.6237 0.7813
vn -0.0281 0.6919 0.7215
vn -0.1112 0.3881 0.9149
vn -0.1058 0.5400 0.8350
vn -0.2062 0.8080 0.5520
vn -0.0082 -0.7616 0.6480
vn -0.3853 0.0844 0.9189
vn -0.3251 -0.0180 0.9455
vn -0.1081 -0.5501 0.8281
vn -0.3801 0.0190 0.9247
vn -0.3023 -0.6656 0.6823
vn -0.2430 -0.6301 0.7375
vn -0.2776 0.2387 0.9306
vn -0.2162 0.4563 0.8632
vn 0.4874 -0.7040 -0.5165
vn 0.0709 -0.8058 -0.5879
vn 0.7968 -0.4639 -0.3870
vn 0.2945 0.7742 -0.5602
vn 0.7053 0.5354 -0.4647
vn 0.9449 -0.1029 -0.3108
vn -0.6152 -0.6546 -0.4393
vn -0.8486 -0.4249 -0.3151
vn -0.7410 0.3005 -0.6005
vn -0.8446 0.4432 -0.3004
vn -0.5823 0.7132 -0.3903
vn -0.5258 0.4784 -0.7034
vn -0.9718 -0.0744 -0.2236
vn -0.1985 0.5686 -0.7983
vn -0.2125 0.8285 -0.5181
vn -0.5666 0.5750 -0.5902
vn -0.3653 0.8000 -0.4759
vn 0.7954 -0.5972 0.1037
vn -0.1831 0.7872 -0.5888
vn 0.9305 -0.3585 0.0748
vn 0.9042 -0.2155 0.3687
vn 0.6829 -0.4585 0.5687
vn 0.6588 -0.7428 0.1192
vn 0.4222 0.8649 0.2716
vn 0.3520 0.5763 0.7375
vn 0.7154 0.4790 0.5088
vn 0.7634 0.6305 0.1401
vn 0.9959 0.0561 0.0716
vn 0.9149 0.0956 0.3922
vn -0.5484 -0.8075 0.2173
vn -0.5387 -0.6148 0.5760
vn -0.7374 -0.4006 0.5439
vn -0.8287 -0.4932 0.2646
vn -0.8123 0.4910 0.3148
vn -0.6283 0.4982 0.5976
vn -0.3981 0.6388 0.6584
vn -0.4366 0.8553 0.2791
vn -0.7511 0.0518 0.6582
vn -0.9559 -0.0177 0.2932
vn -0.0362 0.9405 0.3377
vn -0.1009 0.5906 0.8006
vn 0.8872 0.3442 0.3072
vn 0.9281 0.3659 0.0695
vn 0.9049 0.2544 -0.3412
vn -0.3182 -0.7729 -0.5490
vn 0.2448 -0.0399 0.9688
vn 0.6713 0.0632 0.7385
vn -0.2357 -0.0366 0.9711
vn -0.5358 -0.0530 0.8427
vn -0.2159 -0.6642 0.7157
vn 0.2513 -0.6437 0.7228
vn 0.2450 -0.9505 0.1911
vn -0.1804 -0.9601 0.2136
vn -0.2342 -0.9414 -0.2426
vn -0.5830 -0.7997 -0.1435
vn -0.9996 0.0139 -0.0227
vn -0.8703 0.4923 -0.0183
vn 0.9305 0.3216 -0.1753
vn 0.9824 -0.0224 -0.1856
vn 0.5792 -0.7521 -0.3143
vn 0.1654 -0.9350 -0.3136
vn 0.7636 0.6207 -0.1779
vn -0.1520 0.9818 -0.1135
vn 0.3812 0.9110 -0.1575
vn -0.8563 -0.5147 -0.0441
vn -0.5982 0.8013 0.0041
vn 0.8803 -0.4088 -0.2406
vn -0.4142 0.5390 0.7334
vn -0.7626 0.3417 0.5493
vn -0.3957 -0.5436 0.7402
vn -0.6333 -0.2941 0.7159
vn -0.4647 0.2666 0.8444
vn -0.2553 0.2245 0.9404
vn -0.1895 0.4694 0.8624
vn -0.1582 -0.5456 0.8230
vn -0.2411 -0.5269 0.8150
vn -0.2277 -0.4073 0.8844
vn -0.4585 -0.5106 0.7274
vn -0.6458 0.1239 0.7534
vn -0.3835 -0.6055 0.6973
vn -0.5747 0.3131 0.7561
vn -0.6937 0.3282 0.6412
vn 0.5156 0.0444 0.8557
vn 0.6392 0.3527 0.6834
vn 0.4884 0.4812 0.7279
vn 0.3862 0.2380 0.8912
vn -0.0631 0.0445 0.9970
vn -0.1398 -0.1651 0.9763
vn 0.0935 -0.1799 0.9792
vn 0.1087 0.1154 0.9874
vn -0.3109 0.3049 0.9002
vn -0.3465 0.6418 0.6842
vn -0.6358 0.4907 0.5958
vn -0.6031 0.1969 0.7730
vn -0.3045 0.1973 0.9318
vn -0.5410 -0.0005 0.8410
vn -0.3561 -0.0701 0.9318
vn -0.2549 0.1046 0.9613
vn -0.4899 -0.6318 0.6007
vn -0.7032 -0.4875 0.5175
vn -0.5476 -0.5516 0.6292
vn -0.2240 -0.5835 0.7806
vn 0.0268 0.3188 0.9474
vn 0.0265 0.6329 0.7738
vn -0.4895 -0.0396 0.8711
vn 0.3706 0.0368 0.9280
vn 0.5981 0.0916 0.7962
vn 0.2624 -0.4939 0.8290
vn 0.2449 -0.0164 0.9694
vn 0.2126 0.4010 0.8911
vn 0.2155 0.2400 0.9466
vn 0.1086 0.7082 0.6976
vn -0.4954 0.2029 0.8446
vn -0.7670 0.0465 0.6399
vn -0.1335 0.1438 0.9806
vn -0.4094 0.0488 0.9111
vn -0.8612 -0.0394 0.5068
vn -0.8308 0.1983 0.5201
vn -0.7688 0.2597 0.5844
vn -0.7128 0.3067 0.6308
vn -0.8191 0.1586 0.5512
vn -0.3130 0.1032 0.9441
vn -0.7210 -0.1636 0.6734
vn -0.2603 0.1821 0.9482
vn -0.3556 0.3212 0.8777
vn -0.4439 -0.2900 0.8478
vn -0.1706 0.0082 0.9853
vn -0.6872 0.5211 0.5063
vn -0.6021 0.5555 0.5735
vn -0.7092 0.3468 0.6138
vn -0.7203 0.4061 0.5623
vn -0.7771 0.2860 0.5607
vn -0.3886 0.3080 0.8684
vn -0.4850 0.4331 0.7598
vn -0.7967 0.3563 0.4881
vn -0.5395 0.1471 0.8290
vn -0.6911 0.0334 0.7220
vn -0.3972 -0.1092 0.9112
vn -0.2831 -0.1782 0.9424
vn -0.7651 -0.0277 0.6434
vn -0.5506 -0.0162 0.8346
vn -0.7485 -0.1829 0.6375
vn -0.6763 -0.3661 0.6392
vn -0.5423 -0.2387 0.8056
vn -0.5860 -0.1367 0.7987
vn -0.5099 -0.3452 0.7879
vn -0.4355 -0.1559 0.8866
vn -0.6907 -0.0152 0.7230
vn -0.8100 0.3116 0.4967
vn -0.7824 0.4304 0.4501
vn -0.7327 -0.5326 0.4237
vn -0.5498 -0.5862 0.5951
vn -0.8338 -0.1714 0.5247
vn -0.7184 -0.1396 0.6815
vn -0.8173 -0.0426 0.5746
vn -0.5873 0.1570 0.7940
vn -0.5101 0.2931 0.8086
vn -0.6802 0.1140 0.7241
vn -0.2698 -0.5180 0.8117
vn 0.1111 0.2140 0.9705
vn -0.9122 0.1410 0.3846
vn -0.7662 0.4845 0.4221
vn -0.8317 0.1777 0.5260
vn -0.6354 -0.3870 0.6682
vn -0.5862 0.1957 0.7862
vn -0.7387 -0.4096 0.5352
vn -0.7924 -0.4408 0.4217
vn -0.6132 -0.6157 0.4948
vn -0.7930 -0.2964 0.5323
vn -0.7154 -0.4115 0.5646
vn -0.5287 -0.7585 0.3809
vn -0.7312 -0.6599 0.1727
vn 0.3973 -0.5444 0.7388
vn -0.6892 -0.5650 0.4536
vn -0.2182 0.1812 0.9589
vn 0.8900 -0.0104 0.4558
vn 0.2451 -0.5143 0.8218
vn 0.4971 -0.6850 0.5325
vn 0.9573 -0.2635 0.1194
vn -0.9063 0.3128 0.2843
vn -0.8208 -0.1568 0.5493
vn -0.6262 -0.1156 0.7711
vn -0.4537 0.6299 0.6303
vn -0.9056 -0.4154 0.0857
vn -0.5504 -0.7674 0.3287
vn -0.7809 -0.6237 0.0350
vn -0.5806 -0.5207 0.6259
vn -0.6281 0.1247 0.7681
vn -0.4496 -0.7831 0.4295
vn -0.8663 -0.2829 0.4117
vn 0.1103 -0.9939 0.0052
vn 0.3122 -0.8411 0.4417
vn -0.4750 -0.6470 0.5965
vn -0.8611 -0.4342 0.2647
vn -0.5854 0.1339 0.7996
vn 0.6605 -0.6836 -0.3105
vn 0.1438 -0.9476 0.2853
vn -0.5308 -0.8462 -0.0461
vn -0.3258 -0.6804 -0.6564
vn 0.0455 -0.0479 0.9978
vn -0.9039 0.2088 0.3733
vn -0.9268 -0.3213 0.1945
vn -0.9931 -0.0698 -0.0938
vn 0.0863 0.5530 0.8287
vn -0.6140 0.3622 0.7013
vn -0.6036 0.1965 0.7727
vn -0.1557 0.0883 0.9839
vn -0.2242 0.2666 0.9374
vn -0.2529 -0.0119 0.9674
vn -0.3347 -0.0495 0.9410
vn -0.5348 -0.8367 0.1180
vn -0.7827 -0.4944 0.3781
vn -0.6251 -0.7779 0.0634
vn -0.9092 -0.3711 0.1888
vn -0.9245 -0.1902 0.3303
vn -0.9513 -0.2822 -0.1243
vn -0.8276 -0.5483 -0.1200
vn -0.3966 -0.9029 0.1656
vn -0.9503 0.0938 0.2970
vn -0.9566 0.0032 0.2915
vn -0.9702 0.0105 0.2420
vn -0.9652 0.0714 0.2516
vn -0.1319 0.8715 0.4723
vn -0.1350 0.9687 0.2081
vn -0.3644 0.0329 0.9306
vn -0.2392 0.3172 0.9177
vn -0.9324 0.2036 0.2988
vn -0.9693 0.1606 0.1860
vn -0.9399 0.0930 0.3286
vn -0.9433 0.0189 0.3313
vn -0.9149 0.1909 0.3556
vn -0.3205 -0.1033 0.9416
vn -0.5319 -0.4029 0.7448
vn -0.5123 0.0687 0.8560
vn -0.4921 0.0945 0.8654
vn -0.7230 0.1751 0.6683
vn -0.2817 -0.8254 0.4893
vn -0.4358 -0.4203 0.7959
vn 0.0824 0.7338 0.6744
vn -0.3918 0.0311 0.9195
vn -0.3748 0.0314 0.9266
vn -0.6235 0.5941 0.5082
vn -0.3654 -0.0395 0.9300
vn -0.4214 -0.0903 0.9024
vn -0.5112 -0.0805 0.8557
vn -0.4672 -0.0662 0.8816
vn -0.6600 -0.2200 0.7184
vn -0.5308 0.0029 0.8475
vn -0.4956 0.0264 0.8682
vn -0.4569 0.0667 0.8870
vn -0.3983 -0.0188 0.9171
vn -0.3273 -0.0875 0.9408
vn -0.5006 0.0892 0.8611
vn -0.1080 0.9876 0.1141
vn 0.5276 0.5342 -0.6605
vn 0.6898 0.4465 -0.5699
vn 0.5019 0.8186 -0.2792
vn -0.1630 -0.9855 0.0471
vn 0.1924 -0.8042 -0.5624
vn 0.2586 0.6149 -0.7450
vn -0.1083 0.9535 0.2811
vn 0.8472 0.5310 -0.0172
vn 0.9272 0.0383 -0.3726
vn 0.6737 -0.7051 -0.2214
vn 0.0521 -0.9800 0.1919
vn -0.0109 -0.9926 0.1206
vn 0.4948 -0.8310 -0.2541
vn 0.2621 0.4964 0.8276
vn 0.0810 -0.9889 0.1247
vn 0.2162 0.8603 -0.4617
vn 0.9830 0.1837 -0.0016
vn 0.7264 -0.6296 0.2755
vn 0.5175 0.7625 -0.3883
vn 0.2587 -0.9414 0.2164
vn 0.7246 0.5720 -0.3844
vn 0.1998 0.9791 -0.0380
vn 0.2208 0.9664 0.1320
vn 0.4273 0.8969 0.1143
vn 0.4492 0.8929 -0.0302
vn 0.2879 -0.8744 0.3905
vn 0.3445 -0.8529 0.3923
vn 0.0400 -0.8851 0.4636
vn 0.0574 -0.9344 0.3517
vn 0.6585 -0.6084 0.4429
vn 0.7313 -0.6336 0.2525
vn 0.7693 0.6379 -0.0345
vn 0.7673 0.6328 0.1040
vn 0.9904 -0.0240 0.1359
vn 0.9815 0.1148 0.1535
vn -0.8393 -0.4530 0.3005
vn -0.6325 -0.7746 0.0004
vn -0.8032 -0.1075 0.5859
vn -0.8662 -0.0838 0.4926
vn -0.7804 -0.1068 0.6161
vn -0.8651 -0.1542 0.4772
vn -0.9261 -0.0030 0.3773
vn -0.9564 0.0336 0.2901
vn -0.9340 -0.1988 0.2967
vn -0.8936 -0.2489 0.3735
vn -0.7531 -0.3231 0.5731
vn -0.8930 -0.1741 0.4150
vn -0.8691 -0.2972 0.3953
vn -0.7966 -0.3364 0.5023
vn -0.9094 -0.0561 0.4120
vn -0.2910 0.3191 0.9019
vn -0.2677 0.4518 0.8510
vn -0.3493 0.4499 0.8219
vn -0.3358 0.3023 0.8921
vn -0.1191 0.3507 0.9289
vn -0.0867 0.4944 0.8649
vn -0.4566 0.4369 0.7750
vn -0.4292 0.2879 0.8561
vn -0.6034 0.3675 0.7077
vn -0.5698 0.2421 0.7853
vn -0.3123 0.8268 0.4678
vn -0.3257 0.9229 0.2056
vn -0.1000 0.7040 0.7032
vn -0.4348 0.7943 0.4243
vn -0.4513 0.8698 0.1996
vn -0.2819 0.6694 0.6873
vn -0.5606 0.7384 0.3749
vn -0.5593 0.8058 0.1948
vn -0.3913 0.6611 0.6402
vn -0.9153 0.1812 0.3598
vn -0.9209 0.0747 0.3825
vn -0.9169 0.0602 0.3945
vn -0.7088 0.1687 0.6849
vn -0.7281 0.2861 0.6229
vn -0.8254 0.4645 0.3209
vn -0.7113 0.6139 0.3422
vn -0.6986 0.6872 0.1994
vn -0.8294 0.5195 0.2053
vn -0.5209 0.6343 0.5713
vn -0.6826 0.5352 0.4976
vn -0.7962 0.4112 0.4439
vn -0.9234 0.0925 0.3724
vn -0.8801 0.2653 0.3936
vn -0.9075 0.2972 0.2969
vn -0.9528 0.1191 0.2794
vn -0.9231 0.3259 0.2041
vn -0.9674 0.1525 0.2020
vn -0.8251 0.2168 0.5217
vn -0.8446 0.0992 0.5261
vn -0.5888 -0.0106 0.8082
vn -0.5916 -0.0421 0.8052
vn -0.7348 -0.2026 0.6474
vn -0.6757 0.2068 0.7076
vn 0.0061 0.3515 0.9362
vn -0.3999 -0.8057 0.4370
vn -0.6337 -0.4550 0.6256
vn -0.5026 0.4461 0.7406
vn -0.5890 -0.1127 0.8002
vn -0.5826 -0.5339 0.6128
vn -0.5520 -0.4634 0.6932
vn -0.2101 -0.4245 0.8807
vn -0.4095 -0.0984 0.9070
vn -0.6456 0.0571 0.7616
vn -0.6606 0.6956 -0.2823
vn -0.6638 0.6255 -0.4100
vn -0.7800 0.5240 -0.3420
vn -0.7790 0.5846 -0.2268
vn -0.8715 0.4149 -0.2614
vn -0.8953 0.4156 -0.1605
vn -0.1222 0.8818 -0.4555
vn -0.1053 0.7590 -0.6425
vn -0.2186 0.7712 -0.5979
vn -0.2459 0.8737 -0.4196
vn -0.3680 0.8511 -0.3745
vn -0.3581 0.7610 -0.5409
vn -0.5184 0.7101 -0.4765
vn -0.5163 0.7906 -0.3292
vn -0.5424 -0.6166 -0.5707
vn -0.4688 -0.7088 -0.5271
vn -0.5912 -0.6082 -0.5296
vn -0.6290 -0.6147 -0.4760
vn -0.4478 -0.6083 -0.6553
vn -0.3802 -0.7323 -0.5649
vn -0.1646 -0.4912 -0.8554
vn -0.2074 -0.6566 -0.7252
vn -0.3021 -0.7150 -0.6305
vn -0.3249 -0.5704 -0.7543
vn -0.7076 -0.5725 -0.4141
vn -0.7228 -0.4577 -0.5177
vn -0.8418 -0.2945 -0.4524
vn -0.8432 -0.4247 -0.3296
vn -0.1597 0.0329 -0.9866
vn -0.1556 0.2561 -0.9541
vn -0.3208 0.2066 -0.9243
vn -0.3594 -0.0214 -0.9329
vn -0.5347 -0.1096 -0.8379
vn -0.4757 0.1168 -0.8718
vn -0.7289 -0.0494 -0.6828
vn -0.7311 -0.2713 -0.6259
vn -0.8446 -0.2988 -0.4443
vn -0.8723 -0.0840 -0.4818
vn -0.9198 -0.2836 -0.2713
vn -0.9615 -0.0590 -0.2683
vn -0.6473 -0.1988 -0.7359
vn -0.6129 0.0208 -0.7899
vn -0.5407 0.4107 -0.7341
vn -0.5682 0.2377 -0.7878
vn -0.7219 0.1829 -0.6674
vn -0.7090 0.3500 -0.6122
vn -0.3611 0.4456 -0.8192
vn -0.4049 0.2974 -0.8647
vn -0.1037 0.4918 -0.8645
vn -0.1377 0.3969 -0.9075
vn -0.2645 0.3550 -0.8967
vn -0.2155 0.4688 -0.8566
vn -0.8554 0.2641 -0.4455
vn -0.8728 0.1295 -0.4705
vn -0.9655 0.0935 -0.2430
vn -0.9509 0.1846 -0.2483
vn -0.5343 0.8453 0.0034
vn -0.6739 0.7387 0.0116
vn -0.5222 0.8375 -0.1608
vn -0.6639 0.7341 -0.1425
vn -0.3112 0.9499 -0.0278
vn -0.4293 0.9031 -0.0099
vn -0.2755 0.9343 -0.2262
vn -0.3941 0.8991 -0.1905
vn -0.1239 0.9918 -0.0315
vn -0.1199 0.9629 -0.2417
vn -0.8183 0.5734 0.0390
vn -0.9275 0.3643 0.0836
vn -0.7972 0.5937 -0.1099
vn -0.9163 0.3976 -0.0478
vn -0.9951 0.0344 0.0929
vn -0.5984 0.8012 -0.0025
vn -0.9579 0.0630 0.2800
vn -0.9839 0.0434 0.1734
vn -0.9920 0.1151 0.0517
vn -0.9943 0.0638 0.0860
vn -0.9849 0.0331 0.1699
vn -0.9859 0.0845 0.1443
vn -0.9863 0.1416 -0.0841
vn -0.9944 0.0856 -0.0616
vn -0.9972 -0.0023 -0.0747
vn -0.9752 0.1872 0.1185
vn -0.4439 0.1741 -0.8790
vn -0.9817 -0.1798 0.0633
vn -0.9933 0.0338 0.1105
vn -0.9986 -0.0475 -0.0233
vn -0.9780 -0.2042 -0.0417
vn -0.9839 -0.1781 -0.0152
vn -0.9106 -0.3381 -0.2375
vn -0.9227 -0.2135 -0.3210
vn -0.9531 -0.3005 -0.0354
vn -0.6003 -0.7978 0.0564
vn -0.3672 -0.9300 -0.0134
vn -0.2399 -0.9677 -0.0774
vn -0.2341 -0.9709 0.0501
vn -0.3343 -0.9405 0.0604
vn -0.7149 -0.3369 0.6127
vn -0.6312 -0.6572 0.4119
vn -0.6877 -0.7024 0.1836
vn -0.5432 -0.0865 0.8351
vn -0.3986 -0.7508 0.5267
vn -0.9941 -0.0566 -0.0929
vn -0.9962 0.0247 0.0831
vn -0.9573 -0.0064 -0.2892
vn -0.9736 0.1094 -0.2001
vn -0.7963 -0.5652 0.2155
vn -0.6919 -0.7199 -0.0554
vn -0.8522 -0.4479 -0.2706
vn -0.3465 -0.4276 -0.8349
vn -0.9259 -0.1837 -0.3300
vn -0.9615 -0.1700 -0.2158
vn -0.8094 -0.4619 -0.3625
vn -0.8836 -0.3308 -0.3314
vn -0.5768 -0.5698 -0.5853
vn -0.1601 -0.2383 -0.9579
vn -0.3582 -0.3036 -0.8829
vn -0.5308 -0.3587 -0.7679
vn -0.7174 -0.4370 -0.5425
vn -0.7891 -0.4603 -0.4067
vn -0.6330 -0.3978 -0.6641
vn -0.1460 0.3512 0.9249
vn -0.9598 0.0069 0.2807
vn -0.9753 0.0445 0.2166
vn -0.5630 0.3561 0.7458
vn -0.7681 0.2245 0.5998
vn -0.9349 0.0034 0.3548
vn -0.3749 0.3884 0.8418
vn -0.3154 -0.6044 -0.7316
vn -0.9763 0.2159 0.0124
vn -0.0884 0.6084 -0.7887
vn -0.2005 0.6165 -0.7614
vn -0.3520 0.6141 -0.7064
vn -0.4650 -0.6184 -0.6335
vn -0.5226 -0.5907 -0.6147
vn -0.8042 -0.1374 -0.5782
vn -0.8784 -0.0474 -0.4756
vn -0.4447 0.0116 0.8956
vn -0.3900 -0.6205 -0.6803
vn -0.5263 0.5791 -0.6226
vn -0.6854 0.5058 -0.5238
vn -0.8179 0.3995 -0.4140
vn -0.6797 -0.2913 -0.6732
vn -0.9642 0.2394 -0.1137
vn -0.9200 0.2912 -0.2622
vn -0.8836 0.0721 0.4626
vn -0.5261 -0.1239 -0.8413
vn -0.9930 0.0832 -0.0841
vn -0.3055 0.3560 0.8831
vn -0.3135 0.3459 0.8844
vn -0.1906 0.9806 0.0454
vn -0.9857 0.1344 0.1021
vn -0.3635 -0.8741 0.3222
vn -0.1936 -0.7819 0.5926
vn -0.1112 -0.6646 0.7389
vn 0.0046 -0.5940 0.8044
vn -0.0485 0.9477 0.3153
vn 0.1326 0.7782 0.6139
vn 0.0822 0.8325 0.5479
vn -0.1860 0.8763 0.4444
vn -0.1496 -0.6397 0.7539
vn -0.1997 -0.7389 0.6436
vn -0.0120 -0.8479 0.5300
vn 0.3311 -0.7540 0.5673
vn 0.2137 0.5971 0.7732
vn 0.6082 0.4961 0.6196
vn 0.3885 0.7310 0.5610
vn -0.2886 -0.3127 0.9050
vn 0.0008 -0.1745 0.9847
vn -0.3748 0.8482 0.3742
vn -0.6447 0.5863 0.4906
vn -0.5934 -0.0450 0.8037
vn -0.5179 -0.2826 0.8074
vn -0.6542 -0.4632 0.5979
vn -0.5442 -0.5412 0.6410
vn 0.0024 0.8853 0.4650
vn 0.2746 0.3600 0.8916
vn 0.5831 0.2748 0.7645
vn 0.0983 0.0781 0.9921
vn 0.0613 0.3572 0.9320
vn 0.9003 0.3429 -0.2679
vn 0.9198 0.3475 -0.1821
vn 0.8819 0.3714 -0.2903
vn 0.9170 0.3945 -0.0597
vn 0.0878 -0.7750 -0.6259
vn 0.6931 -0.3004 -0.6552
vn -0.9534 0.2888 0.0877
vn -0.9150 0.1766 0.3629
vn -0.2549 -0.9412 -0.2218
vn 0.1572 -0.8280 -0.5382
vn 0.7703 -0.1295 -0.6243
vn 0.6915 0.3004 -0.6570
vn 0.6869 0.6187 -0.3812
vn 0.4871 0.8343 0.2582
vn 0.6793 -0.3813 -0.6271
vn -0.4567 -0.7840 -0.4206
vn -0.3405 -0.7211 -0.6033
vn -0.5395 0.0448 -0.8408
vn -0.5468 0.6676 -0.5053
vn -0.8011 -0.5973 0.0394
vn -0.4914 -0.5050 -0.7096
vn -0.4706 0.8539 0.2224
vn -0.7620 -0.1959 0.6172
vn -0.7656 0.0627 0.6403
vn -0.9126 -0.2903 0.2880
vn -0.9514 -0.0865 0.2955
vn -0.9429 -0.2532 0.2163
vn -0.9125 -0.2708 0.3066
vn -0.9593 -0.2722 0.0747
vn -0.7322 -0.0221 0.6807
vn -0.8396 0.0006 0.5432
vn -0.9510 -0.3092 -0.0024
vn -0.9275 -0.3400 0.1557
vn -0.7633 0.0630 0.6430
vn -0.9467 -0.2150 0.2398
vn -0.9848 0.0062 0.1734
vn -0.9311 0.0605 0.3598
vn -0.6217 0.7473 0.2346
vn -0.3455 0.6008 0.7209
vn -0.9745 -0.0217 0.2232
vn -0.9105 0.0934 0.4028
vn -0.9390 -0.3133 0.1421
vn -0.7265 -0.4718 0.4996
vn -0.9453 -0.2280 0.2332
vn -0.8609 -0.4575 -0.2226
vn -0.8903 -0.4546 0.0255
vn -0.9994 -0.0037 0.0344
vn -0.8799 -0.3523 -0.3189
vn -0.6148 -0.1638 0.7715
vn -0.7694 0.0117 0.6387
vn -0.7325 0.0709 0.6770
vn -0.8191 -0.2870 0.4968
vn -0.9271 -0.1006 0.3610
vn -0.9274 -0.0865 0.3638
vn -0.9480 -0.2154 0.2344
vn -0.9441 0.0229 0.3288
vn -0.7150 -0.6727 0.1902
vn -0.8781 -0.4739 -0.0665
vn 0.4606 0.5971 0.6567
vn -0.9511 -0.2570 0.1712
vn -0.9196 -0.3737 0.1211
vn -0.9514 -0.2698 0.1483
vn -0.8544 -0.2731 0.4420
vn -0.6432 -0.5677 0.5138
vn -0.8185 -0.5364 0.2057
vn -0.7990 -0.4249 0.4256
vn -0.3086 0.1758 0.9348
vn -0.6004 -0.6553 0.4585
vn -0.5616 -0.7598 0.3274
vn -0.2205 -0.1224 0.9677
vn -0.1053 0.5964 -0.7957
vn -0.2787 -0.3364 -0.8995
vn 0.0863 0.7435 0.6631
vn 0.0797 0.9650 0.2497
vn -0.9166 -0.1596 0.3665
vn -0.7227 -0.6312 -0.2817
vn -0.5554 -0.4800 -0.6791
vn -0.6779 -0.7351 -0.0115
vn -0.6731 -0.7392 -0.0236
vn -0.7404 -0.4279 -0.5184
vn -0.4985 0.6926 -0.5214
vn -0.8309 0.4222 -0.3624
vn -0.7640 0.6394 0.0862
vn 0.1215 0.9721 0.2006
vn 0.0893 0.8238 0.5597
vn -0.4634 0.7580 0.4591
vn -0.7022 0.2922 0.6493
vn -0.7504 -0.3357 0.5693
vn -0.4912 0.2221 0.8422
vn -0.4299 0.0270 0.9025
vn -0.1929 -0.1305 0.9725
vn -0.9113 -0.0954 0.4006
vn -0.8909 -0.4026 0.2101
vn -0.4835 0.1055 0.8690
vn -0.7654 0.4689 0.4408
vn -0.7196 0.6266 0.2991
vn -0.6871 0.4767 -0.5484
vn -0.4971 0.4379 -0.7491
vn -0.2470 0.7157 -0.6532
vn -0.4822 0.8018 -0.3530
vn -0.3059 0.3904 -0.8684
vn -0.0492 0.5761 -0.8159
vn -0.3951 -0.2926 -0.8708
vn -0.4907 -0.2699 -0.8284
vn -0.5897 -0.2459 -0.7693
vn -0.5964 0.1321 -0.7917
vn -0.7378 0.1427 -0.6598
vn -0.6519 0.7572 0.0417
vn -0.3715 0.8651 -0.3370
vn -0.3573 0.0753 -0.9310
vn -0.4620 0.1056 -0.8806
vn -0.2151 0.3264 -0.9204
vn -0.5231 0.1414 0.8405
vn -0.9084 0.1576 -0.3872
vn -0.8423 0.1666 -0.5126
vn -0.9142 0.3914 -0.1051
vn -0.8350 0.4626 -0.2980
vn 0.1819 0.5614 -0.8073
vn 0.3771 0.3953 -0.8376
vn 0.0843 -0.3180 0.9443
vn 0.1395 0.0135 0.9901
vn -0.0087 -0.2928 0.9561
vn -0.1694 -0.0737 0.9828
vn -0.6205 -0.1883 -0.7612
vn -0.5178 -0.0894 -0.8508
vn -0.4687 0.1864 -0.8635
vn -0.9126 0.2112 -0.3500
vn -0.1075 -0.0760 -0.9913
vn 0.0808 -0.5758 -0.8136
vn 0.1226 -0.9017 -0.4147
vn 0.1023 -0.7647 -0.6362
vn 0.1078 -0.4520 -0.8855
vn 0.2182 -0.2190 0.9510
vn -0.0052 -0.1427 0.9898
vn 0.1659 -0.6917 0.7028
vn 0.3347 -0.6967 0.6345
vn 0.0524 -0.4333 -0.8997
vn 0.0691 -0.3445 -0.9362
vn 0.0179 -0.2997 -0.9539
vn 0.0187 -0.3902 -0.9206
vn 0.0178 -0.1079 0.9940
vn 0.3795 0.2619 0.8873
vn 0.5221 0.4480 0.7258
vn 0.1459 0.1812 0.9726
vn 0.0880 0.2287 -0.9695
vn 0.0038 0.1445 -0.9895
vn 0.0466 0.2662 -0.9628
vn 0.1691 0.3582 -0.9182
vn -0.0166 -0.2480 -0.9686
vn -0.0105 -0.2991 -0.9542
vn -0.0191 -0.1951 -0.9806
vn -0.0497 -0.1860 -0.9813
vn -0.0569 -0.0917 -0.9942
vn 0.0110 -0.0487 -0.9988
vn -0.0447 0.0284 -0.9986
vn 0.0082 0.0966 -0.9953
vn -0.1199 -0.0009 0.9928
vn 0.1560 0.0808 0.9845
vn -0.1308 0.1356 0.9821
vn 0.0946 0.0776 0.9925
vn -0.0252 0.8855 0.4640
vn -0.0425 0.9846 -0.1695
vn -0.0024 0.9867 -0.1623
vn 0.0060 0.9317 0.3631
vn -0.0034 0.8053 -0.5929
vn 0.0712 0.6889 -0.7213
vn -0.0346 0.7329 -0.6795
vn -0.0377 0.9084 -0.4164
vn 0.0081 0.2685 0.9632
vn -0.0116 0.3851 0.9228
vn 0.1313 0.2934 -0.9469
vn 0.0677 -0.1105 -0.9916
vn -0.0207 -0.2059 -0.9784
vn 0.0265 0.2418 -0.9700
vn 0.1628 -0.2539 -0.9534
vn 0.1596 -0.4288 -0.8892
vn -0.0167 -0.5560 -0.8310
vn -0.0377 -0.2894 -0.9565
vn 0.5630 0.6830 0.4654
vn 0.7121 0.6387 0.2914
vn 0.2782 -0.8436 -0.4592
vn 0.1960 -0.8731 -0.4463
vn 0.1685 -0.6493 -0.7417
vn 0.2137 -0.6621 -0.7183
vn 0.2393 -0.9637 0.1182
vn 0.3439 -0.9376 -0.0517
vn 0.0333 0.0487 -0.9983
vn 0.0757 0.1463 -0.9863
vn -0.0784 0.2210 -0.9721
vn -0.0971 0.2702 -0.9579
vn 0.1322 -0.1187 -0.9841
vn 0.1300 -0.3750 -0.9179
vn 0.0003 -0.4716 -0.8818
vn -0.0102 -0.1328 -0.9911
vn -0.3601 -0.0000 0.9329
vn -0.3308 -0.2535 0.9090
vn -0.2742 -0.0269 0.9613
vn -0.6328 0.0326 0.7736
vn -0.0353 -0.3122 -0.9494
vn -0.0074 -0.1326 -0.9911
vn 0.0058 0.3125 -0.9499
vn -0.0816 0.7502 -0.6562
vn -0.1002 0.7093 -0.6977
vn 0.0109 0.4759 -0.8794
vn 0.0092 -0.0281 -0.9996
vn 0.0679 0.0520 -0.9963
vn -0.1231 0.1038 -0.9869
vn -0.1582 0.1169 -0.9805
vn 0.1512 -0.4883 -0.8595
vn 0.1528 -0.5247 -0.8374
vn -0.2468 -0.0414 0.9682
vn -0.0816 -0.5920 0.8018
vn 0.0196 -0.2102 -0.9775
vn -0.0119 -0.1683 -0.9857
vn 0.0976 -0.9700 0.2227
vn 0.1011 0.3499 -0.9313
vn 0.1782 -0.6397 -0.7477
vn 0.1392 -0.4468 -0.8837
vn -0.0506 -0.1533 -0.9869
vn -0.0571 -0.0979 -0.9936
vn -0.3265 -0.0243 0.9449
vn -0.0489 -0.0334 -0.9982
vn -0.3050 0.1895 0.9333
vn 0.0542 -0.2669 -0.9622
vn 0.0164 0.0722 -0.9973
vn 0.5339 0.8370 -0.1197
vn 0.6984 0.6781 -0.2290
vn 0.3815 0.7462 -0.5455
vn 0.5508 0.5901 -0.5903
vn -0.2820 0.7757 0.5646
vn -0.8561 0.5036 0.1160
vn 0.1715 -0.8978 -0.4057
vn 0.1698 0.5263 0.8332
vn 0.1865 -0.0343 0.9819
vn 0.3176 -0.0140 0.9481
vn 0.2986 0.5569 0.7751
vn -0.8599 0.0839 0.5035
vn -0.4778 0.8300 0.2877
vn -0.6317 0.7196 -0.2883
vn -0.9585 0.1177 -0.2598
vn -0.0834 -0.0061 0.9965
vn 0.0047 0.4576 0.8892
vn -0.2337 0.7359 0.6354
vn -0.5015 0.0494 0.8637
vn -0.0804 0.9879 -0.1327
vn 0.1316 0.9306 0.3416
vn 0.1242 0.9460 0.2994
vn -0.0235 0.9817 -0.1888
vn -0.7171 -0.0023 -0.6970
vn -0.4026 0.6784 -0.6145
vn -0.2751 0.7269 -0.6292
vn -0.5682 -0.0064 -0.8229
vn 0.0351 0.9008 0.4327
vn -0.1227 0.9917 -0.0397
vn 0.2767 -0.0040 0.9609
vn 0.2512 0.5887 0.7683
vn -0.3361 0.8167 -0.4691
vn -0.5653 -0.0397 -0.8239
vn -0.5263 0.2587 -0.8100
vn -0.4882 0.3185 -0.8125
vn -0.4921 -0.0311 -0.8700
vn -0.4651 0.2526 -0.8484
vn -0.4738 -0.0710 -0.8777
vn -0.6728 0.2970 -0.6776
vn -0.4678 0.4372 -0.7681
vn -0.5143 0.3306 -0.7913
vn -0.5804 0.0025 -0.8143
vn -0.7737 -0.0656 -0.6301
vn -0.5111 -0.0173 -0.8593
vn -0.4285 0.4081 -0.8061
vn -0.2003 0.3927 -0.8976
vn -0.2499 -0.0098 -0.9682
vn -0.0650 0.9686 -0.2400
vn -0.1589 0.6824 -0.7135
vn 0.2383 0.0107 0.9711
vn 0.1849 0.6067 0.7731
vn 0.0513 0.9645 0.2590
vn -0.1744 -0.0577 -0.9830
vn -0.1198 0.9621 -0.2448
vn -0.2824 0.6781 -0.6786
vn 0.1179 0.6384 0.7606
vn 0.0086 0.9729 0.2310
vn -0.3683 -0.0140 -0.9296
vn 0.1750 0.0070 0.9845
vn -0.2413 0.6948 -0.6775
vn -0.5031 -0.0337 -0.8636
vn 0.0396 0.6436 0.7644
vn 0.0002 0.9809 0.1948
vn -0.0504 0.9524 -0.3006
vn 0.0740 0.0261 0.9969
vn -0.0255 0.6562 0.7541
vn -0.0042 0.9910 0.1338
vn 0.0084 0.9287 -0.3708
vn -0.0143 0.6498 -0.7600
vn -0.3703 -0.0483 -0.9277
vn -0.2361 0.4292 -0.8718
vn -0.0353 0.4069 -0.9128
vn -0.0748 -0.0932 -0.9928
vn -0.0336 0.0138 0.9993
vn -0.1354 0.9646 0.2265
vn -0.2502 0.5900 0.7677
vn -0.2710 0.6121 0.7429
vn -0.1689 0.9498 0.2632
vn -0.0804 -0.1011 -0.9916
vn -0.1628 0.7236 -0.6708
vn -0.1165 0.9375 -0.3279
vn -0.0814 0.9539 -0.2888
vn -0.1650 0.8182 -0.5508
vn -0.3618 0.0395 0.9314
vn -0.2796 0.1028 0.9546
vn -0.2823 0.0846 -0.9556
vn -0.3952 0.2104 -0.8942
vn -0.1073 0.6523 -0.7503
vn -0.2143 -0.0101 -0.9767
vn -0.1491 0.0266 0.9885
vn -0.0945 0.6477 0.7560
vn -0.0605 0.9859 0.1559
vn -0.0576 0.9171 -0.3944
vn 0.1397 -0.6372 0.7579
vn 0.2055 -0.6434 0.7374
vn -0.7176 -0.6161 -0.3247
vn -0.6237 -0.7526 0.2112
vn -0.4005 -0.7305 0.5532
vn -0.0839 -0.5226 0.8484
vn -0.1732 -0.9658 -0.1929
vn -0.1157 -0.9798 -0.1632
vn -0.0038 -0.9752 0.2213
vn 0.0010 -0.9797 0.2005
vn -0.3584 -0.7470 -0.5600
vn -0.4883 -0.6308 -0.6031
vn -0.0373 -0.9672 0.2511
vn -0.1706 -0.9698 -0.1742
vn 0.1859 -0.6619 0.7262
vn -0.3710 -0.7153 -0.5922
vn -0.4541 -0.3287 -0.8281
vn -0.5210 -0.3017 -0.7985
vn -0.4337 -0.3287 -0.8390
vn -0.6773 -0.2572 -0.6893
vn -0.4668 -0.3130 -0.8271
vn -0.5342 -0.2686 -0.8016
vn -0.2642 -0.4363 -0.8602
vn -0.4472 -0.4258 -0.7866
vn -0.1803 -0.7426 -0.6450
vn -0.0595 -0.9796 -0.1919
vn 0.1840 -0.6557 0.7322
vn 0.0436 -0.9824 0.1816
vn -0.3019 -0.7105 -0.6357
vn -0.1417 -0.9829 -0.1179
vn -0.0062 -0.9559 0.2937
vn 0.1197 -0.6349 0.7633
vn -0.3123 -0.7554 -0.5760
vn -0.0427 -0.9310 0.3625
vn 0.0324 -0.5990 0.8001
vn -0.1240 -0.9861 -0.1103
vn 0.0094 -0.9451 0.3267
vn -0.0096 -0.6056 0.7957
vn -0.1174 -0.7469 -0.6545
vn -0.0469 -0.9844 -0.1693
vn -0.1146 -0.5548 -0.8241
vn -0.2962 -0.5323 -0.7930
vn -0.3767 -0.8465 0.3763
vn -0.7889 0.0033 0.6146
vn -0.3656 0.0386 0.9300
vn -0.4216 -0.4327 0.7969
vn -0.3297 -0.6703 -0.6648
vn -0.5114 -0.4343 -0.7415
vn -0.9102 -0.0310 -0.4130
vn -0.3733 -0.9237 -0.0859
vn -0.1799 -0.6983 -0.6928
vn -0.1341 -0.5940 0.7932
vn -0.0761 -0.9717 -0.2238
vn -0.0680 -0.9540 0.2920
vn 0.2437 0.7489 0.6162
vn 0.4246 0.1117 0.8985
vn 0.5260 0.1714 0.8330
vn 0.3690 0.7762 0.5112
vn -0.7982 0.0301 0.6017
vn -0.5743 0.8017 0.1659
vn -0.7086 0.6151 -0.3458
vn -0.9897 -0.1184 -0.0803
vn -0.0299 0.0975 0.9948
vn -0.0002 0.6929 0.7210
vn -0.3332 0.8280 0.4510
vn -0.4546 0.0759 0.8874
vn -0.2285 0.9278 -0.2950
vn 0.0264 0.9995 0.0158
vn -0.0146 0.9994 0.0324
vn -0.2312 0.9315 -0.2809
vn -0.9569 -0.2901 0.0127
vn -0.5329 0.5309 -0.6589
vn -0.5110 0.5700 -0.6434
vn -0.6808 -0.1700 -0.7125
vn -0.0609 0.9926 0.1049
vn -0.2220 0.9382 -0.2654
vn 0.3827 0.2061 0.9006
vn 0.2810 0.7937 0.5395
vn -0.4091 0.6709 -0.6185
vn -0.6222 -0.2258 -0.7496
vn -0.5769 0.1569 -0.8016
vn -0.5062 0.2180 -0.8344
vn -0.5494 -0.2132 -0.8079
vn -0.4929 0.1434 -0.8582
vn -0.5035 -0.1865 -0.8436
vn -0.8399 0.3538 0.4115
vn -0.5016 0.3111 -0.8073
vn -0.6292 0.2268 -0.7434
vn -0.7096 -0.2137 -0.6714
vn -0.8459 -0.3319 0.4175
vn -0.5730 -0.2156 -0.7907
vn -0.5399 0.1625 -0.8259
vn -0.3649 0.1423 -0.9201
vn -0.3117 -0.2525 -0.9160
vn -0.2474 0.8966 -0.3672
vn -0.3418 0.4807 -0.8075
vn 0.2935 0.2237 0.9294
vn 0.1527 0.8061 0.5717
vn -0.0724 0.9958 0.0559
vn -0.2650 -0.2323 -0.9358
vn -0.1991 0.8932 -0.4032
vn -0.3553 0.4417 -0.8238
vn 0.0986 0.8035 0.5870
vn -0.0482 0.9979 0.0444
vn -0.4217 -0.1808 -0.8885
vn 0.2649 0.1921 0.9450
vn -0.3586 0.5225 -0.7736
vn -0.5773 -0.1266 -0.8066
vn -0.0048 0.8234 0.5674
vn -0.0798 0.9967 -0.0154
vn -0.1435 0.8890 -0.4348
vn 0.1135 0.1802 0.9771
vn -0.0630 0.8267 0.5591
vn -0.1336 0.9896 -0.0536
vn -0.1714 0.8748 -0.4532
vn -0.2121 0.5258 -0.8238
vn -0.4710 -0.1109 -0.8752
vn -0.3990 0.2769 -0.8741
vn -0.2339 0.2542 -0.9384
vn -0.1444 -0.1434 -0.9791
vn -0.0108 0.1686 0.9856
vn -0.3545 0.9309 0.0877
vn -0.4054 0.5704 0.7144
vn -0.1392 -0.1571 -0.9777
vn -0.4046 0.5668 -0.7177
vn -0.3854 0.8459 -0.3686
vn -0.5649 0.4193 -0.7107
vn -0.3551 0.1471 0.9232
vn -0.2378 0.1354 0.9618
vn -0.4258 -0.0871 -0.9006
vn -0.5719 -0.1062 -0.8134
vn -0.2324 0.5335 -0.8133
vn -0.2737 -0.1038 -0.9562
vn -0.0931 0.1657 0.9818
vn -0.0975 0.8078 0.5813
vn -0.1311 0.9896 -0.0594
vn -0.1721 0.8582 -0.4837
vn 0.3539 -0.5063 0.7864
vn 0.4493 -0.4648 0.7629
vn -0.6117 -0.7910 -0.0104
vn -0.4093 -0.7825 0.4693
vn -0.1825 -0.6874 0.7030
vn 0.1123 -0.4679 0.8766
vn -0.0203 -0.9979 0.0617
vn 0.0100 -0.9889 0.1485
vn 0.1826 -0.8339 0.5208
vn 0.2286 -0.8796 0.4172
vn -0.3548 -0.8653 -0.3541
vn -0.5010 -0.7864 -0.3612
vn 0.1243 -0.8945 0.4295
vn -0.0364 -0.9963 0.0778
vn 0.3178 -0.4019 0.8588
vn -0.3924 -0.8420 -0.3703
vn -0.5129 -0.5234 -0.6804
vn -0.5554 -0.5055 -0.6604
vn -0.4742 -0.4878 -0.7329
vn -0.9018 -0.3695 -0.2243
vn -0.5415 -0.5481 -0.6375
vn -0.5787 -0.5593 -0.5935
vn -0.2967 -0.6087 -0.7358
vn -0.4897 -0.5873 -0.6444
vn -0.1777 -0.8631 -0.4727
vn -0.0010 -0.9981 0.0615
vn 0.2837 -0.4404 0.8518
vn 0.1369 -0.8611 0.4896
vn -0.3060 -0.7962 -0.5220
vn -0.0393 -0.9978 0.0541
vn 0.1396 -0.8796 0.4547
vn 0.2683 -0.4614 0.8456
vn -0.3207 -0.8186 -0.4765
vn 0.0596 -0.8898 0.4525
vn 0.1255 -0.4953 0.8596
vn -0.0220 -0.9994 -0.0257
vn 0.0261 -0.9330 0.3590
vn 0.0194 -0.5485 0.8359
vn -0.0830 -0.7630 -0.6411
vn -0.0325 -0.9882 -0.1497
vn -0.0895 -0.5521 -0.8290
vn -0.3291 -0.5301 -0.7814
vn -0.2759 -0.8957 0.3488
vn -0.7644 -0.0046 0.6448
vn -0.2792 0.0427 0.9593
vn -0.3551 -0.3632 0.8614
vn -0.3056 -0.7253 -0.6169
vn -0.4665 -0.6647 -0.5835
vn -0.9025 -0.3564 -0.2417
vn -0.2209 -0.9575 -0.1853
vn -0.1784 -0.6939 -0.6976
vn -0.0457 -0.5884 0.8072
vn -0.0416 -0.9612 -0.2727
vn 0.0233 -0.9664 0.2560
vn 0.2764 0.7819 0.5588
vn 0.4300 0.1952 0.8815
vn 0.5315 0.1649 0.8309
vn 0.3249 0.8046 0.4971
vn -0.7669 0.0312 0.6410
vn -0.5825 0.7859 0.2074
vn -0.7669 0.5751 -0.2848
vn -0.9957 -0.0864 -0.0335
vn 0.0309 0.1487 0.9884
vn 0.0871 0.7026 0.7062
vn -0.2883 0.8199 0.4947
vn -0.3983 0.0871 0.9131
vn -0.1949 0.9244 -0.3277
vn 0.0319 0.9994 0.0110
vn -0.0481 0.9982 0.0363
vn -0.2271 0.9263 -0.3006
vn -0.6910 -0.1869 -0.6983
vn -0.5080 0.5226 -0.6847
vn -0.5158 0.5754 -0.6347
vn -0.7305 -0.1781 -0.6593
vn 0.0076 0.9969 0.0779
vn -0.1926 0.9434 -0.2701
vn 0.4078 0.1344 0.9031
vn 0.1984 0.8134 0.5469
vn -0.4802 0.5655 -0.6706
vn -0.6929 -0.2149 -0.6883
vn -0.6896 0.0412 -0.7230
vn -0.5974 0.0702 -0.7989
vn -0.6009 -0.2425 -0.7617
vn -0.4730 0.0900 -0.8765
vn -0.4879 -0.1877 -0.8525
vn -0.6112 0.1059 -0.7843
vn -0.5910 0.1427 -0.7940
vn -0.7140 0.1169 -0.6903
vn -0.7652 -0.1854 -0.6165
vn -0.5712 -0.2641 -0.7772
vn -0.6809 -0.1609 -0.7145
vn -0.6280 0.2729 -0.7288
vn -0.4563 0.2765 -0.8458
vn -0.4285 -0.1662 -0.8881
vn -0.2429 0.9120 -0.3304
vn -0.3935 0.5707 -0.7207
vn 0.3538 0.1681 0.9201
vn 0.1468 0.8439 0.5161
vn -0.0821 0.9965 0.0183
vn -0.3656 -0.1571 -0.9174
vn -0.2524 0.9132 -0.3198
vn -0.4565 0.5701 -0.6831
vn 0.1332 0.8651 0.4836
vn -0.0855 0.9962 0.0142
vn -0.5252 -0.1213 -0.8423
vn 0.3645 0.1992 0.9097
vn -0.4798 0.6103 -0.6303
vn -0.6731 -0.0946 -0.7334
vn 0.0687 0.8037 0.5911
vn -0.1445 0.9854 0.0895
vn -0.2617 0.9172 -0.3005
vn 0.2727 0.1179 0.9548
vn -0.0284 0.7402 0.6718
vn -0.1392 0.9857 0.0946
vn -0.2090 0.9002 -0.3821
vn -0.2576 0.6144 -0.7458
vn -0.5650 -0.1334 -0.8142
vn -0.4997 0.3802 -0.7783
vn -0.3154 0.3735 -0.8724
vn -0.2507 -0.1236 -0.9601
vn 0.0891 0.0480 0.9949
vn -0.5193 0.7389 0.4294
vn -0.3843 0.2632 0.8849
vn -0.1587 -0.0476 -0.9862
vn -0.5727 0.5043 -0.6463
vn -0.5991 0.7803 -0.1794
vn -0.7228 0.1279 -0.6792
vn -0.2553 -0.0207 0.9666
vn -0.1813 0.0097 0.9834
vn -0.4709 -0.1164 -0.8745
vn -0.5712 -0.2290 -0.7883
vn -0.2858 0.6012 -0.7463
vn -0.3015 -0.0354 -0.9528
vn -0.0543 0.0261 0.9982
vn -0.1404 0.6478 0.7488
vn -0.1672 0.9797 0.1103
vn -0.2027 0.9033 -0.3781
vn 0.3658 -0.4695 0.8036
vn 0.4738 -0.5429 0.6933
vn -0.7009 -0.7132 -0.0065
vn -0.4611 -0.7557 0.4650
vn -0.2115 -0.6858 0.6964
vn 0.1165 -0.3967 0.9105
vn -0.0548 -0.9985 0.0058
vn -0.0505 -0.9980 0.0382
vn 0.1503 -0.9335 0.3256
vn 0.2121 -0.9258 0.3129
vn -0.3987 -0.8459 -0.3542
vn -0.4009 -0.8030 -0.4410
vn 0.1014 -0.8936 0.4373
vn -0.0915 -0.9952 0.0341
vn 0.3623 -0.5975 0.7153
vn -0.3936 -0.8134 -0.4284
vn -0.5553 -0.4771 -0.6812
vn -0.6384 -0.4407 -0.6311
vn -0.4659 -0.4940 -0.7341
vn -0.5204 -0.4750 -0.7096
vn -0.5584 -0.4771 -0.6786
vn -0.6816 -0.4465 -0.5797
vn -0.3640 -0.5927 -0.7185
vn -0.5651 -0.5842 -0.5825
vn -0.2422 -0.8272 -0.5070
vn -0.0547 -0.9979 -0.0348
vn 0.3110 -0.5861 0.7482
vn 0.1110 -0.9352 0.3362
vn -0.3640 -0.7693 -0.5251
vn -0.1116 -0.9928 -0.0441
vn 0.1052 -0.9264 0.3615
vn 0.3149 -0.5634 0.7638
vn -0.4075 -0.7892 -0.4595
vn 0.1072 -0.9303 0.3507
vn 0.2590 -0.5866 0.7673
vn -0.1057 -0.9906 -0.0868
vn 0.1494 -0.9456 0.2889
vn 0.1559 -0.6177 0.7708
vn -0.1090 -0.7557 -0.6458
vn 0.0195 -0.9787 -0.2045
vn -0.2052 -0.6164 -0.7603
vn -0.4193 -0.6323 -0.6515
vn -0.3156 -0.8373 0.4465
vn -0.7153 -0.0445 0.6974
vn -0.1902 -0.1064 0.9760
vn -0.3371 -0.3092 0.8893
vn -0.2320 -0.7791 -0.5824
vn -0.4075 -0.7676 -0.4947
vn -0.8987 -0.4360 -0.0483
vn -0.1786 -0.9814 -0.0707
vn -0.1175 -0.7041 -0.7003
vn -0.0131 -0.5852 0.8107
vn 0.0726 -0.9716 -0.2252
vn 0.0806 -0.9534 0.2906
vn 0.2678 0.6654 0.6968
vn 0.4824 0.0263 0.8755
vn 0.5361 0.0097 0.8441
vn 0.3585 0.6879 0.6311
vn -0.7280 -0.1173 0.6755
vn -0.7201 0.6637 0.2024
vn -0.8468 0.4817 -0.2257
vn -0.9684 -0.2125 0.1303
vn 0.1533 -0.0059 0.9882
vn 0.0891 0.5701 0.8167
vn -0.3976 0.7074 0.5844
vn -0.2965 -0.0640 0.9529
vn -0.3877 0.8407 -0.3781
vn -0.0711 0.9967 0.0399
vn -0.0412 0.9990 0.0193
vn -0.3191 0.8669 -0.3829
vn -0.8684 -0.2151 -0.4469
vn -0.6685 0.3762 -0.6415
vn -0.5641 0.4947 -0.6611
vn -0.6913 -0.2217 -0.6877
vn -0.1730 0.9726 0.1555
vn -0.4338 0.8548 -0.2848
vn 0.4867 -0.0111 0.8735
vn 0.3385 0.6752 0.6553
vn -0.6186 0.5037 -0.6030
vn -0.7358 -0.2253 -0.6386
vn -0.6992 0.0608 -0.7123
vn -0.6562 0.0749 -0.7509
vn -0.6521 -0.2507 -0.7155
vn -0.7026 0.0686 -0.7083
vn -0.7137 -0.2441 -0.6565
vn -0.9029 0.1004 -0.4180
vn -0.6651 0.1604 -0.7293
vn -0.7978 0.1668 -0.5794
vn -0.8876 -0.2238 -0.4026
vn -0.9239 -0.2305 -0.3054
vn -0.6836 -0.1944 -0.7035
vn -0.6429 0.1956 -0.7405
vn -0.5144 0.2119 -0.8309
vn -0.4664 -0.1589 -0.8702
vn -0.3090 0.8680 -0.3887
vn -0.4412 0.4947 -0.7487
vn 0.4313 -0.0195 0.9020
vn 0.2649 0.6858 0.6779
vn -0.0860 0.9955 0.0409
vn -0.3765 -0.1684 -0.9110
vn -0.3653 0.8658 -0.3419
vn -0.5086 0.4605 -0.7275
vn 0.1554 0.6831 0.7136
vn -0.1466 0.9811 0.1262
vn -0.4961 -0.1879 -0.8477
vn 0.3511 -0.0214 0.9361
vn -0.5577 0.4983 -0.6639
vn -0.6594 -0.1955 -0.7259
vn 0.0994 0.6751 0.7310
vn -0.1497 0.9709 0.1867
vn -0.3743 0.8763 -0.3034
vn 0.2686 -0.0079 0.9632
vn 0.0492 0.6293 0.7756
vn -0.1347 0.9658 0.2216
vn -0.3124 0.8896 -0.3332
vn -0.3997 0.4863 -0.7770
vn -0.5913 -0.1937 -0.7828
vn -0.5930 0.2260 -0.7729
vn -0.4208 0.2262 -0.8785
vn -0.3354 -0.1635 -0.9278
vn 0.1969 -0.0270 0.9800
vn -0.6132 0.6115 0.5001
vn -0.3155 0.2316 0.9203
vn -0.2573 -0.1415 -0.9559
vn -0.7118 0.3426 -0.6132
vn -0.7398 0.6728 0.0047
vn -0.7585 -0.0244 -0.6512
vn -0.0165 -0.2275 0.9736
vn 0.0526 -0.3697 0.9277
vn -0.4728 -0.2923 -0.8313
vn -0.4581 -0.4194 -0.7837
vn -0.4451 0.4913 -0.7487
vn -0.3716 -0.1901 -0.9087
vn 0.0704 -0.1319 0.9888
vn -0.1747 0.4829 0.8581
vn -0.2767 0.9108 0.3064
vn -0.3568 0.8958 -0.2649
vn 0.4453 -0.4182 0.7917
vn 0.5039 -0.4701 0.7246
vn -0.5940 -0.8040 0.0272
vn -0.3209 -0.8238 0.4672
vn -0.0063 -0.6919 0.7220
vn 0.2609 -0.3807 0.8871
vn -0.0629 -0.9977 -0.0240
vn -0.0469 -0.9982 -0.0363
vn 0.2323 -0.8948 0.3812
vn 0.2611 -0.8858 0.3837
vn -0.3752 -0.8308 -0.4111
vn -0.4488 -0.7915 -0.4149
vn 0.2223 -0.8242 0.5208
vn -0.0622 -0.9963 0.0595
vn 0.4403 -0.4959 0.7485
vn -0.3481 -0.8756 -0.3348
vn -0.5687 -0.5334 -0.6262
vn -0.6277 -0.5046 -0.5928
vn -0.6046 -0.5268 -0.5975
vn -0.7462 -0.5550 -0.3677
vn -0.5354 -0.6213 -0.5721
vn -0.6968 -0.5947 -0.4010
vn -0.3894 -0.5747 -0.7198
vn -0.5406 -0.5776 -0.6117
vn -0.2396 -0.7823 -0.5750
vn -0.0199 -0.9957 -0.0908
vn 0.4133 -0.5259 0.7434
vn 0.2332 -0.8987 0.3715
vn -0.2973 -0.7590 -0.5792
vn -0.0146 -0.9968 -0.0780
vn 0.2312 -0.8940 0.3838
vn 0.3578 -0.5622 0.7455
vn -0.2747 -0.8148 -0.5105
vn 0.2145 -0.8962 0.3882
vn 0.2847 -0.5659 0.7738
vn 0.0392 -0.9944 -0.0979
vn 0.2206 -0.9171 0.3320
vn 0.2530 -0.5794 0.7748
vn -0.0824 -0.7333 -0.6749
vn 0.1022 -0.9747 -0.1987
vn -0.2004 -0.5769 -0.7918
vn -0.4138 -0.6134 -0.6727
vn 0.1996 -0.9515 0.2343
vn 0.1329 -0.9710 0.1988
vn 0.1267 -0.7713 0.6237
vn 0.1653 -0.6828 0.7117
vn -0.1063 -0.7962 -0.5956
vn -0.0203 -0.8818 -0.4711
vn 0.1089 -0.9633 -0.2455
vn 0.1174 -0.9651 -0.2342
vn -0.1161 -0.7380 -0.6648
vn 0.2192 -0.6316 0.7437
vn 0.1081 -0.9643 -0.2418
vn 0.2247 -0.9352 0.2736
vn -0.4480 0.0129 -0.8940
vn -0.1883 -0.2205 -0.9570
vn -0.2136 0.1019 -0.9716
vn -0.0409 -0.8572 -0.5134
vn -0.3199 -0.5620 -0.7628
vn -0.0858 -0.5672 -0.8191
vn 0.0877 -0.8550 -0.5111
vn 0.1191 -0.9417 -0.3147
vn 0.0987 -0.9630 -0.2508
vn -0.5803 -0.3816 -0.7194
vn -0.6375 -0.4935 -0.5917
vn -0.4051 -0.1281 -0.9053
vn -0.3957 0.3347 -0.8552
vn -0.2133 0.3126 -0.9256
vn -0.1367 -0.1430 -0.9802
vn -0.1130 0.6762 0.7280
vn -0.0795 0.9564 0.2810
vn -0.3367 -0.3120 -0.8884
vn -0.3657 0.2445 -0.8980
vn -0.1154 0.2124 -0.9703
vn -0.1581 -0.3119 -0.9369
vn -0.4876 -0.2701 -0.8303
vn -0.5482 0.1838 -0.8159
vn -0.3682 0.1513 -0.9173
vn -0.2604 -0.2890 -0.9213
vn 0.1115 -0.9916 0.0657
vn 0.1553 -0.9565 0.2469
vn -0.2441 0.3302 -0.9118
vn -0.2264 -0.6072 -0.7616
vn -0.3086 -0.2887 -0.9063
vn -0.3459 -0.5734 -0.7427
vn -0.1471 -0.5423 -0.8272
vn -0.4752 -0.0651 -0.8774
vn -0.2826 -0.0751 -0.9563
vn -0.4043 0.1044 -0.9086
vn -0.2791 -0.6827 -0.6753
vn -0.3911 -0.4310 -0.8132
vn -0.0728 0.9783 -0.1939
vn -0.0927 0.8892 -0.4481
vn 0.1356 -0.8309 0.5396
vn -0.3324 -0.6695 -0.6643
vn -0.2099 -0.6775 -0.7049
vn -0.2417 0.7268 -0.6430
vn -0.1049 0.7658 -0.6345
vn 0.0605 -0.2525 -0.9657
vn -0.0314 -0.4550 -0.8899
vn 0.0203 -0.3447 -0.9385
vn -0.0726 -0.4979 -0.8642
vn 0.1014 -0.1032 -0.9895
vn -0.1076 -0.4521 0.8854
vn -0.2696 0.0693 0.9605
vn -0.0679 0.1607 0.9847
vn -0.0183 -0.3257 0.9453
vn -0.0285 -0.1184 -0.9926
vn -0.0210 -0.2131 -0.9768
vn 0.0625 -0.9431 0.3267
vn 0.1025 -0.9276 0.3591
vn -0.2189 -0.1162 0.9688
vn -0.1523 0.1666 0.9742
vn -0.0004 -0.0253 0.9997
vn 0.0394 -0.4119 -0.9104
vn 0.1100 -0.6266 -0.7716
vn -0.0206 -0.1023 -0.9945
vn -0.0270 -0.1509 -0.9882
vn 0.0534 -0.2481 -0.9673
vn -0.2500 0.0019 0.9683
vn 0.0321 -0.0032 0.9995
vn -0.0149 -0.0603 -0.9981
vn -0.3087 0.1752 0.9349
vn -0.0180 0.1568 0.9875
vn -0.0259 -0.2742 -0.9613
vn -0.0166 0.3382 -0.9409
vn -0.0021 0.0138 -0.9999
vn -0.0051 -0.0505 -0.9987
vn 0.0319 0.3348 -0.9417
vn -0.1508 0.8303 0.5365
vn -0.0807 0.7885 -0.6097
vn -0.1218 0.9796 -0.1601
vn 0.1376 -0.9172 -0.3739
vn 0.0758 -0.2008 0.9767
vn -0.1963 -0.7832 0.5900
vn -0.1639 -0.8020 0.5745
vn 0.1063 -0.2237 0.9688
vn -0.9120 0.0968 0.3986
vn -0.3372 0.5463 0.7667
vn -0.2076 0.9599 0.1882
vn -0.7340 0.6597 -0.1612
vn -0.5327 -0.5634 0.6315
vn -0.1687 -0.1369 0.9761
vn -0.2703 0.1594 0.9495
vn -0.7500 -0.2978 0.5906
vn 0.2804 0.7196 0.6352
vn 0.2424 0.3460 0.9064
vn 0.1497 0.3637 0.9194
vn 0.2523 0.7535 0.6071
vn -0.0437 0.7849 -0.6181
vn 0.2529 0.9652 -0.0664
vn 0.1496 0.9868 0.0622
vn -0.2223 0.8044 -0.5509
vn 0.2213 0.3544 0.9085
vn 0.2684 0.6839 0.6784
vn -0.3619 -0.7122 0.6015
vn -0.0802 -0.1348 0.9876
vn 0.2695 0.9575 0.1023
vn 0.0053 0.7479 -0.6638
vn 0.1019 0.8497 -0.5174
vn 0.1980 0.8519 -0.4847
vn 0.1121 0.7388 -0.6646
vn 0.2330 0.8305 -0.5059
vn 0.1708 0.7377 -0.6532
vn 0.1288 0.8878 -0.4418
vn 0.2251 0.8935 -0.3886
vn 0.0555 0.9141 -0.4016
vn -0.1703 0.8088 -0.5629
vn 0.0832 0.7640 -0.6399
vn -0.1789 0.7954 -0.5791
vn -0.0308 0.9593 -0.2806
vn 0.3377 0.8706 -0.3577
vn 0.2631 0.6746 -0.6897
vn 0.3434 0.7670 0.5420
vn 0.4288 0.9004 -0.0741
vn -0.5520 -0.5839 0.5953
vn -0.2290 0.0341 0.9728
vn 0.1065 0.4531 0.8851
vn 0.3900 0.6149 -0.6855
vn 0.2574 0.8495 0.4606
vn 0.3292 0.9319 -0.1525
vn -0.3249 0.1110 0.9392
vn 0.0267 0.5510 0.8341
vn 0.2540 0.6865 -0.6813
vn -0.6729 -0.4713 0.5702
vn -0.3554 -0.9288 0.1052
vn -0.3239 -0.9418 0.0899
vn -0.7141 0.0972 -0.6932
vn -0.8463 -0.4709 -0.2492
vn -0.6805 -0.7316 0.0414
vn -0.5283 -0.8310 0.1743
vn -0.3648 -0.6000 -0.7120
vn -0.3488 -0.5012 -0.7919
vn -0.4088 -0.8540 -0.3218
vn -0.3614 -0.8929 -0.2686
vn -0.2568 0.1930 -0.9470
vn -0.1867 0.1793 -0.9659
vn -0.4255 -0.8820 -0.2025
vn -0.4417 -0.6414 -0.6273
vn -0.4379 -0.8957 0.0767
vn -0.2262 0.0147 -0.9740
vn 0.0332 0.6206 -0.7834
vn -0.0304 0.6538 -0.7560
vn 0.0983 0.5964 -0.7966
vn 0.0220 0.5725 -0.8196
vn -0.0344 0.4727 -0.8806
vn -0.2054 0.5871 -0.7830
vn 0.1088 0.4248 -0.8987
vn -0.1859 0.5048 -0.8430
vn 0.0651 0.1499 -0.9866
vn -0.2451 -0.4406 -0.8636
vn -0.5322 -0.8462 -0.0271
vn -0.4249 -0.7979 -0.4276
vn 0.1028 0.2592 -0.9603
vn -0.2193 -0.3460 -0.9122
vn -0.5024 -0.7257 -0.4701
vn -0.6509 -0.7565 -0.0628
vn -0.7838 -0.3308 0.5255
vn -0.8359 -0.5352 -0.1219
vn -0.9709 -0.1641 -0.1747
vn -0.8802 -0.0608 0.4707
vn -0.3591 -0.0671 -0.9309
vn 0.0282 0.3711 -0.9282
vn 0.1149 0.3874 -0.9147
vn -0.3464 0.1509 -0.9259
vn 0.3405 0.9372 -0.0751
vn 0.2547 0.8503 0.4606
vn 0.4158 0.7670 0.4886
vn 0.5656 0.8229 -0.0544
vn -0.7111 -0.4960 -0.4983
vn -0.8375 -0.1277 -0.5313
vn -0.3660 0.1072 0.9244
vn -0.3325 0.1473 0.9315
vn 0.0093 0.5756 0.8176
vn 0.1199 0.5729 0.8108
vn 0.2142 0.7345 -0.6439
vn 0.3927 0.6782 -0.6211
vn -0.0015 -0.9019 -0.4320
vn 0.2245 -0.7592 -0.6109
vn 0.1014 -0.5366 -0.8377
vn -0.0415 -0.6319 -0.7739
vn 0.0989 0.6579 -0.7466
vn 0.2505 0.5308 -0.8096
vn 0.1175 0.8822 -0.4559
vn 0.1650 0.9863 -0.0047
vn 0.1840 0.8180 0.5451
vn 0.1874 -0.7136 0.6750
vn 0.1116 -0.9788 0.1716
vn 0.0942 0.0404 0.9947
vn 0.1573 -0.2602 0.9527
vn 0.0726 0.1519 0.9857
vn 0.1351 0.4144 0.9000
vn 0.0686 0.0574 -0.9960
vn 0.0717 0.0182 -0.9973
vn 0.1162 0.2632 -0.9577
vn 0.0887 0.3662 -0.9263
vn 0.0389 -0.2204 -0.9746
vn 0.0293 -0.2435 -0.9695
vn 0.0076 -0.4281 -0.9037
vn 0.0388 -0.4257 -0.9040
vn -0.2111 0.2978 -0.9310
vn -0.7317 0.2427 -0.6369
vn -0.9507 0.2623 -0.1657
vn -0.9368 -0.0222 0.3493
vn 0.1852 0.5116 0.8390
vn 0.4825 0.6628 0.5726
vn 0.4051 0.4175 -0.8134
vn 0.1467 0.3323 -0.9317
vn 0.3651 0.4153 -0.8332
vn 0.5947 0.5251 -0.6087
vn 0.5501 0.5479 -0.6303
vn 0.6688 0.7266 0.1572
vn 0.6983 0.6543 -0.2903
vn 0.6726 0.6674 -0.3196
vn -0.2509 0.2583 0.9329
vn -0.1274 0.9794 -0.1567
vn -0.4073 0.7715 -0.4887
vn 0.1879 0.3902 -0.9014
vn 0.3543 0.4649 -0.8114
vn 0.1694 0.3683 -0.9141
vn -0.0455 0.4791 -0.8766
vn 0.0817 -0.7257 -0.6831
vn 0.0078 -0.9809 -0.1944
vn -0.1233 -0.9740 -0.1899
vn -0.0838 -0.6812 -0.7273
vn -0.0361 -0.0386 -0.9986
vn -0.0083 -0.0604 -0.9981
vn -0.0245 0.0024 -0.9997
vn -0.0095 0.0996 -0.9950
vn -0.0377 -0.2391 -0.9703
vn -0.0345 -0.1678 -0.9852
vn -0.1138 0.0699 -0.9910
vn -0.0330 -0.1186 -0.9924
vn -0.1144 -0.1782 -0.9773
vn -0.0282 -0.1282 -0.9913
vn 0.0938 -0.3319 -0.9386
vn -0.0126 -0.3032 -0.9529
vn 0.1132 -0.4036 -0.9079
vn -0.1416 -0.3822 -0.9132
vn -0.0668 -0.2899 -0.9547
vn 0.1235 -0.9496 -0.2881
vn 0.0562 -0.5052 -0.8612
vn 0.0985 -0.8279 -0.5522
vn -0.3949 -0.0452 -0.9176
vn -0.0961 -0.0575 -0.9937
vn -0.1446 -0.1181 -0.9824
vn -0.0533 -0.2068 -0.9769
vn -0.0980 -0.1524 -0.9835
vn -0.0509 -0.2387 0.9698
vn 0.1093 -0.2233 0.9686
vn 0.1760 -0.2117 0.9614
vn 0.0583 0.0905 0.9942
vn 0.1865 0.0800 0.9792
vn 0.1431 0.0362 0.9890
vn 0.2358 0.0679 0.9694
vn 0.3698 0.1060 0.9230
vn 0.1746 0.1516 0.9729
vn 0.1458 0.1275 0.9811
vn 0.3025 0.1039 0.9475
vn 0.2395 0.0485 0.9697
vn 0.2485 0.1489 0.9571
vn 0.4084 0.1594 0.8988
vn 0.3065 0.1569 0.9388
vn -0.0955 -0.3126 0.9451
vn -0.0886 -0.7483 0.6575
vn -0.0164 -0.4424 -0.8967
vn -0.0445 0.8150 0.5778
vn -0.0708 0.4553 0.8875
vn 0.0194 0.3344 -0.9422
vn -0.0121 0.6455 -0.7637
vn 0.0099 -0.2594 -0.9657
vn 0.0277 0.0203 -0.9994
vn -0.0983 0.1844 0.9779
vn -0.0989 -0.0039 0.9951
vn -0.0401 0.8947 -0.4449
vn -0.0444 0.9978 0.0482
vn -0.0810 -0.9578 0.2757
vn -0.1181 -0.3735 -0.9201
vn 0.0614 0.1535 0.9862
vn -0.0016 0.3960 0.9183
vn -0.9627 -0.2499 0.1042
vn -0.4554 -0.0234 0.8900
vn -0.0578 -0.0798 0.9951
vn -0.8131 0.0430 0.5805
vn -0.3491 0.0112 0.9370
vn -0.8514 0.1091 0.5131
vn -0.8205 -0.1785 0.5430
vn -0.4637 0.0238 -0.8857
vn -0.8557 -0.0058 -0.5174
vn 0.6276 -0.1611 -0.7617
vn 0.0591 -0.0482 -0.9971
vn 0.9988 0.0168 0.0455
vn -0.9991 0.0129 0.0397
vn 0.9376 -0.1256 -0.3243
vn 0.0020 -0.0391 0.9992
vn -0.4031 -0.0561 0.9134
vn -0.4099 -0.0564 0.9104
vn -0.0210 -0.0656 0.9976
vn -0.4146 0.4013 -0.8168
vn -0.9320 0.2853 -0.2236
vn -0.5904 0.1894 -0.7846
vn -0.6712 -0.0894 -0.7359
vn -0.9900 -0.1410 0.0060
vn -0.9935 0.0717 -0.0886
vn 0.7642 -0.0940 0.6380
vn 0.4397 -0.0503 0.8967
vn 0.4116 -0.0588 0.9094
vn 0.7476 -0.0263 0.6636
vn 0.2981 0.3705 -0.8797
vn -0.0390 0.3738 -0.9267
vn 0.4821 0.0966 -0.8708
vn 0.5124 -0.1597 -0.8438
vn -0.0335 -0.0740 -0.9967
vn -0.0238 0.1845 -0.9825
vn 0.9715 0.0441 0.2327
vn 0.9508 -0.1685 0.2600
vn 0.9536 0.0212 0.3004
vn -0.8805 0.1067 0.4619
vn -0.8569 -0.1215 0.5010
vn -0.8629 -0.0217 0.5049
vn 0.8377 0.3058 -0.4524
vn 0.9209 -0.2217 -0.3206
vn 0.9373 0.0985 -0.3343
vn -0.0967 0.3783 -0.9206
vn -0.6902 0.0357 0.7228
vn -0.6757 -0.0432 0.7359
vn -0.6837 -0.0856 0.7247
vn 0.5922 -0.1868 -0.7838
vn 0.6670 -0.2592 -0.6985
vn 0.5335 0.3171 -0.7841
vn 0.5791 0.0502 -0.8137
vn 0.7008 -0.3051 -0.6448
vn 0.7263 -0.2233 -0.6500
vn 0.4013 0.3591 -0.8426
vn 0.7230 -0.1101 -0.6820
vn -0.9254 0.1421 0.3513
vn -0.9700 0.1750 -0.1684
vn -0.9964 0.0368 -0.0769
vn -0.9151 0.0388 0.4013
vn -0.9200 -0.0946 -0.3804
vn -0.4488 -0.4305 -0.7831
vn -0.3209 -0.8678 -0.3794
vn -0.7243 -0.6332 -0.2729
vn -0.7213 -0.6816 -0.1229
vn -0.2358 -0.9705 -0.0495
vn -0.2772 -0.9535 -0.1187
vn -0.6835 -0.7057 -0.1863
vn 0.0875 -0.9941 -0.0635
vn 0.0779 -0.9943 -0.0728
vn 0.1736 -0.9791 -0.1062
vn 0.0514 -0.9970 -0.0582
vn 0.3085 -0.4132 -0.8568
vn 0.1234 -0.9253 -0.3587
vn -0.2178 0.8393 0.4982
vn -0.3973 0.7989 0.4516
vn -0.3260 0.8845 0.3337
vn -0.2016 0.8901 0.4087
vn 0.8773 -0.2733 -0.3945
vn 0.5144 -0.8298 -0.2162
vn 0.5139 -0.8445 0.1505
vn 0.0531 -0.9957 0.0761
vn -0.3180 0.8587 0.4019
vn -0.4803 0.8196 0.3124
vn -0.4232 0.8604 0.2838
vn -0.2751 0.9064 0.3204
vn -0.1386 -0.9903 0.0045
vn -0.7271 -0.6851 -0.0450
vn 0.9753 -0.2206 -0.0124
vn -0.0403 -0.9944 0.0979
vn -0.6483 -0.7611 0.0217
vn 0.9576 0.0558 0.2828
vn 0.6899 0.0745 0.7200
vn 0.8075 0.2177 0.5483
vn 0.9347 0.0891 0.3441
vn 0.8319 0.1021 -0.5454
vn 0.9524 0.1675 -0.2546
vn 0.9414 -0.0209 -0.3367
vn 0.7918 0.0132 -0.6106
vn 0.0935 0.0776 0.9926
vn 0.1268 0.3367 0.9330
vn -0.6138 0.0565 0.7874
vn -0.8689 0.1104 0.4826
vn -0.8221 0.2844 0.4933
vn -0.6052 0.3553 0.7124
vn -0.4408 -0.0727 -0.8946
vn 0.3898 -0.1081 -0.9145
vn 0.4180 0.0532 -0.9069
vn -0.5419 0.1023 -0.8342
vn 0.8318 -0.0949 -0.5468
vn 0.7630 -0.0064 -0.6463
vn 0.4950 -0.8453 0.2009
vn 0.1258 -0.9793 0.1584
vn 0.3254 -0.9373 0.1247
vn 0.1895 -0.9786 0.0797
vn -0.9929 -0.0255 -0.1161
vn -0.9213 -0.3340 -0.1991
vn -0.9495 -0.3124 -0.0306
vn -0.9848 0.1737 0.0069
vn -0.9964 -0.0150 -0.0840
vn 0.0448 -0.9951 0.0877
vn -0.1436 -0.9859 0.0855
vn 0.9359 -0.3435 0.0779
vn -0.9980 -0.0323 -0.0535
vn -0.7895 0.1342 -0.5989
vn -0.7711 0.0423 -0.6353
vn 0.9698 0.1784 0.1663
vn 0.9730 0.0033 0.2309
vn -0.4205 0.0415 0.9063
vn -0.4811 0.3607 0.7990
vn -0.8178 -0.0180 -0.5752
vn -0.7586 0.0471 -0.6499
vn 0.0385 -0.9988 -0.0288
vn 0.4262 -0.9003 -0.0885
vn 0.4578 -0.8780 0.1402
vn 0.1055 -0.9713 0.2130
vn -0.0689 -0.9966 -0.0458
vn -0.0449 -0.9943 0.0967
vn -0.1624 -0.9824 0.0927
vn -0.1816 -0.9814 -0.0618
vn -0.1935 0.9159 0.3515
vn -0.0358 0.8772 0.4788
vn 0.9654 0.2471 -0.0830
vn 0.8271 0.5605 0.0414
vn 0.7651 0.6092 0.2086
vn 0.9474 0.2796 0.1558
vn -0.0047 -0.9963 -0.0852
vn 0.0289 -0.9970 -0.0721
vn 0.9045 0.4258 0.0263
vn 0.6309 0.7141 0.3034
vn 0.4859 0.8228 0.2947
vn 0.9656 0.1787 -0.1892
vn -0.3603 0.8165 0.4511
vn -0.2952 0.8452 0.4455
vn -0.2316 0.9202 0.3155
vn -0.3099 0.9022 0.3000
vn 0.1781 0.8575 0.4828
vn 0.0123 0.8982 0.4395
vn 0.3392 -0.9067 -0.2508
vn -0.1650 -0.9862 -0.0125
vn 0.0727 -0.9972 -0.0201
vn 0.0764 -0.9936 -0.0837
vn -0.2166 -0.9737 -0.0702
vn 0.2458 -0.9688 -0.0315
vn 0.5362 -0.8439 -0.0175
vn 0.3517 -0.8804 -0.3180
vn 0.0606 -0.9872 -0.1476
vn 0.8897 0.4026 0.2154
vn 0.0999 0.7585 0.6440
vn 0.3935 0.8318 0.3916
vn 0.7524 0.6364 0.1698
vn -0.4683 0.6971 0.5429
vn -0.5935 0.6853 0.4221
vn -0.4266 0.8030 0.4162
vn -0.3969 0.7934 0.4615
vn 0.9888 -0.0084 -0.1488
vn 0.9692 0.2137 -0.1225
vn 0.9520 0.2955 -0.0798
vn 0.9737 0.0519 -0.2217
vn 0.1694 -0.9855 -0.0123
vn 0.1296 -0.9884 -0.0792
vn -0.9941 -0.0485 -0.0967
vn -0.7164 -0.6961 -0.0477
vn -0.7524 -0.6527 -0.0888
vn -0.9952 -0.0303 -0.0935
vn -0.8018 0.5355 0.2654
vn -0.7290 0.6534 0.2042
vn -0.5519 0.7728 0.3134
vn -0.4172 0.8210 0.3898
vn -0.4125 0.7762 0.4767
vn -0.1068 0.8553 0.5069
vn -0.8683 0.4907 0.0723
vn -0.8206 0.5696 0.0464
vn -0.6685 0.7222 0.1776
vn -0.9553 0.2937 -0.0325
vn -0.9247 0.3785 -0.0407
vn -0.9281 0.3705 0.0359
vn -0.9705 0.2285 -0.0773
vn 0.8255 -0.4382 -0.3557
vn 0.8123 -0.4521 -0.3684
vn 0.8696 -0.4855 -0.0894
vn 0.9123 -0.3801 -0.1521
vn 0.9250 -0.3596 0.1232
vn -0.1108 -0.8972 0.4275
vn -0.0536 -0.8910 0.4508
vn -0.0501 -0.6632 0.7468
vn -0.0535 -0.7080 0.7042
vn -0.0383 0.9246 0.3789
vn 0.3402 0.8815 0.3276
vn -0.2744 0.3771 0.8846
vn -0.7564 0.2961 0.5832
vn -0.6192 0.5901 0.5180
vn -0.1715 0.4580 0.8722
vn 0.2918 -0.3488 0.8906
vn -0.0390 0.0876 0.9954
vn 0.7756 0.0722 0.6271
vn 0.4754 -0.6134 0.6307
vn -0.3596 0.7830 0.5075
vn -0.1957 0.8263 0.5281
vn 0.1061 0.6791 0.7263
vn -0.4120 0.5117 0.7539
vn 0.9999 0.0149 0.0029
vn -0.2817 0.9250 0.2550
vn -0.2257 0.9026 0.3665
vn -0.5617 0.8017 0.2041
vn -0.7375 0.6671 0.1055
vn -0.6404 0.7482 0.1731
vn -0.3734 0.8919 0.2550
vn -0.9394 -0.3168 -0.1307
vn -0.9380 -0.1613 0.3067
vn -0.9660 0.2466 -0.0777
vn -0.9462 0.3032 -0.1131
vn 0.9394 -0.2784 0.2000
vn 0.8757 -0.3986 -0.2726
vn 0.9699 0.1671 -0.1773
vn 0.9936 0.0558 -0.0981
vn -0.7420 -0.2640 -0.6162
vn -0.8902 0.2733 -0.3645
vn -0.8589 0.5119 0.0153
vn 0.7592 -0.2740 -0.5903
vn 0.8718 0.2253 -0.4349
vn 0.8341 0.0761 -0.5463
vn 0.3262 0.3022 -0.8957
vn 0.3581 0.1612 -0.9197
vn -0.5809 0.3090 -0.7530
vn -0.5232 0.1634 -0.8364
vn -0.8430 0.1084 -0.5269
vn -0.3823 0.8873 0.2578
vn -0.3184 0.8847 0.3405
vn -0.7649 0.6224 0.1658
vn -0.2673 0.5470 0.7934
vn 0.5286 0.5877 0.6125
vn 0.6785 0.3719 0.6335
vn -0.1439 0.3130 0.9388
vn -0.9893 0.1351 0.0559
vn -0.9823 -0.0166 -0.1866
vn 0.9579 -0.1189 -0.2612
vn -0.1544 -0.9026 0.4018
vn -0.3732 -0.9065 0.1976
vn -0.6438 -0.7635 -0.0512
vn -0.2204 -0.9753 -0.0128
vn -0.5078 -0.8361 0.2077
vn -0.4718 -0.8810 0.0341
vn 0.3511 -0.8598 -0.3708
vn 0.2622 -0.9509 -0.1645
vn 0.1193 0.2178 0.9687
vn 0.0801 0.5103 0.8562
vn -0.3539 0.6850 0.6367
vn -0.4249 0.3990 0.8126
vn 0.2328 -0.8410 0.4884
vn 0.1904 -0.2658 0.9450
vn -0.4877 -0.1679 0.8567
vn -0.3905 -0.7413 0.5459
vn -0.6535 0.5676 0.5007
vn -0.7413 0.4450 0.5024
vn -0.9018 -0.3186 0.2919
vn -0.9000 -0.1223 0.4183
vn -0.1164 0.8288 0.5473
vn -0.0961 0.8735 0.4772
vn -0.2781 0.7959 0.5378
vn -0.2346 0.8125 0.5337
vn -0.8481 -0.0965 0.5210
vn -0.6282 0.5583 0.5420
vn -0.3974 -0.9015 -0.1715
vn 0.4173 -0.7732 -0.4774
vn -0.2860 0.8480 0.4463
vn -0.2046 0.9626 0.1776
vn -0.2698 0.9437 0.1914
vn -0.2425 0.9428 0.2289
vn -0.3658 0.9074 0.2068
vn -0.2468 0.9552 0.1633
vn -0.2175 0.9367 0.2743
vn 0.0166 0.8718 0.4896
vn -0.1622 0.9351 0.3152
vn -0.3465 0.7735 0.5307
vn -0.0610 0.8229 0.5649
vn -0.1499 0.8557 0.4952
vn -0.3282 0.7228 0.6082
vn -0.7862 0.3971 0.4734
vn -0.3670 -0.9140 -0.1727
vn 0.5023 -0.7548 -0.4219
vn -0.9303 -0.2917 0.2224
vn -0.0106 0.8037 0.5949
vn -0.8518 0.4368 0.2891
vn -0.9676 -0.2033 0.1496
vn -0.3041 -0.9509 -0.0575
vn 0.6140 -0.7446 -0.2617
vn -0.0039 0.7933 0.6088
vn -0.5347 0.7216 0.4398
vn -0.9907 -0.0655 0.1191
vn -0.3682 -0.9234 0.1084
vn -0.7098 0.6924 0.1293
vn -0.8971 0.4334 0.0856
vn 0.0157 0.8251 0.5647
vn 0.0066 0.9927 0.1208
vn -0.5540 0.8214 0.1353
vn -0.4858 0.7441 0.4586
vn 0.6662 -0.7363 -0.1185
vn 0.0703 0.9902 0.1210
vn 0.1151 0.9296 0.3502
vn -0.1054 0.9207 0.3759
vn -0.6200 0.7537 0.2180
vn -0.6403 0.7345 0.2247
vn -0.5437 -0.8321 0.1094
vn -0.8054 -0.5697 0.1636
vn 0.2603 -0.9640 0.0533
vn 0.5846 -0.8098 -0.0485
vn -0.8791 0.4636 0.1104
vn -0.8129 0.5477 0.1981
vn -0.9213 0.2978 0.2499
vn -0.9855 0.1081 0.1312
vn 0.8150 -0.5090 -0.2770
vn 0.7929 -0.4227 -0.4389
vn 0.7513 0.3129 0.5810
vn 0.4162 0.6908 0.5913
vn 0.7534 -0.6311 0.1848
vn 0.8446 -0.1686 0.5082
vn 0.8113 0.5846 0.0061
vn 0.9675 0.0377 -0.2500
vn 0.9518 -0.0711 -0.2985
vn 0.8225 0.5641 -0.0724
vn 0.2085 0.9013 0.3798
vn 0.3136 0.9146 0.2552
vn 0.9898 -0.0190 -0.1411
vn 0.8764 0.4695 0.1069
vn 0.7960 -0.4478 -0.4073
vn 0.2728 0.8773 0.3949
vn 0.1328 0.9779 0.1617
vn 0.0784 0.9842 0.1585
vn -0.0482 0.9950 0.0875
vn -0.2392 0.8401 0.4869
vn -0.0530 0.9374 0.3441
vn 0.1970 0.8470 0.4938
vn 0.9196 0.3884 -0.0584
vn 0.4293 0.8123 0.3948
vn 0.7651 -0.4972 -0.4091
vn 0.9282 -0.1856 -0.3224
vn 0.9184 -0.2835 -0.2760
vn 0.9614 0.2706 -0.0505
vn 0.7954 -0.5247 -0.3034
vn 0.6852 0.6809 0.2587
vn 0.8401 -0.5161 -0.1670
vn 0.9309 -0.2911 -0.2208
vn 0.9773 0.0713 -0.1994
vn 0.8695 0.4937 -0.0124
vn 0.4649 0.7717 0.4339
vn 0.5830 0.7982 0.1512
vn 0.8831 0.4540 0.1186
vn 0.4126 0.6396 0.6486
vn 0.8619 -0.5032 -0.0627
vn 0.4912 -0.7081 0.5073
vn 0.9957 0.0499 -0.0781
vn 0.9670 -0.2369 -0.0938
vn 0.5640 0.1780 0.8064
vn 0.6023 0.3496 0.7176
vn -0.7664 -0.6009 0.2272
vn -0.7557 -0.6536 -0.0414
vn -0.1055 -0.9939 0.0312
vn -0.1012 -0.9391 0.3284
vn -0.0680 0.1474 0.9867
vn -0.0768 0.4535 0.8879
vn -0.6092 0.6322 0.4787
vn -0.7076 0.2820 0.6479
vn -0.0716 -0.6955 0.7149
vn -0.0608 -0.3437 0.9371
vn -0.7378 -0.1261 0.6632
vn -0.6179 -0.5411 0.5704
vn -0.8929 0.4462 0.0609
vn -0.9365 0.3450 -0.0622
vn -0.9868 -0.0648 -0.1487
vn -1.0000 0.0053 -0.0044
vn 0.0009 0.9050 0.4254
vn 0.0415 0.8379 0.5442
vn -0.6498 0.7203 0.2427
vn -0.5295 0.8102 0.2513
vn -0.9807 0.0127 0.1951
vn -0.8809 0.4478 0.1532
vn -0.7105 -0.6816 -0.1746
vn -0.0418 -0.9827 -0.1805
vn -0.5912 0.7976 0.1197
vn -0.0857 0.9842 -0.1548
vn -0.0641 0.9972 -0.0392
vn -0.2829 0.9583 0.0395
vn -0.3461 0.9300 -0.1235
vn -0.0235 0.9993 0.0294
vn -0.2606 0.9642 0.0497
vn -0.1868 0.9658 0.1801
vn -0.3347 0.9369 0.1011
vn -0.4797 0.7907 0.3804
vn -0.1365 0.8792 0.4565
vn -0.0121 0.9771 0.2123
vn 0.0978 0.8628 0.4960
vn 0.1271 0.9882 0.0858
vn -0.3010 0.9452 0.1266
vn -0.2262 0.8672 0.4437
vn -0.7297 0.6789 0.0812
vn -0.9734 0.2093 -0.0932
vn -0.6001 -0.7766 -0.1917
vn 0.0272 -0.9936 -0.1099
vn -0.9664 -0.1411 -0.2147
vn 0.0984 0.9951 0.0102
vn -0.5814 0.4841 0.6539
vn -0.8383 0.2078 0.5041
vn -0.8363 -0.0382 0.5470
vn -0.3165 -0.8432 0.4346
vn 0.0569 0.9104 0.4099
vn 0.0960 -0.9536 0.2853
vn 0.5924 -0.6866 0.4216
vn 0.6205 -0.7633 0.1799
vn 0.7156 0.1043 0.6907
vn 0.6727 0.5536 0.4908
vn 0.4909 -0.6026 0.6292
vn 0.6243 -0.2972 0.7224
vn 0.8991 0.3557 0.2551
vn 0.9519 -0.1366 0.2742
vn 0.9803 -0.1945 -0.0340
vn 0.9392 0.3424 0.0259
vn 0.5425 0.7959 0.2688
vn 0.6366 0.7479 0.1879
vn 0.9097 -0.1586 0.3838
vn 0.9460 0.2233 0.2351
vn 0.6374 -0.7582 -0.1374
vn 0.6885 0.7191 0.0944
vn 0.2289 0.9678 -0.1050
vn 0.2279 0.9730 -0.0361
vn 0.2166 0.9752 0.0458
vn 0.1822 0.9670 0.1783
vn 0.3758 0.9266 0.0141
vn 0.4048 0.8071 0.4297
vn 0.4960 0.8181 0.2909
vn 0.5600 0.8284 -0.0132
vn 0.9227 0.3508 -0.1597
vn 0.6838 0.7202 -0.1172
vn 0.5476 -0.8260 -0.1334
vn 0.9604 -0.2277 -0.1608
vn 0.9365 0.3388 0.0902
vn 0.6933 0.6982 0.1784
vn 0.4949 -0.8384 0.2286
vn 0.9475 -0.2804 0.1539
vn -0.7441 -0.6207 0.2472
vn -0.8053 -0.5882 -0.0737
vn -0.1251 -0.9805 -0.1515
vn -0.0672 -0.9586 0.2766
vn -0.0399 0.2786 0.9596
vn -0.0544 0.6094 0.7910
vn -0.5648 0.6737 0.4766
vn -0.6941 0.3401 0.6344
vn -0.0050 -0.6542 0.7563
vn 0.0009 -0.2045 0.9789
vn -0.6822 -0.1534 0.7149
vn -0.5605 -0.5623 0.6080
vn -0.9466 0.3219 0.0176
vn -0.9614 0.2669 0.0666
vn -0.9940 -0.0981 -0.0490
vn -0.9979 -0.0547 -0.0354
vn 0.0446 0.9256 0.3759
vn 0.0492 0.9787 0.1992
vn -0.6713 0.7202 0.1749
vn -0.5267 0.8049 0.2732
vn -0.9805 -0.1316 0.1456
vn -0.9449 0.3179 0.0779
vn -0.8101 -0.5557 -0.1870
vn -0.1759 -0.9309 -0.3200
vn -0.7092 0.6963 0.1102
vn -0.0568 0.9884 -0.1408
vn -0.0720 0.9963 -0.0463
vn -0.3514 0.9362 -0.0105
vn -0.3136 0.9420 -0.1192
vn -0.0450 0.9986 -0.0261
vn -0.2527 0.9675 0.0045
vn -0.2095 0.9072 0.3650
vn -0.4153 0.8995 0.1356
vn -0.4726 0.8341 0.2844
vn -0.0625 0.9533 0.2954
vn 0.0167 0.9271 0.3744
vn -0.6527 0.6613 0.3696
vn -0.9534 0.2626 0.1487
vn -0.7900 -0.5549 -0.2607
vn -0.1716 -0.9072 -0.3841
vn -0.9937 -0.1037 -0.0419
vn 0.0684 0.8644 0.4981
vn -0.9259 0.3361 0.1726
vn -0.9944 -0.1036 -0.0218
vn -0.8356 -0.5288 -0.1488
vn -0.1987 -0.9595 -0.1997
vn 0.0904 0.8249 0.5581
vn -0.6423 0.6762 0.3607
vn -0.9885 -0.1352 -0.0674
vn -0.8281 -0.5603 -0.0194
vn -0.7152 0.6927 0.0935
vn -0.9653 0.2608 -0.0169
vn 0.1243 0.9208 0.3696
vn 0.1285 0.9915 0.0182
vn -0.4302 0.9010 0.0562
vn -0.4429 0.8395 0.3149
vn -0.1591 -0.9863 0.0437
vn 0.1539 0.9868 0.0510
vn 0.0911 0.9438 0.3177
vn 0.1690 0.8345 0.5244
vn -0.6397 0.6221 0.4515
vn -0.7126 0.6792 0.1756
vn -0.8450 -0.5334 -0.0384
vn -0.6409 -0.4969 0.5851
vn -0.1922 -0.8274 0.5278
vn -0.2076 -0.9768 0.0523
vn -0.9757 0.2179 -0.0223
vn -0.8549 0.2988 0.4242
vn -0.8236 0.0948 0.5593
vn -0.9910 -0.1019 -0.0866
vn 0.6903 -0.6943 0.2037
vn 0.6923 -0.7037 -0.1598
vn 0.6482 0.3692 0.6660
vn 0.4753 0.7157 0.5117
vn 0.5727 -0.5867 0.5726
vn 0.7112 -0.1377 0.6894
vn 0.9127 0.4034 -0.0646
vn 0.9922 -0.0355 -0.1199
vn 0.9797 -0.1307 -0.1521
vn 0.9383 0.3459 0.0024
vn 0.5299 0.8392 0.1225
vn 0.6841 0.7236 0.0919
vn 0.9897 -0.0990 0.1039
vn 0.9066 0.4201 0.0396
vn 0.6340 -0.7117 -0.3027
vn 0.5781 0.8147 0.0461
vn 0.1624 0.9851 -0.0569
vn 0.1635 0.9851 -0.0540
vn 0.1428 0.9865 -0.0803
vn 0.1286 0.9761 0.1752
vn 0.2540 0.9669 0.0242
vn 0.3286 0.8893 0.3179
vn 0.9333 0.3071 0.1861
vn 0.6985 0.6316 0.3365
vn 0.6227 -0.7264 -0.2910
vn 0.9908 -0.1351 -0.0124
vn 0.9901 -0.1363 0.0339
vn 0.9211 0.3345 0.1990
vn 0.7074 -0.6973 -0.1156
vn 0.7340 0.5992 0.3197
vn 0.6600 -0.7512 0.0134
vn 0.9810 -0.1899 -0.0388
vn 0.9595 0.2813 -0.0157
vn 0.7847 0.6184 0.0424
vn 0.6410 0.7242 0.2543
vn 0.6493 0.7605 0.0078
vn 0.8034 0.5794 0.1374
vn 0.6776 -0.7349 0.0290
vn 0.9672 0.2509 -0.0399
vn 0.9852 -0.1542 -0.0754
vn -0.6491 -0.7587 -0.0552
vn -0.6323 -0.6179 -0.4672
vn 0.1043 -0.8370 -0.5372
vn 0.1835 -0.9810 -0.0638
vn -0.0882 0.2724 0.9581
vn -0.1022 0.6154 0.7816
vn -0.7220 0.5433 0.4285
vn -0.8037 0.2003 0.5603
vn 0.1102 -0.6418 0.7589
vn 0.0031 -0.1694 0.9855
vn -0.7635 -0.1756 0.6215
vn -0.5805 -0.6218 0.5257
vn -0.9643 0.2607 0.0463
vn -0.9685 0.2371 0.0761
vn -0.9393 -0.2952 -0.1749
vn -0.9644 -0.1888 -0.1854
vn -0.1107 0.9516 0.2869
vn -0.1131 0.9614 0.2507
vn -0.6168 0.7652 0.1847
vn -0.5262 0.8099 0.2590
vn -0.9741 -0.2260 -0.0073
vn -0.9757 0.2081 0.0683
vn -0.6370 -0.6358 -0.4357
vn 0.0037 -0.8432 -0.5376
vn -0.7700 0.6167 0.1638
vn -0.0311 0.9956 0.0888
vn -0.0852 0.9710 0.2234
vn -0.3766 0.9071 0.1880
vn -0.3515 0.9285 0.1193
vn -0.0795 0.9968 0.0064
vn -0.3180 0.9456 0.0682
vn -0.2753 0.9011 0.3349
vn -0.4503 0.8567 0.2514
vn -0.5222 0.7865 0.3298
vn -0.0646 0.9209 0.3844
vn -0.0963 0.9714 0.2170
vn -0.5389 0.7230 0.4323
vn -0.9461 0.2823 0.1587
vn -0.5823 -0.7110 -0.3942
vn -0.0373 -0.8672 -0.4966
vn -0.9322 -0.3333 -0.1413
vn -0.0951 0.8202 0.5641
vn -0.8816 0.3833 0.2754
vn -0.9537 -0.3001 -0.0197
vn -0.6040 -0.7757 -0.1828
vn -0.0364 -0.9652 -0.2588
vn -0.1059 0.7604 0.6408
vn -0.5723 0.6902 0.4428
vn -0.9574 -0.2881 0.0195
vn -0.6217 -0.7802 0.0691
vn -0.6562 0.7223 0.2184
vn -0.9391 0.3283 0.1018
vn -0.1335 0.8909 0.4342
vn -0.1400 0.9754 0.1703
vn -0.5126 0.8371 0.1913
vn -0.5109 0.7778 0.3659
vn 0.0308 -0.9968 0.0739
vn -0.0744 0.9502 0.3027
vn -0.0475 0.9032 0.4265
vn -0.0088 0.8492 0.5280
vn -0.5944 0.6451 0.4801
vn -0.6750 0.6754 0.2970
vn -0.6453 -0.7376 0.1990
vn -0.3482 -0.5994 0.7208
vn 0.1791 -0.7314 0.6580
vn 0.1379 -0.9641 0.2270
vn -0.9600 0.2615 0.1004
vn -0.8629 0.2582 0.4344
vn -0.8145 -0.1082 0.5700
vn -0.9638 -0.2636 0.0401
vn 0.8744 -0.4852 -0.0077
vn 0.8043 -0.5075 -0.3091
vn 0.6821 0.3481 0.6431
vn 0.4202 0.7213 0.5506
vn 0.7696 -0.4095 0.4899
vn 0.7980 -0.0261 0.6021
vn 0.9116 0.4086 0.0445
vn 0.9969 0.0064 -0.0789
vn 0.9881 -0.1157 -0.1011
vn 0.9303 0.3592 0.0745
vn 0.3511 0.9079 0.2289
vn 0.4785 0.8472 0.2309
vn 0.9976 0.0445 0.0523
vn 0.8770 0.4642 0.1238
vn 0.7319 -0.5938 -0.3341
vn 0.3685 0.8858 0.2821
vn 0.1988 0.9668 0.1603
vn 0.1115 0.9486 0.2963
vn 0.1155 0.9906 0.0730
vn -0.0603 0.9473 0.3147
vn 0.0326 0.9377 0.3460
vn 0.2266 0.8484 0.4784
vn 0.9234 0.3407 0.1765
vn 0.4582 0.7403 0.4919
vn 0.6630 -0.6381 -0.3914
vn 0.9860 -0.1237 -0.1121
vn 0.9883 -0.1402 -0.0594
vn 0.8957 0.3899 0.2139
vn 0.7142 -0.6649 -0.2188
vn 0.5278 0.7362 0.4235
vn 0.7061 -0.7062 -0.0511
vn 0.9743 -0.1842 -0.1296
vn 0.9586 0.2781 -0.0607
vn 0.6569 0.7407 0.1408
vn 0.3182 0.8804 0.3517
vn 0.3191 0.9347 0.1564
vn 0.7533 0.5964 0.2773
vn 0.5412 0.5664 0.6215
vn 0.7888 -0.6125 -0.0519
vn 0.4813 -0.5572 0.6767
vn 0.9871 0.1574 -0.0283
vn 0.9707 -0.1648 -0.1748
vn 0.7407 0.0746 0.6677
vn 0.7797 0.2424 0.5774
vn -0.5860 -0.8103 0.0102
vn -0.5077 -0.7610 -0.4039
vn 0.2711 -0.7867 -0.5546
vn 0.2325 -0.9499 -0.2091
vn -0.0103 0.1831 0.9830
vn -0.0813 0.7011 0.7084
vn -0.5735 0.6586 0.4872
vn -0.6941 0.2373 0.6796
vn 0.1843 -0.7937 0.5798
vn 0.0788 -0.2237 0.9715
vn -0.6850 -0.1284 0.7171
vn -0.5216 -0.6837 0.5104
vn -0.8688 0.3797 0.3179
vn -0.8570 0.4052 0.3183
vn -0.9885 -0.1310 -0.0753
vn -0.9884 -0.1482 0.0327
vn -0.0057 0.8501 0.5266
vn -0.0414 0.8933 0.4475
vn -0.5070 0.7597 0.4072
vn -0.3891 0.7380 0.5514
vn -0.9587 -0.1590 0.2360
vn -0.8980 0.3124 0.3098
vn -0.4810 -0.6668 -0.5692
vn 0.2667 -0.7214 -0.6391
vn -0.6844 0.6116 0.3970
vn -0.0034 0.9983 0.0577
vn -0.0201 0.9801 0.1976
vn -0.3188 0.8979 0.3034
vn -0.3341 0.9299 0.1537
vn 0.0180 0.9221 0.3866
vn -0.1939 0.8870 0.4191
vn -0.1032 0.7227 0.6834
vn -0.2501 0.8707 0.4234
vn -0.3547 0.8995 0.2551
vn -0.0486 0.9770 0.2078
vn 0.0214 0.7869 0.6167
vn -0.4516 0.7379 0.5016
vn -0.8212 0.4669 0.3280
vn -0.4587 -0.6790 -0.5732
vn 0.2170 -0.7483 -0.6269
vn -0.9924 -0.1105 -0.0536
vn -0.0252 0.8121 0.5830
vn -0.8396 0.4659 0.2793
vn -0.9803 -0.1976 0.0083
vn -0.4512 -0.8453 -0.2860
vn 0.2400 -0.9032 -0.3559
vn -0.0927 0.8367 0.5397
vn -0.5323 0.7332 0.4232
vn -0.9412 -0.3194 0.1105
vn -0.4264 -0.8873 0.1759
vn -0.7045 0.6650 0.2478
vn -0.9526 0.2690 0.1419
vn -0.1721 0.9214 0.3483
vn -0.1899 0.9694 0.1555
vn -0.4760 0.8558 0.2027
vn -0.4384 0.8311 0.3423
vn 0.1861 -0.9680 0.1683
vn -0.2438 0.9255 0.2899
vn -0.3096 0.8857 0.3460
vn -0.2962 0.8447 0.4458
vn -0.8019 0.5422 0.2510
vn -0.5010 -0.7544 0.4241
vn -0.3721 -0.5868 0.7192
vn 0.0798 -0.7613 0.6435
vn 0.1594 -0.8851 0.4373
vn -0.9691 0.1729 0.1758
vn -0.7370 0.0974 0.6688
vn -0.9433 -0.2306 0.2386
vn 0.8754 -0.4445 -0.1900
vn 0.8072 -0.4174 -0.4173
vn 0.6875 0.3435 0.6398
vn 0.3877 0.7604 0.5210
vn 0.7990 -0.5120 0.3154
vn 0.7995 0.0014 0.6006
vn 0.8752 0.4690 0.1185
vn 0.9906 0.0835 -0.1082
vn 0.9802 -0.1061 -0.1674
vn 0.9071 0.4033 0.1209
vn 0.3788 0.8283 0.4128
vn 0.4605 0.8066 0.3706
vn 0.9913 0.1314 0.0089
vn 0.8634 0.4759 0.1673
vn 0.7547 -0.4949 -0.4306
vn 0.2802 0.9043 0.3221
vn 0.1858 0.9825 0.0102
vn 0.0818 0.9744 0.2092
vn 0.0843 0.9258 0.3685
vn -0.1102 0.8335 0.5415
vn -0.2589 0.9337 0.2472
vn -0.0339 0.9903 0.1347
vn 0.9161 0.3537 0.1889
vn 0.4155 0.7442 0.5230
vn 0.6545 -0.5846 -0.4795
vn 0.9515 -0.2178 -0.2174
vn 0.9330 -0.2687 -0.2395
vn 0.9003 0.4258 0.0904
vn 0.6373 -0.6882 -0.3467
vn 0.4360 0.8336 0.3391
vn 0.7055 -0.7072 -0.0458
vn 0.9271 -0.2952 -0.2309
vn 0.9567 0.2383 -0.1670
vn 0.5255 0.8390 0.1411
vn 0.1476 0.9490 0.2787
vn 0.1187 0.9825 0.1436
vn 0.6638 0.6814 0.3084
vn 0.7336 -0.6526 0.1898
vn 0.2900 -0.5850 0.7574
vn 0.9974 0.0454 -0.0566
vn 0.9618 -0.2477 -0.1165
vn 0.6826 -0.0732 0.7271
vn 0.6977 0.1387 0.7029
vn -0.1841 0.3661 0.9122
vn -0.1706 0.2479 0.9536
vn -0.4023 0.2667 0.8758
vn -0.2719 0.1284 0.9537
vn -0.3235 0.3331 0.8856
vn -0.1539 -0.0964 0.9834
vn -0.1688 0.4830 0.8592
vn -0.1757 -0.4285 0.8863
vn -0.1091 -0.2375 0.9652
vn -0.2853 -0.1836 0.9407
vn 0.0550 -0.6156 0.7862
vn -0.1173 -0.6190 0.7766
vn -0.0116 0.8126 0.5828
vn 0.1757 0.7531 0.6340
vn 0.0995 0.7457 0.6588
vn -0.3046 0.7302 0.6116
vn -0.1211 0.7411 0.6604
vn 0.1517 -0.8612 0.4852
vn -0.0228 -0.7642 0.6446
vn 0.1014 -0.6596 0.7447
vn -0.1434 -0.6851 0.7142
vn 0.0582 -0.7426 0.6672
vn 0.1407 -0.8105 0.5686
vn -0.2792 0.7924 0.5423
vn -0.1728 0.8311 0.5287
vn -0.4222 0.7489 0.5108
vn -0.4426 0.7823 0.4383
vn -0.1198 -0.7445 0.6567
vn -0.9379 -0.2619 0.2276
vn -0.0938 -0.7382 0.6680
vn 0.0095 -0.6522 0.7580
vn -0.2002 -0.6175 0.7607
vn 0.0039 -0.8462 0.5329
vn -0.2950 0.8219 0.4873
vn -0.9148 0.3421 0.2150
vn 0.0092 -0.8791 0.4766
vn -0.0356 -0.9280 0.3710
vn -0.0357 -0.8193 0.5723
vn 0.0387 -0.9917 0.1224
vn 0.0458 -0.7982 0.6006
vn 0.0137 -0.3964 0.9180
vn -0.0636 -0.9269 0.3698
vn 0.0996 -0.9855 0.1374
vn 0.0045 -0.9953 0.0962
vn 0.0672 -0.9974 0.0274
vn 0.1033 -0.9934 -0.0501
vn 0.0566 -0.9782 0.1999
vn -0.9845 -0.0082 -0.1750
vn 0.9821 -0.0627 -0.1774
vn 0.0992 -0.9888 -0.1112
vn -0.0175 0.3841 -0.9231
vn 0.9800 0.0347 0.1958
vn 0.8012 0.5742 0.1682
vn 0.9638 -0.2534 0.0835
vn 0.0770 -0.2715 0.9593
vn 0.7527 -0.3023 0.5848
vn 0.0529 -0.0426 0.9977
vn 0.7812 0.0548 0.6219
vn 0.0574 0.1221 0.9909
vn 0.5321 0.2570 0.8067
vn -0.3794 0.8674 -0.3221
vt 0.593750 0.500000
vt 0.625000 0.500000
vt 0.593750 0.500000
vt 0.578125 0.479167
vt 0.593750 0.479167
vt 0.578125 0.500000
vt 0.375000 0.625000
vt 0.375000 0.687500
vt 0.375000 0.687500
vt 0.375000 0.625000
vt 0.375000 0.625000
vt 0.375000 0.406250
vt 0.375000 0.437500
vt 0.375000 0.625000
vt 0.312500 0.500000
vt 0.281250 0.500000
vt 0.375000 0.781250
vt 0.375000 0.812500
vt 0.375000 0.812500
vt 0.375000 0.779844
vt 0.562500 0.750000
vt 0.568567 0.750000
vt 0.567333 0.780457
vt 0.562500 0.781250
vt 0.578125 0.437500
vt 0.562500 0.479167
vt 0.562500 0.437500
vt 0.580702 0.750000
vt 0.586769 0.750000
vt 0.581831 0.778077
vt 0.576998 0.778870
vt 0.375000 0.390625
vt 0.375000 0.437500
vt 0.375000 0.750000
vt 0.375000 0.781250
vt 0.375000 0.479167
vt 0.375000 0.500000
vt 0.375000 0.500000
vt 0.375000 0.479167
vt 0.250000 0.625000
vt 0.281250 0.625000
vt 0.281250 0.750000
vt 0.250000 0.750000
vt 0.312500 0.625000
vt 0.312500 0.750000
vt 0.578125 0.375000
vt 0.593750 0.375000
vt 0.593750 0.406250
vt 0.578125 0.406250
vt 0.562500 0.750000
vt 0.562500 0.687500
vt 0.562500 0.687500
vt 0.375000 0.479167
vt 0.375000 0.500000
vt 0.375000 0.479167
vt 0.375000 0.781250
vt 0.312500 0.562500
vt 0.312500 0.562500
vt 0.413372 0.405701
vt 0.406250 0.437500
vt 0.398033 0.750000
vt 0.397825 0.781250
vt 0.375000 0.812500
vt 0.397618 0.812500
vt 0.398126 0.875000
vt 0.375000 0.875000
vt 0.375000 0.479167
vt 0.406250 0.479167
vt 0.406250 0.500000
vt 0.531250 0.375000
vt 0.562500 0.375000
vt 0.562500 0.406250
vt 0.531250 0.406250
vt 0.531250 0.750000
vt 0.531250 0.781250
vt 0.531250 0.812500
vt 0.562500 0.812500
vt 0.562500 0.858850
vt 0.531250 0.855831
vt 0.531250 0.479167
vt 0.562500 0.500000
vt 0.531250 0.500000
vt 0.531250 0.625000
vt 0.562500 0.625000
vt 0.531250 0.687500
vt 0.531250 0.531250
vt 0.562500 0.531250
vt 0.562500 0.562500
vt 0.531250 0.562500
vt 0.625000 0.625000
vt 0.625000 0.750000
vt 0.500000 0.562500
vt 0.500000 0.625000
vt 0.437500 0.625000
vt 0.464990 0.569863
vt 0.375000 0.562500
vt 0.375000 0.593750
vt 0.375000 0.593750
vt 0.375000 0.562500
vt 0.375000 0.562500
vt 0.375000 0.562500
vt 0.531250 0.437500
vt 0.375000 0.562500
vt 0.635417 0.500000
vt 0.656250 0.500000
vt 0.656250 0.625000
vt 0.635417 0.625000
vt 0.562500 0.531250
vt 0.582217 0.422382
vt 0.572359 0.422129
vt 0.437500 0.437500
vt 0.451743 0.405153
vt 0.474415 0.420805
vt 0.468750 0.437500
vt 0.562500 0.421875
vt 0.531250 0.421875
vt 0.500000 0.531250
vt 0.466870 0.534931
vt 0.437500 0.479167
vt 0.468750 0.479167
vt 0.375000 0.375000
vt 0.406250 0.375000
vt 0.437500 0.375000
vt 0.500000 0.375000
vt 0.500000 0.406250
vt 0.500000 0.421875
vt 0.500000 0.687500
vt 0.500000 0.479167
vt 0.500000 0.500000
vt 0.500000 0.812500
vt 0.500000 0.856539
vt 0.500000 0.750000
vt 0.500000 0.781250
vt 0.562500 0.625000
vt 0.465471 0.812500
vt 0.466300 0.781250
vt 0.483150 0.781250
vt 0.482735 0.812500
vt 0.467504 0.875000
vt 0.485534 0.854560
vt 0.475958 0.679333
vt 0.467130 0.750000
vt 0.421065 0.750000
vt 0.425479 0.652166
vt 0.562500 0.531250
vt 0.605885 0.750000
vt 0.607630 0.750000
vt 0.562500 0.750000
vt 0.625000 0.781845
vt 0.601161 0.774903
vt 0.625000 0.766220
vt 0.625000 0.771627
vt 0.646627 0.750000
vt 0.641220 0.750000
vt 0.633110 0.656250
vt 0.635813 0.666667
vt 0.375000 0.479167
vt 0.625000 0.562500
vt 0.625000 0.562500
vt 0.623549 0.750000
vt 0.578125 0.750000
vt 0.576380 0.750000
vt 0.569440 0.750000
vt 0.570312 0.750000
vt 0.592299 0.750000
vt 0.577400 0.750000
vt 0.578125 0.750000
vt 0.593750 0.750000
vt 0.601562 0.375000
vt 0.601562 0.406250
vt 0.604396 0.437500
vt 0.609375 0.421875
vt 0.609375 0.437500
vt 0.617188 0.453125
vt 0.609375 0.500000
vt 0.625000 0.468750
vt 0.607249 0.450999
vt 0.500000 0.437500
vt 0.572165 0.779663
vt 0.586527 0.812500
vt 0.574514 0.812500
vt 0.420236 0.812500
vt 0.420650 0.781250
vt 0.437500 0.562500
vt 0.421252 0.875000
vt 0.483882 0.766396
vt 0.375000 0.875000
vt 0.375000 0.812500
vt 0.593750 0.437500
vt 0.610096 0.487800
vt 0.375000 0.375000
vt 0.375000 0.406250
vt 0.375000 0.479167
vt 0.375000 0.500000
vt 0.375000 0.500000
vt 0.375000 0.479167
vt 0.375000 0.750431
vt 0.375000 0.779173
vt 0.375000 0.779944
vt 0.375000 0.752813
vt 0.375000 0.489583
vt 0.375000 0.667440
vt 0.375000 0.708936
vt 0.375000 0.709359
vt 0.375000 0.665904
vt 0.375000 0.494792
vt 0.375000 0.785588
vt 0.375000 0.562500
vt 0.375000 0.781250
vt 0.375000 0.687500
vt 0.375000 0.796264
vt 0.375000 0.795013
vt 0.250000 0.500000
vt 0.281250 0.562500
vt 0.250000 0.562500
vt 0.641220 0.687500
vt 0.687500 0.625000
vt 0.687500 0.687500
vt 0.625000 0.792063
vt 0.625000 0.812500
vt 0.625000 0.859142
vt 0.605764 0.802282
vt 0.574802 0.875000
vt 0.574715 0.857553
vt 0.586931 0.856257
vt 0.587104 0.875000
vt 0.609375 0.750000
vt 0.590260 0.750000
vt 0.500000 0.875000
vt 0.531250 0.875000
vt 0.562500 0.875000
vt 0.406250 0.625000
vt 0.406250 0.562500
vt 0.000000 0.000000
vt 0.625000 0.406250
vt 0.609375 0.375000
vt 0.583984 0.750000
vt 0.573242 0.750000
vt 0.574219 0.750000
vt 0.585938 0.750000
vt 0.601562 0.750000
vt 0.590332 0.750000
vt 0.593994 0.750000
vt 0.605469 0.750000
vt 0.563695 0.520994
vt 0.562500 0.521368
vt 0.562500 0.500000
vt 0.564890 0.500000
vt 0.562500 0.687500
vt 0.585352 0.501062
vt 0.608205 0.500000
vt 0.605227 0.500000
vt 0.583863 0.500000
vt 0.625000 0.500000
vt 0.593750 0.500000
vt 0.625000 0.625000
vt 0.562500 0.522462
vt 0.562500 0.502123
vt 0.562500 0.531250
vt 0.562500 0.531250
vt 0.562500 0.500000
vt 0.562500 0.500000
vt 0.625000 0.500000
vt 0.625000 0.562500
vt 0.625000 0.562500
vt 0.625000 0.500000
vt 0.562500 0.562500
vt 0.586942 0.750000
vt 0.599164 0.750000
vt 0.597656 0.750000
vt 0.604419 0.500000
vt 0.584654 0.500000
vt 0.562500 0.542800
vt 0.562500 0.542736
vt 0.562500 0.500000
vt 0.562500 0.541989
vt 0.571289 0.750000
vt 0.580078 0.750000
vt 0.562500 0.750000
vt 0.593750 0.500000
vt 0.593750 0.500000
vt 0.562500 0.531250
vt 0.562500 0.500000
vt 0.562500 0.718750
vt 0.625000 0.718750
vt 0.625000 0.687500
vt 0.625000 0.750000
vt 0.562500 0.531250
vt 0.562500 0.500000
vt 0.589398 0.750000
vt 0.575949 0.750000
vt 0.576674 0.750000
vt 0.590849 0.750000
vt 0.625000 0.625000
vt 0.625000 0.500000
vt 0.562500 0.750000
vt 0.562500 0.750000
vt 0.593750 0.500000
vt 0.375000 0.748049
vt 0.375000 0.708513
vt 0.312500 0.750000
vt 0.375000 0.797514
vt 0.375000 0.778402
vt 0.375000 0.781712
vt 0.375000 0.500000
vt 0.375000 0.375000
vt 0.375000 0.843750
vt 0.375000 0.828125
vt 0.375000 0.437500
vt 0.375000 0.437500
vt 0.375000 0.437500
vt 0.375000 0.479167
vt 0.375000 0.479167
vt 0.625000 0.489583
vt 0.687500 0.718750
vt 0.668654 0.722319
vt 0.687500 0.750000
vt 0.667063 0.750000
vt 0.677282 0.742188
vt 0.687500 0.734375
vt 0.375000 0.479167
vt 0.468750 0.500000
vt 0.437500 0.500000
vt 0.585835 0.783285
vt 0.656845 0.750000
vt 0.602847 0.750000
vt 0.605023 0.750000
vt 0.585937 0.750000
vt 0.607199 0.750000
vt 0.583320 0.750000
vt 0.606052 0.875000
vt 0.605965 0.857700
vt 0.625000 0.875000
vt 0.176199 0.440498
vt 0.158412 0.396030
vt 0.375000 0.784664
vt 0.375000 0.781250
vt 0.596145 0.807391
vt 0.574635 0.750000
vt 0.580181 0.849982
vt 0.500000 0.849982
vt 0.625000 0.937500
vt 0.500000 0.937500
vt 0.580181 0.750000
vt 0.580181 0.812500
vt 0.500000 0.750000
vt 0.580181 0.781250
vt 0.419819 0.750000
vt 0.375000 0.937500
vt 0.419819 0.750000
vt 0.384911 0.869468
vt 0.500000 0.869468
vt 0.615089 0.869468
vt 0.615089 0.812500
vt 0.615089 0.781250
vt 0.615089 0.750000
vt 0.625000 0.781250
vt 0.384911 0.812500
vt 0.384911 0.750000
vt 0.384911 0.750000
vt 0.384911 0.781250
vt 0.615089 0.750000
vt 0.500000 0.750000
vt 0.497439 0.750000
vt 0.419819 0.849982
vt 0.419819 0.812500
vt 0.419819 0.781250
vt 0.419819 0.781250
vt 0.482933 0.750000
vt 0.580181 0.750000
vt 0.580181 0.849982
vt 0.419819 0.849982
vt 0.419819 0.812500
vt 0.500000 0.849982
vt 0.419819 0.781250
vt 0.419819 0.781250
vt 0.500000 0.781250
vt 0.580181 0.781250
vt 0.580181 0.781250
vt 0.580181 0.812500
vt 0.580181 0.781250
vt 0.419819 0.849982
vt 0.419819 0.750000
vt 0.419819 0.781250
vt 0.419819 0.812500
vt 0.583634 0.812500
vt 0.583634 0.781250
vt 0.585357 0.781250
vt 0.585357 0.812500
vt 0.416366 0.750000
vt 0.416366 0.781250
vt 0.414643 0.781250
vt 0.414643 0.750000
vt 0.583634 0.750000
vt 0.583634 0.750000
vt 0.585357 0.750000
vt 0.416366 0.750000
vt 0.414643 0.750000
vt 0.499613 0.750000
vt 0.491001 0.750000
vt 0.494572 0.750000
vt 0.500000 0.851910
vt 0.583634 0.851909
vt 0.585357 0.852871
vt 0.500000 0.852871
vt 0.416366 0.812500
vt 0.414643 0.812500
vt 0.416366 0.851909
vt 0.414643 0.852871
vt 0.375000 0.937500
vt 0.375000 0.906250
vt 0.375000 0.875000
vt 0.375000 0.937500
vt 0.375000 0.937500
vt 0.375000 0.937500
vt 0.375000 0.937500
vt 0.187500 0.468750
vt 0.187500 0.468750
vt 0.375000 0.937500
vt 0.187462 0.468654
vt 0.005361 0.013402
vt 0.005342 0.013356
vt 0.187457 0.468643
vt 0.437500 0.890625
vt 0.437500 0.890625
vt 0.406250 0.890625
vt 0.375000 0.859375
vt 0.375000 0.843750
vt 0.281250 0.703125
vt 0.281250 0.703125
vt 0.234375 0.585938
vt 0.093750 0.234375
vt 0.231358 0.578395
vt 0.187500 0.468750
vt 0.187500 0.468750
vt 0.087716 0.219290
vt 0.375000 0.937500
vt 0.375000 0.890625
vt 0.187500 0.468750
vt 0.187500 0.375000
vt 0.375000 0.843750
vt 0.625000 0.875000
vt 0.500000 0.937500
vt 0.500000 0.906250
vt 0.437500 0.843750
vt 0.500000 0.843750
vt 0.500000 0.843750
vt 0.531250 0.820312
vt 0.500000 0.859375
vt 0.437500 0.890625
vt 0.500000 0.843750
vt 0.375000 0.937500
vt 0.375000 0.937500
vt 0.375000 0.937500
vt 0.375000 0.937500
vt 0.375000 0.937500
vt 0.375000 0.937500
vt 0.375000 0.937500
vt 0.375000 0.937500
vt 0.375000 0.937500
vt 0.375000 0.937500
vt 0.375000 0.937500
vt 0.125000 0.312500
vt 0.125000 0.312500
vt 0.312500 0.781250
vt 0.312500 0.781250
vt 0.250000 0.625000
vt 0.250000 0.625000
vt 0.312500 0.781250
vt 0.250000 0.625000
vt 0.343750 0.859375
vt 0.352399 0.880996
vt 0.329797 0.824493
vt 0.164899 0.412247
vt 0.375000 0.937500
vt 0.562500 0.796875
vt 0.437500 0.890625
vt 0.343750 0.859375
vt 0.364230 0.910575
vt 0.364202 0.910506
vt 0.343750 0.859375
vt 0.500000 0.843750
vt 0.625000 0.812500
vt 0.625000 0.875000
vt 0.500000 0.851426
vt 0.417231 0.851426
vt 0.582769 0.812500
vt 0.582769 0.851426
vt 0.582769 0.750000
vt 0.582769 0.781250
vt 0.417231 0.812500
vt 0.417231 0.750000
vt 0.417231 0.750000
vt 0.417231 0.781250
vt 0.582769 0.750000
vt 0.488858 0.750000
vt 0.417231 0.750000
vt 0.605178 0.781250
vt 0.605178 0.812500
vt 0.394822 0.781250
vt 0.394822 0.750000
vt 0.605178 0.750000
vt 0.605178 0.750000
vt 0.394822 0.750000
vt 0.394822 0.750000
vt 0.494878 0.750000
vt 0.500000 0.750000
vt 0.605178 0.863935
vt 0.500000 0.863935
vt 0.394822 0.812500
vt 0.394822 0.863935
vt 0.187500 0.468750
vt 0.281250 0.703125
vt 0.281250 0.703126
vt 0.140625 0.351563
vt 0.093750 0.234375
vt 0.093750 0.234376
vt 0.140625 0.351562
vt 0.187500 0.468750
vt 0.609375 0.406250
vt 0.625000 0.421875
vt 0.593750 0.421875
vt 0.575224 0.750000
vt 0.572266 0.750000
vt 0.574721 0.750000
vt 0.616296 0.750000
vt 0.619198 0.750000
vt 0.625000 0.125000
vt 0.625000 0.125000
vt 0.625000 0.087448
vt 0.625000 0.076990
vt 0.554876 0.937500
vt 0.554876 1.000000
vt 0.625000 1.000000
vt 0.562443 0.200052
vt 0.563443 0.248838
vt 0.625000 0.250000
vt 0.624299 0.201962
vt 0.554876 0.750000
vt 0.561740 0.453189
vt 0.565828 0.500000
vt 0.625454 0.453683
vt 0.562075 0.300346
vt 0.625685 0.299843
vt 0.564108 0.327943
vt 0.563756 0.376527
vt 0.625000 0.375000
vt 0.624756 0.329809
vt 0.563724 0.420009
vt 0.624105 0.418293
vt 0.554876 0.812500
vt 0.554876 0.875000
vt 0.625000 0.549024
vt 0.625000 0.541556
vt 0.625000 0.527694
vt 0.625000 0.538359
vt 0.625000 0.687500
vt 0.625000 0.687500
vt 0.625000 0.500000
vt 0.625000 0.473341
vt 0.625000 0.462986
vt 0.625000 0.250000
vt 0.625000 0.221292
vt 0.625000 0.211645
vt 0.554876 0.687500
vt 0.562528 0.076023
vt 0.561670 0.126895
vt 0.625000 0.125000
vt 0.624838 0.075753
vt 0.554876 0.000000
vt 0.554876 0.062500
vt 0.625000 0.062500
vt 0.625000 0.000000
vt 0.625000 0.413370
vt 0.625000 0.414437
vt 0.625000 0.396077
vt 0.625000 0.404723
vt 0.625000 0.375000
vt 0.625000 0.375000
vt 0.625000 0.351973
vt 0.625000 0.342011
vt 0.625000 0.171969
vt 0.625000 0.171155
vt 0.625000 0.484496
vt 0.625000 0.533404
vt 0.625000 0.546369
vt 0.625000 0.298248
vt 0.625000 0.297581
vt 0.625000 0.280188
vt 0.625000 0.289218
vt 0.561272 0.172371
vt 0.625010 0.170369
vt 0.625000 0.298978
vt 0.625447 0.500000
vt 0.625000 0.172880
vt 0.625000 0.125000
vt 0.625000 0.331793
vt 0.625000 0.415145
vt 0.625000 0.202003
vt 0.625000 0.453783
vt 0.554876 0.625000
vt 0.554876 0.562500
vt 0.625000 0.078597
vt 0.644314 0.562500
vt 0.646593 0.625000
vt 0.661078 0.625000
vt 0.665907 0.625000
vt 0.668186 0.562500
vt 0.662218 0.562500
vt 0.656250 0.562500
vt 0.668186 0.562500
vt 0.666307 0.614020
vt 0.666247 0.615662
vt 0.667840 0.571999
vt 0.667757 0.574261
vt 0.666248 0.615659
vt 0.667846 0.571841
vt 0.668016 0.567171
vt 0.668013 0.567250
vt 0.667972 0.568381
vt 0.666107 0.619510
vt 0.666077 0.620329
vt 0.666251 0.615566
vt 0.667842 0.571934
vt 0.667842 0.571934
vt 0.666362 0.612515
vt 0.666362 0.612515
vt 0.667731 0.574985
vt 0.667731 0.574985
vt 0.666895 0.597911
vt 0.651711 0.393688
vt 0.665888 0.625521
vt 0.665882 0.625676
vt 0.665797 0.628023
vt 0.665846 0.626661
vt 0.667023 0.594409
vt 0.666912 0.597426
vt 0.666963 0.596044
vt 0.666773 0.601251
vt 0.665738 0.629617
vt 0.665686 0.631044
vt 0.665688 0.630995
vt 0.665843 0.626749
vt 0.667153 0.590831
vt 0.667058 0.593427
vt 0.666893 0.597948
vt 0.667006 0.594874
vt 0.666262 0.615254
vt 0.666719 0.602733
vt 0.667014 0.594654
vt 0.667060 0.593372
vt 0.666919 0.597249
vt 0.666828 0.599748
vt 0.466540 0.343051
vt 0.625000 0.332748
vt 0.625000 0.202320
vt 0.625000 0.201998
vt 0.625000 0.375000
vt 0.397150 0.241881
vt 0.625000 0.937500
vt 0.625000 0.298613
vt 0.625000 0.750000
vt 0.625000 0.750000
vt 0.625000 0.172425
vt 0.625000 0.125000
vt 0.625000 0.332048
vt 0.625000 0.331921
vt 0.625000 0.812500
vt 0.625000 0.812500
vt 0.625000 0.414257
vt 0.625000 0.875000
vt 0.625000 0.202000
vt 0.625000 0.500000
vt 0.625000 0.452631
vt 0.625000 0.453207
vt 0.625000 0.547697
vt 0.625000 0.077793
vt 0.644314 0.562500
vt 0.668186 0.562500
vt 0.665907 0.625000
vt 0.548065 0.125000
vt 0.548065 0.187500
vt 0.554876 0.187500
vt 0.554876 0.125000
vt 0.548065 0.500000
vt 0.548065 0.562500
vt 0.554876 0.500000
vt 0.548065 0.625000
vt 0.548065 0.687500
vt 0.548065 0.000000
vt 0.548065 0.062500
vt 0.548065 0.875000
vt 0.548065 0.937500
vt 0.548065 0.812500
vt 0.548065 0.750000
vt 0.548065 0.375000
vt 0.548065 0.437500
vt 0.554876 0.437500
vt 0.554876 0.375000
vt 0.548065 0.312500
vt 0.554876 0.312500
vt 0.548065 0.250000
vt 0.554876 0.250000
vt 0.548065 1.000000
vt 0.625000 0.625000
vt 0.625000 0.687500
vt 0.554876 0.500000
vt 0.554876 0.562500
vt 0.554876 0.687500
vt 0.554876 0.625000
vt 0.570990 0.500000
vt 0.375000 0.187500
vt 0.541254 0.187500
vt 0.541254 0.125000
vt 0.375000 0.125000
vt 0.625000 0.437500
vt 0.625000 0.437500
vt 0.625000 0.437500
vt 0.625000 0.312500
vt 0.508341 0.422374
vt 0.625000 0.312500
vt 0.625000 0.187500
vt 0.625000 0.187500
vt 0.404455 0.291590
vt 0.644554 0.386211
vt 0.625000 0.081794
vt 0.625000 0.097907
vt 0.667224 0.588877
vt 0.625000 0.170342
vt 0.625000 0.178921
vt 0.206752 0.096254
vt 0.413505 0.192508
vt 0.625000 0.177304
vt 0.657139 0.573882
vt 0.437651 0.355543
vt 0.625000 0.455260
vt 0.625000 0.996403
vt 0.625000 0.750870
vt 0.625000 0.734811
vt 0.646593 0.625000
vt 0.646581 0.624653
vt 0.644315 0.562545
vt 0.625000 0.937842
vt 0.625000 0.999955
vt 0.644317 0.562588
vt 0.646578 0.624580
vt 0.646593 0.625000
vt 0.625000 0.750088
vt 0.625000 0.812918
vt 0.644330 0.562938
vt 0.644314 0.562500
vt 0.625000 0.875000
vt 0.625000 0.875434
vt 0.644608 0.570574
vt 0.541254 0.937500
vt 0.541254 1.000000
vt 0.541254 0.250000
vt 0.541255 0.687500
vt 0.541254 0.750000
vt 0.541254 0.437500
vt 0.541254 0.500000
vt 0.541254 0.312500
vt 0.541255 0.375000
vt 0.541254 0.812500
vt 0.541254 0.875000
vt 0.541254 0.562500
vt 0.541254 0.625000
vt 0.541254 0.062500
vt 0.541254 0.000000
vt 0.375000 0.062500
vt 0.375000 0.000000
vt 0.375000 0.312500
vt 0.375000 0.250000
vt 0.375000 1.000000
vt 0.617188 0.718750
vt 0.587947 0.750000
vt 0.611385 0.750000
vt 0.600671 0.750000
vt 0.613395 0.750000
vt 0.402141 0.687500
vt 0.375000 0.750000
vt 0.375000 0.668977
vt 0.312500 0.750000
vt 0.375000 0.687500
vt 0.375000 0.562500
vt 0.375000 0.500000
vt 0.375000 0.562500
vt 0.312500 0.625000
vt 0.375000 0.593750
vt 0.312500 0.531250
vt 0.312500 0.546875
vt 0.625000 0.627438
vt 0.625000 0.632199
vt 0.625000 0.583333
vt 0.625000 0.583347
vt 0.625000 0.500000
vt 0.708333 0.500000
vt 0.708333 0.500000
vt 0.625000 0.666667
vt 0.625000 0.706536
vt 0.708333 0.750000
vt 0.756677 0.750000
vt 0.791667 0.750000
vt 0.791667 0.500000
vt 0.791667 0.500000
vt 0.750000 0.750000
vt 0.750000 0.750000
vt 0.875000 0.500000
vt 0.791667 0.583333
vt 0.875000 0.583333
vt 0.625000 0.708333
vt 0.625000 0.708333
vt 0.708333 0.583333
vt 0.875000 0.583333
vt 0.708333 0.666667
vt 0.875000 0.666667
vt 0.875000 0.750000
vt 0.875000 0.531514
vt 0.875000 0.531536
vt 0.875000 0.583360
vt 0.791667 0.666667
vt 0.625000 0.666667
vt 0.625000 0.666667
vt 0.625000 0.583333
vt 0.708333 0.750000
vt 0.875000 0.666667
vt 0.625000 0.541403
vt 0.625000 0.541362
vt 0.875000 0.642846
vt 0.875000 0.637164
vt 0.667293 0.750000
vt 0.666667 0.750000
vt 0.875000 0.666667
vt 0.875000 0.708333
vt 0.808882 0.750000
vt 0.833333 0.750000
vt 0.833333 0.750000
vt 0.708333 0.750000
vt 0.875000 0.666667
vt 0.875000 0.750000
vt 0.625000 0.750000
vt 0.875000 0.666667
vt 0.625000 0.708333
vt 0.625000 0.666667
vt 0.875000 0.666667
vt 0.875000 0.666667
vt 0.625000 0.633595
vt 0.625000 0.583814
vt 0.875000 0.581597
vt 0.875000 0.644313
vt 0.625000 0.540103
vt 0.625000 0.500000
vt 0.875000 0.529577
vt 0.875000 0.500000
vt 0.791667 0.500000
vt 0.708333 0.500000
vt 0.708333 0.500000
vt 0.668187 0.562500
vt 0.662218 0.562500
vt 0.656250 0.562500
vt 0.668186 0.562500
vt 0.644314 0.562500
vt 0.665907 0.625000
vt 0.668186 0.562500
vt 0.644314 0.562500
vt 0.646593 0.625000
vt 0.662218 0.562500
vt 0.668186 0.562500
vt 0.662218 0.562500
vt 0.644314 0.562500
vt 0.662218 0.562500
vt 0.656250 0.562500
vt 0.668187 0.562500
vt 0.760797 0.687500
vt 0.635797 0.687500
vt 0.732246 0.671875
vt 0.752206 0.750000
vt 0.812500 0.750000
vt 0.703695 0.656250
vt 0.800274 0.750000
vt 0.822917 0.750000
vt 0.625000 0.750000
vt 0.582031 0.750000
vt 0.375000 0.829406
vt 0.375000 0.858158
vt 0.375000 0.859071
vt 0.375000 0.828429
vt 0.375000 0.826943
vt 0.375000 0.860646
vt 0.375000 0.860646
vt 0.375000 0.826642
vt 0.375000 0.825923
vt 0.375000 0.862173
vt 0.375000 0.829406
vt 0.375000 0.827700
vt 0.375000 0.826942
vt 0.375000 0.859071
vt 0.375000 0.860585
vt 0.636719 0.539062
vt 0.687500 0.500000
s 1
usemtl Material.001
f 3038/1/1 3029/2/2 1209/2/3 1216/3/4
f 1191/4/5 258/5/6 99/3/7 1178/6/8
f 239/7/9 2171/8/10 2182/9/11 301/10/12
f 59/11/13 2185/9/14 2184/9/15 110/11/16
f 61/12/17 58/13/18 304/13/19 307/12/20
f 3098/14/21 3103/9/22 2174/9/23 40/11/24
f 19/15/25 290/16/26 296/16/27 300/15/28
f 119/17/29 3113/18/30 3114/19/31 114/20/32
f 31/21/33 342/22/34 343/23/35 113/24/36
f 1180/25/37 1191/4/5 250/26/38 35/27/39
f 1199/28/40 91/29/41 121/30/42 1200/31/43
f 120/32/44 236/33/45 122/33/46 289/12/47
f 237/34/48 6/34/49 315/17/50 325/35/51
f 253/36/52 55/37/53 306/38/54 303/39/55
f 147/40/56 287/41/57 291/42/58 14/43/59
f 291/42/58 287/41/57 148/44/60 17/45/61
f 1179/46/62 93/47/63 92/48/64 1181/49/65
f 3026/50/66 3033/51/67 1215/52/68 36/21/69
f 3100/53/70 3104/54/71 22/54/72 248/55/73
f 3096/34/74 3101/56/75 331/17/76 21/34/77
f 3099/44/78 3106/57/79 2218/58/80 149/44/81
f 62/12/82 2166/59/83 2167/60/84 18/33/85
f 4/34/86 170/61/87 78/62/88 115/17/89
f 3112/63/90 168/64/91 169/65/92 11/66/93
f 246/67/94 2168/68/95 2169/69/96 2/54/97
f 65/70/98 32/71/99 51/72/100 70/73/101
f 64/74/102 31/21/33 113/24/36 117/75/103
f 67/76/104 34/77/105 160/78/106 163/79/107
f 254/80/108 250/26/38 30/81/109 63/82/110
f 69/83/111 42/84/112 77/52/113 72/85/114
f 1158/86/115 1155/87/116 49/88/117 71/89/118
f 84/90/119 81/91/120 156/91/121 154/90/122
f 3030/84/123 3032/88/124 1213/88/125 1233/84/126
f 45/92/127 41/93/128 106/94/129 173/95/130
f 3102/96/131 3109/97/132 2958/98/133 1153/96/134
f 1151/99/135 5/54/136 235/37/137 1172/100/138
f 1173/101/139 1151/99/135 38/11/140 239/7/9
f 79/2/141 84/90/119 154/90/122 157/2/142
f 35/27/39 250/26/38 254/80/108 68/102/143
f 1150/103/144 37/11/145 59/11/13 1157/100/146
f 245/104/147 97/105/148 100/106/149 251/107/150
f 1159/87/151 1177/108/152 351/81/153 80/81/154
f 1181/49/65 92/48/64 178/109/155 1183/110/156
f 50/111/157 52/112/158 174/113/159 53/114/160
f 70/73/101 51/72/100 176/115/161 175/116/162
f 71/89/118 49/88/117 42/84/112 69/83/111
f 1154/117/163 45/92/127 173/95/130 1164/118/164
f 45/92/127 71/89/118 69/83/111 41/93/128
f 252/119/165 50/111/157 53/114/160 268/120/166
f 9/121/167 62/12/82 61/12/17 56/121/168
f 4/34/86 115/17/89 119/17/29 54/34/169
f 246/67/94 2/54/97 55/37/53 253/36/52
f 37/11/145 2173/9/170 2185/9/14 59/11/13
f 9/121/167 2164/122/171 2166/59/83 62/12/82
f 52/112/158 60/123/172 26/124/173 48/125/174
f 58/13/18 253/36/52 303/39/55 304/13/19
f 61/12/17 62/12/82 18/33/85 58/13/18
f 48/125/174 70/73/101 175/116/162 177/126/175
f 1154/117/163 1158/86/115 71/89/118 45/92/127
f 41/93/128 69/83/111 72/85/114 74/127/176
f 249/128/177 254/80/108 63/82/110 24/129/178
f 28/130/179 67/76/104 163/79/107 162/131/180
f 25/132/181 64/74/102 117/75/103 111/133/182
f 26/124/173 65/70/98 70/73/101 48/125/174
f 217/52/183 86/52/184 83/84/185 214/134/186
f 74/127/176 72/85/114 64/74/102 25/132/181
f 86/52/184 344/52/187 350/84/188 83/84/185
f 76/135/189 118/136/190 166/137/191 165/138/192
f 72/85/114 77/52/113 31/21/33 64/74/102
f 75/139/193 76/135/189 165/138/192 164/140/194
f 74/141/176 73/142/195 105/143/196 109/144/197
f 1170/145/198 1159/87/151 80/81/154 212/81/199
f 1/2/200 43/90/201 352/90/202 278/2/203
f 42/84/112 49/88/117 285/88/204 350/84/188
f 3/91/205 158/146/206 346/147/207 347/91/208
f 43/90/201 3/91/205 347/91/208 352/90/202
f 31/21/33 77/52/113 344/52/187 349/148/209
f 1178/6/8 99/3/7 345/3/210 1192/6/211
f 284/149/212 103/150/213 102/151/214 256/152/215
f 256/153/215 102/154/214 152/155/216 255/156/217
f 236/33/45 260/55/218 263/157/219 122/33/46
f 3029/2/2 3028/158/220 1206/159/221 1209/2/3
f 3031/90/222 3034/160/223 1239/91/224 1229/90/225
f 271/161/226 341/162/227 1145/163/228 1149/164/229
f 3036/165/230 3037/166/231 1221/167/232 1222/168/233
f 92/48/64 93/47/63 3132/169/234 3131/170/235
f 3130/171/236 1138/172/237 277/173/238 159/174/239
f 94/3/240 345/3/210 348/175/241 157/175/142
f 159/174/239 97/176/148 3133/177/242 3130/171/236
f 68/102/143 254/80/108 249/128/177 29/178/243
f 343/23/35 272/179/244 104/180/245 89/181/246
f 102/151/214 103/150/213 158/146/206 3/91/205
f 109/144/197 106/94/129 41/93/128 74/141/176
f 108/182/247 116/183/248 118/136/190 76/135/189
f 1164/118/164 173/95/130 106/94/129 1160/184/249
f 107/185/250 108/182/247 76/135/189 75/139/193
f 78/62/88 170/61/87 105/143/196 116/183/248
f 112/34/251 54/34/169 119/17/29 114/20/32
f 115/17/89 78/62/88 168/64/91 3112/63/90
f 234/54/252 302/54/253 308/54/254 126/54/255
f 119/17/29 115/17/89 3112/63/90 3113/18/30
f 111/133/182 166/137/191 167/186/256 25/132/181
f 118/136/190 116/183/248 105/143/196 73/142/195
f 117/75/103 113/24/36 34/77/105 67/76/104
f 350/84/188 285/88/204 85/88/257 83/84/185
f 111/133/182 117/75/103 67/76/104 28/130/179
f 114/20/32 315/17/50 6/34/49 112/34/251
f 241/187/258 240/188/259 16/19/260 12/66/261
f 158/146/206 103/150/213 121/30/42 91/29/41
f 74/127/176 25/132/181 167/186/256 73/142/195
f 98/189/262 3133/177/242 267/190/263 258/5/6
f 243/191/264 123/121/265 289/12/47 292/192/266
f 307/12/20 128/121/267 56/121/168 61/12/17
f 55/37/53 235/37/137 302/54/253 306/38/54
f 269/193/268 242/194/269 313/195/270 312/196/271
f 130/12/272 129/13/273 236/33/45 120/32/44
f 114/20/32 3114/19/31 16/19/260 315/17/50
f 3064/101/274 3055/11/275 227/11/276 3111/98/277
f 3058/44/278 3066/58/279 2216/58/280 228/44/281
f 3054/197/282 3063/198/283 337/199/284 132/200/285
f 3062/55/286 3069/201/287 3067/201/288 264/53/289
f 3059/202/290 3065/203/291 2170/204/292 136/205/293
f 146/11/294 2183/9/295 2172/9/296 318/11/297
f 266/193/298 142/54/299 3082/206/300 3081/193/301
f 144/34/302 319/17/303 326/207/304 324/34/305
f 150/44/306 2221/58/307 2227/58/308 323/44/309
f 1163/103/310 146/11/294 318/11/297 1175/208/311
f 2194/101/312 2190/11/313 146/11/294 1163/103/310
f 2191/44/314 2226/58/315 2221/58/307 150/44/306
f 2188/34/316 2193/209/317 319/17/303 144/34/302
f 2192/55/318 2186/54/319 142/54/299 266/193/298
f 2190/11/313 2195/210/320 2183/9/295 146/11/294
f 2189/45/321 2191/44/314 150/44/306 145/45/322
f 145/45/322 150/44/306 323/44/309 314/45/323
f 3061/211/324 135/212/325 337/199/284 3063/198/283
f 3097/45/326 3099/44/78 149/44/81 20/45/327
f 13/213/328 290/16/26 2217/214/329 2223/215/330
f 151/216/331 100/106/149 1036/217/332 153/218/333
f 152/155/216 102/154/214 3/91/205 43/90/201
f 279/219/334 1139/220/335 88/221/336 281/222/337
f 259/223/338 87/224/339 161/225/340 101/226/341
f 157/2/142 154/90/122 95/90/342 94/2/240
f 154/90/122 156/91/121 96/91/343 95/90/342
f 156/227/121 346/147/207 90/228/344 96/168/343
f 157/175/142 348/175/241 278/2/203 79/2/141
f 164/140/194 162/131/180 27/229/345 75/139/193
f 349/148/209 1145/163/228 342/22/34 31/21/33
f 162/131/180 163/79/107 66/230/346 27/229/345
f 163/79/107 160/78/106 33/231/347 66/230/346
f 164/140/194 165/138/192 28/130/179 162/131/180
f 165/138/192 166/137/191 111/133/182 28/130/179
f 2183/9/295 2195/210/320 2188/34/316 144/34/302
f 73/142/195 167/186/256 166/137/191 118/136/190
f 168/64/91 78/62/88 116/183/248 108/182/247
f 169/65/92 168/64/91 108/182/247 107/185/250
f 1160/184/249 106/94/129 171/232/348 2165/233/349
f 2167/60/84 2166/59/83 52/112/158 50/111/157
f 53/114/160 174/113/159 177/126/175 29/178/243
f 1183/110/156 178/109/155 98/189/262 1180/25/37
f 175/116/162 176/115/161 35/27/39 68/102/143
f 177/126/175 175/116/162 68/102/143 29/178/243
f 1069/234/350 1068/234/351 1074/235/352 1140/236/353
f 3049/237/354 3050/238/355 1147/239/356 273/240/357
f 3041/148/358 3047/52/359 194/52/360 181/21/361
f 195/241/362 1196/242/363 3053/243/364 3042/244/365
f 1169/245/366 1165/246/367 186/247/368 211/248/369
f 201/249/370 185/52/371 182/84/372 198/84/373
f 191/84/374 206/88/375 207/88/376 182/84/372
f 1187/250/377 189/251/378 180/252/379 1184/253/380
f 3052/3/381 3043/254/382 204/2/383 1185/255/384
f 3044/84/385 3046/88/386 206/88/375 191/84/374
f 3043/254/382 3045/90/387 192/256/388 204/2/383
f 1165/246/367 1168/257/389 188/258/390 186/247/368
f 185/52/371 194/52/360 191/84/374 182/84/372
f 3152/52/391 201/249/370 198/84/373 3149/84/392
f 3156/259/393 1167/260/394 203/261/395 3146/262/396
f 183/90/397 2159/91/398 202/91/399 199/90/400
f 205/263/401 1205/264/402 1207/265/403 209/266/404
f 182/84/372 207/88/376 210/267/405 198/84/373
f 2160/268/406 2158/269/407 187/227/408 1195/270/409
f 1184/253/380 180/252/379 196/271/410 1188/272/411
f 180/252/379 189/251/378 204/2/383 205/263/401
f 193/273/412 184/274/413 207/88/376 206/88/375
f 1187/250/377 188/258/390 208/275/414 1185/255/384
f 1168/257/389 193/273/412 206/88/375 1166/87/415
f 196/271/410 180/252/379 205/263/401 209/266/404
f 184/274/413 200/276/416 210/267/405 207/88/376
f 1169/245/366 211/248/369 203/261/395 1167/260/394
f 1188/272/411 196/271/410 209/266/404 1186/255/417
f 271/161/226 1149/164/229 1148/277/418 274/278/419
f 95/90/342 96/91/343 195/91/362 215/90/420
f 94/2/240 95/90/342 215/90/420 213/2/421
f 83/84/185 85/88/257 216/88/422 214/134/186
f 82/50/423 86/52/184 217/52/183 190/279/424
f 1182/280/425 94/2/240 213/2/421 1189/281/426
f 3051/282/427 1170/145/198 212/81/199 3048/283/428
f 3047/52/359 217/52/183 214/134/186 3044/84/385
f 181/21/361 194/52/360 185/52/371 2157/284/429
f 212/81/199 1189/281/426 3052/3/381 3048/283/428
f 183/90/397 2161/90/430 3040/285/431 2159/286/398
f 3045/90/387 215/90/420 195/91/362 3042/287/365
f 3027/87/432 1171/288/433 225/289/434 3035/275/435
f 3033/51/67 223/52/436 220/84/437 3030/84/123
f 3154/290/438 3155/291/439 1146/292/440 276/293/441
f 3150/256/442 3153/91/443 224/91/444 221/294/445
f 3147/295/446 3159/264/447 1204/158/448 218/2/449
f 3149/84/392 3151/88/450 222/88/451 220/84/437
f 3148/296/452 3152/52/391 223/52/436 219/297/453
f 3157/298/454 3147/295/446 218/2/449 1190/255/455
f 3059/202/290 136/205/293 227/11/276 3055/11/275
f 132/200/285 337/199/284 328/17/456 230/34/457
f 136/205/293 2170/204/292 2178/9/458 227/11/276
f 231/299/459 2176/300/460 2175/9/461 139/34/462
f 337/199/284 135/212/325 229/19/463 328/17/456
f 3058/44/278 3060/45/464 140/301/465 233/44/466
f 140/19/465 232/302/467 332/303/468 334/304/469
f 110/11/16 2184/9/15 2177/9/470 38/11/140
f 1172/100/138 235/37/137 55/37/53 1157/100/146
f 263/157/219 126/54/255 242/194/269 269/193/268
f 260/55/218 234/54/252 126/54/255 263/157/219
f 130/12/272 120/32/44 128/121/267 307/12/20
f 5/54/136 238/38/471 305/305/472 308/54/254
f 124/121/473 311/306/474 309/12/475 288/12/476
f 14/66/59 291/307/58 2228/308/477 2230/66/478
f 1152/101/479 3021/101/480 3024/11/481 39/11/482
f 8/34/483 3023/34/484 3022/17/485 317/17/486
f 38/11/140 2177/9/470 2171/8/10 239/7/9
f 177/126/175 174/113/159 52/112/158 48/125/174
f 122/33/46 263/157/219 269/193/268 244/309/487
f 2187/33/488 2192/55/318 266/193/298 143/310/489
f 333/33/490 335/53/491 265/55/492 138/33/493
f 320/33/494 322/67/495 335/53/491 333/33/490
f 310/311/496 312/196/271 261/312/497 127/33/498
f 143/310/489 266/193/298 3081/193/301 3084/310/499
f 131/37/500 234/54/252 260/55/218 262/313/501
f 155/175/502 267/190/263 245/314/147 1/2/200
f 257/315/503 283/316/504 151/216/331 153/218/333
f 1139/317/335 279/318/334 282/319/505 280/320/506
f 99/3/7 258/5/6 267/190/263 155/175/502
f 297/312/507 300/33/28 127/33/498 261/312/497
f 7/54/508 247/321/509 297/312/507 294/54/510
f 268/120/166 53/114/160 29/178/243 249/128/177
f 172/322/511 268/120/166 249/128/177 24/129/178
f 46/323/512 252/119/165 268/120/166 172/322/511
f 1/2/200 245/104/147 251/107/150 43/90/201
f 279/219/334 103/324/213 284/325/212 282/319/505
f 50/111/157 252/119/165 2168/68/95 2167/60/84
f 3105/33/513 3100/53/70 248/55/73 23/33/514
f 304/13/19 303/39/55 262/313/501 129/13/273
f 244/309/487 269/193/268 312/196/271 310/311/496
f 43/90/201 251/107/150 255/156/217 152/155/216
f 3158/326/515 3154/290/438 276/293/441 1198/327/516
f 1193/328/517 271/161/226 274/278/419 1196/242/363
f 3053/243/364 3049/237/354 273/240/357 1195/270/409
f 3039/329/518 3036/165/230 1222/168/233 1211/227/519
f 113/24/36 343/23/35 89/181/246 34/77/105
f 1193/328/517 1202/330/520 341/162/227 271/161/226
f 810/234/521 10/234/522 1139/234/335 280/234/506
f 280/320/506 282/319/505 283/316/504 257/315/503
f 282/319/505 284/325/212 256/153/215 283/316/504
f 247/321/509 19/33/25 300/33/28 297/312/507
f 87/224/339 89/181/246 104/180/245 161/225/340
f 1203/331/523 1194/332/524 88/221/336 809/333/525
f 251/107/150 100/106/149 151/216/331 255/156/217
f 123/121/265 128/121/267 120/32/44 289/12/47
f 288/16/476 296/16/27 293/213/526 124/213/473
f 288/12/476 309/12/475 310/311/496 127/33/498
f 292/192/266 289/12/47 122/33/46 244/309/487
f 294/54/510 125/54/527 313/195/270 286/54/528
f 240/188/259 2228/308/477 2229/19/529 298/19/530
f 287/41/57 2217/214/329 2224/58/531 148/44/60
f 18/33/85 246/67/94 253/36/52 58/13/18
f 294/54/510 297/312/507 261/312/497 125/54/527
f 301/10/12 2182/9/11 3020/9/532 3024/11/481
f 1174/101/533 295/37/534 238/38/471 1173/101/139
f 298/19/530 321/17/535 325/35/51 240/188/259
f 300/15/28 296/16/27 288/16/476 127/15/498
f 294/54/510 286/54/528 295/37/534 3025/54/536
f 293/213/526 296/16/27 290/16/26 13/213/328
f 308/54/254 305/305/472 242/194/269 126/54/255
f 286/54/528 305/305/472 238/38/471 295/37/534
f 308/54/254 302/54/253 235/37/137 5/54/136
f 307/12/20 304/13/19 129/13/273 130/12/272
f 303/39/55 306/38/54 131/37/500 262/313/501
f 306/38/54 302/54/253 234/54/252 131/37/500
f 310/311/496 309/12/475 292/192/266 244/309/487
f 309/12/475 311/306/474 243/191/264 292/192/266
f 312/196/271 313/195/270 125/54/527 261/312/497
f 286/54/528 313/195/270 242/194/269 305/305/472
f 262/313/501 260/55/218 236/33/45 129/13/273
f 322/67/495 3070/201/537 3068/201/538 335/53/491
f 314/45/323 323/44/309 330/44/539 327/45/540
f 325/35/51 321/17/535 299/34/541 237/34/48
f 323/44/309 2227/58/308 2225/58/542 330/44/539
f 325/35/51 315/17/50 16/19/260 240/188/259
f 1175/208/311 318/11/297 329/11/543 1176/100/544
f 137/54/545 1162/96/546 3064/101/274 3056/54/547
f 1099/334/548 1143/335/549 948/234/550 812/234/551
f 324/34/305 326/207/304 339/336/552 338/34/553
f 339/336/552 327/19/540 140/19/465 334/304/469
f 318/11/297 2172/9/296 2179/9/554 329/11/543
f 335/53/491 3068/201/538 3071/201/555 265/55/492
f 2210/17/556 328/17/456 229/19/463 2198/19/557
f 338/34/553 339/336/552 334/304/469 139/34/462
f 2193/209/317 2189/19/321 145/19/322 319/17/303
f 3138/19/558 2189/19/321 2193/209/317 3142/337/559
f 327/45/540 330/44/539 233/44/466 140/301/465
f 334/304/469 332/303/468 231/299/459 139/34/462
f 329/11/543 2179/9/554 2175/9/461 226/11/560
f 330/44/539 2225/58/542 2219/58/561 233/44/466
f 3060/19/464 3061/211/324 232/302/467 140/19/465
f 1176/100/544 329/11/543 226/11/560 1162/96/546
f 3057/33/562 3062/55/286 264/53/289 134/33/563
f 3114/19/31 340/66/564 12/66/261 16/19/260
f 160/78/106 87/224/339 259/223/338 33/231/347
f 1201/338/565 1194/332/524 161/225/340 104/180/245
f 343/23/35 342/22/34 270/339/566 272/179/244
f 90/228/344 346/147/207 158/146/206 91/29/41
f 1202/330/520 90/228/344 91/29/41 1199/28/40
f 278/2/203 348/175/241 155/175/502 1/2/200
f 350/84/188 344/52/187 77/52/113 42/84/112
f 352/90/202 347/91/208 81/91/120 84/90/119
f 1177/108/152 285/88/204 49/88/117 1155/87/116
f 349/148/209 344/52/187 86/52/184 82/50/423
f 1192/6/211 345/3/210 94/3/240 1182/6/425
f 348/175/241 345/3/210 99/3/7 155/175/502
f 347/91/208 346/147/207 156/227/121 81/91/120
f 278/2/203 352/90/202 84/90/119 79/2/141
f 103/324/213 279/219/334 281/222/337 121/30/42
f 1200/31/43 1201/338/565 104/180/245 272/179/244
f 374/340/567 363/341/568 394/341/569 386/340/570
f 371/229/571 361/333/572 362/342/573 367/343/574
f 380/344/575 379/344/576 393/344/577 395/344/578
f 372/345/579 374/340/567 386/340/570 385/345/580
f 381/346/581 380/344/575 395/344/578 396/346/582
f 443/347/583 372/345/579 385/345/580 447/347/584
f 377/348/585 378/348/586 392/348/587 391/348/588
f 359/187/589 371/229/571 367/343/574 360/349/590
f 379/344/576 375/344/591 389/344/592 393/344/577
f 378/348/586 382/350/593 397/350/594 392/348/587
f 938/351/595 929/352/596 371/229/571 359/187/589
f 939/353/597 930/354/598 355/220/599 361/333/572
f 937/355/600 931/356/601 358/91/602 445/357/603
f 940/358/604 938/351/595 359/187/589 356/19/605
f 941/359/606 932/360/607 357/34/608 364/34/609
f 936/361/610 940/358/604 356/19/605 446/17/611
f 929/352/596 939/353/597 361/333/572 371/229/571
f 931/356/601 933/356/612 354/91/613 358/91/602
f 942/362/614 934/363/615 368/346/616 369/91/617
f 934/363/615 943/364/618 368/346/616
f 935/359/619 941/359/606 364/34/609 370/34/620
f 933/356/612 942/362/614 369/91/617 354/91/613
f 393/344/577 389/344/592 401/344/621 405/344/622
f 395/344/578 393/344/577 405/344/622 407/344/623
f 391/348/588 392/348/587 404/348/624 403/348/625
f 396/346/582 395/344/578 407/344/623 408/346/626
f 385/345/580 386/340/570 398/340/627 353/345/628
f 390/365/629 388/366/630 400/366/631 402/365/632
f 386/340/570 394/341/569 406/341/633 398/340/627
f 448/367/634 391/348/588 403/348/625 450/368/635
f 373/365/636 376/366/637 388/366/630 390/365/629
f 382/350/593 913/369/638 396/346/582 397/350/594
f 363/341/568 373/365/636 390/365/629 394/341/569
f 444/368/639 377/348/585 391/348/588 448/367/634
f 422/370/640 440/370/641 417/344/642 419/344/643
f 434/350/644 435/350/645 416/348/646 415/348/647
f 399/346/648 422/370/640 419/344/643 420/346/649
f 423/345/650 427/371/651 410/340/652 383/345/653
f 425/372/654 431/373/655 412/366/656 414/365/657
f 427/371/651 430/374/658 418/341/659 410/340/652
f 457/375/660 434/350/644 415/348/647 452/376/661
f 435/350/645 438/350/662 421/350/663 416/348/646
f 397/350/594 396/346/582 408/346/626 409/350/664
f 394/341/569 390/365/629 402/365/632 406/341/633
f 447/347/584 385/345/580 353/345/628 449/347/665
f 392/348/587 397/350/594 409/350/664 404/348/624
f 387/346/666 415/348/647 416/348/646 384/346/667
f 453/377/668 451/378/669 383/345/653 411/130/670
f 413/344/671 387/346/666 384/346/667 417/344/642
f 412/366/656 411/130/670 418/341/659 414/365/657
f 411/130/670 383/345/653 410/340/652 418/341/659
f 452/376/661 453/377/668 411/130/670 412/366/656
f 384/346/667 416/348/646 421/350/663 420/346/649
f 417/344/642 384/346/667 420/346/649 419/344/643
f 440/370/641 442/370/672 413/344/671 417/344/642
f 438/350/662 399/346/648 420/346/649 421/350/663
f 430/374/658 425/372/654 414/365/657 418/341/659
f 455/379/673 423/345/650 383/345/653 451/378/669
f 449/347/665 353/345/628 424/380/674 454/381/675
f 454/381/675 424/380/674 423/345/650 455/379/673
f 406/341/633 402/365/632 426/382/676 429/374/677
f 429/374/677 426/382/676 425/372/654 430/374/658
f 409/350/664 408/346/626 366/346/678 437/383/679
f 437/383/679 366/346/678 399/346/648 438/350/662
f 405/344/622 401/344/621 441/370/680 439/370/681
f 439/370/681 441/370/680 442/370/672 440/370/641
f 404/348/624 409/350/664 437/383/679 436/350/682
f 436/350/682 437/383/679 438/350/662 435/350/645
f 450/368/635 403/348/625 433/350/683 456/384/684
f 456/384/684 433/350/683 434/350/644 457/375/660
f 398/340/627 406/341/633 429/374/677 428/371/685
f 428/371/685 429/374/677 430/374/658 427/371/651
f 402/365/632 400/366/631 432/385/686 426/382/676
f 426/382/676 432/385/686 431/373/655 425/372/654
f 353/345/628 398/340/627 428/371/685 424/380/674
f 424/380/674 428/371/685 427/371/651 423/345/650
f 408/346/626 407/344/623 365/370/687 366/346/678
f 366/346/678 365/370/687 422/370/640 399/346/648
f 403/348/625 404/348/624 436/350/682 433/350/683
f 433/350/683 436/350/682 435/350/645 434/350/644
f 407/344/623 405/344/622 439/370/681 365/370/687
f 365/370/687 439/370/681 440/370/641 422/370/640
f 432/385/686 456/384/684 457/375/660 431/373/655
f 400/366/631 450/368/635 456/384/684 432/385/686
f 441/370/680 454/381/675 455/379/673 442/370/672
f 401/344/621 449/347/665 454/381/675 441/370/680
f 442/370/672 455/379/673 451/378/669 413/344/671
f 415/348/647 387/346/666 453/377/668 452/376/661
f 387/346/666 413/344/671 451/378/669 453/377/668
f 389/344/592 447/347/584 449/347/665 401/344/621
f 431/373/655 457/375/660 452/376/661 412/366/656
f 376/366/637 444/368/639 448/367/634 388/366/630
f 388/366/630 448/367/634 450/368/635 400/366/631
f 932/360/607 936/361/610 446/17/611 357/34/608
f 930/354/598 937/355/600 445/357/603 355/220/599
f 375/344/591 443/347/583 447/347/584 389/344/592
f 356/19/605 359/187/589 463/187/688 460/19/689
f 354/91/613 369/91/617 469/91/690 458/91/691
f 364/34/609 357/34/608 461/34/692 467/34/693
f 357/34/608 446/17/611 472/17/694 461/34/692
f 445/357/603 358/91/602 462/91/695 471/357/696
f 446/17/611 356/19/605 460/19/689 472/17/694
f 362/342/573 361/333/572 465/333/697 466/342/698
f 358/91/602 354/91/613 458/91/691 462/91/695
f 369/91/617 368/346/616 468/346/699 469/91/690
f 361/333/572 355/220/599 459/220/700 465/333/697
f 368/346/616 370/34/620 470/34/701 468/346/699
f 355/220/599 445/357/603 471/357/696 459/220/700
f 359/187/589 360/349/590 464/349/702 463/187/688
f 370/34/620 364/34/609 467/34/693 470/34/701
f 915/386/703 922/387/704 486/388/705 476/389/706
f 917/390/707 921/391/708 485/392/709 480/393/710
f 918/394/711 927/395/712 482/396/713 481/396/714
f 920/397/715 926/390/716 479/393/717 484/398/718
f 919/399/719 928/400/720 912/401/721 483/346/722
f 927/395/712 919/399/719 483/346/722 482/396/713
f 916/394/723 918/394/711 481/396/714 477/396/724
f 914/402/725 924/403/726 475/404/727 474/405/728
f 921/391/708 925/406/729 478/407/730 485/392/709
f 926/390/716 917/390/707 480/393/710 479/393/717
f 925/406/729 923/408/731 473/409/732 478/407/730
f 922/387/704 916/394/723 477/396/724 486/388/705
f 924/403/726 915/386/703 476/389/706 475/404/727
f 923/408/731 914/402/725 474/405/728 473/409/732
f 362/342/573 466/342/698 487/234/733 488/234/734
f 360/349/590 367/343/574 490/343/735 489/349/736
f 367/343/574 362/342/573 488/234/734 490/343/735
f 464/349/702 360/349/590 489/349/736 491/234/737
f 462/91/695 458/91/691 492/91/738 496/91/739
f 466/342/698 465/333/697 499/333/740 500/342/741
f 469/91/690 468/346/699 502/346/742 503/91/743
f 463/187/688 464/349/702 498/349/744 497/187/745
f 468/346/699 470/34/701 504/34/746 502/346/742
f 465/333/697 459/220/700 493/220/747 499/333/740
f 470/34/701 467/34/693 501/34/748 504/34/746
f 459/220/700 471/357/696 505/357/749 493/220/747
f 458/91/691 469/91/690 503/91/743 492/91/738
f 460/19/689 463/187/688 497/187/745 494/19/750
f 471/357/696 462/91/695 496/91/739 505/357/749
f 464/349/702 491/234/737 508/234/751 498/349/744
f 467/34/693 461/34/692 495/34/752 501/34/748
f 487/234/733 466/342/698 500/342/741 507/234/753
f 472/17/694 460/19/689 494/19/750 506/17/754
f 461/34/692 472/17/694 506/17/754 495/34/752
f 530/349/755 529/234/756 510/234/757 509/349/758
f 693/410/759 694/234/760 511/234/761 512/349/762
f 696/411/763 526/349/764 514/349/765 695/412/766
f 573/349/767 553/413/768 515/349/769 532/414/770
f 532/414/770 515/349/769 517/349/771 533/415/772
f 615/414/773 613/414/774 519/349/775 534/349/776
f 537/414/777 527/416/778 521/349/779 535/349/780
f 509/349/758 510/234/757 524/234/781 523/349/782
f 530/349/755 509/349/758 525/349/783 536/349/784
f 534/349/776 519/349/775 527/416/778 537/414/777
f 520/349/785 534/349/776 537/414/777 528/349/786
f 512/349/762 530/349/755 536/349/784 526/349/764
f 528/349/786 537/414/777 535/349/780 522/349/787
f 614/349/788 615/414/773 534/349/776 520/349/785
f 516/349/789 532/414/770 533/415/772 518/349/790
f 572/349/791 573/349/767 532/414/770 516/349/789
f 536/349/784 525/349/783 513/349/792 531/349/793
f 512/349/762 511/234/761 529/234/756 530/349/755
f 554/234/794 556/234/795 542/234/796 548/234/797
f 523/349/782 538/234/798 525/349/783 509/349/758
f 545/234/799 525/349/783 538/234/798 543/234/800
f 555/234/801 554/234/794 548/234/797 541/234/802
f 538/234/798 559/234/803 550/234/804 543/234/800
f 561/234/805 559/234/803 538/234/798 523/349/782
f 565/234/806 611/234/807 544/234/808 563/234/809
f 626/234/810 557/234/811 544/234/808 628/234/812
f 524/234/781 552/234/813 561/234/805 523/349/782
f 1124/234/814 1122/234/815 568/234/816 632/234/817
f 1117/234/818 1118/234/819 564/234/820 570/234/821
f 629/234/822 551/234/823 561/234/805 627/234/824
f 557/234/811 558/234/825 539/234/826 544/234/808
f 558/234/825 547/234/827 560/234/828 539/234/826
f 549/234/829 562/234/830 550/234/804 559/234/803
f 551/234/823 549/234/829 559/234/803 561/234/805
f 631/234/831 633/234/832 570/234/821 564/234/820
f 546/234/833 563/234/809 555/234/801 541/234/802
f 539/234/826 555/234/801 563/234/809 544/234/808
f 1119/234/834 1120/234/835 571/234/836 567/234/837
f 631/234/831 564/234/820 566/234/838 632/234/817
f 560/234/828 540/234/839 556/234/795 554/234/794
f 539/234/826 560/234/828 554/234/794 555/234/801
f 545/234/799 543/234/800 550/234/804 574/234/840
f 628/234/812 639/234/841 574/234/840 550/234/804
f 1123/234/842 1117/234/818 570/234/821 633/234/832
f 1122/234/815 1119/234/834 567/234/837 568/234/816
f 514/349/765 531/349/793 573/349/767 572/349/791
f 531/349/793 513/349/792 553/413/768 573/349/767
f 693/410/759 512/349/762 526/349/764 696/411/763
f 513/349/792 525/349/783 545/234/799 574/234/840
f 548/234/797 542/234/796 575/234/843 580/234/844
f 541/234/802 548/234/797 580/234/844 581/234/845
f 546/234/833 541/234/802 581/234/845 576/234/846
f 608/417/847 607/418/848 583/234/849 579/234/850
f 607/418/848 609/418/851 582/234/852 583/234/849
f 584/349/853 677/349/854 678/349/855 520/349/785
f 587/349/856 588/349/857 673/419/858 672/349/859
f 585/349/860 586/349/861 528/349/786 522/349/787
f 596/349/862 595/349/863 710/349/864 708/349/865
f 688/349/866 687/416/867 592/349/868 591/349/869
f 1034/420/870 1031/421/871 1032/422/872 1033/423/873
f 594/349/874 593/349/875 595/349/863 596/349/862
f 1084/424/876 596/349/862 708/349/865 1093/425/877
f 1081/426/878 594/349/874 596/349/862 1084/424/876
f 695/412/766 514/349/765 572/349/791 700/427/879
f 700/427/879 572/349/791 516/349/789 701/428/880
f 576/234/846 598/234/881 599/234/882 577/234/883
f 583/234/849 582/234/852 604/234/884 605/234/885
f 580/234/844 575/234/843 597/234/886 602/234/887
f 577/234/883 599/234/882 600/234/888 578/234/889
f 581/234/845 580/234/844 602/234/887 603/234/890
f 579/234/850 583/234/849 605/234/885 601/234/891
f 578/234/889 600/234/888 604/234/884 582/234/852
f 576/234/846 581/234/845 603/234/890 598/234/881
f 635/429/892 637/430/893 609/418/851 607/418/848
f 636/430/894 635/429/892 607/418/848 608/417/847
f 642/431/895 616/432/896 609/418/851 637/430/893
f 630/433/897 513/349/792 574/234/840 639/234/841
f 638/418/898 640/434/899 612/234/900 610/234/901
f 627/234/824 561/234/805 552/234/813 634/234/902
f 641/435/903 553/413/768 513/349/792 630/433/897
f 640/434/899 641/435/903 569/234/904 612/234/900
f 565/234/806 563/234/809 546/234/833 569/234/904
f 612/234/900 569/234/904 546/234/833 576/234/846
f 577/234/883 610/234/901 612/234/900 576/234/846
f 638/418/898 610/234/901 616/432/896 642/431/895
f 518/349/790 533/415/772 615/414/773 614/349/788
f 533/415/772 517/349/771 613/414/774 615/414/773
f 577/234/883 578/234/889 616/432/896 610/234/901
f 578/234/889 582/234/852 609/418/851 616/432/896
f 727/234/905 723/234/906 620/234/907 624/234/908
f 728/234/909 724/234/910 617/234/911 622/234/912
f 729/234/913 725/234/914 625/234/915 621/234/916
f 730/234/917 726/234/918 618/234/919 619/234/920
f 725/234/914 727/234/905 624/234/908 625/234/915
f 731/234/921 728/234/909 622/234/912 623/234/922
f 726/234/918 731/234/921 623/234/922 618/234/919
f 723/234/906 730/234/917 619/234/920 620/234/907
f 517/349/771 638/418/898 642/431/895 613/414/774
f 515/349/769 553/413/768 641/435/903 640/434/899
f 569/234/904 641/435/903 630/433/897 565/436/806
f 560/234/828 627/234/824 634/234/902 540/234/839
f 517/349/771 515/349/769 640/434/899 638/418/898
f 565/436/806 630/433/897 639/234/841 611/234/807
f 613/414/774 642/431/895 637/430/893 519/349/775
f 521/349/779 527/416/778 635/429/892 636/430/894
f 527/416/778 519/349/775 637/430/893 635/429/892
f 544/234/808 611/234/807 639/234/841 628/234/812
f 567/234/837 631/234/831 632/234/817 568/234/816
f 1118/234/819 1121/234/923 566/234/838 564/234/820
f 567/234/837 571/234/836 633/234/832 631/234/831
f 547/234/827 629/234/822 627/234/824 560/234/828
f 562/234/830 626/234/810 628/234/812 550/234/804
f 1120/234/835 1123/234/842 633/234/832 571/234/836
f 622/234/912 617/234/911 643/234/924 648/234/925
f 621/234/916 625/234/915 651/234/926 647/234/927
f 619/234/920 618/234/919 644/234/928 645/234/929
f 625/234/915 624/234/908 650/234/930 651/234/926
f 623/234/922 622/234/912 648/234/925 649/234/931
f 618/234/919 623/234/922 649/234/931 644/234/928
f 620/234/907 619/234/920 645/234/929 646/234/932
f 624/234/908 620/234/907 646/234/932 650/234/930
f 662/234/933 661/234/934 659/234/935 660/234/936
f 664/234/937 663/234/938 657/234/939 658/234/940
f 665/234/941 664/234/937 658/234/940 653/234/942
f 667/234/943 666/234/944 654/234/945 655/234/946
f 661/234/934 667/234/943 655/234/946 659/234/935
f 663/234/938 668/234/947 652/234/948 657/234/939
f 669/234/949 662/234/933 660/234/936 656/234/950
f 666/234/944 665/234/941 653/234/942 654/234/945
f 645/234/929 644/234/928 665/234/941 666/234/944
f 647/234/927 651/234/926 662/234/933 669/234/949
f 648/234/925 643/234/924 668/234/947 663/234/938
f 650/234/930 646/234/932 667/234/943 661/234/934
f 646/234/932 645/234/929 666/234/944 667/234/943
f 644/234/928 649/234/931 664/234/937 665/234/941
f 649/234/931 648/234/925 663/234/938 664/234/937
f 651/234/926 650/234/930 661/234/934 662/234/933
f 528/349/786 586/349/861 584/349/853 520/349/785
f 678/349/855 677/349/854 1026/349/951 1028/349/952
f 678/349/855 1028/349/952 1027/413/953 679/437/954
f 679/437/954 1027/413/953 1024/349/955 680/349/956
f 1097/438/957 855/349/958 594/349/874 1081/426/878
f 614/349/788 679/437/954 680/349/956 518/349/790
f 520/349/785 678/349/855 679/437/954 614/349/788
f 1097/438/957 1085/430/959 675/349/960 855/349/958
f 518/349/790 680/349/956 676/234/961 516/349/789
f 1086/349/962 1085/430/959 1025/439/963 1024/349/955
f 703/440/964 676/234/961 1025/439/963 702/441/965
f 701/428/880 516/349/789 676/234/961 703/440/964
f 1053/442/966 1039/220/967 681/220/968 683/333/969
f 1056/342/970 1053/442/966 683/333/969 684/342/971
f 1039/220/967 1040/357/972 685/357/973 681/220/968
f 1040/357/972 1041/91/974 682/91/975 685/357/973
f 495/34/752 701/428/880 703/440/964 501/34/748
f 1042/234/976 1056/342/970 684/342/971 686/234/977
f 689/349/978 690/416/979 687/416/867 688/349/866
f 1082/418/980 686/234/977 684/342/971 1088/443/981
f 691/349/982 692/410/983 690/416/979 689/349/978
f 1089/444/984 689/349/978 688/349/866 1088/443/981
f 704/414/985 707/410/986 692/410/983 691/349/982
f 1090/229/987 691/349/982 689/349/978 1089/444/984
f 501/34/748 703/440/964 702/441/965 504/34/746
f 504/34/746 702/441/965 697/445/988 502/346/742
f 506/17/754 700/427/879 701/428/880 495/34/752
f 494/19/750 695/412/766 700/427/879 506/17/754
f 502/346/742 697/445/988 699/446/989 503/91/743
f 503/91/743 699/446/989 709/447/990 492/91/738
f 498/349/744 693/410/759 696/411/763 497/187/745
f 497/187/745 696/411/763 695/412/766 494/19/750
f 498/349/744 508/234/751 694/234/760 693/410/759
f 1043/448/991 698/447/992 682/91/975 1041/91/974
f 589/349/993 590/349/994 706/410/995 705/349/996
f 705/349/996 706/410/995 707/410/986 704/414/985
f 1091/449/997 704/414/985 691/349/982 1090/229/987
f 1092/447/998 705/349/996 704/414/985 1091/449/997
f 1083/425/999 1092/447/998 682/91/975 698/447/992
f 1102/450/1000 1052/349/1001 713/349/1002 1094/425/1003
f 1052/349/1001 1044/410/1004 711/349/1005 713/349/1002
f 1043/448/991 1045/451/1006 712/447/1007 698/447/992
f 1094/425/1003 713/349/1002 589/349/993 1083/425/999
f 713/349/1002 711/349/1005 590/349/994 589/349/993
f 600/234/888 599/234/882 721/234/1008 714/234/1009
f 598/234/881 603/234/890 722/234/1010 720/234/1011
f 603/234/890 602/234/887 717/234/1012 722/234/1010
f 605/234/885 604/234/884 715/234/1013 718/234/1014
f 599/234/882 598/234/881 720/234/1011 721/234/1008
f 601/234/891 605/234/885 718/234/1014 719/234/1015
f 602/234/887 597/234/886 716/234/1016 717/234/1012
f 604/234/884 600/234/888 714/234/1009 715/234/1013
f 892/234/1017 890/234/1018 730/234/917 723/234/906
f 895/234/1019 891/234/1020 731/234/921 726/234/918
f 891/234/1020 888/234/1021 728/234/909 731/234/921
f 894/234/1022 887/234/1023 727/234/905 725/234/914
f 890/234/1018 895/234/1019 726/234/918 730/234/917
f 889/234/1024 894/234/1022 725/234/914 729/234/913
f 888/234/1021 893/234/1025 724/234/910 728/234/909
f 887/234/1023 892/234/1017 723/234/906 727/234/905
f 764/437/1026 767/437/1027 732/349/1028 737/410/1029
f 767/437/1027 769/349/1030 739/349/1031 732/349/1028
f 770/416/1032 773/437/1033 735/416/1034 734/416/1035
f 774/452/1036 777/453/1037 738/410/1038 736/410/1039
f 778/413/1040 770/416/1032 734/416/1035 733/349/1041
f 773/437/1033 774/452/1036 736/410/1039 735/416/1034
f 777/453/1037 764/437/1026 737/410/1029 738/410/1038
f 820/437/1042 815/453/1043 745/410/1044 746/410/1045
f 822/437/1046 820/437/1042 746/410/1045 744/410/1047
f 824/437/1048 817/437/1049 743/416/1050 742/416/1051
f 826/413/1052 819/349/1053 747/349/1054 740/349/1055
f 815/453/1043 826/413/1052 740/349/1055 745/410/1044
f 817/437/1049 822/437/1046 744/410/1047 743/416/1050
f 828/454/1056 824/437/1048 742/416/1051 741/349/1057
f 792/455/1058 790/454/1059 751/416/1060 755/454/1061
f 786/453/1062 789/456/1063 750/437/1064 752/410/1065
f 785/349/1066 791/349/1067 753/457/1068 749/349/1069
f 791/349/1067 787/349/1070 754/457/1071 753/457/1068
f 790/454/1059 786/453/1062 752/410/1065 751/416/1060
f 789/456/1063 788/349/1072 748/349/1073 750/437/1064
f 788/349/1072 785/349/1066 749/349/1069 748/349/1073
f 841/458/1074 831/349/1075 761/349/1076 756/349/1077
f 840/452/1078 841/458/1074 756/349/1077 757/459/1079
f 834/460/1080 830/452/1081 762/453/1082 758/454/1083
f 833/349/1084 858/349/1085 763/349/1086 759/349/1087
f 831/349/1075 833/349/1084 759/349/1087 761/349/1076
f 830/452/1081 840/452/1078 757/459/1079 762/453/1082
f 832/349/1088 834/460/1080 758/454/1083 760/413/1089
f 707/410/986 706/410/995 765/416/1090 776/457/1091
f 881/461/1092 875/437/1093 764/437/1026 777/453/1037
f 690/416/979 692/410/983 775/410/1094 772/452/1095
f 879/462/1096 880/453/1097 774/452/1036 773/437/1033
f 592/349/868 687/416/867 771/437/1098 779/349/1099
f 882/349/1100 878/462/1101 770/416/1032 778/413/1040
f 692/410/983 707/410/986 776/457/1091 775/410/1094
f 880/453/1097 881/461/1092 777/453/1037 774/452/1036
f 687/416/867 690/416/979 772/452/1095 771/437/1098
f 878/462/1101 879/462/1096 773/437/1033 770/416/1032
f 590/349/994 711/349/1005 768/413/1102 766/413/1103
f 876/437/1104 877/349/1105 769/349/1030 767/437/1027
f 706/410/995 590/349/994 766/413/1103 765/416/1090
f 875/437/1093 876/437/1104 767/437/1027 764/437/1026
f 885/463/1106 782/464/1107 780/234/1108 883/234/1109
f 886/465/1110 859/466/1111 781/467/1112 884/468/1113
f 884/468/1113 781/467/1112 782/464/1107 885/463/1106
f 860/469/1114 783/470/1115 763/349/1086 858/349/1085
f 756/349/1077 761/349/1076 785/349/1066 788/349/1072
f 757/459/1079 756/349/1077 788/349/1072 789/456/1063
f 758/454/1083 762/453/1082 786/453/1062 790/454/1059
f 759/349/1087 763/349/1086 787/349/1070 791/349/1067
f 761/349/1076 759/349/1087 791/349/1067 785/349/1066
f 762/453/1082 757/459/1079 789/456/1063 786/453/1062
f 760/413/1089 758/454/1083 790/454/1059 792/455/1058
f 784/464/1116 787/349/1070 763/349/1086 783/470/1115
f 1044/410/1004 1051/471/1117 768/413/1102 711/349/1005
f 595/349/863 782/464/1107 781/467/1112 710/349/864
f 593/349/875 780/234/1108 782/464/1107 595/349/863
f 754/457/1071 787/349/1070 784/464/1116 944/234/1118
f 674/349/1119 793/234/1120 1021/234/1121 1020/349/1122
f 671/349/1123 794/234/1124 793/234/1120 674/349/1119
f 673/419/858 795/234/1125 794/234/1124 671/349/1123
f 588/349/857 796/234/1126 795/234/1125 673/419/858
f 677/349/854 584/349/853 606/349/1127 800/349/1128
f 586/349/861 585/349/860 798/349/1129 799/349/1130
f 584/349/853 586/349/861 799/349/1130 606/349/1127
f 799/349/1130 798/349/1129 805/349/1131 807/349/1132
f 799/349/1130 807/349/1132 808/349/1133 606/349/1127
f 811/472/1134 797/473/1135 800/349/1128 806/349/1136
f 806/349/1136 803/349/1137 802/349/1138 811/472/1134
f 807/349/1132 805/349/1131 804/349/1139 803/349/1137
f 806/349/1136 808/349/1133 807/349/1132 803/349/1137
f 606/349/1127 808/349/1133 806/349/1136 800/349/1128
f 801/349/1140 802/349/1138 803/349/1137 804/349/1139
f 835/234/1141 796/234/1126 812/234/551 1022/234/1142
f 1113/417/1143 835/234/1141 1022/234/1142 1115/418/1144
f 1095/474/1145 1099/334/548 812/234/551 796/234/1126
f 1080/349/1146 1026/349/951 797/473/1135 1095/474/1145
f 818/349/1147 754/457/1071 944/234/1118 945/234/1148
f 1111/417/1149 1114/418/1150 946/234/1151 813/234/1152
f 819/349/1053 1110/234/1153 946/234/1151 1114/418/1150
f 755/454/1061 751/416/1060 825/454/1154 829/454/1155
f 829/454/1155 825/454/1154 824/437/1048 828/454/1056
f 752/410/1065 750/437/1064 823/475/1156 816/349/1157
f 816/349/1157 823/475/1156 822/437/1046 817/437/1049
f 749/349/1069 753/457/1068 827/349/1158 814/349/1159
f 814/349/1159 827/349/1158 826/413/1052 815/453/1043
f 753/457/1068 754/457/1071 818/349/1147 827/349/1158
f 827/349/1158 818/349/1147 819/349/1053 826/413/1052
f 751/416/1060 752/410/1065 816/349/1157 825/454/1154
f 825/454/1154 816/349/1157 817/437/1049 824/437/1048
f 750/437/1064 748/349/1073 821/437/1160 823/475/1156
f 823/475/1156 821/437/1160 820/437/1042 822/437/1046
f 748/349/1073 749/349/1069 814/349/1159 821/437/1160
f 821/437/1160 814/349/1159 815/453/1043 820/437/1042
f 795/234/1125 813/234/1152 946/234/1151 794/234/1124
f 507/234/753 500/342/741 852/342/1161 847/234/1162
f 708/349/865 710/349/864 843/349/1163 844/416/1164
f 492/91/738 845/476/1165 848/91/1166 496/91/739
f 1093/425/877 708/349/865 844/416/1164 1096/477/1167
f 505/357/749 496/91/739 848/91/1166 849/357/1168
f 741/349/1057 742/416/1051 846/416/1169 857/349/1170
f 1059/478/1171 1051/471/1117 859/466/1111 886/465/1110
f 1050/349/1172 1048/437/1173 834/460/1080 832/349/1088
f 1058/475/1174 1047/453/1175 840/452/1078 830/452/1081
f 744/410/1047 746/410/1045 850/410/1176 851/453/1177
f 710/349/864 781/467/1112 859/466/1111 843/349/1163
f 813/234/1152 795/234/1125 796/234/1126 835/234/1141
f 740/349/1055 747/349/1054 836/349/1178 837/349/1179
f 1034/420/870 1033/423/873 1030/479/1180 1029/480/1181
f 743/416/1050 744/410/1047 851/453/1177 839/410/1182
f 1046/416/1183 1055/349/1184 831/349/1075 841/458/1074
f 1048/437/1173 1058/475/1174 830/452/1081 834/460/1080
f 1055/349/1184 1049/349/1185 833/349/1084 831/349/1075
f 746/410/1045 745/410/1044 838/437/1186 850/410/1176
f 1057/481/1187 860/469/1114 858/349/1085 1054/437/1188
f 742/416/1051 743/416/1050 839/410/1182 846/416/1169
f 492/91/738 709/447/990 842/482/1189 845/476/1165
f 1047/453/1175 1046/416/1183 841/458/1074 840/452/1078
f 1049/349/1185 1054/437/1188 858/349/1085 833/349/1084
f 745/410/1044 740/349/1055 837/349/1179 838/437/1186
f 1111/417/1149 813/234/1152 835/234/1141 1113/417/1143
f 1001/234/1190 1021/234/1121 793/234/1120 1002/234/1191
f 493/220/747 505/357/749 849/357/1168 854/483/1192
f 500/342/741 499/333/740 853/484/1193 852/342/1161
f 499/333/740 493/220/747 854/483/1192 853/484/1193
f 373/365/636 363/341/568 866/485/1194 861/486/1195
f 374/340/567 372/345/579 867/487/1196 862/488/1197
f 443/347/583 375/344/591 868/489/1198 874/490/1199
f 376/366/637 373/365/636 861/486/1195 863/491/1200
f 378/348/586 377/348/585 869/492/1201 864/493/1202
f 444/368/639 376/366/637 863/491/1200 873/494/1203
f 363/341/568 374/340/567 862/488/1197 866/485/1194
f 375/344/591 379/344/576 870/495/1204 868/489/1198
f 380/344/575 381/346/581 871/346/1205 865/489/1206
f 381/346/581 913/369/638 910/496/1207 871/346/1205
f 382/350/593 378/348/586 864/493/1202 872/497/1208
f 379/344/576 380/344/575 865/489/1206 870/495/1204
f 377/348/585 444/368/639 873/494/1203 869/492/1201
f 372/345/579 443/347/583 874/490/1199 867/487/1196
f 1057/481/1187 1059/478/1171 886/465/1110 860/469/1114
f 783/470/1115 884/468/1113 885/463/1106 784/464/1116
f 860/469/1114 886/465/1110 884/468/1113 783/470/1115
f 784/464/1116 885/463/1106 883/234/1109 944/234/1118
f 765/416/1090 766/413/1103 876/437/1104 875/437/1093
f 766/413/1103 768/413/1102 877/349/1105 876/437/1104
f 771/437/1098 772/452/1095 879/462/1096 878/462/1101
f 775/410/1094 776/457/1091 881/461/1092 880/453/1097
f 779/349/1099 771/437/1098 878/462/1101 882/349/1100
f 772/452/1095 775/410/1094 880/453/1097 879/462/1096
f 776/457/1091 765/416/1090 875/437/1093 881/461/1092
f 715/234/1013 714/234/1009 892/234/1017 887/234/1023
f 717/234/1012 716/234/1016 893/234/1025 888/234/1021
f 719/234/1015 718/234/1014 894/234/1022 889/234/1024
f 721/234/1008 720/234/1011 895/234/1019 890/234/1018
f 718/234/1014 715/234/1013 887/234/1023 894/234/1022
f 722/234/1010 717/234/1012 888/234/1021 891/234/1020
f 720/234/1011 722/234/1010 891/234/1020 895/234/1019
f 714/234/1009 721/234/1008 890/234/1018 892/234/1017
f 476/389/706 486/388/705 904/498/1209 897/499/1210
f 480/393/710 485/392/709 903/500/1211 899/501/1212
f 481/396/714 482/396/713 909/502/1213 900/503/1214
f 484/398/718 479/393/717 908/504/1215 902/505/1216
f 483/346/722 912/401/721 911/506/1217 901/507/1218
f 482/396/713 483/346/722 901/507/1218 909/502/1213
f 477/396/724 481/396/714 900/503/1214 898/502/1219
f 474/405/728 475/404/727 906/508/1220 896/509/1221
f 485/392/709 478/407/730 907/510/1222 903/500/1211
f 479/393/717 480/393/710 899/501/1212 908/504/1215
f 478/407/730 473/409/732 905/511/1223 907/510/1222
f 486/388/705 477/396/724 898/502/1219 904/498/1209
f 475/404/727 476/389/706 897/499/1210 906/508/1220
f 473/409/732 474/405/728 896/509/1221 905/511/1223
f 928/400/720 910/496/1207 872/497/1208 920/397/715
f 910/496/1207 913/369/638 382/350/593 872/497/1208
f 943/364/618 911/506/1217 902/505/1216 935/359/619
f 911/506/1217 912/401/721 484/398/718 902/505/1216
f 912/401/721 928/400/720 920/397/715 484/398/718
f 861/486/1195 866/485/1194 914/402/725 923/408/731
f 862/488/1197 867/487/1196 915/386/703 924/403/726
f 874/490/1199 868/489/1198 916/394/723 922/387/704
f 863/491/1200 861/486/1195 923/408/731 925/406/729
f 864/493/1202 869/492/1201 917/390/707 926/390/716
f 873/494/1203 863/491/1200 925/406/729 921/391/708
f 866/485/1194 862/488/1197 924/403/726 914/402/725
f 868/489/1198 870/495/1204 918/394/711 916/394/723
f 865/489/1206 871/346/1205 919/399/719 927/395/712
f 871/346/1205 910/496/1207 928/400/720 919/399/719
f 872/497/1208 864/493/1202 926/390/716 920/397/715
f 870/495/1204 865/489/1206 927/395/712 918/394/711
f 869/492/1201 873/494/1203 921/391/708 917/390/707
f 867/487/1196 874/490/1199 922/387/704 915/386/703
f 368/346/616 943/364/618 935/359/619 370/34/620
f 897/499/1210 904/498/1209 937/355/600 930/354/598
f 899/501/1212 903/500/1211 936/361/610 932/360/607
f 900/503/1214 909/502/1213 942/362/614 933/356/612
f 902/505/1216 908/504/1215 941/359/606 935/359/619
f 901/507/1218 911/506/1217 943/364/618 934/363/615
f 909/502/1213 901/507/1218 934/363/615 942/362/614
f 898/502/1219 900/503/1214 933/356/612 931/356/601
f 896/509/1221 906/508/1220 939/353/597 929/352/596
f 903/500/1211 907/510/1222 940/358/604 936/361/610
f 908/504/1215 899/501/1212 932/360/607 941/359/606
f 907/510/1222 905/511/1223 938/351/595 940/358/604
f 904/498/1209 898/502/1219 931/356/601 937/355/600
f 906/508/1220 897/499/1210 930/354/598 939/353/597
f 905/511/1223 896/509/1221 929/352/596 938/351/595
f 945/234/1148 944/234/1118 947/234/1224 949/234/1225
f 883/234/1109 780/234/1108 991/234/1226 951/234/1227
f 946/234/1151 1110/234/1153 1109/234/1228 950/234/1229
f 1115/418/1144 1022/234/1142 1019/234/1230 1112/512/1231
f 944/234/1118 883/234/1109 951/234/1227 947/234/1224
f 794/234/1124 946/234/1151 950/234/1229
f 794/234/1124 950/234/1229 956/234/1232 954/234/1233
f 949/234/1225 947/234/1224 953/234/1234 955/234/1235
f 951/234/1227 991/234/1226 994/234/1236 957/234/1237
f 950/234/1229 1109/234/1228 1105/234/1238 956/234/1232
f 947/234/1224 951/234/1227 957/234/1237 953/234/1234
f 956/234/1232 1105/234/1238 1106/234/1239 970/234/1240
f 675/349/960 674/349/1119 1020/349/1122 855/349/958
f 953/234/1234 957/234/1237 966/234/1241 965/234/1242
f 954/234/1233 956/234/1232 970/234/1240 968/234/1243
f 955/234/1235 953/234/1234 965/234/1242 969/234/1244
f 957/234/1237 994/234/1236 992/234/1245 966/234/1241
f 988/234/1246 973/234/1247 974/234/1248 987/234/1249
f 964/234/1250 959/234/1251 965/234/1242 966/234/1241
f 961/234/1252 1002/234/1191 793/234/1120 968/234/1243
f 959/234/1251 962/234/1253 969/234/1244 965/234/1242
f 962/234/1253 1107/234/1254 1106/234/1239 969/234/1244
f 963/234/1255 961/234/1252 968/234/1243 970/234/1240
f 958/234/1256 993/234/1257 992/234/1245 967/234/1258
f 963/234/1255 989/234/1259 990/234/1260 961/234/1252
f 1002/234/1191 976/234/1261 1003/234/1262 1126/234/1263
f 987/234/1249 974/234/1248 1103/234/1264 1108/234/1265
f 988/234/1246 959/234/1251 964/234/1250 986/234/1266
f 989/234/1259 975/234/1267 976/234/1261 990/234/1260
f 961/234/1252 990/234/1260 976/234/1261 1002/234/1191
f 1009/234/1268 1006/234/1269 1125/234/1270 1128/234/1271
f 983/234/1272 974/234/1248 973/234/1247 982/234/1273
f 954/234/1233 968/234/1243 793/234/1120 794/234/1124
f 978/234/1274 973/234/1247 972/234/1275 977/234/1276
f 982/234/1273 979/234/1277 980/234/1278 981/234/1279
f 982/234/1273 973/234/1247 978/234/1274 979/234/1277
f 977/234/1276 980/234/1278 979/234/1277 978/234/1274
f 958/234/1256 996/234/1280 995/234/1281 993/234/1257
f 973/234/1247 988/234/1246 986/234/1266 972/234/1275
f 962/234/1253 987/234/1249 1108/234/1265 1107/234/1254
f 959/234/1251 988/234/1246 987/234/1249 962/234/1253
f 992/234/1245 993/234/1257 964/234/1250 966/234/1241
f 993/234/1257 995/234/1281 986/234/1266 964/234/1250
f 992/234/1245 994/234/1236 952/234/1282 967/234/1258
f 994/234/1236 991/234/1226 780/234/1108 952/234/1282
f 986/234/1266 995/234/1281 977/234/1276 972/234/1275
f 996/234/1280 1134/234/1283 981/234/1279 980/234/1278
f 995/234/1281 996/234/1280 980/234/1278 977/234/1276
f 967/234/1258 999/234/1284 998/234/1285 958/234/1256
f 981/234/1279 1134/234/1283 1135/234/1286 982/234/1273
f 983/234/1272 1136/234/1287 1133/234/1288 1017/234/1289
f 1018/234/1290 1015/234/1291 1005/234/1292 1000/234/1293
f 971/234/1294 960/234/1295 1001/234/1190 1002/234/1191
f 985/234/1296 1129/234/1297 1126/234/1263 1003/234/1262
f 670/349/1298 671/349/1123 674/349/1119 675/349/960
f 997/234/1299 1131/234/1300 1130/234/1301 1004/234/1302
f 1006/234/1269 1009/234/1268 997/234/1299 1013/234/1303
f 780/234/1108 999/234/1284 967/234/1258 952/234/1282
f 1012/234/1304 1127/234/1305 1132/234/1306 1007/234/1307
f 1011/234/1308 1018/234/1290 1016/234/1309 1008/234/1310
f 1013/234/1303 1012/234/1304 1007/234/1307 1006/234/1269
f 960/234/1295 971/234/1294 1012/234/1304 1013/234/1303
f 1016/234/1309 1018/234/1290 1000/234/1293 1010/234/1311
f 985/234/1296 1015/234/1291 1018/234/1290 1011/234/1308
f 971/234/1294 1129/234/1297 1127/234/1305 1012/234/1304
f 1000/234/1293 1131/234/1300 1128/234/1271 1010/234/1311
f 984/234/1312 975/234/1267 1103/234/1264 1104/234/1313
f 1003/234/1262 976/234/1261 975/234/1267 984/234/1312
f 1133/234/1288 1136/234/1287 998/234/1285 999/234/1284
f 1017/234/1289 1133/234/1288 1130/234/1301 1005/234/1292
f 1017/234/1289 1014/234/1314 1104/234/1313 983/234/1272
f 1014/234/1314 1015/234/1291 985/234/1296 1003/234/1262
f 1006/234/1269 1007/234/1307 1132/234/1306 1125/234/1270
f 855/349/958 1020/349/1122 593/349/875 594/349/874
f 960/234/1295 1004/234/1302 999/234/1284 1001/234/1190
f 1005/234/1292 1015/234/1291 1014/234/1314 1017/234/1289
f 1021/234/1121 1001/234/1190 999/234/1284 780/234/1108
f 1020/349/1122 1021/234/1121 780/234/1108 593/349/875
f 672/349/859 673/419/858 671/349/1123 670/349/1298
f 1086/349/962 1087/454/1315 672/349/859 670/349/1298
f 1022/234/1142 812/234/551 948/234/550 1019/234/1230
f 1098/437/1316 1080/349/1146 588/349/857 587/349/856
f 1024/349/955 1025/439/963 676/234/961 680/349/956
f 1087/454/1315 1098/437/1316 587/349/856 672/349/859
f 797/473/1135 1026/349/951 677/349/854 800/349/1128
f 1029/480/1181 1030/479/1180 802/349/1138 801/349/1140
f 1032/422/872 88/234/336 1038/513/1317 1033/423/873
f 153/435/333 1035/514/1318 1037/515/1319 257/516/503
f 1076/416/1320 47/437/1321 44/517/1322 1067/234/1323
f 1032/422/872 1031/421/871 809/234/525 88/234/336
f 1030/479/1180 1033/423/873 1038/513/1317 802/349/1138
f 948/234/550 10/234/522 810/234/521 1019/234/1230
f 1064/234/1324 1067/234/1323 44/517/1322 1141/234/1325
f 769/349/1030 877/349/1105 1059/478/1171 1057/481/1187
f 732/349/1028 739/349/1031 1054/437/1188 1049/349/1185
f 736/410/1039 738/410/1038 1046/416/1183 1047/453/1175
f 769/349/1030 1057/481/1187 1054/437/1188 739/349/1031
f 737/410/1029 732/349/1028 1049/349/1185 1055/349/1184
f 734/416/1035 735/416/1034 1058/475/1174 1048/437/1173
f 738/410/1038 737/410/1029 1055/349/1184 1046/416/1183
f 735/416/1034 736/410/1039 1047/453/1175 1058/475/1174
f 733/349/1041 734/416/1035 1048/437/1173 1050/349/1172
f 877/349/1105 768/413/1102 1051/471/1117 1059/478/1171
f 843/349/1163 859/466/1111 1051/471/1117 1044/410/1004
f 845/476/1165 842/482/1189 1045/451/1006 1043/448/991
f 844/416/1164 843/349/1163 1044/410/1004 1052/349/1001
f 1096/477/1167 844/416/1164 1052/349/1001 1102/450/1000
f 845/476/1165 1043/448/991 1041/91/974 848/91/1166
f 847/234/1162 852/342/1161 1056/342/970 1042/234/976
f 849/357/1168 848/91/1166 1041/91/974 1040/357/972
f 854/483/1192 849/357/1168 1040/357/972 1039/220/967
f 852/342/1161 853/484/1193 1053/442/966 1056/342/970
f 853/484/1193 854/483/1192 1039/220/967 1053/442/966
f 857/349/1170 846/416/1169 1063/234/1326 1060/234/1327
f 846/416/1169 839/410/1182 1062/234/1328 1063/234/1326
f 839/410/1182 851/453/1177 1061/234/1329 1062/234/1328
f 851/453/1177 850/410/1176 838/437/1186 1061/234/1329
f 1061/234/1329 838/437/1186 1075/437/1330 1066/234/1331
f 1066/234/1331 1075/437/1330 1076/416/1320 1067/234/1323
f 1036/349/332 15/452/1332 47/437/1321 1101/349/1333
f 1063/234/1326 1062/234/1328 1065/234/1334 1072/234/1335
f 1072/234/1335 1065/234/1334 1064/234/1324 1073/234/1336
f 1060/234/1327 1063/234/1326 1072/234/1335 1071/234/1337
f 1071/234/1337 1072/234/1335 1073/234/1336 1070/234/1338
f 88/234/336 1100/518/1339 1038/513/1317
f 1062/234/1328 1061/234/1329 1066/234/1331 1065/234/1334
f 1065/234/1334 1066/234/1331 1067/234/1323 1064/234/1324
f 1023/349/1340 1078/452/1341 837/349/1179 836/349/1178
f 856/349/1342 1077/349/1343 1078/452/1341 1023/349/1340
f 44/517/1322 47/437/1321 15/452/1332 277/519/238
f 153/435/333 1036/349/332 1101/349/1333 1035/514/1318
f 837/349/1179 1078/452/1341 1075/437/1330 838/437/1186
f 1078/452/1341 1077/349/1343 1076/416/1320 1075/437/1330
f 842/482/1189 1096/477/1167 1102/450/1000 1045/451/1006
f 1027/413/953 1028/349/952 1098/437/1316 1087/454/1315
f 1028/349/952 1026/349/951 1080/349/1146 1098/437/1316
f 1024/349/955 1027/413/953 1087/454/1315 1086/349/962
f 709/447/990 1093/425/877 1096/477/1167 842/482/1189
f 588/349/857 1080/349/1146 1095/474/1145 796/234/1126
f 797/473/1135 811/472/1134 1099/334/548 1095/474/1145
f 712/447/1007 1094/425/1003 1083/425/999 698/447/992
f 1045/451/1006 1102/450/1000 1094/425/1003 712/447/1007
f 589/349/993 705/349/996 1092/447/998 1083/425/999
f 682/91/975 1092/447/998 1091/449/997 685/357/973
f 685/357/973 1091/449/997 1090/229/987 681/220/968
f 681/220/968 1090/229/987 1089/444/984 683/333/969
f 683/333/969 1089/444/984 1088/443/981 684/342/971
f 591/349/869 1082/418/980 1088/443/981 688/349/866
f 670/349/1298 675/349/960 1085/430/959 1086/349/962
f 702/441/965 1025/439/963 1085/430/959 1097/438/957
f 702/441/965 1097/438/957 1081/426/878 697/445/988
f 697/445/988 1081/426/878 1084/424/876 699/446/989
f 699/446/989 1084/424/876 1093/425/877 709/447/990
f 1013/234/1303 997/234/1299 1004/234/1302 960/234/1295
f 1108/234/1265 1103/234/1264 975/234/1267 989/234/1259
f 1104/234/1313 1103/234/1264 974/234/1248 983/234/1272
f 1104/234/1313 1014/234/1314 1003/234/1262 984/234/1312
f 1107/234/1254 1108/234/1265 989/234/1259 963/234/1255
f 1106/234/1239 1105/234/1238 955/234/1235 969/234/1244
f 1106/234/1239 1107/234/1254 963/234/1255 970/234/1240
f 1105/234/1238 1109/234/1228 949/234/1225 955/234/1235
f 1110/234/1153 819/349/1053 818/349/1147 945/234/1148
f 1109/234/1228 1110/234/1153 945/234/1148 949/234/1225
f 1076/416/1320 1077/349/1343 1101/349/1333 47/437/1321
f 1023/349/1340 1115/418/1144 1112/512/1231 856/349/1342
f 747/349/1054 1111/417/1149 1113/417/1143 836/349/1178
f 747/349/1054 819/349/1053 1114/418/1150 1111/417/1149
f 836/349/1178 1113/417/1143 1115/418/1144 1023/349/1340
f 531/349/793 514/349/765 526/349/764 536/349/784
f 557/234/811 626/234/810 1124/234/814 1121/234/923
f 551/234/823 629/234/822 1123/234/842 1120/234/835
f 558/234/825 557/234/811 1121/234/923 1118/234/819
f 562/234/830 549/234/829 1119/234/834 1122/234/815
f 629/234/822 547/234/827 1117/234/818 1123/234/842
f 549/234/829 551/234/823 1120/234/835 1119/234/834
f 547/234/827 558/234/825 1118/234/819 1117/234/818
f 626/234/810 562/234/830 1122/234/815 1124/234/814
f 1121/234/923 1124/234/814 632/234/817 566/234/838
f 1135/234/1286 1134/234/1283 998/234/1285 1136/234/1287
f 1126/234/1263 1129/234/1297 971/234/1294 1002/234/1191
f 1125/234/1270 1132/234/1306 1008/234/1310 1016/234/1309
f 1130/234/1301 1131/234/1300 1000/234/1293 1005/234/1292
f 1128/234/1271 1125/234/1270 1016/234/1309 1010/234/1311
f 1128/234/1271 1131/234/1300 997/234/1299 1009/234/1268
f 1132/234/1306 1127/234/1305 1011/234/1308 1008/234/1310
f 1127/234/1305 1129/234/1297 985/234/1296 1011/234/1308
f 1130/234/1301 1133/234/1288 999/234/1284 1004/234/1302
f 1134/234/1283 996/234/1280 958/234/1256 998/234/1285
f 982/234/1273 1135/234/1286 1136/234/1287 983/234/1272
f 396/346/582 913/369/638 381/346/581
f 10/234/522 1100/518/1339 88/234/336 1139/234/335
f 1100/518/1339 1143/335/549 802/349/1138 1038/513/1317
f 257/516/503 1037/515/1319 810/234/521 280/234/506
f 179/234/1344 1074/234/352 1068/234/351 1141/234/1325
f 1116/520/1345 1140/236/353 1074/235/352 179/521/1344
f 1077/349/1343 856/349/1342 1035/514/1318 1101/349/1333
f 3130/171/236 3133/177/242 98/189/262 178/522/155
f 1116/520/1345 1138/172/237 92/48/64 3131/170/235
f 277/519/238 179/234/1344 1141/234/1325 44/517/1322
f 1116/520/1345 179/521/1344 277/173/238 1138/172/237
f 1037/515/1319 1112/512/1231 1019/234/1230 810/234/521
f 1068/234/351 1073/234/1336 1064/234/1324 1141/234/1325
f 1035/514/1318 856/349/1342 1112/512/1231 1037/515/1319
f 802/349/1138 1143/335/549 1099/334/548 811/472/1134
f 3133/177/242 97/176/148 245/314/147 267/190/263
f 1143/335/549 1100/518/1339 10/234/522 948/234/550
f 151/216/331 283/316/504 256/153/215 255/156/217
f 34/77/105 89/181/246 87/224/339 160/78/106
f 3155/291/439 1144/523/1346 197/297/1347 3148/296/452
f 1149/164/229 1145/163/228 349/148/209 82/50/423
f 3037/166/231 1146/292/440 219/297/453 3026/50/66
f 1145/163/228 341/162/227 270/339/566 342/22/34
f 3050/238/355 1148/524/418 190/148/424 3041/148/358
f 1144/523/1346 2162/525/1348 2163/50/1349 197/297/1347
f 1148/277/418 1149/164/229 82/50/423 190/279/424
f 351/81/153 1177/108/152 1155/87/116 30/81/109
f 336/54/1350 1176/100/544 1162/96/546 137/54/545
f 316/54/1351 1175/208/311 1176/100/544 336/54/1350
f 301/10/12 1174/101/533 1173/101/139 239/7/9
f 7/54/508 3025/54/536 3021/101/480 1152/101/479
f 110/11/16 1172/100/138 1157/100/146 59/11/13
f 3032/88/124 222/88/451 1171/288/433 3027/87/432
f 3046/88/386 216/88/422 1170/145/198 3051/282/427
f 200/276/416 1169/245/366 1167/260/394 210/267/405
f 188/258/390 1168/257/389 1166/87/415 208/275/414
f 3151/88/450 210/267/405 1167/260/394 3156/259/393
f 184/274/413 193/273/412 1168/257/389 1165/246/367
f 200/276/416 184/274/413 1165/246/367 1169/245/366
f 46/323/512 1160/184/249 2165/233/349 2169/69/96
f 2186/54/319 2194/101/312 1163/103/310 142/54/299
f 142/54/299 1163/103/310 1175/208/311 316/54/1351
f 3056/54/547 3064/101/274 1161/100/1352 133/54/1353
f 172/322/511 1164/118/164 1160/184/249 46/323/512
f 216/88/422 85/88/257 1159/87/151 1170/145/198
f 24/129/178 63/82/110 1158/86/115 1154/117/163
f 24/129/178 1154/117/163 1164/118/164 172/322/511
f 85/88/257 285/88/204 1177/108/152 1159/87/151
f 2/54/97 1150/103/144 1157/100/146 55/37/53
f 238/38/471 5/54/136 1151/99/135 1173/101/139
f 38/11/140 1151/99/135 1172/100/138 110/11/16
f 3104/54/71 3102/96/131 1153/96/134 22/54/72
f 63/82/110 30/81/109 1155/87/116 1158/86/115
f 351/81/153 1192/6/211 1182/6/425 80/81/154
f 3146/262/396 3157/298/454 1190/255/455 225/289/434
f 80/81/154 1182/280/425 1189/281/426 212/81/199
f 211/248/369 1188/272/411 1186/255/417 203/261/395
f 189/251/378 1187/250/377 1185/255/384 204/2/383
f 186/247/368 1184/253/380 1188/272/411 211/248/369
f 3048/283/428 3052/3/381 1185/255/384 208/275/414
f 188/258/390 1187/250/377 1184/253/380 186/247/368
f 176/115/161 1183/110/156 1180/25/37 35/27/39
f 30/81/109 1178/6/8 1192/6/211 351/81/153
f 51/72/100 1181/49/65 1183/110/156 176/115/161
f 32/71/99 1179/46/62 1181/49/65 51/72/100
f 98/189/262 258/5/6 1191/4/5 1180/25/37
f 250/26/38 1191/4/5 1178/6/8 30/81/109
f 3035/275/435 3038/1/1 1216/3/4 1217/81/1354
f 121/30/42 281/222/337 1201/338/565 1200/31/43
f 341/162/227 1202/330/520 1199/28/40 270/339/566
f 281/222/337 88/221/336 1194/332/524 1201/338/565
f 101/226/341 161/225/340 1194/332/524 1203/331/523
f 96/168/343 90/228/344 1202/330/520 1193/328/517
f 3034/160/223 3039/329/518 1211/227/519 1239/91/224
f 3042/244/365 3053/243/364 1195/270/409 187/227/408
f 2160/268/406 1147/239/356 181/21/361 2162/525/1348
f 96/168/343 1193/328/517 1196/242/363 195/270/362
f 3153/526/443 3158/326/515 1198/327/516 224/527/444
f 270/339/566 1199/28/40 1200/31/43 272/179/244
f 1207/265/403 1205/264/402 183/90/397 199/90/400
f 3159/264/447 1207/265/403 199/90/400 3150/256/442
f 3028/158/220 1204/158/448 221/294/445 3031/90/222
f 1850/528/1355 2131/529/1356 2129/530/1357 1849/531/1358
f 1953/532/1359 1945/533/1360 1214/534/1361 1220/342/1362
f 1959/535/1363 2046/536/1364 1212/537/1365 2031/538/1366
f 1210/91/1367 1961/91/1368 1969/539/1369 1946/539/1370
f 2027/540/1371 2078/541/1372 1208/2/1373 2068/542/1374
f 2046/536/1364 2026/543/1375 2033/544/1376 1212/537/1365
f 1948/545/1377 2028/546/1378 1224/547/1379 1223/548/1380
f 2028/546/1378 1950/549/1381 1225/550/1382 1224/547/1379
f 1946/539/1370 1951/551/1383 1218/220/1384 1210/91/1367
f 1951/551/1383 1952/552/1385 1219/333/1386 1218/220/1384
f 1952/552/1385 1953/532/1359 1220/342/1362 1219/333/1386
f 1840/256/1387 1252/90/1388 2070/264/1389 2067/264/1390
f 1839/553/1391 1251/554/1392 2102/555/1393 2109/556/1394
f 1847/557/1395 1469/558/1396 1252/90/1388 1840/256/1387
f 2111/559/1397 2024/559/1398 2101/560/1399 2110/561/1400
f 2103/562/1401 2041/537/1402 1247/563/1403 2104/564/1404
f 1946/539/1370 1969/539/1369 1971/565/1405 1957/565/1406
f 1956/566/1407 2062/567/1408 1228/568/1409 2051/569/1410
f 1945/570/1360 2060/571/1411 1238/572/1412 1214/573/1361
f 1837/574/1413 2016/575/1414 1827/576/1415 2108/577/1416
f 2107/578/1417 2039/579/1418 1818/580/1419 2106/581/1420
f 1254/557/1421 1967/557/1422 1966/91/1423 1253/91/1424
f 2029/582/1425 2130/583/1426 2131/529/1356 1850/528/1355
f 1243/2/1427 2079/584/1428 1963/585/1429 1245/586/1430
f 2018/587/1431 2042/588/1432 1250/589/1433 2105/590/1434
f 2062/567/1408 2045/591/1435 1240/592/1436 1228/568/1409
f 1214/534/1361 1258/534/1437 1259/342/1438 1220/342/1362
f 2033/544/1376 2014/593/1439 1257/537/1440 1212/537/1365
f 1238/572/1412 2050/572/1441 1258/573/1437 1214/573/1361
f 1208/2/1373 2080/594/1442 2079/584/1428 1243/2/1427
f 1240/592/1436 2030/595/1443 1230/596/1444 1228/568/1409
f 1224/547/1379 1232/547/1445 1256/597/1446 1223/548/1380
f 1218/220/1384 1235/220/1447 1253/91/1424 1210/91/1367
f 1225/550/1382 1236/598/1448 1232/547/1445 1224/547/1379
f 1219/333/1386 1237/333/1449 1235/220/1447 1218/220/1384
f 1212/537/1365 1257/537/1440 1231/599/1450 2031/538/1366
f 1220/342/1362 1259/342/1438 1237/333/1449 1219/333/1386
f 1208/2/1373 1243/2/1427 2012/600/1451 2068/542/1374
f 1957/565/1406 1971/565/1405 1970/601/1452 1954/601/1453
f 1954/601/1453 1970/601/1452 1972/602/1454 1958/602/1455
f 1244/294/1456 1962/294/1457 1967/557/1422 1254/557/1421
f 1228/568/1409 1230/596/1444 1255/603/1458 2051/569/1410
f 1273/604/1459 1285/604/1460 1283/605/1461 1272/605/1462
f 1269/606/1463 1264/607/1464 1288/608/1465 1270/609/1466
f 1260/605/1467 1266/106/1468 1267/610/1469 1261/604/1470
f 1265/609/1471 1268/609/1472 1271/610/1473 1262/610/1474
f 1282/607/1475 1274/607/1476 1302/608/1477 1287/611/1478
f 1266/106/1468 1269/606/1463 1270/609/1466 1267/610/1469
f 1261/604/1470 1273/604/1459 1272/605/1462 1260/605/1467
f 1287/611/1478 1302/608/1477 1268/609/1472 1265/609/1471
f 1278/610/1479 1262/610/1474 1285/604/1460 1273/604/1459
f 1270/609/1466 1280/609/1480 1278/610/1479 1267/610/1469
f 1285/604/1460 1279/604/1481 1281/605/1482 1283/605/1461
f 1267/610/1469 1278/610/1479 1273/604/1459 1261/604/1470
f 1286/608/1483 1287/611/1478 1265/609/1471 1280/609/1480
f 1262/610/1474 1271/610/1473 1279/604/1481 1285/604/1460
f 1289/612/1484 1291/613/1485 1275/614/1486 1263/615/1487
f 1288/608/1465 1286/608/1483 1280/609/1480 1270/609/1466
f 1291/613/1485 1290/616/1488 1284/617/1489 1275/614/1486
f 1280/609/1480 1265/609/1471 1262/610/1474 1278/610/1479
f 1276/618/1490 1287/611/1478 1286/608/1483 1292/619/1491
f 1293/620/1492 1288/608/1465 1264/607/1464 1294/621/1493
f 1290/616/1488 1295/622/1494 1276/618/1490 1284/617/1489
f 1275/614/1486 1292/619/1491 1293/620/1492 1263/615/1487
f 1292/619/1491 1286/608/1483 1288/608/1465 1293/620/1492
f 1295/622/1494 1282/607/1475 1287/611/1478 1276/618/1490
f 1263/615/1487 1293/620/1492 1294/621/1493 1289/612/1484
f 1284/617/1489 1276/618/1490 1292/619/1491 1275/614/1486
f 1303/623/1495 1304/623/1496 1306/624/1497 1277/625/1498
f 1302/608/1477 1299/608/1499 1296/609/1500 1268/609/1472
f 1279/604/1481 1300/604/1501 1301/605/1502 1281/605/1482
f 1271/610/1473 1297/610/1503 1300/604/1501 1279/604/1481
f 1268/609/1472 1296/609/1500 1297/610/1503 1271/610/1473
f 1277/625/1498 1302/608/1477 1274/607/1476 1303/623/1495
f 1304/623/1496 1298/607/1504 1299/608/1499 1306/624/1497
f 1306/624/1497 1299/608/1499 1302/608/1477 1277/625/1498
f 1299/608/1499 1309/608/1505 1305/609/1506 1296/609/1500
f 1297/610/1503 1307/610/1507 1310/604/1508 1300/604/1501
f 1298/607/1504 1308/607/1509 1309/608/1505 1299/608/1499
f 1296/609/1500 1305/609/1506 1307/610/1507 1297/610/1503
f 1300/604/1501 1310/604/1508 1311/605/1510 1301/605/1502
f 1308/607/1509 1314/607/1511 1324/608/1512 1309/608/1505
f 1307/610/1507 1313/610/1513 1316/604/1514 1310/604/1508
f 1309/608/1505 1324/608/1512 1312/609/1515 1305/609/1506
f 1310/604/1508 1316/604/1514 1317/605/1516 1311/605/1510
f 1305/609/1506 1312/609/1515 1313/610/1513 1307/610/1507
f 1313/610/1513 1322/610/1517 1319/604/1518 1316/604/1514
f 1324/608/1512 1320/608/1519 1323/609/1520 1312/609/1515
f 1312/609/1515 1323/609/1520 1322/610/1517 1313/610/1513
f 1325/626/1521 1326/627/1522 1327/628/1523 1315/629/1524
f 1316/604/1514 1319/604/1518 1318/605/1525 1317/605/1516
f 1315/629/1524 1324/608/1512 1314/607/1511 1325/626/1521
f 1336/610/1526 1332/610/1527 1329/604/1528 1335/604/1529
f 1326/627/1522 1321/607/1530 1320/608/1519 1327/628/1523
f 1327/628/1523 1320/608/1519 1324/608/1512 1315/629/1524
f 1340/611/1531 2074/608/1532 1333/609/1533 1339/609/1534
f 1339/609/1534 1333/609/1533 1332/610/1527 1336/610/1526
f 1335/604/1529 1329/604/1528 1328/605/1535 1343/605/1536
f 1344/607/1537 2073/607/1538 2074/608/1532 1340/611/1531
f 1321/607/1530 1345/607/1539 1341/611/1540 1320/608/1519
f 1345/607/1539 1344/607/1537 1340/611/1531 1341/611/1540
f 1319/604/1518 1334/604/1541 1342/605/1542 1318/605/1525
f 1334/604/1541 1335/604/1529 1343/605/1536 1342/605/1542
f 1323/609/1520 1338/609/1543 1337/610/1544 1322/610/1517
f 1338/609/1543 1339/609/1534 1336/610/1526 1337/610/1544
f 1320/608/1519 1341/611/1540 1338/609/1543 1323/609/1520
f 1341/611/1540 1340/611/1531 1339/609/1534 1338/609/1543
f 1322/610/1517 1337/610/1544 1334/604/1541 1319/604/1518
f 1337/610/1544 1336/610/1526 1335/604/1529 1334/604/1541
f 1354/604/1545 1272/605/1462 1283/605/1461 1362/604/1546
f 1269/606/1463 1352/609/1547 1365/608/1548 1264/607/1464
f 1260/605/1467 1346/604/1549 1350/610/1550 1266/106/1468
f 1349/609/1551 1347/610/1552 1353/610/1553 1351/609/1554
f 1282/607/1475 1364/611/1555 1372/608/1556 1274/607/1476
f 1266/106/1468 1350/610/1550 1352/609/1547 1269/606/1463
f 1346/604/1549 1260/605/1467 1272/605/1462 1354/604/1545
f 1364/611/1555 1349/609/1551 1351/609/1554 1372/608/1556
f 1358/610/1557 1354/604/1545 1362/604/1546 1347/610/1552
f 1352/609/1547 1350/610/1550 1358/610/1557 1360/609/1558
f 1362/604/1546 1283/605/1461 1281/605/1482 1359/604/1559
f 1350/610/1550 1346/604/1549 1354/604/1545 1358/610/1557
f 1363/608/1560 1360/609/1558 1349/609/1551 1364/611/1555
f 1347/610/1552 1362/604/1546 1359/604/1559 1353/610/1553
f 1289/612/1484 1348/615/1561 1355/614/1562 1291/613/1485
f 1365/608/1548 1352/609/1547 1360/609/1558 1363/608/1560
f 1291/613/1485 1355/614/1562 1361/617/1563 1290/616/1488
f 1360/609/1558 1358/610/1557 1347/610/1552 1349/609/1551
f 1356/618/1564 1366/619/1565 1363/608/1560 1364/611/1555
f 1367/620/1566 1294/621/1493 1264/607/1464 1365/608/1548
f 1290/616/1488 1361/617/1563 1356/618/1564 1295/622/1494
f 1355/614/1562 1348/615/1561 1367/620/1566 1366/619/1565
f 1366/619/1565 1367/620/1566 1365/608/1548 1363/608/1560
f 1295/622/1494 1356/618/1564 1364/611/1555 1282/607/1475
f 1348/615/1561 1289/612/1484 1294/621/1493 1367/620/1566
f 1361/617/1563 1355/614/1562 1366/619/1565 1356/618/1564
f 1303/623/1495 1357/625/1567 1374/624/1568 1304/623/1496
f 1372/608/1556 1351/609/1554 1368/609/1569 1370/608/1570
f 1359/604/1559 1281/605/1482 1301/605/1502 1371/604/1571
f 1353/610/1553 1359/604/1559 1371/604/1571 1369/610/1572
f 1351/609/1554 1353/610/1553 1369/610/1572 1368/609/1569
f 1357/625/1567 1303/623/1495 1274/607/1476 1372/608/1556
f 1304/623/1496 1374/624/1568 1370/608/1570 1298/607/1504
f 1374/624/1568 1357/625/1567 1372/608/1556 1370/608/1570
f 1370/608/1570 1368/609/1569 1373/609/1573 1376/608/1574
f 1369/610/1572 1371/604/1571 1377/604/1575 1375/610/1576
f 1298/607/1504 1370/608/1570 1376/608/1574 1308/607/1509
f 1368/609/1569 1369/610/1572 1375/610/1576 1373/609/1573
f 1371/604/1571 1301/605/1502 1311/605/1510 1377/604/1575
f 1308/607/1509 1376/608/1574 1386/608/1577 1314/607/1511
f 1375/610/1576 1377/604/1575 1381/604/1578 1379/610/1579
f 1376/608/1574 1373/609/1573 1378/609/1580 1386/608/1577
f 1377/604/1575 1311/605/1510 1317/605/1516 1381/604/1578
f 1373/609/1573 1375/610/1576 1379/610/1579 1378/609/1580
f 1379/610/1579 1381/604/1578 1382/604/1581 1384/610/1582
f 1386/608/1577 1378/609/1580 1385/609/1583 1383/608/1584
f 1378/609/1580 1379/610/1579 1384/610/1582 1385/609/1583
f 1325/626/1521 1380/629/1585 1387/628/1586 1326/627/1522
f 1381/604/1578 1317/605/1516 1318/605/1525 1382/604/1581
f 1380/629/1585 1325/626/1521 1314/607/1511 1386/608/1577
f 1394/610/1587 1393/604/1588 1388/604/1589 1390/610/1590
f 1326/627/1522 1387/628/1586 1383/608/1584 1321/607/1530
f 1387/628/1586 1380/629/1585 1386/608/1577 1383/608/1584
f 1398/611/1591 1397/609/1592 1391/609/1593 2075/608/1594
f 1397/609/1592 1394/610/1587 1390/610/1590 1391/609/1593
f 1393/604/1588 1343/605/1536 1328/605/1535 1388/604/1589
f 1344/607/1537 1398/611/1591 2075/608/1594 2073/607/1538
f 1321/607/1530 1383/608/1584 1399/611/1595 1345/607/1539
f 1345/607/1539 1399/611/1595 1398/611/1591 1344/607/1537
f 1382/604/1581 1318/605/1525 1342/605/1542 1392/604/1596
f 1392/604/1596 1342/605/1542 1343/605/1536 1393/604/1588
f 1385/609/1583 1384/610/1582 1395/610/1597 1396/609/1598
f 1396/609/1598 1395/610/1597 1394/610/1587 1397/609/1592
f 1383/608/1584 1385/609/1583 1396/609/1598 1399/611/1595
f 1399/611/1595 1396/609/1598 1397/609/1592 1398/611/1591
f 1384/610/1582 1382/604/1581 1392/604/1596 1395/610/1597
f 1395/610/1597 1392/604/1596 1393/604/1588 1394/610/1587
f 1413/604/1599 1425/604/1600 1423/605/1601 1412/605/1602
f 1409/606/1603 1404/607/1604 1428/608/1605 1410/609/1606
f 1400/605/1607 1406/106/1608 1407/610/1609 1401/604/1610
f 1405/609/1611 1408/609/1612 1411/610/1613 1402/610/1614
f 1422/607/1615 1414/607/1616 1442/608/1617 1427/611/1618
f 1406/106/1608 1409/606/1603 1410/609/1606 1407/610/1609
f 1401/604/1610 1413/604/1599 1412/605/1602 1400/605/1607
f 1427/611/1618 1442/608/1617 1408/609/1612 1405/609/1611
f 1418/610/1619 1402/610/1614 1425/604/1600 1413/604/1599
f 1410/609/1606 1420/609/1620 1418/610/1619 1407/610/1609
f 1425/604/1600 1419/604/1621 1421/605/1622 1423/605/1601
f 1407/610/1609 1418/610/1619 1413/604/1599 1401/604/1610
f 1426/608/1623 1427/611/1618 1405/609/1611 1420/609/1620
f 1402/610/1614 1411/610/1613 1419/604/1621 1425/604/1600
f 1429/612/1624 1431/613/1625 1415/614/1626 1403/615/1627
f 1428/608/1605 1426/608/1623 1420/609/1620 1410/609/1606
f 1431/613/1625 1430/616/1628 1424/617/1629 1415/614/1626
f 1420/609/1620 1405/609/1611 1402/610/1614 1418/610/1619
f 1416/618/1630 1427/611/1618 1426/608/1623 1432/619/1631
f 1433/620/1632 1428/608/1605 1404/607/1604 1434/621/1633
f 1430/616/1628 1435/622/1634 1416/618/1630 1424/617/1629
f 1415/614/1626 1432/619/1631 1433/620/1632 1403/615/1627
f 1432/619/1631 1426/608/1623 1428/608/1605 1433/620/1632
f 1435/622/1634 1422/607/1615 1427/611/1618 1416/618/1630
f 1403/615/1627 1433/620/1632 1434/621/1633 1429/612/1624
f 1424/617/1629 1416/618/1630 1432/619/1631 1415/614/1626
f 1443/623/1635 1444/623/1636 1446/624/1637 1417/625/1638
f 1442/608/1617 1439/608/1639 1436/609/1640 1408/609/1612
f 1419/604/1621 1440/604/1641 1441/605/1642 1421/605/1622
f 1411/610/1613 1437/610/1643 1440/604/1641 1419/604/1621
f 1408/609/1612 1436/609/1640 1437/610/1643 1411/610/1613
f 1417/625/1638 1442/608/1617 1414/607/1616 1443/623/1635
f 1444/623/1636 1438/607/1644 1439/608/1639 1446/624/1637
f 1446/624/1637 1439/608/1639 1442/608/1617 1417/625/1638
f 1439/608/1639 1449/608/1645 1445/609/1646 1436/609/1640
f 1437/610/1643 1447/610/1647 1450/604/1648 1440/604/1641
f 1438/607/1644 1448/607/1649 1449/608/1645 1439/608/1639
f 1436/609/1640 1445/609/1646 1447/610/1647 1437/610/1643
f 1440/604/1641 1450/604/1648 1451/605/1650 1441/605/1642
f 1448/607/1649 1454/607/1651 1464/608/1652 1449/608/1645
f 1447/610/1647 1453/610/1653 1456/604/1654 1450/604/1648
f 1449/608/1645 1464/608/1652 1452/609/1655 1445/609/1646
f 1450/604/1648 1456/604/1654 1457/605/1656 1451/605/1650
f 1445/609/1646 1452/609/1655 1453/610/1653 1447/610/1647
f 1453/610/1653 1462/610/1657 1459/604/1658 1456/604/1654
f 1464/608/1652 1460/608/1659 1463/609/1660 1452/609/1655
f 1452/609/1655 1463/609/1660 1462/610/1657 1453/610/1653
f 1465/626/1661 1466/627/1662 1467/628/1663 1455/629/1664
f 1456/604/1654 1459/604/1658 1458/605/1665 1457/605/1656
f 1455/629/1664 1464/608/1652 1454/607/1651 1465/626/1661
f 1474/610/1666 1390/610/1590 1388/604/1589 1473/604/1667
f 1466/627/1662 1461/607/1668 1460/608/1659 1467/628/1663
f 1467/628/1663 1460/608/1659 1464/608/1652 1455/629/1664
f 1478/611/1669 2020/608/1670 1391/609/1593 1477/609/1671
f 1477/609/1671 1391/609/1593 1390/610/1590 1474/610/1666
f 1473/604/1667 1388/604/1589 1468/605/1672 1481/605/1673
f 1482/607/1674 2019/607/1675 2020/608/1670 1478/611/1669
f 1461/607/1668 1483/607/1676 1479/611/1677 1460/608/1659
f 1483/607/1676 1482/607/1674 1478/611/1669 1479/611/1677
f 1459/604/1658 1472/604/1678 1480/605/1679 1458/605/1665
f 1472/604/1678 1473/604/1667 1481/605/1673 1480/605/1679
f 1463/609/1660 1476/609/1680 1475/610/1681 1462/610/1657
f 1476/609/1680 1477/609/1671 1474/610/1666 1475/610/1681
f 1460/608/1659 1479/611/1677 1476/609/1680 1463/609/1660
f 1479/611/1677 1478/611/1669 1477/609/1671 1476/609/1680
f 1462/610/1657 1475/610/1681 1472/604/1678 1459/604/1658
f 1475/610/1681 1474/610/1666 1473/604/1667 1472/604/1678
f 1492/604/1682 1412/605/1602 1423/605/1601 1500/604/1683
f 1409/606/1603 1490/609/1684 1503/608/1685 1404/607/1604
f 1400/605/1607 1484/604/1686 1488/610/1687 1406/106/1608
f 1487/609/1688 1485/610/1689 1491/610/1690 1489/609/1691
f 1422/607/1615 1502/611/1692 1510/608/1693 1414/607/1616
f 1406/106/1608 1488/610/1687 1490/609/1684 1409/606/1603
f 1484/604/1686 1400/605/1607 1412/605/1602 1492/604/1682
f 1502/611/1692 1487/609/1688 1489/609/1691 1510/608/1693
f 1496/610/1694 1492/604/1682 1500/604/1683 1485/610/1689
f 1490/609/1684 1488/610/1687 1496/610/1694 1498/609/1695
f 1500/604/1683 1423/605/1601 1421/605/1622 1497/604/1696
f 1488/610/1687 1484/604/1686 1492/604/1682 1496/610/1694
f 1501/608/1697 1498/609/1695 1487/609/1688 1502/611/1692
f 1485/610/1689 1500/604/1683 1497/604/1696 1491/610/1690
f 1429/612/1624 1486/615/1698 1493/614/1699 1431/613/1625
f 1503/608/1685 1490/609/1684 1498/609/1695 1501/608/1697
f 1431/613/1625 1493/614/1699 1499/617/1700 1430/616/1628
f 1498/609/1695 1496/610/1694 1485/610/1689 1487/609/1688
f 1494/618/1701 1504/619/1702 1501/608/1697 1502/611/1692
f 1505/620/1703 1434/621/1633 1404/607/1604 1503/608/1685
f 1430/616/1628 1499/617/1700 1494/618/1701 1435/622/1634
f 1493/614/1699 1486/615/1698 1505/620/1703 1504/619/1702
f 1504/619/1702 1505/620/1703 1503/608/1685 1501/608/1697
f 1435/622/1634 1494/618/1701 1502/611/1692 1422/607/1615
f 1486/615/1698 1429/612/1624 1434/621/1633 1505/620/1703
f 1499/617/1700 1493/614/1699 1504/619/1702 1494/618/1701
f 1443/623/1635 1495/625/1704 1512/624/1705 1444/623/1636
f 1510/608/1693 1489/609/1691 1506/609/1706 1508/608/1707
f 1497/604/1696 1421/605/1622 1441/605/1642 1509/604/1708
f 1491/610/1690 1497/604/1696 1509/604/1708 1507/610/1709
f 1489/609/1691 1491/610/1690 1507/610/1709 1506/609/1706
f 1495/625/1704 1443/623/1635 1414/607/1616 1510/608/1693
f 1444/623/1636 1512/624/1705 1508/608/1707 1438/607/1644
f 1512/624/1705 1495/625/1704 1510/608/1693 1508/608/1707
f 1508/608/1707 1506/609/1706 1511/609/1710 1514/608/1711
f 1507/610/1709 1509/604/1708 1515/604/1712 1513/610/1713
f 1438/607/1644 1508/608/1707 1514/608/1711 1448/607/1649
f 1506/609/1706 1507/610/1709 1513/610/1713 1511/609/1710
f 1509/604/1708 1441/605/1642 1451/605/1650 1515/604/1712
f 1448/607/1649 1514/608/1711 1524/608/1714 1454/607/1651
f 1513/610/1713 1515/604/1712 1519/604/1715 1517/610/1716
f 1514/608/1711 1511/609/1710 1516/609/1717 1524/608/1714
f 1515/604/1712 1451/605/1650 1457/605/1656 1519/604/1715
f 1511/609/1710 1513/610/1713 1517/610/1716 1516/609/1717
f 1517/610/1716 1519/604/1715 1520/604/1718 1522/610/1719
f 1524/608/1714 1516/609/1717 1523/609/1720 1521/608/1721
f 1516/609/1717 1517/610/1716 1522/610/1719 1523/609/1720
f 1465/626/1661 1518/629/1722 1525/628/1723 1466/627/1662
f 1519/604/1715 1457/605/1656 1458/605/1665 1520/604/1718
f 1518/629/1722 1465/626/1661 1454/607/1651 1524/608/1714
f 1532/610/1724 1531/604/1725 1526/604/1726 1528/610/1727
f 1466/627/1662 1525/628/1723 1521/608/1721 1461/607/1668
f 1525/628/1723 1518/629/1722 1524/608/1714 1521/608/1721
f 1536/611/1728 1535/609/1729 1529/609/1730 2021/608/1731
f 1535/609/1729 1532/610/1724 1528/610/1727 1529/609/1730
f 1531/604/1725 1481/605/1673 1468/605/1672 1526/604/1726
f 1482/607/1674 1536/611/1728 2021/608/1731 2019/607/1675
f 1461/607/1668 1521/608/1721 1537/611/1732 1483/607/1676
f 1483/607/1676 1537/611/1732 1536/611/1728 1482/607/1674
f 1520/604/1718 1458/605/1665 1480/605/1679 1530/604/1733
f 1530/604/1733 1480/605/1679 1481/605/1673 1531/604/1725
f 1523/609/1720 1522/610/1719 1533/610/1734 1534/609/1735
f 1534/609/1735 1533/610/1734 1532/610/1724 1535/609/1729
f 1521/608/1721 1523/609/1720 1534/609/1735 1537/611/1732
f 1537/611/1732 1534/609/1735 1535/609/1729 1536/611/1728
f 1522/610/1719 1520/604/1718 1530/604/1733 1533/610/1734
f 1533/610/1734 1530/604/1733 1531/604/1725 1532/610/1724
f 1551/604/1736 1563/604/1737 1561/605/1738 1550/605/1739
f 1547/606/1740 1542/607/1741 1566/608/1742 1548/609/1743
f 1538/605/1744 1544/106/1745 1545/610/1746 1539/604/1747
f 1543/609/1748 1546/609/1749 1549/610/1750 1540/610/1751
f 1560/607/1752 1552/607/1753 1580/608/1754 1565/611/1755
f 1544/106/1745 1547/606/1740 1548/609/1743 1545/610/1746
f 1539/604/1747 1551/604/1736 1550/605/1739 1538/605/1744
f 1565/611/1755 1580/608/1754 1546/609/1749 1543/609/1748
f 1556/610/1756 1540/610/1751 1563/604/1737 1551/604/1736
f 1548/609/1743 1558/609/1757 1556/610/1756 1545/610/1746
f 1563/604/1737 1557/604/1758 1559/605/1759 1561/605/1738
f 1545/610/1746 1556/610/1756 1551/604/1736 1539/604/1747
f 1564/608/1760 1565/611/1755 1543/609/1748 1558/609/1757
f 1540/610/1751 1549/610/1750 1557/604/1758 1563/604/1737
f 1567/612/1761 1569/613/1762 1553/614/1763 1541/615/1764
f 1566/608/1742 1564/608/1760 1558/609/1757 1548/609/1743
f 1569/613/1762 1568/616/1765 1562/617/1766 1553/614/1763
f 1558/609/1757 1543/609/1748 1540/610/1751 1556/610/1756
f 1554/618/1767 1565/611/1755 1564/608/1760 1570/619/1768
f 1571/620/1769 1566/608/1742 1542/607/1741 1572/621/1770
f 1568/616/1765 1573/622/1771 1554/618/1767 1562/617/1766
f 1553/614/1763 1570/619/1768 1571/620/1769 1541/615/1764
f 1570/619/1768 1564/608/1760 1566/608/1742 1571/620/1769
f 1573/622/1771 1560/607/1752 1565/611/1755 1554/618/1767
f 1541/615/1764 1571/620/1769 1572/621/1770 1567/612/1761
f 1562/617/1766 1554/618/1767 1570/619/1768 1553/614/1763
f 1581/623/1772 1582/623/1773 1584/624/1774 1555/625/1775
f 1580/608/1754 1577/608/1776 1574/609/1777 1546/609/1749
f 1557/604/1758 1578/604/1778 1579/605/1779 1559/605/1759
f 1549/610/1750 1575/610/1780 1578/604/1778 1557/604/1758
f 1546/609/1749 1574/609/1777 1575/610/1780 1549/610/1750
f 1555/625/1775 1580/608/1754 1552/607/1753 1581/623/1772
f 1582/623/1773 1576/607/1781 1577/608/1776 1584/624/1774
f 1584/624/1774 1577/608/1776 1580/608/1754 1555/625/1775
f 1577/608/1776 1587/608/1782 1583/609/1783 1574/609/1777
f 1575/610/1780 1585/610/1784 1588/604/1785 1578/604/1778
f 1576/607/1781 1586/607/1786 1587/608/1782 1577/608/1776
f 1574/609/1777 1583/609/1783 1585/610/1784 1575/610/1780
f 1578/604/1778 1588/604/1785 1589/605/1787 1579/605/1779
f 1586/607/1786 1592/607/1788 1602/608/1789 1587/608/1782
f 1585/610/1784 1591/610/1790 1594/604/1791 1588/604/1785
f 1587/608/1782 1602/608/1789 1590/609/1792 1583/609/1783
f 1588/604/1785 1594/604/1791 1595/605/1793 1589/605/1787
f 1583/609/1783 1590/609/1792 1591/610/1790 1585/610/1784
f 1591/610/1790 1600/610/1794 1597/604/1795 1594/604/1791
f 1602/608/1789 1598/608/1796 1601/609/1797 1590/609/1792
f 1590/609/1792 1601/609/1797 1600/610/1794 1591/610/1790
f 1603/626/1798 1604/627/1799 1605/628/1800 1593/629/1801
f 1594/604/1791 1597/604/1795 1596/605/1802 1595/605/1793
f 1593/629/1801 1602/608/1789 1592/607/1788 1603/626/1798
f 1612/610/1803 1528/610/1727 1526/604/1726 1611/604/1804
f 1604/627/1799 1599/607/1805 1598/608/1796 1605/628/1800
f 1605/628/1800 1598/608/1796 1602/608/1789 1593/629/1801
f 1616/611/1806 2036/608/1807 1529/609/1730 1615/609/1808
f 1615/609/1808 1529/609/1730 1528/610/1727 1612/610/1803
f 1611/604/1804 1526/604/1726 1606/605/1809 1619/605/1810
f 1620/607/1811 2035/607/1812 2036/608/1807 1616/611/1806
f 1599/607/1805 1621/607/1813 1617/611/1814 1598/608/1796
f 1621/607/1813 1620/607/1811 1616/611/1806 1617/611/1814
f 1597/604/1795 1610/604/1815 1618/605/1816 1596/605/1802
f 1610/604/1815 1611/604/1804 1619/605/1810 1618/605/1816
f 1601/609/1797 1614/609/1817 1613/610/1818 1600/610/1794
f 1614/609/1817 1615/609/1808 1612/610/1803 1613/610/1818
f 1598/608/1796 1617/611/1814 1614/609/1817 1601/609/1797
f 1617/611/1814 1616/611/1806 1615/609/1808 1614/609/1817
f 1600/610/1794 1613/610/1818 1610/604/1815 1597/604/1795
f 1613/610/1818 1612/610/1803 1611/604/1804 1610/604/1815
f 1630/604/1819 1550/605/1739 1561/605/1738 1638/604/1820
f 1547/606/1740 1628/609/1821 1641/608/1822 1542/607/1741
f 1538/605/1744 1622/604/1823 1626/610/1824 1544/106/1745
f 1625/609/1825 1623/610/1826 1629/610/1827 1627/609/1828
f 1560/607/1752 1640/611/1829 1648/608/1830 1552/607/1753
f 1544/106/1745 1626/610/1824 1628/609/1821 1547/606/1740
f 1622/604/1823 1538/605/1744 1550/605/1739 1630/604/1819
f 1640/611/1829 1625/609/1825 1627/609/1828 1648/608/1830
f 1634/610/1831 1630/604/1819 1638/604/1820 1623/610/1826
f 1628/609/1821 1626/610/1824 1634/610/1831 1636/609/1832
f 1638/604/1820 1561/605/1738 1559/605/1759 1635/604/1833
f 1626/610/1824 1622/604/1823 1630/604/1819 1634/610/1831
f 1639/608/1834 1636/609/1832 1625/609/1825 1640/611/1829
f 1623/610/1826 1638/604/1820 1635/604/1833 1629/610/1827
f 1567/612/1761 1624/615/1835 1631/614/1836 1569/613/1762
f 1641/608/1822 1628/609/1821 1636/609/1832 1639/608/1834
f 1569/613/1762 1631/614/1836 1637/617/1837 1568/616/1765
f 1636/609/1832 1634/610/1831 1623/610/1826 1625/609/1825
f 1632/618/1838 1642/619/1839 1639/608/1834 1640/611/1829
f 1643/620/1840 1572/621/1770 1542/607/1741 1641/608/1822
f 1568/616/1765 1637/617/1837 1632/618/1838 1573/622/1771
f 1631/614/1836 1624/615/1835 1643/620/1840 1642/619/1839
f 1642/619/1839 1643/620/1840 1641/608/1822 1639/608/1834
f 1573/622/1771 1632/618/1838 1640/611/1829 1560/607/1752
f 1624/615/1835 1567/612/1761 1572/621/1770 1643/620/1840
f 1637/617/1837 1631/614/1836 1642/619/1839 1632/618/1838
f 1581/623/1772 1633/625/1841 1650/624/1842 1582/623/1773
f 1648/608/1830 1627/609/1828 1644/609/1843 1646/608/1844
f 1635/604/1833 1559/605/1759 1579/605/1779 1647/604/1845
f 1629/610/1827 1635/604/1833 1647/604/1845 1645/610/1846
f 1627/609/1828 1629/610/1827 1645/610/1846 1644/609/1843
f 1633/625/1841 1581/623/1772 1552/607/1753 1648/608/1830
f 1582/623/1773 1650/624/1842 1646/608/1844 1576/607/1781
f 1650/624/1842 1633/625/1841 1648/608/1830 1646/608/1844
f 1646/608/1844 1644/609/1843 1649/609/1847 1652/608/1848
f 1645/610/1846 1647/604/1845 1653/604/1849 1651/610/1850
f 1576/607/1781 1646/608/1844 1652/608/1848 1586/607/1786
f 1644/609/1843 1645/610/1846 1651/610/1850 1649/609/1847
f 1647/604/1845 1579/605/1779 1589/605/1787 1653/604/1849
f 1586/607/1786 1652/608/1848 1662/608/1851 1592/607/1788
f 1651/610/1850 1653/604/1849 1657/604/1852 1655/610/1853
f 1652/608/1848 1649/609/1847 1654/609/1854 1662/608/1851
f 1653/604/1849 1589/605/1787 1595/605/1793 1657/604/1852
f 1649/609/1847 1651/610/1850 1655/610/1853 1654/609/1854
f 1655/610/1853 1657/604/1852 1658/604/1855 1660/610/1856
f 1662/608/1851 1654/609/1854 1661/609/1857 1659/608/1858
f 1654/609/1854 1655/610/1853 1660/610/1856 1661/609/1857
f 1603/626/1798 1656/629/1859 1663/628/1860 1604/627/1799
f 1657/604/1852 1595/605/1793 1596/605/1802 1658/604/1855
f 1656/629/1859 1603/626/1798 1592/607/1788 1662/608/1851
f 1670/610/1861 1669/604/1862 1664/604/1863 1666/610/1864
f 1604/627/1799 1663/628/1860 1659/608/1858 1599/607/1805
f 1663/628/1860 1656/629/1859 1662/608/1851 1659/608/1858
f 1674/611/1865 1673/609/1866 1667/609/1867 2037/608/1868
f 1673/609/1866 1670/610/1861 1666/610/1864 1667/609/1867
f 1669/604/1862 1619/605/1810 1606/605/1809 1664/604/1863
f 1620/607/1811 1674/611/1865 2037/608/1868 2035/607/1812
f 1599/607/1805 1659/608/1858 1675/611/1869 1621/607/1813
f 1621/607/1813 1675/611/1869 1674/611/1865 1620/607/1811
f 1658/604/1855 1596/605/1802 1618/605/1816 1668/604/1870
f 1668/604/1870 1618/605/1816 1619/605/1810 1669/604/1862
f 1661/609/1857 1660/610/1856 1671/610/1871 1672/609/1872
f 1672/609/1872 1671/610/1871 1670/610/1861 1673/609/1866
f 1659/608/1858 1661/609/1857 1672/609/1872 1675/611/1869
f 1675/611/1869 1672/609/1872 1673/609/1866 1674/611/1865
f 1660/610/1856 1658/604/1855 1668/604/1870 1671/610/1871
f 1671/610/1871 1668/604/1870 1669/604/1862 1670/610/1861
f 1689/604/1873 1701/604/1874 1699/605/1875 1688/605/1876
f 1685/606/1877 1680/607/1878 1704/608/1879 1686/609/1880
f 1676/605/1881 1682/106/1882 1683/610/1883 1677/604/1884
f 1681/609/1885 1684/609/1886 1687/610/1887 1678/610/1888
f 1698/607/1889 1690/607/1890 1718/608/1891 1703/611/1892
f 1682/106/1882 1685/606/1877 1686/609/1880 1683/610/1883
f 1677/604/1884 1689/604/1873 1688/605/1876 1676/605/1881
f 1703/611/1892 1718/608/1891 1684/609/1886 1681/609/1885
f 1694/610/1893 1678/610/1888 1701/604/1874 1689/604/1873
f 1686/609/1880 1696/609/1894 1694/610/1893 1683/610/1883
f 1701/604/1874 1695/604/1895 1697/605/1896 1699/605/1875
f 1683/610/1883 1694/610/1893 1689/604/1873 1677/604/1884
f 1702/608/1897 1703/611/1892 1681/609/1885 1696/609/1894
f 1678/610/1888 1687/610/1887 1695/604/1895 1701/604/1874
f 1705/612/1898 1707/613/1899 1691/614/1900 1679/615/1901
f 1704/608/1879 1702/608/1897 1696/609/1894 1686/609/1880
f 1707/613/1899 1706/616/1902 1700/617/1903 1691/614/1900
f 1696/609/1894 1681/609/1885 1678/610/1888 1694/610/1893
f 1692/618/1904 1703/611/1892 1702/608/1897 1708/619/1905
f 1709/620/1906 1704/608/1879 1680/607/1878 1710/621/1907
f 1706/616/1902 1711/622/1908 1692/618/1904 1700/617/1903
f 1691/614/1900 1708/619/1905 1709/620/1906 1679/615/1901
f 1708/619/1905 1702/608/1897 1704/608/1879 1709/620/1906
f 1711/622/1908 1698/607/1889 1703/611/1892 1692/618/1904
f 1679/615/1901 1709/620/1906 1710/621/1907 1705/612/1898
f 1700/617/1903 1692/618/1904 1708/619/1905 1691/614/1900
f 1719/623/1909 1720/623/1910 1722/624/1911 1693/625/1912
f 1718/608/1891 1715/608/1913 1712/609/1914 1684/609/1886
f 1695/604/1895 1716/604/1915 1717/605/1916 1697/605/1896
f 1687/610/1887 1713/610/1917 1716/604/1915 1695/604/1895
f 1684/609/1886 1712/609/1914 1713/610/1917 1687/610/1887
f 1693/625/1912 1718/608/1891 1690/607/1890 1719/623/1909
f 1720/623/1910 1714/607/1918 1715/608/1913 1722/624/1911
f 1722/624/1911 1715/608/1913 1718/608/1891 1693/625/1912
f 1715/608/1913 1725/608/1919 1721/609/1920 1712/609/1914
f 1713/610/1917 1723/610/1921 1726/604/1922 1716/604/1915
f 1714/607/1918 1724/607/1923 1725/608/1919 1715/608/1913
f 1712/609/1914 1721/609/1920 1723/610/1921 1713/610/1917
f 1716/604/1915 1726/604/1922 1727/605/1924 1717/605/1916
f 1724/607/1923 1730/607/1925 1740/608/1926 1725/608/1919
f 1723/610/1921 1729/610/1927 1732/604/1928 1726/604/1922
f 1725/608/1919 1740/608/1926 1728/609/1929 1721/609/1920
f 1726/604/1922 1732/604/1928 1733/605/1930 1727/605/1924
f 1721/609/1920 1728/609/1929 1729/610/1927 1723/610/1921
f 1729/610/1927 1738/610/1931 1735/604/1932 1732/604/1928
f 1740/608/1926 1736/608/1933 1739/609/1934 1728/609/1929
f 1728/609/1929 1739/609/1934 1738/610/1931 1729/610/1927
f 1741/626/1935 1742/627/1936 1743/628/1937 1731/629/1938
f 1732/604/1928 1735/604/1932 1734/605/1939 1733/605/1930
f 1731/629/1938 1740/608/1926 1730/607/1925 1741/626/1935
f 1750/610/1940 1666/610/1864 1664/604/1863 1749/604/1941
f 1742/627/1936 1737/607/1942 1736/608/1933 1743/628/1937
f 1743/628/1937 1736/608/1933 1740/608/1926 1731/629/1938
f 1754/611/1943 2053/608/1944 1667/609/1867 1753/609/1945
f 1753/609/1945 1667/609/1867 1666/610/1864 1750/610/1940
f 1749/604/1941 1664/604/1863 1744/605/1946 1757/605/1947
f 1758/607/1948 2052/607/1949 2053/608/1944 1754/611/1943
f 1737/607/1942 1759/607/1950 1755/611/1951 1736/608/1933
f 1759/607/1950 1758/607/1948 1754/611/1943 1755/611/1951
f 1735/604/1932 1748/604/1952 1756/605/1953 1734/605/1939
f 1748/604/1952 1749/604/1941 1757/605/1947 1756/605/1953
f 1739/609/1934 1752/609/1954 1751/610/1955 1738/610/1931
f 1752/609/1954 1753/609/1945 1750/610/1940 1751/610/1955
f 1736/608/1933 1755/611/1951 1752/609/1954 1739/609/1934
f 1755/611/1951 1754/611/1943 1753/609/1945 1752/609/1954
f 1738/610/1931 1751/610/1955 1748/604/1952 1735/604/1932
f 1751/610/1955 1750/610/1940 1749/604/1941 1748/604/1952
f 1768/604/1956 1688/605/1876 1699/605/1875 1776/604/1957
f 1685/606/1877 1766/609/1958 1779/608/1959 1680/607/1878
f 1676/605/1881 1760/604/1960 1764/610/1961 1682/106/1882
f 1763/609/1962 1761/610/1963 1767/610/1964 1765/609/1965
f 1698/607/1889 1778/611/1966 1786/608/1967 1690/607/1890
f 1682/106/1882 1764/610/1961 1766/609/1958 1685/606/1877
f 1760/604/1960 1676/605/1881 1688/605/1876 1768/604/1956
f 1778/611/1966 1763/609/1962 1765/609/1965 1786/608/1967
f 1772/610/1968 1768/604/1956 1776/604/1957 1761/610/1963
f 1766/609/1958 1764/610/1961 1772/610/1968 1774/609/1969
f 1776/604/1957 1699/605/1875 1697/605/1896 1773/604/1970
f 1764/610/1961 1760/604/1960 1768/604/1956 1772/610/1968
f 1777/608/1971 1774/609/1969 1763/609/1962 1778/611/1966
f 1761/610/1963 1776/604/1957 1773/604/1970 1767/610/1964
f 1705/612/1898 1762/615/1972 1769/614/1973 1707/613/1899
f 1779/608/1959 1766/609/1958 1774/609/1969 1777/608/1971
f 1707/613/1899 1769/614/1973 1775/617/1974 1706/616/1902
f 1774/609/1969 1772/610/1968 1761/610/1963 1763/609/1962
f 1770/618/1975 1780/619/1976 1777/608/1971 1778/611/1966
f 1781/620/1977 1710/621/1907 1680/607/1878 1779/608/1959
f 1706/616/1902 1775/617/1974 1770/618/1975 1711/622/1908
f 1769/614/1973 1762/615/1972 1781/620/1977 1780/619/1976
f 1780/619/1976 1781/620/1977 1779/608/1959 1777/608/1971
f 1711/622/1908 1770/618/1975 1778/611/1966 1698/607/1889
f 1762/615/1972 1705/612/1898 1710/621/1907 1781/620/1977
f 1775/617/1974 1769/614/1973 1780/619/1976 1770/618/1975
f 1719/623/1909 1771/625/1978 1788/624/1979 1720/623/1910
f 1786/608/1967 1765/609/1965 1782/609/1980 1784/608/1981
f 1773/604/1970 1697/605/1896 1717/605/1916 1785/604/1982
f 1767/610/1964 1773/604/1970 1785/604/1982 1783/610/1983
f 1765/609/1965 1767/610/1964 1783/610/1983 1782/609/1980
f 1771/625/1978 1719/623/1909 1690/607/1890 1786/608/1967
f 1720/623/1910 1788/624/1979 1784/608/1981 1714/607/1918
f 1788/624/1979 1771/625/1978 1786/608/1967 1784/608/1981
f 1784/608/1981 1782/609/1980 1787/609/1984 1790/608/1985
f 1783/610/1983 1785/604/1982 1791/604/1986 1789/610/1987
f 1714/607/1918 1784/608/1981 1790/608/1985 1724/607/1923
f 1782/609/1980 1783/610/1983 1789/610/1987 1787/609/1984
f 1785/604/1982 1717/605/1916 1727/605/1924 1791/604/1986
f 1724/607/1923 1790/608/1985 1800/608/1988 1730/607/1925
f 1789/610/1987 1791/604/1986 1795/604/1989 1793/610/1990
f 1790/608/1985 1787/609/1984 1792/609/1991 1800/608/1988
f 1791/604/1986 1727/605/1924 1733/605/1930 1795/604/1989
f 1787/609/1984 1789/610/1987 1793/610/1990 1792/609/1991
f 1793/610/1990 1795/604/1989 1796/604/1992 1798/610/1993
f 1800/608/1988 1792/609/1991 1799/609/1994 1797/608/1995
f 1792/609/1991 1793/610/1990 1798/610/1993 1799/609/1994
f 1741/626/1935 1794/629/1996 1801/628/1997 1742/627/1936
f 1795/604/1989 1733/605/1930 1734/605/1939 1796/604/1992
f 1794/629/1996 1741/626/1935 1730/607/1925 1800/608/1988
f 1808/610/1998 1807/604/1999 1802/604/2000 1804/610/2001
f 1742/627/1936 1801/628/1997 1797/608/1995 1737/607/1942
f 1801/628/1997 1794/629/1996 1800/608/1988 1797/608/1995
f 1812/611/2002 1811/609/2003 1805/609/2004 2054/608/2005
f 1811/609/2003 1808/610/1998 1804/610/2001 1805/609/2004
f 1807/604/1999 1757/605/1947 1744/605/1946 1802/604/2000
f 1758/607/1948 1812/611/2002 2054/608/2005 2052/607/1949
f 1737/607/1942 1797/608/1995 1813/611/2006 1759/607/1950
f 1759/607/1950 1813/611/2006 1812/611/2002 1758/607/1948
f 1796/604/1992 1734/605/1939 1756/605/1953 1806/604/2007
f 1806/604/2007 1756/605/1953 1757/605/1947 1807/604/1999
f 1799/609/1994 1798/610/1993 1809/610/2008 1810/609/2009
f 1810/609/2009 1809/610/2008 1808/610/1998 1811/609/2003
f 1797/608/1995 1799/609/1994 1810/609/2009 1813/611/2006
f 1813/611/2006 1810/609/2009 1811/609/2003 1812/611/2002
f 1798/610/1993 1796/604/1992 1806/604/2007 1809/610/2008
f 1809/610/2008 1806/604/2007 1807/604/1999 1808/610/1998
f 1815/234/2010 2072/234/2011 1820/608/2012 2075/608/1594
f 1803/630/2013 1829/631/2014 2100/632/2015 1747/633/2016
f 1805/609/2004 1831/609/2017 1828/608/2018 2054/608/2005
f 2020/608/1670 1815/234/2010 2075/608/1594 1391/609/1593
f 1817/234/2019 2021/608/1731 1529/609/1730 2036/608/1807
f 2037/608/1868 1667/609/1867 2053/608/1944 1819/234/2020
f 1471/634/2021 2022/635/2022 1821/636/2023 1470/637/2024
f 1332/610/1527 1816/610/2025 1607/604/2026 1329/604/1528
f 1389/638/2027 2076/639/2028 2017/640/2029 1331/641/2030
f 1609/642/2031 2099/643/2032 1823/644/2033 1608/645/2034
f 1802/604/2000 2056/604/2035 1830/610/2036 1804/610/2001
f 2020/608/1670 1832/608/2037 2072/234/2011 1815/234/2010
f 1817/234/2019 2038/234/2038 1833/608/2039 2021/608/1731
f 1527/646/2040 1822/647/2041 2022/635/2022 1471/634/2021
f 1747/633/2016 2100/632/2015 2040/648/2042 1746/649/2043
f 2036/608/1807 2023/608/2044 2038/234/2038 1817/234/2019
f 1329/604/1528 1607/604/2026 1469/605/1396 1328/605/1535
f 1819/234/2020 1826/234/2045 1834/608/2046 2037/608/1868
f 1333/609/1533 2069/609/2047 1816/610/2025 1332/610/1527
f 2074/608/1532 1814/608/2048 2069/609/2047 1333/609/1533
f 1744/605/1946 2055/605/2049 2056/604/2035 1802/604/2000
f 1665/650/2050 1824/651/2051 2099/643/2032 1609/642/2031
f 1331/641/2030 2017/640/2029 1745/652/2052 1330/653/2053
f 1804/610/2001 1830/610/2036 1831/609/2017 1805/609/2004
f 2105/590/1434 2103/562/1401 1841/537/2054 2018/587/1431
f 1823/644/2033 2099/643/2032 2041/537/1402 1250/589/1433
f 1821/636/2023 2022/635/2022 2039/579/1418 1827/576/1415
f 1822/647/2041 1833/654/2039 1249/655/2055 1818/580/1419
f 1247/563/1403 2043/656/2056 1835/657/2057 2104/564/1404
f 2108/577/1416 2107/578/1417 1836/658/2058 1837/574/1413
f 1824/651/2051 1834/659/2046 2043/656/2056 1247/563/1403
f 2069/609/2047 2070/264/1389 1252/90/1388 1816/610/2025
f 1607/604/2026 1816/610/2025 1252/90/1388 1469/558/1396
f 2076/639/2028 2101/560/1399 2024/559/1398 2017/640/2029
f 2056/604/2035 1828/608/2018 1831/609/2017 1830/610/2036
f 2140/534/2059 1844/534/2060 1848/342/2061 2147/660/2062
f 2152/661/2063 2018/587/1431 1841/537/2054 2145/537/2064
f 2143/572/2065 2059/572/2066 1844/573/2060 2140/573/2059
f 2138/662/2067 1842/663/2068 1847/557/1395 2146/557/2069
f 2153/664/2070 2029/582/1425 1850/528/1355 2148/665/2071
f 2134/658/2072 1836/658/2058 1843/666/2073 2150/667/2074
f 2141/668/2075 1845/669/2076 1842/663/2068 2138/662/2067
f 2149/670/2077 1837/574/1413 1836/658/2058 2134/658/2072
f 2136/442/2078 1838/671/2079 1845/669/2076 2141/668/2075
f 2145/537/2064 1841/537/2054 1835/657/2057 2151/672/2080
f 2147/660/2062 1848/342/2061 1838/671/2079 2136/442/2078
f 2142/673/2081 1846/559/2082 2011/674/2083 2155/675/2084
f 2146/557/2069 1847/557/1395 1840/256/1387 2144/90/2085
f 2156/676/2086 1839/553/1391 1846/559/2082 2142/673/2081
f 2144/90/2085 1840/256/1387 2067/264/1390 2137/264/2087
f 2148/665/2071 1850/528/1355 1849/531/1358 2154/677/2088
f 1864/604/2089 1876/604/2090 1874/605/2091 1863/605/2092
f 1860/606/2093 1855/607/2094 1879/608/2095 1861/609/2096
f 1851/605/2097 1857/106/2098 1858/610/2099 1852/604/2100
f 1856/609/2101 1859/609/2102 1862/610/2103 1853/610/2104
f 1873/607/2105 1865/607/2106 1893/608/2107 1878/611/2108
f 1857/106/2098 1860/606/2093 1861/609/2096 1858/610/2099
f 1852/604/2100 1864/604/2089 1863/605/2092 1851/605/2097
f 1878/611/2108 1893/608/2107 1859/609/2102 1856/609/2101
f 1869/610/2109 1853/610/2104 1876/604/2090 1864/604/2089
f 1861/609/2096 1871/609/2110 1869/610/2109 1858/610/2099
f 1876/604/2090 1870/604/2111 1872/605/2112 1874/605/2091
f 1858/610/2099 1869/610/2109 1864/604/2089 1852/604/2100
f 1877/608/2113 1878/611/2108 1856/609/2101 1871/609/2110
f 1853/610/2104 1862/610/2103 1870/604/2111 1876/604/2090
f 1880/612/2114 1882/613/2115 1866/614/2116 1854/615/2117
f 1879/608/2095 1877/608/2113 1871/609/2110 1861/609/2096
f 1882/613/2115 1881/616/2118 1875/617/2119 1866/614/2116
f 1871/609/2110 1856/609/2101 1853/610/2104 1869/610/2109
f 1867/618/2120 1878/611/2108 1877/608/2113 1883/619/2121
f 1884/620/2122 1879/608/2095 1855/607/2094 1885/621/2123
f 1881/616/2118 1886/622/2124 1867/618/2120 1875/617/2119
f 1866/614/2116 1883/619/2121 1884/620/2122 1854/615/2117
f 1883/619/2121 1877/608/2113 1879/608/2095 1884/620/2122
f 1886/622/2124 1873/607/2105 1878/611/2108 1867/618/2120
f 1854/615/2117 1884/620/2122 1885/621/2123 1880/612/2114
f 1875/617/2119 1867/618/2120 1883/619/2121 1866/614/2116
f 1894/623/2125 1895/623/2126 1897/624/2127 1868/625/2128
f 1893/608/2107 1890/608/2129 1887/609/2130 1859/609/2102
f 1870/604/2111 1891/604/2131 1892/605/2132 1872/605/2112
f 1862/610/2103 1888/610/2133 1891/604/2131 1870/604/2111
f 1859/609/2102 1887/609/2130 1888/610/2133 1862/610/2103
f 1868/625/2128 1893/608/2107 1865/607/2106 1894/623/2125
f 1895/623/2126 1889/607/2134 1890/608/2129 1897/624/2127
f 1897/624/2127 1890/608/2129 1893/608/2107 1868/625/2128
f 1890/608/2129 1900/608/2135 1896/609/2136 1887/609/2130
f 1888/610/2133 1898/610/2137 1901/604/2138 1891/604/2131
f 1889/607/2134 1899/607/2139 1900/608/2135 1890/608/2129
f 1887/609/2130 1896/609/2136 1898/610/2137 1888/610/2133
f 1891/604/2131 1901/604/2138 1902/605/2140 1892/605/2132
f 1913/604/2141 1863/605/2092 1874/605/2091 1921/604/2142
f 1860/606/2093 1911/609/2143 1924/608/2144 1855/607/2094
f 1851/605/2097 1905/604/2145 1909/610/2146 1857/106/2098
f 1908/609/2147 1906/610/2148 1912/610/2149 1910/609/2150
f 1873/607/2105 1923/611/2151 1931/608/2152 1865/607/2106
f 1857/106/2098 1909/610/2146 1911/609/2143 1860/606/2093
f 1905/604/2145 1851/605/2097 1863/605/2092 1913/604/2141
f 1923/611/2151 1908/609/2147 1910/609/2150 1931/608/2152
f 1917/610/2153 1913/604/2141 1921/604/2142 1906/610/2148
f 1911/609/2143 1909/610/2146 1917/610/2153 1919/609/2154
f 1921/604/2142 1874/605/2091 1872/605/2112 1918/604/2155
f 1909/610/2146 1905/604/2145 1913/604/2141 1917/610/2153
f 1922/608/2156 1919/609/2154 1908/609/2147 1923/611/2151
f 1906/610/2148 1921/604/2142 1918/604/2155 1912/610/2149
f 1880/612/2114 1907/615/2157 1914/614/2158 1882/613/2115
f 1924/608/2144 1911/609/2143 1919/609/2154 1922/608/2156
f 1882/613/2115 1914/614/2158 1920/617/2159 1881/616/2118
f 1919/609/2154 1917/610/2153 1906/610/2148 1908/609/2147
f 1915/618/2160 1925/619/2161 1922/608/2156 1923/611/2151
f 1926/620/2162 1885/621/2123 1855/607/2094 1924/608/2144
f 1881/616/2118 1920/617/2159 1915/618/2160 1886/622/2124
f 1914/614/2158 1907/615/2157 1926/620/2162 1925/619/2161
f 1925/619/2161 1926/620/2162 1924/608/2144 1922/608/2156
f 1886/622/2124 1915/618/2160 1923/611/2151 1873/607/2105
f 1907/615/2157 1880/612/2114 1885/621/2123 1926/620/2162
f 1920/617/2159 1914/614/2158 1925/619/2161 1915/618/2160
f 1894/623/2125 1916/625/2163 1933/624/2164 1895/623/2126
f 1931/608/2152 1910/609/2150 1927/609/2165 1929/608/2166
f 1918/604/2155 1872/605/2112 1892/605/2132 1930/604/2167
f 1912/610/2149 1918/604/2155 1930/604/2167 1928/610/2168
f 1910/609/2150 1912/610/2149 1928/610/2168 1927/609/2165
f 1916/625/2163 1894/623/2125 1865/607/2106 1931/608/2152
f 1895/623/2126 1933/624/2164 1929/608/2166 1889/607/2134
f 1933/624/2164 1916/625/2163 1931/608/2152 1929/608/2166
f 1929/608/2166 1927/609/2165 1932/609/2169 1935/608/2170
f 1928/610/2168 1930/604/2167 1936/604/2171 1934/610/2172
f 1889/607/2134 1929/608/2166 1935/608/2170 1899/607/2139
f 1927/609/2165 1928/610/2168 1934/610/2172 1932/609/2169
f 1930/604/2167 1892/605/2132 1902/605/2140 1936/604/2171
f 1978/605/2173 1941/605/2174 1937/604/2175 1979/678/2176
f 1981/609/2177 1242/609/2178 1234/608/2179 1976/679/2180
f 1960/608/2181 1942/608/2182 1904/609/2183 1938/609/2184
f 1979/678/2176 1937/604/2175 1939/610/2185 1974/610/2186
f 1982/604/2187 1227/604/2188 1941/605/2174 1978/605/2173
f 1980/610/2189 1903/610/2190 1227/604/2188 1982/604/2187
f 1974/610/2186 1939/610/2185 1242/609/2178 1981/609/2177
f 1940/680/2191 1943/607/2192 1942/608/2182 1960/608/2181
f 1938/609/2184 1904/609/2183 1903/610/2190 1980/610/2189
f 1976/679/2180 1234/608/2179 1943/607/2192 1940/680/2191
f 2122/681/2193 2126/682/2194 2061/683/2195 1955/684/2196
f 2084/685/2197 2125/686/2198 1958/602/1455 1944/687/2199
f 2121/688/2200 2124/689/2201 1957/565/1406 1954/601/1453
f 2088/690/2202 2123/691/2203 2060/571/1411 1945/570/1360
f 2123/691/2203 2122/681/2193 1955/684/2196 2060/571/1411
f 2125/686/2198 2121/688/2200 1954/601/1453 1958/602/1455
f 2119/692/2204 2120/693/2205 1953/532/1359 1952/552/1385
f 2118/694/2206 2119/692/2204 1952/552/1385 1951/551/1383
f 2113/695/2207 2118/694/2206 1951/551/1383 1946/539/1370
f 2116/696/2208 2117/697/2209 2077/698/2210 1949/699/2211
f 2115/700/2212 2116/696/2208 1949/699/2211 2044/701/2213
f 2114/702/2214 2115/700/2212 2044/701/2213 1947/703/2215
f 2117/697/2209 2084/685/2197 1944/687/2199 2077/698/2210
f 2124/689/2201 2113/695/2207 1946/539/1370 1957/565/1406
f 2126/682/2194 2114/702/2214 1947/703/2215 2061/683/2195
f 2120/693/2205 2088/704/2202 1945/533/1360 1953/532/1359
f 1992/2/2216 1242/2/2178 1939/264/2185 1986/264/2217
f 1993/705/2218 1937/294/2175 1941/557/2174 1985/706/2219
f 1984/91/2220 1903/91/2190 1904/539/2183 1994/539/2221
f 1988/707/2222 1973/687/2223 1234/2/2179 1987/2/2224
f 1989/708/2225 1977/602/2226 1973/687/2223 1988/707/2222
f 1994/539/2221 1904/539/2183 1942/565/2182 1983/709/2227
f 1990/710/2228 1975/601/2229 1977/602/2226 1989/708/2225
f 1991/287/2230 1227/91/2188 1903/91/2190 1984/91/2220
f 2065/264/2231 2066/264/2232 1962/294/1457 1244/294/1456
f 1253/91/1424 1966/91/1423 1961/91/1368 1210/91/1367
f 2078/541/1372 1968/711/2233 2080/594/1442 1208/2/1373
f 1958/602/1455 1972/602/1454 2081/687/2234 1944/687/2199
f 1987/2/2224 1234/2/2179 1242/2/2178 1992/2/2216
f 1986/264/2217 1939/264/2185 1937/294/2175 1993/705/2218
f 1983/709/2227 1942/565/2182 1975/601/2229 1990/710/2228
f 1985/706/2219 1941/557/2174 1227/91/2188 1991/287/2230
f 1943/607/2192 1234/2/2179 1973/687/2223 1977/602/2226
f 1942/565/2182 1943/607/2192 1977/602/2226 1975/601/2229
f 1935/608/2170 1976/679/2180 1940/680/2191 1899/607/2139
f 1896/609/2136 1938/609/2184 1980/610/2189 1898/610/2137
f 1899/607/2139 1940/680/2191 1960/608/2181 1900/608/2135
f 1934/610/2172 1974/610/2186 1981/609/2177 1932/609/2169
f 1898/610/2137 1980/610/2189 1982/604/2187 1901/604/2138
f 1901/604/2138 1982/604/2187 1978/605/2173 1902/605/2140
f 1936/604/2171 1979/678/2176 1974/610/2186 1934/610/2172
f 1900/608/2135 1960/608/2181 1938/609/2184 1896/609/2136
f 1932/609/2169 1981/609/2177 1976/679/2180 1935/608/2170
f 1902/605/2140 1978/605/2173 1979/678/2176 1936/604/2171
f 1967/557/1422 1985/706/2219 1991/287/2230 1966/91/1423
f 1971/565/1405 1983/709/2227 1990/710/2228 1970/601/1452
f 2066/264/2232 1986/264/2217 1993/705/2218 1962/294/1457
f 1965/2/2235 1987/2/2224 1992/2/2216 1964/2/2236
f 1966/91/1423 1991/287/2230 1984/91/2220 1961/91/1368
f 1970/601/1452 1990/710/2228 1989/708/2225 1972/602/1454
f 1969/539/1369 1994/539/2221 1983/709/2227 1971/565/1405
f 1972/602/1454 1989/708/2225 1988/707/2222 2081/687/2234
f 2081/687/2234 1988/707/2222 1987/2/2224 1965/2/2235
f 1961/91/1368 1984/91/2220 1994/539/2221 1969/539/1369
f 1962/294/1457 1993/705/2218 1985/706/2219 1967/557/1422
f 1964/2/2236 1992/2/2216 1986/264/2217 2066/264/2232
f 1241/712/2237 2009/713/2238 2005/714/2239 1226/715/2240
f 2149/670/2077 2135/716/2241 2063/717/2242 1837/574/1413
f 1225/550/1382 2013/718/2243 2064/718/2244 1236/598/1448
f 1256/597/1446 2032/719/2245 2015/719/2246 1223/548/1380
f 2016/575/1414 2071/718/2247 2072/234/2011 1832/720/2037
f 2150/667/2074 2139/719/2248 2032/719/2245 1256/597/1446
f 1470/637/2024 2020/608/1670 2019/607/1675 1471/634/2021
f 1471/634/2021 2019/607/1675 2021/608/1731 1527/646/2040
f 1821/636/2023 1832/608/2037 2020/608/1670 1470/637/2024
f 1833/654/2039 2038/234/2038 2025/719/2249 1249/655/2055
f 1527/646/2040 2021/608/1731 1833/608/2039 1822/647/2041
f 1837/574/1413 2063/717/2242 2071/718/2247 2016/575/1414
f 1249/655/2055 2025/719/2249 2034/721/2250 1843/666/2073
f 1223/548/1380 2015/719/2246 2044/701/2213 1948/545/1377
f 1950/549/1381 2077/698/2210 2013/718/2243 1225/550/1382
f 2028/546/1378 1949/699/2211 2077/698/2210 1950/549/1381
f 1948/545/1377 2044/701/2213 1949/699/2211 2028/546/1378
f 2151/672/2080 2133/722/2251 2048/723/2252 1231/599/1450
f 1231/599/1450 2048/723/2252 2049/723/2253 2031/538/1366
f 2033/544/1376 2015/719/2246 2032/719/2245 2014/593/1439
f 2152/661/2063 2139/719/2248 2034/721/2250 2018/587/1431
f 1608/645/2034 2036/608/1807 2035/607/1812 1609/642/2031
f 1609/642/2031 2035/607/1812 2037/608/1868 1665/650/2050
f 1823/644/2033 2023/608/2044 2036/608/1807 1608/645/2034
f 2042/588/1432 2025/719/2249 2038/234/2038 2023/724/2044
f 1665/650/2050 2037/608/1868 1834/608/2046 1824/651/2051
f 1834/659/2046 1826/234/2045 2058/723/2254 2043/656/2056
f 2043/656/2056 2058/723/2254 2047/723/2255 1835/657/2057
f 2018/587/1431 2034/721/2250 2025/719/2249 2042/588/1432
f 2026/543/1375 2044/701/2213 2015/719/2246 2033/544/1376
f 2031/538/1366 2049/723/2253 2061/683/2195 1959/535/1363
f 2046/536/1364 1947/703/2215 2044/701/2213 2026/543/1375
f 1959/535/1363 2061/683/2195 1947/703/2215 2046/536/1364
f 2153/664/2070 2133/722/2251 2047/723/2255 2029/582/1425
f 1240/592/1436 2049/723/2253 2048/723/2252 2030/595/1443
f 1255/603/1458 2050/572/1441 1238/572/1412 2051/569/1410
f 1746/649/2043 2053/608/1944 2052/607/1949 1747/633/2016
f 1747/633/2016 2052/607/1949 2054/608/2005 1803/630/2013
f 1828/725/2018 2056/604/2035 2055/572/2049 1825/726/2256
f 1803/630/2013 2054/608/2005 1828/608/2018 1829/631/2014
f 1829/631/2014 2112/727/2257 2057/568/2258 2100/632/2015
f 2040/648/2042 2127/728/2259 2053/608/1944 1746/649/2043
f 1246/729/2260 2128/730/2261 2127/731/2259 2040/732/2042
f 2154/677/2088 2143/572/2065 2050/572/1441 1255/603/1458
f 2029/582/1425 2047/723/2255 2132/733/2262 2130/583/1426
f 1825/726/2256 2055/572/2049 2059/572/2066 1849/531/1358
f 2051/569/1410 1238/572/1412 2060/571/1411 1956/566/1407
f 2045/591/1435 2061/683/2195 2049/723/2253 1240/592/1436
f 2062/567/1408 1955/684/2196 2061/683/2195 2045/591/1435
f 1956/566/1407 2060/571/1411 1955/684/2196 2062/567/1408
f 2155/675/2084 2135/716/2241 2064/718/2244 2012/600/1451
f 1963/585/1429 2066/264/2232 2065/264/2231 1245/586/1430
f 2156/676/2086 2137/264/2087 2067/264/1390 1839/553/1391
f 2012/600/1451 2064/718/2244 2013/718/2243 2068/542/1374
f 1251/554/1392 2070/264/1389 2069/609/2047 1814/734/2048
f 1820/735/2012 2072/234/2011 2071/718/2247 1248/736/2263
f 1330/653/2053 2074/608/1532 2073/607/1538 1331/641/2030
f 1331/641/2030 2073/607/1538 2075/608/1594 1389/638/2027
f 1389/638/2027 2075/608/1594 1820/608/2012 2076/639/2028
f 1745/652/2052 1814/608/2048 2074/608/1532 1330/653/2053
f 1248/736/2263 2071/718/2247 2063/717/2242 2011/674/2083
f 1839/553/1391 2067/264/1390 2070/264/1389 1251/554/1392
f 2068/542/1374 2013/718/2243 2077/698/2210 2027/540/1371
f 2027/540/1371 2077/698/2210 1944/687/2199 2078/541/1372
f 2080/594/1442 1965/2/2235 1964/2/2236 2079/584/1428
f 2079/584/1428 1964/2/2236 2066/264/2232 1963/585/1429
f 1968/711/2233 2081/687/2234 1965/2/2235 2080/594/1442
f 2078/541/1372 1944/687/2199 2081/687/2234 1968/711/2233
f 2082/534/2264 2055/534/2049 2085/534/2265
f 2085/534/2265 2055/534/2049 2083/737/2266
f 2086/738/2267 1469/739/1396 2089/663/2268
f 2089/663/2268 1469/91/1396 2087/91/2269
f 2097/740/2270 2098/741/2271 2085/742/2265 2083/604/2266
f 2098/743/2271 2096/342/2272 2082/534/2264 2085/744/2265
f 2086/604/2267 2089/745/2268 2095/746/2273 2093/747/2274
f 2089/748/2268 2087/91/2269 2094/483/2275 2095/749/2273
f 2093/747/2274 2095/746/2273 2092/750/2276 2090/751/2277
f 2095/749/2273 2094/483/2275 2091/752/2278 2092/753/2276
f 2090/751/2277 2092/750/2276 2098/741/2271 2097/740/2270
f 2092/753/2276 2091/752/2278 2096/342/2272 2098/743/2271
f 1606/605/1809 2097/740/2270 2083/604/2266 1664/604/1863
f 2059/572/2066 2055/572/2049 2082/573/2264 1844/573/2060
f 1844/534/2060 2082/534/2264 2096/342/2272 1848/342/2061
f 1664/604/1863 2083/604/2266 2055/754/2049 1744/605/1946
f 1328/605/1535 1469/605/1396 2086/604/2267 1388/604/1589
f 1845/669/2076 2094/483/2275 2087/91/2269 1842/663/2068
f 1388/604/1589 2086/604/2267 2093/747/2274 1468/605/1672
f 1842/663/2068 2087/91/2269 1469/739/1396 1847/557/1395
f 1526/604/1726 2090/751/2277 2097/740/2270 1606/605/1809
f 1468/605/1672 2093/747/2274 2090/751/2277 1526/604/1726
f 1848/342/2061 2096/342/2272 2091/752/2278 1838/671/2079
f 1838/671/2079 2091/752/2278 2094/483/2275 1845/669/2076
f 1818/580/1419 1249/655/2055 1843/666/2073 2106/581/1420
f 2017/640/2029 2024/559/1398 2102/555/1393 1745/652/2052
f 2016/575/1414 1832/720/2037 1821/636/2023 1827/576/1415
f 2042/588/1432 2023/724/2044 1823/644/2033 1250/589/1433
f 2039/579/1418 2022/635/2022 1822/647/2041 1818/580/1419
f 2102/555/1393 1251/554/1392 1814/734/2048 1745/652/2052
f 2109/556/1394 2111/559/1397 1846/559/2082 1839/553/1391
f 2100/632/2015 2057/568/2258 1246/729/2260 2040/732/2042
f 2041/537/1402 2099/643/2032 1824/651/2051 1247/563/1403
f 2101/560/1399 1248/736/2263 2011/674/2083 2110/561/1400
f 2101/560/1399 2076/639/2028 1820/735/2012 1248/736/2263
f 1250/589/1433 2041/537/1402 2103/562/1401 2105/590/1434
f 1841/537/2054 2103/562/1401 2104/564/1404 1835/657/2057
f 1827/576/1415 2039/579/1418 2107/578/1417 2108/577/1416
f 1836/658/2058 2107/578/1417 2106/581/1420 1843/666/2073
f 2102/555/1393 2024/559/1398 2111/559/1397 2109/556/1394
f 1846/559/2082 2111/559/1397 2110/561/1400 2011/674/2083
f 2003/755/2279 2010/756/2280 2088/704/2202 2120/693/2205
f 2112/727/2257 1825/726/2256 1849/531/1358 2129/530/1357
f 2112/727/2257 1829/631/2014 1828/725/2018 1825/726/2256
f 2009/713/2238 1997/757/2281 2114/702/2214 2126/682/2194
f 2007/758/2282 1996/759/2283 2113/695/2207 2124/689/2201
f 2000/760/2284 1995/761/2285 2084/685/2197 2117/697/2209
f 1997/757/2281 1998/762/2286 2115/700/2212 2114/702/2214
f 1998/762/2286 1999/763/2287 2116/696/2208 2115/700/2212
f 1999/763/2287 2000/760/2284 2117/697/2209 2116/696/2208
f 1996/759/2283 2001/764/2288 2118/694/2206 2113/695/2207
f 2001/764/2288 2002/765/2289 2119/692/2204 2118/694/2206
f 2002/765/2289 2003/755/2279 2120/693/2205 2119/692/2204
f 2008/766/2290 2004/767/2291 2121/688/2200 2125/686/2198
f 2006/768/2292 2005/714/2239 2122/681/2193 2123/691/2203
f 2010/769/2280 2006/768/2292 2123/691/2203 2088/690/2202
f 2004/767/2291 2007/758/2282 2124/689/2201 2121/688/2200
f 1995/761/2285 2008/766/2290 2125/686/2198 2084/685/2197
f 2005/714/2239 2009/713/2238 2126/682/2194 2122/681/2193
f 2127/728/2259 1826/608/2045 1819/234/2020 2053/608/1944
f 2128/730/2261 1246/729/2260 2130/583/1426 2132/733/2262
f 2130/583/1426 1246/729/2260 2057/568/2258 2131/529/1356
f 2131/529/1356 2057/568/2258 2112/727/2257 2129/530/1357
f 2047/723/2255 2058/723/2254 2128/730/2261 2132/733/2262
f 2128/730/2261 2058/723/2254 1826/234/2045 2127/731/2259
f 1245/586/1430 2065/264/2231 2137/264/2087 2156/676/2086
f 2011/674/2083 2063/717/2242 2135/716/2241 2155/675/2084
f 1849/531/1358 2059/572/2066 2143/572/2065 2154/677/2088
f 2030/595/1443 2048/723/2252 2133/722/2251 2153/664/2070
f 2014/593/1439 2032/719/2245 2139/719/2248 2152/661/2063
f 1835/657/2057 2047/723/2255 2133/722/2251 2151/672/2080
f 1843/666/2073 2034/721/2250 2139/719/2248 2150/667/2074
f 1236/598/1448 2064/718/2244 2135/716/2241 2149/670/2077
f 1230/596/1444 2148/665/2071 2154/677/2088 1255/603/1458
f 1244/294/1456 2144/90/2085 2137/264/2087 2065/264/2231
f 1245/586/1430 2156/676/2086 2142/673/2081 1243/2/1427
f 1254/557/1421 2146/557/2069 2144/90/2085 1244/294/1456
f 1243/2/1427 2142/673/2081 2155/675/2084 2012/600/1451
f 1259/342/1438 2147/660/2062 2136/442/2078 1237/333/1449
f 1257/537/1440 2145/537/2064 2151/672/2080 1231/599/1450
f 1237/333/1449 2136/442/2078 2141/668/2075 1235/220/1447
f 1236/598/1448 2149/670/2077 2134/658/2072 1232/547/1445
f 1235/220/1447 2141/668/2075 2138/662/2067 1253/91/1424
f 1232/547/1445 2134/658/2072 2150/667/2074 1256/597/1446
f 2030/595/1443 2153/664/2070 2148/665/2071 1230/596/1444
f 1253/91/1424 2138/662/2067 2146/557/2069 1254/557/1421
f 2050/572/1441 2143/572/2065 2140/573/2059 1258/573/1437
f 2014/593/1439 2152/661/2063 2145/537/2064 1257/537/1440
f 1258/534/1437 2140/534/2059 2147/660/2062 1259/342/1438
f 1206/101/221 2008/766/2290 1995/761/2285 1209/54/3
f 1239/9/224 2007/758/2282 2004/767/2291 1229/11/225
f 1233/770/126 2006/768/2292 2010/769/2280 1215/771/68
f 1226/715/2240 2005/714/2239 2006/768/2292 1233/770/126
f 1229/11/225 2004/767/2291 2008/766/2290 1206/101/221
f 36/349/69 2003/755/2279 2002/765/2289 1221/187/232
f 1221/187/232 2002/765/2289 2001/764/2288 1222/19/233
f 1222/19/233 2001/764/2288 1996/759/2283 1211/34/519
f 1216/33/4 2000/760/2284 1999/763/2287 1217/121/1354
f 1217/121/1354 1999/763/2287 1998/762/2286 1156/772/2293
f 1156/772/2293 1998/762/2286 1997/757/2281 1213/773/125
f 1209/54/3 1995/761/2285 2000/760/2284 1216/33/4
f 1211/34/519 1996/759/2283 2007/758/2282 1239/9/224
f 1213/773/125 1997/757/2281 2009/713/2238 1241/712/2237
f 1215/774/68 2010/756/2280 2003/755/2279 36/349/69
f 1241/712/2237 1226/715/2240 1233/770/126 1213/773/125
f 2158/269/407 2159/286/398 3040/775/431 187/227/408
f 2163/50/1349 2157/284/429 185/52/371 201/249/370 197/297/1347
f 2160/268/406 2162/525/1348 1144/523/1346 275/776/2294
f 2159/777/398 2158/269/407 1197/778/2295 202/779/399
f 2158/269/407 2160/268/406 275/776/2294 1197/778/2295
f 2163/50/1349 2162/525/1348 181/21/361 2157/284/429
f 1195/270/409 273/240/357 1147/239/356 2160/268/406
f 37/11/145 171/232/348 2181/780/2296 2173/9/170
f 2165/233/349 171/232/348 37/11/145 1150/103/144
f 2166/59/83 2164/122/171 60/123/172 52/112/158
f 2169/69/96 2165/233/349 1150/103/144 2/54/97
f 2167/60/84 2168/68/95 246/67/94 18/33/85
f 2169/69/96 2168/68/95 252/119/165 46/323/512
f 2175/9/461 2179/9/554 338/34/553 139/34/462
f 2171/8/10 2177/9/470 6/34/49 237/34/48
f 2179/9/554 2172/9/296 324/34/305 338/34/553
f 2173/9/170 2181/780/2296 170/61/87 4/34/86
f 2214/9/2297 2178/9/458 230/34/457 2196/34/2298
f 3065/203/291 2176/300/460 231/299/459 3054/197/282
f 2178/9/458 2170/204/292 132/200/285 230/34/457
f 3144/9/2299 2180/9/2300 8/34/483 3137/781/2301
f 2172/9/296 2183/9/295 144/34/302 324/34/305
f 2175/9/461 2176/300/460 141/782/2302 226/11/560
f 2180/9/2300 3020/9/532 3023/34/484 8/34/483
f 2185/9/14 2173/9/170 4/34/86 54/34/169
f 109/144/197 2181/780/2296 171/232/348 106/94/129
f 2182/9/11 2171/8/10 237/34/48 299/34/541
f 2177/9/470 2184/9/15 112/34/251 6/34/49
f 2184/9/15 2185/9/14 54/34/169 112/34/251
f 3135/37/2303 3143/101/2304 2194/101/312 2186/54/319
f 339/336/552 326/207/304 314/19/323 327/19/540
f 3136/33/2305 3141/312/2306 2192/55/318 2187/33/488
f 3138/783/558 3140/44/2307 2191/44/314 2189/45/321
f 3139/11/2308 3144/9/2299 2195/210/320 2190/11/313
f 3141/312/2306 3135/37/2303 2186/54/319 2192/55/318
f 3137/781/2301 3142/337/559 2193/209/317 2188/34/316
f 3140/44/2307 3145/58/2309 2226/58/315 2191/44/314
f 3143/101/2304 3139/11/2308 2190/11/313 2194/101/312
f 3103/9/22 2215/9/2310 2197/34/2311 3096/34/74
f 3094/784/2312 2214/9/2297 2196/34/2298 3085/34/2313
f 133/54/1353 1161/100/1352 2212/785/2314 2203/54/2315
f 3088/786/2316 3093/101/2317 2213/787/2318 2202/786/2319
f 3101/56/75 2211/337/2320 2199/188/2321 3097/19/326
f 3092/56/2322 2210/17/556 2198/19/557 3086/19/2323
f 134/33/563 264/53/289 3077/53/2324 3079/33/2325
f 3089/33/2326 3091/53/2327 2209/53/2328 2204/33/2329
f 229/45/463 228/44/281 2206/788/2330 2198/45/557
f 3086/45/2323 3090/788/2331 2207/44/2332 2199/301/2321
f 1161/100/1352 3111/98/277 3108/789/2333 2212/785/2314
f 3093/101/2317 3107/98/2334 3110/98/2335 2213/787/2318
f 228/44/281 2216/58/280 2220/58/2336 2206/788/2330
f 3090/788/2331 3095/58/2337 2222/58/2338 2207/44/2332
f 230/34/457 328/17/456 2210/17/556 2196/34/2298
f 3085/34/2313 3092/56/2322 2211/337/2320 2197/34/2311
f 264/53/289 3067/201/288 3080/206/2339 3077/53/2324
f 3091/53/2327 3088/786/2316 2202/786/2319 2209/53/2328
f 227/11/276 2178/9/458 2214/9/2297 2200/11/2340
f 3087/10/2341 3094/784/2312 2215/9/2310 2201/11/2342
f 3066/58/279 2219/58/561 3073/790/2343 3076/790/2344
f 2220/58/2336 2216/58/280 3074/790/2345 3078/791/2346
f 2221/58/307 2226/58/315 2187/15/488 143/15/489
f 2219/58/561 2225/58/542 3075/790/2347 3073/790/2343
f 2225/58/542 2227/58/308 3072/790/2348 3075/790/2347
f 3145/58/2309 2224/58/531 19/15/25 3136/15/2305
f 3095/58/2337 2220/58/2336 2205/15/2349 3089/15/2326
f 2227/58/308 2221/58/307 3083/791/2350 3072/790/2348
f 2224/58/531 2217/214/329 290/16/26 19/15/25
f 3106/57/79 2222/58/2338 2204/15/2329 3105/15/513
f 2223/215/330 2217/214/329 287/41/57 147/40/56
f 170/61/87 2181/780/2296 109/144/197 105/143/196
f 2229/19/529 3022/17/485 321/17/535 298/19/530
f 2229/19/529 2228/308/477 291/307/58 17/19/61
f 2230/66/478 2228/308/477 240/188/259 241/187/258
f 2946/792/2351 2262/793/2352 2264/794/2353 2943/795/2354
f 2317/796/2355 2247/2/2356 2248/797/2357 2314/798/2358
f 2290/799/2359 3015/799/2360 3016/800/2361 2298/91/2362
f 2295/801/2363 3005/801/2364 3008/802/2365 2294/803/2366
f 2314/798/2358 2248/797/2357 2243/804/2367 2319/805/2368
f 2291/803/2369 2276/803/2370 2921/806/2371 2918/807/2372
f 2319/805/2368 2243/804/2367 2253/808/2373 2316/808/2374
f 2243/804/2367 2232/809/2375 2254/810/2376 2253/808/2373
f 2285/91/2377 2280/91/2378 2899/811/2379 2904/812/2380
f 2247/2/2356 2238/794/2381 2234/813/2382 2248/797/2357
f 2316/808/2374 2253/808/2373 2254/810/2376 2310/814/2383
f 2238/794/2381 2256/799/2384 2240/815/2385 2234/813/2382
f 2251/816/2386 2952/816/2387 2263/817/2388 2237/817/2389
f 2951/818/2390 2270/819/2391 2260/810/2392 2950/820/2393
f 2237/817/2389 2263/817/2388 2266/803/2394 2242/803/2395
f 2233/91/2396 2269/91/2397 2947/799/2398 2250/799/2399
f 2246/797/2400 2268/797/2401 2265/804/2402 2245/804/2403
f 2245/804/2403 2265/804/2402 2953/808/2404 2235/808/2405
f 2232/809/2375 2239/821/2406 2236/816/2407 2254/810/2376
f 2239/821/2406 2258/803/2408 2257/817/2409 2236/816/2407
f 2337/799/2410 2324/822/2411 3017/823/2412 3018/799/2413
f 2248/797/2357 2234/813/2382 2232/809/2375 2243/804/2367
f 2312/824/2414 2238/794/2381 2247/2/2356 2317/796/2355
f 2256/799/2384 2255/91/2415 2244/825/2416 2240/815/2385
f 2310/814/2383 2254/810/2376 2236/816/2407 2321/826/2417
f 2240/815/2385 2244/825/2416 2258/803/2408 2239/821/2406
f 2308/799/2418 2256/799/2384 2238/794/2381 2312/824/2414
f 2234/813/2382 2240/815/2385 2239/821/2406 2232/809/2375
f 2943/795/2354 2264/794/2353 2259/827/2419 2944/828/2420
f 2950/820/2393 2260/810/2392 2267/829/2421 2954/830/2422
f 2242/803/2395 2266/803/2394 2261/825/2423 2241/825/2424
f 2241/825/2424 2261/825/2423 2269/91/2397 2233/91/2396
f 2231/2/2425 2942/2/2426 2268/797/2401 2246/797/2400
f 2274/817/2427 2874/817/2428 2339/816/2429 2281/816/2430
f 3009/831/2431 3014/91/2432 2279/91/2433 3007/832/2434
f 2276/803/2370 2881/803/2435 2923/806/2436 2921/806/2371
f 2330/833/2437 2875/816/2438 2877/834/2439 2282/816/2440
f 2294/803/2366 2959/835/2441 2274/817/2427 2300/817/2442
f 2303/816/2443 2282/816/2440 2273/817/2444 2302/817/2445
f 2333/816/2446 2330/833/2437 2282/816/2440 2303/816/2443
f 2284/801/2447 2278/825/2448 2906/832/2449 2910/832/2450
f 2302/817/2445 2273/817/2444 2924/836/2451 2927/837/2452
f 2300/817/2442 2274/817/2427 2281/816/2430 2305/816/2453
f 2298/91/2362 3009/831/2431 3005/801/2364 2295/801/2363
f 2352/287/2454 2297/91/2455 2296/801/2456 2346/838/2457
f 2297/91/2455 2298/91/2362 2295/801/2363 2296/801/2456
f 2353/817/2458 2299/817/2459 2306/816/2460 2348/839/2461
f 2299/817/2459 2300/817/2442 2305/816/2453 2306/816/2460
f 2354/840/2462 2925/837/2463 2345/803/2464
f 2301/817/2465 2302/817/2445 2927/837/2452 2925/837/2463
f 2349/801/2466 2907/832/2467 2343/841/2468
f 2283/801/2469 2284/801/2447 2910/832/2450 2907/832/2467
f 2358/842/2470 2331/842/2471 2304/816/2472 2347/826/2473
f 2331/842/2471 2333/816/2446 2303/816/2443 2304/816/2472
f 2347/826/2473 2304/816/2472 2301/817/2465 2354/840/2462
f 2304/816/2472 2303/816/2443 2302/817/2445 2301/817/2465
f 2351/803/2474 2293/803/2475 2299/817/2459 2353/817/2458
f 2293/803/2475 2294/803/2366 2300/817/2442 2299/817/2459
f 2356/822/2476 2335/799/2477 2289/799/2478 2350/822/2479
f 2335/799/2477 2337/799/2410 2290/799/2359 2289/799/2478
f 2343/841/2468 2902/843/2480 2288/799/2481 2344/844/2482
f 2286/91/2483 2285/91/2377 2904/812/2380 2902/843/2480
f 2345/803/2464 2922/807/2484 2349/801/2466
f 2292/803/2485 2291/803/2369 2918/807/2372 2922/807/2484
f 2346/838/2457 2296/801/2456 2293/803/2475 2351/803/2474
f 2296/801/2456 2295/801/2363 2294/803/2366 2293/803/2475
f 2350/822/2479 2289/799/2478 2297/91/2455 2352/287/2454
f 2289/799/2478 2290/799/2359 2298/91/2362 2297/91/2455
f 2288/799/2481 2287/799/2486 2915/799/2487 2917/799/2488
f 2336/799/2489 2338/799/2490 2337/799/2410 2335/799/2477
f 2344/844/2482 2288/799/2481 2917/799/2488 2916/799/2491
f 2355/799/2492 2336/799/2489 2335/799/2477 2356/822/2476
f 2306/816/2460 2305/816/2453 2334/845/2493 2332/816/2494
f 2332/816/2494 2334/845/2493 2333/816/2446 2331/842/2471
f 2348/839/2461 2306/816/2460 2332/816/2494 2357/846/2495
f 2357/846/2495 2332/816/2494 2331/842/2471 2358/842/2470
f 2305/816/2453 2281/816/2430 2329/816/2496 2334/845/2493
f 2334/845/2493 2329/816/2496 2330/833/2437 2333/816/2446
f 2875/816/2438 2330/833/2437 2329/816/2496 2876/833/2497
f 3012/91/2498 2893/604/2499 2886/604/2500 2896/832/2501
f 2273/817/2444 2871/817/2502 2926/837/2503 2924/836/2451
f 2913/609/2504 2905/611/2505 2824/611/2506 2823/609/2507
f 2960/604/2508 2655/604/2509 2656/610/2510 2932/610/2511
f 2880/611/2512 2342/611/2513 2866/611/2514 2894/611/2515
f 2354/840/2462 2263/817/2388 2952/816/2387 2955/816/2516
f 2278/825/2448 2887/825/2517 2912/832/2518 2906/832/2449
f 2271/799/2519 2328/799/2520 2868/799/2521 2914/799/2522
f 2262/793/2352 2359/847/2523 2361/848/2524 2264/794/2353
f 2307/799/2525 2308/799/2418 2312/824/2414 2311/794/2526
f 2260/810/2392 2365/849/2527 2362/850/2528 2267/829/2421
f 2309/810/2529 2310/814/2383 2321/826/2417 2322/816/2530
f 2264/794/2353 2361/848/2524 2363/851/2531 2259/827/2419
f 2311/794/2526 2312/824/2414 2317/796/2355 2318/852/2532
f 2287/799/2486 2271/799/2519 2914/799/2522 2915/799/2487
f 2338/799/2490 2323/799/2533 2324/822/2411 2337/799/2410
f 2270/819/2391 2364/853/2534 2365/849/2527 2260/810/2392
f 2315/854/2535 2316/808/2374 2310/814/2383 2309/810/2529
f 2265/804/2402 2360/804/2536 2956/854/2537 2953/808/2404
f 2320/855/2538 2319/805/2368 2316/808/2374 2315/854/2535
f 2268/797/2401 2366/856/2539 2360/804/2536 2265/804/2402
f 2313/857/2540 2314/798/2358 2319/805/2368 2320/855/2538
f 2942/2/2426 2945/2/2541 2366/856/2539 2268/797/2401
f 2318/852/2532 2317/796/2355 2314/798/2358 2313/857/2540
f 2280/91/2378 2892/91/2542 2897/811/2543 2899/811/2379
f 2321/826/2417 2357/846/2495 2358/842/2470 2322/816/2530
f 2236/816/2407 2348/839/2461 2357/846/2495 2321/826/2417
f 2307/799/2525 2355/799/2492 2356/822/2476 2308/799/2418
f 2868/799/2521 2340/799/2544 2323/799/2533 2914/799/2522
f 2256/799/2384 2350/822/2479 2352/287/2454 2255/91/2415
f 2244/825/2416 2346/838/2457 2351/803/2474 2258/803/2408
f 2266/803/2394 2345/803/2464 2349/801/2466 2261/825/2423
f 2269/91/2397 2343/841/2468 2344/844/2482 2947/799/2398
f 2308/799/2418 2356/822/2476 2350/822/2479 2256/799/2384
f 2258/803/2408 2351/803/2474 2353/817/2458 2257/817/2409
f 2929/608/2545 2938/609/2546 2657/609/2547 2658/611/2548
f 2322/816/2530 2358/842/2470 2347/826/2473 2955/816/2516
f 2261/825/2423 2349/801/2466 2343/841/2468 2269/91/2397
f 2263/817/2388 2354/840/2462 2345/803/2464 2266/803/2394
f 2257/817/2409 2353/817/2458 2348/839/2461 2236/816/2407
f 2255/91/2415 2352/287/2454 2346/838/2457 2244/825/2416
f 2948/799/2549 2307/799/2525 2311/794/2526 2949/794/2550
f 2945/2/2541 2318/852/2532 2313/857/2540 2366/856/2539
f 2360/804/2536 2320/855/2538 2315/854/2535 2956/854/2537
f 2957/810/2551 2309/810/2529 2322/816/2530 2955/816/2516
f 2366/856/2539 2313/857/2540 2320/855/2538 2360/804/2536
f 2956/854/2537 2315/854/2535 2309/810/2529 2957/810/2551
f 2949/794/2550 2311/794/2526 2318/852/2532 2945/2/2541
f 2901/843/2552 3013/811/2553 2272/799/2554 2327/605/2555
f 2380/604/2556 2379/605/2557 2389/605/2558 2391/604/2559
f 2376/606/2560 2377/609/2561 2394/608/2562 2371/607/2563
f 2367/605/2564 2368/604/2565 2374/610/2566 2373/106/2567
f 2372/609/2568 2369/610/2569 2378/610/2570 2375/609/2571
f 2388/607/2572 2393/611/2573 2408/608/2574 2381/607/2575
f 2373/106/2567 2374/610/2566 2377/609/2561 2376/606/2560
f 2368/604/2565 2367/605/2564 2379/605/2557 2380/604/2556
f 2393/611/2573 2372/609/2568 2375/609/2571 2408/608/2574
f 2384/610/2576 2380/604/2556 2391/604/2559 2369/610/2569
f 2377/609/2561 2374/610/2566 2384/610/2576 2386/609/2577
f 2391/604/2559 2389/605/2558 2387/605/2578 2385/604/2579
f 2374/610/2566 2368/604/2565 2380/604/2556 2384/610/2576
f 2392/608/2580 2386/609/2577 2372/609/2568 2393/611/2573
f 2369/610/2569 2391/604/2559 2385/604/2579 2378/610/2570
f 2395/612/2581 2370/615/2582 2382/614/2583 2397/613/2584
f 2394/608/2562 2377/609/2561 2386/609/2577 2392/608/2580
f 2397/613/2584 2382/614/2583 2390/617/2585 2396/616/2586
f 2386/609/2577 2384/610/2576 2369/610/2569 2372/609/2568
f 2383/618/2587 2398/619/2588 2392/608/2580 2393/611/2573
f 2399/620/2589 2400/621/2590 2371/607/2563 2394/608/2562
f 2396/616/2586 2390/617/2585 2383/618/2587 2401/622/2591
f 2382/614/2583 2370/615/2582 2399/620/2589 2398/619/2588
f 2398/619/2588 2399/620/2589 2394/608/2562 2392/608/2580
f 2401/622/2591 2383/618/2587 2393/611/2573 2388/607/2572
f 2370/615/2582 2395/612/2581 2400/621/2590 2399/620/2589
f 2390/617/2585 2382/614/2583 2398/619/2588 2383/618/2587
f 2408/608/2574 2375/609/2571 2402/609/2592 2405/608/2593
f 2385/604/2579 2387/605/2578 2407/605/2594 2406/604/2595
f 2378/610/2570 2385/604/2579 2406/604/2595 2403/610/2596
f 2375/609/2571 2378/610/2570 2403/610/2596 2402/609/2592
f 2405/608/2593 2404/607/2597 2381/607/2575 2408/608/2574
f 2403/610/2596 2410/610/2598 2409/609/2599 2402/609/2592
f 2407/605/2594 2414/605/2600 2413/604/2601 2406/604/2595
f 2406/604/2595 2413/604/2601 2410/610/2598 2403/610/2596
f 2405/608/2593 2421/608/2602 2411/607/2603 2404/607/2597
f 2410/610/2598 2413/604/2601 2416/604/2604 2419/610/2605
f 2421/608/2602 2409/609/2599 2420/609/2606 2417/608/2607
f 2409/609/2599 2410/610/2598 2419/610/2605 2420/609/2606
f 2422/626/2608 2412/629/2609 2424/628/2610 2423/627/2611
f 2413/604/2601 2414/605/2600 2415/605/2612 2416/604/2604
f 2412/629/2609 2422/626/2608 2411/607/2603 2421/608/2602
f 2423/627/2611 2424/628/2610 2417/608/2607 2418/607/2613
f 2424/628/2610 2412/629/2609 2421/608/2602 2417/608/2607
f 2997/607/2614 2996/858/2615 2428/611/2616 2430/607/2617
f 2402/609/2592 2409/609/2599 2421/608/2602 2405/608/2593
f 2998/604/2618 3000/605/2619 2429/605/2620 2425/604/2621
f 2999/859/2622 2995/860/2623 2426/610/2624 2427/609/2625
f 2996/858/2615 2999/859/2622 2427/609/2625 2428/611/2616
f 2995/860/2623 2998/604/2618 2425/604/2621 2426/610/2624
f 2439/604/2626 2446/604/2627 2389/605/2558 2379/605/2557
f 2376/606/2560 2371/607/2563 2449/608/2628 2437/609/2629
f 2367/605/2564 2373/106/2567 2435/610/2630 2431/604/2631
f 2434/609/2632 2436/609/2633 2438/610/2634 2432/610/2635
f 2388/607/2572 2381/607/2575 2456/608/2636 2448/611/2637
f 2373/106/2567 2376/606/2560 2437/609/2629 2435/610/2630
f 2431/604/2631 2439/604/2626 2379/605/2557 2367/605/2564
f 2448/611/2637 2456/608/2636 2436/609/2633 2434/609/2632
f 2442/610/2638 2432/610/2635 2446/604/2627 2439/604/2626
f 2437/609/2629 2444/609/2639 2442/610/2638 2435/610/2630
f 2446/604/2627 2443/604/2640 2387/605/2578 2389/605/2558
f 2435/610/2630 2442/610/2638 2439/604/2626 2431/604/2631
f 2447/608/2641 2448/611/2637 2434/609/2632 2444/609/2639
f 2432/610/2635 2438/610/2634 2443/604/2640 2446/604/2627
f 2395/612/2581 2397/613/2584 2440/614/2642 2433/615/2643
f 2449/608/2628 2447/608/2641 2444/609/2639 2437/609/2629
f 2397/613/2584 2396/616/2586 2445/617/2644 2440/614/2642
f 2444/609/2639 2434/609/2632 2432/610/2635 2442/610/2638
f 2441/618/2645 2448/611/2637 2447/608/2641 2450/619/2646
f 2451/620/2647 2449/608/2628 2371/607/2563 2400/621/2590
f 2396/616/2586 2401/622/2591 2441/618/2645 2445/617/2644
f 2440/614/2642 2450/619/2646 2451/620/2647 2433/615/2643
f 2450/619/2646 2447/608/2641 2449/608/2628 2451/620/2647
f 2401/622/2591 2388/607/2572 2448/611/2637 2441/618/2645
f 2433/615/2643 2451/620/2647 2400/621/2590 2395/612/2581
f 2445/617/2644 2441/618/2645 2450/619/2646 2440/614/2642
f 2456/608/2636 2454/608/2648 2452/609/2649 2436/609/2633
f 2443/604/2640 2455/604/2650 2407/605/2594 2387/605/2578
f 2438/610/2634 2453/610/2651 2455/604/2650 2443/604/2640
f 2436/609/2633 2452/609/2649 2453/610/2651 2438/610/2634
f 2454/608/2648 2456/608/2636 2381/607/2575 2404/607/2597
f 2453/610/2651 2452/609/2649 2457/609/2652 2458/610/2653
f 2407/605/2594 2455/604/2650 2460/604/2654 2414/605/2600
f 2455/604/2650 2453/610/2651 2458/610/2653 2460/604/2654
f 2454/608/2648 2404/607/2597 2411/607/2603 2465/608/2655
f 2458/610/2653 2463/610/2656 2461/604/2657 2460/604/2654
f 2465/608/2655 2462/608/2658 2464/609/2659 2457/609/2652
f 2457/609/2652 2464/609/2659 2463/610/2656 2458/610/2653
f 2422/626/2608 2423/627/2611 2466/628/2660 2459/629/2661
f 2460/604/2654 2461/604/2657 2415/605/2612 2414/605/2600
f 2459/629/2661 2465/608/2655 2411/607/2603 2422/626/2608
f 2423/627/2611 2418/607/2613 2462/608/2658 2466/628/2660
f 2466/628/2660 2462/608/2658 2465/608/2655 2459/629/2661
f 2997/607/2614 2430/607/2617 2470/611/2662 3002/861/2663
f 2452/609/2649 2454/608/2648 2465/608/2655 2457/609/2652
f 3003/862/2664 2467/604/2665 2429/605/2620 3000/605/2619
f 3004/609/2666 2469/609/2667 2468/610/2668 3001/610/2669
f 3002/861/2663 2470/611/2662 2469/609/2667 3004/609/2666
f 3001/610/2669 2468/610/2668 2467/604/2665 3003/862/2664
f 2484/604/2670 2483/605/2671 2494/605/2672 2496/604/2673
f 2480/606/2674 2481/609/2675 2499/608/2676 2475/607/2677
f 2471/605/2678 2472/604/2679 2478/610/2680 2477/106/2681
f 2476/609/2682 2473/610/2683 2482/610/2684 2479/609/2685
f 2493/607/2686 2498/611/2687 2513/608/2688 2485/607/2689
f 2477/106/2681 2478/610/2680 2481/609/2675 2480/606/2674
f 2472/604/2679 2471/605/2678 2483/605/2671 2484/604/2670
f 2498/611/2687 2476/609/2682 2479/609/2685 2513/608/2688
f 2489/610/2690 2484/604/2670 2496/604/2673 2473/610/2683
f 2481/609/2675 2478/610/2680 2489/610/2690 2491/609/2691
f 2496/604/2673 2494/605/2672 2492/605/2692 2490/604/2693
f 2478/610/2680 2472/604/2679 2484/604/2670 2489/610/2690
f 2497/608/2694 2491/609/2691 2476/609/2682 2498/611/2687
f 2473/610/2683 2496/604/2673 2490/604/2693 2482/610/2684
f 2500/612/2695 2474/615/2696 2486/614/2697 2502/613/2698
f 2499/608/2676 2481/609/2675 2491/609/2691 2497/608/2694
f 2502/613/2698 2486/614/2697 2495/617/2699 2501/616/2700
f 2491/609/2691 2489/610/2690 2473/610/2683 2476/609/2682
f 2487/618/2701 2503/619/2702 2497/608/2694 2498/611/2687
f 2504/620/2703 2505/621/2704 2475/607/2677 2499/608/2676
f 2501/616/2700 2495/617/2699 2487/618/2701 2506/622/2705
f 2486/614/2697 2474/615/2696 2504/620/2703 2503/619/2702
f 2503/619/2702 2504/620/2703 2499/608/2676 2497/608/2694
f 2506/622/2705 2487/618/2701 2498/611/2687 2493/607/2686
f 2474/615/2696 2500/612/2695 2505/621/2704 2504/620/2703
f 2495/617/2699 2486/614/2697 2503/619/2702 2487/618/2701
f 2514/623/2706 2488/625/2707 2517/624/2708 2515/623/2709
f 2513/608/2688 2479/609/2685 2507/609/2710 2510/608/2711
f 2490/604/2693 2492/605/2692 2512/605/2712 2511/604/2713
f 2482/610/2684 2490/604/2693 2511/604/2713 2508/610/2714
f 2479/609/2685 2482/610/2684 2508/610/2714 2507/609/2710
f 2488/625/2707 2514/623/2706 2485/607/2689 2513/608/2688
f 2515/623/2709 2517/624/2708 2510/608/2711 2509/607/2715
f 2517/624/2708 2488/625/2707 2513/608/2688 2510/608/2711
f 2510/608/2711 2507/609/2710 2516/609/2716 2520/608/2717
f 2508/610/2714 2511/604/2713 2521/604/2718 2518/610/2719
f 2509/607/2715 2510/608/2711 2520/608/2717 2519/607/2720
f 2507/609/2710 2508/610/2714 2518/610/2719 2516/609/2716
f 2511/604/2713 2512/605/2712 2522/605/2721 2521/604/2718
f 2531/604/2722 2539/604/2723 2494/605/2672 2483/605/2671
f 2480/606/2674 2475/607/2677 2542/608/2724 2529/609/2725
f 2471/605/2678 2477/106/2681 2527/610/2726 2523/604/2727
f 2526/609/2728 2528/609/2729 2530/610/2730 2524/610/2731
f 2493/607/2686 2485/607/2689 2549/608/2732 2541/611/2733
f 2477/106/2681 2480/606/2674 2529/609/2725 2527/610/2726
f 2523/604/2727 2531/604/2722 2483/605/2671 2471/605/2678
f 2541/611/2733 2549/608/2732 2528/609/2729 2526/609/2728
f 2535/610/2734 2524/610/2731 2539/604/2723 2531/604/2722
f 2529/609/2725 2537/609/2735 2535/610/2734 2527/610/2726
f 2539/604/2723 2536/604/2736 2492/605/2692 2494/605/2672
f 2527/610/2726 2535/610/2734 2531/604/2722 2523/604/2727
f 2540/608/2737 2541/611/2733 2526/609/2728 2537/609/2735
f 2524/610/2731 2530/610/2730 2536/604/2736 2539/604/2723
f 2500/612/2695 2502/613/2698 2532/614/2738 2525/615/2739
f 2542/608/2724 2540/608/2737 2537/609/2735 2529/609/2725
f 2502/613/2698 2501/616/2700 2538/617/2740 2532/614/2738
f 2537/609/2735 2526/609/2728 2524/610/2731 2535/610/2734
f 2533/618/2741 2541/611/2733 2540/608/2737 2543/619/2742
f 2544/620/2743 2542/608/2724 2475/607/2677 2505/621/2704
f 2501/616/2700 2506/622/2705 2533/618/2741 2538/617/2740
f 2532/614/2738 2543/619/2742 2544/620/2743 2525/615/2739
f 2543/619/2742 2540/608/2737 2542/608/2724 2544/620/2743
f 2506/622/2705 2493/607/2686 2541/611/2733 2533/618/2741
f 2525/615/2739 2544/620/2743 2505/621/2704 2500/612/2695
f 2538/617/2740 2533/618/2741 2543/619/2742 2532/614/2738
f 2514/623/2706 2515/623/2709 2551/624/2744 2534/625/2745
f 2549/608/2732 2547/608/2746 2545/609/2747 2528/609/2729
f 2536/604/2736 2548/604/2748 2512/605/2712 2492/605/2692
f 2530/610/2730 2546/610/2749 2548/604/2748 2536/604/2736
f 2528/609/2729 2545/609/2747 2546/610/2749 2530/610/2730
f 2534/625/2745 2549/608/2732 2485/607/2689 2514/623/2706
f 2515/623/2709 2509/607/2715 2547/608/2746 2551/624/2744
f 2551/624/2744 2547/608/2746 2549/608/2732 2534/625/2745
f 2547/608/2746 2553/608/2750 2550/609/2751 2545/609/2747
f 2546/610/2749 2552/610/2752 2554/604/2753 2548/604/2748
f 2509/607/2715 2519/607/2720 2553/608/2750 2547/608/2746
f 2545/609/2747 2550/609/2751 2552/610/2752 2546/610/2749
f 2548/604/2748 2554/604/2753 2522/605/2721 2512/605/2712
f 2568/604/2754 2567/605/2755 2577/605/2756 2579/604/2757
f 2564/606/2758 2565/609/2759 2582/608/2760 2559/607/2761
f 2555/605/2762 2556/604/2763 2562/610/2764 2561/106/2765
f 2560/609/2766 2557/610/2767 2566/610/2768 2563/609/2769
f 2576/607/2770 2581/611/2771 2596/608/2772 2569/607/2773
f 2561/106/2765 2562/610/2764 2565/609/2759 2564/606/2758
f 2556/604/2763 2555/605/2762 2567/605/2755 2568/604/2754
f 2581/611/2771 2560/609/2766 2563/609/2769 2596/608/2772
f 2572/610/2774 2568/604/2754 2579/604/2757 2557/610/2767
f 2565/609/2759 2562/610/2764 2572/610/2774 2574/609/2775
f 2579/604/2757 2577/605/2756 2575/605/2776 2573/604/2777
f 2562/610/2764 2556/604/2763 2568/604/2754 2572/610/2774
f 2580/608/2778 2574/609/2775 2560/609/2766 2581/611/2771
f 2557/610/2767 2579/604/2757 2573/604/2777 2566/610/2768
f 2583/612/2779 2558/615/2780 2570/614/2781 2585/613/2782
f 2582/608/2760 2565/609/2759 2574/609/2775 2580/608/2778
f 2585/613/2782 2570/614/2781 2578/617/2783 2584/616/2784
f 2574/609/2775 2572/610/2774 2557/610/2767 2560/609/2766
f 2571/618/2785 2586/619/2786 2580/608/2778 2581/611/2771
f 2587/620/2787 2588/621/2788 2559/607/2761 2582/608/2760
f 2584/616/2784 2578/617/2783 2571/618/2785 2589/622/2789
f 2570/614/2781 2558/615/2780 2587/620/2787 2586/619/2786
f 2586/619/2786 2587/620/2787 2582/608/2760 2580/608/2778
f 2589/622/2789 2571/618/2785 2581/611/2771 2576/607/2770
f 2558/615/2780 2583/612/2779 2588/621/2788 2587/620/2787
f 2578/617/2783 2570/614/2781 2586/619/2786 2571/618/2785
f 2596/608/2772 2563/609/2769 2590/609/2790 2593/608/2791
f 2573/604/2777 2575/605/2776 2595/605/2792 2594/604/2793
f 2566/610/2768 2573/604/2777 2594/604/2793 2591/610/2794
f 2563/609/2769 2566/610/2768 2591/610/2794 2590/609/2790
f 2593/608/2791 2592/607/2795 2569/607/2773 2596/608/2772
f 2591/610/2794 2598/610/2796 2597/609/2797 2590/609/2790
f 2595/605/2792 2602/605/2798 2601/604/2799 2594/604/2793
f 2594/604/2793 2601/604/2799 2598/610/2796 2591/610/2794
f 2593/608/2791 2609/608/2800 2599/607/2801 2592/607/2795
f 2598/610/2796 2601/604/2799 2604/604/2802 2607/610/2803
f 2609/608/2800 2597/609/2797 2608/609/2804 2605/608/2805
f 2597/609/2797 2598/610/2796 2607/610/2803 2608/609/2804
f 2610/626/2806 2600/629/2807 2612/628/2808 2611/627/2809
f 2601/604/2799 2602/605/2798 2603/605/2810 2604/604/2802
f 2600/629/2807 2610/626/2806 2599/607/2801 2609/608/2800
f 2611/627/2809 2612/628/2808 2605/608/2805 2606/607/2811
f 2612/628/2808 2600/629/2807 2609/608/2800 2605/608/2805
f 2977/863/2812 2976/864/2813 2616/611/2814 2618/607/2815
f 2590/609/2790 2597/609/2797 2609/608/2800 2593/608/2791
f 2978/865/2816 2980/866/2817 2617/605/2818 2613/604/2819
f 2979/867/2820 2975/610/2821 2614/610/2822 2615/609/2823
f 2976/864/2813 2979/867/2820 2615/609/2823 2616/611/2814
f 2975/610/2821 2978/865/2816 2613/604/2819 2614/610/2822
f 2627/604/2824 2634/604/2825 2577/605/2756 2567/605/2755
f 2564/606/2758 2559/607/2761 2637/608/2826 2625/609/2827
f 2555/605/2762 2561/106/2765 2623/610/2828 2619/604/2829
f 2622/609/2830 2624/609/2831 2626/610/2832 2620/610/2833
f 2576/607/2770 2569/607/2773 2644/608/2834 2636/611/2835
f 2561/106/2765 2564/606/2758 2625/609/2827 2623/610/2828
f 2619/604/2829 2627/604/2824 2567/605/2755 2555/605/2762
f 2636/611/2835 2644/608/2834 2624/609/2831 2622/609/2830
f 2630/610/2836 2620/610/2833 2634/604/2825 2627/604/2824
f 2625/609/2827 2632/609/2837 2630/610/2836 2623/610/2828
f 2634/604/2825 2631/604/2838 2575/605/2776 2577/605/2756
f 2623/610/2828 2630/610/2836 2627/604/2824 2619/604/2829
f 2635/608/2839 2636/611/2835 2622/609/2830 2632/609/2837
f 2620/610/2833 2626/610/2832 2631/604/2838 2634/604/2825
f 2583/612/2779 2585/613/2782 2628/614/2840 2621/615/2841
f 2637/608/2826 2635/608/2839 2632/609/2837 2625/609/2827
f 2585/613/2782 2584/616/2784 2633/617/2842 2628/614/2840
f 2632/609/2837 2622/609/2830 2620/610/2833 2630/610/2836
f 2629/618/2843 2636/611/2835 2635/608/2839 2638/619/2844
f 2639/620/2845 2637/608/2826 2559/607/2761 2588/621/2788
f 2584/616/2784 2589/622/2789 2629/618/2843 2633/617/2842
f 2628/614/2840 2638/619/2844 2639/620/2845 2621/615/2841
f 2638/619/2844 2635/608/2839 2637/608/2826 2639/620/2845
f 2589/622/2789 2576/607/2770 2636/611/2835 2629/618/2843
f 2621/615/2841 2639/620/2845 2588/621/2788 2583/612/2779
f 2633/617/2842 2629/618/2843 2638/619/2844 2628/614/2840
f 2644/608/2834 2642/608/2846 2640/609/2847 2624/609/2831
f 2631/604/2838 2643/604/2848 2595/605/2792 2575/605/2776
f 2626/610/2832 2641/610/2849 2643/604/2848 2631/604/2838
f 2624/609/2831 2640/609/2847 2641/610/2849 2626/610/2832
f 2642/608/2846 2644/608/2834 2569/607/2773 2592/607/2795
f 2641/610/2849 2640/609/2847 2645/609/2850 2646/610/2851
f 2595/605/2792 2643/604/2848 2648/604/2852 2602/605/2798
f 2643/604/2848 2641/610/2849 2646/610/2851 2648/604/2852
f 2642/608/2846 2592/607/2795 2599/607/2801 2653/608/2853
f 2646/610/2851 2651/610/2854 2649/604/2855 2648/604/2852
f 2653/608/2853 2650/608/2856 2652/609/2857 2645/609/2850
f 2645/609/2850 2652/609/2857 2651/610/2854 2646/610/2851
f 2610/626/2806 2611/627/2809 2654/628/2858 2647/629/2859
f 2648/604/2852 2649/604/2855 2603/605/2810 2602/605/2798
f 2647/629/2859 2653/608/2853 2599/607/2801 2610/626/2806
f 2611/627/2809 2606/607/2811 2650/608/2856 2654/628/2858
f 2654/628/2858 2650/608/2856 2653/608/2853 2647/629/2859
f 2977/863/2812 2618/607/2815 2658/611/2548 2982/868/2860
f 2640/609/2847 2642/608/2846 2653/608/2853 2645/609/2850
f 2983/604/2861 2655/604/2509 2617/605/2818 2980/866/2817
f 2984/867/2862 2657/609/2547 2656/610/2510 2981/610/2863
f 2982/868/2860 2658/611/2548 2657/609/2547 2984/867/2862
f 2981/610/2863 2656/610/2510 2655/604/2509 2983/604/2861
f 2672/604/2864 2671/605/2865 2681/605/2866 2683/604/2867
f 2668/606/2868 2669/609/2869 2686/608/2870 2663/607/2871
f 2659/605/2872 2660/604/2873 2666/610/2874 2665/106/2875
f 2664/609/2876 2661/610/2877 2670/610/2878 2667/609/2879
f 2680/607/2880 2685/611/2881 2700/608/2882 2673/607/2883
f 2665/106/2875 2666/610/2874 2669/609/2869 2668/606/2868
f 2660/604/2873 2659/605/2872 2671/605/2865 2672/604/2864
f 2685/611/2881 2664/609/2876 2667/609/2879 2700/608/2882
f 2676/610/2884 2672/604/2864 2683/604/2867 2661/610/2877
f 2669/609/2869 2666/610/2874 2676/610/2884 2678/609/2885
f 2683/604/2867 2681/605/2866 2679/605/2886 2677/604/2887
f 2666/610/2874 2660/604/2873 2672/604/2864 2676/610/2884
f 2684/608/2888 2678/609/2885 2664/609/2876 2685/611/2881
f 2661/610/2877 2683/604/2867 2677/604/2887 2670/610/2878
f 2687/612/2889 2662/615/2890 2674/614/2891 2689/613/2892
f 2686/608/2870 2669/609/2869 2678/609/2885 2684/608/2888
f 2689/613/2892 2674/614/2891 2682/617/2893 2688/616/2894
f 2678/609/2885 2676/610/2884 2661/610/2877 2664/609/2876
f 2675/618/2895 2690/619/2896 2684/608/2888 2685/611/2881
f 2691/620/2897 2692/621/2898 2663/607/2871 2686/608/2870
f 2688/616/2894 2682/617/2893 2675/618/2895 2693/622/2899
f 2674/614/2891 2662/615/2890 2691/620/2897 2690/619/2896
f 2690/619/2896 2691/620/2897 2686/608/2870 2684/608/2888
f 2693/622/2899 2675/618/2895 2685/611/2881 2680/607/2880
f 2662/615/2890 2687/612/2889 2692/621/2898 2691/620/2897
f 2682/617/2893 2674/614/2891 2690/619/2896 2675/618/2895
f 2700/608/2882 2667/609/2879 2694/609/2900 2697/608/2901
f 2677/604/2887 2679/605/2886 2699/605/2902 2698/604/2903
f 2670/610/2878 2677/604/2887 2698/604/2903 2695/610/2904
f 2667/609/2879 2670/610/2878 2695/610/2904 2694/609/2900
f 2697/608/2901 2696/607/2905 2673/607/2883 2700/608/2882
f 2695/610/2904 2702/610/2906 2701/609/2907 2694/609/2900
f 2699/605/2902 2706/605/2908 2705/604/2909 2698/604/2903
f 2698/604/2903 2705/604/2909 2702/610/2906 2695/610/2904
f 2697/608/2901 2713/608/2910 2703/607/2911 2696/607/2905
f 2702/610/2906 2705/604/2909 2708/604/2912 2711/610/2913
f 2713/608/2910 2701/609/2907 2712/609/2914 2709/608/2915
f 2701/609/2907 2702/610/2906 2711/610/2913 2712/609/2914
f 2714/626/2916 2704/629/2917 2716/628/2918 2715/627/2919
f 2705/604/2909 2706/605/2908 2707/605/2920 2708/604/2912
f 2704/629/2917 2714/626/2916 2703/607/2911 2713/608/2910
f 2715/627/2919 2716/628/2918 2709/608/2915 2710/607/2921
f 2716/628/2918 2704/629/2917 2713/608/2910 2709/608/2915
f 2967/607/2922 2966/864/2923 2720/611/2924 2722/607/2925
f 2694/609/2900 2701/609/2907 2713/608/2910 2697/608/2901
f 2968/678/2926 2970/866/2927 2721/605/2928 2717/604/2929
f 2969/869/2930 2965/610/2931 2718/610/2932 2719/609/2933
f 2966/864/2923 2969/869/2930 2719/609/2933 2720/611/2924
f 2965/610/2931 2968/678/2926 2717/604/2929 2718/610/2932
f 2731/604/2934 2738/604/2935 2681/605/2866 2671/605/2865
f 2668/606/2868 2663/607/2871 2741/608/2936 2729/609/2937
f 2659/605/2872 2665/106/2875 2727/610/2938 2723/604/2939
f 2726/609/2940 2728/609/2941 2730/610/2942 2724/610/2943
f 2680/607/2880 2673/607/2883 2748/608/2944 2740/611/2945
f 2665/106/2875 2668/606/2868 2729/609/2937 2727/610/2938
f 2723/604/2939 2731/604/2934 2671/605/2865 2659/605/2872
f 2740/611/2945 2748/608/2944 2728/609/2941 2726/609/2940
f 2734/610/2946 2724/610/2943 2738/604/2935 2731/604/2934
f 2729/609/2937 2736/609/2947 2734/610/2946 2727/610/2938
f 2738/604/2935 2735/604/2948 2679/605/2886 2681/605/2866
f 2727/610/2938 2734/610/2946 2731/604/2934 2723/604/2939
f 2739/608/2949 2740/611/2945 2726/609/2940 2736/609/2947
f 2724/610/2943 2730/610/2942 2735/604/2948 2738/604/2935
f 2687/612/2889 2689/613/2892 2732/614/2950 2725/615/2951
f 2741/608/2936 2739/608/2949 2736/609/2947 2729/609/2937
f 2689/613/2892 2688/616/2894 2737/617/2952 2732/614/2950
f 2736/609/2947 2726/609/2940 2724/610/2943 2734/610/2946
f 2733/618/2953 2740/611/2945 2739/608/2949 2742/619/2954
f 2743/620/2955 2741/608/2936 2663/607/2871 2692/621/2898
f 2688/616/2894 2693/622/2899 2733/618/2953 2737/617/2952
f 2732/614/2950 2742/619/2954 2743/620/2955 2725/615/2951
f 2742/619/2954 2739/608/2949 2741/608/2936 2743/620/2955
f 2693/622/2899 2680/607/2880 2740/611/2945 2733/618/2953
f 2725/615/2951 2743/620/2955 2692/621/2898 2687/612/2889
f 2737/617/2952 2733/618/2953 2742/619/2954 2732/614/2950
f 2748/608/2944 2746/608/2956 2744/609/2957 2728/609/2941
f 2735/604/2948 2747/604/2958 2699/605/2902 2679/605/2886
f 2730/610/2942 2745/610/2959 2747/604/2958 2735/604/2948
f 2728/609/2941 2744/609/2957 2745/610/2959 2730/610/2942
f 2746/608/2956 2748/608/2944 2673/607/2883 2696/607/2905
f 2745/610/2959 2744/609/2957 2749/609/2960 2750/610/2961
f 2699/605/2902 2747/604/2958 2752/604/2962 2706/605/2908
f 2747/604/2958 2745/610/2959 2750/610/2961 2752/604/2962
f 2746/608/2956 2696/607/2905 2703/607/2911 2757/608/2963
f 2750/610/2961 2755/610/2964 2753/604/2965 2752/604/2962
f 2757/608/2963 2754/608/2966 2756/609/2967 2749/609/2960
f 2749/609/2960 2756/609/2967 2755/610/2964 2750/610/2961
f 2714/626/2916 2715/627/2919 2758/628/2968 2751/629/2969
f 2752/604/2962 2753/604/2965 2707/605/2920 2706/605/2908
f 2751/629/2969 2757/608/2963 2703/607/2911 2714/626/2916
f 2715/627/2919 2710/607/2921 2754/608/2966 2758/628/2968
f 2758/628/2968 2754/608/2966 2757/608/2963 2751/629/2969
f 2967/607/2922 2722/607/2925 2762/611/2970 2972/864/2971
f 2744/609/2957 2746/608/2956 2757/608/2963 2749/609/2960
f 2973/870/2972 2759/604/2973 2721/605/2928 2970/866/2927
f 2974/859/2974 2761/609/2975 2760/610/2976 2971/610/2977
f 2972/864/2971 2762/611/2970 2761/609/2975 2974/859/2974
f 2971/610/2977 2760/610/2976 2759/604/2973 2973/870/2972
f 2776/604/2978 2775/605/2979 2785/605/2980 2787/604/2981
f 2772/606/2982 2773/609/2983 2790/608/2984 2767/607/2985
f 2763/605/2986 2764/604/2987 2770/610/2988 2769/106/2989
f 2768/609/2990 2765/610/2991 2774/610/2992 2771/609/2993
f 2784/607/2994 2789/611/2995 2804/608/2996 2777/607/2997
f 2769/106/2989 2770/610/2988 2773/609/2983 2772/606/2982
f 2764/604/2987 2763/605/2986 2775/605/2979 2776/604/2978
f 2789/611/2995 2768/609/2990 2771/609/2993 2804/608/2996
f 2780/610/2998 2776/604/2978 2787/604/2981 2765/610/2991
f 2773/609/2983 2770/610/2988 2780/610/2998 2782/609/2999
f 2787/604/2981 2785/605/2980 2783/605/3000 2781/604/3001
f 2770/610/2988 2764/604/2987 2776/604/2978 2780/610/2998
f 2788/608/3002 2782/609/2999 2768/609/2990 2789/611/2995
f 2765/610/2991 2787/604/2981 2781/604/3001 2774/610/2992
f 2791/612/3003 2766/615/3004 2778/614/3005 2793/613/3006
f 2790/608/2984 2773/609/2983 2782/609/2999 2788/608/3002
f 2793/613/3006 2778/614/3005 2786/617/3007 2792/616/3008
f 2782/609/2999 2780/610/2998 2765/610/2991 2768/609/2990
f 2779/618/3009 2794/619/3010 2788/608/3002 2789/611/2995
f 2795/620/3011 2796/621/3012 2767/607/2985 2790/608/2984
f 2792/616/3008 2786/617/3007 2779/618/3009 2797/622/3013
f 2778/614/3005 2766/615/3004 2795/620/3011 2794/619/3010
f 2794/619/3010 2795/620/3011 2790/608/2984 2788/608/3002
f 2797/622/3013 2779/618/3009 2789/611/2995 2784/607/2994
f 2766/615/3004 2791/612/3003 2796/621/3012 2795/620/3011
f 2786/617/3007 2778/614/3005 2794/619/3010 2779/618/3009
f 2804/608/2996 2771/609/2993 2798/609/3014 2801/608/3015
f 2781/604/3001 2783/605/3000 2803/605/3016 2802/604/3017
f 2774/610/2992 2781/604/3001 2802/604/3017 2799/610/3018
f 2771/609/2993 2774/610/2992 2799/610/3018 2798/609/3014
f 2801/608/3015 2800/607/3019 2777/607/2997 2804/608/2996
f 2799/610/3018 2806/610/3020 2805/609/3021 2798/609/3014
f 2803/605/3016 2810/605/3022 2809/604/3023 2802/604/3017
f 2802/604/3017 2809/604/3023 2806/610/3020 2799/610/3018
f 2801/608/3015 2817/608/3024 2807/607/3025 2800/607/3019
f 2806/610/3020 2809/604/3023 2812/604/3026 2815/610/3027
f 2817/608/3024 2805/609/3021 2816/609/3028 2813/608/3029
f 2805/609/3021 2806/610/3020 2815/610/3027 2816/609/3028
f 2818/626/3030 2808/629/3031 2820/628/3032 2819/627/3033
f 2809/604/3023 2810/605/3022 2811/605/3034 2812/604/3026
f 2808/629/3031 2818/626/3030 2807/607/3025 2817/608/3024
f 2819/627/3033 2820/628/3032 2813/608/3029 2814/607/3035
f 2820/628/3032 2808/629/3031 2817/608/3024 2813/608/3029
f 2987/607/3036 2986/679/3037 2824/611/2506 2826/607/3038
f 2798/609/3014 2805/609/3021 2817/608/3024 2801/608/3015
f 2988/865/3039 2990/605/3040 2825/605/3041 2821/604/3042
f 2989/609/3043 2985/860/3044 2822/610/3045 2823/609/2507
f 2986/679/3037 2989/609/3043 2823/609/2507 2824/611/2506
f 2985/860/3044 2988/865/3039 2821/604/3042 2822/610/3045
f 2835/604/3046 2842/604/3047 2785/605/2980 2775/605/2979
f 2772/606/2982 2767/607/2985 2845/608/3048 2833/609/3049
f 2763/605/2986 2769/106/2989 2831/610/3050 2827/604/3051
f 2830/609/3052 2832/609/3053 2834/610/3054 2828/610/3055
f 2784/607/2994 2777/607/2997 2852/608/3056 2844/611/3057
f 2769/106/2989 2772/606/2982 2833/609/3049 2831/610/3050
f 2827/604/3051 2835/604/3046 2775/605/2979 2763/605/2986
f 2844/611/3057 2852/608/3056 2832/609/3053 2830/609/3052
f 2838/610/3058 2828/610/3055 2842/604/3047 2835/604/3046
f 2833/609/3049 2840/609/3059 2838/610/3058 2831/610/3050
f 2842/604/3047 2839/604/3060 2783/605/3000 2785/605/2980
f 2831/610/3050 2838/610/3058 2835/604/3046 2827/604/3051
f 2843/608/3061 2844/611/3057 2830/609/3052 2840/609/3059
f 2828/610/3055 2834/610/3054 2839/604/3060 2842/604/3047
f 2791/612/3003 2793/613/3006 2836/614/3062 2829/615/3063
f 2845/608/3048 2843/608/3061 2840/609/3059 2833/609/3049
f 2793/613/3006 2792/616/3008 2841/617/3064 2836/614/3062
f 2840/609/3059 2830/609/3052 2828/610/3055 2838/610/3058
f 2837/618/3065 2844/611/3057 2843/608/3061 2846/619/3066
f 2847/620/3067 2845/608/3048 2767/607/2985 2796/621/3012
f 2792/616/3008 2797/622/3013 2837/618/3065 2841/617/3064
f 2836/614/3062 2846/619/3066 2847/620/3067 2829/615/3063
f 2846/619/3066 2843/608/3061 2845/608/3048 2847/620/3067
f 2797/622/3013 2784/607/2994 2844/611/3057 2837/618/3065
f 2829/615/3063 2847/620/3067 2796/621/3012 2791/612/3003
f 2841/617/3064 2837/618/3065 2846/619/3066 2836/614/3062
f 2852/608/3056 2850/608/3068 2848/609/3069 2832/609/3053
f 2839/604/3060 2851/604/3070 2803/605/3016 2783/605/3000
f 2834/610/3054 2849/610/3071 2851/604/3070 2839/604/3060
f 2832/609/3053 2848/609/3069 2849/610/3071 2834/610/3054
f 2850/608/3068 2852/608/3056 2777/607/2997 2800/607/3019
f 2849/610/3071 2848/609/3069 2853/609/3072 2854/610/3073
f 2803/605/3016 2851/604/3070 2856/604/3074 2810/605/3022
f 2851/604/3070 2849/610/3071 2854/610/3073 2856/604/3074
f 2850/608/3068 2800/607/3019 2807/607/3025 2861/608/3075
f 2854/610/3073 2859/610/3076 2857/604/3077 2856/604/3074
f 2861/608/3075 2858/608/3078 2860/609/3079 2853/609/3072
f 2853/609/3072 2860/609/3079 2859/610/3076 2854/610/3073
f 2818/626/3030 2819/627/3033 2862/628/3080 2855/629/3081
f 2856/604/3074 2857/604/3077 2811/605/3034 2810/605/3022
f 2855/629/3081 2861/608/3075 2807/607/3025 2818/626/3030
f 2819/627/3033 2814/607/3035 2858/608/3078 2862/628/3080
f 2862/628/3080 2858/608/3078 2861/608/3075 2855/629/3081
f 2987/607/3036 2826/607/3038 2866/611/2514 2992/611/3082
f 2848/609/3069 2850/608/3068 2861/608/3075 2853/609/3072
f 2993/862/3083 2863/604/3084 2825/605/3041 2990/605/3040
f 2994/871/3085 2865/609/3086 2864/610/3087 2991/872/3088
f 2992/611/3082 2866/611/2514 2865/609/3086 2994/871/3085
f 2991/872/3088 2864/610/3087 2863/604/3084 2993/862/3083
f 2516/609/2716 2518/610/2719 2932/610/2511 2938/609/2546
f 2615/609/2823 2614/610/2822 2935/610/3089 2936/609/3090
f 2719/609/2933 2718/610/2932 2908/610/3091 2911/609/3092
f 2469/609/2667 2913/609/2504 2900/610/3093 2468/610/2668
f 2614/610/2822 2613/604/2819 2934/604/3094 2935/610/3089
f 2616/611/2814 2615/609/2823 2936/609/3090 2920/611/3095
f 2518/610/2719 2521/604/2718 2937/604/3096 2932/610/2511
f 2520/608/2717 2516/609/2716 2938/609/2546 2929/608/2545
f 2718/610/2932 2717/604/2929 2909/604/3097 2908/610/3091
f 2720/611/2924 2719/609/2933 2911/609/3092 2342/611/2513
f 2468/610/2668 2900/610/3093 2903/604/3098 2467/604/2665
f 2470/611/2662 2905/611/2505 2913/609/2504 2469/609/2667
f 2552/610/2752 2550/609/2751 2875/609/2438 2876/610/2497
f 2554/604/2753 2552/610/2752 2876/610/2497 2339/604/2429
f 2522/605/2721 2554/604/2753 2339/604/2429 2874/605/2428
f 2759/604/2973 2934/604/3094 2939/604/3099 2888/604/3100
f 2470/611/2662 2430/607/2617 2328/607/2520 2870/611/3101
f 2866/611/2514 2826/607/3038 2892/607/2542 2894/611/2515
f 2762/611/2970 2722/607/2925 2887/607/2517 2889/611/3102
f 2658/611/2548 2618/607/2815 2881/607/2435 2883/611/3103
f 2553/608/2750 2519/607/2720 2871/607/2502 2877/608/2439
f 2616/611/2814 2920/611/3095 2919/611/3104 2879/611/3105
f 2429/605/2620 2467/604/2665 2869/604/3106 2327/605/2555
f 2825/605/3041 2863/604/3084 2893/604/2499 3011/605/3107
f 2721/605/2928 2759/604/2973 2888/604/3100 3010/605/3108
f 2617/605/2818 2655/604/2509 2882/604/3109 3019/605/3110
f 2655/604/2509 2960/604/2508 2941/604/3111 2882/604/3109
f 2520/608/2717 2929/608/2545 2928/608/3112 2872/608/3113
f 2863/604/3084 2909/604/3097 2886/604/2500 2893/604/2499
f 2720/611/2924 2342/611/2513 2880/611/2512 2885/611/3114
f 2430/607/2617 2428/611/2616 2868/611/2521 2328/607/2520
f 2826/607/3038 2824/611/2506 2891/611/3115 2892/607/2542
f 2722/607/2925 2720/611/2924 2885/611/3114 2887/607/2517
f 2618/607/2815 2616/611/2814 2879/611/3105 2881/607/2435
f 2467/604/2665 2903/604/3098 2895/604/3116 2869/604/3106
f 2425/604/2621 2429/605/2620 2327/605/2555 2867/604/3117
f 2821/604/3042 2825/605/3041 3011/605/3107 2890/604/3118
f 2717/604/2929 2721/605/2928 3010/605/3108 2884/604/3119
f 2613/604/2819 2617/605/2818 3019/605/3110 2878/604/3120
f 2521/604/2718 2522/605/2721 2874/605/2428 2873/604/3121
f 2824/611/2506 2905/611/2505 2898/873/3122 2891/611/3115
f 2427/609/2625 2426/610/2624 2341/610/3123 2340/609/2544
f 2550/609/2751 2553/608/2750 2877/608/2439 2875/609/2438
f 2519/607/2720 2520/608/2717 2872/608/3113 2871/607/2502
f 2428/611/2616 2427/609/2625 2340/609/2544 2868/611/2521
f 2426/610/2624 2425/604/2621 2867/604/3117 2341/610/3123
f 2871/817/2502 2872/608/3113 2928/608/3112 2926/837/2503
f 2881/803/2435 2879/611/3105 2919/611/3104 2923/806/2436
f 2887/825/2517 2885/611/3114 2880/611/2512 2912/832/2518
f 2892/91/2542 2891/611/3115 2898/873/3122 2897/811/2543
f 3011/605/3107 2893/604/2499 3012/91/2498
f 2325/605/3124 2888/604/3100 2939/604/3099 2930/605/3125
f 2873/604/3121 2874/817/2428 2933/874/3126 2931/604/3127
f 3012/91/2498 2890/604/3118 3011/605/3107
f 2323/799/2533 2340/799/2544 2341/822/3123 2324/822/2411
f 2329/816/2496 2281/816/2430 2339/816/2429 2876/833/2497
f 2877/834/2439 2871/817/2502 2273/817/2444 2282/816/2440
f 2912/832/2518 2880/611/2512 2894/611/2515 2892/91/2542
f 2910/832/2450 2285/91/2377 2286/91/2483 2907/832/2467
f 2897/811/2543 2898/873/3122 2870/611/3101 2328/799/2520
f 2912/832/2518 2892/91/2542 2280/91/2378 2906/832/2449
f 2896/875/2501 2886/604/2500 2884/604/3119 2325/605/3124
f 2897/811/2543 2328/799/2520 2271/799/2519 2899/811/2379
f 2907/832/2467 2286/91/2483 2343/841/2468
f 2895/604/3116 2903/604/3098 2821/604/3042 2890/604/3118
f 2895/604/3116 2901/875/2552 2327/605/2555 2869/604/3106
f 2911/609/3092 2908/610/3091 2864/610/3087 2865/609/3086
f 2900/610/3093 2913/609/2504 2823/609/2507 2822/610/3045
f 2898/873/3122 2905/611/2505 2470/611/2662 2870/611/3101
f 2906/832/2449 2280/91/2378 2285/91/2377 2910/832/2450
f 2902/843/2480 2343/841/2468 2286/91/2483
f 2904/812/2380 2287/799/2486 2288/799/2481 2902/843/2480
f 2908/610/3091 2909/604/3097 2863/604/3084 2864/610/3087
f 2899/811/2379 2271/799/2519 2287/799/2486 2904/812/2380
f 2342/611/2513 2911/609/3092 2865/609/3086 2866/611/2514
f 2886/604/2500 2909/604/3097 2717/604/2929 2884/604/3119
f 2903/604/3098 2900/610/3093 2822/610/3045 2821/604/3042
f 2916/799/2491 2355/799/2492 2307/799/2525 2948/799/2549
f 2917/799/2488 2336/799/2489 2355/799/2492 2916/799/2491
f 2914/799/2522 2323/799/2533 2338/799/2490 2915/799/2487
f 2915/799/2487 2338/799/2490 2336/799/2489 2917/799/2488
f 2919/611/3104 2920/611/3095 2762/611/2970 2889/611/3102
f 2922/807/2484 2283/801/2469 2349/801/2466
f 2918/807/2372 2284/801/2447 2283/801/2469 2922/807/2484
f 2923/806/2436 2887/825/2517 2278/825/2448 2921/806/2371
f 2923/806/2436 2919/611/3104 2889/611/3102 2887/825/2517
f 2921/806/2371 2278/825/2448 2284/801/2447 2918/807/2372
f 2907/832/2467 2349/801/2466 2283/801/2469
f 2924/836/2451 2276/803/2370 2291/803/2369 2927/837/2452
f 2928/608/3112 2929/608/2545 2658/611/2548 2883/611/3103
f 2926/837/2503 2881/803/2435 2276/803/2370 2924/836/2451
f 2922/807/2484 2345/803/2464 2292/803/2485
f 2926/837/2503 2928/608/3112 2883/611/3103 2881/803/2435
f 2927/837/2452 2291/803/2369 2292/803/2485 2925/837/2463
f 2925/837/2463 2292/803/2485 2345/803/2464
f 2925/837/2463 2354/840/2462 2301/817/2465
f 2931/604/3127 2937/604/3096 2521/604/2718 2873/604/3121
f 2938/609/2546 2932/610/2511 2656/610/2510 2657/609/2547
f 2936/609/3090 2935/610/3089 2760/610/2976 2761/609/2975
f 2941/604/3111 2960/604/2508 2963/604/3128 2964/604/3129
f 2935/610/3089 2934/604/3094 2759/604/2973 2760/610/2976
f 2920/611/3095 2936/609/3090 2761/609/2975 2762/611/2970
f 2939/604/3099 2878/604/3120 2326/605/3130 2930/605/3125
f 2939/604/3099 2934/604/3094 2613/604/2819 2878/604/3120
f 2932/610/2511 2937/604/3096 2963/604/3128
f 2931/604/3127 2933/874/3126 2962/876/3131 2964/604/3129
f 2930/806/3125 3006/877/3132 2277/825/3133 2325/825/3124
f 2275/803/3134 2326/803/3130 2940/878/3135
f 2941/604/3111 2940/879/3135 2326/605/3130 2882/604/3109
f 2259/827/2419 2942/2/2426 2231/2/2425 2944/828/2420
f 2944/828/2420 2231/2/2425 2249/794/3136 2943/795/2354
f 2943/795/2354 2249/794/3136 2250/799/2399 2946/792/2351
f 2363/851/2531 2945/2/2541 2942/2/2426 2259/827/2419
f 2946/792/2351 2250/799/2399 2947/799/2398 2262/793/2352
f 2262/793/2352 2947/799/2398 2948/799/2549 2359/847/2523
f 2359/847/2523 2948/799/2549 2949/794/2550 2361/848/2524
f 2361/848/2524 2949/794/2550 2945/2/2541 2363/851/2531
f 2950/820/2393 2252/810/3137 2235/808/2405 2951/818/2390
f 2267/829/2421 2952/816/2387 2251/816/2386 2954/830/2422
f 2954/830/2422 2251/816/2386 2252/810/3137 2950/820/2393
f 2951/818/2390 2235/808/2405 2953/808/2404 2270/819/2391
f 2362/850/2528 2955/816/2516 2952/816/2387 2267/829/2421
f 2270/819/2391 2953/808/2404 2956/854/2537 2364/853/2534
f 2365/849/2527 2957/810/2551 2955/816/2516 2362/850/2528
f 2364/853/2534 2956/854/2537 2957/810/2551 2365/849/2527
f 2245/804/2403 23/804/514 248/797/73 2246/797/2400
f 2242/803/2395 21/803/77 331/817/76 2237/817/2389
f 2246/797/2400 248/797/73 22/2/72 2231/2/2425
f 2251/816/2386 20/816/327 149/810/81 2252/810/3137
f 2231/2/2425 22/2/72 1153/794/134 2249/794/3136
f 2250/799/2399 2958/799/133 40/91/24 2233/91/2396
f 2233/91/2396 40/91/24 2174/825/23 2241/825/2424
f 2249/794/3136 1153/794/134 2958/799/133 2250/799/2399
f 2235/808/2405 2218/808/80 23/804/514 2245/804/2403
f 2252/810/3137 149/810/81 2218/808/80 2235/808/2405
f 2241/825/2424 2174/825/23 21/803/77 2242/803/2395
f 2237/817/2389 331/817/76 20/816/327 2251/816/2386
f 2344/844/2482 2916/799/2491 2948/799/2549 2947/799/2398
f 2955/816/2516 2347/826/2473 2354/840/2462
f 2933/837/3126 2959/835/2441 2961/880/3138 2962/881/3131
f 2959/835/2441 2933/837/3126 2874/817/2428 2274/817/2427
f 2959/835/2441 2294/803/2366 2961/880/3138
f 2964/604/3129 2963/604/3128 2937/604/3096 2931/604/3127
f 2963/604/3128 2960/604/2508 2932/610/2511
f 2962/881/3131 2961/880/3138 2275/803/3134 2940/878/3135
f 2964/604/3129 2962/876/3131 2940/879/3135 2941/604/3111
f 2961/880/3138 2294/803/2366 2275/803/3134
f 2755/610/2964 2971/610/2977 2973/870/2972 2753/604/2965
f 2754/608/2966 2972/864/2971 2974/859/2974 2756/609/2967
f 2756/609/2967 2974/859/2974 2971/610/2977 2755/610/2964
f 2753/604/2965 2973/870/2972 2970/866/2927 2707/605/2920
f 2710/607/2921 2967/607/2922 2972/864/2971 2754/608/2966
f 2711/610/2913 2708/604/2912 2968/678/2926 2965/610/2931
f 2709/608/2915 2712/609/2914 2969/869/2930 2966/864/2923
f 2712/609/2914 2711/610/2913 2965/610/2931 2969/869/2930
f 2708/604/2912 2707/605/2920 2970/866/2927 2968/678/2926
f 2710/607/2921 2709/608/2915 2966/864/2923 2967/607/2922
f 2651/610/2854 2981/610/2863 2983/604/2861 2649/604/2855
f 2650/608/2856 2982/868/2860 2984/867/2862 2652/609/2857
f 2652/609/2857 2984/867/2862 2981/610/2863 2651/610/2854
f 2649/604/2855 2983/604/2861 2980/866/2817 2603/605/2810
f 2606/607/2811 2977/863/2812 2982/868/2860 2650/608/2856
f 2607/610/2803 2604/604/2802 2978/865/2816 2975/610/2821
f 2605/608/2805 2608/609/2804 2979/867/2820 2976/864/2813
f 2608/609/2804 2607/610/2803 2975/610/2821 2979/867/2820
f 2604/604/2802 2603/605/2810 2980/866/2817 2978/865/2816
f 2606/607/2811 2605/608/2805 2976/864/2813 2977/863/2812
f 2859/610/3076 2991/872/3088 2993/862/3083 2857/604/3077
f 2858/608/3078 2992/611/3082 2994/871/3085 2860/609/3079
f 2860/609/3079 2994/871/3085 2991/872/3088 2859/610/3076
f 2857/604/3077 2993/862/3083 2990/605/3040 2811/605/3034
f 2814/607/3035 2987/607/3036 2992/611/3082 2858/608/3078
f 2815/610/3027 2812/604/3026 2988/865/3039 2985/860/3044
f 2813/608/3029 2816/609/3028 2989/609/3043 2986/679/3037
f 2816/609/3028 2815/610/3027 2985/860/3044 2989/609/3043
f 2812/604/3026 2811/605/3034 2990/605/3040 2988/865/3039
f 2814/607/3035 2813/608/3029 2986/679/3037 2987/607/3036
f 2463/610/2656 3001/610/2669 3003/862/2664 2461/604/2657
f 2462/608/2658 3002/861/2663 3004/609/2666 2464/609/2659
f 2464/609/2659 3004/609/2666 3001/610/2669 2463/610/2656
f 2461/604/2657 3003/862/2664 3000/605/2619 2415/605/2612
f 2418/607/2613 2997/607/2614 3002/861/2663 2462/608/2658
f 2419/610/2605 2416/604/2604 2998/604/2618 2995/860/2623
f 2417/608/2607 2420/609/2606 2999/859/2622 2996/858/2615
f 2420/609/2606 2419/610/2605 2995/860/2623 2999/859/2622
f 2416/604/2604 2415/605/2612 3000/605/2619 2998/604/2618
f 2418/607/2613 2417/608/2607 2996/858/2615 2997/607/2614
f 3016/800/2361 3015/799/2360 2272/799/2554 3013/811/2553
f 3007/832/2434 2896/832/2501 2325/825/3124 2277/825/3133
f 3006/877/3132 3008/802/2365 3005/801/2364 2277/825/3133
f 3010/605/3108 2888/604/3100 2325/605/3124
f 3005/801/2364 3009/831/2431 3007/832/2434 2277/825/3133
f 2884/604/3119 3010/605/3108 2325/605/3124
f 2279/91/2433 3012/91/2498 2896/832/2501 3007/832/2434
f 2294/803/2366 3008/802/2365 3006/877/3132 2275/803/3134
f 2890/604/3118 3012/91/2498 2901/875/2552 2895/604/3116
f 3014/91/2432 3016/800/2361 3013/811/2553 2279/91/2433
f 3014/91/2432 3009/831/2431 2298/91/2362
f 2272/799/2554 3017/823/2412 2867/799/3117 2327/605/2555
f 2298/91/2362 3016/800/2361 3014/91/2432
f 3013/811/2553 2901/843/2552 3012/91/2498 2279/91/2433
f 3015/799/2360 3018/799/2413 3017/823/2412 2272/799/2554
f 3017/823/2412 2324/822/2411 2341/822/3123 2867/799/3117
f 3018/799/2413 3015/799/2360 2290/799/2359 2337/799/2410
f 3006/877/3132 2930/806/3125 2326/803/3130 2275/803/3134
f 2878/604/3120 3019/605/3110 2326/605/3130
f 3019/605/3110 2882/604/3109 2326/605/3130
f 314/19/323 326/207/304 319/17/303 145/19/322
f 3021/101/480 3025/54/536 295/37/534 1174/101/533
f 3025/54/536 7/54/508 294/54/510
f 3024/11/481 3020/9/532 2180/9/2300 39/11/482
f 2216/58/280 3066/58/279 3076/790/2344 3074/790/2345
f 3023/34/484 3020/9/532 2182/9/11 299/34/541
f 3024/11/481 3021/101/480 1174/101/533 301/10/12
f 3022/17/485 3023/34/484 299/34/541 321/17/535
f 1206/159/221 3028/158/220 3031/90/222 1229/90/225
f 224/527/444 1198/327/516 3039/329/518 3034/160/223
f 225/289/434 1190/255/455 3038/1/1 3035/275/435
f 1213/88/125 3032/88/124 3027/87/432 1156/87/2293
f 1221/167/232 3037/166/231 3026/50/66 36/21/69
f 1198/327/516 276/293/441 3036/165/230 3039/329/518
f 1215/52/68 3033/51/67 3030/84/123 1233/84/126
f 1156/87/2293 3027/87/432 3035/275/435 1217/81/1354
f 276/293/441 1146/292/440 3037/166/231 3036/165/230
f 221/294/445 224/91/444 3034/160/223 3031/90/222
f 218/2/449 1204/158/448 3028/158/220 3029/2/2
f 220/84/437 222/88/451 3032/88/124 3030/84/123
f 219/297/453 223/52/436 3033/51/67 3026/50/66
f 1190/255/455 218/2/449 3029/2/2 3038/1/1
f 2161/90/430 183/90/397 1205/264/402 205/263/401
f 192/256/388 2161/90/430 205/263/401 204/2/383
f 3040/285/431 2161/90/430 192/256/388 187/882/408
f 206/88/375 3046/88/386 3051/282/427 1166/87/415
f 1147/239/356 3050/238/355 3041/148/358 181/21/361
f 1196/242/363 274/883/419 3049/237/354 3053/243/364
f 192/256/388 3045/90/387 3042/287/365 187/882/408
f 194/52/360 3047/52/359 3044/84/385 191/84/374
f 1166/87/415 3051/282/427 3048/283/428 208/275/414
f 213/2/421 215/90/420 3045/90/387 3043/254/382
f 214/134/186 216/88/422 3046/88/386 3044/84/385
f 1189/281/426 213/2/421 3043/254/382 3052/3/381
f 190/148/424 217/52/183 3047/52/359 3041/148/358
f 274/883/419 1148/524/418 3050/238/355 3049/237/354
f 317/17/486 3022/17/485 2229/19/529 17/19/61
f 2170/204/292 3065/203/291 3054/197/282 132/200/285
f 138/33/493 265/55/492 3062/55/286 3057/33/562
f 229/19/463 135/212/325 3061/211/324 3060/19/464
f 228/44/281 229/45/463 3060/45/464 3058/44/278
f 141/782/2302 3059/202/290 3055/11/275 226/11/560
f 232/302/467 3061/211/324 3063/198/283 332/303/468
f 141/782/2302 2176/300/460 3065/203/291 3059/202/290
f 265/55/492 3071/201/555 3069/201/287 3062/55/286
f 231/299/459 332/303/468 3063/198/283 3054/197/282
f 233/44/466 2219/58/561 3066/58/279 3058/44/278
f 1162/96/546 226/11/560 3055/11/275 3064/101/274
f 2222/58/2338 3095/58/2337 3089/15/2326 2204/15/2329
f 3071/201/555 3068/201/538 336/54/1350 137/54/545
f 3067/201/288 3069/201/287 3056/54/547 133/54/1353
f 3069/201/287 3071/201/555 137/54/545 3056/54/547
f 3068/201/538 3070/201/537 316/54/1351 336/54/1350
f 2203/54/2315 3080/206/2339 3067/201/288 133/54/1353
f 3070/201/537 3082/206/300 142/54/299 316/54/1351
f 3072/790/2348 3083/791/2350 3084/15/499 320/15/494
f 3073/790/2343 3075/790/2347 333/15/490 138/15/493
f 3075/790/2347 3072/790/2348 320/15/494 333/15/490
f 3076/790/2344 3073/790/2343 138/15/493 3057/15/562
f 3074/790/2345 134/15/563 3079/15/2325 3078/791/2346
f 3074/790/2345 3076/790/2344 3057/15/562 134/15/563
f 3079/33/2325 3077/53/2324 2208/53/3139 2205/33/2349
f 3077/53/2324 3080/206/2339 2203/54/2315 2208/53/3139
f 3078/791/2346 3079/15/2325 2205/15/2349 2220/58/2336
f 3084/15/499 3083/791/2350 2221/58/307 143/15/489
f 3084/310/499 3081/193/301 322/67/495 320/33/494
f 3081/193/301 3082/206/300 3070/201/537 322/67/495
f 2200/11/2340 2214/9/2297 3094/784/2312 3087/10/2341
f 2208/53/3139 2203/54/2315 3088/786/2316 3091/53/2327
f 2196/34/2298 2210/17/556 3092/56/2322 3085/34/2313
f 2206/788/2330 2220/58/2336 3095/58/2337 3090/788/2331
f 2212/785/2314 3108/789/2333 3107/98/2334 3093/101/2317
f 2198/45/557 2206/788/2330 3090/788/2331 3086/45/2323
f 2205/33/2349 2208/53/3139 3091/53/2327 3089/33/2326
f 2211/337/2320 3092/56/2322 3086/19/2323 2199/188/2321
f 2203/54/2315 2212/785/2314 3093/101/2317 3088/786/2316
f 2215/9/2310 3094/784/2312 3085/34/2313 2197/34/2311
f 2218/58/80 3106/57/79 3105/15/513 23/15/514
f 331/17/76 3101/56/75 3097/19/326 20/19/327
f 2174/9/23 3103/9/22 3096/34/74 21/34/77
f 2202/786/2319 2213/787/2318 3102/96/131 3104/54/71
f 2204/33/2329 2209/53/2328 3100/53/70 3105/33/513
f 2199/301/2321 2207/44/2332 3099/44/78 3097/45/326
f 2213/787/2318 3110/98/2335 3109/97/132 3102/96/131
f 2207/44/2332 2222/58/2338 3106/57/79 3099/44/78
f 2197/34/2311 2211/337/2320 3101/56/75 3096/34/74
f 2209/53/2328 2202/786/2319 3104/54/71 3100/53/70
f 2201/11/2342 2215/9/2310 3103/9/22 3098/14/21
f 3109/97/132 3110/98/2335 2201/11/2342 3098/14/21
f 3108/789/2333 3111/98/277 227/11/276 2200/11/2340
f 3107/98/2334 3108/789/2333 2200/11/2340 3087/10/2341
f 3110/98/2335 3107/98/2334 3087/10/2341 2201/11/2342
f 3111/98/277 1161/100/1352 3064/101/274
f 2958/98/133 3109/97/132 3098/14/21 40/11/24
f 3116/884/3140 3115/885/3141 3117/886/3142 3119/887/3143
f 3118/888/3144 57/889/3145 3115/885/3141 3116/884/3140
f 3126/890/3146 3120/891/3147 3121/892/3148 3127/893/3149
f 3120/891/3147 3122/894/3150 3123/895/3151 3121/892/3148
f 3122/894/3150 3124/887/3152 3125/896/3153 3123/895/3151
f 3124/887/3152 3129/897/3154 3128/898/3155 3125/896/3153
f 3127/893/3149 3121/892/3148 3112/63/90 11/66/93
f 3122/894/3150 3120/891/3147 3118/888/3144 3116/884/3140
f 3120/891/3147 3126/890/3146 57/889/3145 3118/888/3144
f 3121/892/3148 3123/895/3151 3113/18/30 3112/63/90
f 3123/895/3151 3125/896/3153 3114/19/31 3113/18/30
f 3124/887/3152 3122/894/3150 3116/884/3140 3119/887/3143
f 3125/896/3153 3128/898/3155 340/66/564 3114/19/31
f 3129/897/3154 3124/887/3152 3119/887/3143 3117/886/3142
f 3131/170/235 3132/169/234 1140/236/353 1116/520/1345
f 1138/172/237 3130/171/236 178/522/155 92/48/64
f 97/176/148 159/174/239 3134/899/3156 100/106/149
f 1142/234/3157 1079/234/3158 1068/234/351 1069/234/350
f 1079/234/3158 1070/234/1338 1073/234/1336 1068/234/351
f 15/900/1332 3134/899/3156 159/174/239 277/173/238
f 3134/899/3156 15/900/1332 1036/217/332 100/106/149
f 2226/58/315 3145/58/2309 3136/15/2305 2187/15/488
f 1152/101/479 39/11/482 3139/11/2308 3143/101/2304
f 148/44/60 2224/58/531 3145/58/2309 3140/44/2307
f 8/34/483 317/17/486 3142/337/559 3137/781/2301
f 247/321/509 7/54/508 3135/37/2303 3141/312/2306
f 39/11/482 2180/9/2300 3144/9/2299 3139/11/2308
f 17/45/61 148/44/60 3140/44/2307 3138/783/558
f 19/33/25 247/321/509 3141/312/2306 3136/33/2305
f 7/54/508 1152/101/479 3143/101/2304 3135/37/2303
f 2195/210/320 3144/9/2299 3137/781/2301 2188/34/316
f 17/19/61 3138/19/558 3142/337/559 317/17/486
f 1204/158/448 3159/264/447 3150/256/442 221/294/445
f 202/779/399 1197/778/2295 3158/326/515 3153/526/443
f 203/261/395 1186/255/417 3157/298/454 3146/262/396
f 222/88/451 3151/88/450 3156/259/393 1171/288/433
f 1146/292/440 3155/291/439 3148/296/452 219/297/453
f 1197/778/2295 275/776/2294 3154/290/438 3158/326/515
f 1186/255/417 209/266/404 3147/295/446 3157/298/454
f 197/297/1347 201/249/370 3152/52/391 3148/296/452
f 198/84/373 210/267/405 3151/88/450 3149/84/392
f 209/266/404 1207/265/403 3159/264/447 3147/295/446
f 199/90/400 202/91/399 3153/91/443 3150/256/442
f 275/776/2294 1144/523/1346 3155/291/439 3154/290/438
f 1171/288/433 3156/259/393 3146/262/396 225/289/434
f 223/52/436 3152/52/391 3149/84/392 220/84/437
f 6087/1/3159 4268/3/3160 4261/2/3161 6078/2/3162
f 4244/4/3163 4232/6/3164 3242/3/3165 3392/5/3166
f 3375/7/3167 3433/10/3168 5233/9/3169 5222/8/3170
f 3207/11/3171 3251/11/3172 5235/9/3173 5236/9/3174
f 3208/12/3175 3439/12/3176 3436/13/3177 3206/13/3178
f 6147/14/3179 3190/11/3180 5225/9/3181 6152/9/3182
f 3173/15/3183 3432/15/3184 3428/16/3185 3423/16/3186
f 3260/17/3187 3255/20/3188 6163/19/3189 6162/18/3190
f 3183/21/3191 3254/24/3192 3473/23/3193 3472/22/3194
f 4233/25/3195 3185/27/3196 3384/26/3197 4244/4/3163
f 4252/28/3198 4253/31/3199 3262/30/3200 3235/29/3201
f 3261/32/3202 3422/12/3203 3263/33/3204 3372/33/3205
f 3373/34/3206 3456/35/3207 3446/17/3208 3165/34/3209
f 3387/36/3210 3435/39/3211 3438/38/3212 3205/37/3213
f 147/40/56 14/43/59 3424/42/3214 3420/41/3215
f 3424/42/3214 3171/45/3216 3285/44/3217 3420/41/3215
f 1179/46/62 4234/49/3218 3236/48/3219 93/47/63
f 6075/50/3220 3186/21/3221 4267/52/3222 6082/51/3223
f 6149/53/3224 3382/55/3225 3176/54/3226 6153/54/3227
f 6145/34/3228 3175/34/3229 3462/17/3230 6150/56/3231
f 6148/44/3232 3286/44/3233 5269/58/3234 6155/57/3235
f 3209/12/3236 3172/33/3237 5218/60/3238 5217/59/3239
f 3163/34/3240 3256/17/3241 3222/62/3242 3306/61/3243
f 6161/63/3244 11/66/93 169/65/92 3305/64/3245
f 3380/67/3246 3161/54/3247 5220/69/3248 5219/68/3249
f 65/70/98 3215/73/3250 3201/72/3251 32/71/99
f 3211/74/3252 3258/75/3253 3254/24/3192 3183/21/3191
f 3212/76/3254 3300/79/3255 3297/78/3256 3184/77/3257
f 3388/80/3258 3210/82/3259 3182/81/3260 3384/26/3197
f 3214/83/3261 3217/85/3262 3221/52/3263 3192/84/3264
f 4212/86/3265 3216/89/3266 3199/88/3267 4209/87/3268
f 3228/90/3269 3291/90/3270 3293/91/3271 3225/91/3272
f 6079/84/3273 4285/84/3274 4265/88/3275 6081/88/3276
f 3195/92/3277 3309/95/3278 3248/94/3279 3191/93/3280
f 6151/96/3281 4207/96/3282 6007/98/3283 6158/97/3284
f 4205/99/3285 4226/100/3286 3371/37/3287 3164/54/3288
f 4227/101/3289 3375/7/3167 3188/11/3290 4205/99/3285
f 3223/2/3291 3294/2/3292 3291/90/3270 3228/90/3269
f 3185/27/3196 3213/102/3293 3388/80/3258 3384/26/3197
f 4204/103/3294 4211/100/3295 3207/11/3171 3187/11/3296
f 3379/104/3297 3385/107/3298 3243/106/3299 3240/105/3300
f 4213/87/3301 3224/81/3302 3481/81/3303 4231/108/3304
f 4234/49/3218 4236/110/3305 3314/109/3306 3236/48/3219
f 3200/111/3307 3203/114/3308 3310/113/3309 3202/112/3310
f 3215/73/3250 3311/116/3311 3312/115/3312 3201/72/3251
f 3216/89/3266 3214/83/3261 3192/84/3264 3199/88/3267
f 4208/117/3313 4218/118/3314 3309/95/3278 3195/92/3277
f 3195/92/3277 3191/93/3280 3214/83/3261 3216/89/3266
f 3386/119/3315 3401/120/3316 3203/114/3308 3200/111/3307
f 9/121/167 56/121/168 3208/12/3175 3209/12/3236
f 3163/34/3240 3204/34/3317 3260/17/3187 3256/17/3241
f 3380/67/3246 3387/36/3210 3205/37/3213 3161/54/3247
f 3187/11/3296 3207/11/3171 5236/9/3174 5224/9/3318
f 9/121/167 3209/12/3236 5217/59/3239 2164/122/171
f 3202/112/3310 3198/125/3319 26/124/173 60/123/172
f 3206/13/3178 3436/13/3177 3435/39/3211 3387/36/3210
f 3208/12/3175 3206/13/3178 3172/33/3237 3209/12/3236
f 3198/125/3319 3313/126/3320 3311/116/3311 3215/73/3250
f 4208/117/3313 3195/92/3277 3216/89/3266 4212/86/3265
f 3191/93/3280 3219/127/3321 3217/85/3262 3214/83/3261
f 3383/128/3322 3178/129/3323 3210/82/3259 3388/80/3258
f 3180/130/3324 3299/131/3325 3300/79/3255 3212/76/3254
f 3179/132/3326 3252/133/3327 3258/75/3253 3211/74/3252
f 26/124/173 3198/125/3319 3215/73/3250 65/70/98
f 3353/52/3328 3350/134/3329 3227/84/3330 3230/52/3331
f 3219/127/3321 3179/132/3326 3211/74/3252 3217/85/3262
f 3230/52/3331 3227/84/3330 3480/84/3332 3474/52/3333
f 3220/135/3334 3302/138/3335 3303/137/3336 3259/136/3337
f 3217/85/3262 3211/74/3252 3183/21/3191 3221/52/3263
f 75/139/193 3301/140/3338 3302/138/3335 3220/135/3334
f 3219/141/3321 3250/144/3339 3247/143/3340 3218/142/3341
f 4224/145/3342 3348/81/3343 3224/81/3302 4213/87/3301
f 3160/2/3344 3411/2/3345 3482/90/3346 3193/90/3347
f 3192/84/3264 3480/84/3332 3418/88/3348 3199/88/3267
f 3162/91/3349 3477/91/3350 3476/147/3351 3295/146/3352
f 3193/90/3347 3482/90/3346 3477/91/3350 3162/91/3349
f 3183/21/3191 3479/148/3353 3474/52/3333 3221/52/3263
f 4232/6/3164 4245/6/3354 3475/3/3355 3242/3/3165
f 3417/149/3356 3390/152/3357 3244/151/3358 3245/150/3359
f 3390/153/3357 3389/156/3360 3289/155/3361 3244/154/3358
f 3372/33/3205 3263/33/3204 3396/157/3362 3393/55/3363
f 6078/2/3162 4261/2/3161 4258/159/3364 6077/158/3365
f 6080/90/3366 4281/90/3367 4291/91/3368 6083/160/3369
f 3404/161/3370 4203/164/3371 4199/163/3372 3471/162/3373
f 6085/165/3374 4274/168/3375 4273/167/3376 6086/166/3377
f 3236/48/3219 6174/170/3378 3132/169/234 93/47/63
f 6173/171/3379 3296/174/3380 3410/173/3381 4194/172/3382
f 3237/3/3383 3294/175/3292 3478/175/3384 3475/3/3355
f 3296/174/3380 6173/171/3379 6175/177/3385 3240/176/3300
f 3213/102/3293 3181/178/3386 3383/128/3322 3388/80/3258
f 3473/23/3193 3233/181/3387 3246/180/3388 3405/179/3389
f 3244/151/3358 3162/91/3349 3295/146/3352 3245/150/3359
f 3250/144/3339 3219/141/3321 3191/93/3280 3248/94/3279
f 3249/182/3390 3220/135/3334 3259/136/3337 3257/183/3391
f 4218/118/3314 4214/184/3392 3248/94/3279 3309/95/3278
f 107/185/250 75/139/193 3220/135/3334 3249/182/3390
f 3222/62/3242 3257/183/3391 3247/143/3340 3306/61/3243
f 3253/34/3393 3255/20/3188 3260/17/3187 3204/34/3317
f 3256/17/3241 6161/63/3244 3305/64/3245 3222/62/3242
f 3370/54/3394 3265/54/3395 3440/54/3396 3434/54/3397
f 3260/17/3187 6162/18/3190 6161/63/3244 3256/17/3241
f 3252/133/3327 3179/132/3326 3304/186/3398 3303/137/3336
f 3259/136/3337 3218/142/3341 3247/143/3340 3257/183/3391
f 3258/75/3253 3212/76/3254 3184/77/3257 3254/24/3192
f 3480/84/3332 3227/84/3330 3229/88/3399 3418/88/3348
f 3252/133/3327 3180/130/3324 3212/76/3254 3258/75/3253
f 3255/20/3188 3253/34/3393 3165/34/3209 3446/17/3208
f 241/187/258 12/66/261 3170/19/3400 3376/188/3401
f 3295/146/3352 3235/29/3201 3262/30/3200 3245/150/3359
f 3219/127/3321 3218/142/3341 3304/186/3398 3179/132/3326
f 3241/189/3402 3392/5/3166 3400/190/3403 6175/177/3385
f 243/191/264 3425/192/3404 3422/12/3203 123/121/265
f 3439/12/3176 3208/12/3175 56/121/168 128/121/267
f 3205/37/3213 3438/38/3212 3434/54/3397 3371/37/3287
f 3402/193/3405 3443/196/3406 3444/195/3407 3377/194/3408
f 3268/12/3409 3261/32/3202 3372/33/3205 3267/13/3410
f 3255/20/3188 3446/17/3208 3170/19/3400 6163/19/3189
f 6113/101/3411 6160/98/3412 3363/11/3413 6104/11/3414
f 6107/44/3415 3364/44/3416 5267/58/3417 6115/58/3418
f 6103/197/3419 3270/200/3420 3468/199/3421 6112/198/3422
f 6111/55/3423 3397/53/3424 6116/201/3425 6118/201/3426
f 6108/202/3427 3274/205/3428 5221/204/3429 6114/203/3430
f 3284/11/3431 3449/11/3432 5223/9/3433 5234/9/3434
f 3399/193/3435 6130/193/3436 6131/206/3437 3280/54/3438
f 3282/34/3439 3455/34/3440 3457/207/3441 3450/17/3442
f 3287/44/3443 3454/44/3444 5277/58/3445 5272/58/3446
f 4217/103/3447 4229/208/3448 3449/11/3432 3284/11/3431
f 5245/101/3449 4217/103/3447 3284/11/3431 5241/11/3450
f 5242/44/3451 3287/44/3443 5272/58/3446 5276/58/3452
f 5239/34/3453 3282/34/3439 3450/17/3442 5244/209/3454
f 5243/55/3455 3399/193/3435 3280/54/3438 5237/54/3456
f 5241/11/3450 3284/11/3431 5234/9/3434 5246/210/3457
f 5240/45/3458 3283/45/3459 3287/44/3443 5242/44/3451
f 3283/45/3459 3445/45/3460 3454/44/3444 3287/44/3443
f 6110/211/3461 6112/198/3422 3468/199/3421 3273/212/3462
f 6146/45/3463 3174/45/3464 3286/44/3233 6148/44/3232
f 13/213/328 2223/215/330 5268/214/3465 3423/16/3186
f 3288/216/3466 3290/218/3467 4101/217/3468 3243/106/3299
f 3289/155/3361 3193/90/3347 3162/91/3349 3244/154/3358
f 3412/219/3469 3414/222/3470 3232/221/3471 4195/220/3472
f 259/223/338 101/226/341 3298/225/3473 3231/224/3474
f 3294/2/3292 3237/2/3383 3238/90/3475 3291/90/3270
f 3291/90/3270 3238/90/3475 3239/91/3476 3293/91/3271
f 3293/227/3271 3239/168/3476 3234/228/3477 3476/147/3351
f 3294/175/3292 3223/2/3291 3411/2/3345 3478/175/3384
f 3301/140/3338 75/139/193 27/229/345 3299/131/3325
f 3479/148/3353 3183/21/3191 3472/22/3194 4199/163/3372
f 3299/131/3325 27/229/345 66/230/346 3300/79/3255
f 3300/79/3255 66/230/346 33/231/347 3297/78/3256
f 3301/140/3338 3299/131/3325 3180/130/3324 3302/138/3335
f 3302/138/3335 3180/130/3324 3252/133/3327 3303/137/3336
f 5234/9/3434 3282/34/3439 5239/34/3453 5246/210/3457
f 3218/142/3341 3259/136/3337 3303/137/3336 3304/186/3398
f 3305/64/3245 3249/182/3390 3257/183/3391 3222/62/3242
f 169/65/92 107/185/250 3249/182/3390 3305/64/3245
f 4214/184/3392 5216/233/3478 3307/232/3479 3248/94/3279
f 5218/60/3238 3200/111/3307 3202/112/3310 5217/59/3239
f 3203/114/3308 3181/178/3386 3313/126/3320 3310/113/3309
f 4236/110/3305 4233/25/3195 3241/189/3402 3314/109/3306
f 3311/116/3311 3213/102/3293 3185/27/3196 3312/115/3312
f 3313/126/3320 3181/178/3386 3213/102/3293 3311/116/3311
f 1069/234/350 1140/236/353 4133/235/3480 4130/234/3481
f 6098/237/3482 3406/240/3483 4201/239/3484 6099/238/3485
f 6090/148/3486 3317/21/3487 3330/52/3488 6096/52/3489
f 3331/241/3490 6091/244/3491 6102/243/3492 4249/242/3493
f 4223/245/3494 3347/248/3495 3322/247/3496 4219/246/3497
f 3337/249/3498 3334/84/3499 3318/84/3500 3321/52/3501
f 3327/84/3502 3318/84/3500 3343/88/3503 3342/88/3504
f 4240/250/3505 4237/253/3506 3316/252/3507 3325/251/3508
f 6101/3/3509 4238/255/3510 3340/2/3511 6092/254/3512
f 6093/84/3513 3327/84/3502 3342/88/3504 6095/88/3514
f 6092/254/3512 3340/2/3511 3328/256/3515 6094/90/3516
f 4219/246/3497 3322/247/3496 3324/258/3517 4222/257/3518
f 3321/52/3501 3318/84/3500 3327/84/3502 3330/52/3488
f 6194/52/3519 6191/84/3520 3334/84/3499 3337/249/3498
f 6198/259/3521 6188/262/3522 3339/261/3523 4221/260/3524
f 3319/90/3525 3335/90/3526 3338/91/3527 5211/91/3528
f 3341/263/3529 3345/266/3530 4259/265/3531 4257/264/3532
f 3318/84/3500 3334/84/3499 3346/267/3533 3343/88/3503
f 5212/268/3534 4248/270/3535 3323/227/3536 5210/269/3537
f 4237/253/3506 4241/272/3538 3332/271/3539 3316/252/3507
f 3316/252/3507 3341/263/3529 3340/2/3511 3325/251/3508
f 3329/273/3540 3342/88/3504 3343/88/3503 3320/274/3541
f 4240/250/3505 4238/255/3510 3344/275/3542 3324/258/3517
f 4222/257/3518 4220/87/3543 3342/88/3504 3329/273/3540
f 3332/271/3539 3345/266/3530 3341/263/3529 3316/252/3507
f 3320/274/3541 3343/88/3503 3346/267/3533 3336/276/3544
f 4223/245/3494 4221/260/3524 3339/261/3523 3347/248/3495
f 4241/272/3538 4239/255/3545 3345/266/3530 3332/271/3539
f 3404/161/3370 3407/278/3546 4202/277/3547 4203/164/3371
f 3238/90/3475 3351/90/3548 3331/91/3490 3239/91/3476
f 3237/2/3383 3349/2/3549 3351/90/3548 3238/90/3475
f 3227/84/3330 3350/134/3329 3352/88/3550 3229/88/3399
f 3226/50/3551 3326/279/3552 3353/52/3328 3230/52/3331
f 4235/280/3553 4242/281/3554 3349/2/3549 3237/2/3383
f 6100/282/3555 6097/283/3556 3348/81/3343 4224/145/3342
f 6096/52/3489 6093/84/3513 3350/134/3329 3353/52/3328
f 3317/21/3487 5209/284/3557 3321/52/3501 3330/52/3488
f 3348/81/3343 6097/283/3556 6101/3/3509 4242/281/3554
f 3319/90/3525 5211/286/3528 6089/285/3558 5213/90/3559
f 6094/90/3516 6091/287/3491 3331/91/3490 3351/90/3548
f 6076/87/3560 6084/275/3561 3361/289/3562 4225/288/3563
f 6082/51/3223 6079/84/3273 3356/84/3564 3359/52/3565
f 6196/290/3566 3409/293/3567 4200/292/3568 6197/291/3569
f 6192/256/3570 3357/294/3571 3360/91/3572 6195/91/3573
f 6189/295/3574 3354/2/3575 4256/158/3576 6201/264/3577
f 6191/84/3520 3356/84/3564 3358/88/3578 6193/88/3579
f 6190/296/3580 3355/297/3581 3359/52/3565 6194/52/3519
f 6199/298/3582 4243/255/3583 3354/2/3575 6189/295/3574
f 6108/202/3427 6104/11/3414 3363/11/3413 3274/205/3428
f 3270/200/3420 3366/34/3584 3459/17/3585 3468/199/3421
f 3274/205/3428 3363/11/3413 5229/9/3586 5221/204/3429
f 3367/299/3587 3277/34/3588 5226/9/3589 5227/300/3590
f 3468/199/3421 3459/17/3585 3365/19/3591 3273/212/3462
f 6107/44/3415 3369/44/3592 3278/301/3593 6109/45/3594
f 3278/19/3593 3465/304/3595 3463/303/3596 3368/302/3597
f 3251/11/3172 3188/11/3290 5228/9/3598 5235/9/3173
f 4226/100/3286 4211/100/3295 3205/37/3213 3371/37/3287
f 3396/157/3362 3402/193/3405 3377/194/3408 3265/54/3395
f 3393/55/3363 3396/157/3362 3265/54/3395 3370/54/3394
f 3268/12/3409 3439/12/3176 128/121/267 3261/32/3202
f 3164/54/3288 3440/54/3396 3437/305/3599 3374/38/3600
f 124/121/473 3421/12/3601 3441/12/3602 311/306/474
f 14/66/59 2230/66/478 5278/308/3603 3424/307/3214
f 4206/101/3604 3189/11/3605 6073/11/3606 6070/101/3607
f 3167/34/3608 3448/17/3609 6071/17/3610 6072/34/3611
f 3188/11/3290 3375/7/3167 5222/8/3170 5228/9/3598
f 3313/126/3320 3198/125/3319 3202/112/3310 3310/113/3309
f 3263/33/3204 3378/309/3612 3402/193/3405 3396/157/3362
f 5238/33/3613 3281/310/3614 3399/193/3435 5243/55/3455
f 3464/33/3615 3276/33/3616 3398/55/3617 3466/53/3618
f 3451/33/3619 3464/33/3615 3466/53/3618 3453/67/3620
f 3442/311/3621 3266/33/3622 3394/312/3623 3443/196/3406
f 3281/310/3614 6133/310/3624 6130/193/3436 3399/193/3435
f 3269/37/3625 3395/313/3626 3393/55/3363 3370/54/3394
f 3292/175/3627 3160/2/3344 3379/314/3297 3400/190/3403
f 3391/315/3628 3290/218/3467 3288/216/3466 3416/316/3629
f 4195/317/3472 3413/320/3630 3415/319/3631 3412/318/3469
f 3242/3/3165 3292/175/3627 3400/190/3403 3392/5/3166
f 3429/312/3632 3394/312/3623 3266/33/3622 3432/33/3184
f 3166/54/3633 3426/54/3634 3429/312/3632 3381/321/3635
f 3401/120/3316 3383/128/3322 3181/178/3386 3203/114/3308
f 3308/322/3636 3178/129/3323 3383/128/3322 3401/120/3316
f 3196/323/3637 3308/322/3636 3401/120/3316 3386/119/3315
f 3160/2/3344 3193/90/3347 3385/107/3298 3379/104/3297
f 3412/219/3469 3415/319/3631 3417/325/3356 3245/324/3359
f 3200/111/3307 5218/60/3238 5219/68/3249 3386/119/3315
f 6154/33/3638 3177/33/3639 3382/55/3225 6149/53/3224
f 3436/13/3177 3267/13/3410 3395/313/3626 3435/39/3211
f 3378/309/3612 3442/311/3621 3443/196/3406 3402/193/3405
f 3193/90/3347 3289/155/3361 3389/156/3360 3385/107/3298
f 6200/326/3640 4251/327/3641 3409/293/3567 6196/290/3566
f 4246/328/3642 4249/242/3493 3407/278/3546 3404/161/3370
f 6102/243/3492 4248/270/3535 3406/240/3483 6098/237/3482
f 6088/329/3643 4263/227/3644 4274/168/3375 6085/165/3374
f 3254/24/3192 3184/77/3257 3233/181/3387 3473/23/3193
f 4246/328/3642 3404/161/3370 3471/162/3373 4255/330/3645
f 3886/234/3646 3413/234/3630 4195/234/3472 3168/234/3647
f 3413/320/3630 3391/315/3628 3416/316/3629 3415/319/3631
f 3415/319/3631 3416/316/3629 3390/153/3357 3417/325/3356
f 3381/321/3635 3429/312/3632 3432/33/3184 3173/33/3183
f 3231/224/3474 3298/225/3473 3246/180/3388 3233/181/3387
f 1203/331/523 809/333/525 3232/221/3471 4247/332/3648
f 3385/107/3298 3389/156/3360 3288/216/3466 3243/106/3299
f 123/121/265 3422/12/3203 3261/32/3202 128/121/267
f 3421/16/3601 124/213/473 293/213/526 3428/16/3185
f 3421/12/3601 3266/33/3622 3442/311/3621 3441/12/3602
f 3425/192/3404 3378/309/3612 3263/33/3204 3422/12/3203
f 3426/54/3634 3419/54/3649 3444/195/3407 3264/54/3650
f 3376/188/3401 3430/19/3651 5279/19/3652 5278/308/3603
f 3420/41/3215 3285/44/3217 5274/58/3653 5268/214/3465
f 3172/33/3237 3206/13/3178 3387/36/3210 3380/67/3246
f 3426/54/3634 3264/54/3650 3394/312/3623 3429/312/3632
f 3433/10/3168 6073/11/3606 6069/9/3654 5233/9/3169
f 4228/101/3655 4227/101/3289 3374/38/3600 3427/37/3656
f 3430/19/3651 3376/188/3401 3456/35/3207 3452/17/3657
f 3432/15/3184 3266/15/3622 3421/16/3601 3428/16/3185
f 3426/54/3634 6074/54/3658 3427/37/3656 3419/54/3649
f 293/213/526 13/213/328 3423/16/3186 3428/16/3185
f 3440/54/3396 3265/54/3395 3377/194/3408 3437/305/3599
f 3419/54/3649 3427/37/3656 3374/38/3600 3437/305/3599
f 3440/54/3396 3164/54/3288 3371/37/3287 3434/54/3397
f 3439/12/3176 3268/12/3409 3267/13/3410 3436/13/3177
f 3435/39/3211 3395/313/3626 3269/37/3625 3438/38/3212
f 3438/38/3212 3269/37/3625 3370/54/3394 3434/54/3397
f 3442/311/3621 3378/309/3612 3425/192/3404 3441/12/3602
f 3441/12/3602 3425/192/3404 243/191/264 311/306/474
f 3443/196/3406 3394/312/3623 3264/54/3650 3444/195/3407
f 3419/54/3649 3437/305/3599 3377/194/3408 3444/195/3407
f 3395/313/3626 3267/13/3410 3372/33/3205 3393/55/3363
f 3453/67/3620 3466/53/3618 6117/201/3659 6119/201/3660
f 3445/45/3460 3458/45/3661 3461/44/3662 3454/44/3444
f 3456/35/3207 3373/34/3206 3431/34/3663 3452/17/3657
f 3454/44/3444 3461/44/3662 5275/58/3664 5277/58/3445
f 3456/35/3207 3376/188/3401 3170/19/3400 3446/17/3208
f 4229/208/3448 4230/100/3665 3460/11/3666 3449/11/3432
f 3275/54/3667 6105/54/3668 6113/101/3411 4216/96/3669
f 4156/334/3670 3888/234/3671 4016/234/3672 4197/335/3673
f 3455/34/3440 3469/34/3674 3470/336/3675 3457/207/3441
f 3470/336/3675 3465/304/3595 3278/19/3593 3458/19/3661
f 3449/11/3432 3460/11/3666 5230/9/3676 5223/9/3433
f 3466/53/3618 3398/55/3617 6120/201/3677 6117/201/3659
f 5261/17/3678 5249/19/3679 3365/19/3591 3459/17/3585
f 3469/34/3674 3277/34/3588 3465/304/3595 3470/336/3675
f 5244/209/3454 3450/17/3442 3283/19/3459 5240/19/3458
f 6180/19/3680 6184/337/3681 5244/209/3454 5240/19/3458
f 3458/45/3661 3278/301/3593 3369/44/3592 3461/44/3662
f 3465/304/3595 3277/34/3588 3367/299/3587 3463/303/3596
f 3460/11/3666 3362/11/3682 5226/9/3589 5230/9/3676
f 3461/44/3662 3369/44/3592 5270/58/3683 5275/58/3664
f 6109/19/3594 3278/19/3593 3368/302/3597 6110/211/3461
f 4230/100/3665 4216/96/3669 3362/11/3682 3460/11/3666
f 6106/33/3684 3272/33/3685 3397/53/3424 6111/55/3423
f 6163/19/3189 3170/19/3400 12/66/261 340/66/564
f 3297/78/3256 33/231/347 259/223/338 3231/224/3474
f 4254/338/3686 3246/180/3388 3298/225/3473 4247/332/3648
f 3473/23/3193 3405/179/3389 3403/339/3687 3472/22/3194
f 3234/228/3477 3235/29/3201 3295/146/3352 3476/147/3351
f 4255/330/3645 4252/28/3198 3235/29/3201 3234/228/3477
f 3411/2/3345 3160/2/3344 3292/175/3627 3478/175/3384
f 3480/84/3332 3192/84/3264 3221/52/3263 3474/52/3333
f 3482/90/3346 3228/90/3269 3225/91/3272 3477/91/3350
f 4231/108/3304 4209/87/3268 3199/88/3267 3418/88/3348
f 3479/148/3353 3226/50/3551 3230/52/3331 3474/52/3333
f 4245/6/3354 4235/6/3553 3237/3/3383 3475/3/3355
f 3478/175/3384 3292/175/3627 3242/3/3165 3475/3/3355
f 3477/91/3350 3225/91/3272 3293/227/3271 3476/147/3351
f 3411/2/3345 3223/2/3291 3228/90/3269 3482/90/3346
f 3245/324/3359 3262/30/3200 3414/222/3470 3412/219/3469
f 4253/31/3199 3405/179/3389 3246/180/3388 4254/338/3686
f 3504/340/3688 3516/340/3689 3524/341/3690 3493/341/3691
f 3501/229/3692 3497/343/3693 3492/342/3694 3491/333/3695
f 3510/344/3696 3525/344/3697 3523/344/3698 3509/344/3699
f 3502/345/3700 3515/345/3701 3516/340/3689 3504/340/3688
f 3511/346/3702 3526/346/3703 3525/344/3697 3510/344/3696
f 3573/347/3704 3577/347/3705 3515/345/3701 3502/345/3700
f 3507/348/3706 3521/348/3707 3522/348/3708 3508/348/3709
f 3489/187/3710 3490/349/3711 3497/343/3693 3501/229/3692
f 3509/344/3699 3523/344/3698 3519/344/3712 3505/344/3713
f 3508/348/3709 3522/348/3708 3527/350/3714 3512/350/3715
f 4006/351/3716 3489/187/3710 3501/229/3692 3997/352/3717
f 4007/353/3718 3491/333/3695 3485/220/3719 3998/354/3720
f 4005/355/3721 3575/357/3722 3488/91/3723 3999/356/3724
f 4008/358/3725 3486/19/3726 3489/187/3710 4006/351/3716
f 4009/359/3727 3494/34/3728 3487/34/3729 4000/360/3730
f 4004/361/3731 3576/17/3732 3486/19/3726 4008/358/3725
f 3997/352/3717 3501/229/3692 3491/333/3695 4007/353/3718
f 3999/356/3724 3488/91/3723 3484/91/3733 4001/356/3734
f 4010/362/3735 3499/91/3736 3498/346/3737 4002/363/3738
f 4002/363/3738 3498/346/3737 4011/364/3739
f 4003/359/3740 3500/34/3741 3494/34/3728 4009/359/3727
f 4001/356/3734 3484/91/3733 3499/91/3736 4010/362/3735
f 3523/344/3698 3535/344/3742 3531/344/3743 3519/344/3712
f 3525/344/3697 3537/344/3744 3535/344/3742 3523/344/3698
f 3521/348/3707 3533/348/3745 3534/348/3746 3522/348/3708
f 3526/346/3703 3538/346/3747 3537/344/3744 3525/344/3697
f 3515/345/3701 3483/345/3748 3528/340/3749 3516/340/3689
f 3520/365/3750 3532/365/3751 3530/366/3752 3518/366/3753
f 3516/340/3689 3528/340/3749 3536/341/3754 3524/341/3690
f 3578/367/3755 3580/368/3756 3533/348/3745 3521/348/3707
f 3503/365/3757 3520/365/3750 3518/366/3753 3506/366/3758
f 3512/350/3715 3527/350/3714 3526/346/3703 3981/369/3759
f 3493/341/3691 3524/341/3690 3520/365/3750 3503/365/3757
f 3574/368/3760 3578/367/3755 3521/348/3707 3507/348/3706
f 3552/370/3761 3549/344/3762 3547/344/3763 3570/370/3764
f 3564/350/3765 3545/348/3766 3546/348/3767 3565/350/3768
f 3529/346/3769 3550/346/3770 3549/344/3762 3552/370/3761
f 3553/345/3771 3513/345/3772 3540/340/3773 3557/371/3774
f 3555/372/3775 3544/365/3776 3542/366/3777 3561/373/3778
f 3557/371/3774 3540/340/3773 3548/341/3779 3560/374/3780
f 3587/375/3781 3582/376/3782 3545/348/3766 3564/350/3765
f 3565/350/3768 3546/348/3767 3551/350/3783 3568/350/3784
f 3527/350/3714 3539/350/3785 3538/346/3747 3526/346/3703
f 3524/341/3690 3536/341/3754 3532/365/3751 3520/365/3750
f 3577/347/3705 3579/347/3786 3483/345/3748 3515/345/3701
f 3522/348/3708 3534/348/3746 3539/350/3785 3527/350/3714
f 3517/346/3787 3514/346/3788 3546/348/3767 3545/348/3766
f 3583/377/3789 3541/130/3790 3513/345/3772 3581/378/3791
f 3543/344/3792 3547/344/3763 3514/346/3788 3517/346/3787
f 3542/366/3777 3544/365/3776 3548/341/3779 3541/130/3790
f 3541/130/3790 3548/341/3779 3540/340/3773 3513/345/3772
f 3582/376/3782 3542/366/3777 3541/130/3790 3583/377/3789
f 3514/346/3788 3550/346/3770 3551/350/3783 3546/348/3767
f 3547/344/3763 3549/344/3762 3550/346/3770 3514/346/3788
f 3570/370/3764 3547/344/3763 3543/344/3792 3572/370/3793
f 3568/350/3784 3551/350/3783 3550/346/3770 3529/346/3769
f 3560/374/3780 3548/341/3779 3544/365/3776 3555/372/3775
f 3585/379/3794 3581/378/3791 3513/345/3772 3553/345/3771
f 3579/347/3786 3584/381/3795 3554/380/3796 3483/345/3748
f 3584/381/3795 3585/379/3794 3553/345/3771 3554/380/3796
f 3536/341/3754 3559/374/3797 3556/382/3798 3532/365/3751
f 3559/374/3797 3560/374/3780 3555/372/3775 3556/382/3798
f 3539/350/3785 3567/383/3799 3496/346/3800 3538/346/3747
f 3567/383/3799 3568/350/3784 3529/346/3769 3496/346/3800
f 3535/344/3742 3569/370/3801 3571/370/3802 3531/344/3743
f 3569/370/3801 3570/370/3764 3572/370/3793 3571/370/3802
f 3534/348/3746 3566/350/3803 3567/383/3799 3539/350/3785
f 3566/350/3803 3565/350/3768 3568/350/3784 3567/383/3799
f 3580/368/3756 3586/384/3804 3563/350/3805 3533/348/3745
f 3586/384/3804 3587/375/3781 3564/350/3765 3563/350/3805
f 3528/340/3749 3558/371/3806 3559/374/3797 3536/341/3754
f 3558/371/3806 3557/371/3774 3560/374/3780 3559/374/3797
f 3532/365/3751 3556/382/3798 3562/385/3807 3530/366/3752
f 3556/382/3798 3555/372/3775 3561/373/3778 3562/385/3807
f 3483/345/3748 3554/380/3796 3558/371/3806 3528/340/3749
f 3554/380/3796 3553/345/3771 3557/371/3774 3558/371/3806
f 3538/346/3747 3496/346/3800 3495/370/3808 3537/344/3744
f 3496/346/3800 3529/346/3769 3552/370/3761 3495/370/3808
f 3533/348/3745 3563/350/3805 3566/350/3803 3534/348/3746
f 3563/350/3805 3564/350/3765 3565/350/3768 3566/350/3803
f 3537/344/3744 3495/370/3808 3569/370/3801 3535/344/3742
f 3495/370/3808 3552/370/3761 3570/370/3764 3569/370/3801
f 3562/385/3807 3561/373/3778 3587/375/3781 3586/384/3804
f 3530/366/3752 3562/385/3807 3586/384/3804 3580/368/3756
f 3571/370/3802 3572/370/3793 3585/379/3794 3584/381/3795
f 3531/344/3743 3571/370/3802 3584/381/3795 3579/347/3786
f 3572/370/3793 3543/344/3792 3581/378/3791 3585/379/3794
f 3545/348/3766 3582/376/3782 3583/377/3789 3517/346/3787
f 3517/346/3787 3583/377/3789 3581/378/3791 3543/344/3792
f 3519/344/3712 3531/344/3743 3579/347/3786 3577/347/3705
f 3561/373/3778 3542/366/3777 3582/376/3782 3587/375/3781
f 3506/366/3758 3518/366/3753 3578/367/3755 3574/368/3760
f 3518/366/3753 3530/366/3752 3580/368/3756 3578/367/3755
f 4000/360/3730 3487/34/3729 3576/17/3732 4004/361/3731
f 3998/354/3720 3485/220/3719 3575/357/3722 4005/355/3721
f 3505/344/3713 3519/344/3712 3577/347/3705 3573/347/3704
f 3486/19/3726 3590/19/3809 3593/187/3810 3489/187/3710
f 3484/91/3733 3588/91/3811 3599/91/3812 3499/91/3736
f 3494/34/3728 3597/34/3813 3591/34/3814 3487/34/3729
f 3487/34/3729 3591/34/3814 3602/17/3815 3576/17/3732
f 3575/357/3722 3601/357/3816 3592/91/3817 3488/91/3723
f 3576/17/3732 3602/17/3815 3590/19/3809 3486/19/3726
f 3492/342/3694 3596/342/3818 3595/333/3819 3491/333/3695
f 3488/91/3723 3592/91/3817 3588/91/3811 3484/91/3733
f 3499/91/3736 3599/91/3812 3598/346/3820 3498/346/3737
f 3491/333/3695 3595/333/3819 3589/220/3821 3485/220/3719
f 3498/346/3737 3598/346/3820 3600/34/3822 3500/34/3741
f 3485/220/3719 3589/220/3821 3601/357/3816 3575/357/3722
f 3489/187/3710 3593/187/3810 3594/349/3823 3490/349/3711
f 3500/34/3741 3600/34/3822 3597/34/3813 3494/34/3728
f 3983/386/3824 3606/389/3825 3616/388/3826 3990/387/3827
f 3985/390/3828 3610/393/3829 3615/392/3830 3989/391/3831
f 3986/394/3832 3611/396/3833 3612/396/3834 3995/395/3835
f 3988/397/3836 3614/398/3837 3609/393/3838 3994/390/3839
f 3987/399/3840 3613/346/3841 3980/401/3842 3996/400/3843
f 3995/395/3835 3612/396/3834 3613/346/3841 3987/399/3840
f 3984/394/3844 3607/396/3845 3611/396/3833 3986/394/3832
f 3982/402/3846 3604/405/3847 3605/404/3848 3992/403/3849
f 3989/391/3831 3615/392/3830 3608/407/3850 3993/406/3851
f 3994/390/3839 3609/393/3838 3610/393/3829 3985/390/3828
f 3993/406/3851 3608/407/3850 3603/409/3852 3991/408/3853
f 3990/387/3827 3616/388/3826 3607/396/3845 3984/394/3844
f 3992/403/3849 3605/404/3848 3606/389/3825 3983/386/3824
f 3991/408/3853 3603/409/3852 3604/405/3847 3982/402/3846
f 3492/342/3694 488/234/734 487/234/733 3596/342/3818
f 3490/349/3711 489/349/736 490/343/735 3497/343/3693
f 3497/343/3693 490/343/735 488/234/734 3492/342/3694
f 3594/349/3823 491/234/737 489/349/736 3490/349/3711
f 3592/91/3817 3621/91/3854 3617/91/3855 3588/91/3811
f 3596/342/3818 3625/342/3856 3624/333/3857 3595/333/3819
f 3599/91/3812 3628/91/3858 3627/346/3859 3598/346/3820
f 3593/187/3810 3622/187/3860 3623/349/3861 3594/349/3823
f 3598/346/3820 3627/346/3859 3629/34/3862 3600/34/3822
f 3595/333/3819 3624/333/3857 3618/220/3863 3589/220/3821
f 3600/34/3822 3629/34/3862 3626/34/3864 3597/34/3813
f 3589/220/3821 3618/220/3863 3630/357/3865 3601/357/3816
f 3588/91/3811 3617/91/3855 3628/91/3858 3599/91/3812
f 3590/19/3809 3619/19/3866 3622/187/3860 3593/187/3810
f 3601/357/3816 3630/357/3865 3621/91/3854 3592/91/3817
f 3594/349/3823 3623/349/3861 508/234/751 491/234/737
f 3597/34/3813 3626/34/3864 3620/34/3867 3591/34/3814
f 487/234/733 507/234/753 3625/342/3856 3596/342/3818
f 3602/17/3815 3631/17/3868 3619/19/3866 3590/19/3809
f 3591/34/3814 3620/34/3867 3631/17/3868 3602/17/3815
f 3647/349/3869 3632/349/3870 510/234/757 529/234/756
f 3786/410/3871 3633/349/3872 511/234/761 694/234/760
f 3788/411/3873 3787/412/3874 3635/349/3875 3644/349/3876
f 3685/349/3877 3649/414/3878 3636/349/3879 3666/413/3880
f 3649/414/3878 3650/415/3881 3638/349/3882 3636/349/3879
f 3719/414/3883 3651/349/3884 3640/349/3885 3717/414/3886
f 3653/414/3887 535/349/780 521/349/779 3645/416/3888
f 3632/349/3870 3642/349/3889 524/234/781 510/234/757
f 3647/349/3869 3652/349/3890 3643/349/3891 3632/349/3870
f 3651/349/3884 3653/414/3887 3645/416/3888 3640/349/3885
f 3641/349/3892 3646/349/3893 3653/414/3887 3651/349/3884
f 3633/349/3872 3644/349/3876 3652/349/3890 3647/349/3869
f 3646/349/3893 522/349/787 535/349/780 3653/414/3887
f 3718/349/3894 3641/349/3892 3651/349/3884 3719/414/3883
f 3637/349/3895 3639/349/3896 3650/415/3881 3649/414/3878
f 3684/349/3897 3637/349/3895 3649/414/3878 3685/349/3877
f 3652/349/3890 3648/349/3898 3634/349/3899 3643/349/3891
f 3633/349/3872 3647/349/3869 529/234/756 511/234/761
f 3667/234/3900 3662/234/3901 542/234/796 556/234/795
f 3642/349/3889 3632/349/3870 3643/349/3891 3654/234/3902
f 3659/234/3903 3657/234/3904 3654/234/3902 3643/349/3891
f 3668/234/3905 3656/234/3906 3662/234/3901 3667/234/3900
f 3654/234/3902 3657/234/3904 3664/234/3907 3671/234/3908
f 3673/234/3909 3642/349/3889 3654/234/3902 3671/234/3908
f 3677/234/3910 3675/234/3911 3658/234/3912 3715/234/3913
f 3728/234/3914 3730/234/3915 3658/234/3912 3669/234/3916
f 524/234/781 3642/349/3889 3673/234/3909 552/234/813
f 4181/234/3917 3734/234/3918 3680/234/3919 4179/234/3920
f 4174/234/3921 3682/234/3922 3676/234/3923 4175/234/3924
f 3731/234/3925 3729/234/3926 3673/234/3909 3665/234/3927
f 3669/234/3916 3658/234/3912 3655/234/3928 3670/234/3929
f 3670/234/3929 3655/234/3928 3672/234/3930 3661/234/3931
f 3663/234/3932 3671/234/3908 3664/234/3907 3674/234/3933
f 3665/234/3927 3673/234/3909 3671/234/3908 3663/234/3932
f 3733/234/3934 3676/234/3923 3682/234/3922 3735/234/3935
f 3660/234/3936 3656/234/3906 3668/234/3905 3675/234/3911
f 3655/234/3928 3658/234/3912 3675/234/3911 3668/234/3905
f 4176/234/3937 3679/234/3938 3683/234/3939 4177/234/3940
f 3733/234/3934 3734/234/3918 3678/234/3941 3676/234/3923
f 3672/234/3930 3667/234/3900 556/234/795 540/234/839
f 3655/234/3928 3668/234/3905 3667/234/3900 3672/234/3930
f 3659/234/3903 3686/234/3942 3664/234/3907 3657/234/3904
f 3730/234/3915 3664/234/3907 3686/234/3942 3739/234/3943
f 4180/234/3944 3735/234/3935 3682/234/3922 4174/234/3921
f 4179/234/3920 3680/234/3919 3679/234/3938 4176/234/3937
f 3635/349/3875 3684/349/3897 3685/349/3877 3648/349/3898
f 3648/349/3898 3685/349/3877 3666/413/3880 3634/349/3899
f 3786/410/3871 3788/411/3873 3644/349/3876 3633/349/3872
f 3634/349/3899 3686/234/3942 3659/234/3903 3643/349/3891
f 3662/234/3901 3690/234/3945 575/234/843 542/234/796
f 3656/234/3906 3691/234/3946 3690/234/3945 3662/234/3901
f 3660/234/3936 3687/234/3947 3691/234/3946 3656/234/3906
f 608/417/847 579/234/850 3693/234/3948 3712/418/3949
f 3712/418/3949 3693/234/3948 3692/234/3950 3713/418/3951
f 3694/349/3952 3641/349/3892 3772/349/3953 3771/349/3954
f 3696/349/3955 3766/349/3956 3767/419/3957 3697/349/3958
f 585/349/860 522/349/787 3646/349/3893 3695/349/3959
f 3703/349/3960 3800/349/3961 3802/349/3962 3702/349/3963
f 3781/349/3964 591/349/869 592/349/868 3780/416/3965
f 1034/420/870 4099/423/3966 4098/422/3967 1031/421/871
f 3701/349/3968 3703/349/3960 3702/349/3963 3700/349/3969
f 4141/424/3970 4150/425/3971 3800/349/3961 3703/349/3960
f 4139/426/3972 4141/424/3970 3703/349/3960 3701/349/3968
f 3787/412/3874 3792/427/3973 3684/349/3897 3635/349/3875
f 3792/427/3973 3793/428/3974 3637/349/3895 3684/349/3897
f 3687/234/3947 3688/234/3975 3705/234/3976 3704/234/3977
f 3693/234/3948 3710/234/3978 3709/234/3979 3692/234/3950
f 3690/234/3945 3707/234/3980 597/234/886 575/234/843
f 3688/234/3975 3689/234/3981 3706/234/3982 3705/234/3976
f 3691/234/3946 3708/234/3983 3707/234/3980 3690/234/3945
f 579/234/850 601/234/891 3710/234/3978 3693/234/3948
f 3689/234/3981 3692/234/3950 3709/234/3979 3706/234/3982
f 3687/234/3947 3704/234/3977 3708/234/3983 3691/234/3946
f 3736/429/3984 3712/418/3949 3713/418/3951 3737/430/3985
f 636/430/894 608/417/847 3712/418/3949 3736/429/3984
f 3742/431/3986 3737/430/3985 3713/418/3951 3720/432/3987
f 3732/433/3988 3739/234/3943 3686/234/3942 3634/349/3899
f 3738/418/3989 3714/234/3990 3716/234/3991 3740/434/3992
f 3729/234/3926 634/234/902 552/234/813 3673/234/3909
f 3741/435/3993 3732/433/3988 3634/349/3899 3666/413/3880
f 3740/434/3992 3716/234/3991 3681/234/3994 3741/435/3993
f 3677/234/3910 3681/234/3994 3660/234/3936 3675/234/3911
f 3716/234/3991 3687/234/3947 3660/234/3936 3681/234/3994
f 3688/234/3975 3687/234/3947 3716/234/3991 3714/234/3990
f 3738/418/3989 3742/431/3986 3720/432/3987 3714/234/3990
f 3639/349/3896 3718/349/3894 3719/414/3883 3650/415/3881
f 3650/415/3881 3719/414/3883 3717/414/3886 3638/349/3882
f 3688/234/3975 3714/234/3990 3720/432/3987 3689/234/3981
f 3689/234/3981 3720/432/3987 3713/418/3951 3692/234/3950
f 3816/234/3995 3726/234/3996 3723/234/3997 3813/234/3998
f 3817/234/3999 3724/234/4000 617/234/911 724/234/910
f 729/234/913 621/234/916 3727/234/4001 3814/234/4002
f 3818/234/4003 3722/234/4004 3721/234/4005 3815/234/4006
f 3814/234/4002 3727/234/4001 3726/234/3996 3816/234/3995
f 3819/234/4007 3725/234/4008 3724/234/4000 3817/234/3999
f 3815/234/4006 3721/234/4005 3725/234/4008 3819/234/4007
f 3813/234/3998 3723/234/3997 3722/234/4004 3818/234/4003
f 3638/349/3882 3717/414/3886 3742/431/3986 3738/418/3989
f 3636/349/3879 3740/434/3992 3741/435/3993 3666/413/3880
f 3681/234/3994 3677/436/3910 3732/433/3988 3741/435/3993
f 3672/234/3930 540/234/839 634/234/902 3729/234/3926
f 3638/349/3882 3738/418/3989 3740/434/3992 3636/349/3879
f 3677/436/3910 3715/234/3913 3739/234/3943 3732/433/3988
f 3717/414/3886 3640/349/3885 3737/430/3985 3742/431/3986
f 521/349/779 636/430/894 3736/429/3984 3645/416/3888
f 3645/416/3888 3736/429/3984 3737/430/3985 3640/349/3885
f 3658/234/3912 3730/234/3915 3739/234/3943 3715/234/3913
f 3679/234/3938 3680/234/3919 3734/234/3918 3733/234/3934
f 4175/234/3924 3676/234/3923 3678/234/3941 4178/234/4009
f 3679/234/3938 3733/234/3934 3735/234/3935 3683/234/3939
f 3661/234/3931 3672/234/3930 3729/234/3926 3731/234/3925
f 3674/234/3933 3664/234/3907 3730/234/3915 3728/234/3914
f 4177/234/3940 3683/234/3939 3735/234/3935 4180/234/3944
f 3724/234/4000 3746/234/4010 643/234/924 617/234/911
f 621/234/916 647/234/927 3749/234/4011 3727/234/4001
f 3722/234/4004 3744/234/4012 3743/234/4013 3721/234/4005
f 3727/234/4001 3749/234/4011 3748/234/4014 3726/234/3996
f 3725/234/4008 3747/234/4015 3746/234/4010 3724/234/4000
f 3721/234/4005 3743/234/4013 3747/234/4015 3725/234/4008
f 3723/234/3997 3745/234/4016 3744/234/4012 3722/234/4004
f 3726/234/3996 3748/234/4014 3745/234/4016 3723/234/3997
f 3758/234/4017 3756/234/4018 3755/234/4019 3757/234/4020
f 3760/234/4021 3754/234/4022 3753/234/4023 3759/234/4024
f 3761/234/4025 3750/234/4026 3754/234/4022 3760/234/4021
f 3763/234/4027 3752/234/4028 3751/234/4029 3762/234/4030
f 3757/234/4020 3755/234/4019 3752/234/4028 3763/234/4027
f 3759/234/4024 3753/234/4023 652/234/948 668/234/947
f 669/234/949 656/234/950 3756/234/4018 3758/234/4017
f 3762/234/4030 3751/234/4029 3750/234/4026 3761/234/4025
f 3744/234/4012 3762/234/4030 3761/234/4025 3743/234/4013
f 647/234/927 669/234/949 3758/234/4017 3749/234/4011
f 3746/234/4010 3759/234/4024 668/234/947 643/234/924
f 3748/234/4014 3757/234/4020 3763/234/4027 3745/234/4016
f 3745/234/4016 3763/234/4027 3762/234/4030 3744/234/4012
f 3743/234/4013 3761/234/4025 3760/234/4021 3747/234/4015
f 3747/234/4015 3760/234/4021 3759/234/4024 3746/234/4010
f 3749/234/4011 3758/234/4017 3757/234/4020 3748/234/4014
f 3646/349/3893 3641/349/3892 3694/349/3952 3695/349/3959
f 3772/349/3953 4096/349/4031 4094/349/4032 3771/349/3954
f 3772/349/3953 3773/437/4033 4095/413/4034 4096/349/4031
f 3773/437/4033 3774/349/4035 4092/349/4036 4095/413/4034
f 4154/438/4037 4139/426/3972 3701/349/3968 3927/349/4038
f 3718/349/3894 3639/349/3896 3774/349/4035 3773/437/4033
f 3641/349/3892 3718/349/3894 3773/437/4033 3772/349/3953
f 4154/438/4037 3927/349/4038 3769/349/4039 4142/430/4040
f 3639/349/3896 3637/349/3895 3770/234/4041 3774/349/4035
f 4143/349/4042 4092/349/4036 4093/439/4043 4142/430/4040
f 3795/440/4044 3794/441/4045 4093/439/4043 3770/234/4041
f 3793/428/3974 3795/440/4044 3770/234/4041 3637/349/3895
f 4116/442/4046 3777/333/4047 3775/220/4048 4104/220/4049
f 4119/342/4050 3778/342/4051 3777/333/4047 4116/442/4046
f 4104/220/4049 3775/220/4048 3779/357/4052 4105/357/4053
f 4105/357/4053 3779/357/4052 3776/91/4054 4106/91/4055
f 3620/34/3867 3626/34/3864 3795/440/4044 3793/428/3974
f 1042/234/976 686/234/977 3778/342/4051 4119/342/4050
f 3782/349/4056 3781/349/3964 3780/416/3965 3783/416/4057
f 1082/418/980 4145/443/4058 3778/342/4051 686/234/977
f 3784/349/4059 3782/349/4056 3783/416/4057 3785/410/4060
f 4146/444/4061 4145/443/4058 3781/349/3964 3782/349/4056
f 3796/414/4062 3784/349/4059 3785/410/4060 3799/410/4063
f 4147/229/4064 4146/444/4061 3782/349/4056 3784/349/4059
f 3626/34/3864 3629/34/3862 3794/441/4045 3795/440/4044
f 3629/34/3862 3627/346/3859 3789/445/4065 3794/441/4045
f 3631/17/3868 3620/34/3867 3793/428/3974 3792/427/3973
f 3619/19/3866 3631/17/3868 3792/427/3973 3787/412/3874
f 3627/346/3859 3628/91/3858 3791/446/4066 3789/445/4065
f 3628/91/3858 3617/91/3855 3801/447/4067 3791/446/4066
f 3623/349/3861 3622/187/3860 3788/411/3873 3786/410/3871
f 3622/187/3860 3619/19/3866 3787/412/3874 3788/411/3873
f 3623/349/3861 3786/410/3871 694/234/760 508/234/751
f 4107/448/4068 4106/91/4055 3776/91/4054 3790/447/4069
f 3698/349/4070 3797/349/4071 3798/410/4072 3699/349/4073
f 3797/349/4071 3796/414/4062 3799/410/4063 3798/410/4072
f 4148/449/4074 4147/229/4064 3784/349/4059 3796/414/4062
f 4149/447/4075 4148/449/4074 3796/414/4062 3797/349/4071
f 4140/425/4076 3790/447/4069 3776/91/4054 4149/447/4075
f 4159/450/4077 4151/425/4078 3805/349/4079 4115/349/4080
f 4115/349/4080 3805/349/4079 3803/349/4081 4108/410/4082
f 4107/448/4068 3790/447/4069 3804/447/4083 4109/451/4084
f 4151/425/4078 4140/425/4076 3698/349/4070 3805/349/4079
f 3805/349/4079 3698/349/4070 3699/349/4073 3803/349/4081
f 3706/234/3982 3806/234/4085 3811/234/4086 3705/234/3976
f 3704/234/3977 3810/234/4087 3812/234/4088 3708/234/3983
f 3708/234/3983 3812/234/4088 3808/234/4089 3707/234/3980
f 3710/234/3978 3809/234/4090 3807/234/4091 3709/234/3979
f 3705/234/3976 3811/234/4086 3810/234/4087 3704/234/3977
f 601/234/891 719/234/1015 3809/234/4090 3710/234/3978
f 3707/234/3980 3808/234/4089 716/234/1016 597/234/886
f 3709/234/3979 3807/234/4091 3806/234/4085 3706/234/3982
f 3961/234/4092 3813/234/3998 3818/234/4003 3959/234/4093
f 3963/234/4094 3815/234/4006 3819/234/4007 3960/234/4095
f 3960/234/4095 3819/234/4007 3817/234/3999 3958/234/4096
f 3962/234/4097 3814/234/4002 3816/234/3995 3957/234/4098
f 3959/234/4093 3818/234/4003 3815/234/4006 3963/234/4094
f 889/234/1024 729/234/913 3814/234/4002 3962/234/4097
f 3958/234/4096 3817/234/3999 724/234/910 893/234/1025
f 3957/234/4098 3816/234/3995 3813/234/3998 3961/234/4092
f 3848/437/4099 3824/410/4100 3820/349/4101 3851/437/4102
f 3851/437/4102 3820/349/4101 3826/349/4103 3853/349/4104
f 3854/416/4105 3821/416/4106 3822/416/4107 3857/437/4108
f 3858/452/4109 3823/410/4110 3825/410/4111 3861/453/4112
f 778/413/1040 733/349/1041 3821/416/4106 3854/416/4105
f 3857/437/4108 3822/416/4107 3823/410/4110 3858/452/4109
f 3861/453/4112 3825/410/4111 3824/410/4100 3848/437/4099
f 3896/437/4113 3832/410/4114 3831/410/4115 3891/453/4116
f 3898/437/4117 3830/410/4118 3832/410/4114 3896/437/4113
f 3900/437/4119 3828/416/4120 3829/416/4121 3893/437/4122
f 3902/413/4123 3827/349/4124 3833/349/4125 3895/349/4126
f 3891/453/4116 3831/410/4115 3827/349/4124 3902/413/4123
f 3893/437/4122 3829/416/4121 3830/410/4118 3898/437/4117
f 828/454/1056 741/349/1057 3828/416/4120 3900/437/4119
f 792/455/1058 755/454/1061 3837/416/4127 3872/454/4128
f 3868/453/4129 3838/410/4130 3836/437/4131 3871/456/4132
f 3867/349/4133 3835/349/4134 3839/457/4135 3873/349/4136
f 3873/349/4136 3839/457/4135 3840/457/4137 3869/349/4138
f 3872/454/4128 3837/416/4127 3838/410/4130 3868/453/4129
f 3871/456/4132 3836/437/4131 3834/349/4139 3870/349/4140
f 3870/349/4140 3834/349/4139 3835/349/4134 3867/349/4133
f 3914/458/4141 3841/349/4142 3845/349/4143 3905/349/4144
f 3913/452/4145 3842/459/4146 3841/349/4142 3914/458/4141
f 3907/460/4147 3843/454/4148 3846/453/4149 3904/452/4150
f 3906/349/4151 3844/349/4152 3847/349/4153 3929/349/4154
f 3905/349/4144 3845/349/4143 3844/349/4152 3906/349/4151
f 3904/452/4150 3846/453/4149 3842/459/4146 3913/452/4145
f 832/349/1088 760/413/1089 3843/454/4148 3907/460/4147
f 3799/410/4063 3860/457/4155 3849/416/4156 3798/410/4072
f 3952/461/4157 3861/453/4112 3848/437/4099 3946/437/4158
f 3783/416/4057 3856/452/4159 3859/410/4160 3785/410/4060
f 3950/462/4161 3857/437/4108 3858/452/4109 3951/453/4162
f 592/349/868 779/349/1099 3855/437/4163 3780/416/3965
f 882/349/1100 778/413/1040 3854/416/4105 3949/462/4164
f 3785/410/4060 3859/410/4160 3860/457/4155 3799/410/4063
f 3951/453/4162 3858/452/4109 3861/453/4112 3952/461/4157
f 3780/416/3965 3855/437/4163 3856/452/4159 3783/416/4057
f 3949/462/4164 3854/416/4105 3857/437/4108 3950/462/4161
f 3699/349/4073 3850/413/4165 3852/413/4166 3803/349/4081
f 3947/437/4167 3851/437/4102 3853/349/4104 3948/349/4168
f 3798/410/4072 3849/416/4156 3850/413/4165 3699/349/4073
f 3946/437/4158 3848/437/4099 3851/437/4102 3947/437/4167
f 3955/463/4169 3953/234/4170 3862/234/4171 3864/464/4172
f 3956/465/4173 3954/468/4174 3863/467/4175 3930/466/4176
f 3954/468/4174 3955/463/4169 3864/464/4172 3863/467/4175
f 3931/469/4177 3929/349/4154 3847/349/4153 3865/470/4178
f 3841/349/4142 3870/349/4140 3867/349/4133 3845/349/4143
f 3842/459/4146 3871/456/4132 3870/349/4140 3841/349/4142
f 3843/454/4148 3872/454/4128 3868/453/4129 3846/453/4149
f 3844/349/4152 3873/349/4136 3869/349/4138 3847/349/4153
f 3845/349/4143 3867/349/4133 3873/349/4136 3844/349/4152
f 3846/453/4149 3868/453/4129 3871/456/4132 3842/459/4146
f 760/413/1089 792/455/1058 3872/454/4128 3843/454/4148
f 3866/464/4179 3865/470/4178 3847/349/4153 3869/349/4138
f 4108/410/4082 3803/349/4081 3852/413/4166 4114/471/4180
f 3702/349/3963 3802/349/3962 3863/467/4175 3864/464/4172
f 3700/349/3969 3702/349/3963 3864/464/4172 3862/234/4171
f 3840/457/4137 4012/234/4181 3866/464/4179 3869/349/4138
f 3768/349/4182 4088/349/4183 4089/234/4184 3874/234/4185
f 3765/349/4186 3768/349/4182 3874/234/4185 3875/234/4187
f 3767/419/3957 3765/349/4186 3875/234/4187 3876/234/4188
f 3697/349/3958 3767/419/3957 3876/234/4188 3877/234/4189
f 3771/349/3954 3880/349/4190 3711/349/4191 3694/349/3952
f 3695/349/3959 3879/349/4192 798/349/1129 585/349/860
f 3694/349/3952 3711/349/4191 3879/349/4192 3695/349/3959
f 3879/349/4192 3884/349/4193 805/349/1131 798/349/1129
f 3879/349/4192 3711/349/4191 3885/349/4194 3884/349/4193
f 3887/472/4195 3883/349/4196 3880/349/4190 3878/473/4197
f 3883/349/4196 3887/472/4195 3881/349/4198 3882/349/4199
f 3884/349/4193 3882/349/4199 804/349/1139 805/349/1131
f 3883/349/4196 3882/349/4199 3884/349/4193 3885/349/4194
f 3711/349/4191 3880/349/4190 3883/349/4196 3885/349/4194
f 801/349/1140 804/349/1139 3882/349/4199 3881/349/4198
f 3908/234/4200 4090/234/4201 3888/234/3671 3877/234/4189
f 4170/417/4202 4172/418/4203 4090/234/4201 3908/234/4200
f 4152/474/4204 3877/234/4189 3888/234/3671 4156/334/3670
f 4138/349/4205 4152/474/4204 3878/473/4197 4094/349/4032
f 3894/349/4206 4013/234/4207 4012/234/4181 3840/457/4137
f 4168/417/4208 3889/234/4209 4014/234/4210 4171/418/4211
f 3895/349/4126 4171/418/4211 4014/234/4210 4167/234/4212
f 755/454/1061 829/454/1155 3901/454/4213 3837/416/4127
f 829/454/1155 828/454/1056 3900/437/4119 3901/454/4213
f 3838/410/4130 3892/349/4214 3899/475/4215 3836/437/4131
f 3892/349/4214 3893/437/4122 3898/437/4117 3899/475/4215
f 3835/349/4134 3890/349/4216 3903/349/4217 3839/457/4135
f 3890/349/4216 3891/453/4116 3902/413/4123 3903/349/4217
f 3839/457/4135 3903/349/4217 3894/349/4206 3840/457/4137
f 3903/349/4217 3902/413/4123 3895/349/4126 3894/349/4206
f 3837/416/4127 3901/454/4213 3892/349/4214 3838/410/4130
f 3901/454/4213 3900/437/4119 3893/437/4122 3892/349/4214
f 3836/437/4131 3899/475/4215 3897/437/4218 3834/349/4139
f 3899/475/4215 3898/437/4117 3896/437/4113 3897/437/4218
f 3834/349/4139 3897/437/4218 3890/349/4216 3835/349/4134
f 3897/437/4218 3896/437/4113 3891/453/4116 3890/349/4216
f 3876/234/4188 3875/234/4187 4014/234/4210 3889/234/4209
f 507/234/753 847/234/1162 3924/342/4219 3625/342/3856
f 3800/349/3961 3917/416/4220 3916/349/4221 3802/349/3962
f 3617/91/3855 3621/91/3854 3920/91/4222 3918/476/4223
f 4150/425/3971 4153/477/4224 3917/416/4220 3800/349/3961
f 3630/357/3865 3921/357/4225 3920/91/4222 3621/91/3854
f 741/349/1057 857/349/1170 3919/416/4226 3828/416/4120
f 4122/478/4227 3956/465/4173 3930/466/4176 4114/471/4180
f 1050/349/1172 832/349/1088 3907/460/4147 4112/437/4228
f 4121/475/4229 3904/452/4150 3913/452/4145 4111/453/4230
f 3830/410/4118 3923/453/4231 3922/410/4232 3832/410/4114
f 3802/349/3962 3916/349/4221 3930/466/4176 3863/467/4175
f 3889/234/4209 3908/234/4200 3877/234/4189 3876/234/4188
f 3827/349/4124 3910/349/4233 3909/349/4234 3833/349/4125
f 1034/420/870 1029/480/1181 4097/479/4235 4099/423/3966
f 3829/416/4121 3912/410/4236 3923/453/4231 3830/410/4118
f 4110/416/4237 3914/458/4141 3905/349/4144 4118/349/4238
f 4112/437/4228 3907/460/4147 3904/452/4150 4121/475/4229
f 4118/349/4238 3905/349/4144 3906/349/4151 4113/349/4239
f 3832/410/4114 3922/410/4232 3911/437/4240 3831/410/4115
f 4120/481/4241 4117/437/4242 3929/349/4154 3931/469/4177
f 3828/416/4120 3919/416/4226 3912/410/4236 3829/416/4121
f 3617/91/3855 3918/476/4223 3915/482/4243 3801/447/4067
f 4111/453/4230 3913/452/4145 3914/458/4141 4110/416/4237
f 4113/349/4239 3906/349/4151 3929/349/4154 4117/437/4242
f 3831/410/4115 3911/437/4240 3910/349/4233 3827/349/4124
f 4168/417/4208 4170/417/4202 3908/234/4200 3889/234/4209
f 4069/234/4244 4070/234/4245 3874/234/4185 4089/234/4184
f 3618/220/3863 3926/483/4246 3921/357/4225 3630/357/3865
f 3625/342/3856 3924/342/4219 3925/484/4247 3624/333/3857
f 3624/333/3857 3925/484/4247 3926/483/4246 3618/220/3863
f 3503/365/3757 3932/486/4248 3937/485/4249 3493/341/3691
f 3504/340/3688 3933/488/4250 3938/487/4251 3502/345/3700
f 3573/347/3704 3945/490/4252 3939/489/4253 3505/344/3713
f 3506/366/3758 3934/491/4254 3932/486/4248 3503/365/3757
f 3508/348/3709 3935/493/4255 3940/492/4256 3507/348/3706
f 3574/368/3760 3944/494/4257 3934/491/4254 3506/366/3758
f 3493/341/3691 3937/485/4249 3933/488/4250 3504/340/3688
f 3505/344/3713 3939/489/4253 3941/495/4258 3509/344/3699
f 3510/344/3696 3936/489/4259 3942/346/4260 3511/346/3702
f 3511/346/3702 3942/346/4260 3978/496/4261 3981/369/3759
f 3512/350/3715 3943/497/4262 3935/493/4255 3508/348/3709
f 3509/344/3699 3941/495/4258 3936/489/4259 3510/344/3696
f 3507/348/3706 3940/492/4256 3944/494/4257 3574/368/3760
f 3502/345/3700 3938/487/4251 3945/490/4252 3573/347/3704
f 4120/481/4241 3931/469/4177 3956/465/4173 4122/478/4227
f 3865/470/4178 3866/464/4179 3955/463/4169 3954/468/4174
f 3931/469/4177 3865/470/4178 3954/468/4174 3956/465/4173
f 3866/464/4179 4012/234/4181 3953/234/4170 3955/463/4169
f 3849/416/4156 3946/437/4158 3947/437/4167 3850/413/4165
f 3850/413/4165 3947/437/4167 3948/349/4168 3852/413/4166
f 3855/437/4163 3949/462/4164 3950/462/4161 3856/452/4159
f 3859/410/4160 3951/453/4162 3952/461/4157 3860/457/4155
f 779/349/1099 882/349/1100 3949/462/4164 3855/437/4163
f 3856/452/4159 3950/462/4161 3951/453/4162 3859/410/4160
f 3860/457/4155 3952/461/4157 3946/437/4158 3849/416/4156
f 3807/234/4091 3957/234/4098 3961/234/4092 3806/234/4085
f 3808/234/4089 3958/234/4096 893/234/1025 716/234/1016
f 719/234/1015 889/234/1024 3962/234/4097 3809/234/4090
f 3811/234/4086 3959/234/4093 3963/234/4094 3810/234/4087
f 3809/234/4090 3962/234/4097 3957/234/4098 3807/234/4091
f 3812/234/4088 3960/234/4095 3958/234/4096 3808/234/4089
f 3810/234/4087 3963/234/4094 3960/234/4095 3812/234/4088
f 3806/234/4085 3961/234/4092 3959/234/4093 3811/234/4086
f 3606/389/3825 3965/499/4263 3972/498/4264 3616/388/3826
f 3610/393/3829 3967/501/4265 3971/500/4266 3615/392/3830
f 3611/396/3833 3968/503/4267 3977/502/4268 3612/396/3834
f 3614/398/3837 3970/505/4269 3976/504/4270 3609/393/3838
f 3613/346/3841 3969/507/4271 3979/506/4272 3980/401/3842
f 3612/396/3834 3977/502/4268 3969/507/4271 3613/346/3841
f 3607/396/3845 3966/502/4273 3968/503/4267 3611/396/3833
f 3604/405/3847 3964/509/4274 3974/508/4275 3605/404/3848
f 3615/392/3830 3971/500/4266 3975/510/4276 3608/407/3850
f 3609/393/3838 3976/504/4270 3967/501/4265 3610/393/3829
f 3608/407/3850 3975/510/4276 3973/511/4277 3603/409/3852
f 3616/388/3826 3972/498/4264 3966/502/4273 3607/396/3845
f 3605/404/3848 3974/508/4275 3965/499/4263 3606/389/3825
f 3603/409/3852 3973/511/4277 3964/509/4274 3604/405/3847
f 3996/400/3843 3988/397/3836 3943/497/4262 3978/496/4261
f 3978/496/4261 3943/497/4262 3512/350/3715 3981/369/3759
f 4011/364/3739 4003/359/3740 3970/505/4269 3979/506/4272
f 3979/506/4272 3970/505/4269 3614/398/3837 3980/401/3842
f 3980/401/3842 3614/398/3837 3988/397/3836 3996/400/3843
f 3932/486/4248 3991/408/3853 3982/402/3846 3937/485/4249
f 3933/488/4250 3992/403/3849 3983/386/3824 3938/487/4251
f 3945/490/4252 3990/387/3827 3984/394/3844 3939/489/4253
f 3934/491/4254 3993/406/3851 3991/408/3853 3932/486/4248
f 3935/493/4255 3994/390/3839 3985/390/3828 3940/492/4256
f 3944/494/4257 3989/391/3831 3993/406/3851 3934/491/4254
f 3937/485/4249 3982/402/3846 3992/403/3849 3933/488/4250
f 3939/489/4253 3984/394/3844 3986/394/3832 3941/495/4258
f 3936/489/4259 3995/395/3835 3987/399/3840 3942/346/4260
f 3942/346/4260 3987/399/3840 3996/400/3843 3978/496/4261
f 3943/497/4262 3988/397/3836 3994/390/3839 3935/493/4255
f 3941/495/4258 3986/394/3832 3995/395/3835 3936/489/4259
f 3940/492/4256 3985/390/3828 3989/391/3831 3944/494/4257
f 3938/487/4251 3983/386/3824 3990/387/3827 3945/490/4252
f 3498/346/3737 3500/34/3741 4003/359/3740 4011/364/3739
f 3965/499/4263 3998/354/3720 4005/355/3721 3972/498/4264
f 3967/501/4265 4000/360/3730 4004/361/3731 3971/500/4266
f 3968/503/4267 4001/356/3734 4010/362/3735 3977/502/4268
f 3970/505/4269 4003/359/3740 4009/359/3727 3976/504/4270
f 3969/507/4271 4002/363/3738 4011/364/3739 3979/506/4272
f 3977/502/4268 4010/362/3735 4002/363/3738 3969/507/4271
f 3966/502/4273 3999/356/3724 4001/356/3734 3968/503/4267
f 3964/509/4274 3997/352/3717 4007/353/3718 3974/508/4275
f 3971/500/4266 4004/361/3731 4008/358/3725 3975/510/4276
f 3976/504/4270 4009/359/3727 4000/360/3730 3967/501/4265
f 3975/510/4276 4008/358/3725 4006/351/3716 3973/511/4277
f 3972/498/4264 4005/355/3721 3999/356/3724 3966/502/4273
f 3974/508/4275 4007/353/3718 3998/354/3720 3965/499/4263
f 3973/511/4277 4006/351/3716 3997/352/3717 3964/509/4274
f 4013/234/4207 4017/234/4278 4015/234/4279 4012/234/4181
f 3953/234/4170 4019/234/4280 4059/234/4281 3862/234/4171
f 4014/234/4210 4018/234/4282 4166/234/4283 4167/234/4212
f 4172/418/4203 4169/512/4284 4087/234/4285 4090/234/4201
f 4012/234/4181 4015/234/4279 4019/234/4280 3953/234/4170
f 3875/234/4187 4018/234/4282 4014/234/4210
f 3875/234/4187 4022/234/4286 4024/234/4287 4018/234/4282
f 4017/234/4278 4023/234/4288 4021/234/4289 4015/234/4279
f 4019/234/4280 4025/234/4290 4062/234/4291 4059/234/4281
f 4018/234/4282 4024/234/4287 4162/234/4292 4166/234/4283
f 4015/234/4279 4021/234/4289 4025/234/4290 4019/234/4280
f 4024/234/4287 4038/234/4293 4163/234/4294 4162/234/4292
f 3769/349/4039 3927/349/4038 4088/349/4183 3768/349/4182
f 4021/234/4289 4033/234/4295 4034/234/4296 4025/234/4290
f 4022/234/4286 4036/234/4297 4038/234/4293 4024/234/4287
f 4023/234/4288 4037/234/4298 4033/234/4295 4021/234/4289
f 4025/234/4290 4034/234/4296 4060/234/4299 4062/234/4291
f 4056/234/4300 4055/234/4301 4042/234/4302 4041/234/4303
f 4032/234/4304 4034/234/4296 4033/234/4295 4027/234/4305
f 4029/234/4306 4036/234/4297 3874/234/4185 4070/234/4245
f 4027/234/4305 4033/234/4295 4037/234/4298 4030/234/4307
f 4030/234/4307 4037/234/4298 4163/234/4294 4164/234/4308
f 4031/234/4309 4038/234/4293 4036/234/4297 4029/234/4306
f 4026/234/4310 4035/234/4311 4060/234/4299 4061/234/4312
f 4031/234/4309 4029/234/4306 4058/234/4313 4057/234/4314
f 4070/234/4245 4183/234/4315 4071/234/4316 4044/234/4317
f 4055/234/4301 4165/234/4318 4160/234/4319 4042/234/4302
f 4056/234/4300 4054/234/4320 4032/234/4304 4027/234/4305
f 4057/234/4314 4058/234/4313 4044/234/4317 4043/234/4321
f 4029/234/4306 4070/234/4245 4044/234/4317 4058/234/4313
f 4077/234/4322 4185/234/4323 4182/234/4324 4074/234/4325
f 4051/234/4326 4050/234/4327 4041/234/4303 4042/234/4302
f 4022/234/4286 3875/234/4187 3874/234/4185 4036/234/4297
f 4046/234/4328 4045/234/4329 4040/234/4330 4041/234/4303
f 4050/234/4327 4049/234/4331 4048/234/4332 4047/234/4333
f 4050/234/4327 4047/234/4333 4046/234/4328 4041/234/4303
f 4045/234/4329 4046/234/4328 4047/234/4333 4048/234/4332
f 4026/234/4310 4061/234/4312 4063/234/4334 4064/234/4335
f 4041/234/4303 4040/234/4330 4054/234/4320 4056/234/4300
f 4030/234/4307 4164/234/4308 4165/234/4318 4055/234/4301
f 4027/234/4305 4030/234/4307 4055/234/4301 4056/234/4300
f 4060/234/4299 4034/234/4296 4032/234/4304 4061/234/4312
f 4061/234/4312 4032/234/4304 4054/234/4320 4063/234/4334
f 4060/234/4299 4035/234/4311 4020/234/4336 4062/234/4291
f 4062/234/4291 4020/234/4336 3862/234/4171 4059/234/4281
f 4054/234/4320 4040/234/4330 4045/234/4329 4063/234/4334
f 4064/234/4335 4048/234/4332 4049/234/4331 4191/234/4337
f 4063/234/4334 4045/234/4329 4048/234/4332 4064/234/4335
f 4035/234/4311 4026/234/4310 4066/234/4338 4067/234/4339
f 4049/234/4331 4050/234/4327 4192/234/4340 4191/234/4337
f 4051/234/4326 4085/234/4341 4190/234/4342 4193/234/4343
f 4086/234/4344 4068/234/4345 4073/234/4346 4083/234/4347
f 4039/234/4348 4070/234/4245 4069/234/4244 4028/234/4349
f 4053/234/4350 4071/234/4316 4183/234/4315 4186/234/4351
f 3764/349/4352 3769/349/4039 3768/349/4182 3765/349/4186
f 4065/234/4353 4072/234/4354 4187/234/4355 4188/234/4356
f 4074/234/4325 4081/234/4357 4065/234/4353 4077/234/4322
f 3862/234/4171 4020/234/4336 4035/234/4311 4067/234/4339
f 4080/234/4358 4075/234/4359 4189/234/4360 4184/234/4361
f 4079/234/4362 4076/234/4363 4084/234/4364 4086/234/4344
f 4081/234/4357 4074/234/4325 4075/234/4359 4080/234/4358
f 4028/234/4349 4081/234/4357 4080/234/4358 4039/234/4348
f 4084/234/4364 4078/234/4365 4068/234/4345 4086/234/4344
f 4053/234/4350 4079/234/4362 4086/234/4344 4083/234/4347
f 4039/234/4348 4080/234/4358 4184/234/4361 4186/234/4351
f 4068/234/4345 4078/234/4365 4185/234/4323 4188/234/4356
f 4052/234/4366 4161/234/4367 4160/234/4319 4043/234/4321
f 4071/234/4316 4052/234/4366 4043/234/4321 4044/234/4317
f 4190/234/4342 4067/234/4339 4066/234/4338 4193/234/4343
f 4085/234/4341 4073/234/4346 4187/234/4355 4190/234/4342
f 4085/234/4341 4051/234/4326 4161/234/4367 4082/234/4368
f 4082/234/4368 4071/234/4316 4053/234/4350 4083/234/4347
f 4074/234/4325 4182/234/4324 4189/234/4360 4075/234/4359
f 3927/349/4038 3701/349/3968 3700/349/3969 4088/349/4183
f 4028/234/4349 4069/234/4244 4067/234/4339 4072/234/4354
f 4073/234/4346 4085/234/4341 4082/234/4368 4083/234/4347
f 4089/234/4184 3862/234/4171 4067/234/4339 4069/234/4244
f 4088/349/4183 3700/349/3969 3862/234/4171 4089/234/4184
f 3766/349/3956 3764/349/4352 3765/349/4186 3767/419/3957
f 4143/349/4042 3764/349/4352 3766/349/3956 4144/454/4369
f 4090/234/4201 4087/234/4285 4016/234/3672 3888/234/3671
f 4155/437/4370 3696/349/3955 3697/349/3958 4138/349/4205
f 4092/349/4036 3774/349/4035 3770/234/4041 4093/439/4043
f 4144/454/4369 3766/349/3956 3696/349/3955 4155/437/4370
f 3878/473/4197 3880/349/4190 3771/349/3954 4094/349/4032
f 1029/480/1181 801/349/1140 3881/349/4198 4097/479/4235
f 4098/422/3967 4099/423/3966 4103/513/4371 3232/234/3471
f 3290/435/3467 3391/516/3628 4102/515/4372 4100/514/4373
f 4135/416/4374 4129/234/4375 3194/517/4376 3197/437/4377
f 4098/422/3967 3232/234/3471 809/234/525 1031/421/871
f 4097/479/4235 3881/349/4198 4103/513/4371 4099/423/3966
f 4016/234/3672 4087/234/4285 3886/234/3646 3168/234/3647
f 4126/234/4378 4196/234/4379 3194/517/4376 4129/234/4375
f 3853/349/4104 4120/481/4241 4122/478/4227 3948/349/4168
f 3820/349/4101 4113/349/4239 4117/437/4242 3826/349/4103
f 3823/410/4110 4111/453/4230 4110/416/4237 3825/410/4111
f 3853/349/4104 3826/349/4103 4117/437/4242 4120/481/4241
f 3824/410/4100 4118/349/4238 4113/349/4239 3820/349/4101
f 3821/416/4106 4112/437/4228 4121/475/4229 3822/416/4107
f 3825/410/4111 4110/416/4237 4118/349/4238 3824/410/4100
f 3822/416/4107 4121/475/4229 4111/453/4230 3823/410/4110
f 733/349/1041 1050/349/1172 4112/437/4228 3821/416/4106
f 3948/349/4168 4122/478/4227 4114/471/4180 3852/413/4166
f 3916/349/4221 4108/410/4082 4114/471/4180 3930/466/4176
f 3918/476/4223 4107/448/4068 4109/451/4084 3915/482/4243
f 3917/416/4220 4115/349/4080 4108/410/4082 3916/349/4221
f 4153/477/4224 4159/450/4077 4115/349/4080 3917/416/4220
f 3918/476/4223 3920/91/4222 4106/91/4055 4107/448/4068
f 847/234/1162 1042/234/976 4119/342/4050 3924/342/4219
f 3921/357/4225 4105/357/4053 4106/91/4055 3920/91/4222
f 3926/483/4246 4104/220/4049 4105/357/4053 3921/357/4225
f 3924/342/4219 4119/342/4050 4116/442/4046 3925/484/4247
f 3925/484/4247 4116/442/4046 4104/220/4049 3926/483/4246
f 857/349/1170 1060/234/1327 4125/234/4380 3919/416/4226
f 3919/416/4226 4125/234/4380 4124/234/4381 3912/410/4236
f 3912/410/4236 4124/234/4381 4123/234/4382 3923/453/4231
f 3923/453/4231 4123/234/4382 3911/437/4240 3922/410/4232
f 4123/234/4382 4128/234/4383 4134/437/4384 3911/437/4240
f 4128/234/4383 4129/234/4375 4135/416/4374 4134/437/4384
f 4101/349/3468 4158/349/4385 3197/437/4377 3169/452/4386
f 4125/234/4380 4131/234/4387 4127/234/4388 4124/234/4381
f 4131/234/4387 4132/234/4389 4126/234/4378 4127/234/4388
f 1060/234/1327 1071/234/1337 4131/234/4387 4125/234/4380
f 1071/234/1337 1070/234/1338 4132/234/4389 4131/234/4387
f 3232/234/3471 4103/513/4371 4157/518/4390
f 4124/234/4381 4127/234/4388 4128/234/4383 4123/234/4382
f 4127/234/4388 4126/234/4378 4129/234/4375 4128/234/4383
f 4091/349/4391 3909/349/4234 3910/349/4233 4137/452/4392
f 3928/349/4393 4091/349/4391 4137/452/4392 4136/349/4394
f 3194/517/4376 3410/519/3381 3169/452/4386 3197/437/4377
f 3290/435/3467 4100/514/4373 4158/349/4385 4101/349/3468
f 3910/349/4233 3911/437/4240 4134/437/4384 4137/452/4392
f 4137/452/4392 4134/437/4384 4135/416/4374 4136/349/4394
f 3915/482/4243 4109/451/4084 4159/450/4077 4153/477/4224
f 4095/413/4034 4144/454/4369 4155/437/4370 4096/349/4031
f 4096/349/4031 4155/437/4370 4138/349/4205 4094/349/4032
f 4092/349/4036 4143/349/4042 4144/454/4369 4095/413/4034
f 3801/447/4067 3915/482/4243 4153/477/4224 4150/425/3971
f 3697/349/3958 3877/234/4189 4152/474/4204 4138/349/4205
f 3878/473/4197 4152/474/4204 4156/334/3670 3887/472/4195
f 3804/447/4083 3790/447/4069 4140/425/4076 4151/425/4078
f 4109/451/4084 3804/447/4083 4151/425/4078 4159/450/4077
f 3698/349/4070 4140/425/4076 4149/447/4075 3797/349/4071
f 3776/91/4054 3779/357/4052 4148/449/4074 4149/447/4075
f 3779/357/4052 3775/220/4048 4147/229/4064 4148/449/4074
f 3775/220/4048 3777/333/4047 4146/444/4061 4147/229/4064
f 3777/333/4047 3778/342/4051 4145/443/4058 4146/444/4061
f 591/349/869 3781/349/3964 4145/443/4058 1082/418/980
f 3764/349/4352 4143/349/4042 4142/430/4040 3769/349/4039
f 3794/441/4045 4154/438/4037 4142/430/4040 4093/439/4043
f 3794/441/4045 3789/445/4065 4139/426/3972 4154/438/4037
f 3789/445/4065 3791/446/4066 4141/424/3970 4139/426/3972
f 3791/446/4066 3801/447/4067 4150/425/3971 4141/424/3970
f 4081/234/4357 4028/234/4349 4072/234/4354 4065/234/4353
f 4165/234/4318 4057/234/4314 4043/234/4321 4160/234/4319
f 4161/234/4367 4051/234/4326 4042/234/4302 4160/234/4319
f 4161/234/4367 4052/234/4366 4071/234/4316 4082/234/4368
f 4164/234/4308 4031/234/4309 4057/234/4314 4165/234/4318
f 4163/234/4294 4037/234/4298 4023/234/4288 4162/234/4292
f 4163/234/4294 4038/234/4293 4031/234/4309 4164/234/4308
f 4162/234/4292 4023/234/4288 4017/234/4278 4166/234/4283
f 4167/234/4212 4013/234/4207 3894/349/4206 3895/349/4126
f 4166/234/4283 4017/234/4278 4013/234/4207 4167/234/4212
f 4135/416/4374 3197/437/4377 4158/349/4385 4136/349/4394
f 4091/349/4391 3928/349/4393 4169/512/4284 4172/418/4203
f 3833/349/4125 3909/349/4234 4170/417/4202 4168/417/4208
f 3833/349/4125 4168/417/4208 4171/418/4211 3895/349/4126
f 3909/349/4234 4091/349/4391 4172/418/4203 4170/417/4202
f 3648/349/3898 3652/349/3890 3644/349/3876 3635/349/3875
f 3669/234/3916 4178/234/4009 4181/234/3917 3728/234/3914
f 3665/234/3927 4177/234/3940 4180/234/3944 3731/234/3925
f 3670/234/3929 4175/234/3924 4178/234/4009 3669/234/3916
f 3674/234/3933 4179/234/3920 4176/234/3937 3663/234/3932
f 3731/234/3925 4180/234/3944 4174/234/3921 3661/234/3931
f 3663/234/3932 4176/234/3937 4177/234/3940 3665/234/3927
f 3661/234/3931 4174/234/3921 4175/234/3924 3670/234/3929
f 3728/234/3914 4181/234/3917 4179/234/3920 3674/234/3933
f 4178/234/4009 3678/234/3941 3734/234/3918 4181/234/3917
f 4192/234/4340 4193/234/4343 4066/234/4338 4191/234/4337
f 4183/234/4315 4070/234/4245 4039/234/4348 4186/234/4351
f 4182/234/4324 4084/234/4364 4076/234/4363 4189/234/4360
f 4187/234/4355 4073/234/4346 4068/234/4345 4188/234/4356
f 4185/234/4323 4078/234/4365 4084/234/4364 4182/234/4324
f 4185/234/4323 4077/234/4322 4065/234/4353 4188/234/4356
f 4189/234/4360 4076/234/4363 4079/234/4362 4184/234/4361
f 4184/234/4361 4079/234/4362 4053/234/4350 4186/234/4351
f 4187/234/4355 4072/234/4354 4067/234/4339 4190/234/4342
f 4191/234/4337 4066/234/4338 4026/234/4310 4064/234/4335
f 4050/234/4327 4051/234/4326 4193/234/4343 4192/234/4340
f 3526/346/3703 3511/346/3702 3981/369/3759
f 3168/234/3647 4195/234/3472 3232/234/3471 4157/518/4390
f 4157/518/4390 4103/513/4371 3881/349/4198 4197/335/3673
f 3391/516/3628 3413/234/3630 3886/234/3646 4102/515/4372
f 3315/234/4395 4196/234/4379 4130/234/3481 4133/234/3480
f 4173/520/4396 3315/521/4395 4133/235/3480 1140/236/353
f 4136/349/4394 4158/349/4385 4100/514/4373 3928/349/4393
f 6173/171/3379 3314/522/3306 3241/189/3402 6175/177/3385
f 4173/520/4396 6174/170/3378 3236/48/3219 4194/172/3382
f 3410/519/3381 3194/517/4376 4196/234/4379 3315/234/4395
f 4173/520/4396 4194/172/3382 3410/173/3381 3315/521/4395
f 4102/515/4372 3886/234/3646 4087/234/4285 4169/512/4284
f 4130/234/3481 4196/234/4379 4126/234/4378 4132/234/4389
f 4100/514/4373 4102/515/4372 4169/512/4284 3928/349/4393
f 3881/349/4198 3887/472/4195 4156/334/3670 4197/335/3673
f 6175/177/3385 3400/190/3403 3379/314/3297 3240/176/3300
f 4197/335/3673 4016/234/3672 3168/234/3647 4157/518/4390
f 3288/216/3466 3389/156/3360 3390/153/3357 3416/316/3629
f 3184/77/3257 3297/78/3256 3231/224/3474 3233/181/3387
f 6197/291/3569 6190/296/3580 3333/297/4397 4198/523/4398
f 4203/164/3371 3226/50/3551 3479/148/3353 4199/163/3372
f 6086/166/3377 6075/50/3220 3355/297/3581 4200/292/3568
f 4199/163/3372 3472/22/3194 3403/339/3687 3471/162/3373
f 6099/238/3485 6090/148/3486 3326/148/3552 4202/524/3547
f 4198/523/4398 3333/297/4397 5215/50/4399 5214/525/4400
f 4202/277/3547 3326/279/3552 3226/50/3551 4203/164/3371
f 3481/81/3303 3182/81/3260 4209/87/3268 4231/108/3304
f 3467/54/4401 3275/54/3667 4216/96/3669 4230/100/3665
f 3447/54/4402 3467/54/4401 4230/100/3665 4229/208/3448
f 3433/10/3168 3375/7/3167 4227/101/3289 4228/101/3655
f 3166/54/3633 4206/101/3604 6070/101/3607 6074/54/3658
f 3251/11/3172 3207/11/3171 4211/100/3295 4226/100/3286
f 6081/88/3276 6076/87/3560 4225/288/3563 3358/88/3578
f 6095/88/3514 6100/282/3555 4224/145/3342 3352/88/3550
f 3336/276/3544 3346/267/3533 4221/260/3524 4223/245/3494
f 3324/258/3517 3344/275/3542 4220/87/3543 4222/257/3518
f 6193/88/3579 6198/259/3521 4221/260/3524 3346/267/3533
f 3320/274/3541 4219/246/3497 4222/257/3518 3329/273/3540
f 3336/276/3544 4223/245/3494 4219/246/3497 3320/274/3541
f 3196/323/3637 5220/69/3248 5216/233/3478 4214/184/3392
f 5237/54/3456 3280/54/3438 4217/103/3447 5245/101/3449
f 3280/54/3438 3447/54/4402 4229/208/3448 4217/103/3447
f 6105/54/3668 3271/54/4403 4215/100/4404 6113/101/3411
f 3308/322/3636 3196/323/3637 4214/184/3392 4218/118/3314
f 3352/88/3550 4224/145/3342 4213/87/3301 3229/88/3399
f 3178/129/3323 4208/117/3313 4212/86/3265 3210/82/3259
f 3178/129/3323 3308/322/3636 4218/118/3314 4208/117/3313
f 3229/88/3399 4213/87/3301 4231/108/3304 3418/88/3348
f 3161/54/3247 3205/37/3213 4211/100/3295 4204/103/3294
f 3374/38/3600 4227/101/3289 4205/99/3285 3164/54/3288
f 3188/11/3290 3251/11/3172 4226/100/3286 4205/99/3285
f 6153/54/3227 3176/54/3226 4207/96/3282 6151/96/3281
f 3210/82/3259 4212/86/3265 4209/87/3268 3182/81/3260
f 3481/81/3303 3224/81/3302 4235/6/3553 4245/6/3354
f 6188/262/3522 3361/289/3562 4243/255/3583 6199/298/3582
f 3224/81/3302 3348/81/3343 4242/281/3554 4235/280/3553
f 3347/248/3495 3339/261/3523 4239/255/3545 4241/272/3538
f 3325/251/3508 3340/2/3511 4238/255/3510 4240/250/3505
f 3322/247/3496 3347/248/3495 4241/272/3538 4237/253/3506
f 6097/283/3556 3344/275/3542 4238/255/3510 6101/3/3509
f 3324/258/3517 3322/247/3496 4237/253/3506 4240/250/3505
f 3312/115/3312 3185/27/3196 4233/25/3195 4236/110/3305
f 3182/81/3260 3481/81/3303 4245/6/3354 4232/6/3164
f 3201/72/3251 3312/115/3312 4236/110/3305 4234/49/3218
f 32/71/99 3201/72/3251 4234/49/3218 1179/46/62
f 3241/189/3402 4233/25/3195 4244/4/3163 3392/5/3166
f 3384/26/3197 3182/81/3260 4232/6/3164 4244/4/3163
f 6084/275/3561 4269/81/4405 4268/3/3160 6087/1/3159
f 3262/30/3200 4253/31/3199 4254/338/3686 3414/222/3470
f 3471/162/3373 3403/339/3687 4252/28/3198 4255/330/3645
f 3414/222/3470 4254/338/3686 4247/332/3648 3232/221/3471
f 101/226/341 1203/331/523 4247/332/3648 3298/225/3473
f 3239/168/3476 4246/328/3642 4255/330/3645 3234/228/3477
f 6083/160/3369 4291/91/3368 4263/227/3644 6088/329/3643
f 6091/244/3491 3323/227/3536 4248/270/3535 6102/243/3492
f 5212/268/3534 5214/525/4400 3317/21/3487 4201/239/3484
f 3239/168/3476 3331/270/3490 4249/242/3493 4246/328/3642
f 6195/526/3573 3360/527/3572 4251/327/3641 6200/326/3640
f 3403/339/3687 3405/179/3389 4253/31/3199 4252/28/3198
f 4259/265/3531 3335/90/3526 3319/90/3525 4257/264/3532
f 6201/264/3577 6192/256/3570 3335/90/3526 4259/265/3531
f 6077/158/3365 6080/90/3366 3357/294/3571 4256/158/3576
f 4902/528/4406 4901/531/4407 5181/530/4408 5183/529/4409
f 5005/532/4410 4272/342/4411 4266/534/4412 4997/533/4413
f 5011/535/4414 5083/538/4415 4264/537/4416 5098/536/4417
f 4262/91/4418 4998/539/4419 5021/539/4420 5013/91/4421
f 5079/540/4422 5120/542/4423 4260/2/4424 5130/541/4425
f 5098/536/4417 4264/537/4416 5085/544/4426 5078/543/4427
f 5000/545/4428 4275/548/4429 4276/547/4430 5080/546/4431
f 5080/546/4431 4276/547/4430 4277/550/4432 5002/549/4433
f 4998/539/4419 4262/91/4418 4270/220/4434 5003/551/4435
f 5003/551/4435 4270/220/4434 4271/333/4436 5004/552/4437
f 5004/552/4437 4271/333/4436 4272/342/4411 5005/532/4410
f 4892/256/4438 5119/264/4439 5122/264/4440 4304/90/4441
f 4891/553/4442 5161/556/4443 5154/555/4444 4303/554/4445
f 4899/557/4446 4892/256/4438 4304/90/4441 4521/558/4447
f 5163/559/4448 5162/561/4449 5153/560/4450 5076/559/4451
f 5155/562/4452 5156/564/4453 4299/563/4454 5093/537/4455
f 4998/539/4419 5009/565/4456 5023/565/4457 5021/539/4420
f 5008/566/4458 5103/569/4459 4280/568/4460 5114/567/4461
f 4997/570/4413 4266/573/4412 4290/572/4462 5112/571/4463
f 4889/574/4464 5160/577/4465 4879/576/4466 5068/575/4467
f 5159/578/4468 5158/581/4469 4870/580/4470 5091/579/4471
f 4306/557/4472 4305/91/4473 5018/91/4474 5019/557/4475
f 5081/582/4476 4902/528/4406 5183/529/4409 5182/583/4477
f 4295/2/4478 4297/586/4479 5015/585/4480 5131/584/4481
f 5070/587/4482 5157/590/4483 4302/589/4484 5094/588/4485
f 5114/567/4461 4280/568/4460 4292/592/4486 5097/591/4487
f 4266/534/4412 4272/342/4411 4311/342/4488 4310/534/4489
f 5085/544/4426 4264/537/4416 4309/537/4490 5066/593/4491
f 4290/572/4462 4266/573/4412 4310/573/4489 5102/572/4492
f 4260/2/4424 4295/2/4478 5131/584/4481 5132/594/4493
f 4292/592/4486 4280/568/4460 4282/596/4494 5082/595/4495
f 4276/547/4430 4275/548/4429 4308/597/4496 4284/547/4497
f 4270/220/4434 4262/91/4418 4305/91/4473 4287/220/4498
f 4277/550/4432 4276/547/4430 4284/547/4497 4288/598/4499
f 4271/333/4436 4270/220/4434 4287/220/4498 4289/333/4500
f 4264/537/4416 5083/538/4415 4283/599/4501 4309/537/4490
f 4272/342/4411 4271/333/4436 4289/333/4500 4311/342/4488
f 4260/2/4424 5120/542/4423 5064/600/4502 4295/2/4478
f 5009/565/4456 5006/601/4503 5022/601/4504 5023/565/4457
f 5006/601/4503 5010/602/4505 5024/602/4506 5022/601/4504
f 4296/294/4507 4306/557/4472 5019/557/4475 5014/294/4508
f 4280/568/4460 5103/569/4459 4307/603/4509 4282/596/4494
f 4325/604/4510 4324/605/4511 4335/605/4512 4337/604/4513
f 4321/606/4514 4322/609/4515 4340/608/4516 4316/607/4517
f 4312/605/4518 4313/604/4519 4319/610/4520 4318/106/4521
f 4317/609/4522 4314/610/4523 4323/610/4524 4320/609/4525
f 4334/607/4526 4339/611/4527 4354/608/4528 4326/607/4529
f 4318/106/4521 4319/610/4520 4322/609/4515 4321/606/4514
f 4313/604/4519 4312/605/4518 4324/605/4511 4325/604/4510
f 4339/611/4527 4317/609/4522 4320/609/4525 4354/608/4528
f 4330/610/4530 4325/604/4510 4337/604/4513 4314/610/4523
f 4322/609/4515 4319/610/4520 4330/610/4530 4332/609/4531
f 4337/604/4513 4335/605/4512 4333/605/4532 4331/604/4533
f 4319/610/4520 4313/604/4519 4325/604/4510 4330/610/4530
f 4338/608/4534 4332/609/4531 4317/609/4522 4339/611/4527
f 4314/610/4523 4337/604/4513 4331/604/4533 4323/610/4524
f 4341/612/4535 4315/615/4536 4327/614/4537 4343/613/4538
f 4340/608/4516 4322/609/4515 4332/609/4531 4338/608/4534
f 4343/613/4538 4327/614/4537 4336/617/4539 4342/616/4540
f 4332/609/4531 4330/610/4530 4314/610/4523 4317/609/4522
f 4328/618/4541 4344/619/4542 4338/608/4534 4339/611/4527
f 4345/620/4543 4346/621/4544 4316/607/4517 4340/608/4516
f 4342/616/4540 4336/617/4539 4328/618/4541 4347/622/4545
f 4327/614/4537 4315/615/4536 4345/620/4543 4344/619/4542
f 4344/619/4542 4345/620/4543 4340/608/4516 4338/608/4534
f 4347/622/4545 4328/618/4541 4339/611/4527 4334/607/4526
f 4315/615/4536 4341/612/4535 4346/621/4544 4345/620/4543
f 4336/617/4539 4327/614/4537 4344/619/4542 4328/618/4541
f 4355/623/4546 4329/625/4547 4358/624/4548 4356/623/4549
f 4354/608/4528 4320/609/4525 4348/609/4550 4351/608/4551
f 4331/604/4533 4333/605/4532 4353/605/4552 4352/604/4553
f 4323/610/4524 4331/604/4533 4352/604/4553 4349/610/4554
f 4320/609/4525 4323/610/4524 4349/610/4554 4348/609/4550
f 4329/625/4547 4355/623/4546 4326/607/4529 4354/608/4528
f 4356/623/4549 4358/624/4548 4351/608/4551 4350/607/4555
f 4358/624/4548 4329/625/4547 4354/608/4528 4351/608/4551
f 4351/608/4551 4348/609/4550 4357/609/4556 4361/608/4557
f 4349/610/4554 4352/604/4553 4362/604/4558 4359/610/4559
f 4350/607/4555 4351/608/4551 4361/608/4557 4360/607/4560
f 4348/609/4550 4349/610/4554 4359/610/4559 4357/609/4556
f 4352/604/4553 4353/605/4552 4363/605/4561 4362/604/4558
f 4360/607/4560 4361/608/4557 4376/608/4562 4366/607/4563
f 4359/610/4559 4362/604/4558 4368/604/4564 4365/610/4565
f 4361/608/4557 4357/609/4556 4364/609/4566 4376/608/4562
f 4362/604/4558 4363/605/4561 4369/605/4567 4368/604/4564
f 4357/609/4556 4359/610/4559 4365/610/4565 4364/609/4566
f 4365/610/4565 4368/604/4564 4371/604/4568 4374/610/4569
f 4376/608/4562 4364/609/4566 4375/609/4570 4372/608/4571
f 4364/609/4566 4365/610/4565 4374/610/4569 4375/609/4570
f 4377/626/4572 4367/629/4573 4379/628/4574 4378/627/4575
f 4368/604/4564 4369/605/4567 4370/605/4576 4371/604/4568
f 4367/629/4573 4377/626/4572 4366/607/4563 4376/608/4562
f 4388/610/4577 4387/604/4578 4381/604/4579 4384/610/4580
f 4378/627/4575 4379/628/4574 4372/608/4571 4373/607/4581
f 4379/628/4574 4367/629/4573 4376/608/4562 4372/608/4571
f 4392/611/4582 4391/609/4583 4385/609/4584 5126/608/4585
f 4391/609/4583 4388/610/4577 4384/610/4580 4385/609/4584
f 4387/604/4578 4395/605/4586 4380/605/4587 4381/604/4579
f 4396/607/4588 4392/611/4582 5126/608/4585 5125/607/4589
f 4373/607/4581 4372/608/4571 4393/611/4590 4397/607/4591
f 4397/607/4591 4393/611/4590 4392/611/4582 4396/607/4588
f 4371/604/4568 4370/605/4576 4394/605/4592 4386/604/4593
f 4386/604/4593 4394/605/4592 4395/605/4586 4387/604/4578
f 4375/609/4570 4374/610/4569 4389/610/4594 4390/609/4595
f 4390/609/4595 4389/610/4594 4388/610/4577 4391/609/4583
f 4372/608/4571 4375/609/4570 4390/609/4595 4393/611/4590
f 4393/611/4590 4390/609/4595 4391/609/4583 4392/611/4582
f 4374/610/4569 4371/604/4568 4386/604/4593 4389/610/4594
f 4389/610/4594 4386/604/4593 4387/604/4578 4388/610/4577
f 4406/604/4596 4414/604/4597 4335/605/4512 4324/605/4511
f 4321/606/4514 4316/607/4517 4417/608/4598 4404/609/4599
f 4312/605/4518 4318/106/4521 4402/610/4600 4398/604/4601
f 4401/609/4602 4403/609/4603 4405/610/4604 4399/610/4605
f 4334/607/4526 4326/607/4529 4424/608/4606 4416/611/4607
f 4318/106/4521 4321/606/4514 4404/609/4599 4402/610/4600
f 4398/604/4601 4406/604/4596 4324/605/4511 4312/605/4518
f 4416/611/4607 4424/608/4606 4403/609/4603 4401/609/4602
f 4410/610/4608 4399/610/4605 4414/604/4597 4406/604/4596
f 4404/609/4599 4412/609/4609 4410/610/4608 4402/610/4600
f 4414/604/4597 4411/604/4610 4333/605/4532 4335/605/4512
f 4402/610/4600 4410/610/4608 4406/604/4596 4398/604/4601
f 4415/608/4611 4416/611/4607 4401/609/4602 4412/609/4609
f 4399/610/4605 4405/610/4604 4411/604/4610 4414/604/4597
f 4341/612/4535 4343/613/4538 4407/614/4612 4400/615/4613
f 4417/608/4598 4415/608/4611 4412/609/4609 4404/609/4599
f 4343/613/4538 4342/616/4540 4413/617/4614 4407/614/4612
f 4412/609/4609 4401/609/4602 4399/610/4605 4410/610/4608
f 4408/618/4615 4416/611/4607 4415/608/4611 4418/619/4616
f 4419/620/4617 4417/608/4598 4316/607/4517 4346/621/4544
f 4342/616/4540 4347/622/4545 4408/618/4615 4413/617/4614
f 4407/614/4612 4418/619/4616 4419/620/4617 4400/615/4613
f 4418/619/4616 4415/608/4611 4417/608/4598 4419/620/4617
f 4347/622/4545 4334/607/4526 4416/611/4607 4408/618/4615
f 4400/615/4613 4419/620/4617 4346/621/4544 4341/612/4535
f 4413/617/4614 4408/618/4615 4418/619/4616 4407/614/4612
f 4355/623/4546 4356/623/4549 4426/624/4618 4409/625/4619
f 4424/608/4606 4422/608/4620 4420/609/4621 4403/609/4603
f 4411/604/4610 4423/604/4622 4353/605/4552 4333/605/4532
f 4405/610/4604 4421/610/4623 4423/604/4622 4411/604/4610
f 4403/609/4603 4420/609/4621 4421/610/4623 4405/610/4604
f 4409/625/4619 4424/608/4606 4326/607/4529 4355/623/4546
f 4356/623/4549 4350/607/4555 4422/608/4620 4426/624/4618
f 4426/624/4618 4422/608/4620 4424/608/4606 4409/625/4619
f 4422/608/4620 4428/608/4624 4425/609/4625 4420/609/4621
f 4421/610/4623 4427/610/4626 4429/604/4627 4423/604/4622
f 4350/607/4555 4360/607/4560 4428/608/4624 4422/608/4620
f 4420/609/4621 4425/609/4625 4427/610/4626 4421/610/4623
f 4423/604/4622 4429/604/4627 4363/605/4561 4353/605/4552
f 4360/607/4560 4366/607/4563 4438/608/4628 4428/608/4624
f 4427/610/4626 4431/610/4629 4433/604/4630 4429/604/4627
f 4428/608/4624 4438/608/4628 4430/609/4631 4425/609/4625
f 4429/604/4627 4433/604/4630 4369/605/4567 4363/605/4561
f 4425/609/4625 4430/609/4631 4431/610/4629 4427/610/4626
f 4431/610/4629 4436/610/4632 4434/604/4633 4433/604/4630
f 4438/608/4628 4435/608/4634 4437/609/4635 4430/609/4631
f 4430/609/4631 4437/609/4635 4436/610/4632 4431/610/4629
f 4377/626/4572 4378/627/4575 4439/628/4636 4432/629/4637
f 4433/604/4630 4434/604/4633 4370/605/4576 4369/605/4567
f 4432/629/4637 4438/608/4628 4366/607/4563 4377/626/4572
f 4446/610/4638 4442/610/4639 4440/604/4640 4445/604/4641
f 4378/627/4575 4373/607/4581 4435/608/4634 4439/628/4636
f 4439/628/4636 4435/608/4634 4438/608/4628 4432/629/4637
f 4450/611/4642 5127/608/4643 4443/609/4644 4449/609/4645
f 4449/609/4645 4443/609/4644 4442/610/4639 4446/610/4638
f 4445/604/4641 4440/604/4640 4380/605/4587 4395/605/4586
f 4396/607/4588 5125/607/4589 5127/608/4643 4450/611/4642
f 4373/607/4581 4397/607/4591 4451/611/4646 4435/608/4634
f 4397/607/4591 4396/607/4588 4450/611/4642 4451/611/4646
f 4434/604/4633 4444/604/4647 4394/605/4592 4370/605/4576
f 4444/604/4647 4445/604/4641 4395/605/4586 4394/605/4592
f 4437/609/4635 4448/609/4648 4447/610/4649 4436/610/4632
f 4448/609/4648 4449/609/4645 4446/610/4638 4447/610/4649
f 4435/608/4634 4451/611/4646 4448/609/4648 4437/609/4635
f 4451/611/4646 4450/611/4642 4449/609/4645 4448/609/4648
f 4436/610/4632 4447/610/4649 4444/604/4647 4434/604/4633
f 4447/610/4649 4446/610/4638 4445/604/4641 4444/604/4647
f 4465/604/4650 4464/605/4651 4475/605/4652 4477/604/4653
f 4461/606/4654 4462/609/4655 4480/608/4656 4456/607/4657
f 4452/605/4658 4453/604/4659 4459/610/4660 4458/106/4661
f 4457/609/4662 4454/610/4663 4463/610/4664 4460/609/4665
f 4474/607/4666 4479/611/4667 4494/608/4668 4466/607/4669
f 4458/106/4661 4459/610/4660 4462/609/4655 4461/606/4654
f 4453/604/4659 4452/605/4658 4464/605/4651 4465/604/4650
f 4479/611/4667 4457/609/4662 4460/609/4665 4494/608/4668
f 4470/610/4670 4465/604/4650 4477/604/4653 4454/610/4663
f 4462/609/4655 4459/610/4660 4470/610/4670 4472/609/4671
f 4477/604/4653 4475/605/4652 4473/605/4672 4471/604/4673
f 4459/610/4660 4453/604/4659 4465/604/4650 4470/610/4670
f 4478/608/4674 4472/609/4671 4457/609/4662 4479/611/4667
f 4454/610/4663 4477/604/4653 4471/604/4673 4463/610/4664
f 4481/612/4675 4455/615/4676 4467/614/4677 4483/613/4678
f 4480/608/4656 4462/609/4655 4472/609/4671 4478/608/4674
f 4483/613/4678 4467/614/4677 4476/617/4679 4482/616/4680
f 4472/609/4671 4470/610/4670 4454/610/4663 4457/609/4662
f 4468/618/4681 4484/619/4682 4478/608/4674 4479/611/4667
f 4485/620/4683 4486/621/4684 4456/607/4657 4480/608/4656
f 4482/616/4680 4476/617/4679 4468/618/4681 4487/622/4685
f 4467/614/4677 4455/615/4676 4485/620/4683 4484/619/4682
f 4484/619/4682 4485/620/4683 4480/608/4656 4478/608/4674
f 4487/622/4685 4468/618/4681 4479/611/4667 4474/607/4666
f 4455/615/4676 4481/612/4675 4486/621/4684 4485/620/4683
f 4476/617/4679 4467/614/4677 4484/619/4682 4468/618/4681
f 4495/623/4686 4469/625/4687 4498/624/4688 4496/623/4689
f 4494/608/4668 4460/609/4665 4488/609/4690 4491/608/4691
f 4471/604/4673 4473/605/4672 4493/605/4692 4492/604/4693
f 4463/610/4664 4471/604/4673 4492/604/4693 4489/610/4694
f 4460/609/4665 4463/610/4664 4489/610/4694 4488/609/4690
f 4469/625/4687 4495/623/4686 4466/607/4669 4494/608/4668
f 4496/623/4689 4498/624/4688 4491/608/4691 4490/607/4695
f 4498/624/4688 4469/625/4687 4494/608/4668 4491/608/4691
f 4491/608/4691 4488/609/4690 4497/609/4696 4501/608/4697
f 4489/610/4694 4492/604/4693 4502/604/4698 4499/610/4699
f 4490/607/4695 4491/608/4691 4501/608/4697 4500/607/4700
f 4488/609/4690 4489/610/4694 4499/610/4699 4497/609/4696
f 4492/604/4693 4493/605/4692 4503/605/4701 4502/604/4698
f 4500/607/4700 4501/608/4697 4516/608/4702 4506/607/4703
f 4499/610/4699 4502/604/4698 4508/604/4704 4505/610/4705
f 4501/608/4697 4497/609/4696 4504/609/4706 4516/608/4702
f 4502/604/4698 4503/605/4701 4509/605/4707 4508/604/4704
f 4497/609/4696 4499/610/4699 4505/610/4705 4504/609/4706
f 4505/610/4705 4508/604/4704 4511/604/4708 4514/610/4709
f 4516/608/4702 4504/609/4706 4515/609/4710 4512/608/4711
f 4504/609/4706 4505/610/4705 4514/610/4709 4515/609/4710
f 4517/626/4712 4507/629/4713 4519/628/4714 4518/627/4715
f 4508/604/4704 4509/605/4707 4510/605/4716 4511/604/4708
f 4507/629/4713 4517/626/4712 4506/607/4703 4516/608/4702
f 4526/610/4717 4525/604/4718 4440/604/4640 4442/610/4639
f 4518/627/4715 4519/628/4714 4512/608/4711 4513/607/4719
f 4519/628/4714 4507/629/4713 4516/608/4702 4512/608/4711
f 4530/611/4720 4529/609/4721 4443/609/4644 5072/608/4722
f 4529/609/4721 4526/610/4717 4442/610/4639 4443/609/4644
f 4525/604/4718 4533/605/4723 4520/605/4724 4440/604/4640
f 4534/607/4725 4530/611/4720 5072/608/4722 5071/607/4726
f 4513/607/4719 4512/608/4711 4531/611/4727 4535/607/4728
f 4535/607/4728 4531/611/4727 4530/611/4720 4534/607/4725
f 4511/604/4708 4510/605/4716 4532/605/4729 4524/604/4730
f 4524/604/4730 4532/605/4729 4533/605/4723 4525/604/4718
f 4515/609/4710 4514/610/4709 4527/610/4731 4528/609/4732
f 4528/609/4732 4527/610/4731 4526/610/4717 4529/609/4721
f 4512/608/4711 4515/609/4710 4528/609/4732 4531/611/4727
f 4531/611/4727 4528/609/4732 4529/609/4721 4530/611/4720
f 4514/610/4709 4511/604/4708 4524/604/4730 4527/610/4731
f 4527/610/4731 4524/604/4730 4525/604/4718 4526/610/4717
f 4544/604/4733 4552/604/4734 4475/605/4652 4464/605/4651
f 4461/606/4654 4456/607/4657 4555/608/4735 4542/609/4736
f 4452/605/4658 4458/106/4661 4540/610/4737 4536/604/4738
f 4539/609/4739 4541/609/4740 4543/610/4741 4537/610/4742
f 4474/607/4666 4466/607/4669 4562/608/4743 4554/611/4744
f 4458/106/4661 4461/606/4654 4542/609/4736 4540/610/4737
f 4536/604/4738 4544/604/4733 4464/605/4651 4452/605/4658
f 4554/611/4744 4562/608/4743 4541/609/4740 4539/609/4739
f 4548/610/4745 4537/610/4742 4552/604/4734 4544/604/4733
f 4542/609/4736 4550/609/4746 4548/610/4745 4540/610/4737
f 4552/604/4734 4549/604/4747 4473/605/4672 4475/605/4652
f 4540/610/4737 4548/610/4745 4544/604/4733 4536/604/4738
f 4553/608/4748 4554/611/4744 4539/609/4739 4550/609/4746
f 4537/610/4742 4543/610/4741 4549/604/4747 4552/604/4734
f 4481/612/4675 4483/613/4678 4545/614/4749 4538/615/4750
f 4555/608/4735 4553/608/4748 4550/609/4746 4542/609/4736
f 4483/613/4678 4482/616/4680 4551/617/4751 4545/614/4749
f 4550/609/4746 4539/609/4739 4537/610/4742 4548/610/4745
f 4546/618/4752 4554/611/4744 4553/608/4748 4556/619/4753
f 4557/620/4754 4555/608/4735 4456/607/4657 4486/621/4684
f 4482/616/4680 4487/622/4685 4546/618/4752 4551/617/4751
f 4545/614/4749 4556/619/4753 4557/620/4754 4538/615/4750
f 4556/619/4753 4553/608/4748 4555/608/4735 4557/620/4754
f 4487/622/4685 4474/607/4666 4554/611/4744 4546/618/4752
f 4538/615/4750 4557/620/4754 4486/621/4684 4481/612/4675
f 4551/617/4751 4546/618/4752 4556/619/4753 4545/614/4749
f 4495/623/4686 4496/623/4689 4564/624/4755 4547/625/4756
f 4562/608/4743 4560/608/4757 4558/609/4758 4541/609/4740
f 4549/604/4747 4561/604/4759 4493/605/4692 4473/605/4672
f 4543/610/4741 4559/610/4760 4561/604/4759 4549/604/4747
f 4541/609/4740 4558/609/4758 4559/610/4760 4543/610/4741
f 4547/625/4756 4562/608/4743 4466/607/4669 4495/623/4686
f 4496/623/4689 4490/607/4695 4560/608/4757 4564/624/4755
f 4564/624/4755 4560/608/4757 4562/608/4743 4547/625/4756
f 4560/608/4757 4566/608/4761 4563/609/4762 4558/609/4758
f 4559/610/4760 4565/610/4763 4567/604/4764 4561/604/4759
f 4490/607/4695 4500/607/4700 4566/608/4761 4560/608/4757
f 4558/609/4758 4563/609/4762 4565/610/4763 4559/610/4760
f 4561/604/4759 4567/604/4764 4503/605/4701 4493/605/4692
f 4500/607/4700 4506/607/4703 4576/608/4765 4566/608/4761
f 4565/610/4763 4569/610/4766 4571/604/4767 4567/604/4764
f 4566/608/4761 4576/608/4765 4568/609/4768 4563/609/4762
f 4567/604/4764 4571/604/4767 4509/605/4707 4503/605/4701
f 4563/609/4762 4568/609/4768 4569/610/4766 4565/610/4763
f 4569/610/4766 4574/610/4769 4572/604/4770 4571/604/4767
f 4576/608/4765 4573/608/4771 4575/609/4772 4568/609/4768
f 4568/609/4768 4575/609/4772 4574/610/4769 4569/610/4766
f 4517/626/4712 4518/627/4715 4577/628/4773 4570/629/4774
f 4571/604/4767 4572/604/4770 4510/605/4716 4509/605/4707
f 4570/629/4774 4576/608/4765 4506/607/4703 4517/626/4712
f 4584/610/4775 4580/610/4776 4578/604/4777 4583/604/4778
f 4518/627/4715 4513/607/4719 4573/608/4771 4577/628/4773
f 4577/628/4773 4573/608/4771 4576/608/4765 4570/629/4774
f 4588/611/4779 5073/608/4780 4581/609/4781 4587/609/4782
f 4587/609/4782 4581/609/4781 4580/610/4776 4584/610/4775
f 4583/604/4778 4578/604/4777 4520/605/4724 4533/605/4723
f 4534/607/4725 5071/607/4726 5073/608/4780 4588/611/4779
f 4513/607/4719 4535/607/4728 4589/611/4783 4573/608/4771
f 4535/607/4728 4534/607/4725 4588/611/4779 4589/611/4783
f 4572/604/4770 4582/604/4784 4532/605/4729 4510/605/4716
f 4582/604/4784 4583/604/4778 4533/605/4723 4532/605/4729
f 4575/609/4772 4586/609/4785 4585/610/4786 4574/610/4769
f 4586/609/4785 4587/609/4782 4584/610/4775 4585/610/4786
f 4573/608/4771 4589/611/4783 4586/609/4785 4575/609/4772
f 4589/611/4783 4588/611/4779 4587/609/4782 4586/609/4785
f 4574/610/4769 4585/610/4786 4582/604/4784 4572/604/4770
f 4585/610/4786 4584/610/4775 4583/604/4778 4582/604/4784
f 4603/604/4787 4602/605/4788 4613/605/4789 4615/604/4790
f 4599/606/4791 4600/609/4792 4618/608/4793 4594/607/4794
f 4590/605/4795 4591/604/4796 4597/610/4797 4596/106/4798
f 4595/609/4799 4592/610/4800 4601/610/4801 4598/609/4802
f 4612/607/4803 4617/611/4804 4632/608/4805 4604/607/4806
f 4596/106/4798 4597/610/4797 4600/609/4792 4599/606/4791
f 4591/604/4796 4590/605/4795 4602/605/4788 4603/604/4787
f 4617/611/4804 4595/609/4799 4598/609/4802 4632/608/4805
f 4608/610/4807 4603/604/4787 4615/604/4790 4592/610/4800
f 4600/609/4792 4597/610/4797 4608/610/4807 4610/609/4808
f 4615/604/4790 4613/605/4789 4611/605/4809 4609/604/4810
f 4597/610/4797 4591/604/4796 4603/604/4787 4608/610/4807
f 4616/608/4811 4610/609/4808 4595/609/4799 4617/611/4804
f 4592/610/4800 4615/604/4790 4609/604/4810 4601/610/4801
f 4619/612/4812 4593/615/4813 4605/614/4814 4621/613/4815
f 4618/608/4793 4600/609/4792 4610/609/4808 4616/608/4811
f 4621/613/4815 4605/614/4814 4614/617/4816 4620/616/4817
f 4610/609/4808 4608/610/4807 4592/610/4800 4595/609/4799
f 4606/618/4818 4622/619/4819 4616/608/4811 4617/611/4804
f 4623/620/4820 4624/621/4821 4594/607/4794 4618/608/4793
f 4620/616/4817 4614/617/4816 4606/618/4818 4625/622/4822
f 4605/614/4814 4593/615/4813 4623/620/4820 4622/619/4819
f 4622/619/4819 4623/620/4820 4618/608/4793 4616/608/4811
f 4625/622/4822 4606/618/4818 4617/611/4804 4612/607/4803
f 4593/615/4813 4619/612/4812 4624/621/4821 4623/620/4820
f 4614/617/4816 4605/614/4814 4622/619/4819 4606/618/4818
f 4633/623/4823 4607/625/4824 4636/624/4825 4634/623/4826
f 4632/608/4805 4598/609/4802 4626/609/4827 4629/608/4828
f 4609/604/4810 4611/605/4809 4631/605/4829 4630/604/4830
f 4601/610/4801 4609/604/4810 4630/604/4830 4627/610/4831
f 4598/609/4802 4601/610/4801 4627/610/4831 4626/609/4827
f 4607/625/4824 4633/623/4823 4604/607/4806 4632/608/4805
f 4634/623/4826 4636/624/4825 4629/608/4828 4628/607/4832
f 4636/624/4825 4607/625/4824 4632/608/4805 4629/608/4828
f 4629/608/4828 4626/609/4827 4635/609/4833 4639/608/4834
f 4627/610/4831 4630/604/4830 4640/604/4835 4637/610/4836
f 4628/607/4832 4629/608/4828 4639/608/4834 4638/607/4837
f 4626/609/4827 4627/610/4831 4637/610/4836 4635/609/4833
f 4630/604/4830 4631/605/4829 4641/605/4838 4640/604/4835
f 4638/607/4837 4639/608/4834 4654/608/4839 4644/607/4840
f 4637/610/4836 4640/604/4835 4646/604/4841 4643/610/4842
f 4639/608/4834 4635/609/4833 4642/609/4843 4654/608/4839
f 4640/604/4835 4641/605/4838 4647/605/4844 4646/604/4841
f 4635/609/4833 4637/610/4836 4643/610/4842 4642/609/4843
f 4643/610/4842 4646/604/4841 4649/604/4845 4652/610/4846
f 4654/608/4839 4642/609/4843 4653/609/4847 4650/608/4848
f 4642/609/4843 4643/610/4842 4652/610/4846 4653/609/4847
f 4655/626/4849 4645/629/4850 4657/628/4851 4656/627/4852
f 4646/604/4841 4647/605/4844 4648/605/4853 4649/604/4845
f 4645/629/4850 4655/626/4849 4644/607/4840 4654/608/4839
f 4664/610/4854 4663/604/4855 4578/604/4777 4580/610/4776
f 4656/627/4852 4657/628/4851 4650/608/4848 4651/607/4856
f 4657/628/4851 4645/629/4850 4654/608/4839 4650/608/4848
f 4668/611/4857 4667/609/4858 4581/609/4781 5088/608/4859
f 4667/609/4858 4664/610/4854 4580/610/4776 4581/609/4781
f 4663/604/4855 4671/605/4860 4658/605/4861 4578/604/4777
f 4672/607/4862 4668/611/4857 5088/608/4859 5087/607/4863
f 4651/607/4856 4650/608/4848 4669/611/4864 4673/607/4865
f 4673/607/4865 4669/611/4864 4668/611/4857 4672/607/4862
f 4649/604/4845 4648/605/4853 4670/605/4866 4662/604/4867
f 4662/604/4867 4670/605/4866 4671/605/4860 4663/604/4855
f 4653/609/4847 4652/610/4846 4665/610/4868 4666/609/4869
f 4666/609/4869 4665/610/4868 4664/610/4854 4667/609/4858
f 4650/608/4848 4653/609/4847 4666/609/4869 4669/611/4864
f 4669/611/4864 4666/609/4869 4667/609/4858 4668/611/4857
f 4652/610/4846 4649/604/4845 4662/604/4867 4665/610/4868
f 4665/610/4868 4662/604/4867 4663/604/4855 4664/610/4854
f 4682/604/4870 4690/604/4871 4613/605/4789 4602/605/4788
f 4599/606/4791 4594/607/4794 4693/608/4872 4680/609/4873
f 4590/605/4795 4596/106/4798 4678/610/4874 4674/604/4875
f 4677/609/4876 4679/609/4877 4681/610/4878 4675/610/4879
f 4612/607/4803 4604/607/4806 4700/608/4880 4692/611/4881
f 4596/106/4798 4599/606/4791 4680/609/4873 4678/610/4874
f 4674/604/4875 4682/604/4870 4602/605/4788 4590/605/4795
f 4692/611/4881 4700/608/4880 4679/609/4877 4677/609/4876
f 4686/610/4882 4675/610/4879 4690/604/4871 4682/604/4870
f 4680/609/4873 4688/609/4883 4686/610/4882 4678/610/4874
f 4690/604/4871 4687/604/4884 4611/605/4809 4613/605/4789
f 4678/610/4874 4686/610/4882 4682/604/4870 4674/604/4875
f 4691/608/4885 4692/611/4881 4677/609/4876 4688/609/4883
f 4675/610/4879 4681/610/4878 4687/604/4884 4690/604/4871
f 4619/612/4812 4621/613/4815 4683/614/4886 4676/615/4887
f 4693/608/4872 4691/608/4885 4688/609/4883 4680/609/4873
f 4621/613/4815 4620/616/4817 4689/617/4888 4683/614/4886
f 4688/609/4883 4677/609/4876 4675/610/4879 4686/610/4882
f 4684/618/4889 4692/611/4881 4691/608/4885 4694/619/4890
f 4695/620/4891 4693/608/4872 4594/607/4794 4624/621/4821
f 4620/616/4817 4625/622/4822 4684/618/4889 4689/617/4888
f 4683/614/4886 4694/619/4890 4695/620/4891 4676/615/4887
f 4694/619/4890 4691/608/4885 4693/608/4872 4695/620/4891
f 4625/622/4822 4612/607/4803 4692/611/4881 4684/618/4889
f 4676/615/4887 4695/620/4891 4624/621/4821 4619/612/4812
f 4689/617/4888 4684/618/4889 4694/619/4890 4683/614/4886
f 4633/623/4823 4634/623/4826 4702/624/4892 4685/625/4893
f 4700/608/4880 4698/608/4894 4696/609/4895 4679/609/4877
f 4687/604/4884 4699/604/4896 4631/605/4829 4611/605/4809
f 4681/610/4878 4697/610/4897 4699/604/4896 4687/604/4884
f 4679/609/4877 4696/609/4895 4697/610/4897 4681/610/4878
f 4685/625/4893 4700/608/4880 4604/607/4806 4633/623/4823
f 4634/623/4826 4628/607/4832 4698/608/4894 4702/624/4892
f 4702/624/4892 4698/608/4894 4700/608/4880 4685/625/4893
f 4698/608/4894 4704/608/4898 4701/609/4899 4696/609/4895
f 4697/610/4897 4703/610/4900 4705/604/4901 4699/604/4896
f 4628/607/4832 4638/607/4837 4704/608/4898 4698/608/4894
f 4696/609/4895 4701/609/4899 4703/610/4900 4697/610/4897
f 4699/604/4896 4705/604/4901 4641/605/4838 4631/605/4829
f 4638/607/4837 4644/607/4840 4714/608/4902 4704/608/4898
f 4703/610/4900 4707/610/4903 4709/604/4904 4705/604/4901
f 4704/608/4898 4714/608/4902 4706/609/4905 4701/609/4899
f 4705/604/4901 4709/604/4904 4647/605/4844 4641/605/4838
f 4701/609/4899 4706/609/4905 4707/610/4903 4703/610/4900
f 4707/610/4903 4712/610/4906 4710/604/4907 4709/604/4904
f 4714/608/4902 4711/608/4908 4713/609/4909 4706/609/4905
f 4706/609/4905 4713/609/4909 4712/610/4906 4707/610/4903
f 4655/626/4849 4656/627/4852 4715/628/4910 4708/629/4911
f 4709/604/4904 4710/604/4907 4648/605/4853 4647/605/4844
f 4708/629/4911 4714/608/4902 4644/607/4840 4655/626/4849
f 4722/610/4912 4718/610/4913 4716/604/4914 4721/604/4915
f 4656/627/4852 4651/607/4856 4711/608/4908 4715/628/4910
f 4715/628/4910 4711/608/4908 4714/608/4902 4708/629/4911
f 4726/611/4916 5089/608/4917 4719/609/4918 4725/609/4919
f 4725/609/4919 4719/609/4918 4718/610/4913 4722/610/4912
f 4721/604/4915 4716/604/4914 4658/605/4861 4671/605/4860
f 4672/607/4862 5087/607/4863 5089/608/4917 4726/611/4916
f 4651/607/4856 4673/607/4865 4727/611/4920 4711/608/4908
f 4673/607/4865 4672/607/4862 4726/611/4916 4727/611/4920
f 4710/604/4907 4720/604/4921 4670/605/4866 4648/605/4853
f 4720/604/4921 4721/604/4915 4671/605/4860 4670/605/4866
f 4713/609/4909 4724/609/4922 4723/610/4923 4712/610/4906
f 4724/609/4922 4725/609/4919 4722/610/4912 4723/610/4923
f 4711/608/4908 4727/611/4920 4724/609/4922 4713/609/4909
f 4727/611/4920 4726/611/4916 4725/609/4919 4724/609/4922
f 4712/610/4906 4723/610/4923 4720/604/4921 4710/604/4907
f 4723/610/4923 4722/610/4912 4721/604/4915 4720/604/4921
f 4741/604/4924 4740/605/4925 4751/605/4926 4753/604/4927
f 4737/606/4928 4738/609/4929 4756/608/4930 4732/607/4931
f 4728/605/4932 4729/604/4933 4735/610/4934 4734/106/4935
f 4733/609/4936 4730/610/4937 4739/610/4938 4736/609/4939
f 4750/607/4940 4755/611/4941 4770/608/4942 4742/607/4943
f 4734/106/4935 4735/610/4934 4738/609/4929 4737/606/4928
f 4729/604/4933 4728/605/4932 4740/605/4925 4741/604/4924
f 4755/611/4941 4733/609/4936 4736/609/4939 4770/608/4942
f 4746/610/4944 4741/604/4924 4753/604/4927 4730/610/4937
f 4738/609/4929 4735/610/4934 4746/610/4944 4748/609/4945
f 4753/604/4927 4751/605/4926 4749/605/4946 4747/604/4947
f 4735/610/4934 4729/604/4933 4741/604/4924 4746/610/4944
f 4754/608/4948 4748/609/4945 4733/609/4936 4755/611/4941
f 4730/610/4937 4753/604/4927 4747/604/4947 4739/610/4938
f 4757/612/4949 4731/615/4950 4743/614/4951 4759/613/4952
f 4756/608/4930 4738/609/4929 4748/609/4945 4754/608/4948
f 4759/613/4952 4743/614/4951 4752/617/4953 4758/616/4954
f 4748/609/4945 4746/610/4944 4730/610/4937 4733/609/4936
f 4744/618/4955 4760/619/4956 4754/608/4948 4755/611/4941
f 4761/620/4957 4762/621/4958 4732/607/4931 4756/608/4930
f 4758/616/4954 4752/617/4953 4744/618/4955 4763/622/4959
f 4743/614/4951 4731/615/4950 4761/620/4957 4760/619/4956
f 4760/619/4956 4761/620/4957 4756/608/4930 4754/608/4948
f 4763/622/4959 4744/618/4955 4755/611/4941 4750/607/4940
f 4731/615/4950 4757/612/4949 4762/621/4958 4761/620/4957
f 4752/617/4953 4743/614/4951 4760/619/4956 4744/618/4955
f 4771/623/4960 4745/625/4961 4774/624/4962 4772/623/4963
f 4770/608/4942 4736/609/4939 4764/609/4964 4767/608/4965
f 4747/604/4947 4749/605/4946 4769/605/4966 4768/604/4967
f 4739/610/4938 4747/604/4947 4768/604/4967 4765/610/4968
f 4736/609/4939 4739/610/4938 4765/610/4968 4764/609/4964
f 4745/625/4961 4771/623/4960 4742/607/4943 4770/608/4942
f 4772/623/4963 4774/624/4962 4767/608/4965 4766/607/4969
f 4774/624/4962 4745/625/4961 4770/608/4942 4767/608/4965
f 4767/608/4965 4764/609/4964 4773/609/4970 4777/608/4971
f 4765/610/4968 4768/604/4967 4778/604/4972 4775/610/4973
f 4766/607/4969 4767/608/4965 4777/608/4971 4776/607/4974
f 4764/609/4964 4765/610/4968 4775/610/4973 4773/609/4970
f 4768/604/4967 4769/605/4966 4779/605/4975 4778/604/4972
f 4776/607/4974 4777/608/4971 4792/608/4976 4782/607/4977
f 4775/610/4973 4778/604/4972 4784/604/4978 4781/610/4979
f 4777/608/4971 4773/609/4970 4780/609/4980 4792/608/4976
f 4778/604/4972 4779/605/4975 4785/605/4981 4784/604/4978
f 4773/609/4970 4775/610/4973 4781/610/4979 4780/609/4980
f 4781/610/4979 4784/604/4978 4787/604/4982 4790/610/4983
f 4792/608/4976 4780/609/4980 4791/609/4984 4788/608/4985
f 4780/609/4980 4781/610/4979 4790/610/4983 4791/609/4984
f 4793/626/4986 4783/629/4987 4795/628/4988 4794/627/4989
f 4784/604/4978 4785/605/4981 4786/605/4990 4787/604/4982
f 4783/629/4987 4793/626/4986 4782/607/4977 4792/608/4976
f 4802/610/4991 4801/604/4992 4716/604/4914 4718/610/4913
f 4794/627/4989 4795/628/4988 4788/608/4985 4789/607/4993
f 4795/628/4988 4783/629/4987 4792/608/4976 4788/608/4985
f 4806/611/4994 4805/609/4995 4719/609/4918 5105/608/4996
f 4805/609/4995 4802/610/4991 4718/610/4913 4719/609/4918
f 4801/604/4992 4809/605/4997 4796/605/4998 4716/604/4914
f 4810/607/4999 4806/611/4994 5105/608/4996 5104/607/5000
f 4789/607/4993 4788/608/4985 4807/611/5001 4811/607/5002
f 4811/607/5002 4807/611/5001 4806/611/4994 4810/607/4999
f 4787/604/4982 4786/605/4990 4808/605/5003 4800/604/5004
f 4800/604/5004 4808/605/5003 4809/605/4997 4801/604/4992
f 4791/609/4984 4790/610/4983 4803/610/5005 4804/609/5006
f 4804/609/5006 4803/610/5005 4802/610/4991 4805/609/4995
f 4788/608/4985 4791/609/4984 4804/609/5006 4807/611/5001
f 4807/611/5001 4804/609/5006 4805/609/4995 4806/611/4994
f 4790/610/4983 4787/604/4982 4800/604/5004 4803/610/5005
f 4803/610/5005 4800/604/5004 4801/604/4992 4802/610/4991
f 4820/604/5007 4828/604/5008 4751/605/4926 4740/605/4925
f 4737/606/4928 4732/607/4931 4831/608/5009 4818/609/5010
f 4728/605/4932 4734/106/4935 4816/610/5011 4812/604/5012
f 4815/609/5013 4817/609/5014 4819/610/5015 4813/610/5016
f 4750/607/4940 4742/607/4943 4838/608/5017 4830/611/5018
f 4734/106/4935 4737/606/4928 4818/609/5010 4816/610/5011
f 4812/604/5012 4820/604/5007 4740/605/4925 4728/605/4932
f 4830/611/5018 4838/608/5017 4817/609/5014 4815/609/5013
f 4824/610/5019 4813/610/5016 4828/604/5008 4820/604/5007
f 4818/609/5010 4826/609/5020 4824/610/5019 4816/610/5011
f 4828/604/5008 4825/604/5021 4749/605/4946 4751/605/4926
f 4816/610/5011 4824/610/5019 4820/604/5007 4812/604/5012
f 4829/608/5022 4830/611/5018 4815/609/5013 4826/609/5020
f 4813/610/5016 4819/610/5015 4825/604/5021 4828/604/5008
f 4757/612/4949 4759/613/4952 4821/614/5023 4814/615/5024
f 4831/608/5009 4829/608/5022 4826/609/5020 4818/609/5010
f 4759/613/4952 4758/616/4954 4827/617/5025 4821/614/5023
f 4826/609/5020 4815/609/5013 4813/610/5016 4824/610/5019
f 4822/618/5026 4830/611/5018 4829/608/5022 4832/619/5027
f 4833/620/5028 4831/608/5009 4732/607/4931 4762/621/4958
f 4758/616/4954 4763/622/4959 4822/618/5026 4827/617/5025
f 4821/614/5023 4832/619/5027 4833/620/5028 4814/615/5024
f 4832/619/5027 4829/608/5022 4831/608/5009 4833/620/5028
f 4763/622/4959 4750/607/4940 4830/611/5018 4822/618/5026
f 4814/615/5024 4833/620/5028 4762/621/4958 4757/612/4949
f 4827/617/5025 4822/618/5026 4832/619/5027 4821/614/5023
f 4771/623/4960 4772/623/4963 4840/624/5029 4823/625/5030
f 4838/608/5017 4836/608/5031 4834/609/5032 4817/609/5014
f 4825/604/5021 4837/604/5033 4769/605/4966 4749/605/4946
f 4819/610/5015 4835/610/5034 4837/604/5033 4825/604/5021
f 4817/609/5014 4834/609/5032 4835/610/5034 4819/610/5015
f 4823/625/5030 4838/608/5017 4742/607/4943 4771/623/4960
f 4772/623/4963 4766/607/4969 4836/608/5031 4840/624/5029
f 4840/624/5029 4836/608/5031 4838/608/5017 4823/625/5030
f 4836/608/5031 4842/608/5035 4839/609/5036 4834/609/5032
f 4835/610/5034 4841/610/5037 4843/604/5038 4837/604/5033
f 4766/607/4969 4776/607/4974 4842/608/5035 4836/608/5031
f 4834/609/5032 4839/609/5036 4841/610/5037 4835/610/5034
f 4837/604/5033 4843/604/5038 4779/605/4975 4769/605/4966
f 4776/607/4974 4782/607/4977 4852/608/5039 4842/608/5035
f 4841/610/5037 4845/610/5040 4847/604/5041 4843/604/5038
f 4842/608/5035 4852/608/5039 4844/609/5042 4839/609/5036
f 4843/604/5038 4847/604/5041 4785/605/4981 4779/605/4975
f 4839/609/5036 4844/609/5042 4845/610/5040 4841/610/5037
f 4845/610/5040 4850/610/5043 4848/604/5044 4847/604/5041
f 4852/608/5039 4849/608/5045 4851/609/5046 4844/609/5042
f 4844/609/5042 4851/609/5046 4850/610/5043 4845/610/5040
f 4793/626/4986 4794/627/4989 4853/628/5047 4846/629/5048
f 4847/604/5041 4848/604/5044 4786/605/4990 4785/605/4981
f 4846/629/5048 4852/608/5039 4782/607/4977 4793/626/4986
f 4860/610/5049 4856/610/5050 4854/604/5051 4859/604/5052
f 4794/627/4989 4789/607/4993 4849/608/5045 4853/628/5047
f 4853/628/5047 4849/608/5045 4852/608/5039 4846/629/5048
f 4864/611/5053 5106/608/5054 4857/609/5055 4863/609/5056
f 4863/609/5056 4857/609/5055 4856/610/5050 4860/610/5049
f 4859/604/5052 4854/604/5051 4796/605/4998 4809/605/4997
f 4810/607/4999 5104/607/5000 5106/608/5054 4864/611/5053
f 4789/607/4993 4811/607/5002 4865/611/5057 4849/608/5045
f 4811/607/5002 4810/607/4999 4864/611/5053 4865/611/5057
f 4848/604/5044 4858/604/5058 4808/605/5003 4786/605/4990
f 4858/604/5058 4859/604/5052 4809/605/4997 4808/605/5003
f 4851/609/5046 4862/609/5059 4861/610/5060 4850/610/5043
f 4862/609/5059 4863/609/5056 4860/610/5049 4861/610/5060
f 4849/608/5045 4865/611/5057 4862/609/5059 4851/609/5046
f 4865/611/5057 4864/611/5053 4863/609/5056 4862/609/5059
f 4850/610/5043 4861/610/5060 4858/604/5058 4848/604/5044
f 4861/610/5060 4860/610/5049 4859/604/5052 4858/604/5058
f 4867/234/5061 5127/608/4643 4872/608/5062 5124/234/5063
f 4855/630/5064 4799/633/5065 5152/632/5066 4881/631/5067
f 4857/609/5055 5106/608/5054 4880/608/5068 4883/609/5069
f 5072/608/4722 4443/609/4644 5127/608/4643 4867/234/5061
f 4869/234/5070 5088/608/4859 4581/609/4781 5073/608/4780
f 5089/608/4917 4871/234/5071 5105/608/4996 4719/609/4918
f 4523/634/5072 4522/637/5073 4873/636/5074 5074/635/5075
f 4384/610/4580 4381/604/4579 4659/604/5076 4868/610/5077
f 4441/638/5078 4383/641/5079 5069/640/5080 5128/639/5081
f 4661/642/5082 4660/645/5083 4875/644/5084 5151/643/5085
f 4854/604/5051 4856/610/5050 4882/610/5086 5108/604/5087
f 5072/608/4722 4867/234/5061 5124/234/5063 4884/608/5088
f 4869/234/5070 5073/608/4780 4885/608/5089 5090/234/5090
f 4579/646/5091 4523/634/5072 5074/635/5075 4874/647/5092
f 4799/633/5065 4798/649/5093 5092/648/5094 5152/632/5066
f 5088/608/4859 4869/234/5070 5090/234/5090 5075/608/5095
f 4381/604/4579 4380/605/4587 4521/605/4447 4659/604/5076
f 4871/234/5071 5089/608/4917 4886/608/5096 4878/234/5097
f 4385/609/4584 4384/610/4580 4868/610/5077 5121/609/5098
f 5126/608/4585 4385/609/4584 5121/609/5098 4866/608/5099
f 4796/605/4998 4854/604/5051 5108/604/5087 5107/605/5100
f 4717/650/5101 4661/642/5082 5151/643/5085 4876/651/5102
f 4383/641/5079 4382/653/5103 4797/652/5104 5069/640/5080
f 4856/610/5050 4857/609/5055 4883/609/5069 4882/610/5086
f 5157/590/4483 5070/587/4482 4893/537/5105 5155/562/4452
f 4875/644/5084 4302/589/4484 5093/537/4455 5151/643/5085
f 4873/636/5074 4879/576/4466 5091/579/4471 5074/635/5075
f 4874/647/5092 4870/580/4470 4301/655/5106 4885/654/5089
f 4299/563/4454 5156/564/4453 4887/657/5107 5095/656/5108
f 5160/577/4465 4889/574/4464 4888/658/5109 5159/578/4468
f 4876/651/5102 4299/563/4454 5095/656/5108 4886/659/5096
f 5121/609/5098 4868/610/5077 4304/90/4441 5122/264/4440
f 4659/604/5076 4521/558/4447 4304/90/4441 4868/610/5077
f 5128/639/5081 5069/640/5080 5076/559/4451 5153/560/4450
f 5108/604/5087 4882/610/5086 4883/609/5069 4880/608/5068
f 5192/534/5110 5199/660/5111 4900/342/5112 4896/534/5113
f 5204/661/5114 5197/537/5115 4893/537/5105 5070/587/4482
f 5195/572/5116 5192/573/5110 4896/573/5113 5111/572/5117
f 5190/662/5118 5198/557/5119 4899/557/4446 4894/663/5120
f 5205/664/5121 5200/665/5122 4902/528/4406 5081/582/4476
f 5186/658/5123 5202/667/5124 4895/666/5125 4888/658/5109
f 5193/668/5126 5190/662/5118 4894/663/5120 4897/669/5127
f 5201/670/5128 5186/658/5123 4888/658/5109 4889/574/4464
f 5188/442/5129 5193/668/5126 4897/669/5127 4890/671/5130
f 5197/537/5115 5203/672/5131 4887/657/5107 4893/537/5105
f 5199/660/5111 5188/442/5129 4890/671/5130 4900/342/5112
f 5194/673/5132 5207/675/5133 5063/674/5134 4898/559/5135
f 5198/557/5119 5196/90/5136 4892/256/4438 4899/557/4446
f 5208/676/5137 5194/673/5132 4898/559/5135 4891/553/4442
f 5196/90/5136 5189/264/5138 5119/264/4439 4892/256/4438
f 5200/665/5122 5206/677/5139 4901/531/4407 4902/528/4406
f 4916/604/5140 4915/605/5141 4926/605/5142 4928/604/5143
f 4912/606/5144 4913/609/5145 4931/608/5146 4907/607/5147
f 4903/605/5148 4904/604/5149 4910/610/5150 4909/106/5151
f 4908/609/5152 4905/610/5153 4914/610/5154 4911/609/5155
f 4925/607/5156 4930/611/5157 4945/608/5158 4917/607/5159
f 4909/106/5151 4910/610/5150 4913/609/5145 4912/606/5144
f 4904/604/5149 4903/605/5148 4915/605/5141 4916/604/5140
f 4930/611/5157 4908/609/5152 4911/609/5155 4945/608/5158
f 4921/610/5160 4916/604/5140 4928/604/5143 4905/610/5153
f 4913/609/5145 4910/610/5150 4921/610/5160 4923/609/5161
f 4928/604/5143 4926/605/5142 4924/605/5162 4922/604/5163
f 4910/610/5150 4904/604/5149 4916/604/5140 4921/610/5160
f 4929/608/5164 4923/609/5161 4908/609/5152 4930/611/5157
f 4905/610/5153 4928/604/5143 4922/604/5163 4914/610/5154
f 4932/612/5165 4906/615/5166 4918/614/5167 4934/613/5168
f 4931/608/5146 4913/609/5145 4923/609/5161 4929/608/5164
f 4934/613/5168 4918/614/5167 4927/617/5169 4933/616/5170
f 4923/609/5161 4921/610/5160 4905/610/5153 4908/609/5152
f 4919/618/5171 4935/619/5172 4929/608/5164 4930/611/5157
f 4936/620/5173 4937/621/5174 4907/607/5147 4931/608/5146
f 4933/616/5170 4927/617/5169 4919/618/5171 4938/622/5175
f 4918/614/5167 4906/615/5166 4936/620/5173 4935/619/5172
f 4935/619/5172 4936/620/5173 4931/608/5146 4929/608/5164
f 4938/622/5175 4919/618/5171 4930/611/5157 4925/607/5156
f 4906/615/5166 4932/612/5165 4937/621/5174 4936/620/5173
f 4927/617/5169 4918/614/5167 4935/619/5172 4919/618/5171
f 4946/623/5176 4920/625/5177 4949/624/5178 4947/623/5179
f 4945/608/5158 4911/609/5155 4939/609/5180 4942/608/5181
f 4922/604/5163 4924/605/5162 4944/605/5182 4943/604/5183
f 4914/610/5154 4922/604/5163 4943/604/5183 4940/610/5184
f 4911/609/5155 4914/610/5154 4940/610/5184 4939/609/5180
f 4920/625/5177 4946/623/5176 4917/607/5159 4945/608/5158
f 4947/623/5179 4949/624/5178 4942/608/5181 4941/607/5185
f 4949/624/5178 4920/625/5177 4945/608/5158 4942/608/5181
f 4942/608/5181 4939/609/5180 4948/609/5186 4952/608/5187
f 4940/610/5184 4943/604/5183 4953/604/5188 4950/610/5189
f 4941/607/5185 4942/608/5181 4952/608/5187 4951/607/5190
f 4939/609/5180 4940/610/5184 4950/610/5189 4948/609/5186
f 4943/604/5183 4944/605/5182 4954/605/5191 4953/604/5188
f 4965/604/5192 4973/604/5193 4926/605/5142 4915/605/5141
f 4912/606/5144 4907/607/5147 4976/608/5194 4963/609/5195
f 4903/605/5148 4909/106/5151 4961/610/5196 4957/604/5197
f 4960/609/5198 4962/609/5199 4964/610/5200 4958/610/5201
f 4925/607/5156 4917/607/5159 4983/608/5202 4975/611/5203
f 4909/106/5151 4912/606/5144 4963/609/5195 4961/610/5196
f 4957/604/5197 4965/604/5192 4915/605/5141 4903/605/5148
f 4975/611/5203 4983/608/5202 4962/609/5199 4960/609/5198
f 4969/610/5204 4958/610/5201 4973/604/5193 4965/604/5192
f 4963/609/5195 4971/609/5205 4969/610/5204 4961/610/5196
f 4973/604/5193 4970/604/5206 4924/605/5162 4926/605/5142
f 4961/610/5196 4969/610/5204 4965/604/5192 4957/604/5197
f 4974/608/5207 4975/611/5203 4960/609/5198 4971/609/5205
f 4958/610/5201 4964/610/5200 4970/604/5206 4973/604/5193
f 4932/612/5165 4934/613/5168 4966/614/5208 4959/615/5209
f 4976/608/5194 4974/608/5207 4971/609/5205 4963/609/5195
f 4934/613/5168 4933/616/5170 4972/617/5210 4966/614/5208
f 4971/609/5205 4960/609/5198 4958/610/5201 4969/610/5204
f 4967/618/5211 4975/611/5203 4974/608/5207 4977/619/5212
f 4978/620/5213 4976/608/5194 4907/607/5147 4937/621/5174
f 4933/616/5170 4938/622/5175 4967/618/5211 4972/617/5210
f 4966/614/5208 4977/619/5212 4978/620/5213 4959/615/5209
f 4977/619/5212 4974/608/5207 4976/608/5194 4978/620/5213
f 4938/622/5175 4925/607/5156 4975/611/5203 4967/618/5211
f 4959/615/5209 4978/620/5213 4937/621/5174 4932/612/5165
f 4972/617/5210 4967/618/5211 4977/619/5212 4966/614/5208
f 4946/623/5176 4947/623/5179 4985/624/5214 4968/625/5215
f 4983/608/5202 4981/608/5216 4979/609/5217 4962/609/5199
f 4970/604/5206 4982/604/5218 4944/605/5182 4924/605/5162
f 4964/610/5200 4980/610/5219 4982/604/5218 4970/604/5206
f 4962/609/5199 4979/609/5217 4980/610/5219 4964/610/5200
f 4968/625/5215 4983/608/5202 4917/607/5159 4946/623/5176
f 4947/623/5179 4941/607/5185 4981/608/5216 4985/624/5214
f 4985/624/5214 4981/608/5216 4983/608/5202 4968/625/5215
f 4981/608/5216 4987/608/5220 4984/609/5221 4979/609/5217
f 4980/610/5219 4986/610/5222 4988/604/5223 4982/604/5218
f 4941/607/5185 4951/607/5190 4987/608/5220 4981/608/5216
f 4979/609/5217 4984/609/5221 4986/610/5222 4980/610/5219
f 4982/604/5218 4988/604/5223 4954/605/5191 4944/605/5182
f 5030/605/5224 5031/678/5225 4989/604/5226 4993/605/5227
f 5033/609/5228 5028/679/5229 4286/608/5230 4294/609/5231
f 5012/608/5232 4990/609/5233 4956/609/5234 4994/608/5235
f 5031/678/5225 5026/610/5236 4991/610/5237 4989/604/5226
f 5034/604/5238 5030/605/5224 4993/605/5227 4279/604/5239
f 5032/610/5240 5034/604/5238 4279/604/5239 4955/610/5241
f 5026/610/5236 5033/609/5228 4294/609/5231 4991/610/5237
f 4992/680/5242 5012/608/5232 4994/608/5235 4995/607/5243
f 4990/609/5233 5032/610/5240 4955/610/5241 4956/609/5234
f 5028/679/5229 4992/680/5242 4995/607/5243 4286/608/5230
f 5174/681/5244 5007/684/5245 5113/683/5246 5178/682/5247
f 5136/685/5248 4996/687/5249 5010/602/4505 5177/686/5250
f 5173/688/5251 5006/601/4503 5009/565/4456 5176/689/5252
f 5140/690/5253 4997/570/4413 5112/571/4463 5175/691/5254
f 5175/691/5254 5112/571/4463 5007/684/5245 5174/681/5244
f 5177/686/5250 5010/602/4505 5006/601/4503 5173/688/5251
f 5171/692/5255 5004/552/4437 5005/532/4410 5172/693/5256
f 5170/694/5257 5003/551/4435 5004/552/4437 5171/692/5255
f 5165/695/5258 4998/539/4419 5003/551/4435 5170/694/5257
f 5168/696/5259 5001/699/5260 5129/698/5261 5169/697/5262
f 5167/700/5263 5096/701/5264 5001/699/5260 5168/696/5259
f 5166/702/5265 4999/703/5266 5096/701/5264 5167/700/5263
f 5169/697/5262 5129/698/5261 4996/687/5249 5136/685/5248
f 5176/689/5252 5009/565/4456 4998/539/4419 5165/695/5258
f 5178/682/5247 5113/683/5246 4999/703/5266 5166/702/5265
f 5172/693/5256 5005/532/4410 4997/533/4413 5140/704/5253
f 5044/2/5267 5038/264/5268 4991/264/5237 4294/2/5231
f 5045/705/5269 5037/706/5270 4993/557/5227 4989/294/5226
f 5036/91/5271 5046/539/5272 4956/539/5234 4955/91/5241
f 5040/707/5273 5039/2/5274 4286/2/5230 5025/687/5275
f 5041/708/5276 5040/707/5273 5025/687/5275 5029/602/5277
f 5046/539/5272 5035/709/5278 4994/565/5235 4956/539/5234
f 5042/710/5279 5041/708/5276 5029/602/5277 5027/601/5280
f 5043/287/5281 5036/91/5271 4955/91/5241 4279/91/5239
f 5117/264/5282 4296/294/4507 5014/294/4508 5118/264/5283
f 4305/91/4473 4262/91/4418 5013/91/4421 5018/91/4474
f 5130/541/4425 4260/2/4424 5132/594/4493 5020/711/5284
f 5010/602/4505 4996/687/5249 5133/687/5285 5024/602/4506
f 5039/2/5274 5044/2/5267 4294/2/5231 4286/2/5230
f 5038/264/5268 5045/705/5269 4989/294/5226 4991/264/5237
f 5035/709/5278 5042/710/5279 5027/601/5280 4994/565/5235
f 5037/706/5270 5043/287/5281 4279/91/5239 4993/557/5227
f 4995/607/5243 5029/602/5277 5025/687/5275 4286/2/5230
f 4994/565/5235 5027/601/5280 5029/602/5277 4995/607/5243
f 4987/608/5220 4951/607/5190 4992/680/5242 5028/679/5229
f 4948/609/5186 4950/610/5189 5032/610/5240 4990/609/5233
f 4951/607/5190 4952/608/5187 5012/608/5232 4992/680/5242
f 4986/610/5222 4984/609/5221 5033/609/5228 5026/610/5236
f 4950/610/5189 4953/604/5188 5034/604/5238 5032/610/5240
f 4953/604/5188 4954/605/5191 5030/605/5224 5034/604/5238
f 4988/604/5223 4986/610/5222 5026/610/5236 5031/678/5225
f 4952/608/5187 4948/609/5186 4990/609/5233 5012/608/5232
f 4984/609/5221 4987/608/5220 5028/679/5229 5033/609/5228
f 4954/605/5191 4988/604/5223 5031/678/5225 5030/605/5224
f 5019/557/4475 5018/91/4474 5043/287/5281 5037/706/5270
f 5023/565/4457 5022/601/4504 5042/710/5279 5035/709/5278
f 5118/264/5283 5014/294/4508 5045/705/5269 5038/264/5268
f 5017/2/5286 5016/2/5287 5044/2/5267 5039/2/5274
f 5018/91/4474 5013/91/4421 5036/91/5271 5043/287/5281
f 5022/601/4504 5024/602/4506 5041/708/5276 5042/710/5279
f 5021/539/4420 5023/565/4457 5035/709/5278 5046/539/5272
f 5024/602/4506 5133/687/5285 5040/707/5273 5041/708/5276
f 5133/687/5285 5017/2/5286 5039/2/5274 5040/707/5273
f 5013/91/4421 5021/539/4420 5046/539/5272 5036/91/5271
f 5014/294/4508 5019/557/4475 5037/706/5270 5045/705/5269
f 5016/2/5287 5118/264/5283 5038/264/5268 5044/2/5267
f 4293/712/5288 4278/715/5289 5057/714/5290 5061/713/5291
f 5201/670/5128 4889/574/4464 5115/717/5292 5187/716/5293
f 4277/550/4432 4288/598/4499 5116/718/5294 5065/718/5295
f 4308/597/4496 4275/548/4429 5067/719/5296 5084/719/5297
f 5068/575/4467 4884/720/5088 5124/234/5063 5123/718/5298
f 5202/667/5124 4308/597/4496 5084/719/5297 5191/719/5299
f 4522/637/5073 4523/634/5072 5071/607/4726 5072/608/4722
f 4523/634/5072 4579/646/5091 5073/608/4780 5071/607/4726
f 4873/636/5074 4522/637/5073 5072/608/4722 4884/608/5088
f 4885/654/5089 4301/655/5106 5077/719/5300 5090/234/5090
f 4579/646/5091 4874/647/5092 4885/608/5089 5073/608/4780
f 4889/574/4464 5068/575/4467 5123/718/5298 5115/717/5292
f 4301/655/5106 4895/666/5125 5086/721/5301 5077/719/5300
f 4275/548/4429 5000/545/4428 5096/701/5264 5067/719/5296
f 5002/549/4433 4277/550/4432 5065/718/5295 5129/698/5261
f 5080/546/4431 5002/549/4433 5129/698/5261 5001/699/5260
f 5000/545/4428 5080/546/4431 5001/699/5260 5096/701/5264
f 5203/672/5131 4283/599/4501 5100/723/5302 5185/722/5303
f 4283/599/4501 5083/538/4415 5101/723/5304 5100/723/5302
f 5085/544/4426 5066/593/4491 5084/719/5297 5067/719/5296
f 5204/661/5114 5070/587/4482 5086/721/5301 5191/719/5299
f 4660/645/5083 4661/642/5082 5087/607/4863 5088/608/4859
f 4661/642/5082 4717/650/5101 5089/608/4917 5087/607/4863
f 4875/644/5084 4660/645/5083 5088/608/4859 5075/608/5095
f 5094/588/4485 5075/724/5095 5090/234/5090 5077/719/5300
f 4717/650/5101 4876/651/5102 4886/608/5096 5089/608/4917
f 4886/659/5096 5095/656/5108 5110/723/5305 4878/234/5097
f 5095/656/5108 4887/657/5107 5099/723/5306 5110/723/5305
f 5070/587/4482 5094/588/4485 5077/719/5300 5086/721/5301
f 5078/543/4427 5085/544/4426 5067/719/5296 5096/701/5264
f 5083/538/4415 5011/535/4414 5113/683/5246 5101/723/5304
f 5098/536/4417 5078/543/4427 5096/701/5264 4999/703/5266
f 5011/535/4414 5098/536/4417 4999/703/5266 5113/683/5246
f 5205/664/5121 5081/582/4476 5099/723/5306 5185/722/5303
f 4292/592/4486 5082/595/4495 5100/723/5302 5101/723/5304
f 4307/603/4509 5103/569/4459 4290/572/4462 5102/572/4492
f 4798/649/5093 4799/633/5065 5104/607/5000 5105/608/4996
f 4799/633/5065 4855/630/5064 5106/608/5054 5104/607/5000
f 4880/725/5068 4877/726/5307 5107/572/5100 5108/604/5087
f 4855/630/5064 4881/631/5067 4880/608/5068 5106/608/5054
f 4881/631/5067 5152/632/5066 5109/568/5308 5164/727/5309
f 5092/648/5094 4798/649/5093 5105/608/4996 5179/728/5310
f 4298/729/5311 5092/732/5094 5179/731/5310 5180/730/5312
f 5206/677/5139 4307/603/4509 5102/572/4492 5195/572/5116
f 5081/582/4476 5182/583/4477 5184/733/5313 5099/723/5306
f 4877/726/5307 4901/531/4407 5111/572/5117 5107/572/5100
f 5103/569/4459 5008/566/4458 5112/571/4463 4290/572/4462
f 5097/591/4487 4292/592/4486 5101/723/5304 5113/683/5246
f 5114/567/4461 5097/591/4487 5113/683/5246 5007/684/5245
f 5008/566/4458 5114/567/4461 5007/684/5245 5112/571/4463
f 5207/675/5133 5064/600/4502 5116/718/5294 5187/716/5293
f 5015/585/4480 4297/586/4479 5117/264/5282 5118/264/5283
f 5208/676/5137 4891/553/4442 5119/264/4439 5189/264/5138
f 5064/600/4502 5120/542/4423 5065/718/5295 5116/718/5294
f 4303/554/4445 4866/734/5099 5121/609/5098 5122/264/4440
f 4872/735/5062 4300/736/5314 5123/718/5298 5124/234/5063
f 4382/653/5103 4383/641/5079 5125/607/4589 5126/608/4585
f 4383/641/5079 4441/638/5078 5127/608/4643 5125/607/4589
f 4441/638/5078 5128/639/5081 4872/608/5062 5127/608/4643
f 4797/652/5104 4382/653/5103 5126/608/4585 4866/608/5099
f 4300/736/5314 5063/674/5134 5115/717/5292 5123/718/5298
f 4891/553/4442 4303/554/4445 5122/264/4440 5119/264/4439
f 5120/542/4423 5079/540/4422 5129/698/5261 5065/718/5295
f 5079/540/4422 5130/541/4425 4996/687/5249 5129/698/5261
f 5132/594/4493 5131/584/4481 5016/2/5287 5017/2/5286
f 5131/584/4481 5015/585/4480 5118/264/5283 5016/2/5287
f 5020/711/5284 5132/594/4493 5017/2/5286 5133/687/5285
f 5130/541/4425 5020/711/5284 5133/687/5285 4996/687/5249
f 5134/534/5315 5137/534/5316 5107/534/5100
f 5137/534/5316 5135/737/5317 5107/534/5100
f 5138/738/5318 5141/663/5319 4521/739/4447
f 5141/663/5319 5139/91/5320 4521/91/4447
f 5149/740/5321 5135/604/5317 5137/742/5316 5150/741/5322
f 5150/743/5322 5137/744/5316 5134/534/5315 5148/342/5323
f 5138/604/5318 5145/747/5324 5147/746/5325 5141/745/5319
f 5141/748/5319 5147/749/5325 5146/483/5326 5139/91/5320
f 5145/747/5324 5142/751/5327 5144/750/5328 5147/746/5325
f 5147/749/5325 5144/753/5328 5143/752/5329 5146/483/5326
f 5142/751/5327 5149/740/5321 5150/741/5322 5144/750/5328
f 5144/753/5328 5150/743/5322 5148/342/5323 5143/752/5329
f 4658/605/4861 4716/604/4914 5135/604/5317 5149/740/5321
f 5111/572/5117 4896/573/5113 5134/573/5315 5107/572/5100
f 4896/534/5113 4900/342/5112 5148/342/5323 5134/534/5315
f 4716/604/4914 4796/605/4998 5107/754/5100 5135/604/5317
f 4380/605/4587 4440/604/4640 5138/604/5318 4521/605/4447
f 4897/669/5127 4894/663/5120 5139/91/5320 5146/483/5326
f 4440/604/4640 4520/605/4724 5145/747/5324 5138/604/5318
f 4894/663/5120 4899/557/4446 4521/739/4447 5139/91/5320
f 4578/604/4777 4658/605/4861 5149/740/5321 5142/751/5327
f 4520/605/4724 4578/604/4777 5142/751/5327 5145/747/5324
f 4900/342/5112 4890/671/5130 5143/752/5329 5148/342/5323
f 4890/671/5130 4897/669/5127 5146/483/5326 5143/752/5329
f 4870/580/4470 5158/581/4469 4895/666/5125 4301/655/5106
f 5069/640/5080 4797/652/5104 5154/555/4444 5076/559/4451
f 5068/575/4467 4879/576/4466 4873/636/5074 4884/720/5088
f 5094/588/4485 4302/589/4484 4875/644/5084 5075/724/5095
f 5091/579/4471 4870/580/4470 4874/647/5092 5074/635/5075
f 5154/555/4444 4797/652/5104 4866/734/5099 4303/554/4445
f 5161/556/4443 4891/553/4442 4898/559/5135 5163/559/4448
f 5152/632/5066 5092/732/5094 4298/729/5311 5109/568/5308
f 5093/537/4455 4299/563/4454 4876/651/5102 5151/643/5085
f 5153/560/4450 5162/561/4449 5063/674/5134 4300/736/5314
f 5153/560/4450 4300/736/5314 4872/735/5062 5128/639/5081
f 4302/589/4484 5157/590/4483 5155/562/4452 5093/537/4455
f 4893/537/5105 4887/657/5107 5156/564/4453 5155/562/4452
f 4879/576/4466 5160/577/4465 5159/578/4468 5091/579/4471
f 4888/658/5109 4895/666/5125 5158/581/4469 5159/578/4468
f 5154/555/4444 5161/556/4443 5163/559/4448 5076/559/4451
f 4898/559/5135 5063/674/5134 5162/561/4449 5163/559/4448
f 5055/755/5330 5172/693/5256 5140/704/5253 5062/756/5331
f 5164/727/5309 5181/530/4408 4901/531/4407 4877/726/5307
f 5164/727/5309 4877/726/5307 4880/725/5068 4881/631/5067
f 5061/713/5291 5178/682/5247 5166/702/5265 5049/757/5332
f 5059/758/5333 5176/689/5252 5165/695/5258 5048/759/5334
f 5052/760/5335 5169/697/5262 5136/685/5248 5047/761/5336
f 5049/757/5332 5166/702/5265 5167/700/5263 5050/762/5337
f 5050/762/5337 5167/700/5263 5168/696/5259 5051/763/5338
f 5051/763/5338 5168/696/5259 5169/697/5262 5052/760/5335
f 5048/759/5334 5165/695/5258 5170/694/5257 5053/764/5339
f 5053/764/5339 5170/694/5257 5171/692/5255 5054/765/5340
f 5054/765/5340 5171/692/5255 5172/693/5256 5055/755/5330
f 5060/766/5341 5177/686/5250 5173/688/5251 5056/767/5342
f 5058/768/5343 5175/691/5254 5174/681/5244 5057/714/5290
f 5062/769/5331 5140/690/5253 5175/691/5254 5058/768/5343
f 5056/767/5342 5173/688/5251 5176/689/5252 5059/758/5333
f 5047/761/5336 5136/685/5248 5177/686/5250 5060/766/5341
f 5057/714/5290 5174/681/5244 5178/682/5247 5061/713/5291
f 5179/728/5310 5105/608/4996 4871/234/5071 4878/608/5097
f 5180/730/5312 5184/733/5313 5182/583/4477 4298/729/5311
f 5182/583/4477 5183/529/4409 5109/568/5308 4298/729/5311
f 5183/529/4409 5181/530/4408 5164/727/5309 5109/568/5308
f 5099/723/5306 5184/733/5313 5180/730/5312 5110/723/5305
f 5180/730/5312 5179/731/5310 4878/234/5097 5110/723/5305
f 4297/586/4479 5208/676/5137 5189/264/5138 5117/264/5282
f 5063/674/5134 5207/675/5133 5187/716/5293 5115/717/5292
f 4901/531/4407 5206/677/5139 5195/572/5116 5111/572/5117
f 5082/595/4495 5205/664/5121 5185/722/5303 5100/723/5302
f 5066/593/4491 5204/661/5114 5191/719/5299 5084/719/5297
f 4887/657/5107 5203/672/5131 5185/722/5303 5099/723/5306
f 4895/666/5125 5202/667/5124 5191/719/5299 5086/721/5301
f 4288/598/4499 5201/670/5128 5187/716/5293 5116/718/5294
f 4282/596/4494 4307/603/4509 5206/677/5139 5200/665/5122
f 4296/294/4507 5117/264/5282 5189/264/5138 5196/90/5136
f 4297/586/4479 4295/2/4478 5194/673/5132 5208/676/5137
f 4306/557/4472 4296/294/4507 5196/90/5136 5198/557/5119
f 4295/2/4478 5064/600/4502 5207/675/5133 5194/673/5132
f 4311/342/4488 4289/333/4500 5188/442/5129 5199/660/5111
f 4309/537/4490 4283/599/4501 5203/672/5131 5197/537/5115
f 4289/333/4500 4287/220/4498 5193/668/5126 5188/442/5129
f 4288/598/4499 4284/547/4497 5186/658/5123 5201/670/5128
f 4287/220/4498 4305/91/4473 5190/662/5118 5193/668/5126
f 4284/547/4497 4308/597/4496 5202/667/5124 5186/658/5123
f 5082/595/4495 4282/596/4494 5200/665/5122 5205/664/5121
f 4305/91/4473 4306/557/4472 5198/557/5119 5190/662/5118
f 5102/572/4492 4310/573/4489 5192/573/5110 5195/572/5116
f 5066/593/4491 4309/537/4490 5197/537/5115 5204/661/5114
f 4310/534/4489 4311/342/4488 5199/660/5111 5192/534/5110
f 4258/101/3364 4261/54/3161 5047/761/5336 5060/766/5341
f 4291/9/3368 4281/11/3367 5056/767/5342 5059/758/5333
f 4285/770/3274 4267/771/3222 5062/769/5331 5058/768/5343
f 4278/715/5289 4285/770/3274 5058/768/5343 5057/714/5290
f 4281/11/3367 4258/101/3364 5060/766/5341 5056/767/5342
f 3186/349/3221 4273/187/3376 5054/765/5340 5055/755/5330
f 4273/187/3376 4274/19/3375 5053/764/5339 5054/765/5340
f 4274/19/3375 4263/34/3644 5048/759/5334 5053/764/5339
f 4268/33/3160 4269/121/4405 5051/763/5338 5052/760/5335
f 4269/121/4405 4210/772/5344 5050/762/5337 5051/763/5338
f 4210/772/5344 4265/773/3275 5049/757/5332 5050/762/5337
f 4261/54/3161 4268/33/3160 5052/760/5335 5047/761/5336
f 4263/34/3644 4291/9/3368 5059/758/5333 5048/759/5334
f 4265/773/3275 4293/712/5288 5061/713/5291 5049/757/5332
f 4267/774/3222 3186/349/3221 5055/755/5330 5062/756/5331
f 4293/712/5288 4265/773/3275 4285/770/3274 4278/715/5289
f 5210/269/3537 3323/227/3536 6089/775/3558 5211/286/3528
f 5215/50/4399 3333/297/4397 3337/249/3498 3321/52/3501 5209/284/3557
f 5212/268/3534 3408/776/5345 4198/523/4398 5214/525/4400
f 5211/777/3528 3338/779/3527 4250/778/5346 5210/269/3537
f 5210/269/3537 4250/778/5346 3408/776/5345 5212/268/3534
f 5215/50/4399 5209/284/3557 3317/21/3487 5214/525/4400
f 4248/270/3535 5212/268/3534 4201/239/3484 3406/240/3483
f 3187/11/3296 5224/9/3318 5232/780/5347 3307/232/3479
f 5216/233/3478 4204/103/3294 3187/11/3296 3307/232/3479
f 5217/59/3239 3202/112/3310 60/123/172 2164/122/171
f 5220/69/3248 3161/54/3247 4204/103/3294 5216/233/3478
f 5218/60/3238 3172/33/3237 3380/67/3246 5219/68/3249
f 5220/69/3248 3196/323/3637 3386/119/3315 5219/68/3249
f 5226/9/3589 3277/34/3588 3469/34/3674 5230/9/3676
f 5222/8/3170 3373/34/3206 3165/34/3209 5228/9/3598
f 5230/9/3676 3469/34/3674 3455/34/3440 5223/9/3433
f 5224/9/3318 3163/34/3240 3306/61/3243 5232/780/5347
f 5265/9/5348 5247/34/5349 3366/34/3584 5229/9/3586
f 6114/203/3430 6103/197/3419 3367/299/3587 5227/300/3590
f 5229/9/3586 3366/34/3584 3270/200/3420 5221/204/3429
f 6186/9/5350 6179/781/5351 3167/34/3608 5231/9/5352
f 5223/9/3433 3455/34/3440 3282/34/3439 5234/9/3434
f 5226/9/3589 3362/11/3682 3279/782/5353 5227/300/3590
f 5231/9/5352 3167/34/3608 6072/34/3611 6069/9/3654
f 5236/9/3174 3204/34/3317 3163/34/3240 5224/9/3318
f 3250/144/3339 3248/94/3279 3307/232/3479 5232/780/5347
f 5233/9/3169 3431/34/3663 3373/34/3206 5222/8/3170
f 5228/9/3598 3165/34/3209 3253/34/3393 5235/9/3173
f 5235/9/3173 3253/34/3393 3204/34/3317 5236/9/3174
f 6177/37/5354 5237/54/3456 5245/101/3449 6185/101/5355
f 3470/336/3675 3458/19/3661 3445/19/3460 3457/207/3441
f 6178/33/5356 5238/33/3613 5243/55/3455 6183/312/5357
f 6180/783/3680 5240/45/3458 5242/44/3451 6182/44/5358
f 6181/11/5359 5241/11/3450 5246/210/3457 6186/9/5350
f 6183/312/5357 5243/55/3455 5237/54/3456 6177/37/5354
f 6179/781/5351 5239/34/3453 5244/209/3454 6184/337/3681
f 6182/44/5358 5242/44/3451 5276/58/3452 6187/58/5360
f 6185/101/5355 5245/101/3449 5241/11/3450 6181/11/5359
f 6152/9/3182 6145/34/3228 5248/34/5361 5266/9/5362
f 6143/784/5363 6134/34/5364 5247/34/5349 5265/9/5348
f 3271/54/4403 5254/54/5365 5263/785/5366 4215/100/4404
f 6137/786/5367 5253/786/5368 5264/787/5369 6142/101/5370
f 6150/56/3231 6146/19/3463 5250/188/5371 5262/337/5372
f 6141/56/5373 6135/19/5374 5249/19/3679 5261/17/3678
f 3272/33/3685 6128/33/5375 6126/53/5376 3397/53/3424
f 6138/33/5377 5255/33/5378 5260/53/5379 6140/53/5380
f 3365/45/3591 5249/45/3679 5257/788/5381 3364/44/3416
f 6135/45/5374 5250/301/5371 5258/44/5382 6139/788/5383
f 4215/100/4404 5263/785/5366 6157/789/5384 6160/98/3412
f 6142/101/5370 5264/787/5369 6159/98/5385 6156/98/5386
f 3364/44/3416 5257/788/5381 5271/58/5387 5267/58/3417
f 6139/788/5383 5258/44/5382 5273/58/5388 6144/58/5389
f 3366/34/3584 5247/34/5349 5261/17/3678 3459/17/3585
f 6134/34/5364 5248/34/5361 5262/337/5372 6141/56/5373
f 3397/53/3424 6126/53/5376 6129/206/5390 6116/201/3425
f 6140/53/5380 5260/53/5379 5253/786/5368 6137/786/5367
f 3363/11/3413 5251/11/5391 5265/9/5348 5229/9/3586
f 6136/10/5392 5252/11/5393 5266/9/5362 6143/784/5363
f 6115/58/3418 6125/790/5394 6122/790/5395 5270/58/3683
f 5271/58/5387 6127/791/5396 6123/790/5397 5267/58/3417
f 5272/58/3446 3281/15/3614 5238/15/3613 5276/58/3452
f 5270/58/3683 6122/790/5395 6124/790/5398 5275/58/3664
f 5275/58/3664 6124/790/5398 6121/790/5399 5277/58/3445
f 6187/58/5360 6178/15/5356 3173/15/3183 5274/58/3653
f 6144/58/5389 6138/15/5377 5256/15/5400 5271/58/5387
f 5277/58/3445 6121/790/5399 6132/791/5401 5272/58/3446
f 5274/58/3653 3173/15/3183 3423/16/3186 5268/214/3465
f 6155/57/3235 6154/15/3638 5255/15/5378 5273/58/5388
f 2223/215/330 147/40/56 3420/41/3215 5268/214/3465
f 3306/61/3243 3247/143/3340 3250/144/3339 5232/780/5347
f 5279/19/3652 3430/19/3651 3452/17/3657 6071/17/3610
f 5279/19/3652 3171/19/3216 3424/307/3214 5278/308/3603
f 2230/66/478 241/187/258 3376/188/3401 5278/308/3603
f 5995/792/5402 5992/795/5403 5313/794/5404 5311/793/5405
f 5366/796/5406 5363/798/5407 5297/797/5408 5296/2/5409
f 5339/799/5410 5347/91/5411 6065/800/5412 6064/799/5413
f 5344/801/5414 5343/803/5415 6057/802/5416 6054/801/5417
f 5363/798/5407 5368/805/5418 5292/804/5419 5297/797/5408
f 5340/803/5420 5967/807/5421 5970/806/5422 5325/803/5423
f 5368/805/5418 5365/808/5424 5302/808/5425 5292/804/5419
f 5292/804/5419 5302/808/5425 5303/810/5426 5281/809/5427
f 5334/91/5428 5953/812/5429 5948/811/5430 5329/91/5431
f 5296/2/5409 5297/797/5408 5283/813/5432 5287/794/5433
f 5365/808/5424 5359/814/5434 5303/810/5426 5302/808/5425
f 5287/794/5433 5283/813/5432 5289/815/5435 5305/799/5436
f 5300/816/5437 5286/817/5438 5312/817/5439 6001/816/5440
f 6000/818/5441 5999/820/5442 5309/810/5443 5319/819/5444
f 5286/817/5438 5291/803/5445 5315/803/5446 5312/817/5439
f 5282/91/5447 5299/799/5448 5996/799/5449 5318/91/5450
f 5295/797/5451 5294/804/5452 5314/804/5453 5317/797/5454
f 5294/804/5452 5284/808/5455 6002/808/5456 5314/804/5453
f 5281/809/5427 5303/810/5426 5285/816/5457 5288/821/5458
f 5288/821/5458 5285/816/5457 5306/817/5459 5307/803/5460
f 5386/799/5461 6067/799/5462 6066/823/5463 5373/822/5464
f 5297/797/5408 5292/804/5419 5281/809/5427 5283/813/5432
f 5361/824/5465 5366/796/5406 5296/2/5409 5287/794/5433
f 5305/799/5436 5289/815/5435 5293/825/5466 5304/91/5467
f 5359/814/5434 5370/826/5468 5285/816/5457 5303/810/5426
f 5289/815/5435 5288/821/5458 5307/803/5460 5293/825/5466
f 5357/799/5469 5361/824/5465 5287/794/5433 5305/799/5436
f 5283/813/5432 5281/809/5427 5288/821/5458 5289/815/5435
f 5992/795/5403 5993/828/5470 5308/827/5471 5313/794/5404
f 5999/820/5442 6003/830/5472 5316/829/5473 5309/810/5443
f 5291/803/5445 5290/825/5474 5310/825/5475 5315/803/5446
f 5290/825/5474 5282/91/5447 5318/91/5450 5310/825/5475
f 5280/2/5476 5295/797/5451 5317/797/5454 5991/2/5477
f 5323/817/5478 5330/816/5479 5388/816/5480 5923/817/5481
f 6058/831/5482 6056/832/5483 5328/91/5484 6063/91/5485
f 5325/803/5423 5970/806/5422 5972/806/5486 5930/803/5487
f 5379/833/5488 5331/816/5489 5926/834/5490 5924/816/5491
f 5343/803/5415 5349/817/5492 5323/817/5478 6008/835/5493
f 5352/816/5494 5351/817/5495 5322/817/5496 5331/816/5489
f 5382/816/5497 5352/816/5494 5331/816/5489 5379/833/5488
f 5333/801/5498 5959/832/5499 5955/832/5500 5327/825/5501
f 5351/817/5495 5976/837/5502 5973/836/5503 5322/817/5496
f 5349/817/5492 5354/816/5504 5330/816/5479 5323/817/5478
f 5347/91/5411 5344/801/5414 6054/801/5417 6058/831/5482
f 5401/287/5505 5395/838/5506 5345/801/5507 5346/91/5508
f 5346/91/5508 5345/801/5507 5344/801/5414 5347/91/5411
f 5402/817/5509 5397/839/5510 5355/816/5511 5348/817/5512
f 5348/817/5512 5355/816/5511 5354/816/5504 5349/817/5492
f 5403/840/5513 5394/803/5514 5974/837/5515
f 5350/817/5516 5974/837/5515 5976/837/5502 5351/817/5495
f 5398/801/5517 5392/841/5518 5956/832/5519
f 5332/801/5520 5956/832/5519 5959/832/5499 5333/801/5498
f 5407/842/5521 5396/826/5522 5353/816/5523 5380/842/5524
f 5380/842/5524 5353/816/5523 5352/816/5494 5382/816/5497
f 5396/826/5522 5403/840/5513 5350/817/5516 5353/816/5523
f 5353/816/5523 5350/817/5516 5351/817/5495 5352/816/5494
f 5400/803/5525 5402/817/5509 5348/817/5512 5342/803/5526
f 5342/803/5526 5348/817/5512 5349/817/5492 5343/803/5415
f 5405/822/5527 5399/822/5528 5338/799/5529 5384/799/5530
f 5384/799/5530 5338/799/5529 5339/799/5410 5386/799/5461
f 5392/841/5518 5393/844/5531 5337/799/5532 5951/843/5533
f 5335/91/5534 5951/843/5533 5953/812/5429 5334/91/5428
f 5394/803/5514 5398/801/5517 5971/807/5535
f 5341/803/5536 5971/807/5535 5967/807/5421 5340/803/5420
f 5395/838/5506 5400/803/5525 5342/803/5526 5345/801/5507
f 5345/801/5507 5342/803/5526 5343/803/5415 5344/801/5414
f 5399/822/5528 5401/287/5505 5346/91/5508 5338/799/5529
f 5338/799/5529 5346/91/5508 5347/91/5411 5339/799/5410
f 5337/799/5532 5966/799/5537 5964/799/5538 5336/799/5539
f 5385/799/5540 5384/799/5530 5386/799/5461 5387/799/5541
f 5393/844/5531 5965/799/5542 5966/799/5537 5337/799/5532
f 5404/799/5543 5405/822/5527 5384/799/5530 5385/799/5540
f 5355/816/5511 5381/816/5544 5383/845/5545 5354/816/5504
f 5381/816/5544 5380/842/5524 5382/816/5497 5383/845/5545
f 5397/839/5510 5406/846/5546 5381/816/5544 5355/816/5511
f 5406/846/5546 5407/842/5521 5380/842/5524 5381/816/5544
f 5354/816/5504 5383/845/5545 5378/816/5547 5330/816/5479
f 5383/845/5545 5382/816/5497 5379/833/5488 5378/816/5547
f 5924/816/5491 5925/833/5548 5378/816/5547 5379/833/5488
f 6061/91/5549 5945/832/5550 5935/604/5551 5942/604/5552
f 5322/817/5496 5973/836/5503 5975/837/5553 5920/817/5554
f 5962/609/5555 5872/609/5556 5873/611/5557 5954/611/5558
f 6009/604/5559 5981/610/5560 5705/610/5561 5704/604/5562
f 5929/611/5563 5943/611/5564 5915/611/5565 5391/611/5566
f 5403/840/5513 6004/816/5567 6001/816/5440 5312/817/5439
f 5327/825/5501 5955/832/5500 5961/832/5568 5936/825/5569
f 5320/799/5570 5963/799/5571 5917/799/5572 5377/799/5573
f 5311/793/5405 5313/794/5404 5410/848/5574 5408/847/5575
f 5356/799/5576 5360/794/5577 5361/824/5465 5357/799/5469
f 5309/810/5443 5316/829/5473 5411/850/5578 5414/849/5579
f 5358/810/5580 5371/816/5581 5370/826/5468 5359/814/5434
f 5313/794/5404 5308/827/5471 5412/851/5582 5410/848/5574
f 5360/794/5577 5367/852/5583 5366/796/5406 5361/824/5465
f 5336/799/5539 5964/799/5538 5963/799/5571 5320/799/5570
f 5387/799/5541 5386/799/5461 5373/822/5464 5372/799/5584
f 5319/819/5444 5309/810/5443 5414/849/5579 5413/853/5585
f 5364/854/5586 5358/810/5580 5359/814/5434 5365/808/5424
f 5314/804/5453 6002/808/5456 6005/854/5587 5409/804/5588
f 5369/855/5589 5364/854/5586 5365/808/5424 5368/805/5418
f 5317/797/5454 5314/804/5453 5409/804/5588 5415/856/5590
f 5362/857/5591 5369/855/5589 5368/805/5418 5363/798/5407
f 5991/2/5477 5317/797/5454 5415/856/5590 5994/2/5592
f 5367/852/5583 5362/857/5591 5363/798/5407 5366/796/5406
f 5329/91/5431 5948/811/5430 5946/811/5593 5941/91/5594
f 5370/826/5468 5371/816/5581 5407/842/5521 5406/846/5546
f 5285/816/5457 5370/826/5468 5406/846/5546 5397/839/5510
f 5356/799/5576 5357/799/5469 5405/822/5527 5404/799/5543
f 5917/799/5572 5963/799/5571 5372/799/5584 5389/799/5595
f 5305/799/5436 5304/91/5467 5401/287/5505 5399/822/5528
f 5293/825/5466 5307/803/5460 5400/803/5525 5395/838/5506
f 5315/803/5446 5310/825/5475 5398/801/5517 5394/803/5514
f 5318/91/5450 5996/799/5449 5393/844/5531 5392/841/5518
f 5357/799/5469 5305/799/5436 5399/822/5528 5405/822/5527
f 5307/803/5460 5306/817/5459 5402/817/5509 5400/803/5525
f 5978/608/5596 5707/611/5597 5706/609/5598 5987/609/5599
f 5371/816/5581 6004/816/5567 5396/826/5522 5407/842/5521
f 5310/825/5475 5318/91/5450 5392/841/5518 5398/801/5517
f 5312/817/5439 5315/803/5446 5394/803/5514 5403/840/5513
f 5306/817/5459 5285/816/5457 5397/839/5510 5402/817/5509
f 5304/91/5467 5293/825/5466 5395/838/5506 5401/287/5505
f 5997/799/5600 5998/794/5601 5360/794/5577 5356/799/5576
f 5994/2/5592 5415/856/5590 5362/857/5591 5367/852/5583
f 5409/804/5588 6005/854/5587 5364/854/5586 5369/855/5589
f 6006/810/5602 6004/816/5567 5371/816/5581 5358/810/5580
f 5415/856/5590 5409/804/5588 5369/855/5589 5362/857/5591
f 6005/854/5587 6006/810/5602 5358/810/5580 5364/854/5586
f 5998/794/5601 5994/2/5592 5367/852/5583 5360/794/5577
f 5950/843/5603 5376/605/5604 5321/799/5605 6062/811/5606
f 5429/604/5607 5440/604/5608 5438/605/5609 5428/605/5610
f 5425/606/5611 5420/607/5612 5443/608/5613 5426/609/5614
f 5416/605/5615 5422/106/5616 5423/610/5617 5417/604/5618
f 5421/609/5619 5424/609/5620 5427/610/5621 5418/610/5622
f 5437/607/5623 5430/607/5624 5457/608/5625 5442/611/5626
f 5422/106/5616 5425/606/5611 5426/609/5614 5423/610/5617
f 5417/604/5618 5429/604/5607 5428/605/5610 5416/605/5615
f 5442/611/5626 5457/608/5625 5424/609/5620 5421/609/5619
f 5433/610/5627 5418/610/5622 5440/604/5608 5429/604/5607
f 5426/609/5614 5435/609/5628 5433/610/5627 5423/610/5617
f 5440/604/5608 5434/604/5629 5436/605/5630 5438/605/5609
f 5423/610/5617 5433/610/5627 5429/604/5607 5417/604/5618
f 5441/608/5631 5442/611/5626 5421/609/5619 5435/609/5628
f 5418/610/5622 5427/610/5621 5434/604/5629 5440/604/5608
f 5444/612/5632 5446/613/5633 5431/614/5634 5419/615/5635
f 5443/608/5613 5441/608/5631 5435/609/5628 5426/609/5614
f 5446/613/5633 5445/616/5636 5439/617/5637 5431/614/5634
f 5435/609/5628 5421/609/5619 5418/610/5622 5433/610/5627
f 5432/618/5638 5442/611/5626 5441/608/5631 5447/619/5639
f 5448/620/5640 5443/608/5613 5420/607/5612 5449/621/5641
f 5445/616/5636 5450/622/5642 5432/618/5638 5439/617/5637
f 5431/614/5634 5447/619/5639 5448/620/5640 5419/615/5635
f 5447/619/5639 5441/608/5631 5443/608/5613 5448/620/5640
f 5450/622/5642 5437/607/5623 5442/611/5626 5432/618/5638
f 5419/615/5635 5448/620/5640 5449/621/5641 5444/612/5632
f 5439/617/5637 5432/618/5638 5447/619/5639 5431/614/5634
f 5457/608/5625 5454/608/5643 5451/609/5644 5424/609/5620
f 5434/604/5629 5455/604/5645 5456/605/5646 5436/605/5630
f 5427/610/5621 5452/610/5647 5455/604/5645 5434/604/5629
f 5424/609/5620 5451/609/5644 5452/610/5647 5427/610/5621
f 5454/608/5643 5457/608/5625 5430/607/5624 5453/607/5648
f 5452/610/5647 5451/609/5644 5458/609/5649 5459/610/5650
f 5456/605/5646 5455/604/5645 5462/604/5651 5463/605/5652
f 5455/604/5645 5452/610/5647 5459/610/5650 5462/604/5651
f 5454/608/5643 5453/607/5648 5460/607/5653 5470/608/5654
f 5459/610/5650 5468/610/5655 5465/604/5656 5462/604/5651
f 5470/608/5654 5466/608/5657 5469/609/5658 5458/609/5649
f 5458/609/5649 5469/609/5658 5468/610/5655 5459/610/5650
f 5471/626/5659 5472/627/5660 5473/628/5661 5461/629/5662
f 5462/604/5651 5465/604/5656 5464/605/5663 5463/605/5652
f 5461/629/5662 5470/608/5654 5460/607/5653 5471/626/5659
f 5472/627/5660 5467/607/5664 5466/608/5657 5473/628/5661
f 5473/628/5661 5466/608/5657 5470/608/5654 5461/629/5662
f 6046/607/5665 5479/607/5666 5477/611/5667 6045/858/5668
f 5451/609/5644 5454/608/5643 5470/608/5654 5458/609/5649
f 6047/604/5669 5474/604/5670 5478/605/5671 6049/605/5672
f 6048/859/5673 5476/609/5674 5475/610/5675 6044/860/5676
f 6045/858/5668 5477/611/5667 5476/609/5674 6048/859/5673
f 6044/860/5676 5475/610/5675 5474/604/5670 6047/604/5669
f 5488/604/5677 5428/605/5610 5438/605/5609 5495/604/5678
f 5425/606/5611 5486/609/5679 5498/608/5680 5420/607/5612
f 5416/605/5615 5480/604/5681 5484/610/5682 5422/106/5616
f 5483/609/5683 5481/610/5684 5487/610/5685 5485/609/5686
f 5437/607/5623 5497/611/5687 5505/608/5688 5430/607/5624
f 5422/106/5616 5484/610/5682 5486/609/5679 5425/606/5611
f 5480/604/5681 5416/605/5615 5428/605/5610 5488/604/5677
f 5497/611/5687 5483/609/5683 5485/609/5686 5505/608/5688
f 5491/610/5689 5488/604/5677 5495/604/5678 5481/610/5684
f 5486/609/5679 5484/610/5682 5491/610/5689 5493/609/5690
f 5495/604/5678 5438/605/5609 5436/605/5630 5492/604/5691
f 5484/610/5682 5480/604/5681 5488/604/5677 5491/610/5689
f 5496/608/5692 5493/609/5690 5483/609/5683 5497/611/5687
f 5481/610/5684 5495/604/5678 5492/604/5691 5487/610/5685
f 5444/612/5632 5482/615/5693 5489/614/5694 5446/613/5633
f 5498/608/5680 5486/609/5679 5493/609/5690 5496/608/5692
f 5446/613/5633 5489/614/5694 5494/617/5695 5445/616/5636
f 5493/609/5690 5491/610/5689 5481/610/5684 5483/609/5683
f 5490/618/5696 5499/619/5697 5496/608/5692 5497/611/5687
f 5500/620/5698 5449/621/5641 5420/607/5612 5498/608/5680
f 5445/616/5636 5494/617/5695 5490/618/5696 5450/622/5642
f 5489/614/5694 5482/615/5693 5500/620/5698 5499/619/5697
f 5499/619/5697 5500/620/5698 5498/608/5680 5496/608/5692
f 5450/622/5642 5490/618/5696 5497/611/5687 5437/607/5623
f 5482/615/5693 5444/612/5632 5449/621/5641 5500/620/5698
f 5494/617/5695 5489/614/5694 5499/619/5697 5490/618/5696
f 5505/608/5688 5485/609/5686 5501/609/5699 5503/608/5700
f 5492/604/5691 5436/605/5630 5456/605/5646 5504/604/5701
f 5487/610/5685 5492/604/5691 5504/604/5701 5502/610/5702
f 5485/609/5686 5487/610/5685 5502/610/5702 5501/609/5699
f 5503/608/5700 5453/607/5648 5430/607/5624 5505/608/5688
f 5502/610/5702 5507/610/5703 5506/609/5704 5501/609/5699
f 5456/605/5646 5463/605/5652 5509/604/5705 5504/604/5701
f 5504/604/5701 5509/604/5705 5507/610/5703 5502/610/5702
f 5503/608/5700 5514/608/5706 5460/607/5653 5453/607/5648
f 5507/610/5703 5509/604/5705 5510/604/5707 5512/610/5708
f 5514/608/5706 5506/609/5704 5513/609/5709 5511/608/5710
f 5506/609/5704 5507/610/5703 5512/610/5708 5513/609/5709
f 5471/626/5659 5508/629/5711 5515/628/5712 5472/627/5660
f 5509/604/5705 5463/605/5652 5464/605/5663 5510/604/5707
f 5508/629/5711 5471/626/5659 5460/607/5653 5514/608/5706
f 5472/627/5660 5515/628/5712 5511/608/5710 5467/607/5664
f 5515/628/5712 5508/629/5711 5514/608/5706 5511/608/5710
f 6046/607/5665 6051/861/5713 5519/611/5714 5479/607/5666
f 5501/609/5699 5506/609/5704 5514/608/5706 5503/608/5700
f 6052/862/5715 6049/605/5672 5478/605/5671 5516/604/5716
f 6053/609/5717 6050/610/5718 5517/610/5719 5518/609/5720
f 6051/861/5713 6053/609/5717 5518/609/5720 5519/611/5714
f 6050/610/5718 6052/862/5715 5516/604/5716 5517/610/5719
f 5533/604/5721 5545/604/5722 5543/605/5723 5532/605/5724
f 5529/606/5725 5524/607/5726 5548/608/5727 5530/609/5728
f 5520/605/5729 5526/106/5730 5527/610/5731 5521/604/5732
f 5525/609/5733 5528/609/5734 5531/610/5735 5522/610/5736
f 5542/607/5737 5534/607/5738 5562/608/5739 5547/611/5740
f 5526/106/5730 5529/606/5725 5530/609/5728 5527/610/5731
f 5521/604/5732 5533/604/5721 5532/605/5724 5520/605/5729
f 5547/611/5740 5562/608/5739 5528/609/5734 5525/609/5733
f 5538/610/5741 5522/610/5736 5545/604/5722 5533/604/5721
f 5530/609/5728 5540/609/5742 5538/610/5741 5527/610/5731
f 5545/604/5722 5539/604/5743 5541/605/5744 5543/605/5723
f 5527/610/5731 5538/610/5741 5533/604/5721 5521/604/5732
f 5546/608/5745 5547/611/5740 5525/609/5733 5540/609/5742
f 5522/610/5736 5531/610/5735 5539/604/5743 5545/604/5722
f 5549/612/5746 5551/613/5747 5535/614/5748 5523/615/5749
f 5548/608/5727 5546/608/5745 5540/609/5742 5530/609/5728
f 5551/613/5747 5550/616/5750 5544/617/5751 5535/614/5748
f 5540/609/5742 5525/609/5733 5522/610/5736 5538/610/5741
f 5536/618/5752 5547/611/5740 5546/608/5745 5552/619/5753
f 5553/620/5754 5548/608/5727 5524/607/5726 5554/621/5755
f 5550/616/5750 5555/622/5756 5536/618/5752 5544/617/5751
f 5535/614/5748 5552/619/5753 5553/620/5754 5523/615/5749
f 5552/619/5753 5546/608/5745 5548/608/5727 5553/620/5754
f 5555/622/5756 5542/607/5737 5547/611/5740 5536/618/5752
f 5523/615/5749 5553/620/5754 5554/621/5755 5549/612/5746
f 5544/617/5751 5536/618/5752 5552/619/5753 5535/614/5748
f 5563/623/5757 5564/623/5758 5566/624/5759 5537/625/5760
f 5562/608/5739 5559/608/5761 5556/609/5762 5528/609/5734
f 5539/604/5743 5560/604/5763 5561/605/5764 5541/605/5744
f 5531/610/5735 5557/610/5765 5560/604/5763 5539/604/5743
f 5528/609/5734 5556/609/5762 5557/610/5765 5531/610/5735
f 5537/625/5760 5562/608/5739 5534/607/5738 5563/623/5757
f 5564/623/5758 5558/607/5766 5559/608/5761 5566/624/5759
f 5566/624/5759 5559/608/5761 5562/608/5739 5537/625/5760
f 5559/608/5761 5569/608/5767 5565/609/5768 5556/609/5762
f 5557/610/5765 5567/610/5769 5570/604/5770 5560/604/5763
f 5558/607/5766 5568/607/5771 5569/608/5767 5559/608/5761
f 5556/609/5762 5565/609/5768 5567/610/5769 5557/610/5765
f 5560/604/5763 5570/604/5770 5571/605/5772 5561/605/5764
f 5580/604/5773 5532/605/5724 5543/605/5723 5588/604/5774
f 5529/606/5725 5578/609/5775 5591/608/5776 5524/607/5726
f 5520/605/5729 5572/604/5777 5576/610/5778 5526/106/5730
f 5575/609/5779 5573/610/5780 5579/610/5781 5577/609/5782
f 5542/607/5737 5590/611/5783 5598/608/5784 5534/607/5738
f 5526/106/5730 5576/610/5778 5578/609/5775 5529/606/5725
f 5572/604/5777 5520/605/5729 5532/605/5724 5580/604/5773
f 5590/611/5783 5575/609/5779 5577/609/5782 5598/608/5784
f 5584/610/5785 5580/604/5773 5588/604/5774 5573/610/5780
f 5578/609/5775 5576/610/5778 5584/610/5785 5586/609/5786
f 5588/604/5774 5543/605/5723 5541/605/5744 5585/604/5787
f 5576/610/5778 5572/604/5777 5580/604/5773 5584/610/5785
f 5589/608/5788 5586/609/5786 5575/609/5779 5590/611/5783
f 5573/610/5780 5588/604/5774 5585/604/5787 5579/610/5781
f 5549/612/5746 5574/615/5789 5581/614/5790 5551/613/5747
f 5591/608/5776 5578/609/5775 5586/609/5786 5589/608/5788
f 5551/613/5747 5581/614/5790 5587/617/5791 5550/616/5750
f 5586/609/5786 5584/610/5785 5573/610/5780 5575/609/5779
f 5582/618/5792 5592/619/5793 5589/608/5788 5590/611/5783
f 5593/620/5794 5554/621/5755 5524/607/5726 5591/608/5776
f 5550/616/5750 5587/617/5791 5582/618/5792 5555/622/5756
f 5581/614/5790 5574/615/5789 5593/620/5794 5592/619/5793
f 5592/619/5793 5593/620/5794 5591/608/5776 5589/608/5788
f 5555/622/5756 5582/618/5792 5590/611/5783 5542/607/5737
f 5574/615/5789 5549/612/5746 5554/621/5755 5593/620/5794
f 5587/617/5791 5581/614/5790 5592/619/5793 5582/618/5792
f 5563/623/5757 5583/625/5795 5600/624/5796 5564/623/5758
f 5598/608/5784 5577/609/5782 5594/609/5797 5596/608/5798
f 5585/604/5787 5541/605/5744 5561/605/5764 5597/604/5799
f 5579/610/5781 5585/604/5787 5597/604/5799 5595/610/5800
f 5577/609/5782 5579/610/5781 5595/610/5800 5594/609/5797
f 5583/625/5795 5563/623/5757 5534/607/5738 5598/608/5784
f 5564/623/5758 5600/624/5796 5596/608/5798 5558/607/5766
f 5600/624/5796 5583/625/5795 5598/608/5784 5596/608/5798
f 5596/608/5798 5594/609/5797 5599/609/5801 5602/608/5802
f 5595/610/5800 5597/604/5799 5603/604/5803 5601/610/5804
f 5558/607/5766 5596/608/5798 5602/608/5802 5568/607/5771
f 5594/609/5797 5595/610/5800 5601/610/5804 5599/609/5801
f 5597/604/5799 5561/605/5764 5571/605/5772 5603/604/5803
f 5617/604/5805 5628/604/5806 5626/605/5807 5616/605/5808
f 5613/606/5809 5608/607/5810 5631/608/5811 5614/609/5812
f 5604/605/5813 5610/106/5814 5611/610/5815 5605/604/5816
f 5609/609/5817 5612/609/5818 5615/610/5819 5606/610/5820
f 5625/607/5821 5618/607/5822 5645/608/5823 5630/611/5824
f 5610/106/5814 5613/606/5809 5614/609/5812 5611/610/5815
f 5605/604/5816 5617/604/5805 5616/605/5808 5604/605/5813
f 5630/611/5824 5645/608/5823 5612/609/5818 5609/609/5817
f 5621/610/5825 5606/610/5820 5628/604/5806 5617/604/5805
f 5614/609/5812 5623/609/5826 5621/610/5825 5611/610/5815
f 5628/604/5806 5622/604/5827 5624/605/5828 5626/605/5807
f 5611/610/5815 5621/610/5825 5617/604/5805 5605/604/5816
f 5629/608/5829 5630/611/5824 5609/609/5817 5623/609/5826
f 5606/610/5820 5615/610/5819 5622/604/5827 5628/604/5806
f 5632/612/5830 5634/613/5831 5619/614/5832 5607/615/5833
f 5631/608/5811 5629/608/5829 5623/609/5826 5614/609/5812
f 5634/613/5831 5633/616/5834 5627/617/5835 5619/614/5832
f 5623/609/5826 5609/609/5817 5606/610/5820 5621/610/5825
f 5620/618/5836 5630/611/5824 5629/608/5829 5635/619/5837
f 5636/620/5838 5631/608/5811 5608/607/5810 5637/621/5839
f 5633/616/5834 5638/622/5840 5620/618/5836 5627/617/5835
f 5619/614/5832 5635/619/5837 5636/620/5838 5607/615/5833
f 5635/619/5837 5629/608/5829 5631/608/5811 5636/620/5838
f 5638/622/5840 5625/607/5821 5630/611/5824 5620/618/5836
f 5607/615/5833 5636/620/5838 5637/621/5839 5632/612/5830
f 5627/617/5835 5620/618/5836 5635/619/5837 5619/614/5832
f 5645/608/5823 5642/608/5841 5639/609/5842 5612/609/5818
f 5622/604/5827 5643/604/5843 5644/605/5844 5624/605/5828
f 5615/610/5819 5640/610/5845 5643/604/5843 5622/604/5827
f 5612/609/5818 5639/609/5842 5640/610/5845 5615/610/5819
f 5642/608/5841 5645/608/5823 5618/607/5822 5641/607/5846
f 5640/610/5845 5639/609/5842 5646/609/5847 5647/610/5848
f 5644/605/5844 5643/604/5843 5650/604/5849 5651/605/5850
f 5643/604/5843 5640/610/5845 5647/610/5848 5650/604/5849
f 5642/608/5841 5641/607/5846 5648/607/5851 5658/608/5852
f 5647/610/5848 5656/610/5853 5653/604/5854 5650/604/5849
f 5658/608/5852 5654/608/5855 5657/609/5856 5646/609/5847
f 5646/609/5847 5657/609/5856 5656/610/5853 5647/610/5848
f 5659/626/5857 5660/627/5858 5661/628/5859 5649/629/5860
f 5650/604/5849 5653/604/5854 5652/605/5861 5651/605/5850
f 5649/629/5860 5658/608/5852 5648/607/5851 5659/626/5857
f 5660/627/5858 5655/607/5862 5654/608/5855 5661/628/5859
f 5661/628/5859 5654/608/5855 5658/608/5852 5649/629/5860
f 6026/863/5863 5667/607/5864 5665/611/5865 6025/864/5866
f 5639/609/5842 5642/608/5841 5658/608/5852 5646/609/5847
f 6027/865/5867 5662/604/5868 5666/605/5869 6029/866/5870
f 6028/867/5871 5664/609/5872 5663/610/5873 6024/610/5874
f 6025/864/5866 5665/611/5865 5664/609/5872 6028/867/5871
f 6024/610/5874 5663/610/5873 5662/604/5868 6027/865/5867
f 5676/604/5875 5616/605/5808 5626/605/5807 5683/604/5876
f 5613/606/5809 5674/609/5877 5686/608/5878 5608/607/5810
f 5604/605/5813 5668/604/5879 5672/610/5880 5610/106/5814
f 5671/609/5881 5669/610/5882 5675/610/5883 5673/609/5884
f 5625/607/5821 5685/611/5885 5693/608/5886 5618/607/5822
f 5610/106/5814 5672/610/5880 5674/609/5877 5613/606/5809
f 5668/604/5879 5604/605/5813 5616/605/5808 5676/604/5875
f 5685/611/5885 5671/609/5881 5673/609/5884 5693/608/5886
f 5679/610/5887 5676/604/5875 5683/604/5876 5669/610/5882
f 5674/609/5877 5672/610/5880 5679/610/5887 5681/609/5888
f 5683/604/5876 5626/605/5807 5624/605/5828 5680/604/5889
f 5672/610/5880 5668/604/5879 5676/604/5875 5679/610/5887
f 5684/608/5890 5681/609/5888 5671/609/5881 5685/611/5885
f 5669/610/5882 5683/604/5876 5680/604/5889 5675/610/5883
f 5632/612/5830 5670/615/5891 5677/614/5892 5634/613/5831
f 5686/608/5878 5674/609/5877 5681/609/5888 5684/608/5890
f 5634/613/5831 5677/614/5892 5682/617/5893 5633/616/5834
f 5681/609/5888 5679/610/5887 5669/610/5882 5671/609/5881
f 5678/618/5894 5687/619/5895 5684/608/5890 5685/611/5885
f 5688/620/5896 5637/621/5839 5608/607/5810 5686/608/5878
f 5633/616/5834 5682/617/5893 5678/618/5894 5638/622/5840
f 5677/614/5892 5670/615/5891 5688/620/5896 5687/619/5895
f 5687/619/5895 5688/620/5896 5686/608/5878 5684/608/5890
f 5638/622/5840 5678/618/5894 5685/611/5885 5625/607/5821
f 5670/615/5891 5632/612/5830 5637/621/5839 5688/620/5896
f 5682/617/5893 5677/614/5892 5687/619/5895 5678/618/5894
f 5693/608/5886 5673/609/5884 5689/609/5897 5691/608/5898
f 5680/604/5889 5624/605/5828 5644/605/5844 5692/604/5899
f 5675/610/5883 5680/604/5889 5692/604/5899 5690/610/5900
f 5673/609/5884 5675/610/5883 5690/610/5900 5689/609/5897
f 5691/608/5898 5641/607/5846 5618/607/5822 5693/608/5886
f 5690/610/5900 5695/610/5901 5694/609/5902 5689/609/5897
f 5644/605/5844 5651/605/5850 5697/604/5903 5692/604/5899
f 5692/604/5899 5697/604/5903 5695/610/5901 5690/610/5900
f 5691/608/5898 5702/608/5904 5648/607/5851 5641/607/5846
f 5695/610/5901 5697/604/5903 5698/604/5905 5700/610/5906
f 5702/608/5904 5694/609/5902 5701/609/5907 5699/608/5908
f 5694/609/5902 5695/610/5901 5700/610/5906 5701/609/5907
f 5659/626/5857 5696/629/5909 5703/628/5910 5660/627/5858
f 5697/604/5903 5651/605/5850 5652/605/5861 5698/604/5905
f 5696/629/5909 5659/626/5857 5648/607/5851 5702/608/5904
f 5660/627/5858 5703/628/5910 5699/608/5908 5655/607/5862
f 5703/628/5910 5696/629/5909 5702/608/5904 5699/608/5908
f 6026/863/5863 6031/868/5911 5707/611/5597 5667/607/5864
f 5689/609/5897 5694/609/5902 5702/608/5904 5691/608/5898
f 6032/604/5912 6029/866/5870 5666/605/5869 5704/604/5562
f 6033/867/5913 6030/610/5914 5705/610/5561 5706/609/5598
f 6031/868/5911 6033/867/5913 5706/609/5598 5707/611/5597
f 6030/610/5914 6032/604/5912 5704/604/5562 5705/610/5561
f 5721/604/5915 5732/604/5916 5730/605/5917 5720/605/5918
f 5717/606/5919 5712/607/5920 5735/608/5921 5718/609/5922
f 5708/605/5923 5714/106/5924 5715/610/5925 5709/604/5926
f 5713/609/5927 5716/609/5928 5719/610/5929 5710/610/5930
f 5729/607/5931 5722/607/5932 5749/608/5933 5734/611/5934
f 5714/106/5924 5717/606/5919 5718/609/5922 5715/610/5925
f 5709/604/5926 5721/604/5915 5720/605/5918 5708/605/5923
f 5734/611/5934 5749/608/5933 5716/609/5928 5713/609/5927
f 5725/610/5935 5710/610/5930 5732/604/5916 5721/604/5915
f 5718/609/5922 5727/609/5936 5725/610/5935 5715/610/5925
f 5732/604/5916 5726/604/5937 5728/605/5938 5730/605/5917
f 5715/610/5925 5725/610/5935 5721/604/5915 5709/604/5926
f 5733/608/5939 5734/611/5934 5713/609/5927 5727/609/5936
f 5710/610/5930 5719/610/5929 5726/604/5937 5732/604/5916
f 5736/612/5940 5738/613/5941 5723/614/5942 5711/615/5943
f 5735/608/5921 5733/608/5939 5727/609/5936 5718/609/5922
f 5738/613/5941 5737/616/5944 5731/617/5945 5723/614/5942
f 5727/609/5936 5713/609/5927 5710/610/5930 5725/610/5935
f 5724/618/5946 5734/611/5934 5733/608/5939 5739/619/5947
f 5740/620/5948 5735/608/5921 5712/607/5920 5741/621/5949
f 5737/616/5944 5742/622/5950 5724/618/5946 5731/617/5945
f 5723/614/5942 5739/619/5947 5740/620/5948 5711/615/5943
f 5739/619/5947 5733/608/5939 5735/608/5921 5740/620/5948
f 5742/622/5950 5729/607/5931 5734/611/5934 5724/618/5946
f 5711/615/5943 5740/620/5948 5741/621/5949 5736/612/5940
f 5731/617/5945 5724/618/5946 5739/619/5947 5723/614/5942
f 5749/608/5933 5746/608/5951 5743/609/5952 5716/609/5928
f 5726/604/5937 5747/604/5953 5748/605/5954 5728/605/5938
f 5719/610/5929 5744/610/5955 5747/604/5953 5726/604/5937
f 5716/609/5928 5743/609/5952 5744/610/5955 5719/610/5929
f 5746/608/5951 5749/608/5933 5722/607/5932 5745/607/5956
f 5744/610/5955 5743/609/5952 5750/609/5957 5751/610/5958
f 5748/605/5954 5747/604/5953 5754/604/5959 5755/605/5960
f 5747/604/5953 5744/610/5955 5751/610/5958 5754/604/5959
f 5746/608/5951 5745/607/5956 5752/607/5961 5762/608/5962
f 5751/610/5958 5760/610/5963 5757/604/5964 5754/604/5959
f 5762/608/5962 5758/608/5965 5761/609/5966 5750/609/5957
f 5750/609/5957 5761/609/5966 5760/610/5963 5751/610/5958
f 5763/626/5967 5764/627/5968 5765/628/5969 5753/629/5970
f 5754/604/5959 5757/604/5964 5756/605/5971 5755/605/5960
f 5753/629/5970 5762/608/5962 5752/607/5961 5763/626/5967
f 5764/627/5968 5759/607/5972 5758/608/5965 5765/628/5969
f 5765/628/5969 5758/608/5965 5762/608/5962 5753/629/5970
f 6016/607/5973 5771/607/5974 5769/611/5975 6015/864/5976
f 5743/609/5952 5746/608/5951 5762/608/5962 5750/609/5957
f 6017/678/5977 5766/604/5978 5770/605/5979 6019/866/5980
f 6018/869/5981 5768/609/5982 5767/610/5983 6014/610/5984
f 6015/864/5976 5769/611/5975 5768/609/5982 6018/869/5981
f 6014/610/5984 5767/610/5983 5766/604/5978 6017/678/5977
f 5780/604/5985 5720/605/5918 5730/605/5917 5787/604/5986
f 5717/606/5919 5778/609/5987 5790/608/5988 5712/607/5920
f 5708/605/5923 5772/604/5989 5776/610/5990 5714/106/5924
f 5775/609/5991 5773/610/5992 5779/610/5993 5777/609/5994
f 5729/607/5931 5789/611/5995 5797/608/5996 5722/607/5932
f 5714/106/5924 5776/610/5990 5778/609/5987 5717/606/5919
f 5772/604/5989 5708/605/5923 5720/605/5918 5780/604/5985
f 5789/611/5995 5775/609/5991 5777/609/5994 5797/608/5996
f 5783/610/5997 5780/604/5985 5787/604/5986 5773/610/5992
f 5778/609/5987 5776/610/5990 5783/610/5997 5785/609/5998
f 5787/604/5986 5730/605/5917 5728/605/5938 5784/604/5999
f 5776/610/5990 5772/604/5989 5780/604/5985 5783/610/5997
f 5788/608/6000 5785/609/5998 5775/609/5991 5789/611/5995
f 5773/610/5992 5787/604/5986 5784/604/5999 5779/610/5993
f 5736/612/5940 5774/615/6001 5781/614/6002 5738/613/5941
f 5790/608/5988 5778/609/5987 5785/609/5998 5788/608/6000
f 5738/613/5941 5781/614/6002 5786/617/6003 5737/616/5944
f 5785/609/5998 5783/610/5997 5773/610/5992 5775/609/5991
f 5782/618/6004 5791/619/6005 5788/608/6000 5789/611/5995
f 5792/620/6006 5741/621/5949 5712/607/5920 5790/608/5988
f 5737/616/5944 5786/617/6003 5782/618/6004 5742/622/5950
f 5781/614/6002 5774/615/6001 5792/620/6006 5791/619/6005
f 5791/619/6005 5792/620/6006 5790/608/5988 5788/608/6000
f 5742/622/5950 5782/618/6004 5789/611/5995 5729/607/5931
f 5774/615/6001 5736/612/5940 5741/621/5949 5792/620/6006
f 5786/617/6003 5781/614/6002 5791/619/6005 5782/618/6004
f 5797/608/5996 5777/609/5994 5793/609/6007 5795/608/6008
f 5784/604/5999 5728/605/5938 5748/605/5954 5796/604/6009
f 5779/610/5993 5784/604/5999 5796/604/6009 5794/610/6010
f 5777/609/5994 5779/610/5993 5794/610/6010 5793/609/6007
f 5795/608/6008 5745/607/5956 5722/607/5932 5797/608/5996
f 5794/610/6010 5799/610/6011 5798/609/6012 5793/609/6007
f 5748/605/5954 5755/605/5960 5801/604/6013 5796/604/6009
f 5796/604/6009 5801/604/6013 5799/610/6011 5794/610/6010
f 5795/608/6008 5806/608/6014 5752/607/5961 5745/607/5956
f 5799/610/6011 5801/604/6013 5802/604/6015 5804/610/6016
f 5806/608/6014 5798/609/6012 5805/609/6017 5803/608/6018
f 5798/609/6012 5799/610/6011 5804/610/6016 5805/609/6017
f 5763/626/5967 5800/629/6019 5807/628/6020 5764/627/5968
f 5801/604/6013 5755/605/5960 5756/605/5971 5802/604/6015
f 5800/629/6019 5763/626/5967 5752/607/5961 5806/608/6014
f 5764/627/5968 5807/628/6020 5803/608/6018 5759/607/5972
f 5807/628/6020 5800/629/6019 5806/608/6014 5803/608/6018
f 6016/607/5973 6021/864/6021 5811/611/6022 5771/607/5974
f 5793/609/6007 5798/609/6012 5806/608/6014 5795/608/6008
f 6022/870/6023 6019/866/5980 5770/605/5979 5808/604/6024
f 6023/859/6025 6020/610/6026 5809/610/6027 5810/609/6028
f 6021/864/6021 6023/859/6025 5810/609/6028 5811/611/6022
f 6020/610/6026 6022/870/6023 5808/604/6024 5809/610/6027
f 5825/604/6029 5836/604/6030 5834/605/6031 5824/605/6032
f 5821/606/6033 5816/607/6034 5839/608/6035 5822/609/6036
f 5812/605/6037 5818/106/6038 5819/610/6039 5813/604/6040
f 5817/609/6041 5820/609/6042 5823/610/6043 5814/610/6044
f 5833/607/6045 5826/607/6046 5853/608/6047 5838/611/6048
f 5818/106/6038 5821/606/6033 5822/609/6036 5819/610/6039
f 5813/604/6040 5825/604/6029 5824/605/6032 5812/605/6037
f 5838/611/6048 5853/608/6047 5820/609/6042 5817/609/6041
f 5829/610/6049 5814/610/6044 5836/604/6030 5825/604/6029
f 5822/609/6036 5831/609/6050 5829/610/6049 5819/610/6039
f 5836/604/6030 5830/604/6051 5832/605/6052 5834/605/6031
f 5819/610/6039 5829/610/6049 5825/604/6029 5813/604/6040
f 5837/608/6053 5838/611/6048 5817/609/6041 5831/609/6050
f 5814/610/6044 5823/610/6043 5830/604/6051 5836/604/6030
f 5840/612/6054 5842/613/6055 5827/614/6056 5815/615/6057
f 5839/608/6035 5837/608/6053 5831/609/6050 5822/609/6036
f 5842/613/6055 5841/616/6058 5835/617/6059 5827/614/6056
f 5831/609/6050 5817/609/6041 5814/610/6044 5829/610/6049
f 5828/618/6060 5838/611/6048 5837/608/6053 5843/619/6061
f 5844/620/6062 5839/608/6035 5816/607/6034 5845/621/6063
f 5841/616/6058 5846/622/6064 5828/618/6060 5835/617/6059
f 5827/614/6056 5843/619/6061 5844/620/6062 5815/615/6057
f 5843/619/6061 5837/608/6053 5839/608/6035 5844/620/6062
f 5846/622/6064 5833/607/6045 5838/611/6048 5828/618/6060
f 5815/615/6057 5844/620/6062 5845/621/6063 5840/612/6054
f 5835/617/6059 5828/618/6060 5843/619/6061 5827/614/6056
f 5853/608/6047 5850/608/6065 5847/609/6066 5820/609/6042
f 5830/604/6051 5851/604/6067 5852/605/6068 5832/605/6052
f 5823/610/6043 5848/610/6069 5851/604/6067 5830/604/6051
f 5820/609/6042 5847/609/6066 5848/610/6069 5823/610/6043
f 5850/608/6065 5853/608/6047 5826/607/6046 5849/607/6070
f 5848/610/6069 5847/609/6066 5854/609/6071 5855/610/6072
f 5852/605/6068 5851/604/6067 5858/604/6073 5859/605/6074
f 5851/604/6067 5848/610/6069 5855/610/6072 5858/604/6073
f 5850/608/6065 5849/607/6070 5856/607/6075 5866/608/6076
f 5855/610/6072 5864/610/6077 5861/604/6078 5858/604/6073
f 5866/608/6076 5862/608/6079 5865/609/6080 5854/609/6071
f 5854/609/6071 5865/609/6080 5864/610/6077 5855/610/6072
f 5867/626/6081 5868/627/6082 5869/628/6083 5857/629/6084
f 5858/604/6073 5861/604/6078 5860/605/6085 5859/605/6074
f 5857/629/6084 5866/608/6076 5856/607/6075 5867/626/6081
f 5868/627/6082 5863/607/6086 5862/608/6079 5869/628/6083
f 5869/628/6083 5862/608/6079 5866/608/6076 5857/629/6084
f 6036/607/6087 5875/607/6088 5873/611/5557 6035/679/6089
f 5847/609/6066 5850/608/6065 5866/608/6076 5854/609/6071
f 6037/865/6090 5870/604/6091 5874/605/6092 6039/605/6093
f 6038/609/6094 5872/609/5556 5871/610/6095 6034/860/6096
f 6035/679/6089 5873/611/5557 5872/609/5556 6038/609/6094
f 6034/860/6096 5871/610/6095 5870/604/6091 6037/865/6090
f 5884/604/6097 5824/605/6032 5834/605/6031 5891/604/6098
f 5821/606/6033 5882/609/6099 5894/608/6100 5816/607/6034
f 5812/605/6037 5876/604/6101 5880/610/6102 5818/106/6038
f 5879/609/6103 5877/610/6104 5883/610/6105 5881/609/6106
f 5833/607/6045 5893/611/6107 5901/608/6108 5826/607/6046
f 5818/106/6038 5880/610/6102 5882/609/6099 5821/606/6033
f 5876/604/6101 5812/605/6037 5824/605/6032 5884/604/6097
f 5893/611/6107 5879/609/6103 5881/609/6106 5901/608/6108
f 5887/610/6109 5884/604/6097 5891/604/6098 5877/610/6104
f 5882/609/6099 5880/610/6102 5887/610/6109 5889/609/6110
f 5891/604/6098 5834/605/6031 5832/605/6052 5888/604/6111
f 5880/610/6102 5876/604/6101 5884/604/6097 5887/610/6109
f 5892/608/6112 5889/609/6110 5879/609/6103 5893/611/6107
f 5877/610/6104 5891/604/6098 5888/604/6111 5883/610/6105
f 5840/612/6054 5878/615/6113 5885/614/6114 5842/613/6055
f 5894/608/6100 5882/609/6099 5889/609/6110 5892/608/6112
f 5842/613/6055 5885/614/6114 5890/617/6115 5841/616/6058
f 5889/609/6110 5887/610/6109 5877/610/6104 5879/609/6103
f 5886/618/6116 5895/619/6117 5892/608/6112 5893/611/6107
f 5896/620/6118 5845/621/6063 5816/607/6034 5894/608/6100
f 5841/616/6058 5890/617/6115 5886/618/6116 5846/622/6064
f 5885/614/6114 5878/615/6113 5896/620/6118 5895/619/6117
f 5895/619/6117 5896/620/6118 5894/608/6100 5892/608/6112
f 5846/622/6064 5886/618/6116 5893/611/6107 5833/607/6045
f 5878/615/6113 5840/612/6054 5845/621/6063 5896/620/6118
f 5890/617/6115 5885/614/6114 5895/619/6117 5886/618/6116
f 5901/608/6108 5881/609/6106 5897/609/6119 5899/608/6120
f 5888/604/6111 5832/605/6052 5852/605/6068 5900/604/6121
f 5883/610/6105 5888/604/6111 5900/604/6121 5898/610/6122
f 5881/609/6106 5883/610/6105 5898/610/6122 5897/609/6119
f 5899/608/6120 5849/607/6070 5826/607/6046 5901/608/6108
f 5898/610/6122 5903/610/6123 5902/609/6124 5897/609/6119
f 5852/605/6068 5859/605/6074 5905/604/6125 5900/604/6121
f 5900/604/6121 5905/604/6125 5903/610/6123 5898/610/6122
f 5899/608/6120 5910/608/6126 5856/607/6075 5849/607/6070
f 5903/610/6123 5905/604/6125 5906/604/6127 5908/610/6128
f 5910/608/6126 5902/609/6124 5909/609/6129 5907/608/6130
f 5902/609/6124 5903/610/6123 5908/610/6128 5909/609/6129
f 5867/626/6081 5904/629/6131 5911/628/6132 5868/627/6082
f 5905/604/6125 5859/605/6074 5860/605/6085 5906/604/6127
f 5904/629/6131 5867/626/6081 5856/607/6075 5910/608/6126
f 5868/627/6082 5911/628/6132 5907/608/6130 5863/607/6086
f 5911/628/6132 5904/629/6131 5910/608/6126 5907/608/6130
f 6036/607/6087 6041/611/6133 5915/611/5565 5875/607/6088
f 5897/609/6119 5902/609/6124 5910/608/6126 5899/608/6120
f 6042/862/6134 6039/605/6093 5874/605/6092 5912/604/6135
f 6043/871/6136 6040/872/6137 5913/610/6138 5914/609/6139
f 6041/611/6133 6043/871/6136 5914/609/6139 5915/611/5565
f 6040/872/6137 6042/862/6134 5912/604/6135 5913/610/6138
f 5565/609/5768 5987/609/5599 5981/610/5560 5567/610/5769
f 5664/609/5872 5985/609/6140 5984/610/6141 5663/610/5873
f 5768/609/5982 5960/609/6142 5957/610/6143 5767/610/5983
f 5518/609/5720 5517/610/5719 5949/610/6144 5962/609/5555
f 5663/610/5873 5984/610/6141 5983/604/6145 5662/604/5868
f 5665/611/5865 5969/611/6146 5985/609/6140 5664/609/5872
f 5567/610/5769 5981/610/5560 5986/604/6147 5570/604/5770
f 5569/608/5767 5978/608/5596 5987/609/5599 5565/609/5768
f 5767/610/5983 5957/610/6143 5958/604/6148 5766/604/5978
f 5769/611/5975 5391/611/5566 5960/609/6142 5768/609/5982
f 5517/610/5719 5516/604/5716 5952/604/6149 5949/610/6144
f 5519/611/5714 5518/609/5720 5962/609/5555 5954/611/5558
f 5601/610/5804 5925/610/5548 5924/609/5491 5599/609/5801
f 5603/604/5803 5388/604/5480 5925/610/5548 5601/610/5804
f 5571/605/5772 5923/605/5481 5388/604/5480 5603/604/5803
f 5808/604/6024 5937/604/6150 5988/604/6151 5983/604/6145
f 5519/611/5714 5919/611/6152 5377/607/5573 5479/607/5666
f 5915/611/5565 5943/611/5564 5941/607/5594 5875/607/6088
f 5811/611/6022 5938/611/6153 5936/607/5569 5771/607/5974
f 5707/611/5597 5932/611/6154 5930/607/5487 5667/607/5864
f 5602/608/5802 5926/608/5490 5920/607/5554 5568/607/5771
f 5665/611/5865 5928/611/6155 5968/611/6156 5969/611/6146
f 5478/605/5671 5376/605/5604 5918/604/6157 5516/604/5716
f 5874/605/6092 6060/605/6158 5942/604/5552 5912/604/6135
f 5770/605/5979 6059/605/6159 5937/604/6150 5808/604/6024
f 5666/605/5869 6068/605/6160 5931/604/6161 5704/604/5562
f 5704/604/5562 5931/604/6161 5990/604/6162 6009/604/5559
f 5569/608/5767 5921/608/6163 5977/608/6164 5978/608/5596
f 5912/604/6135 5942/604/5552 5935/604/5551 5958/604/6148
f 5769/611/5975 5934/611/6165 5929/611/5563 5391/611/5566
f 5479/607/5666 5377/607/5573 5917/611/5572 5477/611/5667
f 5875/607/6088 5941/607/5594 5940/611/6166 5873/611/5557
f 5771/607/5974 5936/607/5569 5934/611/6165 5769/611/5975
f 5667/607/5864 5930/607/5487 5928/611/6155 5665/611/5865
f 5516/604/5716 5918/604/6157 5944/604/6167 5952/604/6149
f 5474/604/5670 5916/604/6168 5376/605/5604 5478/605/5671
f 5870/604/6091 5939/604/6169 6060/605/6158 5874/605/6092
f 5766/604/5978 5933/604/6170 6059/605/6159 5770/605/5979
f 5662/604/5868 5927/604/6171 6068/605/6160 5666/605/5869
f 5570/604/5770 5922/604/6172 5923/605/5481 5571/605/5772
f 5873/611/5557 5940/611/6166 5947/873/6173 5954/611/5558
f 5476/609/5674 5389/609/5595 5390/610/6174 5475/610/5675
f 5599/609/5801 5924/609/5491 5926/608/5490 5602/608/5802
f 5568/607/5771 5920/607/5554 5921/608/6163 5569/608/5767
f 5477/611/5667 5917/611/5572 5389/609/5595 5476/609/5674
f 5475/610/5675 5390/610/6174 5916/604/6168 5474/604/5670
f 5920/817/5554 5975/837/5553 5977/608/6164 5921/608/6163
f 5930/803/5487 5972/806/5486 5968/611/6156 5928/611/6155
f 5936/825/5569 5961/832/5568 5929/611/5563 5934/611/6165
f 5941/91/5594 5946/811/5593 5947/873/6173 5940/611/6166
f 6060/605/6158 6061/91/5549 5942/604/5552
f 5374/605/6175 5979/605/6176 5988/604/6151 5937/604/6150
f 5922/604/6172 5980/604/6177 5982/874/6178 5923/817/5481
f 6061/91/5549 6060/605/6158 5939/604/6169
f 5372/799/5584 5373/822/5464 5390/822/6174 5389/799/5595
f 5378/816/5547 5925/833/5548 5388/816/5480 5330/816/5479
f 5926/834/5490 5331/816/5489 5322/817/5496 5920/817/5554
f 5961/832/5568 5941/91/5594 5943/611/5564 5929/611/5563
f 5959/832/5499 5956/832/5519 5335/91/5534 5334/91/5428
f 5946/811/5593 5377/799/5573 5919/611/6152 5947/873/6173
f 5961/832/5568 5955/832/5500 5329/91/5431 5941/91/5594
f 5945/875/5550 5374/605/6175 5933/604/6170 5935/604/5551
f 5946/811/5593 5948/811/5430 5320/799/5570 5377/799/5573
f 5956/832/5519 5392/841/5518 5335/91/5534
f 5944/604/6167 5939/604/6169 5870/604/6091 5952/604/6149
f 5944/604/6167 5918/604/6157 5376/605/5604 5950/875/5603
f 5960/609/6142 5914/609/6139 5913/610/6138 5957/610/6143
f 5949/610/6144 5871/610/6095 5872/609/5556 5962/609/5555
f 5947/873/6173 5919/611/6152 5519/611/5714 5954/611/5558
f 5955/832/5500 5959/832/5499 5334/91/5428 5329/91/5431
f 5951/843/5533 5335/91/5534 5392/841/5518
f 5953/812/5429 5951/843/5533 5337/799/5532 5336/799/5539
f 5957/610/6143 5913/610/6138 5912/604/6135 5958/604/6148
f 5948/811/5430 5953/812/5429 5336/799/5539 5320/799/5570
f 5391/611/5566 5915/611/5565 5914/609/6139 5960/609/6142
f 5935/604/5551 5933/604/6170 5766/604/5978 5958/604/6148
f 5952/604/6149 5870/604/6091 5871/610/6095 5949/610/6144
f 5965/799/5542 5997/799/5600 5356/799/5576 5404/799/5543
f 5966/799/5537 5965/799/5542 5404/799/5543 5385/799/5540
f 5963/799/5571 5964/799/5538 5387/799/5541 5372/799/5584
f 5964/799/5538 5966/799/5537 5385/799/5540 5387/799/5541
f 5968/611/6156 5938/611/6153 5811/611/6022 5969/611/6146
f 5971/807/5535 5398/801/5517 5332/801/5520
f 5967/807/5421 5971/807/5535 5332/801/5520 5333/801/5498
f 5972/806/5486 5970/806/5422 5327/825/5501 5936/825/5569
f 5972/806/5486 5936/825/5569 5938/611/6153 5968/611/6156
f 5970/806/5422 5967/807/5421 5333/801/5498 5327/825/5501
f 5956/832/5519 5332/801/5520 5398/801/5517
f 5973/836/5503 5976/837/5502 5340/803/5420 5325/803/5423
f 5977/608/6164 5932/611/6154 5707/611/5597 5978/608/5596
f 5975/837/5553 5973/836/5503 5325/803/5423 5930/803/5487
f 5971/807/5535 5341/803/5536 5394/803/5514
f 5975/837/5553 5930/803/5487 5932/611/6154 5977/608/6164
f 5976/837/5502 5974/837/5515 5341/803/5536 5340/803/5420
f 5974/837/5515 5394/803/5514 5341/803/5536
f 5974/837/5515 5350/817/5516 5403/840/5513
f 5980/604/6177 5922/604/6172 5570/604/5770 5986/604/6147
f 5987/609/5599 5706/609/5598 5705/610/5561 5981/610/5560
f 5985/609/6140 5810/609/6028 5809/610/6027 5984/610/6141
f 5990/604/6162 6013/604/6179 6012/604/6180 6009/604/5559
f 5984/610/6141 5809/610/6027 5808/604/6024 5983/604/6145
f 5969/611/6146 5811/611/6022 5810/609/6028 5985/609/6140
f 5988/604/6151 5979/605/6176 5375/605/6181 5927/604/6171
f 5988/604/6151 5927/604/6171 5662/604/5868 5983/604/6145
f 5981/610/5560 6012/604/6180 5986/604/6147
f 5980/604/6177 6013/604/6179 6011/876/6182 5982/874/6178
f 5979/806/6176 5374/825/6175 5326/825/6183 6055/877/6184
f 5324/803/6185 5989/878/6186 5375/803/6181
f 5990/604/6162 5931/604/6161 5375/605/6181 5989/879/6186
f 5308/827/5471 5993/828/5470 5280/2/5476 5991/2/5477
f 5993/828/5470 5992/795/5403 5298/794/6187 5280/2/5476
f 5992/795/5403 5995/792/5402 5299/799/5448 5298/794/6187
f 5412/851/5582 5308/827/5471 5991/2/5477 5994/2/5592
f 5995/792/5402 5311/793/5405 5996/799/5449 5299/799/5448
f 5311/793/5405 5408/847/5575 5997/799/5600 5996/799/5449
f 5408/847/5575 5410/848/5574 5998/794/5601 5997/799/5600
f 5410/848/5574 5412/851/5582 5994/2/5592 5998/794/5601
f 5999/820/5442 6000/818/5441 5284/808/5455 5301/810/6188
f 5316/829/5473 6003/830/5472 5300/816/5437 6001/816/5440
f 6003/830/5472 5999/820/5442 5301/810/6188 5300/816/5437
f 6000/818/5441 5319/819/5444 6002/808/5456 5284/808/5455
f 5411/850/5578 5316/829/5473 6001/816/5440 6004/816/5567
f 5319/819/5444 5413/853/5585 6005/854/5587 6002/808/5456
f 5414/849/5579 5411/850/5578 6004/816/5567 6006/810/5602
f 5413/853/5585 5414/849/5579 6006/810/5602 6005/854/5587
f 5294/804/5452 5295/797/5451 3382/797/3225 3177/804/3639
f 5291/803/5445 5286/817/5438 3462/817/3230 3175/803/3229
f 5295/797/5451 5280/2/5476 3176/2/3226 3382/797/3225
f 5300/816/5437 5301/810/6188 3286/810/3233 3174/816/3464
f 5280/2/5476 5298/794/6187 4207/794/3282 3176/2/3226
f 5299/799/5448 5282/91/5447 3190/91/3180 6007/799/3283
f 5282/91/5447 5290/825/5474 5225/825/3181 3190/91/3180
f 5298/794/6187 5299/799/5448 6007/799/3283 4207/794/3282
f 5284/808/5455 5294/804/5452 3177/804/3639 5269/808/3234
f 5301/810/6188 5284/808/5455 5269/808/3234 3286/810/3233
f 5290/825/5474 5291/803/5445 3175/803/3229 5225/825/3181
f 5286/817/5438 5300/816/5437 3174/816/3464 3462/817/3230
f 5393/844/5531 5996/799/5449 5997/799/5600 5965/799/5542
f 6004/816/5567 5403/840/5513 5396/826/5522
f 5982/837/6178 6011/881/6182 6010/880/6189 6008/835/5493
f 6008/835/5493 5323/817/5478 5923/817/5481 5982/837/6178
f 6008/835/5493 6010/880/6189 5343/803/5415
f 6013/604/6179 5980/604/6177 5986/604/6147 6012/604/6180
f 6012/604/6180 5981/610/5560 6009/604/5559
f 6011/881/6182 5989/878/6186 5324/803/6185 6010/880/6189
f 6013/604/6179 5990/604/6162 5989/879/6186 6011/876/6182
f 6010/880/6189 5324/803/6185 5343/803/5415
f 5804/610/6016 5802/604/6015 6022/870/6023 6020/610/6026
f 5803/608/6018 5805/609/6017 6023/859/6025 6021/864/6021
f 5805/609/6017 5804/610/6016 6020/610/6026 6023/859/6025
f 5802/604/6015 5756/605/5971 6019/866/5980 6022/870/6023
f 5759/607/5972 5803/608/6018 6021/864/6021 6016/607/5973
f 5760/610/5963 6014/610/5984 6017/678/5977 5757/604/5964
f 5758/608/5965 6015/864/5976 6018/869/5981 5761/609/5966
f 5761/609/5966 6018/869/5981 6014/610/5984 5760/610/5963
f 5757/604/5964 6017/678/5977 6019/866/5980 5756/605/5971
f 5759/607/5972 6016/607/5973 6015/864/5976 5758/608/5965
f 5700/610/5906 5698/604/5905 6032/604/5912 6030/610/5914
f 5699/608/5908 5701/609/5907 6033/867/5913 6031/868/5911
f 5701/609/5907 5700/610/5906 6030/610/5914 6033/867/5913
f 5698/604/5905 5652/605/5861 6029/866/5870 6032/604/5912
f 5655/607/5862 5699/608/5908 6031/868/5911 6026/863/5863
f 5656/610/5853 6024/610/5874 6027/865/5867 5653/604/5854
f 5654/608/5855 6025/864/5866 6028/867/5871 5657/609/5856
f 5657/609/5856 6028/867/5871 6024/610/5874 5656/610/5853
f 5653/604/5854 6027/865/5867 6029/866/5870 5652/605/5861
f 5655/607/5862 6026/863/5863 6025/864/5866 5654/608/5855
f 5908/610/6128 5906/604/6127 6042/862/6134 6040/872/6137
f 5907/608/6130 5909/609/6129 6043/871/6136 6041/611/6133
f 5909/609/6129 5908/610/6128 6040/872/6137 6043/871/6136
f 5906/604/6127 5860/605/6085 6039/605/6093 6042/862/6134
f 5863/607/6086 5907/608/6130 6041/611/6133 6036/607/6087
f 5864/610/6077 6034/860/6096 6037/865/6090 5861/604/6078
f 5862/608/6079 6035/679/6089 6038/609/6094 5865/609/6080
f 5865/609/6080 6038/609/6094 6034/860/6096 5864/610/6077
f 5861/604/6078 6037/865/6090 6039/605/6093 5860/605/6085
f 5863/607/6086 6036/607/6087 6035/679/6089 5862/608/6079
f 5512/610/5708 5510/604/5707 6052/862/5715 6050/610/5718
f 5511/608/5710 5513/609/5709 6053/609/5717 6051/861/5713
f 5513/609/5709 5512/610/5708 6050/610/5718 6053/609/5717
f 5510/604/5707 5464/605/5663 6049/605/5672 6052/862/5715
f 5467/607/5664 5511/608/5710 6051/861/5713 6046/607/5665
f 5468/610/5655 6044/860/5676 6047/604/5669 5465/604/5656
f 5466/608/5657 6045/858/5668 6048/859/5673 5469/609/5658
f 5469/609/5658 6048/859/5673 6044/860/5676 5468/610/5655
f 5465/604/5656 6047/604/5669 6049/605/5672 5464/605/5663
f 5467/607/5664 6046/607/5665 6045/858/5668 5466/608/5657
f 6065/800/5412 6062/811/5606 5321/799/5605 6064/799/5413
f 6056/832/5483 5326/825/6183 5374/825/6175 5945/832/5550
f 6055/877/6184 5326/825/6183 6054/801/5417 6057/802/5416
f 6059/605/6159 5374/605/6175 5937/604/6150
f 6054/801/5417 5326/825/6183 6056/832/5483 6058/831/5482
f 5933/604/6170 5374/605/6175 6059/605/6159
f 5328/91/5484 6056/832/5483 5945/832/5550 6061/91/5549
f 5343/803/5415 5324/803/6185 6055/877/6184 6057/802/5416
f 5939/604/6169 5944/604/6167 5950/875/5603 6061/91/5549
f 6063/91/5485 5328/91/5484 6062/811/5606 6065/800/5412
f 6063/91/5485 5347/91/5411 6058/831/5482
f 5321/799/5605 5376/605/5604 5916/799/6168 6066/823/5463
f 5347/91/5411 6063/91/5485 6065/800/5412
f 6062/811/5606 5328/91/5484 6061/91/5549 5950/843/5603
f 6064/799/5413 5321/799/5605 6066/823/5463 6067/799/5462
f 6066/823/5463 5916/799/6168 5390/822/6174 5373/822/5464
f 6067/799/5462 5386/799/5461 5339/799/5410 6064/799/5413
f 6055/877/6184 5324/803/6185 5375/803/6181 5979/806/6176
f 5927/604/6171 5375/605/6181 6068/605/6160
f 6068/605/6160 5375/605/6181 5931/604/6161
f 3445/19/3460 3283/19/3459 3450/17/3442 3457/207/3441
f 6070/101/3607 4228/101/3655 3427/37/3656 6074/54/3658
f 6074/54/3658 3426/54/3634 3166/54/3633
f 6073/11/3606 3189/11/3605 5231/9/5352 6069/9/3654
f 5267/58/3417 6123/790/5397 6125/790/5394 6115/58/3418
f 6072/34/3611 3431/34/3663 5233/9/3169 6069/9/3654
f 6073/11/3606 3433/10/3168 4228/101/3655 6070/101/3607
f 6071/17/3610 3452/17/3657 3431/34/3663 6072/34/3611
f 4258/159/3364 4281/90/3367 6080/90/3366 6077/158/3365
f 3360/527/3572 6083/160/3369 6088/329/3643 4251/327/3641
f 3361/289/3562 6084/275/3561 6087/1/3159 4243/255/3583
f 4265/88/3275 4210/87/5344 6076/87/3560 6081/88/3276
f 4273/167/3376 3186/21/3221 6075/50/3220 6086/166/3377
f 4251/327/3641 6088/329/3643 6085/165/3374 3409/293/3567
f 4267/52/3222 4285/84/3274 6079/84/3273 6082/51/3223
f 4210/87/5344 4269/81/4405 6084/275/3561 6076/87/3560
f 3409/293/3567 6085/165/3374 6086/166/3377 4200/292/3568
f 3357/294/3571 6080/90/3366 6083/160/3369 3360/91/3572
f 3354/2/3575 6078/2/3162 6077/158/3365 4256/158/3576
f 3356/84/3564 6079/84/3273 6081/88/3276 3358/88/3578
f 3355/297/3581 6075/50/3220 6082/51/3223 3359/52/3565
f 4243/255/3583 6087/1/3159 6078/2/3162 3354/2/3575
f 5213/90/3559 3341/263/3529 4257/264/3532 3319/90/3525
f 3328/256/3515 3340/2/3511 3341/263/3529 5213/90/3559
f 6089/285/3558 3323/882/3536 3328/256/3515 5213/90/3559
f 3342/88/3504 4220/87/3543 6100/282/3555 6095/88/3514
f 4201/239/3484 3317/21/3487 6090/148/3486 6099/238/3485
f 4249/242/3493 6102/243/3492 6098/237/3482 3407/883/3546
f 3328/256/3515 3323/882/3536 6091/287/3491 6094/90/3516
f 3330/52/3488 3327/84/3502 6093/84/3513 6096/52/3489
f 4220/87/3543 3344/275/3542 6097/283/3556 6100/282/3555
f 3349/2/3549 6092/254/3512 6094/90/3516 3351/90/3548
f 3350/134/3329 6093/84/3513 6095/88/3514 3352/88/3550
f 4242/281/3554 6101/3/3509 6092/254/3512 3349/2/3549
f 3326/148/3552 6090/148/3486 6096/52/3489 3353/52/3328
f 3407/883/3546 6098/237/3482 6099/238/3485 4202/524/3547
f 3448/17/3609 3171/19/3216 5279/19/3652 6071/17/3610
f 5221/204/3429 3270/200/3420 6103/197/3419 6114/203/3430
f 3276/33/3616 6106/33/3684 6111/55/3423 3398/55/3617
f 3365/19/3591 6109/19/3594 6110/211/3461 3273/212/3462
f 3364/44/3416 6107/44/3415 6109/45/3594 3365/45/3591
f 3279/782/5353 3362/11/3682 6104/11/3414 6108/202/3427
f 3368/302/3597 3463/303/3596 6112/198/3422 6110/211/3461
f 3279/782/5353 6108/202/3427 6114/203/3430 5227/300/3590
f 3398/55/3617 6111/55/3423 6118/201/3426 6120/201/3677
f 3367/299/3587 6103/197/3419 6112/198/3422 3463/303/3596
f 3369/44/3592 6107/44/3415 6115/58/3418 5270/58/3683
f 4216/96/3669 6113/101/3411 6104/11/3414 3362/11/3682
f 5273/58/5388 5255/15/5378 6138/15/5377 6144/58/5389
f 6120/201/3677 3275/54/3667 3467/54/4401 6117/201/3659
f 6116/201/3425 3271/54/4403 6105/54/3668 6118/201/3426
f 6118/201/3426 6105/54/3668 3275/54/3667 6120/201/3677
f 6117/201/3659 3467/54/4401 3447/54/4402 6119/201/3660
f 5254/54/5365 3271/54/4403 6116/201/3425 6129/206/5390
f 6119/201/3660 3447/54/4402 3280/54/3438 6131/206/3437
f 6121/790/5399 3451/15/3619 6133/15/3624 6132/791/5401
f 6122/790/5395 3276/15/3616 3464/15/3615 6124/790/5398
f 6124/790/5398 3464/15/3615 3451/15/3619 6121/790/5399
f 6125/790/5394 6106/15/3684 3276/15/3616 6122/790/5395
f 6123/790/5397 6127/791/5396 6128/15/5375 3272/15/3685
f 6123/790/5397 3272/15/3685 6106/15/3684 6125/790/5394
f 6128/33/5375 5256/33/5400 5259/53/6190 6126/53/5376
f 6126/53/5376 5259/53/6190 5254/54/5365 6129/206/5390
f 6127/791/5396 5271/58/5387 5256/15/5400 6128/15/5375
f 6133/15/3624 3281/15/3614 5272/58/3446 6132/791/5401
f 6133/310/3624 3451/33/3619 3453/67/3620 6130/193/3436
f 6130/193/3436 3453/67/3620 6119/201/3660 6131/206/3437
f 5251/11/5391 6136/10/5392 6143/784/5363 5265/9/5348
f 5259/53/6190 6140/53/5380 6137/786/5367 5254/54/5365
f 5247/34/5349 6134/34/5364 6141/56/5373 5261/17/3678
f 5257/788/5381 6139/788/5383 6144/58/5389 5271/58/5387
f 5263/785/5366 6142/101/5370 6156/98/5386 6157/789/5384
f 5249/45/3679 6135/45/5374 6139/788/5383 5257/788/5381
f 5256/33/5400 6138/33/5377 6140/53/5380 5259/53/6190
f 5262/337/5372 5250/188/5371 6135/19/5374 6141/56/5373
f 5254/54/5365 6137/786/5367 6142/101/5370 5263/785/5366
f 5266/9/5362 5248/34/5361 6134/34/5364 6143/784/5363
f 5269/58/3234 3177/15/3639 6154/15/3638 6155/57/3235
f 3462/17/3230 3174/19/3464 6146/19/3463 6150/56/3231
f 5225/9/3181 3175/34/3229 6145/34/3228 6152/9/3182
f 5253/786/5368 6153/54/3227 6151/96/3281 5264/787/5369
f 5255/33/5378 6154/33/3638 6149/53/3224 5260/53/5379
f 5250/301/5371 6146/45/3463 6148/44/3232 5258/44/5382
f 5264/787/5369 6151/96/3281 6158/97/3284 6159/98/5385
f 5258/44/5382 6148/44/3232 6155/57/3235 5273/58/5388
f 5248/34/5361 6145/34/3228 6150/56/3231 5262/337/5372
f 5260/53/5379 6149/53/3224 6153/54/3227 5253/786/5368
f 5252/11/5393 6147/14/3179 6152/9/3182 5266/9/5362
f 6158/97/3284 6147/14/3179 5252/11/5393 6159/98/5385
f 6157/789/5384 5251/11/5391 3363/11/3413 6160/98/3412
f 6156/98/5386 6136/10/5392 5251/11/5391 6157/789/5384
f 6159/98/5385 5252/11/5393 6136/10/5392 6156/98/5386
f 6160/98/3412 6113/101/3411 4215/100/4404
f 6007/98/3283 3190/11/3180 6147/14/3179 6158/97/3284
f 6164/884/6191 6166/887/6192 3117/886/3142 3115/885/3141
f 6165/888/6193 6164/884/6191 3115/885/3141 57/889/3145
f 3126/890/3146 3127/893/3149 6168/892/6194 6167/891/6195
f 6167/891/6195 6168/892/6194 6170/895/6196 6169/894/6197
f 6169/894/6197 6170/895/6196 6172/896/6198 6171/887/6199
f 6171/887/6199 6172/896/6198 3128/898/3155 3129/897/3154
f 3127/893/3149 11/66/93 6161/63/3244 6168/892/6194
f 6169/894/6197 6164/884/6191 6165/888/6193 6167/891/6195
f 6167/891/6195 6165/888/6193 57/889/3145 3126/890/3146
f 6168/892/6194 6161/63/3244 6162/18/3190 6170/895/6196
f 6170/895/6196 6162/18/3190 6163/19/3189 6172/896/6198
f 6171/887/6199 6166/887/6192 6164/884/6191 6169/894/6197
f 6172/896/6198 6163/19/3189 340/66/564 3128/898/3155
f 3129/897/3154 3117/886/3142 6166/887/6192 6171/887/6199
f 6174/170/3378 4173/520/4396 1140/236/353 3132/169/234
f 4194/172/3382 3236/48/3219 3314/522/3306 6173/171/3379
f 3240/176/3300 3243/106/3299 6176/899/6200 3296/174/3380
f 1142/234/3157 1069/234/350 4130/234/3481 1079/234/3158
f 1079/234/3158 4130/234/3481 4132/234/4389 1070/234/1338
f 3169/900/4386 3410/173/3381 3296/174/3380 6176/899/6200
f 6176/899/6200 3243/106/3299 4101/217/3468 3169/900/4386
f 5276/58/3452 5238/15/3613 6178/15/5356 6187/58/5360
f 4206/101/3604 6185/101/5355 6181/11/5359 3189/11/3605
f 3285/44/3217 6182/44/5358 6187/58/5360 5274/58/3653
f 3167/34/3608 6179/781/5351 6184/337/3681 3448/17/3609
f 3381/321/3635 6183/312/5357 6177/37/5354 3166/54/3633
f 3189/11/3605 6181/11/5359 6186/9/5350 5231/9/5352
f 3171/45/3216 6180/783/3680 6182/44/5358 3285/44/3217
f 3173/33/3183 6178/33/5356 6183/312/5357 3381/321/3635
f 3166/54/3633 6177/37/5354 6185/101/5355 4206/101/3604
f 5246/210/3457 5239/34/3453 6179/781/5351 6186/9/5350
f 3171/19/3216 3448/17/3609 6184/337/3681 6180/19/3680
f 4256/158/3576 3357/294/3571 6192/256/3570 6201/264/3577
f 3338/779/3527 6195/526/3573 6200/326/3640 4250/778/5346
f 3339/261/3523 6188/262/3522 6199/298/3582 4239/255/3545
f 3358/88/3578 4225/288/3563 6198/259/3521 6193/88/3579
f 4200/292/3568 3355/297/3581 6190/296/3580 6197/291/3569
f 4250/778/5346 6200/326/3640 6196/290/3566 3408/776/5345
f 4239/255/3545 6199/298/3582 6189/295/3574 3345/266/3530
f 3333/297/4397 6190/296/3580 6194/52/3519 3337/249/3498
f 3334/84/3499 6191/84/3520 6193/88/3579 3346/267/3533
f 3345/266/3530 6189/295/3574 6201/264/3577 4259/265/3531
f 3335/90/3526 6192/256/3570 6195/91/3573 3338/91/3527
f 3408/776/5345 6196/290/3566 6197/291/3569 4198/523/4398
f 4225/288/3563 3361/289/3562 6188/262/3522 6198/259/3521
f 3359/52/3565 3356/84/3564 6191/84/3520 6194/52/3519
l 1137 669
o Eyes
v 0.021654 1.668903 0.106365
v 0.021654 1.692369 0.106365
v 0.021654 1.668903 0.082899
v 0.021654 1.692369 0.082899
v 0.045120 1.668903 0.106365
v 0.045120 1.692369 0.106365
v 0.045120 1.668903 0.082899
v 0.045120 1.692369 0.082899
v 0.019839 1.667088 0.087858
v 0.019017 1.666266 0.094632
v 0.019839 1.667088 0.101406
v 0.019839 1.673862 0.108180
v 0.019017 1.680636 0.109002
v 0.019839 1.687410 0.108180
v 0.019839 1.694184 0.101406
v 0.019017 1.695006 0.094632
v 0.019839 1.694184 0.087858
v 0.019839 1.687410 0.081084
v 0.019017 1.680636 0.080262
v 0.019839 1.673862 0.081084
v 0.040161 1.667088 0.081084
v 0.033387 1.666266 0.080262
v 0.026613 1.667088 0.081084
v 0.026613 1.694184 0.081084
v 0.033387 1.695006 0.080262
v 0.040161 1.694184 0.081084
v 0.046935 1.687410 0.081084
v 0.047757 1.680636 0.080262
v 0.046935 1.673862 0.081084
v 0.046935 1.667088 0.101406
v 0.047757 1.666266 0.094632
v 0.046935 1.667088 0.087858
v 0.046935 1.694184 0.087858
v 0.047757 1.695006 0.094632
v 0.046935 1.694184 0.101406
v 0.046935 1.687410 0.108180
v 0.047757 1.680636 0.109002
v 0.046935 1.673862 0.108180
v 0.026613 1.667088 0.108180
v 0.033387 1.666266 0.109002
v 0.040161 1.667088 0.108180
v 0.040161 1.694184 0.108180
v 0.033387 1.695006 0.109002
v 0.026613 1.694184 0.108180
v 0.041684 1.697229 0.086336
v 0.042476 1.698813 0.094632
v 0.041684 1.697229 0.102928
v 0.033387 1.698813 0.085544
v 0.033387 1.700958 0.094632
v 0.033387 1.698813 0.103720
v 0.025091 1.697229 0.086336
v 0.024299 1.698813 0.094632
v 0.025091 1.697229 0.102928
v 0.025091 1.664043 0.086336
v 0.024299 1.662460 0.094632
v 0.025091 1.664043 0.102928
v 0.033387 1.662460 0.085544
v 0.033387 1.660314 0.094632
v 0.033387 1.662460 0.103720
v 0.041684 1.664043 0.086336
v 0.042476 1.662460 0.094632
v 0.041684 1.664043 0.102928
v 0.041684 1.672340 0.111225
v 0.033387 1.671548 0.112808
v 0.025091 1.672340 0.111225
v 0.042476 1.680636 0.112808
v 0.033387 1.680636 0.114954
v 0.024299 1.680636 0.112809
v 0.041684 1.688932 0.111225
v 0.033387 1.689724 0.112808
v 0.025091 1.688933 0.111225
v 0.049980 1.672340 0.086336
v 0.051564 1.671548 0.094632
v 0.049980 1.672340 0.102928
v 0.051564 1.680636 0.085544
v 0.053709 1.680636 0.094632
v 0.051564 1.680636 0.103720
v 0.049980 1.688932 0.086336
v 0.051564 1.689724 0.094632
v 0.049980 1.688932 0.102928
v 0.025091 1.672340 0.078039
v 0.033387 1.671548 0.076456
v 0.041684 1.672340 0.078039
v 0.024299 1.680636 0.076456
v 0.033387 1.680636 0.074310
v 0.042476 1.680636 0.076456
v 0.025091 1.688932 0.078039
v 0.033387 1.689724 0.076456
v 0.041684 1.688932 0.078039
v 0.016794 1.672340 0.102928
v 0.015211 1.671548 0.094632
v 0.016794 1.672340 0.086336
v 0.015211 1.680636 0.103720
v 0.013065 1.680636 0.094632
v 0.015211 1.680636 0.085544
v 0.016794 1.688933 0.102928
v 0.015211 1.689724 0.094632
v 0.016794 1.688933 0.086336
v -0.021654 1.668903 0.106365
v -0.021654 1.692369 0.106365
v -0.021654 1.668903 0.082899
v -0.021654 1.692369 0.082899
v -0.045120 1.668903 0.106365
v -0.045120 1.692369 0.106365
v -0.045120 1.668903 0.082899
v -0.045120 1.692369 0.082899
v -0.019839 1.667088 0.087858
v -0.019017 1.666266 0.094632
v -0.019839 1.667088 0.101406
v -0.019839 1.673862 0.108180
v -0.019017 1.680636 0.109002
v -0.019839 1.687410 0.108180
v -0.019839 1.694184 0.101406
v -0.019017 1.695006 0.094632
v -0.019839 1.694184 0.087858
v -0.019839 1.687410 0.081084
v -0.019017 1.680636 0.080262
v -0.019839 1.673862 0.081084
v -0.040161 1.667088 0.081084
v -0.033387 1.666266 0.080262
v -0.026613 1.667088 0.081084
v -0.026613 1.694184 0.081084
v -0.033387 1.695006 0.080262
v -0.040161 1.694184 0.081084
v -0.046935 1.687410 0.081084
v -0.047757 1.680636 0.080262
v -0.046935 1.673862 0.081084
v -0.046935 1.667088 0.101406
v -0.047757 1.666266 0.094632
v -0.046935 1.667088 0.087858
v -0.046935 1.694184 0.087858
v -0.047757 1.695006 0.094632
v -0.046935 1.694184 0.101406
v -0.046935 1.687410 0.108180
v -0.047757 1.680636 0.109002
v -0.046935 1.673862 0.108180
v -0.026613 1.667088 0.108180
v -0.033387 1.666266 0.109002
v -0.040161 1.667088 0.108180
v -0.040161 1.694184 0.108180
v -0.033387 1.695006 0.109002
v -0.026613 1.694184 0.108180
v -0.041684 1.697229 0.086336
v -0.042476 1.698813 0.094632
v -0.041684 1.697229 0.102928
v -0.033387 1.698813 0.085544
v -0.033387 1.700958 0.094632
v -0.033387 1.698813 0.103720
v -0.025091 1.697229 0.086336
v -0.024299 1.698813 0.094632
v -0.025091 1.697229 0.102928
v -0.025091 1.664043 0.086336
v -0.024299 1.662460 0.094632
v -0.025091 1.664043 0.102928
v -0.033387 1.662460 0.085544
v -0.033387 1.660314 0.094632
v -0.033387 1.662460 0.103720
v -0.041684 1.664043 0.086336
v -0.042476 1.662460 0.094632
v -0.041684 1.664043 0.102928
v -0.041684 1.672340 0.111225
v -0.033387 1.671548 0.112808
v -0.025091 1.672340 0.111225
v -0.042476 1.680636 0.112808
v -0.033387 1.680636 0.114954
v -0.024299 1.680636 0.112809
v -0.041684 1.688932 0.111225
v -0.033387 1.689724 0.112808
v -0.025091 1.688933 0.111225
v -0.049980 1.672340 0.086336
v -0.051564 1.671548 0.094632
v -0.049980 1.672340 0.102928
v -0.051564 1.680636 0.085544
v -0.053709 1.680636 0.094632
v -0.051564 1.680636 0.103720
v -0.049980 1.688932 0.086336
v -0.051564 1.689724 0.094632
v -0.049980 1.688932 0.102928
v -0.025091 1.672340 0.078039
v -0.033387 1.671548 0.076456
v -0.041684 1.672340 0.078039
v -0.024299 1.680636 0.076456
v -0.033387 1.680636 0.074310
v -0.042476 1.680636 0.076456
v -0.025091 1.688932 0.078039
v -0.033387 1.689724 0.076456
v -0.041684 1.688932 0.078039
v -0.016794 1.672340 0.102928
v -0.015211 1.671548 0.094632
v -0.016794 1.672340 0.086336
v -0.015211 1.680636 0.103720
v -0.013065 1.680636 0.094632
v -0.015211 1.680636 0.085544
v -0.016794 1.688933 0.102928
v -0.015211 1.689724 0.094632
v -0.016794 1.688933 0.086336
vn -0.8472 0.3756 -0.3756
vn -0.6695 0.6695 -0.3219
vn -0.5773 0.5774 -0.5774
vn -0.6695 0.3219 -0.6695
vn 0.3756 0.3756 -0.8472
vn 0.3219 0.6695 -0.6695
vn 0.5774 0.5773 -0.5774
vn 0.6695 0.3219 -0.6695
vn 0.8472 0.3756 0.3756
vn 0.6695 0.6695 0.3219
vn 0.5774 0.5774 0.5774
vn 0.6695 0.3219 0.6695
vn -0.3756 0.3756 0.8472
vn -0.3219 0.6695 0.6695
vn -0.5774 0.5774 0.5774
vn -0.6695 0.3219 0.6695
vn 0.3756 -0.8472 0.3756
vn 0.6695 -0.6695 0.3219
vn 0.5774 -0.5774 0.5773
vn 0.3219 -0.6695 0.6695
vn -0.3756 0.8472 0.3756
vn -0.6695 0.6695 0.3219
vn 0.3756 0.8472 0.3756
vn 0.3219 0.6695 0.6695
vn -0.0000 0.9163 0.4004
vn -0.0000 0.7071 0.7071
vn 0.3756 0.8472 -0.3756
vn 0.6695 0.6695 -0.3219
vn 0.4004 0.9163 -0.0000
vn 0.7071 0.7071 -0.0000
vn -0.0000 0.7071 -0.7071
vn -0.0000 0.9163 -0.4004
vn -0.0000 1.0000 -0.0000
vn -0.3219 0.6695 -0.6695
vn -0.3756 0.8472 -0.3756
vn -0.4004 0.9163 -0.0000
vn -0.7071 0.7071 -0.0000
vn -0.6695 -0.6695 0.3219
vn -0.3756 -0.8472 0.3756
vn -0.3219 -0.6695 0.6695
vn -0.5774 -0.5774 0.5773
vn -0.0000 -0.9163 0.4004
vn -0.0000 -0.7071 0.7071
vn -0.5773 -0.5774 -0.5774
vn -0.3219 -0.6695 -0.6695
vn -0.3756 -0.8472 -0.3756
vn -0.6695 -0.6695 -0.3219
vn -0.4004 -0.9163 -0.0000
vn -0.7071 -0.7071 -0.0000
vn -0.0000 -0.7071 -0.7071
vn -0.0000 -0.9163 -0.4004
vn -0.0000 -1.0000 -0.0000
vn 0.3219 -0.6695 -0.6695
vn 0.3756 -0.8472 -0.3756
vn 0.4004 -0.9163 -0.0000
vn 0.5774 -0.5774 -0.5774
vn 0.6695 -0.6695 -0.3219
vn 0.7071 -0.7071 -0.0000
vn -0.3756 -0.3756 0.8472
vn -0.6695 -0.3219 0.6695
vn -0.4004 -0.0000 0.9163
vn -0.7071 -0.0000 0.7071
vn 0.6695 -0.3219 0.6695
vn 0.3756 -0.3756 0.8472
vn -0.0000 -0.4004 0.9163
vn 0.7071 -0.0000 0.7071
vn 0.4004 -0.0000 0.9163
vn -0.0000 -0.0000 1.0000
vn 0.3756 0.3756 0.8472
vn -0.0000 0.4004 0.9163
vn 0.8472 -0.3756 0.3756
vn 0.9163 -0.0000 0.4004
vn 0.6695 -0.3219 -0.6695
vn 0.8472 -0.3756 -0.3756
vn 0.9163 -0.4004 -0.0000
vn 0.7071 -0.0000 -0.7071
vn 0.9163 -0.0000 -0.4004
vn 1.0000 -0.0000 -0.0000
vn 0.8472 0.3756 -0.3756
vn 0.9163 0.4004 -0.0000
vn 0.3756 -0.3756 -0.8472
vn 0.4004 -0.0000 -0.9163
vn -0.6695 -0.3219 -0.6695
vn -0.3756 -0.3756 -0.8472
vn -0.0000 -0.4004 -0.9163
vn -0.7071 -0.0000 -0.7071
vn -0.4004 -0.0000 -0.9163
vn -0.0000 -0.0000 -1.0000
vn -0.3756 0.3756 -0.8472
vn -0.0000 0.4004 -0.9163
vn -0.8472 -0.3756 -0.3756
vn -0.9163 -0.0000 -0.4004
vn -0.8472 -0.3756 0.3756
vn -0.9163 -0.4004 -0.0000
vn -0.9163 -0.0000 0.4004
vn -1.0000 -0.0000 -0.0000
vn -0.8472 0.3756 0.3756
vn -0.9163 0.4004 -0.0000
vn 0.5773 0.5774 -0.5774
vn -0.5774 0.5773 -0.5774
vn 0.5773 0.5774 0.5774
vn 0.5774 -0.5774 0.5774
vn 0.5773 -0.5774 -0.5774
vn -0.5774 -0.5773 -0.5774
vt 0.562500 0.187500
vt 0.625000 0.187500
vt 0.625000 0.250000
vt 0.562500 0.250000
vt 0.562500 0.437500
vt 0.625000 0.437500
vt 0.625000 0.500000
vt 0.562500 0.500000
vt 0.562500 0.687500
vt 0.625000 0.687500
vt 0.625000 0.750000
vt 0.562500 0.750000
vt 0.562500 0.937500
vt 0.625000 0.937500
vt 0.625000 1.000000
vt 0.562500 1.000000
vt 0.312500 0.687500
vt 0.375000 0.687500
vt 0.375000 0.750000
vt 0.312500 0.750000
vt 0.812500 0.687500
vt 0.875000 0.687500
vt 0.875000 0.750000
vt 0.812500 0.750000
vt 0.687500 0.687500
vt 0.687500 0.750000
vt 0.750000 0.687500
vt 0.750000 0.750000
vt 0.687500 0.500000
vt 0.687500 0.562500
vt 0.625000 0.562500
vt 0.687500 0.625000
vt 0.625000 0.625000
vt 0.750000 0.500000
vt 0.750000 0.562500
vt 0.750000 0.625000
vt 0.812500 0.500000
vt 0.812500 0.562500
vt 0.812500 0.625000
vt 0.875000 0.500000
vt 0.875000 0.562500
vt 0.875000 0.625000
vt 0.125000 0.687500
vt 0.187500 0.687500
vt 0.187500 0.750000
vt 0.125000 0.750000
vt 0.250000 0.687500
vt 0.250000 0.750000
vt 0.125000 0.500000
vt 0.187500 0.500000
vt 0.187500 0.562500
vt 0.125000 0.562500
vt 0.187500 0.625000
vt 0.125000 0.625000
vt 0.250000 0.500000
vt 0.250000 0.562500
vt 0.250000 0.625000
vt 0.312500 0.500000
vt 0.312500 0.562500
vt 0.312500 0.625000
vt 0.375000 0.500000
vt 0.375000 0.562500
vt 0.375000 0.625000
vt 0.375000 0.937500
vt 0.437500 0.937500
vt 0.437500 1.000000
vt 0.375000 1.000000
vt 0.500000 0.937500
vt 0.500000 1.000000
vt 0.437500 0.750000
vt 0.437500 0.812500
vt 0.375000 0.812500
vt 0.437500 0.875000
vt 0.375000 0.875000
vt 0.500000 0.750000
vt 0.500000 0.812500
vt 0.500000 0.875000
vt 0.562500 0.812500
vt 0.562500 0.875000
vt 0.625000 0.812500
vt 0.625000 0.875000
vt 0.437500 0.687500
vt 0.500000 0.687500
vt 0.437500 0.500000
vt 0.437500 0.562500
vt 0.437500 0.625000
vt 0.500000 0.500000
vt 0.500000 0.562500
vt 0.500000 0.625000
vt 0.562500 0.562500
vt 0.562500 0.625000
vt 0.375000 0.437500
vt 0.437500 0.437500
vt 0.500000 0.437500
vt 0.375000 0.250000
vt 0.437500 0.250000
vt 0.437500 0.312500
vt 0.375000 0.312500
vt 0.437500 0.375000
vt 0.375000 0.375000
vt 0.500000 0.250000
vt 0.500000 0.312500
vt 0.500000 0.375000
vt 0.562500 0.312500
vt 0.562500 0.375000
vt 0.625000 0.312500
vt 0.625000 0.375000
vt 0.375000 0.187500
vt 0.437500 0.187500
vt 0.500000 0.187500
vt 0.375000 0.000000
vt 0.437500 0.000000
vt 0.437500 0.062500
vt 0.375000 0.062500
vt 0.437500 0.125000
vt 0.375000 0.125000
vt 0.500000 0.000000
vt 0.500000 0.062500
vt 0.500000 0.125000
vt 0.562500 0.000000
vt 0.562500 0.062500
vt 0.562500 0.125000
vt 0.625000 0.000000
vt 0.625000 0.062500
vt 0.625000 0.125000
s 1
f 6299/901/6201 6218/902/6202 6205/903/6203 6219/904/6204
f 6290/905/6205 6227/906/6206 6209/907/6207 6228/908/6208
f 6281/909/6209 6236/910/6210 6207/911/6211 6237/912/6212
f 6272/913/6213 6245/914/6214 6203/915/6215 6215/916/6216
f 6263/917/6217 6231/918/6218 6206/919/6219 6242/920/6220
f 6254/921/6221 6216/922/6222 6203/923/6215 6245/924/6214
f 6236/910/6210 6248/925/6223 6243/926/6224 6207/911/6211
f 6248/925/6223 6251/927/6225 6244/928/6226 6243/926/6224
f 6251/927/6225 6254/921/6221 6245/924/6214 6244/928/6226
f 6209/907/6207 6227/929/6206 6246/930/6227 6234/931/6228
f 6234/931/6228 6246/930/6227 6247/932/6229 6235/933/6230
f 6235/933/6230 6247/932/6229 6248/925/6223 6236/910/6210
f 6227/929/6206 6226/934/6231 6249/935/6232 6246/930/6227
f 6246/930/6227 6249/935/6232 6250/936/6233 6247/932/6229
f 6247/932/6229 6250/936/6233 6251/927/6225 6248/925/6223
f 6226/934/6231 6225/937/6234 6252/938/6235 6249/935/6232
f 6249/935/6232 6252/938/6235 6253/939/6236 6250/936/6233
f 6250/936/6233 6253/939/6236 6254/921/6221 6251/927/6225
f 6225/937/6234 6205/940/6203 6218/941/6202 6252/938/6235
f 6252/938/6235 6218/941/6202 6217/942/6237 6253/939/6236
f 6253/939/6236 6217/942/6237 6216/922/6222 6254/921/6221
f 6212/943/6238 6257/944/6239 6240/945/6240 6202/946/6241
f 6257/944/6239 6260/947/6242 6241/948/6243 6240/945/6240
f 6260/947/6242 6263/917/6217 6242/920/6220 6241/948/6243
f 6204/949/6244 6224/950/6245 6255/951/6246 6210/952/6247
f 6210/952/6247 6255/951/6246 6256/953/6248 6211/954/6249
f 6211/954/6249 6256/953/6248 6257/944/6239 6212/943/6238
f 6224/950/6245 6223/955/6250 6258/956/6251 6255/951/6246
f 6255/951/6246 6258/956/6251 6259/957/6252 6256/953/6248
f 6256/953/6248 6259/957/6252 6260/947/6242 6257/944/6239
f 6223/955/6250 6222/958/6253 6261/959/6254 6258/956/6251
f 6258/956/6251 6261/959/6254 6262/960/6255 6259/957/6252
f 6259/957/6252 6262/960/6255 6263/917/6217 6260/947/6242
f 6222/958/6253 6208/961/6256 6233/962/6257 6261/959/6254
f 6261/959/6254 6233/962/6257 6232/963/6258 6262/960/6255
f 6262/960/6255 6232/963/6258 6231/918/6218 6263/917/6217
f 6240/964/6240 6266/965/6259 6213/966/6260 6202/967/6241
f 6266/965/6259 6269/968/6261 6214/969/6262 6213/966/6260
f 6269/968/6261 6272/913/6213 6215/916/6216 6214/969/6262
f 6206/919/6219 6239/970/6263 6264/971/6264 6242/972/6220
f 6242/972/6220 6264/971/6264 6265/973/6265 6241/974/6243
f 6241/974/6243 6265/973/6265 6266/965/6259 6240/964/6240
f 6239/970/6263 6238/975/6266 6267/976/6267 6264/971/6264
f 6264/971/6264 6267/976/6267 6268/977/6268 6265/973/6265
f 6265/973/6265 6268/977/6268 6269/968/6261 6266/965/6259
f 6238/975/6266 6237/912/6212 6270/978/6269 6267/976/6267
f 6267/976/6267 6270/978/6269 6271/979/6270 6268/977/6268
f 6268/977/6268 6271/979/6270 6272/913/6213 6269/968/6261
f 6237/912/6212 6207/911/6211 6243/980/6224 6270/978/6269
f 6270/978/6269 6243/980/6224 6244/981/6226 6271/979/6270
f 6271/979/6270 6244/981/6226 6245/914/6214 6272/913/6213
f 6231/918/6218 6275/982/6271 6239/970/6263 6206/919/6219
f 6275/982/6271 6278/983/6272 6238/975/6266 6239/970/6263
f 6278/983/6272 6281/909/6209 6237/912/6212 6238/975/6266
f 6208/961/6256 6230/984/6273 6273/985/6274 6233/962/6257
f 6233/962/6257 6273/985/6274 6274/986/6275 6232/963/6258
f 6232/963/6258 6274/986/6275 6275/982/6271 6231/918/6218
f 6230/984/6273 6229/987/6276 6276/988/6277 6273/985/6274
f 6273/985/6274 6276/988/6277 6277/989/6278 6274/986/6275
f 6274/986/6275 6277/989/6278 6278/983/6272 6275/982/6271
f 6229/987/6276 6228/908/6208 6279/990/6279 6276/988/6277
f 6276/988/6277 6279/990/6279 6280/991/6280 6277/989/6278
f 6277/989/6278 6280/991/6280 6281/909/6209 6278/983/6272
f 6228/908/6208 6209/907/6207 6234/931/6228 6279/990/6279
f 6279/990/6279 6234/931/6228 6235/933/6230 6280/991/6280
f 6280/991/6280 6235/933/6230 6236/910/6210 6281/909/6209
f 6222/992/6253 6284/993/6281 6230/984/6273 6208/961/6256
f 6284/993/6281 6287/994/6282 6229/987/6276 6230/984/6273
f 6287/994/6282 6290/905/6205 6228/908/6208 6229/987/6276
f 6204/995/6244 6221/996/6283 6282/997/6284 6224/998/6245
f 6224/998/6245 6282/997/6284 6283/999/6285 6223/1000/6250
f 6223/1000/6250 6283/999/6285 6284/993/6281 6222/992/6253
f 6221/996/6283 6220/1001/6286 6285/1002/6287 6282/997/6284
f 6282/997/6284 6285/1002/6287 6286/1003/6288 6283/999/6285
f 6283/999/6285 6286/1003/6288 6287/994/6282 6284/993/6281
f 6220/1001/6286 6219/904/6204 6288/1004/6289 6285/1002/6287
f 6285/1002/6287 6288/1004/6289 6289/1005/6290 6286/1003/6288
f 6286/1003/6288 6289/1005/6290 6290/905/6205 6287/994/6282
f 6219/904/6204 6205/903/6203 6225/1006/6234 6288/1004/6289
f 6288/1004/6289 6225/1006/6234 6226/1007/6231 6289/1005/6290
f 6289/1005/6290 6226/1007/6231 6227/906/6206 6290/905/6205
f 6210/1008/6247 6293/1009/6291 6221/996/6283 6204/995/6244
f 6293/1009/6291 6296/1010/6292 6220/1001/6286 6221/996/6283
f 6296/1010/6292 6299/901/6201 6219/904/6204 6220/1001/6286
f 6202/1011/6241 6213/1012/6260 6291/1013/6293 6212/1014/6238
f 6212/1014/6238 6291/1013/6293 6292/1015/6294 6211/1016/6249
f 6211/1016/6249 6292/1015/6294 6293/1009/6291 6210/1008/6247
f 6213/1012/6260 6214/1017/6262 6294/1018/6295 6291/1013/6293
f 6291/1013/6293 6294/1018/6295 6295/1019/6296 6292/1015/6294
f 6292/1015/6294 6295/1019/6296 6296/1010/6292 6293/1009/6291
f 6214/1017/6262 6215/1020/6216 6297/1021/6297 6294/1018/6295
f 6294/1018/6295 6297/1021/6297 6298/1022/6298 6295/1019/6296
f 6295/1019/6296 6298/1022/6298 6299/901/6201 6296/1010/6292
f 6215/1020/6216 6203/1023/6215 6216/1024/6222 6297/1021/6297
f 6297/1021/6297 6216/1024/6222 6217/1025/6237 6298/1022/6298
f 6298/1022/6298 6217/1025/6237 6218/902/6202 6299/901/6201
f 6397/901/6279 6317/904/6208 6303/903/6299 6316/902/6228
f 6388/905/6289 6326/908/6204 6307/907/6300 6325/906/6234
f 6379/909/6297 6335/912/6216 6305/911/6215 6334/910/6222
f 6370/913/6269 6313/916/6212 6301/915/6301 6343/914/6224
f 6361/917/6239 6340/920/6240 6304/919/6241 6329/918/6238
f 6352/921/6223 6343/924/6224 6301/923/6301 6314/922/6210
f 6334/910/6222 6305/911/6215 6341/926/6214 6346/925/6221
f 6346/925/6221 6341/926/6214 6342/928/6226 6349/927/6225
f 6349/927/6225 6342/928/6226 6343/924/6224 6352/921/6223
f 6307/907/6300 6332/931/6202 6344/930/6235 6325/929/6234
f 6332/931/6202 6333/933/6237 6345/932/6236 6344/930/6235
f 6333/933/6237 6334/910/6222 6346/925/6221 6345/932/6236
f 6325/929/6234 6344/930/6235 6347/935/6232 6324/934/6231
f 6344/930/6235 6345/932/6236 6348/936/6233 6347/935/6232
f 6345/932/6236 6346/925/6221 6349/927/6225 6348/936/6233
f 6324/934/6231 6347/935/6232 6350/938/6227 6323/937/6206
f 6347/935/6232 6348/936/6233 6351/939/6229 6350/938/6227
f 6348/936/6233 6349/927/6225 6352/921/6223 6351/939/6229
f 6323/937/6206 6350/938/6227 6316/941/6228 6303/940/6299
f 6350/938/6227 6351/939/6229 6315/942/6230 6316/941/6228
f 6351/939/6229 6352/921/6223 6314/922/6210 6315/942/6230
f 6310/943/6218 6300/946/6302 6338/945/6220 6355/944/6217
f 6355/944/6217 6338/945/6220 6339/948/6243 6358/947/6242
f 6358/947/6242 6339/948/6243 6340/920/6240 6361/917/6239
f 6302/949/6303 6308/952/6257 6353/951/6254 6322/950/6253
f 6308/952/6257 6309/954/6258 6354/953/6255 6353/951/6254
f 6309/954/6258 6310/943/6218 6355/944/6217 6354/953/6255
f 6322/950/6253 6353/951/6254 6356/956/6251 6321/955/6250
f 6353/951/6254 6354/953/6255 6357/957/6252 6356/956/6251
f 6354/953/6255 6355/944/6217 6358/947/6242 6357/957/6252
f 6321/955/6250 6356/956/6251 6359/959/6246 6320/958/6245
f 6356/956/6251 6357/957/6252 6360/960/6248 6359/959/6246
f 6357/957/6252 6358/947/6242 6361/917/6239 6360/960/6248
f 6320/958/6245 6359/959/6246 6331/962/6247 6306/961/6304
f 6359/959/6246 6360/960/6248 6330/963/6249 6331/962/6247
f 6360/960/6248 6361/917/6239 6329/918/6238 6330/963/6249
f 6338/964/6220 6300/967/6302 6311/966/6263 6364/965/6264
f 6364/965/6264 6311/966/6263 6312/969/6266 6367/968/6267
f 6367/968/6267 6312/969/6266 6313/916/6212 6370/913/6269
f 6304/919/6241 6340/972/6240 6362/971/6259 6337/970/6260
f 6340/972/6240 6339/974/6243 6363/973/6265 6362/971/6259
f 6339/974/6243 6338/964/6220 6364/965/6264 6363/973/6265
f 6337/970/6260 6362/971/6259 6365/976/6261 6336/975/6262
f 6362/971/6259 6363/973/6265 6366/977/6268 6365/976/6261
f 6363/973/6265 6364/965/6264 6367/968/6267 6366/977/6268
f 6336/975/6262 6365/976/6261 6368/978/6213 6335/912/6216
f 6365/976/6261 6366/977/6268 6369/979/6270 6368/978/6213
f 6366/977/6268 6367/968/6267 6370/913/6269 6369/979/6270
f 6335/912/6216 6368/978/6213 6341/980/6214 6305/911/6215
f 6368/978/6213 6369/979/6270 6342/981/6226 6341/980/6214
f 6369/979/6270 6370/913/6269 6343/914/6224 6342/981/6226
f 6329/918/6238 6304/919/6241 6337/970/6260 6373/982/6293
f 6373/982/6293 6337/970/6260 6336/975/6262 6376/983/6295
f 6376/983/6295 6336/975/6262 6335/912/6216 6379/909/6297
f 6306/961/6304 6331/962/6247 6371/985/6291 6328/984/6283
f 6331/962/6247 6330/963/6249 6372/986/6294 6371/985/6291
f 6330/963/6249 6329/918/6238 6373/982/6293 6372/986/6294
f 6328/984/6283 6371/985/6291 6374/988/6292 6327/987/6286
f 6371/985/6291 6372/986/6294 6375/989/6296 6374/988/6292
f 6372/986/6294 6373/982/6293 6376/983/6295 6375/989/6296
f 6327/987/6286 6374/988/6292 6377/990/6201 6326/908/6204
f 6374/988/6292 6375/989/6296 6378/991/6298 6377/990/6201
f 6375/989/6296 6376/983/6295 6379/909/6297 6378/991/6298
f 6326/908/6204 6377/990/6201 6332/931/6202 6307/907/6300
f 6377/990/6201 6378/991/6298 6333/933/6237 6332/931/6202
f 6378/991/6298 6379/909/6297 6334/910/6222 6333/933/6237
f 6320/992/6245 6306/961/6304 6328/984/6283 6382/993/6284
f 6382/993/6284 6328/984/6283 6327/987/6286 6385/994/6287
f 6385/994/6287 6327/987/6286 6326/908/6204 6388/905/6289
f 6302/995/6303 6322/998/6253 6380/997/6281 6319/996/6273
f 6322/998/6253 6321/1000/6250 6381/999/6285 6380/997/6281
f 6321/1000/6250 6320/992/6245 6382/993/6284 6381/999/6285
f 6319/996/6273 6380/997/6281 6383/1002/6282 6318/1001/6276
f 6380/997/6281 6381/999/6285 6384/1003/6288 6383/1002/6282
f 6381/999/6285 6382/993/6284 6385/994/6287 6384/1003/6288
f 6318/1001/6276 6383/1002/6282 6386/1004/6205 6317/904/6208
f 6383/1002/6282 6384/1003/6288 6387/1005/6290 6386/1004/6205
f 6384/1003/6288 6385/994/6287 6388/905/6289 6387/1005/6290
f 6317/904/6208 6386/1004/6205 6323/1006/6206 6303/903/6299
f 6386/1004/6205 6387/1005/6290 6324/1007/6231 6323/1006/6206
f 6387/1005/6290 6388/905/6289 6325/906/6234 6324/1007/6231
f 6308/1008/6257 6302/995/6303 6319/996/6273 6391/1009/6274
f 6391/1009/6274 6319/996/6273 6318/1001/6276 6394/1010/6277
f 6394/1010/6277 6318/1001/6276 6317/904/6208 6397/901/6279
f 6300/1011/6302 6310/1014/6218 6389/1013/6271 6311/1012/6263
f 6310/1014/6218 6309/1016/6258 6390/1015/6275 6389/1013/6271
f 6309/1016/6258 6308/1008/6257 6391/1009/6274 6390/1015/6275
f 6311/1012/6263 6389/1013/6271 6392/1018/6272 6312/1017/6266
f 6389/1013/6271 6390/1015/6275 6393/1019/6278 6392/1018/6272
f 6390/1015/6275 6391/1009/6274 6394/1010/6277 6393/1019/6278
f 6312/1017/6266 6392/1018/6272 6395/1021/6209 6313/1020/6212
f 6392/1018/6272 6393/1019/6278 6396/1022/6280 6395/1021/6209
f 6393/1019/6278 6394/1010/6277 6397/901/6279 6396/1022/6280
f 6313/1020/6212 6395/1021/6209 6314/1024/6210 6301/1023/6301
f 6395/1021/6209 6396/1022/6280 6315/1025/6230 6314/1024/6210
f 6396/1022/6280 6397/901/6279 6316/902/6228 6315/1025/6230
