# Blender v3.4.1 OBJ File: 'CapsuleCarl.blend'
# www.blender.org
mtllib enemy.mtl
o enemy_Sphere.056
v 0.129410 0.500000 -0.482963
v 0.125000 0.370590 -0.466506
v 0.112072 0.250000 -0.418258
v 0.091506 0.146447 -0.341506
v 0.064705 0.066987 -0.241481
v 0.033494 0.017037 -0.125000
v 0.250000 0.500000 -0.433013
v 0.241481 0.370590 -0.418258
v 0.216506 0.250000 -0.375000
v 0.176777 0.146447 -0.306186
v 0.125000 0.066987 -0.216506
v 0.064705 0.017037 -0.112072
v 0.353553 0.500000 -0.353553
v 0.341506 0.370590 -0.341506
v 0.306186 0.250000 -0.306186
v 0.250000 0.146447 -0.250000
v 0.176777 0.066987 -0.176777
v 0.091506 0.017037 -0.091506
v 0.433013 0.500000 -0.250000
v 0.418258 0.370590 -0.241481
v 0.375000 0.250000 -0.216506
v 0.306186 0.146447 -0.176777
v 0.216506 0.066987 -0.125000
v 0.112072 0.017037 -0.064705
v 0.482963 0.500000 -0.129409
v 0.466506 0.370590 -0.125000
v 0.418258 0.250000 -0.112072
v 0.341506 0.146447 -0.091506
v 0.241482 0.066987 -0.064705
v 0.125000 0.017037 -0.033494
v 0.500000 0.500000 0.000000
v 0.482963 0.370590 0.000000
v 0.433013 0.250000 0.000000
v 0.353553 0.146447 0.000000
v 0.250000 0.066987 0.000000
v 0.129410 0.017037 0.000000
v 0.482963 0.500000 0.129410
v 0.466506 0.370590 0.125000
v 0.418258 0.250000 0.112072
v 0.341506 0.146447 0.091506
v 0.241481 0.066987 0.064705
v 0.125000 0.017037 0.033494
v 0.433013 0.500000 0.250000
v 0.418258 0.370590 0.241481
v 0.375000 0.250000 0.216506
v 0.306186 0.146447 0.176777
v 0.216506 0.066987 0.125000
v 0.112072 0.017037 0.064705
v 0.353553 0.500000 0.353553
v 0.341506 0.370590 0.341506
v 0.306186 0.250000 0.306186
v 0.250000 0.146447 0.250000
v 0.176777 0.066987 0.176777
v 0.091506 0.017037 0.091506
v 0.250000 0.500000 0.433013
v 0.241481 0.370590 0.418258
v 0.216506 0.250000 0.375000
v 0.176777 0.146447 0.306186
v 0.125000 0.066987 0.216506
v 0.064705 0.017037 0.112072
v 0.129409 0.499952 0.482963
v 0.125000 0.370590 0.466506
v 0.112072 0.250000 0.418258
v 0.091506 0.146447 0.341506
v 0.064705 0.066987 0.241482
v 0.033494 0.017037 0.125000
v -0.000000 0.497375 0.500000
v 0.000000 0.370590 0.482963
v 0.000000 0.250000 0.433013
v 0.000000 0.146447 0.353553
v 0.000000 0.066987 0.250000
v 0.000000 0.017037 0.129410
v -0.129409 0.499952 0.482963
v -0.125000 0.370590 0.466506
v -0.112072 0.250000 0.418258
v -0.091506 0.146447 0.341506
v -0.064705 0.066987 0.241482
v -0.033494 0.017037 0.125000
v -0.250000 0.500000 0.433013
v -0.241481 0.370590 0.418258
v -0.216506 0.250000 0.375000
v -0.176777 0.146447 0.306186
v -0.125000 0.066987 0.216506
v -0.064705 0.017037 0.112072
v -0.353553 0.500000 0.353553
v -0.341506 0.370590 0.341506
v -0.306186 0.250000 0.306186
v -0.250000 0.146447 0.250000
v -0.176777 0.066987 0.176777
v -0.091506 0.017037 0.091506
v -0.433012 0.500000 0.250000
v -0.418258 0.370590 0.241481
v -0.375000 0.250000 0.216506
v -0.306186 0.146447 0.176777
v -0.216506 0.066987 0.125000
v -0.112072 0.017037 0.064705
v 0.000000 0.000000 0.000000
v -0.482963 0.500000 0.129409
v -0.466506 0.370590 0.125000
v -0.418258 0.250000 0.112072
v -0.341506 0.146447 0.091506
v -0.241481 0.066987 0.064705
v -0.125000 0.017037 0.033494
v -0.500000 0.500000 0.000000
v -0.482963 0.370590 0.000000
v -0.433013 0.250000 0.000000
v -0.353553 0.146447 0.000000
v -0.250000 0.066987 0.000000
v -0.129410 0.017037 0.000000
v -0.482963 0.500000 -0.129409
v -0.466506 0.370590 -0.125000
v -0.418258 0.250000 -0.112072
v -0.341506 0.146447 -0.091506
v -0.241481 0.066987 -0.064705
v -0.125000 0.017037 -0.033494
v -0.433012 0.500000 -0.250000
v -0.418258 0.370590 -0.241481
v -0.375000 0.250000 -0.216506
v -0.306186 0.146447 -0.176777
v -0.216506 0.066987 -0.125000
v -0.112072 0.017037 -0.064705
v -0.353553 0.500000 -0.353553
v -0.341506 0.370590 -0.341506
v -0.306186 0.250000 -0.306186
v -0.250000 0.146447 -0.250000
v -0.176777 0.066987 -0.176777
v -0.091506 0.017037 -0.091506
v -0.250000 0.500000 -0.433012
v -0.241481 0.370590 -0.418258
v -0.216506 0.250000 -0.375000
v -0.176777 0.146447 -0.306186
v -0.125000 0.066987 -0.216506
v -0.064705 0.017037 -0.112072
v -0.129409 0.500000 -0.482963
v -0.125000 0.370590 -0.466506
v -0.112072 0.250000 -0.418258
v -0.091506 0.146447 -0.341506
v -0.064705 0.066987 -0.241481
v -0.033494 0.017037 -0.125000
v 0.000000 0.500000 -0.500000
v -0.000000 0.370590 -0.482963
v -0.000000 0.250000 -0.433013
v 0.000000 0.146447 -0.353553
v 0.000000 0.066987 -0.250000
v -0.000000 0.017037 -0.129410
v 0.000000 1.933013 -0.250000
v 0.000000 1.853553 -0.353553
v 0.033494 1.982963 -0.125000
v 0.064705 1.933013 -0.241481
v 0.091506 1.853553 -0.341506
v 0.112072 1.750000 -0.418258
v 0.125000 1.629410 -0.466506
v 0.129410 1.500000 -0.482963
v 0.064705 1.982963 -0.112072
v 0.125000 1.933013 -0.216506
v 0.176777 1.853553 -0.306186
v 0.216506 1.750000 -0.375000
v 0.241481 1.629410 -0.418258
v 0.250000 1.500000 -0.433013
v 0.091506 1.982963 -0.091506
v 0.176777 1.933013 -0.176777
v 0.250000 1.853553 -0.250000
v 0.306186 1.750000 -0.306186
v 0.341506 1.629410 -0.341506
v 0.353553 1.500000 -0.353553
v 0.112072 1.982963 -0.064705
v 0.216506 1.933013 -0.125000
v 0.306186 1.853553 -0.176777
v 0.375000 1.750000 -0.216506
v 0.418258 1.629410 -0.241481
v 0.433013 1.500000 -0.250000
v 0.125000 1.982963 -0.033494
v 0.241481 1.933013 -0.064705
v 0.341506 1.853553 -0.091506
v 0.418258 1.750000 -0.112072
v 0.466506 1.629410 -0.125000
v 0.482963 1.500000 -0.129409
v 0.129410 1.982963 0.000000
v 0.250000 1.933013 0.000000
v 0.353553 1.853553 0.000000
v 0.433013 1.750000 -0.000000
v 0.482963 1.629410 0.000000
v 0.500000 1.500000 0.000000
v 0.125000 1.982963 0.033494
v 0.241481 1.933013 0.064705
v 0.341506 1.853553 0.091506
v 0.418258 1.750000 0.112072
v 0.466506 1.629410 0.125000
v 0.482963 1.500000 0.129410
v 0.112072 1.982963 0.064705
v 0.216506 1.933013 0.125000
v 0.306186 1.853553 0.176777
v 0.375000 1.750000 0.216506
v 0.418258 1.629410 0.241481
v 0.433013 1.500000 0.250000
v 0.091506 1.982963 0.091506
v 0.176777 1.933013 0.176777
v 0.250000 1.853553 0.250000
v 0.306186 1.750000 0.306186
v 0.341506 1.629410 0.341506
v 0.353553 1.500000 0.353553
v 0.064705 1.982963 0.112072
v 0.125000 1.933013 0.216506
v 0.176777 1.853553 0.306186
v 0.216506 1.750000 0.375000
v 0.241481 1.629410 0.418258
v 0.250000 1.500000 0.433013
v 0.033494 1.982963 0.125000
v 0.064705 1.933013 0.241482
v 0.091506 1.853553 0.341506
v 0.112072 1.750000 0.418258
v 0.125000 1.629410 0.466506
v 0.129409 1.500000 0.482963
v 0.000000 1.982963 0.129410
v -0.000000 1.933013 0.250000
v 0.000000 1.853553 0.353553
v 0.000000 1.750000 0.433013
v 0.000000 1.629410 0.482963
v -0.000000 1.500000 0.500000
v -0.033494 1.982963 0.125000
v -0.064705 1.933013 0.241482
v -0.091506 1.853553 0.341506
v -0.112072 1.750000 0.418258
v -0.125000 1.629410 0.466506
v -0.129409 1.500000 0.482963
v -0.064705 1.982963 0.112072
v -0.125000 1.933013 0.216506
v -0.176777 1.853553 0.306186
v -0.216506 1.750000 0.375000
v -0.241481 1.629410 0.418258
v -0.250000 1.500000 0.433013
v -0.000000 2.000000 0.000000
v -0.091506 1.982963 0.091506
v -0.176777 1.933013 0.176777
v -0.250000 1.853553 0.250000
v -0.306186 1.750000 0.306186
v -0.341506 1.629410 0.341506
v -0.353553 1.500000 0.353553
v -0.112072 1.982963 0.064705
v -0.216506 1.933013 0.125000
v -0.306186 1.853553 0.176777
v -0.375000 1.750000 0.216506
v -0.418258 1.629410 0.241481
v -0.433012 1.500000 0.250000
v -0.125000 1.982963 0.033494
v -0.241481 1.933013 0.064705
v -0.341506 1.853553 0.091506
v -0.418258 1.750000 0.112072
v -0.466506 1.629410 0.125000
v -0.482963 1.500000 0.129409
v -0.129410 1.982963 0.000000
v -0.250000 1.933013 0.000000
v -0.353553 1.853553 0.000000
v -0.433013 1.750000 0.000000
v -0.482963 1.629410 0.000000
v -0.500000 1.500000 0.000000
v -0.125000 1.982963 -0.033494
v -0.241481 1.933013 -0.064705
v -0.341506 1.853553 -0.091506
v -0.418258 1.750000 -0.112072
v -0.466506 1.629410 -0.125000
v -0.482963 1.500000 -0.129409
v -0.112072 1.982963 -0.064705
v -0.216506 1.933013 -0.125000
v -0.306186 1.853553 -0.176777
v -0.375000 1.750000 -0.216506
v -0.418258 1.629410 -0.241481
v -0.433012 1.500000 -0.250000
v -0.091506 1.982963 -0.091506
v -0.176777 1.933013 -0.176777
v -0.250000 1.853553 -0.250000
v -0.306186 1.750000 -0.306186
v -0.341506 1.629410 -0.341506
v -0.353553 1.500000 -0.353553
v -0.064705 1.982963 -0.112072
v -0.125000 1.933013 -0.216506
v -0.176777 1.853553 -0.306186
v -0.216506 1.750000 -0.375000
v -0.241481 1.629410 -0.418258
v -0.250000 1.500000 -0.433012
v -0.033494 1.982963 -0.125000
v -0.064705 1.933013 -0.241481
v -0.091506 1.853553 -0.341506
v -0.112072 1.750000 -0.418258
v -0.125000 1.629410 -0.466506
v -0.129409 1.500000 -0.482963
v -0.000000 1.982963 -0.129410
v -0.000000 1.750000 -0.433013
v -0.000000 1.629410 -0.482963
v 0.000000 1.500000 -0.500000
v 0.129410 1.359113 -0.482963
v 0.129410 1.215995 -0.482963
v 0.129410 1.073399 -0.482963
v 0.129410 0.930803 -0.482963
v 0.129410 0.787685 -0.482963
v -0.129409 1.359113 -0.482963
v -0.129409 1.215995 -0.482963
v -0.129409 1.073399 -0.482963
v -0.129409 0.930803 -0.482963
v -0.129409 0.787685 -0.482963
v -0.353553 1.359113 -0.353553
v -0.353553 1.215995 -0.353553
v -0.353553 1.073399 -0.353553
v -0.353553 0.930803 -0.353553
v -0.353553 0.787685 -0.353553
v -0.482963 1.359113 -0.129409
v -0.482963 1.215995 -0.129409
v -0.482963 1.073399 -0.129409
v -0.482963 0.930803 -0.129409
v -0.482963 0.787685 -0.129409
v -0.433012 1.359113 0.250000
v -0.433012 1.215995 0.250000
v -0.433012 1.073399 0.250000
v -0.433012 0.930803 0.250000
v -0.433012 0.787685 0.250000
v -0.353553 1.359113 0.353553
v -0.353553 1.215995 0.353553
v -0.353553 1.073399 0.353553
v -0.353553 0.930803 0.353553
v -0.353553 0.787685 0.353553
v -0.129409 1.328660 0.482963
v -0.129409 0.757232 0.482963
v 0.129409 1.328660 0.482963
v 0.129409 0.928438 0.482963
v 0.129409 0.757232 0.482963
v 0.353553 1.359113 0.353553
v 0.353553 1.215995 0.353553
v 0.353553 1.073399 0.353553
v 0.353553 0.930803 0.353553
v 0.353553 0.787685 0.353553
v -0.500000 1.359113 0.000000
v -0.500000 1.215995 0.000000
v -0.500000 1.073399 0.000000
v -0.500000 0.930803 0.000000
v -0.500000 0.787685 0.000000
v -0.433012 1.359113 -0.250000
v -0.433012 1.215995 -0.250000
v -0.433012 1.073399 -0.250000
v -0.433012 0.930803 -0.250000
v -0.433012 0.787685 -0.250000
v 0.000000 1.359113 -0.500000
v 0.000000 1.215995 -0.500000
v 0.000000 1.073399 -0.500000
v 0.000000 0.930803 -0.500000
v 0.000000 0.787685 -0.500000
v -0.482963 1.359113 0.129409
v -0.482963 1.215995 0.129409
v -0.482963 1.073399 0.129409
v -0.482963 0.930803 0.129409
v -0.482963 0.787685 0.129409
v -0.250000 1.359113 -0.433012
v -0.250000 1.215995 -0.433012
v -0.250000 1.073399 -0.433012
v -0.250000 0.930803 -0.433012
v -0.250000 0.787685 -0.433012
v 0.500000 1.359113 0.000000
v 0.500000 1.215995 0.000000
v 0.500000 1.073399 0.000000
v 0.500000 0.930803 0.000000
v 0.500000 0.787685 0.000000
v 0.482963 1.359113 -0.129409
v 0.482963 1.215995 -0.129409
v 0.482963 1.073399 -0.129409
v 0.482963 0.930803 -0.129409
v 0.482963 0.787685 -0.129409
v 0.433013 1.359113 -0.250000
v 0.433013 1.215995 -0.250000
v 0.433013 1.073399 -0.250000
v 0.433013 0.930803 -0.250000
v 0.433013 0.787685 -0.250000
v 0.353553 1.359113 -0.353553
v 0.353553 1.215995 -0.353553
v 0.353553 1.073399 -0.353553
v 0.353553 0.930803 -0.353553
v 0.353553 0.787685 -0.353553
v 0.250000 0.787685 -0.433013
v 0.250000 0.930803 -0.433013
v 0.250000 1.073399 -0.433013
v 0.250000 1.215995 -0.433013
v 0.250000 1.359113 -0.433013
v 0.482963 1.359113 0.129410
v 0.482963 1.215995 0.129410
v 0.482963 1.073399 0.129410
v 0.482963 0.930803 0.129410
v 0.482963 0.787685 0.129410
v 0.250000 1.357797 0.433013
v 0.250000 1.063585 0.433013
v 0.250000 0.786368 0.433013
v -0.000000 1.307620 0.500000
v -0.000000 0.736191 0.500000
v 0.433013 1.359113 0.250000
v 0.433013 1.215995 0.250000
v 0.433013 1.073399 0.250000
v 0.433013 0.930803 0.250000
v 0.433013 0.787685 0.250000
v -0.250000 1.357797 0.433013
v -0.250000 1.063585 0.433013
v -0.250000 0.786368 0.433013
v 0.250000 1.206872 0.433013
v -0.250000 0.921679 0.433013
v 0.250000 0.921679 0.433013
v -0.250000 1.206872 0.433013
v 0.166785 1.175755 0.467481
v 0.208393 1.181467 0.450247
v 0.238851 1.157179 0.437631
v 0.250000 1.115047 0.433013
v 0.250000 1.014755 0.433013
v 0.238851 0.967200 0.437631
v 0.208393 0.936064 0.450247
v 0.166785 0.926417 0.467481
v -0.250000 1.115047 0.433013
v -0.238851 1.157179 0.437630
v -0.208393 1.181466 0.450247
v -0.166785 1.175755 0.467481
v -0.166785 0.926417 0.467481
v -0.208393 0.936064 0.450247
v -0.238851 0.967200 0.437630
v -0.250000 1.014755 0.433013
v 0.129409 1.159311 0.482963
v -0.129409 1.159311 0.482963
v -0.129409 0.928438 0.482963
v -0.061898 1.142539 0.491851
v -0.000000 1.137383 0.495226
v 0.061898 1.142539 0.491851
v 0.062115 0.939991 0.491822
v -0.000000 0.944761 0.495210
v -0.062115 0.939991 0.491822
v -0.130015 1.146420 0.468742
v -0.128841 1.138276 0.457272
v -0.122081 0.942139 0.468500
v -0.117272 0.949602 0.456603
v 0.130015 1.146420 0.468742
v 0.128842 1.138276 0.457272
v 0.165183 1.162000 0.454708
v 0.161168 1.152477 0.444487
v 0.233594 1.112941 0.423844
v 0.222968 1.108210 0.415102
v 0.200694 1.167870 0.440770
v 0.193701 1.157893 0.431638
v 0.224246 1.148784 0.429856
v 0.214032 1.141894 0.421639
v 0.233716 1.016513 0.422970
v 0.223235 1.019107 0.413885
v 0.156025 0.939640 0.454498
v 0.147722 0.946909 0.444111
v 0.223441 0.974273 0.427416
v 0.213245 0.978800 0.418189
v 0.195300 0.947453 0.438717
v 0.186143 0.953769 0.428892
v -0.233594 1.112941 0.423844
v -0.222968 1.108209 0.415102
v -0.165183 1.162000 0.454708
v -0.161168 1.152477 0.444487
v -0.224246 1.148784 0.429856
v -0.214032 1.141894 0.421639
v -0.200694 1.167869 0.440770
v -0.193701 1.157892 0.431638
v -0.156025 0.939640 0.454498
v -0.147722 0.946911 0.444111
v -0.233716 1.016513 0.422969
v -0.223235 1.019107 0.413885
v -0.195300 0.947452 0.438717
v -0.186143 0.953768 0.428892
v -0.223440 0.974273 0.427416
v -0.213245 0.978800 0.418189
v -0.062809 1.131137 0.477700
v -0.063250 1.124670 0.465995
v 0.062809 1.131137 0.477700
v 0.063250 1.124670 0.465995
v -0.000000 1.127131 0.481031
v -0.000000 1.121366 0.469283
v 0.058771 0.952808 0.477013
v 0.057327 0.960208 0.464809
v -0.058771 0.952808 0.477013
v -0.057327 0.960208 0.464809
v -0.000000 0.956942 0.480397
v -0.000000 0.964160 0.468188
v 0.233808 1.063502 0.422773
v 0.223403 1.062369 0.413626
v 0.122081 0.942139 0.468500
v 0.117272 0.949602 0.456603
v -0.233808 1.063502 0.422772
v -0.223403 1.062369 0.413626
v -0.082617 1.035494 0.307419
v -0.106028 0.926972 0.318984
v 0.081303 1.144940 0.319792
v 0.082617 1.035494 0.307419
v 0.106028 0.926972 0.318983
v 0.206862 1.042278 0.272262
v -0.206862 1.042278 0.272261
v 0.133519 1.150882 0.297774
v 0.188462 1.119554 0.278102
v -0.188462 1.119553 0.278102
v -0.081303 1.144940 0.319792
v -0.052848 1.136968 0.321887
v 0.193472 0.975117 0.278228
v 0.155602 0.937909 0.294806
v -0.155602 0.937910 0.294806
v -0.193472 0.975118 0.278228
v -0.133519 1.150882 0.297774
v 0.064908 0.936392 0.323494
v 0.000000 0.942626 0.327505
v -0.064908 0.936392 0.323494
v 0.000000 1.132326 0.325027
v 0.052848 1.136968 0.321887
v -0.057411 1.036606 0.310307
v 0.000000 1.039170 0.313471
v 0.057411 1.036606 0.310307
v 0.141147 1.198843 0.403504
v 0.192133 1.202487 0.379384
v 0.236425 1.173215 0.361943
v 0.261393 1.120032 0.357215
v 0.266078 1.011306 0.359918
v 0.251654 0.950793 0.365331
v 0.215703 0.906402 0.381420
v 0.167900 0.890585 0.403044
v -0.261393 1.120032 0.357215
v -0.236425 1.173215 0.361943
v -0.192134 1.202487 0.379385
v -0.141147 1.198843 0.403504
v -0.167900 0.890585 0.403044
v -0.215703 0.906402 0.381420
v -0.251654 0.950793 0.365330
v -0.266078 1.011306 0.359918
v 0.108124 1.185472 0.419292
v 0.267189 1.063082 0.360191
v 0.130054 0.893417 0.419106
v -0.267189 1.063082 0.360191
v -0.108123 1.185472 0.419291
v -0.130054 0.893417 0.419106
v -0.053020 1.171610 0.425808
v -0.000000 1.166236 0.429045
v 0.053021 1.171610 0.425808
v 0.064189 0.906807 0.427145
v -0.000000 0.912661 0.430065
v -0.064189 0.906807 0.427145
v -0.440590 0.550277 -0.260885
v -0.506808 0.590385 -0.117664
v -0.336956 0.512663 -0.380680
v -0.525659 0.603434 -0.069036
v -0.300294 0.500311 -0.418012
v -0.443180 0.479404 -0.241615
v -0.428316 0.621186 -0.273912
v -0.466951 0.641511 -0.202461
v -0.379028 0.601279 -0.338608
v -0.390390 0.530919 -0.325154
v -0.393899 0.459497 -0.306314
v -0.478312 0.571151 -0.189007
v -0.481821 0.499729 -0.170167
v -0.496692 0.660696 -0.131909
v -0.511574 0.518913 -0.099622
v -0.513932 0.661415 -0.091452
v -0.521212 0.640567 -0.077137
v -0.502944 0.664880 -0.116415
v -0.526785 0.539017 -0.063583
v -0.517829 0.523097 -0.084131
v -0.529151 0.564970 -0.059925
v -0.341722 0.441192 -0.362638
v -0.326840 0.582974 -0.394924
v -0.295848 0.537443 -0.426113
v -0.299605 0.563342 -0.423338
v -0.315262 0.578999 -0.407040
v -0.330147 0.437217 -0.374756
v -0.312457 0.440944 -0.395469
v -0.303786 0.461847 -0.408901
v -0.435884 0.612929 -0.023763
v -0.214987 0.511850 -0.365820
v -0.355173 0.491436 -0.193028
v -0.340624 0.630214 -0.224643
v -0.377908 0.650046 -0.155607
v -0.292935 0.611164 -0.287189
v -0.307531 0.472007 -0.255490
v -0.392501 0.510888 -0.123914
v -0.407174 0.669252 -0.086097
v -0.421842 0.529513 -0.054272
v -0.424446 0.670080 -0.045551
v -0.431619 0.649416 -0.031465
v -0.413434 0.673526 -0.070571
v -0.437105 0.549573 -0.018099
v -0.428122 0.533635 -0.038710
v -0.439413 0.575251 -0.014563
v -0.256088 0.453667 -0.310942
v -0.241423 0.593407 -0.342762
v -0.210442 0.548210 -0.373956
v -0.214097 0.573828 -0.371274
v -0.229798 0.589497 -0.354931
v -0.244479 0.449603 -0.323080
v -0.226742 0.453315 -0.343845
v -0.218221 0.474036 -0.357079
v 0.506213 1.504341 -0.128220
v 0.449652 1.428840 -0.285936
v 0.514473 1.575167 0.041160
v 0.427587 1.403552 -0.336499
v 0.513593 1.597702 0.097501
v 0.516571 1.428462 -0.096328
v 0.483415 1.578354 -0.156812
v 0.459777 1.539659 -0.239743
v 0.493331 1.615403 -0.070425
v 0.514903 1.541803 -0.041775
v 0.526495 1.465512 -0.009943
v 0.481349 1.466058 -0.211092
v 0.492941 1.389768 -0.179261
v 0.429685 1.502633 -0.314991
v 0.462863 1.352744 -0.254513
v 0.415718 1.472299 -0.351729
v 0.418192 1.442699 -0.352150
v 0.422852 1.494541 -0.331295
v 0.444366 1.342904 -0.299522
v 0.456034 1.344652 -0.270818
v 0.435887 1.362781 -0.319905
v 0.527685 1.499071 0.072584
v 0.494506 1.648960 0.012105
v 0.504199 1.636849 0.081850
v 0.497512 1.656941 0.061016
v 0.494478 1.656228 0.030137
v 0.527660 1.506340 0.090615
v 0.526161 1.527546 0.113223
v 0.521894 1.556931 0.114095
v 0.500508 1.503642 -0.126746
v 0.445658 1.667082 -0.188323
v 0.518943 1.336289 -0.054866
v 0.422208 1.719761 -0.207242
v 0.519449 1.280857 -0.030168
v 0.479498 1.469655 -0.199448
v 0.508925 1.535965 -0.051250
v 0.483093 1.620756 -0.084063
v 0.521034 1.449526 -0.014982
v 0.511618 1.417312 -0.089660
v 0.491616 1.383218 -0.163181
v 0.473678 1.588542 -0.158741
v 0.453675 1.554448 -0.232262
v 0.456676 1.699488 -0.114049
v 0.427277 1.633183 -0.262253
v 0.437322 1.737334 -0.139701
v 0.429193 1.737031 -0.168272
v 0.449399 1.716439 -0.120189
v 0.411948 1.680095 -0.267643
v 0.420002 1.650133 -0.268394
v 0.413522 1.701678 -0.247293
v 0.500562 1.302390 -0.128796
v 0.529962 1.368696 0.019408
v 0.526434 1.298127 0.008801
v 0.529800 1.319925 0.028700
v 0.530379 1.350922 0.027277
v 0.500982 1.284617 -0.120928
v 0.504426 1.262686 -0.099242
v 0.510763 1.262774 -0.070220
v 0.318228 1.402708 -0.304310
v 0.402529 1.593009 0.121086
v 0.405610 1.427235 -0.068982
v 0.373158 1.573951 -0.128185
v 0.350223 1.536746 -0.208403
v 0.382652 1.609951 -0.044763
v 0.415200 1.462833 0.014595
v 0.382773 1.389632 -0.149037
v 0.320451 1.500544 -0.282707
v 0.353150 1.352813 -0.223103
v 0.306415 1.470239 -0.319590
v 0.308904 1.440979 -0.319916
v 0.313576 1.492508 -0.299093
v 0.334617 1.342833 -0.268201
v 0.346312 1.344614 -0.239428
v 0.326259 1.362562 -0.288295
v 0.416407 1.495609 0.096101
v 0.383708 1.643337 0.036491
v 0.393312 1.631521 0.106018
v 0.386691 1.651453 0.085491
v 0.383657 1.650710 0.054547
v 0.416396 1.502821 0.114225
v 0.414898 1.524059 0.136909
v 0.410673 1.553118 0.137670
v 0.312959 1.712643 -0.177605
v 0.408271 1.282441 -0.004041
v 0.369199 1.467544 -0.169894
v 0.398004 1.532448 -0.024837
v 0.372781 1.615198 -0.056619
v 0.409773 1.448248 0.010735
v 0.380899 1.383174 -0.134712
v 0.343908 1.550118 -0.202064
v 0.346805 1.692945 -0.085879
v 0.317829 1.627604 -0.231935
v 0.327701 1.730242 -0.111224
v 0.319694 1.729848 -0.139476
v 0.339804 1.709282 -0.091692
v 0.302712 1.673899 -0.237198
v 0.310796 1.643866 -0.237923
v 0.304312 1.695178 -0.217011
v 0.389665 1.303355 -0.101118
v 0.418640 1.368702 0.044936
v 0.415128 1.299101 0.034307
v 0.418462 1.320584 0.054052
v 0.419038 1.351646 0.052595
v 0.390033 1.286217 -0.093632
v 0.393479 1.264212 -0.071912
v 0.399753 1.264400 -0.043216
v -0.239010 1.793101 0.358831
v -0.207293 1.778515 0.387018
v -0.229918 1.831902 0.338843
v -0.188410 1.824989 0.370740
v -0.205375 1.864462 0.330381
v -0.173073 1.853641 0.356528
v -0.168340 1.779170 0.404062
v -0.156347 1.816317 0.386852
v -0.285601 1.798338 0.318151
v -0.319199 1.791093 0.289310
v -0.262174 1.835528 0.310679
v -0.299693 1.837498 0.273577
v -0.252838 1.869797 0.288941
v -0.284027 1.866112 0.259652
v -0.340823 1.798558 0.253464
v -0.320708 1.834792 0.243346
v -0.263618 1.740280 0.380216
v -0.224331 1.741945 0.401823
v -0.289026 1.705032 0.390207
v -0.247188 1.698827 0.421817
v -0.296479 1.668916 0.409550
v -0.259887 1.667302 0.431968
v -0.193409 1.725362 0.425846
v -0.214951 1.690527 0.437779
v -0.310210 1.745517 0.339536
v -0.336237 1.754524 0.304116
v -0.321282 1.708658 0.362043
v -0.358471 1.711335 0.324655
v -0.343941 1.674250 0.368109
v -0.370840 1.679773 0.335092
v -0.365892 1.744749 0.275248
v -0.379312 1.709002 0.294272
v -0.238073 1.812487 0.346980
v -0.225594 1.782814 0.374111
v -0.203957 1.803884 0.377920
v -0.213078 1.825421 0.358464
v -0.184555 1.866747 0.341158
v -0.220592 1.849897 0.331784
v -0.181480 1.834613 0.366078
v -0.153984 1.797210 0.399840
v -0.176259 1.822902 0.375693
v -0.188437 1.775058 0.397695
v -0.271605 1.816256 0.317702
v -0.303637 1.791586 0.305970
v -0.307459 1.815518 0.287550
v -0.284434 1.833442 0.296162
v -0.265790 1.875878 0.270230
v -0.254133 1.853667 0.302499
v -0.294766 1.847347 0.267166
v -0.336204 1.817693 0.240740
v -0.306371 1.837527 0.262090
v -0.332532 1.791255 0.271882
v -0.279294 1.724008 0.382801
v -0.243305 1.744798 0.389502
v -0.241646 1.722987 0.410672
v -0.267746 1.708079 0.405971
v -0.280801 1.660161 0.424795
v -0.296701 1.686534 0.397923
v -0.250204 1.687103 0.425798
v -0.196892 1.705113 0.437126
v -0.236095 1.694467 0.427690
v -0.206153 1.737031 0.413090
v -0.312826 1.727777 0.353523
v -0.321348 1.753570 0.321361
v -0.345148 1.734621 0.320302
v -0.339102 1.716100 0.343668
v -0.362036 1.669292 0.353867
v -0.330243 1.690304 0.368637
v -0.363490 1.699837 0.326886
v -0.379112 1.725595 0.278026
v -0.366207 1.709092 0.314087
v -0.350248 1.753228 0.287278
v -0.219540 1.808650 0.366481
v -0.203629 1.843142 0.352156
v -0.185447 1.801232 0.388420
v -0.293626 1.816978 0.301796
v -0.277182 1.851410 0.287936
v -0.320472 1.816409 0.270527
v -0.258671 1.724658 0.400486
v -0.274948 1.690062 0.414132
v -0.224297 1.717844 0.422181
v -0.332757 1.732986 0.335800
v -0.348500 1.698329 0.349911
v -0.359322 1.733021 0.304288
v -0.209642 1.764300 0.321488
v -0.177005 1.748811 0.348504
v -0.199630 1.802199 0.300330
v -0.155893 1.793099 0.329391
v -0.176061 1.835714 0.293106
v -0.143886 1.825017 0.319415
v -0.139026 1.750422 0.366786
v -0.127160 1.787694 0.349739
v -0.256233 1.769537 0.280808
v -0.288911 1.761390 0.250797
v -0.231887 1.805825 0.272166
v -0.267175 1.805608 0.232229
v -0.223523 1.841049 0.251666
v -0.254840 1.837489 0.222539
v -0.311508 1.769809 0.216188
v -0.291521 1.806169 0.206233
v -0.234251 1.711479 0.342873
v -0.194043 1.712242 0.363310
v -0.258738 1.675329 0.351694
v -0.214671 1.666937 0.380469
v -0.267164 1.640167 0.372274
v -0.230700 1.638678 0.394855
v -0.164095 1.696613 0.388571
v -0.185765 1.661904 0.400666
v -0.280842 1.716716 0.302193
v -0.305949 1.724820 0.265602
v -0.290994 1.678955 0.323530
v -0.325953 1.679445 0.283306
v -0.314626 1.645502 0.330834
v -0.341653 1.651150 0.297979
v -0.336577 1.716001 0.237973
v -0.350125 1.680379 0.257159
v -0.208133 1.783126 0.308910
v -0.195654 1.753453 0.336041
v -0.170311 1.770889 0.335137
v -0.179432 1.792426 0.315682
v -0.155197 1.837956 0.303827
v -0.190726 1.820608 0.293808
v -0.150880 1.804604 0.327168
v -0.124627 1.768420 0.362509
v -0.145659 1.792893 0.336783
v -0.158571 1.745769 0.359719
v -0.241665 1.786895 0.279632
v -0.273697 1.762225 0.267900
v -0.273813 1.782523 0.244768
v -0.250788 1.800446 0.253379
v -0.236432 1.847088 0.232900
v -0.224268 1.824379 0.264523
v -0.264166 1.817338 0.228256
v -0.306846 1.788902 0.203410
v -0.275771 1.807518 0.223180
v -0.302666 1.761966 0.233906
v -0.249354 1.694647 0.344731
v -0.213366 1.715436 0.351432
v -0.208001 1.689991 0.367889
v -0.234101 1.675084 0.363188
v -0.251443 1.631371 0.387465
v -0.266836 1.657245 0.359947
v -0.219604 1.657094 0.386888
v -0.167534 1.676322 0.399795
v -0.205495 1.664459 0.388780
v -0.176288 1.707743 0.375114
v -0.282887 1.698416 0.315453
v -0.291409 1.724209 0.283291
v -0.311503 1.701625 0.277519
v -0.305457 1.683104 0.300886
v -0.332678 1.640502 0.316537
v -0.300377 1.661016 0.330661
v -0.332890 1.669828 0.287976
v -0.349754 1.696804 0.240696
v -0.335607 1.679084 0.275177
v -0.320383 1.723940 0.249302
v -0.185748 1.775511 0.323512
v -0.169984 1.810147 0.309375
v -0.151802 1.768237 0.345639
v -0.259834 1.783838 0.258827
v -0.243537 1.818415 0.245155
v -0.286827 1.783414 0.227746
v -0.224879 1.691519 0.357517
v -0.241303 1.657067 0.371350
v -0.190652 1.684849 0.379399
v -0.298965 1.699846 0.292831
v -0.314856 1.665334 0.307130
v -0.325677 1.700026 0.261506
v -0.168513 1.856076 0.322153
v -0.155631 1.841036 0.339764
v -0.192194 1.853541 0.310106
v -0.209290 1.837407 0.310921
v -0.219218 1.818396 0.317775
v -0.162498 1.819945 0.349917
v -0.166489 1.813271 0.352013
v -0.136218 1.782883 0.383486
v -0.152534 1.762505 0.388265
v -0.139290 1.804799 0.368831
v -0.159152 1.812591 0.355705
v -0.174646 1.757083 0.381172
v -0.194430 1.760156 0.369933
v -0.227586 1.798301 0.326692
v -0.228233 1.777364 0.340293
v -0.213576 1.765185 0.356666
v -0.283131 1.833505 0.244590
v -0.271342 1.854042 0.238734
v -0.329396 1.782385 0.233843
v -0.324182 1.804011 0.219371
v -0.306600 1.823605 0.222750
v -0.290181 1.827320 0.241301
v -0.285533 1.826652 0.248074
v -0.306348 1.772736 0.272216
v -0.320301 1.773456 0.253997
v -0.244514 1.821240 0.295688
v -0.254772 1.801357 0.302956
v -0.270722 1.782140 0.303195
v -0.290231 1.773801 0.289738
v -0.250477 1.865289 0.250588
v -0.235944 1.858458 0.271906
v -0.236622 1.840479 0.287056
v -0.295260 1.714452 0.338140
v -0.303628 1.694357 0.347057
v -0.293164 1.733969 0.322697
v -0.304590 1.742980 0.302216
v -0.319709 1.744058 0.283827
v -0.349758 1.652191 0.336862
v -0.359713 1.664360 0.315528
v -0.329361 1.657946 0.353084
v -0.313556 1.675347 0.353911
v -0.352339 1.684954 0.304731
v -0.348411 1.691689 0.302714
v -0.367474 1.711087 0.256992
v -0.352505 1.732784 0.253924
v -0.367717 1.692421 0.275860
v -0.353898 1.690556 0.296671
v -0.334738 1.742468 0.266543
v -0.189083 1.726096 0.393717
v -0.175642 1.712904 0.408346
v -0.278332 1.691514 0.369144
v -0.268074 1.711397 0.361876
v -0.250675 1.729193 0.359795
v -0.227936 1.734363 0.369144
v -0.207791 1.731478 0.381544
v -0.244002 1.651354 0.416558
v -0.267794 1.642978 0.408426
v -0.285610 1.653029 0.391284
v -0.286223 1.672275 0.377775
v -0.229366 1.678308 0.406654
v -0.231706 1.671394 0.410058
v -0.179511 1.689959 0.421106
v -0.200407 1.673615 0.421941
v -0.222869 1.675827 0.411075
v -0.125692 1.154888 0.454174
v 0.125692 1.154888 0.454174
v -0.061131 1.138649 0.462642
v 0.061131 1.138649 0.462642
v -0.000000 1.132447 0.465905
v -0.125692 1.154888 0.384948
v 0.125692 1.154888 0.384948
v -0.061131 1.138649 0.393416
v 0.061131 1.138649 0.393416
v -0.000000 1.132447 0.396679
v 0.139960 1.161039 0.448318
v 0.159254 1.169358 0.419542
v 0.153603 1.166922 0.436609
v -0.159254 1.169358 0.419542
v -0.139960 1.161039 0.448318
v -0.153603 1.166922 0.436609
v 0.159254 1.169358 0.392029
v 0.139960 1.161039 0.379092
v 0.153603 1.166922 0.379601
v -0.139960 1.161039 0.379092
v -0.159254 1.169358 0.392029
v -0.153603 1.166922 0.379601
v 0.139960 1.079019 0.448318
v 0.140102 1.069902 0.426838
v 0.159254 1.082190 0.419542
v 0.142803 1.073071 0.440876
v 0.151705 1.075655 0.434901
v 0.153644 1.074945 0.423190
v 0.153603 1.080604 0.436609
v 0.125692 1.076409 0.454174
v 0.125692 1.067280 0.432788
v 0.125692 1.069954 0.447910
v -0.139960 1.079019 0.448318
v -0.159254 1.082190 0.419542
v -0.140102 1.069902 0.426838
v -0.153603 1.080604 0.436609
v -0.151705 1.075655 0.434901
v -0.153644 1.074945 0.423190
v -0.142803 1.073071 0.440876
v -0.125692 1.067280 0.432788
v -0.125692 1.076409 0.454174
v -0.125692 1.069954 0.447910
v -0.061131 1.069533 0.462642
v -0.061131 1.060427 0.441305
v -0.061131 1.063094 0.456393
v -0.000000 1.057809 0.444584
v -0.000000 1.066905 0.465905
v -0.000000 1.060473 0.459660
v 0.061131 1.060427 0.441305
v 0.061131 1.069533 0.462642
v 0.061131 1.063094 0.456393
v 0.139960 1.079019 0.379092
v 0.159254 1.082190 0.392029
v 0.140102 1.069902 0.400455
v 0.153603 1.080604 0.379601
v 0.151144 1.075553 0.383773
v 0.153644 1.074945 0.396242
v 0.140102 1.072580 0.385309
v 0.125692 1.067280 0.406335
v 0.125692 1.076409 0.384948
v 0.125692 1.069954 0.391212
v -0.139960 1.079019 0.379092
v -0.140102 1.069902 0.400455
v -0.159254 1.082190 0.392029
v -0.140102 1.072580 0.385309
v -0.151144 1.075553 0.383773
v -0.153644 1.074945 0.396242
v -0.153603 1.080604 0.379601
v -0.125692 1.076409 0.384948
v -0.125692 1.067280 0.406335
v -0.125692 1.069954 0.391212
v -0.061131 1.060427 0.414754
v -0.061131 1.069533 0.393416
v -0.061131 1.063094 0.399666
v -0.000000 1.066905 0.396679
v -0.000000 1.057809 0.417999
v -0.000000 1.060473 0.402923
v 0.061131 1.069533 0.393416
v 0.061131 1.060427 0.414754
v 0.061131 1.063094 0.399666
v 0.142729 0.907815 0.446288
v -0.142729 0.907815 0.446288
v 0.069417 0.926255 0.455904
v -0.069417 0.926255 0.455904
v 0.000000 0.933298 0.459609
v 0.142729 0.907815 0.367678
v -0.142729 0.907815 0.367678
v 0.069417 0.926255 0.377294
v -0.069417 0.926255 0.377294
v 0.000000 0.933298 0.380999
v -0.158931 0.900830 0.439638
v -0.180841 0.891383 0.406962
v -0.174424 0.894150 0.426342
v 0.180841 0.891383 0.406962
v 0.158931 0.900830 0.439638
v 0.174424 0.894150 0.426342
v -0.180841 0.891383 0.375719
v -0.158931 0.900830 0.361028
v -0.174424 0.894150 0.361606
v 0.158931 0.900830 0.361028
v 0.180841 0.891383 0.375719
v 0.174424 0.894150 0.361606
v -0.158931 0.993968 0.439638
v -0.159093 1.004320 0.415247
v -0.180841 0.990367 0.406962
v -0.162160 1.000722 0.431187
v -0.172269 0.997788 0.424403
v -0.174471 0.998595 0.411104
v -0.174424 0.992168 0.426342
v -0.142729 0.996932 0.446288
v -0.142729 1.007298 0.422003
v -0.142729 1.004261 0.439175
v 0.158931 0.993968 0.439638
v 0.180841 0.990367 0.406962
v 0.159093 1.004320 0.415247
v 0.174424 0.992168 0.426342
v 0.172269 0.997788 0.424403
v 0.174471 0.998595 0.411104
v 0.162160 1.000722 0.431187
v 0.142729 1.007298 0.422003
v 0.142729 0.996932 0.446288
v 0.142729 1.004261 0.439175
v 0.069417 1.004740 0.455904
v 0.069417 1.015080 0.431674
v 0.069417 1.012052 0.448807
v 0.000000 1.018053 0.435398
v 0.000000 1.007724 0.459609
v 0.000000 1.015028 0.452518
v -0.069417 1.015080 0.431674
v -0.069417 1.004740 0.455904
v -0.069417 1.012052 0.448807
v -0.158931 0.993968 0.361028
v -0.180841 0.990367 0.375719
v -0.159093 1.004320 0.385287
v -0.174424 0.992168 0.361606
v -0.171632 0.997904 0.366344
v -0.174471 0.998595 0.380503
v -0.159093 1.001280 0.368088
v -0.142729 1.007298 0.391964
v -0.142729 0.996932 0.367679
v -0.142729 1.004261 0.374792
v 0.158931 0.993968 0.361028
v 0.159093 1.004320 0.385287
v 0.180841 0.990367 0.375719
v 0.159093 1.001280 0.368088
v 0.171632 0.997904 0.366344
v 0.174471 0.998595 0.380503
v 0.174424 0.992168 0.361606
v 0.142729 0.996932 0.367678
v 0.142729 1.007298 0.391964
v 0.142729 1.004261 0.374792
v 0.069417 1.015080 0.401525
v 0.069417 1.004740 0.377294
v 0.069417 1.012052 0.384391
v 0.000000 1.007724 0.380999
v 0.000000 1.018053 0.405210
v 0.000000 1.015028 0.388090
v -0.069417 1.004740 0.377294
v -0.069417 1.015080 0.401525
v -0.069417 1.012052 0.384391
v 0.079551 1.294381 0.479978
v 0.111548 1.248919 0.465762
v 0.104059 1.338914 0.526262
v 0.099382 1.371061 0.505600
v 0.108848 1.365162 0.519961
v 0.123307 1.371061 0.517710
v 0.086633 1.338914 0.511265
v 0.118630 1.384377 0.497048
v 0.125244 1.338914 0.526268
v 0.099382 1.262234 0.505600
v 0.104059 1.294381 0.526262
v 0.108848 1.268134 0.519961
v 0.123307 1.262234 0.517710
v 0.086633 1.294381 0.511265
v 0.125244 1.294381 0.526268
v 0.118630 1.248919 0.497048
v 0.092300 1.262234 0.474313
v 0.111548 1.384377 0.465762
v 0.079551 1.338914 0.479978
v 0.092300 1.371061 0.474313
v 0.155584 1.248919 0.480586
v 0.186765 1.294381 0.466222
v 0.162267 1.294381 0.509818
v 0.174528 1.262234 0.471979
v 0.173050 1.268134 0.491422
v 0.179506 1.294381 0.492695
v 0.160330 1.262234 0.501260
v 0.155642 1.384377 0.480597
v 0.162267 1.338914 0.509818
v 0.186718 1.338914 0.466213
v 0.160330 1.371061 0.501260
v 0.173037 1.365162 0.491420
v 0.179493 1.338914 0.492693
v 0.174538 1.371061 0.471981
v 0.148010 1.248919 0.449210
v 0.178506 1.294381 0.434721
v 0.166603 1.262234 0.440539
v 0.148222 1.384377 0.449249
v 0.178436 1.338914 0.434709
v 0.166623 1.371061 0.440543
v -0.079551 1.294381 0.479978
v -0.111548 1.248919 0.465762
v -0.104059 1.338914 0.526262
v -0.099382 1.371061 0.505600
v -0.108848 1.365162 0.519961
v -0.123307 1.371061 0.517710
v -0.086633 1.338914 0.511265
v -0.118630 1.384377 0.497048
v -0.125244 1.338914 0.526268
v -0.099382 1.262234 0.505600
v -0.104059 1.294381 0.526262
v -0.108848 1.268134 0.519961
v -0.123307 1.262234 0.517710
v -0.086633 1.294381 0.511265
v -0.125244 1.294381 0.526268
v -0.118630 1.248919 0.497048
v -0.092300 1.262234 0.474313
v -0.111548 1.384377 0.465762
v -0.079551 1.338914 0.479978
v -0.092300 1.371061 0.474313
v -0.155584 1.248919 0.480586
v -0.186765 1.294381 0.466222
v -0.162267 1.294381 0.509818
v -0.174528 1.262234 0.471979
v -0.173050 1.268134 0.491422
v -0.179506 1.294381 0.492695
v -0.160330 1.262234 0.501260
v -0.155642 1.384377 0.480597
v -0.162267 1.338914 0.509818
v -0.186718 1.338914 0.466213
v -0.160330 1.371061 0.501260
v -0.173037 1.365162 0.491420
v -0.179493 1.338914 0.492693
v -0.174538 1.371061 0.471981
v -0.148010 1.248919 0.449210
v -0.178506 1.294381 0.434721
v -0.166603 1.262234 0.440539
v -0.148222 1.384377 0.449249
v -0.178436 1.338914 0.434709
v -0.166623 1.371061 0.440543
v 0.098951 1.343269 0.516977
v 0.090846 1.378448 0.551677
v 0.054269 1.357865 0.519284
v 0.097789 1.353422 0.541006
v 0.076094 1.346950 0.537734
v 0.065633 1.364680 0.543046
v 0.071655 1.340082 0.518369
v 0.069058 1.448624 0.553783
v 0.055088 1.484543 0.521218
v 0.032481 1.428041 0.521391
v 0.060392 1.473872 0.544622
v 0.041562 1.458174 0.541072
v 0.034258 1.460531 0.521985
v 0.043845 1.434856 0.545153
v 0.084065 1.342440 0.408030
v 0.040635 1.357971 0.410150
v 0.201223 1.497944 0.529247
v 0.057624 1.339903 0.409318
v 0.133621 1.476431 0.546719
v 0.191310 1.522732 0.519822
v 0.124600 1.501484 0.537697
v 0.040203 1.483714 0.412270
v 0.118414 1.511691 0.514281
v 0.018847 1.428147 0.412257
v 0.183018 1.532295 0.496089
v 0.155409 1.406255 0.544613
v 0.223011 1.427768 0.527140
v 0.020227 1.460353 0.412934
v 0.292949 1.404283 0.466869
v 0.316379 1.440434 0.452056
v 0.295802 1.441613 0.498273
v 0.313815 1.416315 0.456000
v 0.315967 1.421716 0.475708
v 0.315977 1.442079 0.478181
v 0.299533 1.415975 0.488634
v 0.249086 1.545557 0.471109
v 0.274014 1.511789 0.500379
v 0.294591 1.510611 0.454162
v 0.262136 1.536425 0.492249
v 0.281434 1.532941 0.479046
v 0.294189 1.512255 0.480287
v 0.276417 1.536766 0.459616
v 0.256523 1.398808 0.364416
v 0.161997 1.381034 0.534082
v 0.279752 1.435840 0.349639
v 0.228707 1.402283 0.516206
v 0.226880 1.391021 0.491849
v 0.162277 1.370417 0.510040
v 0.277224 1.411562 0.353577
v 0.212661 1.540082 0.368657
v 0.257964 1.506016 0.351745
v 0.159490 1.528290 0.386178
v 0.239827 1.532013 0.357192
v 0.100933 1.509564 0.404340
v 0.144796 1.368290 0.400099
v 0.203353 1.387016 0.381937
v -0.098951 1.343269 0.516977
v -0.090846 1.378448 0.551677
v -0.054269 1.357865 0.519284
v -0.097789 1.353422 0.541006
v -0.076094 1.346950 0.537734
v -0.065633 1.364680 0.543046
v -0.071655 1.340082 0.518369
v -0.069058 1.448624 0.553783
v -0.055088 1.484543 0.521218
v -0.032481 1.428041 0.521391
v -0.060392 1.473872 0.544622
v -0.041562 1.458174 0.541072
v -0.034258 1.460531 0.521985
v -0.043845 1.434856 0.545153
v -0.084065 1.342440 0.408030
v -0.040635 1.357971 0.410150
v -0.201223 1.497944 0.529247
v -0.057624 1.339903 0.409318
v -0.133621 1.476431 0.546719
v -0.191310 1.522732 0.519822
v -0.124600 1.501484 0.537697
v -0.040203 1.483714 0.412270
v -0.118414 1.511691 0.514281
v -0.018847 1.428147 0.412257
v -0.183018 1.532295 0.496089
v -0.155409 1.406255 0.544613
v -0.223011 1.427768 0.527140
v -0.020227 1.460353 0.412934
v -0.292949 1.404283 0.466869
v -0.316379 1.440434 0.452056
v -0.295802 1.441613 0.498273
v -0.313815 1.416315 0.456000
v -0.315967 1.421716 0.475708
v -0.315977 1.442079 0.478181
v -0.299533 1.415975 0.488634
v -0.249086 1.545557 0.471109
v -0.274014 1.511789 0.500379
v -0.294591 1.510611 0.454162
v -0.262136 1.536425 0.492249
v -0.281434 1.532941 0.479046
v -0.294189 1.512255 0.480287
v -0.276417 1.536766 0.459616
v -0.256523 1.398808 0.364416
v -0.161997 1.381034 0.534082
v -0.279752 1.435840 0.349639
v -0.228707 1.402283 0.516206
v -0.226880 1.391021 0.491849
v -0.162277 1.370417 0.510040
v -0.277224 1.411562 0.353577
v -0.212661 1.540082 0.368657
v -0.257964 1.506016 0.351745
v -0.159490 1.528290 0.386178
v -0.239827 1.532013 0.357192
v -0.100933 1.509564 0.404340
v -0.144796 1.368290 0.400099
v -0.203353 1.387016 0.381937
vt 0.798159 0.565432
vt 0.798159 0.570422
vt 0.803905 0.570422
vt 0.802222 0.565432
vt 0.798159 0.584498
vt 0.798159 0.592624
vt 0.806285 0.592624
vt 0.806008 0.584498
vt 0.798159 0.562295
vt 0.800262 0.562295
vt 0.798159 0.576925
vt 0.805197 0.576925
vt 0.798159 0.561225
vt 0.806008 0.565432
vt 0.802222 0.562295
vt 0.813323 0.584498
vt 0.811755 0.576925
vt 0.809260 0.570422
vt 0.813858 0.592624
vt 0.813858 0.570422
vt 0.809260 0.565432
vt 0.820361 0.592624
vt 0.819605 0.584498
vt 0.803905 0.562295
vt 0.817387 0.576925
vt 0.805197 0.562295
vt 0.821708 0.576925
vt 0.817387 0.570422
vt 0.811755 0.565432
vt 0.825351 0.592624
vt 0.824425 0.584498
vt 0.813323 0.565432
vt 0.806008 0.562295
vt 0.827455 0.584498
vt 0.824425 0.576925
vt 0.819605 0.570422
vt 0.828488 0.592624
vt 0.820361 0.570422
vt 0.813858 0.565432
vt 0.829558 0.592624
vt 0.828488 0.584498
vt 0.806285 0.562295
vt 0.825351 0.576925
vt 0.806008 0.562295
vt 0.824425 0.576925
vt 0.819605 0.570422
vt 0.813323 0.565432
vt 0.828488 0.592624
vt 0.827455 0.584498
vt 0.811755 0.565432
vt 0.805197 0.562295
vt 0.824425 0.584498
vt 0.821708 0.576925
vt 0.817387 0.570422
vt 0.825351 0.592624
vt 0.813858 0.570422
vt 0.809260 0.565432
vt 0.820361 0.592624
vt 0.819605 0.584498
vt 0.803905 0.562295
vt 0.817387 0.576925
vt 0.802222 0.562295
vt 0.811755 0.576925
vt 0.809260 0.570422
vt 0.806008 0.565432
vt 0.813858 0.592624
vt 0.813323 0.584498
vt 0.806285 0.592621
vt 0.806008 0.584498
vt 0.802222 0.565432
vt 0.800262 0.562295
vt 0.805197 0.576925
vt 0.803905 0.570422
vt 0.798159 0.570422
vt 0.798159 0.565431
vt 0.798159 0.592460
vt 0.798159 0.584498
vt 0.798159 0.562295
vt 0.798159 0.576925
vt 0.790309 0.584498
vt 0.791121 0.576925
vt 0.796055 0.562295
vt 0.792412 0.570422
vt 0.794095 0.565432
vt 0.790032 0.592621
vt 0.782459 0.592624
vt 0.782994 0.584498
vt 0.790309 0.565432
vt 0.794095 0.562295
vt 0.784562 0.576925
vt 0.787057 0.570422
vt 0.778930 0.576925
vt 0.782459 0.570422
vt 0.787057 0.565432
vt 0.775956 0.592624
vt 0.776712 0.584498
vt 0.792412 0.562295
vt 0.771892 0.584498
vt 0.774609 0.576925
vt 0.791121 0.562295
vt 0.778930 0.570422
vt 0.784562 0.565432
vt 0.770966 0.592624
vt 0.776712 0.570422
vt 0.782994 0.565432
vt 0.767829 0.592624
vt 0.768862 0.584498
vt 0.790309 0.562295
vt 0.771892 0.576925
vt 0.770966 0.576925
vt 0.775956 0.570422
vt 0.782459 0.565432
vt 0.766759 0.592624
vt 0.767829 0.584498
vt 0.790032 0.562295
vt 0.782994 0.565432
vt 0.790309 0.562295
vt 0.768862 0.584498
vt 0.771892 0.576925
vt 0.776712 0.570422
vt 0.767829 0.592624
vt 0.778930 0.570422
vt 0.784562 0.565432
vt 0.770966 0.592624
vt 0.771892 0.584498
vt 0.791121 0.562295
vt 0.774609 0.576925
vt 0.792412 0.562295
vt 0.778930 0.576925
vt 0.782459 0.570422
vt 0.787057 0.565432
vt 0.775956 0.592624
vt 0.776712 0.584498
vt 0.790309 0.565432
vt 0.794095 0.562295
vt 0.782994 0.584498
vt 0.784562 0.576925
vt 0.787057 0.570422
vt 0.782459 0.592624
vt 0.792412 0.570422
vt 0.794095 0.565432
vt 0.790032 0.592624
vt 0.790309 0.584498
vt 0.796055 0.562295
vt 0.791121 0.576925
vt 0.798159 0.655424
vt 0.798159 0.663550
vt 0.806008 0.663550
vt 0.806285 0.655424
vt 0.798159 0.677626
vt 0.798159 0.682616
vt 0.802222 0.682616
vt 0.803905 0.677626
vt 0.798159 0.671123
vt 0.805197 0.671123
vt 0.798159 0.685753
vt 0.798159 0.686823
vt 0.800262 0.685753
vt 0.802222 0.685753
vt 0.811755 0.671123
vt 0.813323 0.663550
vt 0.806008 0.682616
vt 0.813858 0.655424
vt 0.809260 0.677626
vt 0.809260 0.682616
vt 0.813858 0.677626
vt 0.817387 0.671123
vt 0.803905 0.685753
vt 0.819605 0.663550
vt 0.820361 0.655424
vt 0.805197 0.685753
vt 0.811755 0.682616
vt 0.824425 0.663550
vt 0.825351 0.655424
vt 0.817387 0.677626
vt 0.821708 0.671123
vt 0.819605 0.677626
vt 0.824425 0.671123
vt 0.806008 0.685753
vt 0.827455 0.663550
vt 0.813323 0.682616
vt 0.828488 0.655424
vt 0.813858 0.682616
vt 0.820361 0.677626
vt 0.825351 0.671123
vt 0.806285 0.685753
vt 0.828488 0.663550
vt 0.829558 0.655424
vt 0.824425 0.671123
vt 0.827455 0.663550
vt 0.806008 0.685753
vt 0.813323 0.682616
vt 0.828488 0.655424
vt 0.819605 0.677626
vt 0.817387 0.677626
vt 0.821708 0.671123
vt 0.805197 0.685753
vt 0.824425 0.663550
vt 0.811755 0.682616
vt 0.825351 0.655424
vt 0.819605 0.663550
vt 0.820361 0.655424
vt 0.809260 0.682616
vt 0.813858 0.677626
vt 0.817387 0.671123
vt 0.803905 0.685753
vt 0.811755 0.671123
vt 0.813323 0.663550
vt 0.802222 0.685753
vt 0.806008 0.682616
vt 0.813858 0.655424
vt 0.809260 0.677626
vt 0.803905 0.677626
vt 0.805197 0.671123
vt 0.800262 0.685753
vt 0.806008 0.663550
vt 0.802222 0.682616
vt 0.806285 0.655424
vt 0.798159 0.663550
vt 0.798159 0.655424
vt 0.798159 0.682616
vt 0.798159 0.677626
vt 0.798159 0.671123
vt 0.798159 0.685753
vt 0.791121 0.671123
vt 0.790309 0.663550
vt 0.796055 0.685753
vt 0.794095 0.682616
vt 0.790032 0.655424
vt 0.792412 0.677626
vt 0.787057 0.677626
vt 0.784562 0.671123
vt 0.794095 0.685753
vt 0.782994 0.663550
vt 0.790309 0.682616
vt 0.782459 0.655424
vt 0.776712 0.663550
vt 0.775956 0.655424
vt 0.787057 0.682616
vt 0.782459 0.677626
vt 0.778930 0.671123
vt 0.792412 0.685753
vt 0.791121 0.685753
vt 0.774609 0.671123
vt 0.771892 0.663550
vt 0.784562 0.682616
vt 0.770966 0.655424
vt 0.778930 0.677626
vt 0.776712 0.677626
vt 0.771892 0.671123
vt 0.790309 0.685753
vt 0.768862 0.663550
vt 0.782994 0.682616
vt 0.767829 0.655424
vt 0.790032 0.685753
vt 0.782459 0.682616
vt 0.767829 0.663550
vt 0.766759 0.655424
vt 0.775956 0.677626
vt 0.770966 0.671123
vt 0.790309 0.685753
vt 0.771892 0.671123
vt 0.768862 0.663550
vt 0.782994 0.682616
vt 0.767829 0.655424
vt 0.776712 0.677626
vt 0.784562 0.682616
vt 0.778930 0.677626
vt 0.790032 0.610691
vt 0.798159 0.610691
vt 0.774609 0.671123
vt 0.782459 0.610691
vt 0.791121 0.685753
vt 0.806285 0.610691
vt 0.813858 0.610691
vt 0.771892 0.663550
vt 0.770966 0.655424
vt 0.792412 0.685753
vt 0.787057 0.682616
vt 0.767829 0.610691
vt 0.770966 0.610691
vt 0.776712 0.663550
vt 0.775956 0.655424
vt 0.782459 0.677626
vt 0.766759 0.610691
vt 0.775956 0.610691
vt 0.778930 0.671123
vt 0.767829 0.610691
vt 0.787057 0.677626
vt 0.784562 0.671123
vt 0.798159 0.607457
vt 0.790032 0.608778
vt 0.794095 0.685753
vt 0.775956 0.610691
vt 0.770966 0.610691
vt 0.782994 0.663550
vt 0.790309 0.682616
vt 0.782459 0.610608
vt 0.782459 0.655424
vt 0.794095 0.682616
vt 0.792412 0.677626
vt 0.825351 0.610691
vt 0.820361 0.610691
vt 0.806285 0.608778
vt 0.791121 0.671123
vt 0.828488 0.610691
vt 0.796055 0.685753
vt 0.813858 0.610608
vt 0.790309 0.663550
vt 0.790032 0.655424
vt 0.825351 0.610691
vt 0.828488 0.610691
vt 0.820361 0.610691
vt 0.829558 0.610691
vt 0.820361 0.646576
vt 0.813858 0.646576
vt 0.828488 0.646576
vt 0.829558 0.646576
vt 0.829558 0.637588
vt 0.828488 0.637588
vt 0.829558 0.628633
vt 0.828488 0.628633
vt 0.829558 0.619678
vt 0.828488 0.619678
vt 0.828488 0.646576
vt 0.820361 0.637588
vt 0.813858 0.637588
vt 0.820361 0.628633
vt 0.813858 0.628633
vt 0.820361 0.619678
vt 0.813858 0.619678
vt 0.825351 0.646576
vt 0.828488 0.637588
vt 0.828488 0.628633
vt 0.828488 0.619678
vt 0.825351 0.637588
vt 0.825351 0.628633
vt 0.825351 0.619678
vt 0.813858 0.646493
vt 0.820361 0.646576
vt 0.806285 0.644664
vt 0.812841 0.596762
vt 0.812836 0.593789
vt 0.813858 0.593701
vt 0.813858 0.596767
vt 0.820361 0.637588
vt 0.808633 0.617151
vt 0.806285 0.616119
vt 0.812190 0.590823
vt 0.810423 0.588278
vt 0.811245 0.587787
vt 0.813158 0.590524
vt 0.825351 0.646576
vt 0.813858 0.631249
vt 0.813858 0.628017
vt 0.820361 0.628633
vt 0.820361 0.619678
vt 0.785894 0.588278
vt 0.784127 0.590823
vt 0.783159 0.590524
vt 0.785072 0.587787
vt 0.782459 0.646493
vt 0.775956 0.646576
vt 0.775956 0.637588
vt 0.798159 0.643342
vt 0.825351 0.637588
vt 0.825351 0.628633
vt 0.825351 0.619678
vt 0.805825 0.585518
vt 0.801849 0.584537
vt 0.802059 0.583800
vt 0.806285 0.584869
vt 0.802059 0.615050
vt 0.806285 0.634029
vt 0.808633 0.635061
vt 0.767829 0.646576
vt 0.770966 0.646576
vt 0.790032 0.644664
vt 0.767829 0.637588
vt 0.770966 0.637588
vt 0.767829 0.628633
vt 0.770966 0.628633
vt 0.767829 0.619678
vt 0.770966 0.619678
vt 0.782459 0.631249
vt 0.775956 0.628633
vt 0.813858 0.624951
vt 0.802046 0.632957
vt 0.806323 0.601969
vt 0.808532 0.602947
vt 0.808633 0.603811
vt 0.806285 0.602779
vt 0.783476 0.596762
vt 0.783489 0.599867
vt 0.782459 0.599999
vt 0.782459 0.596767
vt 0.789994 0.601969
vt 0.794214 0.600908
vt 0.794271 0.601707
vt 0.790032 0.602779
vt 0.787685 0.617151
vt 0.775956 0.619678
vt 0.775956 0.646576
vt 0.770966 0.646576
vt 0.782459 0.624951
vt 0.766759 0.646576
vt 0.775956 0.637588
vt 0.770966 0.637588
vt 0.775956 0.628633
vt 0.770966 0.628633
vt 0.775956 0.619678
vt 0.770966 0.619678
vt 0.782459 0.646576
vt 0.766759 0.637588
vt 0.766759 0.628633
vt 0.766759 0.619678
vt 0.767829 0.646576
vt 0.782459 0.637588
vt 0.782459 0.628633
vt 0.782459 0.619678
vt 0.767829 0.637588
vt 0.767829 0.628633
vt 0.767829 0.619678
vt 0.806285 0.646576
vt 0.798159 0.646576
vt 0.806285 0.637588
vt 0.798159 0.637588
vt 0.806285 0.628633
vt 0.798159 0.628633
vt 0.806285 0.619678
vt 0.798159 0.619678
vt 0.790032 0.646576
vt 0.790032 0.637588
vt 0.790032 0.628633
vt 0.790032 0.619678
vt 0.813858 0.619105
vt 0.787685 0.635061
vt 0.794468 0.584537
vt 0.790492 0.585518
vt 0.790032 0.584869
vt 0.794258 0.583800
vt 0.794258 0.615050
vt 0.790032 0.616119
vt 0.813858 0.637015
vt 0.782459 0.637015
vt 0.782459 0.619105
vt 0.812828 0.599867
vt 0.813858 0.599999
vt 0.784076 0.602117
vt 0.783159 0.602645
vt 0.783481 0.593789
vt 0.782459 0.593701
vt 0.810762 0.603316
vt 0.811245 0.604170
vt 0.798159 0.600503
vt 0.798159 0.601300
vt 0.785555 0.603316
vt 0.787785 0.602947
vt 0.787685 0.603811
vt 0.785072 0.604170
vt 0.807957 0.586472
vt 0.808633 0.585901
vt 0.788360 0.586472
vt 0.787685 0.585901
vt 0.798159 0.584157
vt 0.798159 0.583392
vt 0.811245 0.635420
vt 0.813158 0.633895
vt 0.782459 0.628017
vt 0.785072 0.619037
vt 0.783159 0.621774
vt 0.813158 0.621774
vt 0.811245 0.619037
vt 0.783159 0.633895
vt 0.785072 0.635420
vt 0.794271 0.632957
vt 0.798159 0.632550
vt 0.798159 0.614642
vt 0.802103 0.600908
vt 0.802046 0.601707
vt 0.790032 0.634029
vt 0.812241 0.602118
vt 0.813158 0.602645
vt 0.808280 0.602349
vt 0.810323 0.602690
vt 0.801759 0.616223
vt 0.805523 0.617137
vt 0.806326 0.613992
vt 0.802189 0.613008
vt 0.811600 0.601685
vt 0.812161 0.630819
vt 0.811600 0.632935
vt 0.813006 0.634902
vt 0.814574 0.631562
vt 0.812161 0.599569
vt 0.786469 0.619777
vt 0.788882 0.617998
vt 0.787615 0.615093
vt 0.784613 0.617439
vt 0.812178 0.593920
vt 0.811550 0.591008
vt 0.798159 0.631275
vt 0.794187 0.631676
vt 0.794829 0.634801
vt 0.798159 0.634463
vt 0.809848 0.588527
vt 0.809848 0.619777
vt 0.811550 0.622258
vt 0.813962 0.620884
vt 0.811705 0.617439
vt 0.807435 0.586748
vt 0.790067 0.632708
vt 0.788037 0.633599
vt 0.789295 0.636511
vt 0.791368 0.635671
vt 0.784156 0.599569
vt 0.784717 0.601685
vt 0.812178 0.625170
vt 0.812188 0.627941
vt 0.814938 0.627985
vt 0.814868 0.624734
vt 0.785994 0.602689
vt 0.798159 0.615860
vt 0.798159 0.612626
vt 0.788037 0.602349
vt 0.784140 0.625170
vt 0.784767 0.622258
vt 0.782355 0.620884
vt 0.781449 0.624734
vt 0.788882 0.586748
vt 0.786469 0.588527
vt 0.806250 0.632708
vt 0.802131 0.631676
vt 0.801488 0.634801
vt 0.804949 0.635671
vt 0.784767 0.591008
vt 0.784717 0.632935
vt 0.784156 0.630819
vt 0.781743 0.631562
vt 0.783311 0.634902
vt 0.784140 0.593920
vt 0.806250 0.601458
vt 0.810323 0.633940
vt 0.810224 0.636740
vt 0.812188 0.596691
vt 0.805523 0.585887
vt 0.785994 0.633939
vt 0.786093 0.636740
vt 0.784129 0.596691
vt 0.784129 0.627941
vt 0.781379 0.627985
vt 0.790794 0.617137
vt 0.789991 0.613992
vt 0.790067 0.601458
vt 0.790794 0.585887
vt 0.794187 0.600426
vt 0.798159 0.600025
vt 0.794558 0.616223
vt 0.794128 0.613008
vt 0.802131 0.600426
vt 0.807435 0.617998
vt 0.808703 0.615093
vt 0.801759 0.584973
vt 0.798159 0.584610
vt 0.794558 0.584973
vt 0.808280 0.633599
vt 0.807022 0.636511
vt 0.667427 0.394229
vt 0.662282 0.395322
vt 0.662748 0.380522
vt 0.667408 0.379558
vt 0.644184 0.341676
vt 0.644232 0.335406
vt 0.650402 0.338965
vt 0.662282 0.366072
vt 0.667416 0.364982
vt 0.689709 0.395322
vt 0.684565 0.394229
vt 0.684584 0.379558
vt 0.689244 0.380522
vt 0.684576 0.364982
vt 0.689709 0.366072
vt 0.707614 0.348682
vt 0.706008 0.353411
vt 0.700060 0.346891
vt 0.701590 0.338965
vt 0.645710 0.328641
vt 0.649620 0.322893
vt 0.656110 0.323533
vt 0.651932 0.330359
vt 0.649373 0.356012
vt 0.646031 0.353549
vt 0.651932 0.346891
vt 0.656110 0.349375
vt 0.705961 0.353549
vt 0.702619 0.356012
vt 0.695882 0.349375
vt 0.701590 0.385840
vt 0.700060 0.393766
vt 0.695882 0.396250
vt 0.695882 0.370408
vt 0.700060 0.377234
vt 0.656110 0.396250
vt 0.651932 0.393766
vt 0.650402 0.385840
vt 0.651932 0.377234
vt 0.656110 0.370408
vt 0.675996 0.378823
vt 0.675996 0.393475
vt 0.675996 0.364227
vt 0.706282 0.328641
vt 0.707759 0.335257
vt 0.700060 0.330359
vt 0.702372 0.322893
vt 0.695882 0.323533
vt 0.707760 0.335406
vt 0.707807 0.341676
vt 0.692415 0.316734
vt 0.696811 0.318732
vt 0.689709 0.319197
vt 0.696922 0.318782
vt 0.702349 0.322875
vt 0.644365 0.348222
vt 0.644183 0.341826
vt 0.658754 0.353365
vt 0.654368 0.355256
vt 0.662282 0.348447
vt 0.654150 0.355350
vt 0.697624 0.355256
vt 0.693238 0.353365
vt 0.689709 0.348447
vt 0.644233 0.335257
vt 0.655181 0.318732
vt 0.659577 0.316734
vt 0.662282 0.319197
vt 0.684034 0.314704
vt 0.684576 0.318107
vt 0.645984 0.353411
vt 0.644378 0.348682
vt 0.655070 0.318782
vt 0.684381 0.351137
vt 0.676030 0.350290
vt 0.675996 0.346600
vt 0.684565 0.347354
vt 0.675996 0.313891
vt 0.683934 0.314680
vt 0.675996 0.317352
vt 0.667958 0.314704
vt 0.667416 0.318107
vt 0.667427 0.347354
vt 0.667564 0.351149
vt 0.658892 0.353330
vt 0.707809 0.341826
vt 0.707627 0.348222
vt 0.668057 0.314680
vt 0.693100 0.353330
vt 0.697842 0.355350
vt 0.603069 0.035469
vt 0.562894 0.035469
vt 0.562894 0.078656
vt 0.603069 0.078656
vt 0.603069 0.171345
vt 0.562895 0.171345
vt 0.562895 0.214531
vt 0.603069 0.214531
vt 0.521933 0.035469
vt 0.521933 0.078656
vt 0.521933 0.171345
vt 0.521933 0.214531
vt 0.521933 0.125000
vt 0.562599 0.125000
vt 0.603069 0.125000
vt 0.584131 0.243792
vt 0.597522 0.237975
vt 0.603069 0.223930
vt 0.521933 0.223930
vt 0.527480 0.237975
vt 0.540871 0.243792
vt 0.562895 0.243792
vt 0.597522 0.012026
vt 0.584131 0.006208
vt 0.603069 0.026071
vt 0.527480 0.012026
vt 0.521933 0.026071
vt 0.540871 0.006208
vt 0.562894 0.006208
vt 0.521933 0.078656
vt 0.521933 0.125000
vt 0.527480 0.012026
vt 0.521933 0.026071
vt 0.521933 0.035469
vt 0.540871 0.006208
vt 0.521933 0.171345
vt 0.521933 0.214531
vt 0.603069 0.035469
vt 0.603069 0.026071
vt 0.584131 0.006208
vt 0.562894 0.006208
vt 0.603069 0.223930
vt 0.603069 0.214531
vt 0.603069 0.078656
vt 0.562895 0.243792
vt 0.584131 0.243792
vt 0.603069 0.171345
vt 0.540871 0.243792
vt 0.603069 0.125000
vt 0.521933 0.223930
vt 0.597522 0.012026
vt 0.597522 0.237975
vt 0.527480 0.237975
vt 0.603069 0.035469
vt 0.562894 0.035469
vt 0.562894 0.078656
vt 0.603069 0.078656
vt 0.603069 0.171345
vt 0.562895 0.171345
vt 0.562895 0.214531
vt 0.603069 0.214531
vt 0.521933 0.035469
vt 0.521933 0.078656
vt 0.521933 0.171345
vt 0.521933 0.214531
vt 0.521933 0.125000
vt 0.562599 0.125000
vt 0.603069 0.125000
vt 0.584131 0.243792
vt 0.597522 0.237975
vt 0.603069 0.223930
vt 0.521933 0.223930
vt 0.527480 0.237975
vt 0.540871 0.243792
vt 0.562895 0.243792
vt 0.597522 0.012026
vt 0.584131 0.006208
vt 0.603069 0.026071
vt 0.527480 0.012026
vt 0.521933 0.026071
vt 0.540871 0.006208
vt 0.562894 0.006208
vt 0.603069 0.035469
vt 0.562894 0.035469
vt 0.562894 0.078656
vt 0.603069 0.078656
vt 0.603069 0.171345
vt 0.562895 0.171345
vt 0.562895 0.214531
vt 0.603069 0.214531
vt 0.521933 0.035469
vt 0.521933 0.078656
vt 0.521933 0.171345
vt 0.521933 0.214531
vt 0.521933 0.125000
vt 0.562599 0.125000
vt 0.603069 0.125000
vt 0.584131 0.243792
vt 0.597522 0.237975
vt 0.603069 0.223930
vt 0.521933 0.223930
vt 0.527480 0.237975
vt 0.540871 0.243792
vt 0.562895 0.243792
vt 0.597522 0.012026
vt 0.584131 0.006208
vt 0.603069 0.026071
vt 0.527480 0.012026
vt 0.521933 0.026071
vt 0.540871 0.006208
vt 0.562894 0.006208
vt 0.540871 0.006208
vt 0.527480 0.012026
vt 0.521933 0.078656
vt 0.521933 0.125000
vt 0.521933 0.171345
vt 0.521933 0.214531
vt 0.527480 0.012026
vt 0.521933 0.026071
vt 0.603069 0.035469
vt 0.603069 0.026071
vt 0.521933 0.035469
vt 0.521933 0.125000
vt 0.540871 0.006208
vt 0.584131 0.006208
vt 0.562894 0.006208
vt 0.521933 0.171345
vt 0.521933 0.214531
vt 0.603069 0.035469
vt 0.603069 0.026071
vt 0.603069 0.223930
vt 0.603069 0.214531
vt 0.584131 0.006208
vt 0.562894 0.006208
vt 0.603069 0.078656
vt 0.562895 0.243792
vt 0.584131 0.243792
vt 0.603069 0.223930
vt 0.603069 0.214531
vt 0.603069 0.171345
vt 0.540871 0.243792
vt 0.603069 0.078656
vt 0.562895 0.243792
vt 0.584131 0.243792
vt 0.603069 0.125000
vt 0.521933 0.223930
vt 0.597522 0.012026
vt 0.603069 0.171345
vt 0.540871 0.243792
vt 0.603069 0.125000
vt 0.521933 0.223930
vt 0.521933 0.026071
vt 0.521933 0.035469
vt 0.597522 0.012026
vt 0.597522 0.237975
vt 0.597522 0.237975
vt 0.527480 0.237975
vt 0.521933 0.078656
vt 0.527480 0.237975
vt 0.802182 0.711453
vt 0.805648 0.710014
vt 0.805212 0.714483
vt 0.800743 0.714919
vt 0.809380 0.709874
vt 0.808454 0.714182
vt 0.809311 0.718582
vt 0.804911 0.717724
vt 0.800603 0.718650
vt 0.805153 0.721198
vt 0.800745 0.722197
vt 0.809532 0.720657
vt 0.809275 0.724431
vt 0.806000 0.726398
vt 0.802278 0.725326
vt 0.811927 0.714424
vt 0.811386 0.718802
vt 0.812927 0.710015
vt 0.816055 0.711549
vt 0.817128 0.715271
vt 0.815160 0.718545
vt 0.791915 0.711453
vt 0.793354 0.714919
vt 0.788885 0.714483
vt 0.788449 0.710014
vt 0.793494 0.718650
vt 0.789185 0.717724
vt 0.784786 0.718582
vt 0.785643 0.714182
vt 0.784717 0.709874
vt 0.793352 0.722197
vt 0.788944 0.721198
vt 0.791818 0.725326
vt 0.788097 0.726398
vt 0.784822 0.724431
vt 0.784565 0.720657
vt 0.782711 0.718802
vt 0.782170 0.714424
vt 0.778937 0.718545
vt 0.776969 0.715271
vt 0.778042 0.711549
vt 0.781170 0.710015
vt 0.802182 0.701185
vt 0.800743 0.697719
vt 0.805212 0.698156
vt 0.805648 0.702624
vt 0.800603 0.693988
vt 0.804911 0.694914
vt 0.809311 0.694057
vt 0.808454 0.698456
vt 0.809380 0.702765
vt 0.800745 0.690441
vt 0.805153 0.691440
vt 0.802278 0.687313
vt 0.806000 0.686240
vt 0.809275 0.688208
vt 0.809532 0.691982
vt 0.811386 0.693836
vt 0.811927 0.698214
vt 0.815160 0.694093
vt 0.817128 0.697368
vt 0.816055 0.701089
vt 0.812927 0.702623
vt 0.791915 0.701185
vt 0.788449 0.702624
vt 0.788885 0.698156
vt 0.793354 0.697719
vt 0.784717 0.702765
vt 0.785643 0.698456
vt 0.784786 0.694057
vt 0.789185 0.694914
vt 0.793494 0.693988
vt 0.788944 0.691440
vt 0.793352 0.690441
vt 0.784565 0.691982
vt 0.784822 0.688208
vt 0.788097 0.686240
vt 0.791818 0.687313
vt 0.782170 0.698214
vt 0.782711 0.693836
vt 0.781170 0.702623
vt 0.778042 0.701089
vt 0.776969 0.697368
vt 0.778937 0.694093
vt 0.802182 0.711453
vt 0.800743 0.714919
vt 0.805212 0.714483
vt 0.805648 0.710014
vt 0.808454 0.714182
vt 0.809380 0.709874
vt 0.804911 0.717724
vt 0.809311 0.718582
vt 0.800603 0.718650
vt 0.800745 0.722197
vt 0.805153 0.721198
vt 0.809532 0.720657
vt 0.806000 0.726398
vt 0.809275 0.724431
vt 0.802278 0.725326
vt 0.811386 0.718802
vt 0.811927 0.714424
vt 0.812927 0.710015
vt 0.817128 0.715271
vt 0.816055 0.711549
vt 0.815160 0.718545
vt 0.791915 0.711453
vt 0.788449 0.710014
vt 0.788885 0.714483
vt 0.793354 0.714919
vt 0.789185 0.717724
vt 0.793494 0.718650
vt 0.785643 0.714182
vt 0.784786 0.718582
vt 0.784717 0.709874
vt 0.788944 0.721198
vt 0.793352 0.722197
vt 0.788097 0.726398
vt 0.791818 0.725326
vt 0.784565 0.720657
vt 0.784822 0.724431
vt 0.782170 0.714424
vt 0.782711 0.718802
vt 0.776969 0.715271
vt 0.778937 0.718545
vt 0.781170 0.710015
vt 0.778042 0.711549
vt 0.802182 0.701185
vt 0.805648 0.702624
vt 0.805212 0.698156
vt 0.800743 0.697719
vt 0.804911 0.694914
vt 0.800603 0.693988
vt 0.808454 0.698456
vt 0.809311 0.694057
vt 0.809380 0.702765
vt 0.805153 0.691440
vt 0.800745 0.690441
vt 0.806000 0.686240
vt 0.802278 0.687313
vt 0.809532 0.691982
vt 0.809275 0.688208
vt 0.811927 0.698214
vt 0.811386 0.693836
vt 0.817128 0.697368
vt 0.815160 0.694093
vt 0.812927 0.702623
vt 0.816055 0.701089
vt 0.791915 0.701185
vt 0.793354 0.697719
vt 0.788885 0.698156
vt 0.788449 0.702624
vt 0.785643 0.698456
vt 0.784717 0.702765
vt 0.789185 0.694914
vt 0.784786 0.694057
vt 0.793494 0.693988
vt 0.793352 0.690441
vt 0.788944 0.691440
vt 0.784565 0.691982
vt 0.788097 0.686240
vt 0.784822 0.688208
vt 0.791818 0.687313
vt 0.782711 0.693836
vt 0.782170 0.698214
vt 0.781170 0.702623
vt 0.776969 0.697368
vt 0.778042 0.701089
vt 0.778937 0.694093
vt 0.816537 0.701498
vt 0.813099 0.703307
vt 0.784298 0.724755
vt 0.783755 0.720758
vt 0.794261 0.693987
vt 0.794053 0.697872
vt 0.776337 0.715351
vt 0.777560 0.711140
vt 0.809799 0.724755
vt 0.806080 0.727031
vt 0.792367 0.701637
vt 0.778612 0.719070
vt 0.801870 0.725808
vt 0.788602 0.703323
vt 0.782610 0.719612
vt 0.800060 0.722369
vt 0.784716 0.703532
vt 0.783931 0.719437
vt 0.799836 0.718652
vt 0.780998 0.709331
vt 0.784716 0.709107
vt 0.810166 0.719437
vt 0.810342 0.720758
vt 0.800044 0.697872
vt 0.799836 0.693987
vt 0.816537 0.711140
vt 0.817760 0.715351
vt 0.801730 0.701637
vt 0.815485 0.719070
vt 0.784298 0.687883
vt 0.788016 0.685607
vt 0.805495 0.703323
vt 0.811487 0.719612
vt 0.792228 0.686830
vt 0.809381 0.703532
vt 0.794037 0.690269
vt 0.809381 0.709107
vt 0.813099 0.709331
vt 0.783931 0.693201
vt 0.783755 0.691881
vt 0.794053 0.714766
vt 0.794261 0.718652
vt 0.792367 0.711001
vt 0.777560 0.701498
vt 0.776337 0.697287
vt 0.806080 0.685607
vt 0.809799 0.687883
vt 0.788602 0.709315
vt 0.778612 0.693569
vt 0.801870 0.686830
vt 0.782610 0.693026
vt 0.800060 0.690269
vt 0.780998 0.703307
vt 0.810342 0.691881
vt 0.810166 0.693201
vt 0.800044 0.714766
vt 0.801730 0.711001
vt 0.817760 0.697287
vt 0.788016 0.727031
vt 0.805495 0.709315
vt 0.815485 0.693569
vt 0.792228 0.725808
vt 0.811487 0.693026
vt 0.794037 0.722369
vt 0.024245 0.396808
vt 0.020275 0.398173
vt 0.020275 0.398173
vt 0.024245 0.396808
vt 0.093513 0.442417
vt 0.093513 0.401561
vt 0.075723 0.397981
vt 0.075723 0.433963
vt 0.042035 0.433963
vt 0.024245 0.442417
vt 0.024245 0.401561
vt 0.042035 0.397981
vt 0.058880 0.430734
vt 0.058880 0.396613
vt 0.075723 0.433963
vt 0.075723 0.397981
vt 0.093513 0.401561
vt 0.093513 0.442417
vt 0.042035 0.433963
vt 0.058880 0.430734
vt 0.058880 0.396613
vt 0.042035 0.397981
vt 0.075723 0.393240
vt 0.058880 0.391878
vt 0.058880 0.391878
vt 0.075723 0.393240
vt 0.020314 0.445620
vt 0.020314 0.402919
vt 0.024245 0.442417
vt 0.024245 0.401561
vt 0.042035 0.393240
vt 0.042035 0.393240
vt 0.093513 0.396808
vt 0.093513 0.396808
vt 0.020314 0.445620
vt 0.020314 0.402919
vt 0.097484 0.398173
vt 0.097484 0.398173
vt 0.102761 0.449950
vt 0.102761 0.404570
vt 0.102761 0.404570
vt 0.102761 0.449950
vt 0.014997 0.449950
vt 0.014997 0.449950
vt 0.014997 0.404570
vt 0.014997 0.404570
vt 0.097444 0.445620
vt 0.097444 0.402919
vt 0.097444 0.402919
vt 0.098228 0.399823
vt 0.100681 0.401168
vt 0.101204 0.403745
vt 0.101216 0.400798
vt 0.016555 0.403745
vt 0.017078 0.401168
vt 0.019531 0.399823
vt 0.016543 0.400798
vt 0.101204 0.403745
vt 0.100527 0.401115
vt 0.097484 0.399567
vt 0.101216 0.400798
vt 0.020275 0.399567
vt 0.017232 0.401115
vt 0.016555 0.403745
vt 0.016543 0.400798
vt 0.093513 0.398200
vt 0.024245 0.398200
vt 0.058880 0.393265
vt 0.042035 0.394629
vt 0.075723 0.394629
vt 0.093513 0.398200
vt 0.024245 0.398200
vt 0.058880 0.393265
vt 0.042035 0.394629
vt 0.075723 0.394629
vt 0.101204 0.448682
vt 0.101204 0.448682
vt 0.097444 0.445620
vt 0.016555 0.448682
vt 0.016555 0.448682
vt 0.024245 0.396808
vt 0.020275 0.398173
vt 0.020275 0.398173
vt 0.024245 0.396808
vt 0.093513 0.442417
vt 0.093513 0.401561
vt 0.075723 0.397981
vt 0.075723 0.433963
vt 0.042035 0.433963
vt 0.024245 0.442417
vt 0.024245 0.401561
vt 0.042035 0.397981
vt 0.058880 0.430734
vt 0.058880 0.396613
vt 0.075723 0.433963
vt 0.075723 0.397981
vt 0.093513 0.401561
vt 0.093513 0.442417
vt 0.042035 0.433963
vt 0.058880 0.430734
vt 0.058880 0.396613
vt 0.042035 0.397981
vt 0.075723 0.393240
vt 0.058880 0.391878
vt 0.058880 0.391878
vt 0.075723 0.393240
vt 0.020314 0.445620
vt 0.020314 0.402919
vt 0.024245 0.442417
vt 0.024245 0.401561
vt 0.042035 0.393240
vt 0.042035 0.393240
vt 0.093513 0.396808
vt 0.093513 0.396808
vt 0.020314 0.445620
vt 0.020314 0.402919
vt 0.097484 0.398173
vt 0.097484 0.398173
vt 0.102761 0.449950
vt 0.102761 0.404570
vt 0.102761 0.404570
vt 0.102761 0.449950
vt 0.014997 0.449950
vt 0.014997 0.449950
vt 0.014997 0.404570
vt 0.014997 0.404570
vt 0.097444 0.445620
vt 0.097444 0.402919
vt 0.097444 0.402919
vt 0.098228 0.399823
vt 0.100681 0.401168
vt 0.101204 0.403745
vt 0.101216 0.400798
vt 0.016555 0.403745
vt 0.017078 0.401168
vt 0.019531 0.399823
vt 0.016543 0.400798
vt 0.101204 0.403745
vt 0.100527 0.401115
vt 0.097484 0.399567
vt 0.101216 0.400798
vt 0.020275 0.399567
vt 0.017232 0.401115
vt 0.016555 0.403745
vt 0.016543 0.400798
vt 0.093513 0.398200
vt 0.024245 0.398200
vt 0.058880 0.393265
vt 0.042035 0.394629
vt 0.075723 0.394629
vt 0.093513 0.398200
vt 0.024245 0.398200
vt 0.058880 0.393265
vt 0.042035 0.394629
vt 0.075723 0.394629
vt 0.101204 0.448682
vt 0.101204 0.448682
vt 0.097444 0.445620
vt 0.016555 0.448682
vt 0.016555 0.448682
vt 0.313532 0.825662
vt 0.315580 0.825662
vt 0.313698 0.851134
vt 0.311650 0.851134
vt 0.328452 0.886421
vt 0.326664 0.942044
vt 0.326990 0.937370
vt 0.328063 0.886421
vt 0.316372 0.815111
vt 0.318420 0.815111
vt 0.316932 0.851134
vt 0.316932 0.886421
vt 0.313698 0.886421
vt 0.317518 0.937370
vt 0.315580 0.942044
vt 0.328460 0.851134
vt 0.328066 0.851134
vt 0.326992 0.830336
vt 0.326663 0.825662
vt 0.318420 0.952595
vt 0.319772 0.942044
vt 0.320333 0.851134
vt 0.317518 0.830336
vt 0.319772 0.825662
vt 0.320333 0.886421
vt 0.325797 0.851134
vt 0.325797 0.886421
vt 0.326216 0.851134
vt 0.326204 0.886421
vt 0.321778 0.952595
vt 0.316372 0.952595
vt 0.323882 0.952595
vt 0.313532 0.942044
vt 0.325237 0.942044
vt 0.323872 0.815111
vt 0.325237 0.825662
vt 0.311650 0.886421
vt 0.321743 0.815111
vt 0.324475 0.825662
vt 0.324478 0.942044
vt 0.313532 0.825662
vt 0.311650 0.851134
vt 0.313698 0.851134
vt 0.315580 0.825662
vt 0.328452 0.886421
vt 0.328063 0.886421
vt 0.326990 0.937370
vt 0.326664 0.942044
vt 0.316372 0.815111
vt 0.318420 0.815111
vt 0.316932 0.851134
vt 0.313698 0.886421
vt 0.316932 0.886421
vt 0.315580 0.942044
vt 0.317518 0.937370
vt 0.328460 0.851134
vt 0.326663 0.825662
vt 0.326992 0.830336
vt 0.328066 0.851134
vt 0.318420 0.952595
vt 0.319772 0.942044
vt 0.320333 0.851134
vt 0.319772 0.825662
vt 0.317518 0.830336
vt 0.320333 0.886421
vt 0.325797 0.851134
vt 0.325797 0.886421
vt 0.326216 0.851134
vt 0.326204 0.886421
vt 0.321778 0.952595
vt 0.323882 0.952595
vt 0.316372 0.952595
vt 0.313532 0.942044
vt 0.325237 0.942044
vt 0.323872 0.815111
vt 0.325237 0.825662
vt 0.311650 0.886421
vt 0.324475 0.825662
vt 0.321743 0.815111
vt 0.324478 0.942044
vt 0.319035 0.825328
vt 0.318542 0.899981
vt 0.312676 0.899981
vt 0.313170 0.825328
vt 0.327021 0.825328
vt 0.326527 0.899981
vt 0.331325 0.899981
vt 0.331818 0.825328
vt 0.314152 0.935977
vt 0.308660 0.934533
vt 0.311654 0.935200
vt 0.317404 0.936711
vt 0.309182 0.825328
vt 0.308688 0.899981
vt 0.305815 0.899981
vt 0.306309 0.825328
vt 0.312649 0.785606
vt 0.313120 0.788958
vt 0.311114 0.789881
vt 0.310304 0.788246
vt 0.310645 0.825328
vt 0.312271 0.932080
vt 0.310330 0.930134
vt 0.310152 0.899981
vt 0.309456 0.931369
vt 0.318400 0.787117
vt 0.323958 0.788588
vt 0.324708 0.792014
vt 0.318954 0.790491
vt 0.319165 0.937306
vt 0.322963 0.938182
vt 0.329396 0.790036
vt 0.331213 0.793778
vt 0.331807 0.795355
vt 0.330515 0.793561
vt 0.332228 0.825328
vt 0.330831 0.825328
vt 0.328401 0.939630
vt 0.329666 0.936683
vt 0.331023 0.935608
vt 0.330365 0.936899
vt 0.330337 0.899981
vt 0.331734 0.899981
vt 0.318106 0.933613
vt 0.323859 0.935136
vt 0.324876 0.825328
vt 0.309656 0.784939
vt 0.315147 0.786383
vt 0.320160 0.787713
vt 0.324382 0.899981
vt 0.307394 0.787602
vt 0.306545 0.930725
vt 0.323603 0.938485
vt 0.324597 0.788892
vt 0.326414 0.792633
vt 0.325567 0.935755
vt 0.319035 0.825328
vt 0.313170 0.825328
vt 0.312676 0.899981
vt 0.318542 0.899981
vt 0.327021 0.825328
vt 0.331818 0.825328
vt 0.331325 0.899981
vt 0.326527 0.899981
vt 0.314152 0.935977
vt 0.317404 0.936711
vt 0.311654 0.935200
vt 0.308660 0.934533
vt 0.309182 0.825328
vt 0.306309 0.825328
vt 0.305815 0.899981
vt 0.308688 0.899981
vt 0.312649 0.785606
vt 0.310304 0.788246
vt 0.311114 0.789881
vt 0.313120 0.788958
vt 0.310645 0.825328
vt 0.310152 0.899981
vt 0.310330 0.930134
vt 0.312271 0.932080
vt 0.309456 0.931369
vt 0.318400 0.787117
vt 0.318954 0.790491
vt 0.324708 0.792014
vt 0.323958 0.788588
vt 0.319165 0.937306
vt 0.322963 0.938182
vt 0.329396 0.790036
vt 0.330515 0.793561
vt 0.331807 0.795355
vt 0.331213 0.793778
vt 0.332228 0.825328
vt 0.330831 0.825328
vt 0.328401 0.939630
vt 0.330365 0.936899
vt 0.331023 0.935608
vt 0.329666 0.936683
vt 0.330337 0.899981
vt 0.331734 0.899981
vt 0.323859 0.935136
vt 0.318106 0.933613
vt 0.324876 0.825328
vt 0.309656 0.784939
vt 0.315147 0.786383
vt 0.320160 0.787713
vt 0.324382 0.899981
vt 0.307394 0.787602
vt 0.306545 0.930725
vt 0.323603 0.938485
vt 0.326414 0.792633
vt 0.324597 0.788892
vt 0.325567 0.935755
vn -0.0000 -0.8613 -0.5081
vn -0.0000 -0.7017 -0.7125
vn 0.1844 -0.7017 -0.6882
vn 0.1315 -0.8613 -0.4908
vn -0.0000 -0.2561 -0.9666
vn -0.0000 -0.0651 -0.9979
vn 0.2583 -0.0651 -0.9639
vn 0.2502 -0.2561 -0.9337
vn -0.0000 -0.9632 -0.2689
vn 0.0696 -0.9632 -0.2597
vn -0.0000 -0.4954 -0.8687
vn 0.2248 -0.4954 -0.8391
vn -0.0000 -1.0000 -0.0000
vn 0.2540 -0.8613 -0.4400
vn 0.1345 -0.9632 -0.2329
vn 0.4833 -0.2561 -0.8371
vn 0.4343 -0.4954 -0.7523
vn 0.3562 -0.7017 -0.6170
vn 0.4989 -0.0651 -0.8642
vn 0.5038 -0.7017 -0.5038
vn 0.3593 -0.8613 -0.3593
vn 0.7056 -0.0651 -0.7056
vn 0.6835 -0.2561 -0.6835
vn 0.1901 -0.9632 -0.1901
vn 0.6143 -0.4954 -0.6143
vn 0.2329 -0.9632 -0.1345
vn 0.7523 -0.4954 -0.4343
vn 0.6170 -0.7017 -0.3562
vn 0.4400 -0.8613 -0.2540
vn 0.8642 -0.0651 -0.4989
vn 0.8371 -0.2561 -0.4833
vn 0.4908 -0.8613 -0.1315
vn 0.2597 -0.9632 -0.0696
vn 0.9337 -0.2561 -0.2502
vn 0.8391 -0.4954 -0.2248
vn 0.6882 -0.7017 -0.1844
vn 0.9639 -0.0651 -0.2583
vn 0.7125 -0.7017 0.0000
vn 0.5081 -0.8613 0.0000
vn 0.9979 -0.0651 0.0000
vn 0.9666 -0.2561 0.0000
vn 0.2689 -0.9632 -0.0000
vn 0.8687 -0.4954 0.0000
vn 0.2597 -0.9632 0.0696
vn 0.8391 -0.4954 0.2248
vn 0.6882 -0.7017 0.1844
vn 0.4908 -0.8613 0.1315
vn 0.9639 -0.0651 0.2583
vn 0.9337 -0.2561 0.2502
vn 0.4400 -0.8613 0.2540
vn 0.2329 -0.9632 0.1345
vn 0.8371 -0.2561 0.4833
vn 0.7523 -0.4954 0.4343
vn 0.6170 -0.7017 0.3562
vn 0.8642 -0.0651 0.4989
vn 0.5038 -0.7017 0.5038
vn 0.3593 -0.8613 0.3593
vn 0.7056 -0.0651 0.7056
vn 0.6835 -0.2561 0.6835
vn 0.1901 -0.9632 0.1901
vn 0.6143 -0.4954 0.6143
vn 0.1345 -0.9632 0.2329
vn 0.4343 -0.4954 0.7523
vn 0.3562 -0.7017 0.6170
vn 0.2540 -0.8613 0.4400
vn 0.4989 -0.0650 0.8642
vn 0.4833 -0.2562 0.8371
vn 0.2586 -0.0650 0.9638
vn 0.2505 -0.2565 0.9335
vn 0.1315 -0.8613 0.4908
vn 0.0696 -0.9632 0.2597
vn 0.2248 -0.4954 0.8391
vn 0.1844 -0.7017 0.6882
vn -0.0000 -0.7017 0.7125
vn -0.0000 -0.8613 0.5081
vn -0.0000 -0.0666 0.9978
vn 0.0000 -0.2568 0.9665
vn 0.0000 -0.9632 0.2689
vn -0.0000 -0.4954 0.8687
vn -0.2505 -0.2565 0.9335
vn -0.2248 -0.4954 0.8391
vn -0.0696 -0.9632 0.2597
vn -0.1844 -0.7017 0.6882
vn -0.1315 -0.8613 0.4908
vn -0.2586 -0.0650 0.9638
vn -0.4989 -0.0650 0.8642
vn -0.4833 -0.2562 0.8371
vn -0.2540 -0.8613 0.4400
vn -0.1345 -0.9632 0.2329
vn -0.4343 -0.4954 0.7523
vn -0.3562 -0.7017 0.6170
vn -0.6143 -0.4954 0.6143
vn -0.5038 -0.7017 0.5038
vn -0.3593 -0.8613 0.3593
vn -0.7056 -0.0651 0.7056
vn -0.6835 -0.2561 0.6835
vn -0.1901 -0.9632 0.1901
vn -0.8371 -0.2561 0.4833
vn -0.7523 -0.4954 0.4343
vn -0.2329 -0.9632 0.1345
vn -0.6170 -0.7017 0.3562
vn -0.4400 -0.8613 0.2540
vn -0.8642 -0.0651 0.4989
vn -0.6882 -0.7017 0.1844
vn -0.4908 -0.8613 0.1315
vn -0.9639 -0.0651 0.2583
vn -0.9337 -0.2561 0.2502
vn -0.2597 -0.9632 0.0696
vn -0.8391 -0.4954 0.2248
vn -0.8687 -0.4954 0.0000
vn -0.7125 -0.7017 0.0000
vn -0.5081 -0.8613 0.0000
vn -0.9979 -0.0651 -0.0000
vn -0.9666 -0.2561 0.0000
vn -0.2689 -0.9632 0.0000
vn -0.4908 -0.8613 -0.1315
vn -0.2597 -0.9632 -0.0696
vn -0.9337 -0.2561 -0.2502
vn -0.8391 -0.4954 -0.2248
vn -0.6882 -0.7017 -0.1844
vn -0.9639 -0.0651 -0.2583
vn -0.6170 -0.7017 -0.3562
vn -0.4400 -0.8613 -0.2540
vn -0.8642 -0.0651 -0.4989
vn -0.8371 -0.2561 -0.4833
vn -0.2329 -0.9632 -0.1345
vn -0.7523 -0.4954 -0.4343
vn -0.1901 -0.9632 -0.1901
vn -0.6143 -0.4954 -0.6143
vn -0.5038 -0.7017 -0.5038
vn -0.3593 -0.8613 -0.3593
vn -0.7056 -0.0651 -0.7056
vn -0.6835 -0.2561 -0.6835
vn -0.2540 -0.8613 -0.4400
vn -0.1345 -0.9632 -0.2329
vn -0.4833 -0.2561 -0.8371
vn -0.4343 -0.4954 -0.7523
vn -0.3562 -0.7017 -0.6170
vn -0.4989 -0.0651 -0.8642
vn -0.1844 -0.7017 -0.6882
vn -0.1315 -0.8613 -0.4908
vn -0.2583 -0.0651 -0.9639
vn -0.2502 -0.2561 -0.9337
vn -0.0696 -0.9632 -0.2597
vn -0.2248 -0.4954 -0.8391
vn -0.0000 0.0651 -0.9979
vn -0.0000 0.2561 -0.9666
vn 0.2502 0.2561 -0.9337
vn 0.2583 0.0651 -0.9639
vn -0.0000 0.7017 -0.7125
vn -0.0000 0.8613 -0.5081
vn 0.1315 0.8613 -0.4908
vn 0.1844 0.7017 -0.6882
vn -0.0000 0.4954 -0.8687
vn 0.2248 0.4954 -0.8391
vn -0.0000 0.9632 -0.2689
vn -0.0000 1.0000 -0.0000
vn 0.0696 0.9632 -0.2597
vn 0.1345 0.9632 -0.2329
vn 0.4343 0.4954 -0.7523
vn 0.4833 0.2561 -0.8371
vn 0.2540 0.8613 -0.4400
vn 0.4989 0.0651 -0.8642
vn 0.3562 0.7017 -0.6170
vn 0.3593 0.8613 -0.3593
vn 0.5038 0.7017 -0.5038
vn 0.6143 0.4954 -0.6143
vn 0.1901 0.9632 -0.1901
vn 0.6835 0.2561 -0.6835
vn 0.7056 0.0651 -0.7056
vn 0.2329 0.9632 -0.1345
vn 0.4400 0.8613 -0.2540
vn 0.8371 0.2561 -0.4833
vn 0.8642 0.0651 -0.4989
vn 0.6170 0.7017 -0.3562
vn 0.7523 0.4954 -0.4343
vn 0.6882 0.7017 -0.1844
vn 0.8391 0.4954 -0.2248
vn 0.2597 0.9632 -0.0696
vn 0.9337 0.2561 -0.2502
vn 0.4908 0.8613 -0.1315
vn 0.9639 0.0651 -0.2583
vn 0.5081 0.8613 0.0000
vn 0.7125 0.7017 -0.0000
vn 0.8687 0.4954 -0.0000
vn 0.2689 0.9632 0.0000
vn 0.9666 0.2561 0.0000
vn 0.9979 0.0651 0.0000
vn 0.8391 0.4954 0.2248
vn 0.9337 0.2561 0.2502
vn 0.2597 0.9632 0.0696
vn 0.4908 0.8613 0.1315
vn 0.9639 0.0651 0.2583
vn 0.6882 0.7017 0.1844
vn 0.6170 0.7017 0.3562
vn 0.7523 0.4954 0.4343
vn 0.2329 0.9632 0.1345
vn 0.8371 0.2561 0.4833
vn 0.4400 0.8613 0.2540
vn 0.8642 0.0651 0.4989
vn 0.6835 0.2561 0.6835
vn 0.7056 0.0651 0.7056
vn 0.3593 0.8613 0.3593
vn 0.5038 0.7017 0.5038
vn 0.6143 0.4954 0.6143
vn 0.1901 0.9632 0.1901
vn 0.4343 0.4954 0.7523
vn 0.4833 0.2561 0.8371
vn 0.1345 0.9632 0.2329
vn 0.2540 0.8613 0.4400
vn 0.4989 0.0651 0.8642
vn 0.3562 0.7017 0.6170
vn 0.1844 0.7017 0.6882
vn 0.2248 0.4954 0.8391
vn 0.0696 0.9632 0.2597
vn 0.2502 0.2561 0.9337
vn 0.1315 0.8613 0.4908
vn 0.2583 0.0651 0.9639
vn 0.0000 0.2561 0.9666
vn -0.0000 0.0651 0.9979
vn -0.0000 0.8613 0.5081
vn -0.0000 0.7017 0.7125
vn 0.0000 0.4954 0.8687
vn 0.0000 0.9632 0.2689
vn -0.2248 0.4954 0.8391
vn -0.2502 0.2561 0.9337
vn -0.0696 0.9632 0.2597
vn -0.1315 0.8613 0.4908
vn -0.2583 0.0651 0.9639
vn -0.1844 0.7017 0.6882
vn -0.3562 0.7017 0.6170
vn -0.4343 0.4954 0.7523
vn -0.1345 0.9632 0.2329
vn -0.4833 0.2561 0.8371
vn -0.2540 0.8613 0.4400
vn -0.4989 0.0651 0.8642
vn -0.6835 0.2561 0.6835
vn -0.7056 0.0651 0.7056
vn -0.3593 0.8613 0.3593
vn -0.5038 0.7017 0.5038
vn -0.6143 0.4954 0.6143
vn -0.1901 0.9632 0.1901
vn -0.2329 0.9632 0.1345
vn -0.7523 0.4954 0.4343
vn -0.8371 0.2561 0.4833
vn -0.4400 0.8613 0.2540
vn -0.8642 0.0651 0.4989
vn -0.6170 0.7017 0.3562
vn -0.6882 0.7017 0.1844
vn -0.8391 0.4954 0.2248
vn -0.2597 0.9632 0.0696
vn -0.9337 0.2561 0.2502
vn -0.4908 0.8613 0.1315
vn -0.9639 0.0651 0.2583
vn -0.2689 0.9632 -0.0000
vn -0.5081 0.8613 -0.0000
vn -0.9666 0.2561 -0.0000
vn -0.9979 0.0651 -0.0000
vn -0.7125 0.7017 0.0000
vn -0.8687 0.4954 0.0000
vn -0.2597 0.9632 -0.0696
vn -0.8391 0.4954 -0.2248
vn -0.9337 0.2561 -0.2502
vn -0.4908 0.8613 -0.1315
vn -0.9639 0.0651 -0.2583
vn -0.6882 0.7017 -0.1844
vn -0.4400 0.8613 -0.2540
vn -0.6170 0.7017 -0.3562
vn -0.2588 -0.0000 -0.9659
vn -0.0000 -0.0000 -1.0000
vn -0.7523 0.4954 -0.4343
vn -0.5000 -0.0000 -0.8660
vn -0.2329 0.9632 -0.1345
vn 0.2588 -0.0000 -0.9659
vn 0.5000 -0.0000 -0.8660
vn -0.8371 0.2561 -0.4833
vn -0.8642 0.0651 -0.4989
vn -0.1901 0.9632 -0.1901
vn -0.3593 0.8613 -0.3593
vn -0.9659 0.0000 -0.2588
vn -0.8660 -0.0000 -0.5000
vn -0.6835 0.2561 -0.6835
vn -0.7056 0.0651 -0.7056
vn -0.5038 0.7017 -0.5038
vn -1.0000 0.0000 -0.0000
vn -0.7071 -0.0000 -0.7071
vn -0.6143 0.4954 -0.6143
vn -0.9659 -0.0000 0.2588
vn -0.3562 0.7017 -0.6170
vn -0.4343 0.4954 -0.7523
vn -0.0000 0.0022 1.0000
vn -0.2588 -0.0000 0.9659
vn -0.1345 0.9632 -0.2329
vn -0.7071 0.0000 0.7071
vn -0.8660 0.0000 0.5000
vn -0.4833 0.2561 -0.8371
vn -0.2540 0.8613 -0.4400
vn -0.5000 0.0000 0.8660
vn -0.4989 0.0651 -0.8642
vn -0.1315 0.8613 -0.4908
vn -0.1844 0.7017 -0.6882
vn 0.8660 0.0000 0.5000
vn 0.7071 0.0000 0.7071
vn 0.2588 -0.0000 0.9659
vn -0.2248 0.4954 -0.8391
vn 0.9659 0.0000 0.2588
vn -0.0696 0.9632 -0.2597
vn 0.5000 -0.0000 0.8660
vn -0.2502 0.2561 -0.9337
vn -0.2583 0.0651 -0.9639
vn 0.8660 0.0000 -0.5000
vn 0.9659 0.0000 -0.2588
vn 0.7071 0.0000 -0.7071
vn 1.0000 0.0000 0.0000
vn -0.5874 -0.0072 0.8092
vn -0.5699 0.1143 0.8138
vn -0.5107 0.1039 0.8535
vn -0.5204 -0.0040 0.8539
vn 0.3827 -0.0000 0.9239
vn 0.2503 0.0000 0.9682
vn -0.4186 0.4211 0.8047
vn -0.1019 0.7158 0.6909
vn -0.0765 0.6676 0.7406
vn -0.3671 0.3992 0.8401
vn 0.5918 0.0000 0.8061
vn 0.6088 0.0000 0.7934
vn 0.1019 0.7158 0.6909
vn 0.4186 0.4211 0.8047
vn 0.3671 0.3992 0.8401
vn 0.0765 0.6676 0.7406
vn -0.0000 -0.0032 1.0000
vn 0.2385 0.8139 0.5298
vn 0.1501 0.8143 0.5607
vn 0.1586 0.7649 0.6243
vn 0.2537 0.7679 0.5882
vn 0.0977 0.0102 0.9952
vn 0.2321 0.0000 0.9727
vn -0.5918 0.0000 0.8061
vn 0.5936 0.0000 0.8048
vn 0.0986 -0.0121 0.9951
vn 0.3889 -0.7311 0.5606
vn 0.4323 -0.6913 0.5789
vn 0.4408 -0.6418 0.6276
vn 0.3899 -0.6802 0.6207
vn 0.5874 -0.0072 0.8092
vn 0.5150 -0.1467 0.8445
vn 0.4613 -0.1215 0.8789
vn 0.5204 -0.0040 0.8539
vn -0.3889 -0.7311 0.5606
vn -0.1685 -0.8128 0.5577
vn -0.1737 -0.7621 0.6238
vn -0.3899 -0.6802 0.6207
vn -0.3827 -0.0000 0.9239
vn -0.5936 0.0000 0.8048
vn -0.1501 0.8143 0.5607
vn -0.2385 0.8139 0.5298
vn -0.2537 0.7679 0.5882
vn -0.1586 0.7649 0.6243
vn -0.0977 0.0102 0.9952
vn -0.2503 0.0000 0.9682
vn -0.5150 -0.1467 0.8445
vn -0.4613 -0.1215 0.8789
vn 0.2842 -0.4397 0.8520
vn 0.2486 -0.4095 0.8778
vn 0.5699 0.1143 0.8138
vn 0.5107 0.1039 0.8535
vn 0.1255 -0.6658 0.7355
vn 0.1431 -0.6280 0.7650
vn -0.0000 -0.8425 0.5388
vn 0.0000 -0.7933 0.6089
vn -0.1255 -0.6658 0.7355
vn -0.4323 -0.6913 0.5789
vn -0.4408 -0.6418 0.6276
vn -0.1431 -0.6280 0.7650
vn 0.1727 0.8150 0.5531
vn 0.1841 0.7635 0.6190
vn -0.1727 0.8150 0.5531
vn -0.1841 0.7635 0.6190
vn 0.0000 0.8172 0.5764
vn 0.0000 0.7694 0.6388
vn -0.6088 0.0000 0.7934
vn -0.0986 -0.0121 0.9951
vn -0.0000 -0.0280 0.9996
vn -0.0000 0.0230 0.9997
vn 0.1685 -0.8128 0.5577
vn 0.1737 -0.7621 0.6238
vn -0.2321 0.0000 0.9727
vn -0.2842 -0.4397 0.8520
vn -0.2486 -0.4095 0.8778
vn 0.4361 -0.7398 0.5124
vn 0.1078 -0.7207 0.6848
vn 0.0037 0.5776 -0.8163
vn -0.1096 0.5427 -0.8328
vn -0.1955 0.5197 -0.8317
vn 0.0030 0.5742 -0.8187
vn -0.3548 -0.4550 0.8168
vn -0.8138 -0.1556 -0.5599
vn -0.7342 -0.4312 -0.5244
vn -0.7400 -0.4211 -0.5245
vn -0.8139 -0.1561 -0.5597
vn -0.5938 -0.1311 0.7939
vn 0.5378 0.3987 -0.7428
vn 0.3578 0.4715 -0.8060
vn 0.3977 0.4611 -0.7932
vn 0.5681 0.3808 -0.7296
vn -0.6352 0.1093 0.7646
vn -0.4813 0.4440 0.7558
vn 0.0000 -0.6585 -0.7526
vn -0.0262 -0.6441 -0.7645
vn -0.0264 -0.6439 -0.7646
vn -0.1282 0.7725 0.6220
vn -0.5378 0.3987 -0.7428
vn -0.7122 0.2321 -0.6625
vn -0.7158 0.2260 -0.6607
vn -0.5681 0.3808 -0.7296
vn 0.1634 0.8653 0.4740
vn 0.0012 -0.6435 -0.7654
vn 0.1258 -0.6910 -0.7119
vn 0.1402 -0.6969 -0.7033
vn 0.0053 -0.6447 -0.7644
vn 0.5938 -0.1311 0.7939
vn 0.3548 -0.4550 0.8168
vn -0.7747 0.0685 -0.6286
vn -0.7896 -0.0234 -0.6132
vn -0.7747 0.0683 -0.6286
vn -0.1078 -0.7207 0.6848
vn 0.0000 0.5859 -0.8104
vn -0.4361 -0.7398 0.5124
vn 0.7747 0.0685 -0.6286
vn 0.7122 0.2321 -0.6625
vn 0.7158 0.2260 -0.6607
vn 0.7747 0.0683 -0.6286
vn -0.1634 0.8652 0.4740
vn 0.1282 0.7725 0.6220
vn -0.0012 -0.6435 -0.7654
vn 0.0262 -0.6441 -0.7645
vn 0.0264 -0.6439 -0.7646
vn -0.0053 -0.6447 -0.7644
vn 0.4813 0.4440 0.7558
vn 0.7342 -0.4312 -0.5244
vn 0.8138 -0.1556 -0.5599
vn 0.8139 -0.1561 -0.5597
vn 0.7400 -0.4211 -0.5245
vn 0.6351 0.1093 0.7646
vn 0.3760 -0.7830 0.4956
vn -0.4171 -0.6771 -0.6062
vn -0.4501 -0.6660 -0.5948
vn -0.6510 -0.0087 0.7590
vn 0.2276 0.8618 0.4533
vn 0.4171 -0.6771 -0.6062
vn 0.4501 -0.6660 -0.5948
vn 0.6510 -0.0087 0.7590
vn 0.7896 -0.0234 -0.6132
vn 0.1096 0.5427 -0.8328
vn 0.1955 0.5197 -0.8317
vn -0.3760 -0.7830 0.4956
vn -0.2276 0.8618 0.4533
vn -0.1648 -0.8562 0.4897
vn -0.0000 -0.8861 0.4636
vn -0.0037 0.5776 -0.8163
vn -0.0030 0.5742 -0.8187
vn 0.1648 -0.8562 0.4897
vn -0.3578 0.4715 -0.8060
vn -0.3977 0.4611 -0.7932
vn 0.1477 0.8579 0.4921
vn 0.0000 0.8603 0.5098
vn -0.1477 0.8579 0.4921
vn -0.1258 -0.6910 -0.7119
vn -0.1402 -0.6969 -0.7033
vn -0.0842 -0.1133 0.9900
vn -0.2688 -0.1047 0.9575
vn -0.2189 0.0245 0.9754
vn -0.0914 0.0124 0.9957
vn 0.8219 -0.0226 0.5692
vn 0.8014 0.1353 0.5827
vn 0.7863 -0.0028 0.6178
vn -0.2862 0.1636 0.9441
vn -0.1039 0.1374 0.9851
vn 0.2688 -0.1047 0.9575
vn 0.0842 -0.1133 0.9900
vn 0.0914 0.0124 0.9957
vn 0.2189 0.0245 0.9754
vn 0.1039 0.1374 0.9851
vn 0.2862 0.1636 0.9441
vn -0.7479 -0.2100 0.6297
vn -0.4518 -0.5874 0.6714
vn -0.5307 -0.5111 0.6761
vn -0.7863 -0.0028 0.6178
vn 0.6482 0.4794 0.5916
vn 0.2866 0.8197 0.4959
vn 0.2854 0.8204 0.4955
vn 0.6684 0.4473 0.5943
vn -0.0033 -0.8484 0.5294
vn 0.4518 -0.5875 0.6714
vn 0.5307 -0.5111 0.6761
vn -0.0332 -0.8569 0.5145
vn 0.0033 -0.8484 0.5294
vn 0.0332 -0.8569 0.5145
vn 0.2717 0.0113 0.9623
vn 0.2903 -0.0320 0.9564
vn 0.3448 -0.0739 0.9357
vn 0.3480 0.1405 0.9269
vn 0.2889 0.0687 0.9549
vn -0.3448 -0.0739 0.9357
vn -0.2903 -0.0320 0.9564
vn -0.2717 0.0113 0.9623
vn -0.2889 0.0687 0.9549
vn -0.3480 0.1405 0.9269
vn -0.0000 0.0076 1.0000
vn -0.0000 -0.1173 0.9931
vn -0.0000 0.1396 0.9902
vn -0.6482 0.4794 0.5915
vn -0.8014 0.1353 0.5827
vn -0.6684 0.4473 0.5943
vn -0.2866 0.8197 0.4959
vn -0.2854 0.8204 0.4955
vn -0.8219 -0.0226 0.5692
vn 0.2081 0.9407 0.2679
vn 0.0498 0.9356 0.3497
vn 0.1090 0.9389 0.3264
vn 0.7479 -0.2100 0.6297
vn -0.3715 -0.8902 0.2636
vn -0.3416 -0.8832 0.3213
vn -0.2831 -0.9017 0.3268
vn 0.3416 -0.8832 0.3213
vn 0.3715 -0.8902 0.2636
vn 0.2831 -0.9017 0.3268
vn -0.0498 0.9356 0.3497
vn -0.2081 0.9407 0.2679
vn -0.1090 0.9389 0.3264
vn 0.1659 0.9482 0.2708
vn 0.1696 0.9477 0.2704
vn 0.1883 -0.9327 0.3077
vn 0.0000 -0.9497 0.3130
vn 0.1899 -0.9324 0.3076
vn 0.0000 0.9606 0.2778
vn -0.1659 0.9482 0.2708
vn -0.1696 0.9477 0.2704
vn -0.1899 -0.9324 0.3076
vn -0.1883 -0.9327 0.3077
vn -0.7293 -0.0284 -0.6836
vn -0.7347 -0.0759 -0.6741
vn -0.7688 -0.0636 -0.6363
vn -0.7606 -0.0031 -0.6492
vn -0.8970 0.0594 -0.4380
vn -0.9050 -0.0013 -0.4254
vn -0.9254 0.0114 -0.3789
vn -0.9190 0.0584 -0.3898
vn -0.7394 -0.1229 -0.6620
vn -0.7733 -0.1245 -0.6217
vn -0.9099 -0.0620 -0.4102
vn -0.9290 -0.0362 -0.3684
vn -0.8492 -0.1024 -0.5181
vn -0.8440 -0.0333 -0.5352
vn -0.8345 0.0366 -0.5497
vn -0.9225 0.0448 -0.3833
vn -0.9176 0.0533 -0.3939
vn -0.9187 0.0542 -0.3913
vn -0.9278 -0.0333 -0.3717
vn -0.9265 -0.0341 -0.3746
vn -0.9292 -0.0214 -0.3690
vn -0.9309 0.0150 -0.3649
vn -0.7335 -0.0309 -0.6790
vn -0.7288 -0.0438 -0.6833
vn -0.7315 -0.0314 -0.6811
vn -0.7431 -0.1180 -0.6587
vn -0.7409 -0.1188 -0.6610
vn -0.7362 -0.1097 -0.6678
vn -0.7243 -0.0796 -0.6849
vn -0.0271 -0.9591 0.2818
vn -0.0277 -0.9589 0.2824
vn -0.0197 -0.9621 0.2719
vn -0.0195 -0.9622 0.2715
vn 0.1643 -0.9857 -0.0364
vn 0.0783 -0.9911 0.1080
vn 0.0551 -0.9878 0.1457
vn -0.0320 -0.9579 0.2855
vn -0.0323 -0.9578 0.2855
vn 0.5103 -0.4416 -0.7379
vn 0.5137 -0.4193 -0.7485
vn 0.4733 -0.6054 -0.6399
vn -0.0143 -0.9655 0.2601
vn -0.0142 -0.9656 0.2597
vn -0.0136 -0.9671 0.2541
vn -0.0135 -0.9671 0.2542
vn 0.0466 0.9624 -0.2675
vn 0.0464 0.9624 -0.2677
vn 0.1520 0.8907 -0.4285
vn 0.1336 0.9061 -0.4014
vn 0.5256 -0.0506 -0.8492
vn 0.5243 -0.0330 -0.8509
vn 0.5289 -0.2410 -0.8138
vn 0.5289 -0.2406 -0.8139
vn -0.0468 0.9943 -0.0959
vn -0.0553 0.9953 -0.0794
vn 0.0359 0.9677 -0.2497
vn 0.0360 0.9677 -0.2497
vn 0.0464 0.9636 -0.2632
vn 0.0465 0.9635 -0.2638
vn -0.4584 0.2430 0.8549
vn -0.4584 0.2425 0.8550
vn -0.4413 0.4422 0.7809
vn -0.4439 0.4227 0.7901
vn 0.0393 0.9670 -0.2516
vn 0.0395 0.9670 -0.2517
vn -0.4535 0.0329 0.8907
vn -0.4549 0.0538 0.8889
vn 0.0439 0.9654 -0.2570
vn 0.0438 0.9655 -0.2569
vn -0.1063 -0.9016 0.4194
vn -0.0945 -0.9122 0.3987
vn 0.3927 0.5306 -0.7512
vn 0.4001 0.5124 -0.7598
vn -0.2928 0.8646 0.4083
vn -0.2945 0.8622 0.4121
vn -0.1832 -0.8144 0.5506
vn -0.4306 -0.1627 0.8878
vn 0.9685 0.2304 -0.0944
vn 0.9795 0.1867 -0.0760
vn 0.9781 0.1669 -0.1245
vn 0.9636 0.2234 -0.1467
vn 0.9175 0.1193 -0.3794
vn 0.9320 0.0629 -0.3568
vn 0.9150 0.0412 -0.4013
vn 0.9044 0.0856 -0.4181
vn 0.9881 0.1418 -0.0589
vn 0.9888 0.1098 -0.1007
vn 0.9427 0.0056 -0.3337
vn 0.9240 -0.0028 -0.3823
vn 0.9752 0.0503 -0.2158
vn 0.9633 0.1154 -0.2425
vn 0.9463 0.1804 -0.2682
vn 0.9066 0.0705 -0.4160
vn 0.9072 0.0844 -0.4122
vn 0.9061 0.0833 -0.4147
vn 0.9244 0.0016 -0.3814
vn 0.9255 0.0029 -0.3786
vn 0.9206 0.0090 -0.3905
vn 0.9095 0.0346 -0.4142
vn 0.9694 0.2249 -0.0981
vn 0.9721 0.2183 -0.0855
vn 0.9694 0.2262 -0.0954
vn 0.9876 0.1429 -0.0657
vn 0.9876 0.1442 -0.0627
vn 0.9858 0.1563 -0.0612
vn 0.9794 0.1923 -0.0616
vn 0.9900 -0.0003 -0.1412
vn 0.9825 -0.0204 -0.1852
vn 0.9782 0.0273 -0.2057
vn 0.9875 0.0524 -0.1490
vn 0.9486 0.2278 -0.2197
vn 0.9393 0.2030 -0.2766
vn 0.9228 0.2491 -0.2940
vn 0.9305 0.2681 -0.2495
vn 0.9726 -0.0395 -0.2293
vn 0.9651 0.0018 -0.2617
vn 0.9262 0.1774 -0.3326
vn 0.9131 0.2286 -0.3375
vn 0.9480 0.0865 -0.3062
vn 0.9632 0.1155 -0.2427
vn 0.9735 0.1441 -0.1775
vn 0.9152 0.2943 -0.2752
vn 0.9202 0.2906 -0.2621
vn 0.9192 0.2933 -0.2629
vn 0.9033 0.2568 -0.3438
vn 0.9045 0.2539 -0.3427
vn 0.9034 0.2664 -0.3360
vn 0.9050 0.2917 -0.3096
vn 0.9906 -0.0270 -0.1340
vn 0.9893 -0.0399 -0.1403
vn 0.9907 -0.0296 -0.1326
vn 0.9746 -0.0626 -0.2151
vn 0.9747 -0.0656 -0.2137
vn 0.9772 -0.0666 -0.2017
vn 0.9840 -0.0649 -0.1658
vn 0.0348 -0.9783 0.2042
vn 0.0364 -0.9769 0.2108
vn -0.0124 -0.9999 0.0075
vn 0.1053 -0.9204 0.3765
vn 0.1054 -0.9207 0.3757
vn 0.1068 -0.9154 0.3881
vn 0.1069 -0.9152 0.3885
vn -0.2263 -0.4128 -0.8823
vn -0.2261 -0.4129 -0.8823
vn -0.2234 -0.4158 -0.8816
vn -0.2238 -0.4153 -0.8817
vn 0.1670 -0.7139 0.6801
vn 0.1431 -0.8210 0.5526
vn 0.1361 -0.8455 0.5163
vn 0.2040 0.4033 0.8920
vn 0.2041 0.4033 0.8920
vn 0.2175 0.2206 0.9508
vn 0.2170 0.2306 0.9485
vn 0.1064 -0.9226 0.3707
vn 0.1065 -0.9227 0.3705
vn -0.2282 -0.4071 -0.8844
vn -0.2281 -0.4076 -0.8842
vn 0.1965 0.1962 0.9607
vn 0.1945 0.2206 0.9558
vn 0.2077 0.0028 0.9782
vn 0.1205 -0.8201 0.5593
vn 0.1229 -0.8129 0.5692
vn 0.0809 -0.9158 0.3935
vn 0.0809 -0.9157 0.3937
vn 0.1110 -0.9099 0.3996
vn 0.1111 -0.9098 0.3999
vn 0.1146 -0.9075 0.4041
vn 0.1145 -0.9076 0.4040
vn -0.1295 0.9186 -0.3734
vn -0.1292 0.9187 -0.3733
vn -0.0888 0.9794 -0.1814
vn -0.0961 0.9716 -0.2160
vn 0.1758 0.5517 0.8153
vn 0.1662 0.5923 0.7884
vn 0.2037 0.4065 0.8907
vn 0.2035 0.4062 0.8908
vn 0.1482 0.5702 0.8080
vn 0.1454 0.5846 0.7982
vn 0.1753 0.4014 0.8990
vn 0.1753 0.4017 0.8988
vn 0.2019 0.4039 0.8922
vn -0.1601 0.9125 -0.3764
vn -0.1602 0.9125 -0.3765
vn -0.1141 0.9754 -0.1886
vn -0.1150 0.9746 -0.1922
vn -0.1748 0.8229 -0.5406
vn -0.1788 0.8123 -0.5552
vn -0.1339 0.9100 -0.3924
vn -0.1340 0.9100 -0.3923
vn 0.2018 0.4052 0.8917
vn 0.2016 0.4052 0.8917
vn -0.2020 0.8080 -0.5535
vn -0.1992 0.8170 -0.5411
vn -0.1323 0.9170 -0.3763
vn -0.1320 0.9172 -0.3759
vn -0.2534 -0.4094 -0.8764
vn -0.2533 -0.4099 -0.8762
vn -0.2742 -0.2068 -0.9392
vn -0.2726 -0.2281 -0.9347
vn 0.2006 0.4045 0.8923
vn 0.2006 0.4044 0.8923
vn -0.2516 -0.2107 -0.9446
vn -0.2455 -0.2627 -0.9331
vn 0.1585 -0.6801 0.7158
vn -0.1352 0.9113 -0.3889
vn -0.1352 0.9114 -0.3887
vn -0.2223 -0.5935 -0.7735
vn -0.2258 -0.5765 -0.7852
vn 0.2219 0.0411 0.9742
vn -0.1347 0.9142 -0.3822
vn -0.1348 0.9141 -0.3823
vn 0.0636 -0.9731 0.2216
vn 0.0705 -0.9667 0.2459
vn -0.2064 -0.5553 -0.8057
vn -0.2047 -0.5666 -0.7982
vn -0.2258 -0.3985 -0.8889
vn -0.2259 -0.3986 -0.8889
vn 0.0292 0.9385 0.3440
vn 0.0339 0.9310 0.3636
vn 0.0298 0.9366 0.3492
vn 0.0433 0.9171 0.3962
vn -0.2684 0.3734 -0.8880
vn -0.2689 0.3690 -0.8897
vn -0.2658 -0.0478 -0.9628
vn -0.2333 0.6772 -0.6978
vn -0.2277 -0.4016 -0.8871
vn -0.2277 -0.4017 -0.8870
vn 0.0161 -0.9984 0.0547
vn -0.1788 -0.7055 -0.6858
vn -0.1846 -0.7398 -0.6470
vn -0.5914 0.3944 0.7034
vn -0.5258 0.3684 0.7667
vn -0.5064 0.4524 0.7341
vn -0.5756 0.4696 0.6695
vn -0.4456 0.3506 0.8237
vn -0.4077 0.4402 0.8000
vn -0.3382 0.5296 0.7779
vn -0.4689 0.5262 0.7095
vn -0.5572 0.5244 0.6439
vn -0.4212 0.5615 0.7123
vn -0.5059 0.5747 0.6433
vn -0.3230 0.5410 0.7765
vn -0.3040 0.5655 0.7667
vn -0.3785 0.5935 0.7103
vn -0.4555 0.6176 0.6412
vn -0.3237 0.4558 0.8291
vn -0.2768 0.5447 0.7917
vn -0.3597 0.3683 0.8573
vn -0.3016 0.3846 0.8724
vn -0.2714 0.4689 0.8405
vn -0.2399 0.5463 0.8025
vn -0.5670 0.3917 0.7246
vn -0.5262 0.4640 0.7126
vn -0.6008 0.4630 0.6517
vn -0.6409 0.3814 0.6661
vn -0.4964 0.5175 0.6970
vn -0.5719 0.5378 0.6195
vn -0.6553 0.5653 0.5010
vn -0.6796 0.4708 0.5626
vn -0.7095 0.3802 0.5933
vn -0.4959 0.5736 0.6519
vn -0.5762 0.5789 0.5769
vn -0.4948 0.6220 0.6069
vn -0.5756 0.6157 0.5382
vn -0.6441 0.6037 0.4697
vn -0.6545 0.5782 0.4871
vn -0.6748 0.5894 0.4442
vn -0.7170 0.5000 0.4857
vn -0.6899 0.5968 0.4096
vn -0.7331 0.5208 0.4374
vn -0.7713 0.4374 0.4623
vn -0.7512 0.4123 0.5155
vn -0.4795 0.6346 0.6061
vn -0.5286 0.5704 0.6286
vn -0.4519 0.5694 0.6868
vn -0.3997 0.6391 0.6571
vn -0.5600 0.5184 0.6463
vn -0.4827 0.4965 0.7215
vn -0.3768 0.4469 0.8114
vn -0.3580 0.5468 0.7568
vn -0.3171 0.6265 0.7120
vn -0.5589 0.4609 0.6894
vn -0.4731 0.4501 0.7573
vn -0.5539 0.4065 0.7266
vn -0.4659 0.4058 0.7863
vn -0.3805 0.4011 0.8332
vn -0.3744 0.4308 0.8211
vn -0.3410 0.4068 0.8475
vn -0.3030 0.5002 0.8112
vn -0.3139 0.3876 0.8668
vn -0.2729 0.4658 0.8418
vn -0.2280 0.5426 0.8084
vn -0.2610 0.5802 0.7715
vn -0.4551 0.6319 0.6273
vn -0.5148 0.6521 0.5565
vn -0.5462 0.5800 0.6044
vn -0.4792 0.5649 0.6718
vn -0.5810 0.6562 0.4816
vn -0.6300 0.5774 0.5194
vn -0.6939 0.4825 0.5345
vn -0.5857 0.5080 0.6315
vn -0.4992 0.5116 0.6994
vn -0.6281 0.4676 0.6220
vn -0.5490 0.4598 0.6980
vn -0.7058 0.4680 0.5317
vn -0.7207 0.4394 0.5362
vn -0.6631 0.4280 0.6141
vn -0.5932 0.4109 0.6923
vn -0.6963 0.5444 0.4678
vn -0.7390 0.4515 0.5000
vn -0.6524 0.6243 0.4297
vn -0.6977 0.5954 0.3983
vn -0.7346 0.5177 0.4387
vn -0.7639 0.4382 0.4739
vn 0.3269 -0.5592 -0.7619
vn 0.3410 -0.5258 -0.7793
vn 0.3723 -0.5317 -0.7607
vn 0.3504 -0.5656 -0.7466
vn 0.3988 -0.5222 -0.7538
vn 0.3575 -0.5674 -0.7418
vn 0.4088 -0.4856 -0.7727
vn 0.4612 -0.4599 -0.7588
vn 0.3616 -0.4861 -0.7956
vn 0.3990 -0.4424 -0.8032
vn 0.4541 -0.4477 -0.7703
vn 0.5101 -0.4503 -0.7328
vn 0.4805 -0.4262 -0.7665
vn 0.5295 -0.4393 -0.7257
vn 0.4276 -0.4108 -0.8052
vn 0.4523 -0.4307 -0.7810
vn 0.4201 -0.4974 -0.7590
vn 0.3878 -0.5580 -0.7336
vn 0.4458 -0.4851 -0.7523
vn 0.4254 -0.5489 -0.7195
vn 0.4628 -0.4218 -0.7797
vn 0.6373 -0.5940 -0.4909
vn 0.6184 -0.5957 -0.5126
vn 0.6338 -0.5611 -0.5324
vn 0.6568 -0.5613 -0.5035
vn 0.6469 -0.5123 -0.5648
vn 0.6753 -0.5213 -0.5217
vn 0.6249 -0.5476 -0.5564
vn 0.6298 -0.4788 -0.6116
vn 0.6126 -0.5961 -0.5191
vn 0.6435 -0.4690 -0.6049
vn 0.6835 -0.4744 -0.5547
vn 0.6391 -0.4441 -0.6279
vn 0.6860 -0.4398 -0.5797
vn 0.5992 -0.4603 -0.6550
vn 0.5912 -0.4463 -0.6718
vn 0.6305 -0.5211 -0.5753
vn 0.6565 -0.4536 -0.6027
vn 0.6222 -0.5049 -0.5983
vn 0.6549 -0.4434 -0.6119
vn 0.6019 -0.5821 -0.5467
vn 0.5844 -0.5668 -0.5807
vn 0.3933 -0.4166 -0.8196
vn 0.4179 -0.4206 -0.8052
vn 0.4063 -0.4589 -0.7902
vn 0.3757 -0.4512 -0.8095
vn 0.3968 -0.5112 -0.7623
vn 0.3586 -0.4926 -0.7929
vn 0.4198 -0.4771 -0.7721
vn 0.4193 -0.5500 -0.7223
vn 0.4254 -0.4218 -0.8007
vn 0.4030 -0.5573 -0.7259
vn 0.3527 -0.5418 -0.7629
vn 0.4077 -0.5825 -0.7032
vn 0.3504 -0.5765 -0.7381
vn 0.4534 -0.5720 -0.6835
vn 0.4612 -0.5858 -0.6664
vn 0.4163 -0.5055 -0.7558
vn 0.3874 -0.5701 -0.7246
vn 0.4274 -0.5244 -0.7364
vn 0.3890 -0.5803 -0.7155
vn 0.4420 -0.4417 -0.7808
vn 0.4655 -0.4629 -0.7543
vn 0.7037 -0.4515 -0.5486
vn 0.6916 -0.4868 -0.5337
vn 0.6677 -0.4883 -0.5619
vn 0.6859 -0.4508 -0.5712
vn 0.6460 -0.5025 -0.5747
vn 0.6804 -0.4505 -0.5780
vn 0.6349 -0.5380 -0.5545
vn 0.5878 -0.5689 -0.5751
vn 0.6723 -0.5278 -0.5191
vn 0.6372 -0.5738 -0.5145
vn 0.5925 -0.5786 -0.5605
vn 0.5425 -0.5820 -0.6057
vn 0.5663 -0.6004 -0.5647
vn 0.5229 -0.5928 -0.6125
vn 0.6087 -0.6056 -0.5126
vn 0.5915 -0.5930 -0.5463
vn 0.6267 -0.5291 -0.5720
vn 0.6561 -0.4657 -0.5938
vn 0.6039 -0.5443 -0.5824
vn 0.6245 -0.4807 -0.6156
vn 0.5811 -0.6019 -0.5477
vn 0.7006 0.7132 -0.0195
vn 0.7476 0.6539 -0.1161
vn 0.6447 0.7183 -0.2614
vn 0.5768 0.8005 -0.1627
vn -0.7064 0.1766 -0.6854
vn -0.6204 0.1008 -0.7778
vn -0.6654 0.0015 -0.7465
vn -0.7498 0.0881 -0.6558
vn 0.7445 -0.0814 0.6626
vn 0.8183 -0.1606 0.5518
vn 0.8862 0.0341 0.4619
vn 0.8148 0.1164 0.5679
vn -0.8293 -0.1578 -0.5361
vn -0.7593 -0.2245 -0.6107
vn -0.8334 -0.1534 -0.5310
vn 0.7310 0.6811 0.0419
vn 0.7809 0.6231 -0.0440
vn 0.7227 0.6890 0.0546
vn 0.8758 0.4682 0.1175
vn 0.8052 0.5482 0.2262
vn -0.4421 0.5185 -0.7319
vn -0.3578 0.4565 -0.8146
vn -0.4304 0.5101 -0.7447
vn 0.1739 0.8385 -0.5164
vn 0.2229 0.7701 -0.5978
vn 0.1655 0.8488 -0.5022
vn 0.6283 0.7258 -0.2800
vn 0.5507 0.8144 -0.1829
vn 0.3891 0.8547 -0.3437
vn 0.4868 0.7646 -0.4224
vn 0.4105 0.7738 -0.4824
vn 0.3264 0.8461 -0.4213
vn -0.4894 0.4641 -0.7383
vn -0.4202 0.3874 -0.8206
vn -0.5442 0.2244 -0.8084
vn -0.6280 0.3078 -0.7147
vn 0.4854 0.7621 -0.4284
vn 0.3903 0.8545 -0.3429
vn 0.4526 0.8526 -0.2613
vn 0.5654 0.7461 -0.3517
vn -0.6651 0.0104 -0.7467
vn -0.7547 0.0914 -0.6497
vn -0.5776 -0.7998 0.1636
vn -0.4923 -0.8678 0.0677
vn -0.2984 -0.9204 0.2528
vn -0.4026 -0.8474 0.3462
vn 0.7044 -0.1690 0.6894
vn 0.7787 -0.2488 0.5760
vn 0.8190 -0.1653 0.5495
vn 0.7514 -0.0806 0.6549
vn -0.6861 -0.7275 0.0010
vn -0.6057 -0.7931 -0.0644
vn 0.8566 -0.0653 0.5118
vn 0.7862 0.0089 0.6179
vn -0.6473 0.2807 -0.7087
vn -0.5625 0.1970 -0.8030
vn -0.6670 0.0064 -0.7450
vn -0.7566 0.0873 -0.6480
vn 0.6086 -0.3155 0.7281
vn 0.6687 -0.3851 0.6361
vn 0.6126 -0.3199 0.7228
vn -0.2552 0.6674 -0.6996
vn -0.1673 0.5855 -0.7932
vn 0.8518 0.3659 0.3749
vn 0.9046 0.3146 0.2877
vn 0.8418 0.3741 0.3891
vn -0.7255 -0.6864 -0.0488
vn -0.6547 -0.7468 -0.1165
vn -0.7352 -0.6767 -0.0387
vn 0.2133 0.8523 -0.4775
vn 0.2877 0.7641 -0.5774
vn 0.4803 0.8288 -0.2869
vn 0.5205 0.7614 -0.3863
vn 0.4507 0.7687 -0.4539
vn 0.3970 0.8538 -0.3367
vn -0.1693 -0.8430 0.5106
vn -0.0956 -0.8949 0.4358
vn -0.1813 -0.8333 0.5223
vn 0.3961 0.8538 -0.3378
vn 0.4565 0.7654 -0.4537
vn 0.3689 0.7682 -0.5233
vn 0.3077 0.8689 -0.3878
vn 0.4862 -0.4610 0.7423
vn 0.5562 -0.5207 0.6477
vn 0.6915 -0.3689 0.6211
vn 0.6163 -0.2962 0.7297
vn -0.3968 -0.8480 0.3512
vn -0.3274 -0.9171 0.2275
vn -0.1141 -0.9103 0.3979
vn -0.1890 -0.8434 0.5029
vn 0.0397 -0.8656 0.4991
vn -0.0062 -0.8039 0.5947
vn -0.7080 0.1725 -0.6848
vn -0.6165 0.0897 -0.7823
vn -0.6612 0.0105 -0.7502
vn -0.7527 0.0819 -0.6533
vn 0.6353 -0.2689 0.7239
vn 0.7108 -0.3424 0.6144
vn 0.8202 -0.1566 0.5502
vn 0.7464 -0.0773 0.6610
vn -0.7058 -0.0826 -0.7035
vn -0.7908 -0.0044 -0.6121
vn 0.2439 -0.6564 0.7139
vn 0.3166 -0.7319 0.6034
vn -0.6130 0.3197 -0.7225
vn -0.5360 0.2549 -0.8048
vn -0.6086 0.3159 -0.7279
vn 0.0456 -0.7645 0.6430
vn 0.1030 -0.8320 0.5451
vn 0.0531 -0.7740 0.6310
vn -0.2219 -0.8439 0.4885
vn -0.1354 -0.9135 0.3837
vn -0.8427 -0.3749 -0.3864
vn -0.7759 -0.4408 -0.4513
vn -0.8529 -0.3632 -0.3750
vn -0.5964 -0.7866 0.1599
vn -0.5300 -0.8461 0.0566
vn -0.5876 -0.7960 0.1453
vn -0.4622 -0.8466 0.2640
vn -0.3724 -0.9067 0.1980
vn -0.2975 -0.9189 0.2592
vn -0.4038 -0.8472 0.3453
vn -0.8335 -0.1333 -0.5362
vn -0.7454 -0.2074 -0.6335
vn -0.7736 -0.3713 -0.5135
vn -0.8504 -0.3107 -0.4247
vn -0.2118 -0.9222 0.3237
vn -0.3363 -0.8408 0.4242
vn 0.2665 0.7609 -0.5917
vn 0.1883 0.8442 -0.5019
vn 0.7485 -0.0869 0.6574
vn 0.8232 -0.1563 0.5458
vn 0.8591 -0.0762 0.5061
vn 0.7853 0.0047 0.6191
vn -0.7379 -0.1796 -0.6505
vn -0.8268 -0.1046 -0.5527
vn 0.1022 0.7264 -0.6796
vn 0.0207 0.7897 -0.6132
vn 0.7019 -0.1722 0.6912
vn 0.7712 -0.2486 0.5861
vn -0.7264 -0.6147 -0.3074
vn -0.8164 -0.5372 -0.2119
vn 0.8333 0.1538 0.5310
vn 0.8920 0.0944 0.4420
vn 0.8290 0.1576 0.5365
vn -0.0581 0.7767 -0.6272
vn 0.0232 0.7083 -0.7056
vn -0.0476 0.7686 -0.6379
vn -0.4760 -0.8752 0.0863
vn -0.5593 -0.8060 0.1939
vn 0.4310 -0.5076 0.7461
vn 0.4865 -0.5827 0.6509
vn 0.4395 -0.5190 0.7331
vn 0.5806 0.8021 -0.1398
vn 0.6573 0.7212 -0.2185
vn 0.5922 0.7915 -0.1512
vn -0.3958 -0.8481 0.3523
vn -0.3336 -0.9148 0.2276
vn -0.2624 -0.9191 0.2940
vn -0.3083 -0.8639 0.3984
vn 0.8218 0.1448 0.5511
vn 0.8927 0.0629 0.4462
vn 0.9096 0.2379 0.3405
vn 0.8472 0.3138 0.4287
vn -0.4812 -0.8245 0.2977
vn -0.4084 -0.9001 0.1521
vn -0.6969 -0.0829 -0.7124
vn -0.7889 -0.0011 -0.6145
vn -0.6260 -0.7223 0.2940
vn -0.4565 -0.7598 0.4629
vn -0.8858 -0.4491 -0.1170
vn -0.8941 -0.0261 -0.4472
vn -0.8262 0.1703 -0.5370
vn -0.2648 -0.7550 0.5998
vn -0.0636 -0.7093 0.7020
vn 0.3190 0.9212 -0.2228
vn 0.2529 0.9281 -0.2731
vn 0.4134 0.8990 -0.1448
vn 0.7761 0.4199 0.4705
vn 0.5429 -0.2452 0.8032
vn 0.6578 -0.0084 0.7532
vn 0.7011 0.0810 0.7085
vn 0.6138 -0.0859 0.7847
vn -0.6988 0.3784 -0.6071
vn -0.5542 0.5374 -0.6357
vn 0.1136 0.9039 -0.4124
vn 0.6616 0.7367 0.1399
vn -0.8254 0.1583 -0.5418
vn -0.8607 0.0798 -0.5028
vn 0.6546 0.0038 0.7559
vn 0.7338 0.2174 0.6437
vn 0.7637 0.3893 0.5150
vn 0.5058 0.8598 -0.0699
vn -0.1283 0.8255 -0.5497
vn -0.4938 -0.7556 0.4303
vn -0.3013 -0.7588 0.5774
vn 0.1705 -0.5679 0.8053
vn 0.5500 -0.1884 0.8137
vn -0.7724 -0.6297 0.0831
vn -0.6521 -0.7115 0.2616
vn 0.3542 0.9167 -0.1847
vn 0.2954 0.9239 -0.2433
vn 0.2039 0.9225 -0.3277
vn -0.5081 0.5642 -0.6508
vn -0.8901 -0.0841 -0.4479
vn -0.7756 0.2470 -0.5809
vn 0.1044 0.9124 -0.3958
vn -0.0820 0.8522 -0.5168
vn 0.2889 0.9242 -0.2498
vn -0.4873 -0.7561 0.4368
vn -0.4262 -0.7582 0.4934
vn -0.5722 -0.7432 0.3467
vn -0.9069 -0.2916 -0.3043
vn -0.6759 0.3757 -0.6341
vn -0.8208 0.1683 -0.5459
vn -0.8571 0.0720 -0.5100
vn -0.7813 0.2502 -0.5717
vn 0.5323 -0.2151 0.8188
vn 0.6528 -0.0002 0.7575
vn 0.4017 -0.3878 0.8296
vn -0.2525 -0.7677 0.5890
vn -0.7951 -0.6058 0.0298
vn 0.4631 0.8820 -0.0868
vn 0.7200 0.6117 0.3277
vn 0.7265 0.1905 0.6603
vn 0.4917 0.8688 -0.0576
vn 0.3261 0.9200 -0.2172
vn -0.5274 -0.7469 0.4050
vn -0.4637 -0.7588 0.4574
vn -0.3627 -0.7668 0.5296
vn 0.3774 -0.4360 0.8170
vn 0.7571 0.2146 0.6171
vn 0.6195 -0.0940 0.7793
vn 0.6624 0.0016 0.7491
vn 0.6932 0.0845 0.7157
vn -0.8281 0.1663 -0.5354
vn -0.9003 -0.0541 -0.4320
vn -0.9162 -0.2397 -0.3211
vn -0.6447 -0.7236 0.2465
vn -0.0052 -0.6946 0.7194
vn 0.1384 0.9185 -0.3703
vn -0.3362 0.7304 -0.5945
vn -0.7176 0.3528 -0.6005
vn 0.6267 0.7725 0.1021
vn -0.1675 -0.9815 0.0925
vn -0.2785 -0.9579 0.0706
vn -0.2281 -0.9701 -0.0827
vn -0.1228 -0.9892 -0.0799
vn -0.2809 0.0000 -0.9597
vn -0.1855 -0.3913 -0.9014
vn -0.0553 -0.3856 -0.9210
vn -0.0958 0.0000 -0.9954
vn -0.0958 0.0000 0.9954
vn -0.2809 0.0000 0.9597
vn -0.2785 -0.3560 0.8920
vn -0.1116 -0.3761 0.9199
vn -0.0000 0.0000 1.0000
vn -0.0000 -0.3801 0.9250
vn 0.0958 0.0000 0.9954
vn 0.1116 -0.3761 0.9199
vn 0.2785 -0.3560 0.8920
vn 0.2809 0.0000 0.9597
vn 0.0958 0.0000 -0.9954
vn -0.0000 -0.3892 -0.9212
vn 0.0553 -0.3856 -0.9210
vn 0.0821 -0.9926 0.0890
vn -0.0000 -0.9959 0.0901
vn -0.0000 -0.9964 -0.0842
vn 0.0663 -0.9942 -0.0850
vn -0.5529 0.0000 0.8333
vn -0.5098 -0.3000 0.8063
vn 0.2809 0.0000 -0.9597
vn 0.1855 -0.3913 -0.9014
vn -0.0821 -0.9926 0.0890
vn -0.0663 -0.9942 -0.0850
vn 0.1228 -0.9892 -0.0799
vn 0.1675 -0.9815 0.0925
vn 0.1221 0.0000 -0.9925
vn 0.1188 -0.3500 -0.9292
vn 0.2281 -0.9701 -0.0827
vn 0.2785 -0.9579 0.0705
vn 0.9884 0.0000 0.1521
vn 0.9501 -0.2862 0.1243
vn 0.9319 -0.3101 -0.1882
vn 0.9800 -0.0000 -0.1991
vn -0.9884 0.0000 0.1521
vn -0.9800 0.0000 -0.1991
vn -0.9319 -0.3101 -0.1882
vn -0.9501 -0.2862 0.1243
vn -0.1221 0.0000 -0.9925
vn -0.1188 -0.3500 -0.9292
vn 0.5098 -0.3000 0.8063
vn 0.4413 -0.7836 0.4373
vn 0.6305 -0.6993 0.3369
vn 0.8137 -0.2512 0.5241
vn 0.6322 -0.7687 0.0971
vn -0.8137 -0.2512 0.5241
vn -0.6305 -0.6993 0.3369
vn -0.4413 -0.7836 0.4373
vn -0.6322 -0.7687 0.0971
vn 0.0650 -0.2944 -0.9535
vn 0.4129 -0.8068 -0.4225
vn 0.0720 -0.8733 -0.4819
vn 0.5761 -0.8130 -0.0846
vn 0.8854 -0.3127 -0.3438
vn -0.0720 -0.8733 -0.4819
vn -0.4129 -0.8068 -0.4225
vn -0.0650 -0.2944 -0.9535
vn -0.5761 -0.8130 -0.0846
vn -0.8854 -0.3127 -0.3438
vn 0.2450 -0.8500 0.4663
vn -0.2450 -0.8500 0.4663
vn -0.0000 -0.8810 0.4731
vn -0.1077 -0.8768 0.4686
vn 0.1077 -0.8768 0.4686
vn 0.0166 -0.8947 -0.4463
vn -0.0166 -0.8947 -0.4463
vn -0.0000 -0.8895 -0.4569
vn -0.0248 -0.8874 -0.4603
vn 0.0248 -0.8874 -0.4603
vn 0.9103 -0.0000 -0.4139
vn 0.0373 0.0000 -0.9993
vn 0.8534 0.0000 0.5213
vn 0.5529 0.0000 0.8333
vn -0.9103 0.0000 -0.4139
vn -0.0373 0.0000 -0.9993
vn -0.8534 0.0000 0.5213
vn 0.1675 0.9815 0.0925
vn 0.2785 0.9579 0.0705
vn 0.2281 0.9701 -0.0827
vn 0.1228 0.9892 -0.0799
vn 0.1855 0.3913 -0.9014
vn 0.0553 0.3856 -0.9210
vn 0.2785 0.3560 0.8920
vn 0.1116 0.3761 0.9199
vn -0.0000 0.3801 0.9250
vn -0.1116 0.3761 0.9199
vn -0.2785 0.3560 0.8920
vn 0.0000 0.3892 -0.9212
vn -0.0553 0.3856 -0.9210
vn -0.0821 0.9926 0.0890
vn 0.0000 0.9959 0.0901
vn 0.0000 0.9964 -0.0842
vn -0.0663 0.9942 -0.0850
vn 0.5098 0.3000 0.8063
vn -0.1855 0.3913 -0.9014
vn 0.0821 0.9926 0.0890
vn 0.0663 0.9942 -0.0850
vn -0.1228 0.9892 -0.0799
vn -0.1675 0.9815 0.0925
vn -0.1188 0.3500 -0.9292
vn -0.2281 0.9701 -0.0827
vn -0.2785 0.9579 0.0705
vn -0.9501 0.2862 0.1243
vn -0.9319 0.3101 -0.1882
vn 0.9319 0.3101 -0.1882
vn 0.9501 0.2862 0.1243
vn 0.1188 0.3500 -0.9292
vn -0.5098 0.3000 0.8063
vn -0.4413 0.7836 0.4373
vn -0.6305 0.6993 0.3369
vn -0.8137 0.2512 0.5241
vn -0.6322 0.7687 0.0971
vn 0.8137 0.2512 0.5241
vn 0.6304 0.6993 0.3369
vn 0.4413 0.7836 0.4373
vn 0.6322 0.7687 0.0971
vn -0.0650 0.2944 -0.9535
vn -0.4129 0.8068 -0.4225
vn -0.0720 0.8733 -0.4819
vn -0.5761 0.8130 -0.0846
vn -0.8854 0.3127 -0.3439
vn 0.0720 0.8733 -0.4819
vn 0.4129 0.8068 -0.4226
vn 0.0650 0.2944 -0.9535
vn 0.5761 0.8130 -0.0846
vn 0.8854 0.3127 -0.3439
vn -0.2450 0.8500 0.4663
vn 0.2450 0.8500 0.4663
vn -0.0000 0.8810 0.4731
vn 0.1077 0.8768 0.4686
vn -0.1077 0.8768 0.4686
vn -0.0166 0.8947 -0.4463
vn 0.0166 0.8947 -0.4463
vn 0.0000 0.8895 -0.4569
vn 0.0248 0.8874 -0.4603
vn -0.0248 0.8874 -0.4603
vn -0.7311 -0.6620 0.1655
vn -0.6435 -0.6442 0.4134
vn -0.8510 -0.1863 0.4910
vn -0.9547 -0.2047 0.2161
vn 0.9853 0.1704 -0.0141
vn 0.7969 0.6035 0.0263
vn 0.7839 0.4402 0.4380
vn 0.8627 0.1289 0.4890
vn -0.2433 -0.9684 0.0551
vn -0.1538 -0.9400 0.3044
vn -0.3606 -0.1542 0.9199
vn -0.3606 0.1542 0.9199
vn -0.8510 0.1863 0.4910
vn -0.3252 0.4846 0.8121
vn -0.6435 0.6443 0.4134
vn 0.9853 -0.1701 -0.0139
vn 0.8627 -0.1287 0.4891
vn 0.7834 -0.4409 0.4380
vn 0.7958 -0.6050 0.0261
vn -0.1538 0.9400 0.3045
vn 0.0921 0.6067 0.7895
vn 0.2107 -0.1275 0.9692
vn -0.3252 -0.4846 0.8121
vn 0.0921 -0.6068 0.7895
vn 0.2107 0.1275 0.9692
vn 0.5533 -0.1203 0.8243
vn 0.5534 0.1203 0.8242
vn 0.9507 -0.1873 -0.2472
vn 0.9506 0.1877 -0.2472
vn 0.3119 0.9471 -0.0762
vn -0.2436 0.9683 0.0551
vn 0.3477 0.9225 0.1677
vn -0.7310 0.6620 0.1655
vn 0.5003 0.5758 0.6466
vn 0.3470 -0.9229 0.1671
vn 0.5002 -0.5762 0.6464
vn -0.9547 0.2047 0.2161
vn 0.3095 -0.9478 -0.0764
vn 0.7629 -0.6169 -0.1935
vn 0.7647 0.6147 -0.1934
vn 0.7311 -0.6620 0.1655
vn 0.9547 -0.2047 0.2161
vn 0.8510 -0.1863 0.4910
vn 0.6435 -0.6442 0.4134
vn -0.9853 0.1704 -0.0141
vn -0.8627 0.1289 0.4890
vn -0.7839 0.4402 0.4380
vn -0.7969 0.6035 0.0263
vn 0.2433 -0.9684 0.0551
vn 0.1538 -0.9400 0.3044
vn 0.3606 -0.1542 0.9199
vn 0.8510 0.1863 0.4910
vn 0.3606 0.1542 0.9199
vn 0.6435 0.6443 0.4134
vn 0.3252 0.4846 0.8121
vn -0.9853 -0.1701 -0.0139
vn -0.7958 -0.6050 0.0261
vn -0.7834 -0.4409 0.4380
vn -0.8627 -0.1287 0.4891
vn 0.1538 0.9400 0.3045
vn -0.0921 0.6067 0.7895
vn -0.2107 -0.1275 0.9692
vn -0.0921 -0.6068 0.7895
vn 0.3252 -0.4846 0.8121
vn -0.2107 0.1275 0.9692
vn -0.5533 -0.1203 0.8243
vn -0.5534 0.1203 0.8242
vn -0.9507 -0.1873 -0.2472
vn -0.9506 0.1877 -0.2472
vn -0.3119 0.9471 -0.0762
vn -0.3477 0.9225 0.1677
vn 0.2436 0.9683 0.0551
vn 0.7310 0.6620 0.1655
vn -0.5003 0.5758 0.6466
vn -0.3470 -0.9229 0.1671
vn -0.5002 -0.5762 0.6464
vn 0.9547 0.2047 0.2161
vn -0.7629 -0.6169 -0.1935
vn -0.3095 -0.9478 -0.0764
vn -0.7647 0.6147 -0.1934
vn 0.2296 -0.1395 0.9632
vn 0.1059 0.1975 0.9746
vn -0.1410 0.1020 0.9847
vn -0.0018 -0.2011 0.9796
vn 0.9377 0.0781 -0.3387
vn 0.8365 0.4452 -0.3193
vn 0.8826 0.4344 -0.1798
vn 0.9783 0.0923 -0.1857
vn -0.3412 0.9393 0.0366
vn -0.5904 0.8037 0.0735
vn -0.5414 0.8013 0.2546
vn -0.2942 0.9222 0.2512
vn -0.8242 -0.4900 0.2840
vn -0.9478 -0.1409 0.2859
vn -0.9839 -0.1287 0.1237
vn -0.8569 -0.5040 0.1077
vn 0.2766 -0.9455 0.1716
vn 0.1997 -0.6689 0.7161
vn 0.1684 -0.9219 0.3489
vn 0.1364 -0.9783 0.1559
vn -0.5157 -0.3731 0.7712
vn -0.0727 -0.3750 0.9242
vn -0.7050 -0.6582 0.2639
vn -0.6694 -0.6014 0.4361
vn -0.3736 0.5544 0.7437
vn -0.7047 0.2992 0.6433
vn -0.6539 -0.0640 0.7538
vn -0.8925 0.3646 0.2654
vn 0.3745 -0.9089 0.1834
vn 0.3057 -0.9335 0.1876
vn 0.3863 -0.6070 0.6945
vn 0.3598 -0.6093 0.7066
vn -0.2465 0.9689 0.0205
vn -0.1760 0.9583 0.2251
vn 0.3855 -0.9143 0.1240
vn 0.5013 -0.8645 0.0358
vn 0.5322 -0.8164 0.2244
vn 0.4212 -0.8532 0.3076
vn 0.9203 0.0828 0.3824
vn 0.9979 -0.0587 -0.0291
vn 0.9774 -0.1071 -0.1823
vn 0.5480 -0.0281 0.8360
vn 0.5516 -0.2071 0.8080
vn 0.6761 -0.1360 0.7241
vn 0.0737 0.9903 0.1181
vn 0.3060 0.7578 0.5762
vn 0.6448 0.7053 0.2944
vn 0.5690 0.8169 -0.0941
vn 0.4872 0.2985 0.8207
vn 0.8446 0.4012 0.3547
vn -0.1066 0.6597 0.7439
vn 0.0474 0.7076 0.7051
vn 0.3343 -0.1071 0.9364
vn 0.2451 -0.9691 -0.0269
vn 0.3412 -0.9393 -0.0366
vn 0.2465 -0.9689 -0.0205
vn 0.2448 0.2425 0.9388
vn 0.1055 -0.9944 -0.0094
vn -0.7166 -0.6915 0.0911
vn -0.9257 0.3593 0.1181
vn 0.0230 0.9978 -0.0630
vn 0.3376 -0.9388 -0.0686
vn 0.4613 -0.8790 -0.1205
vn 0.9330 -0.1514 -0.3266
vn 0.5326 0.8146 -0.2296
vn -0.2296 -0.1395 0.9632
vn 0.0018 -0.2011 0.9796
vn 0.1410 0.1020 0.9847
vn -0.1059 0.1975 0.9746
vn -0.9377 0.0781 -0.3387
vn -0.9783 0.0923 -0.1857
vn -0.8826 0.4344 -0.1798
vn -0.8365 0.4452 -0.3193
vn 0.3412 0.9393 0.0366
vn 0.2942 0.9222 0.2512
vn 0.5414 0.8013 0.2546
vn 0.5904 0.8037 0.0735
vn 0.8242 -0.4900 0.2840
vn 0.8569 -0.5040 0.1077
vn 0.9839 -0.1287 0.1237
vn 0.9478 -0.1409 0.2859
vn -0.2766 -0.9455 0.1716
vn -0.1364 -0.9783 0.1559
vn -0.1684 -0.9219 0.3489
vn -0.1997 -0.6689 0.7161
vn 0.0727 -0.3750 0.9242
vn 0.5157 -0.3731 0.7712
vn 0.6694 -0.6014 0.4361
vn 0.7050 -0.6582 0.2639
vn 0.6539 -0.0640 0.7538
vn 0.7047 0.2992 0.6433
vn 0.3736 0.5544 0.7437
vn 0.8925 0.3646 0.2654
vn -0.3745 -0.9089 0.1834
vn -0.3598 -0.6093 0.7066
vn -0.3863 -0.6070 0.6945
vn -0.3057 -0.9335 0.1876
vn 0.2465 0.9689 0.0205
vn 0.1760 0.9583 0.2251
vn -0.3855 -0.9143 0.1240
vn -0.4212 -0.8532 0.3076
vn -0.5322 -0.8164 0.2244
vn -0.5013 -0.8645 0.0358
vn -0.9774 -0.1071 -0.1823
vn -0.9979 -0.0587 -0.0291
vn -0.9203 0.0828 0.3824
vn -0.5480 -0.0281 0.8360
vn -0.6761 -0.1360 0.7241
vn -0.5516 -0.2071 0.8080
vn -0.0737 0.9903 0.1181
vn -0.5690 0.8169 -0.0941
vn -0.6448 0.7053 0.2944
vn -0.3060 0.7578 0.5762
vn -0.4872 0.2985 0.8207
vn -0.8446 0.4012 0.3547
vn -0.0474 0.7076 0.7051
vn 0.1066 0.6597 0.7439
vn -0.3343 -0.1071 0.9364
vn -0.2451 -0.9691 -0.0269
vn -0.3412 -0.9393 -0.0366
vn -0.2465 -0.9689 -0.0205
vn -0.2448 0.2425 0.9388
vn -0.1055 -0.9944 -0.0094
vn 0.7166 -0.6915 0.0911
vn 0.9257 0.3593 0.1181
vn -0.0230 0.9978 -0.0630
vn -0.4613 -0.8790 -0.1205
vn -0.3376 -0.9388 -0.0686
vn -0.9330 -0.1514 -0.3266
vn -0.5326 0.8146 -0.2296
usemtl capsule
s 1
f 144/1/1 143/2/2 4/3/3 5/4/4
f 141/5/5 140/6/6 1/7/7 2/8/8
f 145/9/9 144/1/1 5/4/4 6/10/10
f 142/11/11 141/5/5 2/8/8 3/12/12
f 97/13/13 145/9/9 6/10/10
f 143/2/2 142/11/11 3/12/12 4/3/3
f 6/10/10 5/4/4 11/14/14 12/15/15
f 3/12/12 2/8/8 8/16/16 9/17/17
f 97/13/13 6/10/10 12/15/15
f 4/3/3 3/12/12 9/17/17 10/18/18
f 5/4/4 4/3/3 10/18/18 11/14/14
f 2/8/8 1/7/7 7/19/19 8/16/16
f 11/14/14 10/18/18 16/20/20 17/21/21
f 8/16/16 7/19/19 13/22/22 14/23/23
f 12/15/15 11/14/14 17/21/21 18/24/24
f 9/17/17 8/16/16 14/23/23 15/25/25
f 97/13/13 12/15/15 18/24/24
f 10/18/18 9/17/17 15/25/25 16/20/20
f 97/13/13 18/24/24 24/26/26
f 16/20/20 15/25/25 21/27/27 22/28/28
f 17/21/21 16/20/20 22/28/28 23/29/29
f 14/23/23 13/22/22 19/30/30 20/31/31
f 18/24/24 17/21/21 23/29/29 24/26/26
f 15/25/25 14/23/23 20/31/31 21/27/27
f 24/26/26 23/29/29 29/32/32 30/33/33
f 21/27/27 20/31/31 26/34/34 27/35/35
f 97/13/13 24/26/26 30/33/33
f 22/28/28 21/27/27 27/35/35 28/36/36
f 23/29/29 22/28/28 28/36/36 29/32/32
f 20/31/31 19/30/30 25/37/37 26/34/34
f 29/32/32 28/36/36 34/38/38 35/39/39
f 26/34/34 25/37/37 31/40/40 32/41/41
f 30/33/33 29/32/32 35/39/39 36/42/42
f 27/35/35 26/34/34 32/41/41 33/43/43
f 97/13/13 30/33/33 36/42/42
f 28/36/36 27/35/35 33/43/43 34/38/38
f 97/13/13 36/42/42 42/44/44
f 34/38/38 33/43/43 39/45/45 40/46/46
f 35/39/39 34/38/38 40/46/46 41/47/47
f 32/41/41 31/40/40 37/48/48 38/49/49
f 36/42/42 35/39/39 41/47/47 42/44/44
f 33/43/43 32/41/41 38/49/49 39/45/45
f 42/44/44 41/47/47 47/50/50 48/51/51
f 39/45/45 38/49/49 44/52/52 45/53/53
f 97/13/13 42/44/44 48/51/51
f 40/46/46 39/45/45 45/53/53 46/54/54
f 41/47/47 40/46/46 46/54/54 47/50/50
f 38/49/49 37/48/48 43/55/55 44/52/52
f 47/50/50 46/54/54 52/56/56 53/57/57
f 44/52/52 43/55/55 49/58/58 50/59/59
f 48/51/51 47/50/50 53/57/57 54/60/60
f 45/53/53 44/52/52 50/59/59 51/61/61
f 97/13/13 48/51/51 54/60/60
f 46/54/54 45/53/53 51/61/61 52/56/56
f 97/13/13 54/60/60 60/62/62
f 52/56/56 51/61/61 57/63/63 58/64/64
f 53/57/57 52/56/56 58/64/64 59/65/65
f 50/59/59 49/58/58 55/66/66 56/67/67
f 54/60/60 53/57/57 59/65/65 60/62/62
f 51/61/61 50/59/59 56/67/67 57/63/63
f 56/67/67 55/66/66 61/68/68 62/69/69
f 60/62/62 59/65/65 65/70/70 66/71/71
f 57/63/63 56/67/67 62/69/69 63/72/72
f 97/13/13 60/62/62 66/71/71
f 58/64/64 57/63/63 63/72/72 64/73/73
f 59/65/65 58/64/64 64/73/73 65/70/70
f 65/70/70 64/73/73 70/74/74 71/75/75
f 62/69/69 61/68/68 67/76/76 68/77/77
f 66/71/71 65/70/70 71/75/75 72/78/78
f 63/72/72 62/69/69 68/77/77 69/79/79
f 97/13/13 66/71/71 72/78/78
f 64/73/73 63/72/72 69/79/79 70/74/74
f 69/79/79 68/77/77 74/80/80 75/81/81
f 97/13/13 72/78/78 78/82/82
f 70/74/74 69/79/79 75/81/81 76/83/83
f 71/75/75 70/74/74 76/83/83 77/84/84
f 68/77/77 67/76/76 73/85/85 74/80/80
f 72/78/78 71/75/75 77/84/84 78/82/82
f 74/80/80 73/85/85 79/86/86 80/87/87
f 78/82/82 77/84/84 83/88/88 84/89/89
f 75/81/81 74/80/80 80/87/87 81/90/90
f 97/13/13 78/82/82 84/89/89
f 76/83/83 75/81/81 81/90/90 82/91/91
f 77/84/84 76/83/83 82/91/91 83/88/88
f 82/91/91 81/90/90 87/92/92 88/93/93
f 83/88/88 82/91/91 88/93/93 89/94/94
f 80/87/87 79/86/86 85/95/95 86/96/96
f 84/89/89 83/88/88 89/94/94 90/97/97
f 81/90/90 80/87/87 86/96/96 87/92/92
f 97/13/13 84/89/89 90/97/97
f 87/92/92 86/96/96 92/98/98 93/99/99
f 97/13/13 90/97/97 96/100/100
f 88/93/93 87/92/92 93/99/99 94/101/101
f 89/94/94 88/93/93 94/101/101 95/102/102
f 86/96/96 85/95/95 91/103/103 92/98/98
f 90/97/97 89/94/94 95/102/102 96/100/100
f 95/102/102 94/101/101 101/104/104 102/105/105
f 92/98/98 91/103/103 98/106/106 99/107/107
f 96/100/100 95/102/102 102/105/105 103/108/108
f 93/99/99 92/98/98 99/107/107 100/109/109
f 97/13/13 96/100/100 103/108/108
f 94/101/101 93/99/99 100/109/109 101/104/104
f 101/104/104 100/109/109 106/110/110 107/111/111
f 102/105/105 101/104/104 107/111/111 108/112/112
f 99/107/107 98/106/106 104/113/113 105/114/114
f 103/108/108 102/105/105 108/112/112 109/115/115
f 100/109/109 99/107/107 105/114/114 106/110/110
f 97/13/13 103/108/108 109/115/115
f 109/115/115 108/112/112 114/116/116 115/117/117
f 106/110/110 105/114/114 111/118/118 112/119/119
f 97/13/13 109/115/115 115/117/117
f 107/111/111 106/110/110 112/119/119 113/120/120
f 108/112/112 107/111/111 113/120/120 114/116/116
f 105/114/114 104/113/113 110/121/121 111/118/118
f 114/116/116 113/120/120 119/122/122 120/123/123
f 111/118/118 110/121/121 116/124/124 117/125/125
f 115/117/117 114/116/116 120/123/123 121/126/126
f 112/119/119 111/118/118 117/125/125 118/127/127
f 97/13/13 115/117/117 121/126/126
f 113/120/120 112/119/119 118/127/127 119/122/122
f 97/13/13 121/126/126 127/128/128
f 119/122/122 118/127/127 124/129/129 125/130/130
f 120/123/123 119/122/122 125/130/130 126/131/131
f 117/125/125 116/124/124 122/132/132 123/133/133
f 121/126/126 120/123/123 126/131/131 127/128/128
f 118/127/127 117/125/125 123/133/133 124/129/129
f 127/128/128 126/131/131 132/134/134 133/135/135
f 124/129/129 123/133/133 129/136/136 130/137/137
f 97/13/13 127/128/128 133/135/135
f 125/130/130 124/129/129 130/137/137 131/138/138
f 126/131/131 125/130/130 131/138/138 132/134/134
f 123/133/133 122/132/132 128/139/139 129/136/136
f 132/134/134 131/138/138 137/140/140 138/141/141
f 129/136/136 128/139/139 134/142/142 135/143/143
f 133/135/135 132/134/134 138/141/141 139/144/144
f 130/137/137 129/136/136 135/143/143 136/145/145
f 97/13/13 133/135/135 139/144/144
f 131/138/138 130/137/137 136/145/145 137/140/140
f 97/13/13 139/144/144 145/9/9
f 137/140/140 136/145/145 142/11/11 143/2/2
f 138/141/141 137/140/140 143/2/2 144/1/1
f 135/143/143 134/142/142 140/6/6 141/5/5
f 139/144/144 138/141/141 144/1/1 145/9/9
f 136/145/145 135/143/143 141/5/5 142/11/11
f 290/146/146 289/147/147 152/148/148 153/149/149
f 147/150/150 146/151/151 149/152/152 150/153/153
f 288/154/154 147/150/150 150/153/153 151/155/155
f 287/156/156 232/157/157 148/158/158
f 289/147/147 288/154/154 151/155/155 152/148/148
f 146/151/151 287/156/156 148/158/158 149/152/152
f 148/158/158 232/157/157 154/159/159
f 152/148/148 151/155/155 157/160/160 158/161/161
f 149/152/152 148/158/158 154/159/159 155/162/162
f 153/149/149 152/148/148 158/161/161 159/163/163
f 150/153/153 149/152/152 155/162/162 156/164/164
f 151/155/155 150/153/153 156/164/164 157/160/160
f 156/164/164 155/162/162 161/165/165 162/166/166
f 157/160/160 156/164/164 162/166/166 163/167/167
f 154/159/159 232/157/157 160/168/168
f 158/161/161 157/160/160 163/167/167 164/169/169
f 155/162/162 154/159/159 160/168/168 161/165/165
f 159/163/163 158/161/161 164/169/169 165/170/170
f 161/165/165 160/168/168 166/171/171 167/172/172
f 165/170/170 164/169/169 170/173/173 171/174/174
f 162/166/166 161/165/165 167/172/172 168/175/175
f 163/167/167 162/166/166 168/175/175 169/176/176
f 160/168/168 232/157/157 166/171/171
f 164/169/169 163/167/167 169/176/176 170/173/173
f 169/176/176 168/175/175 174/177/177 175/178/178
f 166/171/171 232/157/157 172/179/179
f 170/173/173 169/176/176 175/178/178 176/180/180
f 167/172/172 166/171/171 172/179/179 173/181/181
f 171/174/174 170/173/173 176/180/180 177/182/182
f 168/175/175 167/172/172 173/181/181 174/177/177
f 174/177/177 173/181/181 179/183/183 180/184/184
f 175/178/178 174/177/177 180/184/184 181/185/185
f 172/179/179 232/157/157 178/186/186
f 176/180/180 175/178/178 181/185/185 182/187/187
f 173/181/181 172/179/179 178/186/186 179/183/183
f 177/182/182 176/180/180 182/187/187 183/188/188
f 182/187/187 181/185/185 187/189/189 188/190/190
f 179/183/183 178/186/186 184/191/191 185/192/192
f 183/188/188 182/187/187 188/190/190 189/193/193
f 180/184/184 179/183/183 185/192/192 186/194/194
f 181/185/185 180/184/184 186/194/194 187/189/189
f 178/186/186 232/157/157 184/191/191
f 187/189/189 186/194/194 192/195/195 193/196/196
f 184/191/191 232/157/157 190/197/197
f 188/190/190 187/189/189 193/196/196 194/198/198
f 185/192/192 184/191/191 190/197/197 191/199/199
f 189/193/193 188/190/190 194/198/198 195/200/200
f 186/194/194 185/192/192 191/199/199 192/195/195
f 195/200/200 194/198/198 200/201/201 201/202/202
f 192/195/195 191/199/199 197/203/203 198/204/204
f 193/196/196 192/195/195 198/204/204 199/205/205
f 190/197/197 232/157/157 196/206/206
f 194/198/198 193/196/196 199/205/205 200/201/201
f 191/199/199 190/197/197 196/206/206 197/203/203
f 200/201/201 199/205/205 205/207/207 206/208/208
f 197/203/203 196/206/206 202/209/209 203/210/210
f 201/202/202 200/201/201 206/208/208 207/211/211
f 198/204/204 197/203/203 203/210/210 204/212/212
f 199/205/205 198/204/204 204/212/212 205/207/207
f 196/206/206 232/157/157 202/209/209
f 205/207/207 204/212/212 210/213/213 211/214/214
f 202/209/209 232/157/157 208/215/215
f 206/208/208 205/207/207 211/214/214 212/216/216
f 203/210/210 202/209/209 208/215/215 209/217/217
f 207/211/211 206/208/208 212/216/216 213/218/218
f 204/212/212 203/210/210 209/217/217 210/213/213
f 213/218/218 212/216/216 218/219/219 219/220/220
f 210/213/213 209/217/217 215/221/221 216/222/222
f 211/214/214 210/213/213 216/222/222 217/223/223
f 208/215/215 232/157/157 214/224/224
f 212/216/216 211/214/214 217/223/223 218/219/219
f 209/217/217 208/215/215 214/224/224 215/221/221
f 218/219/219 217/223/223 223/225/225 224/226/226
f 215/221/221 214/224/224 220/227/227 221/228/228
f 219/220/220 218/219/219 224/226/226 225/229/229
f 216/222/222 215/221/221 221/228/228 222/230/230
f 217/223/223 216/222/222 222/230/230 223/225/225
f 214/224/224 232/157/157 220/227/227
f 223/225/225 222/230/230 228/231/231 229/232/232
f 220/227/227 232/157/157 226/233/233
f 224/226/226 223/225/225 229/232/232 230/234/234
f 221/228/228 220/227/227 226/233/233 227/235/235
f 225/229/229 224/226/226 230/234/234 231/236/236
f 222/230/230 221/228/228 227/235/235 228/231/231
f 231/236/236 230/234/234 237/237/237 238/238/238
f 228/231/231 227/235/235 234/239/239 235/240/240
f 229/232/232 228/231/231 235/240/240 236/241/241
f 226/233/233 232/157/157 233/242/242
f 230/234/234 229/232/232 236/241/241 237/237/237
f 227/235/235 226/233/233 233/242/242 234/239/239
f 233/242/242 232/157/157 239/243/243
f 237/237/237 236/241/241 242/244/244 243/245/245
f 234/239/239 233/242/242 239/243/243 240/246/246
f 238/238/238 237/237/237 243/245/245 244/247/247
f 235/240/240 234/239/239 240/246/246 241/248/248
f 236/241/241 235/240/240 241/248/248 242/244/244
f 242/244/244 241/248/248 247/249/249 248/250/250
f 239/243/243 232/157/157 245/251/251
f 243/245/245 242/244/244 248/250/250 249/252/252
f 240/246/246 239/243/243 245/251/251 246/253/253
f 244/247/247 243/245/245 249/252/252 250/254/254
f 241/248/248 240/246/246 246/253/253 247/249/249
f 246/253/253 245/251/251 251/255/255 252/256/256
f 250/254/254 249/252/252 255/257/257 256/258/258
f 247/249/249 246/253/253 252/256/256 253/259/259
f 248/250/250 247/249/249 253/259/259 254/260/260
f 245/251/251 232/157/157 251/255/255
f 249/252/252 248/250/250 254/260/260 255/257/257
f 251/255/255 232/157/157 257/261/261
f 255/257/257 254/260/260 260/262/262 261/263/263
f 252/256/256 251/255/255 257/261/261 258/264/264
f 256/258/258 255/257/257 261/263/263 262/265/265
f 253/259/259 252/256/256 258/264/264 259/266/266
f 254/260/260 253/259/259 259/266/266 260/262/262
f 259/266/266 258/264/264 264/267/267 265/268/268
f 300/269/269 345/270/270 140/6/6 134/142/142
f 260/262/262 259/266/266 265/268/268 266/271/271
f 355/272/272 300/269/269 134/142/142 128/139/139
f 257/261/261 232/157/157 263/273/273
f 295/274/274 376/275/275 7/19/19 1/7/7
f 261/263/263 260/262/262 266/271/271 267/276/276
f 258/264/264 257/261/261 263/273/273 264/267/267
f 345/270/270 295/274/274 1/7/7 140/6/6
f 262/265/265 261/263/263 267/276/276 268/277/277
f 264/267/267 263/273/273 269/278/278 270/279/279
f 310/280/280 340/281/281 116/124/124 110/121/121
f 268/277/277 267/276/276 273/282/282 274/283/283
f 265/268/268 264/267/267 270/279/279 271/284/284
f 335/285/285 310/280/280 110/121/121 104/113/113
f 305/286/286 355/272/272 128/139/139 122/132/132
f 266/271/271 265/268/268 271/284/284 272/287/287
f 350/288/288 335/285/285 104/113/113 98/106/106
f 263/273/273 232/157/157 269/278/278
f 340/281/281 305/286/286 122/132/132 116/124/124
f 267/276/276 266/271/271 272/287/287 273/282/282
f 272/287/287 271/284/284 277/289/289 278/290/290
f 390/291/291 322/292/292 73/85/85 67/76/76
f 269/278/278 232/157/157 275/293/293
f 320/294/294 315/295/295 91/103/103 85/95/95
f 273/282/282 272/287/287 278/290/290 279/296/296
f 270/279/279 269/278/278 275/293/293 276/297/297
f 398/298/298 320/294/294 85/95/95 79/86/86
f 274/283/283 273/282/282 279/296/296 280/299/299
f 271/284/284 270/279/279 276/297/297 277/289/289
f 322/292/292 398/298/298 79/86/86 73/85/85
f 315/295/295 350/288/288 98/106/106 91/103/103
f 277/289/289 276/297/297 282/300/300 283/301/301
f 395/302/302 330/303/303 49/58/58 43/55/55
f 325/304/304 390/291/291 67/76/76 61/68/68
f 278/290/290 277/289/289 283/301/301 284/305/305
f 385/306/306 395/302/302 43/55/55 37/48/48
f 275/293/293 232/157/157 281/307/307
f 388/308/308 325/304/304 61/68/68 55/66/66
f 279/296/296 278/290/290 284/305/305 285/309/309
f 276/297/297 275/293/293 281/307/307 282/300/300
f 330/303/303 388/308/308 55/66/66 49/58/58
f 280/299/299 279/296/296 285/309/309 286/310/310
f 285/309/309 284/305/305 288/154/154 289/147/147
f 282/300/300 281/307/307 287/156/156 146/151/151
f 370/311/311 365/312/312 25/37/37 19/30/30
f 286/310/310 285/309/309 289/147/147 290/146/146
f 283/301/301 282/300/300 146/151/151 147/150/150
f 375/313/313 370/311/311 19/30/30 13/22/22
f 360/314/314 385/306/306 37/48/48 31/40/40
f 284/305/305 283/301/301 147/150/150 288/154/154
f 376/275/275 375/313/313 13/22/22 7/19/19
f 281/307/307 232/157/157 287/156/156
f 365/312/312 360/314/314 31/40/40 25/37/37
f 165/170/170 371/315/313 380/316/275 159/163/163
f 361/317/312 356/318/314 357/319/314 362/320/312
f 362/320/312 357/319/314 358/321/314 363/322/312
f 363/322/312 358/321/314 359/323/314 364/324/312
f 364/324/312 359/323/314 360/314/314 365/312/312
f 189/193/193 381/325/306 356/318/314 183/188/188
f 380/316/275 371/315/313 372/326/313 379/327/275
f 379/327/275 372/326/313 373/328/313 378/329/275
f 378/329/275 373/328/313 374/330/313 377/331/275
f 377/331/275 374/330/313 375/313/313 376/275/275
f 171/174/174 366/332/311 371/315/313 165/170/170
f 356/318/314 381/325/306 382/333/306 357/319/314
f 357/319/314 382/333/306 383/334/306 358/321/314
f 358/321/314 383/334/306 384/335/306 359/323/314
f 359/323/314 384/335/306 385/306/306 360/314/314
f 177/182/182 361/317/312 366/332/311 171/174/174
f 371/315/313 366/332/311 367/336/311 372/326/313
f 372/326/313 367/336/311 368/337/311 373/328/313
f 373/328/313 368/337/311 369/338/311 374/330/313
f 374/330/313 369/338/311 370/311/311 375/313/313
f 207/211/211 386/339/308 326/340/303 201/202/202
f 366/332/311 361/317/312 362/320/312 367/336/311
f 367/336/311 362/320/312 363/322/312 368/337/311
f 368/337/311 363/322/312 364/324/312 369/338/311
f 369/338/311 364/324/312 365/312/312 370/311/311
f 213/218/218 323/341/304 386/339/308 207/211/211
f 478/342/315 442/343/316 407/344/317 387/345/318
f 326/340/303 386/339/308 327/346/303
f 410/347/319 324/348/320 325/304/304
f 446/349/321 448/350/322 409/351/323 408/352/324
f 195/200/200 391/353/302 381/325/306 189/193/193
f 406/354/325 387/355/326 328/356/303
f 329/357/303 388/308/308 330/303/303
f 462/358/327 464/359/328 417/360/329 416/361/330
f 396/362/298 316/363/294 317/364/294
f 219/220/220 389/365/331 323/341/304 213/218/218
f 381/325/306 391/353/302 392/366/302 382/333/306
f 382/333/306 392/366/302 393/367/302 383/334/306
f 383/334/306 393/367/302 394/368/302 384/335/306
f 384/335/306 394/368/302 395/302/302 385/306/306
f 201/202/202 326/340/303 391/353/302 195/200/200
f 480/369/332 472/370/333 425/371/334 324/372/335
f 425/373/336 390/291/291 325/304/304
f 323/341/304 419/374/337 403/375/319
f 250/254/254 346/376/288 311/377/295 244/247/247
f 391/353/302 326/340/303 327/346/303 392/366/302
f 392/366/302 327/346/303 328/356/303 393/367/302
f 393/367/302 328/356/303 329/357/303 394/368/302
f 394/368/302 329/357/303 330/303/303 395/302/302
f 231/236/236 396/362/298 321/378/292 225/229/229
f 311/377/295 346/376/288 347/379/288 312/380/295
f 312/380/295 347/379/288 348/381/288 313/382/295
f 313/382/295 348/381/288 349/383/288 314/384/295
f 314/384/295 349/383/288 350/288/288 315/295/295
f 238/238/238 316/363/294 396/362/298 231/236/236
f 411/385/338 317/364/294 318/386/294
f 328/356/303 387/355/326 407/387/339
f 323/341/304 389/365/331 424/388/340
f 432/389/341 434/390/342 403/391/343 419/392/344
f 244/247/247 311/377/295 316/363/294 238/238/238
f 482/393/345 450/394/346 411/395/347 397/396/348
f 428/397/349 466/398/350 422/399/351 420/400/352
f 415/401/353 398/298/298 322/292/292
f 225/229/229 321/378/292 389/365/331 219/220/220
f 316/363/294 311/377/295 312/380/295 317/364/294
f 317/364/294 312/380/295 313/382/295 318/386/294
f 318/386/294 313/382/295 314/384/295 319/402/294
f 319/402/294 314/384/295 315/295/295 320/294/294
f 274/283/283 301/403/286 336/404/281 268/277/277
f 398/298/298 319/402/294 320/294/294
f 318/386/294 319/402/294 418/405/354
f 256/258/258 331/406/285 346/376/288 250/254/254
f 336/404/281 301/403/286 302/407/286 337/408/281
f 337/408/281 302/407/286 303/409/286 338/410/281
f 338/410/281 303/409/286 304/411/286 339/412/281
f 339/412/281 304/411/286 305/286/286 340/281/281
f 280/299/299 351/413/272 301/403/286 274/283/283
f 346/376/288 331/406/285 332/414/285 347/379/288
f 347/379/288 332/414/285 333/415/285 348/381/288
f 348/381/288 333/415/285 334/416/285 349/383/288
f 349/383/288 334/416/285 335/285/285 350/288/288
f 262/265/265 306/417/280 331/406/285 256/258/258
f 301/403/286 351/413/272 352/418/272 302/407/286
f 302/407/286 352/418/272 353/419/272 303/409/286
f 303/409/286 353/419/272 354/420/272 304/411/286
f 304/411/286 354/420/272 355/272/272 305/286/286
f 268/277/277 336/404/281 306/417/280 262/265/265
f 331/406/285 306/417/280 307/421/280 332/414/285
f 332/414/285 307/421/280 308/422/280 333/415/285
f 333/415/285 308/422/280 309/423/280 334/416/285
f 334/416/285 309/423/280 310/280/280 335/285/285
f 153/149/149 291/424/274 341/425/270 290/146/146
f 306/417/280 336/404/281 337/408/281 307/421/280
f 307/421/280 337/408/281 338/410/281 308/422/280
f 308/422/280 338/410/281 339/412/281 309/423/280
f 309/423/280 339/412/281 340/281/281 310/280/280
f 159/163/163 380/316/275 291/424/274 153/149/149
f 341/425/270 291/424/274 292/426/274 342/427/270
f 342/427/270 292/426/274 293/428/274 343/429/270
f 343/429/270 293/428/274 294/430/274 344/431/270
f 344/431/270 294/430/274 295/274/274 345/270/270
f 286/310/310 296/432/269 351/413/272 280/299/299
f 291/424/274 380/316/275 379/327/275 292/426/274
f 292/426/274 379/327/275 378/329/275 293/428/274
f 293/428/274 378/329/275 377/331/275 294/430/274
f 294/430/274 377/331/275 376/275/275 295/274/274
f 290/146/146 341/425/270 296/432/269 286/310/310
f 351/413/272 296/432/269 297/433/269 352/418/272
f 352/418/272 297/433/269 298/434/269 353/419/272
f 353/419/272 298/434/269 299/435/269 354/420/272
f 354/420/272 299/435/269 300/269/269 355/272/272
f 296/432/269 341/425/270 342/427/270 297/433/269
f 297/433/269 342/427/270 343/429/270 298/434/269
f 298/434/269 343/429/270 344/431/270 299/435/269
f 299/435/269 344/431/270 345/270/270 300/269/269
f 329/357/303 407/387/339 401/436/308
f 321/378/292 396/362/298 414/437/353
f 474/438/355 430/439/356 421/440/357 427/441/358
f 427/442/359 421/443/360 322/292/292
f 399/444/308 406/354/325 327/346/303
f 401/436/308 410/347/319 388/308/308
f 402/445/298 414/437/353 396/362/298
f 400/446/298 418/405/354 319/402/294
f 436/447/361 478/342/315 387/345/318 406/448/362
f 450/394/346 454/449/363 412/450/364 411/395/347
f 460/451/365 482/393/345 397/396/348 418/452/366
f 434/390/342 438/453/367 404/454/368 403/391/343
f 466/398/350 470/455/369 423/456/370 422/399/351
f 456/457/371 452/458/372 414/459/373 413/460/374
f 444/461/375 480/369/332 324/372/335 410/462/376
f 458/463/377 462/358/327 416/361/330 415/464/378
f 442/343/316 446/349/321 408/352/324 407/344/317
f 476/465/379 474/438/355 427/441/358 426/466/380
f 386/339/308 399/444/308 327/346/303
f 386/339/308 403/375/319 399/444/308
f 317/364/294 411/385/338 402/445/298
f 398/298/298 400/446/298 319/402/294
f 398/298/298 415/401/353 400/446/298
f 388/308/308 329/357/303 401/436/308
f 396/362/298 317/364/294 402/445/298
f 403/375/319 404/467/319 399/444/308
f 404/467/319 405/468/319 399/444/308
f 405/468/319 406/354/325 399/444/308
f 397/469/381 318/386/294 418/405/354
f 397/469/381 411/385/338 318/386/294
f 415/401/353 416/470/353 400/446/298
f 416/470/353 417/471/353 400/446/298
f 417/471/353 418/405/354 400/446/298
f 407/387/339 408/472/319 401/436/308
f 408/472/319 409/473/319 401/436/308
f 409/473/319 410/347/319 401/436/308
f 327/346/303 406/354/325 328/356/303
f 329/357/303 328/356/303 407/387/339
f 411/385/338 412/474/353 402/445/298
f 412/474/353 413/475/353 402/445/298
f 413/475/353 414/437/353 402/445/298
f 422/476/382 423/477/383 389/365/331
f 423/477/383 424/388/340 389/365/331
f 425/373/336 426/478/384 390/291/291
f 426/478/384 427/442/359 390/291/291
f 470/455/369 468/479/385 424/480/386 423/456/370
f 472/370/333 476/465/379 426/466/380 425/371/334
f 468/479/385 432/389/341 419/392/344 424/480/386
f 321/378/292 420/481/387 422/476/382
f 390/291/291 427/442/359 322/292/292
f 421/443/360 415/401/353 322/292/292
f 324/348/320 425/373/336 325/304/304
f 388/308/308 410/347/319 325/304/304
f 420/481/387 321/378/292 414/437/353
f 389/365/331 321/378/292 422/476/382
f 419/374/337 323/341/304 424/388/340
f 386/339/308 323/341/304 403/375/319
f 454/449/363 456/457/371 413/460/374 412/450/364
f 440/482/388 436/447/361 406/448/362 405/483/389
f 448/350/322 444/461/375 410/462/376 409/351/323
f 430/439/356 458/463/377 415/464/378 421/440/357
f 464/359/328 460/451/365 418/452/366 417/360/329
f 452/458/372 428/397/349 420/400/352 414/459/373
f 438/453/367 440/482/388 405/483/389 404/454/368
f 183/188/188 356/318/314 361/317/312 177/182/182
f 435/484/390 439/485/391 438/453/367 434/390/342
f 473/486/392 481/487/393 527/488/394 534/489/395
f 439/485/391 441/490/396 440/482/388 438/453/367
f 437/491/397 441/492/398 511/493/399 512/494/400
f 441/490/396 437/495/401 436/447/361 440/482/388
f 463/496/402 459/497/403 521/498/404 522/499/405
f 443/500/406 447/501/407 446/349/321 442/343/316
f 471/502/408 467/503/409 531/504/410 532/505/408
f 447/501/407 449/506/411 448/350/322 446/349/321
f 449/507/412 447/508/413 514/509/414 515/510/415
f 449/506/411 445/511/416 444/461/375 448/350/322
f 429/512/417 453/513/418 520/514/419 529/515/420
f 451/516/421 455/517/422 454/449/363 450/394/346
f 443/518/423 479/519/424 526/520/424 513/521/425
f 455/517/422 457/522/426 456/457/371 454/449/363
f 477/523/427 473/486/392 534/489/395 535/524/427
f 457/522/426 453/525/428 452/458/372 456/457/371
f 461/526/429 465/527/430 523/528/431 524/529/432
f 459/530/433 463/531/434 462/358/327 458/463/377
f 433/532/435 469/533/436 533/534/437 525/535/438
f 463/531/434 465/536/439 464/359/328 462/358/327
f 455/537/440 451/538/441 517/539/442 518/540/443
f 465/536/439 461/541/444 460/451/365 464/359/328
f 434/390/342 432/389/341 433/542/445 435/484/390
f 441/492/398 439/543/446 510/544/447 511/493/399
f 478/342/315 436/447/361 437/495/401 479/545/448
f 467/503/409 429/512/417 529/515/420 531/504/410
f 442/343/316 478/342/315 479/545/448 443/500/406
f 479/519/424 437/491/397 512/494/400 526/520/424
f 480/369/332 444/461/375 445/511/416 481/546/449
f 453/513/418 457/547/450 519/548/451 520/514/419
f 450/394/346 482/393/345 483/549/452 451/516/421
f 451/538/441 483/550/453 528/551/453 517/539/442
f 459/497/403 431/552/454 530/553/455 521/498/404
f 453/525/428 429/554/456 428/397/349 452/458/372
f 482/393/345 460/451/365 461/541/444 483/549/452
f 447/508/413 443/518/423 513/521/425 514/509/414
f 465/527/430 463/496/402 522/499/405 523/528/431
f 431/555/457 459/530/433 458/463/377 430/439/356
f 469/533/436 471/502/408 532/505/408 533/534/437
f 467/556/458 471/557/459 470/455/369 466/398/350
f 475/558/460 477/523/427 535/524/427 536/559/461
f 471/557/459 469/560/462 468/479/385 470/455/369
f 445/561/463 449/507/412 515/510/415 516/562/464
f 473/563/465 477/564/466 476/465/379 472/370/333
f 431/552/454 475/558/460 536/559/461 530/553/455
f 477/564/466 475/565/467 474/438/355 476/465/379
f 483/550/453 461/526/429 524/529/432 528/551/453
f 429/554/456 467/556/458 466/398/350 428/397/349
f 432/389/341 468/479/385 469/560/462 433/542/445
f 439/543/446 435/566/468 509/567/469 510/544/447
f 472/370/333 480/369/332 481/546/449 473/563/465
f 435/566/468 433/532/435 525/535/438 509/567/469
f 457/547/450 455/537/440 518/540/443 519/548/451
f 475/565/467 431/555/457 430/439/356 474/438/355
f 481/487/393 445/561/463 516/562/464 527/488/394
f 495/568/470 494/569/471 484/570/472 506/571/473
f 528/572/474 524/573/475 490/574/476
f 506/571/473 484/570/472 485/575/477 503/576/478
f 486/577/479 505/578/480 508/579/481 487/580/482
f 487/580/482 508/579/481 501/581/483 488/582/484
f 512/583/485 511/584/486 492/585/487 489/586/488
f 523/587/489 522/588/490 498/589/491 499/590/492
f 519/591/493 518/592/494 493/593/495 500/594/496
f 511/595/486 510/596/497 491/597/498 492/585/487
f 489/598/499 492/599/500 487/580/482
f 492/599/500 491/600/501 487/580/482
f 491/600/501 486/577/479 487/580/482
f 488/582/484 497/601/502 487/580/482
f 497/601/502 496/602/503 487/580/482
f 496/602/503 489/598/499 487/580/482
f 494/569/471 500/603/504 484/570/472
f 500/603/504 493/604/505 484/570/472
f 493/604/505 490/605/506 484/570/472
f 490/605/506 499/606/507 484/570/472
f 499/606/507 498/607/508 484/570/472
f 498/607/508 485/575/477 484/570/472
f 495/568/470 506/571/473 507/608/509 504/609/510
f 504/609/510 507/608/509 508/579/481 505/578/480
f 506/571/473 503/576/478 502/610/511 507/608/509
f 507/608/509 502/610/511 501/581/483 508/579/481
f 514/611/512 513/612/513 489/586/488 496/613/514
f 515/614/515 514/611/512 496/613/514 497/615/516
f 513/616/513 526/617/517 489/586/488
f 527/618/518 516/619/519 488/620/520
f 516/621/519 515/622/515 497/615/516 488/620/520
f 517/623/521 528/624/474 490/574/476
f 529/625/522 520/626/523 494/627/524
f 520/628/523 519/591/493 500/594/496 494/627/524
f 509/629/525 525/630/526 486/631/527
f 524/632/475 523/587/489 499/590/492 490/574/476
f 521/633/528 530/634/529 485/635/530
f 534/636/531 527/618/518 488/620/520 501/637/532
f 518/638/494 517/639/521 490/574/476 493/593/495
f 522/588/490 521/640/528 485/635/530 498/589/491
f 533/641/533 532/642/534 504/643/534 505/644/535
f 535/645/536 534/646/531 501/637/532 502/647/536
f 530/634/529 536/648/537 503/649/538 485/635/530
f 494/627/524 495/650/539 531/651/540 529/652/522
f 526/653/517 512/654/485 489/586/488
f 536/655/537 535/645/536 502/647/536 503/649/538
f 532/642/534 531/651/540 495/650/539 504/643/534
f 525/656/526 533/641/533 505/644/535 486/631/527
f 510/596/497 509/657/525 486/631/527 491/597/498
f 559/658/541 539/659/542 546/660/543 545/661/544
f 544/662/545 548/663/546 538/664/547 550/665/548
f 546/660/543 539/659/542 558/666/549 547/667/550
f 538/664/547 548/663/546 549/668/551 551/669/552
f 547/667/550 542/670/553 537/671/554 546/660/543
f 537/671/554 542/670/553 549/668/551 548/663/546
f 545/661/544 546/660/543 537/671/554 543/672/555
f 537/671/554 548/663/546 544/662/545 543/672/555
f 538/664/547 553/673/556 552/674/557
f 538/664/547 552/674/557 554/675/558
f 538/664/547 556/676/559 555/677/560
f 538/664/547 555/677/560 557/678/561
f 538/664/547 554/675/558 550/665/548
f 538/664/547 540/679/562 553/673/556
f 538/664/547 557/678/561 540/679/562
f 538/664/547 551/669/552 556/676/559
f 539/659/542 561/680/563 560/681/564
f 539/659/542 562/682/565 561/680/563
f 539/659/542 564/683/566 563/684/567
f 539/659/542 565/685/568 564/683/566
f 539/659/542 559/658/541 562/682/565
f 539/659/542 560/681/564 541/686/569
f 539/659/542 541/686/569 565/685/568
f 539/659/542 563/684/567 558/666/549
f 547/667/570 572/687/571 568/688/572 542/670/573
f 564/683/574 588/689/574 587/690/575 563/684/576
f 558/666/577 582/691/578 572/687/571 547/667/570
f 565/685/579 589/692/580 588/689/581 564/683/581
f 549/668/582 573/693/583 575/694/584 551/669/585
f 559/658/586 583/695/587 586/696/588 562/682/589
f 542/670/573 568/688/572 573/693/583 549/668/582
f 560/681/590 584/697/591 567/698/592 541/686/593
f 554/675/594 578/699/595 574/700/596 550/665/597
f 545/661/598 571/701/599 583/695/587 559/658/586
f 540/679/600 566/702/601 577/703/602 553/673/603
f 550/665/597 574/700/596 570/704/604 544/662/605
f 557/678/606 581/705/607 566/702/601 540/679/600
f 544/662/605 570/704/604 569/706/608 543/672/609
f 551/669/585 575/694/584 580/707/610 556/676/611
f 561/680/612 585/708/613 584/697/591 560/681/590
f 543/672/609 569/706/608 571/701/599 545/661/598
f 541/686/593 567/698/592 589/692/580 565/685/579
f 562/682/589 586/696/588 585/708/613 561/680/612
f 563/684/576 587/690/575 582/691/578 558/666/577
f 553/673/603 577/703/602 576/709/614 552/674/615
f 552/674/615 576/709/614 578/699/595 554/675/594
f 556/676/611 580/707/610 579/710/616 555/677/616
f 555/677/617 579/710/617 581/705/607 557/678/606
f 612/711/618 592/712/619 599/713/620 598/714/621
f 597/715/622 601/716/623 591/717/624 603/718/625
f 599/713/620 592/712/619 611/719/626 600/720/627
f 591/717/624 601/716/623 602/721/628 604/722/629
f 600/720/627 595/723/630 590/724/631 599/713/620
f 590/724/631 595/723/630 602/721/628 601/716/623
f 598/714/621 599/713/620 590/724/631 596/725/632
f 590/724/631 601/716/623 597/715/622 596/725/632
f 591/717/624 606/726/633 605/727/634
f 591/717/624 605/727/634 607/728/635
f 591/717/624 609/729/636 608/730/637
f 591/717/624 608/730/637 610/731/638
f 591/717/624 607/728/635 603/718/625
f 591/717/624 593/732/639 606/726/633
f 591/717/624 610/731/638 593/732/639
f 591/717/624 604/722/629 609/729/636
f 592/712/619 614/733/640 613/734/641
f 592/712/619 615/735/642 614/733/640
f 592/712/619 617/736/643 616/737/644
f 592/712/619 618/738/645 617/736/643
f 592/712/619 612/711/618 615/735/642
f 592/712/619 613/734/641 594/739/646
f 592/712/619 594/739/646 618/738/645
f 592/712/619 616/737/644 611/719/626
f 641/740/647 621/741/648 628/742/649 627/743/650
f 626/744/651 630/745/652 620/746/653 632/747/654
f 628/742/649 621/741/648 640/748/655 629/749/656
f 620/746/653 630/745/652 631/750/657 633/751/658
f 629/749/656 624/752/659 619/753/660 628/742/649
f 619/753/660 624/752/659 631/750/657 630/745/652
f 627/743/650 628/742/649 619/753/660 625/754/661
f 619/753/660 630/745/652 626/744/651 625/754/661
f 620/746/653 635/755/662 634/756/663
f 620/746/653 634/756/663 636/757/664
f 620/746/653 638/758/665 637/759/666
f 620/746/653 637/759/666 639/760/667
f 620/746/653 636/757/664 632/747/654
f 620/746/653 622/761/668 635/755/662
f 620/746/653 639/760/667 622/761/668
f 620/746/653 633/751/658 638/758/665
f 621/741/648 643/762/669 642/763/670
f 621/741/648 644/764/671 643/762/669
f 621/741/648 646/765/672 645/766/673
f 621/741/648 647/767/674 646/765/672
f 621/741/648 641/740/647 644/764/671
f 621/741/648 642/763/670 623/768/675
f 621/741/648 623/768/675 647/767/674
f 621/741/648 645/766/673 640/748/655
f 647/767/676 695/769/677 694/770/678 646/765/678
f 600/720/679 654/771/680 650/772/681 595/723/682
f 631/750/683 679/773/684 681/774/685 633/751/686
f 617/736/687 670/775/687 669/776/688 616/737/689
f 641/740/690 689/777/691 692/778/692 644/764/693
f 611/719/694 664/779/695 654/771/680 600/720/679
f 624/752/696 674/780/697 679/773/684 631/750/683
f 618/738/698 671/781/699 670/775/700 617/736/700
f 642/763/701 690/782/702 673/783/703 623/768/704
f 602/721/705 655/784/706 657/785/707 604/722/708
f 612/711/709 665/786/710 668/787/711 615/735/712
f 636/757/713 684/788/714 680/789/715 632/747/716
f 595/723/682 650/772/681 655/784/706 602/721/705
f 613/734/717 666/790/718 649/791/719 594/739/720
f 627/743/721 677/792/721 689/777/691 641/740/690
f 622/761/722 672/793/723 683/794/724 635/755/725
f 607/728/726 660/795/727 656/796/728 603/718/729
f 632/747/716 680/789/715 676/797/730 626/744/731
f 639/760/732 687/798/733 672/793/723 622/761/722
f 598/714/734 653/799/735 665/786/710 612/711/709
f 593/732/736 648/800/737 659/801/738 606/726/739
f 626/744/731 676/797/730 675/802/740 625/754/741
f 633/751/686 681/774/685 686/803/742 638/758/743
f 643/762/744 691/804/744 690/782/702 642/763/701
f 603/718/729 656/796/728 652/805/745 597/715/746
f 610/731/747 663/806/748 648/800/737 593/732/736
f 625/754/741 675/802/740 677/792/721 627/743/721
f 623/768/704 673/783/703 695/769/677 647/767/676
f 644/764/693 692/778/692 691/804/749 643/762/749
f 597/715/746 652/805/745 651/807/750 596/725/751
f 604/722/708 657/785/707 662/808/752 609/729/753
f 645/766/754 693/809/755 688/810/756 640/748/757
f 614/733/758 667/811/759 666/790/718 613/734/717
f 635/755/725 683/794/724 682/812/760 634/756/761
f 596/725/751 651/807/750 653/799/735 598/714/734
f 594/739/720 649/791/719 671/781/699 618/738/698
f 615/735/712 668/787/711 667/811/759 614/733/758
f 634/756/761 682/812/760 684/788/714 636/757/713
f 616/737/689 669/776/688 664/779/695 611/719/694
f 606/726/739 659/801/738 658/813/762 605/727/763
f 638/758/743 686/803/742 685/814/764 637/759/764
f 605/727/763 658/813/762 660/795/727 607/728/726
f 637/759/765 685/814/765 687/798/733 639/760/732
f 629/749/766 678/815/767 674/780/697 624/752/696
f 609/729/753 662/808/752 661/816/768 608/730/768
f 646/765/769 694/770/769 693/809/755 645/766/754
f 640/748/757 688/810/756 678/815/767 629/749/766
f 608/730/770 661/816/770 663/806/748 610/731/747
f 696/817/771 729/818/772 768/819/773 728/820/774
f 729/818/772 697/821/775 730/822/776 768/819/773
f 768/819/773 730/822/776 699/823/777 731/824/778
f 728/820/774 768/819/773 731/824/778 698/825/779
f 698/825/779 731/824/778 769/826/780 733/827/781
f 731/824/778 699/823/777 734/828/782 769/826/780
f 769/826/780 734/828/782 701/829/783 732/830/784
f 733/827/781 769/826/780 732/830/784 700/831/785
f 699/823/777 730/822/776 770/832/786 736/833/787
f 730/822/776 697/821/775 737/834/788 770/832/786
f 770/832/786 737/834/788 702/835/789 735/836/790
f 736/833/787 770/832/786 735/836/790 703/837/791
f 704/838/792 738/839/793 771/840/794 739/841/795
f 738/839/793 706/842/796 741/843/797 771/840/794
f 771/840/794 741/843/797 707/844/798 740/845/799
f 739/841/795 771/840/794 740/845/799 705/846/800
f 706/842/796 743/847/801 772/848/802 741/843/797
f 743/847/801 708/849/803 742/850/804 772/848/802
f 772/848/802 742/850/804 709/851/805 744/852/806
f 741/843/797 772/848/802 744/852/806 707/844/798
f 707/844/798 746/853/807 773/854/808 740/845/799
f 746/853/807 711/855/809 745/856/810 773/854/808
f 773/854/808 745/856/810 710/857/811 747/858/812
f 740/845/799 773/854/808 747/858/812 705/846/800
f 712/859/813 748/860/814 774/861/815 749/862/816
f 748/860/814 714/863/817 751/864/818 774/861/815
f 774/861/815 751/864/818 715/865/819 750/866/820
f 749/862/816 774/861/815 750/866/820 713/867/821
f 714/863/817 753/868/822 775/869/823 751/864/818
f 753/868/822 716/870/824 752/871/825 775/869/823
f 775/869/823 752/871/825 717/872/826 754/873/827
f 751/864/818 775/869/823 754/873/827 715/865/819
f 715/865/819 756/874/828 776/875/829 750/866/820
f 756/874/828 719/876/830 755/877/831 776/875/829
f 776/875/829 755/877/831 718/878/832 757/879/833
f 750/866/820 776/875/829 757/879/833 713/867/821
f 720/880/834 759/881/835 777/882/836 758/883/837
f 759/881/835 721/884/838 760/885/839 777/882/836
f 777/882/836 760/885/839 723/886/840 761/887/841
f 758/883/837 777/882/836 761/887/841 722/888/842
f 722/888/842 761/887/841 778/889/843 763/890/844
f 761/887/841 723/886/840 764/891/845 778/889/843
f 778/889/843 764/891/845 725/892/846 762/893/847
f 763/890/844 778/889/843 762/893/847 724/894/848
f 723/886/840 760/885/839 779/895/849 766/896/850
f 760/885/839 721/884/838 767/897/851 779/895/849
f 779/895/849 767/897/851 726/898/852 765/899/853
f 766/896/850 779/895/849 765/899/853 727/900/854
f 780/901/855 812/902/856 852/903/857 813/904/858
f 813/904/858 852/903/857 814/905/859 781/906/860
f 852/903/857 815/907/861 783/908/862 814/905/859
f 812/902/856 782/909/863 815/907/861 852/903/857
f 782/909/863 817/910/864 853/911/865 815/907/861
f 815/907/861 853/911/865 818/912/866 783/908/862
f 853/911/865 816/913/867 785/914/868 818/912/866
f 817/910/864 784/915/869 816/913/867 853/911/865
f 783/908/862 820/916/870 854/917/871 814/905/859
f 814/905/859 854/917/871 821/918/872 781/906/860
f 854/917/871 819/919/873 786/920/874 821/918/872
f 820/916/870 787/921/875 819/919/873 854/917/871
f 788/922/876 823/923/877 855/924/878 822/925/879
f 822/925/879 855/924/878 825/926/880 790/927/881
f 855/924/878 824/928/882 791/929/883 825/926/880
f 823/923/877 789/930/884 824/928/882 855/924/878
f 790/927/881 825/926/880 856/931/885 827/932/886
f 827/932/886 856/931/885 826/933/887 792/934/888
f 856/931/885 828/935/889 793/936/890 826/933/887
f 825/926/880 791/929/883 828/935/889 856/931/885
f 791/929/883 824/928/882 857/937/891 830/938/892
f 830/938/892 857/937/891 829/939/893 795/940/894
f 857/937/891 831/941/895 794/942/896 829/939/893
f 824/928/882 789/930/884 831/941/895 857/937/891
f 796/943/897 833/944/898 858/945/899 832/946/900
f 832/946/900 858/945/899 835/947/901 798/948/902
f 858/945/899 834/949/903 799/950/904 835/947/901
f 833/944/898 797/951/905 834/949/903 858/945/899
f 798/948/902 835/947/901 859/952/906 837/953/907
f 837/953/907 859/952/906 836/954/908 800/955/909
f 859/952/906 838/956/910 801/957/911 836/954/908
f 835/947/901 799/950/904 838/956/910 859/952/906
f 799/950/904 834/949/903 860/958/912 840/959/913
f 840/959/913 860/958/912 839/960/914 803/961/915
f 860/958/912 841/962/916 802/963/917 839/960/914
f 834/949/903 797/951/905 841/962/916 860/958/912
f 804/964/918 842/965/919 861/966/920 843/967/921
f 843/967/921 861/966/920 844/968/922 805/969/923
f 861/966/920 845/970/924 807/971/925 844/968/922
f 842/965/919 806/972/926 845/970/924 861/966/920
f 806/972/926 847/973/927 862/974/928 845/970/924
f 845/970/924 862/974/928 848/975/929 807/971/925
f 862/974/928 846/976/930 809/977/931 848/975/929
f 847/973/927 808/978/932 846/976/930 862/974/928
f 807/971/925 850/979/933 863/980/934 844/968/922
f 844/968/922 863/980/934 851/981/935 805/969/923
f 863/980/934 849/982/936 810/983/937 851/981/935
f 850/979/933 811/984/938 849/982/936 863/980/934
f 913/985/939 802/963/940 841/962/941 912/986/942
f 881/987/943 793/936/944 828/935/945 880/988/946
f 897/989/947 806/972/948 842/965/949 896/990/950
f 883/991/951 829/939/952 794/942/952 882/992/953
f 865/993/954 785/914/955 816/913/955 864/994/956
f 896/990/950 842/965/949 804/964/957 898/995/958
f 884/996/959 795/940/960 829/939/960 883/991/961
f 864/994/962 816/913/963 784/915/963 866/997/964
f 898/995/958 804/964/957 843/967/965 899/998/966
f 885/999/967 830/938/968 795/940/969 884/996/970
f 866/997/971 784/915/972 817/910/973 867/1000/974
f 899/998/966 843/967/965 805/969/975 900/1001/976
f 886/1002/977 791/929/978 830/938/968 885/999/967
f 867/1000/974 817/910/973 782/909/979 868/1003/980
f 888/1004/981 831/941/982 789/930/983 887/1005/984
f 870/1006/985 783/908/986 818/912/987 869/1007/988
f 882/992/989 794/942/990 831/941/982 888/1004/981
f 869/1007/988 818/912/987 785/914/991 865/993/992
f 915/1008/993 832/946/994 798/948/995 914/1009/996
f 872/1010/997 786/920/998 819/919/998 871/1011/999
f 916/1012/1000 796/943/1001 832/946/994 915/1008/993
f 871/1011/1002 819/919/1003 787/921/1003 873/1013/1004
f 902/1014/1005 809/977/1006 846/976/1006 901/1015/1007
f 917/1016/1008 833/944/1009 796/943/1001 916/1012/1000
f 873/1013/1010 787/921/1011 820/916/1012 874/1017/1013
f 901/1015/1014 846/976/1015 808/978/1015 903/1018/1016
f 918/1019/1017 797/951/1018 833/944/1009 917/1016/1008
f 874/1017/1013 820/916/1012 783/908/1019 870/1006/1020
f 903/1018/1021 808/978/1022 847/973/1023 904/1020/1024
f 876/1021/1025 781/906/1026 821/918/1027 875/1022/1028
f 904/1020/1024 847/973/1023 806/972/948 897/989/947
f 875/1022/1028 821/918/1027 786/920/1029 872/1010/1030
f 906/1023/1031 807/971/1032 848/975/1033 905/1024/1034
f 890/1025/1035 822/925/1036 790/927/1037 889/1026/1038
f 905/1024/1034 848/975/1033 809/977/1039 902/1014/1040
f 891/1027/1041 788/922/1042 822/925/1036 890/1025/1035
f 908/1028/1043 810/983/1044 849/982/1044 907/1029/1045
f 920/1030/1046 836/954/1047 801/957/1047 919/1031/1048
f 892/1032/1049 823/923/1050 788/922/1042 891/1027/1041
f 907/1029/1051 849/982/1052 811/984/1052 909/1033/1053
f 921/1034/1054 800/955/1055 836/954/1055 920/1030/1056
f 887/1005/984 789/930/983 823/923/1050 892/1032/1049
f 909/1033/1057 811/984/1058 850/979/1059 910/1035/1060
f 922/1036/1061 837/953/1062 800/955/1063 921/1034/1064
f 910/1035/1060 850/979/1059 807/971/1065 906/1023/1066
f 914/1009/996 798/948/995 837/953/1062 922/1036/1061
f 900/1001/976 805/969/975 851/981/1067 911/1037/1068
f 924/1038/1069 838/956/1070 799/950/1071 923/1039/1072
f 868/1003/980 782/909/979 812/902/1073 877/1040/1074
f 911/1037/1068 851/981/1067 810/983/1075 908/1028/1076
f 919/1031/1077 801/957/1078 838/956/1070 924/1038/1069
f 877/1040/1074 812/902/1073 780/901/1079 878/1041/1080
f 925/1042/1081 839/960/1082 802/963/1082 913/985/1083
f 893/1043/1084 826/933/1085 793/936/1085 881/987/1086
f 878/1041/1080 780/901/1079 813/904/1087 879/1044/1088
f 926/1045/1089 803/961/1090 839/960/1090 925/1042/1091
f 894/1046/1092 792/934/1093 826/933/1093 893/1043/1094
f 879/1044/1088 813/904/1087 781/906/1026 876/1021/1025
f 927/1047/1095 840/959/1096 803/961/1097 926/1045/1098
f 895/1048/1099 827/932/1100 792/934/1101 894/1046/1102
f 923/1039/1103 799/950/1104 840/959/1096 927/1047/1095
f 889/1026/1038 790/927/1037 827/932/1100 895/1048/1099
f 912/986/942 841/962/941 797/951/1018 918/1019/1017
f 880/988/946 828/935/945 791/929/1105 886/1002/1106
f 729/818/1107 879/1044/1088 876/1021/1025 697/821/1108
f 696/817/1109 878/1041/1080 879/1044/1088 729/818/1107
f 728/820/1110 877/1040/1074 878/1041/1080 696/817/1109
f 698/825/1111 868/1003/980 877/1040/1074 728/820/1110
f 737/834/1112 875/1022/1028 872/1010/1030 702/835/1113
f 697/821/1108 876/1021/1025 875/1022/1028 737/834/1112
f 736/833/1114 874/1017/1013 870/1006/1020 699/823/1115
f 703/837/1116 873/1013/1010 874/1017/1013 736/833/1114
f 735/836/1117 871/1011/1002 873/1013/1004 703/837/1117
f 702/835/1118 872/1010/997 871/1011/999 735/836/1118
f 734/828/1119 869/1007/988 865/993/992 701/829/1120
f 699/823/1121 870/1006/985 869/1007/988 734/828/1119
f 733/827/1122 867/1000/974 868/1003/980 698/825/1111
f 700/831/1123 866/997/971 867/1000/974 733/827/1122
f 732/830/1124 864/994/962 866/997/964 700/831/1124
f 701/829/1125 865/993/954 864/994/956 732/830/1125
f 744/852/1126 880/988/946 886/1002/1106 707/844/1127
f 706/842/1128 889/1026/1038 895/1048/1099 743/847/1129
f 743/847/1129 895/1048/1099 894/1046/1102 708/849/1130
f 708/849/1131 894/1046/1092 893/1043/1094 742/850/1131
f 742/850/1132 893/1043/1084 881/987/1086 709/851/1132
f 705/846/1133 887/1005/984 892/1032/1049 739/841/1134
f 739/841/1134 892/1032/1049 891/1027/1041 704/838/1135
f 704/838/1135 891/1027/1041 890/1025/1035 738/839/1136
f 738/839/1136 890/1025/1035 889/1026/1038 706/842/1128
f 710/857/1137 882/992/989 888/1004/981 747/858/1138
f 747/858/1138 888/1004/981 887/1005/984 705/846/1133
f 707/844/1139 886/1002/977 885/999/967 746/853/1140
f 746/853/1140 885/999/967 884/996/970 711/855/1141
f 711/855/1142 884/996/959 883/991/961 745/856/1142
f 745/856/1143 883/991/951 882/992/953 710/857/1143
f 709/851/1144 881/987/943 880/988/946 744/852/1126
f 767/897/1145 911/1037/1068 908/1028/1076 726/898/1146
f 721/884/1147 900/1001/976 911/1037/1068 767/897/1145
f 766/896/1148 910/1035/1060 906/1023/1066 723/886/1149
f 727/900/1150 909/1033/1057 910/1035/1060 766/896/1148
f 765/899/1151 907/1029/1051 909/1033/1053 727/900/1151
f 726/898/1152 908/1028/1043 907/1029/1045 765/899/1152
f 764/891/1153 905/1024/1034 902/1014/1040 725/892/1154
f 723/886/1155 906/1023/1031 905/1024/1034 764/891/1153
f 763/890/1156 904/1020/1024 897/989/947 722/888/1157
f 724/894/1158 903/1018/1021 904/1020/1024 763/890/1156
f 762/893/1159 901/1015/1014 903/1018/1016 724/894/1159
f 725/892/1160 902/1014/1005 901/1015/1007 762/893/1160
f 759/881/1161 899/998/966 900/1001/976 721/884/1147
f 720/880/1162 898/995/958 899/998/966 759/881/1161
f 758/883/1163 896/990/950 898/995/958 720/880/1162
f 722/888/1157 897/989/947 896/990/950 758/883/1163
f 757/879/1164 912/986/942 918/1019/1017 713/867/1165
f 715/865/1166 923/1039/1103 927/1047/1095 756/874/1167
f 756/874/1167 927/1047/1095 926/1045/1098 719/876/1168
f 719/876/1169 926/1045/1089 925/1042/1091 755/877/1169
f 755/877/1170 925/1042/1081 913/985/1083 718/878/1170
f 717/872/1171 919/1031/1077 924/1038/1069 754/873/1172
f 754/873/1172 924/1038/1069 923/1039/1072 715/865/1173
f 714/863/1174 914/1009/996 922/1036/1061 753/868/1175
f 753/868/1175 922/1036/1061 921/1034/1064 716/870/1176
f 716/870/1177 921/1034/1054 920/1030/1056 752/871/1177
f 752/871/1178 920/1030/1046 919/1031/1048 717/872/1178
f 713/867/1165 918/1019/1017 917/1016/1008 749/862/1179
f 749/862/1179 917/1016/1008 916/1012/1000 712/859/1180
f 712/859/1180 916/1012/1000 915/1008/993 748/860/1181
f 748/860/1181 915/1008/993 914/1009/996 714/863/1174
f 718/878/1182 913/985/939 912/986/942 757/879/1164
f 967/1049/1183 962/1050/1184 990/1051/1185 997/1052/1186
f 934/1053/1187 987/1054/1188 1005/1055/1189 936/1056/1190
f 930/1057/1191 928/1058/1192 968/1059/1193 970/1060/1194
f 932/1061/1195 930/1057/1191 970/1060/1194 974/1062/1196
f 931/1063/1197 932/1061/1195 974/1062/1196 977/1064/1198
f 931/1063/1197 977/1064/1198 957/1065/1199 929/1066/1200
f 935/1067/1201 937/1068/270 1002/1069/1202 1000/1070/1203
f 976/1071/1204 973/1072/1205 1003/1073/1206 1006/1074/1207
f 928/1058/1192 942/1075/1208 960/1076/1209 968/1059/1193
f 933/1077/1210 935/1067/1201 1000/1070/1203 996/1078/1211
f 971/1079/1212 967/1049/1183 997/1052/1186 999/1080/1213
f 976/1071/1204 1006/1074/1207 986/1081/1214 958/1082/1215
f 947/1083/1216 933/1077/1210 996/1078/1211 989/1084/1217
f 958/1082/1215 986/1081/1214 981/1085/1218 951/1086/1219
f 939/1087/1220 952/1088/1221 980/1089/1222 944/1090/1223
f 937/1068/270 936/1056/1190 1005/1055/1189 1002/1069/1202
f 941/1091/1224 948/1092/1225 991/1093/1226 961/1094/1227
f 945/1095/1228 979/1096/1229 987/1054/1188 934/1053/1187
f 973/1072/1205 971/1079/1212 999/1080/1213 1003/1073/1206
f 950/1097/1230 953/1098/1231 954/1099/1232 956/1100/1233
f 951/1086/1219 955/1101/1234 954/1099/1232 953/1098/1231
f 952/1088/1221 956/1100/1233 954/1099/1232 955/1101/1234
f 960/1076/1209 963/1102/1235 964/1103/1236 966/1104/1237
f 961/1094/1227 965/1105/1238 964/1103/1236 963/1102/1235
f 962/1050/1184 966/1104/1237 964/1103/1236 965/1105/1238
f 979/1096/1229 982/1106/1239 983/1107/1240 985/1108/1241
f 980/1089/1222 984/1109/1242 983/1107/1240 982/1106/1243
f 981/1085/1218 985/1108/1241 983/1107/1240 984/1109/1242
f 989/1084/1217 992/1110/1244 993/1111/1245 995/1112/1246
f 990/1051/1185 994/1113/1247 993/1111/1245 992/1110/1244
f 991/1093/1226 995/1112/1248 993/1111/1245 994/1113/1247
f 950/1097/1230 957/1065/1199 959/1114/1249 953/1098/1231
f 953/1098/1231 959/1114/1249 958/1082/1215 951/1086/1219
f 962/1050/1184 967/1049/1183 969/1115/1250 966/1104/1237
f 966/1104/1237 969/1115/1250 968/1059/1193 960/1076/1209
f 971/1079/1212 973/1072/1205 975/1116/1251 972/1117/1252
f 972/1117/1252 975/1116/1251 974/1062/1196 970/1060/1194
f 973/1072/1205 976/1071/1204 978/1118/1253 975/1116/1251
f 975/1116/1251 978/1118/1253 977/1064/1198 974/1062/1196
f 967/1049/1183 971/1079/1212 972/1117/1252 969/1115/1250
f 969/1115/1250 972/1117/1252 970/1060/1194 968/1059/1193
f 957/1065/1199 977/1064/1198 978/1118/1253 959/1114/1249
f 959/1114/1249 978/1118/1253 976/1071/1204 958/1082/1215
f 981/1085/1218 986/1081/1214 988/1119/1254 985/1108/1241
f 985/1108/1241 988/1119/1254 987/1054/1188 979/1096/1229
f 989/1084/1217 996/1078/1211 998/1120/1255 992/1110/1244
f 992/1110/1244 998/1120/1255 997/1052/1186 990/1051/1185
f 1000/1070/1203 1002/1069/1202 1004/1121/1256 1001/1122/1257
f 1001/1122/1257 1004/1121/1256 1003/1073/1206 999/1080/1213
f 1002/1069/1202 1005/1055/1189 1007/1123/1258 1004/1121/1256
f 1004/1121/1256 1007/1123/1258 1006/1074/1207 1003/1073/1206
f 996/1078/1211 1000/1070/1203 1001/1122/1257 998/1120/1255
f 998/1120/1255 1001/1122/1257 999/1080/1213 997/1052/1186
f 986/1081/1214 1006/1074/1207 1007/1123/1258 988/1119/1254
f 988/1119/1254 1007/1123/1258 1005/1055/1189 987/1054/1188
f 961/1094/1227 991/1093/1226 994/1113/1247 965/1105/1238
f 965/1105/1238 994/1113/1247 990/1051/1185 962/1050/1184
f 951/1086/1219 981/1085/1218 984/1109/1242 955/1101/1234
f 955/1101/1234 984/1109/1242 980/1089/1222 952/1088/1221
f 944/1090/1223 980/1089/1222 982/1106/1243 946/1124/1259
f 946/1124/1260 982/1106/1239 979/1096/1229 945/1095/1228
f 952/1088/1221 939/1087/1220 940/1125/1261 956/1100/1233
f 956/1100/1233 940/1125/1261 938/1126/1262 950/1097/1230
f 991/1093/1226 948/1092/1225 949/1127/1263 995/1112/1248
f 995/1112/1246 949/1127/1264 947/1083/1216 989/1084/1217
f 941/1091/1224 961/1094/1227 963/1102/1235 943/1128/1265
f 943/1128/1265 963/1102/1235 960/1076/1209 942/1075/1208
f 929/1066/1200 957/1065/1199 950/1097/1230 938/1126/1262
f 1047/1129/1266 1042/1130/1267 1070/1131/1268 1077/1132/1269
f 1014/1133/1210 1067/1134/1270 1085/1135/1271 1016/1136/1201
f 1010/1137/1197 1008/1138/1200 1048/1139/1272 1050/1140/1273
f 1012/1141/1195 1010/1137/1197 1050/1140/1273 1054/1142/1274
f 1011/1143/1191 1012/1141/1195 1054/1142/1274 1057/1144/1275
f 1011/1143/1191 1057/1144/1275 1037/1145/1276 1009/1146/1192
f 1015/1147/1190 1017/1148/270 1082/1149/1277 1080/1150/1278
f 1056/1151/1279 1053/1152/1280 1083/1153/1281 1086/1154/1282
f 1008/1138/1200 1022/1155/1262 1040/1156/1283 1048/1139/1272
f 1013/1157/1187 1015/1147/1190 1080/1150/1278 1076/1158/1284
f 1051/1159/1285 1047/1129/1266 1077/1132/1269 1079/1160/1286
f 1056/1151/1279 1086/1154/1282 1066/1161/1287 1038/1162/1288
f 1027/1163/1228 1013/1157/1187 1076/1158/1284 1069/1164/1289
f 1038/1162/1288 1066/1161/1287 1061/1165/1290 1031/1166/1291
f 1019/1167/1224 1032/1168/1292 1060/1169/1293 1024/1170/1225
f 1017/1148/270 1016/1136/1201 1085/1135/1271 1082/1149/1277
f 1021/1171/1220 1028/1172/1223 1071/1173/1294 1041/1174/1295
f 1025/1175/1216 1059/1176/1296 1067/1134/1270 1014/1133/1210
f 1053/1152/1280 1051/1159/1285 1079/1160/1286 1083/1153/1281
f 1030/1177/1297 1033/1178/1298 1034/1179/1299 1036/1180/1300
f 1031/1166/1291 1035/1181/1301 1034/1179/1299 1033/1178/1298
f 1032/1168/1292 1036/1180/1300 1034/1179/1299 1035/1181/1301
f 1040/1156/1283 1043/1182/1302 1044/1183/1303 1046/1184/1304
f 1041/1174/1295 1045/1185/1305 1044/1183/1303 1043/1182/1302
f 1042/1130/1267 1046/1184/1304 1044/1183/1303 1045/1185/1305
f 1059/1176/1296 1062/1186/1306 1063/1187/1307 1065/1188/1308
f 1060/1169/1293 1064/1189/1309 1063/1187/1307 1062/1186/1310
f 1061/1165/1290 1065/1188/1308 1063/1187/1307 1064/1189/1309
f 1069/1164/1289 1072/1190/1311 1073/1191/1312 1075/1192/1313
f 1070/1131/1268 1074/1193/1314 1073/1191/1312 1072/1190/1311
f 1071/1173/1294 1075/1192/1315 1073/1191/1312 1074/1193/1314
f 1030/1177/1297 1037/1145/1276 1039/1194/1316 1033/1178/1298
f 1033/1178/1298 1039/1194/1316 1038/1162/1288 1031/1166/1291
f 1042/1130/1267 1047/1129/1266 1049/1195/1317 1046/1184/1304
f 1046/1184/1304 1049/1195/1317 1048/1139/1272 1040/1156/1283
f 1051/1159/1285 1053/1152/1280 1055/1196/1318 1052/1197/1319
f 1052/1197/1319 1055/1196/1318 1054/1142/1274 1050/1140/1273
f 1053/1152/1280 1056/1151/1279 1058/1198/1320 1055/1196/1318
f 1055/1196/1318 1058/1198/1320 1057/1144/1275 1054/1142/1274
f 1047/1129/1266 1051/1159/1285 1052/1197/1319 1049/1195/1317
f 1049/1195/1317 1052/1197/1319 1050/1140/1273 1048/1139/1272
f 1037/1145/1276 1057/1144/1275 1058/1198/1320 1039/1194/1316
f 1039/1194/1316 1058/1198/1320 1056/1151/1279 1038/1162/1288
f 1061/1165/1290 1066/1161/1287 1068/1199/1321 1065/1188/1308
f 1065/1188/1308 1068/1199/1321 1067/1134/1270 1059/1176/1296
f 1069/1164/1289 1076/1158/1284 1078/1200/1322 1072/1190/1311
f 1072/1190/1311 1078/1200/1322 1077/1132/1269 1070/1131/1268
f 1080/1150/1278 1082/1149/1277 1084/1201/1323 1081/1202/1324
f 1081/1202/1324 1084/1201/1323 1083/1153/1281 1079/1160/1286
f 1082/1149/1277 1085/1135/1271 1087/1203/1325 1084/1201/1323
f 1084/1201/1323 1087/1203/1325 1086/1154/1282 1083/1153/1281
f 1076/1158/1284 1080/1150/1278 1081/1202/1324 1078/1200/1322
f 1078/1200/1322 1081/1202/1324 1079/1160/1286 1077/1132/1269
f 1066/1161/1287 1086/1154/1282 1087/1203/1325 1068/1199/1321
f 1068/1199/1321 1087/1203/1325 1085/1135/1271 1067/1134/1270
f 1041/1174/1295 1071/1173/1294 1074/1193/1314 1045/1185/1305
f 1045/1185/1305 1074/1193/1314 1070/1131/1268 1042/1130/1267
f 1031/1166/1291 1061/1165/1290 1064/1189/1309 1035/1181/1301
f 1035/1181/1301 1064/1189/1309 1060/1169/1293 1032/1168/1292
f 1024/1170/1225 1060/1169/1293 1062/1186/1310 1026/1204/1263
f 1026/1204/1264 1062/1186/1306 1059/1176/1296 1025/1175/1216
f 1032/1168/1292 1019/1167/1224 1020/1205/1265 1036/1180/1300
f 1036/1180/1300 1020/1205/1265 1018/1206/1208 1030/1177/1297
f 1071/1173/1294 1028/1172/1223 1029/1207/1259 1075/1192/1315
f 1075/1192/1313 1029/1207/1260 1027/1163/1228 1069/1164/1289
f 1021/1171/1220 1041/1174/1295 1043/1182/1302 1023/1208/1261
f 1023/1208/1261 1043/1182/1302 1040/1156/1283 1022/1155/1262
f 1009/1146/1192 1037/1145/1276 1030/1177/1297 1018/1206/1208
f 1104/1209/1326 1097/1210/1327 1101/1211/1328 1088/1212/1329
f 1117/1213/1330 1121/1214/1331 1119/1215/1332 1120/1216/1333
f 1089/1217/1334 1103/1218/1335 1097/1210/1327 1104/1209/1326
f 1098/1219/1336 1090/1220/1337 1094/1221/1338 1101/1211/1328
f 1094/1221/1338 1090/1220/1337 1092/1222/1339 1091/1223/1340
f 1109/1224/1341 1113/1225/1342 1112/1226/1343 1111/1227/1344
f 1095/1228/1345 1091/1223/1340 1092/1222/1339 1093/1229/1346
f 1102/1230/1347 1098/1219/1336 1099/1231/1348 1100/1232/1349
f 1096/1233/1350 1093/1229/1346 1092/1222/1339 1090/1220/1337
f 1103/1218/1335 1100/1232/1349 1099/1231/1348 1097/1210/1327
f 1110/1234/1351 1116/1235/1352 1096/1233/1350 1102/1230/1347
f 1123/1236/1353 1126/1237/1354 1117/1213/1330 1109/1224/1341
f 1125/1238/1355 1105/1239/1356 1095/1228/1345 1115/1240/1357
f 1095/1228/1345 1105/1239/1356 1107/1241/1358 1091/1223/1340
f 1116/1235/1352 1120/1216/1333 1119/1215/1332 1118/1242/1359
f 1115/1240/1357 1118/1242/1359 1119/1215/1332 1121/1214/1331
f 1102/1230/1347 1096/1233/1350 1090/1220/1337 1098/1219/1336
f 1108/1243/1360 1111/1227/1344 1112/1226/1343 1114/1244/1361
f 1110/1234/1351 1114/1244/1361 1112/1226/1343 1113/1225/1342
f 1101/1211/1328 1094/1221/1338 1106/1245/1362 1088/1212/1329
f 1101/1211/1328 1097/1210/1327 1099/1231/1348 1098/1219/1336
f 1091/1223/1340 1107/1241/1358 1106/1245/1362 1094/1221/1338
f 1108/1243/1360 1122/1246/1363 1124/1247/1364 1111/1227/1344
f 1111/1227/1344 1124/1247/1364 1123/1236/1353 1109/1224/1341
f 1125/1238/1355 1115/1240/1357 1121/1214/1331 1127/1248/1365
f 1127/1248/1365 1121/1214/1331 1117/1213/1330 1126/1237/1354
f 1116/1235/1352 1110/1234/1351 1113/1225/1342 1120/1216/1333
f 1120/1216/1333 1113/1225/1342 1109/1224/1341 1117/1213/1330
f 1103/1218/1335 1108/1243/1360 1114/1244/1361 1100/1232/1349
f 1100/1232/1349 1114/1244/1361 1110/1234/1351 1102/1230/1347
f 1115/1240/1357 1095/1228/1345 1093/1229/1346 1118/1242/1359
f 1118/1242/1359 1093/1229/1346 1096/1233/1350 1116/1235/1352
f 1089/1217/1334 1122/1246/1363 1108/1243/1360 1103/1218/1335
f 1144/1249/1366 1128/1250/1367 1141/1251/1368 1137/1252/1369
f 1157/1253/1370 1160/1254/1371 1159/1255/1372 1161/1256/1373
f 1129/1257/1374 1144/1249/1366 1137/1252/1369 1143/1258/1375
f 1138/1259/1376 1141/1251/1368 1134/1260/1377 1130/1261/1378
f 1134/1260/1377 1131/1262/1379 1132/1263/1380 1130/1261/1378
f 1149/1264/1381 1151/1265/1382 1152/1266/1383 1153/1267/1384
f 1135/1268/1385 1133/1269/1386 1132/1263/1380 1131/1262/1379
f 1142/1270/1387 1140/1271/1388 1139/1272/1389 1138/1259/1376
f 1136/1273/1390 1130/1261/1378 1132/1263/1380 1133/1269/1386
f 1143/1258/1375 1137/1252/1369 1139/1272/1389 1140/1271/1388
f 1150/1274/1391 1142/1270/1387 1136/1273/1390 1156/1275/1392
f 1163/1276/1393 1149/1264/1381 1157/1253/1370 1166/1277/1394
f 1165/1278/1395 1155/1279/1396 1135/1268/1385 1145/1280/1397
f 1135/1268/1385 1131/1262/1379 1147/1281/1398 1145/1280/1397
f 1156/1275/1392 1158/1282/1399 1159/1255/1372 1160/1254/1371
f 1155/1279/1396 1161/1256/1373 1159/1255/1372 1158/1282/1399
f 1142/1270/1387 1138/1259/1376 1130/1261/1378 1136/1273/1390
f 1148/1283/1400 1154/1284/1401 1152/1266/1383 1151/1265/1382
f 1150/1274/1391 1153/1267/1384 1152/1266/1383 1154/1284/1401
f 1141/1251/1368 1128/1250/1367 1146/1285/1402 1134/1260/1377
f 1141/1251/1368 1138/1259/1376 1139/1272/1389 1137/1252/1369
f 1131/1262/1379 1134/1260/1377 1146/1285/1402 1147/1281/1398
f 1148/1283/1400 1151/1265/1382 1164/1286/1403 1162/1287/1404
f 1151/1265/1382 1149/1264/1381 1163/1276/1393 1164/1286/1403
f 1165/1278/1395 1167/1288/1405 1161/1256/1373 1155/1279/1396
f 1167/1288/1405 1166/1277/1394 1157/1253/1370 1161/1256/1373
f 1156/1275/1392 1160/1254/1371 1153/1267/1384 1150/1274/1391
f 1160/1254/1371 1157/1253/1370 1149/1264/1381 1153/1267/1384
f 1143/1258/1375 1140/1271/1388 1154/1284/1401 1148/1283/1400
f 1140/1271/1388 1142/1270/1387 1150/1274/1391 1154/1284/1401
f 1155/1279/1396 1158/1282/1399 1133/1269/1386 1135/1268/1385
f 1158/1282/1399 1156/1275/1392 1136/1273/1390 1133/1269/1386
f 1129/1257/1374 1143/1258/1375 1148/1283/1400 1162/1287/1404
f 1193/1289/1406 1186/1290/1407 1175/1291/1408 1169/1292/1409
f 1212/1293/1410 1218/1294/1411 1205/1295/1412 1197/1296/1413
f 1221/1297/1414 1189/1298/1415 1176/1299/1416 1190/1300/1417
f 1170/1301/1418 1177/1302/1419 1191/1303/1420 1183/1304/1421
f 1168/1305/1422 1171/1306/1423 1172/1307/1424 1174/1308/1425
f 1169/1292/1409 1173/1309/1426 1172/1307/1427 1171/1306/1423
f 1170/1301/1418 1174/1308/1428 1172/1307/1429 1173/1309/1426
f 1175/1291/1408 1178/1310/1430 1179/1311/1431 1181/1312/1432
f 1176/1299/1416 1180/1313/1433 1179/1311/1431 1178/1310/1430
f 1177/1302/1419 1181/1312/1432 1179/1311/1431 1180/1313/1433
f 1215/1314/1434 1214/1315/1435 1213/1316/1436 1211/1317/1437
f 1219/1318/1438 1221/1297/1414 1190/1300/1417 1192/1319/1439
f 1168/1305/1422 1215/1314/1434 1211/1317/1437 1171/1306/1423
f 1196/1320/1440 1199/1321/1441 1200/1322/1442 1202/1323/1443
f 1197/1296/1413 1201/1324/1444 1200/1322/1445 1199/1321/1446
f 1198/1325/1447 1202/1323/1448 1200/1322/1449 1201/1324/1444
f 1203/1326/1450 1206/1327/1451 1207/1328/1452 1209/1329/1453
f 1204/1330/1454 1208/1331/1455 1207/1328/1452 1206/1327/1451
f 1205/1295/1412 1209/1329/1453 1207/1328/1452 1208/1331/1455
f 1192/1319/1439 1190/1300/1417 1188/1332/1456 1187/1333/1457
f 1211/1317/1437 1213/1316/1436 1194/1334/1458 1193/1289/1406
f 1203/1326/1450 1192/1319/1439 1187/1333/1457 1206/1327/1451
f 1182/1335/1459 1222/1336/1460 1215/1314/1434 1168/1305/1422
f 1222/1336/1460 1223/1337/1461 1214/1315/1435 1215/1314/1434
f 1206/1327/1451 1187/1333/1457 1184/1338/1462 1204/1330/1454
f 1182/1335/1459 1168/1305/1422 1174/1308/1425 1185/1339/1463
f 1185/1339/1464 1174/1308/1428 1170/1301/1418 1183/1304/1421
f 1169/1292/1409 1175/1291/1408 1181/1312/1432 1173/1309/1426
f 1173/1309/1426 1181/1312/1432 1177/1302/1419 1170/1301/1418
f 1176/1299/1416 1189/1298/1415 1195/1340/1465 1180/1313/1433
f 1180/1313/1433 1195/1340/1465 1191/1303/1420 1177/1302/1419
f 1194/1334/1458 1184/1338/1462 1186/1290/1407 1193/1289/1406
f 1217/1341/1466 1219/1318/1438 1192/1319/1439 1203/1326/1450
f 1198/1325/1447 1204/1330/1454 1184/1338/1462 1194/1334/1458
f 1187/1333/1457 1188/1332/1456 1186/1290/1407 1184/1338/1462
f 1171/1306/1423 1211/1317/1437 1193/1289/1406 1169/1292/1409
f 1196/1320/1440 1210/1342/1467 1216/1343/1468 1199/1321/1441
f 1199/1321/1446 1216/1343/1469 1212/1293/1410 1197/1296/1413
f 1217/1341/1466 1203/1326/1450 1209/1329/1453 1220/1344/1470
f 1220/1344/1470 1209/1329/1453 1205/1295/1412 1218/1294/1411
f 1204/1330/1454 1198/1325/1447 1201/1324/1444 1208/1331/1455
f 1208/1331/1455 1201/1324/1444 1197/1296/1413 1205/1295/1412
f 1214/1315/1435 1196/1320/1440 1202/1323/1443 1213/1316/1436
f 1213/1316/1436 1202/1323/1448 1198/1325/1447 1194/1334/1458
f 1190/1300/1417 1176/1299/1416 1178/1310/1430 1188/1332/1456
f 1188/1332/1456 1178/1310/1430 1175/1291/1408 1186/1290/1407
f 1223/1337/1461 1210/1342/1467 1196/1320/1440 1214/1315/1435
f 1249/1345/1471 1225/1346/1472 1231/1347/1473 1242/1348/1474
f 1268/1349/1475 1253/1350/1476 1261/1351/1477 1274/1352/1478
f 1277/1353/1479 1246/1354/1480 1232/1355/1481 1245/1356/1482
f 1226/1357/1483 1239/1358/1484 1247/1359/1485 1233/1360/1486
f 1224/1361/1487 1230/1362/1488 1228/1363/1489 1227/1364/1490
f 1225/1346/1472 1227/1364/1490 1228/1363/1491 1229/1365/1492
f 1226/1357/1483 1229/1365/1492 1228/1363/1493 1230/1362/1494
f 1231/1347/1473 1237/1366/1495 1235/1367/1496 1234/1368/1497
f 1232/1355/1481 1234/1368/1497 1235/1367/1496 1236/1369/1498
f 1233/1360/1486 1236/1369/1498 1235/1367/1496 1237/1366/1495
f 1271/1370/1499 1267/1371/1500 1269/1372/1501 1270/1373/1502
f 1275/1374/1503 1248/1375/1504 1246/1354/1480 1277/1353/1479
f 1224/1361/1487 1227/1364/1490 1267/1371/1500 1271/1370/1499
f 1252/1376/1505 1258/1377/1506 1256/1378/1507 1255/1379/1508
f 1253/1350/1476 1255/1379/1509 1256/1378/1510 1257/1380/1511
f 1254/1381/1512 1257/1380/1511 1256/1378/1513 1258/1377/1514
f 1259/1382/1515 1265/1383/1516 1263/1384/1517 1262/1385/1518
f 1260/1386/1519 1262/1385/1518 1263/1384/1517 1264/1387/1520
f 1261/1351/1477 1264/1387/1520 1263/1384/1517 1265/1383/1516
f 1248/1375/1504 1243/1388/1521 1244/1389/1522 1246/1354/1480
f 1267/1371/1500 1249/1345/1471 1250/1390/1523 1269/1372/1501
f 1259/1382/1515 1262/1385/1518 1243/1388/1521 1248/1375/1504
f 1238/1391/1524 1224/1361/1487 1271/1370/1499 1278/1392/1525
f 1278/1392/1525 1271/1370/1499 1270/1373/1502 1279/1393/1526
f 1262/1385/1518 1260/1386/1519 1240/1394/1527 1243/1388/1521
f 1238/1391/1524 1241/1395/1528 1230/1362/1488 1224/1361/1487
f 1241/1395/1529 1239/1358/1484 1226/1357/1483 1230/1362/1494
f 1225/1346/1472 1229/1365/1492 1237/1366/1495 1231/1347/1473
f 1229/1365/1492 1226/1357/1483 1233/1360/1486 1237/1366/1495
f 1232/1355/1481 1236/1369/1498 1251/1396/1530 1245/1356/1482
f 1236/1369/1498 1233/1360/1486 1247/1359/1485 1251/1396/1530
f 1250/1390/1523 1249/1345/1471 1242/1348/1474 1240/1394/1527
f 1273/1397/1531 1259/1382/1515 1248/1375/1504 1275/1374/1503
f 1254/1381/1512 1250/1390/1523 1240/1394/1527 1260/1386/1519
f 1243/1388/1521 1240/1394/1527 1242/1348/1474 1244/1389/1522
f 1227/1364/1490 1225/1346/1472 1249/1345/1471 1267/1371/1500
f 1252/1376/1505 1255/1379/1508 1272/1398/1532 1266/1399/1533
f 1255/1379/1509 1253/1350/1476 1268/1349/1475 1272/1398/1534
f 1273/1397/1531 1276/1400/1535 1265/1383/1516 1259/1382/1515
f 1276/1400/1535 1274/1352/1478 1261/1351/1477 1265/1383/1516
f 1260/1386/1519 1264/1387/1520 1257/1380/1511 1254/1381/1512
f 1264/1387/1520 1261/1351/1477 1253/1350/1476 1257/1380/1511
f 1270/1373/1502 1269/1372/1501 1258/1377/1506 1252/1376/1505
f 1269/1372/1501 1250/1390/1523 1254/1381/1512 1258/1377/1514
f 1246/1354/1480 1244/1389/1522 1234/1368/1497 1232/1355/1481
f 1244/1389/1522 1242/1348/1474 1231/1347/1473 1234/1368/1497
f 1279/1393/1526 1270/1373/1502 1252/1376/1505 1266/1399/1533
