# Blender v3.4.1 OBJ File: 'CapsuleCarl.blend'
# www.blender.org
mtllib player.mtl
o player_Sphere.057
v 0.129410 0.500000 -0.482963
v 0.125000 0.370590 -0.466506
v 0.112072 0.250000 -0.418258
v 0.091506 0.146447 -0.341506
v 0.064705 0.066987 -0.241481
v 0.033494 0.017037 -0.125000
v 0.250000 0.500000 -0.433013
v 0.241481 0.370590 -0.418258
v 0.216506 0.250000 -0.375000
v 0.176777 0.146447 -0.306186
v 0.125000 0.066987 -0.216506
v 0.064705 0.017037 -0.112072
v 0.353553 0.500000 -0.353553
v 0.341506 0.370590 -0.341506
v 0.306186 0.250000 -0.306186
v 0.250000 0.146447 -0.250000
v 0.176777 0.066987 -0.176777
v 0.091506 0.017037 -0.091506
v 0.433013 0.500000 -0.250000
v 0.418258 0.370590 -0.241481
v 0.375000 0.250000 -0.216506
v 0.306186 0.146447 -0.176777
v 0.216506 0.066987 -0.125000
v 0.112072 0.017037 -0.064705
v 0.482963 0.500000 -0.129409
v 0.466506 0.370590 -0.125000
v 0.418258 0.250000 -0.112072
v 0.341506 0.146447 -0.091506
v 0.241482 0.066987 -0.064705
v 0.125000 0.017037 -0.033494
v 0.500000 0.500000 0.000000
v 0.482963 0.370590 0.000000
v 0.433013 0.250000 0.000000
v 0.353553 0.146447 0.000000
v 0.250000 0.066987 0.000000
v 0.129410 0.017037 0.000000
v 0.482963 0.500000 0.129410
v 0.466506 0.370590 0.125000
v 0.418258 0.250000 0.112072
v 0.341506 0.146447 0.091506
v 0.241481 0.066987 0.064705
v 0.125000 0.017037 0.033494
v 0.433013 0.500000 0.250000
v 0.418258 0.370590 0.241481
v 0.375000 0.250000 0.216506
v 0.306186 0.146447 0.176777
v 0.216506 0.066987 0.125000
v 0.112072 0.017037 0.064705
v 0.353553 0.500000 0.353553
v 0.341506 0.370590 0.341506
v 0.306186 0.250000 0.306186
v 0.250000 0.146447 0.250000
v 0.176777 0.066987 0.176777
v 0.091506 0.017037 0.091506
v 0.250000 0.500000 0.433013
v 0.241481 0.370590 0.418258
v 0.216506 0.250000 0.375000
v 0.176777 0.146447 0.306186
v 0.125000 0.066987 0.216506
v 0.064705 0.017037 0.112072
v 0.129409 0.499952 0.482963
v 0.125000 0.370590 0.466506
v 0.112072 0.250000 0.418258
v 0.091506 0.146447 0.341506
v 0.064705 0.066987 0.241482
v 0.033494 0.017037 0.125000
v -0.000000 0.497375 0.500000
v 0.000000 0.370590 0.482963
v 0.000000 0.250000 0.433013
v 0.000000 0.146447 0.353553
v 0.000000 0.066987 0.250000
v 0.000000 0.017037 0.129410
v -0.129409 0.499952 0.482963
v -0.125000 0.370590 0.466506
v -0.112072 0.250000 0.418258
v -0.091506 0.146447 0.341506
v -0.064705 0.066987 0.241482
v -0.033494 0.017037 0.125000
v -0.250000 0.500000 0.433013
v -0.241481 0.370590 0.418258
v -0.216506 0.250000 0.375000
v -0.176777 0.146447 0.306186
v -0.125000 0.066987 0.216506
v -0.064705 0.017037 0.112072
v -0.353553 0.500000 0.353553
v -0.341506 0.370590 0.341506
v -0.306186 0.250000 0.306186
v -0.250000 0.146447 0.250000
v -0.176777 0.066987 0.176777
v -0.091506 0.017037 0.091506
v -0.433012 0.500000 0.250000
v -0.418258 0.370590 0.241481
v -0.375000 0.250000 0.216506
v -0.306186 0.146447 0.176777
v -0.216506 0.066987 0.125000
v -0.112072 0.017037 0.064705
v 0.000000 0.000000 0.000000
v -0.482963 0.500000 0.129409
v -0.466506 0.370590 0.125000
v -0.418258 0.250000 0.112072
v -0.341506 0.146447 0.091506
v -0.241481 0.066987 0.064705
v -0.125000 0.017037 0.033494
v -0.500000 0.500000 0.000000
v -0.482963 0.370590 0.000000
v -0.433013 0.250000 0.000000
v -0.353553 0.146447 0.000000
v -0.250000 0.066987 0.000000
v -0.129410 0.017037 0.000000
v -0.482963 0.500000 -0.129409
v -0.466506 0.370590 -0.125000
v -0.418258 0.250000 -0.112072
v -0.341506 0.146447 -0.091506
v -0.241481 0.066987 -0.064705
v -0.125000 0.017037 -0.033494
v -0.433012 0.500000 -0.250000
v -0.418258 0.370590 -0.241481
v -0.375000 0.250000 -0.216506
v -0.306186 0.146447 -0.176777
v -0.216506 0.066987 -0.125000
v -0.112072 0.017037 -0.064705
v -0.353553 0.500000 -0.353553
v -0.341506 0.370590 -0.341506
v -0.306186 0.250000 -0.306186
v -0.250000 0.146447 -0.250000
v -0.176777 0.066987 -0.176777
v -0.091506 0.017037 -0.091506
v -0.250000 0.500000 -0.433012
v -0.241481 0.370590 -0.418258
v -0.216506 0.250000 -0.375000
v -0.176777 0.146447 -0.306186
v -0.125000 0.066987 -0.216506
v -0.064705 0.017037 -0.112072
v -0.129409 0.500000 -0.482963
v -0.125000 0.370590 -0.466506
v -0.112072 0.250000 -0.418258
v -0.091506 0.146447 -0.341506
v -0.064705 0.066987 -0.241481
v -0.033494 0.017037 -0.125000
v 0.000000 0.500000 -0.500000
v -0.000000 0.370590 -0.482963
v -0.000000 0.250000 -0.433013
v 0.000000 0.146447 -0.353553
v 0.000000 0.066987 -0.250000
v -0.000000 0.017037 -0.129410
v 0.000000 1.933013 -0.250000
v 0.000000 1.853553 -0.353553
v 0.033494 1.982963 -0.125000
v 0.064705 1.933013 -0.241481
v 0.091506 1.853553 -0.341506
v 0.112072 1.750000 -0.418258
v 0.125000 1.629410 -0.466506
v 0.129410 1.500000 -0.482963
v 0.064705 1.982963 -0.112072
v 0.125000 1.933013 -0.216506
v 0.176777 1.853553 -0.306186
v 0.216506 1.750000 -0.375000
v 0.241481 1.629410 -0.418258
v 0.250000 1.500000 -0.433013
v 0.091506 1.982963 -0.091506
v 0.176777 1.933013 -0.176777
v 0.250000 1.853553 -0.250000
v 0.306186 1.750000 -0.306186
v 0.341506 1.629410 -0.341506
v 0.353553 1.500000 -0.353553
v 0.112072 1.982963 -0.064705
v 0.216506 1.933013 -0.125000
v 0.306186 1.853553 -0.176777
v 0.375000 1.750000 -0.216506
v 0.418258 1.629410 -0.241481
v 0.433013 1.500000 -0.250000
v 0.125000 1.982963 -0.033494
v 0.241481 1.933013 -0.064705
v 0.341506 1.853553 -0.091506
v 0.418258 1.750000 -0.112072
v 0.466506 1.629410 -0.125000
v 0.482963 1.500000 -0.129409
v 0.129410 1.982963 0.000000
v 0.250000 1.933013 0.000000
v 0.353553 1.853553 0.000000
v 0.433013 1.750000 -0.000000
v 0.482963 1.629410 0.000000
v 0.500000 1.500000 0.000000
v 0.125000 1.982963 0.033494
v 0.241481 1.933013 0.064705
v 0.341506 1.853553 0.091506
v 0.418258 1.750000 0.112072
v 0.466506 1.629410 0.125000
v 0.482963 1.500000 0.129410
v 0.112072 1.982963 0.064705
v 0.216506 1.933013 0.125000
v 0.306186 1.853553 0.176777
v 0.375000 1.750000 0.216506
v 0.418258 1.629410 0.241481
v 0.433013 1.500000 0.250000
v 0.091506 1.982963 0.091506
v 0.176777 1.933013 0.176777
v 0.250000 1.853553 0.250000
v 0.306186 1.750000 0.306186
v 0.341506 1.629410 0.341506
v 0.353553 1.500000 0.353553
v 0.064705 1.982963 0.112072
v 0.125000 1.933013 0.216506
v 0.176777 1.853553 0.306186
v 0.216506 1.750000 0.375000
v 0.241481 1.629410 0.418258
v 0.250000 1.500000 0.433013
v 0.033494 1.982963 0.125000
v 0.064705 1.933013 0.241482
v 0.091506 1.853553 0.341506
v 0.112072 1.750000 0.418258
v 0.125000 1.629410 0.466506
v 0.129409 1.500000 0.482963
v 0.000000 1.982963 0.129410
v -0.000000 1.933013 0.250000
v 0.000000 1.853553 0.353553
v 0.000000 1.750000 0.433013
v 0.000000 1.629410 0.482963
v -0.000000 1.500000 0.500000
v -0.033494 1.982963 0.125000
v -0.064705 1.933013 0.241482
v -0.091506 1.853553 0.341506
v -0.112072 1.750000 0.418258
v -0.125000 1.629410 0.466506
v -0.129409 1.500000 0.482963
v -0.064705 1.982963 0.112072
v -0.125000 1.933013 0.216506
v -0.176777 1.853553 0.306186
v -0.216506 1.750000 0.375000
v -0.241481 1.629410 0.418258
v -0.250000 1.500000 0.433013
v -0.000000 2.000000 0.000000
v -0.091506 1.982963 0.091506
v -0.176777 1.933013 0.176777
v -0.250000 1.853553 0.250000
v -0.306186 1.750000 0.306186
v -0.341506 1.629410 0.341506
v -0.353553 1.500000 0.353553
v -0.112072 1.982963 0.064705
v -0.216506 1.933013 0.125000
v -0.306186 1.853553 0.176777
v -0.375000 1.750000 0.216506
v -0.418258 1.629410 0.241481
v -0.433012 1.500000 0.250000
v -0.125000 1.982963 0.033494
v -0.241481 1.933013 0.064705
v -0.341506 1.853553 0.091506
v -0.418258 1.750000 0.112072
v -0.466506 1.629410 0.125000
v -0.482963 1.500000 0.129409
v -0.129410 1.982963 0.000000
v -0.250000 1.933013 0.000000
v -0.353553 1.853553 0.000000
v -0.433013 1.750000 0.000000
v -0.482963 1.629410 0.000000
v -0.500000 1.500000 0.000000
v -0.125000 1.982963 -0.033494
v -0.241481 1.933013 -0.064705
v -0.341506 1.853553 -0.091506
v -0.418258 1.750000 -0.112072
v -0.466506 1.629410 -0.125000
v -0.482963 1.500000 -0.129409
v -0.112072 1.982963 -0.064705
v -0.216506 1.933013 -0.125000
v -0.306186 1.853553 -0.176777
v -0.375000 1.750000 -0.216506
v -0.418258 1.629410 -0.241481
v -0.433012 1.500000 -0.250000
v -0.091506 1.982963 -0.091506
v -0.176777 1.933013 -0.176777
v -0.250000 1.853553 -0.250000
v -0.306186 1.750000 -0.306186
v -0.341506 1.629410 -0.341506
v -0.353553 1.500000 -0.353553
v -0.064705 1.982963 -0.112072
v -0.125000 1.933013 -0.216506
v -0.176777 1.853553 -0.306186
v -0.216506 1.750000 -0.375000
v -0.241481 1.629410 -0.418258
v -0.250000 1.500000 -0.433012
v -0.033494 1.982963 -0.125000
v -0.064705 1.933013 -0.241481
v -0.091506 1.853553 -0.341506
v -0.112072 1.750000 -0.418258
v -0.125000 1.629410 -0.466506
v -0.129409 1.500000 -0.482963
v -0.000000 1.982963 -0.129410
v -0.000000 1.750000 -0.433013
v -0.000000 1.629410 -0.482963
v 0.000000 1.500000 -0.500000
v 0.129410 1.359113 -0.482963
v 0.129410 1.215995 -0.482963
v 0.129410 1.073399 -0.482963
v 0.129410 0.930803 -0.482963
v 0.129410 0.787685 -0.482963
v -0.129409 1.359113 -0.482963
v -0.129409 1.215995 -0.482963
v -0.129409 1.073399 -0.482963
v -0.129409 0.930803 -0.482963
v -0.129409 0.787685 -0.482963
v -0.353553 1.359113 -0.353553
v -0.353553 1.215995 -0.353553
v -0.353553 1.073399 -0.353553
v -0.353553 0.930803 -0.353553
v -0.353553 0.787685 -0.353553
v -0.482963 1.359113 -0.129409
v -0.482963 1.215995 -0.129409
v -0.482963 1.073399 -0.129409
v -0.482963 0.930803 -0.129409
v -0.482963 0.787685 -0.129409
v -0.433012 1.359113 0.250000
v -0.433012 1.215995 0.250000
v -0.433012 1.073399 0.250000
v -0.433012 0.930803 0.250000
v -0.433012 0.787685 0.250000
v -0.353553 1.359113 0.353553
v -0.353553 1.215995 0.353553
v -0.353553 1.073399 0.353553
v -0.353553 0.930803 0.353553
v -0.353553 0.787685 0.353553
v -0.129409 1.328660 0.482963
v -0.129409 0.757232 0.482963
v 0.129409 1.328660 0.482963
v 0.129409 0.874119 0.482963
v 0.129409 0.757232 0.482963
v 0.353553 1.359113 0.353553
v 0.353553 1.215995 0.353553
v 0.353553 1.073399 0.353553
v 0.353553 0.930803 0.353553
v 0.353553 0.787685 0.353553
v -0.500000 1.359113 0.000000
v -0.500000 1.215995 0.000000
v -0.500000 1.073399 0.000000
v -0.500000 0.930803 0.000000
v -0.500000 0.787685 0.000000
v -0.433012 1.359113 -0.250000
v -0.433012 1.215995 -0.250000
v -0.433012 1.073399 -0.250000
v -0.433012 0.930803 -0.250000
v -0.433012 0.787685 -0.250000
v 0.000000 1.359113 -0.500000
v 0.000000 1.215995 -0.500000
v 0.000000 1.073399 -0.500000
v 0.000000 0.930803 -0.500000
v 0.000000 0.787685 -0.500000
v -0.482963 1.359113 0.129409
v -0.482963 1.215995 0.129409
v -0.482963 1.073399 0.129409
v -0.482963 0.930803 0.129409
v -0.482963 0.787685 0.129409
v -0.250000 1.359113 -0.433012
v -0.250000 1.215995 -0.433012
v -0.250000 1.073399 -0.433012
v -0.250000 0.930803 -0.433012
v -0.250000 0.787685 -0.433012
v 0.500000 1.359113 0.000000
v 0.500000 1.215995 0.000000
v 0.500000 1.073399 0.000000
v 0.500000 0.930803 0.000000
v 0.500000 0.787685 0.000000
v 0.482963 1.359113 -0.129409
v 0.482963 1.215995 -0.129409
v 0.482963 1.073399 -0.129409
v 0.482963 0.930803 -0.129409
v 0.482963 0.787685 -0.129409
v 0.433013 1.359113 -0.250000
v 0.433013 1.215995 -0.250000
v 0.433013 1.073399 -0.250000
v 0.433013 0.930803 -0.250000
v 0.433013 0.787685 -0.250000
v 0.353553 1.359113 -0.353553
v 0.353553 1.215995 -0.353553
v 0.353553 1.073399 -0.353553
v 0.353553 0.930803 -0.353553
v 0.353553 0.787685 -0.353553
v 0.250000 0.787685 -0.433013
v 0.250000 0.930803 -0.433013
v 0.250000 1.073399 -0.433013
v 0.250000 1.215995 -0.433013
v 0.250000 1.359113 -0.433013
v 0.482963 1.359113 0.129410
v 0.482963 1.215995 0.129410
v 0.482963 1.073399 0.129410
v 0.482963 0.930803 0.129410
v 0.482963 0.787685 0.129410
v 0.250000 1.357797 0.433013
v 0.250000 1.063585 0.433013
v 0.250000 0.786368 0.433013
v -0.000000 1.307620 0.500000
v -0.000000 0.736191 0.500000
v 0.433013 1.359113 0.250000
v 0.433013 1.215995 0.250000
v 0.433013 1.073399 0.250000
v 0.433013 0.930803 0.250000
v 0.433013 0.787685 0.250000
v -0.250000 1.357797 0.433013
v -0.250000 1.063585 0.433013
v -0.250000 0.786368 0.433013
v 0.250000 1.206872 0.433013
v -0.250000 0.921679 0.433013
v 0.250000 0.921679 0.433013
v -0.250000 1.206872 0.433013
v 0.166785 1.175755 0.467481
v 0.208393 1.181467 0.450247
v 0.238851 1.157179 0.437631
v 0.250000 1.115047 0.433013
v 0.250000 1.014755 0.433013
v 0.238851 0.964176 0.437631
v 0.208393 0.920594 0.450247
v 0.166785 0.890562 0.467481
v -0.250000 1.115047 0.433013
v -0.238851 1.157179 0.437630
v -0.208393 1.181466 0.450247
v -0.166785 1.175755 0.467481
v -0.166785 0.890562 0.467481
v -0.208393 0.920594 0.450247
v -0.238851 0.964176 0.437630
v -0.250000 1.014755 0.433013
v 0.129409 1.159311 0.482963
v -0.129409 1.159311 0.482963
v -0.129409 0.874119 0.482963
v -0.061898 1.142244 0.491851
v -0.000000 1.135762 0.495226
v 0.061898 1.142244 0.491851
v 0.062115 0.857106 0.491822
v -0.000000 0.850602 0.495210
v -0.062115 0.857106 0.491822
v -0.130015 1.146420 0.468742
v -0.128841 1.138276 0.457272
v -0.122081 0.884464 0.468500
v -0.117272 0.890337 0.456603
v 0.130015 1.146420 0.468742
v 0.128842 1.138276 0.457272
v 0.165183 1.162000 0.454708
v 0.161168 1.152477 0.444487
v 0.233594 1.112941 0.423844
v 0.222968 1.108210 0.415102
v 0.200694 1.167870 0.440770
v 0.193701 1.157893 0.431638
v 0.224246 1.148784 0.429856
v 0.214032 1.141894 0.421639
v 0.233716 1.016163 0.422970
v 0.223235 1.018253 0.413885
v 0.156025 0.899642 0.454498
v 0.147722 0.904049 0.444111
v 0.223441 0.968926 0.427416
v 0.213245 0.971872 0.418189
v 0.195300 0.928412 0.438717
v 0.186143 0.932375 0.428892
v -0.233594 1.112941 0.423844
v -0.222968 1.108209 0.415102
v -0.165183 1.162000 0.454708
v -0.161168 1.152477 0.444487
v -0.224246 1.148784 0.429856
v -0.214032 1.141894 0.421639
v -0.200694 1.167869 0.440770
v -0.193701 1.157892 0.431638
v -0.156025 0.899642 0.454498
v -0.147722 0.904049 0.444111
v -0.233716 1.016163 0.422969
v -0.223235 1.018253 0.413885
v -0.195300 0.928412 0.438717
v -0.186143 0.932374 0.428892
v -0.223440 0.968926 0.427416
v -0.213245 0.971872 0.418189
v -0.062809 1.129524 0.477700
v -0.063250 1.121853 0.465995
v 0.062809 1.129524 0.477700
v 0.063250 1.121853 0.465995
v -0.000000 1.123073 0.481031
v -0.000000 1.115456 0.469283
v 0.058771 0.868832 0.477013
v 0.057327 0.875774 0.464809
v -0.058771 0.868832 0.477013
v -0.057327 0.875774 0.464809
v -0.000000 0.862782 0.480397
v -0.000000 0.870000 0.468188
v 0.233808 1.063502 0.422773
v 0.223403 1.062369 0.413626
v 0.122081 0.884464 0.468500
v 0.117272 0.890337 0.456603
v -0.233808 1.063502 0.422772
v -0.223403 1.062369 0.413626
v -0.082617 1.003933 0.307419
v -0.106028 0.861968 0.318984
v 0.081303 1.144940 0.319792
v 0.082617 1.003933 0.307419
v 0.106028 0.861968 0.318983
v 0.206862 1.042276 0.272262
v -0.206862 1.042276 0.272261
v 0.133519 1.150882 0.297774
v 0.188462 1.119554 0.278102
v -0.188462 1.119553 0.278102
v -0.081303 1.144940 0.319792
v -0.052848 1.136968 0.321887
v 0.193472 0.965177 0.278228
v 0.155602 0.901907 0.294806
v -0.155602 0.901907 0.294806
v -0.193472 0.965177 0.278228
v -0.133519 1.150882 0.297774
v 0.064908 0.854432 0.323494
v 0.000000 0.848467 0.327505
v -0.064908 0.854432 0.323494
v 0.000000 1.132210 0.325027
v 0.052848 1.136968 0.321887
v -0.057411 0.996957 0.310307
v 0.000000 0.991593 0.313471
v 0.057411 0.996957 0.310307
v 0.141147 1.198843 0.403504
v 0.192133 1.202487 0.379384
v 0.236425 1.173215 0.361943
v 0.261393 1.120032 0.357215
v 0.266078 1.011306 0.359918
v 0.251654 0.949995 0.365331
v 0.215703 0.895150 0.381420
v 0.167900 0.857787 0.403044
v -0.261393 1.120032 0.357215
v -0.236425 1.173215 0.361943
v -0.192134 1.202487 0.379385
v -0.141147 1.198843 0.403504
v -0.167900 0.857787 0.403044
v -0.215703 0.895150 0.381420
v -0.251654 0.949995 0.365330
v -0.266078 1.011306 0.359918
v 0.108124 1.185472 0.419292
v 0.267189 1.063082 0.360191
v 0.130054 0.840249 0.419106
v -0.267189 1.063082 0.360191
v -0.108123 1.185472 0.419291
v -0.130054 0.840249 0.419106
v -0.053020 1.171610 0.425808
v -0.000000 1.166236 0.429045
v 0.053021 1.171610 0.425808
v 0.064189 0.824590 0.427145
v -0.000000 0.818502 0.430065
v -0.064189 0.824590 0.427145
v 0.372026 1.504341 -0.366455
v 0.243517 1.428840 -0.473968
v 0.464749 1.575167 -0.224468
v 0.198925 1.403552 -0.506449
v 0.492461 1.597702 -0.175405
v 0.397080 1.428462 -0.344169
v 0.337904 1.578354 -0.379606
v 0.275598 1.539659 -0.439223
v 0.390115 1.615403 -0.310072
v 0.423209 1.541803 -0.296251
v 0.449297 1.465512 -0.274641
v 0.308691 1.466058 -0.425402
v 0.334780 1.389768 -0.403791
v 0.211605 1.502633 -0.488949
v 0.270797 1.352744 -0.453528
v 0.180987 1.472299 -0.513594
v 0.182910 1.442699 -0.515207
v 0.197470 1.494541 -0.499566
v 0.232091 1.342904 -0.483021
v 0.256665 1.344652 -0.464147
v 0.214474 1.362781 -0.496324
v 0.492029 1.499071 -0.204028
v 0.432836 1.648960 -0.239449
v 0.476445 1.636849 -0.184163
v 0.460147 1.656941 -0.198762
v 0.441924 1.656228 -0.223875
v 0.501119 1.506340 -0.188456
v 0.511251 1.527546 -0.168189
v 0.508009 1.556931 -0.165281
v 0.367848 1.503642 -0.362300
v 0.289399 1.667082 -0.387718
v 0.420080 1.336289 -0.309589
v 0.259603 1.719761 -0.392193
v 0.432997 1.280857 -0.288532
v 0.312979 1.469655 -0.414418
v 0.413262 1.535965 -0.301406
v 0.374390 1.620756 -0.316667
v 0.442039 1.449526 -0.276229
v 0.396176 1.417312 -0.335912
v 0.341762 1.383218 -0.389246
v 0.328527 1.588542 -0.376350
v 0.274112 1.554448 -0.429685
v 0.336441 1.699488 -0.329193
v 0.236178 1.633183 -0.442224
v 0.306776 1.737334 -0.341548
v 0.285323 1.737031 -0.362095
v 0.327058 1.716439 -0.330814
v 0.220226 1.680095 -0.439129
v 0.226797 1.650133 -0.443847
v 0.231868 1.701678 -0.422364
v 0.366859 1.302390 -0.364096
v 0.467122 1.368696 -0.251064
v 0.458717 1.298127 -0.258435
v 0.471678 1.319925 -0.242964
v 0.471458 1.350922 -0.244485
v 0.371197 1.284617 -0.357519
v 0.385128 1.262686 -0.340546
v 0.405262 1.262774 -0.318704
v 0.120824 1.402708 -0.423408
v 0.408540 1.593009 -0.098928
v 0.315149 1.427235 -0.264498
v 0.257228 1.573951 -0.299186
v 0.196899 1.536746 -0.356817
v 0.307576 1.609951 -0.231997
v 0.365660 1.462833 -0.197224
v 0.254987 1.389632 -0.322038
v 0.133660 1.500544 -0.405891
v 0.191996 1.352813 -0.370981
v 0.102909 1.470239 -0.430625
v 0.104892 1.440979 -0.432164
v 0.119446 1.492508 -0.416557
v 0.153214 1.342833 -0.400531
v 0.177846 1.344614 -0.381613
v 0.135847 1.362562 -0.413647
v 0.407889 1.495609 -0.127501
v 0.349549 1.643337 -0.162415
v 0.392972 1.631521 -0.107272
v 0.376885 1.651453 -0.121640
v 0.358630 1.650710 -0.146809
v 0.417039 1.502821 -0.111856
v 0.427209 1.524059 -0.091525
v 0.423948 1.553118 -0.088732
v 0.180307 1.712643 -0.311410
v 0.350263 1.282441 -0.209804
v 0.232734 1.467544 -0.333177
v 0.330894 1.532448 -0.222561
v 0.293067 1.615198 -0.237240
v 0.359026 1.448248 -0.197812
v 0.260609 1.383174 -0.308730
v 0.194653 1.550118 -0.348156
v 0.255866 1.692945 -0.249362
v 0.157054 1.627604 -0.360754
v 0.226573 1.730242 -0.261578
v 0.205387 1.729848 -0.281912
v 0.246887 1.709282 -0.250841
v 0.141350 1.673899 -0.357656
v 0.147959 1.643866 -0.362367
v 0.152932 1.695178 -0.341045
v 0.285150 1.303355 -0.284171
v 0.383960 1.368702 -0.172780
v 0.375559 1.299101 -0.180178
v 0.388413 1.320584 -0.164825
v 0.388174 1.351646 -0.166372
v 0.289250 1.286217 -0.277897
v 0.303200 1.264212 -0.260896
v 0.323115 1.264400 -0.239304
v 0.220809 0.550277 -0.461978
v 0.072283 0.590385 -0.515242
v 0.349318 0.512663 -0.369369
v 0.022176 0.603434 -0.529709
v 0.389753 0.500311 -0.336160
v 0.201385 0.479404 -0.462850
v 0.234873 0.621186 -0.450907
v 0.160279 0.641511 -0.483057
v 0.303683 0.601279 -0.407547
v 0.289274 0.530919 -0.417672
v 0.270198 0.459497 -0.419497
v 0.145871 0.571151 -0.493181
v 0.126794 0.499729 -0.495007
v 0.087368 0.660696 -0.506429
v 0.053890 0.518913 -0.518390
v 0.045543 0.661415 -0.520015
v 0.030639 0.640567 -0.525998
v 0.071382 0.664880 -0.511283
v 0.016645 0.539017 -0.530347
v 0.037905 0.523097 -0.523248
v 0.012791 0.564970 -0.532379
v 0.330925 0.441192 -0.372517
v 0.364403 0.582974 -0.360555
v 0.398216 0.537443 -0.332449
v 0.395118 0.563342 -0.335946
v 0.377497 0.578999 -0.350097
v 0.344020 0.437217 -0.362062
v 0.366220 0.440944 -0.346277
v 0.380368 0.461847 -0.338831
v -0.014963 0.612929 -0.436274
v 0.345327 0.511850 -0.246563
v 0.160790 0.491436 -0.370883
v 0.193569 0.630214 -0.359194
v 0.121501 0.650046 -0.390212
v 0.260096 0.611164 -0.317235
v 0.227228 0.472007 -0.328965
v 0.088640 0.510888 -0.401939
v 0.049670 0.669252 -0.413202
v 0.016671 0.529513 -0.424992
v 0.007753 0.670080 -0.426812
v -0.006913 0.649416 -0.432709
v 0.033651 0.673526 -0.418062
v -0.020712 0.549573 -0.436989
v 0.000614 0.533635 -0.429868
v -0.024439 0.575251 -0.438974
v 0.287021 0.453667 -0.282638
v 0.320016 0.593407 -0.270851
v 0.353833 0.548210 -0.242758
v 0.350838 0.573828 -0.246161
v 0.333167 0.589497 -0.260351
v 0.300141 0.449603 -0.272151
v 0.322396 0.453315 -0.256324
v 0.336333 0.474036 -0.249009
v 0.110637 1.294381 0.459366
v 0.142633 1.248919 0.445150
v 0.135144 1.338914 0.505650
v 0.130467 1.371061 0.484988
v 0.139934 1.365162 0.499349
v 0.154392 1.371061 0.497098
v 0.117718 1.338914 0.490653
v 0.149715 1.384377 0.476437
v 0.156329 1.338914 0.505656
v 0.130467 1.262234 0.484988
v 0.135144 1.294381 0.505650
v 0.139934 1.268134 0.499349
v 0.154392 1.262234 0.497098
v 0.117718 1.294381 0.490653
v 0.156329 1.294381 0.505656
v 0.149715 1.248919 0.476437
v 0.123386 1.262234 0.453702
v 0.142633 1.384377 0.445150
v 0.110637 1.338914 0.459366
v 0.123386 1.371061 0.453702
v 0.186669 1.248919 0.459974
v 0.217850 1.294381 0.445610
v 0.193352 1.294381 0.489207
v 0.205613 1.262234 0.451367
v 0.204136 1.268134 0.470811
v 0.210591 1.294381 0.472083
v 0.191415 1.262234 0.480648
v 0.186728 1.384377 0.459985
v 0.193352 1.338914 0.489207
v 0.217804 1.338914 0.445602
v 0.191415 1.371061 0.480648
v 0.204122 1.365162 0.470808
v 0.210578 1.338914 0.472081
v 0.205623 1.371061 0.451369
v 0.179095 1.248919 0.428598
v 0.209591 1.294381 0.414110
v 0.197688 1.262234 0.419928
v 0.179308 1.384377 0.428637
v 0.209521 1.338914 0.414097
v 0.197708 1.371061 0.419931
v -0.110637 1.294381 0.459366
v -0.142633 1.248919 0.445150
v -0.135144 1.338914 0.505650
v -0.130467 1.371061 0.484988
v -0.139934 1.365162 0.499349
v -0.154392 1.371061 0.497098
v -0.117718 1.338914 0.490653
v -0.149715 1.384377 0.476437
v -0.156329 1.338914 0.505656
v -0.130467 1.262234 0.484988
v -0.135144 1.294381 0.505650
v -0.139934 1.268134 0.499349
v -0.154392 1.262234 0.497098
v -0.117718 1.294381 0.490653
v -0.156329 1.294381 0.505656
v -0.149715 1.248919 0.476437
v -0.123386 1.262234 0.453702
v -0.142633 1.384377 0.445150
v -0.110637 1.338914 0.459366
v -0.123386 1.371061 0.453702
v -0.186669 1.248919 0.459974
v -0.217850 1.294381 0.445610
v -0.193352 1.294381 0.489207
v -0.205613 1.262234 0.451367
v -0.204136 1.268134 0.470811
v -0.210591 1.294381 0.472083
v -0.191415 1.262234 0.480648
v -0.186728 1.384377 0.459985
v -0.193352 1.338914 0.489207
v -0.217804 1.338914 0.445602
v -0.191415 1.371061 0.480648
v -0.204122 1.365162 0.470808
v -0.210578 1.338914 0.472081
v -0.205623 1.371061 0.451369
v -0.179096 1.248919 0.428598
v -0.209591 1.294381 0.414110
v -0.197688 1.262234 0.419928
v -0.179308 1.384377 0.428637
v -0.209521 1.338914 0.414097
v -0.197708 1.371061 0.419931
v 0.149953 1.437280 0.490615
v 0.156007 1.474707 0.523324
v 0.110590 1.461554 0.499342
v 0.155398 1.448366 0.513621
v 0.132600 1.446774 0.514606
v 0.127300 1.466584 0.520215
v 0.123332 1.440319 0.496877
v 0.150391 1.548003 0.523605
v 0.138648 1.584834 0.491180
v 0.104974 1.534850 0.499622
v 0.145759 1.574170 0.514103
v 0.123699 1.562942 0.515050
v 0.113693 1.566123 0.497359
v 0.121684 1.539880 0.520496
v 0.115528 1.435543 0.386194
v 0.077530 1.460441 0.394451
v 0.283231 1.565601 0.473149
v 0.089846 1.439020 0.392158
v 0.216975 1.560409 0.503501
v 0.277257 1.591589 0.463636
v 0.211987 1.586471 0.494212
v 0.104223 1.583096 0.386759
v 0.203928 1.596880 0.471463
v 0.071915 1.533736 0.394732
v 0.266982 1.601827 0.440986
v 0.222590 1.487113 0.503221
v 0.288847 1.492306 0.472869
v 0.080207 1.564824 0.392640
v 0.339942 1.451477 0.403602
v 0.367399 1.480885 0.382233
v 0.356367 1.488426 0.431041
v 0.360535 1.458118 0.388433
v 0.367360 1.463668 0.407002
v 0.372150 1.483596 0.407835
v 0.352735 1.462246 0.422946
v 0.328637 1.599031 0.404167
v 0.350752 1.561721 0.431321
v 0.361783 1.554181 0.382513
v 0.343096 1.588050 0.423427
v 0.358460 1.579837 0.407447
v 0.366534 1.556891 0.408115
v 0.350897 1.583923 0.388914
v 0.285045 1.450273 0.309591
v 0.221625 1.460667 0.493731
v 0.312502 1.480585 0.288222
v 0.286896 1.465785 0.463155
v 0.278286 1.454273 0.440422
v 0.215233 1.449326 0.470898
v 0.305638 1.457655 0.294422
v 0.273741 1.597827 0.310155
v 0.306886 1.553880 0.288502
v 0.223410 1.598885 0.337338
v 0.296000 1.583459 0.294903
v 0.166554 1.594417 0.366610
v 0.177858 1.446864 0.366045
v 0.234715 1.451332 0.336773
v -0.149953 1.437280 0.490615
v -0.156007 1.474707 0.523324
v -0.110590 1.461554 0.499342
v -0.155398 1.448366 0.513621
v -0.132600 1.446774 0.514606
v -0.127300 1.466584 0.520215
v -0.123332 1.440319 0.496877
v -0.150391 1.548003 0.523605
v -0.138648 1.584834 0.491180
v -0.104974 1.534850 0.499622
v -0.145759 1.574170 0.514103
v -0.123699 1.562942 0.515050
v -0.113693 1.566123 0.497359
v -0.121684 1.539880 0.520496
v -0.115528 1.435543 0.386194
v -0.077530 1.460441 0.394451
v -0.283231 1.565601 0.473149
v -0.089846 1.439020 0.392158
v -0.216975 1.560409 0.503501
v -0.277257 1.591589 0.463636
v -0.211987 1.586471 0.494212
v -0.104223 1.583096 0.386759
v -0.203928 1.596880 0.471463
v -0.071915 1.533736 0.394732
v -0.266982 1.601827 0.440986
v -0.222590 1.487113 0.503221
v -0.288847 1.492306 0.472869
v -0.080207 1.564824 0.392640
v -0.339942 1.451477 0.403602
v -0.367399 1.480885 0.382233
v -0.356367 1.488426 0.431041
v -0.360535 1.458118 0.388433
v -0.367360 1.463668 0.407002
v -0.372150 1.483596 0.407835
v -0.352735 1.462246 0.422946
v -0.328637 1.599031 0.404167
v -0.350752 1.561721 0.431321
v -0.361783 1.554181 0.382513
v -0.343096 1.588050 0.423427
v -0.358460 1.579837 0.407447
v -0.366534 1.556891 0.408115
v -0.350897 1.583923 0.388914
v -0.285045 1.450273 0.309591
v -0.221625 1.460667 0.493731
v -0.312502 1.480585 0.288222
v -0.286896 1.465785 0.463155
v -0.278286 1.454273 0.440422
v -0.215233 1.449326 0.470898
v -0.305638 1.457655 0.294422
v -0.273741 1.597827 0.310155
v -0.306886 1.553880 0.288502
v -0.223410 1.598885 0.337338
v -0.296000 1.583459 0.294903
v -0.166554 1.594417 0.366610
v -0.177858 1.446864 0.366045
v -0.234715 1.451332 0.336773
v -0.086846 1.171370 0.466526
v -0.036718 1.166984 0.466526
v -0.087669 1.161967 0.397946
v -0.037541 1.157582 0.397946
v -0.015338 1.164312 0.460724
v -0.000712 1.159094 0.432217
v -0.004893 1.161796 0.449125
v -0.123675 1.169852 0.432217
v -0.108365 1.172451 0.460724
v -0.119088 1.171787 0.449125
v -0.001039 1.155357 0.404960
v -0.016160 1.154910 0.392144
v -0.005571 1.154053 0.392648
v -0.109188 1.163049 0.392144
v -0.124002 1.166115 0.404960
v -0.119766 1.164044 0.392648
v -0.025084 1.052911 0.476115
v -0.026016 1.040987 0.456079
v -0.010185 1.050823 0.447175
v -0.023480 1.045838 0.469553
v -0.016422 1.046972 0.463282
v -0.015119 1.044549 0.451777
v -0.014503 1.051960 0.464299
v -0.046690 1.053008 0.482272
v -0.047732 1.041094 0.462330
v -0.047321 1.045786 0.476947
v -0.118112 1.061050 0.476115
v -0.133147 1.061580 0.447175
v -0.119264 1.049145 0.456079
v -0.128698 1.061950 0.464299
v -0.127673 1.056705 0.463282
v -0.129378 1.054545 0.451777
v -0.120920 1.054363 0.469553
v -0.097860 1.045479 0.462330
v -0.096818 1.057393 0.482272
v -0.097450 1.050172 0.476947
v -0.025907 1.043509 0.407535
v -0.010512 1.047086 0.419919
v -0.026330 1.037404 0.429941
v -0.015180 1.044216 0.407823
v -0.017474 1.039965 0.412645
v -0.015439 1.040888 0.425080
v -0.026278 1.037988 0.414572
v -0.048046 1.037501 0.436124
v -0.047512 1.043605 0.413692
v -0.047995 1.038086 0.420778
v -0.118934 1.051647 0.407535
v -0.119578 1.045562 0.429941
v -0.133474 1.057843 0.419919
v -0.119527 1.046147 0.414572
v -0.127855 1.049622 0.412645
v -0.129698 1.050885 0.425080
v -0.129375 1.054207 0.407823
v -0.097640 1.047991 0.413692
v -0.098175 1.041886 0.436124
v -0.098123 1.042471 0.420778
v 0.036718 1.166984 0.466526
v 0.086846 1.171370 0.466526
v 0.037541 1.157582 0.397946
v 0.087669 1.161967 0.397946
v 0.108366 1.172451 0.460724
v 0.123675 1.169852 0.432217
v 0.119088 1.171787 0.449125
v 0.000712 1.159094 0.432217
v 0.015338 1.164312 0.460724
v 0.004893 1.161796 0.449125
v 0.124002 1.166115 0.404960
v 0.109188 1.163049 0.392144
v 0.119766 1.164044 0.392648
v 0.016161 1.154910 0.392144
v 0.001039 1.155357 0.404960
v 0.005571 1.154053 0.392648
v 0.118112 1.061050 0.476115
v 0.119265 1.049145 0.456079
v 0.133148 1.061580 0.447175
v 0.120920 1.054363 0.469553
v 0.127674 1.056705 0.463282
v 0.129378 1.054545 0.451777
v 0.128698 1.061950 0.464299
v 0.096818 1.057393 0.482272
v 0.097860 1.045479 0.462330
v 0.097450 1.050172 0.476947
v 0.025084 1.052911 0.476115
v 0.010185 1.050823 0.447175
v 0.026016 1.040987 0.456079
v 0.014503 1.051960 0.464299
v 0.016422 1.046972 0.463282
v 0.015119 1.044549 0.451777
v 0.023480 1.045838 0.469553
v 0.047732 1.041094 0.462330
v 0.046690 1.053008 0.482272
v 0.047321 1.045786 0.476947
v 0.118934 1.051647 0.407535
v 0.133474 1.057843 0.419919
v 0.119578 1.045562 0.429941
v 0.129375 1.054207 0.407823
v 0.127855 1.049622 0.412645
v 0.129698 1.050885 0.425080
v 0.119527 1.046147 0.414572
v 0.098175 1.041886 0.436124
v 0.097641 1.047991 0.413692
v 0.098123 1.042471 0.420778
v 0.025907 1.043509 0.407535
v 0.026330 1.037404 0.429941
v 0.010512 1.047086 0.419919
v 0.026278 1.037989 0.414572
v 0.017474 1.039965 0.412645
v 0.015439 1.040888 0.425080
v 0.015180 1.044216 0.407823
v 0.047512 1.043605 0.413692
v 0.048046 1.037501 0.436124
v 0.047995 1.038086 0.420778
v -0.038630 1.239099 0.567930
v -0.038829 1.314060 0.559262
v -0.026844 1.245506 0.473156
v -0.026844 1.299194 0.473156
v 0.038630 1.239099 0.567930
v 0.038829 1.314060 0.559262
v 0.026844 1.245506 0.473156
v 0.026844 1.299194 0.473156
v -0.047144 1.260088 0.723319
v -0.047940 1.343806 0.683086
v 0.047940 1.343806 0.683086
v 0.047144 1.260088 0.723319
v -0.031101 1.308433 0.782576
v -0.031399 1.363061 0.752890
v 0.031399 1.363061 0.752890
v 0.031101 1.308433 0.782576
v -0.030995 1.241439 0.484721
v -0.034614 1.238408 0.505177
v -0.036797 1.237822 0.533277
v -0.049554 1.256082 0.565966
v -0.053253 1.276580 0.563596
v -0.049690 1.297077 0.561226
v -0.036881 1.310447 0.529620
v -0.034639 1.307349 0.504094
v -0.030998 1.303393 0.484585
v -0.030759 1.288276 0.469240
v -0.032726 1.272350 0.467274
v -0.030759 1.256423 0.469240
v 0.015926 1.241590 0.469240
v 0.000000 1.239624 0.467274
v -0.015926 1.241590 0.469240
v -0.015926 1.303109 0.469240
v -0.000000 1.305076 0.467274
v 0.015926 1.303109 0.469240
v 0.030759 1.288276 0.469240
v 0.032726 1.272350 0.467274
v 0.030759 1.256423 0.469240
v 0.036797 1.237822 0.533277
v 0.034614 1.238408 0.505177
v 0.030995 1.241439 0.484721
v 0.030998 1.303393 0.484585
v 0.034639 1.307349 0.504094
v 0.036881 1.310447 0.529620
v 0.049690 1.297077 0.561226
v 0.053253 1.276580 0.563596
v 0.049554 1.256082 0.565966
v -0.021112 1.228558 0.569149
v 0.000000 1.225044 0.569555
v 0.021112 1.228558 0.569149
v 0.021248 1.324602 0.558043
v -0.000000 1.328115 0.557637
v -0.021248 1.324602 0.558043
v -0.060640 1.279056 0.714204
v -0.065370 1.301947 0.703202
v -0.061187 1.324839 0.692201
v 0.061187 1.324839 0.692201
v 0.065370 1.301947 0.703202
v 0.060640 1.279056 0.714204
v -0.025726 1.248315 0.728977
v 0.000000 1.244391 0.730863
v 0.025726 1.248315 0.728977
v 0.026273 1.355579 0.677428
v 0.000000 1.359503 0.675542
v -0.026273 1.355579 0.677428
v -0.041158 1.241571 0.607541
v -0.043951 1.245534 0.648983
v -0.046213 1.251527 0.688746
v -0.046943 1.334932 0.654572
v -0.044523 1.326656 0.623367
v -0.041534 1.319519 0.591066
v 0.041158 1.241571 0.607541
v 0.043951 1.245534 0.648983
v 0.046213 1.251527 0.688746
v 0.046943 1.334932 0.654572
v 0.044523 1.326656 0.623367
v 0.041534 1.319519 0.591066
v -0.035140 1.321481 0.778775
v -0.037194 1.338524 0.771182
v -0.035333 1.353709 0.761282
v 0.035333 1.353709 0.761282
v 0.037194 1.338524 0.771182
v 0.035140 1.321481 0.778776
v -0.018332 1.306760 0.786734
v 0.000000 1.305956 0.788799
v 0.018332 1.306760 0.786734
v 0.018524 1.368431 0.753324
v 0.000000 1.371092 0.753565
v -0.018524 1.368431 0.753324
v 0.046047 1.271447 0.749841
v 0.042623 1.284597 0.768039
v 0.036964 1.298025 0.778490
v -0.036964 1.298025 0.778490
v -0.042623 1.284597 0.768039
v -0.046047 1.271447 0.749841
v -0.037396 1.362891 0.743134
v -0.043214 1.359399 0.727637
v -0.046780 1.352515 0.707562
v 0.037396 1.362891 0.743134
v 0.043214 1.359399 0.727637
v 0.046780 1.352515 0.707562
v -0.047174 1.254277 0.532412
v -0.050659 1.274134 0.531376
v -0.047232 1.293992 0.530412
v -0.044378 1.254034 0.504642
v -0.047647 1.272879 0.504055
v -0.044395 1.291724 0.504049
v -0.039438 1.255322 0.483606
v -0.042297 1.272416 0.482621
v -0.039440 1.289510 0.483532
v -0.016974 1.255376 0.460862
v -0.017886 1.272350 0.458025
v -0.016974 1.289324 0.460862
v 0.000000 1.254464 0.458025
v 0.000000 1.272350 0.454929
v -0.000000 1.290235 0.458025
v 0.016974 1.255376 0.460862
v 0.017886 1.272350 0.458025
v 0.016974 1.289324 0.460862
v 0.039438 1.255322 0.483606
v 0.042297 1.272416 0.482621
v 0.039440 1.289510 0.483532
v 0.044378 1.254034 0.504642
v 0.047647 1.272879 0.504055
v 0.044395 1.291724 0.504049
v 0.047174 1.254277 0.532412
v 0.050659 1.274134 0.531376
v 0.047232 1.293992 0.530412
v -0.053103 1.301859 0.594799
v -0.056850 1.280545 0.599304
v -0.052845 1.259231 0.603809
v -0.056876 1.308277 0.629171
v -0.060826 1.286095 0.636175
v -0.056482 1.263914 0.643180
v -0.059929 1.316036 0.662314
v -0.064045 1.293230 0.671659
v -0.059427 1.270424 0.681003
v -0.017103 1.233002 0.483656
v -0.000000 1.230146 0.482714
v 0.017103 1.233002 0.483656
v -0.018922 1.228692 0.505039
v 0.000000 1.225446 0.504800
v 0.018922 1.228692 0.505039
v -0.020117 1.227606 0.533755
v 0.000000 1.224200 0.533890
v 0.020117 1.227606 0.533755
v 0.017105 1.311830 0.483483
v 0.000000 1.314686 0.482528
v -0.017105 1.311830 0.483483
v 0.018939 1.317065 0.503651
v 0.000000 1.320311 0.503310
v -0.018939 1.317065 0.503651
v 0.020175 1.320662 0.529069
v -0.000000 1.324069 0.528862
v -0.020175 1.320662 0.529069
v -0.025133 1.260073 0.755801
v 0.000000 1.256296 0.757800
v 0.025133 1.260073 0.755801
v -0.023292 1.274287 0.773840
v 0.000000 1.270965 0.775872
v 0.023292 1.274287 0.773840
v -0.020428 1.289974 0.783763
v 0.000000 1.287611 0.785831
v 0.020428 1.289974 0.783763
v -0.022482 1.230610 0.609858
v 0.000000 1.226956 0.610630
v 0.022482 1.230610 0.609858
v -0.023996 1.234127 0.652586
v 0.000000 1.230324 0.653786
v 0.023996 1.234127 0.652586
v -0.025221 1.239798 0.693552
v 0.000000 1.235889 0.695154
v 0.025221 1.239798 0.693552
v 0.022740 1.330480 0.588749
v 0.000000 1.334134 0.587977
v -0.022740 1.330480 0.588749
v 0.024389 1.338064 0.619765
v -0.000000 1.341866 0.618564
v -0.024389 1.338064 0.619765
v 0.025723 1.346661 0.649766
v -0.000000 1.350571 0.648164
v -0.025723 1.346661 0.649766
v 0.052845 1.259231 0.603809
v 0.056850 1.280545 0.599304
v 0.053103 1.301859 0.594799
v 0.056482 1.263914 0.643180
v 0.060826 1.286095 0.636175
v 0.056876 1.308277 0.629171
v 0.059427 1.270424 0.681003
v 0.064045 1.293230 0.671659
v 0.059929 1.316036 0.662314
v 0.018978 1.324873 0.783939
v 0.019821 1.342890 0.776605
v 0.019076 1.358229 0.765944
v -0.000000 1.325501 0.785965
v 0.000000 1.344352 0.778421
v 0.000000 1.360279 0.767244
v -0.018978 1.324873 0.783939
v -0.019821 1.342890 0.776605
v -0.019076 1.358229 0.765944
v -0.059707 1.334167 0.717160
v -0.063799 1.312015 0.728744
v -0.059204 1.289828 0.740285
v -0.055101 1.342608 0.736947
v -0.058862 1.322272 0.748178
v -0.054695 1.301662 0.759068
v -0.047120 1.348915 0.751661
v -0.050178 1.331417 0.762003
v -0.046823 1.313025 0.771234
v 0.025637 1.363923 0.701644
v 0.000000 1.367734 0.699687
v -0.025637 1.363923 0.701644
v 0.023699 1.369982 0.722175
v -0.000000 1.373578 0.720483
v -0.023699 1.369982 0.722175
v 0.020725 1.371965 0.739132
v -0.000000 1.375224 0.738176
v -0.020725 1.371965 0.739132
v 0.059204 1.289828 0.740285
v 0.063799 1.312015 0.728744
v 0.059707 1.334167 0.717160
v 0.054695 1.301662 0.759068
v 0.058862 1.322272 0.748178
v 0.055101 1.342608 0.736947
v 0.046823 1.313025 0.771234
v 0.050178 1.331417 0.762003
v 0.047120 1.348915 0.751661
v 0.011478 0.788150 0.486367
v -0.253424 0.788150 0.407384
v -0.129719 0.788150 0.460935
v -0.061058 0.788150 0.476765
v -0.132857 0.766145 0.520249
v -0.286027 0.788150 0.459794
v -0.051982 0.766145 0.534907
v -0.093572 0.766145 0.529033
v -0.274895 0.798482 0.441898
v -0.151197 0.798482 0.495462
v -0.082609 0.798482 0.511410
v -0.003168 0.795456 0.523744
v 0.012516 0.664899 0.484699
v -0.051803 0.686903 0.534619
v -0.132840 0.686903 0.520221
v -0.093661 0.664899 0.529175
v -0.002527 0.664899 0.522712
v -0.093754 0.788150 0.529325
v -0.162330 0.788150 0.513358
v -0.021407 0.788150 0.539231
v -0.021116 0.664899 0.538764
v -0.093531 0.686903 0.528967
v -0.051199 0.726524 0.533648
v -0.131886 0.726524 0.518687
v -0.089494 0.697113 0.519436
v -0.119859 0.753921 0.523764
v -0.119772 0.702149 0.523625
v -0.065868 0.702147 0.533167
v -0.066019 0.753923 0.533410
v -0.089752 0.758957 0.519851
v -0.120573 0.728035 0.512577
v -0.057225 0.728035 0.524387
v -0.111960 0.749660 0.515372
v -0.111778 0.706411 0.515080
v -0.066740 0.706409 0.523037
v -0.067089 0.749662 0.523598
v -0.093418 0.705226 0.529984
v -0.093520 0.750845 0.530148
v -0.116266 0.728035 0.524877
v -0.069486 0.728035 0.533349
v -0.109881 0.744009 0.526907
v -0.109776 0.712061 0.526738
v -0.076687 0.712060 0.532630
v -0.076806 0.744011 0.532820
v -0.112622 0.747687 0.523028
v -0.120480 0.728035 0.520537
v -0.092278 0.699934 0.526837
v -0.071600 0.708382 0.530109
v -0.112517 0.708384 0.522859
v -0.071776 0.747689 0.530392
v -0.092379 0.756136 0.526999
v -0.062812 0.728035 0.531109
v -0.088300 0.723551 0.530088
v -0.088591 0.712034 0.530557
v -0.090892 0.709765 0.523375
v -0.076512 0.723551 0.532173
v -0.109354 0.723551 0.526235
v -0.091065 0.746306 0.523653
v -0.097925 0.712035 0.528897
v -0.097619 0.723551 0.528405
v -0.088706 0.744036 0.530741
v -0.088407 0.732519 0.530260
v -0.076615 0.732519 0.532339
v -0.071850 0.728035 0.526287
v -0.090573 0.728035 0.522861
v -0.109468 0.732519 0.526419
v -0.097729 0.732519 0.528582
v -0.098036 0.744036 0.529075
v -0.109235 0.728035 0.519340
v -0.441356 0.788150 0.204669
v -0.356137 0.788150 0.320086
v -0.400684 0.788150 0.265491
v -0.407955 0.766145 0.349116
v -0.456850 0.766145 0.283048
v -0.433198 0.766145 0.317759
v -0.377615 0.798482 0.354613
v -0.422235 0.798482 0.300136
v -0.468410 0.795456 0.234327
v -0.440319 0.664899 0.203001
v -0.456670 0.686903 0.282761
v -0.407938 0.686903 0.349089
v -0.433287 0.664899 0.317901
v -0.467769 0.664899 0.233295
v -0.433380 0.788150 0.318051
v -0.388748 0.788150 0.372509
v -0.474242 0.788150 0.257533
v -0.473951 0.664899 0.257066
v -0.388740 0.664899 0.372496
v -0.433157 0.686903 0.317693
v -0.456066 0.726524 0.281789
v -0.406984 0.726524 0.347554
v -0.426392 0.697113 0.309860
v -0.416854 0.753921 0.339010
v -0.416768 0.702149 0.338871
v -0.449151 0.702147 0.294735
v -0.449303 0.753923 0.294978
v -0.426650 0.758957 0.310274
v -0.406503 0.728035 0.334706
v -0.445095 0.728035 0.283102
v -0.412817 0.749660 0.328216
v -0.412635 0.706411 0.327923
v -0.439679 0.706409 0.291040
v -0.440028 0.749662 0.291601
v -0.434119 0.705226 0.318042
v -0.434221 0.750845 0.318205
v -0.419440 0.728035 0.336279
v -0.447716 0.728035 0.298061
v -0.424083 0.744009 0.331449
v -0.423978 0.712061 0.331280
v -0.443887 0.712060 0.304203
v -0.444006 0.744011 0.304393
v -0.419392 0.747687 0.332193
v -0.413685 0.728035 0.338141
v -0.431801 0.699934 0.315627
v -0.443875 0.708382 0.298525
v -0.419287 0.708384 0.332024
v -0.444051 0.747689 0.298808
v -0.431901 0.756136 0.315790
v -0.448656 0.728035 0.291084
v -0.436475 0.723551 0.313496
v -0.436767 0.712034 0.313965
v -0.429307 0.709765 0.312854
v -0.443555 0.723551 0.303843
v -0.423713 0.723551 0.330679
v -0.429480 0.746306 0.313132
v -0.431152 0.712035 0.321604
v -0.430846 0.723551 0.321112
v -0.436881 0.744036 0.314149
v -0.436582 0.732519 0.313668
v -0.443659 0.732519 0.304010
v -0.440336 0.728035 0.297060
v -0.428988 0.728035 0.312341
v -0.423828 0.732519 0.330863
v -0.430957 0.732519 0.321289
v -0.431263 0.744036 0.321782
v -0.417580 0.728035 0.327525
v 0.011478 0.457737 0.486367
v -0.253424 0.457737 0.407384
v -0.129719 0.457737 0.460935
v -0.061058 0.457737 0.476765
v -0.132857 0.479742 0.520249
v -0.286027 0.457738 0.459794
v -0.051982 0.479742 0.534907
v -0.093572 0.479742 0.529033
v -0.274895 0.447405 0.441898
v -0.151197 0.447405 0.495462
v -0.082609 0.447405 0.511410
v -0.003168 0.450432 0.523744
v 0.012516 0.580989 0.484699
v -0.286027 0.580989 0.459794
v -0.051803 0.558985 0.534619
v -0.132840 0.558985 0.520221
v -0.093661 0.580989 0.529175
v -0.002527 0.580989 0.522712
v -0.093754 0.457738 0.529325
v -0.162330 0.457738 0.513358
v -0.021407 0.457738 0.539231
v -0.021116 0.580989 0.538764
v -0.162322 0.580989 0.513345
v -0.093531 0.558985 0.528967
v -0.051199 0.519363 0.533648
v -0.131886 0.519363 0.518687
v -0.089494 0.548775 0.519436
v -0.119859 0.491967 0.523764
v -0.119772 0.543738 0.523625
v -0.065868 0.543741 0.533167
v -0.066019 0.491964 0.533410
v -0.089752 0.486930 0.519851
v -0.120573 0.517852 0.512577
v -0.057225 0.517852 0.524387
v -0.111960 0.496228 0.515372
v -0.111778 0.539477 0.515080
v -0.066740 0.539479 0.523037
v -0.067089 0.496226 0.523598
v -0.093418 0.540662 0.529984
v -0.093520 0.495043 0.530148
v -0.116266 0.517852 0.524877
v -0.069486 0.517852 0.533349
v -0.109881 0.501879 0.526907
v -0.109776 0.533826 0.526738
v -0.076687 0.533828 0.532630
v -0.076806 0.501877 0.532820
v -0.112622 0.498201 0.523028
v -0.120480 0.517852 0.520537
v -0.092278 0.545954 0.526837
v -0.071600 0.537506 0.530109
v -0.112517 0.537504 0.522859
v -0.071776 0.498199 0.530392
v -0.092379 0.489751 0.526999
v -0.062812 0.517852 0.531109
v -0.088300 0.522337 0.530088
v -0.088591 0.533854 0.530557
v -0.090892 0.536123 0.523375
v -0.076512 0.522337 0.532173
v -0.109354 0.522337 0.526235
v -0.091065 0.499582 0.523653
v -0.097925 0.533853 0.528897
v -0.097619 0.522337 0.528405
v -0.088706 0.501851 0.530741
v -0.088407 0.513368 0.530260
v -0.076615 0.513368 0.532339
v -0.071850 0.517852 0.526287
v -0.090573 0.517852 0.522861
v -0.109468 0.513368 0.526419
v -0.097729 0.513368 0.528582
v -0.098036 0.501852 0.529075
v -0.109235 0.517852 0.519340
v -0.441356 0.457737 0.204669
v -0.356137 0.457737 0.320086
v -0.400684 0.457737 0.265491
v -0.407955 0.479742 0.349116
v -0.456850 0.479742 0.283048
v -0.433198 0.479742 0.317759
v -0.377615 0.447405 0.354613
v -0.422235 0.447405 0.300136
v -0.468410 0.450432 0.234327
v -0.440319 0.580989 0.203001
v -0.456670 0.558985 0.282761
v -0.407938 0.558985 0.349089
v -0.433287 0.580989 0.317901
v -0.467769 0.580989 0.233295
v -0.433380 0.457738 0.318051
v -0.388748 0.457738 0.372509
v -0.474242 0.457738 0.257533
v -0.473951 0.580989 0.257066
v -0.433157 0.558985 0.317693
v -0.456066 0.519363 0.281789
v -0.406984 0.519363 0.347554
v -0.426392 0.548775 0.309860
v -0.416854 0.491967 0.339010
v -0.416768 0.543738 0.338871
v -0.449151 0.543741 0.294735
v -0.449303 0.491964 0.294978
v -0.426650 0.486930 0.310274
v -0.406503 0.517852 0.334706
v -0.445095 0.517852 0.283102
v -0.412817 0.496228 0.328216
v -0.412635 0.539477 0.327923
v -0.439679 0.539479 0.291040
v -0.440028 0.496226 0.291601
v -0.434119 0.540662 0.318042
v -0.434221 0.495043 0.318205
v -0.419440 0.517852 0.336279
v -0.447716 0.517852 0.298061
v -0.424083 0.501879 0.331449
v -0.423978 0.533826 0.331280
v -0.443887 0.533828 0.304203
v -0.444006 0.501877 0.304393
v -0.419392 0.498201 0.332193
v -0.413685 0.517852 0.338141
v -0.431801 0.545954 0.315627
v -0.443875 0.537506 0.298525
v -0.419287 0.537504 0.332024
v -0.444051 0.498199 0.298808
v -0.431901 0.489751 0.315790
v -0.448656 0.517852 0.291084
v -0.436475 0.522337 0.313496
v -0.436767 0.533854 0.313965
v -0.429307 0.536123 0.312854
v -0.443555 0.522337 0.303843
v -0.423713 0.522337 0.330679
v -0.429480 0.499582 0.313132
v -0.431152 0.533853 0.321604
v -0.430846 0.522337 0.321112
v -0.436881 0.501851 0.314149
v -0.436582 0.513368 0.313668
v -0.443659 0.513368 0.304010
v -0.440336 0.517852 0.297060
v -0.428988 0.517852 0.312341
v -0.423828 0.513368 0.330863
v -0.430957 0.513368 0.321289
v -0.431263 0.501852 0.321782
v -0.417580 0.517852 0.327525
v -0.286027 0.685659 0.459794
v -0.286027 0.644138 0.459794
v -0.272373 0.664899 0.437845
v -0.156128 0.695744 0.514644
v -0.387869 0.578079 0.371701
v 0.486495 0.855003 -0.002783
v 0.458543 0.855003 0.137938
v 0.475598 0.855003 0.069570
v 0.517791 0.832998 0.142135
v 0.533893 0.832998 0.061535
v 0.527275 0.832998 0.103014
v 0.492680 0.865335 0.160030
v 0.509852 0.865335 0.091737
v 0.523603 0.862309 0.012530
v 0.484846 0.731752 -0.003850
v 0.454608 0.731752 0.294200
v 0.533608 0.753756 0.061352
v 0.517764 0.753756 0.142118
v 0.527416 0.731752 0.103105
v 0.522583 0.731752 0.011870
v 0.527565 0.855003 0.103201
v 0.510374 0.855003 0.171480
v 0.538762 0.855003 0.031042
v 0.538300 0.731752 0.030743
v 0.510362 0.731752 0.171472
v 0.527210 0.753756 0.102971
v 0.532647 0.793377 0.060730
v 0.516246 0.793377 0.141136
v 0.517754 0.763966 0.098765
v 0.521538 0.820774 0.129202
v 0.521401 0.769002 0.129113
v 0.531904 0.769000 0.075388
v 0.532145 0.820776 0.075544
v 0.518163 0.825810 0.099030
v 0.510339 0.794888 0.129716
v 0.523280 0.794888 0.066590
v 0.513288 0.816512 0.121154
v 0.512999 0.773264 0.120967
v 0.521761 0.773262 0.076079
v 0.522315 0.816514 0.076437
v 0.528229 0.772078 0.102877
v 0.528391 0.817698 0.102981
v 0.522715 0.794888 0.125629
v 0.532022 0.794888 0.079009
v 0.524859 0.810862 0.119282
v 0.524692 0.778914 0.119174
v 0.531174 0.778913 0.086196
v 0.531362 0.810863 0.086318
v 0.520931 0.814540 0.121953
v 0.518300 0.794888 0.129765
v 0.525103 0.766787 0.101680
v 0.528745 0.775235 0.081064
v 0.520764 0.775236 0.121845
v 0.529024 0.814541 0.081245
v 0.525264 0.822989 0.101784
v 0.529901 0.794888 0.072296
v 0.528425 0.790404 0.097761
v 0.528888 0.778887 0.098061
v 0.521666 0.776618 0.100233
v 0.530720 0.790404 0.086012
v 0.524196 0.790404 0.118743
v 0.521941 0.813159 0.100411
v 0.527062 0.778887 0.107363
v 0.526576 0.790404 0.107049
v 0.529070 0.810889 0.098179
v 0.528595 0.799372 0.097871
v 0.530885 0.799372 0.086119
v 0.524919 0.794888 0.081246
v 0.521159 0.794888 0.099905
v 0.524378 0.799372 0.118860
v 0.526751 0.799372 0.107162
v 0.527238 0.810889 0.107477
v 0.517304 0.794888 0.118501
v 0.196747 0.855003 0.444944
v 0.313669 0.855003 0.361801
v 0.258287 0.855003 0.405365
v 0.341768 0.832998 0.414131
v 0.274837 0.832998 0.461836
v 0.309965 0.832998 0.438809
v 0.347806 0.865335 0.383893
v 0.292541 0.865335 0.427533
v 0.225917 0.862309 0.472524
v 0.195098 0.731752 0.443877
v 0.274552 0.753756 0.461651
v 0.341741 0.753756 0.414113
v 0.310106 0.731752 0.438900
v 0.224897 0.731752 0.471864
v 0.310254 0.855003 0.438996
v 0.365500 0.855003 0.395344
v 0.249015 0.855003 0.478770
v 0.248553 0.731752 0.478471
v 0.309899 0.753756 0.438767
v 0.273592 0.793377 0.461030
v 0.340224 0.793377 0.413131
v 0.302188 0.763966 0.431863
v 0.331505 0.820774 0.422847
v 0.331367 0.769002 0.422758
v 0.286659 0.769000 0.454348
v 0.286900 0.820776 0.454504
v 0.302598 0.825810 0.432128
v 0.327386 0.794888 0.412421
v 0.275101 0.794888 0.450084
v 0.320784 0.816512 0.418618
v 0.320495 0.773264 0.418431
v 0.283135 0.773262 0.444811
v 0.283689 0.816514 0.445170
v 0.310231 0.772078 0.439735
v 0.310393 0.817698 0.439840
v 0.328727 0.794888 0.425384
v 0.290011 0.794888 0.452972
v 0.323816 0.810862 0.429940
v 0.323649 0.778914 0.429832
v 0.296220 0.778913 0.449254
v 0.296408 0.810863 0.449376
v 0.324643 0.814540 0.425263
v 0.330692 0.794888 0.419663
v 0.307859 0.766787 0.437373
v 0.290543 0.775235 0.449140
v 0.324476 0.775236 0.425155
v 0.290823 0.814541 0.449321
v 0.308019 0.822989 0.437477
v 0.283018 0.794888 0.453787
v 0.305644 0.790404 0.442009
v 0.306108 0.778887 0.442309
v 0.305130 0.776618 0.434831
v 0.295866 0.790404 0.448916
v 0.323052 0.790404 0.429556
v 0.305405 0.813159 0.435009
v 0.313846 0.778887 0.436832
v 0.313359 0.790404 0.436517
v 0.306290 0.810889 0.442427
v 0.305814 0.799372 0.442119
v 0.296031 0.799372 0.449022
v 0.289142 0.794888 0.445576
v 0.304623 0.794888 0.434502
v 0.323234 0.799372 0.429674
v 0.313534 0.799372 0.436631
v 0.314022 0.810889 0.436946
v 0.320009 0.794888 0.423368
v 0.486495 0.380496 -0.002783
v 0.402789 0.380496 0.260666
v 0.458543 0.380496 0.137938
v 0.475598 0.380496 0.069570
v 0.517791 0.402501 0.142135
v 0.454608 0.380496 0.294200
v 0.533893 0.402501 0.061535
v 0.527275 0.402501 0.103014
v 0.436914 0.370164 0.282750
v 0.492680 0.370164 0.160030
v 0.509852 0.370164 0.091737
v 0.523603 0.373190 0.012530
v 0.484846 0.503747 -0.003850
v 0.533608 0.481743 0.061352
v 0.517764 0.481743 0.142118
v 0.527416 0.503747 0.103105
v 0.522583 0.503747 0.011870
v 0.527565 0.380496 0.103201
v 0.510374 0.380496 0.171480
v 0.538762 0.380496 0.031042
v 0.538300 0.503747 0.030743
v 0.527210 0.481743 0.102971
v 0.532647 0.442122 0.060730
v 0.516246 0.442122 0.141136
v 0.517754 0.471533 0.098765
v 0.521538 0.414725 0.129202
v 0.521401 0.466497 0.129113
v 0.531904 0.466499 0.075388
v 0.532145 0.414723 0.075544
v 0.518163 0.409689 0.099030
v 0.510339 0.440611 0.129716
v 0.523280 0.440611 0.066590
v 0.513288 0.418986 0.121154
v 0.512999 0.462235 0.120967
v 0.521761 0.462237 0.076079
v 0.522315 0.418984 0.076437
v 0.528229 0.463421 0.102877
v 0.528391 0.417801 0.102981
v 0.522715 0.440611 0.125629
v 0.532022 0.440611 0.079009
v 0.524859 0.424637 0.119282
v 0.524692 0.456585 0.119174
v 0.531174 0.456586 0.086196
v 0.531362 0.424635 0.086318
v 0.520931 0.420959 0.121953
v 0.518300 0.440611 0.129765
v 0.525103 0.468712 0.101680
v 0.528745 0.460264 0.081064
v 0.520764 0.460262 0.121845
v 0.529024 0.420958 0.081245
v 0.525264 0.412510 0.101784
v 0.529901 0.440611 0.072296
v 0.528425 0.445095 0.097761
v 0.528888 0.456612 0.098061
v 0.521666 0.458881 0.100233
v 0.530720 0.445095 0.086012
v 0.524196 0.445095 0.118743
v 0.521941 0.422340 0.100411
v 0.527062 0.456611 0.107363
v 0.526576 0.445095 0.107049
v 0.529070 0.424610 0.098179
v 0.528595 0.436127 0.097871
v 0.530885 0.436127 0.086119
v 0.524919 0.440611 0.081246
v 0.521159 0.440611 0.099905
v 0.524378 0.436127 0.118860
v 0.526751 0.436127 0.107162
v 0.527238 0.424610 0.107477
v 0.517304 0.440611 0.118501
v 0.196747 0.380496 0.444944
v 0.313669 0.380496 0.361801
v 0.258287 0.380496 0.405365
v 0.341768 0.402501 0.414131
v 0.274837 0.402501 0.461836
v 0.309965 0.402501 0.438809
v 0.347806 0.370164 0.383893
v 0.292541 0.370164 0.427533
v 0.225917 0.373190 0.472524
v 0.195098 0.503747 0.443877
v 0.274552 0.481743 0.461651
v 0.341741 0.481743 0.414113
v 0.310106 0.503747 0.438900
v 0.224897 0.503747 0.471864
v 0.310254 0.380496 0.438996
v 0.365500 0.380496 0.395344
v 0.249015 0.380496 0.478770
v 0.248553 0.503747 0.478471
v 0.365488 0.503747 0.395336
v 0.309899 0.481743 0.438767
v 0.273592 0.442122 0.461030
v 0.340224 0.442122 0.413131
v 0.302188 0.471533 0.431863
v 0.331505 0.414725 0.422847
v 0.331367 0.466497 0.422758
v 0.286659 0.466499 0.454348
v 0.286900 0.414723 0.454504
v 0.302598 0.409689 0.432128
v 0.327386 0.440611 0.412421
v 0.275101 0.440611 0.450084
v 0.320784 0.418986 0.418618
v 0.320495 0.462235 0.418431
v 0.283135 0.462237 0.444811
v 0.283689 0.418984 0.445170
v 0.310231 0.463421 0.439735
v 0.310393 0.417801 0.439840
v 0.328727 0.440611 0.425384
v 0.290011 0.440611 0.452972
v 0.323816 0.424637 0.429940
v 0.323649 0.456585 0.429832
v 0.296220 0.456586 0.449254
v 0.296408 0.424635 0.449376
v 0.324643 0.420959 0.425263
v 0.330692 0.440611 0.419663
v 0.307859 0.468712 0.437373
v 0.290543 0.460264 0.449140
v 0.324476 0.460262 0.425155
v 0.290823 0.420958 0.449321
v 0.308019 0.412510 0.437477
v 0.283018 0.440611 0.453787
v 0.305644 0.445095 0.442009
v 0.306108 0.456612 0.442309
v 0.305130 0.458881 0.434831
v 0.295866 0.445095 0.448916
v 0.323052 0.445095 0.429556
v 0.305405 0.422340 0.435009
v 0.313846 0.456611 0.436832
v 0.313359 0.445095 0.436517
v 0.306290 0.424610 0.442427
v 0.305814 0.436127 0.442119
v 0.296031 0.436127 0.449022
v 0.289142 0.440611 0.445576
v 0.304623 0.440611 0.434502
v 0.323234 0.436127 0.429674
v 0.313534 0.436127 0.436631
v 0.314022 0.424610 0.436946
v 0.320009 0.440611 0.423368
v 0.510362 0.617749 0.171472
v 0.195098 0.617749 0.443877
v 0.248553 0.617749 0.478471
v 0.310106 0.617749 0.438900
v 0.224897 0.617749 0.471864
v 0.365488 0.731702 0.395336
v 0.454574 0.617749 0.294238
v 0.348824 0.650500 0.408444
v 0.338383 0.617749 0.368298
v 0.348824 0.584999 0.408444
v 0.391403 0.584034 0.365927
v 0.391403 0.651465 0.365927
v 0.451042 0.472907 0.298247
v 0.514638 0.505986 0.159153
v 0.510362 0.552757 0.171472
v 0.491060 0.527547 0.154562
v 0.526740 0.612694 0.104071
v 0.347919 0.855003 0.322934
v 0.437116 0.855003 0.185104
v 0.381792 0.827071 0.278834
v 0.402484 0.814374 0.246861
v 0.488941 0.855003 0.218647
v 0.399748 0.855003 0.356470
v 0.454608 0.772802 0.294200
v 0.454307 0.814374 0.280400
v 0.433617 0.827070 0.312371
v 0.471247 0.865335 0.207194
v 0.382053 0.865335 0.345021
v 0.436613 0.824706 0.268948
v 0.415922 0.837403 0.300920
v 0.484846 0.668399 -0.003850
v 0.484846 0.567100 -0.003850
v 0.469516 0.617749 0.019838
v 0.538300 0.567100 0.030743
v 0.538300 0.668399 0.030743
v 0.530431 0.614308 0.080660
v 0.522583 0.567100 0.011870
v 0.522583 0.668399 0.011870
v 0.507254 0.617749 0.035557
v 0.538044 1.828764 -0.014006
v 0.546631 1.815059 -0.014006
v 0.550925 1.808207 0.000000
v 0.546631 1.815059 0.014006
v 0.538044 1.828764 0.014006
v 0.533751 1.835616 0.000000
v 0.616247 1.868218 -0.013001
v 0.610261 1.877770 0.006507
v 0.622224 1.858679 0.006499
v 0.601618 1.798847 -0.029455
v 0.655004 1.854802 -0.018446
v 0.574531 1.842076 0.058912
v 0.638037 1.881874 0.036894
v 0.547441 1.885310 -0.029459
v 0.621072 1.908949 -0.018447
v 0.351265 1.702188 0.000000
v 0.346971 1.709040 -0.014006
v 0.355558 1.695335 -0.014006
v 0.359852 1.688483 0.000000
v 0.355558 1.695335 0.014006
v 0.346971 1.709040 0.014006
v 0.342677 1.715892 0.000000
v -0.360453 1.972489 -0.326019
v -0.345918 1.978228 -0.330184
v -0.338650 1.989325 -0.320932
v -0.345918 1.994682 -0.307514
v -0.360453 1.988943 -0.303348
v -0.367721 1.977846 -0.312601
v -0.391425 2.039389 -0.373331
v -0.401556 2.046847 -0.354640
v -0.381307 2.054837 -0.360449
v -0.323988 2.012021 -0.373799
v -0.373990 2.066236 -0.399543
v -0.369836 2.045821 -0.289143
v -0.402702 2.087400 -0.346525
v -0.415690 1.975809 -0.347523
v -0.431418 2.043556 -0.383084
v -0.254317 1.819576 -0.197734
v -0.261584 1.808480 -0.206987
v -0.247049 1.814219 -0.211152
v -0.239782 1.825315 -0.201899
v -0.247049 1.830673 -0.188481
v -0.261584 1.824933 -0.184316
v -0.268852 1.813837 -0.193569
v -0.287637 1.229798 -0.334928
v -0.281778 1.241269 -0.344709
v -0.289795 1.255193 -0.346552
v -0.303671 1.257647 -0.338615
v -0.309529 1.246177 -0.328834
v -0.301512 1.232252 -0.326990
v -0.396301 1.152460 -0.517452
v -0.404318 1.166384 -0.519296
v -0.418194 1.168838 -0.511358
v -0.424052 1.157368 -0.501577
v -0.416035 1.143444 -0.499733
v -0.402160 1.140989 -0.507671
v -0.508289 1.213759 -0.715697
v -0.497315 1.225601 -0.716652
v -0.500217 1.239897 -0.709670
v -0.514093 1.242351 -0.701733
v -0.525066 1.230509 -0.700778
v -0.522164 1.216213 -0.707760
v -0.540496 1.248718 -0.789276
v -0.559828 1.252129 -0.778221
v -0.544536 1.268621 -0.779555
v -0.475087 1.260185 -0.759489
v -0.526496 1.277240 -0.815778
v -0.562628 1.275671 -0.709409
v -0.581318 1.286936 -0.784413
v -0.544315 1.185470 -0.753465
v -0.569851 1.230449 -0.812002
v -0.401416 1.152088 -0.526279
v -0.404318 1.166384 -0.519296
v -0.418194 1.168838 -0.511358
v -0.429168 1.156996 -0.510404
v -0.426265 1.142700 -0.517387
v -0.412390 1.140246 -0.525324
v -0.182756 0.464858 -0.600339
v -0.167299 0.464858 -0.605100
v -0.161112 0.477850 -0.612481
v -0.170380 0.490842 -0.615101
v -0.185836 0.490842 -0.610341
v -0.192024 0.477850 -0.602960
v -0.198948 0.433206 -0.680397
v -0.211866 0.451301 -0.684044
v -0.190333 0.451293 -0.690673
v -0.134940 0.436335 -0.645897
v -0.174839 0.418546 -0.710657
v -0.193411 0.518304 -0.662432
v -0.211457 0.469880 -0.721009
v -0.232454 0.436332 -0.615861
v -0.235907 0.418547 -0.691844
v -0.115005 0.562092 -0.407830
v -0.121193 0.549100 -0.400449
v -0.105737 0.549100 -0.405209
v -0.099549 0.562092 -0.412590
v -0.108817 0.575083 -0.415211
v -0.124273 0.575083 -0.410451
v -0.130461 0.562092 -0.403070
v -0.084338 0.607335 -0.638815
v -0.076537 0.621368 -0.636874
v -0.084883 0.634952 -0.634159
v -0.101031 0.634503 -0.633385
v -0.108833 0.620470 -0.635327
v -0.100486 0.606886 -0.638042
v -0.085831 0.629220 -0.723622
v -0.108327 0.628586 -0.722545
v -0.097451 0.648132 -0.719842
v -0.044284 0.657647 -0.671060
v -0.066990 0.658632 -0.745797
v -0.146162 0.654818 -0.666177
v -0.130793 0.656858 -0.742736
v -0.093500 0.569110 -0.683307
v -0.097814 0.603185 -0.753464
v -0.081009 0.583706 -0.414016
v -0.072662 0.570122 -0.416731
v -0.064861 0.584155 -0.414789
v -0.073207 0.597739 -0.412074
v -0.089355 0.597290 -0.411301
v -0.097157 0.583257 -0.413242
v -0.088810 0.569673 -0.415957
v -0.481664 0.937270 0.427530
v -0.478720 0.923011 0.434571
v -0.484896 0.909455 0.428276
v -0.494017 0.910157 0.414939
v -0.496961 0.924415 0.407897
v -0.490785 0.937972 0.414193
v -0.552058 0.939283 0.479626
v -0.564763 0.940269 0.461046
v -0.560657 0.920410 0.470861
v -0.493528 0.896432 0.485555
v -0.564299 0.916448 0.511883
v -0.551072 0.900858 0.401411
v -0.600333 0.919221 0.459185
v -0.512103 0.986392 0.441134
v -0.575930 0.972785 0.484061
v -0.303462 0.898878 0.293835
v -0.297286 0.912434 0.300131
v -0.294341 0.898176 0.307172
v -0.300517 0.884619 0.300877
v -0.309638 0.885321 0.287540
v -0.312583 0.899580 0.280498
v -0.306407 0.913136 0.286794
v 0.095335 1.096359 -0.477070
v 0.336504 1.096359 -0.341980
v 0.227533 1.096359 -0.421328
v 0.164007 1.096359 -0.451813
v 0.243587 1.074354 -0.478513
v 0.379796 1.096358 -0.385976
v 0.167887 1.074354 -0.510531
v 0.207180 1.074354 -0.495689
v 0.365013 1.106691 -0.370953
v 0.256053 1.106691 -0.450311
v 0.192623 1.106691 -0.480896
v 0.117813 1.103664 -0.510331
v 0.093958 0.973107 -0.475670
v 0.167650 0.995111 -0.510289
v 0.243565 0.995111 -0.478491
v 0.207298 0.973107 -0.495809
v 0.116961 0.973107 -0.509465
v 0.207422 1.096358 -0.495935
v 0.270835 1.096358 -0.465334
v 0.139002 1.096358 -0.521447
v 0.138616 0.973107 -0.521055
v 0.207125 0.995111 -0.495634
v 0.166847 1.034732 -0.509474
v 0.242297 1.034732 -0.477202
v 0.201099 1.005321 -0.487219
v 0.231675 1.062129 -0.484791
v 0.231560 1.010358 -0.484674
v 0.181055 1.010355 -0.505791
v 0.181255 1.062132 -0.505996
v 0.201441 1.067166 -0.487567
v 0.229920 1.036243 -0.473718
v 0.170699 1.036243 -0.499117
v 0.222129 1.057868 -0.478333
v 0.221887 1.014619 -0.478087
v 0.179687 1.014617 -0.495717
v 0.180150 1.057870 -0.496187
v 0.207239 1.013434 -0.496651
v 0.207374 1.059053 -0.496788
v 0.228412 1.036243 -0.486663
v 0.184625 1.036243 -0.505177
v 0.222628 1.052217 -0.490043
v 0.222488 1.020270 -0.489901
v 0.191494 1.020268 -0.502897
v 0.191651 1.052219 -0.503057
v 0.224452 1.055895 -0.485657
v 0.231574 1.036243 -0.481506
v 0.205436 1.008142 -0.493830
v 0.185977 1.016590 -0.501552
v 0.224312 1.016592 -0.485515
v 0.186211 1.055897 -0.501790
v 0.205570 1.064344 -0.493966
v 0.177622 1.036243 -0.504453
v 0.202267 1.031759 -0.497873
v 0.202654 1.020242 -0.498267
v 0.203326 1.017973 -0.490755
v 0.191222 1.031759 -0.502490
v 0.221966 1.031759 -0.489502
v 0.203556 1.054514 -0.490989
v 0.211398 1.020243 -0.494603
v 0.210991 1.031759 -0.494190
v 0.202806 1.052244 -0.498422
v 0.202410 1.040728 -0.498018
v 0.191359 1.040728 -0.502630
v 0.185384 1.036243 -0.497768
v 0.202902 1.036243 -0.490325
v 0.222117 1.040728 -0.489657
v 0.211138 1.040728 -0.494339
v 0.211545 1.052244 -0.494753
v 0.220340 1.036243 -0.482801
v 0.475469 1.096359 -0.103023
v 0.417600 1.096359 -0.234304
v 0.449107 1.096359 -0.171278
v 0.474520 1.074354 -0.251279
v 0.507755 1.074354 -0.176105
v 0.492280 1.074354 -0.215154
v 0.446120 1.106691 -0.263287
v 0.477724 1.106691 -0.200360
v 0.508363 1.103664 -0.126035
v 0.474092 0.973107 -0.101623
v 0.507516 0.995111 -0.175864
v 0.474497 0.995111 -0.251256
v 0.492398 0.973107 -0.215273
v 0.507511 0.973107 -0.125169
v 0.492522 1.096358 -0.215399
v 0.460902 1.096358 -0.278310
v 0.519136 1.096358 -0.147400
v 0.518750 0.973107 -0.147008
v 0.460892 0.973107 -0.278300
v 0.492226 0.995111 -0.215098
v 0.506714 1.034732 -0.175048
v 0.473229 1.034732 -0.249968
v 0.483910 1.005321 -0.208937
v 0.480989 1.062129 -0.239469
v 0.480874 1.010358 -0.239352
v 0.502803 1.010355 -0.189195
v 0.503004 1.062132 -0.189399
v 0.484252 1.067166 -0.209284
v 0.469946 1.036243 -0.237536
v 0.496297 1.036243 -0.178732
v 0.474685 1.057868 -0.229821
v 0.474443 1.014619 -0.229575
v 0.492752 1.014617 -0.187664
v 0.493215 1.057870 -0.188135
v 0.493241 1.013434 -0.215228
v 0.493377 1.059053 -0.215365
v 0.482913 1.036243 -0.236237
v 0.502131 1.036243 -0.192754
v 0.486386 1.052217 -0.230508
v 0.486246 1.020270 -0.230366
v 0.499741 1.020268 -0.199585
v 0.499898 1.052219 -0.199745
v 0.481971 1.055895 -0.232261
v 0.477706 1.036243 -0.239315
v 0.490450 1.008142 -0.213380
v 0.498485 1.016590 -0.194048
v 0.481832 1.016592 -0.232119
v 0.498719 1.055897 -0.194286
v 0.490584 1.064344 -0.213516
v 0.501520 1.036243 -0.185741
v 0.494544 1.031759 -0.210276
v 0.494931 1.020242 -0.210670
v 0.487410 1.017973 -0.211220
v 0.499338 1.031759 -0.199307
v 0.485856 1.031759 -0.229837
v 0.487640 1.054514 -0.211454
v 0.491127 1.020243 -0.219353
v 0.490720 1.031759 -0.218940
v 0.495083 1.052244 -0.210825
v 0.494687 1.040728 -0.210421
v 0.499476 1.040728 -0.199447
v 0.494711 1.036243 -0.193394
v 0.486986 1.036243 -0.210790
v 0.486008 1.040728 -0.229992
v 0.490867 1.040728 -0.219089
v 0.491274 1.052244 -0.219503
v 0.479181 1.036243 -0.228104
v 0.095335 0.765945 -0.477070
v 0.336504 0.765945 -0.341980
v 0.227533 0.765945 -0.421328
v 0.164007 0.765945 -0.451813
v 0.243587 0.787950 -0.478513
v 0.379796 0.765946 -0.385976
v 0.167887 0.787950 -0.510531
v 0.207180 0.787950 -0.495689
v 0.365013 0.755614 -0.370953
v 0.256053 0.755614 -0.450311
v 0.192623 0.755614 -0.480896
v 0.117813 0.758640 -0.510331
v 0.093958 0.889197 -0.475670
v 0.379796 0.889197 -0.385976
v 0.167650 0.867193 -0.510289
v 0.243565 0.867193 -0.478491
v 0.207298 0.889197 -0.495809
v 0.116961 0.889197 -0.509465
v 0.207422 0.765946 -0.495935
v 0.270835 0.765946 -0.465334
v 0.139002 0.765946 -0.521447
v 0.138616 0.889197 -0.521055
v 0.270824 0.889197 -0.465323
v 0.207125 0.867193 -0.495634
v 0.166847 0.827572 -0.509474
v 0.242297 0.827572 -0.477202
v 0.201099 0.856983 -0.487219
v 0.231675 0.800175 -0.484791
v 0.231560 0.851947 -0.484674
v 0.181055 0.851949 -0.505791
v 0.181255 0.800173 -0.505996
v 0.201441 0.795138 -0.487567
v 0.229920 0.826061 -0.473718
v 0.170699 0.826061 -0.499117
v 0.222129 0.804436 -0.478333
v 0.221887 0.847685 -0.478087
v 0.179687 0.847687 -0.495717
v 0.180150 0.804434 -0.496187
v 0.207239 0.848870 -0.496651
v 0.207374 0.803251 -0.496788
v 0.228412 0.826061 -0.486663
v 0.184625 0.826061 -0.505177
v 0.222628 0.810087 -0.490043
v 0.222488 0.842035 -0.489901
v 0.191494 0.842036 -0.502897
v 0.191651 0.810085 -0.503057
v 0.224452 0.806409 -0.485657
v 0.231574 0.826061 -0.481506
v 0.205436 0.854162 -0.493830
v 0.185977 0.845714 -0.501552
v 0.224312 0.845712 -0.485515
v 0.186211 0.806407 -0.501790
v 0.205570 0.797960 -0.493966
v 0.177622 0.826061 -0.504453
v 0.202267 0.830545 -0.497873
v 0.202654 0.842062 -0.498267
v 0.203326 0.844331 -0.490755
v 0.191222 0.830545 -0.502490
v 0.221966 0.830545 -0.489502
v 0.203556 0.807790 -0.490989
v 0.211398 0.842061 -0.494603
v 0.210991 0.830545 -0.494190
v 0.202806 0.810060 -0.498422
v 0.202410 0.821576 -0.498018
v 0.191359 0.821576 -0.502630
v 0.185384 0.826061 -0.497768
v 0.202902 0.826061 -0.490325
v 0.222117 0.821576 -0.489657
v 0.211138 0.821576 -0.494339
v 0.211545 0.810060 -0.494753
v 0.220340 0.826061 -0.482801
v 0.475469 0.765945 -0.103023
v 0.417600 0.765945 -0.234304
v 0.449107 0.765945 -0.171278
v 0.474520 0.787950 -0.251279
v 0.507755 0.787950 -0.176105
v 0.492280 0.787950 -0.215154
v 0.446120 0.755614 -0.263287
v 0.477724 0.755614 -0.200360
v 0.508363 0.758640 -0.126035
v 0.474092 0.889197 -0.101623
v 0.507516 0.867193 -0.175864
v 0.474497 0.867193 -0.251256
v 0.492398 0.889197 -0.215273
v 0.507511 0.889197 -0.125169
v 0.492522 0.765946 -0.215399
v 0.460902 0.765946 -0.278310
v 0.519136 0.765946 -0.147400
v 0.518750 0.889197 -0.147008
v 0.492226 0.867193 -0.215098
v 0.506714 0.827572 -0.175048
v 0.473229 0.827572 -0.249968
v 0.483910 0.856983 -0.208937
v 0.480989 0.800175 -0.239469
v 0.480874 0.851947 -0.239352
v 0.502803 0.851949 -0.189195
v 0.503004 0.800173 -0.189399
v 0.484252 0.795138 -0.209284
v 0.469946 0.826061 -0.237536
v 0.496297 0.826061 -0.178732
v 0.474685 0.804436 -0.229821
v 0.474443 0.847685 -0.229575
v 0.492752 0.847687 -0.187664
v 0.493215 0.804434 -0.188135
v 0.493241 0.848870 -0.215228
v 0.493377 0.803251 -0.215365
v 0.482913 0.826061 -0.236237
v 0.502131 0.826061 -0.192754
v 0.486386 0.810087 -0.230508
v 0.486246 0.842035 -0.230366
v 0.499741 0.842036 -0.199585
v 0.499898 0.810085 -0.199745
v 0.481971 0.806409 -0.232261
v 0.477706 0.826061 -0.239315
v 0.490450 0.854162 -0.213380
v 0.498485 0.845714 -0.194048
v 0.481832 0.845712 -0.232119
v 0.498719 0.806407 -0.194286
v 0.490584 0.797960 -0.213516
v 0.501520 0.826061 -0.185741
v 0.494544 0.830545 -0.210276
v 0.494931 0.842062 -0.210670
v 0.487410 0.844331 -0.211220
v 0.499338 0.830545 -0.199307
v 0.485856 0.830545 -0.229837
v 0.487640 0.807790 -0.211454
v 0.491127 0.842061 -0.219353
v 0.490720 0.830545 -0.218940
v 0.495083 0.810060 -0.210825
v 0.494687 0.821576 -0.210421
v 0.499476 0.821576 -0.199447
v 0.494711 0.826061 -0.193394
v 0.486986 0.826061 -0.210790
v 0.486008 0.821576 -0.229992
v 0.490867 0.821576 -0.219089
v 0.491274 0.810060 -0.219503
v 0.479181 0.826061 -0.228104
v 0.379796 0.993867 -0.385976
v 0.379796 0.952347 -0.385976
v 0.361665 0.973107 -0.367550
v 0.265065 1.003953 -0.467948
v 0.459868 0.886287 -0.277715
v -0.459118 1.158081 -0.160920
v -0.385488 1.158081 -0.284055
v -0.424533 1.158081 -0.225399
v -0.439877 1.136076 -0.307925
v -0.482137 1.136076 -0.237428
v -0.461961 1.136076 -0.274268
v -0.410213 1.168413 -0.316337
v -0.449342 1.168413 -0.257791
v -0.488920 1.165387 -0.187816
v -0.457924 1.034829 -0.159360
v -0.329253 1.034829 -0.429901
v -0.481930 1.056834 -0.237159
v -0.439858 1.056834 -0.307900
v -0.462063 1.034829 -0.274401
v -0.488181 1.034829 -0.186851
v -0.462171 1.158081 -0.274542
v -0.423028 1.158081 -0.333069
v -0.496974 1.158081 -0.210347
v -0.496639 1.034829 -0.209910
v -0.423018 1.034829 -0.333057
v -0.461914 1.056834 -0.274206
v -0.481235 1.096455 -0.236251
v -0.438759 1.096455 -0.306465
v -0.454422 1.067044 -0.267066
v -0.447754 1.123852 -0.297004
v -0.447655 1.072080 -0.296874
v -0.475607 1.072078 -0.249806
v -0.475782 1.123854 -0.250034
v -0.454718 1.128888 -0.267453
v -0.437035 1.097966 -0.293723
v -0.470443 1.097966 -0.238621
v -0.442690 1.119590 -0.286651
v -0.442480 1.076341 -0.286378
v -0.465822 1.076339 -0.247047
v -0.466223 1.119592 -0.247571
v -0.462906 1.075156 -0.274460
v -0.463023 1.120776 -0.274613
v -0.450063 1.097966 -0.294034
v -0.474501 1.097966 -0.253256
v -0.454216 1.113940 -0.288778
v -0.454095 1.081992 -0.288620
v -0.471286 1.081990 -0.259740
v -0.471422 1.113941 -0.259918
v -0.449619 1.117618 -0.289973
v -0.444516 1.097966 -0.296446
v -0.460364 1.069865 -0.272282
v -0.470724 1.078313 -0.254090
v -0.449498 1.078314 -0.289814
v -0.470926 1.117619 -0.254354
v -0.460480 1.126067 -0.272434
v -0.474760 1.097966 -0.246221
v -0.464809 1.093482 -0.269708
v -0.465145 1.081965 -0.270146
v -0.457613 1.079695 -0.269764
v -0.470921 1.093482 -0.259414
v -0.453774 1.093482 -0.288047
v -0.457812 1.116236 -0.270024
v -0.460298 1.081965 -0.278293
v -0.459946 1.093482 -0.277833
v -0.465277 1.113967 -0.270318
v -0.464933 1.102450 -0.269869
v -0.471040 1.102450 -0.259570
v -0.467059 1.097966 -0.252975
v -0.457246 1.097966 -0.269284
v -0.453905 1.102450 -0.288219
v -0.460073 1.102450 -0.277999
v -0.460425 1.113966 -0.278460
v -0.447364 1.097966 -0.285502
v -0.035724 1.158081 -0.485189
v -0.173791 1.158081 -0.446190
v -0.106988 1.158081 -0.468601
v -0.182664 1.136076 -0.504919
v -0.103591 1.136076 -0.527349
v -0.144416 1.136076 -0.517470
v -0.198515 1.168413 -0.478471
v -0.131796 1.168413 -0.500993
v -0.053925 1.165387 -0.520970
v -0.034530 1.034829 -0.483630
v -0.103385 1.056834 -0.527079
v -0.182645 1.056834 -0.504894
v -0.144518 1.034829 -0.517603
v -0.053186 1.034829 -0.520005
v -0.144625 1.158081 -0.517744
v -0.211330 1.158081 -0.495204
v -0.073579 1.158081 -0.534616
v -0.073245 1.034829 -0.534180
v -0.144368 1.056834 -0.517409
v -0.102689 1.096455 -0.526171
v -0.181546 1.096455 -0.503459
v -0.139427 1.067044 -0.508314
v -0.170068 1.123852 -0.509679
v -0.169968 1.072080 -0.509549
v -0.117243 1.072078 -0.524271
v -0.117417 1.123854 -0.524498
v -0.139723 1.128888 -0.508702
v -0.169694 1.097966 -0.498474
v -0.107790 1.097966 -0.516370
v -0.161393 1.119590 -0.502092
v -0.161183 1.076341 -0.501818
v -0.117129 1.076339 -0.514104
v -0.117530 1.119592 -0.514628
v -0.144355 1.075156 -0.518432
v -0.144472 1.120776 -0.518585
v -0.166599 1.097966 -0.511134
v -0.120862 1.097966 -0.524101
v -0.160442 1.113940 -0.513774
v -0.160321 1.081992 -0.513616
v -0.127959 1.081990 -0.522687
v -0.128096 1.113941 -0.522865
v -0.162794 1.117618 -0.509647
v -0.170373 1.097966 -0.506406
v -0.142915 1.069865 -0.515410
v -0.122651 1.078313 -0.520672
v -0.162672 1.078314 -0.509489
v -0.122854 1.117619 -0.520936
v -0.143031 1.126067 -0.515562
v -0.114002 1.097966 -0.522518
v -0.139270 1.093482 -0.519031
v -0.139606 1.081965 -0.519470
v -0.141200 1.079695 -0.512099
v -0.127740 1.093482 -0.522249
v -0.159852 1.093482 -0.513156
v -0.141399 1.116236 -0.512359
v -0.148735 1.081965 -0.516913
v -0.148383 1.093482 -0.516453
v -0.139738 1.113967 -0.519642
v -0.139394 1.102450 -0.519193
v -0.127859 1.102450 -0.522405
v -0.122530 1.097966 -0.516843
v -0.140832 1.097966 -0.511619
v -0.159983 1.102450 -0.513328
v -0.148510 1.102450 -0.516619
v -0.148863 1.113966 -0.517080
v -0.159065 1.097966 -0.506305
v -0.459118 0.683574 -0.160920
v -0.291723 0.683574 -0.380898
v -0.385488 0.683574 -0.284055
v -0.424533 0.683574 -0.225399
v -0.439877 0.705579 -0.307925
v -0.329253 0.683574 -0.429901
v -0.482137 0.705579 -0.237428
v -0.461961 0.705579 -0.274268
v -0.316438 0.673242 -0.413168
v -0.410213 0.673242 -0.316337
v -0.449342 0.673242 -0.257791
v -0.488920 0.676268 -0.187816
v -0.457924 0.806825 -0.159360
v -0.481930 0.784821 -0.237159
v -0.439858 0.784821 -0.307900
v -0.462063 0.806825 -0.274401
v -0.488181 0.806825 -0.186851
v -0.462171 0.683574 -0.274542
v -0.423028 0.683574 -0.333069
v -0.496974 0.683574 -0.210347
v -0.496639 0.806825 -0.209910
v -0.461914 0.784821 -0.274206
v -0.481235 0.745200 -0.236251
v -0.438759 0.745200 -0.306465
v -0.454422 0.774611 -0.267066
v -0.447754 0.717803 -0.297004
v -0.447655 0.769575 -0.296874
v -0.475607 0.769577 -0.249806
v -0.475782 0.717801 -0.250034
v -0.454718 0.712767 -0.267453
v -0.437035 0.743689 -0.293723
v -0.470443 0.743689 -0.238621
v -0.442690 0.722064 -0.286651
v -0.442480 0.765313 -0.286378
v -0.465822 0.765315 -0.247047
v -0.466223 0.722062 -0.247571
v -0.462906 0.766499 -0.274460
v -0.463023 0.720879 -0.274613
v -0.450063 0.743689 -0.294034
v -0.474501 0.743689 -0.253256
v -0.454216 0.727715 -0.288778
v -0.454095 0.759663 -0.288620
v -0.471286 0.759664 -0.259740
v -0.471422 0.727713 -0.259918
v -0.449619 0.724037 -0.289973
v -0.444516 0.743689 -0.296446
v -0.460364 0.771790 -0.272282
v -0.470724 0.763342 -0.254090
v -0.449498 0.763340 -0.289814
v -0.470926 0.724035 -0.254354
v -0.460480 0.715588 -0.272434
v -0.474760 0.743689 -0.246221
v -0.464809 0.748173 -0.269708
v -0.465145 0.759690 -0.270146
v -0.457613 0.761959 -0.269764
v -0.470921 0.748173 -0.259414
v -0.453774 0.748173 -0.288047
v -0.457812 0.725418 -0.270024
v -0.460298 0.759689 -0.278293
v -0.459946 0.748173 -0.277833
v -0.465277 0.727688 -0.270318
v -0.464933 0.739205 -0.269869
v -0.471040 0.739205 -0.259570
v -0.467059 0.743689 -0.252975
v -0.457246 0.743689 -0.269284
v -0.453905 0.739205 -0.288219
v -0.460073 0.739205 -0.277999
v -0.460425 0.727688 -0.278460
v -0.447364 0.743689 -0.285502
v -0.035724 0.683574 -0.485189
v -0.173791 0.683574 -0.446190
v -0.106988 0.683574 -0.468601
v -0.182664 0.705579 -0.504919
v -0.103591 0.705579 -0.527349
v -0.144416 0.705579 -0.517470
v -0.198515 0.673242 -0.478471
v -0.131796 0.673242 -0.500993
v -0.053925 0.676268 -0.520970
v -0.034530 0.806825 -0.483630
v -0.103385 0.784821 -0.527079
v -0.182645 0.784821 -0.504894
v -0.144518 0.806825 -0.517603
v -0.053186 0.806825 -0.520005
v -0.144625 0.683574 -0.517744
v -0.211330 0.683574 -0.495204
v -0.073579 0.683574 -0.534616
v -0.073245 0.806825 -0.534180
v -0.211321 0.806825 -0.495192
v -0.144368 0.784821 -0.517409
v -0.102689 0.745200 -0.526171
v -0.181546 0.745200 -0.503459
v -0.139427 0.774611 -0.508314
v -0.170068 0.717803 -0.509679
v -0.169968 0.769575 -0.509549
v -0.117243 0.769577 -0.524271
v -0.117417 0.717801 -0.524498
v -0.139723 0.712767 -0.508702
v -0.169694 0.743689 -0.498474
v -0.107790 0.743689 -0.516370
v -0.161393 0.722064 -0.502092
v -0.161183 0.765313 -0.501818
v -0.117129 0.765315 -0.514104
v -0.117530 0.722062 -0.514628
v -0.144355 0.766499 -0.518432
v -0.144472 0.720879 -0.518585
v -0.166599 0.743689 -0.511134
v -0.120862 0.743689 -0.524101
v -0.160442 0.727715 -0.513774
v -0.160321 0.759663 -0.513616
v -0.127959 0.759664 -0.522687
v -0.128096 0.727713 -0.522865
v -0.162794 0.724037 -0.509647
v -0.170373 0.743689 -0.506406
v -0.142915 0.771790 -0.515410
v -0.122651 0.763342 -0.520672
v -0.162672 0.763340 -0.509489
v -0.122854 0.724035 -0.520936
v -0.143031 0.715588 -0.515562
v -0.114002 0.743689 -0.522518
v -0.139270 0.748173 -0.519031
v -0.139606 0.759690 -0.519470
v -0.141200 0.761959 -0.512099
v -0.127740 0.748173 -0.522249
v -0.159852 0.748173 -0.513156
v -0.141399 0.725418 -0.512359
v -0.148735 0.759689 -0.516913
v -0.148383 0.748173 -0.516453
v -0.139738 0.727688 -0.519642
v -0.139394 0.739205 -0.519193
v -0.127859 0.739205 -0.522405
v -0.122530 0.743689 -0.516843
v -0.140832 0.743689 -0.511619
v -0.159983 0.739205 -0.513328
v -0.148510 0.739205 -0.516619
v -0.148863 0.727688 -0.517080
v -0.159065 0.743689 -0.506305
v -0.423018 0.920827 -0.333057
v -0.034530 0.920827 -0.483630
v -0.073245 0.920827 -0.534180
v -0.144518 0.920827 -0.517603
v -0.053186 0.920827 -0.520005
v -0.211321 1.034780 -0.495192
v -0.329209 0.920827 -0.429925
v -0.191221 0.953578 -0.501935
v -0.194883 0.920827 -0.460616
v -0.191221 0.888077 -0.501935
v -0.245615 0.887112 -0.476206
v -0.245615 0.954543 -0.476206
v -0.324534 0.775985 -0.432513
v -0.431187 0.809064 -0.322892
v -0.423018 0.855835 -0.333057
v -0.410525 0.830625 -0.310643
v -0.461101 0.915772 -0.275085
v -0.219114 1.158081 -0.421097
v -0.349453 1.158081 -0.321273
v -0.265841 1.130149 -0.390951
v -0.296076 1.117452 -0.367794
v -0.386986 1.158081 -0.370286
v -0.256653 1.158081 -0.470105
v -0.329253 1.075880 -0.429901
v -0.333609 1.117452 -0.416802
v -0.303376 1.130148 -0.439957
v -0.374172 1.168413 -0.353552
v -0.243836 1.168413 -0.453374
v -0.320794 1.127784 -0.400069
v -0.290560 1.140481 -0.423225
v -0.457924 0.971477 -0.159360
v -0.457924 0.870178 -0.159360
v -0.435523 0.920827 -0.176516
v -0.496639 0.870178 -0.209910
v -0.496639 0.971477 -0.209910
v -0.472448 0.917386 -0.254276
v -0.488181 0.870178 -0.186851
v -0.488181 0.971477 -0.186851
v -0.465781 0.920827 -0.204007
vt 0.453685 0.315432
vt 0.453685 0.320422
vt 0.459431 0.320422
vt 0.457748 0.315432
vt 0.453685 0.334498
vt 0.453685 0.342624
vt 0.461812 0.342624
vt 0.461535 0.334498
vt 0.453685 0.312295
vt 0.455788 0.312295
vt 0.453685 0.326925
vt 0.460723 0.326925
vt 0.453685 0.311225
vt 0.461535 0.315432
vt 0.457748 0.312295
vt 0.468850 0.334498
vt 0.467281 0.326925
vt 0.464786 0.320422
vt 0.469385 0.342624
vt 0.469385 0.320422
vt 0.464786 0.315432
vt 0.475888 0.342624
vt 0.475131 0.334498
vt 0.459431 0.312295
vt 0.472913 0.326925
vt 0.460723 0.312295
vt 0.477235 0.326925
vt 0.472913 0.320422
vt 0.467281 0.315432
vt 0.480878 0.342624
vt 0.479951 0.334498
vt 0.468850 0.315432
vt 0.461535 0.312295
vt 0.482981 0.334498
vt 0.479951 0.326925
vt 0.475131 0.320422
vt 0.484015 0.342624
vt 0.475888 0.320422
vt 0.469385 0.315432
vt 0.485084 0.342624
vt 0.484015 0.334498
vt 0.461812 0.312295
vt 0.480878 0.326925
vt 0.461535 0.312295
vt 0.479951 0.326925
vt 0.475131 0.320422
vt 0.468850 0.315432
vt 0.484015 0.342624
vt 0.482981 0.334498
vt 0.467281 0.315432
vt 0.460723 0.312295
vt 0.479951 0.334498
vt 0.477235 0.326925
vt 0.472913 0.320422
vt 0.480878 0.342624
vt 0.469385 0.320422
vt 0.464786 0.315432
vt 0.475888 0.342624
vt 0.475131 0.334498
vt 0.459431 0.312295
vt 0.472913 0.326925
vt 0.457748 0.312295
vt 0.467281 0.326925
vt 0.464786 0.320422
vt 0.461535 0.315432
vt 0.469385 0.342624
vt 0.468850 0.334498
vt 0.461812 0.342621
vt 0.461535 0.334498
vt 0.457748 0.315432
vt 0.455788 0.312295
vt 0.460723 0.326925
vt 0.459431 0.320422
vt 0.453685 0.320422
vt 0.453685 0.315432
vt 0.453685 0.342460
vt 0.453685 0.334498
vt 0.453685 0.312295
vt 0.453685 0.326925
vt 0.445835 0.334498
vt 0.446647 0.326925
vt 0.451581 0.312295
vt 0.447938 0.320422
vt 0.449621 0.315432
vt 0.445558 0.342621
vt 0.437985 0.342624
vt 0.438520 0.334498
vt 0.445835 0.315432
vt 0.449621 0.312295
vt 0.440088 0.326925
vt 0.442583 0.320422
vt 0.434457 0.326925
vt 0.437985 0.320422
vt 0.442583 0.315432
vt 0.431482 0.342624
vt 0.432239 0.334498
vt 0.447938 0.312295
vt 0.427419 0.334498
vt 0.430135 0.326925
vt 0.446647 0.312295
vt 0.434457 0.320422
vt 0.440088 0.315432
vt 0.426492 0.342624
vt 0.432239 0.320422
vt 0.438520 0.315432
vt 0.423355 0.342624
vt 0.424389 0.334498
vt 0.445835 0.312295
vt 0.427419 0.326925
vt 0.426492 0.326925
vt 0.431482 0.320422
vt 0.437985 0.315432
vt 0.422285 0.342624
vt 0.423355 0.334498
vt 0.445558 0.312295
vt 0.438520 0.315432
vt 0.445835 0.312295
vt 0.424389 0.334498
vt 0.427419 0.326925
vt 0.432239 0.320422
vt 0.423355 0.342624
vt 0.434457 0.320422
vt 0.440088 0.315432
vt 0.426492 0.342624
vt 0.427419 0.334498
vt 0.446647 0.312295
vt 0.430135 0.326925
vt 0.447938 0.312295
vt 0.434457 0.326925
vt 0.437985 0.320422
vt 0.442583 0.315432
vt 0.431482 0.342624
vt 0.432239 0.334498
vt 0.445835 0.315432
vt 0.449621 0.312295
vt 0.438520 0.334498
vt 0.440088 0.326925
vt 0.442583 0.320422
vt 0.437985 0.342624
vt 0.447938 0.320422
vt 0.449621 0.315432
vt 0.445558 0.342624
vt 0.445835 0.334498
vt 0.451581 0.312295
vt 0.446647 0.326925
vt 0.453685 0.405423
vt 0.453685 0.413550
vt 0.461535 0.413550
vt 0.461812 0.405423
vt 0.453685 0.427626
vt 0.453685 0.432616
vt 0.457748 0.432616
vt 0.459431 0.427626
vt 0.453685 0.421123
vt 0.460723 0.421123
vt 0.453685 0.435753
vt 0.453685 0.436823
vt 0.455788 0.435753
vt 0.457748 0.435753
vt 0.467281 0.421123
vt 0.468850 0.413550
vt 0.461535 0.432616
vt 0.469385 0.405423
vt 0.464786 0.427626
vt 0.464786 0.432616
vt 0.469385 0.427626
vt 0.472913 0.421123
vt 0.459431 0.435753
vt 0.475131 0.413550
vt 0.475888 0.405423
vt 0.460723 0.435753
vt 0.467281 0.432616
vt 0.479951 0.413550
vt 0.480878 0.405423
vt 0.472913 0.427626
vt 0.477235 0.421123
vt 0.475131 0.427626
vt 0.479951 0.421123
vt 0.461535 0.435753
vt 0.482981 0.413550
vt 0.468850 0.432616
vt 0.484015 0.405423
vt 0.469385 0.432616
vt 0.475888 0.427626
vt 0.480878 0.421123
vt 0.461812 0.435753
vt 0.484015 0.413550
vt 0.485084 0.405423
vt 0.479951 0.421123
vt 0.482981 0.413550
vt 0.461535 0.435753
vt 0.468850 0.432616
vt 0.484015 0.405423
vt 0.475131 0.427626
vt 0.472913 0.427626
vt 0.477235 0.421123
vt 0.460723 0.435753
vt 0.479951 0.413550
vt 0.467281 0.432616
vt 0.480878 0.405423
vt 0.475131 0.413550
vt 0.475888 0.405423
vt 0.464786 0.432616
vt 0.469385 0.427626
vt 0.472913 0.421123
vt 0.459431 0.435753
vt 0.467281 0.421123
vt 0.468850 0.413550
vt 0.457748 0.435753
vt 0.461535 0.432616
vt 0.469385 0.405423
vt 0.464786 0.427626
vt 0.459431 0.427626
vt 0.460723 0.421123
vt 0.455788 0.435753
vt 0.461535 0.413550
vt 0.457748 0.432616
vt 0.461812 0.405423
vt 0.453685 0.413550
vt 0.453685 0.405423
vt 0.453685 0.432616
vt 0.453685 0.427626
vt 0.453685 0.421123
vt 0.453685 0.435753
vt 0.446647 0.421123
vt 0.445835 0.413550
vt 0.451581 0.435753
vt 0.449621 0.432616
vt 0.445558 0.405423
vt 0.447938 0.427626
vt 0.442583 0.427626
vt 0.440088 0.421123
vt 0.449621 0.435753
vt 0.438520 0.413550
vt 0.445835 0.432616
vt 0.437985 0.405423
vt 0.432239 0.413550
vt 0.431482 0.405423
vt 0.442583 0.432616
vt 0.437985 0.427626
vt 0.434457 0.421123
vt 0.447938 0.435753
vt 0.446647 0.435753
vt 0.430135 0.421123
vt 0.427419 0.413550
vt 0.440088 0.432616
vt 0.426492 0.405423
vt 0.434457 0.427626
vt 0.432239 0.427626
vt 0.427419 0.421123
vt 0.445835 0.435753
vt 0.424389 0.413550
vt 0.438520 0.432616
vt 0.423355 0.405423
vt 0.445558 0.435753
vt 0.437985 0.432616
vt 0.423355 0.413550
vt 0.422285 0.405423
vt 0.431482 0.427626
vt 0.426492 0.421123
vt 0.445835 0.435753
vt 0.427419 0.421123
vt 0.424389 0.413550
vt 0.438520 0.432616
vt 0.423355 0.405423
vt 0.432239 0.427626
vt 0.440088 0.432616
vt 0.434457 0.427626
vt 0.445558 0.360691
vt 0.453685 0.360691
vt 0.430135 0.421123
vt 0.437985 0.360691
vt 0.446647 0.435753
vt 0.461812 0.360691
vt 0.469385 0.360691
vt 0.427419 0.413550
vt 0.426492 0.405423
vt 0.447938 0.435753
vt 0.442583 0.432616
vt 0.423355 0.360691
vt 0.426492 0.360691
vt 0.432239 0.413550
vt 0.431482 0.405423
vt 0.437985 0.427626
vt 0.422285 0.360691
vt 0.431482 0.360691
vt 0.434457 0.421123
vt 0.423355 0.360691
vt 0.442583 0.427626
vt 0.440088 0.421123
vt 0.453685 0.357457
vt 0.445558 0.358778
vt 0.449621 0.435753
vt 0.431482 0.360691
vt 0.426492 0.360691
vt 0.438520 0.413550
vt 0.445835 0.432616
vt 0.437985 0.360608
vt 0.437985 0.405423
vt 0.449621 0.432616
vt 0.447938 0.427626
vt 0.480878 0.360691
vt 0.475888 0.360691
vt 0.461812 0.358778
vt 0.446647 0.421123
vt 0.484015 0.360691
vt 0.451581 0.435753
vt 0.469385 0.360608
vt 0.445835 0.413550
vt 0.445558 0.405423
vt 0.480878 0.360691
vt 0.484015 0.360691
vt 0.475888 0.360691
vt 0.485084 0.360691
vt 0.475888 0.396576
vt 0.469385 0.396576
vt 0.484015 0.396576
vt 0.485084 0.396576
vt 0.485084 0.387588
vt 0.484015 0.387588
vt 0.485084 0.378633
vt 0.484015 0.378633
vt 0.485084 0.369678
vt 0.484015 0.369678
vt 0.484015 0.396576
vt 0.475888 0.387588
vt 0.469385 0.387588
vt 0.475888 0.378633
vt 0.469385 0.378633
vt 0.475888 0.369678
vt 0.469385 0.369678
vt 0.480878 0.396576
vt 0.484015 0.387588
vt 0.484015 0.378633
vt 0.484015 0.369678
vt 0.480878 0.387588
vt 0.480878 0.378633
vt 0.480878 0.369678
vt 0.469385 0.396493
vt 0.475888 0.396576
vt 0.461812 0.394664
vt 0.468368 0.346762
vt 0.468362 0.343789
vt 0.469385 0.343701
vt 0.469385 0.346767
vt 0.475888 0.387588
vt 0.464159 0.367151
vt 0.461812 0.366119
vt 0.467717 0.340823
vt 0.465950 0.338278
vt 0.466772 0.337787
vt 0.468685 0.340524
vt 0.480878 0.396576
vt 0.469385 0.381249
vt 0.469385 0.378017
vt 0.475888 0.378633
vt 0.475888 0.369678
vt 0.441420 0.338278
vt 0.439653 0.340823
vt 0.438685 0.340524
vt 0.440598 0.337787
vt 0.437985 0.396493
vt 0.431482 0.396576
vt 0.431482 0.387588
vt 0.453685 0.393342
vt 0.480878 0.387588
vt 0.480878 0.378633
vt 0.480878 0.369678
vt 0.461351 0.335518
vt 0.457376 0.334537
vt 0.457586 0.333800
vt 0.461812 0.334869
vt 0.457586 0.365050
vt 0.461812 0.384029
vt 0.464159 0.385061
vt 0.423355 0.396576
vt 0.426492 0.396576
vt 0.445558 0.394664
vt 0.423355 0.387588
vt 0.426492 0.387588
vt 0.423355 0.378633
vt 0.426492 0.378633
vt 0.423355 0.369678
vt 0.426492 0.369678
vt 0.437985 0.381249
vt 0.431482 0.378633
vt 0.469385 0.374951
vt 0.457572 0.382957
vt 0.461850 0.351969
vt 0.464058 0.352947
vt 0.464159 0.353811
vt 0.461812 0.352779
vt 0.439002 0.346762
vt 0.439015 0.349867
vt 0.437985 0.349999
vt 0.437985 0.346767
vt 0.445520 0.351969
vt 0.449740 0.350908
vt 0.449798 0.351707
vt 0.445558 0.352779
vt 0.443211 0.367151
vt 0.431482 0.369678
vt 0.431482 0.396576
vt 0.426492 0.396576
vt 0.437985 0.374951
vt 0.422285 0.396576
vt 0.431482 0.387588
vt 0.426492 0.387588
vt 0.431482 0.378633
vt 0.426492 0.378633
vt 0.431482 0.369678
vt 0.426492 0.369678
vt 0.437985 0.396576
vt 0.422285 0.387588
vt 0.422285 0.378633
vt 0.422285 0.369678
vt 0.423355 0.396576
vt 0.437985 0.387588
vt 0.437985 0.378633
vt 0.437985 0.369678
vt 0.423355 0.387588
vt 0.423355 0.378633
vt 0.423355 0.369678
vt 0.461812 0.396576
vt 0.453685 0.396576
vt 0.461812 0.387588
vt 0.453685 0.387588
vt 0.461812 0.378633
vt 0.453685 0.378633
vt 0.461812 0.369678
vt 0.453685 0.369678
vt 0.445558 0.396576
vt 0.445558 0.387588
vt 0.445558 0.378633
vt 0.445558 0.369678
vt 0.469385 0.369105
vt 0.443211 0.385061
vt 0.449994 0.334537
vt 0.446018 0.335518
vt 0.445558 0.334869
vt 0.449784 0.333800
vt 0.449784 0.365050
vt 0.445558 0.366119
vt 0.469385 0.387015
vt 0.437985 0.387015
vt 0.437985 0.369105
vt 0.468354 0.349867
vt 0.469385 0.349999
vt 0.439602 0.352117
vt 0.438685 0.352645
vt 0.439008 0.343789
vt 0.437985 0.343701
vt 0.466288 0.353316
vt 0.466772 0.354170
vt 0.453685 0.350503
vt 0.453685 0.351300
vt 0.441081 0.353316
vt 0.443312 0.352947
vt 0.443211 0.353811
vt 0.440598 0.354170
vt 0.463483 0.336472
vt 0.464159 0.335901
vt 0.443887 0.336472
vt 0.443211 0.335901
vt 0.453685 0.334157
vt 0.453685 0.333392
vt 0.466772 0.385420
vt 0.468685 0.383895
vt 0.437985 0.378017
vt 0.440598 0.369037
vt 0.438685 0.371774
vt 0.468685 0.371774
vt 0.466772 0.369037
vt 0.438685 0.383895
vt 0.440598 0.385420
vt 0.449798 0.382957
vt 0.453685 0.382550
vt 0.453685 0.364642
vt 0.457629 0.350908
vt 0.457572 0.351707
vt 0.445558 0.384029
vt 0.467767 0.352118
vt 0.468685 0.352645
vt 0.463806 0.352349
vt 0.465849 0.352689
vt 0.457285 0.366223
vt 0.461050 0.367137
vt 0.461852 0.363992
vt 0.457716 0.363008
vt 0.467126 0.351685
vt 0.467687 0.380819
vt 0.467126 0.382935
vt 0.468532 0.384902
vt 0.470100 0.381562
vt 0.467687 0.349569
vt 0.441995 0.369777
vt 0.444408 0.367998
vt 0.443141 0.365093
vt 0.440139 0.367439
vt 0.467704 0.343920
vt 0.467076 0.341008
vt 0.453685 0.381275
vt 0.449713 0.381676
vt 0.450355 0.384801
vt 0.453685 0.384463
vt 0.465375 0.338527
vt 0.465375 0.369777
vt 0.467076 0.372258
vt 0.469489 0.370884
vt 0.467231 0.367439
vt 0.462962 0.336748
vt 0.445594 0.382708
vt 0.443564 0.383599
vt 0.444821 0.386511
vt 0.446895 0.385671
vt 0.439683 0.349569
vt 0.440244 0.351685
vt 0.467704 0.375170
vt 0.467714 0.377941
vt 0.470464 0.377985
vt 0.470394 0.374734
vt 0.441521 0.352689
vt 0.453685 0.365860
vt 0.453685 0.362626
vt 0.443564 0.352349
vt 0.439666 0.375170
vt 0.440293 0.372258
vt 0.437881 0.370884
vt 0.436975 0.374734
vt 0.444408 0.336748
vt 0.441995 0.338527
vt 0.461776 0.382708
vt 0.457657 0.381676
vt 0.457015 0.384801
vt 0.460475 0.385671
vt 0.440293 0.341008
vt 0.440244 0.382935
vt 0.439683 0.380819
vt 0.437270 0.381562
vt 0.438838 0.384902
vt 0.439666 0.343920
vt 0.461776 0.351458
vt 0.465849 0.383939
vt 0.465751 0.386740
vt 0.467714 0.346691
vt 0.461050 0.335887
vt 0.441521 0.383939
vt 0.441619 0.386740
vt 0.439655 0.346691
vt 0.439655 0.377941
vt 0.436906 0.377985
vt 0.446320 0.367137
vt 0.445518 0.363992
vt 0.445594 0.351458
vt 0.446320 0.335887
vt 0.449713 0.350426
vt 0.453685 0.350025
vt 0.450085 0.366223
vt 0.449654 0.363008
vt 0.457657 0.350426
vt 0.462962 0.367998
vt 0.464229 0.365093
vt 0.457285 0.334973
vt 0.453685 0.334610
vt 0.450085 0.334973
vt 0.463806 0.383599
vt 0.462549 0.386511
vt 0.667427 0.394229
vt 0.662282 0.395322
vt 0.662748 0.380522
vt 0.667408 0.379558
vt 0.644184 0.341676
vt 0.644232 0.335406
vt 0.650402 0.338965
vt 0.662282 0.366072
vt 0.667416 0.364982
vt 0.689709 0.395322
vt 0.684565 0.394229
vt 0.684584 0.379558
vt 0.689244 0.380522
vt 0.684576 0.364982
vt 0.689709 0.366072
vt 0.707614 0.348682
vt 0.706008 0.353411
vt 0.700060 0.346891
vt 0.701590 0.338965
vt 0.645710 0.328641
vt 0.649620 0.322893
vt 0.656110 0.323533
vt 0.651932 0.330359
vt 0.649373 0.356012
vt 0.646031 0.353549
vt 0.651932 0.346891
vt 0.656110 0.349375
vt 0.705961 0.353549
vt 0.702619 0.356012
vt 0.695882 0.349375
vt 0.701590 0.385840
vt 0.700060 0.393766
vt 0.695882 0.396250
vt 0.695882 0.370408
vt 0.700060 0.377234
vt 0.656110 0.396250
vt 0.651932 0.393766
vt 0.650402 0.385840
vt 0.651932 0.377234
vt 0.656110 0.370408
vt 0.675996 0.378823
vt 0.675996 0.393475
vt 0.675996 0.364227
vt 0.706282 0.328641
vt 0.707759 0.335257
vt 0.700060 0.330359
vt 0.702372 0.322893
vt 0.695882 0.323533
vt 0.707760 0.335406
vt 0.707807 0.341676
vt 0.692415 0.316734
vt 0.696811 0.318732
vt 0.689709 0.319197
vt 0.696922 0.318782
vt 0.702349 0.322875
vt 0.644365 0.348222
vt 0.644183 0.341826
vt 0.658754 0.353365
vt 0.654368 0.355256
vt 0.662282 0.348447
vt 0.654150 0.355350
vt 0.697624 0.355256
vt 0.693238 0.353365
vt 0.689709 0.348447
vt 0.644233 0.335257
vt 0.655181 0.318732
vt 0.659577 0.316734
vt 0.662282 0.319197
vt 0.684034 0.314704
vt 0.684576 0.318107
vt 0.645984 0.353411
vt 0.644378 0.348682
vt 0.655070 0.318782
vt 0.684381 0.351137
vt 0.676030 0.350290
vt 0.675996 0.346600
vt 0.684565 0.347354
vt 0.675996 0.313891
vt 0.683934 0.314680
vt 0.675996 0.317352
vt 0.667958 0.314704
vt 0.667416 0.318107
vt 0.667427 0.347354
vt 0.667564 0.351149
vt 0.658892 0.353330
vt 0.707809 0.341826
vt 0.707627 0.348222
vt 0.668057 0.314680
vt 0.693100 0.353330
vt 0.697842 0.355350
vt 0.603069 0.035469
vt 0.562894 0.035469
vt 0.562894 0.078656
vt 0.603069 0.078656
vt 0.603069 0.171345
vt 0.562895 0.171345
vt 0.562895 0.214531
vt 0.603069 0.214531
vt 0.521933 0.035469
vt 0.521933 0.078656
vt 0.521933 0.171345
vt 0.521933 0.214531
vt 0.521933 0.125000
vt 0.562599 0.125000
vt 0.603069 0.125000
vt 0.584131 0.243792
vt 0.597522 0.237975
vt 0.603069 0.223930
vt 0.521933 0.223930
vt 0.527480 0.237975
vt 0.540871 0.243792
vt 0.562895 0.243792
vt 0.597522 0.012026
vt 0.584131 0.006208
vt 0.603069 0.026071
vt 0.527480 0.012026
vt 0.521933 0.026071
vt 0.540871 0.006208
vt 0.562894 0.006208
vt 0.603069 0.035469
vt 0.562894 0.035469
vt 0.562894 0.078656
vt 0.603069 0.078656
vt 0.603069 0.171345
vt 0.562895 0.171345
vt 0.562895 0.214531
vt 0.603069 0.214531
vt 0.521933 0.035469
vt 0.521933 0.078656
vt 0.521933 0.171345
vt 0.521933 0.214531
vt 0.521933 0.125000
vt 0.562599 0.125000
vt 0.603069 0.125000
vt 0.584131 0.243792
vt 0.597522 0.237975
vt 0.603069 0.223930
vt 0.521933 0.223930
vt 0.527480 0.237975
vt 0.540871 0.243792
vt 0.562895 0.243792
vt 0.597522 0.012026
vt 0.584131 0.006208
vt 0.603069 0.026071
vt 0.527480 0.012026
vt 0.521933 0.026071
vt 0.540871 0.006208
vt 0.562894 0.006208
vt 0.540871 0.006208
vt 0.527480 0.012026
vt 0.521933 0.078656
vt 0.521933 0.125000
vt 0.521933 0.171345
vt 0.521933 0.214531
vt 0.527480 0.012026
vt 0.521933 0.026071
vt 0.603069 0.035469
vt 0.603069 0.026071
vt 0.521933 0.035469
vt 0.521933 0.125000
vt 0.540871 0.006208
vt 0.584131 0.006208
vt 0.562894 0.006208
vt 0.521933 0.171345
vt 0.521933 0.214531
vt 0.603069 0.035469
vt 0.603069 0.026071
vt 0.603069 0.223930
vt 0.603069 0.214531
vt 0.584131 0.006208
vt 0.562894 0.006208
vt 0.603069 0.078656
vt 0.562895 0.243792
vt 0.584131 0.243792
vt 0.603069 0.223930
vt 0.603069 0.214531
vt 0.603069 0.171345
vt 0.540871 0.243792
vt 0.603069 0.078656
vt 0.562895 0.243792
vt 0.584131 0.243792
vt 0.603069 0.125000
vt 0.521933 0.223930
vt 0.597522 0.012026
vt 0.603069 0.171345
vt 0.540871 0.243792
vt 0.603069 0.125000
vt 0.521933 0.223930
vt 0.521933 0.026071
vt 0.521933 0.035469
vt 0.597522 0.012026
vt 0.597522 0.237975
vt 0.597522 0.237975
vt 0.527480 0.237975
vt 0.521933 0.078656
vt 0.527480 0.237975
vt 0.603069 0.035469
vt 0.562894 0.035469
vt 0.562894 0.078656
vt 0.603069 0.078656
vt 0.603069 0.171345
vt 0.562895 0.171345
vt 0.562895 0.214531
vt 0.603069 0.214531
vt 0.521933 0.035469
vt 0.521933 0.078656
vt 0.521933 0.171345
vt 0.521933 0.214531
vt 0.521933 0.125000
vt 0.562599 0.125000
vt 0.603069 0.125000
vt 0.584131 0.243792
vt 0.597522 0.237975
vt 0.603069 0.223930
vt 0.521933 0.223930
vt 0.527480 0.237975
vt 0.540871 0.243792
vt 0.562895 0.243792
vt 0.597522 0.012026
vt 0.584131 0.006208
vt 0.603069 0.026071
vt 0.527480 0.012026
vt 0.521933 0.026071
vt 0.540871 0.006208
vt 0.562894 0.006208
vt 0.521933 0.078656
vt 0.521933 0.125000
vt 0.527480 0.012026
vt 0.521933 0.026071
vt 0.521933 0.035469
vt 0.540871 0.006208
vt 0.521933 0.171345
vt 0.521933 0.214531
vt 0.603069 0.035469
vt 0.603069 0.026071
vt 0.584131 0.006208
vt 0.562894 0.006208
vt 0.603069 0.223930
vt 0.603069 0.214531
vt 0.603069 0.078656
vt 0.562895 0.243792
vt 0.584131 0.243792
vt 0.603069 0.171345
vt 0.540871 0.243792
vt 0.603069 0.125000
vt 0.521933 0.223930
vt 0.597522 0.012026
vt 0.597522 0.237975
vt 0.527480 0.237975
vt 0.313532 0.825662
vt 0.315580 0.825662
vt 0.313698 0.851134
vt 0.311650 0.851134
vt 0.328452 0.886421
vt 0.326664 0.942044
vt 0.326990 0.937370
vt 0.328063 0.886421
vt 0.316372 0.815111
vt 0.318420 0.815111
vt 0.316932 0.851134
vt 0.316932 0.886421
vt 0.313698 0.886421
vt 0.317518 0.937370
vt 0.315580 0.942044
vt 0.328460 0.851134
vt 0.328066 0.851134
vt 0.326992 0.830336
vt 0.326663 0.825662
vt 0.318420 0.952595
vt 0.319772 0.942044
vt 0.320333 0.851134
vt 0.317518 0.830336
vt 0.319772 0.825662
vt 0.320333 0.886421
vt 0.325797 0.851134
vt 0.325797 0.886421
vt 0.326216 0.851134
vt 0.326204 0.886421
vt 0.321778 0.952595
vt 0.316372 0.952595
vt 0.323882 0.952595
vt 0.313532 0.942044
vt 0.325237 0.942044
vt 0.323872 0.815111
vt 0.325237 0.825662
vt 0.311650 0.886421
vt 0.321743 0.815111
vt 0.324475 0.825662
vt 0.324478 0.942044
vt 0.313532 0.825662
vt 0.311650 0.851134
vt 0.313698 0.851134
vt 0.315580 0.825662
vt 0.328452 0.886421
vt 0.328063 0.886421
vt 0.326990 0.937370
vt 0.326664 0.942044
vt 0.316372 0.815111
vt 0.318420 0.815111
vt 0.316932 0.851134
vt 0.313698 0.886421
vt 0.316932 0.886421
vt 0.315580 0.942044
vt 0.317518 0.937370
vt 0.328460 0.851134
vt 0.326663 0.825662
vt 0.326992 0.830336
vt 0.328066 0.851134
vt 0.318420 0.952595
vt 0.319772 0.942044
vt 0.320333 0.851134
vt 0.319772 0.825662
vt 0.317518 0.830336
vt 0.320333 0.886421
vt 0.325797 0.851134
vt 0.325797 0.886421
vt 0.326216 0.851134
vt 0.326204 0.886421
vt 0.321778 0.952595
vt 0.323882 0.952595
vt 0.316372 0.952595
vt 0.313532 0.942044
vt 0.325237 0.942044
vt 0.323872 0.815111
vt 0.325237 0.825662
vt 0.311650 0.886421
vt 0.324475 0.825662
vt 0.321743 0.815111
vt 0.324478 0.942044
vt 0.194035 0.825328
vt 0.193542 0.899981
vt 0.187676 0.899981
vt 0.188170 0.825328
vt 0.202021 0.825328
vt 0.201527 0.899981
vt 0.206325 0.899981
vt 0.206818 0.825328
vt 0.189152 0.935977
vt 0.183660 0.934533
vt 0.186654 0.935200
vt 0.192404 0.936711
vt 0.184182 0.825328
vt 0.183688 0.899981
vt 0.180815 0.899981
vt 0.181309 0.825328
vt 0.187649 0.785606
vt 0.188120 0.788958
vt 0.186114 0.789881
vt 0.185304 0.788246
vt 0.185645 0.825328
vt 0.187271 0.932080
vt 0.185330 0.930134
vt 0.185152 0.899981
vt 0.184456 0.931369
vt 0.193400 0.787117
vt 0.198958 0.788588
vt 0.199708 0.792014
vt 0.193954 0.790491
vt 0.194165 0.937306
vt 0.197963 0.938182
vt 0.204396 0.790036
vt 0.206213 0.793778
vt 0.206807 0.795355
vt 0.205515 0.793561
vt 0.207228 0.825328
vt 0.205831 0.825328
vt 0.203401 0.939630
vt 0.204666 0.936683
vt 0.206023 0.935608
vt 0.205365 0.936899
vt 0.205337 0.899981
vt 0.206734 0.899981
vt 0.193106 0.933613
vt 0.198859 0.935136
vt 0.199876 0.825328
vt 0.184656 0.784939
vt 0.190147 0.786383
vt 0.195160 0.787713
vt 0.199382 0.899981
vt 0.182394 0.787602
vt 0.181545 0.930725
vt 0.198603 0.938485
vt 0.199597 0.788892
vt 0.201414 0.792633
vt 0.200567 0.935755
vt 0.194035 0.825328
vt 0.188170 0.825328
vt 0.187676 0.899981
vt 0.193542 0.899981
vt 0.202021 0.825328
vt 0.206818 0.825328
vt 0.206325 0.899981
vt 0.201527 0.899981
vt 0.189152 0.935977
vt 0.192404 0.936711
vt 0.186654 0.935200
vt 0.183660 0.934533
vt 0.184182 0.825328
vt 0.181309 0.825328
vt 0.180815 0.899981
vt 0.183688 0.899981
vt 0.187649 0.785606
vt 0.185304 0.788246
vt 0.186114 0.789881
vt 0.188120 0.788958
vt 0.185645 0.825328
vt 0.185152 0.899981
vt 0.185330 0.930134
vt 0.187271 0.932080
vt 0.184456 0.931369
vt 0.193400 0.787117
vt 0.193954 0.790491
vt 0.199708 0.792014
vt 0.198958 0.788588
vt 0.194165 0.937306
vt 0.197963 0.938182
vt 0.204396 0.790036
vt 0.205515 0.793561
vt 0.206807 0.795355
vt 0.206213 0.793778
vt 0.207228 0.825328
vt 0.205831 0.825328
vt 0.203401 0.939630
vt 0.205365 0.936899
vt 0.206023 0.935608
vt 0.204666 0.936683
vt 0.205337 0.899981
vt 0.206734 0.899981
vt 0.198859 0.935136
vt 0.193106 0.933613
vt 0.199876 0.825328
vt 0.184656 0.784939
vt 0.190147 0.786383
vt 0.195160 0.787713
vt 0.199382 0.899981
vt 0.182394 0.787602
vt 0.181545 0.930725
vt 0.198603 0.938485
vt 0.201414 0.792633
vt 0.199597 0.788892
vt 0.200567 0.935755
vt 0.092970 0.418045
vt 0.098356 0.414777
vt 0.098435 0.417971
vt 0.093049 0.421248
vt 0.090406 0.314207
vt 0.077792 0.318116
vt 0.080301 0.419716
vt 0.092915 0.415806
vt 0.080253 0.417771
vt 0.092867 0.413862
vt 0.080356 0.421954
vt 0.090199 0.305825
vt 0.095614 0.304861
vt 0.098066 0.404165
vt 0.092708 0.407425
vt 0.095821 0.313243
vt 0.098273 0.412547
vt 0.080436 0.425157
vt 0.074971 0.425244
vt 0.074892 0.422049
vt 0.068525 0.316768
vt 0.070909 0.413282
vt 0.070991 0.416613
vt 0.068608 0.320099
vt 0.099466 0.307178
vt 0.099548 0.310510
vt 0.101932 0.407023
vt 0.101849 0.403692
vt 0.072413 0.320498
vt 0.074865 0.419802
vt 0.074658 0.411420
vt 0.074254 0.417725
vt 0.072478 0.416715
vt 0.071996 0.412268
vt 0.072150 0.418875
vt 0.100730 0.403363
vt 0.100472 0.408038
vt 0.098773 0.410126
vt 0.100901 0.409964
vt 0.072166 0.419171
vt 0.072743 0.422961
vt 0.074958 0.424722
vt 0.072231 0.422137
vt 0.098422 0.417450
vt 0.100518 0.414353
vt 0.100900 0.410265
vt 0.100981 0.413227
vt 0.080095 0.411334
vt 0.080423 0.424636
vt 0.093036 0.420726
vt 0.077585 0.309735
vt 0.069748 0.321262
vt 0.069577 0.314360
vt 0.072205 0.312117
vt 0.098482 0.312356
vt 0.098312 0.305454
vt 0.056336 0.421954
vt 0.061800 0.422049
vt 0.061721 0.425244
vt 0.056257 0.425157
vt 0.058900 0.318116
vt 0.046286 0.314207
vt 0.043778 0.415806
vt 0.056391 0.419716
vt 0.043825 0.413862
vt 0.056439 0.417771
vt 0.043722 0.418045
vt 0.059107 0.309735
vt 0.064487 0.312117
vt 0.062035 0.411420
vt 0.056598 0.411334
vt 0.064280 0.320498
vt 0.061827 0.419802
vt 0.043643 0.421248
vt 0.038258 0.417971
vt 0.038336 0.414777
vt 0.037227 0.307178
vt 0.034843 0.403692
vt 0.034761 0.407023
vt 0.037144 0.310510
vt 0.068167 0.316768
vt 0.068085 0.320099
vt 0.065701 0.416613
vt 0.065783 0.413282
vt 0.040872 0.313243
vt 0.038419 0.412547
vt 0.038626 0.404165
vt 0.037920 0.410126
vt 0.036220 0.408038
vt 0.035963 0.403363
vt 0.035792 0.409964
vt 0.064697 0.412268
vt 0.064214 0.416715
vt 0.062438 0.417725
vt 0.064542 0.418875
vt 0.035792 0.410265
vt 0.036175 0.414353
vt 0.038270 0.417450
vt 0.035711 0.413227
vt 0.061734 0.424722
vt 0.063949 0.422961
vt 0.064526 0.419171
vt 0.064462 0.422137
vt 0.043985 0.407425
vt 0.043656 0.420726
vt 0.056270 0.424636
vt 0.046494 0.305825
vt 0.038210 0.312356
vt 0.038381 0.305454
vt 0.041079 0.304861
vt 0.066944 0.321262
vt 0.067115 0.314360
vt 0.390658 0.349587
vt 0.388844 0.359925
vt 0.390412 0.359272
vt 0.392113 0.349461
vt 0.390628 0.370263
vt 0.392104 0.369082
vt 0.393196 0.359031
vt 0.394685 0.350132
vt 0.394684 0.367930
vt 0.395106 0.341686
vt 0.389419 0.350527
vt 0.396060 0.341021
vt 0.387492 0.361198
vt 0.389347 0.371869
vt 0.395003 0.380711
vt 0.396016 0.378830
vt 0.397184 0.377217
vt 0.399079 0.375158
vt 0.401242 0.372971
vt 0.399203 0.367288
vt 0.398179 0.358996
vt 0.399203 0.350705
vt 0.399081 0.342904
vt 0.401242 0.345021
vt 0.397196 0.341326
vt 0.406380 0.350160
vt 0.405906 0.358996
vt 0.415217 0.358996
vt 0.415217 0.349685
vt 0.406380 0.367833
vt 0.415217 0.368308
vt 0.424527 0.358996
vt 0.424053 0.350160
vt 0.424053 0.367833
vt 0.406925 0.342983
vt 0.406925 0.375010
vt 0.415217 0.376034
vt 0.423508 0.375010
vt 0.429192 0.372971
vt 0.431230 0.367288
vt 0.432254 0.358996
vt 0.431230 0.350705
vt 0.423508 0.342983
vt 0.429192 0.345021
vt 0.415217 0.341959
vt 0.435748 0.350132
vt 0.437237 0.359031
vt 0.440022 0.359272
vt 0.438320 0.349461
vt 0.435749 0.367930
vt 0.438329 0.369082
vt 0.441590 0.359925
vt 0.439776 0.349587
vt 0.439805 0.370263
vt 0.431352 0.342904
vt 0.431355 0.375158
vt 0.433250 0.377217
vt 0.434417 0.378830
vt 0.435431 0.380711
vt 0.441085 0.371869
vt 0.442940 0.361198
vt 0.441014 0.350527
vt 0.434373 0.341021
vt 0.435327 0.341686
vt 0.433237 0.341326
vt 0.387572 0.374359
vt 0.385620 0.363263
vt 0.383551 0.366152
vt 0.385607 0.377700
vt 0.387705 0.352167
vt 0.385812 0.354604
vt 0.381874 0.369866
vt 0.384017 0.381739
vt 0.384279 0.357993
vt 0.393594 0.383552
vt 0.393791 0.342973
vt 0.392335 0.345036
vt 0.391158 0.348156
vt 0.390673 0.352613
vt 0.383647 0.362487
vt 0.381185 0.374405
vt 0.383363 0.386322
vt 0.390778 0.391577
vt 0.390259 0.396197
vt 0.392038 0.387268
vt 0.406312 0.338512
vt 0.415217 0.337025
vt 0.415217 0.334578
vt 0.405366 0.336268
vt 0.424120 0.338512
vt 0.425067 0.336268
vt 0.415217 0.333929
vt 0.404743 0.335703
vt 0.425689 0.335703
vt 0.426208 0.336198
vt 0.415217 0.334369
vt 0.404226 0.336198
vt 0.424121 0.379550
vt 0.415217 0.381036
vt 0.415217 0.383965
vt 0.425076 0.382275
vt 0.406311 0.379550
vt 0.405358 0.382275
vt 0.415217 0.385921
vt 0.425720 0.384148
vt 0.404714 0.384148
vt 0.404155 0.386199
vt 0.415217 0.388028
vt 0.426278 0.386199
vt 0.402132 0.352605
vt 0.415217 0.350638
vt 0.415217 0.358275
vt 0.403091 0.360005
vt 0.428301 0.352605
vt 0.427343 0.360005
vt 0.415217 0.366941
vt 0.404582 0.368172
vt 0.425851 0.368172
vt 0.401823 0.346484
vt 0.391244 0.358526
vt 0.415217 0.344441
vt 0.428610 0.346484
vt 0.439760 0.352613
vt 0.439189 0.358526
vt 0.437407 0.365372
vt 0.434460 0.372363
vt 0.431408 0.377781
vt 0.424760 0.376910
vt 0.415217 0.376492
vt 0.405673 0.376910
vt 0.395973 0.372363
vt 0.399025 0.377781
vt 0.393027 0.365372
vt 0.403512 0.337266
vt 0.415217 0.335364
vt 0.415217 0.337117
vt 0.402725 0.339097
vt 0.426921 0.337266
vt 0.427709 0.339097
vt 0.415217 0.340015
vt 0.402087 0.342050
vt 0.428347 0.342050
vt 0.436643 0.342973
vt 0.438097 0.345036
vt 0.439275 0.348156
vt 0.427055 0.389259
vt 0.415217 0.391161
vt 0.415217 0.395187
vt 0.427914 0.393207
vt 0.403379 0.389259
vt 0.402519 0.393207
vt 0.415217 0.399718
vt 0.428608 0.397683
vt 0.401825 0.397683
vt 0.436839 0.383552
vt 0.401538 0.402326
vt 0.415217 0.404369
vt 0.428894 0.402326
vt 0.439656 0.391577
vt 0.440174 0.396197
vt 0.438396 0.387268
vt 0.442727 0.352167
vt 0.444813 0.363263
vt 0.446883 0.366152
vt 0.444621 0.354604
vt 0.442862 0.374359
vt 0.444826 0.377700
vt 0.448558 0.369866
vt 0.446155 0.357993
vt 0.446416 0.381739
vt 0.447070 0.386322
vt 0.449249 0.374405
vt 0.446786 0.362487
vt 0.425097 0.386340
vt 0.425535 0.395720
vt 0.415217 0.396481
vt 0.415217 0.386667
vt 0.425147 0.403705
vt 0.415217 0.404773
vt 0.404898 0.395720
vt 0.405337 0.386340
vt 0.405286 0.403705
vt 0.433511 0.384574
vt 0.434579 0.393447
vt 0.433610 0.401352
vt 0.431563 0.406220
vt 0.424860 0.409016
vt 0.415217 0.410401
vt 0.405573 0.409016
vt 0.398871 0.406220
vt 0.396823 0.401352
vt 0.395853 0.393447
vt 0.396922 0.384574
vt 0.384133 0.391178
vt 0.382003 0.379646
vt 0.384572 0.384986
vt 0.386531 0.395573
vt 0.384395 0.368096
vt 0.386742 0.374256
vt 0.389094 0.389747
vt 0.390686 0.398856
vt 0.390840 0.380172
vt 0.390863 0.400730
vt 0.395748 0.406132
vt 0.392719 0.404314
vt 0.428563 0.406669
vt 0.415217 0.408653
vt 0.415217 0.411696
vt 0.427554 0.409824
vt 0.401870 0.406669
vt 0.402879 0.409824
vt 0.415217 0.412553
vt 0.426007 0.410856
vt 0.404427 0.410856
vt 0.439570 0.400730
vt 0.434685 0.406132
vt 0.437714 0.404314
vt 0.446039 0.368096
vt 0.448430 0.379646
vt 0.445860 0.384986
vt 0.443691 0.374256
vt 0.446301 0.391178
vt 0.443902 0.395573
vt 0.441340 0.389747
vt 0.439593 0.380172
vt 0.439747 0.398856
vt 0.290504 0.664345
vt 0.290504 0.664345
vt 0.290504 0.663390
vt 0.290504 0.663390
vt 0.290504 0.664345
vt 0.290504 0.663390
vt 0.290504 0.664065
vt 0.290504 0.663390
vt 0.290504 0.652008
vt 0.290504 0.652008
vt 0.290504 0.652008
vt 0.290504 0.663390
vt 0.290504 0.663390
vt 0.290504 0.663390
vt 0.290504 0.663390
vt 0.324700 0.668425
vt 0.320941 0.675395
vt 0.322533 0.666294
vt 0.290504 0.630951
vt 0.290504 0.630951
vt 0.338425 0.635671
vt 0.338425 0.661456
vt 0.329683 0.661456
vt 0.329683 0.635671
vt 0.285974 0.661456
vt 0.285974 0.642070
vt 0.303458 0.667836
vt 0.320941 0.635671
vt 0.290504 0.630951
vt 0.324700 0.672906
vt 0.329683 0.672906
vt 0.329683 0.675395
vt 0.334721 0.672906
vt 0.338425 0.675395
vt 0.334721 0.668425
vt 0.334721 0.663945
vt 0.329683 0.663945
vt 0.333054 0.665669
vt 0.333054 0.671524
vt 0.332255 0.671042
vt 0.333408 0.668596
vt 0.324700 0.663945
vt 0.326391 0.665669
vt 0.326391 0.671524
vt 0.325537 0.668596
vt 0.326689 0.671042
vt 0.332255 0.666150
vt 0.329472 0.665099
vt 0.329472 0.672093
vt 0.326689 0.666151
vt 0.312789 0.634224
vt 0.314472 0.634222
vt 0.314472 0.634222
vt 0.312789 0.634224
vt 0.318536 0.665467
vt 0.314472 0.665472
vt 0.314472 0.665472
vt 0.318536 0.665467
vt 0.312789 0.665474
vt 0.312789 0.665474
vt 0.312789 0.634224
vt 0.311106 0.634226
vt 0.311106 0.634226
vt 0.312789 0.634224
vt 0.307042 0.634231
vt 0.307042 0.634231
vt 0.311106 0.665476
vt 0.312789 0.665474
vt 0.312789 0.665474
vt 0.311106 0.665476
vt 0.318536 0.634217
vt 0.318536 0.634217
vt 0.307042 0.665481
vt 0.307042 0.665481
vt 0.313444 0.634223
vt 0.313313 0.634223
vt 0.314278 0.634222
vt 0.315159 0.634221
vt 0.309123 0.649853
vt 0.311151 0.649851
vt 0.311106 0.649851
vt 0.307042 0.649856
vt 0.314427 0.649847
vt 0.312789 0.649849
vt 0.312789 0.649849
vt 0.314472 0.649847
vt 0.311151 0.696726
vt 0.311106 0.696726
vt 0.312789 0.649849
vt 0.314427 0.696722
vt 0.314472 0.696722
vt 0.312789 0.649849
vt 0.316456 0.649844
vt 0.318536 0.649842
vt 0.310420 0.634227
vt 0.311300 0.681101
vt 0.312265 0.634224
vt 0.312134 0.634225
vt 0.313313 0.634223
vt 0.313444 0.634223
vt 0.315159 0.634221
vt 0.314279 0.681097
vt 0.311300 0.634226
vt 0.310420 0.634227
vt 0.312134 0.634225
vt 0.312265 0.634225
vt 0.312789 0.587349
vt 0.312265 0.587350
vt 0.312789 0.587349
vt 0.312789 0.634224
vt 0.314427 0.634222
vt 0.316456 0.634219
vt 0.313444 0.602973
vt 0.313313 0.602973
vt 0.313313 0.602973
vt 0.313444 0.571723
vt 0.309123 0.634228
vt 0.311151 0.681101
vt 0.313444 0.602973
vt 0.315159 0.602971
vt 0.315159 0.602971
vt 0.313313 0.587348
vt 0.313444 0.587348
vt 0.313444 0.556098
vt 0.313313 0.587348
vt 0.316456 0.587344
vt 0.315159 0.587346
vt 0.316456 0.587344
vt 0.316456 0.602969
vt 0.314427 0.681097
vt 0.312789 0.634224
vt 0.311151 0.634226
vt 0.310420 0.602977
vt 0.309123 0.602978
vt 0.310420 0.602977
vt 0.312265 0.602974
vt 0.312789 0.602974
vt 0.312265 0.602974
vt 0.310420 0.587352
vt 0.312134 0.587350
vt 0.312134 0.556100
vt 0.310420 0.587352
vt 0.313444 0.587348
vt 0.315159 0.587346
vt 0.312134 0.602975
vt 0.312134 0.571725
vt 0.312134 0.602975
vt 0.309123 0.587353
vt 0.309123 0.587353
vt 0.312134 0.587350
vt 0.312265 0.587350
vt 0.312789 0.587349
vt 0.312789 0.587349
vt 0.312789 0.602974
vt 0.323248 0.664247
vt 0.320941 0.659394
vt 0.290504 0.664345
vt 0.290504 0.663390
vt 0.290504 0.664345
vt 0.290504 0.663390
vt 0.290504 0.664065
vt 0.290504 0.663390
vt 0.290504 0.652008
vt 0.290504 0.652008
vt 0.290504 0.652008
vt 0.290504 0.663390
vt 0.290504 0.663390
vt 0.290504 0.663390
vt 0.290504 0.630951
vt 0.290504 0.630951
vt 0.268491 0.635671
vt 0.277233 0.635671
vt 0.277233 0.661456
vt 0.268491 0.661456
vt 0.303458 0.675395
vt 0.303458 0.663804
vt 0.320941 0.667070
vt 0.290504 0.630951
vt 0.282215 0.672906
vt 0.285974 0.675395
vt 0.277233 0.675395
vt 0.277233 0.672906
vt 0.268491 0.675395
vt 0.272195 0.672906
vt 0.272195 0.668425
vt 0.272195 0.663945
vt 0.282215 0.668425
vt 0.277233 0.663945
vt 0.282215 0.663945
vt 0.273862 0.665669
vt 0.273862 0.671524
vt 0.273507 0.668596
vt 0.274660 0.671042
vt 0.280525 0.665669
vt 0.280525 0.671524
vt 0.280226 0.671042
vt 0.281379 0.668596
vt 0.277443 0.665099
vt 0.274660 0.666150
vt 0.277443 0.672093
vt 0.280226 0.666151
vt 0.312789 0.634224
vt 0.312789 0.634224
vt 0.314472 0.634222
vt 0.314472 0.634222
vt 0.318536 0.665467
vt 0.318536 0.665467
vt 0.314472 0.665472
vt 0.314472 0.665472
vt 0.312789 0.665474
vt 0.312789 0.665474
vt 0.312789 0.634224
vt 0.312789 0.634224
vt 0.311106 0.634226
vt 0.311106 0.634226
vt 0.307042 0.634231
vt 0.307042 0.634231
vt 0.311106 0.665476
vt 0.311106 0.665476
vt 0.312789 0.665474
vt 0.312789 0.665474
vt 0.318536 0.634217
vt 0.318536 0.634217
vt 0.307042 0.665481
vt 0.307042 0.665481
vt 0.313444 0.634223
vt 0.315159 0.634221
vt 0.314278 0.634222
vt 0.313313 0.634223
vt 0.309123 0.649853
vt 0.307042 0.649856
vt 0.311106 0.649851
vt 0.311151 0.649851
vt 0.314427 0.649847
vt 0.314472 0.649847
vt 0.312789 0.649849
vt 0.312789 0.649849
vt 0.311106 0.696726
vt 0.311151 0.696726
vt 0.312789 0.649849
vt 0.312789 0.649849
vt 0.314472 0.696722
vt 0.314427 0.696722
vt 0.316456 0.649844
vt 0.318536 0.649842
vt 0.310420 0.634227
vt 0.312134 0.634225
vt 0.312265 0.634224
vt 0.311300 0.681101
vt 0.313313 0.634223
vt 0.314279 0.681097
vt 0.315159 0.634221
vt 0.313444 0.634223
vt 0.311300 0.634226
vt 0.312265 0.634225
vt 0.312134 0.634225
vt 0.310420 0.634227
vt 0.312789 0.587349
vt 0.312789 0.587349
vt 0.312265 0.587350
vt 0.312789 0.634224
vt 0.314427 0.634222
vt 0.316456 0.634219
vt 0.313444 0.602973
vt 0.313444 0.571723
vt 0.313313 0.602973
vt 0.313313 0.602973
vt 0.309123 0.634228
vt 0.311151 0.681101
vt 0.313444 0.602973
vt 0.315159 0.602971
vt 0.315159 0.602971
vt 0.313313 0.587348
vt 0.313313 0.587348
vt 0.313444 0.556098
vt 0.313444 0.587348
vt 0.316456 0.587344
vt 0.316456 0.587344
vt 0.315159 0.587346
vt 0.316456 0.602969
vt 0.314427 0.681097
vt 0.312789 0.634224
vt 0.311151 0.634226
vt 0.310420 0.602977
vt 0.310420 0.602977
vt 0.309123 0.602978
vt 0.312265 0.602974
vt 0.312265 0.602974
vt 0.312789 0.602974
vt 0.310420 0.587352
vt 0.310420 0.587352
vt 0.312134 0.556100
vt 0.312134 0.587350
vt 0.315159 0.587346
vt 0.313444 0.587348
vt 0.312134 0.602975
vt 0.312134 0.571725
vt 0.312134 0.602975
vt 0.309123 0.587353
vt 0.309123 0.587353
vt 0.312265 0.587350
vt 0.312134 0.587350
vt 0.312789 0.587349
vt 0.312789 0.587349
vt 0.312789 0.602974
vt 0.290504 0.618615
vt 0.290504 0.619569
vt 0.290504 0.619569
vt 0.290504 0.618615
vt 0.290504 0.618615
vt 0.290504 0.619569
vt 0.290504 0.618894
vt 0.290504 0.619569
vt 0.290504 0.619569
vt 0.290504 0.619569
vt 0.290504 0.619569
vt 0.290504 0.619569
vt 0.320941 0.621732
vt 0.303458 0.635671
vt 0.303458 0.621732
vt 0.324700 0.624220
vt 0.329683 0.621732
vt 0.329683 0.624220
vt 0.338425 0.621732
vt 0.334721 0.624220
vt 0.334721 0.628701
vt 0.334721 0.633182
vt 0.324700 0.628701
vt 0.329683 0.633182
vt 0.324700 0.633182
vt 0.333054 0.631458
vt 0.333054 0.625602
vt 0.333408 0.628530
vt 0.332255 0.626085
vt 0.326391 0.631458
vt 0.326391 0.625603
vt 0.326689 0.626085
vt 0.325537 0.628530
vt 0.329472 0.632027
vt 0.332255 0.630976
vt 0.329472 0.625033
vt 0.326689 0.630976
vt 0.312789 0.634224
vt 0.312789 0.634224
vt 0.314472 0.634222
vt 0.314472 0.634222
vt 0.318536 0.665467
vt 0.318536 0.665467
vt 0.314472 0.665472
vt 0.314472 0.665472
vt 0.312789 0.665474
vt 0.312789 0.665474
vt 0.312789 0.634224
vt 0.312789 0.634224
vt 0.311106 0.634226
vt 0.311106 0.634226
vt 0.307042 0.634231
vt 0.307042 0.634231
vt 0.311106 0.665476
vt 0.311106 0.665476
vt 0.312789 0.665474
vt 0.312789 0.665474
vt 0.318536 0.634217
vt 0.318536 0.634217
vt 0.307042 0.665481
vt 0.307042 0.665481
vt 0.313444 0.634223
vt 0.315159 0.634221
vt 0.314278 0.634222
vt 0.313313 0.634223
vt 0.309123 0.649853
vt 0.307042 0.649856
vt 0.311106 0.649851
vt 0.311151 0.649851
vt 0.314427 0.649847
vt 0.314472 0.649847
vt 0.312789 0.649849
vt 0.312789 0.649849
vt 0.311106 0.696726
vt 0.311151 0.696726
vt 0.312789 0.649849
vt 0.312789 0.649849
vt 0.314472 0.696722
vt 0.314427 0.696722
vt 0.316456 0.649844
vt 0.318536 0.649842
vt 0.310420 0.634227
vt 0.312134 0.634225
vt 0.312265 0.634224
vt 0.311300 0.681101
vt 0.313313 0.634223
vt 0.314279 0.681097
vt 0.315159 0.634221
vt 0.313444 0.634223
vt 0.311300 0.634226
vt 0.312265 0.634225
vt 0.312134 0.634225
vt 0.310420 0.634227
vt 0.312789 0.587349
vt 0.312789 0.587349
vt 0.312265 0.587350
vt 0.312789 0.634224
vt 0.314427 0.634222
vt 0.316456 0.634219
vt 0.313444 0.602973
vt 0.313444 0.571723
vt 0.313313 0.602973
vt 0.313313 0.602973
vt 0.309123 0.634228
vt 0.311151 0.681101
vt 0.313444 0.602973
vt 0.315159 0.602971
vt 0.315159 0.602971
vt 0.313313 0.587348
vt 0.313313 0.587348
vt 0.313444 0.556098
vt 0.313444 0.587348
vt 0.316456 0.587344
vt 0.316456 0.587344
vt 0.315159 0.587346
vt 0.316456 0.602969
vt 0.314427 0.681097
vt 0.312789 0.634224
vt 0.311151 0.634226
vt 0.310420 0.602977
vt 0.310420 0.602977
vt 0.309123 0.602978
vt 0.312265 0.602974
vt 0.312265 0.602974
vt 0.312789 0.602974
vt 0.310420 0.587352
vt 0.310420 0.587352
vt 0.312134 0.556100
vt 0.312134 0.587350
vt 0.315159 0.587346
vt 0.313444 0.587348
vt 0.312134 0.602975
vt 0.312134 0.571725
vt 0.312134 0.602975
vt 0.309123 0.587353
vt 0.309123 0.587353
vt 0.312265 0.587350
vt 0.312134 0.587350
vt 0.312789 0.587349
vt 0.312789 0.587349
vt 0.312789 0.602974
vt 0.290504 0.618615
vt 0.290504 0.619569
vt 0.290504 0.618615
vt 0.290504 0.619569
vt 0.290504 0.618894
vt 0.290504 0.619569
vt 0.290504 0.619569
vt 0.290504 0.619569
vt 0.290504 0.619569
vt 0.277233 0.633182
vt 0.282215 0.633182
vt 0.283610 0.635671
vt 0.282215 0.624220
vt 0.277233 0.624220
vt 0.277233 0.621732
vt 0.285974 0.621732
vt 0.272195 0.624220
vt 0.268491 0.621732
vt 0.272195 0.628701
vt 0.272195 0.633182
vt 0.282215 0.628701
vt 0.273862 0.631458
vt 0.273862 0.625602
vt 0.274660 0.626085
vt 0.273507 0.628530
vt 0.280525 0.631458
vt 0.280525 0.625603
vt 0.281379 0.628530
vt 0.280226 0.626085
vt 0.274660 0.630976
vt 0.277443 0.632027
vt 0.277443 0.625033
vt 0.280226 0.630976
vt 0.312789 0.634224
vt 0.314472 0.634222
vt 0.314472 0.634222
vt 0.312789 0.634224
vt 0.318536 0.665467
vt 0.314472 0.665472
vt 0.314472 0.665472
vt 0.318536 0.665467
vt 0.312789 0.665474
vt 0.312789 0.665474
vt 0.312789 0.634224
vt 0.311106 0.634226
vt 0.311106 0.634226
vt 0.312789 0.634224
vt 0.307042 0.634231
vt 0.307042 0.634231
vt 0.311106 0.665476
vt 0.312789 0.665474
vt 0.312789 0.665474
vt 0.311106 0.665476
vt 0.318536 0.634217
vt 0.318536 0.634217
vt 0.307042 0.665481
vt 0.307042 0.665481
vt 0.313444 0.634223
vt 0.313313 0.634223
vt 0.314278 0.634222
vt 0.315159 0.634221
vt 0.309123 0.649853
vt 0.311151 0.649851
vt 0.311106 0.649851
vt 0.307042 0.649856
vt 0.314427 0.649847
vt 0.312789 0.649849
vt 0.312789 0.649849
vt 0.314472 0.649847
vt 0.311151 0.696726
vt 0.311106 0.696726
vt 0.312789 0.649849
vt 0.314427 0.696722
vt 0.314472 0.696722
vt 0.312789 0.649849
vt 0.316456 0.649844
vt 0.318536 0.649842
vt 0.310420 0.634227
vt 0.311300 0.681101
vt 0.312265 0.634224
vt 0.312134 0.634225
vt 0.313313 0.634223
vt 0.313444 0.634223
vt 0.315159 0.634221
vt 0.314279 0.681097
vt 0.311300 0.634226
vt 0.310420 0.634227
vt 0.312134 0.634225
vt 0.312265 0.634225
vt 0.312789 0.587349
vt 0.312265 0.587350
vt 0.312789 0.587349
vt 0.312789 0.634224
vt 0.314427 0.634222
vt 0.316456 0.634219
vt 0.313444 0.602973
vt 0.313313 0.602973
vt 0.313313 0.602973
vt 0.313444 0.571723
vt 0.309123 0.634228
vt 0.311151 0.681101
vt 0.313444 0.602973
vt 0.315159 0.602971
vt 0.315159 0.602971
vt 0.313313 0.587348
vt 0.313444 0.587348
vt 0.313444 0.556098
vt 0.313313 0.587348
vt 0.316456 0.587344
vt 0.315159 0.587346
vt 0.316456 0.587344
vt 0.316456 0.602969
vt 0.314427 0.681097
vt 0.312789 0.634224
vt 0.311151 0.634226
vt 0.310420 0.602977
vt 0.309123 0.602978
vt 0.310420 0.602977
vt 0.312265 0.602974
vt 0.312789 0.602974
vt 0.312265 0.602974
vt 0.310420 0.587352
vt 0.312134 0.587350
vt 0.312134 0.556100
vt 0.310420 0.587352
vt 0.313444 0.587348
vt 0.315159 0.587346
vt 0.312134 0.602975
vt 0.312134 0.571725
vt 0.312134 0.602975
vt 0.309123 0.587353
vt 0.309123 0.587353
vt 0.312134 0.587350
vt 0.312265 0.587350
vt 0.312789 0.587349
vt 0.312789 0.587349
vt 0.312789 0.602974
vt 0.284060 0.634403
vt 0.285974 0.633515
vt 0.290314 0.635671
vt 0.303458 0.655076
vt 0.284935 0.633744
vt 0.303458 0.686326
vt 0.320941 0.695977
vt 0.303458 0.692706
vt 0.303458 0.630206
vt 0.320941 0.635820
vt 0.303458 0.632554
vt 0.290314 0.666921
vt 0.287245 0.606295
vt 0.303458 0.636586
vt 0.290504 0.637364
vt 0.290504 0.635550
vt 0.290504 0.635550
vt 0.290504 0.637364
vt 0.290504 0.637364
vt 0.290504 0.637364
vt 0.290504 0.635550
vt 0.290504 0.635550
vt 0.290504 0.636833
vt 0.290504 0.635550
vt 0.290504 0.613908
vt 0.290504 0.613908
vt 0.290504 0.613908
vt 0.290504 0.635550
vt 0.290504 0.635550
vt 0.290504 0.635550
vt 0.290504 0.635550
vt 0.290504 0.635550
vt 0.283344 0.583151
vt 0.277239 0.576109
vt 0.286228 0.576109
vt 0.290504 0.602784
vt 0.290504 0.602784
vt 0.285974 0.631872
vt 0.303458 0.631872
vt 0.303458 0.640699
vt 0.292694 0.658374
vt 0.324700 0.578113
vt 0.322563 0.580743
vt 0.324700 0.569594
vt 0.290504 0.602784
vt 0.324700 0.653643
vt 0.329683 0.653643
vt 0.329683 0.658374
vt 0.320941 0.658374
vt 0.334721 0.653643
vt 0.338425 0.658374
vt 0.334721 0.645123
vt 0.334721 0.636604
vt 0.338425 0.631872
vt 0.324700 0.645123
vt 0.329683 0.636604
vt 0.329683 0.631872
vt 0.324700 0.636604
vt 0.320941 0.631872
vt 0.333054 0.639882
vt 0.333054 0.651015
vt 0.332255 0.650099
vt 0.333408 0.645448
vt 0.326391 0.639882
vt 0.326391 0.651014
vt 0.325537 0.645448
vt 0.326689 0.650098
vt 0.332255 0.640798
vt 0.329472 0.638799
vt 0.329472 0.652097
vt 0.326689 0.640798
vt 0.312789 0.634224
vt 0.314472 0.634222
vt 0.314472 0.634222
vt 0.312789 0.634224
vt 0.318536 0.665467
vt 0.314472 0.665472
vt 0.314472 0.665472
vt 0.318536 0.665467
vt 0.312789 0.665474
vt 0.312789 0.665474
vt 0.312789 0.634224
vt 0.311106 0.634226
vt 0.311106 0.634226
vt 0.312789 0.634224
vt 0.307042 0.634231
vt 0.307042 0.634231
vt 0.311106 0.665476
vt 0.312789 0.665474
vt 0.312789 0.665474
vt 0.311106 0.665476
vt 0.318536 0.634217
vt 0.318536 0.634217
vt 0.307042 0.665481
vt 0.307042 0.665481
vt 0.313444 0.634223
vt 0.313313 0.634223
vt 0.314278 0.634222
vt 0.315159 0.634221
vt 0.309123 0.649853
vt 0.311151 0.649851
vt 0.311106 0.649851
vt 0.307042 0.649856
vt 0.314427 0.649847
vt 0.312789 0.649849
vt 0.312789 0.649849
vt 0.314472 0.649847
vt 0.311151 0.696726
vt 0.311106 0.696726
vt 0.312789 0.649849
vt 0.314427 0.696722
vt 0.314472 0.696722
vt 0.312789 0.649849
vt 0.316456 0.649844
vt 0.318536 0.649842
vt 0.310420 0.634227
vt 0.311300 0.681101
vt 0.312265 0.634224
vt 0.312134 0.634225
vt 0.313313 0.634223
vt 0.313444 0.634223
vt 0.315159 0.634221
vt 0.314279 0.681097
vt 0.311300 0.634226
vt 0.310420 0.634227
vt 0.312134 0.634225
vt 0.312265 0.634225
vt 0.312789 0.587349
vt 0.312265 0.587350
vt 0.312789 0.587349
vt 0.312789 0.634224
vt 0.314427 0.634222
vt 0.316456 0.634219
vt 0.313444 0.602973
vt 0.313313 0.602973
vt 0.313313 0.602973
vt 0.313444 0.571723
vt 0.309123 0.634228
vt 0.311151 0.681101
vt 0.313444 0.602973
vt 0.315159 0.602971
vt 0.315159 0.602971
vt 0.313313 0.587348
vt 0.313444 0.587348
vt 0.313444 0.556098
vt 0.313313 0.587348
vt 0.316456 0.587344
vt 0.315159 0.587346
vt 0.316456 0.587344
vt 0.316456 0.602969
vt 0.314427 0.681097
vt 0.312789 0.634224
vt 0.311151 0.634226
vt 0.310420 0.602977
vt 0.309123 0.602978
vt 0.310420 0.602977
vt 0.312265 0.602974
vt 0.312789 0.602974
vt 0.312265 0.602974
vt 0.310420 0.587352
vt 0.312134 0.587350
vt 0.312134 0.556100
vt 0.310420 0.587352
vt 0.313444 0.587348
vt 0.315159 0.587346
vt 0.312134 0.602975
vt 0.312134 0.571725
vt 0.312134 0.602975
vt 0.309123 0.587353
vt 0.309123 0.587353
vt 0.312134 0.587350
vt 0.312265 0.587350
vt 0.312789 0.587349
vt 0.312789 0.587349
vt 0.312789 0.602974
vt 0.290504 0.637364
vt 0.290504 0.635550
vt 0.290504 0.636833
vt 0.290504 0.635550
vt 0.290504 0.613908
vt 0.290504 0.613908
vt 0.290504 0.613908
vt 0.290504 0.635550
vt 0.290504 0.635550
vt 0.314222 0.658374
vt 0.290504 0.593890
vt 0.290504 0.573872
vt 0.290504 0.573872
vt 0.290504 0.593890
vt 0.268491 0.607359
vt 0.277233 0.607359
vt 0.277233 0.631872
vt 0.268491 0.631872
vt 0.290505 0.637364
vt 0.290504 0.635550
vt 0.291058 0.614608
vt 0.303458 0.607359
vt 0.290504 0.573872
vt 0.290504 0.593890
vt 0.282215 0.653643
vt 0.285974 0.658374
vt 0.277233 0.658374
vt 0.277233 0.653643
vt 0.268491 0.658374
vt 0.272195 0.653643
vt 0.272195 0.645123
vt 0.272195 0.636604
vt 0.282215 0.645123
vt 0.277233 0.636604
vt 0.282215 0.636604
vt 0.273862 0.639882
vt 0.273862 0.651015
vt 0.273507 0.645448
vt 0.274660 0.650099
vt 0.280525 0.639882
vt 0.280525 0.651014
vt 0.280226 0.650098
vt 0.281379 0.645448
vt 0.277443 0.638799
vt 0.274660 0.640798
vt 0.277443 0.652097
vt 0.280226 0.640798
vt 0.312789 0.634224
vt 0.312789 0.634224
vt 0.314472 0.634222
vt 0.314472 0.634222
vt 0.318536 0.665467
vt 0.318536 0.665467
vt 0.314472 0.665472
vt 0.314472 0.665472
vt 0.312789 0.665474
vt 0.312789 0.665474
vt 0.312789 0.634224
vt 0.312789 0.634224
vt 0.311106 0.634226
vt 0.311106 0.634226
vt 0.307042 0.634231
vt 0.307042 0.634231
vt 0.311106 0.665476
vt 0.311106 0.665476
vt 0.312789 0.665474
vt 0.312789 0.665474
vt 0.318536 0.634217
vt 0.318536 0.634217
vt 0.307042 0.665481
vt 0.307042 0.665481
vt 0.313444 0.634223
vt 0.315159 0.634221
vt 0.314278 0.634222
vt 0.313313 0.634223
vt 0.309123 0.649853
vt 0.307042 0.649856
vt 0.311106 0.649851
vt 0.311151 0.649851
vt 0.314427 0.649847
vt 0.314472 0.649847
vt 0.312789 0.649849
vt 0.312789 0.649849
vt 0.311106 0.696726
vt 0.311151 0.696726
vt 0.312789 0.649849
vt 0.312789 0.649849
vt 0.314472 0.696722
vt 0.314427 0.696722
vt 0.316456 0.649844
vt 0.318536 0.649842
vt 0.310420 0.634227
vt 0.312134 0.634225
vt 0.312265 0.634224
vt 0.311300 0.681101
vt 0.313313 0.634223
vt 0.314279 0.681097
vt 0.315159 0.634221
vt 0.313444 0.634223
vt 0.311300 0.634226
vt 0.312265 0.634225
vt 0.312134 0.634225
vt 0.310420 0.634227
vt 0.312789 0.587349
vt 0.312789 0.587349
vt 0.312265 0.587350
vt 0.312789 0.634224
vt 0.314427 0.634222
vt 0.316456 0.634219
vt 0.313444 0.602973
vt 0.313444 0.571723
vt 0.313313 0.602973
vt 0.313313 0.602973
vt 0.309123 0.634228
vt 0.311151 0.681101
vt 0.313444 0.602973
vt 0.315159 0.602971
vt 0.315159 0.602971
vt 0.313313 0.587348
vt 0.313313 0.587348
vt 0.313444 0.556098
vt 0.313444 0.587348
vt 0.316456 0.587344
vt 0.316456 0.587344
vt 0.315159 0.587346
vt 0.316456 0.602969
vt 0.314427 0.681097
vt 0.312789 0.634224
vt 0.311151 0.634226
vt 0.310420 0.602977
vt 0.310420 0.602977
vt 0.309123 0.602978
vt 0.312265 0.602974
vt 0.312265 0.602974
vt 0.312789 0.602974
vt 0.310420 0.587352
vt 0.310420 0.587352
vt 0.312134 0.556100
vt 0.312134 0.587350
vt 0.315159 0.587346
vt 0.313444 0.587348
vt 0.312134 0.602975
vt 0.312134 0.571725
vt 0.312134 0.602975
vt 0.309123 0.587353
vt 0.309123 0.587353
vt 0.312265 0.587350
vt 0.312134 0.587350
vt 0.312789 0.587349
vt 0.312789 0.587349
vt 0.312789 0.602974
vt 0.290504 0.550416
vt 0.290504 0.552230
vt 0.290504 0.552230
vt 0.290504 0.550416
vt 0.290504 0.550416
vt 0.290504 0.552230
vt 0.290504 0.550947
vt 0.290504 0.552230
vt 0.290504 0.573872
vt 0.290504 0.573872
vt 0.290504 0.573872
vt 0.290504 0.552230
vt 0.290504 0.552230
vt 0.290504 0.552230
vt 0.290504 0.552230
vt 0.320941 0.590187
vt 0.320941 0.607359
vt 0.303458 0.587437
vt 0.324700 0.561074
vt 0.320941 0.556343
vt 0.329683 0.556343
vt 0.329683 0.561074
vt 0.338425 0.556343
vt 0.334721 0.561074
vt 0.334721 0.569594
vt 0.338425 0.582845
vt 0.334721 0.578113
vt 0.329683 0.582845
vt 0.329683 0.578113
vt 0.327032 0.607359
vt 0.333054 0.574835
vt 0.333054 0.563702
vt 0.333408 0.569269
vt 0.332255 0.564619
vt 0.326391 0.574835
vt 0.326391 0.563703
vt 0.326689 0.564619
vt 0.325537 0.569269
vt 0.329472 0.575918
vt 0.332255 0.573919
vt 0.329472 0.562620
vt 0.326689 0.573919
vt 0.312789 0.634224
vt 0.312789 0.634224
vt 0.314472 0.634222
vt 0.314472 0.634222
vt 0.318536 0.665467
vt 0.318536 0.665467
vt 0.314472 0.665472
vt 0.314472 0.665472
vt 0.312789 0.665474
vt 0.312789 0.665474
vt 0.312789 0.634224
vt 0.312789 0.634224
vt 0.311106 0.634226
vt 0.311106 0.634226
vt 0.307042 0.634231
vt 0.307042 0.634231
vt 0.311106 0.665476
vt 0.311106 0.665476
vt 0.312789 0.665474
vt 0.312789 0.665474
vt 0.318536 0.634217
vt 0.318536 0.634217
vt 0.307042 0.665481
vt 0.307042 0.665481
vt 0.313444 0.634223
vt 0.315159 0.634221
vt 0.314278 0.634222
vt 0.313313 0.634223
vt 0.309123 0.649853
vt 0.307042 0.649856
vt 0.311106 0.649851
vt 0.311151 0.649851
vt 0.314427 0.649847
vt 0.314472 0.649847
vt 0.312789 0.649849
vt 0.312789 0.649849
vt 0.311106 0.696726
vt 0.311151 0.696726
vt 0.312789 0.649849
vt 0.312789 0.649849
vt 0.314472 0.696722
vt 0.314427 0.696722
vt 0.316456 0.649844
vt 0.318536 0.649842
vt 0.310420 0.634227
vt 0.312134 0.634225
vt 0.312265 0.634224
vt 0.311300 0.681101
vt 0.313313 0.634223
vt 0.314279 0.681097
vt 0.315159 0.634221
vt 0.313444 0.634223
vt 0.311300 0.634226
vt 0.312265 0.634225
vt 0.312134 0.634225
vt 0.310420 0.634227
vt 0.312789 0.587349
vt 0.312789 0.587349
vt 0.312265 0.587350
vt 0.312789 0.634224
vt 0.314427 0.634222
vt 0.316456 0.634219
vt 0.313444 0.602973
vt 0.313444 0.571723
vt 0.313313 0.602973
vt 0.313313 0.602973
vt 0.309123 0.634228
vt 0.311151 0.681101
vt 0.313444 0.602973
vt 0.315159 0.602971
vt 0.315159 0.602971
vt 0.313313 0.587348
vt 0.313313 0.587348
vt 0.313444 0.556098
vt 0.313444 0.587348
vt 0.316456 0.587344
vt 0.316456 0.587344
vt 0.315159 0.587346
vt 0.316456 0.602969
vt 0.314427 0.681097
vt 0.312789 0.634224
vt 0.311151 0.634226
vt 0.310420 0.602977
vt 0.310420 0.602977
vt 0.309123 0.602978
vt 0.312265 0.602974
vt 0.312265 0.602974
vt 0.312789 0.602974
vt 0.310420 0.587352
vt 0.310420 0.587352
vt 0.312134 0.556100
vt 0.312134 0.587350
vt 0.315159 0.587346
vt 0.313444 0.587348
vt 0.312134 0.602975
vt 0.312134 0.571725
vt 0.312134 0.602975
vt 0.309123 0.587353
vt 0.309123 0.587353
vt 0.312265 0.587350
vt 0.312134 0.587350
vt 0.312789 0.587349
vt 0.312789 0.587349
vt 0.312789 0.602974
vt 0.322553 0.579605
vt 0.329683 0.599460
vt 0.322554 0.580756
vt 0.290504 0.550416
vt 0.290504 0.552230
vt 0.290504 0.550416
vt 0.290504 0.552230
vt 0.290504 0.550947
vt 0.290504 0.552230
vt 0.290504 0.552230
vt 0.290504 0.552230
vt 0.290504 0.552230
vt 0.285974 0.582845
vt 0.291058 0.600109
vt 0.282215 0.561074
vt 0.277233 0.561074
vt 0.277233 0.556343
vt 0.285974 0.556343
vt 0.272195 0.561074
vt 0.268491 0.556343
vt 0.272195 0.569594
vt 0.272195 0.578113
vt 0.268491 0.582845
vt 0.282215 0.569594
vt 0.277233 0.578113
vt 0.277233 0.582845
vt 0.282215 0.578113
vt 0.273862 0.574835
vt 0.273862 0.563702
vt 0.274660 0.564619
vt 0.273507 0.569269
vt 0.280525 0.574835
vt 0.280525 0.563703
vt 0.281379 0.569269
vt 0.280226 0.564619
vt 0.274660 0.573919
vt 0.277443 0.575918
vt 0.277443 0.562620
vt 0.280226 0.573919
vt 0.312789 0.634224
vt 0.314472 0.634222
vt 0.314472 0.634222
vt 0.312789 0.634224
vt 0.318536 0.665467
vt 0.314472 0.665472
vt 0.314472 0.665472
vt 0.318536 0.665467
vt 0.312789 0.665474
vt 0.312789 0.665474
vt 0.312789 0.634224
vt 0.311106 0.634226
vt 0.311106 0.634226
vt 0.312789 0.634224
vt 0.307042 0.634231
vt 0.307042 0.634231
vt 0.311106 0.665476
vt 0.312789 0.665474
vt 0.312789 0.665474
vt 0.311106 0.665476
vt 0.318536 0.634217
vt 0.318536 0.634217
vt 0.307042 0.665481
vt 0.307042 0.665481
vt 0.313444 0.634223
vt 0.313313 0.634223
vt 0.314278 0.634222
vt 0.315159 0.634221
vt 0.309123 0.649853
vt 0.311151 0.649851
vt 0.311106 0.649851
vt 0.307042 0.649856
vt 0.314427 0.649847
vt 0.312789 0.649849
vt 0.312789 0.649849
vt 0.314472 0.649847
vt 0.311151 0.696726
vt 0.311106 0.696726
vt 0.312789 0.649849
vt 0.314427 0.696722
vt 0.314472 0.696722
vt 0.312789 0.649849
vt 0.316456 0.649844
vt 0.318536 0.649842
vt 0.310420 0.634227
vt 0.311300 0.681101
vt 0.312265 0.634224
vt 0.312134 0.634225
vt 0.313313 0.634223
vt 0.313444 0.634223
vt 0.315159 0.634221
vt 0.314279 0.681097
vt 0.311300 0.634226
vt 0.310420 0.634227
vt 0.312134 0.634225
vt 0.312265 0.634225
vt 0.312789 0.587349
vt 0.312265 0.587350
vt 0.312789 0.587349
vt 0.312789 0.634224
vt 0.314427 0.634222
vt 0.316456 0.634219
vt 0.313444 0.602973
vt 0.313313 0.602973
vt 0.313313 0.602973
vt 0.313444 0.571723
vt 0.309123 0.634228
vt 0.311151 0.681101
vt 0.313444 0.602973
vt 0.315159 0.602971
vt 0.315159 0.602971
vt 0.313313 0.587348
vt 0.313444 0.587348
vt 0.313444 0.556098
vt 0.313313 0.587348
vt 0.316456 0.587344
vt 0.315159 0.587346
vt 0.316456 0.587344
vt 0.316456 0.602969
vt 0.314427 0.681097
vt 0.312789 0.634224
vt 0.311151 0.634226
vt 0.310420 0.602977
vt 0.309123 0.602978
vt 0.310420 0.602977
vt 0.312265 0.602974
vt 0.312789 0.602974
vt 0.312265 0.602974
vt 0.310420 0.587352
vt 0.312134 0.587350
vt 0.312134 0.556100
vt 0.310420 0.587352
vt 0.313444 0.587348
vt 0.315159 0.587346
vt 0.312134 0.602975
vt 0.312134 0.571725
vt 0.312134 0.602975
vt 0.309123 0.587353
vt 0.309123 0.587353
vt 0.312134 0.587350
vt 0.312265 0.587350
vt 0.312789 0.587349
vt 0.312789 0.587349
vt 0.312789 0.602974
vt 0.322511 0.580176
vt 0.322626 0.578735
vt 0.303458 0.575760
vt 0.303458 0.556343
vt 0.290504 0.584996
vt 0.290504 0.584996
vt 0.338425 0.596468
vt 0.332474 0.601982
vt 0.338425 0.618250
vt 0.285974 0.582856
vt 0.283344 0.600316
vt 0.285974 0.663111
vt 0.283344 0.645651
vt 0.286228 0.638609
vt 0.277239 0.638609
vt 0.283344 0.631566
vt 0.285974 0.614106
vt 0.291058 0.631359
vt 0.303451 0.576109
vt 0.291058 0.583358
vt 0.283344 0.614401
vt 0.303451 0.638609
vt 0.283344 0.553441
vt 0.285974 0.535981
vt 0.286228 0.560484
vt 0.291058 0.567733
vt 0.285974 0.584986
vt 0.329683 0.612136
vt 0.303458 0.607010
vt 0.322626 0.609985
vt 0.321105 0.614553
vt 0.303540 0.551595
vt 0.321105 0.552053
vt 0.320941 0.558937
vt 0.322553 0.610855
vt 0.328756 0.636009
vt 0.327032 0.576109
vt 0.300662 0.582845
vt 0.290504 0.637240
vt 0.290504 0.636088
vt 0.290504 0.635550
vt 0.290504 0.635550
vt 0.290505 0.635776
vt 0.290504 0.637409
vt 0.290504 0.635776
vt 0.290505 0.637409
vt 0.290504 0.635413
vt 0.290504 0.635413
vt 0.290504 0.635550
vt 0.290504 0.593890
vt 0.290504 0.584996
vt 0.290504 0.593890
vt 0.332337 0.607359
vt 0.334281 0.607359
vt 0.290504 0.593890
vt 0.933841 0.439770
vt 0.928401 0.439770
vt 0.922958 0.439770
vt 0.912969 0.468186
vt 0.679570 0.936293
vt 0.679570 0.989228
vt 0.682071 0.989228
vt 0.682071 0.936293
vt 0.682071 0.936293
vt 0.682071 0.989228
vt 0.687072 0.936293
vt 0.687072 0.989228
vt 0.689572 0.936293
vt 0.689572 0.989228
vt 0.687072 0.936293
vt 0.687072 0.989228
vt 0.932307 0.323361
vt 0.936212 0.323361
vt 0.933841 0.419713
vt 0.924496 0.335648
vt 0.932307 0.335648
vt 0.928405 0.377625
vt 0.932307 0.323361
vt 0.924496 0.323361
vt 0.928401 0.419713
vt 0.920591 0.323361
vt 0.924496 0.323361
vt 0.922958 0.419713
vt 0.943834 0.448140
vt 0.953041 0.365338
vt 0.943834 0.468197
vt 0.933841 0.397252
vt 0.936212 0.300900
vt 0.953041 0.342877
vt 0.943834 0.425679
vt 0.936212 0.335648
vt 0.932307 0.335648
vt 0.953041 0.377625
vt 0.928401 0.448129
vt 0.928405 0.365338
vt 0.928401 0.468186
vt 0.922958 0.397252
vt 0.924496 0.300900
vt 0.928405 0.342877
vt 0.928401 0.425668
vt 0.924496 0.335648
vt 0.920591 0.335648
vt 0.903762 0.377625
vt 0.912969 0.448129
vt 0.903762 0.365338
vt 0.928401 0.397252
vt 0.924496 0.300900
vt 0.903762 0.342877
vt 0.912969 0.425668
vt 0.682071 0.936293
vt 0.687072 0.936293
vt 0.689572 0.936293
vt 0.679570 0.936293
vt 0.933841 0.439770
vt 0.928401 0.439770
vt 0.922958 0.439770
vt 0.912969 0.468186
vt 0.679570 0.936293
vt 0.679570 0.989228
vt 0.682071 0.989228
vt 0.682071 0.936293
vt 0.682071 0.936293
vt 0.682071 0.989228
vt 0.687072 0.936293
vt 0.687072 0.989228
vt 0.689572 0.936293
vt 0.689572 0.989228
vt 0.687072 0.936293
vt 0.687072 0.989228
vt 0.932307 0.323361
vt 0.936212 0.323361
vt 0.933841 0.419713
vt 0.924496 0.335648
vt 0.932307 0.335648
vt 0.928405 0.377625
vt 0.932307 0.323361
vt 0.924496 0.323361
vt 0.928401 0.419713
vt 0.920591 0.323361
vt 0.924496 0.323361
vt 0.922958 0.419713
vt 0.943834 0.448140
vt 0.953041 0.365338
vt 0.943834 0.468197
vt 0.933841 0.397252
vt 0.936212 0.300900
vt 0.953041 0.342877
vt 0.943834 0.425679
vt 0.936212 0.335648
vt 0.932307 0.335648
vt 0.953041 0.377625
vt 0.928401 0.448129
vt 0.928405 0.365338
vt 0.928401 0.468186
vt 0.922958 0.397252
vt 0.924496 0.300900
vt 0.928405 0.342877
vt 0.928401 0.425668
vt 0.924496 0.335648
vt 0.920591 0.335648
vt 0.903762 0.377625
vt 0.912969 0.448129
vt 0.903762 0.365338
vt 0.928401 0.397252
vt 0.924496 0.300900
vt 0.903762 0.342877
vt 0.912969 0.425668
vt 0.682071 0.936293
vt 0.687072 0.936293
vt 0.689572 0.936293
vt 0.679570 0.936293
vt 0.682071 0.883358
vt 0.682071 0.936293
vt 0.687072 0.936293
vt 0.687072 0.883358
vt 0.689572 0.936293
vt 0.689572 0.883358
vt 0.687072 0.936293
vt 0.687072 0.883358
vt 0.682071 0.936293
vt 0.682071 0.883358
vt 0.679570 0.936293
vt 0.679570 0.883358
vt 0.933841 0.439770
vt 0.928401 0.439770
vt 0.922958 0.439770
vt 0.912969 0.468186
vt 0.679570 0.936293
vt 0.679570 0.989228
vt 0.682071 0.989228
vt 0.682071 0.936293
vt 0.682071 0.936293
vt 0.682071 0.989228
vt 0.687072 0.936293
vt 0.687072 0.989228
vt 0.689572 0.936293
vt 0.689572 0.989228
vt 0.687072 0.936293
vt 0.687072 0.989228
vt 0.932307 0.323361
vt 0.936212 0.323361
vt 0.933841 0.419713
vt 0.924496 0.335648
vt 0.932307 0.335648
vt 0.928405 0.377625
vt 0.932307 0.323361
vt 0.924496 0.323361
vt 0.928401 0.419713
vt 0.920591 0.323361
vt 0.924496 0.323361
vt 0.922958 0.419713
vt 0.943834 0.448140
vt 0.953041 0.365338
vt 0.943834 0.468197
vt 0.933841 0.397252
vt 0.936212 0.300900
vt 0.953041 0.342877
vt 0.943834 0.425679
vt 0.936212 0.335648
vt 0.932307 0.335648
vt 0.953041 0.377625
vt 0.928401 0.448129
vt 0.928405 0.365338
vt 0.928401 0.468186
vt 0.922958 0.397252
vt 0.924496 0.300900
vt 0.928405 0.342877
vt 0.928401 0.425668
vt 0.924496 0.335648
vt 0.920591 0.335648
vt 0.903762 0.377625
vt 0.912969 0.448129
vt 0.903762 0.365338
vt 0.928401 0.397252
vt 0.924496 0.300900
vt 0.903762 0.342877
vt 0.912969 0.425668
vt 0.933841 0.439770
vt 0.928401 0.439770
vt 0.922958 0.439770
vt 0.912969 0.468186
vt 0.679570 0.936293
vt 0.679570 0.989228
vt 0.682071 0.989228
vt 0.682071 0.936293
vt 0.682071 0.936293
vt 0.682071 0.989228
vt 0.687072 0.936293
vt 0.687072 0.989228
vt 0.689572 0.936293
vt 0.689572 0.989228
vt 0.687072 0.936293
vt 0.687072 0.989228
vt 0.932307 0.323361
vt 0.936212 0.323361
vt 0.933841 0.419713
vt 0.924496 0.335648
vt 0.932307 0.335648
vt 0.928405 0.377625
vt 0.932307 0.323361
vt 0.924496 0.323361
vt 0.928401 0.419713
vt 0.920591 0.323361
vt 0.924496 0.323361
vt 0.922958 0.419713
vt 0.943834 0.448140
vt 0.953041 0.365338
vt 0.943834 0.468197
vt 0.933841 0.397252
vt 0.936212 0.300900
vt 0.953041 0.342877
vt 0.943834 0.425679
vt 0.936212 0.335648
vt 0.932307 0.335648
vt 0.953041 0.377625
vt 0.928401 0.448129
vt 0.928405 0.365338
vt 0.928401 0.468186
vt 0.922958 0.397252
vt 0.924496 0.300900
vt 0.928405 0.342877
vt 0.928401 0.425668
vt 0.924496 0.335648
vt 0.920591 0.335648
vt 0.903762 0.377625
vt 0.912969 0.448129
vt 0.903762 0.365338
vt 0.928401 0.397252
vt 0.924496 0.300900
vt 0.903762 0.342877
vt 0.912969 0.425668
vt 0.682071 0.936293
vt 0.687072 0.936293
vt 0.689572 0.936293
vt 0.679570 0.936293
vt 0.933841 0.439770
vt 0.928401 0.439770
vt 0.922958 0.439770
vt 0.912969 0.468186
vt 0.679570 0.936293
vt 0.679570 0.989228
vt 0.682071 0.989228
vt 0.682071 0.936293
vt 0.682071 0.936293
vt 0.682071 0.989228
vt 0.687072 0.936293
vt 0.687072 0.989228
vt 0.689572 0.936293
vt 0.689572 0.989228
vt 0.687072 0.936293
vt 0.687072 0.989228
vt 0.932307 0.323361
vt 0.936212 0.323361
vt 0.933841 0.419713
vt 0.924496 0.335648
vt 0.932307 0.335648
vt 0.928405 0.377625
vt 0.932307 0.323361
vt 0.924496 0.323361
vt 0.928401 0.419713
vt 0.920591 0.323361
vt 0.924496 0.323361
vt 0.922958 0.419713
vt 0.943834 0.448140
vt 0.953041 0.365338
vt 0.943834 0.468197
vt 0.933841 0.397252
vt 0.936212 0.300900
vt 0.953041 0.342877
vt 0.943834 0.425679
vt 0.936212 0.335648
vt 0.932307 0.335648
vt 0.953041 0.377625
vt 0.928401 0.448129
vt 0.928405 0.365338
vt 0.928401 0.468186
vt 0.922958 0.397252
vt 0.924496 0.300900
vt 0.928405 0.342877
vt 0.928401 0.425668
vt 0.924496 0.335648
vt 0.920591 0.335648
vt 0.903762 0.377625
vt 0.912969 0.448129
vt 0.903762 0.365338
vt 0.928401 0.397252
vt 0.924496 0.300900
vt 0.903762 0.342877
vt 0.912969 0.425668
vt 0.682071 0.936293
vt 0.687072 0.936293
vt 0.689572 0.936293
vt 0.679570 0.936293
vt 0.933841 0.439770
vt 0.928401 0.439770
vt 0.922958 0.439770
vt 0.912969 0.468186
vt 0.679570 0.936293
vt 0.679570 0.989228
vt 0.682071 0.989228
vt 0.682071 0.936293
vt 0.682071 0.936293
vt 0.682071 0.989228
vt 0.687072 0.936293
vt 0.687072 0.989228
vt 0.689572 0.936293
vt 0.689572 0.989228
vt 0.687072 0.936293
vt 0.687072 0.989228
vt 0.932307 0.323361
vt 0.936212 0.323361
vt 0.933841 0.419713
vt 0.924496 0.335648
vt 0.932307 0.335648
vt 0.928405 0.377625
vt 0.932307 0.323361
vt 0.924496 0.323361
vt 0.928401 0.419713
vt 0.920591 0.323361
vt 0.924496 0.323361
vt 0.922958 0.419713
vt 0.943834 0.448140
vt 0.953041 0.365338
vt 0.943834 0.468197
vt 0.933841 0.397252
vt 0.936212 0.300900
vt 0.953041 0.342877
vt 0.943834 0.425679
vt 0.936212 0.335648
vt 0.932307 0.335648
vt 0.953041 0.377625
vt 0.928401 0.448129
vt 0.928405 0.365338
vt 0.928401 0.468186
vt 0.922958 0.397252
vt 0.924496 0.300900
vt 0.928405 0.342877
vt 0.928401 0.425668
vt 0.924496 0.335648
vt 0.920591 0.335648
vt 0.903762 0.377625
vt 0.912969 0.448129
vt 0.903762 0.365338
vt 0.928401 0.397252
vt 0.924496 0.300900
vt 0.903762 0.342877
vt 0.912969 0.425668
vt 0.682071 0.936293
vt 0.687072 0.936293
vt 0.689572 0.936293
vt 0.679570 0.936293
vt 0.290504 0.664345
vt 0.290504 0.664345
vt 0.290504 0.663390
vt 0.290504 0.663390
vt 0.290504 0.664345
vt 0.290504 0.663390
vt 0.290504 0.664065
vt 0.290504 0.663390
vt 0.290504 0.652008
vt 0.290504 0.652008
vt 0.290504 0.652008
vt 0.290504 0.663390
vt 0.290504 0.663390
vt 0.290504 0.663390
vt 0.290504 0.663390
vt 0.324700 0.668425
vt 0.320941 0.675395
vt 0.322533 0.666294
vt 0.290504 0.630951
vt 0.290504 0.630951
vt 0.338425 0.635671
vt 0.338425 0.661456
vt 0.329683 0.661456
vt 0.329683 0.635671
vt 0.285974 0.661456
vt 0.285974 0.642070
vt 0.303458 0.667836
vt 0.320941 0.635671
vt 0.290504 0.630951
vt 0.324700 0.672906
vt 0.329683 0.672906
vt 0.329683 0.675395
vt 0.334721 0.672906
vt 0.338425 0.675395
vt 0.334721 0.668425
vt 0.334721 0.663945
vt 0.329683 0.663945
vt 0.333054 0.665669
vt 0.333054 0.671524
vt 0.332255 0.671042
vt 0.333408 0.668596
vt 0.324700 0.663945
vt 0.326391 0.665669
vt 0.326391 0.671524
vt 0.325537 0.668596
vt 0.326689 0.671042
vt 0.332255 0.666150
vt 0.329472 0.665099
vt 0.329472 0.672093
vt 0.326689 0.666151
vt 0.312789 0.634224
vt 0.314472 0.634222
vt 0.314472 0.634222
vt 0.312789 0.634224
vt 0.318536 0.665467
vt 0.314472 0.665472
vt 0.314472 0.665472
vt 0.318536 0.665467
vt 0.312789 0.665474
vt 0.312789 0.665474
vt 0.312789 0.634224
vt 0.311106 0.634226
vt 0.311106 0.634226
vt 0.312789 0.634224
vt 0.307042 0.634231
vt 0.307042 0.634231
vt 0.311106 0.665476
vt 0.312789 0.665474
vt 0.312789 0.665474
vt 0.311106 0.665476
vt 0.318536 0.634217
vt 0.318536 0.634217
vt 0.307042 0.665481
vt 0.307042 0.665481
vt 0.313444 0.634223
vt 0.313313 0.634223
vt 0.314278 0.634222
vt 0.315159 0.634221
vt 0.309123 0.649853
vt 0.311151 0.649851
vt 0.311106 0.649851
vt 0.307042 0.649856
vt 0.314427 0.649847
vt 0.312789 0.649849
vt 0.312789 0.649849
vt 0.314472 0.649847
vt 0.311151 0.696726
vt 0.311106 0.696726
vt 0.312789 0.649849
vt 0.314427 0.696722
vt 0.314472 0.696722
vt 0.312789 0.649849
vt 0.316456 0.649844
vt 0.318536 0.649842
vt 0.310420 0.634227
vt 0.311300 0.681101
vt 0.312265 0.634224
vt 0.312134 0.634225
vt 0.313313 0.634223
vt 0.313444 0.634223
vt 0.315159 0.634221
vt 0.314279 0.681097
vt 0.311300 0.634226
vt 0.310420 0.634227
vt 0.312134 0.634225
vt 0.312265 0.634225
vt 0.312789 0.587349
vt 0.312265 0.587350
vt 0.312789 0.587349
vt 0.312789 0.634224
vt 0.314427 0.634222
vt 0.316456 0.634219
vt 0.313444 0.602973
vt 0.313313 0.602973
vt 0.313313 0.602973
vt 0.313444 0.571723
vt 0.309123 0.634228
vt 0.311151 0.681101
vt 0.313444 0.602973
vt 0.315159 0.602971
vt 0.315159 0.602971
vt 0.313313 0.587348
vt 0.313444 0.587348
vt 0.313444 0.556098
vt 0.313313 0.587348
vt 0.316456 0.587344
vt 0.315159 0.587346
vt 0.316456 0.587344
vt 0.316456 0.602969
vt 0.314427 0.681097
vt 0.312789 0.634224
vt 0.311151 0.634226
vt 0.310420 0.602977
vt 0.309123 0.602978
vt 0.310420 0.602977
vt 0.312265 0.602974
vt 0.312789 0.602974
vt 0.312265 0.602974
vt 0.310420 0.587352
vt 0.312134 0.587350
vt 0.312134 0.556100
vt 0.310420 0.587352
vt 0.313444 0.587348
vt 0.315159 0.587346
vt 0.312134 0.602975
vt 0.312134 0.571725
vt 0.312134 0.602975
vt 0.309123 0.587353
vt 0.309123 0.587353
vt 0.312134 0.587350
vt 0.312265 0.587350
vt 0.312789 0.587349
vt 0.312789 0.587349
vt 0.312789 0.602974
vt 0.323248 0.664247
vt 0.320941 0.659394
vt 0.290504 0.664345
vt 0.290504 0.663390
vt 0.290504 0.664345
vt 0.290504 0.663390
vt 0.290504 0.664065
vt 0.290504 0.663390
vt 0.290504 0.652008
vt 0.290504 0.652008
vt 0.290504 0.652008
vt 0.290504 0.663390
vt 0.290504 0.663390
vt 0.290504 0.663390
vt 0.290504 0.630951
vt 0.290504 0.630951
vt 0.268491 0.635671
vt 0.277233 0.635671
vt 0.277233 0.661456
vt 0.268491 0.661456
vt 0.303458 0.675395
vt 0.303458 0.663804
vt 0.320941 0.667070
vt 0.290504 0.630951
vt 0.282215 0.672906
vt 0.285974 0.675395
vt 0.277233 0.675395
vt 0.277233 0.672906
vt 0.268491 0.675395
vt 0.272195 0.672906
vt 0.272195 0.668425
vt 0.272195 0.663945
vt 0.282215 0.668425
vt 0.277233 0.663945
vt 0.282215 0.663945
vt 0.273862 0.665669
vt 0.273862 0.671524
vt 0.273507 0.668596
vt 0.274660 0.671042
vt 0.280525 0.665669
vt 0.280525 0.671524
vt 0.280226 0.671042
vt 0.281379 0.668596
vt 0.277443 0.665099
vt 0.274660 0.666150
vt 0.277443 0.672093
vt 0.280226 0.666151
vt 0.312789 0.634224
vt 0.312789 0.634224
vt 0.314472 0.634222
vt 0.314472 0.634222
vt 0.318536 0.665467
vt 0.318536 0.665467
vt 0.314472 0.665472
vt 0.314472 0.665472
vt 0.312789 0.665474
vt 0.312789 0.665474
vt 0.312789 0.634224
vt 0.312789 0.634224
vt 0.311106 0.634226
vt 0.311106 0.634226
vt 0.307042 0.634231
vt 0.307042 0.634231
vt 0.311106 0.665476
vt 0.311106 0.665476
vt 0.312789 0.665474
vt 0.312789 0.665474
vt 0.318536 0.634217
vt 0.318536 0.634217
vt 0.307042 0.665481
vt 0.307042 0.665481
vt 0.313444 0.634223
vt 0.315159 0.634221
vt 0.314278 0.634222
vt 0.313313 0.634223
vt 0.309123 0.649853
vt 0.307042 0.649856
vt 0.311106 0.649851
vt 0.311151 0.649851
vt 0.314427 0.649847
vt 0.314472 0.649847
vt 0.312789 0.649849
vt 0.312789 0.649849
vt 0.311106 0.696726
vt 0.311151 0.696726
vt 0.312789 0.649849
vt 0.312789 0.649849
vt 0.314472 0.696722
vt 0.314427 0.696722
vt 0.316456 0.649844
vt 0.318536 0.649842
vt 0.310420 0.634227
vt 0.312134 0.634225
vt 0.312265 0.634224
vt 0.311300 0.681101
vt 0.313313 0.634223
vt 0.314279 0.681097
vt 0.315159 0.634221
vt 0.313444 0.634223
vt 0.311300 0.634226
vt 0.312265 0.634225
vt 0.312134 0.634225
vt 0.310420 0.634227
vt 0.312789 0.587349
vt 0.312789 0.587349
vt 0.312265 0.587350
vt 0.312789 0.634224
vt 0.314427 0.634222
vt 0.316456 0.634219
vt 0.313444 0.602973
vt 0.313444 0.571723
vt 0.313313 0.602973
vt 0.313313 0.602973
vt 0.309123 0.634228
vt 0.311151 0.681101
vt 0.313444 0.602973
vt 0.315159 0.602971
vt 0.315159 0.602971
vt 0.313313 0.587348
vt 0.313313 0.587348
vt 0.313444 0.556098
vt 0.313444 0.587348
vt 0.316456 0.587344
vt 0.316456 0.587344
vt 0.315159 0.587346
vt 0.316456 0.602969
vt 0.314427 0.681097
vt 0.312789 0.634224
vt 0.311151 0.634226
vt 0.310420 0.602977
vt 0.310420 0.602977
vt 0.309123 0.602978
vt 0.312265 0.602974
vt 0.312265 0.602974
vt 0.312789 0.602974
vt 0.310420 0.587352
vt 0.310420 0.587352
vt 0.312134 0.556100
vt 0.312134 0.587350
vt 0.315159 0.587346
vt 0.313444 0.587348
vt 0.312134 0.602975
vt 0.312134 0.571725
vt 0.312134 0.602975
vt 0.309123 0.587353
vt 0.309123 0.587353
vt 0.312265 0.587350
vt 0.312134 0.587350
vt 0.312789 0.587349
vt 0.312789 0.587349
vt 0.312789 0.602974
vt 0.290504 0.618615
vt 0.290504 0.619569
vt 0.290504 0.619569
vt 0.290504 0.618615
vt 0.290504 0.618615
vt 0.290504 0.619569
vt 0.290504 0.618894
vt 0.290504 0.619569
vt 0.290504 0.619569
vt 0.290504 0.619569
vt 0.290504 0.619569
vt 0.290504 0.619569
vt 0.320941 0.621732
vt 0.303458 0.635671
vt 0.303458 0.621732
vt 0.324700 0.624220
vt 0.329683 0.621732
vt 0.329683 0.624220
vt 0.338425 0.621732
vt 0.334721 0.624220
vt 0.334721 0.628701
vt 0.334721 0.633182
vt 0.324700 0.628701
vt 0.329683 0.633182
vt 0.324700 0.633182
vt 0.333054 0.631458
vt 0.333054 0.625602
vt 0.333408 0.628530
vt 0.332255 0.626085
vt 0.326391 0.631458
vt 0.326391 0.625603
vt 0.326689 0.626085
vt 0.325537 0.628530
vt 0.329472 0.632027
vt 0.332255 0.630976
vt 0.329472 0.625033
vt 0.326689 0.630976
vt 0.312789 0.634224
vt 0.312789 0.634224
vt 0.314472 0.634222
vt 0.314472 0.634222
vt 0.318536 0.665467
vt 0.318536 0.665467
vt 0.314472 0.665472
vt 0.314472 0.665472
vt 0.312789 0.665474
vt 0.312789 0.665474
vt 0.312789 0.634224
vt 0.312789 0.634224
vt 0.311106 0.634226
vt 0.311106 0.634226
vt 0.307042 0.634231
vt 0.307042 0.634231
vt 0.311106 0.665476
vt 0.311106 0.665476
vt 0.312789 0.665474
vt 0.312789 0.665474
vt 0.318536 0.634217
vt 0.318536 0.634217
vt 0.307042 0.665481
vt 0.307042 0.665481
vt 0.313444 0.634223
vt 0.315159 0.634221
vt 0.314278 0.634222
vt 0.313313 0.634223
vt 0.309123 0.649853
vt 0.307042 0.649856
vt 0.311106 0.649851
vt 0.311151 0.649851
vt 0.314427 0.649847
vt 0.314472 0.649847
vt 0.312789 0.649849
vt 0.312789 0.649849
vt 0.311106 0.696726
vt 0.311151 0.696726
vt 0.312789 0.649849
vt 0.312789 0.649849
vt 0.314472 0.696722
vt 0.314427 0.696722
vt 0.316456 0.649844
vt 0.318536 0.649842
vt 0.310420 0.634227
vt 0.312134 0.634225
vt 0.312265 0.634224
vt 0.311300 0.681101
vt 0.313313 0.634223
vt 0.314279 0.681097
vt 0.315159 0.634221
vt 0.313444 0.634223
vt 0.311300 0.634226
vt 0.312265 0.634225
vt 0.312134 0.634225
vt 0.310420 0.634227
vt 0.312789 0.587349
vt 0.312789 0.587349
vt 0.312265 0.587350
vt 0.312789 0.634224
vt 0.314427 0.634222
vt 0.316456 0.634219
vt 0.313444 0.602973
vt 0.313444 0.571723
vt 0.313313 0.602973
vt 0.313313 0.602973
vt 0.309123 0.634228
vt 0.311151 0.681101
vt 0.313444 0.602973
vt 0.315159 0.602971
vt 0.315159 0.602971
vt 0.313313 0.587348
vt 0.313313 0.587348
vt 0.313444 0.556098
vt 0.313444 0.587348
vt 0.316456 0.587344
vt 0.316456 0.587344
vt 0.315159 0.587346
vt 0.316456 0.602969
vt 0.314427 0.681097
vt 0.312789 0.634224
vt 0.311151 0.634226
vt 0.310420 0.602977
vt 0.310420 0.602977
vt 0.309123 0.602978
vt 0.312265 0.602974
vt 0.312265 0.602974
vt 0.312789 0.602974
vt 0.310420 0.587352
vt 0.310420 0.587352
vt 0.312134 0.556100
vt 0.312134 0.587350
vt 0.315159 0.587346
vt 0.313444 0.587348
vt 0.312134 0.602975
vt 0.312134 0.571725
vt 0.312134 0.602975
vt 0.309123 0.587353
vt 0.309123 0.587353
vt 0.312265 0.587350
vt 0.312134 0.587350
vt 0.312789 0.587349
vt 0.312789 0.587349
vt 0.312789 0.602974
vt 0.290504 0.618615
vt 0.290504 0.619569
vt 0.290504 0.618615
vt 0.290504 0.619569
vt 0.290504 0.618894
vt 0.290504 0.619569
vt 0.290504 0.619569
vt 0.290504 0.619569
vt 0.290504 0.619569
vt 0.277233 0.633182
vt 0.282215 0.633182
vt 0.283610 0.635671
vt 0.282215 0.624220
vt 0.277233 0.624220
vt 0.277233 0.621732
vt 0.285974 0.621732
vt 0.272195 0.624220
vt 0.268491 0.621732
vt 0.272195 0.628701
vt 0.272195 0.633182
vt 0.282215 0.628701
vt 0.273862 0.631458
vt 0.273862 0.625602
vt 0.274660 0.626085
vt 0.273507 0.628530
vt 0.280525 0.631458
vt 0.280525 0.625603
vt 0.281379 0.628530
vt 0.280226 0.626085
vt 0.274660 0.630976
vt 0.277443 0.632027
vt 0.277443 0.625033
vt 0.280226 0.630976
vt 0.312789 0.634224
vt 0.314472 0.634222
vt 0.314472 0.634222
vt 0.312789 0.634224
vt 0.318536 0.665467
vt 0.314472 0.665472
vt 0.314472 0.665472
vt 0.318536 0.665467
vt 0.312789 0.665474
vt 0.312789 0.665474
vt 0.312789 0.634224
vt 0.311106 0.634226
vt 0.311106 0.634226
vt 0.312789 0.634224
vt 0.307042 0.634231
vt 0.307042 0.634231
vt 0.311106 0.665476
vt 0.312789 0.665474
vt 0.312789 0.665474
vt 0.311106 0.665476
vt 0.318536 0.634217
vt 0.318536 0.634217
vt 0.307042 0.665481
vt 0.307042 0.665481
vt 0.313444 0.634223
vt 0.313313 0.634223
vt 0.314278 0.634222
vt 0.315159 0.634221
vt 0.309123 0.649853
vt 0.311151 0.649851
vt 0.311106 0.649851
vt 0.307042 0.649856
vt 0.314427 0.649847
vt 0.312789 0.649849
vt 0.312789 0.649849
vt 0.314472 0.649847
vt 0.311151 0.696726
vt 0.311106 0.696726
vt 0.312789 0.649849
vt 0.314427 0.696722
vt 0.314472 0.696722
vt 0.312789 0.649849
vt 0.316456 0.649844
vt 0.318536 0.649842
vt 0.310420 0.634227
vt 0.311300 0.681101
vt 0.312265 0.634224
vt 0.312134 0.634225
vt 0.313313 0.634223
vt 0.313444 0.634223
vt 0.315159 0.634221
vt 0.314279 0.681097
vt 0.311300 0.634226
vt 0.310420 0.634227
vt 0.312134 0.634225
vt 0.312265 0.634225
vt 0.312789 0.587349
vt 0.312265 0.587350
vt 0.312789 0.587349
vt 0.312789 0.634224
vt 0.314427 0.634222
vt 0.316456 0.634219
vt 0.313444 0.602973
vt 0.313313 0.602973
vt 0.313313 0.602973
vt 0.313444 0.571723
vt 0.309123 0.634228
vt 0.311151 0.681101
vt 0.313444 0.602973
vt 0.315159 0.602971
vt 0.315159 0.602971
vt 0.313313 0.587348
vt 0.313444 0.587348
vt 0.313444 0.556098
vt 0.313313 0.587348
vt 0.316456 0.587344
vt 0.315159 0.587346
vt 0.316456 0.587344
vt 0.316456 0.602969
vt 0.314427 0.681097
vt 0.312789 0.634224
vt 0.311151 0.634226
vt 0.310420 0.602977
vt 0.309123 0.602978
vt 0.310420 0.602977
vt 0.312265 0.602974
vt 0.312789 0.602974
vt 0.312265 0.602974
vt 0.310420 0.587352
vt 0.312134 0.587350
vt 0.312134 0.556100
vt 0.310420 0.587352
vt 0.313444 0.587348
vt 0.315159 0.587346
vt 0.312134 0.602975
vt 0.312134 0.571725
vt 0.312134 0.602975
vt 0.309123 0.587353
vt 0.309123 0.587353
vt 0.312134 0.587350
vt 0.312265 0.587350
vt 0.312789 0.587349
vt 0.312789 0.587349
vt 0.312789 0.602974
vt 0.284060 0.634403
vt 0.285974 0.633515
vt 0.290314 0.635671
vt 0.303458 0.655076
vt 0.284935 0.633744
vt 0.303458 0.686326
vt 0.320941 0.695977
vt 0.303458 0.692706
vt 0.303458 0.630206
vt 0.320941 0.635820
vt 0.303458 0.632554
vt 0.290314 0.666921
vt 0.287245 0.606295
vt 0.303458 0.636586
vt 0.290504 0.637364
vt 0.290504 0.635550
vt 0.290504 0.635550
vt 0.290504 0.637364
vt 0.290504 0.637364
vt 0.290504 0.637364
vt 0.290504 0.635550
vt 0.290504 0.635550
vt 0.290504 0.636833
vt 0.290504 0.635550
vt 0.290504 0.613908
vt 0.290504 0.613908
vt 0.290504 0.613908
vt 0.290504 0.635550
vt 0.290504 0.635550
vt 0.290504 0.635550
vt 0.290504 0.635550
vt 0.290504 0.635550
vt 0.283344 0.583151
vt 0.277239 0.576109
vt 0.286228 0.576109
vt 0.290504 0.602784
vt 0.290504 0.602784
vt 0.285974 0.631872
vt 0.303458 0.631872
vt 0.303458 0.640699
vt 0.292694 0.658374
vt 0.324700 0.578113
vt 0.322563 0.580743
vt 0.324700 0.569594
vt 0.290504 0.602784
vt 0.324700 0.653643
vt 0.329683 0.653643
vt 0.329683 0.658374
vt 0.320941 0.658374
vt 0.334721 0.653643
vt 0.338425 0.658374
vt 0.334721 0.645123
vt 0.334721 0.636604
vt 0.338425 0.631872
vt 0.324700 0.645123
vt 0.329683 0.636604
vt 0.329683 0.631872
vt 0.324700 0.636604
vt 0.320941 0.631872
vt 0.333054 0.639882
vt 0.333054 0.651015
vt 0.332255 0.650099
vt 0.333408 0.645448
vt 0.326391 0.639882
vt 0.326391 0.651014
vt 0.325537 0.645448
vt 0.326689 0.650098
vt 0.332255 0.640798
vt 0.329472 0.638799
vt 0.329472 0.652097
vt 0.326689 0.640798
vt 0.312789 0.634224
vt 0.314472 0.634222
vt 0.314472 0.634222
vt 0.312789 0.634224
vt 0.318536 0.665467
vt 0.314472 0.665472
vt 0.314472 0.665472
vt 0.318536 0.665467
vt 0.312789 0.665474
vt 0.312789 0.665474
vt 0.312789 0.634224
vt 0.311106 0.634226
vt 0.311106 0.634226
vt 0.312789 0.634224
vt 0.307042 0.634231
vt 0.307042 0.634231
vt 0.311106 0.665476
vt 0.312789 0.665474
vt 0.312789 0.665474
vt 0.311106 0.665476
vt 0.318536 0.634217
vt 0.318536 0.634217
vt 0.307042 0.665481
vt 0.307042 0.665481
vt 0.313444 0.634223
vt 0.313313 0.634223
vt 0.314278 0.634222
vt 0.315159 0.634221
vt 0.309123 0.649853
vt 0.311151 0.649851
vt 0.311106 0.649851
vt 0.307042 0.649856
vt 0.314427 0.649847
vt 0.312789 0.649849
vt 0.312789 0.649849
vt 0.314472 0.649847
vt 0.311151 0.696726
vt 0.311106 0.696726
vt 0.312789 0.649849
vt 0.314427 0.696722
vt 0.314472 0.696722
vt 0.312789 0.649849
vt 0.316456 0.649844
vt 0.318536 0.649842
vt 0.310420 0.634227
vt 0.311300 0.681101
vt 0.312265 0.634224
vt 0.312134 0.634225
vt 0.313313 0.634223
vt 0.313444 0.634223
vt 0.315159 0.634221
vt 0.314279 0.681097
vt 0.311300 0.634226
vt 0.310420 0.634227
vt 0.312134 0.634225
vt 0.312265 0.634225
vt 0.312789 0.587349
vt 0.312265 0.587350
vt 0.312789 0.587349
vt 0.312789 0.634224
vt 0.314427 0.634222
vt 0.316456 0.634219
vt 0.313444 0.602973
vt 0.313313 0.602973
vt 0.313313 0.602973
vt 0.313444 0.571723
vt 0.309123 0.634228
vt 0.311151 0.681101
vt 0.313444 0.602973
vt 0.315159 0.602971
vt 0.315159 0.602971
vt 0.313313 0.587348
vt 0.313444 0.587348
vt 0.313444 0.556098
vt 0.313313 0.587348
vt 0.316456 0.587344
vt 0.315159 0.587346
vt 0.316456 0.587344
vt 0.316456 0.602969
vt 0.314427 0.681097
vt 0.312789 0.634224
vt 0.311151 0.634226
vt 0.310420 0.602977
vt 0.309123 0.602978
vt 0.310420 0.602977
vt 0.312265 0.602974
vt 0.312789 0.602974
vt 0.312265 0.602974
vt 0.310420 0.587352
vt 0.312134 0.587350
vt 0.312134 0.556100
vt 0.310420 0.587352
vt 0.313444 0.587348
vt 0.315159 0.587346
vt 0.312134 0.602975
vt 0.312134 0.571725
vt 0.312134 0.602975
vt 0.309123 0.587353
vt 0.309123 0.587353
vt 0.312134 0.587350
vt 0.312265 0.587350
vt 0.312789 0.587349
vt 0.312789 0.587349
vt 0.312789 0.602974
vt 0.290504 0.637364
vt 0.290504 0.635550
vt 0.290504 0.636833
vt 0.290504 0.635550
vt 0.290504 0.613908
vt 0.290504 0.613908
vt 0.290504 0.613908
vt 0.290504 0.635550
vt 0.290504 0.635550
vt 0.314222 0.658374
vt 0.290504 0.593890
vt 0.290504 0.573872
vt 0.290504 0.573872
vt 0.290504 0.593890
vt 0.268491 0.607359
vt 0.277233 0.607359
vt 0.277233 0.631872
vt 0.268491 0.631872
vt 0.290505 0.637364
vt 0.290504 0.635550
vt 0.291058 0.614608
vt 0.303458 0.607359
vt 0.290504 0.573872
vt 0.290504 0.593890
vt 0.282215 0.653643
vt 0.285974 0.658374
vt 0.277233 0.658374
vt 0.277233 0.653643
vt 0.268491 0.658374
vt 0.272195 0.653643
vt 0.272195 0.645123
vt 0.272195 0.636604
vt 0.282215 0.645123
vt 0.277233 0.636604
vt 0.282215 0.636604
vt 0.273862 0.639882
vt 0.273862 0.651015
vt 0.273507 0.645448
vt 0.274660 0.650099
vt 0.280525 0.639882
vt 0.280525 0.651014
vt 0.280226 0.650098
vt 0.281379 0.645448
vt 0.277443 0.638799
vt 0.274660 0.640798
vt 0.277443 0.652097
vt 0.280226 0.640798
vt 0.312789 0.634224
vt 0.312789 0.634224
vt 0.314472 0.634222
vt 0.314472 0.634222
vt 0.318536 0.665467
vt 0.318536 0.665467
vt 0.314472 0.665472
vt 0.314472 0.665472
vt 0.312789 0.665474
vt 0.312789 0.665474
vt 0.312789 0.634224
vt 0.312789 0.634224
vt 0.311106 0.634226
vt 0.311106 0.634226
vt 0.307042 0.634231
vt 0.307042 0.634231
vt 0.311106 0.665476
vt 0.311106 0.665476
vt 0.312789 0.665474
vt 0.312789 0.665474
vt 0.318536 0.634217
vt 0.318536 0.634217
vt 0.307042 0.665481
vt 0.307042 0.665481
vt 0.313444 0.634223
vt 0.315159 0.634221
vt 0.314278 0.634222
vt 0.313313 0.634223
vt 0.309123 0.649853
vt 0.307042 0.649856
vt 0.311106 0.649851
vt 0.311151 0.649851
vt 0.314427 0.649847
vt 0.314472 0.649847
vt 0.312789 0.649849
vt 0.312789 0.649849
vt 0.311106 0.696726
vt 0.311151 0.696726
vt 0.312789 0.649849
vt 0.312789 0.649849
vt 0.314472 0.696722
vt 0.314427 0.696722
vt 0.316456 0.649844
vt 0.318536 0.649842
vt 0.310420 0.634227
vt 0.312134 0.634225
vt 0.312265 0.634224
vt 0.311300 0.681101
vt 0.313313 0.634223
vt 0.314279 0.681097
vt 0.315159 0.634221
vt 0.313444 0.634223
vt 0.311300 0.634226
vt 0.312265 0.634225
vt 0.312134 0.634225
vt 0.310420 0.634227
vt 0.312789 0.587349
vt 0.312789 0.587349
vt 0.312265 0.587350
vt 0.312789 0.634224
vt 0.314427 0.634222
vt 0.316456 0.634219
vt 0.313444 0.602973
vt 0.313444 0.571723
vt 0.313313 0.602973
vt 0.313313 0.602973
vt 0.309123 0.634228
vt 0.311151 0.681101
vt 0.313444 0.602973
vt 0.315159 0.602971
vt 0.315159 0.602971
vt 0.313313 0.587348
vt 0.313313 0.587348
vt 0.313444 0.556098
vt 0.313444 0.587348
vt 0.316456 0.587344
vt 0.316456 0.587344
vt 0.315159 0.587346
vt 0.316456 0.602969
vt 0.314427 0.681097
vt 0.312789 0.634224
vt 0.311151 0.634226
vt 0.310420 0.602977
vt 0.310420 0.602977
vt 0.309123 0.602978
vt 0.312265 0.602974
vt 0.312265 0.602974
vt 0.312789 0.602974
vt 0.310420 0.587352
vt 0.310420 0.587352
vt 0.312134 0.556100
vt 0.312134 0.587350
vt 0.315159 0.587346
vt 0.313444 0.587348
vt 0.312134 0.602975
vt 0.312134 0.571725
vt 0.312134 0.602975
vt 0.309123 0.587353
vt 0.309123 0.587353
vt 0.312265 0.587350
vt 0.312134 0.587350
vt 0.312789 0.587349
vt 0.312789 0.587349
vt 0.312789 0.602974
vt 0.290504 0.550416
vt 0.290504 0.552230
vt 0.290504 0.552230
vt 0.290504 0.550416
vt 0.290504 0.550416
vt 0.290504 0.552230
vt 0.290504 0.550947
vt 0.290504 0.552230
vt 0.290504 0.573872
vt 0.290504 0.573872
vt 0.290504 0.573872
vt 0.290504 0.552230
vt 0.290504 0.552230
vt 0.290504 0.552230
vt 0.290504 0.552230
vt 0.320941 0.590187
vt 0.320941 0.607359
vt 0.303458 0.587437
vt 0.324700 0.561074
vt 0.320941 0.556343
vt 0.329683 0.556343
vt 0.329683 0.561074
vt 0.338425 0.556343
vt 0.334721 0.561074
vt 0.334721 0.569594
vt 0.338425 0.582845
vt 0.334721 0.578113
vt 0.329683 0.582845
vt 0.329683 0.578113
vt 0.327032 0.607359
vt 0.333054 0.574835
vt 0.333054 0.563702
vt 0.333408 0.569269
vt 0.332255 0.564619
vt 0.326391 0.574835
vt 0.326391 0.563703
vt 0.326689 0.564619
vt 0.325537 0.569269
vt 0.329472 0.575918
vt 0.332255 0.573919
vt 0.329472 0.562620
vt 0.326689 0.573919
vt 0.312789 0.634224
vt 0.312789 0.634224
vt 0.314472 0.634222
vt 0.314472 0.634222
vt 0.318536 0.665467
vt 0.318536 0.665467
vt 0.314472 0.665472
vt 0.314472 0.665472
vt 0.312789 0.665474
vt 0.312789 0.665474
vt 0.312789 0.634224
vt 0.312789 0.634224
vt 0.311106 0.634226
vt 0.311106 0.634226
vt 0.307042 0.634231
vt 0.307042 0.634231
vt 0.311106 0.665476
vt 0.311106 0.665476
vt 0.312789 0.665474
vt 0.312789 0.665474
vt 0.318536 0.634217
vt 0.318536 0.634217
vt 0.307042 0.665481
vt 0.307042 0.665481
vt 0.313444 0.634223
vt 0.315159 0.634221
vt 0.314278 0.634222
vt 0.313313 0.634223
vt 0.309123 0.649853
vt 0.307042 0.649856
vt 0.311106 0.649851
vt 0.311151 0.649851
vt 0.314427 0.649847
vt 0.314472 0.649847
vt 0.312789 0.649849
vt 0.312789 0.649849
vt 0.311106 0.696726
vt 0.311151 0.696726
vt 0.312789 0.649849
vt 0.312789 0.649849
vt 0.314472 0.696722
vt 0.314427 0.696722
vt 0.316456 0.649844
vt 0.318536 0.649842
vt 0.310420 0.634227
vt 0.312134 0.634225
vt 0.312265 0.634224
vt 0.311300 0.681101
vt 0.313313 0.634223
vt 0.314279 0.681097
vt 0.315159 0.634221
vt 0.313444 0.634223
vt 0.311300 0.634226
vt 0.312265 0.634225
vt 0.312134 0.634225
vt 0.310420 0.634227
vt 0.312789 0.587349
vt 0.312789 0.587349
vt 0.312265 0.587350
vt 0.312789 0.634224
vt 0.314427 0.634222
vt 0.316456 0.634219
vt 0.313444 0.602973
vt 0.313444 0.571723
vt 0.313313 0.602973
vt 0.313313 0.602973
vt 0.309123 0.634228
vt 0.311151 0.681101
vt 0.313444 0.602973
vt 0.315159 0.602971
vt 0.315159 0.602971
vt 0.313313 0.587348
vt 0.313313 0.587348
vt 0.313444 0.556098
vt 0.313444 0.587348
vt 0.316456 0.587344
vt 0.316456 0.587344
vt 0.315159 0.587346
vt 0.316456 0.602969
vt 0.314427 0.681097
vt 0.312789 0.634224
vt 0.311151 0.634226
vt 0.310420 0.602977
vt 0.310420 0.602977
vt 0.309123 0.602978
vt 0.312265 0.602974
vt 0.312265 0.602974
vt 0.312789 0.602974
vt 0.310420 0.587352
vt 0.310420 0.587352
vt 0.312134 0.556100
vt 0.312134 0.587350
vt 0.315159 0.587346
vt 0.313444 0.587348
vt 0.312134 0.602975
vt 0.312134 0.571725
vt 0.312134 0.602975
vt 0.309123 0.587353
vt 0.309123 0.587353
vt 0.312265 0.587350
vt 0.312134 0.587350
vt 0.312789 0.587349
vt 0.312789 0.587349
vt 0.312789 0.602974
vt 0.322553 0.579605
vt 0.329683 0.599460
vt 0.322554 0.580756
vt 0.290504 0.550416
vt 0.290504 0.552230
vt 0.290504 0.550416
vt 0.290504 0.552230
vt 0.290504 0.550947
vt 0.290504 0.552230
vt 0.290504 0.552230
vt 0.290504 0.552230
vt 0.290504 0.552230
vt 0.285974 0.582845
vt 0.291058 0.600109
vt 0.282215 0.561074
vt 0.277233 0.561074
vt 0.277233 0.556343
vt 0.285974 0.556343
vt 0.272195 0.561074
vt 0.268491 0.556343
vt 0.272195 0.569594
vt 0.272195 0.578113
vt 0.268491 0.582845
vt 0.282215 0.569594
vt 0.277233 0.578113
vt 0.277233 0.582845
vt 0.282215 0.578113
vt 0.273862 0.574835
vt 0.273862 0.563702
vt 0.274660 0.564619
vt 0.273507 0.569269
vt 0.280525 0.574835
vt 0.280525 0.563703
vt 0.281379 0.569269
vt 0.280226 0.564619
vt 0.274660 0.573919
vt 0.277443 0.575918
vt 0.277443 0.562620
vt 0.280226 0.573919
vt 0.312789 0.634224
vt 0.314472 0.634222
vt 0.314472 0.634222
vt 0.312789 0.634224
vt 0.318536 0.665467
vt 0.314472 0.665472
vt 0.314472 0.665472
vt 0.318536 0.665467
vt 0.312789 0.665474
vt 0.312789 0.665474
vt 0.312789 0.634224
vt 0.311106 0.634226
vt 0.311106 0.634226
vt 0.312789 0.634224
vt 0.307042 0.634231
vt 0.307042 0.634231
vt 0.311106 0.665476
vt 0.312789 0.665474
vt 0.312789 0.665474
vt 0.311106 0.665476
vt 0.318536 0.634217
vt 0.318536 0.634217
vt 0.307042 0.665481
vt 0.307042 0.665481
vt 0.313444 0.634223
vt 0.313313 0.634223
vt 0.314278 0.634222
vt 0.315159 0.634221
vt 0.309123 0.649853
vt 0.311151 0.649851
vt 0.311106 0.649851
vt 0.307042 0.649856
vt 0.314427 0.649847
vt 0.312789 0.649849
vt 0.312789 0.649849
vt 0.314472 0.649847
vt 0.311151 0.696726
vt 0.311106 0.696726
vt 0.312789 0.649849
vt 0.314427 0.696722
vt 0.314472 0.696722
vt 0.312789 0.649849
vt 0.316456 0.649844
vt 0.318536 0.649842
vt 0.310420 0.634227
vt 0.311300 0.681101
vt 0.312265 0.634224
vt 0.312134 0.634225
vt 0.313313 0.634223
vt 0.313444 0.634223
vt 0.315159 0.634221
vt 0.314279 0.681097
vt 0.311300 0.634226
vt 0.310420 0.634227
vt 0.312134 0.634225
vt 0.312265 0.634225
vt 0.312789 0.587349
vt 0.312265 0.587350
vt 0.312789 0.587349
vt 0.312789 0.634224
vt 0.314427 0.634222
vt 0.316456 0.634219
vt 0.313444 0.602973
vt 0.313313 0.602973
vt 0.313313 0.602973
vt 0.313444 0.571723
vt 0.309123 0.634228
vt 0.311151 0.681101
vt 0.313444 0.602973
vt 0.315159 0.602971
vt 0.315159 0.602971
vt 0.313313 0.587348
vt 0.313444 0.587348
vt 0.313444 0.556098
vt 0.313313 0.587348
vt 0.316456 0.587344
vt 0.315159 0.587346
vt 0.316456 0.587344
vt 0.316456 0.602969
vt 0.314427 0.681097
vt 0.312789 0.634224
vt 0.311151 0.634226
vt 0.310420 0.602977
vt 0.309123 0.602978
vt 0.310420 0.602977
vt 0.312265 0.602974
vt 0.312789 0.602974
vt 0.312265 0.602974
vt 0.310420 0.587352
vt 0.312134 0.587350
vt 0.312134 0.556100
vt 0.310420 0.587352
vt 0.313444 0.587348
vt 0.315159 0.587346
vt 0.312134 0.602975
vt 0.312134 0.571725
vt 0.312134 0.602975
vt 0.309123 0.587353
vt 0.309123 0.587353
vt 0.312134 0.587350
vt 0.312265 0.587350
vt 0.312789 0.587349
vt 0.312789 0.587349
vt 0.312789 0.602974
vt 0.322511 0.580176
vt 0.322626 0.578735
vt 0.303458 0.575760
vt 0.303458 0.556343
vt 0.290504 0.584996
vt 0.290504 0.584996
vt 0.338425 0.596468
vt 0.332474 0.601982
vt 0.338425 0.618250
vt 0.285974 0.582856
vt 0.283344 0.600316
vt 0.285974 0.663111
vt 0.283344 0.645651
vt 0.286228 0.638609
vt 0.277239 0.638609
vt 0.283344 0.631566
vt 0.285974 0.614106
vt 0.291058 0.631359
vt 0.303451 0.576109
vt 0.291058 0.583358
vt 0.283344 0.614401
vt 0.303451 0.638609
vt 0.283344 0.553441
vt 0.285974 0.535981
vt 0.286228 0.560484
vt 0.291058 0.567733
vt 0.285974 0.584986
vt 0.329683 0.612136
vt 0.303458 0.607010
vt 0.322626 0.609985
vt 0.321105 0.614553
vt 0.303540 0.551595
vt 0.321105 0.552053
vt 0.320941 0.558937
vt 0.322553 0.610855
vt 0.328756 0.636009
vt 0.327032 0.576109
vt 0.300662 0.582845
vt 0.290504 0.637240
vt 0.290504 0.636088
vt 0.290504 0.635550
vt 0.290504 0.635550
vt 0.290505 0.635776
vt 0.290504 0.637409
vt 0.290504 0.635776
vt 0.290505 0.637409
vt 0.290504 0.635413
vt 0.290504 0.635413
vt 0.290504 0.635550
vt 0.290504 0.593890
vt 0.290504 0.584996
vt 0.290504 0.593890
vt 0.332337 0.607359
vt 0.334281 0.607359
vt 0.290504 0.593890
vn -0.0000 -0.8613 -0.5081
vn -0.0000 -0.7017 -0.7125
vn 0.1844 -0.7017 -0.6882
vn 0.1315 -0.8613 -0.4908
vn -0.0000 -0.2561 -0.9666
vn -0.0000 -0.0651 -0.9979
vn 0.2583 -0.0651 -0.9639
vn 0.2502 -0.2561 -0.9337
vn -0.0000 -0.9632 -0.2689
vn 0.0696 -0.9632 -0.2597
vn -0.0000 -0.4954 -0.8687
vn 0.2248 -0.4954 -0.8391
vn -0.0000 -1.0000 -0.0000
vn 0.2540 -0.8613 -0.4400
vn 0.1345 -0.9632 -0.2329
vn 0.4833 -0.2561 -0.8371
vn 0.4343 -0.4954 -0.7523
vn 0.3562 -0.7017 -0.6170
vn 0.4989 -0.0651 -0.8642
vn 0.5038 -0.7017 -0.5038
vn 0.3593 -0.8613 -0.3593
vn 0.7056 -0.0651 -0.7056
vn 0.6835 -0.2561 -0.6835
vn 0.1901 -0.9632 -0.1901
vn 0.6143 -0.4954 -0.6143
vn 0.2329 -0.9632 -0.1345
vn 0.7523 -0.4954 -0.4343
vn 0.6170 -0.7017 -0.3562
vn 0.4400 -0.8613 -0.2540
vn 0.8642 -0.0651 -0.4989
vn 0.8371 -0.2561 -0.4833
vn 0.4908 -0.8613 -0.1315
vn 0.2597 -0.9632 -0.0696
vn 0.9337 -0.2561 -0.2502
vn 0.8391 -0.4954 -0.2248
vn 0.6882 -0.7017 -0.1844
vn 0.9639 -0.0651 -0.2583
vn 0.7125 -0.7017 0.0000
vn 0.5081 -0.8613 0.0000
vn 0.9979 -0.0651 0.0000
vn 0.9666 -0.2561 0.0000
vn 0.2689 -0.9632 -0.0000
vn 0.8687 -0.4954 0.0000
vn 0.2597 -0.9632 0.0696
vn 0.8391 -0.4954 0.2248
vn 0.6882 -0.7017 0.1844
vn 0.4908 -0.8613 0.1315
vn 0.9639 -0.0651 0.2583
vn 0.9337 -0.2561 0.2502
vn 0.4400 -0.8613 0.2540
vn 0.2329 -0.9632 0.1345
vn 0.8371 -0.2561 0.4833
vn 0.7523 -0.4954 0.4343
vn 0.6170 -0.7017 0.3562
vn 0.8642 -0.0651 0.4989
vn 0.5038 -0.7017 0.5038
vn 0.3593 -0.8613 0.3593
vn 0.7056 -0.0651 0.7056
vn 0.6835 -0.2561 0.6835
vn 0.1901 -0.9632 0.1901
vn 0.6143 -0.4954 0.6143
vn 0.1345 -0.9632 0.2329
vn 0.4343 -0.4954 0.7523
vn 0.3562 -0.7017 0.6170
vn 0.2540 -0.8613 0.4400
vn 0.4989 -0.0650 0.8642
vn 0.4833 -0.2562 0.8371
vn 0.2586 -0.0650 0.9638
vn 0.2505 -0.2565 0.9335
vn 0.1315 -0.8613 0.4908
vn 0.0696 -0.9632 0.2597
vn 0.2248 -0.4954 0.8391
vn 0.1844 -0.7017 0.6882
vn -0.0000 -0.7017 0.7125
vn -0.0000 -0.8613 0.5081
vn -0.0000 -0.0666 0.9978
vn 0.0000 -0.2568 0.9665
vn 0.0000 -0.9632 0.2689
vn -0.0000 -0.4954 0.8687
vn -0.2505 -0.2565 0.9335
vn -0.2248 -0.4954 0.8391
vn -0.0696 -0.9632 0.2597
vn -0.1844 -0.7017 0.6882
vn -0.1315 -0.8613 0.4908
vn -0.2586 -0.0650 0.9638
vn -0.4989 -0.0650 0.8642
vn -0.4833 -0.2562 0.8371
vn -0.2540 -0.8613 0.4400
vn -0.1345 -0.9632 0.2329
vn -0.4343 -0.4954 0.7523
vn -0.3562 -0.7017 0.6170
vn -0.6143 -0.4954 0.6143
vn -0.5038 -0.7017 0.5038
vn -0.3593 -0.8613 0.3593
vn -0.7056 -0.0651 0.7056
vn -0.6835 -0.2561 0.6835
vn -0.1901 -0.9632 0.1901
vn -0.8371 -0.2561 0.4833
vn -0.7523 -0.4954 0.4343
vn -0.2329 -0.9632 0.1345
vn -0.6170 -0.7017 0.3562
vn -0.4400 -0.8613 0.2540
vn -0.8642 -0.0651 0.4989
vn -0.6882 -0.7017 0.1844
vn -0.4908 -0.8613 0.1315
vn -0.9639 -0.0651 0.2583
vn -0.9337 -0.2561 0.2502
vn -0.2597 -0.9632 0.0696
vn -0.8391 -0.4954 0.2248
vn -0.8687 -0.4954 0.0000
vn -0.7125 -0.7017 0.0000
vn -0.5081 -0.8613 0.0000
vn -0.9979 -0.0651 -0.0000
vn -0.9666 -0.2561 0.0000
vn -0.2689 -0.9632 0.0000
vn -0.4908 -0.8613 -0.1315
vn -0.2597 -0.9632 -0.0696
vn -0.9337 -0.2561 -0.2502
vn -0.8391 -0.4954 -0.2248
vn -0.6882 -0.7017 -0.1844
vn -0.9639 -0.0651 -0.2583
vn -0.6170 -0.7017 -0.3562
vn -0.4400 -0.8613 -0.2540
vn -0.8642 -0.0651 -0.4989
vn -0.8371 -0.2561 -0.4833
vn -0.2329 -0.9632 -0.1345
vn -0.7523 -0.4954 -0.4343
vn -0.1901 -0.9632 -0.1901
vn -0.6143 -0.4954 -0.6143
vn -0.5038 -0.7017 -0.5038
vn -0.3593 -0.8613 -0.3593
vn -0.7056 -0.0651 -0.7056
vn -0.6835 -0.2561 -0.6835
vn -0.2540 -0.8613 -0.4400
vn -0.1345 -0.9632 -0.2329
vn -0.4833 -0.2561 -0.8371
vn -0.4343 -0.4954 -0.7523
vn -0.3562 -0.7017 -0.6170
vn -0.4989 -0.0651 -0.8642
vn -0.1844 -0.7017 -0.6882
vn -0.1315 -0.8613 -0.4908
vn -0.2583 -0.0651 -0.9639
vn -0.2502 -0.2561 -0.9337
vn -0.0696 -0.9632 -0.2597
vn -0.2248 -0.4954 -0.8391
vn -0.0000 0.0651 -0.9979
vn -0.0000 0.2561 -0.9666
vn 0.2502 0.2561 -0.9337
vn 0.2583 0.0651 -0.9639
vn -0.0000 0.7017 -0.7125
vn -0.0000 0.8613 -0.5081
vn 0.1315 0.8613 -0.4908
vn 0.1844 0.7017 -0.6882
vn -0.0000 0.4954 -0.8687
vn 0.2248 0.4954 -0.8391
vn -0.0000 0.9632 -0.2689
vn -0.0000 1.0000 -0.0000
vn 0.0696 0.9632 -0.2597
vn 0.1345 0.9632 -0.2329
vn 0.4343 0.4954 -0.7523
vn 0.4833 0.2561 -0.8371
vn 0.2540 0.8613 -0.4400
vn 0.4989 0.0651 -0.8642
vn 0.3562 0.7017 -0.6170
vn 0.3593 0.8613 -0.3593
vn 0.5038 0.7017 -0.5038
vn 0.6143 0.4954 -0.6143
vn 0.1901 0.9632 -0.1901
vn 0.6835 0.2561 -0.6835
vn 0.7056 0.0651 -0.7056
vn 0.2329 0.9632 -0.1345
vn 0.4400 0.8613 -0.2540
vn 0.8371 0.2561 -0.4833
vn 0.8642 0.0651 -0.4989
vn 0.6170 0.7017 -0.3562
vn 0.7523 0.4954 -0.4343
vn 0.6882 0.7017 -0.1844
vn 0.8391 0.4954 -0.2248
vn 0.2597 0.9632 -0.0696
vn 0.9337 0.2561 -0.2502
vn 0.4908 0.8613 -0.1315
vn 0.9639 0.0651 -0.2583
vn 0.5081 0.8613 0.0000
vn 0.7125 0.7017 -0.0000
vn 0.8687 0.4954 -0.0000
vn 0.2689 0.9632 0.0000
vn 0.9666 0.2561 0.0000
vn 0.9979 0.0651 0.0000
vn 0.8391 0.4954 0.2248
vn 0.9337 0.2561 0.2502
vn 0.2597 0.9632 0.0696
vn 0.4908 0.8613 0.1315
vn 0.9639 0.0651 0.2583
vn 0.6882 0.7017 0.1844
vn 0.6170 0.7017 0.3562
vn 0.7523 0.4954 0.4343
vn 0.2329 0.9632 0.1345
vn 0.8371 0.2561 0.4833
vn 0.4400 0.8613 0.2540
vn 0.8642 0.0651 0.4989
vn 0.6835 0.2561 0.6835
vn 0.7056 0.0651 0.7056
vn 0.3593 0.8613 0.3593
vn 0.5038 0.7017 0.5038
vn 0.6143 0.4954 0.6143
vn 0.1901 0.9632 0.1901
vn 0.4343 0.4954 0.7523
vn 0.4833 0.2561 0.8371
vn 0.1345 0.9632 0.2329
vn 0.2540 0.8613 0.4400
vn 0.4989 0.0651 0.8642
vn 0.3562 0.7017 0.6170
vn 0.1844 0.7017 0.6882
vn 0.2248 0.4954 0.8391
vn 0.0696 0.9632 0.2597
vn 0.2502 0.2561 0.9337
vn 0.1315 0.8613 0.4908
vn 0.2583 0.0651 0.9639
vn 0.0000 0.2561 0.9666
vn -0.0000 0.0651 0.9979
vn -0.0000 0.8613 0.5081
vn -0.0000 0.7017 0.7125
vn 0.0000 0.4954 0.8687
vn 0.0000 0.9632 0.2689
vn -0.2248 0.4954 0.8391
vn -0.2502 0.2561 0.9337
vn -0.0696 0.9632 0.2597
vn -0.1315 0.8613 0.4908
vn -0.2583 0.0651 0.9639
vn -0.1844 0.7017 0.6882
vn -0.3562 0.7017 0.6170
vn -0.4343 0.4954 0.7523
vn -0.1345 0.9632 0.2329
vn -0.4833 0.2561 0.8371
vn -0.2540 0.8613 0.4400
vn -0.4989 0.0651 0.8642
vn -0.6835 0.2561 0.6835
vn -0.7056 0.0651 0.7056
vn -0.3593 0.8613 0.3593
vn -0.5038 0.7017 0.5038
vn -0.6143 0.4954 0.6143
vn -0.1901 0.9632 0.1901
vn -0.2329 0.9632 0.1345
vn -0.7523 0.4954 0.4343
vn -0.8371 0.2561 0.4833
vn -0.4400 0.8613 0.2540
vn -0.8642 0.0651 0.4989
vn -0.6170 0.7017 0.3562
vn -0.6882 0.7017 0.1844
vn -0.8391 0.4954 0.2248
vn -0.2597 0.9632 0.0696
vn -0.9337 0.2561 0.2502
vn -0.4908 0.8613 0.1315
vn -0.9639 0.0651 0.2583
vn -0.2689 0.9632 -0.0000
vn -0.5081 0.8613 -0.0000
vn -0.9666 0.2561 -0.0000
vn -0.9979 0.0651 -0.0000
vn -0.7125 0.7017 0.0000
vn -0.8687 0.4954 0.0000
vn -0.2597 0.9632 -0.0696
vn -0.8391 0.4954 -0.2248
vn -0.9337 0.2561 -0.2502
vn -0.4908 0.8613 -0.1315
vn -0.9639 0.0651 -0.2583
vn -0.6882 0.7017 -0.1844
vn -0.4400 0.8613 -0.2540
vn -0.6170 0.7017 -0.3562
vn -0.2588 -0.0000 -0.9659
vn -0.0000 -0.0000 -1.0000
vn -0.7523 0.4954 -0.4343
vn -0.5000 -0.0000 -0.8660
vn -0.2329 0.9632 -0.1345
vn 0.2588 -0.0000 -0.9659
vn 0.5000 -0.0000 -0.8660
vn -0.8371 0.2561 -0.4833
vn -0.8642 0.0651 -0.4989
vn -0.1901 0.9632 -0.1901
vn -0.3593 0.8613 -0.3593
vn -0.9659 0.0000 -0.2588
vn -0.8660 -0.0000 -0.5000
vn -0.6835 0.2561 -0.6835
vn -0.7056 0.0651 -0.7056
vn -0.5038 0.7017 -0.5038
vn -1.0000 0.0000 -0.0000
vn -0.7071 -0.0000 -0.7071
vn -0.6143 0.4954 -0.6143
vn -0.9659 -0.0000 0.2588
vn -0.3562 0.7017 -0.6170
vn -0.4343 0.4954 -0.7523
vn -0.0000 0.0064 1.0000
vn -0.2588 -0.0000 0.9659
vn -0.1345 0.9632 -0.2329
vn -0.7071 0.0000 0.7071
vn -0.8660 0.0000 0.5000
vn -0.4833 0.2561 -0.8371
vn -0.2540 0.8613 -0.4400
vn -0.5000 0.0000 0.8660
vn -0.4989 0.0651 -0.8642
vn -0.1315 0.8613 -0.4908
vn -0.1844 0.7017 -0.6882
vn 0.8660 0.0000 0.5000
vn 0.7071 0.0000 0.7071
vn 0.2588 -0.0000 0.9659
vn -0.2248 0.4954 -0.8391
vn 0.9659 0.0000 0.2588
vn -0.0696 0.9632 -0.2597
vn 0.5000 -0.0000 0.8660
vn -0.2502 0.2561 -0.9337
vn -0.2583 0.0651 -0.9639
vn 0.8660 0.0000 -0.5000
vn 0.9659 0.0000 -0.2588
vn 0.7071 0.0000 -0.7071
vn 1.0000 0.0000 0.0000
vn -0.5875 -0.0072 0.8092
vn -0.5791 0.1038 0.8086
vn -0.5184 0.0960 0.8497
vn -0.5204 -0.0040 0.8539
vn 0.3827 -0.0000 0.9239
vn 0.2832 0.0000 0.9591
vn -0.5037 0.3591 0.7857
vn -0.3557 0.6196 0.6997
vn -0.3047 0.5944 0.7442
vn -0.4488 0.3429 0.8252
vn 0.5918 0.0000 0.8061
vn 0.6088 0.0000 0.7934
vn 0.3557 0.6196 0.6997
vn 0.5037 0.3591 0.7857
vn 0.4488 0.3429 0.8252
vn 0.3047 0.5944 0.7442
vn -0.0000 -0.0032 1.0000
vn -0.1285 0.8153 0.5646
vn -0.0883 0.8184 0.5678
vn -0.0777 0.7748 0.6275
vn -0.1016 0.7784 0.6195
vn 0.1064 0.0126 0.9942
vn 0.2320 0.0000 0.9727
vn -0.5918 0.0000 0.8061
vn 0.5944 0.0000 0.8042
vn 0.0985 -0.0122 0.9951
vn 0.3962 -0.7193 0.5706
vn 0.4323 -0.6913 0.5789
vn 0.4408 -0.6418 0.6276
vn 0.3937 -0.6703 0.6290
vn 0.5875 -0.0072 0.8092
vn 0.5150 -0.1467 0.8445
vn 0.4613 -0.1215 0.8789
vn 0.5204 -0.0040 0.8539
vn -0.3962 -0.7193 0.5706
vn -0.1915 -0.7744 0.6031
vn -0.1895 -0.7256 0.6616
vn -0.3937 -0.6703 0.6290
vn -0.3827 -0.0000 0.9239
vn -0.5944 0.0000 0.8042
vn 0.0883 0.8184 0.5678
vn 0.1285 0.8153 0.5646
vn 0.1016 0.7784 0.6195
vn 0.0777 0.7748 0.6275
vn -0.1064 0.0126 0.9942
vn -0.2832 0.0000 0.9591
vn -0.5150 -0.1467 0.8445
vn -0.4613 -0.1215 0.8789
vn 0.2842 -0.4397 0.8520
vn 0.2486 -0.4095 0.8778
vn 0.5791 0.1038 0.8086
vn 0.5184 0.0960 0.8497
vn 0.1255 -0.6658 0.7355
vn 0.1431 -0.6280 0.7650
vn -0.0000 -0.7927 0.6096
vn 0.0000 -0.7428 0.6695
vn -0.1255 -0.6658 0.7355
vn -0.4323 -0.6913 0.5789
vn -0.4408 -0.6418 0.6276
vn -0.1431 -0.6280 0.7650
vn -0.2037 0.7711 0.6033
vn -0.1573 0.7389 0.6551
vn 0.2037 0.7711 0.6033
vn 0.1573 0.7389 0.6551
vn 0.0000 0.8191 0.5737
vn -0.0000 0.7757 0.6311
vn -0.6088 0.0000 0.7934
vn -0.0985 -0.0122 0.9951
vn -0.0000 -0.0278 0.9996
vn -0.0000 0.0418 0.9991
vn 0.1915 -0.7744 0.6031
vn 0.1895 -0.7256 0.6616
vn -0.2320 0.0000 0.9727
vn -0.2842 -0.4397 0.8520
vn -0.2486 -0.4095 0.8778
vn 0.4361 -0.7398 0.5124
vn 0.1078 -0.7207 0.6848
vn -0.1665 0.5697 -0.8048
vn -0.3695 0.4997 -0.7834
vn -0.3835 0.4938 -0.7805
vn -0.1687 0.5691 -0.8048
vn -0.3548 -0.4550 0.8168
vn -0.8138 -0.1556 -0.5599
vn -0.7342 -0.4312 -0.5244
vn -0.7400 -0.4211 -0.5245
vn -0.8139 -0.1561 -0.5597
vn -0.5938 -0.1311 0.7939
vn 0.6500 0.3424 -0.6784
vn 0.5503 0.4130 -0.7256
vn 0.5571 0.4097 -0.7224
vn 0.6569 0.3360 -0.6750
vn -0.6434 0.0998 0.7590
vn -0.5654 0.3721 0.7361
vn 0.0000 -0.6235 -0.7818
vn -0.0369 -0.6198 -0.7839
vn -0.0376 -0.6197 -0.7839
vn -0.4059 0.6497 0.6428
vn -0.6500 0.3424 -0.6784
vn -0.7422 0.2069 -0.6375
vn -0.7445 0.2012 -0.6366
vn -0.6569 0.3360 -0.6750
vn -0.2443 0.8055 0.5399
vn -0.0046 -0.6366 -0.7712
vn 0.1258 -0.6910 -0.7119
vn 0.1402 -0.6969 -0.7033
vn 0.0005 -0.6386 -0.7695
vn 0.5938 -0.1311 0.7939
vn 0.3548 -0.4550 0.8168
vn -0.7774 0.0652 -0.6256
vn -0.7896 -0.0234 -0.6131
vn -0.7896 -0.0235 -0.6131
vn -0.7774 0.0647 -0.6257
vn -0.1078 -0.7207 0.6848
vn 0.0000 0.5895 -0.8077
vn -0.4361 -0.7398 0.5124
vn 0.7774 0.0652 -0.6256
vn 0.7422 0.2069 -0.6375
vn 0.7445 0.2012 -0.6366
vn 0.7774 0.0647 -0.6257
vn 0.2443 0.8055 0.5399
vn 0.4059 0.6497 0.6428
vn 0.0046 -0.6366 -0.7712
vn 0.0369 -0.6198 -0.7839
vn 0.0376 -0.6197 -0.7840
vn -0.0005 -0.6386 -0.7695
vn 0.5654 0.3721 0.7361
vn 0.7342 -0.4312 -0.5244
vn 0.8138 -0.1556 -0.5599
vn 0.8139 -0.1561 -0.5597
vn 0.7400 -0.4211 -0.5245
vn 0.6434 0.0998 0.7590
vn 0.3874 -0.7692 0.5082
vn -0.4171 -0.6771 -0.6062
vn -0.4501 -0.6660 -0.5948
vn -0.6510 -0.0087 0.7590
vn -0.1604 0.8540 0.4949
vn 0.4171 -0.6771 -0.6062
vn 0.4501 -0.6660 -0.5948
vn 0.6510 -0.0087 0.7590
vn 0.7896 -0.0234 -0.6131
vn 0.7896 -0.0235 -0.6131
vn 0.3695 0.4997 -0.7834
vn 0.3835 0.4938 -0.7805
vn -0.3874 -0.7692 0.5082
vn 0.1604 0.8540 0.4949
vn -0.1939 -0.8177 0.5421
vn -0.0000 -0.8367 0.5476
vn 0.1665 0.5697 -0.8048
vn 0.1687 0.5691 -0.8048
vn 0.1938 -0.8177 0.5421
vn -0.5503 0.4130 -0.7256
vn -0.5571 0.4097 -0.7224
vn -0.1026 0.8607 0.4986
vn 0.0000 0.8635 0.5043
vn 0.1026 0.8607 0.4986
vn -0.1258 -0.6910 -0.7119
vn -0.1402 -0.6969 -0.7033
vn -0.0917 -0.0815 0.9924
vn -0.2727 -0.0799 0.9588
vn -0.2026 0.0116 0.9792
vn -0.0790 0.0123 0.9968
vn 0.8219 -0.0226 0.5692
vn 0.8068 0.1260 0.5772
vn 0.7897 -0.0098 0.6135
vn -0.1937 0.1116 0.9747
vn -0.0683 0.0960 0.9930
vn 0.2727 -0.0799 0.9588
vn 0.0917 -0.0815 0.9924
vn 0.0790 0.0123 0.9968
vn 0.2026 0.0116 0.9792
vn 0.0683 0.0960 0.9930
vn 0.1937 0.1116 0.9747
vn -0.7479 -0.2100 0.6297
vn -0.4518 -0.5874 0.6714
vn -0.5307 -0.5111 0.6761
vn -0.7897 -0.0098 0.6135
vn 0.7315 0.3918 0.5580
vn 0.5710 0.6812 0.4582
vn 0.5613 0.6935 0.4515
vn 0.7366 0.3785 0.5606
vn -0.0033 -0.8484 0.5294
vn 0.4518 -0.5874 0.6714
vn 0.5307 -0.5111 0.6761
vn -0.0332 -0.8569 0.5145
vn 0.0033 -0.8484 0.5294
vn 0.0332 -0.8569 0.5145
vn 0.2702 0.0073 0.9628
vn 0.2965 -0.0293 0.9546
vn 0.3499 -0.0599 0.9349
vn 0.3182 0.1113 0.9415
vn 0.2721 0.0547 0.9607
vn -0.3499 -0.0599 0.9349
vn -0.2965 -0.0293 0.9546
vn -0.2702 0.0073 0.9628
vn -0.2721 0.0547 0.9607
vn -0.3183 0.1113 0.9415
vn -0.0000 0.0128 0.9999
vn -0.0000 -0.0811 0.9967
vn -0.0000 0.0962 0.9954
vn -0.7315 0.3918 0.5580
vn -0.8068 0.1260 0.5772
vn -0.7366 0.3785 0.5606
vn -0.5710 0.6812 0.4582
vn -0.5613 0.6935 0.4515
vn -0.8219 -0.0226 0.5692
vn -0.2380 0.9341 0.2662
vn -0.3940 0.8565 0.3335
vn -0.3117 0.8966 0.3146
vn 0.7479 -0.2100 0.6297
vn -0.3715 -0.8902 0.2636
vn -0.3416 -0.8832 0.3213
vn -0.2831 -0.9017 0.3268
vn 0.3416 -0.8832 0.3213
vn 0.3715 -0.8902 0.2636
vn 0.2831 -0.9017 0.3268
vn 0.3940 0.8565 0.3335
vn 0.2380 0.9341 0.2662
vn 0.3117 0.8966 0.3146
vn -0.1207 0.9553 0.2700
vn -0.1290 0.9546 0.2686
vn 0.1888 -0.9325 0.3079
vn 0.0000 -0.9496 0.3135
vn 0.1904 -0.9322 0.3079
vn 0.0000 0.9605 0.2783
vn 0.1207 0.9553 0.2700
vn 0.1290 0.9546 0.2686
vn -0.1904 -0.9322 0.3079
vn -0.1888 -0.9325 0.3079
vn 0.7880 0.2304 -0.5709
vn 0.8068 0.1867 -0.5606
vn 0.7811 0.1669 -0.6017
vn 0.7574 0.2234 -0.6136
vn 0.6000 0.1193 -0.7910
vn 0.6239 0.0629 -0.7789
vn 0.5868 0.0412 -0.8087
vn 0.5691 0.0856 -0.8178
vn 0.8229 0.1418 -0.5501
vn 0.8024 0.1098 -0.5866
vn 0.6448 0.0056 -0.7643
vn 0.6042 -0.0028 -0.7968
vn 0.7324 0.0503 -0.6790
vn 0.7087 0.1154 -0.6960
vn 0.6810 0.1804 -0.7097
vn 0.5721 0.0705 -0.8171
vn 0.5746 0.0844 -0.8141
vn 0.5724 0.0833 -0.8158
vn 0.6049 0.0016 -0.7963
vn 0.6073 0.0029 -0.7944
vn 0.5970 0.0090 -0.8022
vn 0.5755 0.0346 -0.8170
vn 0.7870 0.2249 -0.5746
vn 0.7957 0.2183 -0.5650
vn 0.7883 0.2262 -0.5722
vn 0.8190 0.1429 -0.5558
vn 0.8205 0.1442 -0.5531
vn 0.8197 0.1563 -0.5510
vn 0.8140 0.1923 -0.5481
vn 0.7829 -0.0003 -0.6221
vn 0.7542 -0.0204 -0.6563
vn 0.7402 0.0273 -0.6718
vn 0.7768 0.0524 -0.6276
vn 0.7075 0.2278 -0.6690
vn 0.6708 0.2030 -0.7133
vn 0.6477 0.2491 -0.7200
vn 0.6769 0.2681 -0.6855
vn 0.7234 -0.0395 -0.6893
vn 0.7006 0.0018 -0.7136
vn 0.6312 0.1774 -0.7551
vn 0.6174 0.2286 -0.7527
vn 0.6633 0.0865 -0.7433
vn 0.7085 0.1155 -0.6962
vn 0.7504 0.1441 -0.6451
vn 0.6507 0.2943 -0.7000
vn 0.6616 0.2906 -0.6912
vn 0.6603 0.2933 -0.6914
vn 0.6057 0.2568 -0.7531
vn 0.6073 0.2539 -0.7528
vn 0.6097 0.2664 -0.7465
vn 0.6245 0.2917 -0.7245
vn 0.7871 -0.0270 -0.6162
vn 0.7828 -0.0399 -0.6210
vn 0.7879 -0.0296 -0.6151
vn 0.7323 -0.0626 -0.6781
vn 0.7331 -0.0656 -0.6770
vn 0.7413 -0.0666 -0.6679
vn 0.7654 -0.0649 -0.6403
vn 0.1332 -0.9783 0.1586
vn 0.1380 -0.9769 0.1635
vn -0.0069 -0.9999 0.0127
vn 0.2811 -0.9204 0.2716
vn 0.2808 -0.9207 0.2709
vn 0.2883 -0.9154 0.2809
vn 0.2886 -0.9152 0.2812
vn -0.6411 -0.4128 -0.6470
vn -0.6409 -0.4129 -0.6471
vn -0.6383 -0.4158 -0.6478
vn -0.6387 -0.4153 -0.6478
vn 0.4878 -0.7139 0.5024
vn 0.4028 -0.8210 0.4046
vn 0.3784 -0.8455 0.3767
vn 0.6268 0.4033 0.6667
vn 0.6269 0.4033 0.6666
vn 0.6682 0.2206 0.7106
vn 0.6666 0.2306 0.7088
vn 0.2791 -0.9226 0.2661
vn 0.2792 -0.9227 0.2659
vn -0.6438 -0.4071 -0.6479
vn -0.6437 -0.4076 -0.6477
vn 0.6550 0.1962 0.7297
vn 0.6508 0.2206 0.7265
vn 0.6735 0.0028 0.7391
vn 0.3866 -0.8201 0.4218
vn 0.3937 -0.8129 0.4291
vn 0.2686 -0.9158 0.2987
vn 0.2688 -0.9157 0.2989
vn 0.2977 -0.9099 0.2888
vn 0.2980 -0.9098 0.2889
vn 0.3031 -0.9075 0.2908
vn 0.3029 -0.9076 0.2908
vn -0.3004 0.9186 -0.2568
vn -0.3002 0.9187 -0.2568
vn -0.1683 0.9794 -0.1116
vn -0.1921 0.9716 -0.1378
vn 0.5637 0.5517 0.6147
vn 0.5418 0.5923 0.5963
vn 0.6259 0.4065 0.6656
vn 0.6258 0.4062 0.6658
vn 0.5362 0.5702 0.6224
vn 0.5288 0.5846 0.6153
vn 0.6056 0.4014 0.6871
vn 0.6055 0.4017 0.6870
vn 0.6251 0.4039 0.6679
vn -0.3284 0.9125 -0.2438
vn -0.3285 0.9125 -0.2439
vn -0.1938 0.9754 -0.1051
vn -0.1963 0.9746 -0.1077
vn -0.4240 0.8229 -0.3782
vn -0.4349 0.8122 -0.3887
vn -0.3138 0.9100 -0.2710
vn -0.3139 0.9100 -0.2708
vn 0.6247 0.4052 0.6674
vn 0.6246 0.4052 0.6676
vn -0.4541 0.8080 -0.3755
vn -0.4453 0.8170 -0.3662
vn -0.3043 0.9170 -0.2579
vn -0.3039 0.9172 -0.2577
vn -0.6616 -0.4094 -0.6283
vn -0.6614 -0.4099 -0.6281
vn -0.7112 -0.2068 -0.6719
vn -0.7076 -0.2281 -0.6688
vn 0.6240 0.4045 0.6686
vn 0.6240 0.4044 0.6686
vn -0.6945 -0.2107 -0.6880
vn -0.6834 -0.2627 -0.6812
vn 0.4985 -0.6801 0.5375
vn -0.3132 0.9113 -0.2673
vn -0.3131 0.9114 -0.2671
vn -0.5827 -0.5935 -0.5551
vn -0.5917 -0.5765 -0.5635
vn 0.6838 0.0411 0.7285
vn -0.3094 0.9142 -0.2617
vn -0.3095 0.9141 -0.2618
vn 0.1669 -0.9731 0.1591
vn 0.1851 -0.9667 0.1765
vn -0.5852 -0.5553 -0.5909
vn -0.5800 -0.5666 -0.5853
vn -0.6441 -0.3985 -0.6529
vn -0.6441 -0.3986 -0.6529
vn 0.1991 0.9385 0.2821
vn 0.2130 0.9310 0.2966
vn 0.2022 0.9366 0.2863
vn 0.2376 0.9171 0.3200
vn -0.6804 0.3734 -0.6306
vn -0.6816 0.3690 -0.6319
vn -0.7159 -0.0478 -0.6965
vn -0.5540 0.6772 -0.4842
vn -0.6447 -0.4016 -0.6504
vn -0.6447 -0.4017 -0.6504
vn 0.0416 -0.9984 0.0391
vn -0.5008 -0.7055 -0.5014
vn -0.4863 -0.7398 -0.4650
vn 0.6162 -0.0284 -0.7871
vn 0.6064 -0.0759 -0.7916
vn 0.5657 -0.0636 -0.8222
vn 0.5792 -0.0031 -0.8152
vn 0.3567 0.0594 -0.9323
vn 0.3435 -0.0013 -0.9391
vn 0.2954 0.0114 -0.9553
vn 0.3068 0.0584 -0.9500
vn 0.5938 -0.1229 -0.7951
vn 0.5507 -0.1245 -0.8254
vn 0.3280 -0.0620 -0.9427
vn 0.2846 -0.0361 -0.9580
vn 0.4408 -0.1024 -0.8917
vn 0.4583 -0.0333 -0.8882
vn 0.4736 0.0366 -0.8800
vn 0.3001 0.0448 -0.9529
vn 0.3110 0.0533 -0.9489
vn 0.3083 0.0542 -0.9497
vn 0.2880 -0.0333 -0.9571
vn 0.2910 -0.0341 -0.9561
vn 0.2852 -0.0214 -0.9582
vn 0.2809 0.0150 -0.9596
vn 0.6113 -0.0309 -0.7908
vn 0.6160 -0.0439 -0.7865
vn 0.6136 -0.0314 -0.7890
vn 0.5902 -0.1180 -0.7986
vn 0.5927 -0.1188 -0.7966
vn 0.5999 -0.1097 -0.7925
vn 0.6180 -0.0796 -0.7821
vn -0.2831 -0.9591 -0.0020
vn -0.2837 -0.9589 -0.0025
vn -0.2725 -0.9621 0.0045
vn -0.2722 -0.9622 0.0046
vn 0.0509 -0.9857 0.1605
vn -0.1006 -0.9911 0.0875
vn -0.1402 -0.9878 0.0678
vn -0.2872 -0.9579 -0.0066
vn -0.2872 -0.9578 -0.0068
vn 0.7802 -0.4416 0.4429
vn 0.7911 -0.4193 0.4454
vn 0.6793 -0.6054 0.4147
vn -0.2603 -0.9655 0.0088
vn -0.2600 -0.9656 0.0089
vn -0.2543 -0.9671 0.0090
vn -0.2544 -0.9671 0.0090
vn 0.2705 0.9624 0.0227
vn 0.2707 0.9624 0.0225
vn 0.4403 0.8907 0.1134
vn 0.4116 0.9061 0.0975
vn 0.8925 -0.0506 0.4483
vn 0.8940 -0.0330 0.4468
vn 0.8574 -0.2410 0.4547
vn 0.8575 -0.2406 0.4547
vn 0.0913 0.9943 -0.0551
vn 0.0742 0.9953 -0.0622
vn 0.2519 0.9677 0.0136
vn 0.2519 0.9677 0.0137
vn 0.2663 0.9636 0.0229
vn 0.2668 0.9635 0.0229
vn -0.8921 0.2430 -0.3808
vn -0.8923 0.2425 -0.3808
vn -0.8169 0.4422 -0.3703
vn -0.8263 0.4227 -0.3722
vn 0.2541 0.9670 0.0169
vn 0.2542 0.9670 0.0170
vn -0.9273 0.0329 -0.3728
vn -0.9257 0.0538 -0.3743
vn 0.2599 0.9654 0.0210
vn 0.2597 0.9655 0.0209
vn -0.4271 -0.9016 -0.0687
vn -0.4055 -0.9122 -0.0588
vn 0.7830 0.5306 0.3245
vn 0.7923 0.5124 0.3312
vn -0.4326 0.8646 -0.2555
vn -0.4366 0.8622 -0.2568
vn -0.5646 -0.8144 -0.1337
vn -0.9224 -0.1627 -0.3502
vn -0.7311 -0.6620 0.1655
vn -0.6435 -0.6443 0.4134
vn -0.8510 -0.1863 0.4910
vn -0.9547 -0.2047 0.2161
vn 0.9853 0.1704 -0.0141
vn 0.7969 0.6035 0.0263
vn 0.7839 0.4402 0.4380
vn 0.8627 0.1289 0.4890
vn -0.2433 -0.9684 0.0551
vn -0.1538 -0.9400 0.3044
vn -0.3606 -0.1542 0.9199
vn -0.3606 0.1542 0.9199
vn -0.8510 0.1863 0.4910
vn -0.3252 0.4846 0.8121
vn -0.6435 0.6443 0.4134
vn 0.9853 -0.1701 -0.0139
vn 0.8627 -0.1287 0.4891
vn 0.7834 -0.4409 0.4380
vn 0.7958 -0.6050 0.0261
vn -0.1538 0.9400 0.3045
vn 0.0921 0.6067 0.7895
vn 0.2107 -0.1275 0.9692
vn -0.3252 -0.4846 0.8121
vn 0.0921 -0.6068 0.7895
vn 0.2107 0.1275 0.9692
vn 0.5533 -0.1203 0.8243
vn 0.5534 0.1203 0.8242
vn 0.9507 -0.1873 -0.2472
vn 0.9506 0.1877 -0.2472
vn 0.3119 0.9471 -0.0762
vn -0.2436 0.9683 0.0551
vn 0.3477 0.9225 0.1677
vn -0.7310 0.6620 0.1655
vn 0.5003 0.5758 0.6466
vn 0.3470 -0.9229 0.1671
vn 0.5002 -0.5762 0.6464
vn -0.9547 0.2047 0.2161
vn 0.3095 -0.9478 -0.0764
vn 0.7629 -0.6169 -0.1935
vn 0.7647 0.6147 -0.1934
vn 0.7311 -0.6620 0.1655
vn 0.9547 -0.2047 0.2161
vn 0.8510 -0.1863 0.4910
vn 0.6435 -0.6443 0.4134
vn -0.9853 0.1704 -0.0141
vn -0.8627 0.1289 0.4890
vn -0.7839 0.4402 0.4380
vn -0.7969 0.6035 0.0263
vn 0.2433 -0.9684 0.0551
vn 0.1538 -0.9400 0.3044
vn 0.3606 -0.1542 0.9199
vn 0.8510 0.1863 0.4910
vn 0.3606 0.1542 0.9199
vn 0.6435 0.6443 0.4134
vn 0.3252 0.4846 0.8121
vn -0.9853 -0.1701 -0.0139
vn -0.7958 -0.6050 0.0261
vn -0.7834 -0.4409 0.4380
vn -0.8627 -0.1287 0.4891
vn 0.1538 0.9400 0.3045
vn -0.0921 0.6067 0.7895
vn -0.2107 -0.1275 0.9692
vn -0.0921 -0.6068 0.7895
vn 0.3252 -0.4846 0.8121
vn -0.2107 0.1275 0.9692
vn -0.5533 -0.1203 0.8243
vn -0.5534 0.1203 0.8242
vn -0.9507 -0.1873 -0.2472
vn -0.9506 0.1877 -0.2472
vn -0.3119 0.9471 -0.0762
vn -0.3477 0.9225 0.1677
vn 0.2436 0.9683 0.0551
vn 0.7310 0.6620 0.1655
vn -0.5003 0.5758 0.6466
vn -0.3470 -0.9229 0.1671
vn -0.5002 -0.5762 0.6464
vn 0.9547 0.2047 0.2161
vn -0.7629 -0.6169 -0.1935
vn -0.3095 -0.9478 -0.0764
vn -0.7647 0.6147 -0.1934
vn 0.3672 -0.1495 0.9180
vn 0.3222 0.2067 0.9238
vn 0.0667 0.1692 0.9833
vn 0.1350 -0.1573 0.9783
vn 0.8545 -0.1463 -0.4984
vn 0.8390 0.2346 -0.4909
vn 0.9065 0.2192 -0.3608
vn 0.9246 -0.1355 -0.3561
vn -0.1212 0.9924 0.0204
vn -0.3825 0.9174 0.1097
vn -0.3027 0.9112 0.2795
vn -0.0404 0.9736 0.2246
vn -0.8432 -0.2824 0.4576
vn -0.8873 0.0853 0.4532
vn -0.9491 0.0989 0.2990
vn -0.9099 -0.2956 0.2911
vn 0.0960 -0.9760 0.1955
vn 0.1807 -0.6681 0.7218
vn 0.0296 -0.9219 0.3863
vn -0.0484 -0.9772 0.2065
vn -0.4330 -0.2183 0.8746
vn 0.0199 -0.3130 0.9495
vn -0.7682 -0.4736 0.4308
vn -0.6904 -0.4194 0.5894
vn -0.1046 0.6524 0.7507
vn -0.4950 0.4737 0.7284
vn -0.5031 0.1130 0.8568
vn -0.7306 0.5646 0.3841
vn 0.1999 -0.9617 0.1876
vn 0.1295 -0.9701 0.2053
vn 0.3690 -0.6504 0.6640
vn 0.3453 -0.6462 0.6806
vn -0.0269 0.9995 -0.0139
vn 0.0759 0.9815 0.1760
vn 0.1984 -0.9717 0.1278
vn 0.3040 -0.9525 0.0176
vn 0.3784 -0.9051 0.1938
vn 0.2794 -0.9130 0.2973
vn 0.9710 -0.1098 0.2126
vn 0.9400 -0.2809 -0.1938
vn 0.8820 -0.3294 -0.3370
vn 0.6732 -0.1170 0.7302
vn 0.6335 -0.2932 0.7160
vn 0.7528 -0.2550 0.6069
vn 0.3028 0.9527 0.0259
vn 0.5603 0.6924 0.4546
vn 0.8228 0.5547 0.1242
vn 0.7025 0.6651 -0.2533
vn 0.6815 0.2141 0.6998
vn 0.9609 0.2162 0.1733
vn 0.1741 0.6954 0.6972
vn 0.3250 0.7061 0.6291
vn 0.4697 -0.1423 0.8713
vn 0.0244 -0.9997 0.0077
vn 0.1212 -0.9924 -0.0204
vn 0.0269 -0.9995 0.0139
vn 0.4585 0.2182 0.8615
vn -0.1118 -0.9924 0.0507
vn -0.8180 -0.5102 0.2656
vn -0.7906 0.5611 0.2454
vn 0.2226 0.9642 -0.1439
vn 0.1120 -0.9924 -0.0513
vn 0.2339 -0.9638 -0.1280
vn 0.8035 -0.3683 -0.4677
vn 0.6423 0.6657 -0.3799
vn -0.3672 -0.1495 0.9180
vn -0.1350 -0.1573 0.9783
vn -0.0667 0.1692 0.9833
vn -0.3222 0.2067 0.9238
vn -0.8545 -0.1463 -0.4984
vn -0.9246 -0.1355 -0.3561
vn -0.9065 0.2192 -0.3608
vn -0.8390 0.2346 -0.4909
vn 0.1212 0.9924 0.0204
vn 0.0404 0.9736 0.2246
vn 0.3027 0.9112 0.2795
vn 0.3825 0.9174 0.1097
vn 0.8432 -0.2824 0.4576
vn 0.9099 -0.2956 0.2911
vn 0.9491 0.0989 0.2990
vn 0.8873 0.0853 0.4532
vn -0.0960 -0.9760 0.1955
vn 0.0484 -0.9772 0.2065
vn -0.0296 -0.9219 0.3863
vn -0.1807 -0.6681 0.7218
vn -0.0199 -0.3130 0.9495
vn 0.4330 -0.2183 0.8746
vn 0.6904 -0.4194 0.5894
vn 0.7682 -0.4736 0.4308
vn 0.5031 0.1130 0.8568
vn 0.4950 0.4737 0.7284
vn 0.1046 0.6524 0.7507
vn 0.7306 0.5646 0.3841
vn -0.1999 -0.9617 0.1876
vn -0.3453 -0.6462 0.6806
vn -0.3690 -0.6504 0.6640
vn -0.1295 -0.9701 0.2053
vn 0.0269 0.9995 -0.0139
vn -0.0759 0.9815 0.1760
vn -0.1984 -0.9717 0.1278
vn -0.2794 -0.9130 0.2973
vn -0.3784 -0.9051 0.1938
vn -0.3040 -0.9525 0.0176
vn -0.8820 -0.3294 -0.3370
vn -0.9400 -0.2809 -0.1938
vn -0.9710 -0.1098 0.2126
vn -0.6732 -0.1170 0.7302
vn -0.7528 -0.2550 0.6069
vn -0.6335 -0.2932 0.7160
vn -0.3028 0.9527 0.0259
vn -0.7025 0.6651 -0.2533
vn -0.8228 0.5547 0.1242
vn -0.5603 0.6924 0.4546
vn -0.6815 0.2141 0.6998
vn -0.9609 0.2162 0.1733
vn -0.3250 0.7061 0.6291
vn -0.1741 0.6954 0.6972
vn -0.4697 -0.1423 0.8713
vn -0.0244 -0.9997 0.0077
vn -0.1212 -0.9924 -0.0204
vn -0.0269 -0.9995 0.0139
vn -0.4585 0.2182 0.8615
vn 0.1118 -0.9924 0.0507
vn 0.8180 -0.5102 0.2656
vn 0.7906 0.5611 0.2454
vn -0.2226 0.9642 -0.1439
vn -0.2339 -0.9638 -0.1280
vn -0.1120 -0.9924 -0.0513
vn -0.8035 -0.3683 -0.4677
vn -0.6423 0.6657 -0.3799
vn -0.1603 -0.9596 0.2313
vn -0.3691 -0.9063 0.2060
vn -0.3312 -0.9420 0.0545
vn -0.1370 -0.9890 0.0567
vn 0.1201 -0.1462 -0.9819
vn -0.1437 -0.1231 -0.9819
vn -0.1434 -0.5086 -0.8490
vn 0.0529 -0.5257 -0.8490
vn 0.0494 -0.8063 0.5894
vn -0.1887 -0.7855 0.5894
vn -0.0087 -0.9728 0.2313
vn -0.1201 0.1462 0.9819
vn -0.5103 0.1613 0.8447
vn -0.5064 -0.1574 0.8478
vn -0.1634 -0.2376 0.9575
vn 0.0964 -0.1445 -0.9848
vn 0.0153 -0.4887 -0.8723
vn -0.0368 -0.9977 0.0567
vn 0.1626 -0.9852 0.0545
vn 0.2061 -0.9566 0.2061
vn 0.9898 -0.0694 0.1247
vn 0.9434 -0.3053 0.1293
vn 0.9248 -0.3624 -0.1160
vn 0.9798 -0.1089 -0.1678
vn -0.9868 0.1036 0.1247
vn -0.9838 0.0629 -0.1678
vn -0.9737 -0.1963 -0.1160
vn -0.9821 -0.1368 0.1293
vn -0.1200 -0.1256 -0.9848
vn -0.1000 -0.4786 -0.8723
vn 0.4713 -0.2430 0.8478
vn 0.3920 -0.7462 0.5381
vn 0.6545 -0.6544 0.3786
vn 0.8482 -0.2262 0.4789
vn 0.6412 -0.7463 0.1785
vn -0.8746 -0.0754 0.4789
vn -0.7582 -0.5308 0.3786
vn -0.5156 -0.6668 0.5381
vn -0.7611 -0.6236 0.1785
vn 0.0464 -0.4313 -0.9010
vn 0.4129 -0.8575 -0.3069
vn 0.0342 -0.9394 -0.3410
vn 0.5825 -0.8125 0.0260
vn 0.8970 -0.3693 -0.2429
vn -0.1968 -0.9192 -0.3410
vn -0.5555 -0.7728 -0.3069
vn -0.1206 -0.4167 -0.9010
vn -0.7147 -0.6990 0.0260
vn -0.9475 -0.2080 -0.2429
vn 0.1197 -0.2624 0.9575
vn -0.0845 -0.9446 -0.3170
vn -0.0808 -0.9450 -0.3170
vn 0.1437 0.1231 0.9819
vn 0.9351 -0.1275 -0.3307
vn 0.0358 -0.1398 -0.9895
vn 0.8824 -0.0122 0.4703
vn 0.5306 0.0703 0.8447
vn -0.9430 0.0368 -0.3307
vn -0.0595 -0.1315 -0.9895
vn -0.8712 0.1412 0.4703
vn 0.0087 -0.9728 0.2313
vn -0.2061 -0.9566 0.2061
vn -0.1626 -0.9852 0.0545
vn 0.0368 -0.9977 0.0567
vn 0.1437 -0.1231 -0.9819
vn -0.1201 -0.1462 -0.9819
vn -0.0529 -0.5257 -0.8490
vn 0.1434 -0.5086 -0.8490
vn 0.1887 -0.7855 0.5894
vn -0.0494 -0.8063 0.5894
vn 0.1603 -0.9596 0.2313
vn -0.1437 0.1231 0.9819
vn -0.5306 0.0703 0.8447
vn -0.4713 -0.2430 0.8478
vn -0.1197 -0.2624 0.9575
vn 0.1200 -0.1256 -0.9848
vn 0.1000 -0.4786 -0.8723
vn 0.1370 -0.9890 0.0567
vn 0.3312 -0.9420 0.0545
vn 0.3691 -0.9063 0.2061
vn 0.9868 0.1036 0.1247
vn 0.9821 -0.1368 0.1293
vn 0.9737 -0.1963 -0.1160
vn 0.9838 0.0629 -0.1678
vn -0.9898 -0.0694 0.1247
vn -0.9798 -0.1089 -0.1678
vn -0.9248 -0.3624 -0.1160
vn -0.9434 -0.3053 0.1293
vn -0.0964 -0.1445 -0.9848
vn -0.0153 -0.4887 -0.8723
vn 0.5064 -0.1574 0.8478
vn 0.5156 -0.6668 0.5381
vn 0.7582 -0.5308 0.3786
vn 0.8746 -0.0754 0.4789
vn 0.7611 -0.6236 0.1785
vn -0.8482 -0.2262 0.4789
vn -0.6545 -0.6544 0.3786
vn -0.3920 -0.7462 0.5381
vn -0.6412 -0.7463 0.1785
vn 0.1206 -0.4167 -0.9010
vn 0.5555 -0.7728 -0.3069
vn 0.1968 -0.9192 -0.3410
vn 0.7147 -0.6990 0.0260
vn 0.9475 -0.2080 -0.2428
vn -0.0342 -0.9394 -0.3410
vn -0.4128 -0.8575 -0.3069
vn -0.0464 -0.4313 -0.9010
vn -0.5824 -0.8125 0.0260
vn -0.8970 -0.3693 -0.2428
vn 0.1634 -0.2376 0.9575
vn 0.0808 -0.9450 -0.3170
vn 0.0845 -0.9446 -0.3170
vn 0.1201 0.1462 0.9819
vn 0.9430 0.0368 -0.3307
vn 0.0595 -0.1315 -0.9895
vn 0.8712 0.1412 0.4703
vn 0.5103 0.1613 0.8447
vn -0.9351 -0.1275 -0.3307
vn -0.0358 -0.1398 -0.9895
vn -0.8824 -0.0122 0.4703
vn -0.9284 -0.3653 -0.0677
vn -0.9955 -0.0084 -0.0940
vn -0.9843 -0.0049 -0.1764
vn -0.9194 -0.3589 -0.1609
vn -0.9294 0.3496 -0.1187
vn -0.9176 0.3486 -0.1909
vn -0.9210 -0.0025 -0.3897
vn -0.8678 -0.3368 -0.3654
vn -0.8647 0.3310 -0.3778
vn -0.6938 -0.7201 -0.0051
vn -0.9262 -0.3740 -0.0473
vn -0.6990 -0.7141 -0.0395
vn -0.9960 -0.0166 -0.0880
vn -0.9305 0.3442 -0.1252
vn -0.6984 0.6988 -0.1547
vn -0.6998 0.7009 -0.1379
vn -0.6931 0.6918 -0.2026
vn -0.6591 0.6574 -0.3652
vn -0.5762 0.5755 -0.5803
vn -0.6701 0.3151 -0.6721
vn -0.7072 -0.0005 -0.7071
vn -0.6714 -0.3163 -0.6702
vn -0.6626 -0.6672 -0.3403
vn -0.5777 -0.5791 -0.5752
vn -0.6953 -0.7041 -0.1443
vn -0.3362 -0.3362 -0.8797
vn -0.3560 -0.0000 -0.9345
vn 0.0000 -0.3560 -0.9345
vn -0.3362 0.3362 -0.8797
vn 0.0000 0.3560 -0.9345
vn 0.3560 -0.0000 -0.9345
vn 0.3362 -0.3362 -0.8797
vn 0.3362 0.3362 -0.8797
vn -0.3157 -0.6732 -0.6687
vn -0.3154 0.6691 -0.6729
vn -0.0000 0.7055 -0.7087
vn 0.3154 0.6691 -0.6729
vn 0.5762 0.5755 -0.5803
vn 0.6701 0.3151 -0.6721
vn 0.7072 -0.0005 -0.7071
vn 0.6714 -0.3163 -0.6702
vn 0.3157 -0.6732 -0.6687
vn 0.5777 -0.5791 -0.5752
vn -0.0000 -0.7096 -0.7046
vn 0.8678 -0.3368 -0.3654
vn 0.9210 -0.0025 -0.3897
vn 0.9843 -0.0049 -0.1764
vn 0.9194 -0.3589 -0.1608
vn 0.8647 0.3310 -0.3778
vn 0.9176 0.3486 -0.1909
vn 0.9955 -0.0084 -0.0940
vn 0.9284 -0.3653 -0.0677
vn 0.9294 0.3496 -0.1187
vn 0.6626 -0.6672 -0.3403
vn 0.6591 0.6574 -0.3652
vn 0.6931 0.6918 -0.2026
vn 0.6998 0.7009 -0.1379
vn 0.6984 0.6988 -0.1547
vn 0.9305 0.3442 -0.1252
vn 0.9960 -0.0166 -0.0880
vn 0.9262 -0.3740 -0.0473
vn 0.6990 -0.7141 -0.0395
vn 0.6938 -0.7201 -0.0051
vn 0.6953 -0.7041 -0.1443
vn -0.9303 0.3338 -0.1523
vn -0.9946 -0.0293 -0.0993
vn -0.9950 -0.0392 -0.0916
vn -0.9321 0.3242 -0.1617
vn -0.9215 -0.3859 -0.0436
vn -0.9191 -0.3935 -0.0210
vn -0.9977 -0.0367 -0.0579
vn -0.9349 0.3224 -0.1482
vn -0.9217 -0.3868 0.0304
vn -0.6965 0.6901 -0.1966
vn -0.6870 -0.7266 0.0119
vn -0.6830 -0.7289 0.0472
vn -0.6858 -0.7188 0.1144
vn -0.6944 -0.6808 0.2332
vn -0.9275 -0.3525 0.1247
vn -0.9999 -0.0111 0.0112
vn -0.9358 0.3361 -0.1060
vn -0.6998 0.6750 -0.2339
vn -0.7017 0.6770 -0.2222
vn -0.6972 0.6809 -0.2242
vn -0.3335 -0.8740 -0.3535
vn -0.0000 -0.9288 -0.3705
vn 0.0000 -0.9919 -0.1268
vn -0.3510 -0.9272 -0.1310
vn 0.3335 -0.8740 -0.3535
vn 0.3510 -0.9272 -0.1310
vn 0.0000 -0.9999 -0.0103
vn -0.3499 -0.9366 -0.0177
vn 0.3499 -0.9366 -0.0177
vn 0.3455 -0.9381 0.0249
vn -0.0000 -0.9994 0.0344
vn -0.3455 -0.9381 0.0249
vn 0.3325 0.8615 -0.3838
vn -0.0000 0.9160 -0.4012
vn -0.0000 0.9788 -0.2049
vn 0.3502 0.9139 -0.2053
vn -0.3325 0.8615 -0.3838
vn -0.3502 0.9139 -0.2053
vn 0.0000 0.9897 -0.1434
vn 0.3500 0.9257 -0.1437
vn -0.3500 0.9257 -0.1437
vn -0.3466 0.9231 -0.1664
vn 0.0000 0.9858 -0.1678
vn 0.3466 0.9231 -0.1664
vn -0.3488 -0.7950 0.4963
vn -0.0000 -0.8536 0.5209
vn -0.0000 -0.6596 0.7517
vn -0.3282 -0.6090 0.7221
vn 0.3488 -0.7950 0.4963
vn 0.3282 -0.6090 0.7221
vn 0.0000 -0.3513 0.9363
vn -0.2706 -0.3271 0.9054
vn 0.2706 -0.3271 0.9054
vn -0.3468 -0.8882 0.3013
vn -0.6951 -0.5911 0.4092
vn -0.0000 -0.9473 0.3204
vn 0.3468 -0.8882 0.3013
vn 0.6944 -0.6808 0.2332
vn 0.6951 -0.5911 0.4092
vn 0.6571 -0.4265 0.6216
vn 0.5547 -0.1972 0.8083
vn 0.4208 0.0170 0.9070
vn 0.2168 -0.0047 0.9762
vn 0.0000 -0.0111 0.9999
vn -0.2168 -0.0047 0.9762
vn -0.5547 -0.1972 0.8083
vn -0.4208 0.0170 0.9070
vn -0.6571 -0.4265 0.6216
vn -0.3409 -0.9388 0.0499
vn 0.0000 -0.9981 0.0616
vn 0.0000 -0.9944 0.1056
vn -0.3384 -0.9365 0.0922
vn 0.3409 -0.9388 0.0499
vn 0.3384 -0.9365 0.0922
vn -0.0000 -0.9830 0.1835
vn -0.3405 -0.9251 0.1681
vn 0.3405 -0.9251 0.1681
vn 0.6870 -0.7266 0.0119
vn 0.6830 -0.7289 0.0472
vn 0.6858 -0.7188 0.1144
vn 0.3440 0.9136 -0.2167
vn -0.0000 0.9754 -0.2204
vn -0.0000 0.9646 -0.2638
vn 0.3435 0.9035 -0.2565
vn -0.3440 0.9136 -0.2167
vn -0.3435 0.9035 -0.2565
vn -0.0000 0.9552 -0.2960
vn 0.3446 0.8950 -0.2833
vn -0.3446 0.8950 -0.2833
vn 0.6965 0.6901 -0.1966
vn -0.3465 0.8903 -0.2956
vn -0.0000 0.9487 -0.3160
vn 0.3465 0.8903 -0.2956
vn 0.6998 0.6750 -0.2339
vn 0.7017 0.6770 -0.2222
vn 0.6972 0.6809 -0.2242
vn 0.9215 -0.3859 -0.0436
vn 0.9946 -0.0293 -0.0993
vn 0.9950 -0.0392 -0.0916
vn 0.9191 -0.3935 -0.0210
vn 0.9303 0.3338 -0.1523
vn 0.9321 0.3242 -0.1617
vn 0.9977 -0.0367 -0.0579
vn 0.9217 -0.3868 0.0304
vn 0.9349 0.3224 -0.1482
vn 0.9358 0.3361 -0.1060
vn 0.9999 -0.0111 0.0112
vn 0.9275 -0.3525 0.1247
vn 0.2221 0.2589 0.9400
vn 0.2426 0.4638 0.8520
vn -0.0000 0.4778 0.8785
vn 0.0000 0.2611 0.9653
vn 0.2404 0.6628 0.7092
vn 0.0000 0.6876 0.7261
vn -0.2426 0.4638 0.8520
vn -0.2221 0.2589 0.9400
vn -0.2404 0.6628 0.7092
vn 0.4885 0.2052 0.8481
vn 0.5254 0.4070 0.7472
vn 0.5205 0.6044 0.6031
vn 0.4642 0.7736 0.4314
vn 0.2490 0.8625 0.4406
vn 0.0000 0.8955 0.4451
vn -0.2490 0.8625 0.4406
vn -0.4642 0.7736 0.4314
vn -0.5205 0.6044 0.6031
vn -0.5254 0.4070 0.7472
vn -0.4885 0.2052 0.8481
vn -0.9263 0.3764 -0.0192
vn -0.9906 0.0492 0.1275
vn -0.9398 0.1515 0.3062
vn -0.8835 0.4474 0.1386
vn -0.9228 -0.2744 0.2705
vn -0.8736 -0.1402 0.4660
vn -0.7907 0.2882 0.5401
vn -0.7621 0.5300 0.3719
vn -0.7365 0.0439 0.6750
vn -0.6963 0.6979 -0.1678
vn -0.5929 0.7823 0.1908
vn -0.6693 0.7423 -0.0329
vn 0.3456 0.8995 -0.2672
vn 0.0000 0.9550 -0.2965
vn -0.0000 0.9831 -0.1833
vn 0.3354 0.9302 -0.1491
vn -0.3456 0.8995 -0.2672
vn -0.3354 0.9302 -0.1491
vn 0.0000 0.9968 0.0800
vn 0.2969 0.9502 0.0943
vn -0.2969 0.9502 0.0944
vn 0.6963 0.6979 -0.1678
vn 0.5929 0.7823 0.1908
vn 0.6693 0.7423 -0.0329
vn 0.9228 -0.2744 0.2705
vn 0.9906 0.0492 0.1275
vn 0.9398 0.1515 0.3062
vn 0.8736 -0.1402 0.4660
vn 0.9263 0.3764 -0.0192
vn 0.8835 0.4474 0.1386
vn 0.7907 0.2882 0.5401
vn 0.7365 0.0439 0.6750
vn 0.7621 0.5300 0.3719
vn -0.0350 0.9920 0.1217
vn -0.0714 0.9908 0.1148
vn -0.2325 0.8979 0.3738
vn -0.1456 0.8934 0.4251
vn -0.0088 0.9933 0.1154
vn -0.0814 0.8929 0.4428
vn 0.0189 0.9998 0.0048
vn -0.0458 0.8994 0.4347
vn 0.8154 0.0000 0.5789
vn 0.8200 0.0002 0.5724
vn 0.6507 -0.0021 0.7593
vn 0.6521 -0.0010 0.7581
vn 0.9302 0.0011 0.3671
vn 0.9305 0.0023 0.3662
vn 0.0503 0.9756 -0.2137
vn 0.0534 0.9720 -0.2286
vn 0.0758 0.9673 -0.2420
vn 0.1301 0.9692 -0.2091
vn -0.2172 0.0037 0.9761
vn -0.3115 -0.0108 0.9502
vn -0.2961 0.0093 0.9551
vn 0.9302 -0.0011 0.3671
vn -0.1354 -0.0047 0.9908
vn -0.1354 0.0047 0.9908
vn -0.1775 0.0018 0.9841
vn -0.1777 -0.0020 0.9841
vn -0.7134 -0.0020 0.7007
vn -0.7131 -0.0036 0.7011
vn -0.5513 -0.0045 0.8343
vn -0.3116 -0.0016 0.9502
vn 0.6521 0.0010 0.7581
vn -0.2455 -0.0176 0.9692
vn -0.1803 0.0039 0.9836
vn -0.1808 -0.0069 0.9835
vn -0.1219 -0.0155 0.9924
vn -0.1419 -0.0155 0.9898
vn -0.1384 -0.0037 0.9904
vn -0.1198 0.0108 0.9927
vn -0.1772 -0.0049 0.9842
vn -0.1045 -0.0017 0.9945
vn -0.1105 0.0052 0.9939
vn -0.8331 -0.4117 0.3693
vn -0.6323 -0.6527 0.4173
vn -0.6643 -0.6229 0.4132
vn -0.2322 0.0098 0.9726
vn -0.2605 0.0077 0.9654
vn 0.3928 -0.5594 0.7299
vn 0.5478 0.0301 0.8361
vn 0.5504 -0.0184 0.8347
vn 0.3762 -0.5799 0.7226
vn -0.2583 0.0032 0.9661
vn -0.0819 0.7645 0.6393
vn -0.6308 0.6198 0.4669
vn -0.6609 0.5921 0.4611
vn -0.1519 0.7719 0.6174
vn -0.0689 -0.8190 0.5696
vn -0.1388 -0.8255 0.5471
vn 0.3691 0.5283 0.7647
vn 0.3551 0.5447 0.7597
vn -0.8133 0.4112 0.4117
vn -0.0272 -0.9373 0.3474
vn 0.5568 -0.6170 0.5562
vn 0.4005 -0.5486 0.7339
vn -0.1271 -0.8050 0.5795
vn 0.7698 -0.0055 0.6383
vn 0.5556 0.6134 0.5613
vn 0.3973 0.5433 0.7396
vn 0.6094 -0.0027 0.7929
vn -0.0335 0.9343 0.3550
vn -0.1285 0.8014 0.5841
vn -0.7110 0.6932 0.1178
vn -0.7015 0.5762 0.4195
vn -0.9999 -0.0050 0.0117
vn -0.9431 -0.0037 0.3324
vn -0.7059 -0.6995 0.1110
vn -0.7001 -0.5810 0.4151
vn -0.1727 0.0431 0.9840
vn -0.1720 0.0406 0.9843
vn 0.0479 -0.2110 0.9763
vn -0.1833 0.0424 0.9821
vn -0.6064 -0.0034 0.7952
vn -0.4285 0.2187 0.8767
vn -0.1748 -0.4066 0.8967
vn -0.4253 -0.2211 0.8776
vn -0.1766 0.4057 0.8968
vn 0.0469 0.2059 0.9774
vn 0.2105 -0.0040 0.9776
vn -0.1698 0.0487 0.9843
vn -0.1795 0.0426 0.9828
vn -0.1803 0.0482 0.9824
vn -0.1724 -0.0396 0.9842
vn -0.1727 -0.0448 0.9839
vn -0.1695 -0.0443 0.9845
vn -0.1861 -0.0481 0.9814
vn -0.1804 -0.0476 0.9824
vn -0.1801 -0.0406 0.9828
vn 0.6258 -0.5082 0.5917
vn 0.6414 -0.1998 0.7407
vn 0.6432 -0.2305 0.7302
vn -0.9521 -0.0382 0.3032
vn -0.9409 -0.2448 0.2339
vn -0.9316 -0.2927 0.2156
vn -0.0992 0.8297 0.5494
vn -0.2486 0.8564 0.4526
vn -0.3318 0.8592 0.3896
vn -0.9420 0.2420 0.2326
vn -0.9514 0.0296 0.3066
vn -0.9332 0.2887 0.2141
vn -0.5419 -0.8207 0.1814
vn -0.2424 -0.8622 0.4448
vn -0.3253 -0.8649 0.3824
vn -0.5506 0.8142 0.1843
vn 0.1014 -0.8382 0.5358
vn 0.3945 -0.7703 0.5010
vn 0.1056 -0.8378 0.5357
vn 0.6418 0.1989 0.7406
vn 0.6272 0.5092 0.5894
vn 0.6437 0.2283 0.7304
vn 0.1014 0.8326 0.5445
vn -0.1016 0.8338 0.5427
vn 0.1089 0.8319 0.5442
vn -0.0972 -0.8366 0.5390
vn 0.6166 0.0136 0.7872
vn -0.0995 -0.8410 0.5319
vn 0.3977 0.7660 0.5050
vn 0.6175 -0.0173 0.7864
vn -0.8163 0.5719 0.0808
vn -0.8169 -0.5698 0.0895
vn -0.0937 0.9920 0.0852
vn -0.3170 0.8934 0.3185
vn -0.0997 0.9933 0.0589
vn -0.3612 0.8929 0.2687
vn -0.0126 0.9998 -0.0148
vn -0.3697 0.8994 0.2332
vn -0.8797 0.0000 -0.4755
vn -0.9683 -0.0010 -0.2499
vn -0.9687 -0.0021 -0.2481
vn -0.8759 0.0002 -0.4825
vn -0.7404 0.0011 -0.6721
vn -0.7398 0.0023 -0.6728
vn 0.1694 0.9756 -0.1395
vn 0.1815 0.9720 -0.1490
vn 0.1836 0.9673 -0.1750
vn -0.7404 -0.0011 -0.6721
vn -0.8289 -0.0047 0.5594
vn -0.8013 0.0012 0.5982
vn -0.8030 0.0002 0.5960
vn -0.8289 0.0047 0.5594
vn -0.5262 -0.0033 0.8504
vn -0.9683 0.0010 -0.2499
vn -0.7609 -0.0176 0.6486
vn -0.7160 -0.0078 0.6981
vn -0.8023 -0.0069 0.5968
vn -0.8026 0.0039 0.5965
vn -0.8251 -0.0155 0.5647
vn -0.8364 -0.0155 0.5480
vn -0.8272 -0.0037 0.5619
vn -0.8376 0.0108 0.5462
vn -0.7766 0.0003 0.6300
vn -0.8046 -0.0045 0.5938
vn -0.7627 0.0167 0.6465
vn -0.8459 -0.0017 0.5333
vn -0.8427 0.0052 0.5384
vn 0.0369 -0.4117 0.9106
vn -0.0770 -0.6229 0.7785
vn -0.0949 -0.6527 0.7517
vn -0.7509 0.0077 0.6604
vn -0.8284 -0.5594 -0.0297
vn -0.8145 -0.5799 -0.0181
vn -0.9920 -0.0184 -0.1248
vn -0.9921 0.0301 -0.1219
vn -0.7524 0.0032 0.6587
vn -0.5373 0.7645 0.3561
vn -0.4866 0.7719 0.4092
vn -0.1215 0.5921 0.7967
vn -0.1400 0.6198 0.7722
vn -0.4295 -0.8255 0.3663
vn -0.4805 -0.8190 0.3135
vn -0.8384 0.5447 0.0173
vn -0.8490 0.5283 0.0069
vn -0.0099 0.4112 0.9115
vn -0.2996 -0.9373 0.1780
vn -0.4637 -0.8050 0.3702
vn -0.8353 -0.5486 -0.0349
vn -0.7450 -0.6170 -0.2536
vn -0.9128 -0.0055 -0.4084
vn -0.9806 -0.0027 -0.1962
vn -0.8390 0.5433 -0.0295
vn -0.7490 0.6134 -0.2503
vn -0.4672 0.8014 0.3735
vn -0.3036 0.9343 0.1869
vn -0.0663 0.5762 0.8146
vn 0.2086 0.6932 0.6899
vn 0.1187 -0.0037 0.9929
vn 0.4314 -0.0050 0.9021
vn 0.2124 -0.6995 0.6823
vn -0.0629 -0.5810 0.8115
vn -0.8063 0.0431 0.5899
vn -0.8000 0.0424 0.5985
vn -0.8969 -0.2110 0.3886
vn -0.8069 0.0406 0.5893
vn -0.4453 -0.0034 0.8954
vn -0.5970 0.2187 0.7718
vn -0.7271 -0.4066 0.5531
vn -0.5993 -0.2211 0.7694
vn -0.7264 0.4057 0.5547
vn -0.8975 0.2059 0.3899
vn -0.9699 -0.0040 0.2433
vn -0.8079 0.0487 0.5873
vn -0.8016 0.0482 0.5959
vn -0.8023 0.0426 0.5954
vn -0.8067 -0.0396 0.5896
vn -0.8082 -0.0443 0.5872
vn -0.8063 -0.0448 0.5898
vn -0.8020 -0.0406 0.5959
vn -0.8016 -0.0476 0.5960
vn -0.7980 -0.0481 0.6007
vn -0.8074 -0.5082 -0.2998
vn -0.9393 -0.2305 -0.2542
vn -0.9479 -0.1998 -0.2480
vn 0.1488 -0.0382 0.9881
vn 0.2184 -0.2927 0.9309
vn 0.2061 -0.2448 0.9474
vn -0.4490 0.8296 0.3318
vn -0.2028 0.8592 0.4698
vn -0.2962 0.8563 0.4230
vn 0.2077 0.2420 0.9478
vn 0.2204 0.2887 0.9317
vn 0.1455 0.0296 0.9889
vn 0.0768 -0.8207 0.5662
vn -0.1993 -0.8649 0.4608
vn -0.2919 -0.8622 0.4141
vn 0.0780 0.8142 0.5753
vn -0.5255 -0.8382 0.1458
vn -0.5272 -0.8378 0.1420
vn -0.6237 -0.7703 -0.1325
vn -0.9480 0.1989 -0.2484
vn -0.9397 0.2283 -0.2545
vn -0.8059 0.5092 -0.3021
vn -0.5333 0.8326 0.1498
vn -0.5363 0.8319 0.1429
vn -0.4419 0.8338 0.3310
vn -0.4406 -0.8366 0.3255
vn -0.9786 0.0136 -0.2052
vn -0.4331 -0.8410 0.3243
vn -0.6288 0.7660 -0.1336
vn -0.9783 -0.0173 -0.2064
vn 0.2883 0.5719 0.7680
vn 0.2808 -0.5698 0.7723
vn -0.0350 -0.9920 0.1217
vn -0.1456 -0.8934 0.4251
vn -0.2325 -0.8979 0.3738
vn -0.0714 -0.9908 0.1148
vn -0.0088 -0.9933 0.1154
vn -0.0814 -0.8929 0.4428
vn 0.0189 -0.9998 0.0048
vn -0.0458 -0.8994 0.4347
vn 0.6507 0.0021 0.7593
vn 0.8200 -0.0002 0.5724
vn 0.9305 -0.0023 0.3662
vn 0.0503 -0.9756 -0.2137
vn 0.0534 -0.9720 -0.2286
vn 0.0758 -0.9673 -0.2420
vn 0.1301 -0.9692 -0.2091
vn -0.3097 0.0078 0.9508
vn -0.5303 0.0030 0.8478
vn -0.5301 0.0025 0.8479
vn -0.2455 0.0176 0.9692
vn -0.1808 0.0069 0.9835
vn -0.1803 -0.0039 0.9836
vn -0.1419 0.0155 0.9898
vn -0.1219 0.0155 0.9924
vn -0.1384 0.0037 0.9904
vn -0.1198 -0.0108 0.9927
vn -0.2219 -0.0003 0.9751
vn -0.1770 0.0045 0.9842
vn -0.2429 -0.0167 0.9699
vn -0.1045 0.0017 0.9945
vn -0.1105 -0.0052 0.9939
vn -0.8331 0.4117 0.3693
vn -0.6643 0.6229 0.4132
vn -0.6323 0.6527 0.4173
vn -0.2605 -0.0077 0.9654
vn 0.3928 0.5594 0.7299
vn 0.3762 0.5799 0.7226
vn 0.5504 0.0184 0.8347
vn 0.5478 -0.0301 0.8361
vn -0.2583 -0.0032 0.9661
vn -0.0819 -0.7645 0.6393
vn -0.1519 -0.7719 0.6174
vn -0.6609 -0.5921 0.4611
vn -0.6308 -0.6198 0.4669
vn -0.1388 0.8255 0.5471
vn -0.0689 0.8190 0.5696
vn 0.3551 -0.5447 0.7597
vn 0.3691 -0.5283 0.7647
vn -0.8133 -0.4112 0.4117
vn -0.0272 0.9373 0.3474
vn -0.1271 0.8050 0.5795
vn 0.4005 0.5486 0.7339
vn 0.5568 0.6170 0.5562
vn 0.7698 0.0055 0.6383
vn 0.6094 0.0027 0.7929
vn 0.3973 -0.5433 0.7396
vn 0.5556 -0.6134 0.5613
vn -0.1285 -0.8014 0.5841
vn -0.0335 -0.9343 0.3550
vn -0.7015 -0.5762 0.4195
vn -0.7110 -0.6932 0.1178
vn -0.9431 0.0037 0.3324
vn -0.9999 0.0050 0.0117
vn -0.7059 0.6995 0.1110
vn -0.7001 0.5810 0.4151
vn -0.1727 -0.0431 0.9840
vn -0.1833 -0.0424 0.9821
vn 0.0479 0.2110 0.9763
vn -0.1720 -0.0406 0.9843
vn -0.6064 0.0034 0.7952
vn -0.4285 -0.2187 0.8767
vn -0.1748 0.4066 0.8967
vn -0.4253 0.2211 0.8776
vn -0.1766 -0.4057 0.8968
vn 0.0469 -0.2059 0.9774
vn 0.2105 0.0040 0.9776
vn -0.1698 -0.0487 0.9843
vn -0.1803 -0.0482 0.9824
vn -0.1795 -0.0426 0.9828
vn -0.1724 0.0396 0.9842
vn -0.1695 0.0443 0.9845
vn -0.1727 0.0448 0.9839
vn -0.1801 0.0406 0.9828
vn -0.1804 0.0476 0.9824
vn -0.1861 0.0481 0.9814
vn 0.6258 0.5082 0.5917
vn 0.6432 0.2305 0.7302
vn 0.6414 0.1998 0.7407
vn -0.9521 0.0382 0.3032
vn -0.9316 0.2927 0.2156
vn -0.9409 0.2448 0.2339
vn -0.0992 -0.8297 0.5494
vn -0.3318 -0.8592 0.3896
vn -0.2486 -0.8564 0.4526
vn -0.9420 -0.2420 0.2326
vn -0.9332 -0.2887 0.2141
vn -0.9514 -0.0296 0.3066
vn -0.5419 0.8207 0.1814
vn -0.3253 0.8649 0.3824
vn -0.2424 0.8622 0.4448
vn -0.5506 -0.8142 0.1843
vn 0.1014 0.8382 0.5358
vn 0.1056 0.8378 0.5356
vn 0.3945 0.7703 0.5009
vn 0.6418 -0.1989 0.7406
vn 0.6437 -0.2283 0.7304
vn 0.6272 -0.5092 0.5894
vn 0.1014 -0.8326 0.5445
vn 0.1089 -0.8319 0.5442
vn -0.1016 -0.8338 0.5427
vn -0.0972 0.8366 0.5390
vn 0.6166 -0.0136 0.7872
vn -0.0995 0.8410 0.5318
vn 0.3977 -0.7660 0.5050
vn 0.6175 0.0173 0.7864
vn -0.8163 -0.5719 0.0808
vn -0.8169 0.5698 0.0895
vn -0.0937 -0.9920 0.0852
vn -0.3170 -0.8934 0.3185
vn -0.0997 -0.9933 0.0589
vn -0.3612 -0.8929 0.2687
vn -0.0126 -0.9998 -0.0148
vn -0.3697 -0.8994 0.2332
vn -0.8759 -0.0002 -0.4825
vn -0.9687 0.0021 -0.2481
vn -0.7398 -0.0023 -0.6728
vn 0.1694 -0.9756 -0.1395
vn 0.1815 -0.9720 -0.1490
vn 0.1836 -0.9673 -0.1750
vn -0.8021 0.0122 0.5971
vn -0.7522 -0.0081 0.6588
vn -0.7609 0.0176 0.6486
vn -0.8026 -0.0039 0.5965
vn -0.8023 0.0069 0.5968
vn -0.7155 0.0116 0.6985
vn -0.8364 0.0155 0.5480
vn -0.8251 0.0155 0.5647
vn -0.8272 0.0037 0.5619
vn -0.8376 -0.0108 0.5462
vn -0.7671 0.0047 0.6416
vn -0.8459 0.0017 0.5333
vn -0.8427 -0.0052 0.5384
vn 0.0369 0.4117 0.9106
vn -0.0949 0.6527 0.7517
vn -0.0770 0.6229 0.7785
vn -0.7509 -0.0077 0.6604
vn -0.8284 0.5594 -0.0297
vn -0.9921 -0.0301 -0.1219
vn -0.9920 0.0184 -0.1248
vn -0.8145 0.5799 -0.0181
vn -0.7524 -0.0032 0.6587
vn -0.5373 -0.7645 0.3561
vn -0.1400 -0.6198 0.7722
vn -0.1215 -0.5921 0.7967
vn -0.4866 -0.7719 0.4092
vn -0.4805 0.8190 0.3135
vn -0.4295 0.8255 0.3663
vn -0.8490 -0.5283 0.0069
vn -0.8384 -0.5447 0.0173
vn -0.0099 -0.4112 0.9115
vn -0.2996 0.9373 0.1780
vn -0.7450 0.6170 -0.2536
vn -0.8353 0.5486 -0.0349
vn -0.4637 0.8050 0.3702
vn -0.9128 0.0055 -0.4084
vn -0.7490 -0.6134 -0.2503
vn -0.8390 -0.5433 -0.0295
vn -0.9806 0.0027 -0.1962
vn -0.3036 -0.9343 0.1869
vn -0.4672 -0.8014 0.3735
vn 0.2086 -0.6932 0.6899
vn -0.0663 -0.5762 0.8146
vn 0.4314 0.0050 0.9021
vn 0.1187 0.0037 0.9929
vn 0.2124 0.6995 0.6823
vn -0.0629 0.5810 0.8115
vn -0.8063 -0.0431 0.5899
vn -0.8069 -0.0406 0.5893
vn -0.8969 0.2110 0.3886
vn -0.8000 -0.0424 0.5985
vn -0.4453 0.0034 0.8954
vn -0.5970 -0.2187 0.7718
vn -0.7271 0.4066 0.5531
vn -0.5993 0.2211 0.7694
vn -0.7264 -0.4057 0.5547
vn -0.8975 -0.2059 0.3899
vn -0.9699 0.0040 0.2433
vn -0.8079 -0.0487 0.5873
vn -0.8023 -0.0426 0.5954
vn -0.8016 -0.0482 0.5959
vn -0.8067 0.0396 0.5896
vn -0.8063 0.0448 0.5898
vn -0.8082 0.0443 0.5872
vn -0.7980 0.0481 0.6007
vn -0.8016 0.0476 0.5960
vn -0.8020 0.0406 0.5959
vn -0.8074 0.5082 -0.2998
vn -0.9479 0.1998 -0.2480
vn -0.9393 0.2305 -0.2542
vn 0.1488 0.0382 0.9881
vn 0.2061 0.2448 0.9474
vn 0.2184 0.2927 0.9309
vn -0.4490 -0.8296 0.3318
vn -0.2962 -0.8564 0.4230
vn -0.2028 -0.8592 0.4698
vn 0.2077 -0.2420 0.9478
vn 0.1455 -0.0296 0.9889
vn 0.2204 -0.2887 0.9317
vn 0.0768 0.8207 0.5662
vn -0.2919 0.8622 0.4141
vn -0.1993 0.8649 0.4608
vn 0.0780 -0.8142 0.5753
vn -0.5254 0.8382 0.1458
vn -0.6237 0.7703 -0.1325
vn -0.5271 0.8378 0.1420
vn -0.9480 -0.1989 -0.2484
vn -0.8059 -0.5092 -0.3021
vn -0.9397 -0.2283 -0.2545
vn -0.5333 -0.8326 0.1497
vn -0.4419 -0.8338 0.3310
vn -0.5363 -0.8319 0.1429
vn -0.4406 0.8366 0.3255
vn -0.9786 -0.0136 -0.2052
vn -0.4331 0.8410 0.3243
vn -0.6288 -0.7660 -0.1336
vn -0.9783 0.0173 -0.2064
vn 0.2883 -0.5719 0.7680
vn 0.2808 0.5698 0.7723
vn -0.4951 0.0045 0.8688
vn -0.4833 0.7660 0.4239
vn -0.1963 -0.7704 0.6066
vn -0.6687 0.7012 0.2473
vn 0.1066 -0.6884 0.7174
vn 0.0835 0.9920 0.0952
vn 0.3128 0.8934 0.3226
vn 0.3332 0.8960 0.2936
vn 0.1026 0.9906 0.0903
vn 0.1153 0.9933 0.0108
vn 0.1210 0.9920 0.0372
vn 0.4224 0.8934 0.1532
vn 0.4413 0.8929 0.0893
vn 0.0051 0.9998 -0.0188
vn 0.4338 0.8994 0.0535
vn 0.5934 0.0000 -0.8049
vn 0.5870 0.0002 -0.8096
vn 0.7708 -0.0021 -0.6370
vn 0.7696 -0.0010 -0.6385
vn 0.3837 0.0011 -0.9235
vn 0.3828 0.0023 -0.9238
vn -0.2127 0.9756 -0.0541
vn -0.2276 0.9720 -0.0575
vn -0.2406 0.9673 -0.0801
vn -0.1717 0.9673 -0.1867
vn -0.1867 0.9685 -0.1645
vn 0.7420 -0.6009 0.2972
vn 0.5745 -0.2423 -0.7818
vn 0.3718 -0.2548 -0.8927
vn 0.6834 0.0039 0.7300
vn 0.8395 -0.0000 0.5433
vn 0.8396 0.0430 0.5414
vn 0.7607 0.0161 0.6488
vn 0.9695 -0.0262 0.2436
vn 0.9598 -0.0056 0.2806
vn 0.9773 -0.0092 0.2117
vn 0.7582 -0.2818 -0.5880
vn 0.9647 -0.0176 0.2628
vn 0.9802 0.0039 0.1979
vn 0.9801 -0.0069 0.1983
vn 0.9451 -0.0078 0.3267
vn 0.9901 -0.0155 0.1396
vn 0.9871 -0.0155 0.1595
vn 0.9877 -0.0037 0.1561
vn 0.9904 0.0108 0.1375
vn 0.9882 0.0047 0.1531
vn 0.9709 0.0003 0.2393
vn 0.9809 -0.0045 0.1946
vn 0.9808 0.0009 0.1949
vn 0.9654 0.0167 0.2602
vn 0.9450 0.0030 0.3270
vn 0.9925 -0.0017 0.1223
vn 0.9917 0.0052 0.1283
vn 0.3544 -0.4117 0.8396
vn 0.4060 -0.6527 0.6397
vn 0.4012 -0.6229 0.6716
vn 0.9606 0.0077 0.2777
vn 0.7368 -0.5594 -0.3797
vn 0.8457 0.0301 -0.5328
vn 0.8444 -0.0184 -0.5354
vn 0.7292 -0.5799 -0.3632
vn 0.9613 0.0032 0.2755
vn 0.6378 0.7645 0.0933
vn 0.4555 0.6198 0.6390
vn 0.4492 0.5921 0.6691
vn 0.6145 0.7719 0.1630
vn 0.5683 -0.8190 0.0790
vn 0.5446 -0.8255 0.1485
vn 0.7711 0.5283 -0.3553
vn 0.7660 0.5447 -0.3414
vn 0.3971 0.4112 0.8205
vn 0.3468 -0.9373 0.0334
vn 0.5660 -0.6170 -0.5467
vn 0.7409 -0.5486 -0.3873
vn 0.5772 -0.8050 0.1375
vn 0.6520 -0.0055 -0.7582
vn 0.5711 0.6134 -0.5455
vn 0.7466 0.5433 -0.3840
vn 0.8037 -0.0027 -0.5951
vn 0.3543 0.9343 0.0398
vn 0.5817 0.8014 0.1389
vn 0.1051 0.6932 0.7130
vn 0.4069 0.5762 0.7089
vn -0.0062 -0.0050 1.0000
vn 0.3155 -0.0037 0.9489
vn 0.0984 -0.6995 0.7078
vn 0.4025 -0.5810 0.7074
vn 0.9808 0.0431 0.1903
vn 0.9810 0.0406 0.1896
vn 0.9770 -0.2110 -0.0304
vn 0.9787 0.0424 0.2008
vn 0.7842 -0.0034 0.6205
vn 0.8689 0.2187 0.4441
vn 0.8935 -0.4066 0.1908
vn 0.8699 -0.2211 0.4409
vn 0.8935 0.4057 0.1926
vn 0.9781 0.2059 -0.0295
vn 0.9812 -0.0040 -0.1930
vn 0.9811 0.0487 0.1873
vn 0.9795 0.0426 0.1971
vn 0.9791 0.0482 0.1978
vn 0.9810 -0.0396 0.1899
vn 0.9807 -0.0448 0.1903
vn 0.9813 -0.0443 0.1871
vn 0.9779 -0.0481 0.2036
vn 0.9791 -0.0476 0.1979
vn 0.9794 -0.0406 0.1976
vn 0.6028 -0.5082 -0.6151
vn 0.7521 -0.1998 -0.6281
vn 0.7416 -0.2305 -0.6300
vn 0.2862 -0.0382 0.9574
vn 0.2170 -0.2448 0.9450
vn 0.1989 -0.2927 0.9353
vn 0.5475 0.8296 0.1090
vn 0.4481 0.8564 0.2566
vn 0.3836 0.8592 0.3387
vn 0.2157 0.2420 0.9460
vn 0.2895 0.0296 0.9567
vn 0.1974 0.2887 0.9369
vn 0.1717 -0.8207 0.5450
vn 0.4404 -0.8622 0.2503
vn 0.3765 -0.8649 0.3320
vn 0.1744 0.8142 0.5537
vn 0.5375 -0.8382 -0.0918
vn 0.5079 -0.7703 -0.3855
vn 0.5374 -0.8378 -0.0960
vn 0.7520 0.1989 -0.6285
vn 0.6005 0.5092 -0.6165
vn 0.7418 0.2283 -0.6305
vn 0.5463 0.8326 -0.0916
vn 0.5407 0.8338 0.1113
vn 0.5460 0.8319 -0.0991
vn 0.5372 -0.8366 0.1069
vn 0.7981 0.0136 -0.6024
vn 0.5300 -0.8410 0.1089
vn 0.5120 0.7660 -0.3886
vn 0.7973 -0.0173 -0.6034
vn 0.0662 0.5719 0.8176
vn 0.0748 -0.5698 0.8184
vn 0.0571 0.9933 0.1007
vn 0.2622 0.8929 0.3660
vn -0.0151 0.9998 0.0124
vn 0.2265 0.8994 0.3738
vn -0.4912 0.0000 0.8711
vn -0.2672 -0.0010 0.9637
vn -0.2654 -0.0021 0.9641
vn -0.4981 0.0002 0.8671
vn -0.6853 0.0011 0.7283
vn -0.6859 0.0023 0.7276
vn -0.1365 0.9756 -0.1719
vn -0.1457 0.9720 -0.1841
vn 0.9018 0.0200 0.4316
vn -0.6846 0.0000 0.7289
vn -0.6853 -0.0011 0.7283
vn -0.4910 0.0000 0.8712
vn 0.5408 0.0000 0.8412
vn 0.5712 0.0000 0.8208
vn 0.5799 0.0020 0.8147
vn 0.5444 0.0047 0.8388
vn 0.1244 0.9906 0.0565
vn 0.4043 0.8960 0.1837
vn 0.7503 0.0000 0.6611
vn 0.8496 -0.0021 0.5274
vn -0.2672 0.0010 0.9637
vn -0.2690 0.0000 0.9631
vn 0.6349 -0.0176 0.7724
vn 0.6852 -0.0078 0.7283
vn 0.5824 -0.0069 0.8129
vn 0.5820 0.0039 0.8131
vn 0.5499 -0.0155 0.8351
vn 0.5329 -0.0155 0.8460
vn 0.5470 -0.0037 0.8371
vn 0.5312 0.0108 0.8472
vn 0.6160 0.0003 0.7877
vn 0.5793 -0.0045 0.8151
vn 0.6328 0.0167 0.7741
vn 0.5181 -0.0017 0.8553
vn 0.5233 0.0052 0.8522
vn 0.9111 -0.4117 -0.0206
vn 0.7770 -0.6229 0.0909
vn 0.7499 -0.6527 0.1083
vn 0.6468 0.0077 0.7626
vn -0.0445 -0.5594 0.8277
vn -0.0326 -0.5799 0.8140
vn -0.1425 -0.0184 0.9896
vn -0.1396 0.0301 0.9898
vn 0.6451 0.0032 0.7641
vn 0.3464 0.7645 0.5436
vn 0.4004 0.7719 0.4939
vn 0.7944 0.5921 0.1357
vn 0.7696 0.6198 0.1538
vn 0.3586 -0.8255 0.4359
vn 0.3049 -0.8190 0.4861
vn 0.0023 0.5447 0.8386
vn -0.0083 0.5283 0.8490
vn 0.9112 0.4112 0.0262
vn 0.1726 -0.9373 0.3027
vn 0.3618 -0.8050 0.4702
vn -0.0498 -0.5486 0.8346
vn -0.2669 -0.6170 0.7403
vn -0.4246 -0.0055 0.9054
vn -0.2137 -0.0027 0.9769
vn -0.0445 0.5433 0.8384
vn -0.2636 0.6134 0.7444
vn 0.3651 0.8014 0.4738
vn 0.1815 0.9343 0.3069
vn 0.8133 0.5762 0.0808
vn 0.6935 0.6932 -0.1962
vn 0.9949 -0.0037 -0.1009
vn 0.9097 -0.0050 -0.4152
vn 0.6860 -0.6995 -0.2002
vn 0.8102 -0.5810 0.0774
vn 0.5754 0.0431 0.8168
vn 0.5841 0.0424 0.8106
vn 0.3725 -0.2110 0.9037
vn 0.5748 0.0406 0.8173
vn 0.8873 -0.0034 0.4612
vn 0.7610 0.2187 0.6107
vn 0.5400 -0.4066 0.7369
vn 0.7586 -0.2211 0.6129
vn 0.5417 0.4057 0.7362
vn 0.3738 0.2059 0.9044
vn 0.2259 -0.0040 0.9741
vn 0.5728 0.0487 0.8182
vn 0.5815 0.0482 0.8121
vn 0.5810 0.0426 0.8128
vn 0.5751 -0.0396 0.8171
vn 0.5726 -0.0443 0.8186
vn 0.5753 -0.0448 0.8167
vn 0.5815 -0.0406 0.8125
vn 0.5816 -0.0476 0.8121
vn 0.5863 -0.0481 0.8087
vn -0.3142 -0.5082 0.8019
vn -0.2710 -0.2305 0.9346
vn -0.2649 -0.1998 0.9434
vn 0.9906 -0.0382 -0.1311
vn 0.9347 -0.2927 -0.2017
vn 0.9509 -0.2448 -0.1891
vn 0.3238 0.8297 0.4548
vn 0.4661 0.8592 0.2112
vn 0.4177 0.8564 0.3037
vn 0.9513 0.2420 -0.1907
vn 0.9355 0.2887 -0.2037
vn 0.9914 0.0296 -0.1278
vn 0.5675 -0.8207 -0.0667
vn 0.4571 -0.8649 0.2075
vn 0.4088 -0.8622 0.2992
vn 0.5766 0.8142 -0.0677
vn 0.1364 -0.8382 0.5280
vn 0.1326 -0.8378 0.5296
vn -0.1436 -0.7703 0.6213
vn -0.2653 0.1989 0.9434
vn -0.2713 0.2283 0.9350
vn -0.3164 0.5092 0.8004
vn 0.1402 0.8326 0.5359
vn 0.1333 0.8319 0.5387
vn 0.3230 0.8338 0.4477
vn 0.3175 -0.8367 0.4463
vn -0.2226 0.0136 0.9748
vn 0.3165 -0.8410 0.4388
vn -0.1448 0.7660 0.6263
vn -0.2238 -0.0173 0.9745
vn 0.7730 0.5719 -0.2746
vn 0.7772 -0.5698 -0.2670
vn 0.1210 -0.9920 0.0372
vn 0.4224 -0.8934 0.1532
vn 0.3696 -0.8979 0.2392
vn 0.1135 -0.9908 0.0734
vn 0.1153 -0.9933 0.0108
vn 0.4413 -0.8929 0.0893
vn 0.0051 -0.9998 -0.0188
vn 0.4338 -0.8994 0.0535
vn 0.7696 0.0010 -0.6385
vn 0.7708 0.0021 -0.6370
vn 0.5870 -0.0002 -0.8096
vn 0.3837 -0.0011 -0.9235
vn 0.3828 -0.0023 -0.9238
vn -0.2127 -0.9756 -0.0541
vn -0.2276 -0.9720 -0.0575
vn -0.2406 -0.9673 -0.0802
vn -0.2068 -0.9692 -0.1338
vn 0.9307 -0.0052 0.3657
vn 0.9447 -0.0023 0.3280
vn 0.8320 0.0025 0.5547
vn 0.9647 0.0176 0.2628
vn 0.9434 0.0125 0.3313
vn 0.9801 0.0069 0.1983
vn 0.9802 -0.0039 0.1979
vn 0.9871 0.0155 0.1595
vn 0.9901 0.0155 0.1396
vn 0.9877 0.0037 0.1561
vn 0.9882 -0.0047 0.1531
vn 0.9904 -0.0108 0.1375
vn 0.9822 -0.0058 0.1878
vn 0.9817 -0.0036 0.1902
vn 0.9813 0.0000 0.1924
vn 0.9925 0.0017 0.1223
vn 0.9917 -0.0052 0.1283
vn 0.3544 0.4117 0.8396
vn 0.4012 0.6229 0.6716
vn 0.4060 0.6527 0.6397
vn 0.9606 -0.0077 0.2777
vn 0.7368 0.5594 -0.3797
vn 0.7292 0.5800 -0.3632
vn 0.8444 0.0184 -0.5354
vn 0.8457 -0.0301 -0.5328
vn 0.9613 -0.0032 0.2755
vn 0.6378 -0.7645 0.0933
vn 0.6145 -0.7719 0.1630
vn 0.4492 -0.5921 0.6691
vn 0.4555 -0.6198 0.6390
vn 0.5446 0.8255 0.1485
vn 0.5683 0.8190 0.0790
vn 0.7660 -0.5447 -0.3414
vn 0.7711 -0.5283 -0.3553
vn 0.3971 -0.4112 0.8205
vn 0.3468 0.9373 0.0334
vn 0.5772 0.8050 0.1375
vn 0.7409 0.5486 -0.3873
vn 0.5660 0.6170 -0.5467
vn 0.6520 0.0055 -0.7582
vn 0.8037 0.0027 -0.5951
vn 0.7466 -0.5433 -0.3840
vn 0.5711 -0.6134 -0.5455
vn 0.5817 -0.8014 0.1389
vn 0.3543 -0.9343 0.0398
vn 0.4069 -0.5762 0.7089
vn 0.1051 -0.6932 0.7130
vn 0.3155 0.0037 0.9489
vn -0.0062 0.0050 1.0000
vn 0.0984 0.6995 0.7078
vn 0.4025 0.5810 0.7074
vn 0.9808 -0.0431 0.1903
vn 0.9787 -0.0424 0.2008
vn 0.9770 0.2110 -0.0304
vn 0.9810 -0.0406 0.1896
vn 0.7842 0.0034 0.6205
vn 0.8689 -0.2187 0.4441
vn 0.8935 0.4066 0.1908
vn 0.8699 0.2211 0.4409
vn 0.8935 -0.4057 0.1926
vn 0.9781 -0.2059 -0.0295
vn 0.9812 0.0040 -0.1930
vn 0.9811 -0.0487 0.1873
vn 0.9791 -0.0482 0.1978
vn 0.9795 -0.0426 0.1971
vn 0.9810 0.0396 0.1899
vn 0.9813 0.0443 0.1871
vn 0.9807 0.0448 0.1903
vn 0.9794 0.0406 0.1976
vn 0.9791 0.0476 0.1979
vn 0.9779 0.0481 0.2036
vn 0.6028 0.5082 -0.6151
vn 0.7416 0.2305 -0.6300
vn 0.7521 0.1998 -0.6281
vn 0.2862 0.0382 0.9574
vn 0.1989 0.2927 0.9353
vn 0.2170 0.2448 0.9450
vn 0.5475 -0.8296 0.1090
vn 0.3836 -0.8592 0.3387
vn 0.4481 -0.8564 0.2566
vn 0.2157 -0.2420 0.9460
vn 0.1974 -0.2887 0.9369
vn 0.2895 -0.0296 0.9567
vn 0.1717 0.8207 0.5450
vn 0.3765 0.8649 0.3320
vn 0.4404 0.8622 0.2503
vn 0.1744 -0.8142 0.5537
vn 0.5375 0.8382 -0.0918
vn 0.5374 0.8378 -0.0960
vn 0.5079 0.7703 -0.3855
vn 0.7520 -0.1989 -0.6285
vn 0.7418 -0.2283 -0.6305
vn 0.6005 -0.5092 -0.6165
vn 0.5463 -0.8326 -0.0916
vn 0.5460 -0.8319 -0.0991
vn 0.5408 -0.8338 0.1113
vn 0.5372 0.8366 0.1069
vn 0.7981 -0.0136 -0.6024
vn 0.5300 0.8410 0.1090
vn 0.5120 -0.7660 -0.3886
vn 0.7973 0.0173 -0.6034
vn 0.0662 -0.5719 0.8176
vn 0.0748 0.5698 0.8184
vn 0.0835 -0.9920 0.0952
vn 0.3128 -0.8934 0.3226
vn 0.0571 -0.9933 0.1007
vn 0.2622 -0.8929 0.3660
vn -0.0151 -0.9998 0.0124
vn 0.2265 -0.8994 0.3738
vn -0.4981 -0.0002 0.8671
vn -0.2654 0.0021 0.9641
vn -0.6859 -0.0023 0.7276
vn -0.1365 -0.9756 -0.1719
vn -0.1457 -0.9720 -0.1841
vn -0.1717 -0.9673 -0.1867
vn 0.6834 -0.0039 0.7300
vn 0.6349 0.0176 0.7724
vn 0.5820 -0.0039 0.8131
vn 0.5824 0.0069 0.8129
vn 0.6852 0.0078 0.7283
vn 0.5329 0.0155 0.8460
vn 0.5499 0.0155 0.8351
vn 0.5470 0.0037 0.8371
vn 0.5312 -0.0108 0.8472
vn 0.5444 -0.0047 0.8388
vn 0.6160 -0.0003 0.7877
vn 0.5793 0.0045 0.8151
vn 0.5799 -0.0020 0.8147
vn 0.6328 -0.0167 0.7741
vn 0.5181 0.0017 0.8553
vn 0.5233 -0.0052 0.8522
vn 0.9111 0.4117 -0.0206
vn 0.7499 0.6527 0.1083
vn 0.7770 0.6229 0.0909
vn 0.6468 -0.0077 0.7626
vn -0.0445 0.5594 0.8277
vn -0.1396 -0.0301 0.9898
vn -0.1425 0.0184 0.9896
vn -0.0326 0.5799 0.8140
vn 0.6451 -0.0032 0.7641
vn 0.3464 -0.7645 0.5436
vn 0.7696 -0.6198 0.1538
vn 0.7944 -0.5921 0.1357
vn 0.4004 -0.7719 0.4939
vn 0.3049 0.8190 0.4861
vn 0.3586 0.8255 0.4359
vn -0.0083 -0.5283 0.8490
vn 0.0023 -0.5447 0.8386
vn 0.9112 -0.4112 0.0262
vn 0.1726 0.9373 0.3027
vn -0.2669 0.6170 0.7403
vn -0.0498 0.5486 0.8346
vn 0.3618 0.8050 0.4702
vn -0.4246 0.0055 0.9054
vn -0.2636 -0.6134 0.7444
vn -0.0445 -0.5433 0.8384
vn -0.2137 0.0027 0.9769
vn 0.1815 -0.9343 0.3069
vn 0.3651 -0.8014 0.4738
vn 0.6935 -0.6932 -0.1962
vn 0.8133 -0.5762 0.0808
vn 0.9097 0.0050 -0.4152
vn 0.9949 0.0037 -0.1009
vn 0.6860 0.6995 -0.2002
vn 0.8102 0.5810 0.0774
vn 0.5754 -0.0431 0.8168
vn 0.5748 -0.0406 0.8173
vn 0.3725 0.2110 0.9037
vn 0.5841 -0.0424 0.8106
vn 0.8873 0.0034 0.4612
vn 0.7610 -0.2187 0.6107
vn 0.5400 0.4066 0.7369
vn 0.7586 0.2211 0.6129
vn 0.5417 -0.4057 0.7362
vn 0.3738 -0.2059 0.9044
vn 0.2259 0.0040 0.9741
vn 0.5728 -0.0487 0.8183
vn 0.5810 -0.0426 0.8128
vn 0.5815 -0.0482 0.8121
vn 0.5751 0.0396 0.8171
vn 0.5753 0.0448 0.8167
vn 0.5726 0.0443 0.8186
vn 0.5863 0.0481 0.8087
vn 0.5816 0.0476 0.8121
vn 0.5815 0.0406 0.8125
vn -0.3142 0.5082 0.8019
vn -0.2649 0.1998 0.9434
vn -0.2710 0.2305 0.9346
vn 0.9906 0.0382 -0.1311
vn 0.9509 0.2448 -0.1891
vn 0.9347 0.2927 -0.2017
vn 0.3238 -0.8297 0.4548
vn 0.4177 -0.8564 0.3037
vn 0.4661 -0.8592 0.2112
vn 0.9513 -0.2420 -0.1907
vn 0.9914 -0.0296 -0.1278
vn 0.9355 -0.2887 -0.2037
vn 0.5675 0.8207 -0.0667
vn 0.4088 0.8622 0.2992
vn 0.4571 0.8649 0.2075
vn 0.5766 -0.8142 -0.0677
vn 0.1364 0.8382 0.5280
vn -0.1436 0.7703 0.6213
vn 0.1326 0.8378 0.5296
vn -0.2653 -0.1989 0.9434
vn -0.3164 -0.5092 0.8004
vn -0.2713 -0.2283 0.9350
vn 0.1402 -0.8326 0.5359
vn 0.3230 -0.8338 0.4477
vn 0.1333 -0.8319 0.5387
vn 0.3175 0.8367 0.4463
vn -0.2226 -0.0136 0.9748
vn 0.3165 0.8410 0.4388
vn -0.1448 -0.7660 0.6263
vn -0.2239 0.0173 0.9745
vn 0.7730 -0.5719 -0.2746
vn 0.7772 0.5698 -0.2670
vn 0.8417 0.0068 0.5400
vn 0.7668 0.2881 -0.5736
vn 0.5745 0.2423 -0.7818
vn 0.9884 0.0026 0.1516
vn 0.9878 0.0000 0.1557
vn 0.9885 -0.0025 0.1514
vn 0.6183 0.0000 0.7860
vn 0.9739 -0.2127 -0.0797
vn 0.7420 0.6009 0.2972
vn 0.2159 0.2736 0.9373
vn 0.4226 -0.6179 0.6630
vn 0.4226 0.6179 0.6630
vn 0.9739 0.2126 -0.0798
vn 0.2160 -0.2738 0.9372
vn 0.5640 0.7074 0.4261
vn 0.7966 -0.6045 -0.0080
vn 0.2203 0.4276 0.8767
vn 0.8411 -0.4892 -0.2307
vn 0.8210 0.1852 0.5401
vn 0.8335 0.1437 0.5336
vn 0.3020 0.8930 -0.3337
vn 0.5502 0.8288 -0.1024
vn 0.3391 0.8904 -0.3035
vn 0.2482 0.9447 -0.2145
vn 0.5098 0.8602 -0.0116
vn 0.2595 0.9434 -0.2067
vn -0.1704 0.8644 0.4731
vn 0.0936 0.8068 0.5833
vn -0.2075 0.8666 0.4538
vn 0.0618 0.8640 -0.4997
vn -0.0297 0.9222 -0.3855
vn -0.4495 0.8410 0.3012
vn -0.2265 0.9685 -0.1029
vn 0.5791 0.5150 -0.6320
vn 0.5707 -0.5071 -0.6459
vn 0.3718 0.2548 -0.8927
vn 0.3372 0.4806 -0.8095
vn 0.3372 -0.4806 -0.8095
vn 0.7793 0.5120 -0.3614
vn 0.7531 -0.5020 -0.4253
vn 0.6941 0.7075 -0.1332
vn 0.8166 0.5118 0.2666
vn 0.9393 0.3162 -0.1332
vn 0.9438 -0.0686 0.3232
vn -0.4598 0.7339 -0.5000
vn -0.4598 0.7339 0.5000
vn 0.0000 -0.0000 1.0000
vn 0.4598 -0.7339 0.5000
vn 0.4598 -0.7339 -0.5000
vn 0.5009 -0.7689 0.3974
vn 0.4400 -0.6718 0.5959
vn 0.4795 -0.7212 0.4999
vn -0.6470 -0.4054 0.6458
vn -0.0471 0.1057 -0.9933
vn 0.0746 -0.0885 -0.9933
vn 0.0199 0.0124 -0.9997
vn -0.4127 0.6890 0.5958
vn -0.4735 0.7860 0.3975
vn -0.4399 0.7461 0.4999
vn -0.1328 0.2552 -0.9577
vn 0.3498 0.8794 0.3230
vn 0.3837 -0.5691 0.7272
vn -0.3500 -0.8793 -0.3229
vn 0.5360 -0.8122 0.2304
vn 0.6468 0.4055 -0.6459
vn -0.4971 0.8364 0.2308
vn -0.9439 0.0686 -0.3229
vn -0.3450 0.5937 0.7270
vn 0.1717 -0.2309 -0.9577
vn -0.8474 -0.5310 -0.0000
vn -0.6302 0.5408 -0.5571
vn -0.4227 0.8576 -0.2929
vn -0.2152 0.7047 -0.6761
vn 0.1679 0.9436 -0.2855
vn -0.7783 -0.6010 -0.1816
vn -0.7783 -0.0136 0.6277
vn -0.0000 0.5874 0.8093
vn 0.7783 0.6010 0.1816
vn 0.7783 0.0136 -0.6277
vn 0.0000 -0.5874 -0.8093
vn 0.8175 0.5708 0.0767
vn 0.7145 0.6467 0.2669
vn 0.7679 0.6179 0.1692
vn 0.3348 -0.1760 0.9257
vn -0.1101 -0.6123 -0.7829
vn 0.0959 -0.5310 -0.8420
vn -0.0102 -0.5702 -0.8215
vn -0.7287 0.0767 0.6805
vn -0.8316 -0.0804 0.5495
vn -0.7884 0.0034 0.6152
vn -0.2678 -0.6476 -0.7134
vn -0.8375 0.5464 0.0025
vn 0.6065 0.6873 0.3998
vn 0.8374 -0.5465 -0.0024
vn 0.8643 0.4973 -0.0762
vn -0.3349 0.1758 -0.9257
vn -0.8843 -0.1930 0.4252
vn -0.1679 -0.9435 0.2857
vn -0.6268 0.2002 0.7530
vn 0.2477 -0.4441 -0.8611
vn 0.4385 -0.7274 0.5279
vn 0.7815 -0.5847 -0.2175
vn 0.7045 0.3219 -0.6325
vn -0.0771 0.9066 -0.4150
vn -0.7815 0.5847 0.2175
vn -0.7045 -0.3219 0.6325
vn 0.0771 -0.9066 0.4150
vn -0.4868 0.0654 -0.8710
vn -0.5697 0.4736 -0.6717
vn -0.1735 0.4035 -0.8984
vn -0.1388 0.8517 -0.5054
vn -0.2881 -0.9331 -0.2152
vn -0.8871 -0.3351 0.3174
vn -0.5990 0.5980 0.5326
vn 0.2881 0.9331 0.2152
vn 0.8871 0.3351 -0.3174
vn 0.5990 -0.5980 -0.5326
vn 0.3776 0.9147 0.1438
vn 0.1810 0.9495 0.2563
vn 0.2781 0.9405 0.1953
vn -0.0621 0.1373 0.9886
vn 0.5103 -0.6726 -0.5360
vn 0.6658 -0.5047 -0.5495
vn 0.5888 -0.5902 -0.5522
vn -0.9085 -0.2264 0.3512
vn -0.8674 -0.4288 0.2523
vn -0.8968 -0.3274 0.2976
vn 0.3693 -0.7752 -0.5125
vn -0.8977 0.0324 -0.4394
vn 0.0201 0.9446 0.3275
vn 0.8976 -0.0325 0.4396
vn 0.5123 0.8576 0.0459
vn 0.0621 -0.1375 -0.9885
vn -0.8080 -0.5668 0.1610
vn 0.1386 -0.8516 0.5056
vn -0.9108 -0.0603 0.4084
vn 0.7585 -0.3552 -0.5464
vn -0.5079 -0.3939 -0.7661
vn 0.4253 -0.3260 0.8443
vn 0.4253 -0.3261 0.8443
vn -0.4693 -0.4836 -0.7388
vn -0.2926 -0.1127 -0.9496
vn -0.0279 -0.4837 -0.8748
vn 0.2906 0.0146 -0.9567
vn -0.7727 -0.4638 0.4334
vn -0.8826 0.4638 0.0764
vn -0.1100 0.9276 -0.3571
vn 0.7727 0.4638 -0.4334
vn 0.8826 -0.4638 -0.0764
vn 0.1100 -0.9276 0.3571
vn 0.8288 0.3625 -0.4263
vn 0.6974 0.5467 -0.4635
vn 0.7661 0.4549 -0.4541
vn 0.1374 0.8843 0.4462
vn -0.0047 -0.9274 0.3740
vn 0.2143 -0.9274 0.3065
vn 0.1036 -0.9361 0.3362
vn -0.8373 0.5466 0.0093
vn -0.9249 0.3627 0.1138
vn -0.8888 0.4549 0.0557
vn -0.1750 -0.8969 0.4060
vn -0.7786 0.0144 -0.6273
vn 0.5694 0.6660 -0.4819
vn 0.7785 -0.0143 0.6275
vn 0.8981 0.2052 -0.3890
vn -0.1376 -0.8844 -0.4460
vn -0.9613 0.2055 0.1836
vn -0.2906 -0.0143 0.9567
vn -0.7420 0.6658 -0.0779
vn 0.3732 -0.8969 0.2372
vn 0.2730 0.3736 0.8865
vn -0.0448 -0.1038 -0.9936
vn -0.2831 0.2840 -0.9161
vn 0.1779 0.2968 -0.9382
vn -0.0523 0.7628 -0.6445
vn 0.0195 -0.9859 -0.1662
vn -0.8550 -0.5170 -0.0417
vn -0.8744 0.4689 0.1245
vn -0.0195 0.9859 0.1662
vn 0.8550 0.5170 0.0417
vn 0.8744 -0.4689 -0.1245
vn 0.0943 0.9851 0.1437
vn -0.1346 0.9788 0.1546
vn -0.0206 0.9895 0.1431
vn -0.5252 0.1768 0.8324
vn 0.8124 -0.5625 -0.1534
vn 0.9230 -0.3636 -0.1259
vn 0.8730 -0.4649 -0.1476
vn -0.9092 -0.4147 -0.0380
vn -0.7910 -0.6070 -0.0765
vn -0.8560 -0.5130 -0.0647
vn 0.6979 -0.6941 -0.1763
vn -0.5918 -0.2080 -0.7787
vn -0.3062 0.9400 0.1503
vn 0.5917 0.2079 0.7789
vn 0.2666 0.9559 0.1229
vn 0.5252 -0.1771 -0.8324
vn -0.6722 -0.7320 -0.1106
vn 0.0521 -0.7627 0.6446
vn -0.9679 -0.2508 -0.0144
vn 0.9746 -0.1964 -0.1074
vn 0.0518 -0.1650 0.9849
vn -0.7574 0.3709 0.5373
vn -0.9337 -0.0161 0.3576
vn -0.6733 -0.0362 0.7384
vn -0.6989 -0.5573 0.4483
vn 0.1154 0.9930 -0.0266
vn -0.4307 0.5341 -0.7275
vn -0.5461 -0.4589 -0.7009
vn -0.1154 -0.9930 0.0266
vn 0.4307 -0.5341 0.7275
vn 0.5461 0.4589 0.7009
vn -0.0632 -0.9895 0.1301
vn -0.1925 -0.9795 -0.0589
vn -0.1345 -0.9901 0.0398
vn 0.2716 -0.3805 -0.8840
vn 0.5083 0.5586 0.6554
vn 0.5500 0.3565 0.7552
vn 0.5268 0.4613 0.7139
vn -0.4847 0.4363 -0.7581
vn -0.3973 0.6282 -0.6689
vn -0.4497 0.5365 -0.7141
vn 0.4520 0.6948 0.5594
vn -0.9024 0.4291 -0.0387
vn -0.2910 -0.9360 -0.1981
vn 0.9025 -0.4290 0.0385
vn 0.0325 -0.9609 0.2750
vn -0.2715 0.3807 0.8839
vn -0.3219 0.7542 -0.5723
vn 0.6988 0.5572 -0.4485
vn -0.5407 0.2739 -0.7954
vn 0.5565 0.1891 0.8091
vn 0.8177 -0.1101 -0.5650
vn 0.0608 0.9920 -0.1110
vn 0.0948 0.9908 -0.0964
vn 0.3088 0.8979 -0.3138
vn 0.2352 0.8934 -0.3829
vn 0.0338 0.9933 -0.1107
vn 0.1764 0.8929 -0.4142
vn -0.0174 0.9998 -0.0088
vn 0.1399 0.8994 -0.4141
vn -0.6688 0.0000 -0.7435
vn -0.6747 0.0002 -0.7381
vn -0.4686 -0.0021 -0.8834
vn -0.4702 -0.0010 -0.8825
vn -0.8272 0.0011 -0.5619
vn -0.8277 0.0023 -0.5612
vn -0.0958 0.9756 0.1975
vn -0.1022 0.9720 0.2114
vn -0.1270 0.9673 0.2195
vn -0.1728 0.9692 0.1756
vn 0.4258 0.0037 -0.9048
vn 0.5121 -0.0108 -0.8589
vn 0.4981 0.0093 -0.8670
vn -0.8272 -0.0011 -0.5619
vn 0.3491 -0.0047 -0.9371
vn 0.3491 0.0047 -0.9371
vn 0.3888 0.0018 -0.9213
vn 0.3890 -0.0020 -0.9213
vn 0.8496 -0.0020 -0.5274
vn 0.8493 -0.0036 -0.5278
vn 0.7207 -0.0045 -0.6933
vn 0.5121 -0.0016 -0.8589
vn -0.4702 0.0010 -0.8825
vn 0.4519 -0.0176 -0.8919
vn 0.3914 0.0039 -0.9202
vn 0.3918 -0.0069 -0.9200
vn 0.3363 -0.0155 -0.9416
vn 0.3552 -0.0155 -0.9347
vn 0.3520 -0.0037 -0.9360
vn 0.3343 0.0108 -0.9424
vn 0.3885 -0.0049 -0.9215
vn 0.3198 -0.0017 -0.9475
vn 0.3255 0.0052 -0.9455
vn 0.8938 -0.4117 -0.1779
vn 0.7084 -0.6527 -0.2687
vn 0.7387 -0.6229 -0.2576
vn 0.4396 0.0098 -0.8981
vn 0.4656 0.0077 -0.8849
vn -0.2233 -0.5594 -0.7982
vn -0.3514 0.0301 -0.9358
vn -0.3542 -0.0184 -0.9350
vn -0.2088 -0.5799 -0.7874
vn 0.4637 0.0032 -0.8860
vn 0.2200 0.7645 -0.6059
vn 0.7177 0.6198 -0.3174
vn 0.7459 0.5921 -0.3051
vn 0.2835 0.7719 -0.5691
vn 0.1920 -0.8190 -0.5407
vn 0.2552 -0.8255 -0.5035
vn -0.1926 0.5283 -0.8269
vn -0.1800 0.5447 -0.8191
vn 0.8837 0.4112 -0.2236
vn 0.1027 -0.9373 -0.3330
vn -0.4214 -0.6170 -0.6646
vn -0.2300 -0.5486 -0.8038
vn 0.2510 -0.8050 -0.5376
vn -0.6112 -0.0055 -0.7914
vn -0.4191 0.6134 -0.6693
vn -0.2256 0.5433 -0.8086
vn -0.4209 -0.0027 -0.9071
vn 0.1104 0.9343 -0.3390
vn 0.2534 0.8014 -0.5418
vn 0.7196 0.6932 0.0408
vn 0.7763 0.5762 -0.2557
vn 0.9782 -0.0050 0.2076
vn 0.9930 -0.0037 -0.1177
vn 0.7131 -0.6995 0.0463
vn 0.7740 -0.5810 -0.2517
vn 0.3841 0.0431 -0.9223
vn 0.3834 0.0406 -0.9227
vn 0.1671 -0.2110 -0.9631
vn 0.3939 0.0424 -0.9182
vn 0.7658 -0.0034 -0.6430
vn 0.6101 0.2187 -0.7615
vn 0.3670 -0.4066 -0.8367
vn 0.6072 -0.2211 -0.7632
vn 0.3687 0.4057 -0.8363
vn 0.1683 0.2059 -0.9640
vn 0.0088 -0.0040 -1.0000
vn 0.3813 0.0487 -0.9232
vn 0.3905 0.0426 -0.9196
vn 0.3911 0.0482 -0.9191
vn 0.3837 -0.0396 -0.9226
vn 0.3841 -0.0448 -0.9222
vn 0.3810 -0.0443 -0.9235
vn 0.3965 -0.0481 -0.9168
vn 0.3912 -0.0476 -0.9191
vn 0.3910 -0.0406 -0.9195
vn -0.4810 -0.5082 -0.7144
vn -0.4636 -0.1998 -0.8632
vn -0.4676 -0.2305 -0.8534
vn 0.9954 -0.0382 -0.0873
vn 0.9693 -0.2448 -0.0221
vn 0.9562 -0.2927 -0.0063
vn 0.2172 0.8296 -0.5143
vn 0.3417 0.8563 -0.3872
vn 0.4091 0.8591 -0.3074
vn 0.9700 0.2420 -0.0206
vn 0.9954 0.0296 -0.0907
vn 0.9574 0.2887 -0.0045
vn 0.5684 -0.8207 -0.0583
vn 0.3340 -0.8622 -0.3809
vn 0.4011 -0.8649 -0.3018
vn 0.5776 0.8142 -0.0592
vn 0.0184 -0.8382 -0.5450
vn -0.2752 -0.7703 -0.5752
vn 0.0143 -0.8378 -0.5458
vn -0.4640 0.1989 -0.8632
vn -0.4828 0.5092 -0.7125
vn -0.4680 0.2283 -0.8537
vn 0.0204 0.8326 -0.5535
vn 0.2180 0.8338 -0.5072
vn 0.0130 0.8319 -0.5548
vn 0.2129 -0.8367 -0.5046
vn -0.4292 0.0136 -0.9031
vn 0.2135 -0.8410 -0.4971
vn -0.2775 0.7660 -0.5799
vn -0.4303 -0.0173 -0.9025
vn 0.8142 0.5719 0.1000
vn 0.8166 -0.5698 0.0917
vn 0.1100 0.9920 -0.0626
vn 0.3790 0.8934 -0.2413
vn 0.1101 0.9933 -0.0356
vn 0.4113 0.8929 -0.1831
vn 0.0091 0.9998 0.0172
vn 0.4118 0.8994 -0.1465
vn 0.7542 0.0000 0.6567
vn 0.8900 -0.0010 0.4559
vn 0.8909 -0.0021 0.4542
vn 0.7489 0.0002 0.6627
vn 0.5752 0.0011 0.8180
vn 0.5744 0.0023 0.8185
vn -0.1959 0.9756 0.0990
vn -0.2097 0.9720 0.1056
vn -0.2175 0.9673 0.1305
vn 0.5752 -0.0011 0.8180
vn 0.9313 -0.0047 -0.3642
vn 0.9129 0.0012 -0.4082
vn 0.9140 0.0002 -0.4056
vn 0.9313 0.0047 -0.3642
vn 0.6996 -0.0033 -0.7145
vn 0.8900 0.0010 0.4559
vn 0.8845 -0.0176 -0.4662
vn 0.8515 -0.0078 -0.5243
vn 0.9136 -0.0069 -0.4066
vn 0.9138 0.0039 -0.4062
vn 0.9288 -0.0155 -0.3703
vn 0.9361 -0.0155 -0.3515
vn 0.9302 -0.0037 -0.3671
vn 0.9369 0.0108 -0.3495
vn 0.8957 0.0003 -0.4446
vn 0.9151 -0.0045 -0.4031
vn 0.8858 0.0167 -0.4638
vn 0.9422 -0.0017 -0.3351
vn 0.9401 0.0052 -0.3408
vn 0.1634 -0.4117 -0.8965
vn 0.2457 -0.6229 -0.7427
vn 0.2572 -0.6527 -0.7126
vn 0.8773 0.0077 -0.4799
vn 0.8017 -0.5594 0.2104
vn 0.7907 -0.5799 0.1961
vn 0.9406 -0.0184 0.3391
vn 0.9413 0.0301 0.3362
vn 0.8784 0.0032 -0.4779
vn 0.6022 0.7645 -0.2297
vn 0.5644 0.7719 -0.2926
vn 0.2931 0.5921 -0.7507
vn 0.3058 0.6198 -0.7228
vn 0.4993 -0.8255 -0.2633
vn 0.5375 -0.8190 -0.2007
vn 0.8219 0.5447 0.1668
vn 0.8299 0.5283 0.1792
vn 0.2093 0.4112 -0.8872
vn 0.3313 -0.9373 -0.1080
vn 0.5335 -0.8050 -0.2596
vn 0.8074 -0.5486 0.2170
vn 0.6713 -0.6170 0.4106
vn 0.8012 -0.0055 0.5984
vn 0.9138 -0.0027 0.4062
vn 0.8122 0.5433 0.2126
vn 0.6760 0.6134 0.4083
vn 0.5376 0.8014 -0.2621
vn 0.3372 0.9343 -0.1159
vn 0.2431 0.5762 -0.7803
vn -0.0524 0.6932 -0.7188
vn 0.1017 -0.0037 -0.9948
vn -0.2233 -0.0050 -0.9747
vn -0.0578 -0.6995 -0.7122
vn 0.2391 -0.5810 -0.7780
vn 0.9160 0.0431 -0.3989
vn 0.9117 0.0424 -0.4087
vn 0.9603 -0.2110 -0.1827
vn 0.9164 0.0406 -0.3983
vn 0.6306 -0.0034 -0.7761
vn 0.7516 0.2187 -0.6223
vn 0.8306 -0.4066 -0.3804
vn 0.7533 -0.2211 -0.6194
vn 0.8303 0.4057 -0.3822
vn 0.9611 0.2059 -0.1838
vn 0.9997 -0.0040 -0.0249
vn 0.9169 0.0487 -0.3961
vn 0.9127 0.0482 -0.4059
vn 0.9132 0.0426 -0.4052
vn 0.9163 -0.0396 -0.3986
vn 0.9172 -0.0443 -0.3959
vn 0.9159 -0.0448 -0.3989
vn 0.9131 -0.0406 -0.4058
vn 0.9126 -0.0476 -0.4060
vn 0.9102 -0.0481 -0.4113
vn 0.7221 -0.5082 0.4694
vn 0.8608 -0.2305 0.4538
vn 0.8706 -0.1998 0.4496
vn 0.0712 -0.0382 -0.9967
vn -0.0092 -0.2927 -0.9562
vn 0.0064 -0.2448 -0.9695
vn 0.5108 0.8296 -0.2254
vn 0.3008 0.8591 -0.4140
vn 0.3816 0.8563 -0.3479
vn 0.0049 0.2420 -0.9703
vn -0.0110 0.2887 -0.9574
vn 0.0746 0.0296 -0.9968
vn 0.0491 -0.8207 -0.5693
vn 0.2953 -0.8649 -0.4059
vn 0.3755 -0.8622 -0.3401
vn 0.0499 0.8142 -0.5784
vn 0.5446 -0.8382 -0.0272
vn 0.5455 -0.8378 -0.0231
vn 0.5796 -0.7703 0.2659
vn 0.8706 0.1989 0.4500
vn 0.8611 0.2283 0.4542
vn 0.7202 0.5092 0.4712
vn 0.5531 0.8326 -0.0293
vn 0.5545 0.8319 -0.0219
vn 0.5036 0.8338 -0.2262
vn 0.5011 -0.8367 -0.2211
vn 0.9099 0.0136 0.4145
vn 0.4936 -0.8410 -0.2215
vn 0.5843 0.7660 0.2681
vn 0.9093 -0.0173 0.4157
vn -0.1131 0.5719 -0.8125
vn -0.1048 -0.5698 -0.8151
vn 0.0608 -0.9920 -0.1110
vn 0.2352 -0.8934 -0.3829
vn 0.3087 -0.8979 -0.3138
vn 0.0948 -0.9908 -0.0964
vn 0.0338 -0.9933 -0.1107
vn 0.1764 -0.8929 -0.4142
vn -0.0174 -0.9998 -0.0088
vn 0.1399 -0.8994 -0.4141
vn -0.4686 0.0021 -0.8834
vn -0.6747 -0.0002 -0.7381
vn -0.8277 -0.0023 -0.5612
vn -0.0958 -0.9756 0.1975
vn -0.1022 -0.9720 0.2114
vn -0.1270 -0.9673 0.2195
vn -0.1728 -0.9692 0.1756
vn 0.5105 0.0078 -0.8599
vn 0.7031 0.0030 -0.7111
vn 0.7029 0.0025 -0.7112
vn 0.4519 0.0176 -0.8919
vn 0.3918 0.0069 -0.9200
vn 0.3914 -0.0039 -0.9202
vn 0.3552 0.0155 -0.9347
vn 0.3363 0.0155 -0.9416
vn 0.3520 0.0037 -0.9360
vn 0.3343 -0.0108 -0.9424
vn 0.4301 -0.0003 -0.9028
vn 0.3883 0.0045 -0.9215
vn 0.4494 -0.0167 -0.8932
vn 0.3198 0.0017 -0.9475
vn 0.3255 -0.0052 -0.9455
vn 0.8938 0.4117 -0.1779
vn 0.7387 0.6229 -0.2576
vn 0.7084 0.6527 -0.2687
vn 0.4656 -0.0077 -0.8849
vn -0.2233 0.5594 -0.7982
vn -0.2088 0.5799 -0.7874
vn -0.3542 0.0184 -0.9350
vn -0.3514 -0.0301 -0.9358
vn 0.4637 -0.0032 -0.8860
vn 0.2200 -0.7645 -0.6059
vn 0.2835 -0.7719 -0.5691
vn 0.7459 -0.5921 -0.3051
vn 0.7177 -0.6198 -0.3174
vn 0.2552 0.8255 -0.5035
vn 0.1920 0.8190 -0.5407
vn -0.1800 -0.5447 -0.8191
vn -0.1926 -0.5283 -0.8269
vn 0.8837 -0.4112 -0.2236
vn 0.1027 0.9373 -0.3330
vn 0.2510 0.8050 -0.5376
vn -0.2300 0.5486 -0.8038
vn -0.4214 0.6170 -0.6646
vn -0.6112 0.0055 -0.7914
vn -0.4209 0.0027 -0.9071
vn -0.2256 -0.5433 -0.8086
vn -0.4191 -0.6134 -0.6693
vn 0.2534 -0.8014 -0.5418
vn 0.1104 -0.9343 -0.3390
vn 0.7763 -0.5762 -0.2557
vn 0.7196 -0.6932 0.0408
vn 0.9930 0.0037 -0.1177
vn 0.9782 0.0050 0.2076
vn 0.7131 0.6995 0.0463
vn 0.7740 0.5810 -0.2517
vn 0.3841 -0.0431 -0.9223
vn 0.3939 -0.0424 -0.9182
vn 0.1671 0.2110 -0.9631
vn 0.3834 -0.0406 -0.9227
vn 0.7658 0.0034 -0.6430
vn 0.6101 -0.2187 -0.7615
vn 0.3670 0.4066 -0.8367
vn 0.6072 0.2211 -0.7632
vn 0.3687 -0.4057 -0.8363
vn 0.1683 -0.2059 -0.9640
vn 0.0088 0.0040 -1.0000
vn 0.3813 -0.0487 -0.9232
vn 0.3911 -0.0482 -0.9191
vn 0.3905 -0.0426 -0.9196
vn 0.3838 0.0396 -0.9226
vn 0.3810 0.0443 -0.9235
vn 0.3841 0.0448 -0.9222
vn 0.3910 0.0406 -0.9195
vn 0.3912 0.0476 -0.9191
vn 0.3965 0.0481 -0.9168
vn -0.4810 0.5082 -0.7144
vn -0.4676 0.2305 -0.8534
vn -0.4636 0.1998 -0.8632
vn 0.9954 0.0382 -0.0873
vn 0.9562 0.2927 -0.0063
vn 0.9693 0.2448 -0.0221
vn 0.2172 -0.8296 -0.5143
vn 0.4091 -0.8592 -0.3074
vn 0.3417 -0.8564 -0.3872
vn 0.9700 -0.2420 -0.0206
vn 0.9574 -0.2887 -0.0045
vn 0.9954 -0.0296 -0.0907
vn 0.5684 0.8207 -0.0583
vn 0.4011 0.8649 -0.3019
vn 0.3340 0.8622 -0.3809
vn 0.5775 -0.8142 -0.0592
vn 0.0184 0.8382 -0.5450
vn 0.0143 0.8378 -0.5458
vn -0.2752 0.7703 -0.5752
vn -0.4640 -0.1989 -0.8632
vn -0.4680 -0.2283 -0.8537
vn -0.4828 -0.5092 -0.7125
vn 0.0204 -0.8326 -0.5535
vn 0.0130 -0.8319 -0.5548
vn 0.2180 -0.8338 -0.5072
vn 0.2129 0.8367 -0.5046
vn -0.4292 -0.0136 -0.9031
vn 0.2135 0.8410 -0.4971
vn -0.2775 -0.7660 -0.5799
vn -0.4303 0.0173 -0.9025
vn 0.8142 -0.5719 0.1000
vn 0.8167 0.5698 0.0917
vn 0.1100 -0.9920 -0.0626
vn 0.3790 -0.8934 -0.2413
vn 0.1101 -0.9933 -0.0356
vn 0.4113 -0.8929 -0.1831
vn 0.0091 -0.9998 0.0172
vn 0.4118 -0.8994 -0.1465
vn 0.7489 -0.0002 0.6627
vn 0.8909 0.0021 0.4542
vn 0.5744 -0.0023 0.8185
vn -0.1959 -0.9756 0.0990
vn -0.2097 -0.9720 0.1056
vn -0.2175 -0.9673 0.1305
vn 0.9134 0.0122 -0.4069
vn 0.8783 -0.0081 -0.4781
vn 0.8845 0.0176 -0.4662
vn 0.9138 -0.0039 -0.4062
vn 0.9136 0.0069 -0.4066
vn 0.8511 0.0116 -0.5248
vn 0.9361 0.0155 -0.3515
vn 0.9288 0.0155 -0.3703
vn 0.9302 0.0037 -0.3671
vn 0.9369 -0.0108 -0.3495
vn 0.8890 0.0047 -0.4580
vn 0.9422 0.0017 -0.3351
vn 0.9401 -0.0052 -0.3408
vn 0.1634 0.4117 -0.8965
vn 0.2572 0.6527 -0.7126
vn 0.2457 0.6229 -0.7427
vn 0.8773 -0.0077 -0.4799
vn 0.8017 0.5594 0.2104
vn 0.9413 -0.0301 0.3362
vn 0.9406 0.0184 0.3391
vn 0.7907 0.5799 0.1961
vn 0.8784 -0.0032 -0.4779
vn 0.6023 -0.7645 -0.2297
vn 0.3058 -0.6198 -0.7228
vn 0.2931 -0.5921 -0.7507
vn 0.5644 -0.7719 -0.2926
vn 0.5375 0.8190 -0.2007
vn 0.4993 0.8255 -0.2633
vn 0.8299 -0.5283 0.1792
vn 0.8219 -0.5447 0.1668
vn 0.2093 -0.4112 -0.8872
vn 0.3313 0.9373 -0.1080
vn 0.6713 0.6170 0.4106
vn 0.8074 0.5486 0.2170
vn 0.5335 0.8050 -0.2596
vn 0.8012 0.0055 0.5984
vn 0.6760 -0.6134 0.4083
vn 0.8122 -0.5433 0.2126
vn 0.9138 0.0027 0.4062
vn 0.3372 -0.9343 -0.1159
vn 0.5376 -0.8014 -0.2621
vn -0.0524 -0.6932 -0.7188
vn 0.2431 -0.5762 -0.7803
vn -0.2233 0.0050 -0.9747
vn 0.1017 0.0037 -0.9948
vn -0.0578 0.6995 -0.7123
vn 0.2391 0.5810 -0.7780
vn 0.9160 -0.0431 -0.3989
vn 0.9164 -0.0406 -0.3983
vn 0.9603 0.2110 -0.1827
vn 0.9117 -0.0424 -0.4087
vn 0.6306 0.0034 -0.7761
vn 0.7516 -0.2187 -0.6223
vn 0.8306 0.4066 -0.3804
vn 0.7533 0.2211 -0.6194
vn 0.8303 -0.4057 -0.3822
vn 0.9611 -0.2059 -0.1838
vn 0.9997 0.0040 -0.0249
vn 0.9169 -0.0487 -0.3961
vn 0.9132 -0.0426 -0.4052
vn 0.9127 -0.0482 -0.4059
vn 0.9163 0.0396 -0.3986
vn 0.9159 0.0448 -0.3989
vn 0.9172 0.0443 -0.3959
vn 0.9102 0.0481 -0.4113
vn 0.9126 0.0476 -0.4060
vn 0.9131 0.0406 -0.4058
vn 0.7221 0.5082 0.4694
vn 0.8706 0.1998 0.4496
vn 0.8608 0.2305 0.4538
vn 0.0712 0.0382 -0.9967
vn 0.0064 0.2448 -0.9695
vn -0.0092 0.2927 -0.9562
vn 0.5107 -0.8297 -0.2254
vn 0.3816 -0.8564 -0.3479
vn 0.3008 -0.8592 -0.4140
vn 0.0049 -0.2420 -0.9703
vn 0.0746 -0.0296 -0.9968
vn -0.0110 -0.2887 -0.9574
vn 0.0491 0.8206 -0.5693
vn 0.3755 0.8622 -0.3401
vn 0.2953 0.8649 -0.4059
vn 0.0499 -0.8142 -0.5784
vn 0.5446 0.8382 -0.0272
vn 0.5796 0.7703 0.2659
vn 0.5455 0.8378 -0.0231
vn 0.8706 -0.1989 0.4500
vn 0.7202 -0.5092 0.4712
vn 0.8611 -0.2283 0.4542
vn 0.5531 -0.8326 -0.0293
vn 0.5036 -0.8338 -0.2262
vn 0.5545 -0.8319 -0.0219
vn 0.5011 0.8367 -0.2211
vn 0.9099 -0.0136 0.4145
vn 0.4936 0.8410 -0.2215
vn 0.5843 -0.7660 0.2681
vn 0.9093 0.0173 0.4157
vn -0.1131 -0.5719 -0.8125
vn -0.1048 0.5698 -0.8151
vn 0.6734 0.0045 -0.7393
vn 0.5644 0.7660 -0.3077
vn 0.3244 -0.7704 -0.5488
vn 0.7066 0.7012 -0.0948
vn 0.0531 -0.6884 -0.7234
vn -0.0467 0.9920 -0.1177
vn -0.1861 0.8934 -0.4090
vn -0.2151 0.8960 -0.3885
vn -0.0662 0.9906 -0.1196
vn -0.1049 0.9933 -0.0489
vn -0.1015 0.9920 -0.0757
vn -0.3464 0.8934 -0.2863
vn -0.3856 0.8929 -0.2324
vn -0.0111 0.9998 0.0160
vn -0.3906 0.8994 -0.1962
vn -0.8295 0.0000 0.5586
vn -0.8250 0.0002 0.5652
vn -0.9401 -0.0021 0.3408
vn -0.9395 -0.0010 0.3426
vn -0.6718 0.0011 0.7408
vn -0.6711 0.0023 0.7414
vn 0.1822 0.9756 0.1224
vn 0.1951 0.9720 0.1307
vn 0.1997 0.9673 0.1564
vn 0.0989 0.9673 0.2335
vn 0.1205 0.9685 0.2177
vn -0.5989 -0.6009 -0.5294
vn -0.8039 -0.2423 0.5432
vn -0.6503 -0.2548 0.7157
vn -0.3983 0.0039 -0.9173
vn -0.6080 -0.0000 -0.7939
vn -0.6088 0.0430 -0.7922
vn -0.4984 0.0161 -0.8668
vn -0.8312 -0.0262 -0.5553
vn -0.8096 -0.0056 -0.5869
vn -0.8493 -0.0092 -0.5279
vn -0.9117 -0.2818 0.2989
vn -0.8202 -0.0176 -0.5718
vn -0.8567 0.0039 -0.5159
vn -0.8564 -0.0069 -0.5162
vn -0.7803 -0.0078 -0.6254
vn -0.8855 -0.0155 -0.4643
vn -0.8760 -0.0155 -0.4821
vn -0.8778 -0.0037 -0.4791
vn -0.8866 0.0108 -0.4625
vn -0.8792 0.0047 -0.4764
vn -0.8340 0.0003 -0.5518
vn -0.8584 -0.0045 -0.5130
vn -0.8582 0.0009 -0.5133
vn -0.8218 0.0167 -0.5696
vn -0.7801 0.0030 -0.6257
vn -0.8936 -0.0017 -0.4488
vn -0.8909 0.0052 -0.4542
vn -0.0515 -0.4117 -0.9099
vn -0.1673 -0.6527 -0.7389
vn -0.1521 -0.6229 -0.7674
vn -0.8114 0.0077 -0.5845
vn -0.8216 -0.5594 0.1099
vn -0.9756 0.0301 0.2175
vn -0.9752 -0.0184 0.2204
vn -0.8089 -0.5799 0.0970
vn -0.8127 0.0032 -0.5827
vn -0.5693 0.7645 -0.3023
vn -0.2142 0.6198 -0.7550
vn -0.1982 0.5921 -0.7811
vn -0.5240 0.7719 -0.3601
vn -0.5087 -0.8190 -0.2655
vn -0.4629 -0.8255 -0.3229
vn -0.8457 0.5283 0.0754
vn -0.8362 0.5447 0.0641
vn -0.0982 0.4112 -0.9063
vn -0.3154 -0.9373 -0.1481
vn -0.7169 -0.6170 0.3246
vn -0.8280 -0.5486 0.1157
vn -0.4974 -0.8050 -0.3235
vn -0.8689 -0.0055 0.4949
vn -0.7212 0.6134 0.3217
vn -0.8322 0.5433 0.1107
vn -0.9569 -0.0027 0.2903
vn -0.3203 0.9343 -0.1566
vn -0.5012 0.8014 -0.3264
vn 0.1407 0.6932 -0.7069
vn -0.1449 0.5762 -0.8044
vn 0.3419 -0.0050 -0.9397
vn 0.0219 -0.0037 -0.9998
vn 0.1453 -0.6995 -0.6997
vn -0.1413 -0.5810 -0.8016
vn -0.8597 0.0431 -0.5089
vn -0.8602 0.0406 -0.5083
vn -0.9304 -0.2110 -0.2998
vn -0.8543 0.0424 -0.5181
vn -0.5300 -0.0034 -0.8480
vn -0.6690 0.2187 -0.7103
vn -0.7773 -0.4066 -0.4800
vn -0.6711 -0.2211 -0.7077
vn -0.7768 0.4057 -0.4817
vn -0.9311 0.2059 -0.3011
vn -0.9890 -0.0040 -0.1481
vn -0.8610 0.0487 -0.5062
vn -0.8562 0.0426 -0.5149
vn -0.8556 0.0482 -0.5154
vn -0.8601 -0.0396 -0.5086
vn -0.8597 -0.0448 -0.5089
vn -0.8613 -0.0443 -0.5061
vn -0.8525 -0.0481 -0.5205
vn -0.8556 -0.0476 -0.5155
vn -0.8560 -0.0406 -0.5154
vn -0.7745 -0.5082 0.3767
vn -0.9194 -0.1998 0.3387
vn -0.9102 -0.2305 0.3441
vn 0.0523 -0.0382 -0.9979
vn 0.1133 -0.2448 -0.9629
vn 0.1271 -0.2927 -0.9477
vn -0.4790 0.8297 -0.2867
vn -0.3358 0.8564 -0.3923
vn -0.2474 0.8592 -0.4479
vn 0.1148 0.2420 -0.9634
vn 0.0490 0.0296 -0.9984
vn 0.1290 0.2887 -0.9487
vn 0.0215 -0.8207 -0.5710
vn -0.3307 -0.8622 -0.3838
vn -0.2430 -0.8649 -0.4393
vn 0.0219 0.8142 -0.5801
vn -0.5371 -0.8382 -0.0942
vn -0.6079 -0.7703 0.1923
vn -0.5384 -0.8378 -0.0903
vn -0.9195 0.1989 0.3391
vn -0.7728 0.5092 0.3788
vn -0.9106 0.2283 0.3444
vn -0.5453 0.8326 -0.0973
vn -0.4719 0.8338 -0.2866
vn -0.5476 0.8319 -0.0902
vn -0.4700 -0.8367 -0.2812
vn -0.9541 0.0136 0.2991
vn -0.4625 -0.8410 -0.2808
vn -0.6129 0.7660 0.1939
vn -0.9537 -0.0173 0.3003
vn 0.2125 0.5719 -0.7923
vn 0.2046 -0.5698 -0.7959
vn -0.0199 0.9933 -0.1140
vn -0.1239 0.8929 -0.4328
vn 0.0183 0.9998 -0.0066
vn -0.0877 0.8994 -0.4282
vn 0.7554 0.0000 -0.6553
vn 0.5756 -0.0010 -0.8178
vn 0.5740 -0.0021 -0.8188
vn 0.7606 0.0002 -0.6492
vn 0.8902 0.0011 -0.4555
vn 0.8906 0.0023 -0.4547
vn 0.0707 0.9756 0.2078
vn 0.0753 0.9720 0.2224
vn -0.7042 0.0200 -0.7097
vn 0.8898 0.0000 -0.4564
vn 0.8902 -0.0011 -0.4555
vn 0.7552 0.0000 -0.6554
vn -0.2265 0.0000 -0.9740
vn -0.2621 0.0000 -0.9651
vn -0.2723 0.0020 -0.9622
vn -0.2308 0.0047 -0.9730
vn -0.0982 0.9906 -0.0951
vn -0.3190 0.8960 -0.3090
vn -0.4844 -0.0000 -0.8749
vn -0.6229 -0.0021 -0.7823
vn 0.5756 0.0010 -0.8178
vn 0.5771 0.0000 -0.8167
vn -0.3383 -0.0176 -0.9409
vn -0.4005 -0.0078 -0.9163
vn -0.2752 -0.0069 -0.9613
vn -0.2748 0.0039 -0.9615
vn -0.2371 -0.0155 -0.9714
vn -0.2175 -0.0155 -0.9759
vn -0.2338 -0.0037 -0.9723
vn -0.2155 0.0108 -0.9765
vn -0.3154 0.0003 -0.9490
vn -0.2716 -0.0045 -0.9624
vn -0.3358 0.0167 -0.9418
vn -0.2004 -0.0017 -0.9797
vn -0.2064 0.0052 -0.9785
vn -0.8650 -0.4117 -0.2868
vn -0.7012 -0.6229 -0.3468
vn -0.6698 -0.6527 -0.3541
vn -0.3529 0.0077 -0.9356
vn 0.3202 -0.5594 -0.7646
vn 0.3044 -0.5799 -0.7557
vn 0.4669 -0.0184 -0.8841
vn 0.4642 0.0301 -0.8852
vn -0.3508 0.0032 -0.9365
vn -0.1435 0.7645 -0.6284
vn -0.2111 0.7719 -0.5997
vn -0.7025 0.5921 -0.3949
vn -0.6731 0.6198 -0.4035
vn -0.1912 -0.8255 -0.5311
vn -0.1238 -0.8190 -0.5603
vn 0.2798 0.5447 -0.7906
vn 0.2932 0.5283 -0.7968
vn -0.8494 0.4112 -0.3310
vn -0.0608 -0.9373 -0.3431
vn -0.1827 -0.8050 -0.5645
vn 0.3275 -0.5486 -0.7693
vn 0.5002 -0.6170 -0.6075
vn 0.7043 -0.0055 -0.7099
vn 0.5296 -0.0027 -0.8482
vn 0.3237 0.5433 -0.7746
vn 0.4985 0.6134 -0.6125
vn -0.1845 0.8014 -0.5689
vn -0.0677 0.9343 -0.3501
vn -0.7388 0.5762 -0.3495
vn -0.7191 0.6932 -0.0484
vn -0.9709 -0.0037 -0.2394
vn -0.9963 -0.0050 0.0853
vn -0.7134 -0.6995 -0.0421
vn -0.7371 -0.5810 -0.3453
vn -0.2673 0.0431 -0.9626
vn -0.2776 0.0424 -0.9598
vn -0.0470 -0.2110 -0.9763
vn -0.2666 0.0406 -0.9629
vn -0.6806 -0.0034 -0.7326
vn -0.5114 0.2187 -0.8310
vn -0.2609 -0.4066 -0.8756
vn -0.5084 -0.2211 -0.8323
vn -0.2627 0.4057 -0.8754
vn -0.0480 0.2059 -0.9774
vn 0.1147 -0.0040 -0.9934
vn -0.2644 0.0487 -0.9632
vn -0.2746 0.0482 -0.9603
vn -0.2740 0.0426 -0.9608
vn -0.2670 -0.0396 -0.9629
vn -0.2641 -0.0443 -0.9635
vn -0.2673 -0.0448 -0.9626
vn -0.2745 -0.0406 -0.9607
vn -0.2748 -0.0476 -0.9603
vn -0.2804 -0.0481 -0.9587
vn 0.5655 -0.5082 -0.6496
vn 0.5694 -0.2305 -0.7891
vn 0.5666 -0.1998 -0.7994
vn -0.9771 -0.0382 -0.2095
vn -0.9481 -0.2927 -0.1242
vn -0.9592 -0.2448 -0.1415
vn -0.1520 0.8297 -0.5372
vn -0.3680 0.8592 -0.3556
vn -0.2913 0.8564 -0.4264
vn -0.9601 0.2420 -0.1402
vn -0.9495 0.2887 -0.1226
vn -0.9766 0.0296 -0.2129
vn -0.5569 -0.8207 -0.1280
vn -0.3608 -0.8649 -0.3491
vn -0.2844 -0.8622 -0.4193
vn -0.5658 0.8142 -0.1301
vn 0.0490 -0.8382 -0.5431
vn 0.0532 -0.8378 -0.5434
vn 0.3441 -0.7703 -0.5368
vn 0.5670 0.1989 -0.7994
vn 0.5698 0.2283 -0.7894
vn 0.5671 0.5092 -0.6474
vn 0.0481 0.8326 -0.5518
vn 0.0556 0.8319 -0.5522
vn -0.1537 0.8338 -0.5302
vn -0.1490 -0.8367 -0.5271
vn 0.5373 0.0136 -0.8433
vn -0.1505 -0.8410 -0.5197
vn 0.3469 0.7660 -0.5412
vn 0.5384 -0.0173 -0.8425
vn -0.8203 0.5719 -0.0013
vn -0.8217 -0.5698 -0.0098
vn -0.1015 -0.9920 -0.0757
vn -0.3464 -0.8934 -0.2863
vn -0.2677 -0.8979 -0.3495
vn -0.0822 -0.9908 -0.1073
vn -0.1049 -0.9933 -0.0489
vn -0.3856 -0.8929 -0.2324
vn -0.0111 -0.9998 0.0160
vn -0.3906 -0.8994 -0.1962
vn -0.9395 0.0010 0.3426
vn -0.9401 0.0021 0.3408
vn -0.8250 -0.0002 0.5652
vn -0.6718 -0.0011 0.7408
vn -0.6711 -0.0023 0.7414
vn 0.1822 -0.9756 0.1224
vn 0.1951 -0.9720 0.1307
vn 0.1997 -0.9673 0.1564
vn 0.1498 -0.9692 0.1955
vn -0.7536 -0.0052 -0.6573
vn -0.7795 -0.0023 -0.6264
vn -0.5971 0.0025 -0.8021
vn -0.8202 0.0176 -0.5718
vn -0.7772 0.0125 -0.6292
vn -0.8564 0.0069 -0.5162
vn -0.8567 -0.0039 -0.5159
vn -0.8760 0.0155 -0.4821
vn -0.8855 0.0155 -0.4643
vn -0.8778 0.0037 -0.4791
vn -0.8792 -0.0047 -0.4764
vn -0.8866 -0.0108 -0.4625
vn -0.8619 -0.0059 -0.5071
vn -0.8607 -0.0036 -0.5092
vn -0.8595 0.0000 -0.5111
vn -0.8936 0.0017 -0.4488
vn -0.8909 -0.0052 -0.4542
vn -0.0515 0.4117 -0.9098
vn -0.1521 0.6229 -0.7674
vn -0.1673 0.6527 -0.7389
vn -0.8114 -0.0077 -0.5845
vn -0.8216 0.5594 0.1099
vn -0.8089 0.5799 0.0970
vn -0.9752 0.0184 0.2204
vn -0.9756 -0.0301 0.2175
vn -0.8127 -0.0032 -0.5827
vn -0.5693 -0.7645 -0.3023
vn -0.5240 -0.7719 -0.3601
vn -0.1982 -0.5921 -0.7811
vn -0.2142 -0.6198 -0.7550
vn -0.4629 0.8255 -0.3229
vn -0.5087 0.8190 -0.2655
vn -0.8362 -0.5447 0.0641
vn -0.8457 -0.5283 0.0754
vn -0.0982 -0.4112 -0.9063
vn -0.3154 0.9373 -0.1481
vn -0.4974 0.8050 -0.3235
vn -0.8280 0.5486 0.1157
vn -0.7169 0.6170 0.3246
vn -0.8689 0.0055 0.4949
vn -0.9569 0.0027 0.2903
vn -0.8322 -0.5433 0.1107
vn -0.7212 -0.6134 0.3217
vn -0.5012 -0.8014 -0.3264
vn -0.3203 -0.9343 -0.1566
vn -0.1449 -0.5762 -0.8044
vn 0.1407 -0.6932 -0.7069
vn 0.0219 0.0037 -0.9998
vn 0.3419 0.0050 -0.9397
vn 0.1453 0.6995 -0.6997
vn -0.1413 0.5810 -0.8016
vn -0.8597 -0.0431 -0.5089
vn -0.8543 -0.0424 -0.5181
vn -0.9304 0.2110 -0.2998
vn -0.8602 -0.0406 -0.5083
vn -0.5300 0.0034 -0.8480
vn -0.6690 -0.2187 -0.7103
vn -0.7773 0.4066 -0.4800
vn -0.6711 0.2211 -0.7077
vn -0.7768 -0.4057 -0.4817
vn -0.9311 -0.2059 -0.3011
vn -0.9890 0.0040 -0.1481
vn -0.8610 -0.0487 -0.5062
vn -0.8556 -0.0482 -0.5154
vn -0.8562 -0.0426 -0.5149
vn -0.8601 0.0396 -0.5086
vn -0.8613 0.0443 -0.5061
vn -0.8597 0.0448 -0.5089
vn -0.8560 0.0406 -0.5154
vn -0.8556 0.0476 -0.5155
vn -0.8525 0.0481 -0.5205
vn -0.7745 0.5082 0.3767
vn -0.9102 0.2305 0.3441
vn -0.9194 0.1998 0.3387
vn 0.0523 0.0382 -0.9979
vn 0.1271 0.2927 -0.9477
vn 0.1133 0.2448 -0.9629
vn -0.4790 -0.8296 -0.2867
vn -0.2474 -0.8592 -0.4479
vn -0.3358 -0.8564 -0.3923
vn 0.1148 -0.2420 -0.9634
vn 0.1290 -0.2887 -0.9487
vn 0.0490 -0.0296 -0.9984
vn 0.0215 0.8207 -0.5710
vn -0.2430 0.8649 -0.4393
vn -0.3307 0.8622 -0.3838
vn 0.0219 -0.8142 -0.5801
vn -0.5371 0.8382 -0.0942
vn -0.5384 0.8378 -0.0903
vn -0.6079 0.7703 0.1923
vn -0.9195 -0.1989 0.3391
vn -0.9106 -0.2283 0.3444
vn -0.7728 -0.5092 0.3788
vn -0.5453 -0.8326 -0.0973
vn -0.5476 -0.8319 -0.0902
vn -0.4719 -0.8338 -0.2866
vn -0.4700 0.8366 -0.2812
vn -0.9541 -0.0136 0.2991
vn -0.4625 0.8410 -0.2808
vn -0.6129 -0.7660 0.1939
vn -0.9537 0.0173 0.3003
vn 0.2125 -0.5719 -0.7923
vn 0.2046 0.5698 -0.7959
vn -0.0467 -0.9920 -0.1177
vn -0.1861 -0.8934 -0.4090
vn -0.0199 -0.9933 -0.1140
vn -0.1239 -0.8929 -0.4328
vn 0.0183 -0.9998 -0.0066
vn -0.0877 -0.8994 -0.4282
vn 0.7606 -0.0002 -0.6492
vn 0.5740 0.0021 -0.8188
vn 0.8906 -0.0023 -0.4547
vn 0.0707 -0.9756 0.2078
vn 0.0753 -0.9720 0.2224
vn 0.0989 -0.9673 0.2335
vn -0.3983 -0.0039 -0.9173
vn -0.3383 0.0176 -0.9409
vn -0.2748 -0.0039 -0.9615
vn -0.2752 0.0069 -0.9613
vn -0.4005 0.0078 -0.9163
vn -0.2175 0.0155 -0.9759
vn -0.2371 0.0155 -0.9714
vn -0.2338 0.0037 -0.9723
vn -0.2155 -0.0108 -0.9765
vn -0.2308 -0.0047 -0.9730
vn -0.3154 -0.0003 -0.9490
vn -0.2716 0.0045 -0.9624
vn -0.2723 -0.0020 -0.9622
vn -0.3357 -0.0167 -0.9418
vn -0.2004 0.0017 -0.9797
vn -0.2064 -0.0052 -0.9785
vn -0.8650 0.4117 -0.2868
vn -0.6698 0.6527 -0.3541
vn -0.7012 0.6229 -0.3468
vn -0.3529 -0.0077 -0.9356
vn 0.3202 0.5594 -0.7646
vn 0.4642 -0.0301 -0.8852
vn 0.4669 0.0184 -0.8841
vn 0.3044 0.5799 -0.7557
vn -0.3508 -0.0032 -0.9365
vn -0.1435 -0.7645 -0.6284
vn -0.6731 -0.6198 -0.4035
vn -0.7025 -0.5921 -0.3949
vn -0.2111 -0.7719 -0.5997
vn -0.1238 0.8190 -0.5603
vn -0.1912 0.8255 -0.5311
vn 0.2932 -0.5283 -0.7968
vn 0.2798 -0.5447 -0.7906
vn -0.8494 -0.4112 -0.3310
vn -0.0608 0.9373 -0.3431
vn 0.5002 0.6170 -0.6075
vn 0.3275 0.5486 -0.7693
vn -0.1827 0.8050 -0.5645
vn 0.7043 0.0055 -0.7099
vn 0.4985 -0.6134 -0.6125
vn 0.3237 -0.5433 -0.7746
vn 0.5296 0.0027 -0.8482
vn -0.0677 -0.9343 -0.3501
vn -0.1845 -0.8014 -0.5689
vn -0.7191 -0.6932 -0.0484
vn -0.7388 -0.5762 -0.3495
vn -0.9963 0.0050 0.0853
vn -0.9709 0.0037 -0.2394
vn -0.7134 0.6995 -0.0420
vn -0.7371 0.5810 -0.3453
vn -0.2673 -0.0431 -0.9626
vn -0.2666 -0.0406 -0.9629
vn -0.0470 0.2110 -0.9763
vn -0.2776 -0.0424 -0.9598
vn -0.6806 0.0034 -0.7326
vn -0.5114 -0.2187 -0.8310
vn -0.2609 0.4066 -0.8756
vn -0.5084 0.2211 -0.8323
vn -0.2627 -0.4057 -0.8754
vn -0.0480 -0.2059 -0.9774
vn 0.1147 0.0040 -0.9934
vn -0.2644 -0.0487 -0.9632
vn -0.2740 -0.0426 -0.9608
vn -0.2747 -0.0482 -0.9603
vn -0.2669 0.0396 -0.9629
vn -0.2673 0.0448 -0.9626
vn -0.2641 0.0443 -0.9635
vn -0.2803 0.0481 -0.9587
vn -0.2748 0.0476 -0.9603
vn -0.2745 0.0406 -0.9607
vn 0.5655 0.5082 -0.6496
vn 0.5666 0.1998 -0.7994
vn 0.5694 0.2305 -0.7891
vn -0.9771 0.0382 -0.2095
vn -0.9592 0.2448 -0.1415
vn -0.9481 0.2927 -0.1242
vn -0.1520 -0.8297 -0.5372
vn -0.2913 -0.8564 -0.4264
vn -0.3680 -0.8592 -0.3556
vn -0.9601 -0.2420 -0.1402
vn -0.9766 -0.0296 -0.2129
vn -0.9495 -0.2887 -0.1226
vn -0.5569 0.8207 -0.1280
vn -0.2844 0.8622 -0.4193
vn -0.3608 0.8649 -0.3491
vn -0.5658 -0.8142 -0.1300
vn 0.0490 0.8382 -0.5431
vn 0.3441 0.7703 -0.5368
vn 0.0532 0.8378 -0.5434
vn 0.5670 -0.1989 -0.7994
vn 0.5671 -0.5092 -0.6474
vn 0.5698 -0.2283 -0.7894
vn 0.0481 -0.8326 -0.5518
vn -0.1537 -0.8338 -0.5303
vn 0.0556 -0.8319 -0.5522
vn -0.1490 0.8366 -0.5271
vn 0.5373 -0.0136 -0.8433
vn -0.1505 0.8410 -0.5197
vn 0.3469 -0.7660 -0.5412
vn 0.5384 0.0173 -0.8425
vn -0.8203 -0.5719 -0.0013
vn -0.8217 0.5698 -0.0098
vn -0.6112 0.0068 -0.7915
vn -0.9150 0.2881 0.2824
vn -0.8039 0.2423 0.5432
vn -0.8800 0.0026 -0.4750
vn -0.8780 -0.0000 -0.4787
vn -0.8801 -0.0025 -0.4749
vn -0.3181 -0.0000 -0.9481
vn -0.9440 -0.2127 -0.2523
vn -0.5989 0.6009 -0.5294
vn 0.1117 0.2736 -0.9553
vn -0.1751 -0.6179 -0.7665
vn -0.1751 0.6179 -0.7665
vn -0.9440 0.2126 -0.2522
vn 0.1116 -0.2738 -0.9553
vn -0.3879 0.7074 -0.5909
vn -0.7529 -0.6045 -0.2602
vn 0.0872 0.4276 -0.8998
vn -0.8697 -0.4892 -0.0655
vn -0.5917 0.1852 -0.7846
vn -0.6056 0.1437 -0.7827
vn -0.3966 0.8930 0.2128
vn -0.5526 0.8288 -0.0885
vn -0.4214 0.8904 0.1719
vn -0.3059 0.9447 0.1186
vn -0.4841 0.8602 -0.1604
vn -0.3139 0.9434 0.1074
vn 0.3195 0.8644 -0.3883
vn 0.1079 0.8068 -0.5808
vn 0.3480 0.8666 -0.3576
vn -0.2262 0.8640 0.4499
vn -0.1016 0.9222 0.3730
vn 0.5246 0.8410 -0.1325
vn 0.1788 0.9685 0.1731
vn -0.7578 0.5150 0.4006
vn -0.7546 -0.5071 0.4164
vn -0.6503 0.2548 0.7157
vn -0.5897 0.4806 0.6490
vn -0.5897 -0.4806 0.6490
vn -0.8554 0.5120 0.0784
vn -0.8522 -0.5020 0.1474
usemtl capsule
s 1
f 144/1/1 143/2/2 4/3/3 5/4/4
f 141/5/5 140/6/6 1/7/7 2/8/8
f 145/9/9 144/1/1 5/4/4 6/10/10
f 142/11/11 141/5/5 2/8/8 3/12/12
f 97/13/13 145/9/9 6/10/10
f 143/2/2 142/11/11 3/12/12 4/3/3
f 6/10/10 5/4/4 11/14/14 12/15/15
f 3/12/12 2/8/8 8/16/16 9/17/17
f 97/13/13 6/10/10 12/15/15
f 4/3/3 3/12/12 9/17/17 10/18/18
f 5/4/4 4/3/3 10/18/18 11/14/14
f 2/8/8 1/7/7 7/19/19 8/16/16
f 11/14/14 10/18/18 16/20/20 17/21/21
f 8/16/16 7/19/19 13/22/22 14/23/23
f 12/15/15 11/14/14 17/21/21 18/24/24
f 9/17/17 8/16/16 14/23/23 15/25/25
f 97/13/13 12/15/15 18/24/24
f 10/18/18 9/17/17 15/25/25 16/20/20
f 97/13/13 18/24/24 24/26/26
f 16/20/20 15/25/25 21/27/27 22/28/28
f 17/21/21 16/20/20 22/28/28 23/29/29
f 14/23/23 13/22/22 19/30/30 20/31/31
f 18/24/24 17/21/21 23/29/29 24/26/26
f 15/25/25 14/23/23 20/31/31 21/27/27
f 24/26/26 23/29/29 29/32/32 30/33/33
f 21/27/27 20/31/31 26/34/34 27/35/35
f 97/13/13 24/26/26 30/33/33
f 22/28/28 21/27/27 27/35/35 28/36/36
f 23/29/29 22/28/28 28/36/36 29/32/32
f 20/31/31 19/30/30 25/37/37 26/34/34
f 29/32/32 28/36/36 34/38/38 35/39/39
f 26/34/34 25/37/37 31/40/40 32/41/41
f 30/33/33 29/32/32 35/39/39 36/42/42
f 27/35/35 26/34/34 32/41/41 33/43/43
f 97/13/13 30/33/33 36/42/42
f 28/36/36 27/35/35 33/43/43 34/38/38
f 97/13/13 36/42/42 42/44/44
f 34/38/38 33/43/43 39/45/45 40/46/46
f 35/39/39 34/38/38 40/46/46 41/47/47
f 32/41/41 31/40/40 37/48/48 38/49/49
f 36/42/42 35/39/39 41/47/47 42/44/44
f 33/43/43 32/41/41 38/49/49 39/45/45
f 42/44/44 41/47/47 47/50/50 48/51/51
f 39/45/45 38/49/49 44/52/52 45/53/53
f 97/13/13 42/44/44 48/51/51
f 40/46/46 39/45/45 45/53/53 46/54/54
f 41/47/47 40/46/46 46/54/54 47/50/50
f 38/49/49 37/48/48 43/55/55 44/52/52
f 47/50/50 46/54/54 52/56/56 53/57/57
f 44/52/52 43/55/55 49/58/58 50/59/59
f 48/51/51 47/50/50 53/57/57 54/60/60
f 45/53/53 44/52/52 50/59/59 51/61/61
f 97/13/13 48/51/51 54/60/60
f 46/54/54 45/53/53 51/61/61 52/56/56
f 97/13/13 54/60/60 60/62/62
f 52/56/56 51/61/61 57/63/63 58/64/64
f 53/57/57 52/56/56 58/64/64 59/65/65
f 50/59/59 49/58/58 55/66/66 56/67/67
f 54/60/60 53/57/57 59/65/65 60/62/62
f 51/61/61 50/59/59 56/67/67 57/63/63
f 56/67/67 55/66/66 61/68/68 62/69/69
f 60/62/62 59/65/65 65/70/70 66/71/71
f 57/63/63 56/67/67 62/69/69 63/72/72
f 97/13/13 60/62/62 66/71/71
f 58/64/64 57/63/63 63/72/72 64/73/73
f 59/65/65 58/64/64 64/73/73 65/70/70
f 65/70/70 64/73/73 70/74/74 71/75/75
f 62/69/69 61/68/68 67/76/76 68/77/77
f 66/71/71 65/70/70 71/75/75 72/78/78
f 63/72/72 62/69/69 68/77/77 69/79/79
f 97/13/13 66/71/71 72/78/78
f 64/73/73 63/72/72 69/79/79 70/74/74
f 69/79/79 68/77/77 74/80/80 75/81/81
f 97/13/13 72/78/78 78/82/82
f 70/74/74 69/79/79 75/81/81 76/83/83
f 71/75/75 70/74/74 76/83/83 77/84/84
f 68/77/77 67/76/76 73/85/85 74/80/80
f 72/78/78 71/75/75 77/84/84 78/82/82
f 74/80/80 73/85/85 79/86/86 80/87/87
f 78/82/82 77/84/84 83/88/88 84/89/89
f 75/81/81 74/80/80 80/87/87 81/90/90
f 97/13/13 78/82/82 84/89/89
f 76/83/83 75/81/81 81/90/90 82/91/91
f 77/84/84 76/83/83 82/91/91 83/88/88
f 82/91/91 81/90/90 87/92/92 88/93/93
f 83/88/88 82/91/91 88/93/93 89/94/94
f 80/87/87 79/86/86 85/95/95 86/96/96
f 84/89/89 83/88/88 89/94/94 90/97/97
f 81/90/90 80/87/87 86/96/96 87/92/92
f 97/13/13 84/89/89 90/97/97
f 87/92/92 86/96/96 92/98/98 93/99/99
f 97/13/13 90/97/97 96/100/100
f 88/93/93 87/92/92 93/99/99 94/101/101
f 89/94/94 88/93/93 94/101/101 95/102/102
f 86/96/96 85/95/95 91/103/103 92/98/98
f 90/97/97 89/94/94 95/102/102 96/100/100
f 95/102/102 94/101/101 101/104/104 102/105/105
f 92/98/98 91/103/103 98/106/106 99/107/107
f 96/100/100 95/102/102 102/105/105 103/108/108
f 93/99/99 92/98/98 99/107/107 100/109/109
f 97/13/13 96/100/100 103/108/108
f 94/101/101 93/99/99 100/109/109 101/104/104
f 101/104/104 100/109/109 106/110/110 107/111/111
f 102/105/105 101/104/104 107/111/111 108/112/112
f 99/107/107 98/106/106 104/113/113 105/114/114
f 103/108/108 102/105/105 108/112/112 109/115/115
f 100/109/109 99/107/107 105/114/114 106/110/110
f 97/13/13 103/108/108 109/115/115
f 109/115/115 108/112/112 114/116/116 115/117/117
f 106/110/110 105/114/114 111/118/118 112/119/119
f 97/13/13 109/115/115 115/117/117
f 107/111/111 106/110/110 112/119/119 113/120/120
f 108/112/112 107/111/111 113/120/120 114/116/116
f 105/114/114 104/113/113 110/121/121 111/118/118
f 114/116/116 113/120/120 119/122/122 120/123/123
f 111/118/118 110/121/121 116/124/124 117/125/125
f 115/117/117 114/116/116 120/123/123 121/126/126
f 112/119/119 111/118/118 117/125/125 118/127/127
f 97/13/13 115/117/117 121/126/126
f 113/120/120 112/119/119 118/127/127 119/122/122
f 97/13/13 121/126/126 127/128/128
f 119/122/122 118/127/127 124/129/129 125/130/130
f 120/123/123 119/122/122 125/130/130 126/131/131
f 117/125/125 116/124/124 122/132/132 123/133/133
f 121/126/126 120/123/123 126/131/131 127/128/128
f 118/127/127 117/125/125 123/133/133 124/129/129
f 127/128/128 126/131/131 132/134/134 133/135/135
f 124/129/129 123/133/133 129/136/136 130/137/137
f 97/13/13 127/128/128 133/135/135
f 125/130/130 124/129/129 130/137/137 131/138/138
f 126/131/131 125/130/130 131/138/138 132/134/134
f 123/133/133 122/132/132 128/139/139 129/136/136
f 132/134/134 131/138/138 137/140/140 138/141/141
f 129/136/136 128/139/139 134/142/142 135/143/143
f 133/135/135 132/134/134 138/141/141 139/144/144
f 130/137/137 129/136/136 135/143/143 136/145/145
f 97/13/13 133/135/135 139/144/144
f 131/138/138 130/137/137 136/145/145 137/140/140
f 97/13/13 139/144/144 145/9/9
f 137/140/140 136/145/145 142/11/11 143/2/2
f 138/141/141 137/140/140 143/2/2 144/1/1
f 135/143/143 134/142/142 140/6/6 141/5/5
f 139/144/144 138/141/141 144/1/1 145/9/9
f 136/145/145 135/143/143 141/5/5 142/11/11
f 290/146/146 289/147/147 152/148/148 153/149/149
f 147/150/150 146/151/151 149/152/152 150/153/153
f 288/154/154 147/150/150 150/153/153 151/155/155
f 287/156/156 232/157/157 148/158/158
f 289/147/147 288/154/154 151/155/155 152/148/148
f 146/151/151 287/156/156 148/158/158 149/152/152
f 148/158/158 232/157/157 154/159/159
f 152/148/148 151/155/155 157/160/160 158/161/161
f 149/152/152 148/158/158 154/159/159 155/162/162
f 153/149/149 152/148/148 158/161/161 159/163/163
f 150/153/153 149/152/152 155/162/162 156/164/164
f 151/155/155 150/153/153 156/164/164 157/160/160
f 156/164/164 155/162/162 161/165/165 162/166/166
f 157/160/160 156/164/164 162/166/166 163/167/167
f 154/159/159 232/157/157 160/168/168
f 158/161/161 157/160/160 163/167/167 164/169/169
f 155/162/162 154/159/159 160/168/168 161/165/165
f 159/163/163 158/161/161 164/169/169 165/170/170
f 161/165/165 160/168/168 166/171/171 167/172/172
f 165/170/170 164/169/169 170/173/173 171/174/174
f 162/166/166 161/165/165 167/172/172 168/175/175
f 163/167/167 162/166/166 168/175/175 169/176/176
f 160/168/168 232/157/157 166/171/171
f 164/169/169 163/167/167 169/176/176 170/173/173
f 169/176/176 168/175/175 174/177/177 175/178/178
f 166/171/171 232/157/157 172/179/179
f 170/173/173 169/176/176 175/178/178 176/180/180
f 167/172/172 166/171/171 172/179/179 173/181/181
f 171/174/174 170/173/173 176/180/180 177/182/182
f 168/175/175 167/172/172 173/181/181 174/177/177
f 174/177/177 173/181/181 179/183/183 180/184/184
f 175/178/178 174/177/177 180/184/184 181/185/185
f 172/179/179 232/157/157 178/186/186
f 176/180/180 175/178/178 181/185/185 182/187/187
f 173/181/181 172/179/179 178/186/186 179/183/183
f 177/182/182 176/180/180 182/187/187 183/188/188
f 182/187/187 181/185/185 187/189/189 188/190/190
f 179/183/183 178/186/186 184/191/191 185/192/192
f 183/188/188 182/187/187 188/190/190 189/193/193
f 180/184/184 179/183/183 185/192/192 186/194/194
f 181/185/185 180/184/184 186/194/194 187/189/189
f 178/186/186 232/157/157 184/191/191
f 187/189/189 186/194/194 192/195/195 193/196/196
f 184/191/191 232/157/157 190/197/197
f 188/190/190 187/189/189 193/196/196 194/198/198
f 185/192/192 184/191/191 190/197/197 191/199/199
f 189/193/193 188/190/190 194/198/198 195/200/200
f 186/194/194 185/192/192 191/199/199 192/195/195
f 195/200/200 194/198/198 200/201/201 201/202/202
f 192/195/195 191/199/199 197/203/203 198/204/204
f 193/196/196 192/195/195 198/204/204 199/205/205
f 190/197/197 232/157/157 196/206/206
f 194/198/198 193/196/196 199/205/205 200/201/201
f 191/199/199 190/197/197 196/206/206 197/203/203
f 200/201/201 199/205/205 205/207/207 206/208/208
f 197/203/203 196/206/206 202/209/209 203/210/210
f 201/202/202 200/201/201 206/208/208 207/211/211
f 198/204/204 197/203/203 203/210/210 204/212/212
f 199/205/205 198/204/204 204/212/212 205/207/207
f 196/206/206 232/157/157 202/209/209
f 205/207/207 204/212/212 210/213/213 211/214/214
f 202/209/209 232/157/157 208/215/215
f 206/208/208 205/207/207 211/214/214 212/216/216
f 203/210/210 202/209/209 208/215/215 209/217/217
f 207/211/211 206/208/208 212/216/216 213/218/218
f 204/212/212 203/210/210 209/217/217 210/213/213
f 213/218/218 212/216/216 218/219/219 219/220/220
f 210/213/213 209/217/217 215/221/221 216/222/222
f 211/214/214 210/213/213 216/222/222 217/223/223
f 208/215/215 232/157/157 214/224/224
f 212/216/216 211/214/214 217/223/223 218/219/219
f 209/217/217 208/215/215 214/224/224 215/221/221
f 218/219/219 217/223/223 223/225/225 224/226/226
f 215/221/221 214/224/224 220/227/227 221/228/228
f 219/220/220 218/219/219 224/226/226 225/229/229
f 216/222/222 215/221/221 221/228/228 222/230/230
f 217/223/223 216/222/222 222/230/230 223/225/225
f 214/224/224 232/157/157 220/227/227
f 223/225/225 222/230/230 228/231/231 229/232/232
f 220/227/227 232/157/157 226/233/233
f 224/226/226 223/225/225 229/232/232 230/234/234
f 221/228/228 220/227/227 226/233/233 227/235/235
f 225/229/229 224/226/226 230/234/234 231/236/236
f 222/230/230 221/228/228 227/235/235 228/231/231
f 231/236/236 230/234/234 237/237/237 238/238/238
f 228/231/231 227/235/235 234/239/239 235/240/240
f 229/232/232 228/231/231 235/240/240 236/241/241
f 226/233/233 232/157/157 233/242/242
f 230/234/234 229/232/232 236/241/241 237/237/237
f 227/235/235 226/233/233 233/242/242 234/239/239
f 233/242/242 232/157/157 239/243/243
f 237/237/237 236/241/241 242/244/244 243/245/245
f 234/239/239 233/242/242 239/243/243 240/246/246
f 238/238/238 237/237/237 243/245/245 244/247/247
f 235/240/240 234/239/239 240/246/246 241/248/248
f 236/241/241 235/240/240 241/248/248 242/244/244
f 242/244/244 241/248/248 247/249/249 248/250/250
f 239/243/243 232/157/157 245/251/251
f 243/245/245 242/244/244 248/250/250 249/252/252
f 240/246/246 239/243/243 245/251/251 246/253/253
f 244/247/247 243/245/245 249/252/252 250/254/254
f 241/248/248 240/246/246 246/253/253 247/249/249
f 246/253/253 245/251/251 251/255/255 252/256/256
f 250/254/254 249/252/252 255/257/257 256/258/258
f 247/249/249 246/253/253 252/256/256 253/259/259
f 248/250/250 247/249/249 253/259/259 254/260/260
f 245/251/251 232/157/157 251/255/255
f 249/252/252 248/250/250 254/260/260 255/257/257
f 251/255/255 232/157/157 257/261/261
f 255/257/257 254/260/260 260/262/262 261/263/263
f 252/256/256 251/255/255 257/261/261 258/264/264
f 256/258/258 255/257/257 261/263/263 262/265/265
f 253/259/259 252/256/256 258/264/264 259/266/266
f 254/260/260 253/259/259 259/266/266 260/262/262
f 259/266/266 258/264/264 264/267/267 265/268/268
f 300/269/269 345/270/270 140/6/6 134/142/142
f 260/262/262 259/266/266 265/268/268 266/271/271
f 355/272/272 300/269/269 134/142/142 128/139/139
f 257/261/261 232/157/157 263/273/273
f 295/274/274 376/275/275 7/19/19 1/7/7
f 261/263/263 260/262/262 266/271/271 267/276/276
f 258/264/264 257/261/261 263/273/273 264/267/267
f 345/270/270 295/274/274 1/7/7 140/6/6
f 262/265/265 261/263/263 267/276/276 268/277/277
f 264/267/267 263/273/273 269/278/278 270/279/279
f 310/280/280 340/281/281 116/124/124 110/121/121
f 268/277/277 267/276/276 273/282/282 274/283/283
f 265/268/268 264/267/267 270/279/279 271/284/284
f 335/285/285 310/280/280 110/121/121 104/113/113
f 305/286/286 355/272/272 128/139/139 122/132/132
f 266/271/271 265/268/268 271/284/284 272/287/287
f 350/288/288 335/285/285 104/113/113 98/106/106
f 263/273/273 232/157/157 269/278/278
f 340/281/281 305/286/286 122/132/132 116/124/124
f 267/276/276 266/271/271 272/287/287 273/282/282
f 272/287/287 271/284/284 277/289/289 278/290/290
f 390/291/291 322/292/292 73/85/85 67/76/76
f 269/278/278 232/157/157 275/293/293
f 320/294/294 315/295/295 91/103/103 85/95/95
f 273/282/282 272/287/287 278/290/290 279/296/296
f 270/279/279 269/278/278 275/293/293 276/297/297
f 398/298/298 320/294/294 85/95/95 79/86/86
f 274/283/283 273/282/282 279/296/296 280/299/299
f 271/284/284 270/279/279 276/297/297 277/289/289
f 322/292/292 398/298/298 79/86/86 73/85/85
f 315/295/295 350/288/288 98/106/106 91/103/103
f 277/289/289 276/297/297 282/300/300 283/301/301
f 395/302/302 330/303/303 49/58/58 43/55/55
f 325/304/304 390/291/291 67/76/76 61/68/68
f 278/290/290 277/289/289 283/301/301 284/305/305
f 385/306/306 395/302/302 43/55/55 37/48/48
f 275/293/293 232/157/157 281/307/307
f 388/308/308 325/304/304 61/68/68 55/66/66
f 279/296/296 278/290/290 284/305/305 285/309/309
f 276/297/297 275/293/293 281/307/307 282/300/300
f 330/303/303 388/308/308 55/66/66 49/58/58
f 280/299/299 279/296/296 285/309/309 286/310/310
f 285/309/309 284/305/305 288/154/154 289/147/147
f 282/300/300 281/307/307 287/156/156 146/151/151
f 370/311/311 365/312/312 25/37/37 19/30/30
f 286/310/310 285/309/309 289/147/147 290/146/146
f 283/301/301 282/300/300 146/151/151 147/150/150
f 375/313/313 370/311/311 19/30/30 13/22/22
f 360/314/314 385/306/306 37/48/48 31/40/40
f 284/305/305 283/301/301 147/150/150 288/154/154
f 376/275/275 375/313/313 13/22/22 7/19/19
f 281/307/307 232/157/157 287/156/156
f 365/312/312 360/314/314 31/40/40 25/37/37
f 165/170/170 371/315/313 380/316/275 159/163/163
f 361/317/312 356/318/314 357/319/314 362/320/312
f 362/320/312 357/319/314 358/321/314 363/322/312
f 363/322/312 358/321/314 359/323/314 364/324/312
f 364/324/312 359/323/314 360/314/314 365/312/312
f 189/193/193 381/325/306 356/318/314 183/188/188
f 380/316/275 371/315/313 372/326/313 379/327/275
f 379/327/275 372/326/313 373/328/313 378/329/275
f 378/329/275 373/328/313 374/330/313 377/331/275
f 377/331/275 374/330/313 375/313/313 376/275/275
f 171/174/174 366/332/311 371/315/313 165/170/170
f 356/318/314 381/325/306 382/333/306 357/319/314
f 357/319/314 382/333/306 383/334/306 358/321/314
f 358/321/314 383/334/306 384/335/306 359/323/314
f 359/323/314 384/335/306 385/306/306 360/314/314
f 177/182/182 361/317/312 366/332/311 171/174/174
f 371/315/313 366/332/311 367/336/311 372/326/313
f 372/326/313 367/336/311 368/337/311 373/328/313
f 373/328/313 368/337/311 369/338/311 374/330/313
f 374/330/313 369/338/311 370/311/311 375/313/313
f 207/211/211 386/339/308 326/340/303 201/202/202
f 366/332/311 361/317/312 362/320/312 367/336/311
f 367/336/311 362/320/312 363/322/312 368/337/311
f 368/337/311 363/322/312 364/324/312 369/338/311
f 369/338/311 364/324/312 365/312/312 370/311/311
f 213/218/218 323/341/304 386/339/308 207/211/211
f 478/342/315 442/343/316 407/344/317 387/345/318
f 326/340/303 386/339/308 327/346/303
f 410/347/319 324/348/320 325/304/304
f 446/349/321 448/350/322 409/351/323 408/352/324
f 195/200/200 391/353/302 381/325/306 189/193/193
f 406/354/325 387/355/326 328/356/303
f 329/357/303 388/308/308 330/303/303
f 462/358/327 464/359/328 417/360/329 416/361/330
f 396/362/298 316/363/294 317/364/294
f 219/220/220 389/365/331 323/341/304 213/218/218
f 381/325/306 391/353/302 392/366/302 382/333/306
f 382/333/306 392/366/302 393/367/302 383/334/306
f 383/334/306 393/367/302 394/368/302 384/335/306
f 384/335/306 394/368/302 395/302/302 385/306/306
f 201/202/202 326/340/303 391/353/302 195/200/200
f 480/369/332 472/370/333 425/371/334 324/372/335
f 425/373/336 390/291/291 325/304/304
f 323/341/304 419/374/337 403/375/319
f 250/254/254 346/376/288 311/377/295 244/247/247
f 391/353/302 326/340/303 327/346/303 392/366/302
f 392/366/302 327/346/303 328/356/303 393/367/302
f 393/367/302 328/356/303 329/357/303 394/368/302
f 394/368/302 329/357/303 330/303/303 395/302/302
f 231/236/236 396/362/298 321/378/292 225/229/229
f 311/377/295 346/376/288 347/379/288 312/380/295
f 312/380/295 347/379/288 348/381/288 313/382/295
f 313/382/295 348/381/288 349/383/288 314/384/295
f 314/384/295 349/383/288 350/288/288 315/295/295
f 238/238/238 316/363/294 396/362/298 231/236/236
f 411/385/338 317/364/294 318/386/294
f 328/356/303 387/355/326 407/387/339
f 323/341/304 389/365/331 424/388/340
f 432/389/341 434/390/342 403/391/343 419/392/344
f 244/247/247 311/377/295 316/363/294 238/238/238
f 482/393/345 450/394/346 411/395/347 397/396/348
f 428/397/349 466/398/350 422/399/351 420/400/352
f 415/401/353 398/298/298 322/292/292
f 225/229/229 321/378/292 389/365/331 219/220/220
f 316/363/294 311/377/295 312/380/295 317/364/294
f 317/364/294 312/380/295 313/382/295 318/386/294
f 318/386/294 313/382/295 314/384/295 319/402/294
f 319/402/294 314/384/295 315/295/295 320/294/294
f 274/283/283 301/403/286 336/404/281 268/277/277
f 398/298/298 319/402/294 320/294/294
f 318/386/294 319/402/294 418/405/354
f 256/258/258 331/406/285 346/376/288 250/254/254
f 336/404/281 301/403/286 302/407/286 337/408/281
f 337/408/281 302/407/286 303/409/286 338/410/281
f 338/410/281 303/409/286 304/411/286 339/412/281
f 339/412/281 304/411/286 305/286/286 340/281/281
f 280/299/299 351/413/272 301/403/286 274/283/283
f 346/376/288 331/406/285 332/414/285 347/379/288
f 347/379/288 332/414/285 333/415/285 348/381/288
f 348/381/288 333/415/285 334/416/285 349/383/288
f 349/383/288 334/416/285 335/285/285 350/288/288
f 262/265/265 306/417/280 331/406/285 256/258/258
f 301/403/286 351/413/272 352/418/272 302/407/286
f 302/407/286 352/418/272 353/419/272 303/409/286
f 303/409/286 353/419/272 354/420/272 304/411/286
f 304/411/286 354/420/272 355/272/272 305/286/286
f 268/277/277 336/404/281 306/417/280 262/265/265
f 331/406/285 306/417/280 307/421/280 332/414/285
f 332/414/285 307/421/280 308/422/280 333/415/285
f 333/415/285 308/422/280 309/423/280 334/416/285
f 334/416/285 309/423/280 310/280/280 335/285/285
f 153/149/149 291/424/274 341/425/270 290/146/146
f 306/417/280 336/404/281 337/408/281 307/421/280
f 307/421/280 337/408/281 338/410/281 308/422/280
f 308/422/280 338/410/281 339/412/281 309/423/280
f 309/423/280 339/412/281 340/281/281 310/280/280
f 159/163/163 380/316/275 291/424/274 153/149/149
f 341/425/270 291/424/274 292/426/274 342/427/270
f 342/427/270 292/426/274 293/428/274 343/429/270
f 343/429/270 293/428/274 294/430/274 344/431/270
f 344/431/270 294/430/274 295/274/274 345/270/270
f 286/310/310 296/432/269 351/413/272 280/299/299
f 291/424/274 380/316/275 379/327/275 292/426/274
f 292/426/274 379/327/275 378/329/275 293/428/274
f 293/428/274 378/329/275 377/331/275 294/430/274
f 294/430/274 377/331/275 376/275/275 295/274/274
f 290/146/146 341/425/270 296/432/269 286/310/310
f 351/413/272 296/432/269 297/433/269 352/418/272
f 352/418/272 297/433/269 298/434/269 353/419/272
f 353/419/272 298/434/269 299/435/269 354/420/272
f 354/420/272 299/435/269 300/269/269 355/272/272
f 296/432/269 341/425/270 342/427/270 297/433/269
f 297/433/269 342/427/270 343/429/270 298/434/269
f 298/434/269 343/429/270 344/431/270 299/435/269
f 299/435/269 344/431/270 345/270/270 300/269/269
f 329/357/303 407/387/339 401/436/308
f 321/378/292 396/362/298 414/437/353
f 474/438/355 430/439/356 421/440/357 427/441/358
f 427/442/359 421/443/360 322/292/292
f 399/444/308 406/354/325 327/346/303
f 401/436/308 410/347/319 388/308/308
f 402/445/298 414/437/353 396/362/298
f 400/446/298 418/405/354 319/402/294
f 436/447/361 478/342/315 387/345/318 406/448/362
f 450/394/346 454/449/363 412/450/364 411/395/347
f 460/451/365 482/393/345 397/396/348 418/452/366
f 434/390/342 438/453/367 404/454/368 403/391/343
f 466/398/350 470/455/369 423/456/370 422/399/351
f 456/457/371 452/458/372 414/459/373 413/460/374
f 444/461/375 480/369/332 324/372/335 410/462/376
f 458/463/377 462/358/327 416/361/330 415/464/378
f 442/343/316 446/349/321 408/352/324 407/344/317
f 476/465/379 474/438/355 427/441/358 426/466/380
f 386/339/308 399/444/308 327/346/303
f 386/339/308 403/375/319 399/444/308
f 317/364/294 411/385/338 402/445/298
f 398/298/298 400/446/298 319/402/294
f 398/298/298 415/401/353 400/446/298
f 388/308/308 329/357/303 401/436/308
f 396/362/298 317/364/294 402/445/298
f 403/375/319 404/467/319 399/444/308
f 404/467/319 405/468/319 399/444/308
f 405/468/319 406/354/325 399/444/308
f 397/469/381 318/386/294 418/405/354
f 397/469/381 411/385/338 318/386/294
f 415/401/353 416/470/353 400/446/298
f 416/470/353 417/471/353 400/446/298
f 417/471/353 418/405/354 400/446/298
f 407/387/339 408/472/319 401/436/308
f 408/472/319 409/473/319 401/436/308
f 409/473/319 410/347/319 401/436/308
f 327/346/303 406/354/325 328/356/303
f 329/357/303 328/356/303 407/387/339
f 411/385/338 412/474/353 402/445/298
f 412/474/353 413/475/353 402/445/298
f 413/475/353 414/437/353 402/445/298
f 422/476/382 423/477/383 389/365/331
f 423/477/383 424/388/340 389/365/331
f 425/373/336 426/478/384 390/291/291
f 426/478/384 427/442/359 390/291/291
f 470/455/369 468/479/385 424/480/386 423/456/370
f 472/370/333 476/465/379 426/466/380 425/371/334
f 468/479/385 432/389/341 419/392/344 424/480/386
f 321/378/292 420/481/387 422/476/382
f 390/291/291 427/442/359 322/292/292
f 421/443/360 415/401/353 322/292/292
f 324/348/320 425/373/336 325/304/304
f 388/308/308 410/347/319 325/304/304
f 420/481/387 321/378/292 414/437/353
f 389/365/331 321/378/292 422/476/382
f 419/374/337 323/341/304 424/388/340
f 386/339/308 323/341/304 403/375/319
f 454/449/363 456/457/371 413/460/374 412/450/364
f 440/482/388 436/447/361 406/448/362 405/483/389
f 448/350/322 444/461/375 410/462/376 409/351/323
f 430/439/356 458/463/377 415/464/378 421/440/357
f 464/359/328 460/451/365 418/452/366 417/360/329
f 452/458/372 428/397/349 420/400/352 414/459/373
f 438/453/367 440/482/388 405/483/389 404/454/368
f 183/188/188 356/318/314 361/317/312 177/182/182
f 435/484/390 439/485/391 438/453/367 434/390/342
f 473/486/392 481/487/393 527/488/394 534/489/395
f 439/485/391 441/490/396 440/482/388 438/453/367
f 437/491/397 441/492/398 511/493/399 512/494/400
f 441/490/396 437/495/401 436/447/361 440/482/388
f 463/496/402 459/497/403 521/498/404 522/499/405
f 443/500/406 447/501/407 446/349/321 442/343/316
f 471/502/408 467/503/409 531/504/410 532/505/408
f 447/501/407 449/506/411 448/350/322 446/349/321
f 449/507/412 447/508/413 514/509/414 515/510/415
f 449/506/411 445/511/416 444/461/375 448/350/322
f 429/512/417 453/513/418 520/514/419 529/515/420
f 451/516/421 455/517/422 454/449/363 450/394/346
f 443/518/423 479/519/424 526/520/425 513/521/426
f 455/517/422 457/522/427 456/457/371 454/449/363
f 477/523/428 473/486/392 534/489/395 535/524/428
f 457/522/427 453/525/429 452/458/372 456/457/371
f 461/526/430 465/527/431 523/528/432 524/529/433
f 459/530/434 463/531/435 462/358/327 458/463/377
f 433/532/436 469/533/437 533/534/438 525/535/439
f 463/531/435 465/536/440 464/359/328 462/358/327
f 455/537/441 451/538/442 517/539/443 518/540/444
f 465/536/440 461/541/445 460/451/365 464/359/328
f 434/390/342 432/389/341 433/542/446 435/484/390
f 441/492/398 439/543/447 510/544/448 511/493/399
f 478/342/315 436/447/361 437/495/401 479/545/449
f 467/503/409 429/512/417 529/515/420 531/504/410
f 442/343/316 478/342/315 479/545/449 443/500/406
f 479/519/424 437/491/397 512/494/400 526/520/425
f 480/369/332 444/461/375 445/511/416 481/546/450
f 453/513/418 457/547/451 519/548/452 520/514/419
f 450/394/346 482/393/345 483/549/453 451/516/421
f 451/538/442 483/550/454 528/551/455 517/539/443
f 459/497/403 431/552/456 530/553/457 521/498/404
f 453/525/429 429/554/458 428/397/349 452/458/372
f 482/393/345 460/451/365 461/541/445 483/549/453
f 447/508/413 443/518/423 513/521/426 514/509/414
f 465/527/431 463/496/402 522/499/405 523/528/432
f 431/555/459 459/530/434 458/463/377 430/439/356
f 469/533/437 471/502/408 532/505/408 533/534/438
f 467/556/460 471/557/461 470/455/369 466/398/350
f 475/558/462 477/523/428 535/524/428 536/559/463
f 471/557/461 469/560/464 468/479/385 470/455/369
f 445/561/465 449/507/412 515/510/415 516/562/466
f 473/563/467 477/564/468 476/465/379 472/370/333
f 431/552/456 475/558/462 536/559/463 530/553/457
f 477/564/468 475/565/469 474/438/355 476/465/379
f 483/550/454 461/526/430 524/529/433 528/551/455
f 429/554/458 467/556/460 466/398/350 428/397/349
f 432/389/341 468/479/385 469/560/464 433/542/446
f 439/543/447 435/566/470 509/567/471 510/544/448
f 472/370/333 480/369/332 481/546/450 473/563/467
f 435/566/470 433/532/436 525/535/439 509/567/471
f 457/547/451 455/537/441 518/540/444 519/548/452
f 475/565/469 431/555/459 430/439/356 474/438/355
f 481/487/393 445/561/465 516/562/466 527/488/394
f 495/568/472 494/569/473 484/570/474 506/571/475
f 528/572/476 524/573/477 490/574/478
f 506/571/475 484/570/474 485/575/479 503/576/480
f 486/577/481 505/578/482 508/579/483 487/580/484
f 487/580/484 508/579/483 501/581/485 488/582/486
f 512/583/487 511/584/488 492/585/489 489/586/490
f 523/587/491 522/588/492 498/589/493 499/590/494
f 519/591/495 518/592/496 493/593/497 500/594/498
f 511/595/488 510/596/499 491/597/500 492/585/489
f 489/598/501 492/599/502 487/580/484
f 492/599/502 491/600/503 487/580/484
f 491/600/503 486/577/481 487/580/484
f 488/582/486 497/601/504 487/580/484
f 497/601/504 496/602/505 487/580/484
f 496/602/505 489/598/501 487/580/484
f 494/569/473 500/603/506 484/570/474
f 500/603/506 493/604/507 484/570/474
f 493/604/507 490/605/508 484/570/474
f 490/605/508 499/606/509 484/570/474
f 499/606/509 498/607/510 484/570/474
f 498/607/510 485/575/479 484/570/474
f 495/568/472 506/571/475 507/608/511 504/609/512
f 504/609/512 507/608/511 508/579/483 505/578/482
f 506/571/475 503/576/480 502/610/513 507/608/511
f 507/608/511 502/610/513 501/581/485 508/579/483
f 514/611/514 513/612/515 489/586/490 496/613/516
f 515/614/517 514/611/514 496/613/516 497/615/518
f 513/616/515 526/617/519 489/586/490
f 527/618/520 516/619/521 488/620/522
f 516/621/521 515/622/517 497/615/518 488/620/522
f 517/623/523 528/624/476 490/574/478
f 529/625/524 520/626/525 494/627/526
f 520/628/525 519/591/495 500/594/498 494/627/526
f 509/629/527 525/630/528 486/631/529
f 524/632/477 523/587/491 499/590/494 490/574/478
f 521/633/530 530/634/531 485/635/532
f 534/636/533 527/618/520 488/620/522 501/637/534
f 518/638/496 517/639/523 490/574/478 493/593/497
f 522/588/492 521/640/530 485/635/532 498/589/493
f 533/641/535 532/642/536 504/643/536 505/644/537
f 535/645/538 534/646/533 501/637/534 502/647/538
f 530/634/531 536/648/539 503/649/540 485/635/532
f 494/627/526 495/650/541 531/651/542 529/652/524
f 526/653/519 512/654/487 489/586/490
f 536/655/539 535/645/538 502/647/538 503/649/540
f 532/642/536 531/651/542 495/650/541 504/643/536
f 525/656/528 533/641/535 505/644/537 486/631/529
f 510/596/499 509/657/527 486/631/529 491/597/500
f 559/658/543 539/659/544 546/660/545 545/661/546
f 544/662/547 548/663/548 538/664/549 550/665/550
f 546/660/545 539/659/544 558/666/551 547/667/552
f 538/664/549 548/663/548 549/668/553 551/669/554
f 547/667/552 542/670/555 537/671/556 546/660/545
f 537/671/556 542/670/555 549/668/553 548/663/548
f 545/661/546 546/660/545 537/671/556 543/672/557
f 537/671/556 548/663/548 544/662/547 543/672/557
f 538/664/549 553/673/558 552/674/559
f 538/664/549 552/674/559 554/675/560
f 538/664/549 556/676/561 555/677/562
f 538/664/549 555/677/562 557/678/563
f 538/664/549 554/675/560 550/665/550
f 538/664/549 540/679/564 553/673/558
f 538/664/549 557/678/563 540/679/564
f 538/664/549 551/669/554 556/676/561
f 539/659/544 561/680/565 560/681/566
f 539/659/544 562/682/567 561/680/565
f 539/659/544 564/683/568 563/684/569
f 539/659/544 565/685/570 564/683/568
f 539/659/544 559/658/543 562/682/567
f 539/659/544 560/681/566 541/686/571
f 539/659/544 541/686/571 565/685/570
f 539/659/544 563/684/569 558/666/551
f 588/687/572 568/688/573 575/689/574 574/690/575
f 573/691/576 577/692/577 567/693/578 579/694/579
f 575/689/574 568/688/573 587/695/580 576/696/581
f 567/693/578 577/692/577 578/697/582 580/698/583
f 576/696/581 571/699/584 566/700/585 575/689/574
f 566/700/585 571/699/584 578/697/582 577/692/577
f 574/690/575 575/689/574 566/700/585 572/701/586
f 566/700/585 577/692/577 573/691/576 572/701/586
f 567/693/578 582/702/587 581/703/588
f 567/693/578 581/703/588 583/704/589
f 567/693/578 585/705/590 584/706/591
f 567/693/578 584/706/591 586/707/592
f 567/693/578 583/704/589 579/694/579
f 567/693/578 569/708/593 582/702/587
f 567/693/578 586/707/592 569/708/593
f 567/693/578 580/698/583 585/705/590
f 568/688/573 590/709/594 589/710/595
f 568/688/573 591/711/596 590/709/594
f 568/688/573 593/712/597 592/713/598
f 568/688/573 594/714/599 593/712/597
f 568/688/573 588/687/572 591/711/596
f 568/688/573 589/710/595 570/715/600
f 568/688/573 570/715/600 594/714/599
f 568/688/573 592/713/598 587/695/580
f 594/714/601 642/716/602 641/717/603 593/712/603
f 547/667/604 601/718/605 597/719/606 542/670/607
f 578/697/608 626/720/609 628/721/610 580/698/611
f 564/683/612 617/722/612 616/723/613 563/684/614
f 588/687/615 636/724/616 639/725/617 591/711/618
f 558/666/619 611/726/620 601/718/605 547/667/604
f 571/699/621 621/727/622 626/720/609 578/697/608
f 565/685/623 618/728/624 617/722/625 564/683/625
f 589/710/626 637/729/627 620/730/628 570/715/629
f 549/668/630 602/731/631 604/732/632 551/669/633
f 559/658/634 612/733/635 615/734/636 562/682/637
f 583/704/638 631/735/639 627/736/640 579/694/641
f 542/670/607 597/719/606 602/731/631 549/668/630
f 560/681/642 613/737/643 596/738/644 541/686/645
f 574/690/646 624/739/646 636/724/616 588/687/615
f 569/708/647 619/740/648 630/741/649 582/702/650
f 554/675/651 607/742/652 603/743/653 550/665/654
f 579/694/641 627/736/640 623/744/655 573/691/656
f 586/707/657 634/745/658 619/740/648 569/708/647
f 545/661/659 600/746/660 612/733/635 559/658/634
f 540/679/661 595/747/662 606/748/663 553/673/664
f 573/691/656 623/744/655 622/749/665 572/701/666
f 580/698/611 628/721/610 633/750/667 585/705/668
f 590/709/669 638/751/669 637/729/627 589/710/626
f 550/665/654 603/743/653 599/752/670 544/662/671
f 557/678/672 610/753/673 595/747/662 540/679/661
f 572/701/666 622/749/665 624/739/646 574/690/646
f 570/715/629 620/730/628 642/716/602 594/714/601
f 591/711/618 639/725/617 638/751/674 590/709/674
f 544/662/671 599/752/670 598/754/675 543/672/676
f 551/669/633 604/732/632 609/755/677 556/676/678
f 592/713/679 640/756/680 635/757/681 587/695/682
f 561/680/683 614/758/684 613/737/643 560/681/642
f 582/702/650 630/741/649 629/759/685 581/703/686
f 543/672/676 598/754/675 600/746/660 545/661/659
f 541/686/645 596/738/644 618/728/624 565/685/623
f 562/682/637 615/734/636 614/758/684 561/680/683
f 581/703/686 629/759/685 631/735/639 583/704/638
f 563/684/614 616/723/613 611/726/620 558/666/619
f 553/673/664 606/748/663 605/760/687 552/674/688
f 585/705/668 633/750/667 632/761/689 584/706/689
f 552/674/688 605/760/687 607/742/652 554/675/651
f 584/706/690 632/761/690 634/745/658 586/707/657
f 576/696/691 625/762/692 621/727/622 571/699/621
f 556/676/678 609/755/677 608/763/693 555/677/693
f 593/712/694 641/717/694 640/756/680 592/713/679
f 587/695/682 635/757/681 625/762/692 576/696/691
f 555/677/695 608/763/695 610/753/673 557/678/672
f 665/764/696 645/765/697 652/766/698 651/767/699
f 650/768/700 654/769/701 644/770/702 656/771/703
f 652/766/698 645/765/697 664/772/704 653/773/705
f 644/770/702 654/769/701 655/774/706 657/775/707
f 653/773/705 648/776/708 643/777/709 652/766/698
f 643/777/709 648/776/708 655/774/706 654/769/701
f 651/767/699 652/766/698 643/777/709 649/778/710
f 643/777/709 654/769/701 650/768/700 649/778/710
f 644/770/702 659/779/711 658/780/712
f 644/770/702 658/780/712 660/781/713
f 644/770/702 662/782/714 661/783/715
f 644/770/702 661/783/715 663/784/716
f 644/770/702 660/781/713 656/771/703
f 644/770/702 646/785/717 659/779/711
f 644/770/702 663/784/716 646/785/717
f 644/770/702 657/775/707 662/782/714
f 645/765/697 667/786/718 666/787/719
f 645/765/697 668/788/720 667/786/718
f 645/765/697 670/789/721 669/790/722
f 645/765/697 671/791/723 670/789/721
f 645/765/697 665/764/696 668/788/720
f 645/765/697 666/787/719 647/792/724
f 645/765/697 647/792/724 671/791/723
f 645/765/697 669/790/722 664/772/704
f 653/773/725 678/793/726 674/794/727 648/776/728
f 670/789/729 694/795/729 693/796/730 669/790/731
f 664/772/732 688/797/733 678/793/726 653/773/725
f 671/791/734 695/798/735 694/795/736 670/789/736
f 655/774/737 679/799/738 681/800/739 657/775/740
f 665/764/741 689/801/742 692/802/743 668/788/744
f 648/776/728 674/794/727 679/799/738 655/774/737
f 666/787/745 690/803/746 673/804/747 647/792/748
f 660/781/749 684/805/750 680/806/751 656/771/752
f 651/767/753 677/807/754 689/801/742 665/764/741
f 646/785/755 672/808/756 683/809/757 659/779/758
f 656/771/752 680/806/751 676/810/759 650/768/760
f 663/784/761 687/811/762 672/808/756 646/785/755
f 650/768/760 676/810/759 675/812/763 649/778/764
f 657/775/740 681/800/739 686/813/765 662/782/766
f 667/786/767 691/814/768 690/803/746 666/787/745
f 649/778/764 675/812/763 677/807/754 651/767/753
f 647/792/748 673/804/747 695/798/735 671/791/734
f 668/788/744 692/802/743 691/814/768 667/786/767
f 669/790/731 693/796/730 688/797/733 664/772/732
f 659/779/758 683/809/757 682/815/769 658/780/770
f 658/780/770 682/815/769 684/805/750 660/781/749
f 662/782/766 686/813/765 685/816/771 661/783/771
f 661/783/772 685/816/772 687/811/762 663/784/761
f 712/817/773 705/818/774 709/819/775 696/820/776
f 725/821/777 729/822/778 727/823/779 728/824/780
f 697/825/781 711/826/782 705/818/774 712/817/773
f 706/827/783 698/828/784 702/829/785 709/819/775
f 702/829/785 698/828/784 700/830/786 699/831/787
f 717/832/788 721/833/789 720/834/790 719/835/791
f 703/836/792 699/831/787 700/830/786 701/837/793
f 710/838/794 706/827/783 707/839/795 708/840/796
f 704/841/797 701/837/793 700/830/786 698/828/784
f 711/826/782 708/840/796 707/839/795 705/818/774
f 718/842/798 724/843/799 704/841/797 710/838/794
f 731/844/800 734/845/801 725/821/777 717/832/788
f 733/846/802 713/847/803 703/836/792 723/848/804
f 703/836/792 713/847/803 715/849/805 699/831/787
f 724/843/799 728/824/780 727/823/779 726/850/806
f 723/848/804 726/850/806 727/823/779 729/822/778
f 710/838/794 704/841/797 698/828/784 706/827/783
f 716/851/807 719/835/791 720/834/790 722/852/808
f 718/842/798 722/852/808 720/834/790 721/833/789
f 709/819/775 702/829/785 714/853/809 696/820/776
f 709/819/775 705/818/774 707/839/795 706/827/783
f 699/831/787 715/849/805 714/853/809 702/829/785
f 716/851/807 730/854/810 732/855/811 719/835/791
f 719/835/791 732/855/811 731/844/800 717/832/788
f 733/846/802 723/848/804 729/822/778 735/856/812
f 735/856/812 729/822/778 725/821/777 734/845/801
f 724/843/799 718/842/798 721/833/789 728/824/780
f 728/824/780 721/833/789 717/832/788 725/821/777
f 711/826/782 716/851/807 722/852/808 708/840/796
f 708/840/796 722/852/808 718/842/798 710/838/794
f 723/848/804 703/836/792 701/837/793 726/850/806
f 726/850/806 701/837/793 704/841/797 724/843/799
f 697/825/781 730/854/810 716/851/807 711/826/782
f 752/857/813 736/858/814 749/859/815 745/860/816
f 765/861/817 768/862/818 767/863/819 769/864/820
f 737/865/821 752/857/813 745/860/816 751/866/822
f 746/867/823 749/859/815 742/868/824 738/869/825
f 742/868/824 739/870/826 740/871/827 738/869/825
f 757/872/828 759/873/829 760/874/830 761/875/831
f 743/876/832 741/877/833 740/871/827 739/870/826
f 750/878/834 748/879/835 747/880/836 746/867/823
f 744/881/837 738/869/825 740/871/827 741/877/833
f 751/866/822 745/860/816 747/880/836 748/879/835
f 758/882/838 750/878/834 744/881/837 764/883/839
f 771/884/840 757/872/828 765/861/817 774/885/841
f 773/886/842 763/887/843 743/876/832 753/888/844
f 743/876/832 739/870/826 755/889/845 753/888/844
f 764/883/839 766/890/846 767/863/819 768/862/818
f 763/887/843 769/864/820 767/863/819 766/890/846
f 750/878/834 746/867/823 738/869/825 744/881/837
f 756/891/847 762/892/848 760/874/830 759/873/829
f 758/882/838 761/875/831 760/874/830 762/892/848
f 749/859/815 736/858/814 754/893/849 742/868/824
f 749/859/815 746/867/823 747/880/836 745/860/816
f 739/870/826 742/868/824 754/893/849 755/889/845
f 756/891/847 759/873/829 772/894/850 770/895/851
f 759/873/829 757/872/828 771/884/840 772/894/850
f 773/886/842 775/896/852 769/864/820 763/887/843
f 775/896/852 774/885/841 765/861/817 769/864/820
f 764/883/839 768/862/818 761/875/831 758/882/838
f 768/862/818 765/861/817 757/872/828 761/875/831
f 751/866/822 748/879/835 762/892/848 756/891/847
f 748/879/835 750/878/834 758/882/838 762/892/848
f 763/887/843 766/890/846 741/877/833 743/876/832
f 766/890/846 764/883/839 744/881/837 741/877/833
f 737/865/821 751/866/822 756/891/847 770/895/851
f 801/897/853 794/898/854 783/899/855 777/900/856
f 820/901/857 826/902/858 813/903/859 805/904/860
f 829/905/861 797/906/862 784/907/863 798/908/864
f 778/909/865 785/910/866 799/911/867 791/912/868
f 776/913/869 779/914/870 780/915/871 782/916/872
f 777/900/856 781/917/873 780/915/874 779/914/870
f 778/909/865 782/916/875 780/915/876 781/917/873
f 783/899/855 786/918/877 787/919/878 789/920/879
f 784/907/863 788/921/880 787/919/878 786/918/877
f 785/910/866 789/920/879 787/919/878 788/921/880
f 823/922/881 822/923/882 821/924/883 819/925/884
f 827/926/885 829/905/861 798/908/864 800/927/886
f 776/913/869 823/922/881 819/925/884 779/914/870
f 804/928/887 807/929/888 808/930/889 810/931/890
f 805/904/860 809/932/891 808/930/892 807/929/893
f 806/933/894 810/931/895 808/930/896 809/932/891
f 811/934/897 814/935/898 815/936/899 817/937/900
f 812/938/901 816/939/902 815/936/899 814/935/898
f 813/903/859 817/937/900 815/936/899 816/939/902
f 800/927/886 798/908/864 796/940/903 795/941/904
f 819/925/884 821/924/883 802/942/905 801/897/853
f 811/934/897 800/927/886 795/941/904 814/935/898
f 790/943/906 830/944/907 823/922/881 776/913/869
f 830/944/907 831/945/908 822/923/882 823/922/881
f 814/935/898 795/941/904 792/946/909 812/938/901
f 790/943/906 776/913/869 782/916/872 793/947/910
f 793/947/911 782/916/875 778/909/865 791/912/868
f 777/900/856 783/899/855 789/920/879 781/917/873
f 781/917/873 789/920/879 785/910/866 778/909/865
f 784/907/863 797/906/862 803/948/912 788/921/880
f 788/921/880 803/948/912 799/911/867 785/910/866
f 802/942/905 792/946/909 794/898/854 801/897/853
f 825/949/913 827/926/885 800/927/886 811/934/897
f 806/933/894 812/938/901 792/946/909 802/942/905
f 795/941/904 796/940/903 794/898/854 792/946/909
f 779/914/870 819/925/884 801/897/853 777/900/856
f 804/928/887 818/950/914 824/951/915 807/929/888
f 807/929/893 824/951/916 820/901/857 805/904/860
f 825/949/913 811/934/897 817/937/900 828/952/917
f 828/952/917 817/937/900 813/903/859 826/902/858
f 812/938/901 806/933/894 809/932/891 816/939/902
f 816/939/902 809/932/891 805/904/860 813/903/859
f 822/923/882 804/928/887 810/931/890 821/924/883
f 821/924/883 810/931/895 806/933/894 802/942/905
f 798/908/864 784/907/863 786/918/877 796/940/903
f 796/940/903 786/918/877 783/899/855 794/898/854
f 831/945/908 818/950/914 804/928/887 822/923/882
f 857/953/918 833/954/919 839/955/920 850/956/921
f 876/957/922 861/958/923 869/959/924 882/960/925
f 885/961/926 854/962/927 840/963/928 853/964/929
f 834/965/930 847/966/931 855/967/932 841/968/933
f 832/969/934 838/970/935 836/971/936 835/972/937
f 833/954/919 835/972/937 836/971/938 837/973/939
f 834/965/930 837/973/939 836/971/940 838/970/941
f 839/955/920 845/974/942 843/975/943 842/976/944
f 840/963/928 842/976/944 843/975/943 844/977/945
f 841/968/933 844/977/945 843/975/943 845/974/942
f 879/978/946 875/979/947 877/980/948 878/981/949
f 883/982/950 856/983/951 854/962/927 885/961/926
f 832/969/934 835/972/937 875/979/947 879/978/946
f 860/984/952 866/985/953 864/986/954 863/987/955
f 861/958/923 863/987/956 864/986/957 865/988/958
f 862/989/959 865/988/958 864/986/960 866/985/961
f 867/990/962 873/991/963 871/992/964 870/993/965
f 868/994/966 870/993/965 871/992/964 872/995/967
f 869/959/924 872/995/967 871/992/964 873/991/963
f 856/983/951 851/996/968 852/997/969 854/962/927
f 875/979/947 857/953/918 858/998/970 877/980/948
f 867/990/962 870/993/965 851/996/968 856/983/951
f 846/999/971 832/969/934 879/978/946 886/1000/972
f 886/1000/972 879/978/946 878/981/949 887/1001/973
f 870/993/965 868/994/966 848/1002/974 851/996/968
f 846/999/971 849/1003/975 838/970/935 832/969/934
f 849/1003/976 847/966/931 834/965/930 838/970/941
f 833/954/919 837/973/939 845/974/942 839/955/920
f 837/973/939 834/965/930 841/968/933 845/974/942
f 840/963/928 844/977/945 859/1004/977 853/964/929
f 844/977/945 841/968/933 855/967/932 859/1004/977
f 858/998/970 857/953/918 850/956/921 848/1002/974
f 881/1005/978 867/990/962 856/983/951 883/982/950
f 862/989/959 858/998/970 848/1002/974 868/994/966
f 851/996/968 848/1002/974 850/956/921 852/997/969
f 835/972/937 833/954/919 857/953/918 875/979/947
f 860/984/952 863/987/955 880/1006/979 874/1007/980
f 863/987/956 861/958/923 876/957/922 880/1006/981
f 881/1005/978 884/1008/982 873/991/963 867/990/962
f 884/1008/982 882/960/925 869/959/924 873/991/963
f 868/994/966 872/995/967 865/988/958 862/989/959
f 872/995/967 869/959/924 861/958/923 865/988/958
f 878/981/949 877/980/948 866/985/953 860/984/952
f 877/980/948 858/998/970 862/989/959 866/985/961
f 854/962/927 852/997/969 842/976/944 840/963/928
f 852/997/969 850/956/921 839/955/920 842/976/944
f 887/1001/973 878/981/949 860/984/952 874/1007/980
f 921/1009/983 916/1010/984 935/1011/985 942/1012/986
f 890/1013/987 891/1014/988 932/1015/989 941/1016/990
f 913/1017/991 923/1018/992 921/1009/983 912/1019/993
f 888/1020/994 896/1021/995 914/1022/996 922/1023/997
f 901/1024/998 890/1013/987 941/1016/990 934/1025/999
f 912/1019/993 931/1026/1000 926/1027/1001 905/1028/1002
f 893/1029/1003 906/1030/1004 925/1031/1005 898/1032/1006
f 895/1033/1007 902/1034/1008 936/1035/1009 915/1036/1010
f 899/1037/1011 924/1038/1012 932/1015/989 891/1014/988
f 904/1039/1013 907/1040/1014 908/1041/1015 910/1042/1016
f 905/1028/1002 909/1043/1017 908/1041/1015 907/1040/1014
f 906/1030/1004 910/1042/1016 908/1041/1015 909/1043/1017
f 914/1022/996 917/1044/1018 918/1045/1019 920/1046/1020
f 915/1036/1010 919/1047/1021 918/1045/1019 917/1044/1018
f 916/1010/984 920/1046/1020 918/1045/1019 919/1047/1021
f 924/1038/1012 927/1048/1022 928/1049/1023 930/1050/1024
f 925/1031/1005 929/1051/1025 928/1049/1023 927/1048/1026
f 926/1027/1001 930/1050/1024 928/1049/1023 929/1051/1025
f 934/1025/999 937/1052/1027 938/1053/1028 940/1054/1029
f 935/1011/985 939/1055/1030 938/1053/1028 937/1052/1027
f 936/1035/1009 940/1054/1031 938/1053/1028 939/1055/1030
f 904/1039/1013 911/1056/1032 913/1017/991 907/1040/1014
f 907/1040/1014 913/1017/991 912/1019/993 905/1028/1002
f 916/1010/984 921/1009/983 923/1018/992 920/1046/1020
f 920/1046/1020 923/1018/992 922/1023/997 914/1022/996
f 933/1057/1033 943/1058/1034 941/1016/990 932/1015/989
f 931/1026/1000 942/1012/986 943/1058/1034 933/1057/1033
f 926/1027/1001 931/1026/1000 933/1057/1033 930/1050/1024
f 930/1050/1024 933/1057/1033 932/1015/989 924/1038/1012
f 934/1025/999 941/1016/990 943/1058/1034 937/1052/1027
f 937/1052/1027 943/1058/1034 942/1012/986 935/1011/985
f 888/1020/994 922/1023/997 911/1056/1032 889/1059/1035
f 921/1009/983 942/1012/986 931/1026/1000 912/1019/993
f 915/1036/1010 936/1035/1009 939/1055/1030 919/1047/1021
f 919/1047/1021 939/1055/1030 935/1011/985 916/1010/984
f 905/1028/1002 926/1027/1001 929/1051/1025 909/1043/1017
f 909/1043/1017 929/1051/1025 925/1031/1005 906/1030/1004
f 898/1032/1006 925/1031/1005 927/1048/1026 900/1060/1036
f 900/1060/1037 927/1048/1022 924/1038/1012 899/1037/1011
f 906/1030/1004 893/1029/1003 894/1061/1038 910/1042/1016
f 910/1042/1016 894/1061/1038 892/1062/1039 904/1039/1013
f 936/1035/1009 902/1034/1008 903/1063/1040 940/1054/1031
f 940/1054/1029 903/1063/1041 901/1024/998 934/1025/999
f 895/1033/1007 915/1036/1010 917/1044/1018 897/1064/1042
f 897/1064/1042 917/1044/1018 914/1022/996 896/1021/995
f 889/1059/1035 911/1056/1032 904/1039/1013 892/1062/1039
f 911/1056/1032 922/1023/997 923/1018/992 913/1017/991
f 977/1065/1043 972/1066/1044 991/1067/1045 998/1068/1046
f 946/1069/1047 947/1070/1048 988/1071/1049 997/1072/1050
f 969/1073/1051 979/1074/1052 977/1065/1043 968/1075/1053
f 944/1076/1054 952/1077/1055 970/1078/1056 978/1079/1057
f 957/1080/1058 946/1069/1047 997/1072/1050 990/1081/1059
f 968/1075/1053 987/1082/1060 982/1083/1061 961/1084/1062
f 949/1085/1063 962/1086/1064 981/1087/1065 954/1088/1066
f 951/1089/1067 958/1090/1068 992/1091/1069 971/1092/1070
f 955/1093/1071 980/1094/1072 988/1071/1049 947/1070/1048
f 960/1095/1073 963/1096/1074 964/1097/1075 966/1098/1076
f 961/1084/1062 965/1099/1077 964/1097/1075 963/1096/1074
f 962/1086/1064 966/1098/1076 964/1097/1075 965/1099/1077
f 970/1078/1056 973/1100/1078 974/1101/1079 976/1102/1080
f 971/1092/1070 975/1103/1081 974/1101/1079 973/1100/1078
f 972/1066/1044 976/1102/1080 974/1101/1079 975/1103/1081
f 980/1094/1072 983/1104/1082 984/1105/1083 986/1106/1084
f 981/1087/1065 985/1107/1085 984/1105/1083 983/1104/1086
f 982/1083/1061 986/1106/1084 984/1105/1083 985/1107/1085
f 990/1081/1059 993/1108/1087 994/1109/1088 996/1110/1089
f 991/1067/1045 995/1111/1090 994/1109/1088 993/1108/1087
f 992/1091/1069 996/1110/1091 994/1109/1088 995/1111/1090
f 960/1095/1073 967/1112/1092 969/1073/1051 963/1096/1074
f 963/1096/1074 969/1073/1051 968/1075/1053 961/1084/1062
f 972/1066/1044 977/1065/1043 979/1074/1052 976/1102/1080
f 976/1102/1080 979/1074/1052 978/1079/1057 970/1078/1056
f 989/1113/1093 999/1114/1094 997/1072/1050 988/1071/1049
f 987/1082/1060 998/1068/1046 999/1114/1094 989/1113/1093
f 982/1083/1061 987/1082/1060 989/1113/1093 986/1106/1084
f 986/1106/1084 989/1113/1093 988/1071/1049 980/1094/1072
f 990/1081/1059 997/1072/1050 999/1114/1094 993/1108/1087
f 993/1108/1087 999/1114/1094 998/1068/1046 991/1067/1045
f 944/1076/1054 978/1079/1057 967/1112/1092 945/1115/1095
f 977/1065/1043 998/1068/1046 987/1082/1060 968/1075/1053
f 971/1092/1070 992/1091/1069 995/1111/1090 975/1103/1081
f 975/1103/1081 995/1111/1090 991/1067/1045 972/1066/1044
f 961/1084/1062 982/1083/1061 985/1107/1085 965/1099/1077
f 965/1099/1077 985/1107/1085 981/1087/1065 962/1086/1064
f 954/1088/1066 981/1087/1065 983/1104/1086 956/1116/1096
f 956/1116/1097 983/1104/1082 980/1094/1072 955/1093/1071
f 962/1086/1064 949/1085/1063 950/1117/1098 966/1098/1076
f 966/1098/1076 950/1117/1098 948/1118/1099 960/1095/1073
f 992/1091/1069 958/1090/1068 959/1119/1100 996/1110/1091
f 996/1110/1089 959/1119/1101 957/1080/1058 990/1081/1059
f 951/1089/1067 971/1092/1070 973/1100/1078 953/1120/1102
f 953/1120/1102 973/1100/1078 970/1078/1056 952/1077/1055
f 945/1115/1095 967/1112/1092 960/1095/1073 948/1118/1099
f 967/1112/1092 978/1079/1057 979/1074/1052 969/1073/1051
f 1100/1121/1103 1101/1122/1104 1104/1123/1105 1103/1124/1106
f 1101/1122/1104 1102/1125/1107 1105/1126/1108 1104/1123/1105
f 1103/1124/1106 1104/1123/1105 1107/1127/1109 1106/1128/1110
f 1104/1123/1105 1105/1126/1108 1108/1129/1111 1107/1127/1109
f 1000/1130/1112 1019/1131/1113 1100/1121/1103 1018/1132/1114
f 1019/1131/1113 1020/1133/1115 1101/1122/1104 1100/1121/1103
f 1020/1133/1115 1021/1134/1116 1102/1125/1107 1101/1122/1104
f 1021/1134/1116 1001/1135/1117 1022/1136/1118 1102/1125/1107
f 1102/1125/1107 1022/1136/1118 1023/1137/1119 1105/1126/1108
f 1105/1126/1108 1023/1137/1119 1024/1138/1120 1108/1129/1111
f 1108/1129/1111 1024/1138/1120 1003/1139/1121 1025/1140/1122
f 1107/1127/1109 1108/1129/1111 1025/1140/1122 1026/1141/1123
f 1106/1128/1110 1107/1127/1109 1026/1141/1123 1027/1142/1124
f 1016/1143/1125 1106/1128/1110 1027/1142/1124 1002/1144/1126
f 1017/1145/1127 1103/1124/1106 1106/1128/1110 1016/1143/1125
f 1018/1132/1114 1100/1121/1103 1103/1124/1106 1017/1145/1127
f 1109/1146/1128 1110/1147/1129 1113/1148/270 1112/1149/1130
f 1110/1147/1129 1111/1150/1131 1114/1151/1132 1113/1148/270
f 1112/1149/1130 1113/1148/270 1116/1152/1133 1115/1153/1134
f 1113/1148/270 1114/1151/1132 1117/1154/1135 1116/1152/1133
f 1002/1144/1126 1027/1142/1124 1109/1146/1128 1030/1155/1136
f 1027/1142/1124 1026/1141/1123 1110/1147/1129 1109/1146/1128
f 1026/1141/1123 1025/1140/1122 1111/1150/1131 1110/1147/1129
f 1025/1140/1122 1003/1139/1121 1031/1156/1137 1111/1150/1131
f 1111/1150/1131 1031/1156/1137 1032/1157/1138 1114/1151/1132
f 1114/1151/1132 1032/1157/1138 1033/1158/1139 1117/1154/1135
f 1117/1154/1135 1033/1158/1139 1007/1159/1140 1034/1160/1141
f 1116/1152/1133 1117/1154/1135 1034/1160/1141 1035/1161/1142
f 1115/1153/1134 1116/1152/1133 1035/1161/1142 1036/1162/1143
f 1028/1163/1144 1115/1153/1134 1036/1162/1143 1006/1164/1145
f 1029/1165/1146 1112/1149/1130 1115/1153/1134 1028/1163/1144
f 1030/1155/1136 1109/1146/1128 1112/1149/1130 1029/1165/1146
f 1118/1166/1147 1119/1167/1148 1122/1168/1149 1121/1169/1150
f 1119/1167/1148 1120/1170/1151 1123/1171/1152 1122/1168/1149
f 1121/1169/1150 1122/1168/1149 1125/1172/1153 1124/1173/1154
f 1122/1168/1149 1123/1171/1152 1126/1174/1155 1125/1172/1153
f 1006/1164/1145 1036/1162/1143 1118/1166/1147 1039/1175/1156
f 1036/1162/1143 1035/1161/1142 1119/1167/1148 1118/1166/1147
f 1035/1161/1142 1034/1160/1141 1120/1170/1151 1119/1167/1148
f 1034/1160/1141 1007/1159/1140 1040/1176/1157 1120/1170/1151
f 1120/1170/1151 1040/1176/1157 1041/1177/1158 1123/1171/1152
f 1123/1171/1152 1041/1177/1158 1042/1178/1159 1126/1174/1155
f 1126/1174/1155 1042/1178/1159 1005/1179/1160 1043/1180/1161
f 1125/1172/1153 1126/1174/1155 1043/1180/1161 1044/1181/1162
f 1124/1173/1154 1125/1172/1153 1044/1181/1162 1045/1182/1163
f 1037/1183/1164 1124/1173/1154 1045/1182/1163 1004/1184/1165
f 1038/1185/1166 1121/1169/1150 1124/1173/1154 1037/1183/1164
f 1039/1175/1156 1118/1166/1147 1121/1169/1150 1038/1185/1166
f 1127/1186/1167 1128/1187/1168 1131/1188/1169 1130/1189/1170
f 1128/1187/1168 1129/1190/1171 1132/1191/1172 1131/1188/1169
f 1130/1189/1170 1131/1188/1169 1134/1192/1173 1133/1193/1174
f 1131/1188/1169 1132/1191/1172 1135/1194/1175 1134/1192/1173
f 1001/1135/1117 1021/1134/1116 1127/1186/1167 1069/1195/1176
f 1021/1134/1116 1020/1133/1115 1128/1187/1168 1127/1186/1167
f 1020/1133/1115 1019/1131/1113 1129/1190/1171 1128/1187/1168
f 1019/1131/1113 1000/1130/1112 1064/1196/1177 1129/1190/1171
f 1129/1190/1171 1064/1196/1177 1065/1197/1178 1132/1191/1172
f 1132/1191/1172 1065/1197/1178 1066/1198/1179 1135/1194/1175
f 1135/1194/1175 1066/1198/1179 1008/1199/1180 1052/1200/1181
f 1134/1192/1173 1135/1194/1175 1052/1200/1181 1053/1201/1182
f 1133/1193/1174 1134/1192/1173 1053/1201/1182 1054/1202/1183
f 1067/1203/1184 1133/1193/1174 1054/1202/1183 1009/1204/1185
f 1068/1205/1186 1130/1189/1170 1133/1193/1174 1067/1203/1184
f 1069/1195/1176 1127/1186/1167 1130/1189/1170 1068/1205/1186
f 1136/1206/1187 1137/1207/1188 1140/1208/1189 1139/1209/1190
f 1137/1207/1188 1138/1210/1191 1141/1211/1192 1140/1208/1189
f 1139/1209/1190 1140/1208/1189 1143/1212/1193 1142/1213/1194
f 1140/1208/1189 1141/1211/1192 1144/1214/1195 1143/1212/1193
f 1002/1144/1126 1030/1155/1136 1136/1206/1187 1016/1143/1125
f 1030/1155/1136 1029/1165/1146 1137/1207/1188 1136/1206/1187
f 1029/1165/1146 1028/1163/1144 1138/1210/1191 1137/1207/1188
f 1028/1163/1144 1006/1164/1145 1039/1175/1156 1138/1210/1191
f 1138/1210/1191 1039/1175/1156 1038/1185/1166 1141/1211/1192
f 1141/1211/1192 1038/1185/1166 1037/1183/1164 1144/1214/1195
f 1144/1214/1195 1037/1183/1164 1004/1184/1165 1048/1215/1196
f 1143/1212/1193 1144/1214/1195 1048/1215/1196 1047/1216/1197
f 1142/1213/1194 1143/1212/1193 1047/1216/1197 1046/1217/1198
f 1018/1132/1114 1142/1213/1194 1046/1217/1198 1000/1130/1112
f 1017/1145/1127 1139/1209/1190 1142/1213/1194 1018/1132/1114
f 1016/1143/1125 1136/1206/1187 1139/1209/1190 1017/1145/1127
f 1145/1218/1199 1146/1219/1200 1149/1220/1201 1148/1221/1202
f 1146/1219/1200 1147/1222/1203 1150/1223/1204 1149/1220/1201
f 1148/1221/1202 1149/1220/1201 1152/1224/1205 1151/1225/1206
f 1149/1220/1201 1150/1223/1204 1153/1226/1207 1152/1224/1205
f 1007/1159/1140 1033/1158/1139 1145/1218/1199 1040/1176/1157
f 1033/1158/1139 1032/1157/1138 1146/1219/1200 1145/1218/1199
f 1032/1157/1138 1031/1156/1137 1147/1222/1203 1146/1219/1200
f 1031/1156/1137 1003/1139/1121 1024/1138/1120 1147/1222/1203
f 1147/1222/1203 1024/1138/1120 1023/1137/1119 1150/1223/1204
f 1150/1223/1204 1023/1137/1119 1022/1136/1118 1153/1226/1207
f 1153/1226/1207 1022/1136/1118 1001/1135/1117 1051/1227/1208
f 1152/1224/1205 1153/1226/1207 1051/1227/1208 1050/1228/1209
f 1151/1225/1206 1152/1224/1205 1050/1228/1209 1049/1229/1210
f 1042/1178/1159 1151/1225/1206 1049/1229/1210 1005/1179/1160
f 1041/1177/1158 1148/1221/1202 1151/1225/1206 1042/1178/1159
f 1040/1176/1157 1145/1218/1199 1148/1221/1202 1041/1177/1158
f 1154/1230/1211 1155/1231/1212 1158/1232/1213 1157/1233/1214
f 1155/1231/1212 1156/1234/1215 1159/1235/1216 1158/1232/1213
f 1157/1233/1214 1158/1232/1213 1161/1236/1217 1160/1237/1218
f 1158/1232/1213 1159/1235/1216 1162/1238/1219 1161/1236/1217
f 1008/1199/1180 1058/1239/1220 1154/1230/1211 1093/1240/1221
f 1058/1239/1220 1059/1241/1222 1155/1231/1212 1154/1230/1211
f 1059/1241/1222 1060/1242/1223 1156/1234/1215 1155/1231/1212
f 1060/1242/1223 1011/1243/1224 1088/1244/1225 1156/1234/1215
f 1156/1234/1215 1088/1244/1225 1089/1245/1226 1159/1235/1216
f 1159/1235/1216 1089/1245/1226 1090/1246/1227 1162/1238/1219
f 1162/1238/1219 1090/1246/1227 1015/1247/1228 1084/1248/1229
f 1161/1236/1217 1162/1238/1219 1084/1248/1229 1083/1249/1230
f 1160/1237/1218 1161/1236/1217 1083/1249/1230 1082/1250/1231
f 1091/1251/1232 1160/1237/1218 1082/1250/1231 1012/1252/1233
f 1092/1253/1234 1157/1233/1214 1160/1237/1218 1091/1251/1232
f 1093/1240/1221 1154/1230/1211 1157/1233/1214 1092/1253/1234
f 1163/1254/1235 1164/1255/1236 1167/1256/1237 1166/1257/1238
f 1164/1255/1236 1165/1258/1239 1168/1259/1240 1167/1256/1237
f 1166/1257/1238 1167/1256/1237 1170/1260/1241 1169/1261/1242
f 1167/1256/1237 1168/1259/1240 1171/1262/1243 1170/1260/1241
f 1000/1130/1112 1046/1217/1198 1163/1254/1235 1064/1196/1177
f 1046/1217/1198 1047/1216/1197 1164/1255/1236 1163/1254/1235
f 1047/1216/1197 1048/1215/1196 1165/1258/1239 1164/1255/1236
f 1048/1215/1196 1004/1184/1165 1070/1263/1244 1165/1258/1239
f 1165/1258/1239 1070/1263/1244 1071/1264/1245 1168/1259/1240
f 1168/1259/1240 1071/1264/1245 1072/1265/1246 1171/1262/1243
f 1171/1262/1243 1072/1265/1246 1011/1243/1224 1060/1242/1223
f 1170/1260/1241 1171/1262/1243 1060/1242/1223 1059/1241/1222
f 1169/1261/1242 1170/1260/1241 1059/1241/1222 1058/1239/1220
f 1066/1198/1179 1169/1261/1242 1058/1239/1220 1008/1199/1180
f 1065/1197/1178 1166/1257/1238 1169/1261/1242 1066/1198/1179
f 1064/1196/1177 1163/1254/1235 1166/1257/1238 1065/1197/1178
f 1172/1266/1247 1173/1267/1248 1176/1268/1249 1175/1269/1250
f 1173/1267/1248 1174/1270/1251 1177/1271/1252 1176/1268/1249
f 1175/1269/1250 1176/1268/1249 1179/1272/1253 1178/1273/1254
f 1176/1268/1249 1177/1271/1252 1180/1274/1255 1179/1272/1253
f 1005/1179/1160 1049/1229/1210 1172/1266/1247 1075/1275/1256
f 1049/1229/1210 1050/1228/1209 1173/1267/1248 1172/1266/1247
f 1050/1228/1209 1051/1227/1208 1174/1270/1251 1173/1267/1248
f 1051/1227/1208 1001/1135/1117 1069/1195/1176 1174/1270/1251
f 1174/1270/1251 1069/1195/1176 1068/1205/1186 1177/1271/1252
f 1177/1271/1252 1068/1205/1186 1067/1203/1184 1180/1274/1255
f 1180/1274/1255 1067/1203/1184 1009/1204/1185 1063/1276/1257
f 1179/1272/1253 1180/1274/1255 1063/1276/1257 1062/1277/1258
f 1178/1273/1254 1179/1272/1253 1062/1277/1258 1061/1278/1259
f 1073/1279/1260 1178/1273/1254 1061/1278/1259 1010/1280/1261
f 1074/1281/1262 1175/1269/1250 1178/1273/1254 1073/1279/1260
f 1075/1275/1256 1172/1266/1247 1175/1269/1250 1074/1281/1262
f 1181/1282/1263 1182/1283/1264 1185/1284/1265 1184/1285/1266
f 1182/1283/1264 1183/1286/1267 1186/1287/1268 1185/1284/1265
f 1184/1285/1266 1185/1284/1265 1188/1288/1269 1187/1289/1270
f 1185/1284/1265 1186/1287/1268 1189/1290/1271 1188/1288/1269
f 1004/1184/1165 1045/1182/1163 1181/1282/1263 1070/1263/1244
f 1045/1182/1163 1044/1181/1162 1182/1283/1264 1181/1282/1263
f 1044/1181/1162 1043/1180/1161 1183/1286/1267 1182/1283/1264
f 1043/1180/1161 1005/1179/1160 1075/1275/1256 1183/1286/1267
f 1183/1286/1267 1075/1275/1256 1074/1281/1262 1186/1287/1268
f 1186/1287/1268 1074/1281/1262 1073/1279/1260 1189/1290/1271
f 1189/1290/1271 1073/1279/1260 1010/1280/1261 1055/1291/1272
f 1188/1288/1269 1189/1290/1271 1055/1291/1272 1056/1292/1273
f 1187/1289/1270 1188/1288/1269 1056/1292/1273 1057/1293/1274
f 1072/1265/1246 1187/1289/1270 1057/1293/1274 1011/1243/1224
f 1071/1264/1245 1184/1285/1266 1187/1289/1270 1072/1265/1246
f 1070/1263/1244 1181/1282/1263 1184/1285/1266 1071/1264/1245
f 1190/1294/1275 1191/1295/1276 1194/1296/1277 1193/1297/1278
f 1191/1295/1276 1192/1298/1279 1195/1299/1280 1194/1296/1277
f 1193/1297/1278 1194/1296/1277 1197/1300/1281 1196/1301/1282
f 1194/1296/1277 1195/1299/1280 1198/1302/1283 1197/1300/1281
f 1015/1247/1228 1081/1303/1284 1190/1294/1275 1084/1248/1229
f 1081/1303/1284 1080/1304/1285 1191/1295/1276 1190/1294/1275
f 1080/1304/1285 1079/1305/1286 1192/1298/1279 1191/1295/1276
f 1079/1305/1286 1014/1306/1287 1085/1307/1288 1192/1298/1279
f 1192/1298/1279 1085/1307/1288 1086/1308/1289 1195/1299/1280
f 1195/1299/1280 1086/1308/1289 1087/1309/1290 1198/1302/1283
f 1198/1302/1283 1087/1309/1290 1013/1310/1291 1078/1311/1292
f 1197/1300/1281 1198/1302/1283 1078/1311/1292 1077/1312/1293
f 1196/1301/1282 1197/1300/1281 1077/1312/1293 1076/1313/1294
f 1082/1250/1231 1196/1301/1282 1076/1313/1294 1012/1252/1233
f 1083/1249/1230 1193/1297/1278 1196/1301/1282 1082/1250/1231
f 1084/1248/1229 1190/1294/1275 1193/1297/1278 1083/1249/1230
f 1199/1314/1295 1200/1315/1296 1203/1316/1297 1202/1317/1298
f 1200/1315/1296 1201/1318/1299 1204/1319/1300 1203/1316/1297
f 1202/1317/1298 1203/1316/1297 1206/1320/1301 1205/1321/1302
f 1203/1316/1297 1204/1319/1300 1207/1322/1303 1206/1320/1301
f 1009/1204/1185 1054/1202/1183 1199/1314/1295 1096/1323/1304
f 1054/1202/1183 1053/1201/1182 1200/1315/1296 1199/1314/1295
f 1053/1201/1182 1052/1200/1181 1201/1318/1299 1200/1315/1296
f 1052/1200/1181 1008/1199/1180 1093/1240/1221 1201/1318/1299
f 1201/1318/1299 1093/1240/1221 1092/1253/1234 1204/1319/1300
f 1204/1319/1300 1092/1253/1234 1091/1251/1232 1207/1322/1303
f 1207/1322/1303 1091/1251/1232 1012/1252/1233 1076/1313/1294
f 1206/1320/1301 1207/1322/1303 1076/1313/1294 1077/1312/1293
f 1205/1321/1302 1206/1320/1301 1077/1312/1293 1078/1311/1292
f 1094/1324/1305 1205/1321/1302 1078/1311/1292 1013/1310/1291
f 1095/1325/1306 1202/1317/1298 1205/1321/1302 1094/1324/1305
f 1096/1323/1304 1199/1314/1295 1202/1317/1298 1095/1325/1306
f 1208/1326/1307 1209/1327/1308 1212/1328/1309 1211/1329/1310
f 1209/1327/1308 1210/1330/1311 1213/1331/1312 1212/1328/1309
f 1211/1329/1310 1212/1328/1309 1215/1332/1313 1214/1333/1314
f 1212/1328/1309 1213/1331/1312 1216/1334/1315 1215/1332/1313
f 1010/1280/1261 1061/1278/1259 1208/1326/1307 1099/1335/1316
f 1061/1278/1259 1062/1277/1258 1209/1327/1308 1208/1326/1307
f 1062/1277/1258 1063/1276/1257 1210/1330/1311 1209/1327/1308
f 1063/1276/1257 1009/1204/1185 1096/1323/1304 1210/1330/1311
f 1210/1330/1311 1096/1323/1304 1095/1325/1306 1213/1331/1312
f 1213/1331/1312 1095/1325/1306 1094/1324/1305 1216/1334/1315
f 1216/1334/1315 1094/1324/1305 1013/1310/1291 1087/1309/1290
f 1215/1332/1313 1216/1334/1315 1087/1309/1290 1086/1308/1289
f 1214/1333/1314 1215/1332/1313 1086/1308/1289 1085/1307/1288
f 1097/1336/1317 1214/1333/1314 1085/1307/1288 1014/1306/1287
f 1098/1337/1318 1211/1329/1310 1214/1333/1314 1097/1336/1317
f 1099/1335/1316 1208/1326/1307 1211/1329/1310 1098/1337/1318
f 1217/1338/1319 1218/1339/1320 1221/1340/1321 1220/1341/1322
f 1218/1339/1320 1219/1342/1323 1222/1343/1324 1221/1340/1321
f 1220/1341/1322 1221/1340/1321 1224/1344/1325 1223/1345/1326
f 1221/1340/1321 1222/1343/1324 1225/1346/1327 1224/1344/1325
f 1011/1243/1224 1057/1293/1274 1217/1338/1319 1088/1244/1225
f 1057/1293/1274 1056/1292/1273 1218/1339/1320 1217/1338/1319
f 1056/1292/1273 1055/1291/1272 1219/1342/1323 1218/1339/1320
f 1055/1291/1272 1010/1280/1261 1099/1335/1316 1219/1342/1323
f 1219/1342/1323 1099/1335/1316 1098/1337/1318 1222/1343/1324
f 1222/1343/1324 1098/1337/1318 1097/1336/1317 1225/1346/1327
f 1225/1346/1327 1097/1336/1317 1014/1306/1287 1079/1305/1286
f 1224/1344/1325 1225/1346/1327 1079/1305/1286 1080/1304/1285
f 1223/1345/1326 1224/1344/1325 1080/1304/1285 1081/1303/1284
f 1090/1246/1227 1223/1345/1326 1081/1303/1284 1015/1247/1228
f 1089/1245/1226 1220/1341/1322 1223/1345/1326 1090/1246/1227
f 1088/1244/1225 1217/1338/1319 1220/1341/1322 1089/1245/1226
f 1235/1347/1328 1234/1348/1329 1231/1349/1330 1244/1350/1331
f 1236/1351/1332 1235/1347/1328 1244/1350/1331 1243/1352/1333
f 1237/1353/1334 1236/1351/1332 1243/1352/1333 1245/1354/1335
f 1242/1355/1336 1237/1353/1337 1245/1354/1338 1246/1356/1339
f 1238/1357/1340 1226/1358/1341 1237/1353/1337 1242/1355/1336
f 1226/1358/1342 1229/1359/1343 1236/1351/1332 1237/1353/1334
f 1229/1359/1343 1228/1360/1344 1235/1347/1328 1236/1351/1332
f 1228/1360/1344 1227/1361/1345 1234/1348/1329 1235/1347/1328
f 1249/1362/1346 1244/1363/1347 1502/1364/1348
f 1242/1355/1336 1379/1365/1336 1374/1366/1349 1238/1357/1340
f 1383/1367/1350 1246/1368/1351 1241/1369/1352 1378/1370/1353
f 1313/1371/1354 1503/1372/1355 1499/1373/1356
f 1384/1374/1357 1378/1370/1353 1241/1369/1352
f 1246/1356/1339 1383/1375/1358 1379/1365/1336 1242/1355/1336
f 1230/1376/1359 1233/1377/1360 1243/1378/1361 1244/1363/1347
f 1233/1377/1360 1232/1379/1362 1245/1380/1363 1243/1378/1361
f 1248/1381/1364 1239/1382/1365 1246/1368/1351
f 1249/1362/1346 1230/1376/1359 1244/1363/1347
f 1239/1382/1365 1247/1383/1366 1241/1369/1352 1246/1368/1351
f 1247/1383/1366 1239/1382/1365 1253/1384/1367
f 1232/1379/1362 1254/1385/1368 1248/1381/1364
f 1239/1382/1365 1248/1381/1364 1253/1384/1367
f 1248/1381/1369 1254/1385/1370 1261/1386/1371 1257/1387/1369
f 1233/1377/1360 1254/1385/1368 1232/1379/1362
f 1240/1388/1372 1247/1383/1366 1252/1389/1373
f 1251/1390/1374 1249/1362/1375 1256/1391/1376 1258/1392/1377
f 1230/1376/1359 1249/1362/1346 1251/1390/1378
f 1233/1377/1360 1230/1376/1359 1251/1390/1378
f 1249/1362/1346 1240/1388/1372 1252/1389/1373
f 1247/1383/1379 1253/1384/1380 1260/1393/1381 1250/1394/1382
f 1254/1385/1370 1233/1377/1383 1255/1395/1384 1261/1386/1371
f 1249/1362/1375 1252/1389/1385 1259/1396/1386 1256/1391/1376
f 1233/1377/1383 1251/1390/1374 1258/1392/1377 1255/1395/1384
f 1253/1384/1380 1248/1381/1387 1257/1387/1387 1260/1393/1381
f 1252/1389/1385 1247/1383/1379 1250/1394/1382 1259/1396/1386
f 1250/1397/1388 1260/1398/1389 1273/1399/1390 1272/1400/1391
f 1257/1401/1392 1261/1402/1393 1275/1403/1394 1277/1404/1395
f 1261/1402/1393 1255/1405/1396 1276/1406/1397 1275/1403/1394
f 1255/1407/1396 1258/1408/1398 1270/1409/1399 1276/1410/1397
f 1258/1408/1398 1256/1411/1400 1271/1412/1401 1270/1409/1399
f 1259/1413/1402 1250/1414/1388 1272/1415/1391 1274/1416/1403
f 1260/1398/1389 1257/1417/1392 1277/1418/1395 1273/1399/1390
f 1256/1419/1400 1259/1413/1402 1274/1416/1403 1271/1420/1401
f 1278/1421/1404 1279/1422/1405 1268/1423/1406 1281/1424/1407
f 1264/1425/1408 1266/1426/1409 1270/1427/1399 1271/1428/1401
f 1268/1429/1406 1262/1430/1410 1272/1431/1391 1273/1432/1390
f 1262/1430/1410 1267/1433/1411 1274/1434/1403 1272/1431/1391
f 1267/1433/1411 1264/1425/1408 1271/1428/1401 1274/1434/1403
f 1263/1435/1412 1269/1436/1413 1275/1437/1394 1276/1438/1397
f 1265/1439/1414 1268/1429/1406 1273/1432/1390 1277/1440/1395
f 1269/1436/1413 1265/1439/1414 1277/1440/1395 1275/1437/1394
f 1266/1426/1409 1263/1435/1412 1276/1438/1397 1270/1427/1399
f 1282/1441/1415 1267/1442/1411 1284/1443/1416 1285/1444/1417
f 1286/1445/1418 1287/1446/1419 1288/1447/1420 1269/1448/1413
f 1266/1449/1409 1291/1450/1421 1292/1451/1422 1293/1452/1423
f 1263/1453/1424 1293/1454/1425 1283/1455/1426
f 1262/1456/1410 1268/1423/1406 1279/1422/1405
f 1268/1457/1406 1265/1458/1414 1281/1424/1407
f 1287/1459/1427 1286/1460/1428 1283/1461/1429 1290/1462/1427
f 1264/1463/1408 1267/1442/1411 1282/1441/1415
f 1267/1464/1411 1262/1456/1410 1284/1443/1416
f 1278/1465/1430 1281/1466/1431 1289/1467/1432 1290/1462/1430
f 1279/1468/1433 1278/1469/1434 1290/1470/1434 1280/1471/1435
f 1265/1472/1436 1288/1473/1437 1289/1474/1438
f 1281/1466/1431 1265/1475/1439 1289/1467/1432
f 1265/1458/1414 1269/1448/1413 1288/1447/1420
f 1269/1476/1413 1263/1477/1412 1286/1445/1418
f 1266/1478/1409 1264/1463/1408 1291/1450/1421
f 1291/1479/1440 1264/1480/1441 1294/1481/1442
f 1284/1482/1443 1262/1483/1444 1280/1484/1445
f 1263/1477/1412 1266/1449/1409 1293/1452/1423
f 1282/1485/1446 1285/1486/1447 1290/1487/1447 1294/1488/1448
f 1288/1473/1437 1287/1489/1449 1290/1470/1449 1289/1490/1438
f 1285/1491/1450 1284/1482/1443 1280/1484/1445 1290/1492/1450
f 1292/1493/1451 1291/1479/1440 1294/1481/1442 1290/1492/1451
f 1264/1494/1452 1282/1485/1446 1294/1495/1448
f 1293/1454/1425 1292/1496/1453 1290/1487/1453 1283/1497/1426
f 1262/1498/1454 1279/1468/1433 1280/1499/1435
f 1286/1460/1428 1263/1500/1455 1283/1461/1429
f 1240/1388/1372 1249/1362/1346 1502/1501/1348
f 1240/1388/1372 1502/1502/1348 1384/1374/1357
f 1248/1381/1364 1246/1368/1351 1245/1380/1363
f 1232/1379/1362 1248/1381/1364 1245/1380/1363
f 1301/1503/1456 1310/1504/1457 1231/1349/1330 1234/1348/1329
f 1302/1505/1458 1309/1506/1459 1310/1504/1457 1301/1503/1456
f 1303/1507/1460 1311/1508/1461 1309/1506/1459 1302/1505/1458
f 1308/1509/1462 1312/1510/1463 1311/1508/1464 1303/1507/1465
f 1304/1511/1466 1308/1509/1462 1303/1507/1465 1295/1512/1467
f 1295/1512/1468 1303/1507/1460 1302/1505/1458 1297/1513/1469
f 1297/1513/1469 1302/1505/1458 1301/1503/1456 1296/1514/1470
f 1296/1514/1470 1301/1503/1456 1234/1348/1329 1227/1361/1345
f 1304/1511/1466 1442/1515/1471 1446/1516/1462 1308/1509/1462
f 1450/1517/1472 1445/1518/1473 1307/1519/1474 1312/1520/1475
f 1244/1363/1347 1231/1521/1476 1499/1522/1356 1502/1523/1348
f 1308/1509/1462 1446/1516/1462 1450/1524/1477 1312/1510/1463
f 1298/1525/1478 1310/1526/1479 1309/1527/1480 1300/1528/1481
f 1300/1528/1481 1309/1527/1480 1311/1529/1482 1299/1530/1483
f 1315/1531/1484 1312/1520/1475 1305/1532/1485
f 1316/1533/1486 1310/1526/1479 1298/1525/1478
f 1305/1532/1485 1312/1520/1475 1307/1519/1474 1314/1534/1487
f 1314/1534/1487 1307/1519/1474 1313/1371/1354 1306/1535/1488
f 1314/1534/1487 1320/1536/1489 1305/1532/1485
f 1299/1530/1483 1315/1531/1484 1321/1537/1490
f 1305/1532/1485 1320/1536/1489 1315/1531/1484
f 1315/1531/1491 1324/1538/1491 1328/1539/1492 1321/1537/1493
f 1300/1528/1481 1299/1530/1483 1321/1537/1490
f 1306/1535/1488 1319/1540/1494 1314/1534/1487
f 1318/1541/1495 1325/1542/1496 1323/1543/1497 1316/1533/1498
f 1298/1525/1478 1318/1541/1499 1316/1533/1486
f 1300/1528/1481 1318/1541/1499 1298/1525/1478
f 1316/1533/1486 1319/1540/1494 1306/1535/1488
f 1314/1534/1500 1317/1544/1501 1327/1545/1502 1320/1536/1503
f 1321/1537/1493 1328/1539/1492 1322/1546/1504 1300/1528/1505
f 1316/1533/1498 1323/1543/1497 1326/1547/1506 1319/1540/1507
f 1300/1528/1505 1322/1546/1504 1325/1542/1496 1318/1541/1495
f 1320/1536/1503 1327/1545/1502 1324/1538/1508 1315/1531/1508
f 1319/1540/1507 1326/1547/1506 1317/1544/1501 1314/1534/1500
f 1317/1548/1509 1339/1549/1510 1340/1550/1511 1327/1551/1512
f 1324/1552/1513 1344/1553/1514 1342/1554/1515 1328/1555/1516
f 1328/1555/1516 1342/1554/1515 1343/1556/1517 1322/1557/1518
f 1322/1558/1518 1343/1559/1517 1337/1560/1519 1325/1561/1520
f 1325/1561/1520 1337/1560/1519 1338/1562/1521 1323/1563/1522
f 1326/1564/1523 1341/1565/1524 1339/1566/1510 1317/1567/1509
f 1327/1551/1512 1340/1550/1511 1344/1568/1514 1324/1569/1513
f 1323/1570/1522 1338/1571/1521 1341/1565/1524 1326/1564/1523
f 1345/1572/1525 1348/1573/1526 1335/1574/1527 1346/1575/1528
f 1331/1576/1529 1338/1577/1521 1337/1578/1519 1333/1579/1530
f 1335/1580/1527 1340/1581/1511 1339/1582/1510 1329/1583/1531
f 1329/1583/1531 1339/1582/1510 1341/1584/1524 1334/1585/1532
f 1334/1585/1532 1341/1584/1524 1338/1577/1521 1331/1576/1529
f 1330/1586/1533 1343/1587/1517 1342/1588/1515 1336/1589/1534
f 1332/1590/1535 1344/1591/1514 1340/1581/1511 1335/1580/1527
f 1336/1589/1534 1342/1588/1515 1344/1591/1514 1332/1590/1535
f 1333/1579/1530 1337/1578/1519 1343/1587/1517 1330/1586/1533
f 1349/1592/1536 1352/1593/1537 1351/1594/1538 1334/1595/1532
f 1353/1596/1539 1336/1597/1534 1355/1598/1540 1354/1599/1541
f 1333/1600/1530 1360/1601/1542 1359/1602/1543 1358/1603/1544
f 1330/1604/1545 1350/1605/1546 1360/1606/1547
f 1329/1607/1531 1346/1575/1528 1335/1574/1527
f 1335/1608/1527 1348/1573/1526 1332/1609/1535
f 1354/1610/1548 1357/1611/1548 1350/1612/1549 1353/1613/1550
f 1331/1614/1529 1349/1592/1536 1334/1595/1532
f 1334/1615/1532 1351/1594/1538 1329/1607/1531
f 1345/1616/1551 1357/1611/1551 1356/1617/1552 1348/1618/1553
f 1346/1619/1554 1347/1620/1555 1357/1621/1556 1345/1622/1556
f 1332/1623/1557 1356/1624/1558 1355/1625/1559
f 1348/1618/1553 1356/1617/1552 1332/1626/1560
f 1332/1609/1535 1355/1598/1540 1336/1597/1534
f 1336/1627/1534 1353/1596/1539 1330/1628/1533
f 1333/1629/1530 1358/1603/1544 1331/1614/1529
f 1358/1630/1561 1361/1631/1562 1331/1632/1563
f 1351/1633/1564 1347/1634/1565 1329/1635/1566
f 1330/1628/1533 1360/1601/1542 1333/1600/1530
f 1349/1636/1567 1361/1637/1568 1357/1638/1569 1352/1639/1569
f 1355/1625/1559 1356/1640/1558 1357/1621/1570 1354/1641/1570
f 1352/1642/1571 1357/1643/1571 1347/1634/1565 1351/1633/1564
f 1359/1644/1572 1357/1643/1572 1361/1631/1562 1358/1630/1561
f 1331/1645/1573 1361/1646/1568 1349/1636/1567
f 1360/1606/1547 1350/1647/1546 1357/1638/1574 1359/1648/1574
f 1329/1649/1575 1347/1650/1555 1346/1619/1554
f 1353/1613/1550 1350/1612/1549 1330/1651/1576
f 1316/1533/1486 1313/1371/1354 1310/1526/1479
f 1306/1535/1488 1313/1371/1354 1316/1533/1486
f 1315/1531/1484 1311/1529/1482 1312/1520/1475
f 1299/1530/1483 1311/1529/1482 1315/1531/1484
f 1371/1652/1577 1381/1653/1578 1367/1654/1579 1370/1655/1580
f 1372/1656/1581 1380/1657/1582 1381/1653/1578 1371/1652/1577
f 1373/1658/1583 1382/1659/1584 1380/1657/1582 1372/1656/1581
f 1379/1365/1336 1383/1375/1358 1382/1659/1585 1373/1658/1586
f 1374/1366/1349 1379/1365/1336 1373/1658/1586 1362/1660/1587
f 1362/1660/1588 1373/1658/1583 1372/1656/1581 1365/1661/1589
f 1365/1661/1589 1372/1656/1581 1371/1652/1577 1364/1662/1590
f 1364/1662/1590 1371/1652/1577 1370/1655/1580 1363/1663/1591
f 1381/1664/1592 1384/1374/1357 1375/1665/1593 1367/1666/1594
f 1366/1667/1595 1381/1664/1592 1380/1668/1596 1369/1669/1597
f 1369/1669/1597 1380/1668/1596 1382/1670/1598 1368/1671/1599
f 1386/1672/1600 1383/1367/1350 1376/1673/1601
f 1387/1674/1602 1381/1664/1592 1366/1667/1595
f 1376/1673/1601 1383/1367/1350 1378/1370/1353 1385/1675/1603
f 1385/1675/1603 1378/1370/1353 1384/1374/1357 1377/1676/1604
f 1385/1675/1603 1391/1677/1605 1376/1673/1601
f 1368/1671/1599 1386/1672/1600 1392/1678/1606
f 1376/1673/1601 1391/1677/1605 1386/1672/1600
f 1386/1672/1607 1395/1679/1607 1399/1680/1608 1392/1678/1609
f 1369/1669/1597 1368/1671/1599 1392/1678/1606
f 1377/1676/1604 1390/1681/1610 1385/1675/1603
f 1389/1682/1611 1396/1683/1612 1394/1684/1613 1387/1674/1614
f 1366/1667/1595 1389/1682/1615 1387/1674/1602
f 1369/1669/1597 1389/1682/1615 1366/1667/1595
f 1387/1674/1602 1390/1681/1610 1377/1676/1604
f 1385/1675/1616 1388/1685/1617 1398/1686/1618 1391/1677/1619
f 1392/1678/1609 1399/1680/1608 1393/1687/1620 1369/1669/1621
f 1387/1674/1614 1394/1684/1613 1397/1688/1622 1390/1681/1623
f 1369/1669/1621 1393/1687/1620 1396/1683/1612 1389/1682/1611
f 1391/1677/1619 1398/1686/1618 1395/1679/1624 1386/1672/1624
f 1390/1681/1623 1397/1688/1622 1388/1685/1617 1385/1675/1616
f 1388/1689/1625 1410/1690/1626 1411/1691/1627 1398/1692/1628
f 1395/1693/1629 1415/1694/1630 1413/1695/1631 1399/1696/1632
f 1399/1696/1632 1413/1695/1631 1414/1697/1633 1393/1698/1634
f 1393/1699/1634 1414/1700/1633 1408/1701/1635 1396/1702/1636
f 1396/1702/1636 1408/1701/1635 1409/1703/1637 1394/1704/1638
f 1397/1705/1639 1412/1706/1640 1410/1707/1626 1388/1708/1625
f 1398/1692/1628 1411/1691/1627 1415/1709/1630 1395/1710/1629
f 1394/1711/1638 1409/1712/1637 1412/1706/1640 1397/1705/1639
f 1416/1713/1641 1419/1714/1642 1406/1715/1643 1417/1716/1644
f 1402/1717/1645 1409/1718/1637 1408/1719/1635 1404/1720/1646
f 1406/1721/1643 1411/1722/1627 1410/1723/1626 1400/1724/1647
f 1400/1724/1647 1410/1723/1626 1412/1725/1640 1405/1726/1648
f 1405/1726/1648 1412/1725/1640 1409/1718/1637 1402/1717/1645
f 1401/1727/1649 1414/1728/1633 1413/1729/1631 1407/1730/1650
f 1403/1731/1651 1415/1732/1630 1411/1722/1627 1406/1721/1643
f 1407/1730/1650 1413/1729/1631 1415/1732/1630 1403/1731/1651
f 1404/1720/1646 1408/1719/1635 1414/1728/1633 1401/1727/1649
f 1420/1733/1652 1423/1734/1653 1422/1735/1654 1405/1736/1648
f 1424/1737/1655 1407/1738/1650 1426/1739/1656 1425/1740/1657
f 1404/1741/1646 1431/1742/1658 1430/1743/1659 1429/1744/1660
f 1401/1745/1661 1421/1746/1662 1431/1747/1663
f 1400/1748/1647 1417/1716/1644 1406/1715/1643
f 1406/1749/1643 1419/1714/1642 1403/1750/1651
f 1425/1751/1664 1428/1752/1664 1421/1753/1665 1424/1754/1666
f 1402/1755/1645 1420/1733/1652 1405/1736/1648
f 1405/1756/1648 1422/1735/1654 1400/1748/1647
f 1416/1757/1667 1428/1752/1667 1427/1758/1668 1419/1759/1669
f 1417/1760/1670 1418/1761/1671 1428/1762/1672 1416/1763/1672
f 1403/1764/1673 1427/1765/1674 1426/1766/1675
f 1419/1759/1669 1427/1758/1668 1403/1767/1676
f 1403/1750/1651 1426/1739/1656 1407/1738/1650
f 1407/1768/1650 1424/1737/1655 1401/1769/1649
f 1404/1770/1646 1429/1744/1660 1402/1755/1645
f 1429/1771/1677 1432/1772/1678 1402/1773/1679
f 1422/1774/1680 1418/1775/1681 1400/1776/1682
f 1401/1769/1649 1431/1742/1658 1404/1741/1646
f 1420/1777/1683 1432/1778/1684 1428/1779/1685 1423/1780/1685
f 1426/1766/1675 1427/1781/1674 1428/1762/1686 1425/1782/1686
f 1423/1783/1687 1428/1784/1687 1418/1775/1681 1422/1774/1680
f 1430/1785/1688 1428/1784/1688 1432/1772/1678 1429/1771/1677
f 1402/1786/1689 1432/1787/1684 1420/1777/1683
f 1431/1747/1663 1421/1788/1662 1428/1779/1690 1430/1789/1690
f 1400/1790/1691 1418/1791/1671 1417/1760/1670
f 1424/1754/1666 1421/1753/1665 1401/1792/1692
f 1387/1674/1602 1384/1374/1357 1381/1664/1592
f 1377/1676/1604 1384/1374/1357 1387/1674/1602
f 1386/1672/1600 1382/1670/1598 1383/1367/1350
f 1368/1671/1599 1382/1670/1598 1386/1672/1600
f 1439/1793/1693 1370/1655/1580 1367/1654/1579 1448/1794/1694
f 1440/1795/1695 1439/1793/1693 1448/1794/1694 1447/1796/1696
f 1441/1797/1697 1440/1795/1695 1447/1796/1696 1449/1798/1698
f 1446/1516/1462 1441/1797/1699 1449/1798/1700 1450/1524/1477
f 1442/1515/1471 1433/1799/1701 1441/1797/1699 1446/1516/1462
f 1433/1799/1702 1435/1800/1703 1440/1795/1695 1441/1797/1697
f 1435/1800/1703 1434/1801/1704 1439/1793/1693 1440/1795/1695
f 1434/1801/1704 1363/1663/1591 1370/1655/1580 1439/1793/1693
f 1451/1802/1705 1444/1803/1706 1503/1804/1355 1445/1518/1473
f 1436/1805/1707 1438/1806/1708 1447/1807/1709 1448/1808/1710
f 1438/1806/1708 1437/1809/1711 1449/1810/1712 1447/1807/1709
f 1452/1811/1713 1443/1812/1714 1450/1517/1472
f 1453/1813/1715 1436/1805/1707 1448/1808/1710
f 1443/1812/1714 1451/1802/1705 1445/1518/1473 1450/1517/1472
f 1307/1519/1474 1445/1518/1473 1503/1372/1355 1313/1371/1354
f 1451/1802/1705 1443/1812/1714 1457/1814/1716
f 1437/1809/1711 1458/1815/1717 1452/1811/1713
f 1443/1812/1714 1452/1811/1713 1457/1814/1716
f 1452/1811/1718 1458/1815/1719 1465/1816/1720 1461/1817/1718
f 1438/1806/1708 1458/1815/1717 1437/1809/1711
f 1444/1803/1706 1451/1802/1705 1456/1818/1721
f 1455/1819/1722 1453/1813/1723 1460/1820/1724 1462/1821/1725
f 1436/1805/1707 1453/1813/1715 1455/1819/1726
f 1438/1806/1708 1436/1805/1707 1455/1819/1726
f 1453/1813/1715 1444/1803/1706 1456/1818/1721
f 1451/1802/1727 1457/1814/1728 1464/1822/1729 1454/1823/1730
f 1458/1815/1719 1438/1806/1731 1459/1824/1732 1465/1816/1720
f 1453/1813/1723 1456/1818/1733 1463/1825/1734 1460/1820/1724
f 1438/1806/1731 1455/1819/1722 1462/1821/1725 1459/1824/1732
f 1457/1814/1728 1452/1811/1735 1461/1817/1735 1464/1822/1729
f 1456/1818/1733 1451/1802/1727 1454/1823/1730 1463/1825/1734
f 1454/1826/1736 1464/1827/1737 1477/1828/1738 1476/1829/1739
f 1461/1830/1740 1465/1831/1741 1479/1832/1742 1481/1833/1743
f 1465/1831/1741 1459/1834/1744 1480/1835/1745 1479/1832/1742
f 1459/1836/1744 1462/1837/1746 1474/1838/1747 1480/1839/1745
f 1462/1837/1746 1460/1840/1748 1475/1841/1749 1474/1838/1747
f 1463/1842/1750 1454/1843/1736 1476/1844/1739 1478/1845/1751
f 1464/1827/1737 1461/1846/1740 1481/1847/1743 1477/1828/1738
f 1460/1848/1748 1463/1842/1750 1478/1845/1751 1475/1849/1749
f 1482/1850/1752 1483/1851/1753 1472/1852/1754 1485/1853/1755
f 1468/1854/1756 1470/1855/1757 1474/1856/1747 1475/1857/1749
f 1472/1858/1754 1466/1859/1758 1476/1860/1739 1477/1861/1738
f 1466/1859/1758 1471/1862/1759 1478/1863/1751 1476/1860/1739
f 1471/1862/1759 1468/1854/1756 1475/1857/1749 1478/1863/1751
f 1467/1864/1760 1473/1865/1761 1479/1866/1742 1480/1867/1745
f 1469/1868/1762 1472/1858/1754 1477/1861/1738 1481/1869/1743
f 1473/1865/1761 1469/1868/1762 1481/1869/1743 1479/1866/1742
f 1470/1855/1757 1467/1864/1760 1480/1867/1745 1474/1856/1747
f 1486/1870/1763 1471/1871/1759 1488/1872/1764 1489/1873/1765
f 1490/1874/1766 1491/1875/1767 1492/1876/1768 1473/1877/1761
f 1470/1878/1757 1495/1879/1769 1496/1880/1770 1497/1881/1771
f 1467/1882/1772 1497/1883/1773 1487/1884/1774
f 1466/1885/1758 1472/1852/1754 1483/1851/1753
f 1472/1886/1754 1469/1887/1762 1485/1853/1755
f 1491/1888/1775 1490/1889/1776 1487/1890/1777 1494/1891/1775
f 1468/1892/1756 1471/1871/1759 1486/1870/1763
f 1471/1893/1759 1466/1885/1758 1488/1872/1764
f 1482/1894/1778 1485/1895/1779 1493/1896/1780 1494/1891/1778
f 1483/1897/1781 1482/1898/1782 1494/1899/1782 1484/1900/1783
f 1469/1901/1784 1492/1902/1785 1493/1903/1786
f 1485/1895/1779 1469/1904/1787 1493/1896/1780
f 1469/1887/1762 1473/1877/1761 1492/1876/1768
f 1473/1905/1761 1467/1906/1760 1490/1874/1766
f 1470/1907/1757 1468/1892/1756 1495/1879/1769
f 1495/1908/1788 1468/1909/1789 1498/1910/1790
f 1488/1911/1791 1466/1912/1792 1484/1913/1793
f 1467/1906/1760 1470/1878/1757 1497/1881/1771
f 1486/1914/1794 1489/1915/1795 1494/1916/1795 1498/1917/1796
f 1492/1902/1785 1491/1918/1797 1494/1899/1797 1493/1919/1786
f 1489/1920/1798 1488/1911/1791 1484/1913/1793 1494/1921/1798
f 1496/1922/1799 1495/1908/1788 1498/1910/1790 1494/1921/1799
f 1468/1923/1800 1486/1914/1794 1498/1924/1796
f 1497/1883/1773 1496/1925/1801 1494/1916/1801 1487/1926/1774
f 1466/1927/1802 1483/1897/1781 1484/1928/1783
f 1490/1889/1776 1467/1929/1803 1487/1890/1777
f 1444/1803/1706 1453/1813/1715 1503/1930/1355
f 1448/1808/1710 1367/1666/1594 1375/1665/1593 1503/1931/1355
f 1452/1811/1713 1450/1517/1472 1449/1810/1712
f 1437/1809/1711 1452/1811/1713 1449/1810/1712
f 1503/1932/1355 1375/1665/1593 1500/1933/1804
f 1384/1374/1357 1502/1502/1348 1500/1933/1804 1375/1665/1593
f 1247/1383/1366 1240/1388/1372 1384/1374/1357 1241/1369/1352
f 1453/1813/1715 1448/1808/1710 1503/1934/1355
f 1500/1935/1805 1502/1936/1805 1501/1937/1805
f 1501/1938/1806 1502/1939/1806 1499/1940/1806
f 1503/1941/1807 1500/1935/1807 1501/1937/1807
f 1503/1942/1808 1501/1938/1808 1499/1943/1808
f 1310/1526/1479 1313/1371/1354 1499/1522/1356 1231/1521/1476
f 1578/1944/1809 1587/1945/1810 1796/1946/1811 1801/1947/1812
f 1511/1948/1813 1510/1949/1814 1520/1950/1815 1519/1951/1816
f 1512/1952/1817 1511/1948/1813 1519/1951/1816 1521/1953/1818
f 1518/1954/1819 1512/1952/1820 1521/1953/1821 1522/1955/1822
f 1513/1956/1823 1504/1957/1824 1512/1952/1820 1518/1954/1819
f 1504/1957/1825 1506/1958/1826 1511/1948/1813 1512/1952/1817
f 1506/1958/1826 1505/1959/1827 1510/1949/1814 1511/1948/1813
f 1573/1960/1828 1578/1944/1809 1801/1947/1812 1791/1961/1829
f 1781/1962/1830 1777/1963/1830 1782/1964/1830
f 1518/1954/1819 1811/1965/1831 1804/1966/1832 1513/1956/1823
f 1779/1967/1833 1514/1968/1834 1797/1969/1835 1796/1970/1836
f 1652/1971/1837 1787/1972/1838 1661/1973/1839
f 1522/1955/1822 1808/1974/1840 1811/1965/1831 1518/1954/1819
f 1507/1975/1841 1509/1976/1842 1519/1977/1843 1520/1978/1844
f 1509/1976/1842 1508/1979/1845 1521/1980/1846 1519/1977/1843
f 1525/1981/1847 1515/1982/1848 1522/1983/1849
f 1526/1984/1850 1507/1975/1841 1520/1978/1844
f 1515/1982/1848 1524/1985/1851 1517/1986/1852 1522/1983/1849
f 1524/1985/1851 1516/1987/1853 1523/1988/1854 1517/1986/1852
f 1524/1985/1851 1515/1982/1848 1530/1989/1855
f 1508/1979/1845 1531/1990/1856 1525/1981/1847
f 1515/1982/1848 1525/1981/1847 1530/1989/1855
f 1525/1981/1857 1531/1990/1858 1538/1991/1859 1534/1992/1857
f 1509/1976/1842 1531/1990/1856 1508/1979/1845
f 1516/1987/1853 1524/1985/1851 1529/1993/1860
f 1528/1994/1861 1526/1984/1862 1533/1995/1863 1535/1996/1864
f 1507/1975/1841 1526/1984/1850 1528/1994/1865
f 1509/1976/1842 1507/1975/1841 1528/1994/1865
f 1526/1984/1850 1516/1987/1853 1529/1993/1860
f 1524/1985/1866 1530/1989/1867 1537/1997/1868 1527/1998/1869
f 1531/1990/1858 1509/1976/1870 1532/1999/1871 1538/1991/1859
f 1526/1984/1862 1529/1993/1872 1536/2000/1873 1533/1995/1863
f 1509/1976/1870 1528/1994/1861 1535/1996/1864 1532/1999/1871
f 1530/1989/1867 1525/1981/1874 1534/1992/1874 1537/1997/1868
f 1529/1993/1872 1524/1985/1866 1527/1998/1869 1536/2000/1873
f 1527/2001/1875 1537/2002/1876 1550/2003/1877 1549/2004/1878
f 1534/2005/1879 1538/2006/1880 1552/2007/1881 1554/2008/1882
f 1538/2006/1880 1532/2009/1883 1553/2010/1884 1552/2007/1881
f 1532/2011/1883 1535/2012/1885 1547/2013/1886 1553/2014/1884
f 1535/2012/1885 1533/2015/1887 1548/2016/1888 1547/2013/1886
f 1536/2017/1889 1527/2018/1875 1549/2019/1878 1551/2020/1890
f 1537/2002/1876 1534/2021/1879 1554/2022/1882 1550/2003/1877
f 1533/2023/1887 1536/2017/1889 1551/2020/1890 1548/2024/1888
f 1555/2025/1891 1556/2026/1892 1545/2027/1893 1558/2028/1894
f 1541/2029/1895 1543/2030/1896 1547/2031/1886 1548/2032/1888
f 1545/2033/1893 1539/2034/1897 1549/2035/1878 1550/2036/1877
f 1539/2034/1897 1544/2037/1898 1551/2038/1890 1549/2035/1878
f 1544/2037/1898 1541/2029/1895 1548/2032/1888 1551/2038/1890
f 1540/2039/1899 1546/2040/1900 1552/2041/1881 1553/2042/1884
f 1542/2043/1901 1545/2033/1893 1550/2036/1877 1554/2044/1882
f 1546/2040/1900 1542/2043/1901 1554/2044/1882 1552/2041/1881
f 1543/2030/1896 1540/2039/1899 1553/2042/1884 1547/2031/1886
f 1559/2045/1902 1544/2046/1898 1561/2047/1903 1562/2048/1904
f 1563/2049/1905 1564/2050/1906 1565/2051/1907 1546/2052/1900
f 1543/2053/1896 1568/2054/1908 1569/2055/1909 1570/2056/1910
f 1540/2057/1911 1570/2058/1912 1560/2059/1913
f 1539/2060/1897 1545/2027/1893 1556/2026/1892
f 1545/2061/1893 1542/2062/1901 1558/2028/1894
f 1564/2063/1914 1563/2064/1915 1560/2065/1916 1567/2066/1914
f 1541/2067/1895 1544/2046/1898 1559/2045/1902
f 1544/2068/1898 1539/2060/1897 1561/2047/1903
f 1555/2069/1917 1558/2070/1918 1566/2071/1919 1567/2066/1917
f 1556/2072/1920 1555/2073/1921 1567/2074/1921 1557/2075/1922
f 1542/2076/1923 1565/2077/1924 1566/2078/1925
f 1558/2070/1918 1542/2079/1926 1566/2071/1919
f 1542/2062/1901 1546/2052/1900 1565/2051/1907
f 1546/2080/1900 1540/2081/1899 1563/2049/1905
f 1543/2082/1896 1541/2067/1895 1568/2054/1908
f 1568/2083/1927 1541/2084/1928 1571/2085/1929
f 1561/2086/1930 1539/2087/1931 1557/2088/1932
f 1540/2081/1899 1543/2053/1896 1570/2056/1910
f 1559/2089/1933 1562/2090/1934 1567/2091/1934 1571/2092/1935
f 1565/2077/1924 1564/2093/1936 1567/2074/1936 1566/2094/1925
f 1562/2095/1937 1561/2086/1930 1557/2088/1932 1567/2096/1937
f 1569/2097/1938 1568/2083/1927 1571/2085/1929 1567/2096/1938
f 1541/2098/1939 1559/2089/1933 1571/2099/1935
f 1570/2058/1912 1569/2100/1940 1567/2091/1940 1560/2101/1913
f 1539/2102/1941 1556/2072/1920 1557/2103/1922
f 1563/2064/1915 1540/2104/1942 1560/2065/1916
f 1526/1984/1850 1520/1978/1844 1523/1988/1854
f 1516/1987/1853 1526/1984/1850 1523/1988/1854
f 1525/1981/1847 1522/1983/1849 1521/1980/1846
f 1508/1979/1845 1525/1981/1847 1521/1980/1846
f 1579/2105/1943 1586/2106/1944 1587/1945/1810 1578/1944/1809
f 1580/2107/1945 1588/2108/1946 1586/2106/1944 1579/2105/1943
f 1585/2109/1947 1589/2110/1948 1588/2108/1949 1580/2107/1950
f 1581/2111/1951 1585/2109/1947 1580/2107/1950 1572/2112/1952
f 1572/2112/1953 1580/2107/1945 1579/2105/1943 1574/2113/1954
f 1574/2113/1954 1579/2105/1943 1578/1944/1809 1573/1960/1828
f 1795/2114/1955 1797/1969/1835 1514/1968/1834 1523/1988/1854
f 1775/2115/1956 1716/2116/1957 1720/2117/1947 1778/2118/1958
f 1776/2119/1959 1777/2120/1960 1584/2121/1961 1589/2122/1962
f 1510/1949/1814 1800/2123/1963 1795/2124/1964 1520/1950/1815
f 1779/1967/1833 1785/2125/1965 1780/2126/1966 1514/1968/1834
f 1778/2118/1958 1720/2117/1947 1724/2127/1967 1776/2128/1968
f 1575/2129/1969 1587/2130/1970 1586/2131/1971 1577/2132/1972
f 1577/2132/1972 1586/2131/1971 1588/2133/1973 1576/2134/1974
f 1591/2135/1975 1589/2122/1962 1582/2136/1976
f 1592/2137/1977 1587/2130/1970 1575/2129/1969
f 1582/2136/1976 1589/2122/1962 1584/2121/1961 1590/2138/1978
f 1590/2138/1978 1584/2121/1961 1779/1967/1833 1583/2139/1979
f 1590/2138/1978 1596/2140/1980 1582/2136/1976
f 1576/2134/1974 1591/2135/1975 1597/2141/1981
f 1582/2136/1976 1596/2140/1980 1591/2135/1975
f 1591/2135/1982 1600/2142/1982 1604/2143/1983 1597/2141/1984
f 1577/2132/1972 1576/2134/1974 1597/2141/1981
f 1583/2139/1979 1595/2144/1985 1590/2138/1978
f 1594/2145/1986 1601/2146/1987 1599/2147/1988 1592/2137/1989
f 1575/2129/1969 1594/2145/1990 1592/2137/1977
f 1577/2132/1972 1594/2145/1990 1575/2129/1969
f 1592/2137/1977 1595/2144/1985 1583/2139/1979
f 1590/2138/1991 1593/2148/1992 1603/2149/1993 1596/2140/1994
f 1597/2141/1984 1604/2143/1983 1598/2150/1995 1577/2132/1996
f 1592/2137/1989 1599/2147/1988 1602/2151/1997 1595/2144/1998
f 1577/2132/1996 1598/2150/1995 1601/2146/1987 1594/2145/1986
f 1596/2140/1994 1603/2149/1993 1600/2142/1999 1591/2135/1999
f 1595/2144/1998 1602/2151/1997 1593/2148/1992 1590/2138/1991
f 1593/2152/2000 1615/2153/2001 1616/2154/2002 1603/2155/2003
f 1600/2156/2004 1620/2157/2005 1618/2158/2006 1604/2159/2007
f 1604/2159/2007 1618/2158/2006 1619/2160/2008 1598/2161/2009
f 1598/2162/2009 1619/2163/2008 1613/2164/2010 1601/2165/2011
f 1601/2165/2011 1613/2164/2010 1614/2166/2012 1599/2167/2013
f 1602/2168/2014 1617/2169/2015 1615/2170/2001 1593/2171/2000
f 1603/2155/2003 1616/2154/2002 1620/2172/2005 1600/2173/2004
f 1599/2174/2013 1614/2175/2012 1617/2169/2015 1602/2168/2014
f 1621/2176/2016 1624/2177/2017 1611/2178/2018 1622/2179/2019
f 1607/2180/2020 1614/2181/2012 1613/2182/2010 1609/2183/2021
f 1611/2184/2018 1616/2185/2002 1615/2186/2001 1605/2187/2022
f 1605/2187/2022 1615/2186/2001 1617/2188/2015 1610/2189/2023
f 1610/2189/2023 1617/2188/2015 1614/2181/2012 1607/2180/2020
f 1606/2190/2024 1619/2191/2008 1618/2192/2006 1612/2193/2025
f 1608/2194/2026 1620/2195/2005 1616/2185/2002 1611/2184/2018
f 1612/2193/2025 1618/2192/2006 1620/2195/2005 1608/2194/2026
f 1609/2183/2021 1613/2182/2010 1619/2191/2008 1606/2190/2024
f 1625/2196/2027 1628/2197/2028 1627/2198/2029 1610/2199/2023
f 1629/2200/2030 1612/2201/2025 1631/2202/2031 1630/2203/2032
f 1609/2204/2021 1636/2205/2033 1635/2206/2034 1634/2207/2035
f 1606/2208/2036 1626/2209/2037 1636/2210/2038
f 1605/2211/2022 1622/2179/2019 1611/2178/2018
f 1611/2212/2018 1624/2177/2017 1608/2213/2026
f 1630/2214/2039 1633/2215/2039 1626/2216/2040 1629/2217/2041
f 1607/2218/2020 1625/2196/2027 1610/2199/2023
f 1610/2219/2023 1627/2198/2029 1605/2211/2022
f 1621/2220/2042 1633/2215/2042 1632/2221/2043 1624/2222/2044
f 1622/2223/2045 1623/2224/2046 1633/2225/2047 1621/2226/2047
f 1608/2227/2048 1632/2228/2049 1631/2229/2050
f 1624/2222/2044 1632/2221/2043 1608/2230/2051
f 1608/2213/2026 1631/2202/2031 1612/2201/2025
f 1612/2231/2025 1629/2200/2030 1606/2232/2024
f 1609/2233/2021 1634/2207/2035 1607/2218/2020
f 1634/2234/2052 1637/2235/2053 1607/2236/2054
f 1627/2237/2055 1623/2238/2056 1605/2239/2057
f 1606/2232/2024 1636/2205/2033 1609/2204/2021
f 1625/2240/2058 1637/2241/2059 1633/2242/2060 1628/2243/2060
f 1631/2229/2050 1632/2244/2049 1633/2225/2061 1630/2245/2061
f 1628/2246/2062 1633/2247/2062 1623/2238/2056 1627/2237/2055
f 1635/2248/2063 1633/2247/2063 1637/2235/2053 1634/2234/2052
f 1607/2249/2064 1637/2250/2059 1625/2240/2058
f 1636/2210/2038 1626/2251/2037 1633/2242/2065 1635/2252/2065
f 1605/2253/2066 1623/2254/2046 1622/2223/2045
f 1629/2217/2041 1626/2216/2040 1606/2255/2067
f 1592/2137/1977 1779/1967/1833 1587/2130/1970
f 1583/2139/1979 1779/1967/1833 1592/2137/1977
f 1591/2135/1975 1588/2133/1973 1589/2122/1962
f 1576/2134/1974 1588/2133/1973 1591/2135/1975
f 1647/2256/2068 1656/2257/2069 1643/2258/2070 1646/2259/2071
f 1648/2260/2072 1655/2261/2073 1656/2257/2069 1647/2256/2068
f 1649/2262/2074 1657/2263/2075 1655/2261/2073 1648/2260/2072
f 1654/2264/1819 1658/2265/2076 1657/2263/2077 1649/2262/2078
f 1650/2266/2079 1654/2264/1819 1649/2262/2078 1638/2267/2080
f 1638/2267/2081 1649/2262/2074 1648/2260/2072 1641/2268/2082
f 1641/2268/2082 1648/2260/2072 1647/2256/2068 1640/2269/2083
f 1640/2269/2083 1647/2256/2068 1646/2259/2071 1639/2270/2084
f 1788/2271/2085 1774/2272/2086 1780/2126/1966 1786/2273/2087
f 1642/2274/2088 1656/2275/2089 1655/2276/2090 1645/2277/2091
f 1645/2277/2091 1655/2276/2090 1657/2278/2092 1644/2279/2093
f 1660/2280/2094 1658/2281/2095 1651/2282/2096
f 1661/1973/1839 1656/2275/2089 1642/2274/2088
f 1651/2282/2096 1658/2281/2095 1653/2283/2097 1659/2284/2098
f 1774/2272/2086 1788/2271/2085 1790/2285/2099
f 1659/2284/2098 1665/2286/2100 1651/2282/2096
f 1644/2279/2093 1660/2280/2094 1666/2287/2101
f 1651/2282/2096 1665/2286/2100 1660/2280/2094
f 1660/2280/2102 1669/2288/2102 1673/2289/2103 1666/2287/2104
f 1645/2277/2091 1644/2279/2093 1666/2287/2101
f 1652/1971/1837 1664/2290/2105 1659/2284/2098
f 1663/2291/2106 1670/2292/2107 1668/2293/2108 1661/1973/2109
f 1642/2274/2088 1663/2291/2110 1661/1973/1839
f 1645/2277/2091 1663/2291/2110 1642/2274/2088
f 1661/1973/1839 1664/2290/2105 1652/1971/1837
f 1659/2284/2111 1662/2294/2112 1672/2295/2113 1665/2286/2114
f 1666/2287/2104 1673/2289/2103 1667/2296/2115 1645/2277/2116
f 1661/1973/2109 1668/2293/2108 1671/2297/2117 1664/2290/2118
f 1645/2277/2116 1667/2296/2115 1670/2292/2107 1663/2291/2106
f 1665/2286/2114 1672/2295/2113 1669/2288/2119 1660/2280/2119
f 1664/2290/2118 1671/2297/2117 1662/2294/2112 1659/2284/2111
f 1662/2298/2120 1684/2299/2121 1685/2300/2122 1672/2301/2123
f 1669/2302/2124 1689/2303/2125 1687/2304/2126 1673/2305/2127
f 1673/2305/2127 1687/2304/2126 1688/2306/2128 1667/2307/2129
f 1667/2308/2129 1688/2309/2128 1682/2310/2130 1670/2311/2131
f 1670/2311/2131 1682/2310/2130 1683/2312/2132 1668/2313/2133
f 1671/2314/2134 1686/2315/2135 1684/2316/2121 1662/2317/2120
f 1672/2301/2123 1685/2300/2122 1689/2318/2125 1669/2319/2124
f 1668/2320/2133 1683/2321/2132 1686/2315/2135 1671/2314/2134
f 1690/2322/2136 1693/2323/2137 1680/2324/2138 1691/2325/2139
f 1676/2326/2140 1683/2327/2132 1682/2328/2130 1678/2329/2141
f 1680/2330/2138 1685/2331/2122 1684/2332/2121 1674/2333/2142
f 1674/2333/2142 1684/2332/2121 1686/2334/2135 1679/2335/2143
f 1679/2335/2143 1686/2334/2135 1683/2327/2132 1676/2326/2140
f 1675/2336/2144 1688/2337/2128 1687/2338/2126 1681/2339/2145
f 1677/2340/2146 1689/2341/2125 1685/2331/2122 1680/2330/2138
f 1681/2339/2145 1687/2338/2126 1689/2341/2125 1677/2340/2146
f 1678/2329/2141 1682/2328/2130 1688/2337/2128 1675/2336/2144
f 1694/2342/2147 1697/2343/2148 1696/2344/2149 1679/2345/2143
f 1698/2346/2150 1681/2347/2145 1700/2348/2151 1699/2349/2152
f 1678/2350/2141 1705/2351/2153 1704/2352/2154 1703/2353/2155
f 1675/2354/2156 1695/2355/2157 1705/2356/2158
f 1674/2357/2142 1691/2325/2139 1680/2324/2138
f 1680/2358/2138 1693/2323/2137 1677/2359/2146
f 1699/2360/2159 1702/2361/2159 1695/2362/2160 1698/2363/2161
f 1676/2364/2140 1694/2342/2147 1679/2345/2143
f 1679/2365/2143 1696/2344/2149 1674/2357/2142
f 1690/2366/2162 1702/2361/2162 1701/2367/2163 1693/2368/2164
f 1691/2369/2165 1692/2370/2166 1702/2371/2167 1690/2372/2167
f 1677/2373/2168 1701/2374/2169 1700/2375/2170
f 1693/2368/2164 1701/2367/2163 1677/2376/2171
f 1677/2359/2146 1700/2348/2151 1681/2347/2145
f 1681/2377/2145 1698/2346/2150 1675/2378/2144
f 1678/2379/2141 1703/2353/2155 1676/2364/2140
f 1703/2380/2172 1706/2381/2173 1676/2382/2174
f 1696/2383/2175 1692/2384/2176 1674/2385/2177
f 1675/2378/2144 1705/2351/2153 1678/2350/2141
f 1694/2386/2178 1706/2387/2179 1702/2388/2180 1697/2389/2180
f 1700/2375/2170 1701/2390/2169 1702/2371/2181 1699/2391/2181
f 1697/2392/2182 1702/2393/2182 1692/2384/2176 1696/2383/2175
f 1704/2394/2183 1702/2393/2183 1706/2381/2173 1703/2380/2172
f 1676/2395/2184 1706/2396/2179 1694/2386/2178
f 1705/2356/2158 1695/2397/2157 1702/2388/2185 1704/2398/2185
f 1674/2399/2186 1692/2400/2166 1691/2369/2165
f 1698/2363/2161 1695/2362/2160 1675/2401/2187
f 1787/2402/1838 1653/2283/2097 1790/2403/2099
f 1659/2284/2098 1653/2283/2097 1787/2404/1838 1652/1971/1837
f 1660/2280/2094 1657/2278/2092 1658/2281/2095
f 1644/2279/2093 1657/2278/2092 1660/2280/2094
f 1713/2405/2188 1646/2259/2071 1643/2258/2070 1722/2406/2189
f 1714/2407/2190 1713/2405/2188 1722/2406/2189 1721/2408/2191
f 1715/2409/2192 1714/2407/2190 1721/2408/2191 1723/2410/2193
f 1720/2117/1947 1715/2409/2194 1723/2410/2195 1724/2127/1967
f 1716/2116/1957 1707/2411/2196 1715/2409/2194 1720/2117/1947
f 1707/2411/2197 1709/2412/2198 1714/2407/2190 1715/2409/2192
f 1709/2412/2198 1708/2413/2199 1713/2405/2188 1714/2407/2190
f 1708/2413/2199 1639/2270/2084 1646/2259/2071 1713/2405/2188
f 1725/2414/2200 1786/2273/2087 1780/2126/1966 1784/2415/1965
f 1710/2416/2201 1712/2417/2202 1721/2418/2203 1722/2419/2204
f 1712/2417/2202 1711/2420/2205 1723/2421/2206 1721/2418/2203
f 1727/2422/2207 1717/2423/2208 1724/2424/2209
f 1728/2425/2210 1710/2416/2201 1722/2419/2204
f 1717/2423/2208 1726/2426/2211 1719/2427/2212 1724/2424/2209
f 1726/2426/2211 1718/2428/2213 1725/2414/2200 1719/2427/2212
f 1726/2426/2211 1717/2423/2208 1732/2429/2214
f 1711/2420/2205 1733/2430/2215 1727/2422/2207
f 1717/2423/2208 1727/2422/2207 1732/2429/2214
f 1727/2422/2216 1733/2430/2217 1740/2431/2218 1736/2432/2216
f 1712/2417/2202 1733/2430/2215 1711/2420/2205
f 1718/2428/2213 1726/2426/2211 1731/2433/2219
f 1730/2434/2220 1728/2425/2221 1735/2435/2222 1737/2436/2223
f 1710/2416/2201 1728/2425/2210 1730/2434/2224
f 1712/2417/2202 1710/2416/2201 1730/2434/2224
f 1728/2425/2210 1718/2428/2213 1731/2433/2219
f 1726/2426/2225 1732/2429/2226 1739/2437/2227 1729/2438/2228
f 1733/2430/2217 1712/2417/2229 1734/2439/2230 1740/2431/2218
f 1728/2425/2221 1731/2433/2231 1738/2440/2232 1735/2435/2222
f 1712/2417/2229 1730/2434/2220 1737/2436/2223 1734/2439/2230
f 1732/2429/2226 1727/2422/2233 1736/2432/2233 1739/2437/2227
f 1731/2433/2231 1726/2426/2225 1729/2438/2228 1738/2440/2232
f 1729/2441/2234 1739/2442/2235 1752/2443/2236 1751/2444/2237
f 1736/2445/2238 1740/2446/2239 1754/2447/2240 1756/2448/2241
f 1740/2446/2239 1734/2449/2242 1755/2450/2243 1754/2447/2240
f 1734/2451/2242 1737/2452/2244 1749/2453/2245 1755/2454/2243
f 1737/2452/2244 1735/2455/2246 1750/2456/2247 1749/2453/2245
f 1738/2457/2248 1729/2458/2234 1751/2459/2237 1753/2460/2249
f 1739/2442/2235 1736/2461/2238 1756/2462/2241 1752/2443/2236
f 1735/2463/2246 1738/2457/2248 1753/2460/2249 1750/2464/2247
f 1757/2465/2250 1758/2466/2251 1747/2467/2252 1760/2468/2253
f 1743/2469/2254 1745/2470/2255 1749/2471/2245 1750/2472/2247
f 1747/2473/2252 1741/2474/2256 1751/2475/2237 1752/2476/2236
f 1741/2474/2256 1746/2477/2257 1753/2478/2249 1751/2475/2237
f 1746/2477/2257 1743/2469/2254 1750/2472/2247 1753/2478/2249
f 1742/2479/2258 1748/2480/2259 1754/2481/2240 1755/2482/2243
f 1744/2483/2260 1747/2473/2252 1752/2476/2236 1756/2484/2241
f 1748/2480/2259 1744/2483/2260 1756/2484/2241 1754/2481/2240
f 1745/2470/2255 1742/2479/2258 1755/2482/2243 1749/2471/2245
f 1761/2485/2261 1746/2486/2257 1763/2487/2262 1764/2488/2263
f 1765/2489/2264 1766/2490/2265 1767/2491/2266 1748/2492/2259
f 1745/2493/2255 1770/2494/2267 1771/2495/2268 1772/2496/2269
f 1742/2497/2270 1772/2498/2271 1762/2499/2272
f 1741/2500/2256 1747/2467/2252 1758/2466/2251
f 1747/2501/2252 1744/2502/2260 1760/2468/2253
f 1766/2503/2273 1765/2504/2274 1762/2505/2275 1769/2506/2273
f 1743/2507/2254 1746/2486/2257 1761/2485/2261
f 1746/2508/2257 1741/2500/2256 1763/2487/2262
f 1757/2509/2276 1760/2510/2277 1768/2511/2278 1769/2506/2276
f 1758/2512/2279 1757/2513/2280 1769/2514/2280 1759/2515/2281
f 1744/2516/2282 1767/2517/2283 1768/2518/2284
f 1760/2510/2277 1744/2519/2285 1768/2511/2278
f 1744/2502/2260 1748/2492/2259 1767/2491/2266
f 1748/2520/2259 1742/2521/2258 1765/2489/2264
f 1745/2522/2255 1743/2507/2254 1770/2494/2267
f 1770/2523/2286 1743/2524/2287 1773/2525/2288
f 1763/2526/2289 1741/2527/2290 1759/2528/2291
f 1742/2521/2258 1745/2493/2255 1772/2496/2269
f 1761/2529/2292 1764/2530/2293 1769/2531/2293 1773/2532/2294
f 1767/2517/2283 1766/2533/2295 1769/2514/2295 1768/2534/2284
f 1764/2535/2296 1763/2526/2289 1759/2528/2291 1769/2536/2296
f 1771/2537/2297 1770/2523/2286 1773/2525/2288 1769/2536/2297
f 1743/2538/2298 1761/2529/2292 1773/2539/2294
f 1772/2498/2271 1771/2540/2299 1769/2531/2299 1762/2541/2272
f 1741/2542/2300 1758/2512/2279 1759/2543/2281
f 1765/2504/2274 1742/2544/2301 1762/2505/2275
f 1728/2425/2210 1722/2419/2204 1725/2414/2200
f 1718/2428/2213 1728/2425/2210 1725/2414/2200
f 1727/2422/2207 1724/2424/2209 1723/2421/2206
f 1711/2420/2205 1727/2422/2207 1723/2421/2206
f 1774/2272/2086 1523/1988/1854 1514/1968/1834 1780/2126/1966
f 1661/1973/1839 1787/2545/1838 1656/2275/2089
f 1585/2109/1947 1778/2118/1958 1776/2128/1968 1589/2110/1948
f 1656/2275/2089 1787/2546/1838 1786/2547/2087 1643/2548/2302
f 1724/2424/2209 1719/2427/2212 1777/2120/1960 1776/2119/1959
f 1581/2111/1951 1775/2115/1956 1778/2118/1958 1585/2109/1947
f 1807/2549/2303 1658/2265/2076 1654/2264/1819 1810/2550/2304
f 1807/2551/2305 1809/2552/2306 1790/2403/2099
f 1808/2553/2307 1522/1983/1849 1517/1986/1852
f 1777/2120/1960 1719/2427/2212 1725/2554/2200 1783/2555/2308
f 1779/2556/2309 1781/2557/2309 1782/2558/2309
f 1777/2559/2310 1783/2560/2310 1782/2558/2310
f 1725/2561/2311 1784/2562/2311 1782/2558/2311
f 1780/2563/2312 1785/2564/2312 1782/1964/2312
f 1584/2121/1961 1777/2120/1960 1781/2565/2308 1779/1967/1833
f 1784/2562/2313 1780/2566/2313 1782/2558/2313
f 1783/2567/2314 1725/2568/2314 1782/2569/2314
f 1785/2570/2315 1779/2571/2315 1782/2569/2315
f 1523/1988/1854 1774/2272/2086 1790/2572/2099 1517/1986/1852
f 1786/2573/2316 1787/2574/2316 1789/2575/2316
f 1786/2576/2317 1789/2577/2317 1788/2578/2317
f 1787/2579/2318 1790/2580/2318 1789/2575/2318
f 1789/2577/2319 1790/2581/2319 1788/2578/2319
f 1722/2419/2204 1643/2548/2302 1786/2582/2087 1725/2414/2200
f 1795/2583/1955 1798/2584/2320 1797/2585/1835
f 1798/2584/2320 1799/2586/2321 1797/2585/1835
f 1799/2586/2321 1796/1946/1836 1797/2585/1835
f 1801/1947/2322 1796/1946/2323 1799/2587/2323 1803/2588/2324
f 1803/2588/2325 1799/2587/2326 1798/2589/2326 1802/2590/2327
f 1802/2590/2328 1798/2589/2329 1795/2124/2329 1800/2123/2330
f 1791/1961/2331 1801/1947/2322 1803/2588/2324 1793/2591/2331
f 1793/2591/2332 1803/2588/2325 1802/2590/2327 1794/2592/2332
f 1794/2592/2333 1802/2590/2328 1800/2123/2330 1792/2593/2333
f 1505/1959/1827 1792/2593/2334 1800/2123/1963 1510/1949/1814
f 1807/2549/2303 1810/2550/2304 1812/2594/2335
f 1812/2594/2336 1811/1965/1831 1808/1974/1840
f 1810/2550/2304 1805/2595/2337 1806/2596/2338 1812/2594/2335
f 1812/2594/2336 1806/2596/2339 1804/1966/1832 1811/1965/1831
f 1810/2550/2304 1654/2264/1819 1650/2266/2079 1805/2595/2337
f 1520/1978/1844 1795/2114/1955 1523/1988/1854
f 1587/2130/1970 1779/1967/1833 1796/1970/1836
f 1808/2553/2307 1517/1986/1852 1790/2597/2099
f 1809/2598/2306 1808/2553/2307 1790/2597/2099
f 1807/2551/2305 1790/2403/2099 1653/2283/2097
f 1658/2281/2095 1807/2551/2305 1653/2283/2097
f 1809/2599/2340 1807/2549/2303 1812/2594/2335
f 1809/2599/2341 1812/2594/2336 1808/1974/1840
f 1821/2600/2342 1819/2601/2343 1820/2602/2344
f 1820/2602/2344 1819/2601/2343 1827/2603/2345
f 1834/2604/2346 1818/2605/2346 1813/2606/2346 1829/2607/2346
f 1833/2608/2347 1817/2609/2347 1818/2605/2347 1834/2604/2347
f 1832/2610/2348 1816/2611/2348 1817/2609/2348 1833/2608/2348
f 1831/2612/2349 1815/2613/2349 1816/2611/2349 1832/2610/2349
f 1830/2614/2350 1814/2615/2350 1815/2613/2350 1831/2612/2350
f 1829/2607/270 1813/2606/270 1814/2615/270 1830/2614/270
f 1816/2616/2351 1815/2617/2352 1821/2618/2353
f 1817/2619/2354 1816/2620/2354 1824/2621/2354
f 1814/2622/2355 1813/2623/2356 1819/2624/2357
f 1818/2625/2358 1817/2626/2359 1820/2627/2360
f 1814/2622/2355 1819/2624/2357 1823/2628/2361 1822/2629/2361
f 1819/2601/2343 1821/2600/2342 1823/2630/2362
f 1821/2631/2353 1815/2632/2352 1822/2633/2363 1823/2634/2363
f 1815/2635/2364 1814/2636/2364 1822/2637/2364
f 1816/2616/2351 1821/2618/2353 1825/2638/2365 1824/2639/2365
f 1821/2600/2342 1820/2602/2344 1825/2640/2366
f 1820/2641/2360 1817/2642/2359 1824/2643/2367 1825/2644/2367
f 1813/2645/2368 1818/2646/2368 1826/2647/2368
f 1818/2625/2358 1820/2627/2360 1827/2648/2369 1826/2649/2369
f 1819/2650/2357 1813/2651/2356 1826/2652/2370 1827/2653/2370
f 1828/2654/2371 1829/2607/2371 1830/2614/2371
f 1828/2655/2371 1830/2614/2371 1831/2612/2371
f 1828/2656/2371 1831/2612/2371 1832/2610/2371
f 1828/2655/2371 1832/2610/2371 1833/2608/2371
f 1828/2654/2371 1833/2608/2371 1834/2604/2371
f 1828/2657/2371 1834/2604/2371 1829/2607/2371
f 1843/2658/2372 1841/2659/2373 1842/2660/2374
f 1842/2660/2374 1841/2659/2373 1849/2661/2375
f 1856/2662/2376 1840/2663/2376 1835/2664/2376 1851/2665/2376
f 1855/2666/2377 1839/2667/2377 1840/2663/2377 1856/2662/2377
f 1854/2668/2378 1838/2669/2378 1839/2667/2378 1855/2666/2378
f 1853/2670/2379 1837/2671/2379 1838/2669/2379 1854/2668/2379
f 1852/2672/2380 1836/2673/2380 1837/2671/2380 1853/2670/2380
f 1851/2665/2381 1835/2664/2381 1836/2673/2381 1852/2672/2381
f 1838/2674/2382 1837/2675/2383 1843/2676/2384
f 1839/2677/2385 1838/2678/2385 1846/2679/2385
f 1836/2680/2386 1835/2681/2387 1841/2682/2388
f 1840/2683/2389 1839/2684/2390 1842/2685/2391
f 1836/2680/2386 1841/2682/2388 1845/2686/2392 1844/2687/2392
f 1841/2659/2373 1843/2658/2372 1845/2688/2393
f 1843/2689/2384 1837/2690/2383 1844/2691/2394 1845/2692/2394
f 1837/2693/2395 1836/2694/2395 1844/2695/2395
f 1838/2674/2382 1843/2676/2384 1847/2696/2396 1846/2697/2396
f 1843/2658/2372 1842/2660/2374 1847/2698/2397
f 1842/2699/2391 1839/2700/2390 1846/2701/2398 1847/2702/2398
f 1835/2703/2399 1840/2704/2399 1848/2705/2399
f 1840/2683/2389 1842/2685/2391 1849/2706/2400 1848/2707/2400
f 1841/2708/2388 1835/2709/2387 1848/2710/2401 1849/2711/2401
f 1850/2712/2402 1851/2665/2402 1852/2672/2402
f 1850/2713/2402 1852/2672/2402 1853/2670/2402
f 1850/2714/2402 1853/2670/2402 1854/2668/2402
f 1850/2713/2402 1854/2668/2402 1855/2666/2402
f 1850/2712/2402 1855/2666/2402 1856/2662/2402
f 1850/2715/2402 1856/2662/2402 1851/2665/2402
f 1857/2716/2403 1868/2717/2403 1863/2718/2403 1858/2719/2403
f 1858/2719/2404 1863/2718/2404 1864/2720/2404 1859/2721/2404
f 1859/2721/2405 1864/2720/2405 1865/2722/2405 1860/2723/2405
f 1860/2723/2406 1865/2722/2406 1866/2724/2406 1861/2725/2406
f 1861/2725/2407 1866/2724/2407 1867/2726/2407 1862/2727/2407
f 1862/2727/2408 1867/2726/2408 1868/2717/2408 1857/2716/2408
f 1877/2728/2409 1875/2729/2410 1876/2730/2411
f 1876/2730/2411 1875/2729/2410 1883/2731/2412
f 1888/2732/2413 1874/2733/2413 1869/2734/2413 1889/2735/2413
f 1887/2736/2414 1873/2737/2414 1874/2733/2414 1888/2732/2414
f 1886/2738/2415 1872/2739/2415 1873/2737/2415 1887/2736/2415
f 1885/2740/2416 1871/2741/2416 1872/2739/2416 1886/2738/2416
f 1884/2742/2417 1870/2743/2417 1871/2741/2417 1885/2740/2417
f 1889/2735/2418 1869/2734/2418 1870/2743/2418 1884/2742/2418
f 1872/2744/2419 1871/2745/2420 1877/2746/2421
f 1873/2747/2422 1872/2748/2422 1880/2749/2422
f 1870/2750/2423 1869/2751/2424 1875/2752/2425
f 1874/2753/2426 1873/2754/2427 1876/2755/2428
f 1870/2750/2423 1875/2752/2425 1879/2756/2429 1878/2757/2429
f 1875/2729/2410 1877/2728/2409 1879/2758/2430
f 1877/2759/2421 1871/2760/2420 1878/2761/2431 1879/2762/2431
f 1871/2763/2432 1870/2764/2432 1878/2765/2432
f 1872/2744/2419 1877/2746/2421 1881/2766/2433 1880/2767/2433
f 1877/2728/2409 1876/2730/2411 1881/2768/2434
f 1876/2769/2428 1873/2770/2427 1880/2771/2435 1881/2772/2435
f 1869/2773/2436 1874/2774/2436 1882/2775/2436
f 1874/2753/2426 1876/2755/2428 1883/2776/2437 1882/2777/2437
f 1875/2778/2425 1869/2779/2424 1882/2780/2438 1883/2781/2438
f 1868/2717/2439 1867/2726/2439 1866/2724/2439 1863/2718/2439
f 1863/2718/2439 1866/2724/2439 1865/2722/2439 1864/2720/2439
f 1889/2735/2440 1884/2742/2441 1887/2736/2441 1888/2732/2440
f 1884/2742/2441 1885/2740/2441 1886/2738/2441 1887/2736/2441
f 1898/2782/2442 1896/2783/2443 1897/2784/2444
f 1897/2784/2444 1896/2783/2443 1904/2785/2445
f 1911/2786/2446 1895/2787/2446 1890/2788/2446 1906/2789/2446
f 1910/2790/2447 1894/2791/2447 1895/2787/2447 1911/2786/2447
f 1909/2792/2448 1893/2793/2448 1894/2791/2448 1910/2790/2448
f 1908/2794/2449 1892/2795/2449 1893/2793/2449 1909/2792/2449
f 1907/2796/2450 1891/2797/2450 1892/2795/2450 1908/2794/2450
f 1906/2789/2451 1890/2788/2451 1891/2797/2451 1907/2796/2451
f 1893/2798/2452 1892/2799/2453 1898/2800/2454
f 1894/2801/2455 1893/2802/2455 1901/2803/2455
f 1891/2804/2456 1890/2805/2457 1896/2806/2458
f 1895/2807/2459 1894/2808/2460 1897/2809/2461
f 1891/2804/2456 1896/2806/2458 1900/2810/2462 1899/2811/2462
f 1896/2783/2443 1898/2782/2442 1900/2812/2463
f 1898/2813/2454 1892/2814/2453 1899/2815/2464 1900/2816/2464
f 1892/2817/2465 1891/2818/2465 1899/2819/2465
f 1893/2798/2452 1898/2800/2454 1902/2820/2466 1901/2821/2466
f 1898/2782/2442 1897/2784/2444 1902/2822/2467
f 1897/2823/2461 1894/2824/2460 1901/2825/2468 1902/2826/2468
f 1890/2827/2469 1895/2828/2469 1903/2829/2469
f 1895/2807/2459 1897/2809/2461 1904/2830/2470 1903/2831/2470
f 1896/2832/2458 1890/2833/2457 1903/2834/2471 1904/2835/2471
f 1905/2836/2472 1906/2789/2472 1907/2796/2472
f 1905/2837/2472 1907/2796/2472 1908/2794/2472
f 1905/2838/2472 1908/2794/2472 1909/2792/2472
f 1905/2837/2472 1909/2792/2472 1910/2790/2472
f 1905/2836/2472 1910/2790/2472 1911/2786/2472
f 1905/2839/2472 1911/2786/2472 1906/2789/2472
f 1920/2840/2473 1918/2841/2474 1919/2842/2475
f 1919/2842/2475 1918/2841/2474 1926/2843/2476
f 1933/2844/2477 1917/2845/2477 1912/2846/2477 1928/2847/2477
f 1932/2848/2478 1916/2849/2478 1917/2845/2478 1933/2844/2478
f 1931/2850/2479 1915/2851/2479 1916/2849/2479 1932/2848/2479
f 1930/2852/2480 1914/2853/2480 1915/2851/2480 1931/2850/2480
f 1929/2854/2481 1913/2855/2481 1914/2853/2481 1930/2852/2481
f 1928/2847/2482 1912/2846/2482 1913/2855/2482 1929/2854/2482
f 1915/2856/2483 1914/2857/2484 1920/2858/2485
f 1916/2859/2486 1915/2860/2486 1923/2861/2486
f 1913/2862/2487 1912/2863/2488 1918/2864/2489
f 1917/2865/2490 1916/2866/2491 1919/2867/2492
f 1913/2862/2487 1918/2864/2489 1922/2868/2493 1921/2869/2493
f 1918/2841/2474 1920/2840/2473 1922/2870/2494
f 1920/2871/2485 1914/2872/2484 1921/2873/2495 1922/2874/2495
f 1914/2875/2496 1913/2876/2496 1921/2877/2496
f 1915/2856/2483 1920/2858/2485 1924/2878/2497 1923/2879/2497
f 1920/2840/2473 1919/2842/2475 1924/2880/2498
f 1919/2881/2492 1916/2882/2491 1923/2883/2499 1924/2884/2499
f 1912/2885/2500 1917/2886/2500 1925/2887/2500
f 1917/2865/2490 1919/2867/2492 1926/2888/2501 1925/2889/2501
f 1918/2890/2489 1912/2891/2488 1925/2892/2502 1926/2893/2502
f 1927/2894/2503 1928/2847/2503 1929/2854/2503
f 1927/2895/2503 1929/2854/2503 1930/2852/2503
f 1927/2896/2503 1930/2852/2503 1931/2850/2503
f 1927/2895/2503 1931/2850/2503 1932/2848/2503
f 1927/2894/2503 1932/2848/2503 1933/2844/2503
f 1927/2897/2503 1933/2844/2503 1928/2847/2503
f 1942/2898/2504 1940/2899/2505 1941/2900/2506
f 1941/2900/2506 1940/2899/2505 1948/2901/2507
f 1955/2902/2508 1939/2903/2508 1934/2904/2508 1950/2905/2508
f 1954/2906/2509 1938/2907/2509 1939/2903/2509 1955/2902/2509
f 1953/2908/2510 1937/2909/2510 1938/2907/2510 1954/2906/2510
f 1952/2910/2511 1936/2911/2511 1937/2909/2511 1953/2908/2511
f 1951/2912/2512 1935/2913/2512 1936/2911/2512 1952/2910/2512
f 1950/2905/2513 1934/2904/2513 1935/2913/2513 1951/2912/2513
f 1937/2914/2514 1936/2915/2515 1942/2916/2516
f 1938/2917/2517 1937/2918/2517 1945/2919/2517
f 1935/2920/2518 1934/2921/2519 1940/2922/2520
f 1939/2923/2521 1938/2924/2522 1941/2925/2523
f 1935/2920/2518 1940/2922/2520 1944/2926/2524 1943/2927/2524
f 1940/2899/2505 1942/2898/2504 1944/2928/2525
f 1942/2929/2516 1936/2930/2515 1943/2931/2526 1944/2932/2526
f 1936/2933/2527 1935/2934/2527 1943/2935/2527
f 1937/2914/2514 1942/2916/2516 1946/2936/2528 1945/2937/2528
f 1942/2898/2504 1941/2900/2506 1946/2938/2529
f 1941/2939/2523 1938/2940/2522 1945/2941/2530 1946/2942/2530
f 1934/2943/2531 1939/2944/2531 1947/2945/2531
f 1939/2923/2521 1941/2925/2523 1948/2946/2532 1947/2947/2532
f 1940/2948/2520 1934/2949/2519 1947/2950/2533 1948/2951/2533
f 1949/2952/2534 1950/2905/2534 1951/2912/2534
f 1949/2953/2534 1951/2912/2534 1952/2910/2534
f 1949/2954/2534 1952/2910/2534 1953/2908/2534
f 1949/2953/2534 1953/2908/2534 1954/2906/2534
f 1949/2952/2534 1954/2906/2534 1955/2902/2534
f 1949/2955/2534 1955/2902/2534 1950/2905/2534
f 1965/2956/2535 1964/2957/2536 1961/2958/2537 1974/2959/2538
f 1966/2960/2539 1965/2956/2535 1974/2959/2538 1973/2961/2540
f 1967/2962/2541 1966/2960/2539 1973/2961/2540 1975/2963/2542
f 1972/2964/2543 1967/2962/2544 1975/2963/2545 1976/2965/2546
f 1968/2966/2547 1956/2967/2548 1967/2962/2544 1972/2964/2543
f 1956/2967/2549 1959/2968/2550 1966/2960/2539 1967/2962/2541
f 1959/2968/2550 1958/2969/2551 1965/2956/2535 1966/2960/2539
f 1958/2969/2551 1957/2970/2552 1964/2957/2536 1965/2956/2535
f 1979/2971/2553 1974/2972/2554 2232/2973/2555
f 1972/2964/2543 2109/2974/2543 2104/2975/2556 1968/2966/2547
f 2113/2976/2557 1976/2977/2558 1971/2978/2559 2108/2979/2560
f 2043/2980/2561 2233/2981/2562 2229/2982/2563
f 2114/2983/2564 2108/2979/2560 1971/2978/2559
f 1976/2965/2546 2113/2984/2565 2109/2974/2543 1972/2964/2543
f 1960/2985/2566 1963/2986/2567 1973/2987/2568 1974/2972/2554
f 1963/2986/2567 1962/2988/2569 1975/2989/2570 1973/2987/2568
f 1978/2990/2571 1969/2991/2572 1976/2977/2558
f 1979/2971/2553 1960/2985/2566 1974/2972/2554
f 1969/2991/2572 1977/2992/2573 1971/2978/2559 1976/2977/2558
f 1977/2992/2573 1969/2991/2572 1983/2993/2574
f 1962/2988/2569 1984/2994/2575 1978/2990/2571
f 1969/2991/2572 1978/2990/2571 1983/2993/2574
f 1978/2990/2576 1984/2994/2577 1991/2995/2578 1987/2996/2576
f 1963/2986/2567 1984/2994/2575 1962/2988/2569
f 1970/2997/2579 1977/2992/2573 1982/2998/2580
f 1981/2999/2581 1979/2971/2582 1986/3000/2583 1988/3001/2584
f 1960/2985/2566 1979/2971/2553 1981/2999/2585
f 1963/2986/2567 1960/2985/2566 1981/2999/2585
f 1979/2971/2553 1970/2997/2579 1982/2998/2580
f 1977/2992/2586 1983/2993/2587 1990/3002/2588 1980/3003/2589
f 1984/2994/2577 1963/2986/2590 1985/3004/2591 1991/2995/2578
f 1979/2971/2582 1982/2998/2592 1989/3005/2593 1986/3000/2583
f 1963/2986/2590 1981/2999/2581 1988/3001/2584 1985/3004/2591
f 1983/2993/2587 1978/2990/2594 1987/2996/2594 1990/3002/2588
f 1982/2998/2592 1977/2992/2586 1980/3003/2589 1989/3005/2593
f 1980/3006/2595 1990/3007/2596 2003/3008/2597 2002/3009/2598
f 1987/3010/2599 1991/3011/2600 2005/3012/2601 2007/3013/2602
f 1991/3011/2600 1985/3014/2603 2006/3015/2604 2005/3012/2601
f 1985/3016/2603 1988/3017/2605 2000/3018/2606 2006/3019/2604
f 1988/3017/2605 1986/3020/2607 2001/3021/2608 2000/3018/2606
f 1989/3022/2609 1980/3023/2595 2002/3024/2598 2004/3025/2610
f 1990/3007/2596 1987/3026/2599 2007/3027/2602 2003/3008/2597
f 1986/3028/2607 1989/3022/2609 2004/3025/2610 2001/3029/2608
f 2008/3030/2611 2009/3031/2612 1998/3032/2613 2011/3033/2614
f 1994/3034/2615 1996/3035/2616 2000/3036/2606 2001/3037/2608
f 1998/3038/2613 1992/3039/2617 2002/3040/2598 2003/3041/2597
f 1992/3039/2617 1997/3042/2618 2004/3043/2610 2002/3040/2598
f 1997/3042/2618 1994/3034/2615 2001/3037/2608 2004/3043/2610
f 1993/3044/2619 1999/3045/2620 2005/3046/2601 2006/3047/2604
f 1995/3048/2621 1998/3038/2613 2003/3041/2597 2007/3049/2602
f 1999/3045/2620 1995/3048/2621 2007/3049/2602 2005/3046/2601
f 1996/3035/2616 1993/3044/2619 2006/3047/2604 2000/3036/2606
f 2012/3050/2622 1997/3051/2618 2014/3052/2623 2015/3053/2624
f 2016/3054/2625 2017/3055/2626 2018/3056/2627 1999/3057/2620
f 1996/3058/2616 2021/3059/2628 2022/3060/2629 2023/3061/2630
f 1993/3062/2631 2023/3063/2632 2013/3064/2633
f 1992/3065/2617 1998/3032/2613 2009/3031/2612
f 1998/3066/2613 1995/3067/2621 2011/3033/2614
f 2017/3068/2634 2016/3069/2635 2013/3070/2636 2020/3071/2634
f 1994/3072/2615 1997/3051/2618 2012/3050/2622
f 1997/3073/2618 1992/3065/2617 2014/3052/2623
f 2008/3074/2637 2011/3075/2638 2019/3076/2639 2020/3071/2637
f 2009/3077/2640 2008/3078/2641 2020/3079/2641 2010/3080/2642
f 1995/3081/2643 2018/3082/2644 2019/3083/2645
f 2011/3075/2638 1995/3084/2646 2019/3076/2639
f 1995/3067/2621 1999/3057/2620 2018/3056/2627
f 1999/3085/2620 1993/3086/2619 2016/3054/2625
f 1996/3087/2616 1994/3072/2615 2021/3059/2628
f 2021/3088/2647 1994/3089/2648 2024/3090/2649
f 2014/3091/2650 1992/3092/2651 2010/3093/2652
f 1993/3086/2619 1996/3058/2616 2023/3061/2630
f 2012/3094/2653 2015/3095/2654 2020/3096/2654 2024/3097/2655
f 2018/3082/2644 2017/3098/2656 2020/3079/2656 2019/3099/2645
f 2015/3100/2657 2014/3091/2650 2010/3093/2652 2020/3101/2657
f 2022/3102/2658 2021/3088/2647 2024/3090/2649 2020/3101/2658
f 1994/3103/2659 2012/3094/2653 2024/3104/2655
f 2023/3063/2632 2022/3105/2660 2020/3096/2660 2013/3106/2633
f 1992/3107/2661 2009/3077/2640 2010/3108/2642
f 2016/3069/2635 1993/3109/2662 2013/3070/2636
f 1970/2997/2579 1979/2971/2553 2232/3110/2555
f 1970/2997/2579 2232/3111/2555 2114/2983/2564
f 1978/2990/2571 1976/2977/2558 1975/2989/2570
f 1962/2988/2569 1978/2990/2571 1975/2989/2570
f 2031/3112/2663 2040/3113/2664 1961/2958/2537 1964/2957/2536
f 2032/3114/2665 2039/3115/2666 2040/3113/2664 2031/3112/2663
f 2033/3116/2667 2041/3117/2668 2039/3115/2666 2032/3114/2665
f 2038/3118/2669 2042/3119/2670 2041/3117/2671 2033/3116/2672
f 2034/3120/2673 2038/3118/2669 2033/3116/2672 2025/3121/2674
f 2025/3121/2675 2033/3116/2667 2032/3114/2665 2027/3122/2676
f 2027/3122/2676 2032/3114/2665 2031/3112/2663 2026/3123/2677
f 2026/3123/2677 2031/3112/2663 1964/2957/2536 1957/2970/2552
f 2034/3120/2673 2172/3124/2678 2176/3125/2669 2038/3118/2669
f 2180/3126/2679 2175/3127/2680 2037/3128/2681 2042/3129/2682
f 1974/2972/2554 1961/3130/2683 2229/3131/2563 2232/3132/2555
f 2038/3118/2669 2176/3125/2669 2180/3133/2684 2042/3119/2670
f 2028/3134/2685 2040/3135/2686 2039/3136/2687 2030/3137/2688
f 2030/3137/2688 2039/3136/2687 2041/3138/2689 2029/3139/2690
f 2045/3140/2691 2042/3129/2682 2035/3141/2692
f 2046/3142/2693 2040/3135/2686 2028/3134/2685
f 2035/3141/2692 2042/3129/2682 2037/3128/2681 2044/3143/2694
f 2044/3143/2694 2037/3128/2681 2043/2980/2561 2036/3144/2695
f 2044/3143/2694 2050/3145/2696 2035/3141/2692
f 2029/3139/2690 2045/3140/2691 2051/3146/2697
f 2035/3141/2692 2050/3145/2696 2045/3140/2691
f 2045/3140/2698 2054/3147/2698 2058/3148/2699 2051/3146/2700
f 2030/3137/2688 2029/3139/2690 2051/3146/2697
f 2036/3144/2695 2049/3149/2701 2044/3143/2694
f 2048/3150/2702 2055/3151/2703 2053/3152/2704 2046/3142/2705
f 2028/3134/2685 2048/3150/2706 2046/3142/2693
f 2030/3137/2688 2048/3150/2706 2028/3134/2685
f 2046/3142/2693 2049/3149/2701 2036/3144/2695
f 2044/3143/2707 2047/3153/2708 2057/3154/2709 2050/3145/2710
f 2051/3146/2700 2058/3148/2699 2052/3155/2711 2030/3137/2712
f 2046/3142/2705 2053/3152/2704 2056/3156/2713 2049/3149/2714
f 2030/3137/2712 2052/3155/2711 2055/3151/2703 2048/3150/2702
f 2050/3145/2710 2057/3154/2709 2054/3147/2715 2045/3140/2715
f 2049/3149/2714 2056/3156/2713 2047/3153/2708 2044/3143/2707
f 2047/3157/2716 2069/3158/2717 2070/3159/2718 2057/3160/2719
f 2054/3161/2720 2074/3162/2721 2072/3163/2722 2058/3164/2723
f 2058/3164/2723 2072/3163/2722 2073/3165/2724 2052/3166/2725
f 2052/3167/2725 2073/3168/2724 2067/3169/2726 2055/3170/2727
f 2055/3170/2727 2067/3169/2726 2068/3171/2728 2053/3172/2729
f 2056/3173/2730 2071/3174/2731 2069/3175/2717 2047/3176/2716
f 2057/3160/2719 2070/3159/2718 2074/3177/2721 2054/3178/2720
f 2053/3179/2729 2068/3180/2728 2071/3174/2731 2056/3173/2730
f 2075/3181/2732 2078/3182/2733 2065/3183/2734 2076/3184/2735
f 2061/3185/2736 2068/3186/2728 2067/3187/2726 2063/3188/2737
f 2065/3189/2734 2070/3190/2718 2069/3191/2717 2059/3192/2738
f 2059/3192/2738 2069/3191/2717 2071/3193/2731 2064/3194/2739
f 2064/3194/2739 2071/3193/2731 2068/3186/2728 2061/3185/2736
f 2060/3195/2740 2073/3196/2724 2072/3197/2722 2066/3198/2741
f 2062/3199/2742 2074/3200/2721 2070/3190/2718 2065/3189/2734
f 2066/3198/2741 2072/3197/2722 2074/3200/2721 2062/3199/2742
f 2063/3188/2737 2067/3187/2726 2073/3196/2724 2060/3195/2740
f 2079/3201/2743 2082/3202/2744 2081/3203/2745 2064/3204/2739
f 2083/3205/2746 2066/3206/2741 2085/3207/2747 2084/3208/2748
f 2063/3209/2737 2090/3210/2749 2089/3211/2750 2088/3212/2751
f 2060/3213/2752 2080/3214/2753 2090/3215/2754
f 2059/3216/2738 2076/3184/2735 2065/3183/2734
f 2065/3217/2734 2078/3182/2733 2062/3218/2742
f 2084/3219/2755 2087/3220/2755 2080/3221/2756 2083/3222/2757
f 2061/3223/2736 2079/3201/2743 2064/3204/2739
f 2064/3224/2739 2081/3203/2745 2059/3216/2738
f 2075/3225/2758 2087/3220/2758 2086/3226/2759 2078/3227/2760
f 2076/3228/2761 2077/3229/2762 2087/3230/2763 2075/3231/2763
f 2062/3232/2764 2086/3233/2765 2085/3234/2766
f 2078/3227/2760 2086/3226/2759 2062/3235/2767
f 2062/3218/2742 2085/3207/2747 2066/3206/2741
f 2066/3236/2741 2083/3205/2746 2060/3237/2740
f 2063/3238/2737 2088/3212/2751 2061/3223/2736
f 2088/3239/2768 2091/3240/2769 2061/3241/2770
f 2081/3242/2771 2077/3243/2772 2059/3244/2773
f 2060/3237/2740 2090/3210/2749 2063/3209/2737
f 2079/3245/2774 2091/3246/2775 2087/3247/2776 2082/3248/2776
f 2085/3234/2766 2086/3249/2765 2087/3230/2777 2084/3250/2777
f 2082/3251/2778 2087/3252/2778 2077/3243/2772 2081/3242/2771
f 2089/3253/2779 2087/3252/2779 2091/3240/2769 2088/3239/2768
f 2061/3254/2780 2091/3255/2775 2079/3245/2774
f 2090/3215/2754 2080/3256/2753 2087/3247/2781 2089/3257/2781
f 2059/3258/2782 2077/3259/2762 2076/3228/2761
f 2083/3222/2757 2080/3221/2756 2060/3260/2783
f 2046/3142/2693 2043/2980/2561 2040/3135/2686
f 2036/3144/2695 2043/2980/2561 2046/3142/2693
f 2045/3140/2691 2041/3138/2689 2042/3129/2682
f 2029/3139/2690 2041/3138/2689 2045/3140/2691
f 2101/3261/2784 2111/3262/2785 2097/3263/2786 2100/3264/2787
f 2102/3265/2788 2110/3266/2789 2111/3262/2785 2101/3261/2784
f 2103/3267/2790 2112/3268/2791 2110/3266/2789 2102/3265/2788
f 2109/2974/2543 2113/2984/2565 2112/3268/2792 2103/3267/2793
f 2104/2975/2556 2109/2974/2543 2103/3267/2793 2092/3269/2794
f 2092/3269/2795 2103/3267/2790 2102/3265/2788 2095/3270/2796
f 2095/3270/2796 2102/3265/2788 2101/3261/2784 2094/3271/2797
f 2094/3271/2797 2101/3261/2784 2100/3264/2787 2093/3272/2798
f 2111/3273/2799 2114/2983/2564 2105/3274/2800 2097/3275/2801
f 2096/3276/2802 2111/3273/2799 2110/3277/2803 2099/3278/2804
f 2099/3278/2804 2110/3277/2803 2112/3279/2805 2098/3280/2806
f 2116/3281/2807 2113/2976/2557 2106/3282/2808
f 2117/3283/2809 2111/3273/2799 2096/3276/2802
f 2106/3282/2808 2113/2976/2557 2108/2979/2560 2115/3284/2810
f 2115/3284/2810 2108/2979/2560 2114/2983/2564 2107/3285/2811
f 2115/3284/2810 2121/3286/2812 2106/3282/2808
f 2098/3280/2806 2116/3281/2807 2122/3287/2813
f 2106/3282/2808 2121/3286/2812 2116/3281/2807
f 2116/3281/2814 2125/3288/2814 2129/3289/2815 2122/3287/2816
f 2099/3278/2804 2098/3280/2806 2122/3287/2813
f 2107/3285/2811 2120/3290/2817 2115/3284/2810
f 2119/3291/2818 2126/3292/2819 2124/3293/2820 2117/3283/2821
f 2096/3276/2802 2119/3291/2822 2117/3283/2809
f 2099/3278/2804 2119/3291/2822 2096/3276/2802
f 2117/3283/2809 2120/3290/2817 2107/3285/2811
f 2115/3284/2823 2118/3294/2824 2128/3295/2825 2121/3286/2826
f 2122/3287/2816 2129/3289/2815 2123/3296/2827 2099/3278/2828
f 2117/3283/2821 2124/3293/2820 2127/3297/2829 2120/3290/2830
f 2099/3278/2828 2123/3296/2827 2126/3292/2819 2119/3291/2818
f 2121/3286/2826 2128/3295/2825 2125/3288/2831 2116/3281/2831
f 2120/3290/2830 2127/3297/2829 2118/3294/2824 2115/3284/2823
f 2118/3298/2832 2140/3299/2833 2141/3300/2834 2128/3301/2835
f 2125/3302/2836 2145/3303/2837 2143/3304/2838 2129/3305/2839
f 2129/3305/2839 2143/3304/2838 2144/3306/2840 2123/3307/2841
f 2123/3308/2841 2144/3309/2840 2138/3310/2842 2126/3311/2843
f 2126/3311/2843 2138/3310/2842 2139/3312/2844 2124/3313/2845
f 2127/3314/2846 2142/3315/2847 2140/3316/2833 2118/3317/2832
f 2128/3301/2835 2141/3300/2834 2145/3318/2837 2125/3319/2836
f 2124/3320/2845 2139/3321/2844 2142/3315/2847 2127/3314/2846
f 2146/3322/2848 2149/3323/2849 2136/3324/2850 2147/3325/2851
f 2132/3326/2852 2139/3327/2844 2138/3328/2842 2134/3329/2853
f 2136/3330/2850 2141/3331/2834 2140/3332/2833 2130/3333/2854
f 2130/3333/2854 2140/3332/2833 2142/3334/2847 2135/3335/2855
f 2135/3335/2855 2142/3334/2847 2139/3327/2844 2132/3326/2852
f 2131/3336/2856 2144/3337/2840 2143/3338/2838 2137/3339/2857
f 2133/3340/2858 2145/3341/2837 2141/3331/2834 2136/3330/2850
f 2137/3339/2857 2143/3338/2838 2145/3341/2837 2133/3340/2858
f 2134/3329/2853 2138/3328/2842 2144/3337/2840 2131/3336/2856
f 2150/3342/2859 2153/3343/2860 2152/3344/2861 2135/3345/2855
f 2154/3346/2862 2137/3347/2857 2156/3348/2863 2155/3349/2864
f 2134/3350/2853 2161/3351/2865 2160/3352/2866 2159/3353/2867
f 2131/3354/2868 2151/3355/2869 2161/3356/2870
f 2130/3357/2854 2147/3325/2851 2136/3324/2850
f 2136/3358/2850 2149/3323/2849 2133/3359/2858
f 2155/3360/2871 2158/3361/2871 2151/3362/2872 2154/3363/2873
f 2132/3364/2852 2150/3342/2859 2135/3345/2855
f 2135/3365/2855 2152/3344/2861 2130/3357/2854
f 2146/3366/2874 2158/3361/2874 2157/3367/2875 2149/3368/2876
f 2147/3369/2877 2148/3370/2878 2158/3371/2879 2146/3372/2879
f 2133/3373/2880 2157/3374/2881 2156/3375/2882
f 2149/3368/2876 2157/3367/2875 2133/3376/2883
f 2133/3359/2858 2156/3348/2863 2137/3347/2857
f 2137/3377/2857 2154/3346/2862 2131/3378/2856
f 2134/3379/2853 2159/3353/2867 2132/3364/2852
f 2159/3380/2884 2162/3381/2885 2132/3382/2886
f 2152/3383/2887 2148/3384/2888 2130/3385/2889
f 2131/3378/2856 2161/3351/2865 2134/3350/2853
f 2150/3386/2890 2162/3387/2891 2158/3388/2892 2153/3389/2892
f 2156/3375/2882 2157/3390/2881 2158/3371/2893 2155/3391/2893
f 2153/3392/2894 2158/3393/2894 2148/3384/2888 2152/3383/2887
f 2160/3394/2895 2158/3393/2895 2162/3381/2885 2159/3380/2884
f 2132/3395/2896 2162/3396/2891 2150/3386/2890
f 2161/3356/2870 2151/3397/2869 2158/3388/2897 2160/3398/2897
f 2130/3399/2898 2148/3400/2878 2147/3369/2877
f 2154/3363/2873 2151/3362/2872 2131/3401/2899
f 2117/3283/2809 2114/2983/2564 2111/3273/2799
f 2107/3285/2811 2114/2983/2564 2117/3283/2809
f 2116/3281/2807 2112/3279/2805 2113/2976/2557
f 2098/3280/2806 2112/3279/2805 2116/3281/2807
f 2169/3402/2900 2100/3264/2787 2097/3263/2786 2178/3403/2901
f 2170/3404/2902 2169/3402/2900 2178/3403/2901 2177/3405/2903
f 2171/3406/2904 2170/3404/2902 2177/3405/2903 2179/3407/2905
f 2176/3125/2669 2171/3406/2906 2179/3407/2907 2180/3133/2684
f 2172/3124/2678 2163/3408/2908 2171/3406/2906 2176/3125/2669
f 2163/3408/2909 2165/3409/2910 2170/3404/2902 2171/3406/2904
f 2165/3409/2910 2164/3410/2911 2169/3402/2900 2170/3404/2902
f 2164/3410/2911 2093/3272/2798 2100/3264/2787 2169/3402/2900
f 2181/3411/2912 2174/3412/2913 2233/3413/2562 2175/3127/2680
f 2166/3414/2914 2168/3415/2915 2177/3416/2916 2178/3417/2917
f 2168/3415/2915 2167/3418/2918 2179/3419/2919 2177/3416/2916
f 2182/3420/2920 2173/3421/2921 2180/3126/2679
f 2183/3422/2922 2166/3414/2914 2178/3417/2917
f 2173/3421/2921 2181/3411/2912 2175/3127/2680 2180/3126/2679
f 2037/3128/2681 2175/3127/2680 2233/2981/2562 2043/2980/2561
f 2181/3411/2912 2173/3421/2921 2187/3423/2923
f 2167/3418/2918 2188/3424/2924 2182/3420/2920
f 2173/3421/2921 2182/3420/2920 2187/3423/2923
f 2182/3420/2925 2188/3424/2926 2195/3425/2927 2191/3426/2925
f 2168/3415/2915 2188/3424/2924 2167/3418/2918
f 2174/3412/2913 2181/3411/2912 2186/3427/2928
f 2185/3428/2929 2183/3422/2930 2190/3429/2931 2192/3430/2932
f 2166/3414/2914 2183/3422/2922 2185/3428/2933
f 2168/3415/2915 2166/3414/2914 2185/3428/2933
f 2183/3422/2922 2174/3412/2913 2186/3427/2928
f 2181/3411/2934 2187/3423/2935 2194/3431/2936 2184/3432/2937
f 2188/3424/2926 2168/3415/2938 2189/3433/2939 2195/3425/2927
f 2183/3422/2930 2186/3427/2940 2193/3434/2941 2190/3429/2931
f 2168/3415/2938 2185/3428/2929 2192/3430/2932 2189/3433/2939
f 2187/3423/2935 2182/3420/2942 2191/3426/2942 2194/3431/2936
f 2186/3427/2940 2181/3411/2934 2184/3432/2937 2193/3434/2941
f 2184/3435/2943 2194/3436/2944 2207/3437/2945 2206/3438/2946
f 2191/3439/2947 2195/3440/2948 2209/3441/2949 2211/3442/2950
f 2195/3440/2948 2189/3443/2951 2210/3444/2952 2209/3441/2949
f 2189/3445/2951 2192/3446/2953 2204/3447/2954 2210/3448/2952
f 2192/3446/2953 2190/3449/2955 2205/3450/2956 2204/3447/2954
f 2193/3451/2957 2184/3452/2943 2206/3453/2946 2208/3454/2958
f 2194/3436/2944 2191/3455/2947 2211/3456/2950 2207/3437/2945
f 2190/3457/2955 2193/3451/2957 2208/3454/2958 2205/3458/2956
f 2212/3459/2959 2213/3460/2960 2202/3461/2961 2215/3462/2962
f 2198/3463/2963 2200/3464/2964 2204/3465/2954 2205/3466/2956
f 2202/3467/2961 2196/3468/2965 2206/3469/2946 2207/3470/2945
f 2196/3468/2965 2201/3471/2966 2208/3472/2958 2206/3469/2946
f 2201/3471/2966 2198/3463/2963 2205/3466/2956 2208/3472/2958
f 2197/3473/2967 2203/3474/2968 2209/3475/2949 2210/3476/2952
f 2199/3477/2969 2202/3467/2961 2207/3470/2945 2211/3478/2950
f 2203/3474/2968 2199/3477/2969 2211/3478/2950 2209/3475/2949
f 2200/3464/2964 2197/3473/2967 2210/3476/2952 2204/3465/2954
f 2216/3479/2970 2201/3480/2966 2218/3481/2971 2219/3482/2972
f 2220/3483/2973 2221/3484/2974 2222/3485/2975 2203/3486/2968
f 2200/3487/2964 2225/3488/2976 2226/3489/2977 2227/3490/2978
f 2197/3491/2979 2227/3492/2980 2217/3493/2981
f 2196/3494/2965 2202/3461/2961 2213/3460/2960
f 2202/3495/2961 2199/3496/2969 2215/3462/2962
f 2221/3497/2982 2220/3498/2983 2217/3499/2984 2224/3500/2982
f 2198/3501/2963 2201/3480/2966 2216/3479/2970
f 2201/3502/2966 2196/3494/2965 2218/3481/2971
f 2212/3503/2985 2215/3504/2986 2223/3505/2987 2224/3500/2985
f 2213/3506/2988 2212/3507/2989 2224/3508/2989 2214/3509/2990
f 2199/3510/2991 2222/3511/2992 2223/3512/2993
f 2215/3504/2986 2199/3513/2994 2223/3505/2987
f 2199/3496/2969 2203/3486/2968 2222/3485/2975
f 2203/3514/2968 2197/3515/2967 2220/3483/2973
f 2200/3516/2964 2198/3501/2963 2225/3488/2976
f 2225/3517/2995 2198/3518/2996 2228/3519/2997
f 2218/3520/2998 2196/3521/2999 2214/3522/3000
f 2197/3515/2967 2200/3487/2964 2227/3490/2978
f 2216/3523/3001 2219/3524/3002 2224/3525/3002 2228/3526/3003
f 2222/3511/2992 2221/3527/3004 2224/3508/3004 2223/3528/2993
f 2219/3529/3005 2218/3520/2998 2214/3522/3000 2224/3530/3005
f 2226/3531/3006 2225/3517/2995 2228/3519/2997 2224/3530/3006
f 2198/3532/3007 2216/3523/3001 2228/3533/3003
f 2227/3492/2980 2226/3534/3008 2224/3525/3008 2217/3535/2981
f 2196/3536/3009 2213/3506/2988 2214/3537/2990
f 2220/3498/2983 2197/3538/3010 2217/3499/2984
f 2174/3412/2913 2183/3422/2922 2233/3539/2562
f 2178/3417/2917 2097/3275/2801 2105/3274/2800 2233/3540/2562
f 2182/3420/2920 2180/3126/2679 2179/3419/2919
f 2167/3418/2918 2182/3420/2920 2179/3419/2919
f 2233/3541/2562 2105/3274/2800 2230/3542/3011
f 2114/2983/2564 2232/3111/2555 2230/3542/3011 2105/3274/2800
f 1977/2992/2573 1970/2997/2579 2114/2983/2564 1971/2978/2559
f 2183/3422/2922 2178/3417/2917 2233/3543/2562
f 2230/3544/3012 2232/3545/3012 2231/3546/3012
f 2231/3547/3013 2232/3548/3013 2229/3549/3013
f 2233/3550/3014 2230/3544/3014 2231/3546/3014
f 2233/3551/3015 2231/3547/3015 2229/3552/3015
f 2040/3135/2686 2043/2980/2561 2229/3131/2563 1961/3130/2683
f 2308/3553/3016 2317/3554/3017 2526/3555/3018 2531/3556/3019
f 2241/3557/3020 2240/3558/3021 2250/3559/3022 2249/3560/3023
f 2242/3561/3024 2241/3557/3020 2249/3560/3023 2251/3562/3025
f 2248/3563/3026 2242/3561/3027 2251/3562/3028 2252/3564/3029
f 2243/3565/3030 2234/3566/3031 2242/3561/3027 2248/3563/3026
f 2234/3566/3032 2236/3567/3033 2241/3557/3020 2242/3561/3024
f 2236/3567/3033 2235/3568/3034 2240/3558/3021 2241/3557/3020
f 2303/3569/3035 2308/3553/3016 2531/3556/3019 2521/3570/3036
f 2511/3571/3037 2507/3572/3037 2512/3573/3037
f 2248/3563/3026 2541/3574/3038 2534/3575/3039 2243/3565/3030
f 2509/3576/3040 2244/3577/3041 2527/3578/3042 2526/3579/3043
f 2382/3580/3044 2517/3581/3045 2391/3582/3046
f 2252/3564/3029 2538/3583/3047 2541/3574/3038 2248/3563/3026
f 2237/3584/3048 2239/3585/3049 2249/3586/3050 2250/3587/3051
f 2239/3585/3049 2238/3588/3052 2251/3589/3053 2249/3586/3050
f 2255/3590/3054 2245/3591/3055 2252/3592/3056
f 2256/3593/3057 2237/3584/3048 2250/3587/3051
f 2245/3591/3055 2254/3594/3058 2247/3595/3059 2252/3592/3056
f 2254/3594/3058 2246/3596/3060 2253/3597/3061 2247/3595/3059
f 2254/3594/3058 2245/3591/3055 2260/3598/3062
f 2238/3588/3052 2261/3599/3063 2255/3590/3054
f 2245/3591/3055 2255/3590/3054 2260/3598/3062
f 2255/3590/3064 2261/3599/3065 2268/3600/3066 2264/3601/3064
f 2239/3585/3049 2261/3599/3063 2238/3588/3052
f 2246/3596/3060 2254/3594/3058 2259/3602/3067
f 2258/3603/3068 2256/3593/3069 2263/3604/3070 2265/3605/3071
f 2237/3584/3048 2256/3593/3057 2258/3603/3072
f 2239/3585/3049 2237/3584/3048 2258/3603/3072
f 2256/3593/3057 2246/3596/3060 2259/3602/3067
f 2254/3594/3073 2260/3598/3074 2267/3606/3075 2257/3607/3076
f 2261/3599/3065 2239/3585/3077 2262/3608/3078 2268/3600/3066
f 2256/3593/3069 2259/3602/3079 2266/3609/3080 2263/3604/3070
f 2239/3585/3077 2258/3603/3068 2265/3605/3071 2262/3608/3078
f 2260/3598/3074 2255/3590/3081 2264/3601/3081 2267/3606/3075
f 2259/3602/3079 2254/3594/3073 2257/3607/3076 2266/3609/3080
f 2257/3610/3082 2267/3611/3083 2280/3612/3084 2279/3613/3085
f 2264/3614/3086 2268/3615/3087 2282/3616/3088 2284/3617/3089
f 2268/3615/3087 2262/3618/3090 2283/3619/3091 2282/3616/3088
f 2262/3620/3090 2265/3621/3092 2277/3622/3093 2283/3623/3091
f 2265/3621/3092 2263/3624/3094 2278/3625/3095 2277/3622/3093
f 2266/3626/3096 2257/3627/3082 2279/3628/3085 2281/3629/3097
f 2267/3611/3083 2264/3630/3086 2284/3631/3089 2280/3612/3084
f 2263/3632/3094 2266/3626/3096 2281/3629/3097 2278/3633/3095
f 2285/3634/3098 2286/3635/3099 2275/3636/3100 2288/3637/3101
f 2271/3638/3102 2273/3639/3103 2277/3640/3093 2278/3641/3095
f 2275/3642/3100 2269/3643/3104 2279/3644/3085 2280/3645/3084
f 2269/3643/3104 2274/3646/3105 2281/3647/3097 2279/3644/3085
f 2274/3646/3105 2271/3638/3102 2278/3641/3095 2281/3647/3097
f 2270/3648/3106 2276/3649/3107 2282/3650/3088 2283/3651/3091
f 2272/3652/3108 2275/3642/3100 2280/3645/3084 2284/3653/3089
f 2276/3649/3107 2272/3652/3108 2284/3653/3089 2282/3650/3088
f 2273/3639/3103 2270/3648/3106 2283/3651/3091 2277/3640/3093
f 2289/3654/3109 2274/3655/3105 2291/3656/3110 2292/3657/3111
f 2293/3658/3112 2294/3659/3113 2295/3660/3114 2276/3661/3107
f 2273/3662/3103 2298/3663/3115 2299/3664/3116 2300/3665/3117
f 2270/3666/3118 2300/3667/3119 2290/3668/3120
f 2269/3669/3104 2275/3636/3100 2286/3635/3099
f 2275/3670/3100 2272/3671/3108 2288/3637/3101
f 2294/3672/3121 2293/3673/3122 2290/3674/3123 2297/3675/3121
f 2271/3676/3102 2274/3655/3105 2289/3654/3109
f 2274/3677/3105 2269/3669/3104 2291/3656/3110
f 2285/3678/3124 2288/3679/3125 2296/3680/3126 2297/3675/3124
f 2286/3681/3127 2285/3682/3128 2297/3683/3128 2287/3684/3129
f 2272/3685/3130 2295/3686/3131 2296/3687/3132
f 2288/3679/3125 2272/3688/3133 2296/3680/3126
f 2272/3671/3108 2276/3661/3107 2295/3660/3114
f 2276/3689/3107 2270/3690/3106 2293/3658/3112
f 2273/3691/3103 2271/3676/3102 2298/3663/3115
f 2298/3692/3134 2271/3693/3135 2301/3694/3136
f 2291/3695/3137 2269/3696/3138 2287/3697/3139
f 2270/3690/3106 2273/3662/3103 2300/3665/3117
f 2289/3698/3140 2292/3699/3141 2297/3700/3141 2301/3701/3142
f 2295/3686/3131 2294/3702/3143 2297/3683/3143 2296/3703/3132
f 2292/3704/3144 2291/3695/3137 2287/3697/3139 2297/3705/3144
f 2299/3706/3145 2298/3692/3134 2301/3694/3136 2297/3705/3145
f 2271/3707/3146 2289/3698/3140 2301/3708/3142
f 2300/3667/3119 2299/3709/3147 2297/3700/3147 2290/3710/3120
f 2269/3711/3148 2286/3681/3127 2287/3712/3129
f 2293/3673/3122 2270/3713/3149 2290/3674/3123
f 2256/3593/3057 2250/3587/3051 2253/3597/3061
f 2246/3596/3060 2256/3593/3057 2253/3597/3061
f 2255/3590/3054 2252/3592/3056 2251/3589/3053
f 2238/3588/3052 2255/3590/3054 2251/3589/3053
f 2309/3714/3150 2316/3715/3151 2317/3554/3017 2308/3553/3016
f 2310/3716/3152 2318/3717/3153 2316/3715/3151 2309/3714/3150
f 2315/3718/3154 2319/3719/3155 2318/3717/3156 2310/3716/3157
f 2311/3720/3158 2315/3718/3154 2310/3716/3157 2302/3721/3159
f 2302/3721/3160 2310/3716/3152 2309/3714/3150 2304/3722/3161
f 2304/3722/3161 2309/3714/3150 2308/3553/3016 2303/3569/3035
f 2525/3723/3162 2527/3578/3042 2244/3577/3041 2253/3597/3061
f 2505/3724/3163 2446/3725/3164 2450/3726/3154 2508/3727/3165
f 2506/3728/3166 2507/3729/3167 2314/3730/3168 2319/3731/3169
f 2240/3558/3021 2530/3732/3170 2525/3733/3171 2250/3559/3022
f 2509/3576/3040 2515/3734/3172 2510/3735/3173 2244/3577/3041
f 2508/3727/3165 2450/3726/3154 2454/3736/3174 2506/3737/3175
f 2305/3738/3176 2317/3739/3177 2316/3740/3178 2307/3741/3179
f 2307/3741/3179 2316/3740/3178 2318/3742/3180 2306/3743/3181
f 2321/3744/3182 2319/3731/3169 2312/3745/3183
f 2322/3746/3184 2317/3739/3177 2305/3738/3176
f 2312/3745/3183 2319/3731/3169 2314/3730/3168 2320/3747/3185
f 2320/3747/3185 2314/3730/3168 2509/3576/3040 2313/3748/3186
f 2320/3747/3185 2326/3749/3187 2312/3745/3183
f 2306/3743/3181 2321/3744/3182 2327/3750/3188
f 2312/3745/3183 2326/3749/3187 2321/3744/3182
f 2321/3744/3189 2330/3751/3189 2334/3752/3190 2327/3750/3191
f 2307/3741/3179 2306/3743/3181 2327/3750/3188
f 2313/3748/3186 2325/3753/3192 2320/3747/3185
f 2324/3754/3193 2331/3755/3194 2329/3756/3195 2322/3746/3196
f 2305/3738/3176 2324/3754/3197 2322/3746/3184
f 2307/3741/3179 2324/3754/3197 2305/3738/3176
f 2322/3746/3184 2325/3753/3192 2313/3748/3186
f 2320/3747/3198 2323/3757/3199 2333/3758/3200 2326/3749/3201
f 2327/3750/3191 2334/3752/3190 2328/3759/3202 2307/3741/3203
f 2322/3746/3196 2329/3756/3195 2332/3760/3204 2325/3753/3205
f 2307/3741/3203 2328/3759/3202 2331/3755/3194 2324/3754/3193
f 2326/3749/3201 2333/3758/3200 2330/3751/3206 2321/3744/3206
f 2325/3753/3205 2332/3760/3204 2323/3757/3199 2320/3747/3198
f 2323/3761/3207 2345/3762/3208 2346/3763/3209 2333/3764/3210
f 2330/3765/3211 2350/3766/3212 2348/3767/3213 2334/3768/3214
f 2334/3768/3214 2348/3767/3213 2349/3769/3215 2328/3770/3216
f 2328/3771/3216 2349/3772/3215 2343/3773/3217 2331/3774/3218
f 2331/3774/3218 2343/3773/3217 2344/3775/3219 2329/3776/3220
f 2332/3777/3221 2347/3778/3222 2345/3779/3208 2323/3780/3207
f 2333/3764/3210 2346/3763/3209 2350/3781/3212 2330/3782/3211
f 2329/3783/3220 2344/3784/3219 2347/3778/3222 2332/3777/3221
f 2351/3785/3223 2354/3786/3224 2341/3787/3225 2352/3788/3226
f 2337/3789/3227 2344/3790/3219 2343/3791/3217 2339/3792/3228
f 2341/3793/3225 2346/3794/3209 2345/3795/3208 2335/3796/3229
f 2335/3796/3229 2345/3795/3208 2347/3797/3222 2340/3798/3230
f 2340/3798/3230 2347/3797/3222 2344/3790/3219 2337/3789/3227
f 2336/3799/3231 2349/3800/3215 2348/3801/3213 2342/3802/3232
f 2338/3803/3233 2350/3804/3212 2346/3794/3209 2341/3793/3225
f 2342/3802/3232 2348/3801/3213 2350/3804/3212 2338/3803/3233
f 2339/3792/3228 2343/3791/3217 2349/3800/3215 2336/3799/3231
f 2355/3805/3234 2358/3806/3235 2357/3807/3236 2340/3808/3230
f 2359/3809/3237 2342/3810/3232 2361/3811/3238 2360/3812/3239
f 2339/3813/3228 2366/3814/3240 2365/3815/3241 2364/3816/3242
f 2336/3817/3243 2356/3818/3244 2366/3819/3245
f 2335/3820/3229 2352/3788/3226 2341/3787/3225
f 2341/3821/3225 2354/3786/3224 2338/3822/3233
f 2360/3823/3246 2363/3824/3246 2356/3825/3247 2359/3826/3248
f 2337/3827/3227 2355/3805/3234 2340/3808/3230
f 2340/3828/3230 2357/3807/3236 2335/3820/3229
f 2351/3829/3249 2363/3824/3249 2362/3830/3250 2354/3831/3251
f 2352/3832/3252 2353/3833/3253 2363/3834/3254 2351/3835/3254
f 2338/3836/3255 2362/3837/3256 2361/3838/3257
f 2354/3831/3251 2362/3830/3250 2338/3839/3258
f 2338/3822/3233 2361/3811/3238 2342/3810/3232
f 2342/3840/3232 2359/3809/3237 2336/3841/3231
f 2339/3842/3228 2364/3816/3242 2337/3827/3227
f 2364/3843/3259 2367/3844/3260 2337/3845/3261
f 2357/3846/3262 2353/3847/3263 2335/3848/3264
f 2336/3841/3231 2366/3814/3240 2339/3813/3228
f 2355/3849/3265 2367/3850/3266 2363/3851/3267 2358/3852/3267
f 2361/3838/3257 2362/3853/3256 2363/3834/3268 2360/3854/3268
f 2358/3855/3269 2363/3856/3269 2353/3847/3263 2357/3846/3262
f 2365/3857/3270 2363/3856/3270 2367/3844/3260 2364/3843/3259
f 2337/3858/3271 2367/3859/3266 2355/3849/3265
f 2366/3819/3245 2356/3860/3244 2363/3851/3272 2365/3861/3272
f 2335/3862/3273 2353/3863/3253 2352/3832/3252
f 2359/3826/3248 2356/3825/3247 2336/3864/3274
f 2322/3746/3184 2509/3576/3040 2317/3739/3177
f 2313/3748/3186 2509/3576/3040 2322/3746/3184
f 2321/3744/3182 2318/3742/3180 2319/3731/3169
f 2306/3743/3181 2318/3742/3180 2321/3744/3182
f 2377/3865/3275 2386/3866/3276 2373/3867/3277 2376/3868/3278
f 2378/3869/3279 2385/3870/3280 2386/3866/3276 2377/3865/3275
f 2379/3871/3281 2387/3872/3282 2385/3870/3280 2378/3869/3279
f 2384/3873/3026 2388/3874/3283 2387/3872/3284 2379/3871/3285
f 2380/3875/3286 2384/3873/3026 2379/3871/3285 2368/3876/3287
f 2368/3876/3288 2379/3871/3281 2378/3869/3279 2371/3877/3289
f 2371/3877/3289 2378/3869/3279 2377/3865/3275 2370/3878/3290
f 2370/3878/3290 2377/3865/3275 2376/3868/3278 2369/3879/3291
f 2518/3880/3292 2504/3881/3293 2510/3735/3173 2516/3882/3294
f 2372/3883/3295 2386/3884/3296 2385/3885/3297 2375/3886/3298
f 2375/3886/3298 2385/3885/3297 2387/3887/3299 2374/3888/3300
f 2390/3889/3301 2388/3890/3302 2381/3891/3303
f 2391/3582/3046 2386/3884/3296 2372/3883/3295
f 2381/3891/3303 2388/3890/3302 2383/3892/3304 2389/3893/3305
f 2504/3881/3293 2518/3880/3292 2520/3894/3306
f 2389/3893/3305 2395/3895/3307 2381/3891/3303
f 2374/3888/3300 2390/3889/3301 2396/3896/3308
f 2381/3891/3303 2395/3895/3307 2390/3889/3301
f 2390/3889/3309 2399/3897/3309 2403/3898/3310 2396/3896/3311
f 2375/3886/3298 2374/3888/3300 2396/3896/3308
f 2382/3580/3044 2394/3899/3312 2389/3893/3305
f 2393/3900/3313 2400/3901/3314 2398/3902/3315 2391/3582/3316
f 2372/3883/3295 2393/3900/3317 2391/3582/3046
f 2375/3886/3298 2393/3900/3317 2372/3883/3295
f 2391/3582/3046 2394/3899/3312 2382/3580/3044
f 2389/3893/3318 2392/3903/3319 2402/3904/3320 2395/3895/3321
f 2396/3896/3311 2403/3898/3310 2397/3905/3322 2375/3886/3323
f 2391/3582/3316 2398/3902/3315 2401/3906/3324 2394/3899/3325
f 2375/3886/3323 2397/3905/3322 2400/3901/3314 2393/3900/3313
f 2395/3895/3321 2402/3904/3320 2399/3897/3326 2390/3889/3326
f 2394/3899/3325 2401/3906/3324 2392/3903/3319 2389/3893/3318
f 2392/3907/3327 2414/3908/3328 2415/3909/3329 2402/3910/3330
f 2399/3911/3331 2419/3912/3332 2417/3913/3333 2403/3914/3334
f 2403/3914/3334 2417/3913/3333 2418/3915/3335 2397/3916/3336
f 2397/3917/3336 2418/3918/3335 2412/3919/3337 2400/3920/3338
f 2400/3920/3338 2412/3919/3337 2413/3921/3339 2398/3922/3340
f 2401/3923/3341 2416/3924/3342 2414/3925/3328 2392/3926/3327
f 2402/3910/3330 2415/3909/3329 2419/3927/3332 2399/3928/3331
f 2398/3929/3340 2413/3930/3339 2416/3924/3342 2401/3923/3341
f 2420/3931/3343 2423/3932/3344 2410/3933/3345 2421/3934/3346
f 2406/3935/3347 2413/3936/3339 2412/3937/3337 2408/3938/3348
f 2410/3939/3345 2415/3940/3329 2414/3941/3328 2404/3942/3349
f 2404/3942/3349 2414/3941/3328 2416/3943/3342 2409/3944/3350
f 2409/3944/3350 2416/3943/3342 2413/3936/3339 2406/3935/3347
f 2405/3945/3351 2418/3946/3335 2417/3947/3333 2411/3948/3352
f 2407/3949/3353 2419/3950/3332 2415/3940/3329 2410/3939/3345
f 2411/3948/3352 2417/3947/3333 2419/3950/3332 2407/3949/3353
f 2408/3938/3348 2412/3937/3337 2418/3946/3335 2405/3945/3351
f 2424/3951/3354 2427/3952/3355 2426/3953/3356 2409/3954/3350
f 2428/3955/3357 2411/3956/3352 2430/3957/3358 2429/3958/3359
f 2408/3959/3348 2435/3960/3360 2434/3961/3361 2433/3962/3362
f 2405/3963/3363 2425/3964/3364 2435/3965/3365
f 2404/3966/3349 2421/3934/3346 2410/3933/3345
f 2410/3967/3345 2423/3932/3344 2407/3968/3353
f 2429/3969/3366 2432/3970/3366 2425/3971/3367 2428/3972/3368
f 2406/3973/3347 2424/3951/3354 2409/3954/3350
f 2409/3974/3350 2426/3953/3356 2404/3966/3349
f 2420/3975/3369 2432/3970/3369 2431/3976/3370 2423/3977/3371
f 2421/3978/3372 2422/3979/3373 2432/3980/3374 2420/3981/3374
f 2407/3982/3375 2431/3983/3376 2430/3984/3377
f 2423/3977/3371 2431/3976/3370 2407/3985/3378
f 2407/3968/3353 2430/3957/3358 2411/3956/3352
f 2411/3986/3352 2428/3955/3357 2405/3987/3351
f 2408/3988/3348 2433/3962/3362 2406/3973/3347
f 2433/3989/3379 2436/3990/3380 2406/3991/3381
f 2426/3992/3382 2422/3993/3383 2404/3994/3384
f 2405/3987/3351 2435/3960/3360 2408/3959/3348
f 2424/3995/3385 2436/3996/3386 2432/3997/3387 2427/3998/3387
f 2430/3984/3377 2431/3999/3376 2432/3980/3388 2429/4000/3388
f 2427/4001/3389 2432/4002/3389 2422/3993/3383 2426/3992/3382
f 2434/4003/3390 2432/4002/3390 2436/3990/3380 2433/3989/3379
f 2406/4004/3391 2436/4005/3386 2424/3995/3385
f 2435/3965/3365 2425/4006/3364 2432/3997/3392 2434/4007/3392
f 2404/4008/3393 2422/4009/3373 2421/3978/3372
f 2428/3972/3368 2425/3971/3367 2405/4010/3394
f 2517/4011/3045 2383/3892/3304 2520/4012/3306
f 2389/3893/3305 2383/3892/3304 2517/4013/3045 2382/3580/3044
f 2390/3889/3301 2387/3887/3299 2388/3890/3302
f 2374/3888/3300 2387/3887/3299 2390/3889/3301
f 2443/4014/3395 2376/3868/3278 2373/3867/3277 2452/4015/3396
f 2444/4016/3397 2443/4014/3395 2452/4015/3396 2451/4017/3398
f 2445/4018/3399 2444/4016/3397 2451/4017/3398 2453/4019/3400
f 2450/3726/3154 2445/4018/3401 2453/4019/3402 2454/3736/3174
f 2446/3725/3164 2437/4020/3403 2445/4018/3401 2450/3726/3154
f 2437/4020/3404 2439/4021/3405 2444/4016/3397 2445/4018/3399
f 2439/4021/3405 2438/4022/3406 2443/4014/3395 2444/4016/3397
f 2438/4022/3406 2369/3879/3291 2376/3868/3278 2443/4014/3395
f 2455/4023/3407 2516/3882/3294 2510/3735/3173 2514/4024/3172
f 2440/4025/3408 2442/4026/3409 2451/4027/3410 2452/4028/3411
f 2442/4026/3409 2441/4029/3412 2453/4030/3413 2451/4027/3410
f 2457/4031/3414 2447/4032/3415 2454/4033/3416
f 2458/4034/3417 2440/4025/3408 2452/4028/3411
f 2447/4032/3415 2456/4035/3418 2449/4036/3419 2454/4033/3416
f 2456/4035/3418 2448/4037/3420 2455/4023/3407 2449/4036/3419
f 2456/4035/3418 2447/4032/3415 2462/4038/3421
f 2441/4029/3412 2463/4039/3422 2457/4031/3414
f 2447/4032/3415 2457/4031/3414 2462/4038/3421
f 2457/4031/3423 2463/4039/3424 2470/4040/3425 2466/4041/3423
f 2442/4026/3409 2463/4039/3422 2441/4029/3412
f 2448/4037/3420 2456/4035/3418 2461/4042/3426
f 2460/4043/3427 2458/4034/3428 2465/4044/3429 2467/4045/3430
f 2440/4025/3408 2458/4034/3417 2460/4043/3431
f 2442/4026/3409 2440/4025/3408 2460/4043/3431
f 2458/4034/3417 2448/4037/3420 2461/4042/3426
f 2456/4035/3432 2462/4038/3433 2469/4046/3434 2459/4047/3435
f 2463/4039/3424 2442/4026/3436 2464/4048/3437 2470/4040/3425
f 2458/4034/3428 2461/4042/3438 2468/4049/3439 2465/4044/3429
f 2442/4026/3436 2460/4043/3427 2467/4045/3430 2464/4048/3437
f 2462/4038/3433 2457/4031/3440 2466/4041/3440 2469/4046/3434
f 2461/4042/3438 2456/4035/3432 2459/4047/3435 2468/4049/3439
f 2459/4050/3441 2469/4051/3442 2482/4052/3443 2481/4053/3444
f 2466/4054/3445 2470/4055/3446 2484/4056/3447 2486/4057/3448
f 2470/4055/3446 2464/4058/3449 2485/4059/3450 2484/4056/3447
f 2464/4060/3449 2467/4061/3451 2479/4062/3452 2485/4063/3450
f 2467/4061/3451 2465/4064/3453 2480/4065/3454 2479/4062/3452
f 2468/4066/3455 2459/4067/3441 2481/4068/3444 2483/4069/3456
f 2469/4051/3442 2466/4070/3445 2486/4071/3448 2482/4052/3443
f 2465/4072/3453 2468/4066/3455 2483/4069/3456 2480/4073/3454
f 2487/4074/3457 2488/4075/3458 2477/4076/3459 2490/4077/3460
f 2473/4078/3461 2475/4079/3462 2479/4080/3452 2480/4081/3454
f 2477/4082/3459 2471/4083/3463 2481/4084/3444 2482/4085/3443
f 2471/4083/3463 2476/4086/3464 2483/4087/3456 2481/4084/3444
f 2476/4086/3464 2473/4078/3461 2480/4081/3454 2483/4087/3456
f 2472/4088/3465 2478/4089/3466 2484/4090/3447 2485/4091/3450
f 2474/4092/3467 2477/4082/3459 2482/4085/3443 2486/4093/3448
f 2478/4089/3466 2474/4092/3467 2486/4093/3448 2484/4090/3447
f 2475/4079/3462 2472/4088/3465 2485/4091/3450 2479/4080/3452
f 2491/4094/3468 2476/4095/3464 2493/4096/3469 2494/4097/3470
f 2495/4098/3471 2496/4099/3472 2497/4100/3473 2478/4101/3466
f 2475/4102/3462 2500/4103/3474 2501/4104/3475 2502/4105/3476
f 2472/4106/3477 2502/4107/3478 2492/4108/3479
f 2471/4109/3463 2477/4076/3459 2488/4075/3458
f 2477/4110/3459 2474/4111/3467 2490/4077/3460
f 2496/4112/3480 2495/4113/3481 2492/4114/3482 2499/4115/3480
f 2473/4116/3461 2476/4095/3464 2491/4094/3468
f 2476/4117/3464 2471/4109/3463 2493/4096/3469
f 2487/4118/3483 2490/4119/3484 2498/4120/3485 2499/4115/3483
f 2488/4121/3486 2487/4122/3487 2499/4123/3487 2489/4124/3488
f 2474/4125/3489 2497/4126/3490 2498/4127/3491
f 2490/4119/3484 2474/4128/3492 2498/4120/3485
f 2474/4111/3467 2478/4101/3466 2497/4100/3473
f 2478/4129/3466 2472/4130/3465 2495/4098/3471
f 2475/4131/3462 2473/4116/3461 2500/4103/3474
f 2500/4132/3493 2473/4133/3494 2503/4134/3495
f 2493/4135/3496 2471/4136/3497 2489/4137/3498
f 2472/4130/3465 2475/4102/3462 2502/4105/3476
f 2491/4138/3499 2494/4139/3500 2499/4140/3500 2503/4141/3501
f 2497/4126/3490 2496/4142/3502 2499/4123/3502 2498/4143/3491
f 2494/4144/3503 2493/4135/3496 2489/4137/3498 2499/4145/3503
f 2501/4146/3504 2500/4132/3493 2503/4134/3495 2499/4145/3504
f 2473/4147/3505 2491/4138/3499 2503/4148/3501
f 2502/4107/3478 2501/4149/3506 2499/4140/3506 2492/4150/3479
f 2471/4151/3507 2488/4121/3486 2489/4152/3488
f 2495/4113/3481 2472/4153/3508 2492/4114/3482
f 2458/4034/3417 2452/4028/3411 2455/4023/3407
f 2448/4037/3420 2458/4034/3417 2455/4023/3407
f 2457/4031/3414 2454/4033/3416 2453/4030/3413
f 2441/4029/3412 2457/4031/3414 2453/4030/3413
f 2504/3881/3293 2253/3597/3061 2244/3577/3041 2510/3735/3173
f 2391/3582/3046 2517/4154/3045 2386/3884/3296
f 2315/3718/3154 2508/3727/3165 2506/3737/3175 2319/3719/3155
f 2386/3884/3296 2517/4155/3045 2516/4156/3294 2373/4157/3509
f 2454/4033/3416 2449/4036/3419 2507/3729/3167 2506/3728/3166
f 2311/3720/3158 2505/3724/3163 2508/3727/3165 2315/3718/3154
f 2537/4158/3510 2388/3874/3283 2384/3873/3026 2540/4159/3511
f 2537/4160/3512 2539/4161/3513 2520/4012/3306
f 2538/4162/3514 2252/3592/3056 2247/3595/3059
f 2507/3729/3167 2449/4036/3419 2455/4163/3407 2513/4164/3515
f 2509/4165/3516 2511/4166/3516 2512/4167/3516
f 2507/4168/3517 2513/4169/3517 2512/4167/3517
f 2455/4170/3518 2514/4171/3518 2512/4167/3518
f 2510/4172/3519 2515/4173/3519 2512/3573/3519
f 2314/3730/3168 2507/3729/3167 2511/4174/3515 2509/3576/3040
f 2514/4171/3520 2510/4175/3520 2512/4167/3520
f 2513/4176/3521 2455/4177/3521 2512/4178/3521
f 2515/4179/3522 2509/4180/3522 2512/4178/3522
f 2253/3597/3061 2504/3881/3293 2520/4181/3306 2247/3595/3059
f 2516/4182/3523 2517/4183/3523 2519/4184/3523
f 2516/4185/3524 2519/4186/3524 2518/4187/3524
f 2517/4188/3525 2520/4189/3525 2519/4184/3525
f 2519/4186/3526 2520/4190/3526 2518/4187/3526
f 2452/4028/3411 2373/4157/3509 2516/4191/3294 2455/4023/3407
f 2525/4192/3162 2528/4193/3527 2527/4194/3042
f 2528/4193/3527 2529/4195/3528 2527/4194/3042
f 2529/4195/3528 2526/3555/3043 2527/4194/3042
f 2531/3556/3529 2526/3555/3530 2529/4196/3530 2533/4197/3531
f 2533/4197/3532 2529/4196/3533 2528/4198/3533 2532/4199/3534
f 2532/4199/3535 2528/4198/3536 2525/3733/3536 2530/3732/3537
f 2521/3570/3538 2531/3556/3529 2533/4197/3531 2523/4200/3538
f 2523/4200/3539 2533/4197/3532 2532/4199/3534 2524/4201/3539
f 2524/4201/3540 2532/4199/3535 2530/3732/3537 2522/4202/3540
f 2235/3568/3034 2522/4202/3541 2530/3732/3170 2240/3558/3021
f 2537/4158/3510 2540/4159/3511 2542/4203/3542
f 2542/4203/3543 2541/3574/3038 2538/3583/3047
f 2540/4159/3511 2535/4204/3544 2536/4205/3545 2542/4203/3542
f 2542/4203/3543 2536/4205/3546 2534/3575/3039 2541/3574/3038
f 2540/4159/3511 2384/3873/3026 2380/3875/3286 2535/4204/3544
f 2250/3587/3051 2525/3723/3162 2253/3597/3061
f 2317/3739/3177 2509/3576/3040 2526/3579/3043
f 2538/4162/3514 2247/3595/3059 2520/4206/3306
f 2539/4207/3513 2538/4162/3514 2520/4206/3306
f 2537/4160/3512 2520/4012/3306 2383/3892/3304
f 2388/3890/3302 2537/4160/3512 2383/3892/3304
f 2539/4208/3547 2537/4158/3510 2542/4203/3542
f 2539/4208/3548 2542/4203/3543 2538/3583/3047
